start_time,coinbase_premium_gap,coinbase_premium_gap_usdt_adjusted,coinbase_premium_index,coinbase_premium_index_usdt_adjusted,date
2021-01-01,81.15,19.25162791,0.27666323,0.06577273,2021-01-01
2021-01-02,47.58,145.34516756,0.14786348,0.45031416,2021-01-02
2021-01-03,80.61,48.80752181,0.24427236,0.14804389,2021-01-03
2021-01-04,31.28,23.68492058,0.0977845,0.07405908,2021-01-04
2021-01-05,81.11,-3.70543181,0.23891347,-0.0109418,2021-01-05
2021-01-06,89.9,18.77849773,0.24449705,0.05116983,2021-01-06
2021-01-07,73.28,59.82610039,0.18583759,0.15177036,2021-01-07
2021-01-08,82.34,114.83019186,0.20289379,0.28272626,2021-01-08
2021-01-09,169.21,39.4841192,0.42209407,0.0988118,2021-01-09
2021-01-10,21.55,6.99881937,0.05648752,0.01835252,2021-01-10
2021-01-11,48.12,27.16126185,0.13591504,0.07676246,2021-01-11
2021-01-12,-12.26,-29.72794561,-0.03600456,-0.08734835,2021-01-12
2021-01-13,22.28,32.38484744,0.05961781,0.08663338,2021-01-13
2021-01-14,-19.36,21.01285441,-0.04945778,0.05362486,2021-01-14
2021-01-15,12.45,21.63849438,0.03388472,0.058878,2021-01-15
2021-01-16,11.96,8.4458101,0.03322686,0.02346615,2021-01-16
2021-01-17,-8.61,-31.02151213,-0.02403107,-0.08663723,2021-01-17
2021-01-18,-7.04,-23.30318494,-0.01921855,-0.0636438,2021-01-18
2021-01-19,25.79,13.82270049,0.07185547,0.03852531,2021-01-19
2021-01-20,34.86,15.60004175,0.09828514,0.04400703,2021-01-20
2021-01-21,5.82,-11.06890367,0.0188654,-0.03589924,2021-01-21
2021-01-22,39.76,-7.26165279,0.12068537,-0.02207309,2021-01-22
2021-01-23,34.01,6.69462066,0.10602282,0.02088759,2021-01-23
2021-01-24,28.66,-19.91405403,0.08884094,-0.061823,2021-01-24
2021-01-25,7.67,11.70371025,0.02377985,0.03628131,2021-01-25
2021-01-26,43.05,9.49455971,0.13259303,0.02927325,2021-01-26
2021-01-27,40.98,-13.70882883,0.1349529,-0.04522641,2021-01-27
2021-01-28,124.13,55.56854919,0.37203813,0.16689037,2021-01-28
2021-01-29,9.91,-7.20650938,0.02893245,-0.02105007,2021-01-29
2021-01-30,52.75,5.89516897,0.1539567,0.01722923,2021-01-30
2021-01-31,44.76,17.71509302,0.13525527,0.05357502,2021-01-31
2021-02-01,6.82,-21.00990447,0.0203422,-0.06271882,2021-02-01
2021-02-02,46.43,-25.42460224,0.13091323,-0.07183201,2021-02-02
2021-02-03,59.5,31.10226741,0.1581653,0.08273972,2021-02-03
2021-02-04,38.34,6.410843,0.10379931,0.01737132,2021-02-04
2021-02-05,21.25,7.46972553,0.05549717,0.01951519,2021-02-05
2021-02-06,78.49,37.73714988,0.20029632,0.09640047,2021-02-06
2021-02-07,75.73,29.33617411,0.1952021,0.07570752,2021-02-07
2021-02-08,73.23,22.68000045,0.1579088,0.04895911,2021-02-08
2021-02-09,94.31,37.55453769,0.2031649,0.08099981,2021-02-09
2021-02-10,42.42,10.09357141,0.09467148,0.02254273,2021-02-10
2021-02-11,28.4,-0.36491667,0.05920427,-0.00076118,2021-02-11
2021-02-12,120.74,54.55580216,0.25533121,0.11553168,2021-02-12
2021-02-13,78.76,25.6795627,0.16702829,0.05452059,2021-02-13
2021-02-14,102.9,59.52537709,0.2118252,0.12264561,2021-02-14
2021-02-15,25.27,13.96968795,0.05274352,0.0291644,2021-02-15
2021-02-16,25.26,15.15374067,0.051411,0.03084835,2021-02-16
2021-02-17,50.3,31.61977474,0.0965086,0.06068934,2021-02-17
2021-02-18,49.13,39.7989794,0.09530072,0.0772147,2021-02-18
2021-02-19,77.56,77.81884478,0.13873287,0.13919523,2021-02-19
2021-02-20,82.33,86.29919179,0.14743597,0.15453298,2021-02-20
2021-02-21,80.59,33.04996318,0.14037974,0.05761741,2021-02-21
2021-02-22,54.46,50.94700583,0.10068838,0.0941995,2021-02-22
2021-02-23,8.99,10.94612891,0.01838784,0.02238795,2021-02-23
2021-02-24,61.62,32.48739251,0.1240433,0.06543666,2021-02-24
2021-02-25,-15.25,-46.47165142,-0.03239599,-0.09878646,2021-02-25
2021-02-26,49.33,49.77472072,0.10659753,0.1075575,2021-02-26
2021-02-27,74.32,9.73734031,0.16119227,0.02114885,2021-02-27
2021-02-28,96.09,4.98321893,0.21289154,0.01106282,2021-02-28
2021-03-01,52.37,31.83353153,0.10561229,0.06422388,2021-03-01
2021-03-02,70.95,30.72682187,0.14646789,0.06348457,2021-03-02
2021-03-03,10.63,-29.81866988,0.02111248,-0.0592711,2021-03-03
2021-03-04,-5.57,3.12572642,-0.01151443,0.00646041,2021-03-04
2021-03-05,17.76,-0.99527035,0.03642949,-0.00204229,2021-03-05
2021-03-06,27.64,26.10705421,0.0565441,0.05340977,2021-03-06
2021-03-07,6.86,-10.50097805,0.01345844,-0.02060858,2021-03-07
2021-03-08,40.06,15.22840815,0.07648663,0.02908941,2021-03-08
2021-03-09,31.88,-22.27124308,0.05808562,-0.04061842,2021-03-09
2021-03-10,39.1,13.72327157,0.07000696,0.02458212,2021-03-10
2021-03-11,42.31,-11.37050935,0.0732347,-0.01969959,2021-03-11
2021-03-12,4.19,6.34611441,0.00732239,0.01108998,2021-03-12
2021-03-13,-9.89,6.44240506,-0.0161632,0.01052599,2021-03-13
2021-03-14,4.39,11.46030037,0.00744468,0.01943235,2021-03-14
2021-03-15,30.95,4.57311733,0.05566026,0.00822816,2021-03-15
2021-03-16,26.36,25.18215447,0.04632628,0.04425719,2021-03-16
2021-03-17,12.57,26.63664985,0.02133656,0.04520276,2021-03-17
2021-03-18,-3.21,6.59076368,-0.00556826,0.0114308,2021-03-18
2021-03-19,9.65,3.71643148,0.01662933,0.00640498,2021-03-19
2021-03-20,14.42,42.58275614,0.0248183,0.07325378,2021-03-20
2021-03-21,11.76,2.65945446,0.02050511,0.00463785,2021-03-21
2021-03-22,26.82,19.79188166,0.04959022,0.03659997,2021-03-22
2021-03-23,4.65,8.11749219,0.00855709,0.01493714,2021-03-23
2021-03-24,-27.49,-40.96342024,-0.05255847,-0.07833865,2021-03-24
2021-03-25,31.23,13.05610081,0.06088458,0.02546259,2021-03-25
2021-03-26,46.85,31.59525568,0.0851422,0.05743512,2021-03-26
2021-03-27,39.39,26.32878924,0.07056972,0.04718076,2021-03-27
2021-03-28,1.19,8.1633193,0.00213347,0.01463364,2021-03-28
2021-03-29,-21.99,-20.90587681,-0.03815359,-0.03627191,2021-03-29
2021-03-30,39.89,-13.39020166,0.06790184,-0.02281384,2021-03-30
2021-03-31,59.45,37.30481265,0.10120777,0.06353171,2021-03-31
2021-04-01,6.04,18.69073159,0.01028603,0.03182317,2021-04-01
2021-04-02,31.03,25.25525702,0.05263782,0.04284602,2021-04-02
2021-04-03,42.4,41.68342763,0.07431824,0.07306316,2021-04-03
2021-04-04,13.93,-2.66513911,0.02393388,-0.00458042,2021-04-04
2021-04-05,-6.97,-8.7527692,-0.01178759,-0.01480303,2021-04-05
2021-04-06,28.83,19.04747291,0.04971448,0.03285102,2021-04-06
2021-04-07,2.3,14.96786108,0.00411056,0.0267445,2021-04-07
2021-04-08,5.58,2.50711842,0.00960785,0.00431708,2021-04-08
2021-04-09,-49.86,-23.4051443,-0.08575477,-0.04023645,2021-04-09
2021-04-10,9.47,-25.16262469,0.0158443,-0.04212409,2021-04-10
2021-04-11,-17.17,-10.30512198,-0.02861551,-0.01717254,2021-04-11
2021-04-12,-20.18,-29.7228812,-0.03371199,-0.04966191,2021-04-12
2021-04-13,13.22,14.11704325,0.02079434,0.02220502,2021-04-13
2021-04-14,12.27,32.25524361,0.01948871,0.05121545,2021-04-14
2021-04-15,69.06,7.28574996,0.10934139,0.01154667,2021-04-15
2021-04-16,92.47,24.63064446,0.1507627,0.04020212,2021-04-16
2021-04-17,52.2,14.02136264,0.08699034,0.02338121,2021-04-17
2021-04-18,124.4,38.54888071,0.22154938,0.06875835,2021-04-18
2021-04-19,63.69,30.97938267,0.11448212,0.05571786,2021-04-19
2021-04-20,74.29,28.3769775,0.1316615,0.05033242,2021-04-20
2021-04-21,13.23,4.21734472,0.02459673,0.00784205,2021-04-21
2021-04-22,10.63,0.35900625,0.02056452,0.00069466,2021-04-22
2021-04-23,62.13,28.14456318,0.12152534,0.05508693,2021-04-23
2021-04-24,41.31,10.10867511,0.08254102,0.02021062,2021-04-24
2021-04-25,54.23,2.91891594,0.11052287,0.00595509,2021-04-25
2021-04-26,52.21,4.72225766,0.0966827,0.00875239,2021-04-26
2021-04-27,57.65,24.16751458,0.10479537,0.04395811,2021-04-27
2021-04-28,47.81,10.18220231,0.087171,0.01857774,2021-04-28
2021-04-29,25.0,5.90817805,0.04668098,0.01103591,2021-04-29
2021-04-30,104.5,85.83936531,0.18112717,0.1488313,2021-04-30
2021-05-01,58.91,35.58986272,0.10191976,0.06159861,2021-05-01
2021-05-02,46.99,17.72492088,0.08305318,0.03134438,2021-05-02
2021-05-03,43.34,29.10139173,0.0758098,0.05091648,2021-05-03
2021-05-04,41.91,3.96775287,0.07877818,0.0074635,2021-05-04
2021-05-05,79.58,23.85950661,0.13855395,0.04158125,2021-05-05
2021-05-06,46.98,10.93372368,0.08330721,0.0194006,2021-05-06
2021-05-07,65.64,19.02018235,0.11452549,0.03321249,2021-05-07
2021-05-08,96.0,25.16187731,0.1630932,0.04279864,2021-05-08
2021-05-09,71.73,15.86538627,0.123161,0.02726713,2021-05-09
2021-05-10,50.27,10.77952279,0.09006356,0.01932622,2021-05-10
2021-05-11,83.17,24.68993956,0.1467619,0.04361286,2021-05-11
2021-05-12,-80.42,-45.11069247,-0.16220515,-0.09092235,2021-05-12
2021-05-13,19.14,-7.80352097,0.03853357,-0.01571895,2021-05-13
2021-05-14,52.03,4.18769056,0.10439102,0.00841009,2021-05-14
2021-05-15,12.52,-48.79937353,0.02677331,-0.10449153,2021-05-15
2021-05-16,19.29,-25.19927036,0.04154507,-0.05432393,2021-05-16
2021-05-17,42.46,41.0228093,0.09752391,0.09422602,2021-05-17
2021-05-18,7.37,-19.14458687,0.01719962,-0.04470602,2021-05-18
2021-05-19,41.66,-7.51976354,0.11354565,-0.02052283,2021-05-19
2021-05-20,96.69,24.70860836,0.23858381,0.0610771,2021-05-20
2021-05-21,88.76,21.548806,0.23826902,0.05795039,2021-05-21
2021-05-22,27.1,-52.26271882,0.07236367,-0.13985007,2021-05-22
2021-05-23,103.42,49.72827462,0.2984252,0.14371652,2021-05-23
2021-05-24,82.27,51.20387078,0.21205636,0.13208704,2021-05-24
2021-05-25,37.09,-6.43960022,0.09677827,-0.01682182,2021-05-25
2021-05-26,51.32,-2.74868086,0.13077855,-0.0070141,2021-05-26
2021-05-27,26.9,-12.81593278,0.06981576,-0.03329652,2021-05-27
2021-05-28,16.98,6.55984149,0.04761172,0.01839909,2021-05-28
2021-05-29,22.67,24.16840299,0.06551048,0.06983746,2021-05-29
2021-05-30,28.17,44.02573178,0.07903759,0.12346964,2021-05-30
2021-05-31,25.5,14.16925369,0.06844937,0.03804594,2021-05-31
2021-06-01,-8.09,-1.45111923,-0.02204775,-0.00395403,2021-06-01
2021-06-02,9.23,9.12029945,0.02456834,0.02427641,2021-06-02
2021-06-03,1.76,2.46683469,0.00448444,0.00628533,2021-06-03
2021-06-04,27.52,9.11360238,0.07472372,0.02475809,2021-06-04
2021-06-05,26.29,12.09501883,0.07402881,0.03407143,2021-06-05
2021-06-06,4.17,-2.5070857,0.01164925,-0.00700506,2021-06-06
2021-06-07,23.12,12.89277408,0.06890634,0.03843705,2021-06-07
2021-06-08,21.32,-7.42588453,0.06386903,-0.02226513,2021-06-08
2021-06-09,15.81,8.5279295,0.04228624,0.02281368,2021-06-09
2021-06-10,18.33,5.00057632,0.04997857,0.01363952,2021-06-10
2021-06-11,6.46,6.62127415,0.0173042,0.01773612,2021-06-11
2021-06-12,11.22,-1.0000417,0.03156464,-0.00281433,2021-06-12
2021-06-13,-5.33,-8.57807225,-0.01365946,-0.02198529,2021-06-13
2021-06-14,23.18,15.01434691,0.05721156,0.03706502,2021-06-14
2021-06-15,18.33,12.06431824,0.04566058,0.03005727,2021-06-15
2021-06-16,1.99,9.9811667,0.00518918,0.02602176,2021-06-16
2021-06-17,2.2,4.2932087,0.00577534,0.01126972,2021-06-17
2021-06-18,21.97,9.51042685,0.06133472,0.02655996,2021-06-18
2021-06-19,1.07,1.91841575,0.00301547,0.00540634,2021-06-19
2021-06-20,-14.38,-14.78975784,-0.04039308,-0.04154456,2021-06-20
2021-06-21,0.89,-9.6177566,0.00281566,-0.03043745,2021-06-21
2021-06-22,28.81,20.03566976,0.08862009,0.06164672,2021-06-22
2021-06-23,10.28,3.41102084,0.03052431,0.01013038,2021-06-23
2021-06-24,-8.51,-5.10643119,-0.02455061,-0.01473016,2021-06-24
2021-06-25,10.18,14.59013675,0.03223105,0.0461876,2021-06-25
2021-06-26,-8.46,-5.59740875,-0.02620522,-0.01733668,2021-06-26
2021-06-27,8.89,-12.41496775,0.02561935,-0.03579962,2021-06-27
2021-06-28,-1.67,-11.98638675,-0.0048413,-0.03475869,2021-06-28
2021-06-29,-7.45,-9.56484178,-0.02074531,-0.02663588,2021-06-29
2021-06-30,15.0,7.3587882,0.04280211,0.02100269,2021-06-30
2021-07-01,11.42,7.57969243,0.03408478,0.02262537,2021-07-01
2021-07-02,18.47,9.84294232,0.05466672,0.02914016,2021-07-02
2021-07-03,13.03,6.09444054,0.03758387,0.01758238,2021-07-03
2021-07-04,-2.46,-1.55172523,-0.0069715,-0.00439739,2021-07-04
2021-07-05,7.64,5.95886201,0.02267726,0.01768814,2021-07-05
2021-07-06,5.72,-3.92798962,0.01671537,-0.01148187,2021-07-06
2021-07-07,16.44,6.2190577,0.04854982,0.01837137,2021-07-07
2021-07-08,0.24,0.29654622,0.00073002,0.00090202,2021-07-08
2021-07-09,8.45,36.06263781,0.02498831,0.10655723,2021-07-09
2021-07-10,12.48,9.30660815,0.03725054,0.02778117,2021-07-10
2021-07-11,0.24,2.81387792,0.00070055,0.00821293,2021-07-11
2021-07-12,4.47,18.10533109,0.01350999,0.05469844,2021-07-12
2021-07-13,4.37,1.5104,0.01335176,0.00461516,2021-07-13
2021-07-14,-3.63,-6.77940912,-0.01106032,-0.0206583,2021-07-14
2021-07-15,-11.32,-17.7795256,-0.03550816,-0.05578146,2021-07-15
2021-07-16,4.19,-18.34895392,0.01335081,-0.05850818,2021-07-16
2021-07-17,13.84,-11.30702705,0.04390853,-0.03590109,2021-07-17
2021-07-18,9.69,-21.43551059,0.03049226,-0.06751881,2021-07-18
2021-07-19,2.38,2.16165528,0.00771734,0.00700939,2021-07-19
2021-07-20,5.81,-14.18826196,0.01950296,-0.04765901,2021-07-20
2021-07-21,-9.32,-15.62514564,-0.02899406,-0.0486186,2021-07-21
2021-07-22,-0.09,-12.96541797,-0.00027874,-0.04017176,2021-07-22
2021-07-23,13.17,2.10539341,0.0391567,0.00626176,2021-07-23
2021-07-24,24.87,4.15444532,0.07259589,0.01213422,2021-07-24
2021-07-25,47.24,22.78322374,0.13351791,0.06443843,2021-07-25
2021-07-26,25.17,38.30295677,0.06759297,0.10282469,2021-07-26
2021-07-27,12.61,0.26560537,0.03195814,0.00067335,2021-07-27
2021-07-28,15.54,9.49984781,0.03883101,0.02374159,2021-07-28
2021-07-29,22.96,15.57535878,0.05737636,0.03892954,2021-07-29
2021-07-30,31.58,21.53615013,0.07482283,0.05103797,2021-07-30
2021-07-31,33.18,10.58122956,0.08002541,0.02553432,2021-07-31
2021-08-01,19.97,6.68752258,0.05011866,0.01678925,2021-08-01
2021-08-02,1.77,-10.4449028,0.00452132,-0.026689,2021-08-02
2021-08-03,-15.61,-14.55128264,-0.04085633,-0.03808428,2021-08-03
2021-08-04,-0.77,-5.95546392,-0.00193841,-0.01499437,2021-08-04
2021-08-05,26.28,9.92357451,0.06431331,0.02429503,2021-08-05
2021-08-06,32.71,19.15127391,0.07635945,0.0447216,2021-08-06
2021-08-07,64.8,61.40401818,0.14538099,0.13777249,2021-08-07
2021-08-08,34.77,29.07716984,0.07939377,0.0664034,2021-08-08
2021-08-09,32.08,14.74838849,0.06935706,0.03189801,2021-08-09
2021-08-10,10.67,6.06956281,0.02340683,0.01331617,2021-08-10
2021-08-11,42.49,32.82710448,0.09336204,0.07214536,2021-08-11
2021-08-12,23.14,5.46964199,0.05211829,0.01232419,2021-08-12
2021-08-13,33.64,14.618946,0.07037657,0.03059574,2021-08-13
2021-08-14,41.14,10.3939079,0.08740451,0.02209693,2021-08-14
2021-08-15,40.67,6.93434195,0.08658014,0.01477274,2021-08-15
2021-08-16,1.17,-9.11602008,0.00254895,-0.0198645,2021-08-16
2021-08-17,-24.37,-24.3677652,-0.05452396,-0.05451895,2021-08-17
2021-08-18,2.69,-10.60937672,0.00601718,-0.02373887,2021-08-18
2021-08-19,5.25,4.98486728,0.0112274,0.01066046,2021-08-19
2021-08-20,19.93,-1.90555069,0.04040755,-0.00386516,2021-08-20
2021-08-21,45.15,11.13775605,0.09247905,0.02282894,2021-08-21
2021-08-22,45.41,12.64966976,0.09222323,0.02570732,2021-08-22
2021-08-23,17.65,1.03659306,0.0356646,0.0020953,2021-08-23
2021-08-24,8.44,2.41924928,0.01770357,0.00507521,2021-08-24
2021-08-25,14.01,5.08167403,0.02860741,0.0103783,2021-08-25
2021-08-26,7.6,-5.58561253,0.01622411,-0.01192725,2021-08-26
2021-08-27,7.67,-14.35551531,0.01563076,-0.02926837,2021-08-27
2021-08-28,47.59,17.5755894,0.09733032,0.03596738,2021-08-28
2021-08-29,34.75,0.74565518,0.07125599,0.00153006,2021-08-29
2021-08-30,10.8,-16.53183806,0.02298708,-0.03520739,2021-08-30
2021-08-31,11.61,-3.69213714,0.02464922,-0.00784133,2021-08-31
2021-09-01,29.34,11.21274908,0.06010999,0.02298052,2021-09-01
2021-09-02,32.73,13.04217826,0.06646139,0.02649397,2021-09-02
2021-09-03,25.86,14.17320102,0.05172089,0.02835352,2021-09-03
2021-09-04,27.34,5.42703404,0.05477241,0.01087719,2021-09-04
2021-09-05,32.29,1.123042,0.06238784,0.00217115,2021-09-05
2021-09-06,34.91,15.78194488,0.06628829,0.02997818,2021-09-06
2021-09-07,30.77,8.98070874,0.06565845,0.01917236,2021-09-07
2021-09-08,12.05,3.29115095,0.02616817,0.00714853,2021-09-08
2021-09-09,4.86,-2.62678374,0.01047524,-0.00566268,2021-09-09
2021-09-10,0.54,-0.74856664,0.00120399,-0.00166906,2021-09-10
2021-09-11,-1.86,-6.96598218,-0.00411744,-0.01542218,2021-09-11
2021-09-12,-1.01,-4.36201823,-0.00219445,-0.00947814,2021-09-12
2021-09-13,6.99,1.89911411,0.01555382,0.0042263,2021-09-13
2021-09-14,15.7,-1.73550244,0.03332518,-0.00368518,2021-09-14
2021-09-15,26.71,2.7720046,0.05550544,0.0057633,2021-09-15
2021-09-16,15.34,0.63531931,0.03213385,0.00133126,2021-09-16
2021-09-17,3.52,-1.33959995,0.00744186,-0.00283243,2021-09-17
2021-09-18,21.82,13.1466239,0.04518277,0.02722766,2021-09-18
2021-09-19,14.17,5.25406452,0.02999466,0.01112375,2021-09-19
2021-09-20,-2.65,1.0239641,-0.00616055,0.00238024,2021-09-20
2021-09-21,-14.78,-20.07913549,-0.03628385,-0.04929926,2021-09-21
2021-09-22,31.49,14.8589536,0.0723183,0.03413734,2021-09-22
2021-09-23,32.33,9.88615368,0.07206021,0.02204623,2021-09-23
2021-09-24,38.35,1.96187171,0.08958068,0.00458658,2021-09-24
2021-09-25,34.87,11.4079753,0.08171895,0.02674965,2021-09-25
2021-09-26,17.12,-16.75267432,0.03966553,-0.03884493,2021-09-26
2021-09-27,24.41,5.25487237,0.05791586,0.01247353,2021-09-27
2021-09-28,-0.47,-9.45399173,-0.0011456,-0.02304865,2021-09-28
2021-09-29,-2.12,-8.99268358,-0.00510545,-0.02166003,2021-09-29
2021-09-30,0.33,-8.31561845,0.00075301,-0.01897873,2021-09-30
2021-10-01,24.15,-5.28089186,0.0501645,-0.0109762,2021-10-01
2021-10-02,22.79,-1.48617409,0.04784307,-0.00312152,2021-10-02
2021-10-03,33.98,7.90524059,0.07049791,0.01640978,2021-10-03
2021-10-04,20.6,-0.01934287,0.04184871,-3.931e-05,2021-10-04
2021-10-05,22.0,1.04781175,0.04274169,0.00203652,2021-10-05
2021-10-06,24.48,1.03252465,0.04425563,0.00186742,2021-10-06
2021-10-07,12.6,-11.80880854,0.02342651,-0.02196545,2021-10-07
2021-10-08,12.39,1.19453876,0.0229651,0.00221456,2021-10-08
2021-10-09,12.57,-8.45046589,0.02287546,-0.01538443,2021-10-09
2021-10-10,31.53,6.83888993,0.05768492,0.01251757,2021-10-10
2021-10-11,16.09,-0.99450821,0.02799656,-0.00173096,2021-10-11
2021-10-12,8.17,12.1609012,0.01459009,0.02171554,2021-10-12
2021-10-13,0.32,-6.24680049,0.00055781,-0.01089043,2021-10-13
2021-10-14,11.57,2.93225328,0.02017509,0.00511386,2021-10-14
2021-10-15,22.97,35.41302746,0.03724517,0.05740959,2021-10-15
2021-10-16,1.85,1.10670929,0.00303899,0.00181801,2021-10-16
2021-10-17,-1.22,-5.45868665,-0.00198283,-0.00887244,2021-10-17
2021-10-18,32.57,35.38710703,0.05252392,0.05706433,2021-10-18
2021-10-19,22.55,14.47892912,0.03508057,0.0225274,2021-10-19
2021-10-20,25.13,11.88549706,0.03807494,0.01801156,2021-10-20
2021-10-21,10.87,10.2598852,0.01747781,0.01649697,2021-10-21
2021-10-22,-0.58,9.87900783,-0.0009557,0.01627549,2021-10-22
2021-10-23,13.26,13.63078484,0.021636,0.02224086,2021-10-23
2021-10-24,2.26,-2.00817471,0.00371392,-0.00330032,2021-10-24
2021-10-25,4.76,7.99972614,0.00754612,0.01268147,2021-10-25
2021-10-26,8.81,5.52207985,0.0146033,0.0091538,2021-10-26
2021-10-27,42.03,2.59567079,0.07195262,0.00444662,2021-10-27
2021-10-28,15.76,-5.49668556,0.02601695,-0.00907723,2021-10-28
2021-10-29,23.01,12.38578185,0.03696165,0.01989905,2021-10-29
2021-10-30,33.22,7.33687772,0.05370261,0.01186557,2021-10-30
2021-10-31,43.88,7.64446222,0.07158262,0.01247799,2021-10-31
2021-11-01,38.43,2.97486109,0.06309194,0.00488678,2021-11-01
2021-11-02,46.52,-1.21109245,0.07358432,-0.00191713,2021-11-02
2021-11-03,38.93,7.87800782,0.06189536,0.01253154,2021-11-03
2021-11-04,49.49,10.8406133,0.08060916,0.01766827,2021-11-04
2021-11-05,69.03,23.99015587,0.11328071,0.0393978,2021-11-05
2021-11-06,68.7,13.49201575,0.11176073,0.02196844,2021-11-06
2021-11-07,35.54,-5.3587831,0.05616877,-0.0084747,2021-11-07
2021-11-08,29.01,3.45012283,0.04296134,0.00511127,2021-11-08
2021-11-09,-3.0,-9.70480815,-0.00448111,-0.01449756,2021-11-09
2021-11-10,29.77,23.11955093,0.04588299,0.03563664,2021-11-10
2021-11-11,33.33,9.83443267,0.05145562,0.01518813,2021-11-11
2021-11-12,25.67,18.76660072,0.04003292,0.02927007,2021-11-12
2021-11-13,20.01,13.0395774,0.03108108,0.02025627,2021-11-13
2021-11-14,-14.08,-13.04479822,-0.02148992,-0.0199096,2021-11-14
2021-11-15,17.85,33.59266815,0.02806306,0.05279999,2021-11-15
2021-11-16,49.11,25.88523497,0.08176977,0.04311644,2021-11-16
2021-11-17,6.64,-17.95656901,0.01100342,-0.02976871,2021-11-17
2021-11-18,6.38,-25.29099594,0.01121431,-0.04447944,2021-11-18
2021-11-19,69.92,17.18476466,0.12044324,0.02962913,2021-11-19
2021-11-20,53.25,10.14834268,0.08918476,0.01700903,2021-11-20
2021-11-21,49.19,-8.32992602,0.08391045,-0.01422349,2021-11-21
2021-11-22,33.63,-6.20819018,0.05978966,-0.01104515,2021-11-22
2021-11-23,25.58,5.45378999,0.04445505,0.00948136,2021-11-23
2021-11-24,24.37,6.2394492,0.04265091,0.01092337,2021-11-24
2021-11-25,26.91,-14.17888528,0.04564083,-0.02406492,2021-11-25
2021-11-26,31.14,-7.80582433,0.05796019,-0.01453934,2021-11-26
2021-11-27,38.02,-4.67170598,0.06947969,-0.00854397,2021-11-27
2021-11-28,42.29,-10.50770263,0.07383691,-0.018363,2021-11-28
2021-11-29,61.81,15.30416309,0.10698167,0.02651,2021-11-29
2021-11-30,37.41,-9.69266916,0.06568856,-0.01703352,2021-11-30
2021-12-01,42.43,5.74584725,0.07419899,0.01005443,2021-12-01
2021-12-02,41.12,0.83370308,0.07280409,0.00147715,2021-12-02
2021-12-03,36.99,7.49602224,0.06900984,0.01399254,2021-12-03
2021-12-04,88.65,33.78552146,0.18035716,0.06881289,2021-12-04
2021-12-05,87.89,28.08339345,0.1779282,0.05692203,2021-12-05
2021-12-06,87.64,32.75465127,0.17374438,0.06500603,2021-12-06
2021-12-07,36.53,-13.72759238,0.07220944,-0.02716251,2021-12-07
2021-12-08,48.49,0.11336438,0.09607461,0.00022483,2021-12-08
2021-12-09,22.84,-10.70103647,0.0480381,-0.02252277,2021-12-09
2021-12-10,30.4,9.11604619,0.06448802,0.01934675,2021-12-10
2021-12-11,17.76,-14.14543964,0.0359587,-0.0286588,2021-12-11
2021-12-12,35.74,1.26787907,0.07140303,0.00253477,2021-12-12
2021-12-13,25.14,-1.98916045,0.05382981,-0.00426167,2021-12-13
2021-12-14,24.15,51.61816826,0.04995524,0.10671357,2021-12-14
2021-12-15,19.8,-12.25689283,0.04051982,-0.02509964,2021-12-15
2021-12-16,1.84,-19.59028409,0.00386292,-0.04114659,2021-12-16
2021-12-17,35.3,21.26688896,0.07652088,0.0461149,2021-12-17
2021-12-18,24.98,-3.75248514,0.05333677,-0.00801714,2021-12-18
2021-12-19,5.96,-12.46601511,0.01276744,-0.0267151,2021-12-19
2021-12-20,11.91,-0.98201117,0.02538679,-0.00209378,2021-12-20
2021-12-21,24.82,7.71489768,0.05076715,0.01578567,2021-12-21
2021-12-22,20.46,3.94099736,0.04210902,0.00811378,2021-12-22
2021-12-23,3.39,-16.49407537,0.00666813,-0.03245656,2021-12-23
2021-12-24,31.38,8.8753794,0.06174734,0.01747208,2021-12-24
2021-12-25,28.65,3.45017,0.05684562,0.00684904,2021-12-25
2021-12-26,26.3,0.91073174,0.05179664,0.00179454,2021-12-26
2021-12-27,16.33,0.87163796,0.03220816,0.00171968,2021-12-27
2021-12-28,-0.65,-12.65622066,-0.00136716,-0.02662688,2021-12-28
2021-12-29,6.58,2.26296844,0.0141613,0.00487075,2021-12-29
2021-12-30,1.21,0.90889764,0.00256786,0.00192888,2021-12-30
2021-12-31,-5.69,-1.32018927,-0.01231151,-0.00285624,2021-12-31
2022-01-01,10.78,3.97045507,0.02258885,0.00832104,2022-01-01
2022-01-02,12.89,3.68243503,0.02725955,0.00778907,2022-01-02
2022-01-03,13.46,10.2194556,0.02897983,0.02200436,2022-01-03
2022-01-04,-17.4,-14.30542268,-0.03796473,-0.03121063,2022-01-04
2022-01-05,-15.09,-18.0238203,-0.03472867,-0.04148347,2022-01-05
2022-01-06,1.45,4.47653228,0.00336565,0.01038992,2022-01-06
2022-01-07,-1.3,6.20815328,-0.00312752,0.01493278,2022-01-07
2022-01-08,5.1,0.53940285,0.01223616,0.0012943,2022-01-08
2022-01-09,11.9,11.68481585,0.02842496,0.0279111,2022-01-09
2022-01-10,1.58,-2.8121979,0.00377787,-0.00672483,2022-01-10
2022-01-11,24.15,16.65271878,0.05651861,0.03897945,2022-01-11
2022-01-12,17.71,0.01239873,0.04033924,2.825e-05,2022-01-12
2022-01-13,21.54,2.85696291,0.05061077,0.00671572,2022-01-13
2022-01-14,30.76,13.69189306,0.07143527,0.03180988,2022-01-14
2022-01-15,13.91,-3.35430585,0.03228555,-0.00778857,2022-01-15
2022-01-16,32.68,15.451336,0.07587356,0.03588791,2022-01-16
2022-01-17,16.39,0.5930896,0.03883737,0.0014059,2022-01-17
2022-01-18,17.62,4.17997824,0.04160358,0.00987272,2022-01-18
2022-01-19,14.26,1.65493077,0.03422947,0.00397367,2022-01-19
2022-01-20,-9.94,-15.98925132,-0.02443407,-0.03930991,2022-01-20
2022-01-21,11.63,0.21897344,0.03191083,0.00060102,2022-01-21
2022-01-22,-4.99,-17.46420267,-0.01422811,-0.04981382,2022-01-22
2022-01-23,37.92,57.40398274,0.10462263,0.15829449,2022-01-23
2022-01-24,32.97,21.13273959,0.08993367,0.05766329,2022-01-24
2022-01-25,21.68,-2.65483622,0.05866068,-0.00718805,2022-01-25
2022-01-26,31.29,9.21028549,0.0850056,0.02503661,2022-01-26
2022-01-27,28.27,15.77417317,0.07607622,0.0424635,2022-01-27
2022-01-28,25.34,2.8273625,0.06718534,0.00750082,2022-01-28
2022-01-29,24.26,16.28045876,0.06356303,0.04266495,2022-01-29
2022-01-30,19.59,7.75157118,0.05171354,0.02046894,2022-01-30
2022-01-31,25.03,7.20713122,0.06506893,0.01874461,2022-01-31
2022-02-01,22.29,0.53396677,0.05760495,0.00138073,2022-02-01
2022-02-02,27.03,4.98590075,0.07325926,0.01352133,2022-02-02
2022-02-03,18.3,-9.22440158,0.0490464,-0.02474084,2022-02-03
2022-02-04,40.39,18.2529591,0.09715148,0.04392786,2022-02-04
2022-02-05,22.26,-18.36694391,0.05379074,-0.04442684,2022-02-05
2022-02-06,34.29,7.4535855,0.08090915,0.01759828,2022-02-06
2022-02-07,28.08,-2.37958665,0.06405111,-0.00543166,2022-02-07
2022-02-08,42.6,3.46824381,0.09672368,0.00788167,2022-02-08
2022-02-09,43.63,3.82367662,0.09832618,0.00862491,2022-02-09
2022-02-10,32.27,1.84928926,0.07419169,0.00425466,2022-02-10
2022-02-11,12.74,-14.37283114,0.0300658,-0.03394091,2022-02-11
2022-02-12,27.1,0.54411541,0.06419083,0.00128964,2022-02-12
2022-02-13,21.33,2.35791183,0.05072091,0.00560944,2022-02-13
2022-02-14,12.77,-8.17682365,0.03002167,-0.0192328,2022-02-14
2022-02-15,38.66,7.67904987,0.08678891,0.0172509,2022-02-15
2022-02-16,22.0,-4.45400174,0.0501441,-0.01015803,2022-02-16
2022-02-17,21.03,-3.79883127,0.0519058,-0.00938194,2022-02-17
2022-02-18,9.12,-9.43533556,0.02281458,-0.02361438,2022-02-18
2022-02-19,22.77,-5.24413745,0.05681255,-0.01309359,2022-02-19
2022-02-20,2.14,-14.60397755,0.00557482,-0.03806077,2022-02-20
2022-02-21,14.84,-8.51992067,0.04009926,-0.02303627,2022-02-21
2022-02-22,21.15,-0.04451265,0.05532257,-0.0001165,2022-02-22
2022-02-23,18.18,-13.24336344,0.04880536,-0.03558264,2022-02-23
2022-02-24,20.09,-20.45520564,0.05241707,-0.05342639,2022-02-24
2022-02-25,19.31,-4.15718256,0.04923613,-0.01060622,2022-02-25
2022-02-26,21.08,44.16981748,0.05389,0.11285135,2022-02-26
2022-02-27,18.01,-0.53492651,0.04777306,-0.00141964,2022-02-27
2022-02-28,32.66,15.9972188,0.07567192,0.03707923,2022-02-28
2022-03-01,18.75,-1.05208254,0.04220958,-0.00236948,2022-03-01
2022-03-02,19.36,5.92172524,0.04410728,0.01349541,2022-03-02
2022-03-03,10.41,-10.55420974,0.02452066,-0.02487262,2022-03-03
2022-03-04,17.85,9.99951921,0.04559543,0.02554755,2022-03-04
2022-03-05,4.47,-7.47073372,0.01134577,-0.01896798,2022-03-05
2022-03-06,-12.43,-20.2232771,-0.03235226,-0.05264694,2022-03-06
2022-03-07,6.0,-3.39937084,0.01579446,-0.00895075,2022-03-07
2022-03-08,18.75,12.10847157,0.0484113,0.03126866,2022-03-08
2022-03-09,12.26,0.92567229,0.02923104,0.00220764,2022-03-09
2022-03-10,11.71,-4.15301858,0.02970423,-0.01053901,2022-03-10
2022-03-11,2.47,-3.54470222,0.00637756,-0.00915387,2022-03-11
2022-03-12,5.66,2.59965159,0.01458486,0.00669939,2022-03-12
2022-03-13,15.67,8.06995474,0.04147989,0.02136619,2022-03-13
2022-03-14,2.8,-2.88927117,0.00705799,-0.00728406,2022-03-14
2022-03-15,17.77,-0.22824721,0.04523893,-0.00058134,2022-03-15
2022-03-16,13.97,1.60208652,0.03397869,0.00389787,2022-03-16
2022-03-17,32.43,12.71370989,0.07925627,0.03108624,2022-03-17
2022-03-18,17.47,1.25388857,0.04183679,0.00300395,2022-03-18
2022-03-19,31.13,9.81125516,0.0737658,0.02326054,2022-03-19
2022-03-20,25.13,3.94809583,0.06090333,0.00957324,2022-03-20
2022-03-21,15.46,-2.71998763,0.03770525,-0.00663669,2022-03-21
2022-03-22,14.13,-3.23675145,0.03335369,-0.00764344,2022-03-22
2022-03-23,16.95,3.45651074,0.03952637,0.00806291,2022-03-23
2022-03-24,20.83,7.54061985,0.0473501,0.01714628,2022-03-24
2022-03-25,18.69,0.8623726,0.04217709,0.00194687,2022-03-25
2022-03-26,28.15,8.0602834,0.06324241,0.01811658,2022-03-26
2022-03-27,22.25,4.47184092,0.04751455,0.00955318,2022-03-27
2022-03-28,-9.87,-31.01891907,-0.02094554,-0.06585608,2022-03-28
2022-03-29,19.39,4.24027358,0.04087716,0.00894202,2022-03-29
2022-03-30,10.04,-2.67259342,0.02133085,-0.00567969,2022-03-30
2022-03-31,18.11,4.16426651,0.03979315,0.00915296,2022-03-31
2022-04-01,12.85,-5.29359091,0.02776368,-0.0114418,2022-04-01
2022-04-02,15.27,-2.71310805,0.03333261,-0.00592472,2022-04-02
2022-04-03,14.81,15.74603625,0.03191305,0.03392936,2022-04-03
2022-04-04,16.32,2.40407264,0.03503611,0.00516265,2022-04-04
2022-04-05,8.95,0.31729486,0.01967139,0.00069752,2022-04-05
2022-04-06,-3.77,-8.34304789,-0.00873282,-0.01932787,2022-04-06
2022-04-07,7.99,2.55252518,0.01839141,0.00587615,2022-04-07
2022-04-08,10.01,-1.19861321,0.02369118,-0.00283757,2022-04-08
2022-04-09,12.96,0.3082452,0.03031297,0.00072119,2022-04-09
2022-04-10,7.11,-14.9373922,0.01686479,-0.03544974,2022-04-10
2022-04-11,5.42,0.0351621,0.01371095,8.896e-05,2022-04-11
2022-04-12,11.29,6.55033685,0.02817222,0.01634715,2022-04-12
2022-04-13,-1.11,-7.8574146,-0.00269759,-0.01909872,2022-04-13
2022-04-14,11.7,15.51010363,0.0292922,0.03882749,2022-04-14
2022-04-15,2.68,15.38896546,0.00660881,0.03793692,2022-04-15
2022-04-16,8.89,1.80918941,0.02201655,0.00448134,2022-04-16
2022-04-17,5.42,-8.72445622,0.01365992,-0.02199592,2022-04-17
2022-04-18,2.45,-10.73610919,0.00600474,-0.02632177,2022-04-18
2022-04-19,10.67,1.43652265,0.02571507,0.00346284,2022-04-19
2022-04-20,19.42,12.00737161,0.04695563,0.02903784,2022-04-20
2022-04-21,0.8,-12.31430884,0.00197628,-0.03043057,2022-04-21
2022-04-22,3.07,3.86378651,0.00773121,0.00973002,2022-04-22
2022-04-23,24.27,16.20498163,0.06153401,0.04109442,2022-04-23
2022-04-24,14.43,2.53065729,0.03657783,0.00641676,2022-04-24
2022-04-25,13.14,5.81358152,0.03250377,0.01438338,2022-04-25
2022-04-26,1.17,9.18509029,0.00306985,0.02409478,2022-04-26
2022-04-27,15.39,16.13861754,0.03922446,0.04113168,2022-04-27
2022-04-28,1.15,-2.8031437,0.00289366,-0.00705404,2022-04-28
2022-04-29,-3.01,0.73806824,-0.00779871,0.0019121,2022-04-29
2022-04-30,13.3,11.74057965,0.03534339,0.03120068,2022-04-30
2022-05-01,4.7,-0.82059291,0.01221784,-0.00213347,2022-05-01
2022-05-02,-14.27,-14.26422123,-0.03704073,-0.03702572,2022-05-02
2022-05-03,-9.36,-8.25567363,-0.02480854,-0.0218809,2022-05-03
2022-05-04,-20.44,-14.3769556,-0.05149912,-0.03621758,2022-05-04
2022-05-05,-15.75,-22.62195836,-0.04308815,-0.06189979,2022-05-05
2022-05-06,-14.67,-12.25563686,-0.04073442,-0.03402814,2022-05-06
2022-05-07,-14.39,-4.73547961,-0.04056676,-0.01334613,2022-05-07
2022-05-08,-10.49,-12.14222394,-0.03081813,-0.03567387,2022-05-08
2022-05-09,-23.79,-19.26080848,-0.0790988,-0.06403016,2022-05-09
2022-05-10,-14.71,-5.59779636,-0.04742545,-0.01804215,2022-05-10
2022-05-11,-131.6,-5.79996559,-0.45217246,-0.01984232,2022-05-11
2022-05-12,-87.8,-12.75925744,-0.30244835,-0.04383874,2022-05-12
2022-05-13,-54.87,-21.71559505,-0.18735243,-0.07406349,2022-05-13
2022-05-14,-44.86,-3.73744377,-0.14910223,-0.01240525,2022-05-14
2022-05-15,-38.84,-4.4092366,-0.12397503,-0.01405856,2022-05-15
2022-05-16,-34.12,-1.57166862,-0.11421299,-0.00525526,2022-05-16
2022-05-17,-32.81,6.01794148,-0.10776835,0.01974144,2022-05-17
2022-05-18,-42.38,-2.43641557,-0.14758672,-0.00847292,2022-05-18
2022-05-19,-44.64,-30.95966023,-0.14723329,-0.10206622,2022-05-19
2022-05-20,-45.26,-12.86907167,-0.15499464,-0.04402175,2022-05-20
2022-05-21,-36.8,-14.38347582,-0.12497852,-0.04881133,2022-05-21
2022-05-22,-33.07,-25.15328466,-0.10916375,-0.08300905,2022-05-22
2022-05-23,-26.63,5.33999726,-0.09148326,0.01832459,2022-05-23
2022-05-24,-28.14,9.4967033,-0.09489259,0.03198376,2022-05-24
2022-05-25,-38.66,-18.17931367,-0.13086387,-0.06149421,2022-05-25
2022-05-26,-35.29,-5.72655326,-0.12085058,-0.01959072,2022-05-26
2022-05-27,-31.49,-12.5937594,-0.10999029,-0.04395926,2022-05-27
2022-05-28,-22.34,-14.84933623,-0.07695135,-0.05113615,2022-05-28
2022-05-29,-21.03,-25.04001905,-0.07136531,-0.08498487,2022-05-29
2022-05-30,-22.8,-17.86977158,-0.07184673,-0.05630198,2022-05-30
2022-05-31,-16.99,-35.38499358,-0.05342593,-0.11133429,2022-05-31
2022-06-01,-17.04,-35.10114075,-0.05717002,-0.11783738,2022-06-01
2022-06-02,-18.87,-39.68071146,-0.06196511,-0.13039216,2022-06-02
2022-06-03,-29.36,-2.71802062,-0.09885452,-0.00914331,2022-06-03
2022-06-04,-20.86,3.88683675,-0.06984989,0.01300432,2022-06-04
2022-06-05,-17.67,6.18159421,-0.05905905,0.02064448,2022-06-05
2022-06-06,-29.49,-7.46639753,-0.09399772,-0.02378202,2022-06-06
2022-06-07,-18.43,-29.26503863,-0.05921222,-0.09405595,2022-06-07
2022-06-08,-27.77,-45.13351408,-0.09193912,-0.14951102,2022-06-08
2022-06-09,-30.31,-4.71354851,-0.10066447,-0.01564116,2022-06-09
2022-06-10,-28.77,-6.961854,-0.09889357,-0.02391264,2022-06-10
2022-06-11,-36.07,-3.92138005,-0.12689668,-0.01378007,2022-06-11
2022-06-12,-19.33,0.13371726,-0.07273882,0.00050281,2022-06-12
2022-06-13,-26.44,2.46396757,-0.1175769,0.01094301,2022-06-13
2022-06-14,-16.16,-0.40684519,-0.0730019,-0.00183659,2022-06-14
2022-06-15,-21.39,7.52619509,-0.09471425,0.03328308,2022-06-15
2022-06-16,-29.31,-4.97490941,-0.14366724,-0.02435616,2022-06-16
2022-06-17,-20.95,2.8505182,-0.10235085,0.01390996,2022-06-17
2022-06-18,-21.9,5.38132398,-0.11544063,0.02832557,2022-06-18
2022-06-19,-21.56,2.74488916,-0.10479246,0.01332578,2022-06-19
2022-06-20,-24.14,-0.31029191,-0.11733318,-0.00150644,2022-06-20
2022-06-21,-26.56,-5.1076338,-0.12816356,-0.02462104,2022-06-21
2022-06-22,-19.53,3.07661657,-0.09770867,0.01537492,2022-06-22
2022-06-23,-5.68,10.47473808,-0.02690651,0.04958151,2022-06-23
2022-06-24,-13.97,-0.27275183,-0.06577928,-0.00128345,2022-06-24
2022-06-25,-13.15,3.78720684,-0.06118786,0.01760825,2022-06-25
2022-06-26,-10.15,2.68259156,-0.04824587,0.01274335,2022-06-26
2022-06-27,-17.39,4.06340753,-0.08383729,0.01956945,2022-06-27
2022-06-28,-28.4,-12.10662005,-0.14003054,-0.05964558,2022-06-28
2022-06-29,-28.22,-4.50865486,-0.14023747,-0.02237907,2022-06-29
2022-06-30,43.41,69.22758391,0.21767898,0.34669157,2022-06-30
2022-07-01,-27.04,-2.90516076,-0.14025042,-0.01504955,2022-07-01
2022-07-02,-28.78,-4.6982002,-0.14948467,-0.02437215,2022-07-02
2022-07-03,-24.5,-15.06189915,-0.12683897,-0.07793887,2022-07-03
2022-07-04,-25.36,-3.19594574,-0.12531681,-0.01577552,2022-07-04
2022-07-05,-22.32,-0.53474404,-0.11062742,-0.00264756,2022-07-05
2022-07-06,-21.84,-2.98234433,-0.10620238,-0.01448909,2022-07-06
2022-07-07,-10.38,7.12909756,-0.04800004,0.03294026,2022-07-07
2022-07-08,-12.55,-1.45245797,-0.05811598,-0.00672252,2022-07-08
2022-07-09,-7.84,2.87775258,-0.03631003,0.01332135,2022-07-09
2022-07-10,-11.82,-10.01810847,-0.05665676,-0.04801561,2022-07-10
2022-07-11,-21.18,-8.86884099,-0.10609304,-0.04439764,2022-07-11
2022-07-12,-25.1,-6.3526588,-0.12985837,-0.03283449,2022-07-12
2022-07-13,-14.64,4.56208224,-0.07235035,0.02252425,2022-07-13
2022-07-14,-11.82,-5.44425392,-0.05740974,-0.02643455,2022-07-14
2022-07-15,-2.49,3.64444678,-0.01195389,0.01749096,2022-07-15
2022-07-16,-5.92,-1.5517988,-0.02793033,-0.00731982,2022-07-16
2022-07-17,-6.42,-2.48623602,-0.03086812,-0.01195185,2022-07-17
2022-07-18,-5.02,0.13994205,-0.02237817,0.00062369,2022-07-18
2022-07-19,-1.56,-1.2097526,-0.00666763,-0.00517055,2022-07-19
2022-07-20,3.69,1.4598665,0.01588921,0.00628682,2022-07-20
2022-07-21,1.77,-0.09328825,0.00764507,-0.00040297,2022-07-21
2022-07-22,2.85,2.52538008,0.01256346,0.01113262,2022-07-22
2022-07-23,-0.38,-1.83887053,-0.00169257,-0.0081911,2022-07-23
2022-07-24,3.75,-0.2226689,0.01660785,-0.00098632,2022-07-24
2022-07-25,2.51,3.18512931,0.01177801,0.01494554,2022-07-25
2022-07-26,6.9,4.75646653,0.03246345,0.02238071,2022-07-26
2022-07-27,10.14,2.57969249,0.04417829,0.01124299,2022-07-27
2022-07-28,8.77,4.10775347,0.03678239,0.01723176,2022-07-28
2022-07-29,10.75,3.64592802,0.04521794,0.01534052,2022-07-29
2022-07-30,6.62,1.17135312,0.02799923,0.00495537,2022-07-30
2022-07-31,14.12,13.23275744,0.06061824,0.0568114,2022-07-31
2022-08-01,5.85,5.48213276,0.02514181,0.02356119,2022-08-01
2022-08-02,1.61,-0.9050941,0.00700372,-0.00393771,2022-08-02
2022-08-03,6.63,2.68858295,0.02905554,0.01178457,2022-08-03
2022-08-04,0.96,-1.57173769,0.00424347,-0.0069483,2022-08-04
2022-08-05,8.39,9.96941646,0.0359894,0.0427615,2022-08-05
2022-08-06,6.72,6.43284283,0.02927568,0.02802503,2022-08-06
2022-08-07,3.0,-1.00662029,0.01294532,-0.00434443,2022-08-07
2022-08-08,5.65,2.8180386,0.02372953,0.01183693,2022-08-08
2022-08-09,8.32,5.22693518,0.0359396,0.02258162,2022-08-09
2022-08-10,8.13,-0.08192742,0.03393998,-0.00034214,2022-08-10
2022-08-11,10.47,-0.80166163,0.04374459,-0.00335099,2022-08-11
2022-08-12,11.5,1.72681423,0.04712404,0.00707887,2022-08-12
2022-08-13,15.11,5.98823257,0.06182139,0.02450953,2022-08-13
2022-08-14,11.47,6.887247,0.04719147,0.02834181,2022-08-14
2022-08-15,3.0,-1.82257822,0.01245081,-0.00756571,2022-08-15
2022-08-16,3.19,-1.40370728,0.0133726,-0.00588553,2022-08-16
2022-08-17,-1.49,-3.85040978,-0.00638316,-0.01649683,2022-08-17
2022-08-18,-1.74,-1.77826548,-0.00750285,-0.00766786,2022-08-18
2022-08-19,0.55,0.17852283,0.00263987,0.00085688,2022-08-19
2022-08-20,-0.84,-0.25759107,-0.0039735,-0.00121846,2022-08-20
2022-08-21,3.01,3.01,0.01398984,0.01398984,2022-08-21
2022-08-22,-1.58,0.39820029,-0.00738324,0.00186059,2022-08-22
2022-08-23,-0.78,-0.62628208,-0.003623,-0.00290898,2022-08-23
2022-08-24,-0.96,-1.77925219,-0.00449268,-0.008327,2022-08-24
2022-08-25,2.82,4.51842117,0.01308036,0.02095671,2022-08-25
2022-08-26,-0.33,-9.03344909,-0.00163035,-0.04464854,2022-08-26
2022-08-27,-0.91,1.41596461,-0.00454146,0.00706572,2022-08-27
2022-08-28,-1.58,-5.47704196,-0.00807952,-0.0280131,2022-08-28
2022-08-29,1.24,-1.96473963,0.00611267,-0.00968686,2022-08-29
2022-08-30,1.51,1.44898009,0.00762177,0.0073138,2022-08-30
2022-08-31,-1.76,-4.47457221,-0.00877805,-0.02232007,2022-08-31
2022-09-01,2.19,-6.78319567,0.0108785,-0.03370952,2022-09-01
2022-09-02,1.88,-1.25304058,0.00942268,-0.00628131,2022-09-02
2022-09-03,3.57,3.41015489,0.0180013,0.01719544,2022-09-03
2022-09-04,4.43,2.43897013,0.02214967,0.01219588,2022-09-04
2022-09-05,-2.26,-1.40259886,-0.01141596,-0.00708466,2022-09-05
2022-09-06,0.3,0.34735234,0.00159654,0.00184854,2022-09-06
2022-09-07,0.68,0.40526996,0.00352462,0.00210065,2022-09-07
2022-09-08,2.1,0.59692189,0.01086969,0.00308993,2022-09-08
2022-09-09,4.39,-2.98116036,0.02055233,-0.01396149,2022-09-09
2022-09-10,3.18,-2.46458817,0.01468935,-0.01138762,2022-09-10
2022-09-11,4.85,0.08955965,0.02222032,0.00041041,2022-09-11
2022-09-12,6.97,0.41454294,0.03112199,0.00185153,2022-09-12
2022-09-13,1.21,-0.83116181,0.00599795,-0.00412047,2022-09-13
2022-09-14,1.06,-0.40684101,0.0052406,-0.00201155,2022-09-14
2022-09-15,1.79,0.5282916,0.00908543,0.0026816,2022-09-15
2022-09-16,-2.26,-2.57289214,-0.01141224,-0.01299244,2022-09-16
2022-09-17,-0.25,-2.24366201,-0.00124294,-0.01115604,2022-09-17
2022-09-18,1.46,1.09031593,0.0075195,0.00561561,2022-09-18
2022-09-19,3.36,-0.67634833,0.01719812,-0.0034626,2022-09-19
2022-09-20,1.91,1.16575875,0.01011921,0.00617645,2022-09-20
2022-09-21,1.28,-0.44742946,0.0069334,-0.00242383,2022-09-21
2022-09-22,-0.38,-0.749019,-0.0019586,-0.00386067,2022-09-22
2022-09-23,-3.9,-4.13900198,-0.02021782,-0.02145709,2022-09-23
2022-09-24,2.7,2.12311396,0.01427024,0.01122158,2022-09-24
2022-09-25,1.23,0.08444248,0.00653999,0.00044901,2022-09-25
2022-09-26,0.18,-7.38787767,0.00093614,-0.03843798,2022-09-26
2022-09-27,-1.56,-3.42212309,-0.00817647,-0.01793822,2022-09-27
2022-09-28,-0.75,1.18914659,-0.00386343,0.00612496,2022-09-28
2022-09-29,4.06,0.51942231,0.02072326,0.00265174,2022-09-29
2022-09-30,3.5,3.46115478,0.01802024,0.01782027,2022-09-30
2022-10-01,4.32,2.49221858,0.02237073,0.01290695,2022-10-01
2022-10-02,2.37,2.34999036,0.01243651,0.01233152,2022-10-02
2022-10-03,4.38,1.94324601,0.02231383,0.00990106,2022-10-03
2022-10-04,7.37,3.54933713,0.03623791,0.01745518,2022-10-04
2022-10-05,3.36,-0.41685159,0.01666811,-0.00206828,2022-10-05
2022-10-06,4.97,0.977866,0.02489896,0.00489994,2022-10-06
2022-10-07,2.96,1.87139278,0.0151561,0.00958263,2022-10-07
2022-10-08,1.43,0.02646985,0.00736432,0.00013633,2022-10-08
2022-10-09,4.45,2.5022102,0.0228921,0.01287339,2022-10-09
2022-10-10,0.96,0.63934986,0.00501781,0.00334186,2022-10-10
2022-10-11,-1.89,0.016,-0.00991605,8.394e-05,2022-10-11
2022-10-12,0.39,0.29996901,0.00203597,0.00156597,2022-10-12
2022-10-13,3.52,2.86783312,0.01816762,0.01480212,2022-10-13
2022-10-14,1.07,-0.65036239,0.00557962,-0.00339168,2022-10-14
2022-10-15,0.85,0.3749815,0.00445741,0.00196645,2022-10-15
2022-10-16,1.46,0.88076219,0.0075793,0.00457244,2022-10-16
2022-10-17,0.54,0.19279449,0.00276217,0.00098619,2022-10-17
2022-10-18,1.32,-2.37965856,0.00682967,-0.01231469,2022-10-18
2022-10-19,0.21,1.73035562,0.0010981,0.00904738,2022-10-19
2022-10-20,0.56,-6.03935821,0.00294088,-0.03172711,2022-10-20
2022-10-21,2.08,-0.24099685,0.01085347,-0.00125768,2022-10-21
2022-10-22,4.75,0.75127024,0.02473398,0.00391279,2022-10-22
2022-10-23,2.04,-8.23602563,0.01042391,-0.04210619,2022-10-23
2022-10-24,0.69,0.38517032,0.00356963,0.00199266,2022-10-24
2022-10-25,6.21,2.1931828,0.03092619,0.01092437,2022-10-25
2022-10-26,3.81,-11.0776217,0.01834236,-0.05336886,2022-10-26
2022-10-27,1.86,-0.22654026,0.00916477,-0.00111635,2022-10-27
2022-10-28,6.07,1.76095156,0.0294777,0.00855349,2022-10-28
2022-10-29,13.86,4.67544405,0.06660365,0.02247757,2022-10-29
2022-10-30,3.2,-1.21593092,0.01551329,-0.00589598,2022-10-30
2022-10-31,-0.8,-11.69943442,-0.0039042,-0.05712657,2022-10-31
2022-11-01,-3.99,0.07026316,-0.01947898,0.00034295,2022-11-01
2022-11-02,-0.44,-14.94972784,-0.00218342,-0.07423884,2022-11-02
2022-11-03,-0.94,-1.23745911,-0.00465166,-0.00612375,2022-11-03
2022-11-04,-4.32,-5.38800026,-0.02042696,-0.02547825,2022-11-04
2022-11-05,1.08,-1.81628833,0.00507057,-0.00852859,2022-11-05
2022-11-06,3.59,-0.5570399,0.01717245,-0.00266508,2022-11-06
2022-11-07,2.36,2.33137833,0.01146125,0.01132226,2022-11-07
2022-11-08,3.02,-17.7682918,0.01628275,-0.09590762,2022-11-08
2022-11-09,-30.85,-45.5760516,-0.19374721,-0.28649593,2022-11-09
2022-11-10,-47.26,-147.48992469,-0.26850518,-0.84272793,2022-11-10
2022-11-11,-56.69,-50.98834576,-0.33209707,-0.29859631,2022-11-11
2022-11-12,-28.75,-58.74006079,-0.17100799,-0.35001525,2022-11-12
2022-11-13,-28.46,-45.31746745,-0.17428207,-0.27779955,2022-11-13
2022-11-14,-28.73,-52.18836779,-0.17286964,-0.31446287,2022-11-14
2022-11-15,-22.64,-34.36713652,-0.13395998,-0.20349008,2022-11-15
2022-11-16,-17.52,-34.36971617,-0.10514465,-0.20647523,2022-11-16
2022-11-17,-12.09,-25.02790248,-0.07242748,-0.15005069,2022-11-17
2022-11-18,-19.86,-38.83622032,-0.11891895,-0.23281019,2022-11-18
2022-11-19,-17.66,-41.0533105,-0.1057442,-0.24616252,2022-11-19
2022-11-20,-27.7,-51.0725494,-0.17014502,-0.31415939,2022-11-20
2022-11-21,-21.15,-44.41367303,-0.13401946,-0.28184733,2022-11-21
2022-11-22,-27.23,-38.56743844,-0.16780736,-0.23784142,2022-11-22
2022-11-23,-16.11,-37.57001777,-0.09703001,-0.22657549,2022-11-23
2022-11-24,-11.34,-25.47715973,-0.06831757,-0.1536173,2022-11-24
2022-11-25,-11.24,-21.54568482,-0.06802993,-0.13048627,2022-11-25
2022-11-26,-7.64,-26.46070397,-0.04641959,-0.16095543,2022-11-26
2022-11-27,-8.9,-15.67260027,-0.05417323,-0.09543655,2022-11-27
2022-11-28,-6.61,-13.20038579,-0.04076998,-0.08145207,2022-11-28
2022-11-29,-4.53,-8.90831689,-0.0275505,-0.05419293,2022-11-29
2022-11-30,3.69,11.70662133,0.02149894,0.06817408,2022-11-30
2022-12-01,2.71,4.18346594,0.01596243,0.02463929,2022-12-01
2022-12-02,1.97,2.07819704,0.01152536,0.01215828,2022-12-02
2022-12-03,3.33,12.4898833,0.01972141,0.07392929,2022-12-03
2022-12-04,3.2,4.84813419,0.01870721,0.02833948,2022-12-04
2022-12-05,-0.3,-0.90637735,-0.00176821,-0.0053424,2022-12-05
2022-12-06,0.09,1.27751183,0.00052666,0.00747514,2022-12-06
2022-12-07,3.36,5.44589133,0.01995648,0.03234147,2022-12-07
2022-12-08,1.91,6.75445037,0.01108911,0.03920408,2022-12-08
2022-12-09,2.03,4.08251534,0.01185155,0.02383169,2022-12-09
2022-12-10,0.61,1.81902952,0.00356153,0.01061978,2022-12-10
2022-12-11,0.16,0.29514275,0.00093649,0.00172748,2022-12-11
2022-12-12,1.83,10.77618593,0.01063346,0.06258391,2022-12-12
2022-12-13,-1.52,-6.3309003,-0.00855148,-0.03562712,2022-12-13
2022-12-14,1.82,7.37654115,0.01022291,0.04142098,2022-12-14
2022-12-15,1.62,1.37353997,0.00933377,0.00791388,2022-12-15
2022-12-16,0.52,4.9251833,0.00312648,0.02960464,2022-12-16
2022-12-17,5.73,3.08954352,0.03415488,0.01841878,2022-12-17
2022-12-18,2.95,4.69663221,0.01762435,0.02805642,2022-12-18
2022-12-19,0.86,0.40990347,0.0052315,0.00249357,2022-12-19
2022-12-20,2.09,-0.1155464,0.01237011,-0.00068398,2022-12-20
2022-12-21,1.89,4.17798687,0.0112335,0.02482913,2022-12-21
2022-12-22,-5.92,-8.12125233,-0.0351932,-0.04828552,2022-12-22
2022-12-23,-1.29,-0.93832264,-0.00768841,-0.00559229,2022-12-23
2022-12-24,1.0,2.31843656,0.00593961,0.01376953,2022-12-24
2022-12-25,-3.09,-5.84861451,-0.01835777,-0.03475246,2022-12-25
2022-12-26,-1.43,-1.55181961,-0.00845184,-0.00917191,2022-12-26
2022-12-27,-7.63,-11.95360597,-0.04567123,-0.07156975,2022-12-27
2022-12-28,-7.65,-15.2488557,-0.04623108,-0.0921954,2022-12-28
2022-12-29,-5.93,-14.34337546,-0.03565101,-0.08627563,2022-12-29
2022-12-30,-7.38,-14.67765886,-0.04443781,-0.08841864,2022-12-30
2022-12-31,-12.05,-7.08264813,-0.07284312,-0.04280226,2022-12-31
2023-01-01,-5.17,-9.10733891,-0.03111318,-0.05482117,2023-01-01
2023-01-02,-5.92,-16.4477503,-0.03550678,-0.09871207,2023-01-02
2023-01-03,-5.71,-13.19932359,-0.03424251,-0.07919106,2023-01-03
2023-01-04,-5.94,-9.72324283,-0.03525147,-0.05771643,2023-01-04
2023-01-05,-6.16,-14.39043801,-0.03659728,-0.08553709,2023-01-05
2023-01-06,-2.59,-8.78241146,-0.01527965,-0.05183058,2023-01-06
2023-01-07,-1.2,-8.4620141,-0.00708233,-0.04996374,2023-01-07
2023-01-08,-2.65,-9.34441236,-0.0154719,-0.05457822,2023-01-08
2023-01-09,-0.28,-9.64644627,-0.00162997,-0.05618559,2023-01-09
2023-01-10,2.84,-1.67381721,0.01628379,-0.0095997,2023-01-10
2023-01-11,1.01,-6.61785926,0.00562885,-0.03689782,2023-01-11
2023-01-12,1.13,-2.4257918,0.00599577,-0.01287366,2023-01-12
2023-01-13,4.87,0.0854025,0.02443551,0.00042861,2023-01-13
2023-01-14,2.1,-0.88146602,0.01002151,-0.00420709,2023-01-14
2023-01-15,8.2,4.30746525,0.03928802,0.02064187,2023-01-15
2023-01-16,1.85,-2.10324229,0.00873233,-0.00992953,2023-01-16
2023-01-17,1.52,-10.4095435,0.00719193,-0.04928087,2023-01-17
2023-01-18,-3.18,-17.98403465,-0.01537906,-0.08703633,2023-01-18
2023-01-19,12.63,6.96932806,0.05993852,0.03308341,2023-01-19
2023-01-20,2.6,-11.83447933,0.01147031,-0.05224293,2023-01-20
2023-01-21,5.82,9.92855757,0.02554475,0.04356989,2023-01-21
2023-01-22,6.99,4.22849471,0.03078227,0.01862353,2023-01-22
2023-01-23,3.84,6.50495397,0.01675652,0.02838222,2023-01-23
2023-01-24,3.28,10.81765769,0.01449218,0.04778027,2023-01-24
2023-01-25,1.42,-1.54748176,0.0061576,-0.00671127,2023-01-25
2023-01-26,0.82,6.61567064,0.00356372,0.02874448,2023-01-26
2023-01-27,10.24,29.8502671,0.04437865,0.1292567,2023-01-27
2023-01-28,6.35,6.844065,0.02758159,0.02972696,2023-01-28
2023-01-29,3.5,6.66888478,0.01474162,0.02808487,2023-01-29
2023-01-30,9.88,12.07336475,0.04328369,0.05288761,2023-01-30
2023-01-31,3.73,2.97565826,0.01612964,0.01286806,2023-01-31
2023-02-01,3.31,16.27657612,0.01394702,0.06854555,2023-02-01
2023-02-02,4.9,10.81592443,0.02086088,0.04603528,2023-02-02
2023-02-03,1.64,9.23591902,0.00699901,0.03940323,2023-02-03
2023-02-04,2.03,8.47100706,0.00870242,0.03630439,2023-02-04
2023-02-05,3.43,24.54433024,0.01495667,0.10692813,2023-02-05
2023-02-06,1.55,7.64921723,0.00680944,0.03359544,2023-02-06
2023-02-07,4.21,8.22385985,0.01811496,0.03537985,2023-02-07
2023-02-08,1.38,14.20139105,0.00600967,0.06181014,2023-02-08
2023-02-09,4.28,11.29341154,0.01963632,0.05179664,2023-02-09
2023-02-10,3.78,3.70236557,0.01747962,0.01712068,2023-02-10
2023-02-11,1.18,13.12963258,0.00539736,0.06002253,2023-02-11
2023-02-12,6.26,10.25052669,0.02873729,0.04704767,2023-02-12
2023-02-13,15.17,26.53231077,0.06967034,0.12178976,2023-02-13
2023-02-14,6.43,4.86624327,0.02896417,0.02192172,2023-02-14
2023-02-15,4.99,0.27478291,0.02051468,0.00112989,2023-02-15
2023-02-16,-1.57,-16.89767401,-0.00667582,-0.07189765,2023-02-16
2023-02-17,7.63,6.94105804,0.03105417,0.02825096,2023-02-17
2023-02-18,4.28,18.06157603,0.01737581,0.07328478,2023-02-18
2023-02-19,9.55,28.38221587,0.03934614,0.11684441,2023-02-19
2023-02-20,2.77,31.74569366,0.01115038,0.12764033,2023-02-20
2023-02-21,2.27,1.47848358,0.00928343,0.00604663,2023-02-21
2023-02-22,2.23,6.03603803,0.00922166,0.02495673,2023-02-22
2023-02-23,3.12,7.09239739,0.01303247,0.02962056,2023-02-23
2023-02-24,1.59,8.08930049,0.0068578,0.03488002,2023-02-24
2023-02-25,2.64,6.30252219,0.01140041,0.0272121,2023-02-25
2023-02-26,1.98,1.34213466,0.00840591,0.00569807,2023-02-26
2023-02-27,-2.57,-1.22249372,-0.01093985,-0.00520355,2023-02-27
2023-02-28,3.75,9.88529304,0.0162046,0.04270528,2023-02-28
2023-03-01,2.55,9.33742163,0.01079184,0.03950549,2023-03-01
2023-03-02,2.92,3.54042306,0.0124439,0.0150875,2023-03-02
2023-03-03,3.84,4.58775267,0.01717787,0.02052219,2023-03-03
2023-03-04,4.38,5.82805774,0.01960032,0.02607863,2023-03-04
2023-03-05,2.45,3.41360311,0.01092275,0.0152181,2023-03-05
2023-03-06,0.31,-2.4029546,0.00138331,-0.01072399,2023-03-06
2023-03-07,0.52,0.64031294,0.00234256,0.00288454,2023-03-07
2023-03-08,-7.07,-5.95911558,-0.03257248,-0.02745307,2023-03-08
2023-03-09,4.79,13.13321602,0.02352396,0.06447153,2023-03-09
2023-03-10,79.39,146.72232159,0.39398155,0.72569256,2023-03-10
2023-03-11,164.81,312.5578512,0.80569112,1.51693587,2023-03-11
2023-03-12,221.97,395.07207769,1.0090871,1.78188468,2023-03-12
2023-03-13,106.52,175.76161669,0.44174462,0.72680061,2023-03-13
2023-03-14,92.24,161.93612859,0.37388921,0.65454382,2023-03-14
2023-03-15,91.5,191.31187689,0.37676555,0.78451894,2023-03-15
2023-03-16,53.07,100.80242054,0.21229036,0.40245944,2023-03-16
2023-03-17,58.49,114.78534844,0.2135051,0.41813808,2023-03-17
2023-03-18,72.86,149.8025058,0.27077962,0.55513964,2023-03-18
2023-03-19,81.59,178.41836923,0.29167547,0.63561863,2023-03-19
2023-03-20,106.31,184.78849645,0.38355508,0.66480938,2023-03-20
2023-03-21,101.86,172.54385178,0.36242055,0.61237159,2023-03-21
2023-03-22,74.18,142.48346627,0.27221049,0.52154597,2023-03-22
2023-03-23,57.53,119.23351763,0.2033192,0.42046928,2023-03-23
2023-03-24,34.77,92.04578986,0.12664604,0.33456761,2023-03-24
2023-03-25,25.23,57.83483813,0.09186923,0.21034221,2023-03-25
2023-03-26,24.85,36.40304209,0.08885139,0.13010562,2023-03-26
2023-03-27,17.96,44.22450785,0.0662122,0.16288233,2023-03-27
2023-03-28,13.08,34.94637686,0.04798051,0.12808868,2023-03-28
2023-03-29,10.94,15.23254501,0.03859097,0.05372483,2023-03-29
2023-03-30,6.95,17.52180095,0.02479616,0.06249058,2023-03-30
2023-03-31,9.04,11.32747633,0.0317579,0.0397907,2023-03-31
2023-04-01,18.73,34.26291436,0.06582848,0.12035474,2023-04-01
2023-04-02,16.47,34.38956307,0.05846257,0.12199293,2023-04-02
2023-04-03,11.77,21.977048,0.04233813,0.0790251,2023-04-03
2023-04-04,14.17,29.67255634,0.05030983,0.10529284,2023-04-04
2023-04-05,5.36,21.74959352,0.01902733,0.07716341,2023-04-05
2023-04-06,19.64,34.79115836,0.07005824,0.12403716,2023-04-06
2023-04-07,25.61,-6.43902469,0.09177129,-0.02310021,2023-04-07
2023-04-08,20.43,26.84325513,0.07312521,0.09605816,2023-04-08
2023-04-09,17.23,36.08880912,0.06083232,0.12733048,2023-04-09
2023-04-10,23.07,31.18707468,0.07784099,0.10520017,2023-04-10
2023-04-11,26.77,19.50589298,0.08864115,0.06460369,2023-04-11
2023-04-12,24.13,40.39717986,0.08073455,0.13508799,2023-04-12
2023-04-13,32.94,56.93897846,0.10844859,0.18731247,2023-04-13
2023-04-14,25.99,58.85863809,0.08530561,0.19298019,2023-04-14
2023-04-15,29.02,39.6732684,0.0957911,0.13091005,2023-04-15
2023-04-16,21.44,37.68389849,0.07074822,0.12428356,2023-04-16
2023-04-17,19.64,47.26531154,0.06673401,0.16045026,2023-04-17
2023-04-18,13.39,29.25109942,0.04407503,0.09623377,2023-04-18
2023-04-19,12.62,30.69853141,0.04382386,0.10653593,2023-04-19
2023-04-20,4.53,6.51411641,0.016039,0.02306238,2023-04-20
2023-04-21,-8.99,2.5083754,-0.03297529,0.00919683,2023-04-21
2023-04-22,4.56,20.24035834,0.01639294,0.07272193,2023-04-22
2023-04-23,2.38,19.13908225,0.00862613,0.06932599,2023-04-23
2023-04-24,4.12,31.343991,0.01497587,0.11382012,2023-04-24
2023-04-25,3.63,21.91570643,0.0128265,0.07738846,2023-04-25
2023-04-26,10.79,36.44019813,0.03797251,0.12812575,2023-04-26
2023-04-27,10.95,15.96243399,0.03715294,0.05415073,2023-04-27
2023-04-28,26.93,48.07458103,0.09187458,0.16389326,2023-04-28
2023-04-29,18.9,55.5807071,0.0646586,0.18990799,2023-04-29
2023-04-30,13.93,56.9183123,0.04765128,0.19441797,2023-04-30
2023-05-01,9.01,42.80278163,0.03210032,0.15231172,2023-05-01
2023-05-02,14.54,88.37635744,0.05071528,0.3074614,2023-05-02
2023-05-03,12.59,52.657421,0.04337467,0.18116324,2023-05-03
2023-05-04,19.07,52.99780686,0.06612766,0.18356045,2023-05-04
2023-05-05,31.15,123.79082911,0.10557314,0.41823285,2023-05-05
2023-05-06,54.46,320.80331436,0.18878128,1.10177228,2023-05-06
2023-05-07,44.43,302.99635778,0.15627803,1.05606615,2023-05-07
2023-05-08,26.27,89.88054821,0.09494452,0.3240977,2023-05-08
2023-05-09,19.02,87.17037733,0.06884253,0.31473326,2023-05-09
2023-05-10,25.26,121.86418061,0.09152588,0.4400113,2023-05-10
2023-05-11,17.94,23.73447769,0.06652176,0.08798885,2023-05-11
2023-05-12,13.83,32.52809388,0.05161409,0.12131138,2023-05-12
2023-05-13,14.2,28.28433279,0.05303399,0.10558043,2023-05-13
2023-05-14,12.36,26.66321574,0.04591788,0.09900224,2023-05-14
2023-05-15,8.99,22.90299135,0.03309754,0.08427635,2023-05-15
2023-05-16,3.84,7.60554357,0.01420442,0.0281295,2023-05-16
2023-05-17,2.16,-8.24645823,0.0078816,-0.03010183,2023-05-17
2023-05-18,-0.79,-6.92214925,-0.00294542,-0.02581432,2023-05-18
2023-05-19,10.01,11.52792828,0.03723922,0.0428838,2023-05-19
2023-05-20,11.18,28.3705293,0.04125091,0.10461252,2023-05-20
2023-05-21,4.87,23.40594406,0.01820712,0.08744548,2023-05-21
2023-05-22,5.46,12.36428978,0.02033575,0.04603891,2023-05-22
2023-05-23,3.61,3.42545104,0.0132625,0.01258458,2023-05-23
2023-05-24,-7.61,-2.83181127,-0.02890348,-0.01075353,2023-05-24
2023-05-25,5.27,12.18283604,0.01990648,0.04600646,2023-05-25
2023-05-26,8.94,7.73502889,0.03347572,0.02896503,2023-05-26
2023-05-27,13.72,2.77500518,0.05109057,0.01033778,2023-05-27
2023-05-28,5.04,-2.5246401,0.01795831,-0.00899811,2023-05-28
2023-05-29,8.42,5.923724,0.03035722,0.02135914,2023-05-29
2023-05-30,5.75,2.37349875,0.02076232,0.00857137,2023-05-30
2023-05-31,12.73,6.38672321,0.04678367,0.02347714,2023-05-31
2023-06-01,10.49,12.34660529,0.03911562,0.04603543,2023-06-01
2023-06-02,8.1,-1.11671305,0.02973286,-0.00410053,2023-06-02
2023-06-03,8.38,0.09817214,0.03095767,0.00036278,2023-06-03
2023-06-04,6.83,-9.28240009,0.02518881,-0.03425353,2023-06-04
2023-06-05,13.3,8.09209776,0.05169425,0.03145862,2023-06-05
2023-06-06,13.55,9.41592925,0.04976115,0.0345844,2023-06-06
2023-06-07,7.07,-816.92622505,0.02684198,-3.19857229,2023-06-07
2023-06-08,9.71,-14.21427004,0.03664343,-0.05369,2023-06-08
2023-06-09,5.0,12.36374374,0.01888374,0.04668175,2023-06-09
2023-06-10,14.89,-11.11039185,0.05762114,-0.04303812,2023-06-10
2023-06-11,11.47,-12.74938955,0.04424207,-0.04922287,2023-06-11
2023-06-12,0.63,-184.82577331,0.00243195,-0.7185778,2023-06-12
2023-06-13,-4.02,-22.94655631,-0.01550074,-0.08854431,2023-06-13
2023-06-14,-5.26,-45.07702056,-0.02093232,-0.17966957,2023-06-14
2023-06-15,-28.5,-10.08342235,-0.11133469,-0.03936235,2023-06-15
2023-06-16,-15.4,-2.0773335,-0.05845511,-0.00788113,2023-06-16
2023-06-17,-10.43,-7.2699703,-0.03933327,-0.02741301,2023-06-17
2023-06-18,-3.51,-4.97924353,-0.01332576,-0.01890481,2023-06-18
2023-06-19,-6.57,-9.47885377,-0.02447442,-0.03531425,2023-06-19
2023-06-20,12.44,10.35171958,0.04394519,0.03657089,2023-06-20
2023-06-21,1.19,-10.74696834,0.00396747,-0.03584479,2023-06-21
2023-06-22,1.39,-188.11147312,0.00465118,-0.63344421,2023-06-22
2023-06-23,19.11,-43.87446363,0.06227088,-0.14326054,2023-06-23
2023-06-24,19.75,-2.57287791,0.06469591,-0.00843425,2023-06-24
2023-06-25,17.58,-884.20246846,0.05771,-2.98850267,2023-06-25
2023-06-26,4.19,1.82516194,0.01384301,0.00603048,2023-06-26
2023-06-27,4.94,-92.62911829,0.01609517,-0.30275723,2023-06-27
2023-06-28,-2.47,-617.23391318,-0.00821214,-2.09409586,2023-06-28
2023-06-29,-0.84,-81.18040348,-0.00275886,-0.2673294,2023-06-29
2023-06-30,-5.28,-163.4845296,-0.01732738,-0.53929282,2023-06-30
2023-07-01,1.31,-165.17394744,0.00428302,-0.54297247,2023-07-01
2023-07-02,-3.52,-1534.3715,-0.01149687,-5.26207171,2023-07-02
2023-07-03,5.6,-481.95807725,0.01797395,-1.57111637,2023-07-03
2023-07-04,4.74,3.58594821,0.01540636,0.0116558,2023-07-04
2023-07-05,-5.54,3.81979085,-0.01816107,0.01251809,2023-07-05
2023-07-06,3.95,-2.53521563,0.01321272,-0.00848212,2023-07-06
2023-07-07,7.38,785.99253317,0.02432056,2.52375145,2023-07-07
2023-07-08,7.06,-0.91909147,0.02331216,-0.00303564,2023-07-08
2023-07-09,7.67,1515.7055,0.02543044,4.77415891,2023-07-09
2023-07-10,8.32,71.2777281,0.02735801,0.2338918,2023-07-10
2023-07-11,4.45,373.20102198,0.01453199,1.20405504,2023-07-11
2023-07-12,1.81,1520.81,0.00595787,4.75565997,2023-07-12
2023-07-13,17.6,1590.3115,0.05595432,4.8031566,2023-07-13
2023-07-14,18.51,102.11719222,0.0610649,0.3359577,2023-07-14
2023-07-15,12.13,711.07218402,0.04004685,2.29341344,2023-07-15
2023-07-16,15.65,1527.2495,0.05176636,4.79917804,2023-07-16
2023-07-17,5.08,175.2376411,0.0168558,0.57816795,2023-07-17
2023-07-18,2.8,122.545562,0.00937737,0.40876647,2023-07-18
2023-07-19,7.51,5.01018823,0.02510932,0.01675272,2023-07-19
2023-07-20,9.13,278.96006,0.03063758,0.92763141,2023-07-20
2023-07-21,6.26,300.1086877,0.02093525,0.99378723,2023-07-21
2023-07-22,1.03,-4.09278036,0.00345707,-0.01373929,2023-07-22
2023-07-23,-2.14,-78.28167041,-0.00711347,-0.26087107,2023-07-23
2023-07-24,0.48,-1.01996387,0.00164516,-0.00349602,2023-07-24
2023-07-25,-3.77,-8.67051905,-0.01289819,-0.02966916,2023-07-25
2023-07-26,1.27,-43.05879759,0.0043268,-0.14691975,2023-07-26
2023-07-27,-7.86,210.78483996,-0.02689683,0.71590638,2023-07-27
2023-07-28,2.01,-87.78653936,0.00685676,-0.30038559,2023-07-28
2023-07-29,2.81,-139.38865641,0.00957316,-0.47717233,2023-07-29
2023-07-30,0.3,-3.10041298,0.00102455,-0.01058968,2023-07-30
2023-07-31,-1.58,-39.38548428,-0.00540499,-0.13490724,2023-07-31
2023-08-01,-8.72,-87.25313164,-0.02935435,-0.29449886,2023-08-01
2023-08-02,-21.79,-34.00405332,-0.07465906,-0.11655681,2023-08-02
2023-08-03,-19.46,5.39050218,-0.06665835,0.01844893,2023-08-03
2023-08-04,-37.51,-105.98581334,-0.1288384,-0.36489362,2023-08-04
2023-08-05,-25.01,-48.22991023,-0.08602741,-0.16602991,2023-08-05
2023-08-06,-48.41,-97.86671345,-0.16642361,-0.33701765,2023-08-06
2023-08-07,-31.85,-57.5364535,-0.10903404,-0.19714125,2023-08-07
2023-08-08,-0.41,-13.61169275,-0.00137721,-0.04574248,2023-08-08
2023-08-09,-19.23,-32.13484732,-0.06500577,-0.10867716,2023-08-09
2023-08-10,-31.72,-62.73661019,-0.10768695,-0.21321023,2023-08-10
2023-08-11,-25.58,0.903427,-0.08692984,0.0030674,2023-08-11
2023-08-12,-13.21,93.09442276,-0.04488591,0.3151805,2023-08-12
2023-08-13,-27.9,-7.387312,-0.09520937,-0.02519172,2023-08-13
2023-08-14,-25.44,1.6364556,-0.08643967,0.00555521,2023-08-14
2023-08-15,-29.86,1.384,-0.10226027,0.00473465,2023-08-15
2023-08-16,-30.0,-67.54187011,-0.10441861,-0.2353948,2023-08-16
2023-08-17,4.16,0.1664885,0.01562535,0.00062544,2023-08-17
2023-08-18,-5.11,-20.31433278,-0.01961311,-0.07801561,2023-08-18
2023-08-19,-3.59,-7.98732968,-0.01375478,-0.03060794,2023-08-19
2023-08-20,-0.85,1.7632372,-0.00324551,0.00673181,2023-08-20
2023-08-21,-1.74,-6.9408247,-0.0066598,-0.02657109,2023-08-21
2023-08-22,-13.89,2.00416,-0.05330826,0.00768705,2023-08-22
2023-08-23,-5.18,-0.75516267,-0.01959692,-0.00285645,2023-08-23
2023-08-24,-16.56,-36.46678642,-0.06325427,-0.13939819,2023-08-24
2023-08-25,-10.62,-34.074009,-0.04075209,-0.13086977,2023-08-25
2023-08-26,-7.76,3.41940372,-0.02982623,0.01313713,2023-08-26
2023-08-27,-10.61,1.6578319,-0.04064858,0.00634843,2023-08-27
2023-08-28,-18.96,-2.5044,-0.07258806,-0.00958201,2023-08-28
2023-08-29,1.64,15.93220788,0.00591709,0.05745345,2023-08-29
2023-08-30,6.07,11.66895495,0.02223444,0.04273467,2023-08-30
2023-08-31,-8.33,-1.844805,-0.0321116,-0.00710982,2023-08-31
2023-09-01,-10.17,-13.36956815,-0.03941089,-0.05181631,2023-09-01
2023-09-02,-1.68,7.12003122,-0.00649413,0.02751351,2023-09-02
2023-09-03,-1.38,-17.06661084,-0.00531358,-0.06575327,2023-09-03
2023-09-04,-9.89,-18.79687778,-0.03829471,-0.07280781,2023-09-04
2023-09-05,-8.19,-6.58985812,-0.03175391,-0.02554832,2023-09-05
2023-09-06,-12.32,-12.22005139,-0.04782618,-0.047438,2023-09-06
2023-09-07,21.3,33.3773,0.0811274,0.12706893,2023-09-07
2023-09-08,-4.16,-4.43957429,-0.01605527,-0.01713445,2023-09-08
2023-09-09,-3.79,2.48803223,-0.0146323,0.00960338,2023-09-09
2023-09-10,-9.85,2.2955567,-0.03811682,0.008879,2023-09-10
2023-09-11,-10.38,-1.573118,-0.04125183,-0.00624964,2023-09-11
2023-09-12,0.51,1.8014882,0.00197368,0.00697133,2023-09-12
2023-09-13,4.65,18.9449233,0.0177332,0.07220882,2023-09-13
2023-09-14,10.03,12.02901816,0.03781662,0.0453502,2023-09-14
2023-09-15,2.42,11.116604,0.00909774,0.04177808,2023-09-15
2023-09-16,10.02,5.5048561,0.03772637,0.0207299,2023-09-16
2023-09-17,3.44,-2.1307771,0.01296767,-0.00803402,2023-09-17
2023-09-18,1.98,25.56847631,0.00739841,0.0954542,2023-09-18
2023-09-19,5.87,1.2442558,0.02157274,0.00457352,2023-09-19
2023-09-20,-1.06,2.63849375,-0.00390783,0.00972584,2023-09-20
2023-09-21,-3.54,-2.33991983,-0.01332426,-0.00880686,2023-09-21
2023-09-22,-1.74,-1.2083972,-0.00654624,-0.00454615,2023-09-22
2023-09-23,3.64,14.3506434,0.01369659,0.05397683,2023-09-23
2023-09-24,1.86,-39.15361872,0.00708615,-0.14939892,2023-09-24
2023-09-25,-8.73,-36.32821751,-0.03318785,-0.13824974,2023-09-25
2023-09-26,-13.23,-3.2657654,-0.05045445,-0.01244972,2023-09-26
2023-09-27,-15.37,0.1900641,-0.05827932,0.00072025,2023-09-27
2023-09-28,5.75,9.86292577,0.02127944,0.03649488,2023-09-28
2023-09-29,0.04,7.63637295,0.00014866,0.02837265,2023-09-29
2023-09-30,-1.56,7.73642106,-0.0057858,0.02868331,2023-09-30
2023-10-01,2.89,-9.10509617,0.01032417,-0.03254077,2023-10-01
2023-10-02,9.53,7.0554941,0.03466147,0.02566377,2023-10-02
2023-10-03,2.5,-9.7140997,0.00911529,-0.03543449,2023-10-03
2023-10-04,8.18,15.87410832,0.02944716,0.05712933,2023-10-04
2023-10-05,2.57,2.0217922,0.00937601,0.00737615,2023-10-05
2023-10-06,14.08,1.36688508,0.05040978,0.004896,2023-10-06
2023-10-07,19.76,3.93987958,0.07068081,0.01410078,2023-10-07
2023-10-08,16.5,1.983134,0.05910367,0.00710736,2023-10-08
2023-10-09,6.55,-33.38311198,0.02374038,-0.12117174,2023-10-09
2023-10-10,3.17,9.56833203,0.01157352,0.03492536,2023-10-10
2023-10-11,-6.33,-18.6333443,-0.02355303,-0.06936377,2023-10-11
2023-10-12,-9.12,-9.7199509,-0.03408119,-0.036324,2023-10-12
2023-10-13,1.53,4.48482,0.00569578,0.01669394,2023-10-13
2023-10-14,-0.77,-4.96919082,-0.00286752,-0.01850841,2023-10-14
2023-10-15,31.98,24.62068227,0.11777205,0.09069463,2023-10-15
2023-10-16,19.46,6.9196568,0.06827883,0.02428952,2023-10-16
2023-10-17,12.92,1.7067391,0.04549951,0.00601288,2023-10-17
2023-10-18,6.51,-8.6134464,0.02298729,-0.03043095,2023-10-18
2023-10-19,21.63,24.49390544,0.07532987,0.08529536,2023-10-19
2023-10-20,15.69,21.70183758,0.05288341,0.07313159,2023-10-20
2023-10-21,15.04,39.79664056,0.05028452,0.13294539,2023-10-21
2023-10-22,11.69,14.79451953,0.03897646,0.04932236,2023-10-22
2023-10-23,17.59,44.56287594,0.05319022,0.13464331,2023-10-23
2023-10-24,-0.21,3.00180408,-0.00061905,0.00884811,2023-10-24
2023-10-25,10.3,9.49969164,0.02985849,0.02753913,2023-10-25
2023-10-26,3.05,-3.37939151,0.00893075,-0.00989711,2023-10-26
2023-10-27,14.07,7.9694364,0.0415142,0.02351843,2023-10-27
2023-10-28,4.42,-2.00835822,0.0129691,-0.00589401,2023-10-28
2023-10-29,8.59,-2.14030135,0.02487988,-0.00620105,2023-10-29
2023-10-30,19.06,37.67807794,0.05528687,0.10923285,2023-10-30
2023-10-31,16.63,14.42344665,0.0480084,0.04164105,2023-10-31
2023-11-01,18.67,36.60139051,0.05270821,0.1032789,2023-11-01
2023-11-02,8.41,10.76925616,0.02406874,0.03081866,2023-11-02
2023-11-03,14.49,38.88200963,0.04173774,0.11191905,2023-11-03
2023-11-04,24.94,55.97343816,0.071131,0.1594997,2023-11-04
2023-11-05,23.54,57.1699611,0.06723432,0.16313048,2023-11-05
2023-11-06,13.37,3.5570948,0.03814976,0.0101526,2023-11-06
2023-11-07,17.16,1.351107,0.04847578,0.00381849,2023-11-07
2023-11-08,14.41,1.5851008,0.04044944,0.00445104,2023-11-08
2023-11-09,5.5,2.96982686,0.01498593,0.00809249,2023-11-09
2023-11-10,23.2,15.26034805,0.06219567,0.04091938,2023-11-10
2023-11-11,9.12,14.5543468,0.02456235,0.03919261,2023-11-11
2023-11-12,21.9,9.56172176,0.05908678,0.02580637,2023-11-12
2023-11-13,12.74,36.31984757,0.03493959,0.09954318,2023-11-13
2023-11-14,2.9,-6.3433094,0.00815725,-0.01784739,2023-11-14
2023-11-15,27.15,-1.622232,0.07171498,-0.00428828,2023-11-15
2023-11-16,-2.36,1.6179861,-0.00652592,0.00447359,2023-11-16
2023-11-17,16.46,-12.36577308,0.04495558,-0.03380001,2023-11-17
2023-11-18,26.79,-1.10963189,0.07326057,-0.00303674,2023-11-18
2023-11-19,31.33,12.10200085,0.08386006,0.03240973,2023-11-19
2023-11-20,26.86,9.35531676,0.07172463,0.02499331,2023-11-20
2023-11-21,10.24,-6.85380153,0.02865005,-0.01918512,2023-11-21
2023-11-22,15.97,0.87012356,0.04269101,0.00232695,2023-11-22
2023-11-23,9.77,7.88477415,0.02619705,0.02114312,2023-11-23
2023-11-24,32.27,20.26199931,0.08556602,0.05374312,2023-11-24
2023-11-25,25.32,14.76256958,0.0670184,0.03908532,2023-11-25
2023-11-26,15.36,9.06171675,0.0410175,0.02420257,2023-11-26
2023-11-27,-1.07,-3.02300719,-0.00287305,-0.00811747,2023-11-27
2023-11-28,19.39,5.0188294,0.0512707,0.01327574,2023-11-28
2023-11-29,9.2,-6.71068374,0.02430349,-0.01773496,2023-11-29
2023-11-30,8.31,3.01808289,0.02202844,0.00800156,2023-11-30
2023-12-01,21.02,7.48692038,0.05433979,0.01936156,2023-12-01
2023-12-02,28.6,-27.12204136,0.07249619,-0.06884692,2023-12-02
2023-12-03,12.55,23.45603142,0.03139677,0.05866476,2023-12-03
2023-12-04,-3.86,6.35685454,-0.00919242,0.01513489,2023-12-04
2023-12-05,11.07,-1.40847909,0.02511724,-0.00319667,2023-12-05
2023-12-06,1.36,-16.98838304,0.00310767,-0.03883561,2023-12-06
2023-12-07,7.81,-35.14767881,0.01804815,-0.08130348,2023-12-07
2023-12-08,21.88,18.33218608,0.04953477,0.04150611,2023-12-08
2023-12-09,9.65,-12.02014293,0.02207551,-0.02751112,2023-12-09
2023-12-10,4.17,-6.20242123,0.00952283,-0.01416753,2023-12-10
2023-12-11,-23.79,-18.99965519,-0.05766797,-0.04605063,2023-12-11
2023-12-12,-15.0,-9.18442662,-0.03615121,-0.02213211,2023-12-12
2023-12-13,16.51,5.63755661,0.03851265,0.01315399,2023-12-13
2023-12-14,5.51,-25.76933413,0.01280732,-0.05994123,2023-12-14
2023-12-15,-6.41,-28.10026495,-0.01528363,-0.06703528,2023-12-15
2023-12-16,-40.74,-34.0934709,-0.09636211,-0.08062843,2023-12-16
2023-12-17,-25.06,-7.46129262,-0.06056849,-0.01802582,2023-12-17
2023-12-18,-7.79,1.54779242,-0.01826161,0.0036276,2023-12-18
2023-12-19,-9.77,-9.77042276,-0.02311004,-0.02311104,2023-12-19
2023-12-20,5.84,3.18798588,0.01337335,0.0073008,2023-12-20
2023-12-21,13.52,-24.11254716,0.03082409,-0.05502108,2023-12-21
2023-12-22,44.69,6.48530114,0.1016397,0.01476252,2023-12-22
2023-12-23,24.19,-21.5941309,0.05535196,-0.04946381,2023-12-23
2023-12-24,33.53,3.80180767,0.07799216,0.00884928,2023-12-24
2023-12-25,13.54,0.03575731,0.03107206,8.208e-05,2023-12-25
2023-12-26,6.6,-0.61249015,0.01552615,-0.0014411,2023-12-26
2023-12-27,45.55,12.30260959,0.1048842,0.02834988,2023-12-27
2023-12-28,17.47,-18.82667198,0.04104431,-0.04426941,2023-12-28
2023-12-29,-3.5,-21.08861246,-0.00832007,-0.05015203,2023-12-29
2023-12-30,0.75,-8.11083668,0.00177977,-0.01925128,2023-12-30
2023-12-31,4.48,13.56166731,0.01059513,0.03206624,2023-12-31
2024-01-01,41.23,30.09145185,0.09332372,0.06812889,2024-01-01
2024-01-02,25.89,16.34192791,0.05760129,0.03636601,2024-01-02
2024-01-03,17.21,-2.0703535,0.04016783,-0.00483434,2024-01-03
2024-01-04,42.19,0.37405168,0.09555821,0.00084801,2024-01-04
2024-01-05,41.48,-8.33025197,0.09396284,-0.01889145,2024-01-05
2024-01-06,24.12,4.08231753,0.05485768,0.00928891,2024-01-06
2024-01-07,21.26,0.56020649,0.04839625,0.00127585,2024-01-07
2024-01-08,44.06,4.83944874,0.09384244,0.01031605,2024-01-08
2024-01-09,14.08,-1.5517511,0.03053568,-0.00336647,2024-01-09
2024-01-10,12.12,14.63185082,0.02597849,0.0313608,2024-01-10
2024-01-11,3.5,-9.0115732,0.00755301,-0.01945224,2024-01-11
2024-01-12,-9.7,-10.14536822,-0.0226727,-0.02371395,2024-01-12
2024-01-13,-8.66,-11.30843426,-0.02021098,-0.02639361,2024-01-13
2024-01-14,-35.02,-22.28161749,-0.08391572,-0.05337542,2024-01-14
2024-01-15,-20.94,-3.38631659,-0.04925772,-0.00796243,2024-01-15
2024-01-16,-7.5,-3.05463425,-0.01738608,-0.00708035,2024-01-16
2024-01-17,-36.61,-9.81975633,-0.08558517,-0.0229418,2024-01-17
2024-01-18,-34.0,-5.23853965,-0.08226968,-0.01266685,2024-01-18
2024-01-19,-34.96,-62.45371003,-0.08391938,-0.15001532,2024-01-19
2024-01-20,-29.37,-24.74924485,-0.07043834,-0.05934977,2024-01-20
2024-01-21,-26.28,-101.124594,-0.06320296,-0.24364073,2024-01-21
2024-01-22,-43.75,-3.37083559,-0.11056909,-0.0085104,2024-01-22
2024-01-23,-19.3,-44.09835328,-0.04837384,-0.11059754,2024-01-23
2024-01-24,-7.1,-29.86901354,-0.01771241,-0.07455674,2024-01-24
2024-01-25,-19.43,-47.15620307,-0.0486223,-0.11808717,2024-01-25
2024-01-26,-8.71,-8.09686734,-0.02082561,-0.01935932,2024-01-26
2024-01-27,5.92,10.49514283,0.01405487,0.02491416,2024-01-27
2024-01-28,3.53,3.67542747,0.00839855,0.00874452,2024-01-28
2024-01-29,3.48,-2.51222763,0.00803645,-0.00580235,2024-01-29
2024-01-30,1.68,-4.42364795,0.00391234,-0.01030313,2024-01-30
2024-01-31,-31.92,-6.4426828,-0.07496477,-0.01512172,2024-01-31
2024-02-01,-4.13,2.89812,-0.00958616,0.00672574,2024-02-01
2024-02-02,-18.34,-12.70672,-0.0424537,-0.02940987,2024-02-02
2024-02-03,-0.42,5.86004925,-0.00097649,0.01362252,2024-02-03
2024-02-04,-14.33,-10.50818652,-0.03365202,-0.02467481,2024-02-04
2024-02-05,-51.03,-2.48430197,-0.11948385,-0.00581024,2024-02-05
2024-02-06,-3.16,2.2622789,-0.00733197,0.00524837,2024-02-06
2024-02-07,-5.99,10.41447354,-0.01350632,0.02347399,2024-02-07
2024-02-08,16.55,10.26031229,0.03654337,0.02265852,2024-02-08
2024-02-09,27.64,9.78327876,0.05864285,0.02076471,2024-02-09
2024-02-10,15.97,-7.10666926,0.03344426,-0.01488993,2024-02-10
2024-02-11,16.31,25.04457019,0.03376812,0.05184275,2024-02-11
2024-02-12,24.54,10.28013348,0.04916134,0.02060023,2024-02-12
2024-02-13,25.77,163.72115196,0.05185153,0.32850716,2024-02-13
2024-02-14,63.42,893.58417958,0.12244385,1.69757521,2024-02-14
2024-02-15,54.29,-3.41353,0.10464534,-0.00658698,2024-02-15
2024-02-16,38.53,135.28537919,0.07391973,0.25906295,2024-02-16
2024-02-17,23.58,30.8920814,0.04565994,0.05981047,2024-02-17
2024-02-18,15.96,24.07210008,0.03061126,0.04616308,2024-02-18
2024-02-19,12.32,42.13551377,0.02379539,0.08133553,2024-02-19
2024-02-20,18.7,85.18785151,0.03578343,0.16280404,2024-02-20
2024-02-21,2.28,3.3252837,0.00439735,0.00641322,2024-02-21
2024-02-22,-29.72,7.94211257,-0.0579468,0.01547383,2024-02-22
2024-02-23,2.9,8.70969773,0.00571494,0.01716198,2024-02-23
2024-02-24,2.43,-4.23416107,0.0047122,-0.00821186,2024-02-24
2024-02-25,2.15,10.03658047,0.00415629,0.01939933,2024-02-25
2024-02-26,57.01,31.52100445,0.10465069,0.05788876,2024-02-26
2024-02-27,39.73,54.53803421,0.06965612,0.0955933,2024-02-27
2024-02-28,86.8,27.63372315,0.13903104,0.04430399,2024-02-28
2024-02-29,48.05,115.87543362,0.07860172,0.18934241,2024-02-29
2024-03-01,48.82,58.91810549,0.07825235,0.09442307,2024-03-01
2024-03-02,58.5,206.46797647,0.0943742,0.33228611,2024-03-02
2024-03-03,40.52,41.94953142,0.06420132,0.06646481,2024-03-03
2024-03-04,114.43,173.34515653,0.16767354,0.25378227,2024-03-04
2024-03-05,76.77,40.42437366,0.12047264,0.06347283,2024-03-05
2024-03-06,48.24,15.90865075,0.07300901,0.02408879,2024-03-06
2024-03-07,115.04,155.56958907,0.17215586,0.23266665,2024-03-07
2024-03-08,164.97,82.10986646,0.24216068,0.12067628,2024-03-08
2024-03-09,166.73,22.81170156,0.24406678,0.03346313,2024-03-09
2024-03-10,76.24,142.26180731,0.11056345,0.20611092,2024-03-10
2024-03-11,32.88,22.71482556,0.04561718,0.03151863,2024-03-11
2024-03-12,23.92,83.87681063,0.03347701,0.11729051,2024-03-12
2024-03-13,62.63,71.12466766,0.0857095,0.09732319,2024-03-13
2024-03-14,-24.36,-15.76834107,-0.03412293,-0.02208527,2024-03-14
2024-03-15,7.03,6.20017179,0.01011513,0.00892124,2024-03-15
2024-03-16,-46.41,-3.75171045,-0.07107129,-0.00574154,2024-03-16
2024-03-17,-49.84,-9.23068732,-0.07287244,-0.01348843,2024-03-17
2024-03-18,3.05,7.52645744,0.00451117,0.01113143,2024-03-18
2024-03-19,-31.13,-46.2569712,-0.05026042,-0.07470166,2024-03-19
2024-03-20,18.29,147.40677225,0.02696029,0.21687075,2024-03-20
2024-03-21,-16.57,-32.23200867,-0.02529722,-0.04921999,2024-03-21
2024-03-22,17.92,-0.23397188,0.02808925,-0.00036685,2024-03-22
2024-03-23,8.85,-12.57321545,0.01383028,-0.01965529,2024-03-23
2024-03-24,-5.06,-17.63834963,-0.00752864,-0.02624855,2024-03-24
2024-03-25,10.27,54.84506078,0.01469662,0.07843456,2024-03-25
2024-03-26,4.4,287.7499174,0.00628679,0.40947726,2024-03-26
2024-03-27,-34.03,-4.1530414,-0.04898518,-0.00597561,2024-03-27
2024-03-28,20.58,31.69396981,0.02907576,0.04477073,2024-03-28
2024-03-29,53.21,121.52382812,0.07617693,0.17380678,2024-03-29
2024-03-30,44.69,60.66606853,0.06422621,0.0871662,2024-03-30
2024-03-31,8.89,-9.57722499,0.01247194,-0.01343954,2024-03-31
2024-04-01,32.02,0.41849274,0.04597285,0.00060113,2024-04-01
2024-04-02,0.15,-16.99829218,0.00022913,-0.02597267,2024-04-02
2024-04-03,24.64,19.34578715,0.03735412,0.02933047,2024-04-03
2024-04-04,37.44,3.21802109,0.05466668,0.00470103,2024-04-04
2024-04-05,35.89,9.76888821,0.05291901,0.01440956,2024-04-05
2024-04-06,23.89,1.15432,0.03467545,0.00167601,2024-04-06
2024-04-07,-10.05,-11.76944407,-0.01448954,-0.01696896,2024-04-07
2024-04-08,2.53,40.5265586,0.00353253,0.05655551,2024-04-08
2024-04-09,-28.99,98.82499808,-0.04192578,0.14265803,2024-04-09
2024-04-10,2.96,6.74511958,0.00419079,0.00954928,2024-04-10
2024-04-11,14.5,-24.38636058,0.02071244,-0.03485391,2024-04-11
2024-04-12,32.09,59.86751413,0.04781237,0.08916245,2024-04-12
2024-04-13,100.26,26.35367776,0.15684125,0.04127391,2024-04-13
2024-04-14,115.21,47.02017916,0.1754596,0.07168396,2024-04-14
2024-04-15,32.19,16.01409735,0.05075687,0.02525731,2024-04-15
2024-04-16,21.55,-6.17141762,0.03378093,-0.00967827,2024-04-16
2024-04-17,1.99,-18.5158591,0.00324753,-0.03022658,2024-04-17
2024-04-18,43.77,8.2261205,0.06896163,0.01296789,2024-04-18
2024-04-19,30.36,-36.6201924,0.04757278,-0.05744245,2024-04-19
2024-04-20,28.28,-5.11894544,0.04354749,-0.00788656,2024-04-20
2024-04-21,11.77,-2.33976366,0.0181241,-0.00360368,2024-04-21
2024-04-22,39.85,122.32842764,0.05963844,0.18284746,2024-04-22
2024-04-23,0.16,29.82912622,0.00024091,0.04489385,2024-04-23
2024-04-24,-33.81,-9.3799558,-0.05259016,-0.01458462,2024-04-24
2024-04-25,-13.9,-4.20654448,-0.02155094,-0.00652096,2024-04-25
2024-04-26,-27.62,-100.77185387,-0.0433119,-0.15820517,2024-04-26
2024-04-27,-39.98,-113.73170544,-0.06299835,-0.17942062,2024-04-27
2024-04-28,-9.68,8.75758009,-0.0153362,0.01387074,2024-04-28
2024-04-29,-21.15,-2.86452554,-0.03311621,-0.00448393,2024-04-29
2024-04-30,-49.9,-86.8856512,-0.08224552,-0.14329281,2024-04-30
2024-05-01,-99.38,-41.4072426,-0.17027337,-0.0708749,2024-05-01
2024-05-02,11.28,-27.97817807,0.01909902,-0.04740346,2024-05-02
2024-05-03,31.02,-14.62164932,0.04933048,-0.02326939,2024-05-03
2024-05-04,10.84,-1.96140913,0.01696612,-0.0030705,2024-05-04
2024-05-05,11.45,-0.01903004,0.01788727,-2.973e-05,2024-05-05
2024-05-06,-2.95,-8.83194249,-0.00467029,-0.0139836,2024-05-06
2024-05-07,3.68,-68.12470227,0.00590576,-0.10945423,2024-05-07
2024-05-08,-23.5,-104.45409518,-0.03840307,-0.17092189,2024-05-08
2024-05-09,-0.44,5.19629353,-0.00069759,0.00823767,2024-05-09
2024-05-10,-12.52,-48.83705003,-0.02059211,-0.08037209,2024-05-10
2024-05-11,-11.36,-26.15227251,-0.01867623,-0.04300568,2024-05-11
2024-05-12,-30.97,5.83431641,-0.05037084,0.00948348,2024-05-12
2024-05-13,-7.71,-9.26776698,-0.01224975,-0.01472511,2024-05-13
2024-05-14,-37.65,-99.49966251,-0.06114247,-0.16174677,2024-05-14
2024-05-15,38.19,-12.5771442,0.05768316,-0.01901141,2024-05-15
2024-05-16,16.97,9.86262387,0.02601356,0.01512021,2024-05-16
2024-05-17,22.33,-4.4796,0.03331642,-0.00668625,2024-05-17
2024-05-18,8.67,-23.76045168,0.0129567,-0.03552551,2024-05-18
2024-05-19,-12.39,-22.70488692,-0.01869511,-0.03426444,2024-05-19
2024-05-20,-14.45,-29.10655963,-0.02022489,-0.04074725,2024-05-20
2024-05-21,-5.5,786.8128736,-0.00784053,1.10897273,2024-05-21
2024-05-22,-56.69,-62.48616276,-0.0819615,-0.09034907,2024-05-22
2024-05-23,-29.2,7.16512214,-0.04296035,0.01053601,2024-05-23
2024-05-24,-2.19,93.55788403,-0.00319475,0.13629062,2024-05-24
2024-05-25,-0.9,-70.19057,-0.00129888,-0.10140018,2024-05-25
2024-05-26,-33.95,1.44380263,-0.04955649,0.00210642,2024-05-26
2024-05-27,-67.71,1.33480853,-0.09751365,0.00192043,2024-05-27
2024-05-28,-76.41,-127.6834851,-0.11171316,-0.18681609,2024-05-28
2024-05-29,-82.97,4.978146,-0.12264158,0.00734885,2024-05-29
2024-05-30,-13.59,7.57524944,-0.01988232,0.01107924,2024-05-30
2024-05-31,-67.6,1.9662103,-0.10008882,0.00290818,2024-05-31
2024-06-01,-47.56,-47.56,-0.07018181,-0.07018181,2024-06-01
2024-06-02,-30.11,4.57583772,-0.04443255,0.00674899,2024-06-02
2024-06-03,-18.9,-22.04736483,-0.02746698,-0.03204244,2024-06-03
2024-06-04,4.48,0.98273389,0.0063512,0.00139327,2024-06-04
2024-06-05,13.11,-0.28461396,0.01843674,-0.00040033,2024-06-05
2024-06-06,-25.42,3.6076146,-0.03590443,0.00509348,2024-06-06
2024-06-07,-31.07,-40.90947897,-0.04479811,-0.05899348,2024-06-07
2024-06-08,-6.41,4.51887333,-0.00924824,0.00651873,2024-06-08
2024-06-09,-10.27,113.16670204,-0.01474555,0.16219548,2024-06-09
2024-06-10,-42.27,-7.545201,-0.06078516,-0.01084474,2024-06-10
2024-06-11,2.29,8.33818446,0.00340195,0.01238584,2024-06-11
2024-06-12,-15.39,4.4065571,-0.02254483,0.0064533,2024-06-12
2024-06-13,-34.16,-11.71558815,-0.05115839,-0.0175395,2024-06-13
2024-06-14,-39.6,-11.27571401,-0.05996004,-0.01706571,2024-06-14
2024-06-15,-36.25,3.48695,-0.05473495,0.00526189,2024-06-15
2024-06-16,-48.12,-9.93015594,-0.07216895,-0.01488442,2024-06-16
2024-06-17,-22.52,-14.9757488,-0.03386246,-0.0225159,2024-06-17
2024-06-18,-22.52,4.68417857,-0.03455296,0.00718404,2024-06-18
2024-06-19,-30.58,-7.29968323,-0.04706471,-0.01123069,2024-06-19
2024-06-20,-29.11,-126.06793055,-0.04487437,-0.19462984,2024-06-20
2024-06-21,-23.28,-68.39601436,-0.03629359,-0.10670459,2024-06-21
2024-06-22,-27.0,-36.27043756,-0.04201549,-0.05644963,2024-06-22
2024-06-23,-38.58,24.75769422,-0.06103464,0.03912812,2024-06-23
2024-06-24,-30.3,-37.49057896,-0.05025434,-0.06218776,2024-06-24
2024-06-25,-16.3,-3.43322484,-0.02637284,-0.00555368,2024-06-25
2024-06-26,-48.31,-12.3996559,-0.07937239,-0.02036037,2024-06-26
2024-06-27,-91.08,-145.31813594,-0.14760203,-0.23570602,2024-06-27
2024-06-28,-114.49,-188.61260138,-0.18946565,-0.31251152,2024-06-28
2024-06-29,-101.01,-139.32488171,-0.16562633,-0.22859485,2024-06-29
2024-06-30,-103.75,-2.0593438,-0.16528067,-0.00327536,2024-06-30
2024-07-01,-69.86,-7.5890099,-0.1110652,-0.01205326,2024-07-01
2024-07-02,-95.25,-109.92453395,-0.15329408,-0.17695287,2024-07-02
2024-07-03,-63.57,-2.7593342,-0.10558296,-0.00457833,2024-07-03
2024-07-04,-7.87,-23.68141027,-0.01379491,-0.04152142,2024-07-04
2024-07-05,10.64,-58.27950258,0.01878903,-0.10304022,2024-07-05
2024-07-06,14.62,-69.50681571,0.02510728,-0.11953817,2024-07-06
2024-07-07,-3.72,-146.58640348,-0.00665977,-0.26309897,2024-07-07
2024-07-08,-15.19,-39.61812113,-0.02678322,-0.06988531,2024-07-08
2024-07-09,-2.14,-19.133557,-0.00368648,-0.03297013,2024-07-09
2024-07-10,-13.26,-115.62294077,-0.02297064,-0.20065182,2024-07-10
2024-07-11,0.88,-4.10398324,0.00153471,-0.00715791,2024-07-11
2024-07-12,19.93,-12.75071251,0.0344279,-0.02203854,2024-07-12
2024-07-13,20.56,1.02444952,0.03472737,0.00173094,2024-07-13
2024-07-14,10.51,-36.62114781,0.01728678,-0.06028092,2024-07-14
2024-07-15,33.02,71.62018261,0.05101651,0.11058852,2024-07-15
2024-07-16,45.0,24.12738361,0.06918395,0.03710585,2024-07-16
2024-07-17,-2.18,-3.4617598,-0.00340157,-0.00540168,2024-07-17
2024-07-18,-5.06,7.90843175,-0.00790774,0.01235675,2024-07-18
2024-07-19,47.61,17.613,0.07142214,0.02643403,2024-07-19
2024-07-20,23.87,3379.26604055,0.0355526,4.78162836,2024-07-20
2024-07-21,15.94,-10.33978353,0.02338432,-0.01517453,2024-07-21
2024-07-22,26.21,443.46665359,0.03881122,0.65261885,2024-07-22
2024-07-23,3.23,-4.702102,0.00489869,-0.00713217,2024-07-23
2024-07-24,-9.6,-3.94236096,-0.01468429,-0.00602977,2024-07-24
2024-07-25,-4.53,-12.34769206,-0.0068845,-0.01876773,2024-07-25
2024-07-26,16.09,3.00073493,0.02369382,0.00441968,2024-07-26
2024-07-27,2.91,-17.8799083,0.00428594,-0.02634213,2024-07-27
2024-07-28,-5.58,-4.8975012,-0.00817584,-0.00717577,2024-07-28
2024-07-29,-13.24,-1.9193272,-0.0198249,-0.00287342,2024-07-29
2024-07-30,-18.32,-5.0824,-0.02767873,-0.0076772,2024-07-30
2024-07-31,-18.38,56.9697852,-0.02843969,0.08804754,2024-07-31
2024-08-01,-65.84,-100.71878693,-0.10074361,-0.15419486,2024-08-01
2024-08-02,-80.27,-43.22033109,-0.13052387,-0.07023653,2024-08-02
2024-08-03,-23.06,2.92298858,-0.03799137,0.00481357,2024-08-03
2024-08-04,-30.05,-92.41313225,-0.05166692,-0.1590623,2024-08-04
2024-08-05,10.31,-104.92886756,0.01908594,-0.19465944,2024-08-05
2024-08-06,26.07,-83.50120848,0.04653528,-0.14934224,2024-08-06
2024-08-07,13.94,3.77215821,0.02528378,0.00684304,2024-08-07
2024-08-08,19.59,-15.64071947,0.03175762,-0.02536986,2024-08-08
2024-08-09,24.14,-61.033186,0.03967915,-0.10046129,2024-08-09
2024-08-10,11.51,-20.3073031,0.01889254,-0.03334987,2024-08-10
2024-08-11,9.9,-11.67100557,0.0168618,-0.0198855,2024-08-11
2024-08-12,12.14,0.270672,0.02045609,0.00045618,2024-08-12
2024-08-13,16.04,-52.89484753,0.02647426,-0.08740307,2024-08-13
2024-08-14,7.23,-31.32909507,0.01232035,-0.05342173,2024-08-14
2024-08-15,2.55,-26.83161606,0.00443162,-0.04665419,2024-08-15
2024-08-16,14.39,-122.89732476,0.02444178,-0.20923098,2024-08-16
2024-08-17,5.5,-110.97222818,0.00924494,-0.18689825,2024-08-17
2024-08-18,10.55,-24.59171393,0.01805661,-0.0421147,2024-08-18
2024-08-19,14.17,-8.35303081,0.02383977,-0.01405856,2024-08-19
2024-08-20,3.79,-120.86189905,0.00642223,-0.20523537,2024-08-20
2024-08-21,7.25,-7.27088776,0.01185492,-0.0118919,2024-08-21
2024-08-22,7.45,-52.14336911,0.01233937,-0.08644987,2024-08-22
2024-08-23,49.48,-3.67475143,0.07726754,-0.00574322,2024-08-23
2024-08-24,22.62,-7.5337947,0.03525725,-0.01174827,2024-08-24
2024-08-25,31.93,-12.5975792,0.04971971,-0.01962989,2024-08-25
2024-08-26,6.0,-13.7487262,0.00954897,-0.02188791,2024-08-26
2024-08-27,24.64,-9.0554348,0.04147101,-0.01524963,2024-08-27
2024-08-28,10.98,-92.5406489,0.01859917,-0.15703071,2024-08-28
2024-08-29,5.46,-85.56407388,0.00919827,-0.14436778,2024-08-29
2024-08-30,-11.22,-170.854773,-0.01897707,-0.28975731,2024-08-30
2024-08-31,-5.62,-162.08802105,-0.00952962,-0.27557584,2024-08-31
2024-09-01,-2.86,-151.64427949,-0.00499111,-0.26532825,2024-09-01
2024-09-02,7.7,8.8826426,0.01302169,0.01502139,2024-09-02
2024-09-03,-18.89,-35.09349158,-0.03285919,-0.06106239,2024-09-03
2024-09-04,0.1,-131.93915951,0.0001725,-0.22811389,2024-09-04
2024-09-05,-23.18,-45.5469434,-0.04126023,-0.08110551,2024-09-05
2024-09-06,-12.96,-157.59371071,-0.02401647,-0.29282321,2024-09-06
2024-09-07,-4.53,-9.91088144,-0.00836397,-0.01830079,2024-09-07
2024-09-08,11.16,-91.94118475,0.020339,-0.16787685,2024-09-08
2024-09-09,11.9,17.31214496,0.02086182,0.03034694,2024-09-09
2024-09-10,9.6,9.54755125,0.01665626,0.01656527,2024-09-10
2024-09-11,14.79,3.83098806,0.02579441,0.00668269,2024-09-11
2024-09-12,5.22,7.5452928,0.00897951,0.012979,2024-09-12
2024-09-13,45.35,-30.02990302,0.07496116,-0.04969969,2024-09-13
2024-09-14,19.32,2.5219516,0.03220374,0.00420492,2024-09-14
2024-09-15,-9.67,-13.89675536,-0.01635324,-0.02350292,2024-09-15
2024-09-16,-5.24,-1.1650207,-0.00900127,-0.00200113,2024-09-16
2024-09-17,-1.39,-7.421399,-0.00230461,-0.01230584,2024-09-17
2024-09-18,9.19,-6.52668226,0.01488018,-0.01057051,2024-09-18
2024-09-19,12.15,1.4488417,0.01930165,0.00230204,2024-09-19
2024-09-20,9.64,-12.570745,0.01525291,-0.01989708,2024-09-20
2024-09-21,13.78,-6.50053605,0.02175253,-0.01026476,2024-09-21
2024-09-22,-1.1,-11.2726016,-0.00173014,-0.01773297,2024-09-22
2024-09-23,-1.12,1.84874533,-0.00176824,0.00291863,2024-09-23
2024-09-24,10.23,10.21457695,0.01591903,0.01589504,2024-09-24
2024-09-25,-21.12,-74.8244693,-0.03344312,-0.11858387,2024-09-25
2024-09-26,3.22,-9.22366991,0.00494062,-0.01415508,2024-09-26
2024-09-27,19.05,-125.64389,0.0289646,-0.19145568,2024-09-27
2024-09-28,0.99,-100.95884258,0.00150323,-0.15353507,2024-09-28
2024-09-29,-2.0,-15.7764221,-0.00304869,-0.02405374,2024-09-29
2024-09-30,-26.34,-30.98191235,-0.04159325,-0.04892683,2024-09-30
2024-10-01,-15.78,28.52977994,-0.02595148,0.04688533,2024-10-01
2024-10-02,-17.91,-77.4894267,-0.02953044,-0.12789195,2024-10-02
2024-10-03,-7.72,-4.89378393,-0.01270725,-0.00805488,2024-10-03
2024-10-04,4.71,-1.44831034,0.00758625,-0.00233298,2024-10-04
2024-10-05,-6.71,27.99345418,-0.01081247,0.04508331,2024-10-05
2024-10-06,-9.05,-5.19976772,-0.01440626,-0.00827675,2024-10-06
2024-10-07,-23.72,-14.30924224,-0.03812034,-0.02299286,2024-10-07
2024-10-08,-38.47,-5.5249403,-0.06188819,-0.00888348,2024-10-08
2024-10-09,-57.74,-2.48360769,-0.09522393,-0.0040922,2024-10-09
2024-10-10,-46.86,-4.07893727,-0.07767745,-0.00675665,2024-10-10
2024-10-11,-21.25,-2.506762,-0.03397825,-0.00400705,2024-10-11
2024-10-12,-18.75,-143.84332619,-0.0296648,-0.22802821,2024-10-12
2024-10-13,-24.72,0.97057627,-0.03931922,0.00154315,2024-10-13
2024-10-14,-18.34,-0.3896058,-0.02775256,-0.0005894,2024-10-14
2024-10-15,-17.54,-8.49505222,-0.02615017,-0.01266346,2024-10-15
2024-10-16,-11.57,1.954002,-0.01711032,0.0028891,2024-10-16
2024-10-17,-19.45,2.03125333,-0.02884824,0.0030118,2024-10-17
2024-10-18,-1.89,5.58370616,-0.00276203,0.00815908,2024-10-18
2024-10-19,-14.27,-12.58379852,-0.02086929,-0.01840283,2024-10-19
2024-10-20,-17.13,-3.05092564,-0.02481458,-0.00441868,2024-10-20
2024-10-21,-31.35,2.74099367,-0.04652889,0.00406606,2024-10-21
2024-10-22,-45.92,-1.41884,-0.06810429,-0.0021029,2024-10-22
2024-10-23,-67.54,3.128769,-0.10130699,0.00468804,2024-10-23
2024-10-24,-41.44,0.40578263,-0.060764,0.00059464,2024-10-24
2024-10-25,-133.82,2.9115765,-0.20063471,0.00435634,2024-10-25
2024-10-26,-80.2,7.6915156,-0.119536,0.01144898,2024-10-26
2024-10-27,-78.51,6.517125,-0.11541905,0.00956897,2024-10-27
2024-10-28,-37.71,10.49816042,-0.05390053,0.01499513,2024-10-28
2024-10-29,-12.07,53.392778,-0.01659416,0.07333977,2024-10-29
2024-10-30,-21.83,4.9375538,-0.03017497,0.00682251,2024-10-30
2024-10-31,-94.18,7.7434145,-0.13398393,0.01100009,2024-10-31
2024-11-01,-28.72,9.650832,-0.04132611,0.01387922,2024-11-01
2024-11-02,-15.8,-2.63822433,-0.02277486,-0.00380214,2024-11-02
2024-11-03,-37.81,-52.97923235,-0.05497558,-0.07704857,2024-11-03
2024-11-04,-42.53,-7.54382084,-0.06268238,-0.01111265,2024-11-04
2024-11-05,8.72,4.5403364,0.01256991,0.00654531,2024-11-05
2024-11-06,74.56,11.0795284,0.09866089,0.01467321,2024-11-06
2024-11-07,62.11,17.92808913,0.08187678,0.02364755,2024-11-07
2024-11-08,56.95,11.8092298,0.07443493,0.01544404,2024-11-08
2024-11-09,38.6,-3.572603,0.05034074,-0.00466182,2024-11-09
2024-11-10,58.91,-7.40409895,0.07329849,-0.00922012,2024-11-10
2024-11-11,122.74,43.41245967,0.13845774,0.04901556,2024-11-11
2024-11-12,83.42,0.5656885,0.09484718,0.00064378,2024-11-12
2024-11-13,118.62,34.3921211,0.13125282,0.03809029,2024-11-13
2024-11-14,14.81,8.6972087,0.01695952,0.00996022,2024-11-14
2024-11-15,26.29,1.34812314,0.02887993,0.00148134,2024-11-15
2024-11-16,49.32,41.17442415,0.05444495,0.04545703,2024-11-16
2024-11-17,30.7,8.2360025,0.03416578,0.00916807,2024-11-17
2024-11-18,56.22,3.03073952,0.06214621,0.00335218,2024-11-18
2024-11-19,125.1,43.64957444,0.13552045,0.04732717,2024-11-19
2024-11-20,106.59,93.95277236,0.11304899,0.09965934,2024-11-20
2024-11-21,121.97,40.25470888,0.12405774,0.04097777,2024-11-21
2024-11-22,132.03,58.75300584,0.13350928,0.05945531,2024-11-22
2024-11-23,106.37,51.84340598,0.10890487,0.0531085,2024-11-23
2024-11-24,128.14,26.04298529,0.13088861,0.02662935,2024-11-24
2024-11-25,-10.0,13.38550681,-0.01075153,0.01438785,2024-11-25
2024-11-26,-35.62,-101.72455701,-0.03873206,-0.11069157,2024-11-26
2024-11-27,88.08,11.31569741,0.09188102,0.01181347,2024-11-27
2024-11-28,21.55,2.56562641,0.02253148,0.00268301,2024-11-28
2024-11-29,30.56,-17.1817556,0.03135645,-0.01763818,2024-11-29
2024-11-30,57.43,-10.00353269,0.05956975,-0.01038351,2024-11-30
2024-12-01,78.0,7.71762153,0.08025915,0.00794689,2024-12-01
2024-12-02,22.27,-9.10821899,0.02323649,-0.00950662,2024-12-02
2024-12-03,74.83,-2.21685631,0.07807015,-0.00231471,2024-12-03
2024-12-04,158.92,6.2200718,0.1611972,0.00631897,2024-12-04
2024-12-05,98.6,4.85842307,0.10170649,0.00501634,2024-12-05
2024-12-06,150.51,-5.0857104,0.15090108,-0.00510688,2024-12-06
2024-12-07,97.33,2.39177415,0.0974938,0.00239808,2024-12-07
2024-12-08,65.4,-6.3878089,0.06468229,-0.00632219,2024-12-08
2024-12-09,48.34,5.93913226,0.04969342,0.00610808,2024-12-09
2024-12-10,67.76,5.94048,0.07015001,0.00615395,2024-12-10
2024-12-11,77.11,5.97361875,0.07625216,0.00591132,2024-12-11
2024-12-12,26.18,8.18822819,0.02617888,0.00818935,2024-12-12
2024-12-13,4.5,16.37170846,0.00443681,0.01613992,2024-12-13
2024-12-14,-20.01,1.2882,-0.01972984,0.0012699,2024-12-14
2024-12-15,-16.23,23.56660163,-0.01553645,0.02255095,2024-12-15
2024-12-16,41.15,40.22728966,0.03879928,0.03792961,2024-12-16
2024-12-17,3.25,3.48667824,0.00306217,0.00328517,2024-12-17
2024-12-18,-53.28,-23.6637028,-0.05317152,-0.02360854,2024-12-18
2024-12-19,-89.65,-19.63534901,-0.0919847,-0.02013223,2024-12-19
2024-12-20,-40.44,-1.23077716,-0.04134739,-0.00125789,2024-12-20
2024-12-21,-61.91,-7.4264856,-0.06363319,-0.00762892,2024-12-21
2024-12-22,-98.52,-8.0930435,-0.10350232,-0.00849425,2024-12-22
2024-12-23,-116.91,-0.2057919,-0.12321689,-0.00021663,2024-12-23
2024-12-24,-69.11,-16.42858146,-0.07004611,-0.01664222,2024-12-24
2024-12-25,-83.32,-3.77632,-0.08379798,-0.00379495,2024-12-25
2024-12-26,-122.11,-186.68407548,-0.12747464,-0.19501702,2024-12-26
2024-12-27,-127.14,16.19735457,-0.13482641,0.01715048,2024-12-27
2024-12-28,-169.18,-307.749059,-0.17752361,-0.32339615,2024-12-28
2024-12-29,-174.85,-1.43433,-0.18653014,-0.00152731,2024-12-29
2024-12-30,-171.34,14.76744716,-0.18464944,0.01588264,2024-12-30
2024-12-31,-221.78,-32.75648,-0.23700522,-0.0349345,2024-12-31
2025-01-01,-208.2,-7.6654052,-0.22010367,-0.00808649,2025-01-01
2025-01-02,-81.6,13.4450942,-0.0841369,0.01384951,2025-01-02
2025-01-03,-37.67,-4.39287995,-0.03837058,-0.00447306,2025-01-03
2025-01-04,-10.65,-28.87284936,-0.01084295,-0.0294014,2025-01-04
2025-01-05,-18.28,0.32350956,-0.01858411,0.00032883,2025-01-05
2025-01-06,43.81,-0.151308,0.042852,-0.00014806,2025-01-06
2025-01-07,-12.63,-58.96072993,-0.01302671,-0.06084177,2025-01-07
2025-01-08,-23.98,-3.0666658,-0.02522601,-0.0032253,2025-01-08
2025-01-09,-5.05,-137.96648194,-0.00545636,-0.14928244,2025-01-09
2025-01-10,-24.93,-5.0375169,-0.02631798,-0.00531686,2025-01-10
2025-01-11,-34.97,-53.83986001,-0.03696618,-0.05692453,2025-01-11
2025-01-12,-35.44,14.49680979,-0.03748477,0.01532513,2025-01-12
2025-01-13,-29.65,-138.92333263,-0.03136368,-0.14712254,2025-01-13
2025-01-14,-25.9,-0.7941764,-0.02682246,-0.00082225,2025-01-14
2025-01-15,12.88,10.79467999,0.01281626,0.01074148,2025-01-15
2025-01-16,-5.52,-5.72797358,-0.0055207,-0.00572871,2025-01-16
2025-01-17,29.52,30.77309286,0.02836348,0.02956713,2025-01-17
2025-01-18,-121.23,-0.02946375,-0.11594718,-2.815e-05,2025-01-18
2025-01-19,-120.44,-36.38546268,-0.11885733,-0.03587755,2025-01-19
2025-01-20,-114.58,-59.04872417,-0.11204771,-0.05771235,2025-01-20
2025-01-21,15.44,-6.84595645,0.0145463,-0.00645105,2025-01-21
2025-01-22,-39.55,1.932664,-0.03813641,0.00186284,2025-01-22
2025-01-23,16.02,-6.73220805,0.01541714,-0.00648028,2025-01-23
2025-01-24,-20.23,-10.07958431,-0.01929046,-0.00961053,2025-01-24
2025-01-25,-13.29,-3.8627835,-0.01268773,-0.0036874,2025-01-25
2025-01-26,-57.0,-73.0405322,-0.05554473,-0.07118685,2025-01-26
2025-01-27,-20.41,-15.3058585,-0.01999357,-0.01499282,2025-01-27
2025-01-28,-45.52,23.22703012,-0.04492008,0.02290537,2025-01-28
2025-01-29,14.01,16.66349628,0.0135058,0.01606339,2025-01-29
2025-01-30,19.7,2.79352857,0.01881154,0.00266797,2025-01-30
2025-01-31,-18.3,-1.04778921,-0.01786594,-0.00102276,2025-01-31
2025-02-01,-11.8,-1.736435,-0.01172547,-0.00172529,2025-02-01
2025-02-02,-24.07,61.873301,-0.02463649,0.0632738,2025-02-02
2025-02-03,131.68,26.46553126,0.12995354,0.02614566,2025-02-03
2025-02-04,31.92,8.06579628,0.03265035,0.00825236,2025-02-04
2025-02-05,25.9,24.54066311,0.02680814,0.0254015,2025-02-05
2025-02-06,10.27,3.5111955,0.0106365,0.00363675,2025-02-06
2025-02-07,30.28,5.188232,0.03137603,0.00537743,2025-02-07
2025-02-08,31.51,-5.42737097,0.03267156,-0.0056296,2025-02-08
2025-02-09,13.07,-6.22255,0.01354927,-0.00645202,2025-02-09
2025-02-10,13.59,-6.76622122,0.01394836,-0.00694609,2025-02-10
2025-02-11,-4.12,-156.27037517,-0.00430161,-0.16341779,2025-02-11
2025-02-12,-7.46,-10.3960997,-0.00762236,-0.01062268,2025-02-12
2025-02-13,17.15,-59.93846531,0.01775213,-0.06209238,2025-02-13
2025-02-14,8.55,-1.200048,0.00876919,-0.00123094,2025-02-14
2025-02-15,27.28,7.766068,0.02795951,0.0079611,2025-02-15
2025-02-16,1.76,-90.40670409,0.00183108,-0.09414811,2025-02-16
2025-02-17,1.8,7.5468,0.00187931,0.00787883,2025-02-17
2025-02-18,-64.34,-7.8936734,-0.06725079,-0.00824592,2025-02-18
2025-02-19,-12.34,-162.99504262,-0.01276846,-0.16891737,2025-02-19
2025-02-20,42.2,27.45425,0.04292762,0.02793181,2025-02-20
2025-02-21,-24.95,19.71594969,-0.02594041,0.02048907,2025-02-21
2025-02-22,31.11,18.80940133,0.03222131,0.01948379,2025-02-22
2025-02-23,7.98,-13.69441386,0.00829022,-0.01422998,2025-02-23
2025-02-24,-42.06,-285.86531944,-0.04594066,-0.31307216,2025-02-24
2025-02-25,-96.66,-7.81110724,-0.10899816,-0.00879933,2025-02-25
2025-02-26,-138.31,-314.23261293,-0.164166,-0.37375481,2025-02-26
2025-02-27,-83.39,-239.56212643,-0.09844339,-0.28332879,2025-02-27
2025-02-28,-52.21,-279.08434662,-0.0618969,-0.33175482,2025-02-28
2025-03-01,-45.77,-323.5475738,-0.05318103,-0.37714938,2025-03-01
2025-03-02,-4.52,-53.4301041,-0.00479474,-0.05670714,2025-03-02
2025-03-03,-59.51,2.5688392,-0.06902062,0.00297723,2025-03-03
2025-03-04,-32.02,-202.74093442,-0.03668569,-0.23273703,2025-03-04
2025-03-05,-2.28,-0.4678798,-0.00251639,-0.00051638,2025-03-05
2025-03-06,-10.04,-28.62532439,-0.011164,-0.03183658,2025-03-06
2025-03-07,-44.77,-82.10343268,-0.0515773,-0.09462798,2025-03-07
2025-03-08,-15.76,-267.15276189,-0.0182783,-0.31074468,2025-03-08
2025-03-09,-35.2,-258.88506755,-0.04359977,-0.32155121,2025-03-09
2025-03-10,-51.15,-176.86329211,-0.06507976,-0.2253887,2025-03-10
2025-03-11,-18.48,-75.56609434,-0.02228305,-0.09117977,2025-03-11
2025-03-12,-20.69,-14.70519782,-0.02472511,-0.01757185,2025-03-12
2025-03-13,-42.35,-176.94622491,-0.05220932,-0.21850229,2025-03-13
2025-03-14,-2.71,-89.39829887,-0.00322684,-0.10655771,2025-03-14
2025-03-15,13.02,-150.53078962,0.0154378,-0.17883032,2025-03-15
2025-03-16,-11.96,-3.702547,-0.01448389,-0.00448344,2025-03-16
2025-03-17,1.37,-145.68451691,0.00163076,-0.17371679,2025-03-17
2025-03-18,-16.27,-128.40263042,-0.01966994,-0.15544539,2025-03-18
2025-03-19,32.02,-129.16172234,0.03686989,-0.14900114,2025-03-19
2025-03-20,-39.97,9.66368596,-0.04745713,0.01146711,2025-03-20
2025-03-21,-26.83,5.9646281,-0.03190675,0.00709048,2025-03-21
2025-03-22,11.44,27.3697121,0.01364494,0.03263874,2025-03-22
2025-03-23,10.44,-161.725,0.0121279,-0.18824784,2025-03-23
2025-03-24,25.46,12.335276,0.02909775,0.01409987,2025-03-24
2025-03-25,35.01,22.7749982,0.04006048,0.02606412,2025-03-25
2025-03-26,16.84,-102.68096695,0.01937655,-0.11830993,2025-03-26
2025-03-27,-14.53,-82.65994445,-0.01665673,-0.09483274,2025-03-27
2025-03-28,-42.58,-2.9005414,-0.05043567,-0.00343405,2025-03-28
2025-03-29,-31.71,-2.783011,-0.03836728,-0.00336611,2025-03-29
2025-03-30,-10.01,3.1723984,-0.01214953,0.00384985,2025-03-30
2025-03-31,-15.69,1.13534304,-0.01900666,0.00137506,2025-03-31
2025-04-01,12.03,14.03547891,0.01412663,0.01648124,2025-04-01
2025-04-02,-26.21,-4.77886916,-0.03176343,-0.00578992,2025-04-02
2025-04-03,-38.76,0.3501523,-0.04657921,0.00042059,2025-04-03
2025-04-04,-29.71,-14.6098234,-0.03541548,-0.01741235,2025-04-04
2025-04-05,-39.74,-30.50988748,-0.04757117,-0.03651814,2025-04-05
2025-04-06,-59.25,-0.576517,-0.07554507,-0.00073452,2025-04-06
2025-04-07,-23.23,13.42178849,-0.02934443,0.01694672,2025-04-07
2025-04-08,-70.78,-27.22813748,-0.09273815,-0.03565479,2025-04-08
2025-04-09,-20.47,2.6622616,-0.02477752,0.00322158,2025-04-09
2025-04-10,-54.96,-4.807401,-0.06903889,-0.00603509,2025-04-10
2025-04-11,-43.37,-2.82100833,-0.05198754,-0.00337989,2025-04-11
2025-04-12,-5.89,3.69171248,-0.00690691,0.0043286,2025-04-12
2025-04-13,-26.93,-0.1092104,-0.03215138,-0.00013034,2025-04-13
2025-04-14,-1.22,6.65801385,-0.00144222,0.00787004,2025-04-14
2025-04-15,-14.21,-9.09767933,-0.01698867,-0.010876,2025-04-15
2025-04-16,-1.66,-3.62547059,-0.00197548,-0.00431458,2025-04-16
2025-04-17,14.06,94.23468694,0.01655132,0.11082762,2025-04-17
2025-04-18,-8.22,30.96865344,-0.00973073,0.03664327,2025-04-18
2025-04-19,-2.02,65.64259682,-0.00237432,0.07709532,2025-04-19
2025-04-20,-1.9,131.24111467,-0.00223059,0.15383558,2025-04-20
2025-04-21,5.84,8.08216581,0.00667305,0.00923481,2025-04-21
2025-04-22,46.11,4.89042825,0.0493456,0.0052359,2025-04-22
2025-04-23,49.84,27.16020026,0.0531961,0.02899612,2025-04-23
2025-04-24,41.49,40.90074245,0.04414747,0.04352074,2025-04-24
2025-04-25,70.11,7.6484712,0.07408176,0.00808709,2025-04-25
2025-04-26,38.64,-18.1368,0.04083358,-0.01917792,2025-04-26
2025-04-27,31.27,2.16834229,0.03335492,0.00231363,2025-04-27
2025-04-28,31.39,10.46758805,0.03303822,0.01101964,2025-04-28
2025-04-29,14.27,-15.53117878,0.01513949,-0.01648272,2025-04-29
2025-04-30,10.54,3.94796,0.01119229,0.00419258,2025-04-30
2025-05-01,35.07,18.37917537,0.03634577,0.01905106,2025-05-01
2025-05-02,42.67,6.8217582,0.04404093,0.00704354,2025-05-02
2025-05-03,4.91,-16.1784124,0.00512224,-0.01688147,2025-05-03
2025-05-04,-5.07,-268.73904818,-0.00537773,-0.28584794,2025-05-04
2025-05-05,0.31,-217.577464,0.00032723,-0.23020101,2025-05-05
2025-05-06,5.15,9.0233608,0.00531838,0.00931801,2025-05-06
2025-05-07,27.82,4.27166795,0.0286714,0.00440347,2025-05-07
2025-05-08,-8.11,-48.68871095,-0.00785384,-0.04716937,2025-05-08
2025-05-09,14.97,4.76959467,0.01453793,0.00463239,2025-05-09
2025-05-10,11.66,37.97033632,0.01112494,0.03621885,2025-05-10
2025-05-11,19.62,-6.48550614,0.018844,-0.00623056,2025-05-11
2025-05-12,8.89,0.78490442,0.00864859,0.00076365,2025-05-12
2025-05-13,27.34,-10.70886862,0.02626227,-0.01029049,2025-05-13
2025-05-14,37.56,12.7181232,0.03628711,0.01229006,2025-05-14
2025-05-15,22.72,10.2683548,0.0218959,0.00989709,2025-05-15
2025-05-16,36.13,15.43722,0.03492039,0.01492338,2025-05-16
2025-05-17,34.42,13.30688095,0.03337644,0.01290608,2025-05-17
2025-05-18,19.2,-11.96022644,0.01803592,-0.01123837,2025-05-18
2025-05-19,42.44,37.10113597,0.04019939,0.03514417,2025-05-19
2025-05-20,33.25,66.3905929,0.03111839,0.06211512,2025-05-20
2025-05-21,55.55,29.0676871,0.05066397,0.02651737,2025-05-21
2025-05-22,26.32,72.10539344,0.02356392,0.06452845,2025-05-22
2025-05-23,11.31,96.83409964,0.01053874,0.09015884,2025-05-23
2025-05-24,32.1,10.547618,0.02978789,0.00978985,2025-05-24
2025-05-25,44.49,97.12485323,0.04081494,0.08905892,2025-05-25
2025-05-26,29.53,11.5520527,0.02698411,0.01055784,2025-05-26
2025-05-27,40.29,65.95801162,0.03698428,0.06053202,2025-05-27
2025-05-28,37.51,71.55503085,0.0348018,0.06636783,2025-05-28
2025-05-29,-17.17,-15.04131064,-0.01626105,-0.01424476,2025-05-29
2025-05-30,47.78,27.63801252,0.04594872,0.02658387,2025-05-30
2025-05-31,53.99,22.612436,0.05161969,0.02162617,2025-05-31
2025-06-01,55.01,37.51658722,0.05207163,0.03551851,2025-06-01
2025-06-02,46.95,7.7825437,0.04435187,0.00735459,2025-06-02
2025-06-03,70.93,69.98160799,0.06731077,0.06641137,2025-06-03
2025-06-04,56.52,148.71291401,0.05398443,0.14191635,2025-06-04
2025-06-05,61.52,-57.31316642,0.06060565,-0.05652744,2025-06-05
2025-06-06,109.55,-4.94410674,0.1050452,-0.00474601,2025-06-06
2025-06-07,66.87,-34.32917933,0.06335257,-0.03255461,2025-06-07
2025-06-08,50.4,10.19358916,0.04766679,0.00964445,2025-06-08
2025-06-09,38.13,0.32081044,0.03458095,0.00029105,2025-06-09
2025-06-10,25.85,105.54419891,0.02344153,0.09564136,2025-06-10
2025-06-11,24.25,14.79352876,0.02232038,0.01361756,2025-06-11
2025-06-12,49.32,22.90629437,0.04667284,0.02168226,2025-06-12
2025-06-13,52.11,25.00892559,0.04912951,0.02358454,2025-06-13
2025-06-14,50.78,22.3180472,0.04817168,0.02117739,2025-06-14
2025-06-15,5.24,2.6592824,0.0049624,0.00251846,2025-06-15
2025-06-16,58.85,0.15359042,0.05510582,0.0001439,2025-06-16
2025-06-17,39.27,-95.31767563,0.03756056,-0.0912858,2025-06-17
2025-06-18,28.82,16.18219188,0.02747725,0.01543011,2025-06-18
2025-06-19,13.31,-52.92004892,0.01271754,-0.05059646,2025-06-19
2025-06-20,19.81,23.9419196,0.01917753,0.0231766,2025-06-20
2025-06-21,40.02,11.93393365,0.03918919,0.0116894,2025-06-21
2025-06-22,33.0,15.46156614,0.03268496,0.01531662,2025-06-22
2025-06-23,85.46,26.31815832,0.08113245,0.02499948,2025-06-23
2025-06-24,58.0,12.36627589,0.05467417,0.01166218,2025-06-24
2025-06-25,59.64,8.52656262,0.05556147,0.00794725,2025-06-25
2025-06-26,82.58,45.148529,0.07721577,0.04223055,2025-06-26
2025-06-27,65.79,23.20325727,0.06145865,0.02168427,2025-06-27
2025-06-28,55.41,26.4398667,0.05164181,0.02464846,2025-06-28
2025-06-29,29.51,17.94939914,0.02723407,0.01656684,2025-06-29
2025-06-30,26.71,-52.91056415,0.02492849,-0.04941821,2025-06-30
2025-07-01,30.64,23.2423202,0.02899287,0.02199441,2025-07-01
2025-07-02,38.72,4.76980976,0.03557202,0.00438339,2025-07-02
2025-07-03,44.05,14.71525024,0.04019719,0.01343178,2025-07-03
2025-07-04,44.36,26.0026792,0.04108007,0.02408416,2025-07-04
2025-07-05,48.53,32.0817218,0.04485291,0.02965541,2025-07-05
2025-07-06,14.14,4.30510217,0.01294826,0.00394262,2025-07-06
2025-07-07,6.9,5.10824834,0.00637337,0.00471845,2025-07-07
2025-07-08,35.06,-37.90968276,0.03218788,-0.03482743,2025-07-08
2025-07-09,48.86,16.6021429,0.04392542,0.01492975,2025-07-09
2025-07-10,21.3,33.7432326,0.01836049,0.02908337,2025-07-10
2025-07-11,54.5,27.6543319,0.04637206,0.02353544,2025-07-11
2025-07-12,52.65,58.5585744,0.04483904,0.04986853,2025-07-12
2025-07-13,44.17,206.61965822,0.03709064,0.17326696,2025-07-13
