start_time,date,nvt_golden_cross,close,change
2021-01-01,2021-01-01,1.0449468570101037,29337.16,
2021-01-02,2021-01-02,1.232057912483686,32199.91,0.0975810201123763
2021-01-03,2021-01-03,1.3762968014463968,33054.53,0.0265410679719291
2021-01-04,2021-01-04,1.603958404477153,32031.07,-0.0309627757526729
2021-01-05,2021-01-05,1.7405831842928488,33999.52,0.0614543941242049
2021-01-06,2021-01-06,2.1063864433072856,36823.68,0.083064702089912
2021-01-07,2021-01-07,2.0755672932465377,39498.92,0.0726499904409336
2021-01-08,2021-01-08,2.0029728879247326,40637.23,0.0288187626395861
2021-01-09,2021-01-09,2.036481369552209,40136.04,-0.0123332717313655
2021-01-10,2021-01-10,2.286045049496954,38221.67,-0.047697032392832
2021-01-11,2021-01-11,1.9974373866022337,35408.46,-0.0736024878033848
2021-01-12,2021-01-12,1.973781955753932,34056.9,-0.038170538905109
2021-01-13,2021-01-13,2.1604317001924818,37421.07,0.0987808637897165
2021-01-14,2021-01-14,2.1836239541331013,39163.31,0.0465577280393103
2021-01-15,2021-01-15,2.314657438247204,36755.24,-0.0614879079424083
2021-01-16,2021-01-16,2.324051057965219,36025.66,-0.0198496867385438
2021-01-17,2021-01-17,2.755274180530481,35869.83,-0.0043255279708963
2021-01-18,2021-01-18,2.924305542507052,36686.86,0.0227776379202242
2021-01-19,2021-01-19,2.6358723667076505,35891.03,-0.0216925078897458
2021-01-20,2021-01-20,2.2375032003689586,35500.0,-0.0108949227703969
2021-01-21,2021-01-21,2.1297976165393533,30879.97,-0.1301416901408451
2021-01-22,2021-01-22,2.07993075772094,32986.34,0.0682115299982479
2021-01-23,2021-01-23,1.759071885507654,32086.48,-0.0272797770228524
2021-01-24,2021-01-24,1.6055374849574822,32275.63,0.0058950062456213
2021-01-25,2021-01-25,1.036656981782587,32253.68,-0.0006800796762139
2021-01-26,2021-01-26,0.6583215726473147,32474.14,0.0068351890388942
2021-01-27,2021-01-27,-0.1317898740278886,30381.04,-0.0644543627637251
2021-01-28,2021-01-28,-0.5349484394255178,33399.75,0.0993616413394669
2021-01-29,2021-01-29,-0.7093054811057212,34269.35,0.0260361230248729
2021-01-30,2021-01-30,-0.7769658734401369,34289.85,0.0005982021835839
2021-01-31,2021-01-31,-0.5326341103889047,33126.21,-0.0339354065415858
2021-02-01,2021-02-01,-0.5025661753361025,33546.09,0.0126751596394516
2021-02-02,2021-02-02,-0.7028805440719609,35504.06,0.0583665637336572
2021-02-03,2021-02-03,-0.972998254263345,37652.51,0.0605127976913064
2021-02-04,2021-02-04,-0.7846129562536739,36976.93,-0.0179424957326882
2021-02-05,2021-02-05,-0.8052646212185548,38362.65,0.0374752582218156
2021-02-06,2021-02-06,-0.6804181462127867,39249.54,0.0231185801815045
2021-02-07,2021-02-07,-0.4788123113766817,38849.25,-0.0101985908624662
2021-02-08,2021-02-08,0.039645611320488,46451.32,0.195681255107885
2021-02-09,2021-02-09,-0.062732361962619,46492.54,0.0008873805954277
2021-02-10,2021-02-10,0.0903884988447707,44850.0,-0.0353291087129247
2021-02-11,2021-02-11,0.1404341592922846,48060.21,0.0715765886287624
2021-02-12,2021-02-12,0.4239756969820403,47361.03,-0.0145480013508055
2021-02-13,2021-02-13,1.1136259783991511,47221.62,-0.0029435592933683
2021-02-14,2021-02-14,1.6598752509513248,48655.21,0.0303587636341149
2021-02-15,2021-02-15,1.7275114788727406,47981.58,-0.0138449715868043
2021-02-16,2021-02-16,1.9586765086791929,49197.94,0.0253505616113516
2021-02-17,2021-02-17,2.2855388572627877,52194.62,0.0609106804065373
2021-02-18,2021-02-18,2.32525217269366,51619.7,-0.0110149283585166
2021-02-19,2021-02-19,2.8762592868513943,56004.1,0.0849365649161075
2021-02-20,2021-02-20,2.907706361954413,55917.41,-0.0015479223842539
2021-02-21,2021-02-21,3.34581202789569,57487.43,0.0280774806987662
2021-02-22,2021-02-22,3.467020957375099,54121.1,-0.0585576707812472
2021-02-23,2021-02-23,2.8185811820025357,48930.0,-0.0959163801179207
2021-02-24,2021-02-24,2.420965747620406,49702.03,0.0157782546494993
2021-02-25,2021-02-25,2.3872961538123985,47089.37,-0.0525664645890719
2021-02-26,2021-02-26,2.400746109268006,46313.13,-0.0164843997700543
2021-02-27,2021-02-27,2.275934412930225,46102.63,-0.0045451473480631
2021-02-28,2021-02-28,2.1688073318336625,45163.36,-0.0203734580868812
2021-03-01,2021-03-01,2.205431232765651,49592.7,0.0980737482773645
2021-03-02,2021-03-02,2.0124503332528727,48450.57,-0.023030204042127
2021-03-03,2021-03-03,1.4617189974249305,50373.75,0.0396936506629332
2021-03-04,2021-03-04,1.4627503990025394,48385.77,-0.0394646020993076
2021-03-05,2021-03-05,1.5807587868533626,48770.57,0.0079527513977766
2021-03-06,2021-03-06,1.802542780068627,48908.21,0.0028221937943313
2021-03-07,2021-03-07,1.9319288830847925,50995.27,0.0426729990731618
2021-03-08,2021-03-08,2.0213632042294267,52429.43,0.0281233926205313
2021-03-09,2021-03-09,1.858183036032793,54917.78,0.0474609393998752
2021-03-10,2021-03-10,2.015249430215148,55947.98,0.018758952018818
2021-03-11,2021-03-11,1.98370625649708,57844.52,0.0338982747902603
2021-03-12,2021-03-12,2.5052014671084124,57291.03,-0.0095685814317414
2021-03-13,2021-03-13,3.3383347830007533,61267.41,0.0694066767520151
2021-03-14,2021-03-14,3.6194300551362346,59037.12,-0.0364025507198688
2021-03-15,2021-03-15,4.211060717171699,55646.61,-0.0574301388685627
2021-03-16,2021-03-16,4.258909460842469,56954.19,0.0234979273670039
2021-03-17,2021-03-17,4.67553296176406,58959.0,0.0352003952650366
2021-03-18,2021-03-18,5.008934543179232,57700.01,-0.0213536525382044
2021-03-19,2021-03-19,5.405666453196818,58089.11,0.0067434996978337
2021-03-20,2021-03-20,5.605272414161355,58145.61,0.0009726435815593
2021-03-21,2021-03-21,5.714080555120354,57415.18,-0.0125620833627853
2021-03-22,2021-03-22,5.2712891876211625,54129.56,-0.0572256326636962
2021-03-23,2021-03-23,4.2340674091388015,54400.0,0.0049961610624582
2021-03-24,2021-03-24,3.522219650790556,52311.54,-0.0383908088235294
2021-03-25,2021-03-25,2.8308812238810765,51325.21,-0.0188549218776583
2021-03-26,2021-03-26,2.5556697538175133,55030.0,0.0721826564372556
2021-03-27,2021-03-27,2.3946794089937717,55828.0,0.014501181173905
2021-03-28,2021-03-28,2.531719234226374,55805.08,-0.0004105466790856
2021-03-29,2021-03-29,1.9261733319305143,57677.64,0.0335553680776015
2021-03-30,2021-03-30,1.2493064162995102,58794.16,0.019357934894701
2021-03-31,2021-03-31,0.6762610559980411,58807.24,0.0002224710753584
2021-04-01,2021-04-01,0.494492545439741,58794.01,-0.000224972299329
2021-04-02,2021-04-02,0.8095067483899814,59031.36,0.0040369758756035
2021-04-03,2021-04-03,1.107176854483937,57134.65,-0.0321305489150173
2021-04-04,2021-04-04,1.6384592528709312,58234.61,0.0192520650778467
2021-04-05,2021-04-05,1.4401866390413405,59243.39,0.0173226883463286
2021-04-06,2021-04-06,0.6452274684061858,58059.99,-0.0199752242402063
2021-04-07,2021-04-07,-0.5984240773792583,56018.18,-0.0351672468424468
2021-04-08,2021-04-08,-0.6252501442358132,58122.26,0.0375606633417937
2021-04-09,2021-04-09,-0.792465278432907,58176.03,0.000925118878722
2021-04-10,2021-04-10,-1.030631444393781,59832.43,0.028472207539772
2021-04-11,2021-04-11,-1.034079539299202,60090.2,0.004308198747736
2021-04-12,2021-04-12,-1.103317145479057,59911.18,-0.0029791879541088
2021-04-13,2021-04-13,-1.3163044961960586,63649.71,0.0624012079214597
2021-04-14,2021-04-14,-1.837878839761964,63019.1,-0.0099075078268228
2021-04-15,2021-04-15,-1.7421161652071828,63232.55,0.0033870683649879
2021-04-16,2021-04-16,-1.4006890560314051,61424.67,-0.0285909709477161
2021-04-17,2021-04-17,-0.7193924249856093,60090.14,-0.0217262868485903
2021-04-18,2021-04-18,-0.7295734208983511,56140.05,-0.0657360758354032
2021-04-19,2021-04-19,-0.3467314519801315,55634.39,-0.0090071170225178
2021-04-20,2021-04-20,-0.4055725758738976,56410.56,0.0139512628789495
2021-04-21,2021-04-21,-0.8602403112576453,53800.0,-0.0462778600318805
2021-04-22,2021-04-22,-1.2554974449398246,51714.61,-0.0387618959107806
2021-04-23,2021-04-23,-1.5276708506891683,51122.62,-0.011447248659518
2021-04-24,2021-04-24,-1.661831008297628,50092.4,-0.0201519405695561
2021-04-25,2021-04-25,-1.7141860424394968,49063.94,-0.020531258234782
2021-04-26,2021-04-26,-1.764583619477513,53984.33,0.1002852604173247
2021-04-27,2021-04-27,-2.375645628362374,55006.25,0.0189299376319016
2021-04-28,2021-04-28,-2.492211403628616,54861.77,-0.0026266106124304
2021-04-29,2021-04-29,-2.956878611107174,53558.8,-0.0237500539993513
2021-04-30,2021-04-30,-2.874933091727326,57684.16,0.0770248773310828
2021-05-01,2021-05-01,-2.461756588976242,57836.34,0.0026381592451028
2021-05-02,2021-05-02,-1.8708714604785632,56630.33,-0.0208521147776639
2021-05-03,2021-05-03,-1.5600646085012484,57214.83,0.010321324279763
2021-05-04,2021-05-04,-1.5160872481970489,53263.32,-0.0690644366154719
2021-05-05,2021-05-05,-1.431362942000267,57497.77,0.0795003015208213
2021-05-06,2021-05-06,-1.254414442851977,56435.35,-0.0184775861742115
2021-05-07,2021-05-07,-1.0174133403313568,57350.88,0.0162226335089619
2021-05-08,2021-05-08,-0.5194208607237143,58924.98,0.0274468325507821
2021-05-09,2021-05-09,0.2784242455197498,58292.53,-0.0107331389845189
2021-05-10,2021-05-10,0.7758421633643676,55869.67,-0.0415638161527729
2021-05-11,2021-05-11,1.1297194371876331,56710.43,0.0150485943446596
2021-05-12,2021-05-12,0.9577865464766376,49595.76,-0.1254561109834645
2021-05-13,2021-05-13,0.8817003064090747,49707.9,0.0022610803826779
2021-05-14,2021-05-14,0.9749301334598456,49873.27,0.0033268353722446
2021-05-15,2021-05-15,0.8409494391941935,46793.41,-0.0617537209811988
2021-05-16,2021-05-16,0.7310614194314488,46429.28,-0.0077816513051731
2021-05-17,2021-05-17,0.7018927186053525,43566.18,-0.0616658281153617
2021-05-18,2021-05-18,0.132203666089706,42882.53,-0.0156922181380144
2021-05-19,2021-05-19,-0.9590676482140814,36689.14,-0.1444268796640496
2021-05-20,2021-05-20,-1.6496994681550308,40500.3,0.1038770600782685
2021-05-21,2021-05-21,-2.540048318758072,37211.02,-0.0812161885220604
2021-05-22,2021-05-22,-2.9487557311032147,37432.58,0.0059541501415443
2021-05-23,2021-05-23,-2.9549173202339856,34651.6,-0.0742930356390075
2021-05-24,2021-05-24,-2.952554308654051,38779.66,0.1191304297637052
2021-05-25,2021-05-25,-3.0049394541334524,38326.84,-0.0116767398166979
2021-05-26,2021-05-26,-3.117577954255656,39224.2,0.023413357323484
2021-05-27,2021-05-27,-2.938538611666893,38527.38,-0.0177650532069487
2021-05-28,2021-05-28,-3.059555608853142,35670.99,-0.074139222547705
2021-05-29,2021-05-29,-2.785987184532642,34611.94,-0.0296893918559589
2021-05-30,2021-05-30,-2.2780995277594878,35651.81,0.030043678568725
2021-05-31,2021-05-31,-1.7593024105937105,37243.38,0.0446420532365678
2021-06-01,2021-06-01,-1.3636227486743275,36693.41,-0.0147669196512237
2021-06-02,2021-06-02,-0.9192173470999886,37569.99,0.023889303283614
2021-06-03,2021-06-03,-0.4970253689075054,39247.4,0.0446476030470064
2021-06-04,2021-06-04,0.0221696185485996,36828.03,-0.0616440834297304
2021-06-05,2021-06-05,0.7206679929032122,35498.62,-0.0360977766119989
2021-06-06,2021-06-06,0.8316675526013942,35801.71,0.0085380783816384
2021-06-07,2021-06-07,1.192213818270502,33550.96,-0.06286710886156
2021-06-08,2021-06-08,1.4733063284127232,33372.58,-0.005316688404743
2021-06-09,2021-06-09,1.4411678247982866,37368.45,0.1197351238651609
2021-06-10,2021-06-10,1.434724718372252,36669.66,-0.0186999995985917
2021-06-11,2021-06-11,1.5168714041555893,37300.42,0.017201141215926
2021-06-12,2021-06-12,1.4403955425999089,35537.05,-0.0472748028038289
2021-06-13,2021-06-13,1.354624959750543,38993.65,0.0972674996939813
2021-06-14,2021-06-14,1.077752772361248,40489.1,0.0383511161432694
2021-06-15,2021-06-15,0.5325305541533751,40132.86,-0.0087984173518304
2021-06-16,2021-06-16,0.5739708814647921,38344.97,-0.0445492795679151
2021-06-17,2021-06-17,0.8134330153887465,38060.71,-0.0074132278627419
2021-06-18,2021-06-18,0.9922699459709416,35811.41,-0.0590976889290818
2021-06-19,2021-06-19,0.94820620113264,35483.0,-0.0091705408974402
2021-06-20,2021-06-20,0.8986694525264969,35588.64,0.002977200349463
2021-06-21,2021-06-21,0.6633448414511358,31606.0,-0.1119076199596275
2021-06-22,2021-06-22,0.1172481590419282,32496.0,0.0281592102765297
2021-06-23,2021-06-23,-0.3394926395314738,33649.0,0.0354812900049237
2021-06-24,2021-06-24,-0.6084822126670962,34644.64,0.0295889922434544
2021-06-25,2021-06-25,-1.011074757735427,31568.07,-0.0888036360025678
2021-06-26,2021-06-26,-1.1611992635294792,32255.56,0.0217780181050029
2021-06-27,2021-06-27,-1.2180155324304052,34687.71,0.0754025042504298
2021-06-28,2021-06-28,-1.3182979655904263,34487.22,-0.0057798569003257
2021-06-29,2021-06-29,-1.4443525582346268,35911.26,0.0412918176646306
2021-06-30,2021-06-30,-1.3701668850666722,35031.39,-0.0245012288624794
2021-07-01,2021-07-01,-1.267477230706003,33489.96,-0.0440013941781928
2021-07-02,2021-07-02,-1.0634571891563094,33760.94,0.0080913802226101
2021-07-03,2021-07-03,-0.7752870070843827,34652.94,0.0264210652902436
2021-07-04,2021-07-04,-0.5431979821529486,35280.16,0.0181000515396385
2021-07-05,2021-07-05,-0.0333863639125242,33672.72,-0.0455621516455708
2021-07-06,2021-07-06,0.1284380414625575,34206.01,0.0158374494249351
2021-07-07,2021-07-07,-0.0145470372504557,33845.64,-0.0105352831271464
2021-07-08,2021-07-08,-0.2893260269052997,32852.04,-0.0293568093261051
2021-07-09,2021-07-09,-0.5800652380142236,33805.01,0.0290079398417877
2021-07-10,2021-07-10,-0.8159696710462525,33497.98,-0.0090823815759852
2021-07-11,2021-07-11,-0.7939834104762308,34253.81,0.0225634500946025
2021-07-12,2021-07-12,-0.6389665235278087,33070.87,-0.0345345525067136
2021-07-13,2021-07-13,-0.6775189769641662,32709.09,-0.0109395368189588
2021-07-14,2021-07-14,-0.6370254361517365,32803.01,0.0028713730647964
2021-07-15,2021-07-15,-0.7041840602995638,31866.43,-0.0285516481566783
2021-07-16,2021-07-16,-0.8831987635904666,31382.95,-0.0151720792068643
2021-07-17,2021-07-17,-1.056660962181041,31496.65,0.0036229863668011
2021-07-18,2021-07-18,-0.6093334825975397,31767.0,0.0085834525259034
2021-07-19,2021-07-19,-0.2520171453189761,30823.62,-0.0296968552271225
2021-07-20,2021-07-20,-0.1910905442909015,29775.9,-0.0339908161338609
2021-07-21,2021-07-21,-0.218959286153461,32120.0,0.0787247404780375
2021-07-22,2021-07-22,-0.2823164999945897,32268.11,0.0046111457036115
2021-07-23,2021-07-23,-0.3574617748668974,33634.46,0.0423436637596685
2021-07-24,2021-07-24,-0.3683615654084657,34230.0,0.017706245321019
2021-07-25,2021-07-25,-0.2736872796512671,35370.66,0.0333234005258546
2021-07-26,2021-07-26,-0.2824954416138065,37218.09,0.0522305775464748
2021-07-27,2021-07-27,-0.4063947393126536,39442.33,0.059762336003809
2021-07-28,2021-07-28,-0.7946911024004042,40003.08,0.0142169592922121
2021-07-29,2021-07-29,-0.7436678283462657,40012.9,0.0002454810979555
2021-07-30,2021-07-30,-0.4929805320845507,42203.25,0.054741095996541
2021-07-31,2021-07-31,-0.4056152056114421,41448.11,-0.017892934785828
2021-08-01,2021-08-01,-0.4984544413385519,39846.78,-0.038634572239844
2021-08-02,2021-08-02,-0.5164525266698342,39147.48,-0.0175497242186193
2021-08-03,2021-08-03,-0.6624894953342151,38203.26,-0.0241195601862496
2021-08-04,2021-08-04,-0.8095210418464232,39731.31,0.0399978954675595
2021-08-05,2021-08-05,-0.6054755916728224,40882.4,0.0289718612348801
2021-08-06,2021-08-06,-0.1129207191782739,42825.43,0.0475272978103047
2021-08-07,2021-08-07,0.1494611334412715,44601.11,0.0414632147301263
2021-08-08,2021-08-08,0.2794086821311557,43787.71,-0.0182372142756088
2021-08-09,2021-08-09,0.2447780021420468,46259.7,0.0564539684765428
2021-08-10,2021-08-10,0.3125487832336592,45589.99,-0.014477179921184
2021-08-11,2021-08-11,0.5357486513206896,45522.12,-0.0014887039896256
2021-08-12,2021-08-12,0.7720849617753353,44385.09,-0.0249775274086533
2021-08-13,2021-08-13,1.0837781965155469,47792.52,0.0767696990137905
2021-08-14,2021-08-14,1.277892610676255,47083.74,-0.0148303542060556
2021-08-15,2021-08-15,1.3070463709742683,47006.02,-0.0016506760083204
2021-08-16,2021-08-16,1.2300100592164391,45926.23,-0.0229713130360748
2021-08-17,2021-08-17,1.1656687767533702,44704.84,-0.026594606176035
2021-08-18,2021-08-18,0.9324360348322186,44714.09,0.0002069127190702
2021-08-19,2021-08-19,0.7488230679159816,46772.0,0.0460237477716756
2021-08-20,2021-08-20,0.6146746352394534,49332.74,0.0547494227315488
2021-08-21,2021-08-21,0.5925308014477721,48848.29,-0.0098200505384455
2021-08-22,2021-08-22,0.6227619760010175,49273.28,0.0087002021974567
2021-08-23,2021-08-23,0.322648494004229,49523.91,0.0050865296566415
2021-08-24,2021-08-24,-0.0961722307943328,47719.36,-0.0364379549191492
2021-08-25,2021-08-25,-0.4688467531640451,48992.65,0.0266828809103893
2021-08-26,2021-08-26,-0.7794246343413328,46853.06,-0.0436716527887347
2021-08-27,2021-08-27,-0.969769551834722,49083.98,0.04761524647483
2021-08-28,2021-08-28,-1.0215424234951,48931.99,-0.0030965296620202
2021-08-29,2021-08-29,-1.0588585226210208,48795.41,-0.002791221039651
2021-08-30,2021-08-30,-1.245437357347485,47024.7,-0.036288454180424
2021-08-31,2021-08-31,-1.4590518409899689,47150.32,0.002671362071422
2021-09-01,2021-09-01,-1.8463730257316435,48842.94,0.0358983777840744
2021-09-02,2021-09-02,-1.905851811689398,49299.14,0.0093401420962784
2021-09-03,2021-09-03,-1.6034354125427257,50027.08,0.0147657748187899
2021-09-04,2021-09-04,-1.3891170481719688,49940.74,-0.001725865271369
2021-09-05,2021-09-05,-1.0361624604832689,51799.57,0.0372207139902212
2021-09-06,2021-09-06,-0.8949717509455395,52683.97,0.0170735008031919
2021-09-07,2021-09-07,-0.8266062493022819,46864.39,-0.1104620627488779
2021-09-08,2021-09-08,-0.7214156277839129,46062.29,-0.0171153406669755
2021-09-09,2021-09-09,-0.5978925881433682,46413.88,0.0076329248936601
2021-09-10,2021-09-10,-0.6641087000354885,44860.83,-0.0334608957492886
2021-09-11,2021-09-11,-0.6265031134617379,45193.78,0.0074218421727818
2021-09-12,2021-09-12,-0.5017597059075436,46046.73,0.0188731723701802
2021-09-13,2021-09-13,-0.6278389477745897,44975.96,-0.0232539856793306
2021-09-14,2021-09-14,-0.7952042226987135,47087.18,0.0469410769664504
2021-09-15,2021-09-15,-1.038837361271666,48106.12,0.021639435617083
2021-09-16,2021-09-16,-1.069598665945659,47745.55,-0.007495304131782
2021-09-17,2021-09-17,-1.008693455451646,47303.11,-0.0092666227533246
2021-09-18,2021-09-18,-0.9316320330532084,48285.15,0.0207605800126038
2021-09-19,2021-09-19,-0.7291243624216651,47256.91,-0.0212951601061609
2021-09-20,2021-09-20,-0.5348684430232741,43026.6,-0.0895172790603533
2021-09-21,2021-09-21,-0.4449359949394117,40726.1,-0.0534669251114426
2021-09-22,2021-09-22,-0.4258359171946067,43520.0,0.0686021985900933
2021-09-23,2021-09-23,-0.3116536957897574,44828.29,0.0300618106617647
2021-09-24,2021-09-24,-0.138379254788235,42798.49,-0.0452794429588994
2021-09-25,2021-09-25,-0.2265062672794307,42651.58,-0.0034325977388454
2021-09-26,2021-09-26,-0.156514826963671,43150.0,0.011685850793804
2021-09-27,2021-09-27,-0.217702666111737,42122.69,-0.0238078794901506
2021-09-28,2021-09-28,-0.3198770472341549,41006.32,-0.0265028183147848
2021-09-29,2021-09-29,-0.5304890543179053,41499.71,0.0120320477428845
2021-09-30,2021-09-30,-0.4498274116854651,43796.57,0.0553464108544372
2021-10-01,2021-10-01,-0.2515311887302735,48123.94,0.098806139384888
2021-10-02,2021-10-02,-0.1154883012431062,47626.61,-0.0103343574944196
2021-10-03,2021-10-03,-0.0022201302059451,48187.3,0.0117726203901558
2021-10-04,2021-10-04,0.1162883546860552,49198.22,0.020978971637755
2021-10-05,2021-10-05,0.2950699425308948,51455.12,0.0458736108745398
2021-10-06,2021-10-06,0.2446872225665701,55321.6,0.0751427651903249
2021-10-07,2021-10-07,0.3017092162420252,53814.99,-0.0272336664160111
2021-10-08,2021-10-08,0.3558984520163884,53975.0,0.0029733351246559
2021-10-09,2021-10-09,0.4902587385588682,54960.77,0.0182634553033811
2021-10-10,2021-10-10,0.6091809004220945,54700.0,-0.0047446569616836
2021-10-11,2021-10-11,0.6267013348153209,57500.01,0.0511884826325412
2021-10-12,2021-10-12,0.6052992449961526,56011.84,-0.0258812128902239
2021-10-13,2021-10-13,0.598266331697433,57393.65,0.0246699626364712
2021-10-14,2021-10-14,0.653936783134537,57378.19,-0.0002693677784911
2021-10-15,2021-10-15,0.7646499697310688,61702.33,0.0753620844435838
2021-10-16,2021-10-16,0.9291019476315248,60925.56,-0.0125889897512785
2021-10-17,2021-10-17,1.0658735920004851,61571.45,0.0106012977147851
2021-10-18,2021-10-18,1.1197195394881942,62037.92,0.0075760762496255
2021-10-19,2021-10-19,0.9322677530884048,64316.7,0.0367320503330865
2021-10-20,2021-10-20,0.7254117712796156,66064.24,0.0271708592014205
2021-10-21,2021-10-21,0.6653783277226184,62260.33,-0.0575789564823572
2021-10-22,2021-10-22,0.6259675562486585,60734.27,-0.0245109526403088
2021-10-23,2021-10-23,0.6523747345437276,61325.11,0.0097282802608806
2021-10-24,2021-10-24,0.5766789081032853,60902.82,-0.0068860863029842
2021-10-25,2021-10-25,0.5674974364799097,63127.04,0.0365208047837521
2021-10-26,2021-10-26,0.452466060077506,60358.75,-0.0438526818301634
2021-10-27,2021-10-27,0.3910552251639821,58449.36,-0.031634021579307
2021-10-28,2021-10-28,0.4529169478550954,60622.03,0.0371718355855392
2021-10-29,2021-10-29,0.7423878438939929,62308.22,0.0278148059377094
2021-10-30,2021-10-30,0.81205158226229,61895.19,-0.0066288204028296
2021-10-31,2021-10-31,0.9282886689932148,61348.61,-0.0088307346661348
2021-11-01,2021-11-01,0.9332843054713466,60942.87,-0.0066136787777261
2021-11-02,2021-11-02,0.767435303791494,63266.69,0.0381311218195008
2021-11-03,2021-11-03,0.6323769727978737,62946.45,-0.0050617473428751
2021-11-04,2021-11-04,0.4737381162237136,61431.86,-0.024061563440035
2021-11-05,2021-11-05,0.3646602819359313,61006.0,-0.0069322335348466
2021-11-06,2021-11-06,0.1922872345816691,61511.3,0.0082827918565386
2021-11-07,2021-11-07,0.0882108133249963,63316.4,0.0293458275146192
2021-11-08,2021-11-08,-0.0858514980128172,67606.96,0.0677638021113014
2021-11-09,2021-11-09,-0.1879388838682509,67009.98,-0.0088301559484409
2021-11-10,2021-11-10,-0.4326021989873293,64920.13,-0.0311871455565275
2021-11-11,2021-11-11,-0.4970793567020188,64831.3,-0.0013682967055055
2021-11-12,2021-11-12,-0.5358229100440476,64156.08,-0.0104150310112554
2021-11-13,2021-11-13,-0.4987278467434724,64427.0,0.0042228265816739
2021-11-14,2021-11-14,-0.3668882156709988,65568.39,0.0177160196811896
2021-11-15,2021-11-15,-0.3003781127829812,63654.49,-0.0291893700607869
2021-11-16,2021-11-16,-0.4197140130919798,60106.03,-0.0557456355396139
2021-11-17,2021-11-17,-0.6024283602861347,60366.96,0.0043411617769464
2021-11-18,2021-11-18,-0.6740758307671346,56921.05,-0.0570827154456675
2021-11-19,2021-11-19,-0.6900654628030998,58069.51,0.0201763670909091
2021-11-20,2021-11-20,-0.6331517247555862,59716.29,0.0283587720991618
2021-11-21,2021-11-21,-0.6301085758339028,58661.39,-0.0176651965485464
2021-11-22,2021-11-22,-0.6203414328573974,56268.31,-0.0407948055782517
2021-11-23,2021-11-23,-0.7080293349740052,57574.23,0.0232088008330089
2021-11-24,2021-11-24,-0.8991038719591129,57165.08,-0.0071064780197668
2021-11-25,2021-11-25,-0.929651393565734,58988.21,0.0318923720565071
2021-11-26,2021-11-26,-0.6966013495259364,53755.65,-0.0887051836290675
2021-11-27,2021-11-27,-0.4397561542790563,54738.77,0.0182886822129393
2021-11-28,2021-11-28,-0.2235740963804221,57315.73,0.0470774188020668
2021-11-29,2021-11-29,-0.1413432990861896,57827.98,0.0089373370975123
2021-11-30,2021-11-30,-0.1536337562352095,56975.0,-0.0147502990766753
2021-12-01,2021-12-01,-0.157662486469125,57209.29,0.0041121544537077
2021-12-02,2021-12-02,-0.0793941035213088,56513.57,-0.0121609619696381
2021-12-03,2021-12-03,0.005672745664592,53612.0,-0.0513428898581349
2021-12-04,2021-12-04,0.025996795038136,49135.66,-0.0834951130343952
2021-12-05,2021-12-05,0.1470460329880937,49376.6,0.0049035669816992
2021-12-06,2021-12-06,0.155165099565936,50424.72,0.0212270589712535
2021-12-07,2021-12-07,-0.0090243188869498,50577.2,0.0030239136677405
2021-12-08,2021-12-08,-0.1721026520964489,50455.61,-0.0024040476736552
2021-12-09,2021-12-09,-0.1527138773286486,47539.76,-0.0577904022961965
2021-12-10,2021-12-10,-0.1062825397894228,47136.35,-0.0084857390950228
2021-12-11,2021-12-11,-0.0222039082890147,49381.15,0.0476235431890674
2021-12-12,2021-12-12,0.1129241955257129,50057.01,0.013686599036272
2021-12-13,2021-12-13,0.1516653801355486,46679.93,-0.0674646767755405
2021-12-14,2021-12-14,0.1342010816586681,48324.04,0.0352209182832965
2021-12-15,2021-12-15,0.0328394570957942,48870.48,0.0113078293950588
2021-12-16,2021-12-16,0.0692827607383334,47624.5,-0.0254955547807184
2021-12-17,2021-12-17,0.167452500200773,46125.33,-0.0314789656584321
2021-12-18,2021-12-18,0.2461972695817431,46815.99,0.0149735514087379
2021-12-19,2021-12-19,0.3025356067925979,46668.63,-0.0031476425041957
2021-12-20,2021-12-20,0.3183778257492241,46898.14,0.0049178645269853
2021-12-21,2021-12-21,0.2743742863151503,48875.15,0.0421554031780364
2021-12-22,2021-12-22,0.20644817901801,48569.69,-0.0062498017908896
2021-12-23,2021-12-23,0.1921589694804581,50817.92,0.0462887451000819
2021-12-24,2021-12-24,0.4702147564389258,50808.55,-0.0001843837764314
2021-12-25,2021-12-25,0.6143314935550185,50403.64,-0.0079693279969612
2021-12-26,2021-12-26,0.7101808456714084,50765.73,0.0071838065663512
2021-12-27,2021-12-27,0.7614741641631102,50707.72,-0.0011427000064807
2021-12-28,2021-12-28,0.7309749797834876,47522.03,-0.0628245561030944
2021-12-29,2021-12-29,0.5662117840174059,46436.54,-0.0228418272535916
2021-12-30,2021-12-30,0.528490497919898,47095.02,0.0141802123930852
2021-12-31,2021-12-31,0.4413164151344187,46210.56,-0.0187803296399491
2022-01-01,2022-01-01,0.3267667774934023,47704.35,0.0323257281452551
2022-01-02,2022-01-02,0.4171491944809957,47280.0,-0.008895415197985
2022-01-03,2022-01-03,0.2870894924678688,46445.81,-0.0176436125211506
2022-01-04,2022-01-04,0.1335049237251229,45833.42,-0.0131850429565121
2022-01-05,2022-01-05,-0.1472779191226597,43421.69,-0.0526194641377404
2022-01-06,2022-01-06,-0.2943864632870582,43080.01,-0.0078688784337965
2022-01-07,2022-01-07,-0.3764081595034467,41553.86,-0.0354259434944421
2022-01-08,2022-01-08,-0.3333976335025609,41688.05,0.0032293028854599
2022-01-09,2022-01-09,-0.3133911337513533,41851.22,0.0039140712986094
2022-01-10,2022-01-10,-0.3172893171719566,41801.55,-0.0011868232276143
2022-01-11,2022-01-11,-0.5821365343207562,42700.68,0.0215094894806531
2022-01-12,2022-01-12,-0.8612788794919314,43880.72,0.0276351570982007
2022-01-13,2022-01-13,-1.023620004800363,42534.32,-0.0306831793097287
2022-01-14,2022-01-14,-1.1238040393026978,43042.4,0.0119451774472942
2022-01-15,2022-01-15,-1.111594220499264,43070.51,0.0006530769659685
2022-01-16,2022-01-16,-1.094530588843187,43060.66,-0.0002286947612182
2022-01-17,2022-01-17,-1.0596019519378983,42176.34,-0.0205366104467513
2022-01-18,2022-01-18,-1.1264389711698866,42337.58,0.0038229964951914
2022-01-19,2022-01-19,-1.2334742674105486,41657.89,-0.0160540588290593
2022-01-20,2022-01-20,-1.193742216812217,40661.69,-0.0239138372106699
2022-01-21,2022-01-21,-0.991368769122606,36425.98,-0.1041695512409838
2022-01-22,2022-01-22,-1.0148639791448308,35043.73,-0.0379468170794581
2022-01-23,2022-01-23,-1.012838086644369,36230.01,0.0338514193551884
2022-01-24,2022-01-24,-1.0319676530084574,36648.31,0.0115456771886068
2022-01-25,2022-01-25,-1.0225984684293057,36934.26,0.0078025426001908
2022-01-26,2022-01-26,-1.0255183768270328,36787.43,-0.0039754417714068
2022-01-27,2022-01-27,-1.0359845317647725,37131.0,0.009339331396621
2022-01-28,2022-01-28,-1.0173255733043145,37696.21,0.0152220516549512
2022-01-29,2022-01-29,-1.0069535152407485,38150.01,0.0120383454994548
2022-01-30,2022-01-30,-1.0082443498533635,37870.01,-0.0073394476174448
2022-01-31,2022-01-31,-0.801720673784161,38439.04,0.0150258740359454
2022-02-01,2022-02-01,-0.5353500129127232,38680.51,0.0062818946570986
2022-02-02,2022-02-02,-0.3525825350576071,36892.03,-0.0462372393745584
2022-02-03,2022-02-03,-0.1484413269015642,37289.86,0.0107836299601837
2022-02-04,2022-02-04,-0.0431624761989424,41550.0,0.11424392582863
2022-02-05,2022-02-05,0.0458233375211689,41374.69,-0.0042192539109505
2022-02-06,2022-02-06,0.169885895987196,42361.35,0.0238469460435835
2022-02-07,2022-02-07,0.2430686284569158,43829.99,0.0346693389138921
2022-02-08,2022-02-08,0.176312804242511,44021.57,0.0043709797789139
2022-02-09,2022-02-09,0.1605483917558926,44358.08,0.0076442071466329
2022-02-10,2022-02-10,0.0804518244434555,43471.29,-0.0199916227212719
2022-02-11,2022-02-11,0.0943448113806456,42366.0,-0.025425746509938
2022-02-12,2022-02-12,0.1300834204706771,42199.87,-0.0039213048199027
2022-02-13,2022-02-13,0.192150622047288,42041.13,-0.0037616229623457
2022-02-14,2022-02-14,0.2420131719805918,42525.14,0.0115127733245989
2022-02-15,2022-02-15,0.2664665767608467,44529.6,0.0471358824450665
2022-02-16,2022-02-16,0.1793135299600574,43860.7,-0.0150214688656534
2022-02-17,2022-02-17,0.2230471074412446,40491.7,-0.0768113595998239
2022-02-18,2022-02-18,0.446883703219653,39966.8,-0.0129631504728128
2022-02-19,2022-02-19,0.575520569089089,40052.6,0.0021467818289178
2022-02-20,2022-02-20,0.6331630628961724,38368.1,-0.0420571947888526
2022-02-21,2022-02-21,0.5022153932814684,36986.4,-0.0360116867918921
2022-02-22,2022-02-22,0.3125102031627926,38212.0,0.0331365042285811
2022-02-23,2022-02-23,0.1786034791804037,37227.8,-0.0257563069192923
2022-02-24,2022-02-24,0.091873533936813,38315.1,0.0292066681351033
2022-02-25,2022-02-25,-0.0440417498959161,39205.4,0.0232362697735357
2022-02-26,2022-02-26,-0.0364808907278623,39099.3,-0.0027062598519591
2022-02-27,2022-02-27,-0.0214519740680107,37672.0,-0.036504489850202
2022-02-28,2022-02-28,-0.029186541063628,43155.0,0.1455457634317265
2022-03-01,2022-03-01,-0.1379798465616195,44394.1,0.0287127795156991
2022-03-02,2022-03-02,-0.1356049210937118,43885.7,-0.0114519722215339
2022-03-03,2022-03-03,-0.0298099010798809,42449.5,-0.0327259221113026
2022-03-04,2022-03-04,0.0735953645621168,39127.7,-0.0782529829562186
2022-03-05,2022-03-05,0.1817659008890977,39375.1,0.0063228863439457
2022-03-06,2022-03-06,0.2998451568062553,38401.1,-0.0247364451137901
2022-03-07,2022-03-07,0.3661872729286307,37963.8,-0.011387694623331
2022-03-08,2022-03-08,0.1945508578066828,38709.9,0.0196529325304632
2022-03-09,2022-03-09,-0.0141420834425449,41937.5,0.08337918723634
2022-03-10,2022-03-10,-0.1353659710975217,39407.2,-0.0603350223546945
2022-03-11,2022-03-11,-0.1323251233433134,38713.0,-0.0176160701597677
2022-03-12,2022-03-12,-0.1955957503952988,38792.6,0.0020561568465373
2022-03-13,2022-03-13,-0.1924753612437307,37743.7,-0.0270386620128582
2022-03-14,2022-03-14,-0.2113002908297078,39653.8,0.0506071211884369
2022-03-15,2022-03-15,-0.3397557119958849,39271.0,-0.0096535514881298
2022-03-16,2022-03-16,-0.4728527576769805,41105.8,0.0467214993252018
2022-03-17,2022-03-17,-0.4631138955733953,40898.1,-0.0050528149312263
2022-03-18,2022-03-18,-0.1946117290124293,41751.5,0.020866495020551
2022-03-19,2022-03-19,0.0173514640331634,42188.2,0.0104595044489419
2022-03-20,2022-03-20,0.2538752065867841,41261.0,-0.0219777094068956
2022-03-21,2022-03-21,0.289917417549441,40982.0,-0.0067618332081141
2022-03-22,2022-03-22,0.3028878102489169,42349.8,0.0333756283246304
2022-03-23,2022-03-23,0.3155382451730271,42867.9,0.0122338240086139
2022-03-24,2022-03-24,0.3983035861196301,43973.4,0.0257885270797029
2022-03-25,2022-03-25,0.3955799092722407,44290.6,0.0072134517685691
2022-03-26,2022-03-26,0.487913359449213,44489.2,0.0044840214402153
2022-03-27,2022-03-27,0.5983676185253703,46820.8,0.0524082249175081
2022-03-28,2022-03-28,0.5347681362255322,47121.9,0.0064309025048696
2022-03-29,2022-03-29,0.525004346830741,47418.5,0.0062943132598642
2022-03-30,2022-03-30,0.3290604041419319,47053.2,-0.0077037443192004
2022-03-31,2022-03-31,0.3965169116478601,45506.0,-0.0328819293905621
2022-04-01,2022-04-01,0.4520449255916845,46266.2,0.016705489386015
2022-04-02,2022-04-02,0.3820109136607229,45794.6,-0.0101931863866061
2022-04-03,2022-04-03,0.4581841712977851,46392.4,0.0130539408576557
2022-04-04,2022-04-04,0.6030997489274527,46580.9,0.0040631655184901
2022-04-05,2022-04-05,0.398375199011746,45477.4,-0.0236899673471315
2022-04-06,2022-04-06,0.1342772048819372,43159.7,-0.0509637754137221
2022-04-07,2022-04-07,-0.008065501373285,43417.1,0.0059638968760209
2022-04-08,2022-04-08,-0.1464824429129658,42229.2,-0.027360187575863
2022-04-09,2022-04-09,-0.2176841719693729,42727.7,0.0118046280772545
2022-04-10,2022-04-10,-0.2283254974453239,42140.4,-0.0137451816971191
2022-04-11,2022-04-11,-0.4587130166776214,39505.6,-0.0625243234520792
2022-04-12,2022-04-12,-0.5707506894869184,40060.7,0.0140511724920011
2022-04-13,2022-04-13,-0.9080069297057765,41129.8,0.0266870024737462
2022-04-14,2022-04-14,-1.1274790273498,39915.9,-0.0295138804467807
2022-04-15,2022-04-15,-0.953740649470892,40529.5,0.0153723203034379
2022-04-16,2022-04-16,-0.7317148396174019,40361.0,-0.0041574655497846
2022-04-17,2022-04-17,-0.5401838920553278,39649.1,-0.0176383142142166
2022-04-18,2022-04-18,-0.5236521458485193,40785.6,0.0286639545412128
2022-04-19,2022-04-19,-0.6040043675965638,41472.9,0.0168515358361776
2022-04-20,2022-04-20,-0.7375202142221547,41327.7,-0.0035010814290779
2022-04-21,2022-04-21,-0.6497203900560999,40449.8,-0.0212424112641157
2022-04-22,2022-04-22,-0.5999773717058442,39674.2,-0.0191743840513427
2022-04-23,2022-04-23,-0.5213130472082607,39415.1,-0.0065306924903337
2022-04-24,2022-04-24,-0.4676405022020804,39433.4,0.0004642890668804
2022-04-25,2022-04-25,-0.5657651185519125,40411.0,0.0247911668788387
2022-04-26,2022-04-26,-0.7860904941218256,38093.7,-0.0573432976169855
2022-04-27,2022-04-27,-1.0151560176726904,39209.0,0.0292778070914614
2022-04-28,2022-04-28,-1.026028657878223,39732.5,0.0133515264352572
2022-04-29,2022-04-29,-0.9929933349170268,38572.2,-0.0292027936827534
2022-04-30,2022-04-30,-0.9544873689701134,37614.5,-0.0248287626840054
2022-05-01,2022-05-01,-0.7874213191004308,38440.5,0.0219596166372011
2022-05-02,2022-05-02,-0.7584105146122241,38525.6,0.0022138109545921
2022-05-03,2022-05-03,-0.7720306264992913,37712.9,-0.0210950640612994
2022-05-04,2022-05-04,-0.7175984293799043,39684.0,0.0522659355286916
2022-05-05,2022-05-05,-0.745752338696948,36534.7,-0.0793594395726238
2022-05-06,2022-05-06,-0.7429915358951179,35995.3,-0.0147640462354965
2022-05-07,2022-05-07,-0.6314713752460698,35466.7,-0.0146852505743807
2022-05-08,2022-05-08,-0.5553310646918201,34032.0,-0.040452029650348
2022-05-09,2022-05-09,-0.5743095147181292,30056.6,-0.1168135872120357
2022-05-10,2022-05-10,-0.7398981864118889,31002.1,0.0314573171948922
2022-05-11,2022-05-11,-0.9642579267863006,29074.7,-0.0621699820334751
2022-05-12,2022-05-12,-1.036225912052864,29020.7,-0.0018572848559056
2022-05-13,2022-05-13,-0.978128210692074,29274.3,0.0087385900409018
2022-05-14,2022-05-14,-0.9565402018099628,30079.8,0.0275156024226028
2022-05-15,2022-05-15,-0.6142918913833096,31324.4,0.0413766048976389
2022-05-16,2022-05-16,-0.4043264688955616,29866.7,-0.0465356080244154
2022-05-17,2022-05-17,-0.368253718802407,30437.0,0.0190948447602179
2022-05-18,2022-05-18,-0.2575114180243116,28700.6,-0.0570489864309886
2022-05-19,2022-05-19,0.048607636717905,30319.9,0.0564204232664127
2022-05-20,2022-05-20,0.4162378139252221,29188.9,-0.0373022338464177
2022-05-21,2022-05-21,0.9650648961937608,29427.4,0.0081709142859101
2022-05-22,2022-05-22,1.7519484408626556,30284.0,0.0291089256951004
2022-05-23,2022-05-23,2.101811689402896,29097.7,-0.0391725003302073
2022-05-24,2022-05-24,2.258300756818278,29643.1,0.0187437495059745
2022-05-25,2022-05-25,2.271676617079309,29536.7,-0.0035893681834895
2022-05-26,2022-05-26,2.4101464071993592,29194.0,-0.0116025148374734
2022-05-27,2022-05-27,2.437089783791893,28623.2,-0.0195519627320681
2022-05-28,2022-05-28,2.610306434866748,29018.8,0.0138209564269542
2022-05-29,2022-05-29,2.773359753453174,29452.8,0.0149558217431458
2022-05-30,2022-05-30,2.7707975877042736,31726.5,0.0771980932203391
2022-05-31,2022-05-31,2.251845420776477,31797.8,0.002247332671426
2022-06-01,2022-06-01,1.4658471735404823,29796.9,-0.0629257370006729
2022-06-02,2022-06-02,1.3159352124786443,30437.1,0.0214854565407809
2022-06-03,2022-06-03,1.3276155069149034,29682.8,-0.0247822558653747
2022-06-04,2022-06-04,1.36755218462054,29848.4,0.0055789885051276
2022-06-05,2022-06-05,1.450135144356433,29909.9,0.0020604119483791
2022-06-06,2022-06-06,1.5292349834240495,31361.2,0.0485223955947695
2022-06-07,2022-06-07,1.189452888599924,31118.1,-0.0077516166473222
2022-06-08,2022-06-08,0.8641060971664415,30192.5,-0.0297447466265613
2022-06-09,2022-06-09,0.8411078625233736,30093.3,-0.0032855841682537
2022-06-10,2022-06-10,0.9444597069889866,29077.7,-0.0337483758843329
2022-06-11,2022-06-11,0.995551312541544,28416.7,-0.0227321968381267
2022-06-12,2022-06-12,0.7995628746733153,26564.7,-0.0651729440786579
2022-06-13,2022-06-13,0.334335403054752,22471.5,-0.1540841793809078
2022-06-14,2022-06-14,-0.4529260176965757,22122.7,-0.0155218832743697
2022-06-15,2022-06-15,-1.1937611529813656,22567.5,0.0201060449221839
2022-06-16,2022-06-16,-1.6580812889574688,20387.4,-0.0966035227650381
2022-06-17,2022-06-17,-2.00726947617856,20457.3,0.003428588245681
2022-06-18,2022-06-18,-2.479916077627129,18959.7,-0.0732061415729348
2022-06-19,2022-06-19,-2.9514573522355936,20564.2,0.0846268664588574
2022-06-20,2022-06-20,-3.0173162487607104,20570.1,0.0002869063712664
2022-06-21,2022-06-21,-3.020135288642781,20713.1,0.0069518378617507
2022-06-22,2022-06-22,-3.086738042025173,19977.4,-0.0355185848569261
2022-06-23,2022-06-23,-2.8190840003675897,21096.6,0.0560233063361597
2022-06-24,2022-06-24,-2.501554336014796,21231.2,0.0063801750045031
2022-06-25,2022-06-25,-2.0465935621118594,21481.9,0.0118080937488225
2022-06-26,2022-06-26,-1.556371331440889,21029.1,-0.0210782100279771
2022-06-27,2022-06-27,-1.1941365670180724,20730.0,-0.0142231479235914
2022-06-28,2022-06-28,-0.8713304089824472,20268.6,-0.0222575976845152
2022-06-29,2022-06-29,-0.7348881133898078,20109.9,-0.0078298451792426
2022-06-30,2022-06-30,-0.7189517832016382,19923.5,-0.0092690664796941
2022-07-01,2022-07-01,-0.7051396428232088,19272.0,-0.0327000777975757
2022-07-02,2022-07-02,-0.6131106473647954,19240.9,-0.0016137401411373
2022-07-03,2022-07-03,-0.5478008297694226,19305.9,0.0033782203535177
2022-07-04,2022-07-04,-0.3171095705203253,20226.6,0.0476900843783505
2022-07-05,2022-07-05,-0.398611585872088,20170.0,-0.0027982953140912
2022-07-06,2022-07-06,-0.6807550478161355,20554.1,0.0190431333663856
2022-07-07,2022-07-07,-0.5667742342567563,21613.4,0.0515371629018055
2022-07-08,2022-07-08,-0.3911339818568546,21587.9,-0.0011798236279345
2022-07-09,2022-07-09,-0.0569170099981037,21580.0,-0.0003659457381218
2022-07-10,2022-07-10,0.2667420242281744,20853.8,-0.0336515291936978
2022-07-11,2022-07-11,0.4091927976147327,19954.3,-0.0431336255262829
2022-07-12,2022-07-12,0.4430170625014813,19322.9,-0.0316423026615816
2022-07-13,2022-07-13,0.3441762500004721,20220.1,0.0464319537957551
2022-07-14,2022-07-14,0.3157917862943183,20578.6,0.0177298826415299
2022-07-15,2022-07-15,0.2623458361211662,20823.1,0.0118812747222842
2022-07-16,2022-07-16,0.2443857749708527,21183.5,0.0173077015429981
2022-07-17,2022-07-17,0.2671717203140134,20794.4,-0.0183680694880449
2022-07-18,2022-07-18,0.2388031119553794,22423.9,0.0783624437348518
2022-07-19,2022-07-19,0.1097784846023807,23385.9,0.0429006551045982
2022-07-20,2022-07-20,-0.0669505694074202,23221.5,-0.0070298769771529
2022-07-21,2022-07-21,-0.0030750268454986,23144.5,-0.0033158925995305
2022-07-22,2022-07-22,0.1084250153703144,22675.1,-0.0202812763291495
2022-07-23,2022-07-23,0.2952899971393467,22440.2,-0.0103593809950121
2022-07-24,2022-07-24,0.4856096802662045,22570.6,0.0058109999019615
2022-07-25,2022-07-25,0.5762897217523252,21300.0,-0.0562944715692094
2022-07-26,2022-07-26,0.5791610826979448,21241.0,-0.0027699530516431
2022-07-27,2022-07-27,0.3252071566254321,22941.1,0.0800386045854715
2022-07-28,2022-07-28,0.3216948918125453,23836.2,0.039017309544878
2022-07-29,2022-07-29,0.2795116083301787,23771.1,-0.0027311400307097
2022-07-30,2022-07-30,0.328915707337374,23629.9,-0.0059399859493248
2022-07-31,2022-07-31,0.5511451637554265,23290.1,-0.0143800862466622
2022-08-01,2022-08-01,0.5254482855777621,23257.6,-0.001395442698829
2022-08-02,2022-08-02,0.4131540183301225,22975.1,-0.0121465671436433
2022-08-03,2022-08-03,0.0631561569221409,22801.5,-0.007556006285065
2022-08-04,2022-08-04,0.0733610885287266,22608.9,-0.00844681270969
2022-08-05,2022-08-05,0.1381167752194123,23298.1,0.0304835706292654
2022-08-06,2022-08-06,0.2730158121417224,22943.3,-0.0152287096372665
2022-08-07,2022-08-07,0.5761161875898203,23167.8,0.0097849916969223
2022-08-08,2022-08-08,0.5288177814736952,23804.4,0.0274777924533189
2022-08-09,2022-08-09,0.2911508526778393,23140.2,-0.0279024045974694
2022-08-10,2022-08-10,-0.1555259092480655,23940.9,0.034602120984261
2022-08-11,2022-08-11,-0.2080534870302385,23917.2,-0.0009899377216395
2022-08-12,2022-08-12,-0.1344264212571026,24387.5,0.0196636730052013
2022-08-13,2022-08-13,0.1419411464196613,24429.0,0.0017016914402869
2022-08-14,2022-08-14,0.5504271810371798,24294.1,-0.0055221253428302
2022-08-15,2022-08-15,0.6429578682048616,24085.2,-0.0085987955923453
2022-08-16,2022-08-16,0.6091751125371954,23843.0,-0.0100559679803364
2022-08-17,2022-08-17,0.0660608800192139,23333.1,-0.0213857316612843
2022-08-18,2022-08-18,0.2634154479989589,23185.1,-0.0063429205720628
2022-08-19,2022-08-19,0.2755921788339789,20824.9,-0.101798137596991
2022-08-20,2022-08-20,0.2888484332054716,21127.8,0.0145450878515622
2022-08-21,2022-08-21,0.4040143904549914,21505.6,0.0178816535559782
2022-08-22,2022-08-22,0.2215442932159133,21387.0,-0.0055148426456363
2022-08-23,2022-08-23,-0.08579213350116,21518.2,0.006134567728059
2022-08-24,2022-08-24,-0.7288620149684063,21354.9,-0.0075889247241869
2022-08-25,2022-08-25,-0.7869277749265595,21548.3,0.0090564694753896
2022-08-26,2022-08-26,-0.8157558274927414,20228.7,-0.0612391696792785
2022-08-27,2022-08-27,-0.8071885128820293,20023.9,-0.0101242294363947
2022-08-28,2022-08-28,-0.8028575956423024,19547.5,-0.0237915690749555
2022-08-29,2022-08-29,-0.6439102306621496,20275.5,0.0372426141450312
2022-08-30,2022-08-30,-0.4653110730586258,19803.1,-0.023299055510345
2022-08-31,2022-08-31,-0.6659203139557227,20041.5,0.012038519221738
2022-09-01,2022-09-01,-0.6177672614470912,20122.5,0.0040416136516727
2022-09-02,2022-09-02,-0.5707932707310055,19941.0,-0.0090197540067089
2022-09-03,2022-09-03,-0.4375493044432959,19820.7,-0.0060327967504136
2022-09-04,2022-09-04,-0.4176551415796977,19992.7,0.0086777964451305
2022-09-05,2022-09-05,-0.451925874982635,19784.9,-0.0103937937347131
2022-09-06,2022-09-06,-0.3827187357528722,18781.5,-0.0507154446067456
2022-09-07,2022-09-07,-0.7245924209312287,19287.0,0.0269147831642839
2022-09-08,2022-09-08,-0.7691441891570606,19309.3,0.0011562192150151
2022-09-09,2022-09-09,-0.7977902022006842,21352.0,0.1057884024796342
2022-09-10,2022-09-10,-0.6291555951781906,21639.5,0.0134647808167853
2022-09-11,2022-09-11,-0.1774928889447796,21820.3,0.0083550913838119
2022-09-12,2022-09-12,0.0920720917533467,22386.0,0.0259253997424417
2022-09-13,2022-09-13,0.1506061761729323,20162.5,-0.0993254712766907
2022-09-14,2022-09-14,0.0240422547904746,20217.0,0.0027030378177308
2022-09-15,2022-09-15,0.076780715364455,19690.8,-0.0260276005342039
2022-09-16,2022-09-16,0.2463618682930286,19792.5,0.0051648485587179
2022-09-17,2022-09-17,0.5815434969717046,20102.0,0.0156372363268915
2022-09-18,2022-09-18,0.7837978131877905,19404.5,-0.0346980399960202
2022-09-19,2022-09-19,0.7448300485604291,19528.6,0.0063954237419154
2022-09-20,2022-09-20,0.5892016114080175,18866.8,-0.033888758026689
2022-09-21,2022-09-21,-0.0188724486026023,18447.5,-0.0222242245637839
2022-09-22,2022-09-22,-0.2183972462177109,19392.5,0.0512264534489768
2022-09-23,2022-09-23,-0.2482604616958556,19280.7,-0.005765115379657
2022-09-24,2022-09-24,0.0328156252289831,18911.0,-0.0191746150295373
2022-09-25,2022-09-25,0.2470606010797302,18799.7,-0.0058854634868594
2022-09-26,2022-09-26,0.2515496483391701,19216.3,0.0221599280839586
2022-09-27,2022-09-27,0.1234443069882623,19070.1,-0.007608124352763
2022-09-28,2022-09-28,-0.0747972443696278,19407.3,0.0176821306652823
2022-09-29,2022-09-29,0.0505820359424203,19582.5,0.0090275308775564
2022-09-30,2022-09-30,0.1661385138545438,19411.7,-0.0087220732797139
2022-10-01,2022-10-01,0.4813504423517467,19304.0,-0.0055482003121829
2022-10-02,2022-10-02,0.8056749419525242,19049.4,-0.0131889763779526
2022-10-03,2022-10-03,0.9027485119146478,19622.0,0.0300586895125305
2022-10-04,2022-10-04,0.7143236035253268,20333.0,0.0362348384466415
2022-10-05,2022-10-05,0.5869675407834553,20150.0,-0.0090001475434023
2022-10-06,2022-10-06,0.7017859432798677,19954.0,-0.0097270471464019
2022-10-07,2022-10-07,0.7788606812662721,19520.9,-0.0217049213190336
2022-10-08,2022-10-08,0.9810386538706592,19406.2,-0.0058757536793898
2022-10-09,2022-10-09,1.133754786738106,19430.0,0.0012264121775513
2022-10-10,2022-10-10,1.1831473570033206,19124.0,-0.0157488419969119
2022-10-11,2022-10-11,1.0387107414515335,19055.0,-0.003608031792512
2022-10-12,2022-10-12,0.6820309750816698,19148.0,0.004880608764104
2022-10-13,2022-10-13,0.6324323430005228,19365.5,0.0113588886567788
2022-10-14,2022-10-14,0.6179246783556005,19164.6,-0.0103741189228268
2022-10-15,2022-10-15,0.9210499956148654,19060.4,-0.0054371080012104
2022-10-16,2022-10-16,1.197324203948995,19251.9,0.0100470084573252
2022-10-17,2022-10-17,1.249222155736779,19540.6,0.0149959224803783
2022-10-18,2022-10-18,1.042028141482757,19320.9,-0.0112432576277082
2022-10-19,2022-10-19,0.7544837139800794,19116.7,-0.010568865839583
2022-10-20,2022-10-20,0.7679453218867058,19034.7,-0.0042894432616508
2022-10-21,2022-10-21,0.8162087932475081,19150.9,0.0061046404724003
2022-10-22,2022-10-22,1.0048779760745823,19195.1,0.0023079855254843
2022-10-23,2022-10-23,1.2525179750039792,19560.7,0.0190465274992055
2022-10-24,2022-10-24,1.313924531854982,19318.1,-0.0124024191363295
2022-10-25,2022-10-25,0.8077380609351005,20068.3,0.0388340468265513
2022-10-26,2022-10-26,0.0721781945164844,20758.3,0.0343825834774245
2022-10-27,2022-10-27,-0.1854978783913846,20285.5,-0.0227764315960362
2022-10-28,2022-10-28,-0.1407365584426857,20582.8,0.0146557886174853
2022-10-29,2022-10-29,-0.0592753101844927,20796.7,0.0103921721048643
2022-10-30,2022-10-30,0.044823381006594,20615.6,-0.0087081123447471
2022-10-31,2022-10-31,0.0762920777841979,20482.0,-0.0064805293079026
2022-11-01,2022-11-01,-0.0888263842685215,20472.1,-0.000483351235231
2022-11-02,2022-11-02,-0.4186134732718651,20140.1,-0.0162171931555629
2022-11-03,2022-11-03,-0.5997620792426401,20199.7,0.0029592703114682
2022-11-04,2022-11-04,-0.773377942942653,21137.6,0.0464313826442965
2022-11-05,2022-11-05,-0.6204016608215062,21289.9,0.0072051699341459
2022-11-06,2022-11-06,-0.6403964017879712,20900.0,-0.0183138483506264
2022-11-07,2022-11-07,-0.8009528833313799,20578.6,-0.015377990430622
2022-11-08,2022-11-08,-0.8586114155357975,18534.0,-0.0993556412972699
2022-11-09,2022-11-09,-1.3375234424720166,15905.0,-0.1418474155605913
2022-11-10,2022-11-10,-1.5487619546049385,17588.0,0.1058157812008802
2022-11-11,2022-11-11,-1.751106118918776,17058.3,-0.0301171253127132
2022-11-12,2022-11-12,-1.815126963267036,16806.9,-0.014737693674047
2022-11-13,2022-11-13,-1.786452394403344,16321.2,-0.0288988451171841
2022-11-14,2022-11-14,-1.5574047001008138,16605.2,0.0174006813224518
2022-11-15,2022-11-15,-1.5264178236712154,16888.3,0.0170488762556306
2022-11-16,2022-11-16,-1.3392650691625283,16650.6,-0.014074832872462
2022-11-17,2022-11-17,-1.1227491297390169,16682.1,0.0018918237180642
2022-11-18,2022-11-18,-1.115279007740086,16689.7,0.0004555781346473
2022-11-19,2022-11-19,-0.6994424895329604,16692.9,0.0001917350221993
2022-11-20,2022-11-20,-0.4316198426878036,16272.6,-0.0251783692468056
2022-11-21,2022-11-21,-0.0959023968724146,15773.0,-0.0307019161043717
2022-11-22,2022-11-22,0.1674801857158426,16220.6,0.0283776073036201
2022-11-23,2022-11-23,0.5285893718454503,16595.8,0.0231310802313107
2022-11-24,2022-11-24,1.0314336444600674,16592.4,-0.0002048711119679
2022-11-25,2022-11-25,1.2143905200333895,16516.1,-0.0045984908753406
2022-11-26,2022-11-26,1.6440829124310057,16449.2,-0.0040505930576829
2022-11-27,2022-11-27,2.0848239137509865,16422.6,-0.0016170999197531
2022-11-28,2022-11-28,2.329511066654838,16204.5,-0.0132804793394467
2022-11-29,2022-11-29,2.439375340604788,16433.2,0.0141133635718473
2022-11-30,2022-11-30,2.7163532336775877,17153.3,0.0438198281527637
2022-12-01,2022-12-01,2.997142213037568,16970.5,-0.0106568415406947
2022-12-02,2022-12-02,3.225566981082428,17083.0,0.0066291505848383
2022-12-03,2022-12-03,3.402054646215708,16879.5,-0.0119124275595621
2022-12-04,2022-12-04,3.5251957720780367,17099.5,0.0130335614206582
2022-12-05,2022-12-05,3.667351278713914,16958.3,-0.0082575513903915
2022-12-06,2022-12-06,3.3957825972816327,17078.6,0.0070938714375849
2022-12-07,2022-12-07,2.9557961658235734,16828.0,-0.0146733338798261
2022-12-08,2022-12-08,2.8634536185051216,17216.0,0.0230568100784407
2022-12-09,2022-12-09,2.70679448781909,17122.0,-0.0054600371747212
2022-12-10,2022-12-10,2.6233642130308654,17120.0,-0.0001168087840205
2022-12-11,2022-12-11,2.614046415170085,17077.3,-0.0024941588785046
2022-12-12,2022-12-12,2.372559303237621,17200.0,0.0071849765478149
2022-12-13,2022-12-13,1.8267439670751515,17777.1,0.0335523255813952
2022-12-14,2022-12-14,1.0354970222221502,17803.9,0.0015075574756289
2022-12-15,2022-12-15,0.8334407204475229,17351.8,-0.0253933127011498
2022-12-16,2022-12-16,0.4880557373128187,16624.1,-0.0419380121947002
2022-12-17,2022-12-17,0.4424294954465589,16768.0,0.0086561076990634
2022-12-18,2022-12-18,0.4662748134535244,16730.3,-0.0022483301526717
2022-12-19,2022-12-19,0.2972246824504185,16429.2,-0.0179972863606748
2022-12-20,2022-12-20,-0.123487614246617,16887.2,0.0278771942638715
2022-12-21,2022-12-21,-0.5620977069771208,16819.6,-0.0040030318821356
2022-12-22,2022-12-22,-0.6634037333374144,16815.5,-0.0002437632286141
2022-12-23,2022-12-23,-0.547886082179545,16776.4,-0.0023252356456839
2022-12-24,2022-12-24,-0.0956806496123971,16828.9,0.0031293960563649
2022-12-25,2022-12-25,0.1550108524578607,16824.4,-0.0002673971560827
2022-12-26,2022-12-26,0.5160108209068262,16912.9,0.0052602173034401
2022-12-27,2022-12-27,0.5804235997558018,16698.2,-0.0126944521637331
2022-12-28,2022-12-28,0.3621879505601277,16539.0,-0.0095339617443797
2022-12-29,2022-12-29,0.4758514479545062,16630.3,0.0055202853860572
2022-12-30,2022-12-30,0.5563825663800153,16601.2,-0.0017498181031009
2022-12-31,2022-12-31,0.7326149110569479,16537.6,-0.0038310483579501
2023-01-01,2023-01-01,0.9832686993791284,16610.3,0.0043960429566562
2023-01-02,2023-01-02,1.1931288372895914,16666.0,0.0033533409992594
2023-01-03,2023-01-03,1.0278859160641545,16667.2,7.20028801153294e-05
2023-01-04,2023-01-04,0.6263853344809358,16842.1,0.0104936642027453
2023-01-05,2023-01-05,0.3988725312250702,16823.8,-0.0010865628395508
2023-01-06,2023-01-06,0.2063916327867525,16943.8,0.007132752410276
2023-01-07,2023-01-07,0.2950829509294229,16936.5,-0.000430836058027
2023-01-08,2023-01-08,0.4260522908541887,17124.7,0.011112095179051
2023-01-09,2023-01-09,0.4494533135865521,17169.7,0.0026277832604366
2023-01-10,2023-01-10,0.2366164190712895,17428.8,0.0150905374001875
2023-01-11,2023-01-11,-0.1297421645256235,17935.7,0.0290840447994125
2023-01-12,2023-01-12,-0.4432085982254288,18838.0,0.0503074873018616
2023-01-13,2023-01-13,-0.5842511031361909,19924.2,0.0576600488374563
2023-01-14,2023-01-14,-0.5283528538663003,20962.8,0.0521275634655342
2023-01-15,2023-01-15,-0.3596904729573357,20882.7,-0.0038210544392923
2023-01-16,2023-01-16,-0.0813103512969213,21188.3,0.0146341229821813
2023-01-17,2023-01-17,-0.112763811593009,21130.9,-0.0027090422544516
2023-01-18,2023-01-18,-0.2481581057019044,20680.0,-0.0213384190924191
2023-01-19,2023-01-19,0.0100237391425848,21068.3,0.0187765957446808
2023-01-20,2023-01-20,0.2794897066150462,22661.1,0.0756017334099097
2023-01-21,2023-01-21,0.4393540054944525,22781.9,0.0053307209270512
2023-01-22,2023-01-22,0.917295522693889,22704.6,-0.0033930444782921
2023-01-23,2023-01-23,1.2626958282514258,22913.1,0.0091831611215349
2023-01-24,2023-01-24,1.5281584770458316,22627.4,-0.0124688496973346
2023-01-25,2023-01-25,1.4827320081203674,23060.6,0.0191449304825122
2023-01-26,2023-01-26,1.5366253805289811,23001.9,-0.002545467160438
2023-01-27,2023-01-27,1.7148362044247805,23068.0,0.0028736756528808
2023-01-28,2023-01-28,2.203011338346753,23015.9,-0.0022585399687878
2023-01-29,2023-01-29,2.486800016852926,23740.3,0.0314738941340551
2023-01-30,2023-01-30,2.3853915985105285,22819.9,-0.0387695184980811
2023-01-31,2023-01-31,2.357619997342183,23119.4,0.0131245097480707
2023-02-01,2023-02-01,1.9924784272123104,23730.0,0.0264107200013841
2023-02-02,2023-02-02,1.978167171694553,23493.1,-0.0099831436999578
2023-02-03,2023-02-03,1.819844248927286,23424.7,-0.0029114931618219
2023-02-04,2023-02-04,2.16682845592135,23322.6,-0.0043586470691194
2023-02-05,2023-02-05,2.3198648053042104,22929.2,-0.0168677591692177
2023-02-06,2023-02-06,2.3377250765468363,22757.7,-0.0074795457320796
2023-02-07,2023-02-07,1.901010725263789,23234.1,0.0209335741309533
2023-02-08,2023-02-08,1.441226201397832,22955.9,-0.0119737799183096
2023-02-09,2023-02-09,1.3976554201140028,21793.4,-0.0506405760610562
2023-02-10,2023-02-10,1.1079364214539893,21618.6,-0.0080207769324659
2023-02-11,2023-02-11,1.0163697038948512,21851.3,0.0107638792521256
2023-02-12,2023-02-12,0.8848891631899226,21771.1,-0.0036702621811974
2023-02-13,2023-02-13,0.715542433748706,21766.2,-0.0002250690135086
2023-02-14,2023-02-14,0.092956987032309,22187.4,0.0193511040052927
2023-02-15,2023-02-15,-0.4102120009523264,24332.6,0.0966855061881968
2023-02-16,2023-02-16,-0.816670454432884,23526.6,-0.0331242859373843
2023-02-17,2023-02-17,-1.2277737507104605,24581.5,0.0448386082136815
2023-02-18,2023-02-18,-1.1914798012417316,24636.9,0.0022537273966194
2023-02-19,2023-02-19,-0.6456384638647038,24265.9,-0.0150587127438922
2023-02-20,2023-02-20,-0.036066365710953,24849.9,0.024066694414796
2023-02-21,2023-02-21,0.1301703011044661,24443.4,-0.016358214721186
2023-02-22,2023-02-22,0.0638855034622678,24171.3,-0.0111318392694961
2023-02-23,2023-02-23,0.2074339199232807,23928.8,-0.0100325592748424
2023-02-24,2023-02-24,0.1430461584015343,23175.6,-0.0314767142522818
2023-02-25,2023-02-25,0.3947054911665962,23146.2,-0.0012685755708589
2023-02-26,2023-02-26,0.933928092727677,23545.3,0.0172425711347865
2023-02-27,2023-02-27,1.2560164159790153,23480.0,-0.0027733772769936
2023-02-28,2023-02-28,0.951995574716908,23129.6,-0.0149233390119251
2023-03-01,2023-03-01,0.1681259558886524,23619.8,0.0211936220254564
2023-03-02,2023-03-02,-0.1186332857654531,23457.1,-0.0068882886391925
2023-03-03,2023-03-03,-0.2964804071260331,22342.8,-0.0475037408716336
2023-03-04,2023-03-04,-0.068557256599609,22335.7,-0.0003177757487869
2023-03-05,2023-03-05,0.1763224423561095,22419.4,0.0037473640852985
2023-03-06,2023-03-06,0.4469535332250646,22397.1,-0.0009946742553326
2023-03-07,2023-03-07,0.0625477133402402,22187.1,-0.0093762138848333
2023-03-08,2023-03-08,-0.4758356748110684,21695.4,-0.0221615262923048
2023-03-09,2023-03-09,-0.5654485090648524,20348.3,-0.0620915032679739
2023-03-10,2023-03-10,-0.6563266891526337,20140.3,-0.0102219841460957
2023-03-11,2023-03-11,-0.8304971568711939,20447.3,0.0152430698648977
2023-03-12,2023-03-12,-0.889041523804365,21986.2,0.0752617705027069
2023-03-13,2023-03-13,-0.9176968885982182,24119.5,0.0970290454921722
2023-03-14,2023-03-14,-1.4415377731401768,24682.5,0.0233421090818632
2023-03-15,2023-03-15,-1.9196370937891205,24288.0,-0.0159829838954724
2023-03-16,2023-03-16,-1.9102357386167048,24990.4,0.0289196310935442
2023-03-17,2023-03-17,-1.8248669934398003,27384.0,0.0957807798194505
2023-03-18,2023-03-18,-1.6222566901475637,26907.0,-0.017418930762489
2023-03-19,2023-03-19,-1.4202861180862365,27955.7,0.0389749879213587
2023-03-20,2023-03-20,-1.161859402041041,27704.1,-0.0089999534978556
2023-03-21,2023-03-21,-0.7880513368273964,28091.1,0.013969051512231
2023-03-22,2023-03-22,-0.912736537685909,27233.8,-0.0305185628188287
2023-03-23,2023-03-23,-0.6678228238982212,28284.1,0.0385660466038524
2023-03-24,2023-03-24,-0.4742187293778894,27438.9,-0.0298825134969823
2023-03-25,2023-03-25,-0.1375085270989458,27447.3,0.0003061347211439
2023-03-26,2023-03-26,0.0589064200499946,27954.3,0.0184717622498387
2023-03-27,2023-03-27,0.2711058765997949,27112.0,-0.0301313214782699
2023-03-28,2023-03-28,0.1246800347723664,27249.7,0.0050789318383004
2023-03-29,2023-03-29,-0.0323872651529544,28338.5,0.0399564031897599
2023-03-30,2023-03-30,-0.0154249107086439,28015.0,-0.0114155653968982
2023-03-31,2023-03-31,0.0833958154116992,28454.9,0.0157023023380331
2023-04-01,2023-04-01,0.3620365539304984,28443.8,-0.0003900909860867
2023-04-02,2023-04-02,0.5696495316339938,28161.2,-0.0099353813484835
2023-04-03,2023-04-03,0.7626281229712311,27786.1,-0.0133197448972345
2023-04-04,2023-04-04,0.5052139424649597,28155.2,0.01328362022738
2023-04-05,2023-04-05,0.0883810080093501,28154.0,-4.262090129003582e-05
2023-04-06,2023-04-06,0.1544839315768813,28022.8,-0.0046600838246785
2023-04-07,2023-04-07,0.4694035205255519,27890.7,-0.0047140185848665
2023-04-08,2023-04-08,1.0037811255390436,27924.9,0.0012262151900095
2023-04-09,2023-04-09,1.730225643441753,28309.4,0.0137690734792246
2023-04-10,2023-04-10,1.782635492274156,29623.1,0.0464050809978309
2023-04-11,2023-04-11,1.6237295841924853,30185.1,0.0189716808841748
2023-04-12,2023-04-12,1.1357500954982696,29875.0,-0.0102732805258223
2023-04-13,2023-04-13,1.3900280952165232,30362.7,0.0163246861924686
2023-04-14,2023-04-14,1.4811430949138775,30453.1,0.0029773373250732
2023-04-15,2023-04-15,1.8863156974273003,30280.4,-0.0056710154302844
2023-04-16,2023-04-16,2.3625085879348298,30286.6,0.0002047529094726
2023-04-17,2023-04-17,2.123616934896374,29420.0,-0.028613314138926
2023-04-18,2023-04-18,1.692869824017506,30365.8,0.0321481985044187
2023-04-19,2023-04-19,1.085093650476174,28795.1,-0.0517259548571089
2023-04-20,2023-04-20,1.12251616479,28229.9,-0.0196283395438806
2023-04-21,2023-04-21,1.0908062417321285,27252.5,-0.0346228644097216
2023-04-22,2023-04-22,1.7652438859601298,27807.2,0.0203540959544996
2023-04-23,2023-04-23,2.0398642803805025,27576.0,-0.0083143933945165
2023-04-24,2023-04-24,2.2350467660129154,27497.5,-0.0028466782709603
2023-04-25,2023-04-25,2.1065369206549205,28286.7,0.0287007909809982
2023-04-26,2023-04-26,1.3889681419600035,28395.9,0.0038604715290224
2023-04-27,2023-04-27,1.5350244375119786,29459.0,0.0374385034459199
2023-04-28,2023-04-28,1.2673356774675557,29300.0,-0.0053973318849926
2023-04-29,2023-04-29,1.367694317194035,29212.7,-0.0029795221843003
2023-04-30,2023-04-30,1.434947614885507,29223.0,0.0003525863751039
2023-05-01,2023-05-01,1.5268875121168766,28054.4,-0.03998904972111
2023-05-02,2023-05-02,1.163611491873224,28656.5,0.021461874073229
2023-05-03,2023-05-03,0.1005139124233591,29018.4,0.0126288974578194
2023-05-04,2023-05-04,0.0134650411911621,28826.0,-0.0066302759628373
2023-05-05,2023-05-05,-0.1090173687038002,29491.5,0.0230867966419205
2023-05-06,2023-05-06,-0.1368525083913149,28837.8,-0.022165708763542
2023-05-07,2023-05-07,-0.2670412259781843,28419.4,-0.0145087350630075
2023-05-08,2023-05-08,-0.0717988418879315,27659.8,-0.0267282208632132
2023-05-09,2023-05-09,-0.4160829013043889,27610.2,-0.0017932161476221
2023-05-10,2023-05-10,-0.8405441126288821,27582.9,-0.0009887650216223
2023-05-11,2023-05-11,-0.9475165367135414,26956.4,-0.022713347762563
2023-05-12,2023-05-12,-1.5330731293493034,26785.1,-0.0063547061180276
2023-05-13,2023-05-13,-0.90817753774444,26762.7,-0.0008362858454886
2023-05-14,2023-05-14,-0.5309510870603458,26901.9,0.0052012689302649
2023-05-15,2023-05-15,-0.4356977564341407,27152.5,0.0093153271701997
2023-05-16,2023-05-16,-0.3033495928116294,27024.8,-0.0047030660160206
2023-05-17,2023-05-17,-0.1883448329646988,27395.8,0.0137281311980106
2023-05-18,2023-05-18,-0.2050323774300372,26809.3,-0.0214083910672439
2023-05-19,2023-05-19,-0.2096297315109354,26870.1,0.0022678697317721
2023-05-20,2023-05-20,0.412447501510222,27089.5,0.0081652096568305
2023-05-21,2023-05-21,0.8959903794593694,26732.8,-0.0131674634083316
2023-05-22,2023-05-22,1.2829590354516376,26840.2,0.0040175365094565
2023-05-23,2023-05-23,0.8013265218504239,27209.9,0.0137741149469825
2023-05-24,2023-05-24,-0.0557412934352631,26313.8,-0.0329328663464402
2023-05-25,2023-05-25,-0.2518098484425696,26461.8,0.0056244252065456
2023-05-26,2023-05-26,-0.0750918231214029,26689.9,0.0086199729421279
2023-05-27,2023-05-27,0.3630625048476616,26841.6,0.0056837979910002
2023-05-28,2023-05-28,0.6979312677057612,28055.7,0.0452320278969957
2023-05-29,2023-05-29,0.7173874822705291,27722.0,-0.0118941961882969
2023-05-30,2023-05-30,-0.1450092205895765,27680.1,-0.0015114349614026
2023-05-31,2023-05-31,-1.1126199189596773,27201.1,-0.0173048507772731
2023-06-01,2023-06-01,-1.1702949857735472,26805.3,-0.0145508821334431
2023-06-02,2023-06-02,-1.3171553567123475,27227.8,0.0157618082991051
2023-06-03,2023-06-03,-1.0439718838915175,27054.9,-0.0063501274432747
2023-06-04,2023-06-04,-1.0567732455896373,27102.4,0.0017556893575656
2023-06-05,2023-06-05,-1.6004611126908852,25714.7,-0.0512021075624299
2023-06-06,2023-06-06,-2.5565512473074743,27221.5,0.0585968337176789
2023-06-07,2023-06-07,-3.061944627803413,26325.9,-0.0329004647062064
2023-06-08,2023-06-08,-3.090363717479236,26485.9,0.0060776649611218
2023-06-09,2023-06-09,-3.058272908479985,26468.1,-0.0006720556975599
2023-06-10,2023-06-10,-2.752660855409179,25826.6,-0.0242367226963778
2023-06-11,2023-06-11,-2.6543594489596307,25909.9,0.0032253568026763
2023-06-12,2023-06-12,-2.29458883239002,25894.8,-0.0005827888181738
2023-06-13,2023-06-13,-2.239333107041894,25918.0,0.0008959327741477
2023-06-14,2023-06-14,-2.157449724699675,25115.9,-0.0309476039817886
2023-06-15,2023-06-15,-1.7665481633451403,25586.1,0.0187212084774981
2023-06-16,2023-06-16,-1.4875944083211974,26336.0,0.029308882557326
2023-06-17,2023-06-17,-1.1462776448199492,26508.9,0.0065651579586878
2023-06-18,2023-06-18,-0.8091378430592743,26329.7,-0.0067599938133985
2023-06-19,2023-06-19,-0.3797887593323801,26828.5,0.0189443859975617
2023-06-20,2023-06-20,-0.0794628426638949,28290.6,0.0544980151704344
2023-06-21,2023-06-21,-0.0224106588967432,29988.5,0.0600164012074682
2023-06-22,2023-06-22,0.1149380111401838,29875.0,-0.0037847841672641
2023-06-23,2023-06-23,0.1880557729925282,30673.4,0.0267246861924685
2023-06-24,2023-06-24,0.5744926031184309,30524.2,-0.0048641493932853
2023-06-25,2023-06-25,0.9452500776579752,30458.0,-0.0021687710079215
2023-06-26,2023-06-26,1.2422313747186329,30260.1,-0.0064974719285574
2023-06-27,2023-06-27,1.1269180967815051,30683.2,0.0139821084530455
2023-06-28,2023-06-28,1.048149747602931,30066.3,-0.020105464879804
2023-06-29,2023-06-29,1.012965133431837,30439.9,0.0124258721558689
2023-06-30,2023-06-30,0.9368757209045226,30460.2,0.0006668878675686
2023-07-01,2023-07-01,1.2653486401562668,30573.6,0.003722890854295
2023-07-02,2023-07-02,1.8104066942521384,30612.7,0.0012788811262005
2023-07-03,2023-07-03,1.9526427627139944,31149.0,0.0175188728860897
2023-07-04,2023-07-04,1.672162404200929,30756.1,-0.0126135670487014
2023-07-05,2023-07-05,1.3330455182234124,30488.4,-0.0087039644168147
2023-07-06,2023-07-06,1.3046203082291992,29874.4,-0.0201388068904895
2023-07-07,2023-07-07,1.2772189760028012,30327.9,0.0151802211927267
2023-07-08,2023-07-08,1.4002260258551995,30269.3,-0.00193221423178
2023-07-09,2023-07-09,1.640247734963913,30147.8,-0.0040139679477225
2023-07-10,2023-07-10,1.7540842951412152,30396.9,0.0082626261286065
2023-07-11,2023-07-11,1.5329136399768828,30608.4,0.006957946369531
2023-07-12,2023-07-12,0.7739358446280806,30368.9,-0.0078246494426366
2023-07-13,2023-07-13,0.6630934505315716,31441.7,0.03532561271564
2023-07-14,2023-07-14,0.4918657640435312,30293.3,-0.0365247426188788
2023-07-15,2023-07-15,0.5851028021547696,30276.4,-0.0005578791349901
2023-07-16,2023-07-16,0.76792320007379,30216.8,-0.001968529944115
2023-07-17,2023-07-17,0.8910953084154686,30126.1,-0.0030016414709698
2023-07-18,2023-07-18,0.4798104008636168,29845.6,-0.0093108633377702
2023-07-19,2023-07-19,0.2208229818515237,29895.5,0.001671938242153
2023-07-20,2023-07-20,0.1734179768384952,29791.0,-0.0034955093575955
2023-07-21,2023-07-21,0.0993749548153533,29891.4,0.0033701453459098
2023-07-22,2023-07-22,0.528455660728808,29783.5,-0.003609733903397
2023-07-23,2023-07-23,0.981143575937642,30070.8,0.009646280658754
2023-07-24,2023-07-24,1.250435576175246,29163.8,-0.0301621506577809
2023-07-25,2023-07-25,1.165397399483349,29216.3,0.0018001769316755
2023-07-26,2023-07-26,0.9715211856139452,29336.0,0.0040970280288743
2023-07-27,2023-07-27,1.030420592149209,29209.7,-0.0043052904281428
2023-07-28,2023-07-28,1.305627618429578,29299.9,0.0030880152825945
2023-07-29,2023-07-29,1.6703984520821684,29339.1,0.0013378885252166
2023-07-30,2023-07-30,1.8444550595313296,29271.1,-0.0023177261742861
2023-07-31,2023-07-31,1.7699938241324318,29220.8,-0.001718418508358
2023-08-01,2023-08-01,1.3836486132921015,29701.2,0.0164403438646443
2023-08-02,2023-08-02,0.8730904893865745,29170.1,-0.0178814324000378
2023-08-03,2023-08-03,0.8699593293739512,29180.2,0.000346244956308
2023-08-04,2023-08-04,0.8400486237691668,29101.1,-0.002710742215612
2023-08-05,2023-08-05,0.912839898235346,29057.7,-0.0014913525605561
2023-08-06,2023-08-06,1.2017778078887924,29075.9,0.0006263400062633
2023-08-07,2023-08-07,1.1619644470431545,29202.7,0.0043610000034393
2023-08-08,2023-08-08,0.5742381425248092,29759.0,0.019049608426618
2023-08-09,2023-08-09,0.1753735975030139,29572.8,-0.006256930676434
2023-08-10,2023-08-10,0.0738825060766185,29443.7,-0.0043654980252123
2023-08-11,2023-08-11,-0.0631902193674849,29415.5,-0.0009577600641224
2023-08-12,2023-08-12,-0.2117439365290325,29420.7,0.0001767775492511
2023-08-13,2023-08-13,-0.2206577921065909,29293.3,-0.0043302844595812
2023-08-14,2023-08-14,-0.4171548462382115,29419.5,0.0043081523761405
2023-08-15,2023-08-15,-0.7581907734736509,29188.8,-0.0078417376230052
2023-08-16,2023-08-16,-1.5026526004627685,28714.4,-0.0162528092967164
2023-08-17,2023-08-17,-1.7647390984317632,26609.7,-0.0732977182180369
2023-08-18,2023-08-18,-1.8911297128086888,26042.1,-0.0213305674246609
2023-08-19,2023-08-19,-1.7686241380870171,26088.3,0.0017740504798
2023-08-20,2023-08-20,-1.437509874487139,26175.9,0.0033578270719059
2023-08-21,2023-08-21,-1.429272646924182,26115.4,-0.0023112863359043
2023-08-22,2023-08-22,-1.5564698561233212,26044.4,-0.0027187023748439
2023-08-23,2023-08-23,-2.033141515728933,26419.2,0.0143908095406306
2023-08-24,2023-08-24,-2.008584732515258,26164.6,-0.0096369307170542
2023-08-25,2023-08-25,-2.0048056264926357,26051.7,-0.0043149904833247
2023-08-26,2023-08-26,-1.660284209869819,26004.3,-0.0018194589988369
2023-08-27,2023-08-27,-1.298746590542904,26087.7,0.0032071618924562
2023-08-28,2023-08-28,-0.972214417048559,26106.5,0.000720646128252
2023-08-29,2023-08-29,-1.1140627975175463,27700.1,0.0610422691666825
2023-08-30,2023-08-30,-1.4684259943871707,27290.4,-0.0147905603228868
2023-08-31,2023-08-31,-1.2286588915115018,25928.0,-0.0499223170052472
2023-09-01,2023-09-01,-1.0074668337519666,25795.6,-0.005106448626967
2023-09-02,2023-09-02,-0.5186035751615438,25855.8,0.0023337313340259
2023-09-03,2023-09-03,0.0264203775439186,25962.1,0.0041112632368751
2023-09-04,2023-09-04,0.3052026976600732,25814.0,-0.0057044692070363
2023-09-05,2023-09-05,0.2536943927510369,25779.7,-0.0013287363446191
2023-09-06,2023-09-06,0.3202214753868315,25747.4,-0.0012529238121467
2023-09-07,2023-09-07,0.5270307322844056,26240.7,0.0191592160761862
2023-09-08,2023-09-08,0.815269405162731,25899.8,-0.0129912692877858
2023-09-09,2023-09-09,1.2166282754226247,25892.6,-0.0002779944246673
2023-09-10,2023-09-10,1.421795842190001,25828.4,-0.0024794728995928
2023-09-11,2023-09-11,1.6518475217128423,25150.4,-0.02625017422682
2023-09-12,2023-09-12,1.4843351427762297,25825.8,0.0268544436668998
2023-09-13,2023-09-13,1.032466000340482,26209.9,0.0148727241750499
2023-09-14,2023-09-14,0.903826262768554,26510.3,0.0114613180515759
2023-09-15,2023-09-15,0.7581637256774049,26591.1,0.0030478719592006
2023-09-16,2023-09-16,0.6956053132793413,26546.9,-0.0016622102884046
2023-09-17,2023-09-17,0.7363572978912387,26514.2,-0.0012317822419943
2023-09-18,2023-09-18,0.612679614345786,26749.9,0.0088895761516469
2023-09-19,2023-09-19,0.2961116535511351,27196.0,0.0166766978568144
2023-09-20,2023-09-20,-0.0564854685212514,27107.7,-0.003246801000147
2023-09-21,2023-09-21,-0.0883995976958029,26552.6,-0.020477576481959
2023-09-22,2023-09-22,0.0340199962027939,26566.7,0.0005310214442277
2023-09-23,2023-09-23,0.2768956074739603,26563.1,-0.0001355079855609
2023-09-24,2023-09-24,0.6327020316227331,26232.4,-0.0124496011384211
2023-09-25,2023-09-25,0.7931834104567695,26290.5,0.0022148183162806
2023-09-26,2023-09-26,0.6906118162028683,26208.8,-0.0031075863905213
2023-09-27,2023-09-27,0.3215053080961992,26359.6,0.0057537926192727
2023-09-28,2023-09-28,0.2512475903988459,27011.8,0.024742408837767
2023-09-29,2023-09-29,0.183012221209395,26890.9,-0.0044758216779332
2023-09-30,2023-09-30,0.4444528814148392,26950.9,0.0022312380768214
2023-10-01,2023-10-01,0.6129743538287864,27981.4,0.0382361999042704
2023-10-02,2023-10-02,0.3050351827031448,27477.6,-0.0180048174859014
2023-10-03,2023-10-03,-0.1730297764088045,27412.0,-0.0023873991906133
2023-10-04,2023-10-04,-0.8252090000177388,27759.8,0.0126878739238289
2023-10-05,2023-10-05,-0.9187351763639164,27398.4,-0.0130188257840473
2023-10-06,2023-10-06,-1.2055406989636313,27916.3,0.0189025636533519
2023-10-07,2023-10-07,-1.1774592820173748,27943.0,0.0009564304725195
2023-10-08,2023-10-08,-0.8978603395459943,27901.2,-0.0014959023726872
2023-10-09,2023-10-09,-0.6019776262203823,27578.3,-0.0115729789399739
2023-10-10,2023-10-10,-0.7740616523869294,27381.2,-0.0071469234869443
2023-10-11,2023-10-11,-1.3222034389002402,26864.5,-0.0188706119527267
2023-10-12,2023-10-12,-1.0496281214972312,26744.0,-0.0044854733942563
2023-10-13,2023-10-13,-0.8154767209686451,26849.8,0.0039560275201913
2023-10-14,2023-10-14,-0.578885415065506,26836.3,-0.0005027970413187
2023-10-15,2023-10-15,-0.0016574044786432,27139.8,0.0113093086602846
2023-10-16,2023-10-16,0.1968200455956044,28486.3,0.0496134827817449
2023-10-17,2023-10-17,0.2683534255354416,28381.9,-0.0036649196280316
2023-10-18,2023-10-18,-0.0230184056779215,28307.1,-0.0026354824729846
2023-10-19,2023-10-19,-0.1449156240403632,28696.9,0.0137703968262381
2023-10-20,2023-10-20,-0.2610240056677274,29653.0,0.0333171875707829
2023-10-21,2023-10-21,0.1254774737221291,29895.4,0.0081745523218561
2023-10-22,2023-10-22,0.4239973660382092,29981.5,0.0028800417455527
2023-10-23,2023-10-23,0.321091945824392,33074.0,0.1031469406133782
2023-10-24,2023-10-24,0.2199506466738993,33917.0,0.025488298965955
2023-10-25,2023-10-25,-0.3531351521671743,34487.7,0.0168263702568032
2023-10-26,2023-10-26,-0.0995145113804977,34154.0,-0.0096759134416037
2023-10-27,2023-10-27,0.0484630087996837,33893.1,-0.0076389295543713
2023-10-28,2023-10-28,0.4381853265573615,34086.6,0.0057091266363951
2023-10-29,2023-10-29,0.8308268662761193,34528.6,0.0129669723586394
2023-10-30,2023-10-30,1.0795847521595343,34483.8,-0.0012974751365533
2023-10-31,2023-10-31,1.0441291460704083,34651.4,0.0048602532203527
2023-11-01,2023-11-01,0.7241486116335374,35437.4,0.0226830661964596
2023-11-02,2023-11-02,1.0085784533351132,34940.1,-0.0140331965663396
2023-11-03,2023-11-03,1.4005099847263127,34700.4,-0.0068603123631585
2023-11-04,2023-11-04,1.777955258703508,35069.7,0.0106425286163847
2023-11-05,2023-11-05,2.19190950492484,35025.5,-0.0012603472513308
2023-11-06,2023-11-06,2.2452570179886764,35057.4,0.0009107650140611
2023-11-07,2023-11-07,1.9407351177254728,35406.5,0.009957954668629
2023-11-08,2023-11-08,1.5137406605331276,35626.7,0.0062191970400913
2023-11-09,2023-11-09,1.4455364694238009,36719.5,0.0306736239954865
2023-11-10,2023-11-10,1.333373115122796,37330.4,0.0166369367774616
2023-11-11,2023-11-11,1.4844058256488186,37162.1,-0.0045083899449243
2023-11-12,2023-11-12,1.8307345200581424,37085.5,-0.0020612398115283
2023-11-13,2023-11-13,1.8826940538628671,36486.2,-0.0161599546992761
2023-11-14,2023-11-14,1.4864847712871478,35559.0,-0.0254123476821372
2023-11-15,2023-11-15,0.8166357250629628,37885.6,0.0654292865378665
2023-11-16,2023-11-16,0.6358253656115942,36176.0,-0.0451253246616127
2023-11-17,2023-11-17,0.6158997468589116,36621.9,0.0123258513931889
2023-11-18,2023-11-18,1.1653008421531827,36580.9,-0.0011195486853494
2023-11-19,2023-11-19,1.7383929327224377,37375.9,0.021732652832489
2023-11-20,2023-11-20,1.6805419467404985,37462.5,0.0023170010621818
2023-11-21,2023-11-21,1.3111194430901916,35737.0,-0.0460593927260594
2023-11-22,2023-11-22,0.6445620748694266,37413.4,0.0469093656434507
2023-11-23,2023-11-23,1.0269118811029672,37294.3,-0.0031833514195448
2023-11-24,2023-11-24,1.0673563990612245,37706.3,0.0110472645953938
2023-11-25,2023-11-25,1.2309613037823353,37766.6,0.0015992022553259
2023-11-26,2023-11-26,1.47455085108003,37437.9,-0.0087034575524403
2023-11-27,2023-11-27,1.440442612789318,37234.3,-0.0054383392230866
2023-11-28,2023-11-28,0.7134382362693278,37812.1,0.0155179498473181
2023-11-29,2023-11-29,-0.0165466849629022,37837.1,0.0006611640189251
2023-11-30,2023-11-30,0.0592024102068924,37716.8,-0.0031794191415303
2023-12-01,2023-12-01,0.1106409978243115,38660.0,0.0250074237475077
2023-12-02,2023-12-02,0.3657314445280362,39435.0,0.0200465597516812
2023-12-03,2023-12-03,-0.444561040583843,39979.7,0.0138126030176237
2023-12-04,2023-12-04,-0.3887134033895061,41993.1,0.0503605579831765
2023-12-05,2023-12-05,-0.6024162373240148,44081.7,0.0497367424648333
2023-12-06,2023-12-06,-0.94518357143954,43774.8,-0.0069620726968332
2023-12-07,2023-12-07,-0.8357249968826223,43296.0,-0.0109377998300392
2023-12-08,2023-12-08,-0.9099628203444766,44209.5,0.0210989467849223
2023-12-09,2023-12-09,-0.4786970926881728,43734.3,-0.0107488209547721
2023-12-10,2023-12-10,0.278362564678149,43810.0,0.0017309068625768
2023-12-11,2023-12-11,0.5162303125726165,41271.0,-0.0579548048390778
2023-12-12,2023-12-12,0.4299041014629355,41515.0,0.00591214169756
2023-12-13,2023-12-13,0.2863344855525492,42875.0,0.0327592436468746
2023-12-14,2023-12-14,0.5467047372718946,43032.4,0.003671137026239
2023-12-15,2023-12-15,0.7483420106138978,41968.0,-0.0247348509495171
2023-12-16,2023-12-16,1.3497868437311409,42287.4,0.007610560426992
2023-12-17,2023-12-17,2.203004920287009,41396.5,-0.0210677412184244
2023-12-18,2023-12-18,2.679890735310698,42671.7,0.0308045366154143
2023-12-19,2023-12-19,2.370550198892849,42298.3,-0.008750530210889
2023-12-20,2023-12-20,1.4706874041750355,43708.9,0.0333488579919287
2023-12-21,2023-12-21,1.7511098424824671,43896.3,0.004287456330404
2023-12-22,2023-12-22,1.8479673642496208,43999.2,0.0023441611251973
2023-12-23,2023-12-23,2.90751295143778,43725.2,-0.0062273859524718
2023-12-24,2023-12-24,3.2444654383826066,43008.4,-0.0163932926550363
2023-12-25,2023-12-25,3.8296995030937295,43611.9,0.0140321425581979
2023-12-26,2023-12-26,3.2273726665201985,42538.5,-0.0246125484099524
2023-12-27,2023-12-27,2.1173682131021594,43453.8,0.0215169787369089
2023-12-28,2023-12-28,2.104197283227498,42600.1,-0.019646152925636
2023-12-29,2023-12-29,1.880353538954309,42095.1,-0.0118544322665908
2023-12-30,2023-12-30,2.0209735741701933,42174.2,0.0018790785625879
2023-12-31,2023-12-31,2.063336840754153,42314.0,0.0033148228063604
2024-01-01,2024-01-01,2.5705665991249864,44230.2,0.0452852483811503
2024-01-02,2024-01-02,1.488948515398559,44979.8,0.0169476963703534
2024-01-03,2024-01-03,0.6969747251757131,42849.5,-0.0473612599433523
2024-01-04,2024-01-04,-0.4952350564741175,44143.8,0.0302057200200702
2024-01-05,2024-01-05,-0.5415914413763224,44145.4,3.6245180523586384e-05
2024-01-06,2024-01-06,-0.2402250016379395,43956.7,-0.0042745110475838
2024-01-07,2024-01-07,-0.1118980723888672,43916.9,-0.0009054364863603
2024-01-08,2024-01-08,0.1092364164247181,46972.7,0.0695814139886921
2024-01-09,2024-01-09,-0.234275931146989,46114.0,-0.0182808312062111
2024-01-10,2024-01-10,-1.146390285842257,46662.9,0.0119031096846944
2024-01-11,2024-01-11,-2.1922525558310517,46337.8,-0.0069669909071231
2024-01-12,2024-01-12,-2.578063509884468,42788.9,-0.0765875807655952
2024-01-13,2024-01-13,-2.366649674014291,42846.4,0.0013438064544777
2024-01-14,2024-01-14,-1.5805436129257704,41734.9,-0.0259415026700026
2024-01-15,2024-01-15,-1.3551588732227822,42515.0,0.018691790324165
2024-01-16,2024-01-16,-1.7288470676519023,43133.0,0.0145360461013759
2024-01-17,2024-01-17,-2.5390201268213173,42783.4,-0.0081051631001785
2024-01-18,2024-01-18,-2.789005131113873,41323.1,-0.034132397144687
2024-01-19,2024-01-19,-2.602314106562857,41662.2,0.0082060639206642
2024-01-20,2024-01-20,-1.7308200215080525,41691.8,0.0007104761630447
2024-01-21,2024-01-21,-1.1228204512026911,41580.0,-0.0026815824694544
2024-01-22,2024-01-22,-0.5056443711308893,39567.0,-0.0484126984126984
2024-01-23,2024-01-23,-0.674242650433158,39890.0,0.0081633684636186
2024-01-24,2024-01-24,-1.3286186458524822,40078.7,0.0047305088994735
2024-01-25,2024-01-25,-1.6863528996148347,39953.3,-0.0031288439994309
2024-01-26,2024-01-26,-1.7192113746282065,41806.4,0.0463816505770486
2024-01-27,2024-01-27,-1.0619339160103436,42102.2,0.0070754716981131
2024-01-28,2024-01-28,-0.0688557195050132,42021.2,-0.0019238899629948
2024-01-29,2024-01-29,0.1594139682317846,43287.7,0.0301395486087974
2024-01-30,2024-01-30,-0.4952764742600982,42918.3,-0.0085336019238719
2024-01-31,2024-01-31,-1.0511276225597606,42560.5,-0.00833677009574
2024-02-01,2024-02-01,-0.798457041225462,43072.6,0.0120322834553165
2024-02-02,2024-02-02,-0.5846031080884962,43182.0,0.0025398977540247
2024-02-03,2024-02-03,0.0020921113290148,42992.4,-0.00439071835487
2024-02-04,2024-02-04,0.7182684980517969,42570.3,-0.0098180143467216
2024-02-05,2024-02-05,1.182722906067157,42692.9,0.0028799421192708
2024-02-06,2024-02-06,0.9767007492462356,43079.1,0.0090460006230543
2024-02-07,2024-02-07,0.0555847899769426,44326.2,0.0289490727522161
2024-02-08,2024-02-08,0.0035459262567361,45269.1,0.021271843740271
2024-02-09,2024-02-09,0.0944107111717928,47116.1,0.0408004577073544
2024-02-10,2024-02-10,0.8470820212199498,47732.6,0.0130846992853823
2024-02-11,2024-02-11,1.22354296676221,48303.4,0.0119582842753172
2024-02-12,2024-02-12,1.3104113891914433,49943.6,0.0339562018408641
2024-02-13,2024-02-13,0.9985829222469436,49696.4,-0.0049495831297703
2024-02-14,2024-02-14,0.307777477906239,51823.2,0.0427958564403054
2024-02-15,2024-02-15,0.3249667935743752,51898.5,0.0014530171814941
2024-02-16,2024-02-16,0.3862872782531806,52148.6,0.0048190217443664
2024-02-17,2024-02-17,0.8730301599955254,51679.4,-0.0089973652216933
2024-02-18,2024-02-18,1.511720693284632,52175.9,0.0096073096823878
2024-02-19,2024-02-19,2.0218168614532988,51813.8,-0.0069399857022111
2024-02-20,2024-02-20,1.6338650552395084,52297.4,0.0093334208261119
2024-02-21,2024-02-21,0.9471874344732796,51877.8,-0.0080233434166898
2024-02-22,2024-02-22,0.9371365611363622,51316.9,-0.0108119465358978
2024-02-23,2024-02-23,1.1188072408051666,50771.9,-0.0106202829866963
2024-02-24,2024-02-24,1.9163369536532973,51602.1,0.0163515645465306
2024-02-25,2024-02-25,2.434339562165392,51764.9,0.0031549103621753
2024-02-26,2024-02-26,2.4903229068300363,54511.6,0.0530610510210585
2024-02-27,2024-02-27,1.8035618931305928,57074.5,0.0470156810660482
2024-02-28,2024-02-28,0.7454830512745932,62487.9,0.0948479618743922
2024-02-29,2024-02-29,0.3080273919036093,61203.3,-0.0205575799474777
2024-03-01,2024-03-01,0.1580968884073172,62430.6,0.0200528402880235
2024-03-02,2024-03-02,0.896942319981421,62039.9,-0.0062581490487035
2024-03-03,2024-03-03,1.4891440067146895,63178.5,0.0183527052751535
2024-03-04,2024-03-04,1.4392976211056987,68296.4,0.0810069881367869
2024-03-05,2024-03-05,0.4446675225668206,63747.4,-0.0666067318335957
2024-03-06,2024-03-06,-0.6127580949251097,66128.1,0.0373458368498167
2024-03-07,2024-03-07,-0.7212546355426206,66870.0,0.0112191337721785
2024-03-08,2024-03-08,-0.5102403739893783,68180.2,0.0195932406161207
2024-03-09,2024-03-09,0.4237869824064967,68360.1,0.0026385959560109
2024-03-10,2024-03-10,1.1615066820030475,69001.8,0.0093870547292937
2024-03-11,2024-03-11,1.336013573144477,72153.8,0.0456799677689567
2024-03-12,2024-03-12,0.3659529448796502,71503.2,-0.0090168501173881
2024-03-13,2024-03-13,-0.7773912561118322,73127.6,0.0227178643753007
2024-03-14,2024-03-14,-0.8480948850051879,71455.5,-0.0228655117903501
2024-03-15,2024-03-15,-0.4932028054146832,69552.2,-0.0266361581683706
2024-03-16,2024-03-16,0.3828767826637183,65351.0,-0.0604035530148578
2024-03-17,2024-03-17,1.0705688030841278,68447.9,0.047388716316506
2024-03-18,2024-03-18,1.522458671462654,67660.0,-0.0115109448208052
2024-03-19,2024-03-19,0.7993744903195912,61974.1,-0.0840363582618977
2024-03-20,2024-03-20,0.0647573753167666,67876.4,0.0952381720751087
2024-03-21,2024-03-21,0.3803914190115597,65539.9,-0.0344228627328496
2024-03-22,2024-03-22,0.6839796602177918,63826.0,-0.0261504823779101
2024-03-23,2024-03-23,1.4071804670543289,64020.3,0.0030442139566948
2024-03-24,2024-03-24,2.5283413521809632,67260.9,0.0506183195017828
2024-03-25,2024-03-25,2.7006112853609467,69920.5,0.0395415464259325
2024-03-26,2024-03-26,2.028207216179198,70044.1,0.0017677219127438
2024-03-27,2024-03-27,1.3011453761635658,69532.6,-0.0073025422555218
2024-03-28,2024-03-28,1.1621853012227852,70838.7,0.018783994845583
2024-03-29,2024-03-29,1.3266705428117724,69903.6,-0.0132004116394003
2024-03-30,2024-03-30,2.227956436290077,69642.1,-0.0037408659925954
2024-03-31,2024-03-31,3.174793603019526,71363.0,0.0247106276232336
2024-04-01,2024-04-01,3.1112520231962297,69700.0,-0.0233033925143281
2024-04-02,2024-04-02,2.7657987072487,65505.3,-0.0601822094691534
2024-04-03,2024-04-03,1.453291615700346,65971.9,0.0071230877501513
2024-04-04,2024-04-04,1.6608630022551651,68489.9,0.0381677653667698
2024-04-05,2024-04-05,1.7143340495570256,67825.7,-0.0096977802566509
2024-04-06,2024-04-06,2.223241448437048,68901.6,0.0158627187039721
2024-04-07,2024-04-07,2.8303330050210853,69362.7,0.0066921522867391
2024-04-08,2024-04-08,2.948000390085108,71678.4,0.0333853785968538
2024-04-09,2024-04-09,1.9788821919537147,69189.3,-0.0347259425433602
2024-04-10,2024-04-10,0.3682578392591537,70681.7,0.0215698092046023
2024-04-11,2024-04-11,0.7754952012131435,70055.7,-0.0088566064483451
2024-04-12,2024-04-12,1.006019325637484,67136.4,-0.0416711274029094
2024-04-13,2024-04-13,1.275358316787659,63939.7,-0.0476150046770454
2024-04-14,2024-04-14,1.401719432764116,65615.9,0.026215324751289
2024-04-15,2024-04-15,1.5860113041550066,63392.7,-0.0338820316417209
2024-04-16,2024-04-16,0.7415931294784447,63765.0,0.005872915966665
2024-04-17,2024-04-17,-0.5248136550757838,61254.5,-0.039371128361954
2024-04-18,2024-04-18,-0.759968702346889,63445.0,0.0357606379939432
2024-04-19,2024-04-19,-0.9601072867982084,63787.4,0.0053968003782804
2024-04-20,2024-04-20,-0.0025593753340861,64897.2,0.017398420377692
2024-04-21,2024-04-21,0.5959452131734504,64912.6,0.0002372983734275
2024-04-22,2024-04-22,0.7996721521029149,66778.0,0.0287371018877691
2024-04-23,2024-04-23,0.8919581058270047,66386.3,-0.0058657042738625
2024-04-24,2024-04-24,0.3777920559875662,64250.0,-0.0321798322846732
2024-04-25,2024-04-25,0.8422552298183058,64478.8,0.0035610894941635
2024-04-26,2024-04-26,1.1761735423654924,63748.8,-0.0113215506492055
2024-04-27,2024-04-27,1.9738569878963463,63421.0,-0.0051420575759857
2024-04-28,2024-04-28,2.68915115197991,63088.3,-0.0052458964696235
2024-04-29,2024-04-29,3.084383111948048,63842.4,0.0119530879735227
2024-04-30,2024-04-30,1.58011735232453,60651.2,-0.0499855895141787
2024-05-01,2024-05-01,0.094014053082855,58307.6,-0.038640620465877
2024-05-02,2024-05-02,-0.3668698165558311,59036.7,0.0125043733578469
2024-05-03,2024-05-03,-0.4979880350652454,62853.7,0.0646546978404958
2024-05-04,2024-05-04,0.2822086809865415,63864.2,0.0160770169457009
2024-05-05,2024-05-05,0.5823055754985631,63988.0,0.0019384882297124
2024-05-06,2024-05-06,0.9638213958142798,63142.8,-0.0132087266362442
2024-05-07,2024-05-07,0.7002903625038474,62296.0,-0.0134108718650424
2024-05-08,2024-05-08,0.1664761246464192,61157.9,-0.0182692307692307
2024-05-09,2024-05-09,0.266512577933351,63050.1,0.0309395842564901
2024-05-10,2024-05-10,0.7517712119446621,60778.1,-0.0360348357893167
2024-05-11,2024-05-11,1.882089420665316,60809.2,0.0005116974699768
2024-05-12,2024-05-12,2.4880697673799386,61455.8,0.0106332594410056
2024-05-13,2024-05-13,2.405045385889972,62912.1,0.0236967055997967
2024-05-14,2024-05-14,1.428142576597362,61550.5,-0.0216428954048585
2024-05-15,2024-05-15,0.0564218390749949,66175.4,0.0751399257520246
2024-05-16,2024-05-16,-0.4200119812693094,65217.7,-0.0144721452382606
2024-05-17,2024-05-17,-0.7136935016118083,66980.0,0.027021805430121
2024-05-18,2024-05-18,-0.4466518678456816,66884.9,-0.0014198268139744
2024-05-19,2024-05-19,-0.0973398182498504,66239.4,-0.0096509077534689
2024-05-20,2024-05-20,0.4817058856393474,71466.5,0.0789122486012856
2024-05-21,2024-05-21,-0.4527681347535351,70168.8,-0.0181581580180923
2024-05-22,2024-05-22,-1.0859255694473584,69219.1,-0.0135345053642074
2024-05-23,2024-05-23,-0.7188259417759815,67999.9,-0.017613635542791
2024-05-24,2024-05-24,-0.5283761901871689,68584.1,0.0085911891046899
2024-05-25,2024-05-25,1.109920647257858,69314.4,0.0106482406272006
2024-05-26,2024-05-26,1.9484233457256035,68524.3,-0.0113987858222821
2024-05-27,2024-05-27,2.6713851916547213,69461.6,0.0136783593557321
2024-05-28,2024-05-28,1.8063624554038376,68440.5,-0.014700208460502
2024-05-29,2024-05-29,1.1854344127638938,67686.7,-0.0110139464206135
2024-05-30,2024-05-30,1.1149702967126316,68402.5,0.010575194240523
2024-05-31,2024-05-31,1.182011443472358,67577.9,-0.0120551149446292
2024-06-01,2024-06-01,1.956502198528655,67799.2,0.0032747392268774
2024-06-02,2024-06-02,2.01289126825408,67805.9,9.882122502924418e-05
2024-06-03,2024-06-03,1.8258311187222889,68851.4,0.0154190122098518
2024-06-04,2024-06-04,0.1423110055769887,70580.0,0.0251062433007898
2024-06-05,2024-06-05,-0.9118839014202014,71133.3,0.0078393312553131
2024-06-06,2024-06-06,-1.4792263557646643,70830.0,-0.0042638258031049
2024-06-07,2024-06-07,-0.868481585809308,69377.0,-0.0205139065367782
2024-06-08,2024-06-08,-0.3669733442187367,69346.5,-0.000439626965709
2024-06-09,2024-06-09,0.4841262185287791,69667.1,0.004623160505577
2024-06-10,2024-06-10,1.155277138085914,69558.7,-0.0015559711829544
2024-06-11,2024-06-11,0.0150527053783868,67320.7,-0.032174264326389
2024-06-12,2024-06-12,-0.3951804452814254,68270.3,0.014105616845933
2024-06-13,2024-06-13,0.1866207352661632,66786.9,-0.0217283357477557
2024-06-14,2024-06-14,0.2711359219737935,66039.7,-0.0111878227616493
2024-06-15,2024-06-15,1.16357409604996,66213.7,0.0026347787770084
2024-06-16,2024-06-16,1.8020945105923745,66653.6,0.0066436402134302
2024-06-17,2024-06-17,1.7739943855836209,66472.1,-0.002723033714608
2024-06-18,2024-06-18,0.966755545118592,65150.0,-0.0198895476448014
2024-06-19,2024-06-19,-0.3371479105878731,64933.6,-0.003321565617805
2024-06-20,2024-06-20,-0.5272909794681607,64854.0,-0.0012258676555743
2024-06-21,2024-06-21,-0.3214092322057053,64124.0,-0.0112560520553859
2024-06-22,2024-06-22,0.7108394414681242,64240.0,0.0018089950720479
2024-06-23,2024-06-23,1.4884802976855551,63194.9,-0.0162686799501867
2024-06-24,2024-06-24,1.81345389655307,60273.6,-0.0462268315955877
2024-06-25,2024-06-25,1.252677785087137,61777.8,0.0249561997292346
2024-06-26,2024-06-26,0.2790481179571109,60860.1,-0.0148548507716365
2024-06-27,2024-06-27,-0.3561005330570482,61682.0,0.0135047428446553
2024-06-28,2024-06-28,-0.2719249935235255,60429.8,-0.0203008981550533
2024-06-29,2024-06-29,0.0232230095029327,60982.4,0.0091444949346182
2024-06-30,2024-06-30,0.7198131324714887,62766.0,0.0292477829668886
2024-07-01,2024-07-01,1.1563668033183108,62883.6,0.0018736258483891
2024-07-02,2024-07-02,-0.3155488281881528,62123.6,-0.0120858220585335
2024-07-03,2024-07-03,-2.238351137875301,60208.0,-0.0308353025259321
2024-07-04,2024-07-04,-2.1043278207190883,57045.9,-0.052519598724422
2024-07-05,2024-07-05,-2.766442969327432,56604.9,-0.0077306169242662
2024-07-06,2024-07-06,-2.405115518960512,58216.0,0.0284622002688812
2024-07-07,2024-07-07,-1.3956072170773728,55830.9,-0.0409698364710732
2024-07-08,2024-07-08,-1.253234851364028,56686.4,0.0153230558704946
2024-07-09,2024-07-09,-1.8197107981296363,58023.2,0.0235823760196447
2024-07-10,2024-07-10,-3.358630335918351,57707.0,-0.0054495443202029
2024-07-11,2024-07-11,-3.607221902135878,57315.5,-0.0067842722719947
2024-07-12,2024-07-12,-3.707677692084543,57870.0,0.0096745208538702
2024-07-13,2024-07-13,-3.1350426264642577,59174.0,0.022533264212891
2024-07-14,2024-07-14,-2.4496734424867963,60766.0,0.0269037077094669
2024-07-15,2024-07-15,-1.872271548491852,64680.6,0.0644208932626797
2024-07-16,2024-07-16,-2.191229173640616,65010.0,0.0050927171362047
2024-07-17,2024-07-17,-2.542477042043488,64055.7,-0.0146792801107522
2024-07-18,2024-07-18,-1.80328279445719,63959.9,-0.0014955733837893
2024-07-19,2024-07-19,-1.439124184834405,66627.9,0.0417136362001815
2024-07-20,2024-07-20,-0.7215480781123074,67095.6,0.0070195818868674
2024-07-21,2024-07-21,0.1466342965375817,68138.0,0.0155360411114886
2024-07-22,2024-07-22,0.7135913959131799,67499.2,-0.0093750917256156
2024-07-23,2024-07-23,0.6333458821864093,65916.4,-0.0234491668049399
2024-07-24,2024-07-24,0.1466483751491478,65350.8,-0.0085805656862327
2024-07-25,2024-07-25,0.5098428146905404,65773.0,0.0064605176983296
2024-07-26,2024-07-26,1.233280291834561,67882.5,0.0320724309367066
2024-07-27,2024-07-27,1.5052616913627297,67873.8,-0.000128162633963
2024-07-28,2024-07-28,1.921079986682116,68215.5,0.0050343431486081
2024-07-29,2024-07-29,2.0364450615331458,66750.0,-0.0214833872067198
2024-07-30,2024-07-30,1.7519948711649476,66159.3,-0.0088494382022471
2024-07-31,2024-07-31,0.675720485894863,64601.8,-0.023541663832598
2024-08-01,2024-08-01,0.7552744719604538,65328.9,0.0112551043469377
2024-08-02,2024-08-02,0.6978371693139426,61483.7,-0.0588590960509055
2024-08-03,2024-08-03,1.0131269628465127,60684.6,-0.0129969406525631
2024-08-04,2024-08-04,0.9689667866928162,58144.5,-0.0418574069862864
2024-08-05,2024-08-05,0.186789241733004,54003.1,-0.0712259972998305
2024-08-06,2024-08-06,-0.4975858358464124,55991.2,0.0368145532386103
2024-08-07,2024-08-07,-2.3608499646726884,55102.9,-0.0158649930703395
2024-08-08,2024-08-08,-2.38235493418348,61659.8,0.1189937371717277
2024-08-09,2024-08-09,-2.3412270392554166,60808.6,-0.0138047804241986
2024-08-10,2024-08-10,-1.7844305420594764,60889.9,0.0013369819400546
2024-08-11,2024-08-11,-1.6225699034092078,58693.1,-0.0360782330074446
2024-08-12,2024-08-12,-1.1921943044102885,59323.6,0.010742318943794
2024-08-13,2024-08-13,-1.877986308368229,60550.5,0.0206814825802885
2024-08-14,2024-08-14,-2.335232023446862,58648.1,-0.031418402820786
2024-08-15,2024-08-15,-1.8406767280340703,57511.0,-0.0193885223903246
2024-08-16,2024-08-16,-1.4836461546249513,58854.9,0.0233677035697519
2024-08-17,2024-08-17,-0.3547991825145484,59468.5,0.0104256400061846
2024-08-18,2024-08-18,0.2642910018745638,58390.0,-0.0181356516475108
2024-08-19,2024-08-19,0.5081603516578834,59398.5,0.0172717931152595
2024-08-20,2024-08-20,0.2241664847704335,58982.9,-0.0069968096837461
2024-08-21,2024-08-21,-0.0705617181029785,61120.0,0.0362325351924031
2024-08-22,2024-08-22,-0.0138995401627294,60349.9,-0.0125998036649214
2024-08-23,2024-08-23,0.1190228549162131,64019.9,0.0608120311715512
2024-08-24,2024-08-24,0.7139519955528877,64116.5,0.0015089058245951
2024-08-25,2024-08-25,1.3327578659696095,64190.2,0.001149470105199
2024-08-26,2024-08-26,1.4640386560745913,62807.6,-0.021539113447224
2024-08-27,2024-08-27,0.7464236400866692,59384.5,-0.0545013660767168
2024-08-28,2024-08-28,-0.1812068329914475,59010.0,-0.006306359403548
2024-08-29,2024-08-29,-0.128909360223588,59323.2,0.0053075749872901
2024-08-30,2024-08-30,-0.0621760995511793,59096.3,-0.0038248105294386
2024-08-31,2024-08-31,0.5922892004155411,58941.9,-0.0026126847196863
2024-09-01,2024-09-01,0.3971952045684375,57268.1,-0.0283974557996943
2024-09-02,2024-09-02,0.7675903120715084,59112.1,0.0321994269060785
2024-09-03,2024-09-03,0.1647138463571731,57451.9,-0.0280856203721403
2024-09-04,2024-09-04,-0.9063582765645964,57944.8,0.0085793507264337
2024-09-05,2024-09-05,-1.1575238309538554,56145.7,-0.0310485151385457
2024-09-06,2024-09-06,-1.0778537579058785,53927.7,-0.0395043609751057
2024-09-07,2024-09-07,-0.4634681507099881,54134.9,0.0038421812908766
2024-09-08,2024-09-08,-0.2611619186592259,54839.6,0.0130174804054314
2024-09-09,2024-09-09,-0.276129711557379,57010.0,0.0395772398048126
2024-09-10,2024-09-10,-1.4581726718650094,57609.1,0.0105086826872478
2024-09-11,2024-09-11,-1.6694975364179845,57306.0,-0.0052613215620448
2024-09-12,2024-09-12,-1.9647678841239165,58097.0,0.0138030921718492
2024-09-13,2024-09-13,-1.9856179693229048,60456.2,0.0406079487753239
2024-09-14,2024-09-14,-1.6375310808212593,59964.0,-0.008141431317218
2024-09-15,2024-09-15,-1.2389468705502702,59100.5,-0.014400306850777
2024-09-16,2024-09-16,-0.8128766728880074,58187.0,-0.0154567220243483
2024-09-17,2024-09-17,-1.183519720108274,60281.0,0.0359874198704177
2024-09-18,2024-09-18,-1.5607680834573463,61735.3,0.0241253462948525
2024-09-19,2024-09-19,-1.442961207253862,62926.9,0.0193017609050252
2024-09-20,2024-09-20,-1.0665622039407283,63175.7,0.0039537940054252
2024-09-21,2024-09-21,0.0405906083940842,63320.6,0.0022936033949763
2024-09-22,2024-09-22,1.0173158835022738,63558.4,0.0037554918936333
2024-09-23,2024-09-23,1.578476983636936,63302.0,-0.0040340851877957
2024-09-24,2024-09-24,1.6407249904806886,64243.1,0.0148668288521689
2024-09-25,2024-09-25,1.3365586413963602,63118.4,-0.0175069384883356
2024-09-26,2024-09-26,1.4310443369018833,65139.2,0.0320160206849349
2024-09-27,2024-09-27,1.4649865253522514,65749.6,0.0093707015130675
2024-09-28,2024-09-28,2.057845876156871,65822.6,0.0011102729142078
2024-09-29,2024-09-29,2.6264104917403825,65568.1,-0.003866453163503
2024-09-30,2024-09-30,2.937047760187368,63309.1,-0.0344527292997662
2024-10-01,2024-10-01,1.8429068811497729,60776.8,-0.0399989890868768
2024-10-02,2024-10-02,0.8493485065538384,60622.6,-0.0025371523344435
2024-10-03,2024-10-03,0.6055479815448346,60727.2,0.0017254291303903
2024-10-04,2024-10-04,0.5443521823277004,62054.4,0.0218551159941509
2024-10-05,2024-10-05,1.0972719776387672,62023.1,-0.0005043961427393
2024-10-06,2024-10-06,1.3099338238520382,62789.3,0.0123534618553411
2024-10-07,2024-10-07,1.2992664644475758,62190.7,-0.0095334714672723
2024-10-08,2024-10-08,0.4050371558230532,62131.7,-0.0009486949013276
2024-10-09,2024-10-09,-0.4042268381280992,60606.4,-0.0245494650878697
2024-10-10,2024-10-10,-0.247753271931559,60293.2,-0.0051677710604821
2024-10-11,2024-10-11,-0.0811281447424636,62509.0,0.0367504129818951
2024-10-12,2024-10-12,0.5698203212403029,63176.0,0.0106704634532628
2024-10-13,2024-10-13,1.394731631666306,62839.8,-0.0053216411295428
2024-10-14,2024-10-14,1.7119735180617524,66064.9,0.0513225694543901
2024-10-15,2024-10-15,0.9444287350303614,67044.1,0.0148217888773012
2024-10-16,2024-10-16,0.6048070050813604,67592.0,0.0081722329034172
2024-10-17,2024-10-17,1.0789675037695945,67401.5,-0.0028183808734761
2024-10-18,2024-10-18,1.539379170264136,68407.8,0.0149299347937361
2024-10-19,2024-10-19,2.407720116411692,68357.1,-0.0007411435538052
2024-10-20,2024-10-20,3.032782211653903,69020.1,0.0096990656420474
2024-10-21,2024-10-21,3.254423265246976,67368.8,-0.023924914626319
2024-10-22,2024-10-22,2.674002265528735,67406.4,0.0005581218605643
2024-10-23,2024-10-23,1.9074204776969543,66647.2,-0.0112630254693916
2024-10-24,2024-10-24,1.834588368707763,68173.8,0.0229056884610308
2024-10-25,2024-10-25,2.0926104374595447,66662.8,-0.0221639398126552
2024-10-26,2024-10-26,2.732914380239415,67071.8,0.0061353558506394
2024-10-27,2024-10-27,3.382384586086697,67992.6,0.0137285714711696
2024-10-28,2024-10-28,3.5065515679588675,69940.0,0.0286413521471453
2024-10-29,2024-10-29,2.496247047821452,72739.5,0.0400271661424078
2024-10-30,2024-10-30,1.208389367795243,72349.0,-0.0053684724255734
2024-10-31,2024-10-31,0.9331279435049082,70321.9,-0.0280183554713956
2024-11-01,2024-11-01,0.7642895801658464,69495.5,-0.0117516733762881
2024-11-02,2024-11-02,1.2465878800408068,69366.6,-0.0018547963537206
2024-11-03,2024-11-03,1.706807484599636,68762.5,-0.0087088022189354
2024-11-04,2024-11-04,1.861783807068149,67834.3,-0.0134986366115251
2024-11-05,2024-11-05,0.860711664882943,69353.1,0.0223898529210149
2024-11-06,2024-11-06,-0.9263499004219992,75579.9,0.0897840183063192
2024-11-07,2024-11-07,-1.304585414419107,75859.4,0.0036980731649551
2024-11-08,2024-11-08,-1.264635623974124,76482.2,0.0082099252037322
2024-11-09,2024-11-09,-0.7530796798974343,76675.1,0.0025221554819292
2024-11-10,2024-11-10,-0.5774512522902544,80410.0,0.0487107287763561
2024-11-11,2024-11-11,-0.4246397174029323,88728.9,0.103456037806243
2024-11-12,2024-11-12,-1.7475709847026664,87972.0,-0.008530478795522
2024-11-13,2024-11-13,-2.97881303013867,90413.3,0.0277508752784978
2024-11-14,2024-11-14,-3.343276747743612,87382.7,-0.0335194047778369
2024-11-15,2024-11-15,-3.250393557288783,91074.6,0.0422497817073632
2024-11-16,2024-11-16,-2.223431733870135,90643.3,-0.004735678224225
2024-11-17,2024-11-17,-1.3076348672814693,89899.9,-0.0082013783699402
2024-11-18,2024-11-18,-0.80075627089886,90507.4,0.0067575158593058
2024-11-19,2024-11-19,-0.926782304575796,92335.9,0.0202027679504659
2024-11-20,2024-11-20,-0.9596442201284334,94288.0,0.021141289574261
2024-11-21,2024-11-21,-0.902116180276543,98366.8,0.0432589512981502
2024-11-22,2024-11-22,-0.4821544477260192,98921.4,0.005638081141198
2024-11-23,2024-11-23,0.1073227277220342,97725.5,-0.0120893962277119
2024-11-24,2024-11-24,0.8609108171053697,97960.4,0.0024036715084598
2024-11-25,2024-11-25,1.1346356744848125,93064.0,-0.049983462705338
2024-11-26,2024-11-26,0.7461093266638125,92021.4,-0.0112030430671367
2024-11-27,2024-11-27,-0.1353385632967322,95905.2,0.0422054000482496
2024-11-28,2024-11-28,0.1872504991385422,95694.4,-0.0021980038621471
2024-11-29,2024-11-29,0.4063329176119075,97516.3,0.019038731629019
2024-11-30,2024-11-30,1.1543120139821403,96475.1,-0.0106771893519339
2024-12-01,2024-12-01,2.3851823189017223,97265.1,0.0081886414214651
2024-12-02,2024-12-02,2.8697151267907093,95890.5,-0.0141325100164396
2024-12-03,2024-12-03,2.8944953822251125,95913.3,0.0002377712077838
2024-12-04,2024-12-04,2.302357450145155,98669.8,0.0287394970249172
2024-12-05,2024-12-05,2.1269055142009696,97001.5,-0.0169079090055924
2024-12-06,2024-12-06,1.9910815255726688,99802.5,0.0288758421261527
2024-12-07,2024-12-07,2.475110929983175,99899.2,0.0009689136043686
2024-12-08,2024-12-08,2.631923673577272,101200.0,0.0130211252942966
2024-12-09,2024-12-09,2.3689719270325678,97349.1,-0.0380523715415018
2024-12-10,2024-12-10,1.4368388969082777,96602.4,-0.0076703328536166
2024-12-11,2024-12-11,0.1469763384927298,101115.3,0.0467162306526547
2024-12-12,2024-12-12,0.2297179138670139,99982.4,-0.0112040413270791
2024-12-13,2024-12-13,0.2567240356549898,101371.9,0.0138974459504872
2024-12-14,2024-12-14,0.9335218266075582,101381.0,8.976846640940117e-05
2024-12-15,2024-12-15,2.156465138482921,104460.4,0.0303745277714757
2024-12-16,2024-12-16,2.507491744580798,106023.2,0.0149606932387775
2024-12-17,2024-12-17,1.7944291734462932,106074.6,0.0004847995533054
2024-12-18,2024-12-18,0.6664430244103628,100181.1,-0.0555599549750835
2024-12-19,2024-12-19,0.6744129785756027,97434.4,-0.0274173471842494
2024-12-20,2024-12-20,0.5126546774420733,97764.4,0.0033868941564785
2024-12-21,2024-12-21,0.9814207022657588,97261.8,-0.0051409306455109
2024-12-22,2024-12-22,1.6228209513160938,95153.5,-0.0216765472158648
2024-12-23,2024-12-23,1.376591441189604,94861.1,-0.0030729295296546
2024-12-24,2024-12-24,0.6290817690831633,98627.2,0.0397012052358658
2024-12-25,2024-12-25,0.0183370981925249,99379.7,0.0076297410856234
2024-12-26,2024-12-26,0.2599986557045689,95751.0,-0.0365134931983091
2024-12-27,2024-12-27,0.452229470319414,94258.9,-0.015583127069169
2024-12-28,2024-12-28,1.4424516286781282,95259.1,0.0106111995790318
2024-12-29,2024-12-29,1.911612766183273,93700.0,-0.0163669402713232
