start_time,date,loss_amount,loss_percent,profit_amount,profit_percent,close,change
2021-01-01,2021-01-01,75146.44783642,0.40427706,18496853.35956469,99.51040522,29337.16,
2021-01-02,2021-01-02,99625.33609075,0.53594274,18469802.99668222,99.35983343,32199.91,0.0975810201123763
2021-01-03,2021-01-03,132442.03573801,0.71244504,18418692.99393592,99.0796195,33054.53,0.0265410679719291
2021-01-04,2021-01-04,394023.70344161,2.11944724,18195549.84138067,97.87357353,32031.07,-0.0309627757526729
2021-01-05,2021-01-05,88942.33337479,0.47839415,18500131.14114168,99.50665941,33999.52,0.0614543941242049
2021-01-06,2021-01-06,3275.04843467,0.01761446,18571668.86279142,99.885496,36823.68,0.083064702089912
2021-01-07,2021-01-07,156484.77973992,0.84158711,18416065.44745802,99.04300841,39498.92,0.0726499904409336
2021-01-08,2021-01-08,158864.01903164,0.85434034,18428906.77680191,99.10713976,40637.23,0.0288187626395861
2021-01-09,2021-01-09,259188.42637262,1.39380072,18317099.57095575,98.50126002,40136.04,-0.0123332717313655
2021-01-10,2021-01-10,710478.63452044,3.8204357,17884927.15532338,96.17208853,38221.67,-0.047697032392832
2021-01-11,2021-01-11,859283.74277551,4.62036186,17731838.11480027,95.34395272,35408.46,-0.0736024878033848
2021-01-12,2021-01-12,1327734.25059051,7.13886145,17270038.48352846,92.85624137,34056.9,-0.038170538905109
2021-01-13,2021-01-13,681413.00527214,3.66358296,17901849.80393477,96.2484006,37421.07,0.0987808637897165
2021-01-14,2021-01-14,548314.98399687,2.94784249,18050100.31763413,97.04066864,39163.31,0.0465577280393103
2021-01-15,2021-01-15,993282.52449189,5.33979196,17603003.33834752,94.6320642,36755.24,-0.0614879079424083
2021-01-16,2021-01-16,1045010.60552457,5.61759972,17541749.44677572,94.29811165,36025.66,-0.0198496867385438
2021-01-17,2021-01-17,1153851.23792114,6.20241051,17433882.7485464,93.71407161,35869.83,-0.0043255279708963
2021-01-18,2021-01-18,930623.58448677,5.00222918,17672320.32280901,94.9911412,36686.86,0.0227776379202242
2021-01-19,2021-01-19,1195009.14432575,6.42301625,17389883.6287236,93.46832665,35891.03,-0.0216925078897458
2021-01-20,2021-01-20,1265822.34830501,6.80330561,17336825.90475359,93.17873489,35500.0,-0.0108949227703969
2021-01-21,2021-01-21,2227748.070361,11.97276557,16366380.81000841,87.95915627,30879.97,-0.1301416901408451
2021-01-22,2021-01-22,1772036.67049288,9.52314812,16834647.4207239,90.47151428,32986.34,0.0682115299982479
2021-01-23,2021-01-23,2071878.59026465,11.13395295,16535435.03215296,88.85885324,32086.48,-0.0272797770228524
2021-01-24,2021-01-24,1971445.77864939,10.59374808,16616029.81256771,89.28778861,32275.63,0.0058950062456213
2021-01-25,2021-01-25,1995796.76196289,10.72409613,16613400.06474944,89.26946006,32253.68,-0.0006800796762139
2021-01-26,2021-01-26,1854683.75559854,9.96530904,16755203.36000126,90.02654982,32474.14,0.0068351890388942
2021-01-27,2021-01-27,2430445.01503041,13.05828053,16180379.52125285,86.93384693,30381.04,-0.0644543627637251
2021-01-28,2021-01-28,1554658.63448165,8.35245398,17055687.46957558,91.63223462,33399.75,0.0993616413394669
2021-01-29,2021-01-29,1444608.50351441,7.76080998,17150001.50028583,92.13423736,34269.35,0.0260361230248729
2021-01-30,2021-01-30,1412349.71745305,7.58716099,17198603.16706152,92.3911191,34289.85,0.0005982021835839
2021-01-31,2021-01-31,1887438.22480128,10.13885241,16709635.5619939,89.76003906,33126.21,-0.0339354065415858
2021-02-01,2021-02-01,1812411.79799098,9.73544,16778715.02711385,90.12751609,33546.09,0.0126751596394516
2021-02-02,2021-02-02,1062309.73667665,5.70594471,17535245.3300866,94.18640993,35504.06,0.0583665637336572
2021-02-03,2021-02-03,582803.13294863,3.13023113,18033860.90519289,96.85972776,37652.51,0.0605127976913064
2021-02-04,2021-02-04,996544.10102529,5.35214321,17620254.26598766,94.63316696,36976.93,-0.0179424957326882
2021-02-05,2021-02-05,653693.9464918,3.51059743,17960253.84714892,96.45373237,38362.65,0.0374752582218156
2021-02-06,2021-02-06,512161.027032,2.75036237,18089136.12859781,97.14069743,39249.54,0.0231185801815045
2021-02-07,2021-02-07,555378.94532022,2.98229131,18064939.03344774,97.00567723,38849.25,-0.0101985908624662
2021-02-08,2021-02-08,0.0,0.0,18594604.18343859,99.84446129,46451.32,0.195681255107885
2021-02-09,2021-02-09,223336.08709709,1.19915439,18379660.32848087,98.68557583,46492.54,0.0008873805954277
2021-02-10,2021-02-10,508989.22765484,2.73277546,18115160.74889564,97.26073571,44850.0,-0.0353291087129247
2021-02-11,2021-02-11,12481.36486273,0.06700985,18607682.90334165,99.90077457,48060.21,0.0715765886287624
2021-02-12,2021-02-12,212032.24792076,1.13830275,18392057.29613836,98.7384209,47361.03,-0.0145480013508055
2021-02-13,2021-02-13,431651.47407725,2.31721439,18190276.62379705,97.65001002,47221.62,-0.0029435592933683
2021-02-14,2021-02-14,27128.65891012,0.14562628,18582891.2334713,99.75271129,48655.21,0.0303587636341149
2021-02-15,2021-02-15,298920.74754608,1.60452075,18325940.3683876,98.3683861,47981.58,-0.0138449715868043
2021-02-16,2021-02-16,73814.65948131,0.39619982,18555508.4478232,99.59659868,49197.94,0.0253505616113516
2021-02-17,2021-02-17,44396.56418713,0.2382873,18567630.77031439,99.6570516,52194.62,0.0609106804065373
2021-02-18,2021-02-18,302464.5771982,1.62332735,18329192.88669152,98.37277578,51619.7,-0.0110149283585166
2021-02-19,2021-02-19,9973.99090616,0.05352766,18613224.96469591,99.89204925,56004.1,0.0849365649161075
2021-02-20,2021-02-20,117675.8938065,0.63150317,18493960.45016759,99.2471292,55917.41,-0.0015479223842539
2021-02-21,2021-02-21,89930.10112821,0.48258362,18543330.83275152,99.50736756,57487.43,0.0280774806987662
2021-02-22,2021-02-22,657513.70753866,3.52819784,17950207.05996498,96.3202456,54121.1,-0.0585576707812472
2021-02-23,2021-02-23,1022776.41441073,5.48795227,17588746.10064489,94.37663775,48930.0,-0.0959163801179207
2021-02-24,2021-02-24,992788.56249688,5.32676123,17641423.07812086,94.65424156,49702.03,0.0157782546494993
2021-02-25,2021-02-25,1654899.4578539,8.87882221,16983821.58711651,91.12114426,47089.37,-0.0525664645890719
2021-02-26,2021-02-26,1833525.5249366,9.8367235,16783658.48898514,90.04303767,46313.13,-0.0164843997700543
2021-02-27,2021-02-27,1864173.75524102,10.00062244,16746841.92388606,89.84079012,46102.63,-0.0045451473480631
2021-02-28,2021-02-28,1973329.55075411,10.5857391,16642391.73994514,89.27653111,45163.36,-0.0203734580868812
2021-03-01,2021-03-01,862832.04323019,4.62837888,17774922.31257468,95.34772809,49592.7,0.0980737482773645
2021-03-02,2021-03-02,1141605.33768935,6.12347301,17482877.44238878,93.77665351,48450.57,-0.023030204042127
2021-03-03,2021-03-03,818326.17651905,4.38920769,17803343.89022831,95.49074208,50373.75,0.0396936506629332
2021-03-04,2021-03-04,1230515.35611497,6.59975921,17391458.84606377,93.27753618,48385.77,-0.0394646020993076
2021-03-05,2021-03-05,1038510.19065534,5.56967846,17603021.94527958,94.40752062,48770.57,0.0079527513977766
2021-03-06,2021-03-06,1056301.41298195,5.66480671,17589737.43897675,94.33146774,48908.21,0.0028221937943313
2021-03-07,2021-03-07,586854.7282696,3.14707136,18060597.44883232,96.851889,50995.27,0.0426729990731618
2021-03-08,2021-03-08,376054.32414636,2.01652685,18269877.26406984,97.96908492,52429.43,0.0281233926205313
2021-03-09,2021-03-09,313978.63788183,1.68357763,18333835.7117671,98.30743851,54917.78,0.0474609393998752
2021-03-10,2021-03-10,213801.33455278,1.14636197,18422542.19766808,98.77815709,55947.98,0.018758952018818
2021-03-11,2021-03-11,31673.3845243,0.16981913,18615726.71054589,99.80956053,57844.52,0.0338982747902603
2021-03-12,2021-03-12,148779.16458785,0.79765012,18495117.86888445,99.15792338,57291.03,-0.0095685814317414
2021-03-13,2021-03-13,13802.83202619,0.07399761,18625283.89859423,99.85099833,61267.41,0.0694066767520151
2021-03-14,2021-03-14,251506.17116619,1.34826515,18384955.75135161,98.55740351,59037.12,-0.0364025507198688
2021-03-15,2021-03-15,833464.2797383,4.46778352,17818831.22783682,95.51780727,55646.61,-0.0574301388685627
2021-03-16,2021-03-16,587265.36626783,3.14787762,18067421.56011489,96.84554072,56954.19,0.0234979273670039
2021-03-17,2021-03-17,159043.17358995,0.8524692,18494403.3829606,99.12974509,58959.0,0.0352003952650366
2021-03-18,2021-03-18,314823.47570277,1.68736353,18340113.66375038,98.29774903,57700.01,-0.0213536525382044
2021-03-19,2021-03-19,349696.30146819,1.87417896,18305349.12102155,98.10655719,58089.11,0.0067434996978337
2021-03-20,2021-03-20,438646.83969702,2.35078343,18205156.92576494,97.56454954,58145.61,0.0009726435815593
2021-03-21,2021-03-21,569111.58217229,3.04980694,18089464.71901504,96.93946995,57415.18,-0.0125620833627853
2021-03-22,2021-03-22,1283011.19275582,6.87516944,17377590.47634973,93.11990397,54129.56,-0.0572256326636962
2021-03-23,2021-03-23,1393740.11070217,7.46812095,17268330.65510643,92.52943282,54400.0,0.0049961610624582
2021-03-24,2021-03-24,1672851.59286382,8.96323641,16989430.0767411,91.03035736,52311.54,-0.0383908088235294
2021-03-25,2021-03-25,1876807.94943648,10.05552789,16768138.75476122,89.84003238,51325.21,-0.0188549218776583
2021-03-26,2021-03-26,1151555.48164823,6.16950229,17508642.68847446,93.80321913,55030.0,0.0721826564372556
2021-03-27,2021-03-27,861285.20034597,4.61412256,17804574.71418475,95.38360794,55828.0,0.014501181173905
2021-03-28,2021-03-28,898108.45911959,4.81113793,17767813.78355154,95.1816031,55805.08,-0.0004105466790856
2021-03-29,2021-03-29,344837.21966916,1.84718843,18320800.79439849,98.13897505,57677.64,0.0335553680776015
2021-03-30,2021-03-30,264427.00365449,1.41638605,18381356.84375584,98.45854281,58794.16,0.019357934894701
2021-03-31,2021-03-31,417844.72155061,2.23804045,18251931.50820908,97.76014614,58807.24,0.0002224710753584
2021-04-01,2021-04-01,450551.15317182,2.41310399,18205594.63641509,97.50722573,58794.01,-0.000224972299329
2021-04-02,2021-04-02,295342.85371432,1.58175074,18359761.95946258,98.32832143,59031.36,0.0040369758756035
2021-04-03,2021-04-03,992069.76922184,5.31293805,17679466.3892885,94.68074987,57134.65,-0.0321305489150173
2021-04-04,2021-04-04,616051.53262533,3.29904588,18040595.12522178,96.61002033,58234.61,0.0192520650778467
2021-04-05,2021-04-05,321072.69252982,1.71930137,18334825.05284978,98.18053827,59243.39,0.0173226883463286
2021-04-06,2021-04-06,860855.85297079,4.60954591,17799692.55965519,95.3103819,58059.99,-0.0199752242402063
2021-04-07,2021-04-07,1518893.93041544,8.13265477,17140271.73032175,91.77461961,56018.18,-0.0351672468424468
2021-04-08,2021-04-08,792589.02152064,4.2435905,17877720.84295475,95.71887103,58122.26,0.0375606633417937
2021-04-09,2021-04-09,783733.15359914,4.19596199,17880855.91706353,95.73078726,58176.03,0.000925118878722
2021-04-10,2021-04-10,227040.55619833,1.21546919,18436197.28991592,98.69879693,59832.43,0.028472207539772
2021-04-11,2021-04-11,196569.78639501,1.05229185,18481867.45873401,98.93849356,60090.2,0.004308198747736
2021-04-12,2021-04-12,309653.42474917,1.65757965,18361366.99068646,98.28868609,59911.18,-0.0029791879541088
2021-04-13,2021-04-13,31491.06864819,0.16856418,18647650.70779375,99.81642524,63649.71,0.0624012079214597
2021-04-14,2021-04-14,269781.01705938,1.4440082,18412672.76686582,98.55419329,63019.1,-0.0099075078268228
2021-04-15,2021-04-15,147139.9468016,0.78752415,18526255.62039797,99.15644233,63232.55,0.0033870683649879
2021-04-16,2021-04-16,457170.04300058,2.44678656,18221092.0436837,97.51978223,61424.67,-0.0285909709477161
2021-04-17,2021-04-17,741127.12657348,3.96641189,17937969.52879879,96.00158054,60090.14,-0.0217262868485903
2021-04-18,2021-04-18,1766325.73166962,9.45274373,16906235.61540532,90.47612787,56140.05,-0.0657360758354032
2021-04-19,2021-04-19,2086889.8041961,11.16792569,16596430.06458034,88.81527778,55634.39,-0.0090071170225178
2021-04-20,2021-04-20,1715133.91201516,9.1780927,16942226.20808903,90.66191366,56410.56,0.0139512628789495
2021-04-21,2021-04-21,2712993.74788458,14.51738948,15968506.1892991,85.44841801,53800.0,-0.0462778600318805
2021-04-22,2021-04-22,2921531.32801434,15.63253874,15752853.27695633,84.29041537,51714.61,-0.0387618959107806
2021-04-23,2021-04-23,2846658.88110025,15.23122337,15823699.44526116,84.66567682,51122.62,-0.011447248659518
2021-04-24,2021-04-24,3082041.08610398,16.48985075,15608073.80375204,83.50790932,50092.4,-0.0201519405695561
2021-04-25,2021-04-25,3297119.51631633,17.63975361,15389831.40701933,82.33636445,49063.94,-0.020531258234782
2021-04-26,2021-04-26,2351381.66435054,12.57952948,16337174.2476211,87.40136417,53984.33,0.1002852604173247
2021-04-27,2021-04-27,2110740.43997792,11.2915999,16552780.01052425,88.55061739,55006.25,0.0189299376319016
2021-04-28,2021-04-28,2286610.95411073,12.23185463,16375766.47369189,87.5995082,54861.77,-0.0026266106124304
2021-04-29,2021-04-29,2623132.3751238,14.0314491,16051259.83482795,85.86011042,53558.8,-0.0237500539993513
2021-04-30,2021-04-30,1047608.89195397,5.60351374,17646782.59102675,94.39017695,57684.16,0.0770248773310828
2021-05-01,2021-05-01,1098184.01208636,5.87376005,17595718.17748995,94.11266728,57836.34,0.0026381592451028
2021-05-02,2021-05-02,1570360.27288628,8.39872821,17115006.80876841,91.53586786,56630.33,-0.0208521147776639
2021-05-03,2021-05-03,1393499.37458184,7.45238548,17290607.28515761,92.46955758,57214.83,0.010321324279763
2021-05-04,2021-05-04,2912161.20301318,15.57319318,15786029.25685534,84.41802019,53263.32,-0.0690644366154719
2021-05-05,2021-05-05,1282438.86301663,6.85766303,17403069.97874009,93.06049052,57497.77,0.0795003015208213
2021-05-06,2021-05-06,1805583.4872225,9.65455745,16895689.56089778,90.34221161,56435.35,-0.0184775861742115
2021-05-07,2021-05-07,1385011.89169106,7.40531158,17303539.93846686,92.51769274,57350.88,0.0162226335089619
2021-05-08,2021-05-08,751443.85808758,4.01755246,17949340.3229949,95.96514183,58924.98,0.0274468325507821
2021-05-09,2021-05-09,904431.53605118,4.83519199,17793230.94180286,95.12459955,58292.53,-0.0107331389845189
2021-05-10,2021-05-10,2162024.66573409,11.55773017,16541236.66218886,88.42598005,55869.67,-0.0415638161527729
2021-05-11,2021-05-11,1773924.64744643,9.48248398,16932307.01106064,90.51135863,56710.43,0.0150485943446596
2021-05-12,2021-05-12,3685852.38522762,19.701529,15021479.00519421,80.29244616,49595.76,-0.1254561109834645
2021-05-13,2021-05-13,3731522.09099932,19.94456887,14976352.14936518,80.04692979,49707.9,0.0022610803826779
2021-05-14,2021-05-14,3612527.49215888,19.30769175,15095193.70113717,80.67851317,49873.27,0.0033268353722446
2021-05-15,2021-05-15,4407084.87526791,23.5533544,14303420.10713554,76.44362032,46793.41,-0.0617537209811988
2021-05-16,2021-05-16,4359848.48361004,23.29987551,14350829.17780859,76.69361321,46429.28,-0.0077816513051731
2021-05-17,2021-05-17,4548244.37182274,24.30571733,14159904.4336227,75.67021612,43566.18,-0.0616658281153617
2021-05-18,2021-05-18,4651734.36760956,24.85793533,14045657.38263551,75.05717551,42882.53,-0.0156922181380144
2021-05-19,2021-05-19,4835571.78449929,25.83924686,13873668.68556295,74.13500739,36689.14,-0.1444268796640496
2021-05-20,2021-05-20,4330304.54410714,23.1384473,14349663.40672805,76.67565345,40500.3,0.1038770600782685
2021-05-21,2021-05-21,5090450.37370938,27.19919344,13607853.81396288,72.70921452,37211.02,-0.0812161885220604
2021-05-22,2021-05-22,4949273.90381642,26.44383775,13766582.89532062,73.55448324,37432.58,0.0059541501415443
2021-05-23,2021-05-23,5332170.21243326,28.48851037,13362470.81612094,71.39248622,34651.6,-0.0742930356390075
2021-05-24,2021-05-24,4559487.11179486,24.35922444,14120709.64722444,75.44040088,38779.66,0.1191304297637052
2021-05-25,2021-05-25,4616629.34880204,24.66349595,14068404.21809235,75.15787045,38326.84,-0.0116767398166979
2021-05-26,2021-05-26,4394254.36176486,23.47454211,14308781.83839799,76.43893007,39224.2,0.023413357323484
2021-05-27,2021-05-27,4713690.88780416,25.18002005,14000051.63072656,74.78674124,38527.38,-0.0177650532069487
2021-05-28,2021-05-28,5372434.8138439,28.69781772,13345369.589149,71.28666929,35670.99,-0.074139222547705
2021-05-29,2021-05-29,5484015.56604393,29.29271176,13222117.06939435,70.62555887,34611.94,-0.0296893918559589
2021-05-30,2021-05-30,5332516.59339019,28.48211512,13388350.52344817,71.51005237,35651.81,0.030043678568725
2021-05-31,2021-05-31,4866032.17177212,25.98929845,13853084.95756403,73.98881607,37243.38,0.0446420532365678
2021-06-01,2021-06-01,5008394.57649836,26.7483829,13698069.0361127,73.15741401,36693.41,-0.0147669196512237
2021-06-02,2021-06-02,4726390.6381887,25.24088306,13996623.21295561,74.74776352,37569.99,0.023889303283614
2021-06-03,2021-06-03,4188578.05586858,22.36764371,14511057.28117963,77.49125234,39247.4,0.0446476030470064
2021-06-04,2021-06-04,5065154.96577704,27.04751511,13658976.08300564,72.93782016,36828.03,-0.0616440834297304
2021-06-05,2021-06-05,5449415.86991745,29.09816486,13275475.59892719,70.88685959,35498.62,-0.0360977766119989
2021-06-06,2021-06-06,5409098.91274746,28.88143921,13305668.38182683,71.04452308,35801.71,0.0085380783816384
2021-06-07,2021-06-07,5815515.55359855,31.05008935,12900477.45323249,68.87798234,33550.96,-0.06286710886156
2021-06-08,2021-06-08,5665672.28411644,30.24854504,13064062.40359867,69.74792403,33372.58,-0.005316688404743
2021-06-09,2021-06-09,4593149.4461284,24.52140536,14122437.67962553,75.39533018,37368.45,0.1197351238651609
2021-06-10,2021-06-10,4847774.13639656,25.87974893,13880420.70284199,74.10035879,36669.66,-0.0186999995985917
2021-06-11,2021-06-11,4572897.4519967,24.41146982,14146255.97819058,75.51686965,37300.42,0.017201141215926
2021-06-12,2021-06-12,5416305.59819932,28.9125569,13305629.61293814,71.02623113,35537.05,-0.0472748028038289
2021-06-13,2021-06-13,3937701.28760345,21.01875474,14783249.3236475,78.91037666,38993.65,0.0972674996939813
2021-06-14,2021-06-14,3718982.93950388,19.85038077,15014689.53626572,80.14215425,40489.1,0.0383511161432694
2021-06-15,2021-06-15,3774558.40542254,20.14613902,14943619.28487543,79.75932528,40132.86,-0.0087984173518304
2021-06-16,2021-06-16,4451919.5163899,23.76047739,14271030.47282771,76.16635826,38344.97,-0.0445492795679151
2021-06-17,2021-06-17,4515099.13223023,24.09663034,14217070.63295459,75.87507727,38060.71,-0.0074132278627419
2021-06-18,2021-06-18,5496659.7879997,29.33390764,13228414.61039532,70.59579951,35811.41,-0.0590976889290818
2021-06-19,2021-06-19,5515368.73016198,29.4327401,13222832.1471815,70.5635835,35483.0,-0.0091705408974402
2021-06-20,2021-06-20,5427850.27778992,28.96468391,13295463.67935411,70.94869666,35588.64,0.002977200349463
2021-06-21,2021-06-21,6078920.1815878,32.43785785,12647280.14241667,67.48742593,31606.0,-0.1119076199596275
2021-06-22,2021-06-22,5964547.60711362,31.82658596,12762610.0124265,68.10077334,32496.0,0.0281592102765297
2021-06-23,2021-06-23,5559910.28695004,29.66645825,13168032.0377707,70.26172231,33649.0,0.0354812900049237
2021-06-24,2021-06-24,5352237.09899472,28.55735983,13388166.00667248,71.43380742,34644.64,0.0295889922434544
2021-06-25,2021-06-25,6181331.84878587,32.97986236,12548390.98488962,66.95065363,31568.07,-0.0888036360025678
2021-06-26,2021-06-26,5769154.82761891,30.77982064,12970734.14903148,69.20196849,32255.56,0.0217780181050029
2021-06-27,2021-06-27,5127551.96649673,27.35618686,13590216.97265618,72.50565522,34687.71,0.0754025042504298
2021-06-28,2021-06-28,5097756.42419803,27.19642556,13632822.5596084,72.73082766,34487.22,-0.0057798569003257
2021-06-29,2021-06-29,4809517.10767086,25.65790477,13920461.92716983,74.26314919,35911.26,0.0412918176646306
2021-06-30,2021-06-30,4999398.64002166,26.6701059,13736465.51188582,73.27941143,35031.39,-0.0245012288624794
2021-07-01,2021-07-01,5485725.53341286,29.26355921,13245389.35298475,70.65742411,33489.96,-0.0440013941781928
2021-07-02,2021-07-02,5255171.49839893,28.03282938,13475262.92497227,71.88152594,33760.94,0.0080913802226101
2021-07-03,2021-07-03,4911600.30932224,26.1989973,13834399.86128842,73.79415705,34652.94,0.0264210652902436
2021-07-04,2021-07-04,4739650.26010094,25.28082825,13989505.46264021,74.61864599,35280.16,0.0181000515396385
2021-07-05,2021-07-05,5331990.76933172,28.4390628,13401014.43757718,71.47654745,33672.72,-0.0455621516455708
2021-07-06,2021-07-06,5182655.32561524,27.64124885,13565257.71585888,72.34914165,34206.01,0.0158374494249351
2021-07-07,2021-07-07,5394366.99508689,28.76921538,13334638.02506357,71.11623545,33845.64,-0.0105352831271464
2021-07-08,2021-07-08,5725140.83719151,30.53188243,13005370.00484891,69.35697117,32852.04,-0.0293568093261051
2021-07-09,2021-07-09,5244713.03962342,27.96856442,13506496.71960378,72.02630931,33805.01,0.0290079398417877
2021-07-10,2021-07-10,5369176.62317497,28.63075701,13362173.51266497,71.2528512,33497.98,-0.0090823815759852
2021-07-11,2021-07-11,5022011.23704168,26.77840641,13717673.86974534,73.14548466,34253.81,0.0225634500946025
2021-07-12,2021-07-12,5626619.5232444,30.00104352,13113777.00071855,69.92244507,33070.87,-0.0345345525067136
2021-07-13,2021-07-13,5865273.12436707,31.27212332,12888449.38565604,68.71788748,32709.09,-0.0109395368189588
2021-07-14,2021-07-14,5694557.97860284,30.3601943,13060789.76564644,69.63281724,32803.01,0.0028713730647964
2021-07-15,2021-07-15,6142447.78964222,32.74669527,12590566.41001004,67.12298673,31866.43,-0.0285516481566783
2021-07-16,2021-07-16,6304039.84800075,33.60649723,12433329.64970906,66.28141137,31382.95,-0.0151720792068643
2021-07-17,2021-07-17,6233561.36228405,33.229197,12509970.70702706,66.68680341,31496.65,0.0036229863668011
2021-07-18,2021-07-18,5839988.99035756,31.12969034,12899738.22585399,68.76123518,31767.0,0.0085834525259034
2021-07-19,2021-07-19,6401532.81748853,34.12103156,12359588.85914139,65.87827222,30823.62,-0.0296968552271225
2021-07-20,2021-07-20,6369099.09571192,33.94677579,12373801.96298796,65.95134957,29775.9,-0.0339908161338609
2021-07-21,2021-07-21,5575461.03811772,29.71531471,13182210.88791664,70.25670926,32120.0,0.0787247404780375
2021-07-22,2021-07-22,5530549.41130665,29.47444883,13232923.21246115,70.52339452,32268.11,0.0046111457036115
2021-07-23,2021-07-23,4908414.51624358,26.15767378,13852850.95451155,73.82391095,33634.46,0.0423436637596685
2021-07-24,2021-07-24,4671308.6092962,24.89282417,14093705.37689804,75.10360783,34230.0,0.017706245321019
2021-07-25,2021-07-25,4297730.23739615,22.90090439,14453025.19275882,77.01445411,35370.66,0.0333234005258546
2021-07-26,2021-07-26,3965760.60008789,21.1309139,14767887.62442579,78.68830053,37218.09,0.0522305775464748
2021-07-27,2021-07-27,3356274.56489259,17.88235376,15389413.02379792,81.99535604,39442.33,0.059762336003809
2021-07-28,2021-07-28,3288095.71860598,17.5181785,15463032.56174764,82.38329652,40003.08,0.0142169592922121
2021-07-29,2021-07-29,3279813.85647423,17.47312382,15470961.8043386,82.42115041,40012.9,0.0002454810979555
2021-07-30,2021-07-30,2886732.63966732,15.37814377,15880966.81418721,84.60076544,42203.25,0.054741095996541
2021-07-31,2021-07-31,2922075.46543924,15.56560252,15833653.22181192,84.34428042,41448.11,-0.017892934785828
2021-08-01,2021-08-01,3415348.83304277,18.19228746,15315657.39809806,81.58078593,39846.78,-0.038634572239844
2021-08-02,2021-08-02,3913595.43611881,20.84526862,14841489.83540216,79.05130907,39147.48,-0.0175497242186193
2021-08-03,2021-08-03,4165457.98563495,22.18553432,14587214.53069505,77.69257301,38203.26,-0.0241195601862496
2021-08-04,2021-08-04,3380022.41907635,18.00143201,15393347.90990501,81.98238696,39731.31,0.0399978954675595
2021-08-05,2021-08-05,3037394.21138501,16.1757902,15717972.47917682,83.70682483,40882.4,0.0289718612348801
2021-08-06,2021-08-06,2889733.36905289,15.38860082,15870856.93812705,84.5165456,42825.43,0.0475272978103047
2021-08-07,2021-08-07,2778325.90627964,14.79450405,15999585.53616504,85.19732423,44601.11,0.0414632147301263
2021-08-08,2021-08-08,2921941.95134546,15.55843716,15840539.96449918,84.34597597,43787.71,-0.0182372142756088
2021-08-09,2021-08-09,2692648.50771367,14.33679527,16069051.66484497,85.55840216,46259.7,0.0564539684765428
2021-08-10,2021-08-10,2933571.23538395,15.6187118,15843023.52286803,84.35030158,45589.99,-0.014477179921184
2021-08-11,2021-08-11,2926821.86719244,15.58201509,15854663.73639987,84.40814671,45522.12,-0.0014887039896256
2021-08-12,2021-08-12,3122478.65308274,16.62283091,15658185.09591863,83.35793201,44385.09,-0.0249775274086533
2021-08-13,2021-08-13,2391852.59211862,12.7326676,16392265.02977415,87.26175793,47792.52,0.0767696990137905
2021-08-14,2021-08-14,2603230.5989011,13.85715053,16165978.22107105,86.05245873,47083.74,-0.0148303542060556
2021-08-15,2021-08-15,2627407.53915666,13.98499903,16158451.08396433,86.00718362,47006.02,-0.0016506760083204
2021-08-16,2021-08-16,2969796.39158903,15.8065982,15800493.91539717,84.09736754,45926.23,-0.0229713130360748
2021-08-17,2021-08-17,3311089.43330234,17.6221057,15475478.44328084,82.36277585,44704.84,-0.026594606176035
2021-08-18,2021-08-18,3215015.40777425,17.11001724,15554205.3965873,82.77805509,44714.09,0.0002069127190702
2021-08-19,2021-08-19,2688818.22607837,14.30891113,16102166.57224656,85.68986491,46772.0,0.0460237477716756
2021-08-20,2021-08-20,2156050.31194726,11.47310381,16616861.58731243,88.42417868,49332.74,0.0547494227315488
2021-08-21,2021-08-21,2287364.41014988,12.17118427,16500499.85726643,87.80001273,48848.29,-0.0098200505384455
2021-08-22,2021-08-22,2174030.86215738,11.5674997,16620059.2592774,88.43137137,49273.28,0.0087002021974567
2021-08-23,2021-08-23,2240755.68202984,11.92174554,16539946.75783668,87.99934686,49523.91,0.0050865296566415
2021-08-24,2021-08-24,2742683.29112092,14.59146048,16035038.93903822,85.30866019,47719.36,-0.0364379549191492
2021-08-25,2021-08-25,2387070.83391772,12.69887664,16401096.34905712,87.25149514,48992.65,0.0266828809103893
2021-08-26,2021-08-26,2872177.92389948,15.27883553,15890386.14335132,84.53048621,46853.06,-0.0436716527887347
2021-08-27,2021-08-27,2312714.59124161,12.30211764,16474095.89109561,87.63133441,49083.98,0.04761524647483
2021-08-28,2021-08-28,2381292.46833603,12.66631301,16387856.17185943,87.16850976,48931.99,-0.0030965296620202
2021-08-29,2021-08-29,2378501.66686974,12.65081239,16408643.00821432,87.27455069,48795.41,-0.002791221039651
2021-08-30,2021-08-30,3204354.00999938,17.0426041,15596842.55140903,82.95301082,47024.7,-0.036288454180424
2021-08-31,2021-08-31,3086975.60548839,16.41753214,15677624.71982158,83.37866591,47150.32,0.002671362071422
2021-09-01,2021-09-01,2321429.13597716,12.34554685,16464690.50739997,87.56054834,48842.94,0.0358983777840744
2021-09-02,2021-09-02,2361003.98433768,12.55538728,16406294.81646946,87.24567455,49299.14,0.0093401420962784
2021-09-03,2021-09-03,2164683.92472675,11.5108269,16616584.30850984,88.3596092,50027.08,0.0147657748187899
2021-09-04,2021-09-04,2224687.85439151,11.82929175,16580760.01691309,88.16456985,49940.74,-0.001725865271369
2021-09-05,2021-09-05,1810970.59542135,9.6289158,16995416.55386479,90.36449036,51799.57,0.0372207139902212
2021-09-06,2021-09-06,1692951.69077903,9.00089578,17093815.11656099,90.88248008,52683.97,0.0170735008031919
2021-09-07,2021-09-07,3345537.66343151,17.78627536,15434988.37855734,82.05884409,46864.39,-0.1104620627488779
2021-09-08,2021-09-08,3516296.44487342,18.69321835,15290560.20964366,81.28716824,46062.29,-0.0171153406669755
2021-09-09,2021-09-09,3570836.92602627,18.98230058,15237694.47465091,81.00243797,46413.88,0.0076329248936601
2021-09-10,2021-09-10,3991956.27998176,21.21998056,14748152.60939902,78.39652785,44860.83,-0.0334608957492886
2021-09-11,2021-09-11,3918694.1033085,20.82951775,14869356.56525176,79.0369236,45193.78,0.0074218421727818
2021-09-12,2021-09-12,3510376.43776698,18.65822535,15276688.49018886,81.19809984,46046.73,0.0188731723701802
2021-09-13,2021-09-13,3879398.90662835,20.61855111,14932658.75733313,79.36533346,44975.96,-0.0232539856793306
2021-09-14,2021-09-14,3010460.39158091,15.99935175,15802301.42832647,83.98269571,47087.18,0.0469410769664504
2021-09-15,2021-09-15,2617535.40375022,13.91046185,16173791.83205735,85.9529594,48106.12,0.021639435617083
2021-09-16,2021-09-16,2822216.31415619,14.99752746,15970087.35647432,84.86657186,47745.55,-0.007495304131782
2021-09-17,2021-09-17,3206320.86761631,17.03786395,15609684.81218713,82.9473085,47303.11,-0.0092666227533246
2021-09-18,2021-09-18,2677911.85753351,14.22925253,16114475.60742169,85.62527631,48285.15,0.0207605800126038
2021-09-19,2021-09-19,3268828.44535983,17.36820199,15524111.52594654,82.48395692,47256.91,-0.0212951601061609
2021-09-20,2021-09-20,4237722.24055082,22.51498017,14557113.41632598,77.34181273,43026.6,-0.0895172790603533
2021-09-21,2021-09-21,4297469.2509452,22.83148298,14499335.51239619,77.031693,40726.1,-0.0534669251114426
2021-09-22,2021-09-22,4006954.64084562,21.28709735,14785524.95528753,78.54865785,43520.0,0.0686021985900933
2021-09-23,2021-09-23,3859132.87226242,20.5006655,14939238.05885058,79.36091667,44828.29,0.0300618106617647
2021-09-24,2021-09-24,4049200.52185903,21.5092948,14749896.57286166,78.35123796,42798.49,-0.0452794429588994
2021-09-25,2021-09-25,4038136.04962921,21.44949503,14760119.32951956,78.40179287,42651.58,-0.0034325977388454
2021-09-26,2021-09-26,3971433.33214255,21.09421468,14853007.77070698,78.89155084,43150.0,0.011685850793804
2021-09-27,2021-09-27,4286403.16881386,22.76600131,14527623.09963339,77.1593043,42122.69,-0.0238078794901506
2021-09-28,2021-09-28,4495163.82276689,23.87356908,14331390.70470329,76.1132318,41006.32,-0.0265028183147848
2021-09-29,2021-09-29,4302460.77781945,22.84914778,14454903.17406143,76.76588721,41499.71,0.0120320477428845
2021-09-30,2021-09-30,3762950.78448016,19.98282917,15064218.09713832,79.99724528,43796.57,0.0553464108544372
2021-10-01,2021-10-01,2473991.94360396,13.13731275,16349118.49400449,86.81656521,48123.94,0.098806139384888
2021-10-02,2021-10-02,2581418.51868268,13.70691068,16248793.68670086,86.27844034,47626.61,-0.0103343574944196
2021-10-03,2021-10-03,2489250.78796623,13.21685715,16318477.8542762,86.64413876,48187.3,0.0117726203901558
2021-10-04,2021-10-04,2180489.96295686,11.5768699,16624598.94307352,88.2649415,49198.22,0.020978971637755
2021-10-05,2021-10-05,1771343.82290764,9.40407955,17058291.98522746,90.56261844,51455.12,0.0458736108745398
2021-10-06,2021-10-06,1154389.93757457,6.12839969,17654993.88601234,93.72643989,55321.6,0.0751427651903249
2021-10-07,2021-10-07,1963780.92222253,10.42478889,16869228.2056209,89.55079497,53814.99,-0.0272336664160111
2021-10-08,2021-10-08,1934040.16118997,10.26650043,16896008.30942804,89.68938705,53975.0,0.0029733351246559
2021-10-09,2021-10-09,1366747.47253232,7.25476934,17472221.25158412,92.74349323,54960.77,0.0182634553033811
2021-10-10,2021-10-10,1722926.04790114,9.14490205,17116812.07702525,90.85216981,54700.0,-0.0047446569616836
2021-10-11,2021-10-11,742167.23302703,3.93906515,18072735.52352068,95.92134961,57500.01,0.0511884826325412
2021-10-12,2021-10-12,1190706.68506625,6.31941498,17625039.25294505,93.54103613,56011.84,-0.0258812128902239
2021-10-13,2021-10-13,729254.43448117,3.87014126,18103323.23396559,96.07403789,57393.65,0.0246699626364712
2021-10-14,2021-10-14,1003511.15430603,5.32537516,17837802.36107318,94.66062152,57378.19,-0.0002693677784911
2021-10-15,2021-10-15,149194.78024104,0.79170124,18665003.89150789,99.04573499,61702.33,0.0753620844435838
2021-10-16,2021-10-16,319406.54078283,1.6948542,18525876.01599467,98.30311755,60925.56,-0.0125889897512785
2021-10-17,2021-10-17,170844.58348678,0.9064977,18650213.07533738,98.95763138,61571.45,0.0106012977147851
2021-10-18,2021-10-18,168503.44068984,0.89403177,18653394.73675579,98.96965575,62037.92,0.0075760762496255
2021-10-19,2021-10-19,4973.23506873,0.02638523,18842491.01648895,99.96780906,64316.7,0.0367320503330865
2021-10-20,2021-10-20,147162.16581426,0.78072228,18652182.85123046,98.95325048,66064.24,0.0271708592014205
2021-10-21,2021-10-21,640595.9227236,3.39831208,18181208.60282787,96.44991264,62260.33,-0.0575789564823572
2021-10-22,2021-10-22,910432.87466277,4.82952334,17913800.65024688,95.02635597,60734.27,-0.0245109526403088
2021-10-23,2021-10-23,649230.20180954,3.4437703,18175814.76574114,96.41161305,61325.11,0.0097282802608806
2021-10-24,2021-10-24,820712.88448412,4.35316054,18002492.17834739,95.48739899,60902.82,-0.0068860863029842
2021-10-25,2021-10-25,359989.9716487,1.90931521,18490744.26441799,98.07123013,63127.04,0.0365208047837521
2021-10-26,2021-10-26,1154159.45035081,6.12112782,17672690.91908636,93.72777744,60358.75,-0.0438526818301634
2021-10-27,2021-10-27,1472448.46661032,7.80877915,17367369.84678299,92.10370255,58449.36,-0.031634021579307
2021-10-28,2021-10-28,1017673.89222996,5.39671701,17789036.74472219,94.33512838,60622.03,0.0371718355855392
2021-10-29,2021-10-29,654931.48910282,3.47289994,18203069.87183328,96.5252723,62308.22,0.0278148059377094
2021-10-30,2021-10-30,735265.58611178,3.89868664,18119112.04098741,96.07513443,61895.19,-0.0066288204028296
2021-10-31,2021-10-31,771712.5450448,4.09175522,18087582.91623812,95.903536,61348.61,-0.0088307346661348
2021-11-01,2021-11-01,960141.66681026,5.09058979,17875908.90268379,94.77655494,60942.87,-0.0066136787777261
2021-11-02,2021-11-02,357830.81300519,1.89708934,18503227.52943508,98.09740914,63266.69,0.0381311218195008
2021-11-03,2021-11-03,572500.88093183,3.03503036,18289971.63139552,96.96163094,62946.45,-0.0050617473428751
2021-11-04,2021-11-04,970730.33437446,5.14594221,17860507.08723336,94.68040093,61431.86,-0.024061563440035
2021-11-05,2021-11-05,1265687.09535453,6.70919405,17595030.63931294,93.268293,61006.0,-0.0069322335348466
2021-11-06,2021-11-06,926154.87723947,4.9091405,17912685.28315733,94.94728249,61511.3,0.0082827918565386
2021-11-07,2021-11-07,199782.97790001,1.05890821,18643393.71658029,98.81543855,63316.4,0.0293458275146192
2021-11-08,2021-11-08,106167.73219197,0.56269486,18728192.7438967,99.26045915,67606.96,0.0677638021113014
2021-11-09,2021-11-09,253884.52248728,1.34553429,18597102.52690059,98.56071115,67009.98,-0.0088301559484409
2021-11-10,2021-11-10,578430.4442614,3.06540776,18262938.51218178,96.78493578,64920.13,-0.0311871455565275
2021-11-11,2021-11-11,615400.01208248,3.26115832,18224606.46536811,96.57673993,64831.3,-0.0013682967055055
2021-11-12,2021-11-12,617025.31933885,3.26961745,18254254.47998843,96.7293029,64156.08,-0.0104150310112554
2021-11-13,2021-11-13,547271.30630834,2.89984396,18288393.88365294,96.90529726,64427.0,0.0042228265816739
2021-11-14,2021-11-14,315830.37371054,1.67341349,18553014.19678816,98.30233826,65568.39,0.0177160196811896
2021-11-15,2021-11-15,788236.68990177,4.17622897,18079788.68065515,95.79018355,63654.49,-0.0291893700607869
2021-11-16,2021-11-16,2001255.70991209,10.60250945,16838962.92795236,89.21161984,60106.03,-0.0557456355396139
2021-11-17,2021-11-17,2042495.76945786,10.82046249,16794267.1790798,88.97043544,60366.96,0.0043411617769464
2021-11-18,2021-11-18,2908401.1385533,15.40700622,15964478.30527766,84.57045805,56921.05,-0.0570827154456675
2021-11-19,2021-11-19,2252424.34262961,11.93148406,16624364.26513256,88.06215305,58069.51,0.0201763670909091
2021-11-20,2021-11-20,1914214.31496268,10.13943988,16959973.36218876,89.83562027,59716.29,0.0283587720991618
2021-11-21,2021-11-21,2208397.77342169,11.69719493,16670940.40630215,88.30077715,58661.39,-0.0176651965485464
2021-11-22,2021-11-22,2977927.850115,15.77241978,15894116.96501364,84.18225604,56268.31,-0.0407948055782517
2021-11-23,2021-11-23,2338905.92956076,12.38733647,16505892.87066826,87.41867134,57574.23,0.0232088008330089
2021-11-24,2021-11-24,2658896.55781103,14.08134217,16221633.55926273,85.9087098,57165.08,-0.0071064780197668
2021-11-25,2021-11-25,1887576.59199478,9.99605198,16937801.82199526,89.69763041,58988.21,0.0318923720565071
2021-11-26,2021-11-26,3970766.8258001,21.02709778,14907574.98457745,78.94269559,53755.65,-0.0887051836290675
2021-11-27,2021-11-27,3508686.31891078,18.57928252,15376243.22194474,81.42066318,54738.77,0.0182886822129393
2021-11-28,2021-11-28,2548535.2622839,13.49444614,16334512.20051662,86.49093398,57315.73,0.0470774188020668
2021-11-29,2021-11-29,2152426.14893678,11.39651653,16731686.80734773,88.58977362,57827.98,0.0089373370975123
2021-11-30,2021-11-30,2516579.57876255,13.32401999,16368061.78779952,86.66063429,56975.0,-0.0147502990766753
2021-12-01,2021-12-01,2695784.71766917,14.27217383,16186970.36746354,85.69796148,57209.29,0.0041121544537077
2021-12-02,2021-12-02,3137264.17611899,16.60862718,15705985.99986492,83.14724275,56513.57,-0.0121609619696381
2021-12-03,2021-12-03,4017023.15734986,21.26487534,14851417.50105151,78.61880039,53612.0,-0.0513428898581349
2021-12-04,2021-12-04,4380214.82433309,23.18631038,14423006.46756134,76.34700991,49135.66,-0.0834951130343952
2021-12-05,2021-12-05,4328779.68822205,22.91278433,14559745.80291081,77.06659601,49376.6,0.0049035669816992
2021-12-06,2021-12-06,3946841.56286683,20.88994834,14886593.26356212,78.79215804,50424.72,0.0212270589712535
2021-12-07,2021-12-07,4098160.14325668,21.68974641,14782473.28857402,78.23708339,50577.2,0.0030239136677405
2021-12-08,2021-12-08,4080772.95743507,21.59652357,14810779.21116406,78.38253824,50455.61,-0.0024040476736552
2021-12-09,2021-12-09,4886973.45623563,25.86175428,14009435.27244481,74.13761827,47539.76,-0.0577904022961965
2021-12-10,2021-12-10,5309620.30353292,28.09694223,13585487.39498188,71.89038627,47136.35,-0.0084857390950228
2021-12-11,2021-12-11,4202892.39242847,22.2393544,14671637.39127255,77.63409413,49381.15,0.0476235431890674
2021-12-12,2021-12-12,4050475.38626154,21.43185661,14842591.82593509,78.53505314,50057.01,0.013686599036272
2021-12-13,2021-12-13,5409013.66086953,28.61881358,13467413.09828703,71.25539128,46679.93,-0.0674646767755405
2021-12-14,2021-12-14,4524090.34562141,23.93555831,14375140.4478752,76.05440789,48324.04,0.0352209182832965
2021-12-15,2021-12-15,4282199.28509499,22.65473151,14590778.50109692,77.19168292,48870.48,0.0113078293950588
2021-12-16,2021-12-16,4991751.7908523,26.40757449,13884379.77725207,73.45172768,47624.5,-0.0254955547807184
2021-12-17,2021-12-17,5533801.43166917,29.27370603,13347484.85724283,70.60794515,46125.33,-0.0314789656584321
2021-12-18,2021-12-18,5260073.23657226,27.82451147,13642199.98558297,72.1639287,46815.99,0.0149735514087379
2021-12-19,2021-12-19,5461821.86985185,28.89028964,13443162.93288345,71.10756815,46668.63,-0.0031476425041957
2021-12-20,2021-12-20,5100056.08609958,26.97544649,13752116.35155024,72.73831355,46898.14,0.0049178645269853
2021-12-21,2021-12-21,4026941.4905435,21.29834684,14854387.46847057,78.56431418,48875.15,0.0421554031780364
2021-12-22,2021-12-22,4393571.75567618,23.23630417,14488548.38008929,76.62565582,48569.69,-0.0062498017908896
2021-12-23,2021-12-23,3512141.75696391,18.57374788,15392935.13371173,81.40460043,50817.92,0.0462887451000819
2021-12-24,2021-12-24,3632160.59137496,19.20750154,15249562.9650767,80.64236061,50808.55,-0.0001843837764314
2021-12-25,2021-12-25,3746275.08519423,19.80999651,15164333.46728675,80.18775616,50403.64,-0.0079693279969612
2021-12-26,2021-12-26,3540801.20036581,18.72263824,15341502.0779208,81.12101675,50765.73,0.0071838065663512
2021-12-27,2021-12-27,3787035.5895691,20.02366853,15122664.70587542,79.95996293,50707.72,-0.0011427000064807
2021-12-28,2021-12-28,5139627.48320966,27.17419406,13770329.5003971,72.80636726,47522.03,-0.0628245561030944
2021-12-29,2021-12-29,5577020.16472301,29.48536007,13308445.32720337,70.36092589,46436.54,-0.0228418272535916
2021-12-30,2021-12-30,5280828.9575975,27.91831772,13597163.70104152,71.88453543,47095.02,0.0141802123930852
2021-12-31,2021-12-31,5710075.32011806,30.18614127,13182549.75699852,69.6891524,46210.56,-0.0187803296399491
2022-01-01,2022-01-01,4971289.89146899,26.27908091,13943681.85706518,73.7086655,47704.35,0.0323257281452551
2022-01-02,2022-01-02,5079131.89333531,26.84775053,13833921.72677141,73.12463768,47280.0,-0.008895415197985
2022-01-03,2022-01-03,5544377.52953702,29.30563401,13350698.14343291,70.56710541,46445.81,-0.0176436125211506
2022-01-04,2022-01-04,5877597.27698457,31.06540807,13033716.5420155,68.88830656,45833.42,-0.0131850429565121
2022-01-05,2022-01-05,6039702.21673801,31.9206146,12852716.3501163,67.92828363,43421.69,-0.0526194641377404
2022-01-06,2022-01-06,5948580.00810901,31.43750571,12946005.89539273,68.41803147,43080.01,-0.0078688784337965
2022-01-07,2022-01-07,6241014.88488835,32.98146252,12680949.95042138,67.01414485,41553.86,-0.0354259434944421
2022-01-08,2022-01-08,6013409.03668285,31.77713816,12909575.19164288,68.21910033,41688.05,0.0032293028854599
2022-01-09,2022-01-09,5991578.18507065,31.66030127,12909075.97368962,68.21328568,41851.22,0.0039140712986094
2022-01-10,2022-01-10,5918178.70337711,31.27098207,13006199.64336112,68.72327726,41801.55,-0.0011868232276143
2022-01-11,2022-01-11,5770109.5795585,30.48701093,13155917.36616302,69.51074169,42700.68,0.0215094894806531
2022-01-12,2022-01-12,5441318.32620658,28.74848645,13453788.26274463,71.08131273,43880.72,0.0276351570982007
2022-01-13,2022-01-13,5979129.97600052,31.58807615,12948502.29511794,68.40765766,42534.32,-0.0306831793097287
2022-01-14,2022-01-14,5698401.8924111,30.10339363,13203044.66160375,69.7487573,43042.4,0.0119451774472942
2022-01-15,2022-01-15,5725842.71546242,30.24669963,13198733.5980701,69.72216152,43070.51,0.0006530769659685
2022-01-16,2022-01-16,5757930.00330277,30.4144431,13173275.10415101,69.58365696,43060.66,-0.0002286947612182
2022-01-17,2022-01-17,5922489.43361188,31.28201352,13008730.51032581,68.7108501,42176.34,-0.0205366104467513
2022-01-18,2022-01-18,5822127.32887078,30.75053005,13081779.28039937,69.09358456,42337.58,0.0038229964951914
2022-01-19,2022-01-19,6183466.50876477,32.65713781,12749169.32796082,67.33300474,41657.89,-0.0160540588290593
2022-01-20,2022-01-20,6361167.3521057,33.59376665,12550422.58747173,66.27965348,40661.69,-0.0239138372106699
2022-01-21,2022-01-21,7198879.04918175,38.0160989,11696191.1569229,61.76566612,36425.98,-0.1041695512409838
2022-01-22,2022-01-22,7338305.78157397,38.75067477,11563246.62669154,61.06090733,35043.73,-0.0379468170794581
2022-01-23,2022-01-23,6975734.15355728,36.83436408,11959526.67036886,63.15056593,36230.01,0.0338514193551884
2022-01-24,2022-01-24,6856555.7263512,36.2032673,12040699.45023643,63.57603993,36648.31,0.0115456771886068
2022-01-25,2022-01-25,6791036.68548308,35.85552198,12106165.29829981,63.91849964,36934.26,0.0078025426001908
2022-01-26,2022-01-26,6927656.16301552,36.57528062,12006872.6252366,63.39153175,36787.43,-0.0039754417714068
2022-01-27,2022-01-27,6580443.56908866,34.74063392,12302939.16919295,64.95183818,37131.0,0.009339331396621
2022-01-28,2022-01-28,6455222.64022826,34.07781396,12452192.33582739,65.73646139,37696.21,0.0152220516549512
2022-01-29,2022-01-29,6225543.94619952,32.86369982,12686115.83999411,66.96807644,38150.01,0.0120383454994548
2022-01-30,2022-01-30,6295824.86248242,33.23310127,12648498.05266406,66.76628177,37870.01,-0.0073394476174448
2022-01-31,2022-01-31,5968629.15115824,31.50448176,12966030.71914661,68.43917891,38439.04,0.0150258740359454
2022-02-01,2022-02-01,5959714.93386239,31.45583137,12985162.00237237,68.53667847,38680.51,0.0062818946570986
2022-02-02,2022-02-02,6973538.03043977,36.80500962,11942628.33378658,63.03092474,36892.03,-0.0462372393745584
2022-02-03,2022-02-03,6758157.90598243,35.66654475,12189017.46669225,64.32820053,37289.86,0.0107836299601837
2022-02-04,2022-02-04,5148574.2219713,27.17071451,13793558.12063501,72.79312945,41550.0,0.11424392582863
2022-02-05,2022-02-05,5361336.17429183,28.29241862,13550245.53790219,71.50628253,41374.69,-0.0042192539109505
2022-02-06,2022-02-06,4929151.57669766,26.01039001,14021131.11432754,73.9873958,42361.35,0.0238469460435835
2022-02-07,2022-02-07,4721593.30113938,24.9140188,14213955.30664763,75.00153594,43829.99,0.0346693389138921
2022-02-08,2022-02-08,4777736.17625194,25.2089827,14173643.90422981,74.78503015,44021.57,0.0043709797789139
2022-02-09,2022-02-09,4775361.92387195,25.19529211,14177120.79439076,74.79992206,44358.08,0.0076442071466329
2022-02-10,2022-02-10,5114293.19010216,26.98221978,13806780.88230795,72.84244028,43471.29,-0.0199916227212719
2022-02-11,2022-02-11,5394516.81801077,28.45930375,13529911.60360565,71.37837863,42366.0,-0.025425746509938
2022-02-12,2022-02-12,5548808.07188323,29.27147758,13407356.69367521,70.72746721,42199.87,-0.0039213048199027
2022-02-13,2022-02-13,5496215.48833852,28.99252703,13426215.14343193,70.82326126,42041.13,-0.0037616229623457
2022-02-14,2022-02-14,5142421.51580192,27.12489621,13780151.09668453,72.68660632,42525.14,0.0115127733245989
2022-02-15,2022-02-15,4562848.12094888,24.06641333,14393517.22923016,75.91756853,44529.6,0.0471358824450665
2022-02-16,2022-02-16,4741510.59642253,25.00746964,14216883.11950642,74.98206865,43860.7,-0.0150214688656534
2022-02-17,2022-02-17,5973097.27269386,31.50142042,12986621.34527449,68.4899308,40491.7,-0.0768113595998239
2022-02-18,2022-02-18,6033427.78476116,31.81819115,12926081.28592193,68.16763868,39966.8,-0.0129631504728128
2022-02-19,2022-02-19,5842844.89288257,30.81161035,13118190.03546184,69.17735578,40052.6,0.0021467818289178
2022-02-20,2022-02-20,6371640.52977779,33.59856232,12560880.64875794,66.23530147,38368.1,-0.0420571947888526
2022-02-21,2022-02-21,7179906.35354858,37.8591277,11754460.89246478,61.98042344,36986.4,-0.0360116867918921
2022-02-22,2022-02-22,6461730.30120825,34.07053055,12500431.43982436,65.91057062,38212.0,0.0331365042285811
2022-02-23,2022-02-23,7095439.76684056,37.4100182,11869288.37771396,62.57967214,37227.8,-0.0257563069192923
2022-02-24,2022-02-24,6405408.35207616,33.77042555,12559219.12420276,66.21438495,38315.1,0.0292066681351033
2022-02-25,2022-02-25,5979574.76876058,31.523965,12987401.2310046,68.4688122,39205.4,0.0232362697735357
2022-02-26,2022-02-26,6001104.37212194,31.6361648,12931894.85864962,68.17337802,39099.3,-0.0027062598519591
2022-02-27,2022-02-27,6892483.40621702,36.33364078,12074268.77424532,63.64935807,37672.0,-0.036504489850202
2022-02-28,2022-02-28,4816176.94452383,25.38712893,14119660.40334532,74.42783835,43155.0,0.1455457634317265
2022-03-01,2022-03-01,4368782.58935383,23.02758578,14572904.60551141,76.81288873,44394.1,0.0287127795156991
2022-03-02,2022-03-02,4653711.37818621,24.52832906,14313455.57237779,75.44196872,43885.7,-0.0114519722215339
2022-03-03,2022-03-03,5120392.57994351,26.98675121,13822805.25609093,72.85234494,42449.5,-0.0327259221113026
2022-03-04,2022-03-04,6487104.65437908,34.18836764,12457963.25805513,65.65601306,39127.7,-0.0782529829562186
2022-03-05,2022-03-05,6283325.45039956,33.11306801,12691070.76205516,66.88182757,39375.1,0.0063228863439457
2022-03-06,2022-03-06,6931304.95061797,36.52633805,12043932.99913508,63.46867889,38401.1,-0.0247364451137901
2022-03-07,2022-03-07,7096384.05673448,37.3944431,11879360.49051044,62.59836931,37963.8,-0.011387694623331
2022-03-08,2022-03-08,6614489.08938609,34.8533955,12361512.64105216,65.13589836,38709.9,0.0196529325304632
2022-03-09,2022-03-09,5267354.84525297,27.75374728,13709629.28264492,72.23617881,41937.5,0.08337918723634
2022-03-10,2022-03-10,6103569.09044459,32.15823324,12871885.99852552,67.81886238,39407.2,-0.0603350223546945
2022-03-11,2022-03-11,6552802.76391688,34.52356825,12393109.15954536,65.29333558,38713.0,-0.0176160701597677
2022-03-12,2022-03-12,6527764.56091401,34.38988745,12452974.75095905,65.60536858,38792.6,0.0020561568465373
2022-03-13,2022-03-13,7230345.25775851,38.08936355,11723308.32496647,61.75823379,37743.7,-0.0270386620128582
2022-03-14,2022-03-14,5842265.10165749,30.77542526,13138583.72433326,69.21039946,39653.8,0.0506071211884369
2022-03-15,2022-03-15,5971730.80145815,31.45597498,12982558.13041137,68.38537055,39271.0,-0.0096535514881298
2022-03-16,2022-03-16,5411165.09309256,28.50175169,13530200.50134703,71.26642937,41105.8,0.0467214993252018
2022-03-17,2022-03-17,5481648.0939619,28.87148935,13503940.6302644,71.12439022,40898.1,-0.0050528149312263
2022-03-18,2022-03-18,4857077.86311424,25.58071379,14085887.60335811,74.18597547,41751.5,0.020866495020551
2022-03-19,2022-03-19,4678688.322644,24.63993458,14307346.09310592,75.34848389,42188.2,0.0104595044489419
2022-03-20,2022-03-20,5492862.85851148,28.92625283,13495866.19448341,71.07128792,41261.0,-0.0219777094068956
2022-03-21,2022-03-21,5571594.84344844,29.33939,13388954.98064181,70.50472673,40982.0,-0.0067618332081141
2022-03-22,2022-03-22,4884999.94896821,25.72259733,14066394.86310127,74.06841653,42349.8,0.0333756283246304
2022-03-23,2022-03-23,4589531.45234759,24.16561667,14402297.56042054,75.83353675,42867.9,0.0122338240086139
2022-03-24,2022-03-24,4284629.21028335,22.55912958,14677780.49038741,77.28042167,43973.4,0.0257885270797029
2022-03-25,2022-03-25,4127805.42350147,21.73231634,14854312.80175741,78.20587253,44290.6,0.0072134517685691
2022-03-26,2022-03-26,4079106.94346987,21.47478799,14914663.11921044,78.5194487,44489.2,0.0044840214402153
2022-03-27,2022-03-27,3659160.51980285,19.26311581,15333529.31010714,80.72112422,46820.8,0.0524082249175081
2022-03-28,2022-03-28,3978620.18700424,20.94376888,15010844.42861139,79.01826301,47121.9,0.0064309025048696
2022-03-29,2022-03-29,3701895.00246719,19.48609773,15282321.15586764,80.4433414,47418.5,0.0062943132598642
2022-03-30,2022-03-30,3977279.74862675,20.93474284,15017526.39818081,79.04599956,47053.2,-0.0077037443192004
2022-03-31,2022-03-31,4551329.0890041,23.95521177,14407319.24977534,75.83068088,45506.0,-0.0328819293905621
2022-04-01,2022-04-01,4295554.11232715,22.60793139,14700880.81908038,77.3722077,46266.2,0.016705489386015
2022-04-02,2022-04-02,4398511.60567589,23.14877901,14566813.14645638,76.6631917,45794.6,-0.0101931863866061
2022-04-03,2022-04-03,4071556.4667151,21.42707812,14929329.36539625,78.56747394,46392.4,0.0130539408576557
2022-04-04,2022-04-04,3935790.53469783,20.71151648,15031961.41809493,79.10347715,46580.9,0.0040631655184901
2022-04-05,2022-04-05,4658297.73345341,24.51243492,14345152.46639617,75.48564655,45477.4,-0.0236899673471315
2022-04-06,2022-04-06,5277509.25459323,27.76941879,13697772.23165022,72.07551048,43159.7,-0.0509637754137221
2022-04-07,2022-04-07,5207183.66352149,27.39813323,13769525.91720771,72.449779,43417.1,0.0059638968760209
2022-04-08,2022-04-08,5545699.88608661,29.17798545,13422394.32184538,70.62019841,42229.2,-0.027360187575863
2022-04-09,2022-04-09,5276917.65468903,27.76242559,13725575.08297381,72.21171182,42727.7,0.0118046280772545
2022-04-10,2022-04-10,5522524.93398063,29.05325418,13483736.56016023,70.93610808,42140.4,-0.0137451816971191
2022-04-11,2022-04-11,6635151.70028993,34.90506026,12345527.84618936,64.94522098,39505.6,-0.0625243234520792
2022-04-12,2022-04-12,6329294.07366487,33.29438241,12598356.38092071,66.27192388,40060.7,0.0140511724920011
2022-04-13,2022-04-13,5998823.71225837,31.55453605,13009882.53036046,68.43355081,41129.8,0.0266870024737462
2022-04-14,2022-04-14,6424570.8832588,33.79248439,12552182.62196129,66.02299874,39915.9,-0.0295138804467807
2022-04-15,2022-04-15,6075120.65787724,31.95275779,12932782.97431928,68.02137854,40529.5,0.0153723203034379
2022-04-16,2022-04-16,6217041.79685036,32.69776715,12796592.54502378,67.30210556,40361.0,-0.0041574655497846
2022-04-17,2022-04-17,6715391.48348858,35.31686057,12273714.48875183,64.54859175,39649.1,-0.0176383142142166
2022-04-18,2022-04-18,5939967.50123275,31.23745878,13063490.38097192,68.69906986,40785.6,0.0286639545412128
2022-04-19,2022-04-19,5547109.11123135,29.17028256,13408983.95808134,70.51309845,41472.9,0.0168515358361776
2022-04-20,2022-04-20,5616086.73880507,29.53145852,13369295.11356077,70.300692,41327.7,-0.0035010814290779
2022-04-21,2022-04-21,6286349.49464008,33.05411179,12701837.14128998,66.78724198,40449.8,-0.0212424112641157
2022-04-22,2022-04-22,6658048.61419286,35.00698142,12309473.78071134,64.72129372,39674.2,-0.0191743840513427
2022-04-23,2022-04-23,6659622.7185976,35.01338235,12359078.04670174,64.97862468,39415.1,-0.0065306924903337
2022-04-24,2022-04-24,6964960.69958259,36.61665836,12054608.65672786,63.37429684,39433.4,0.0004642890668804
2022-04-25,2022-04-25,6078689.51778454,31.95559309,12942536.43628972,68.0387486,40411.0,0.0247911668788387
2022-04-26,2022-04-26,7590189.6652303,39.89969471,11402450.78127275,59.93978085,38093.7,-0.0573432976169855
2022-04-27,2022-04-27,6835270.41767816,35.92926967,12175797.42581429,64.00149261,39209.0,0.0292778070914614
2022-04-28,2022-04-28,6379707.57115564,33.53317132,12619775.49973868,66.33236541,39732.5,0.0133515264352572
2022-04-29,2022-04-29,7147205.49990996,37.56546115,11866937.37750531,62.37220617,38572.2,-0.0292027936827534
2022-04-30,2022-04-30,7772652.24778611,40.85077438,11250942.4888938,59.13164497,37614.5,-0.0248287626840054
2022-05-01,2022-05-01,7320982.44716902,38.47482015,11680784.78835,61.3874022,38440.5,0.0219596166372011
2022-05-02,2022-05-02,7288437.15083593,38.30176811,11716354.36843968,61.57109937,38525.6,0.0022138109545921
2022-05-03,2022-05-03,7744428.15070817,40.69606034,11284699.72133052,59.29977163,37712.9,-0.0210950640612994
2022-05-04,2022-05-04,6178661.26891792,32.46658248,12733589.84648096,66.91031066,39684.0,0.0522659355286916
2022-05-05,2022-05-05,7972879.48987708,41.8923764,11038761.73897247,58.00162443,36534.7,-0.0793594395726238
2022-05-06,2022-05-06,8149249.18029834,42.81708952,10873792.91249486,57.13215467,35995.3,-0.0147640462354965
2022-05-07,2022-05-07,8287690.6279628,43.54243207,10723942.08275238,56.34217547,35466.7,-0.0146852505743807
2022-05-08,2022-05-08,8549426.74828943,44.91527303,10457650.87886423,54.94032037,34032.0,-0.040452029650348
2022-05-09,2022-05-09,8909216.1630098,46.80308089,10082354.34163518,52.96596661,30056.6,-0.1168135872120357
2022-05-10,2022-05-10,8740341.46240569,45.91361935,10261198.32564031,53.90278584,31002.1,0.0314573171948922
2022-05-11,2022-05-11,8805374.59785704,46.253041,10227646.64859358,53.72397898,29074.7,-0.0621699820334751
2022-05-12,2022-05-12,8713062.33126799,45.76611297,10298268.14529677,54.09254351,29020.7,-0.0018572848559056
2022-05-13,2022-05-13,8808393.92526842,46.26454182,10205399.12398431,53.60206623,29274.3,0.0087385900409018
2022-05-14,2022-05-14,8441215.86779384,44.33395153,10598165.27278168,55.66242504,30079.8,0.0275156024226028
2022-05-15,2022-05-15,7968092.14953508,41.84739145,11056762.18212863,58.06868778,31324.4,0.0413766048976389
2022-05-16,2022-05-16,8393977.0823516,44.08171116,10641848.10705808,55.88660415,29866.7,-0.0465356080244154
2022-05-17,2022-05-17,8155596.14345567,42.82776623,10884538.63531093,57.15835703,30437.0,0.0190948447602179
2022-05-18,2022-05-18,8949097.52893859,46.99264097,10086962.64179083,52.96768891,28700.6,-0.0570489864309886
2022-05-19,2022-05-19,8027450.60660545,42.1512895,11003823.71278025,57.77990817,30319.9,0.0564204232664127
2022-05-20,2022-05-20,8797452.87741456,46.19254912,10239165.80224289,53.76251239,29188.9,-0.0373022338464177
2022-05-21,2022-05-21,8660388.15364685,45.47085259,10383658.28348181,54.51877985,29427.4,0.0081709142859101
2022-05-22,2022-05-22,8024293.29421856,42.12938775,11021451.85528459,57.86516043,30284.0,0.0291089256951004
2022-05-23,2022-05-23,8889092.14133022,46.66733072,10135448.72895384,53.21064629,29097.7,-0.0391725003302073
2022-05-24,2022-05-24,8385687.90738008,44.02274793,10646921.72356528,55.89365553,29643.1,0.0187437495059745
2022-05-25,2022-05-25,8670591.67485887,45.51627036,10361084.39739352,54.39051179,29536.7,-0.0035893681834895
2022-05-26,2022-05-26,8829373.38883752,46.34765086,10205088.29527524,53.56913209,29194.0,-0.0116025148374734
2022-05-27,2022-05-27,8976334.22515439,47.11695286,10057463.42057803,52.79182102,28623.2,-0.0195519627320681
2022-05-28,2022-05-28,8552944.78326204,44.89239377,10493608.55496056,55.07848106,29018.8,0.0138209564269542
2022-05-29,2022-05-29,8323338.88096057,43.68511115,10716833.59643828,56.24738744,29452.8,0.0149558217431458
2022-05-30,2022-05-30,7435946.66032611,39.02565448,11603228.78044421,60.89656339,31726.5,0.0771980932203391
2022-05-31,2022-05-31,7525963.11766128,39.49619123,11511138.20460411,60.41035661,31797.8,0.002247332671426
2022-06-01,2022-06-01,8323297.58786255,43.67864742,10706409.5830843,56.18464129,29796.9,-0.0629257370006729
2022-06-02,2022-06-02,7904741.50065735,41.48046595,11140087.00850952,58.45807858,30437.1,0.0214854565407809
2022-06-03,2022-06-03,8465537.08951957,44.42118121,10590973.12113367,55.57397378,29682.8,-0.0247822558653747
2022-06-04,2022-06-04,8369247.21921669,43.91391788,10688827.81817133,56.08488969,29848.4,0.0055789885051276
2022-06-05,2022-06-05,8188048.4643596,42.96110072,10870163.93011973,57.03363988,29909.9,0.0020604119483791
2022-06-06,2022-06-06,7542917.52526168,39.57427731,11517215.08939334,60.42561943,31361.2,0.0485223955947695
2022-06-07,2022-06-07,7713313.54044454,40.46611854,11346383.12877711,59.52617928,31118.1,-0.0077516166473222
2022-06-08,2022-06-08,8076768.7906654,42.37042965,10984040.80286186,57.62187084,30192.5,-0.0297447466265613
2022-06-09,2022-06-09,8258337.0848474,43.32085644,10794286.91338877,56.62371843,30093.3,-0.0032855841682537
2022-06-10,2022-06-10,8897469.44102593,46.67131128,10134662.4196575,53.16095634,29077.7,-0.0337483758843329
2022-06-11,2022-06-11,9136918.9172007,47.92491408,9920499.79676172,52.03494796,28416.7,-0.0227321968381267
2022-06-12,2022-06-12,9307863.88750458,48.81952111,9752803.22236698,51.15321716,26564.7,-0.0651729440786579
2022-06-13,2022-06-13,9300890.03940817,48.78081665,9737011.66443754,51.06816431,22471.5,-0.1540841793809078
2022-06-14,2022-06-14,9219394.85339157,48.35108101,9808153.90817963,51.43882561,22122.7,-0.0155218832743697
2022-06-15,2022-06-15,8846852.71849867,46.394776,10213394.04454375,53.56120916,22567.5,0.0201060449221839
2022-06-16,2022-06-16,9400034.47527096,49.29385606,9551330.50637939,50.08725365,20387.4,-0.0966035227650381
2022-06-17,2022-06-17,9506660.57211382,49.85123957,9562250.81602827,50.14274494,20457.3,0.003428588245681
2022-06-18,2022-06-18,9551407.52901393,50.08332404,9518954.69023515,49.91315582,18959.7,-0.0732061415729348
2022-06-19,2022-06-19,8975641.6155,47.06221291,10093404.72714546,52.92300903,20564.2,0.0846268664588574
2022-06-20,2022-06-20,8778439.69366476,46.02622802,10284513.30580042,53.922721,20570.1,0.0002869063712664
2022-06-21,2022-06-21,8963192.2396269,46.99259402,10109047.39220401,53.00013068,20713.1,0.0069518378617507
2022-06-22,2022-06-22,9279095.95949221,48.64677076,9779369.2047296,51.2695131,19977.4,-0.0355185848569261
2022-06-23,2022-06-23,8507829.94789933,44.60109506,10566823.34637424,55.3950767,21096.6,0.0560233063361597
2022-06-24,2022-06-24,8486394.38962972,44.48684187,10585589.71651705,55.49111133,21231.2,0.0063801750045031
2022-06-25,2022-06-25,8299087.73453492,43.50280253,10777331.59887583,56.49345366,21481.9,0.0118080937488225
2022-06-26,2022-06-26,8734035.48204787,45.78067561,10342190.57829489,54.21004677,21029.1,-0.0210782100279771
2022-06-27,2022-06-27,8999584.58872075,47.17048698,10078077.78252679,52.82330891,20730.0,-0.0142231479235914
2022-06-28,2022-06-28,9195451.7375488,48.1948014,9882499.52067979,51.79572633,20268.6,-0.0222575976845152
2022-06-29,2022-06-29,9325061.06237518,48.87168679,9732001.65658801,51.00442062,20109.9,-0.0078298451792426
2022-06-30,2022-06-30,9259001.45998206,48.52275734,9821535.92993611,51.47077756,19923.5,-0.0092690664796941
2022-07-01,2022-07-01,9212549.78585069,48.27720363,9854856.34059282,51.64313001,19272.0,-0.0327000777975757
2022-07-02,2022-07-02,9405845.58185124,49.28791811,9627203.39528302,50.44786335,19240.9,-0.0016137401411373
2022-07-03,2022-07-03,9268755.81091983,48.5670835,9812355.73105482,51.41547688,19305.9,0.0033782203535177
2022-07-04,2022-07-04,8773365.05721918,45.96914713,10266269.02568115,53.79140481,20226.6,0.0476900843783505
2022-07-05,2022-07-05,8817317.75378809,46.19765762,10198094.76631116,53.43213248,20170.0,-0.0027982953140912
2022-07-06,2022-07-06,8482748.06064218,44.44285718,10581576.49108642,55.43904986,20554.1,0.0190431333663856
2022-07-07,2022-07-07,7989369.81739657,41.85579556,11085119.34396402,58.07422858,21613.4,0.0515371629018055
2022-07-08,2022-07-08,7900592.76016164,41.38869255,11161728.05360091,58.4727431,21587.9,-0.0011798236279345
2022-07-09,2022-07-09,8094997.48613935,42.40525659,10994341.9626572,57.59333376,21580.0,-0.0003659457381218
2022-07-10,2022-07-10,8492386.66978405,44.48473244,10596363.41109386,55.50576175,20853.8,-0.0336515291936978
2022-07-11,2022-07-11,9088834.24766118,47.60712093,9944586.38195646,52.08953245,19954.3,-0.0431336255262829
2022-07-12,2022-07-12,9255230.07374289,48.47630239,9815525.69797025,51.4109739,19322.9,-0.0316423026615816
2022-07-13,2022-07-13,8873089.73714233,46.47308489,10217830.58283531,53.51620711,20220.1,0.0464319537957551
2022-07-14,2022-07-14,8433088.58565674,44.16677234,10643992.0236353,55.7459782,20578.6,0.0177298826415299
2022-07-15,2022-07-15,8341033.15047736,43.68261827,10753174.36094373,56.3151833,20823.1,0.0118812747222842
2022-07-16,2022-07-16,8003443.43656068,41.91260516,11087921.98897709,58.06546895,21183.5,0.0173077015429981
2022-07-17,2022-07-17,8502417.34691868,44.52383548,10591144.56560726,55.4616833,20794.4,-0.0183680694880449
2022-07-18,2022-07-18,7621604.39249735,39.90965129,11474883.14862218,60.08690053,22423.9,0.0783624437348518
2022-07-19,2022-07-19,7513280.5927574,39.34064945,11573570.45958853,60.60092827,23385.9,0.0429006551045982
2022-07-20,2022-07-20,7729173.96668853,40.46943037,11362050.76475078,59.49092675,23221.5,-0.0070298769771529
2022-07-21,2022-07-21,7622757.71540012,39.91042669,11452055.87330767,59.95946,23144.5,-0.0033158925995305
2022-07-22,2022-07-22,7923704.00305153,41.48429746,11120515.34069767,58.2211004,22675.1,-0.0202812763291495
2022-07-23,2022-07-23,8044615.41281569,42.11520301,11055572.3050999,57.87817667,22440.2,-0.0103593809950121
2022-07-24,2022-07-24,7972060.44750928,41.73321911,11114540.69611622,58.18389929,22570.6,0.0058109999019615
2022-07-25,2022-07-25,8299310.60594829,43.44433403,10748331.11305291,56.26420185,21300.0,-0.0562944715692094
2022-07-26,2022-07-26,8295870.79069903,43.42405454,10743740.28693583,56.23722645,21241.0,-0.0027699530516431
2022-07-27,2022-07-27,7572779.54993285,39.63695321,11469493.53652788,60.03288167,22941.1,0.0800386045854715
2022-07-28,2022-07-28,7262120.30433284,38.00916746,11839434.43671371,61.96634417,23836.2,0.039017309544878
2022-07-29,2022-07-29,7342559.61836068,38.42834299,11764415.33923868,61.5707616,23771.1,-0.0027311400307097
2022-07-30,2022-07-30,7437275.95247522,38.92241219,11669607.7248183,61.07199529,23629.9,-0.0059399859493248
2022-07-31,2022-07-31,7537795.43466584,39.44651199,11570972.35370837,60.55278412,23290.1,-0.0143800862466622
2022-08-01,2022-08-01,7446297.48454417,38.96595502,11649313.79759936,60.96004604,23257.6,-0.001395442698829
2022-08-02,2022-08-02,7677339.51668322,40.17294533,11429645.45163631,59.80750504,22975.1,-0.0121465671436433
2022-08-03,2022-08-03,7952092.45038074,41.60866224,11090771.2596381,58.03153802,22801.5,-0.007556006285065
2022-08-04,2022-08-04,8074820.21439897,42.24900128,11018820.30291789,57.65257191,22608.9,-0.00844681270969
2022-08-05,2022-08-05,7534240.36502807,39.41865073,11568157.2000164,60.52383865,23298.1,0.0304835706292654
2022-08-06,2022-08-06,7974498.30781119,41.71985497,11129840.42036468,58.22752858,22943.3,-0.0152287096372665
2022-08-07,2022-08-07,7664956.81234611,40.09835475,11448311.90188297,59.89054905,23167.8,0.0097849916969223
2022-08-08,2022-08-08,7239973.31098201,37.87331846,11870139.54173641,62.09436909,23804.4,0.0274777924533189
2022-08-09,2022-08-09,7617880.2415208,39.84833971,11441824.9591063,59.85099705,23140.2,-0.0279024045974694
2022-08-10,2022-08-10,7150857.41161353,37.40358203,11894492.65633838,62.21584436,23940.9,0.034602120984261
2022-08-11,2022-08-11,7237967.03364569,37.85748869,11813579.58285245,61.78978896,23917.2,-0.0009899377216395
2022-08-12,2022-08-12,7043281.64354937,36.83735104,12075805.75424133,63.15815811,24387.5,0.0196636730052013
2022-08-13,2022-08-13,7115111.30743134,37.21133949,11994879.05490861,62.73204978,24429.0,0.0017016914402869
2022-08-14,2022-08-14,7109219.60112682,37.17891014,11996913.08777867,62.73996004,24294.1,-0.0055221253428302
2022-08-15,2022-08-15,7133442.5363097,37.30382026,11980344.43618919,62.65034213,24085.2,-0.0085987955923453
2022-08-16,2022-08-16,7384264.19072373,38.61360608,11683854.31747986,61.09691317,23843.0,-0.0100559679803364
2022-08-17,2022-08-17,7811920.36033593,40.84817265,11311409.01288869,59.14683803,23333.1,-0.0213857316612843
2022-08-18,2022-08-18,7884922.30207171,41.22795624,11233902.46225413,58.73879556,23185.1,-0.0063429205720628
2022-08-19,2022-08-19,9057203.45879687,47.35471749,10055986.01556739,52.57675606,20824.9,-0.101798137596991
2022-08-20,2022-08-20,8828522.76026412,46.15683509,10242594.63737521,53.54981399,21127.8,0.0145450878515622
2022-08-21,2022-08-21,8472063.29023298,44.29109877,10650957.13731525,55.68213769,21505.6,0.0178816535559782
2022-08-22,2022-08-22,8580167.92501424,44.85413389,10542143.04223476,55.11065747,21387.0,-0.0055148426456363
2022-08-23,2022-08-23,8443114.27527856,44.1351848,10672459.66223462,55.78877226,21518.2,0.006134567728059
2022-08-24,2022-08-24,8638969.77015222,45.15683771,10441324.12109498,54.57794058,21354.9,-0.0075889247241869
2022-08-25,2022-08-25,8329514.29159988,43.53701865,10796407.72056733,56.43107003,21548.3,0.0090564694753896
2022-08-26,2022-08-26,9429698.94635142,49.28467156,9702655.56388179,50.71128945,20228.7,-0.0612391696792785
2022-08-27,2022-08-27,9326589.77743735,48.7434589,9785789.88869188,51.14337166,20023.9,-0.0101242294363947
2022-08-28,2022-08-28,9558775.06818943,49.95429939,9575931.81497945,50.0439608,19547.5,-0.0237915690749555
2022-08-29,2022-08-29,9111927.9831761,47.61662815,9972108.43951124,52.11171338,20275.5,0.0372426141450312
2022-08-30,2022-08-30,9468380.58421985,49.47674132,9662494.31607588,50.49107686,19803.1,-0.023299055510345
2022-08-31,2022-08-31,9281526.41265453,48.4980279,9855115.39244588,51.49515716,20041.5,0.012038519221738
2022-09-01,2022-09-01,9072681.85117396,47.40463248,10047163.28980067,52.49628401,20122.5,0.0040416136516727
2022-09-02,2022-09-02,9258459.74163411,48.37328149,9876266.98895642,51.60117952,19941.0,-0.0090197540067089
2022-09-03,2022-09-03,9333249.8238442,48.76170145,9800292.29588715,51.20177174,19820.7,-0.0060327967504136
2022-09-04,2022-09-04,9152663.47484728,47.81560237,9981321.36041399,52.14470024,19992.7,0.0086777964451305
2022-09-05,2022-09-05,9304743.85338989,48.60767669,9827569.25801328,51.33889945,19784.9,-0.0103937937347131
2022-09-06,2022-09-06,9940217.51479384,51.92496287,9136112.98021988,47.7245419,18781.5,-0.0507154446067456
2022-09-07,2022-09-07,9496509.37701825,49.60478909,9596822.6347862,50.12877298,19287.0,0.0269147831642839
2022-09-08,2022-09-08,9456491.05261148,49.3937064,9679998.31069282,50.5611428,19309.3,0.0011562192150151
2022-09-09,2022-09-09,8126171.77998811,42.44306688,10997276.77918713,57.43887361,21352.0,0.1057884024796342
2022-09-10,2022-09-10,7917881.45981145,41.35304532,11217043.25094452,58.58371337,21639.5,0.0134647808167853
2022-09-11,2022-09-11,7817450.7021464,40.82608272,11318286.78221983,59.10895125,21820.3,0.0083550913838119
2022-09-12,2022-09-12,7740101.2936314,40.42011235,11400092.90453932,59.53320487,22386.0,0.0259253997424417
2022-09-13,2022-09-13,9015392.30482424,47.07779169,10075090.21948146,52.61146521,20162.5,-0.0993254712766907
2022-09-14,2022-09-14,8953446.45848444,46.75237667,10190709.85554856,53.21301779,20217.0,0.0027030378177308
2022-09-15,2022-09-15,9411652.82200987,49.1426437,9725441.11143102,50.7810792,19690.8,-0.0260276005342039
2022-09-16,2022-09-16,9246758.1857083,48.27963492,9870890.79748209,51.53838723,19792.5,0.0051648485587179
2022-09-17,2022-09-17,8903037.28893965,46.48240359,10249579.25275165,53.51264562,20102.0,0.0156372363268915
2022-09-18,2022-09-18,9562391.37890643,49.92235638,9575255.40922089,49.98951559,19404.5,-0.0346980399960202
2022-09-19,2022-09-19,9375945.1218542,48.94690056,9769890.42103218,51.00348271,19528.6,0.0063954237419154
2022-09-20,2022-09-20,9923404.54333804,51.80233046,9207770.64371772,48.06656582,18866.8,-0.033888758026689
2022-09-21,2022-09-21,9968135.01861665,52.03343957,9163627.82265497,47.83393018,18447.5,-0.0222242245637839
2022-09-22,2022-09-22,9204556.4213736,48.04557017,9943538.04126877,51.90287645,19392.5,0.0512264534489768
2022-09-23,2022-09-23,9360132.19330042,48.85548659,9792007.40961821,51.10967205,19280.7,-0.005765115379657
2022-09-24,2022-09-24,9826083.13898914,51.28508871,9314935.81442349,48.6172672,18911.0,-0.0191746150295373
2022-09-25,2022-09-25,9940524.25886148,51.87990131,9200618.96992574,48.01831289,18799.7,-0.0058854634868594
2022-09-26,2022-09-26,9379362.26295946,48.94878464,9773185.37072155,51.00405897,19216.3,0.0221599280839586
2022-09-27,2022-09-27,9658241.6676462,50.40207287,9503530.55532211,49.5947043,19070.1,-0.007608124352763
2022-09-28,2022-09-28,9125389.07187847,47.61902216,10029793.60075165,52.33847675,19407.3,0.0176821306652823
2022-09-29,2022-09-29,8906920.12762524,46.47681796,10243649.20279274,53.45194662,19582.5,0.0090275308775564
2022-09-30,2022-09-30,9044566.79480373,47.19246508,10115048.71088948,52.77799301,19411.7,-0.0087220732797139
2022-10-01,2022-10-01,9396859.08818207,49.02775116,9767790.61368899,50.96307214,19304.0,-0.0055482003121829
2022-10-02,2022-10-02,9815678.35599037,51.21030282,9351130.42680592,48.78666593,19049.4,-0.0131889763779526
2022-10-03,2022-10-03,8822852.92351191,46.02822813,10331698.87822455,53.89977563,19622.0,0.0300586895125305
2022-10-04,2022-10-04,8216496.38231453,42.86262895,10929135.12001194,57.01353004,20333.0,0.0362348384466415
2022-10-05,2022-10-05,8373178.53851989,43.67749362,10786662.17694399,56.26708738,20150.0,-0.0090001475434023
2022-10-06,2022-10-06,8696417.00696456,45.36126965,10469144.22774159,54.60796946,19954.0,-0.0097270471464019
2022-10-07,2022-10-07,9092052.21664264,47.42229377,10071881.50240461,52.53288389,19520.9,-0.0217049213190336
2022-10-08,2022-10-08,9281740.5839067,48.40890806,9888431.51739438,51.57310398,19406.2,-0.0058757536793898
2022-10-09,2022-10-09,9366139.21201731,48.84657327,9808246.12442607,51.15226265,19430.0,0.0012264121775513
2022-10-10,2022-10-10,9713277.5530837,50.65420585,9462333.21779422,49.34554501,19124.0,-0.0157488419969119
2022-10-11,2022-10-11,9866685.58047726,51.45158738,9309197.51014151,48.54446665,19055.0,-0.003608031792512
2022-10-12,2022-10-12,9499923.17423403,49.53682771,9660749.52874075,50.3754479,19148.0,0.004880608764104
2022-10-13,2022-10-13,9102601.19253366,47.46280209,10073649.94566279,52.52604652,19365.5,0.0113588886567788
2022-10-14,2022-10-14,9411362.90425704,49.07025339,9766694.29775611,50.9229289,19164.6,-0.0103741189228268
2022-10-15,2022-10-15,9859616.55020119,51.40487346,9320274.30455616,48.59291625,19060.4,-0.0054371080012104
2022-10-16,2022-10-16,9282990.05596643,48.39625725,9897638.94548653,51.60068875,19251.9,0.0100470084573252
2022-10-17,2022-10-17,8757392.8386956,45.6538594,10407190.46088122,54.25455028,19540.6,0.0149959224803783
2022-10-18,2022-10-18,9172160.71712617,47.81390653,10004124.75872642,52.15088362,19320.9,-0.0112432576277082
2022-10-19,2022-10-19,9743021.16712751,50.78726816,9438122.08529686,49.1979263,19116.7,-0.010568865839583
2022-10-20,2022-10-20,9987556.96859807,52.05949617,9187752.54267434,47.89056722,19034.7,-0.0042894432616508
2022-10-21,2022-10-21,9524257.81479209,49.64205636,9654393.47710578,50.32034563,19150.9,0.0061046404724003
2022-10-22,2022-10-22,9512534.95155331,49.57966271,9668585.21550282,50.39300211,19195.1,0.0023079855254843
2022-10-23,2022-10-23,8651814.83270312,45.09046031,10535837.67017482,54.90937791,19560.7,0.0190465274992055
2022-10-24,2022-10-24,9039669.00106189,47.10974385,10135822.87019052,52.82229018,19318.1,-0.0124024191363295
2022-10-25,2022-10-25,8216269.74200109,42.81694192,10969619.34479777,57.16530361,20068.3,0.0388340468265513
2022-10-26,2022-10-26,7787497.78805333,40.58046031,11400616.58454426,59.40833389,20758.3,0.0343825834774245
2022-10-27,2022-10-27,8265060.19787118,43.06713277,10914951.74429173,56.87504564,20285.5,-0.0227764315960362
2022-10-28,2022-10-28,7988321.83163777,41.62296401,11201411.15397649,58.36469076,20582.8,0.0146557886174853
2022-10-29,2022-10-29,7788650.59434097,40.58069192,11404166.08842341,59.41837357,20796.7,0.0103921721048643
2022-10-30,2022-10-30,7995339.90392202,41.65576033,11191298.75621933,58.30672172,20615.6,-0.0087081123447471
2022-10-31,2022-10-31,8072494.37679624,42.05536641,11119658.15859397,57.93021046,20482.0,-0.0064805293079026
2022-11-01,2022-11-01,8088919.26668782,42.13895956,11100423.64748788,57.82729283,20472.1,-0.000483351235231
2022-11-02,2022-11-02,8506799.39846385,44.31413214,10664779.04812551,55.55560979,20140.1,-0.0162171931555629
2022-11-03,2022-11-03,8533555.32916938,44.45113728,10644110.91407288,55.44498362,20199.7,0.0029592703114682
2022-11-04,2022-11-04,7467246.09718524,38.89511804,11729670.341947,61.09707737,21137.6,0.0464313826442965
2022-11-05,2022-11-05,7433056.83773527,38.71513113,11734396.73246388,61.11869157,21289.9,0.0072051699341459
2022-11-06,2022-11-06,7711082.41445686,40.16143828,11475380.63965023,59.76693887,20900.0,-0.0183138483506264
2022-11-07,2022-11-07,8123959.58530844,42.3098329,11071339.70830955,57.65987979,20578.6,-0.015377990430622
2022-11-08,2022-11-08,10191199.73792642,53.07326769,9006478.76390795,46.90353154,18534.0,-0.0993556412972699
2022-11-09,2022-11-09,10499799.1358805,54.67772592,8680632.97277038,45.20441432,15905.0,-0.1418474155605913
2022-11-10,2022-11-10,10049271.49066648,52.32909863,9124474.1192626,47.51344479,17588.0,0.1058157812008802
2022-11-11,2022-11-11,10034642.47931142,52.25064298,9158833.13480795,47.69028107,17058.3,-0.0301171253127132
2022-11-12,2022-11-12,10205667.55343442,53.13828699,8990799.64543868,46.81278214,16806.9,-0.014737693674047
2022-11-13,2022-11-13,10485124.49693818,54.59105575,8676951.41230454,45.1767586,16321.2,-0.0288988451171841
2022-11-14,2022-11-14,10149641.14538425,52.8422385,9039404.17520757,47.06199406,16605.2,0.0174006813224518
2022-11-15,2022-11-15,9967170.64088992,51.88992619,9238891.71167083,48.09844502,16888.3,0.0170488762556306
2022-11-16,2022-11-16,10062505.5057177,52.38338402,9135362.34998305,47.55686283,16650.6,-0.014074832872462
2022-11-17,2022-11-17,9800823.68807929,51.01883025,9399433.11116246,48.92936529,16682.1,0.0018918237180642
2022-11-18,2022-11-18,9946878.82424694,51.77678832,9257722.0683893,48.18949987,16689.7,0.0004555781346473
2022-11-19,2022-11-19,9746794.7119564,50.73285821,9455981.1200332,49.21914984,16692.9,0.0001917350221993
2022-11-20,2022-11-20,10520077.92638329,54.75520604,8692491.81060414,45.24293293,16272.6,-0.0251783692468056
2022-11-21,2022-11-21,10600340.27064074,55.17064263,8607765.89212618,44.80006903,15773.0,-0.0307019161043717
2022-11-22,2022-11-22,10205855.5416436,53.11532626,8989898.73811094,46.78700404,16220.6,0.0283776073036201
2022-11-23,2022-11-23,9657369.05728642,50.25847968,9556849.09007145,49.73535783,16595.8,0.0231310802313107
2022-11-24,2022-11-24,9700039.28574376,50.47842431,9513779.1880893,49.5091379,16592.4,-0.0002048711119679
2022-11-25,2022-11-25,10028326.74882155,52.18472497,9186534.63538193,47.8042644,16516.1,-0.0045984908753406
2022-11-26,2022-11-26,10191697.55464071,53.03298282,9025357.21163771,46.96387539,16449.2,-0.0040505930576829
2022-11-27,2022-11-27,10265209.67503542,53.41314416,8948470.0682616,46.56173005,16422.6,-0.0016170999197531
2022-11-28,2022-11-28,10196728.97506168,53.05441908,9016619.54081598,46.91421268,16204.5,-0.0132804793394467
2022-11-29,2022-11-29,10022824.69064975,52.1473593,9196538.57965108,47.84830788,16433.2,0.0141133635718473
2022-11-30,2022-11-30,8697376.90927817,45.24920877,10512499.4273131,54.69261437,17153.3,0.0438198281527637
2022-12-01,2022-12-01,8880961.93745757,46.20203466,10335537.76692935,53.76927381,16970.5,-0.0106568415406947
2022-12-02,2022-12-02,8747436.15662389,45.50553487,10472846.42389973,54.4813897,17083.0,0.0066291505848383
2022-12-03,2022-12-03,9075437.47667541,47.20983839,10145342.59306567,52.77541556,16879.5,-0.0119124275595621
2022-12-04,2022-12-04,8655942.20247415,45.02560169,10563378.62685534,54.94751091,17099.5,0.0130335614206582
2022-12-05,2022-12-05,8891117.80659078,46.24671916,10334131.11194095,53.75248306,16958.3,-0.0082575513903915
2022-12-06,2022-12-06,8657725.5982312,45.0307646,10563681.86045327,54.94406883,17078.6,0.0070938714375849
2022-12-07,2022-12-07,9389107.08419716,48.83211271,9831795.92809157,51.13450753,16828.0,-0.0146733338798261
2022-12-08,2022-12-08,8523188.13639501,44.32612043,10700782.52582074,55.65102722,17216.0,0.0230568100784407
2022-12-09,2022-12-09,8671871.86335797,45.09714442,10548053.77821667,54.85402829,17122.0,-0.0054600371747212
2022-12-10,2022-12-10,8779729.72642387,45.65576248,10448919.20231878,54.3357698,17120.0,-0.0001168087840205
2022-12-11,2022-12-11,8813846.98743985,45.83098715,10415785.47838272,54.16088242,17077.3,-0.0024941588785046
2022-12-12,2022-12-12,8521112.20596519,44.30674096,10710394.66793978,55.69022806,17200.0,0.0071849765478149
2022-12-13,2022-12-13,8383846.0884088,43.59066877,10847347.35614703,56.39930894,17777.1,0.0335523255813952
2022-12-14,2022-12-14,8475808.19744113,44.06669391,10752367.63663742,55.90278619,17803.9,0.0015075574756289
2022-12-15,2022-12-15,8716701.28841082,45.31707773,10515728.28203994,54.67000189,17351.8,-0.0253933127011498
2022-12-16,2022-12-16,9865626.13325427,51.28803285,9366206.27764125,48.69171898,16624.1,-0.0419380121947002
2022-12-17,2022-12-17,9542426.34569639,49.6056029,9691430.45696443,50.38018984,16768.0,0.0086561076990634
2022-12-18,2022-12-18,9617194.36316252,49.9919238,9619270.42768227,50.00271556,16730.3,-0.0022483301526717
2022-12-19,2022-12-19,10328453.86474353,53.6868078,8905753.35566175,46.29167879,16429.2,-0.0179972863606748
2022-12-20,2022-12-20,9033314.57920792,46.95260041,10199465.37288109,53.01392062,16887.2,0.0278771942638715
2022-12-21,2022-12-21,9361375.72388995,48.65550868,9876831.39989318,51.33457625,16819.6,-0.0040030318821356
2022-12-22,2022-12-22,9198178.40822975,47.80519841,10032880.83318625,52.14335247,16815.5,-0.0002437632286141
2022-12-23,2022-12-23,9527531.60184511,49.51480501,9708953.29789831,50.45765781,16776.4,-0.0023252356456839
2022-12-24,2022-12-24,9164560.55349179,47.62705914,10073158.72060561,52.3489286,16828.9,0.0031293960563649
2022-12-25,2022-12-25,9113045.98748684,47.35717563,10124919.36384506,52.61551245,16824.4,-0.0002673971560827
2022-12-26,2022-12-26,8816297.20578251,45.81316099,10417701.83781755,54.13472803,16912.9,0.0052602173034401
2022-12-27,2022-12-27,9690367.56010363,50.35331481,9552115.92316764,49.63492842,16698.2,-0.0126944521637331
2022-12-28,2022-12-28,10150649.75075176,52.74216627,9094845.27536182,47.25626965,16539.0,-0.0095339617443797
2022-12-29,2022-12-29,9646959.6865641,50.12272788,9596291.55459508,49.85947136,16630.3,0.0055202853860572
2022-12-30,2022-12-30,9782102.83963545,50.82228387,9464311.93389208,49.17122173,16601.2,-0.0017498181031009
2022-12-31,2022-12-31,10206239.4887451,53.02317253,9039661.11716471,46.96259691,16537.6,-0.0038310483579501
2023-01-01,2023-01-01,9700231.11419443,50.39183572,9545989.3342313,49.59056342,16610.3,0.0043960429566562
2023-01-02,2023-01-02,9467253.38408414,49.17904625,9778984.70591881,50.79838065,16666.0,0.0033533409992594
2023-01-03,2023-01-03,9548754.8365837,49.59993766,9701080.45803132,50.39117604,16667.2,7.20028801153294e-05
2023-01-04,2023-01-04,8673479.43955944,45.05132613,10575937.30413279,54.9329717,16842.1,0.0104936642027453
2023-01-05,2023-01-05,8782637.19524567,45.61598261,10466817.96021475,54.36341903,16823.8,-0.0010865628395508
2023-01-06,2023-01-06,8459972.19539394,43.9375313,10794447.88883213,56.06181451,16943.8,0.007132752410276
2023-01-07,2023-01-07,8454781.70020719,43.90837916,10795953.58866005,56.0668318,16936.5,-0.000430836058027
2023-01-08,2023-01-08,8270833.47683021,42.95094434,10982162.08951236,57.03103974,17124.7,0.011112095179051
2023-01-09,2023-01-09,8248681.78890521,42.83379611,11007127.8141173,57.15786844,17169.7,0.0026277832604366
2023-01-10,2023-01-10,7993103.99746227,41.504354,11250495.91542892,58.41842735,17428.8,0.0150905374001875
2023-01-11,2023-01-11,7815066.36548785,40.57795418,11439548.08333388,59.39725093,17935.7,0.0290840447994125
2023-01-12,2023-01-12,7666789.65566607,39.80611051,11578020.02959262,60.11328933,18838.0,0.0503074873018616
2023-01-13,2023-01-13,7000960.56047465,36.34723845,12257776.2222552,63.63931226,19924.2,0.0576600488374563
2023-01-14,2023-01-14,6372785.14023572,33.08407285,12888791.16920242,66.91167152,20962.8,0.0521275634655342
2023-01-15,2023-01-15,6488577.49111124,33.68342301,12765018.88852367,66.26560776,20882.7,-0.0038210544392923
2023-01-16,2023-01-16,6331817.18514362,32.86808324,12914832.92646583,67.04012312,21188.3,0.0146341229821813
2023-01-17,2023-01-17,6450457.48070334,33.48224331,12809361.95553317,66.4892645,21130.9,-0.0027090422544516
2023-01-18,2023-01-18,6970847.19205665,36.18177506,12293237.7938877,63.8073325,20680.0,-0.0213384190924191
2023-01-19,2023-01-19,6522820.47934099,33.85472611,12743231.80152493,66.13988899,21068.3,0.0187765957446808
2023-01-20,2023-01-20,5864106.32936887,30.43456644,13397336.49488597,69.5318442,22661.1,0.0756017334099097
2023-01-21,2023-01-21,5961485.27962275,30.93857585,13298574.51102218,69.01618254,22781.9,0.0053307209270512
2023-01-22,2023-01-22,6019959.13032187,31.24051,13244265.13863698,68.73096454,22704.6,-0.0033930444782921
2023-01-23,2023-01-23,5933821.20990106,30.79192027,13333728.79342702,69.19168936,22913.1,0.0091831611215349
2023-01-24,2023-01-24,6191809.79392505,32.12933628,13076779.10158143,67.85548122,22627.4,-0.0124688496973346
2023-01-25,2023-01-25,5736907.34240083,29.76715544,13535170.44936447,70.23009064,23060.6,0.0191449304825122
2023-01-26,2023-01-26,5934772.01431415,30.79227029,13330535.36813141,69.16482168,23001.9,-0.002545467160438
2023-01-27,2023-01-27,5831998.73114494,30.25752518,13438465.85703223,69.72133187,23068.0,0.0028736756528808
2023-01-28,2023-01-28,6021232.06623894,31.23760222,13253546.1076275,68.75818716,23015.9,-0.0022585399687878
2023-01-29,2023-01-29,5461902.19124974,28.33437075,13812709.72744164,71.65533632,23740.3,0.0314738941340551
2023-01-30,2023-01-30,6304412.43168764,32.70354553,12969089.95824844,67.27593229,22819.9,-0.0387695184980811
2023-01-31,2023-01-31,5780096.51573844,29.98258823,13496331.57934257,70.0083383,23119.4,0.0131245097480707
2023-02-01,2023-02-01,5486175.94047999,28.45669586,13786166.65576098,71.50859831,23730.0,0.0264107200013841
2023-02-02,2023-02-02,5712102.03303458,29.62717775,13563676.40926418,70.3512384,23493.1,-0.0099831436999578
2023-02-03,2023-02-03,5765302.82176912,29.9018271,13514538.57884517,70.09335128,23424.7,-0.0029114931618219
2023-02-04,2023-02-04,5890475.7136613,30.54969134,13386190.47324933,69.42461135,23322.6,-0.0043586470691194
2023-02-05,2023-02-05,6510985.72190313,33.76617001,12770199.7012498,66.22664411,22929.2,-0.0168677591692177
2023-02-06,2023-02-06,6734057.13049588,34.92134992,12547478.08080705,65.06848163,22757.7,-0.0074795457320796
2023-02-07,2023-02-07,5822079.23985398,30.19064222,13460648.30664176,69.80077053,23234.1,0.0209335741309533
2023-02-08,2023-02-08,6524783.23191717,33.83303079,12758106.21834142,66.15474954,22955.9,-0.0119737799183096
2023-02-09,2023-02-09,6941901.32090523,35.9940281,12343010.15679793,63.9989873,21793.4,-0.0506405760610562
2023-02-10,2023-02-10,6915461.61211397,35.85522913,12370295.74529789,64.13740879,21618.6,-0.0080207769324659
2023-02-11,2023-02-11,6746890.119957,34.97954343,12541130.40947643,65.02003265,21851.3,0.0107638792521256
2023-02-12,2023-02-12,6841095.01521914,35.46609105,12447024.31078697,64.52874817,21771.1,-0.0036702621811974
2023-02-13,2023-02-13,6746627.6693331,34.97457887,12540160.48671455,65.0083054,21766.2,-0.0002250690135086
2023-02-14,2023-02-14,6561469.97045629,34.01302257,12721576.47935852,65.94547713,22187.4,0.0193511040052927
2023-02-15,2023-02-15,5310446.93439495,27.52657774,13980442.5132937,72.46729748,24332.6,0.0966855061881968
2023-02-16,2023-02-16,5681651.00696112,29.44899764,13608790.97176012,70.53675995,23526.6,-0.0331242859373843
2023-02-17,2023-02-17,5395412.53803779,27.96387854,13895985.57019411,72.02149046,24581.5,0.0448386082136815
2023-02-18,2023-02-18,5373188.72174041,27.84717929,13920326.84776301,72.14372276,24636.9,0.0022537273966194
2023-02-19,2023-02-19,5546830.95586731,28.74559209,13744054.92841947,71.22643537,24265.9,-0.0150587127438922
2023-02-20,2023-02-20,5358647.05261872,27.769036,13934507.83159428,72.20998992,24849.9,0.024066694414796
2023-02-21,2023-02-21,5554865.51757908,28.78430249,13740629.59220199,71.20144266,24443.4,-0.016358214721186
2023-02-22,2023-02-22,5575413.29816749,28.88946748,13721775.45979614,71.10052021,24171.3,-0.0111318392694961
2023-02-23,2023-02-23,5752386.04404439,29.80481594,13547307.55180162,70.19261311,23928.8,-0.0100325592748424
2023-02-24,2023-02-24,6183146.83003181,32.03531467,13116470.12654145,67.95734589,23175.6,-0.0314767142522818
2023-02-25,2023-02-25,6151406.41944174,31.86976115,13148145.92041395,68.11910017,23146.2,-0.0012685755708589
2023-02-26,2023-02-26,5895981.43557937,30.54477074,13404104.51926426,69.44141599,23545.3,0.0172425711347865
2023-02-27,2023-02-27,5902520.66522104,30.57726185,13394693.97062953,69.38951818,23480.0,-0.0027733772769936
2023-02-28,2023-02-28,6354170.64519597,32.91551743,12949939.9459389,67.08255062,23129.6,-0.0149233390119251
2023-03-01,2023-03-01,5813683.25915991,30.11405762,13488582.83498038,69.8689527,23619.8,0.0211936220254564
2023-03-02,2023-03-02,5949672.82194248,30.81702768,13355591.82586047,69.17685313,23457.1,-0.0068882886391925
2023-03-03,2023-03-03,6971882.67287107,36.10971954,12334844.41192545,63.88629775,22342.8,-0.0475037408716336
2023-03-04,2023-03-04,6997801.1388211,36.24217673,12308769.6950425,63.7481114,22335.7,-0.0003177757487869
2023-03-05,2023-03-05,6920110.67224635,35.83801345,12380711.59268014,64.11748737,22419.4,0.0037473640852985
2023-03-06,2023-03-06,6954336.34596643,36.01372339,12347465.68413797,63.9425808,22397.1,-0.0009946742553326
2023-03-07,2023-03-07,7093075.58303904,36.7302368,12216926.76534555,63.26319348,22187.1,-0.0093762138848333
2023-03-08,2023-03-08,7293399.74906653,37.76595441,12017452.34896533,62.22757194,21695.4,-0.0221615262923048
2023-03-09,2023-03-09,8090542.57054482,41.89180952,11217841.91949597,58.08457132,20348.3,-0.0620915032679739
2023-03-10,2023-03-10,8057523.34225236,41.71900399,11255481.50961951,58.27689949,20140.3,-0.0102219841460957
2023-03-11,2023-03-11,7886211.42734385,40.82983144,11427869.86195006,59.16630621,20447.3,0.0152430698648977
2023-03-12,2023-03-12,6896230.38599985,35.70247367,12415723.71642567,64.27744207,21986.2,0.0752617705027069
2023-03-13,2023-03-13,5323339.86526958,27.55806235,13987059.70393868,72.40872707,24119.5,0.0970290454921722
2023-03-14,2023-03-14,5255338.27902385,27.20474411,14058650.48133068,72.77590302,24682.5,0.0233421090818632
2023-03-15,2023-03-15,5563673.27826757,28.79949902,13752056.7809734,71.18540683,24288.0,-0.0159829838954724
2023-03-16,2023-03-16,5159746.95523742,26.70747871,14158966.10531331,73.28853317,24990.4,0.0289196310935442
2023-03-17,2023-03-17,4946900.30208784,25.60454087,14365879.36452296,74.35600535,27384.0,0.0957807798194505
2023-03-18,2023-03-18,5237791.92478825,27.10873909,14082773.13561569,72.88686302,26907.0,-0.017418930762489
2023-03-19,2023-03-19,4951682.77030342,25.62672442,14368164.38577989,74.36037529,27955.7,0.0389749879213587
2023-03-20,2023-03-20,5176183.27294241,26.78726024,14146161.86281922,73.20778637,27704.1,-0.0089999534978556
2023-03-21,2023-03-21,4997301.12750834,25.86031462,14325987.38076242,74.13492432,28091.1,0.013969051512231
2023-03-22,2023-03-22,5339680.01422799,27.63065521,13978558.45353724,72.33330984,27233.8,-0.0305185628188287
2023-03-23,2023-03-23,4976491.10286662,25.74977749,14346885.26784405,74.23485658,28284.1,0.0385660466038524
2023-03-24,2023-03-24,5418250.17924737,28.03409564,13906906.73588235,71.9545131,27438.9,-0.0298825134969823
2023-03-25,2023-03-25,5404570.57819178,27.96200609,13922186.19970289,72.03019178,27447.3,0.0003061347211439
2023-03-26,2023-03-26,5109985.42431466,26.43665921,14213983.99267311,73.53646235,27954.3,0.0184717622498387
2023-03-27,2023-03-27,5541040.61806023,28.66536409,13785230.246717,71.31487951,27112.0,-0.0301313214782699
2023-03-28,2023-03-28,5425220.53532225,28.06497822,13889468.39603897,71.85101979,27249.7,0.0050789318383004
2023-03-29,2023-03-29,5011634.26184271,25.9242405,14319595.55012952,74.07257184,28338.5,0.0399564031897599
2023-03-30,2023-03-30,5260162.86455127,27.20846871,14069526.13767848,72.77536296,28015.0,-0.0114155653968982
2023-03-31,2023-03-31,4762905.18482535,24.63525429,14559490.87275862,75.30629859,28454.9,0.0157023023380331
2023-04-01,2023-04-01,4822956.14843412,24.94472796,14509405.21932109,75.04384341,28443.8,-0.0003900909860867
2023-04-02,2023-04-02,5199635.19587495,26.89164789,14134634.39718302,73.10197678,28161.2,-0.0099353813484835
2023-04-03,2023-04-03,5518519.78399716,28.53965742,13810097.28360353,71.42050058,27786.1,-0.0133197448972345
2023-04-04,2023-04-04,5272130.91447845,27.26401035,14065196.38049216,72.73598965,28155.2,0.01328362022738
2023-04-05,2023-04-05,5271763.65379377,27.26088639,14066432.39117689,72.73911361,28154.0,-4.262090129003582e-05
2023-04-06,2023-04-06,5395228.7562806,27.89789577,13943967.28869006,72.10210423,28022.8,-0.0046600838246785
2023-04-07,2023-04-07,5530843.76122499,28.59782766,13807750.84884499,71.39447364,27890.7,-0.0047140185848665
2023-04-08,2023-04-08,5754986.50384396,29.7553685,13586015.79112669,70.2446315,27924.9,0.0012262151900095
2023-04-09,2023-04-09,4863875.8060472,25.14681642,14478038.98892341,74.85318358,28309.4,0.0137690734792246
2023-04-10,2023-04-10,4524019.38761894,23.38878872,14818664.1573517,76.61121128,29623.1,0.0464050809978309
2023-04-11,2023-04-11,4500066.92360145,23.26379894,14843579.12136913,76.73620106,30185.1,0.0189716808841748
2023-04-12,2023-04-12,4752433.70704083,24.56717841,14592212.33792976,75.43282159,29875.0,-0.0102732805258223
2023-04-13,2023-04-13,4365629.3404004,22.56660087,14979904.20457021,77.43339913,30362.7,0.0163246861924686
2023-04-14,2023-04-14,4409612.95556279,22.79292792,14936795.58940788,77.20707208,30453.1,0.0029773373250732
2023-04-15,2023-04-15,4509259.85431204,23.30680493,14838136.19065861,76.69319507,30280.4,-0.0056710154302844
2023-04-16,2023-04-16,4561847.52423085,23.57766795,14786323.52073976,76.42233205,30286.6,0.0002047529094726
2023-04-17,2023-04-17,5027374.42631604,25.98241823,14321765.36865458,74.01758177,29420.0,-0.028613314138926
2023-04-18,2023-04-18,4456786.67310394,23.03227823,14893390.62186665,76.96772177,30365.8,0.0321481985044187
2023-04-19,2023-04-19,5316567.94351343,27.47431809,14034478.10145725,72.52568191,28795.1,-0.0517259548571089
2023-04-20,2023-04-20,5705826.44830613,29.48461465,13646050.84666452,70.51538535,28229.9,-0.0196283395438806
2023-04-21,2023-04-21,6213859.93097366,32.10835235,13138923.613997,67.89164765,27252.5,-0.0346228644097216
2023-04-22,2023-04-22,5990541.40784633,30.95292801,13363173.38712436,69.04707199,27807.2,0.0203540959544996
2023-04-23,2023-04-23,6124068.30275952,31.64135497,13230565.24221113,68.35864503,27576.0,-0.0083143933945165
2023-04-24,2023-04-24,6078030.05821435,31.40205839,13277484.7367563,68.59794161,27497.5,-0.0028466782709603
2023-04-25,2023-04-25,5247788.44744441,27.11153226,14108507.59752626,72.88846774,28286.7,0.0287007909809982
2023-04-26,2023-04-26,5242543.65448934,27.08329936,14114564.89048133,72.91670064,28395.9,0.0038604715290224
2023-04-27,2023-04-27,4939689.87369868,25.51766722,14412179.04625853,74.45106844,29459.0,0.0374385034459199
2023-04-28,2023-04-28,5061902.15022268,26.14775577,14296937.64474794,73.85224423,29300.0,-0.0053973318849926
2023-04-29,2023-04-29,5124969.96191992,26.4723679,14234726.08305069,73.5276321,29212.7,-0.0029795221843003
2023-04-30,2023-04-30,5013542.6479019,25.89556728,14347078.39706872,74.10443272,29223.0,0.0003525863751039
2023-05-01,2023-05-01,5873170.81320754,30.33387076,13488587.73176308,69.66612924,28054.4,-0.03998904972111
2023-05-02,2023-05-02,5240657.94717071,27.06592852,14121906.84779991,72.93407148,28656.5,0.021461874073229
2023-05-03,2023-05-03,5100036.14210818,26.33847369,14263409.90286243,73.66152631,29018.4,0.0126288974578194
2023-05-04,2023-05-04,5164679.59009717,26.6710595,14199678.95487344,73.3289405,28826.0,-0.0066302759628373
2023-05-05,2023-05-05,4885699.93886025,25.22940424,14479402.35611041,74.77059576,29491.5,0.0230867966419205
2023-05-06,2023-05-06,5386510.27623152,27.81421536,13979523.26873913,72.18578464,28837.8,-0.022165708763542
2023-05-07,2023-05-07,6188408.19821561,31.9535262,13178494.09675505,68.0464738,28419.4,-0.0145087350630075
2023-05-08,2023-05-08,6729968.6246234,34.7483092,12637789.92034737,65.2516908,27659.8,-0.0267282208632132
2023-05-09,2023-05-09,6543961.63342701,33.78626783,12824740.6615437,66.21373217,27610.2,-0.0017932161476221
2023-05-10,2023-05-10,6507984.79369919,33.59867744,12861780.0012715,66.40132256,27582.9,-0.0009887650216223
2023-05-11,2023-05-11,6897822.17833439,35.60955017,12472886.3666364,64.39044983,26956.4,-0.022713347762563
2023-05-12,2023-05-12,6855928.75994658,35.39166807,12515661.03502423,64.60833193,26785.1,-0.0063547061180276
2023-05-13,2023-05-13,6906167.78322749,35.64934414,12466328.26174334,64.35065586,26762.7,-0.0008362858454886
2023-05-14,2023-05-14,6741260.89518247,34.79614847,12632322.64978826,65.20385153,26901.9,0.0052012689302649
2023-05-15,2023-05-15,6629227.42097083,34.21624628,12745274.87399993,65.78375372,27152.5,0.0093153271701997
2023-05-16,2023-05-16,6797742.89584752,35.08429429,12577715.64912331,64.91570571,27024.8,-0.0047030660160206
2023-05-17,2023-05-17,6409201.78012488,33.07726108,12967256.76484586,66.92273892,27395.8,0.0137281311980106
2023-05-18,2023-05-18,6971833.38301066,35.97931118,12405506.41196014,64.02068882,26809.3,-0.0214083910672439
2023-05-19,2023-05-19,6813997.05536507,35.16308054,12564273.98960576,64.83691946,26870.1,0.0022678697317721
2023-05-20,2023-05-20,6576191.11111025,33.9344575,12802904.93386048,66.0655425,27089.5,0.0081652096568305
2023-05-21,2023-05-21,7049877.93449665,36.37700443,12330161.8604742,63.62299557,26732.8,-0.0131674634083316
2023-05-22,2023-05-22,7004644.74316097,36.14192509,12376295.05180982,63.85807491,26840.2,0.0040175365094565
2023-05-23,2023-05-23,6490348.92038692,33.48664554,12891553.37458379,66.51335446,27209.9,0.0137741149469825
2023-05-24,2023-05-24,7190920.54921364,37.0995246,12191862.99575717,62.9004754,26313.8,-0.0329328663464402
2023-05-25,2023-05-25,7031391.07430505,36.27471109,12352336.22066575,63.72528891,26461.8,0.0056244252065456
2023-05-26,2023-05-26,6983613.05694689,36.02644862,12401070.48802393,63.97355138,26689.9,0.0086199729421279
2023-05-27,2023-05-27,6768518.72938787,34.91520661,12617071.06558285,65.08479339,26841.6,0.0056837979910002
2023-05-28,2023-05-28,5719057.30400108,29.50006868,13667532.49096963,70.49993132,28055.7,0.0452320278969957
2023-05-29,2023-05-29,6064454.16125246,31.28006274,13323148.13371826,68.71993726,27722.0,-0.0118941961882969
2023-05-30,2023-05-30,6101635.861933,31.4702812,13286928.93303771,68.5297188,27680.1,-0.0015114349614026
2023-05-31,2023-05-31,6423660.28359817,33.1296741,12965785.76137253,66.8703259,27201.1,-0.0173048507772731
2023-06-01,2023-06-01,7102803.82974574,36.63076093,12287467.21522511,63.36923907,26805.3,-0.0145508821334431
2023-06-02,2023-06-02,6344873.57627711,32.72021407,13046422.46869358,67.27978593,27227.8,0.0157618082991051
2023-06-03,2023-06-03,6662679.80188614,34.35769728,12729422.49308456,65.64230272,27054.9,-0.0063501274432747
2023-06-04,2023-06-04,6642940.21345007,34.25426042,12750093.33152062,65.74573958,27102.4,0.0017556893575656
2023-06-05,2023-06-05,7402091.97159008,38.16712204,11991804.0733807,61.83287796,25714.7,-0.0512021075624299
2023-06-06,2023-06-06,6237123.14645964,32.1586732,13157716.64851101,67.8413268,27221.5,0.0585968337176789
2023-06-07,2023-06-07,7169025.41844502,36.96196322,12226658.12652575,63.03803678,26325.9,-0.0329004647062064
2023-06-08,2023-06-08,7109875.68780703,36.65518086,12286770.35716371,63.34481914,26485.9,0.0060776649611218
2023-06-09,2023-06-09,7133751.64223405,36.7762714,12263950.65273675,63.2237286,26468.1,-0.0006720556975599
2023-06-10,2023-06-10,7365958.85554649,37.97147347,12032705.9394243,62.02852653,25826.6,-0.0242367226963778
2023-06-11,2023-06-11,7299145.74109615,37.62507633,12100537.80387466,62.37492367,25909.9,0.0032253568026763
2023-06-12,2023-06-12,7193782.52985952,37.08008259,12206882.26511134,62.91991741,25894.8,-0.0005827888181738
2023-06-13,2023-06-13,7421873.75392436,38.25395869,11979709.79104651,61.74604131,25918.0,0.0008959327741477
2023-06-14,2023-06-14,7541739.25974752,38.87025657,11860600.53522328,61.12974343,25115.9,-0.0309476039817886
2023-06-15,2023-06-15,7408607.95379958,38.18227516,11994656.84117121,61.81772484,25586.1,0.0187212084774981
2023-06-16,2023-06-16,6930576.68021484,35.7168508,12473644.364756,64.2831492,26336.0,0.029308882557326
2023-06-17,2023-06-17,6808510.09854275,35.08619634,12596585.94642797,64.91380366,26508.9,0.0065651579586878
2023-06-18,2023-06-18,6982210.46677082,35.97957409,12423829.3282,64.02042591,26329.7,-0.0067599938133985
2023-06-19,2023-06-19,6382388.45104499,32.88716629,13024538.84392572,67.11283371,26828.5,0.0189443859975617
2023-06-20,2023-06-20,4980783.94904146,25.66385565,14426993.34592922,74.33614435,28290.6,0.0544980151704344
2023-06-21,2023-06-21,4396940.559372,22.65468416,15011586.73559871,77.34531584,29988.5,0.0600164012074682
2023-06-22,2023-06-22,4555614.34985623,23.4711879,14852273.3672231,76.52107317,29875.0,-0.0037847841672641
2023-06-23,2023-06-23,4219552.14162908,21.7388715,15190618.9033416,78.2611285,30673.4,0.0267246861924685
2023-06-24,2023-06-24,4329113.48974847,22.30227632,15081970.05522227,77.69772368,30524.2,-0.0048641493932853
2023-06-25,2023-06-25,4121674.72882702,21.23256892,15290365.06614373,78.76743108,30458.0,-0.0021687710079215
2023-06-26,2023-06-26,4523185.64933771,23.29983395,14889766.64563298,76.70016605,30260.1,-0.0064974719285574
2023-06-27,2023-06-27,4276218.02451606,22.02666151,15137609.27045462,77.97333849,30683.2,0.0139821084530455
2023-06-28,2023-06-28,4839044.47684251,24.92489585,14575457.81812818,75.07510415,30066.3,-0.020105464879804
2023-06-29,2023-06-29,4475777.9846257,23.05270339,14939636.81034499,76.94729661,30439.9,0.0124258721558689
2023-06-30,2023-06-30,4249674.82447594,21.8870353,15166727.47049472,78.1129647,30460.2,0.0006668878675686
2023-07-01,2023-07-01,4395821.60594173,22.63876363,15021411.93902894,77.36123637,30573.6,0.003722890854295
2023-07-02,2023-07-02,4600623.82214913,23.69220415,14817678.47282153,76.30779585,30612.7,0.0012788811262005
2023-07-03,2023-07-03,4177979.83049327,21.51473155,15241178.7144774,78.48526845,31149.0,0.0175188728860897
2023-07-04,2023-07-04,3987976.98919072,20.53536981,15432062.80577995,79.46463019,30756.1,-0.0126135670487014
2023-07-05,2023-07-05,4328486.28324021,22.28764217,15092528.51173044,77.71235783,30488.4,-0.0087039644168147
2023-07-06,2023-07-06,5252945.09181332,27.04652759,14168938.45315736,72.95347241,29874.4,-0.0201388068904895
2023-07-07,2023-07-07,4818458.84881464,24.80803419,14604518.44615607,75.19196581,30327.9,0.0151802211927267
2023-07-08,2023-07-08,4547299.34145479,23.41061738,14876790.45351589,76.58938262,30269.3,-0.00193221423178
2023-07-09,2023-07-09,4230352.24842775,21.77771142,15194793.79654297,78.22228858,30147.8,-0.0040139679477225
2023-07-10,2023-07-10,5617686.40444571,28.91822823,13808422.14052502,71.08177177,30396.9,0.0082626261286065
2023-07-11,2023-07-11,4441803.40353259,22.86412885,14985148.8914381,77.13587115,30608.4,0.006957946369531
2023-07-12,2023-07-12,5744555.99350994,29.56866207,13683296.30146076,70.43133793,30368.9,-0.0078246494426366
2023-07-13,2023-07-13,3961857.27473874,20.39188005,15466745.02023194,79.60811995,31441.7,0.03532561271564
2023-07-14,2023-07-14,5123888.70603504,26.37174395,14305576.08893564,73.62825605,30293.3,-0.0365247426188788
2023-07-15,2023-07-15,5063398.24295635,26.05925349,14366929.05201433,73.94074651,30276.4,-0.0005578791349901
2023-07-16,2023-07-16,5131286.95207096,26.40734098,14300002.8428997,73.59265902,30216.8,-0.001968529944115
2023-07-17,2023-07-17,5549185.76520665,28.55673147,13882960.27976403,71.44326853,30126.1,-0.0030016414709698
2023-07-18,2023-07-18,5506495.75686651,28.3355675,13926662.78810419,71.6644325,29845.6,-0.0093108633377702
2023-07-19,2023-07-19,5413174.57060099,27.85402542,14020908.9743697,72.14597458,29895.5,0.001671938242153
2023-07-20,2023-07-20,6145453.18084652,31.62073581,13289430.36412418,68.37926419,29791.0,-0.0034955093575955
2023-07-21,2023-07-21,5520262.4699491,28.40286456,13915321.07502159,71.59713544,29891.4,0.0033701453459098
2023-07-22,2023-07-22,5642725.67187615,29.03171144,13793695.37309455,70.96828856,29783.5,-0.003609733903397
2023-07-23,2023-07-23,5133778.87201778,26.41194179,14303560.92295296,73.58805821,30070.8,0.009646280658754
2023-07-24,2023-07-24,5874302.59932981,30.2202937,13563968.44564086,69.7797063,29163.8,-0.0301621506577809
2023-07-25,2023-07-25,5820634.47027195,29.94286029,13616407.06594878,70.04634572,29216.3,0.0018001769316755
2023-07-26,2023-07-26,5723469.68815201,29.44165623,13716570.10681867,70.55834377,29336.0,0.0040970280288743
2023-07-27,2023-07-27,5850567.82299862,30.09411669,13590334.47197211,69.90588331,29209.7,-0.0043052904281428
2023-07-28,2023-07-28,5635725.5741007,28.9877077,13806051.72087009,71.0122923,29299.9,0.0030880152825945
2023-07-29,2023-07-29,5592200.3468915,28.76261244,13850401.9480793,71.23738756,29339.1,0.0013378885252166
2023-07-30,2023-07-30,5723581.35866607,29.4367605,13720070.93630468,70.5632395,29271.1,-0.0023177261742861
2023-07-31,2023-07-31,5962666.84600164,30.66500326,13481866.69896913,69.33499674,29220.8,-0.001718418508358
2023-08-01,2023-08-01,5214996.105626,26.81865886,14230406.18934476,73.18134114,29701.2,0.0164403438646443
2023-08-02,2023-08-02,5969687.95837282,30.69822057,13476676.83659797,69.30177943,29170.1,-0.0178814324000378
2023-08-03,2023-08-03,5690093.77459697,29.25902966,13757214.7703738,70.74097034,29180.2,0.000346244956308
2023-08-04,2023-08-04,6155751.37795704,31.65225663,13292313.41701372,68.34774337,29101.1,-0.002710742215612
2023-08-05,2023-08-05,6095249.80493965,31.33962265,13353771.24003109,68.66037735,29057.7,-0.0014913525605561
2023-08-06,2023-08-06,6058085.41075022,31.14688495,13391966.88422056,68.85311505,29075.9,0.0006263400062633
2023-08-07,2023-08-07,5829280.87384018,29.96910917,13621683.92113058,70.03089083,29202.7,0.0043610000034393
2023-08-08,2023-08-08,5083701.18753022,26.13493501,14368044.85744057,73.86506499,29759.0,0.019049608426618
2023-08-09,2023-08-09,5330068.41171007,27.40006462,14122690.1332607,72.59993538,29572.8,-0.006256930676434
2023-08-10,2023-08-10,5465229.01454995,28.09373287,13988323.28042086,71.90626713,29443.7,-0.0043654980252123
2023-08-11,2023-08-11,5453249.76958211,28.03079431,14001246.27538878,71.96920569,29415.5,-0.0009577600641224
2023-08-12,2023-08-12,5481291.22620595,28.17342147,13974248.56876493,71.82657853,29420.7,0.0001767775492511
2023-08-13,2023-08-13,5767243.34453757,29.64190817,13689140.20043334,70.35809183,29293.3,-0.0043302844595812
2023-08-14,2023-08-14,5469771.43900003,28.11144725,13987680.85597086,71.88855275,29419.5,0.0043081523761405
2023-08-15,2023-08-15,6061231.98404614,31.14950986,13393184.16633562,68.82942664,29188.8,-0.0078417376230052
2023-08-16,2023-08-16,6461240.14075249,33.20345809,12998299.65421839,66.79654191,28714.4,-0.0162528092967164
2023-08-17,2023-08-17,7598352.81966691,39.04497337,11862161.97530406,60.95502663,26609.7,-0.0732977182180369
2023-08-18,2023-08-18,7903229.57670675,40.6098033,11558153.96826422,59.3901967,26042.1,-0.0213305674246609
2023-08-19,2023-08-19,7849150.76415055,40.33011249,11613107.78082042,59.66988751,26088.3,0.0017740504798
2023-08-20,2023-08-20,7814206.30961063,40.14847397,11649064.73536034,59.85152603,26175.9,0.0033578270719059
2023-08-21,2023-08-21,7769774.01145707,39.91807101,11694528.28351391,60.08192899,26115.4,-0.0023112863359043
2023-08-22,2023-08-22,7813721.69095036,40.14201384,11651474.3540206,59.85798616,26044.4,-0.0027187023748439
2023-08-23,2023-08-23,7420933.68389733,38.12237663,12045149.86107364,61.87762337,26419.2,0.0143908095406306
2023-08-24,2023-08-24,7714972.994166,39.63114182,11751973.05080497,60.36885818,26164.6,-0.0096369307170542
2023-08-25,2023-08-25,7829337.80672006,40.21686784,11638458.23825094,59.78313216,26051.7,-0.0043149904833247
2023-08-26,2023-08-26,7912629.23109408,40.64293538,11556016.81387691,59.35706462,26004.3,-0.0018194589988369
2023-08-27,2023-08-27,7682404.55782319,39.45891253,11786972.73714781,60.54108747,26087.7,0.0032071618924562
2023-08-28,2023-08-28,7626726.82540682,39.17145279,11843387.96956416,60.82854721,26106.5,0.000720646128252
2023-08-29,2023-08-29,6519895.87994886,33.48498601,12951206.4150221,66.51501399,27700.1,0.0610422691666825
2023-08-30,2023-08-30,6666171.65633111,34.23484688,12805718.13863986,65.76515312,27290.4,-0.0147905603228868
2023-08-31,2023-08-31,8031141.76298798,41.24289251,11441648.03198305,58.75710749,25928.0,-0.0499223170052472
2023-09-01,2023-09-01,8011977.19893915,41.14248139,11461756.34603184,58.85751861,25795.6,-0.005106448626967
2023-09-02,2023-09-02,7961086.96905784,40.87915961,11513596.57591315,59.12084039,25855.8,0.0023337313340259
2023-09-03,2023-09-03,7854790.9310055,40.33129802,11620880.11396549,59.66870198,25962.1,0.0041112632368751
2023-09-04,2023-09-04,8028438.53746444,41.22093996,11448163.75750654,58.77906004,25814.0,-0.0057044692070363
2023-09-05,2023-09-05,7982163.7795458,40.98171771,11495213.51542522,59.01828229,25779.7,-0.0013287363446191
2023-09-06,2023-09-06,7925424.03362244,40.68864408,11552797.0113485,59.31135592,25747.4,-0.0012529238121467
2023-09-07,2023-09-07,7318152.77184116,37.56919041,12160980.77312979,62.43080959,26240.7,0.0191592160761862
2023-09-08,2023-09-08,7751953.25601287,39.79449315,11728011.53895808,60.20550685,25899.8,-0.0129912692877858
2023-09-09,2023-09-09,7742547.64939609,39.74428416,11738360.89557487,60.25571584,25892.6,-0.0002779944246673
2023-09-10,2023-09-10,7881634.10149492,40.45633904,11600193.19347606,59.54366096,25828.4,-0.0024794728995928
2023-09-11,2023-09-11,8209991.72374317,42.13964551,11272829.3212278,57.86035449,25150.4,-0.02625017422682
2023-09-12,2023-09-12,7809699.53441488,40.08324196,11674002.7605561,59.91675804,25825.8,0.0268544436668998
2023-09-13,2023-09-13,7279167.11081489,37.35852544,12205453.9341561,62.64147456,26209.9,0.0148727241750499
2023-09-14,2023-09-14,6994801.44756419,35.89722362,12490832.0974068,64.10277638,26510.3,0.0114613180515759
2023-09-15,2023-09-15,6911088.00912643,35.46546882,12575720.5358446,64.53453118,26591.1,0.0030478719592006
2023-09-16,2023-09-16,6998071.32266985,35.91005386,12489705.97230118,64.08994614,26546.9,-0.0016622102884046
2023-09-17,2023-09-17,7043285.5362739,36.14034003,12445423.00869709,63.85965997,26514.2,-0.0012317822419943
2023-09-18,2023-09-18,6896938.9981067,35.38763973,12592744.54686425,64.61236027,26749.9,0.0088895761516469
2023-09-19,2023-09-19,6449661.23502665,33.09121844,13040891.05994432,66.90878156,27196.0,0.0166766978568144
2023-09-20,2023-09-20,6549432.24691121,33.60153952,12942032.54805976,66.39846048,27107.7,-0.003246801000147
2023-09-21,2023-09-21,7177745.7596529,36.82344161,12314581.53531808,63.17655839,26552.6,-0.020477576481959
2023-09-22,2023-09-22,7153284.3047589,36.69643102,12339849.24021209,63.30356898,26566.7,0.0005310214442277
2023-09-23,2023-09-23,7139061.75372877,36.62163744,12355046.79124226,63.37836256,26563.1,-0.0001355079855609
2023-09-24,2023-09-24,7583512.90530665,38.89974208,11911508.13966433,61.10025792,26232.4,-0.0124496011384211
2023-09-25,2023-09-25,7485054.06605893,38.39291126,12010873.22891204,61.60708874,26290.5,0.0022148183162806
2023-09-26,2023-09-26,7647787.22578724,39.22590442,11848990.06918376,60.77409558,26208.8,-0.0031075863905213
2023-09-27,2023-09-27,7453239.62444375,38.22613562,12044518.92052723,61.77386438,26359.6,0.0057537926192727
2023-09-28,2023-09-28,6630832.16435823,34.00658511,12867838.88061274,65.99341489,27011.8,0.024742408837767
2023-09-29,2023-09-29,6779645.53489145,34.76814439,12719944.26007954,65.23185561,26890.9,-0.0044758216779332
2023-09-30,2023-09-30,6725472.2233937,34.48880119,12774980.0715773,65.51119881,26950.9,0.0022312380768214
2023-10-01,2023-10-01,5963863.44108561,30.58182369,13537470.1038854,69.41817631,27981.4,0.0382361999042704
2023-10-02,2023-10-02,6277254.15836563,32.1872261,13225060.6366054,67.8127739,27477.6,-0.0180048174859014
2023-10-03,2023-10-03,6318294.62406712,32.39596239,13185045.1709039,67.60403761,27412.0,-0.0023873991906133
2023-10-04,2023-10-04,6119747.5647223,31.3766295,13384410.98024873,68.6233705,27759.8,0.0126878739238289
2023-10-05,2023-10-05,6426291.24339913,32.94682457,13077687.23285371,67.04773418,27398.4,-0.0130188257840473
2023-10-06,2023-10-06,6028891.50007326,30.90781913,13477148.29489776,69.09218087,27916.3,0.0189025636533519
2023-10-07,2023-10-07,5990132.59675539,30.70743459,13516975.94821563,69.29256541,27943.0,0.0009564304725195
2023-10-08,2023-10-08,6063879.05016123,31.08400976,13444154.49480981,68.91599024,27901.2,-0.0014959023726872
2023-10-09,2023-10-09,6329058.19858502,32.44172139,13179950.34638602,67.55827861,27578.3,-0.0115729789399739
2023-10-10,2023-10-10,6620940.3854482,33.93610068,12889080.65952288,66.06389932,27381.2,-0.0071469234869443
2023-10-11,2023-10-11,7183332.01849868,36.81679191,12327689.0264724,63.18320809,26864.5,-0.0188706119527267
2023-10-12,2023-10-12,7294384.25462151,37.38399295,12217668.04034954,62.61600705,26744.0,-0.0044854733942563
2023-10-13,2023-10-13,7141953.48936453,36.60116166,12370961.30560652,63.39883834,26849.8,0.0039560275201913
2023-10-14,2023-10-14,7164800.07419941,36.71652908,12349027.22077161,63.28347092,26836.3,-0.0005027970413187
2023-10-15,2023-10-15,6627968.31392103,33.96367979,12886902.73104997,66.03632021,27139.8,0.0113093086602846
2023-10-16,2023-10-16,5438484.17544145,27.86715107,14077268.11952967,72.13284893,28486.3,0.0496134827817449
2023-10-17,2023-10-17,5605647.93676126,28.72221905,13911116.85820977,71.27778095,28381.9,-0.0036649196280316
2023-10-18,2023-10-18,5681490.55003555,29.10946976,13836180.49493553,70.89053024,28307.1,-0.0026354824729846
2023-10-19,2023-10-19,5287664.34003889,27.09046221,14230881.70493219,72.90953779,28696.9,0.0137703968262381
2023-10-20,2023-10-20,4556609.30345797,23.34402259,14962774.24151308,76.65597741,29653.0,0.0333171875707829
2023-10-21,2023-10-21,4430313.10992659,22.6959029,15090007.93504446,77.3040971,29895.4,0.0081745523218561
2023-10-22,2023-10-22,4371081.89971783,22.39137242,15150195.39525324,77.60862758,29981.5,0.0028800417455527
2023-10-23,2023-10-23,3576703.61165734,18.32115687,15945554.93331368,81.67884313,33074.0,0.1031469406133782
2023-10-24,2023-10-24,3704209.70654207,18.97352338,15818836.33842894,81.02647662,33917.0,0.025488298965955
2023-10-25,2023-10-25,3516661.45230205,18.01204246,16007284.59266894,81.98795754,34487.7,0.0168263702568032
2023-10-26,2023-10-26,3727076.87768098,19.08885586,15797806.6672901,80.91114414,34154.0,-0.0096759134416037
2023-10-27,2023-10-27,3843147.56840822,19.68236132,15682698.47656283,80.31763868,33893.1,-0.0076389295543713
2023-10-28,2023-10-28,3817893.97385254,19.55202579,15708952.07111849,80.44797421,34086.6,0.0057091266363951
2023-10-29,2023-10-29,3482329.61867233,17.83276684,16045372.67629873,82.16723316,34528.6,0.0129669723586394
2023-10-30,2023-10-30,3511902.41244711,17.98330916,16016774.88252387,82.01669084,34483.8,-0.0012974751365533
2023-10-31,2023-10-31,3396079.05308294,17.38935281,16133566.99188812,82.61064719,34651.4,0.0048602532203527
2023-11-01,2023-11-01,3297255.20461236,16.88252812,16233322.09035867,83.11747188,35437.4,0.0226830661964596
2023-11-02,2023-11-02,3420516.44398613,17.51284039,16110960.85098486,82.48715961,34940.1,-0.0140331965663396
2023-11-03,2023-11-03,3519371.38170716,18.01818764,16009664.60741479,81.96496181,34700.4,-0.0068603123631585
2023-11-04,2023-11-04,3371789.01327158,17.26167965,16161588.28169942,82.73832035,35069.7,0.0106425286163847
2023-11-05,2023-11-05,3398483.79190321,17.39743468,16135912.2530678,82.60256532,35025.5,-0.0012603472513308
2023-11-06,2023-11-06,3483332.41296035,17.83106512,16051857.38201071,82.16893488,35057.4,0.0009107650140611
2023-11-07,2023-11-07,3329518.80321672,17.04297306,16206502.24175434,82.95702694,35406.5,0.009957954668629
2023-11-08,2023-11-08,3266625.45973655,16.72024075,16270326.83523451,83.27975925,35626.7,0.0062191970400913
2023-11-09,2023-11-09,3257293.59959675,16.6717129,16280552.4453743,83.3282871,36719.5,0.0306736239954865
2023-11-10,2023-11-10,3155626.43079186,16.1505571,16383182.11417919,83.8494429,37330.4,0.0166369367774616
2023-11-11,2023-11-11,3348711.07813633,17.13789094,16191097.46683472,82.86210906,37162.1,-0.0045083899449243
2023-11-12,2023-11-12,3314370.41508651,16.96127029,16226444.37988448,83.03872971,37085.5,-0.0020612398115283
2023-11-13,2023-11-13,3618236.08589812,18.51558443,15923334.95907292,81.48441557,36486.2,-0.0161599546992761
2023-11-14,2023-11-14,3809817.40659958,19.49510227,15732616.13837142,80.50489773,35559.0,-0.0254123476821372
2023-11-15,2023-11-15,3019318.15531924,15.44933103,16524040.38965184,84.55066897,37885.6,0.0654292865378665
2023-11-16,2023-11-16,3720217.39653206,19.03481081,15824066.14843908,80.96518919,36176.0,-0.0451253246616127
2023-11-17,2023-11-17,3554576.60313753,18.18642314,15990644.44183347,81.81357686,36621.9,0.0123258513931889
2023-11-18,2023-11-18,3546299.10081731,18.14320817,15999853.19415372,81.85679183,36580.9,-0.0011195486853494
2023-11-19,2023-11-19,3075385.89896832,15.73311559,16471828.89600274,84.26688441,37375.9,0.021732652832489
2023-11-20,2023-11-20,3125919.01925805,15.99078512,16422333.27571302,84.00921488,37462.5,0.0023170010621818
2023-11-21,2023-11-21,4035905.72415032,20.64486143,15513296.57082075,79.35513857,35737.0,-0.0460593927260594
2023-11-22,2023-11-22,3189176.20197811,16.31284682,16360913.59299295,83.68715318,37413.4,0.0469093656434507
2023-11-23,2023-11-23,3361756.29133463,17.19503917,16188977.25363649,82.80496083,37294.3,-0.0031833514195448
2023-11-24,2023-11-24,3138519.57033617,16.05211831,16413538.97463487,83.94788169,37706.3,0.0110472645953938
2023-11-25,2023-11-25,3056427.06383303,15.63145752,16496625.23113798,84.36854248,37766.6,0.0015992022553259
2023-11-26,2023-11-26,3297346.68715637,16.86280364,16256618.10781474,83.13719636,37437.9,-0.0087034575524403
2023-11-27,2023-11-27,3539482.77755007,18.10034819,16013483.84921838,81.89039235,37234.3,-0.0054383392230866
2023-11-28,2023-11-28,3084549.0647833,15.77314895,16471146.9801877,84.22685105,37812.1,0.0155179498473181
2023-11-29,2023-11-29,3162306.03638316,16.17006413,16394240.00858785,83.82993587,37837.1,0.0006611640189251
2023-11-30,2023-11-30,3330108.81670528,17.02737388,16227274.72826577,82.97262612,37716.8,-0.0031794191415303
2023-12-01,2023-12-01,2789551.66905436,14.26264926,16768888.12591673,85.73735074,38660.0,0.0250074237475077
2023-12-02,2023-12-02,2569612.16810232,13.13759552,16982364.70463923,86.82533542,39435.0,0.0200465597516812
2023-12-03,2023-12-03,2437767.94231308,12.46285757,17121179.27324307,87.53040643,39979.7,0.0138126030176237
2023-12-04,2023-12-04,2211110.73302608,11.30353425,17350122.811945,88.69646575,41993.1,0.0503605579831765
2023-12-05,2023-12-05,2022065.3240148,10.33664961,17540030.7209562,89.66335039,44081.7,0.0497367424648333
2023-12-06,2023-12-06,2174334.69135597,11.1145565,17388611.35361506,88.8854435,43774.8,-0.0069620726968332
2023-12-07,2023-12-07,2332571.99227891,11.92298077,17231092.80269215,88.07701923,43296.0,-0.0109377998300392
2023-12-08,2023-12-08,2019567.91446208,10.32260999,17544940.63050902,89.67739001,44209.5,0.0210989467849223
2023-12-09,2023-12-09,2312964.33582857,11.82165313,17252525.45914242,88.17834687,43734.3,-0.0107488209547721
2023-12-10,2023-12-10,2288537.23057985,11.69628214,17277827.56439124,88.30371786,43810.0,0.0017309068625768
2023-12-11,2023-12-11,2901398.91535736,14.82775427,16665953.37961381,85.17224573,41271.0,-0.0579548048390778
2023-12-12,2023-12-12,2812354.37213029,14.37202633,16755897.92284081,85.62797367,41515.0,0.00591214169756
2023-12-13,2023-12-13,2406118.85795231,12.29544836,17163064.68701881,87.70455164,42875.0,0.0327592436468746
2023-12-14,2023-12-14,2370087.66641966,12.11076155,17200008.3785515,87.88923845,43032.4,0.003671137026239
2023-12-15,2023-12-15,2713656.13841072,13.86561863,16857458.65656045,86.13438137,41968.0,-0.0247348509495171
2023-12-16,2023-12-16,2619937.11460121,13.38610485,16952127.68036991,86.61389515,42287.4,0.007610560426992
2023-12-17,2023-12-17,3050134.74547313,15.58337704,16522867.54949791,84.41662296,41396.5,-0.0210677412184244
2023-12-18,2023-12-18,2430619.80332859,12.41756059,17143432.49164268,87.58243941,42671.7,0.0308045366154143
2023-12-19,2023-12-19,2676495.82578263,13.67298578,16898568.9691885,86.32701422,42298.3,-0.008750530210889
2023-12-20,2023-12-20,2260183.04212503,11.54570078,17315788.00284617,88.45429922,43708.9,0.0333488579919287
2023-12-21,2023-12-21,2172829.75519677,11.09895633,17404053.78977441,88.90104367,43896.3,0.004287456330404
2023-12-22,2023-12-22,2063558.44009372,10.54022599,17514375.10487745,89.45977401,43999.2,0.0023441611251973
2023-12-23,2023-12-23,2278120.61457504,11.63557049,17300812.93039607,88.36442951,43725.2,-0.0062273859524718
2023-12-24,2023-12-24,2701416.7215616,13.79681514,16878585.57340956,86.20318486,43008.4,-0.0163932926550363
2023-12-25,2023-12-25,2399843.27828718,12.25605987,17181027.76668397,87.74394013,43611.9,0.0140321425581979
2023-12-26,2023-12-26,2839741.83325299,14.50198942,16741997.96171821,85.49801058,42538.5,-0.0246125484099524
2023-12-27,2023-12-27,2514040.75922187,12.83817106,17068505.28574925,87.16182894,43453.8,0.0215169787369089
2023-12-28,2023-12-28,2835923.71676272,14.48133555,16747378.57820842,85.51866445,42600.1,-0.019646152925636
2023-12-29,2023-12-29,3207764.01234584,16.37930817,16376482.0326252,83.62069183,42095.1,-0.0118544322665908
2023-12-30,2023-12-30,3086103.41280051,15.75736234,16499048.88217061,84.24263766,42174.2,0.0018790785625879
2023-12-31,2023-12-31,3136433.93787173,16.01354822,16449693.35709936,83.98645178,42314.0,0.0033148228063604
2024-01-01,2024-01-01,1979647.70580648,10.10689743,17607448.3391646,89.89310257,44230.2,0.0452852483811503
2024-01-02,2024-01-02,2028043.5698048,10.35354498,17559871.22516638,89.64645502,44979.8,0.0169476963703534
2024-01-03,2024-01-03,2754618.36412406,14.06213744,16833304.92984024,85.93286483,42849.5,-0.0473612599433523
2024-01-04,2024-01-04,2157417.36804692,11.01287006,17432547.42692421,88.98712994,44143.8,0.0302057200200702
2024-01-05,2024-01-05,2129820.35376546,10.87151819,17461006.94120569,89.12848181,44145.4,3.6245180523586384e-05
2024-01-06,2024-01-06,2274751.29125336,11.61078939,17316951.0037179,88.38921061,43956.7,-0.0042745110475838
2024-01-07,2024-01-07,2297918.82666775,11.72859966,17294520.96830345,88.27140034,43916.9,-0.0009054364863603
2024-01-08,2024-01-08,1759894.61088725,8.98216648,17833313.93408393,91.01783352,46972.7,0.0695814139886921
2024-01-09,2024-01-09,2031687.94642646,10.3688484,17562464.34854467,89.6311516,46114.0,-0.0182808312062111
2024-01-10,2024-01-10,1913688.16406818,9.76621159,17681301.63090297,90.23378841,46662.9,0.0119031096846944
2024-01-11,2024-01-11,2014492.94162025,10.28008593,17581578.10335089,89.71991407,46337.8,-0.0069669909071231
2024-01-12,2024-01-12,3248375.04352864,16.5757768,16348746.00144252,83.4242232,42788.9,-0.0765875807655952
2024-01-13,2024-01-13,3216094.12558954,16.4102219,16382020.66938166,83.5897781,42846.4,0.0013438064544777
2024-01-14,2024-01-14,3873301.49030749,19.76283652,15725613.30466363,80.23716348,41734.9,-0.0259415026700026
2024-01-15,2024-01-15,3533900.0584889,18.0304452,16065727.23648231,81.9695548,42515.0,0.018691790324165
2024-01-16,2024-01-16,2966080.74476194,15.1327496,16634327.80020935,84.8672504,43133.0,0.0145360461013759
2024-01-17,2024-01-17,3462070.93508414,17.66257756,16139093.8598871,82.33742244,42783.4,-0.0081051631001785
2024-01-18,2024-01-18,4231158.5593739,21.5852835,15370893.73559717,78.4147165,41323.1,-0.034132397144687
2024-01-19,2024-01-19,4016943.10787766,20.49159951,15585934.18709343,79.50840049,41662.2,0.0082060639206642
2024-01-20,2024-01-20,4015048.33239777,20.48099992,15588722.71257338,79.51900008,41691.8,0.0007104761630447
2024-01-21,2024-01-21,4091216.68916932,20.86860778,15513429.35580181,79.13139222,41580.0,-0.0026815824694544
2024-01-22,2024-01-22,4726407.14710698,24.10737772,14879238.89786411,75.89262228,39567.0,-0.0484126984126984
2024-01-23,2024-01-23,4481598.23321748,22.8575902,15125010.31175363,77.1424098,39890.0,0.0081633684636186
2024-01-24,2024-01-24,4399067.94580003,22.43558646,15208478.09917098,77.56441354,40078.7,0.0047305088994735
2024-01-25,2024-01-25,4497502.46108861,22.9362868,15111174.83388233,77.0637132,39953.3,-0.0031288439994309
2024-01-26,2024-01-26,3677336.47886479,18.75270969,15932290.81610629,81.24729031,41806.4,0.0463816505770486
2024-01-27,2024-01-27,3512704.67543742,17.91218765,16097991.36953369,82.08781235,42102.2,0.0070754716981131
2024-01-28,2024-01-28,3671487.78620017,18.72091505,15940202.00877094,81.27908495,42021.2,-0.0019238899629948
2024-01-29,2024-01-29,2743380.35878356,13.98779571,16869290.68618755,86.01220429,43287.7,0.0301395486087974
2024-01-30,2024-01-30,3084586.029407,15.72679459,16528985.01556415,84.27320541,42918.3,-0.0085336019238719
2024-01-31,2024-01-31,3541268.7686247,18.05444271,16073121.02634646,81.94555729,42560.5,-0.00833677009574
2024-02-01,2024-02-01,2852107.65427959,14.54018526,16763238.39069152,85.45981474,43072.6,0.0120322834553165
2024-02-02,2024-02-02,2795256.61325385,14.24950228,16821264.43171726,85.75049772,43182.0,0.0025398977540247
2024-02-03,2024-02-03,3018706.32153221,15.38785135,16598758.47343892,84.61214865,42992.4,-0.00439071835487
2024-02-04,2024-02-04,3681022.06668209,18.7630784,15937411.47828901,81.2369216,42570.3,-0.0098180143467216
2024-02-05,2024-02-05,3521900.52719691,17.95110448,16097508.01777426,82.04889552,42692.9,0.0028799421192708
2024-02-06,2024-02-06,2889643.03258518,14.72769449,16730828.01238592,85.27230551,43079.1,0.0090460006230543
2024-02-07,2024-02-07,2105618.16513268,10.73119421,17515852.87983819,89.26880579,44326.2,0.0289490727522161
2024-02-08,2024-02-08,2001526.22455277,10.20024565,17620807.32041803,89.79975435,45269.1,0.021271843740271
2024-02-09,2024-02-09,1786225.69624001,9.10254254,17837145.34873076,90.89745746,47116.1,0.0408004577073544
2024-02-10,2024-02-10,1529702.66052458,7.79493292,18094618.38444629,92.20506708,47732.6,0.0130846992853823
2024-02-11,2024-02-11,1463629.72021089,7.45791846,18161547.57475989,92.54208154,48303.4,0.0119582842753172
2024-02-12,2024-02-12,1247448.76683412,6.35600708,18378847.27813669,93.64399292,49943.6,0.0339562018408641
2024-02-13,2024-02-13,1391206.05605886,7.0881752,18235933.73891197,92.9118248,49696.4,-0.0049495831297703
2024-02-14,2024-02-14,1165567.91067117,5.9382892,18462440.63429971,94.0617108,51823.2,0.0427958564403054
2024-02-15,2024-02-15,1208001.8941875,6.15417251,18415596.10225885,93.81835894,51898.5,0.0014530171814941
2024-02-16,2024-02-16,1117752.40245453,5.69415301,18512074.89251637,94.30584699,52148.6,0.0048190217443664
2024-02-17,2024-02-17,1473986.47402197,7.50855348,18156778.32094888,92.49144652,51679.4,-0.0089973652216933
2024-02-18,2024-02-18,1131897.9946596,5.76571725,18499623.0503112,94.23428275,52175.9,0.0096073096823878
2024-02-19,2024-02-19,1540328.95798797,7.84586311,18092042.08698282,92.15413689,51813.8,-0.0069399857022111
2024-02-20,2024-02-20,1126568.07510133,5.73806142,18506684.21986946,94.26193858,52297.4,0.0093334208261119
2024-02-21,2024-02-21,1532205.47238339,7.80379196,18101909.32258735,92.19620804,51877.8,-0.0080233434166898
2024-02-22,2024-02-22,1784821.79293705,9.09002068,17850136.75203376,90.90997932,51316.9,-0.0108119465358978
2024-02-23,2024-02-23,1939862.98849117,9.87913883,17696089.30647961,90.12086117,50771.9,-0.0106202829866963
2024-02-24,2024-02-24,1530326.84909335,7.7931546,18106481.69587743,92.2068454,51602.1,0.0163515645465306
2024-02-25,2024-02-25,1384740.32395196,7.05139047,18253093.22101883,92.94860953,51764.9,0.0031549103621753
2024-02-26,2024-02-26,985319.41798447,5.01724241,18653345.3769863,94.98275759,54511.6,0.0530610510210585
2024-02-27,2024-02-27,630576.46460414,3.21076094,19008894.58036666,96.78923906,57074.5,0.0470156810660482
2024-02-28,2024-02-28,116380.19236448,0.59255503,19524022.10260627,99.40744497,62487.9,0.0948479618743922
2024-02-29,2024-02-29,402417.09762409,2.04883821,19238816.44734667,97.95116179,61203.3,-0.0205575799474777
2024-03-01,2024-03-01,252176.15948727,1.28384911,19390019.88548348,98.71615089,62430.6,0.0200528402880235
2024-03-02,2024-03-02,353346.20411874,1.79884125,19289643.59085204,98.20115875,62039.9,-0.0062581490487035
2024-03-03,2024-03-03,105802.76955428,0.53860208,19538155.77541648,99.46139792,63178.5,0.0183527052751535
2024-03-04,2024-03-04,7665.04238853,0.03901824,19637099.75258225,99.96098176,68296.4,0.0810069881367869
2024-03-05,2024-03-05,380589.74792234,1.93725673,19265218.7970484,98.06274327,63747.4,-0.0666067318335957
2024-03-06,2024-03-06,535057.31624327,2.72339764,19111626.2287274,97.27660236,66128.1,0.0373458368498167
2024-03-07,2024-03-07,324601.12431197,1.65209837,19323207.4206588,98.34790163,66870.0,0.0112191337721785
2024-03-08,2024-03-08,130814.83311224,0.66576598,19517956.2118585,99.33423402,68180.2,0.0195932406161207
2024-03-09,2024-03-09,113092.83039521,0.57554219,19536696.9645755,99.42445781,68360.1,0.0026385959560109
2024-03-10,2024-03-10,133581.98134597,0.67978287,19517101.56362473,99.32021713,69001.8,0.0093870547292937
2024-03-11,2024-03-11,165027.16184765,0.83975827,19486718.88312307,99.16024173,72153.8,0.0456799677689567
2024-03-12,2024-03-12,384246.61802425,1.95519211,19268380.67694646,98.04480789,71503.2,-0.0090168501173881
2024-03-13,2024-03-13,372677.85085187,1.89622936,19280949.44411887,98.10377064,73127.6,0.0227178643753007
2024-03-14,2024-03-14,833168.3009075,4.23906962,18821340.24406326,95.76093038,71455.5,-0.0228655117903501
2024-03-15,2024-03-15,858019.79208085,4.36533501,18797282.50288991,95.63466499,69552.2,-0.0266361581683706
2024-03-16,2024-03-16,1634393.37400813,8.31489903,18021808.92096265,91.68510097,65351.0,-0.0604035530148578
2024-03-17,2024-03-17,876990.10657812,4.4614386,18780124.68839265,95.5385614,68447.9,0.047388716316506
2024-03-18,2024-03-18,1105646.75953775,5.624407,18552368.03543304,94.375593,67660.0,-0.0115109448208052
2024-03-19,2024-03-19,1996041.82354487,10.15332532,17662954.22142592,89.84667468,61974.1,-0.0840363582618977
2024-03-20,2024-03-20,921592.19261196,4.68766837,18738335.10235877,95.31233163,67876.4,0.0952381720751087
2024-03-21,2024-03-21,1592301.21222021,8.09891332,18068376.0827506,91.90108668,65539.9,-0.0344228627328496
2024-03-22,2024-03-22,1814495.54038175,9.22866605,17847019.25458901,90.77133395,63826.0,-0.0261504823779101
2024-03-23,2024-03-23,1671325.29858491,8.5000668,17991170.74638578,91.4999332,64020.3,0.0030442139566948
2024-03-24,2024-03-24,1062126.25512027,5.40149563,18601432.28985046,94.59850437,67260.9,0.0506183195017828
2024-03-25,2024-03-25,719380.78127068,3.65829307,18945002.76370012,96.34170693,69920.5,0.0395415464259325
2024-03-26,2024-03-26,849162.7348587,4.31809402,18816058.31011213,95.68190598,70044.1,0.0017677219127438
2024-03-27,2024-03-27,905388.85365308,4.60381157,18760682.1913177,95.39618843,69532.6,-0.0073025422555218
2024-03-28,2024-03-28,559938.70659837,2.84709466,19107082.33837238,97.15290534,70838.7,0.018783994845583
2024-03-29,2024-03-29,949842.52364736,4.82939972,18718078.52132336,95.17060028,69903.6,-0.0132004116394003
2024-03-30,2024-03-30,1061319.94727754,5.39593215,18607569.84769323,94.60406785,69642.1,-0.0037408659925954
2024-03-31,2024-03-31,397641.61047407,2.02158996,19272104.43449672,97.97841004,71363.0,0.0247106276232336
2024-04-01,2024-04-01,811051.65653726,4.12314933,18859631.88843358,95.87685067,69700.0,-0.0233033925143281
2024-04-02,2024-04-02,2105153.59483575,10.70148173,17566454.95013507,89.29851827,65505.3,-0.0601822094691534
2024-04-03,2024-04-03,1901705.56700376,9.66682399,17770790.47796701,90.33317601,65971.9,0.0071230877501513
2024-04-04,2024-04-04,1142539.94239975,5.80755087,18530812.35257103,94.19244913,68489.9,0.0381677653667698
2024-04-05,2024-04-05,1257020.62099954,6.38915576,18417262.92397121,93.61084424,67825.7,-0.0096977802566509
2024-04-06,2024-04-06,812525.16790848,4.12968106,18862727.12706232,95.87031894,68901.6,0.0158627187039721
2024-04-07,2024-04-07,752652.54677843,3.82517029,18923662.24819228,96.17482971,69362.7,0.0066921522867391
2024-04-08,2024-04-08,502103.67207701,2.55168958,19175198.62289378,97.44831042,71678.4,0.0333853785968538
2024-04-09,2024-04-09,1018607.84725513,5.17632244,18659606.94771565,94.82367756,69189.3,-0.0347259425433602
2024-04-10,2024-04-10,586099.31030563,2.97827424,19093059.23466508,97.02172576,70681.7,0.0215698092046023
2024-04-11,2024-04-11,824898.58915925,4.19156138,18855084.95581149,95.80843862,70055.7,-0.0088566064483451
2024-04-12,2024-04-12,1744472.71778085,8.86381521,17936360.82718992,91.13618479,67136.4,-0.0416711274029094
2024-04-13,2024-04-13,2483073.33301582,12.61605111,17198785.21195497,87.38394889,63939.7,-0.0476150046770454
2024-04-14,2024-04-14,2210066.95093679,11.22839475,17472772.84403406,88.77160525,65615.9,0.026215324751289
2024-04-15,2024-04-15,2670271.11985076,13.56588581,17013449.92512006,86.43411419,63392.7,-0.0338820316417209
2024-04-16,2024-04-16,2542270.95399317,12.91492479,17142254.32686706,87.08392196,63765.0,0.005872915966665
2024-04-17,2024-04-17,3016855.58387517,15.32518325,16668752.96109601,84.67481675,61254.5,-0.039371128361954
2024-04-18,2024-04-18,2546070.17462948,12.93306713,17140444.62034135,87.06693287,63445.0,0.0357606379939432
2024-04-19,2024-04-19,2482477.23186236,12.60943471,17202255.25758101,87.37671863,63787.4,0.0053968003782804
2024-04-20,2024-04-20,2155758.12786969,10.94967619,17531038.61351738,89.04486713,64897.2,0.017398420377692
2024-04-21,2024-04-21,2178368.2723509,11.06427333,17509940.27261993,88.93572667,64912.6,0.0002372983734275
2024-04-22,2024-04-22,1652824.24180388,8.39475043,18035783.22182265,91.60435524,66778.0,0.0287371018877691
2024-04-23,2024-04-23,1776729.09407291,9.0238282,17912576.32589791,90.9761718,66386.3,-0.0058657042738625
2024-04-24,2024-04-24,2484709.101013,12.61927493,17205083.81895782,87.38072507,64250.0,-0.0321798322846732
2024-04-25,2024-04-25,2391367.52467197,12.14493856,17298872.27029883,87.85506144,64478.8,0.0035610894941635
2024-04-26,2024-04-26,2735464.77745317,13.8921999,16955187.51751761,86.1078001,63748.8,-0.0113215506492055
2024-04-27,2024-04-27,2819992.21032398,14.32115638,16871100.70964683,85.67884362,63421.0,-0.0051420575759857
2024-04-28,2024-04-28,3020149.45081852,15.33730181,16663398.26874328,84.62215944,63088.3,-0.0052458964696235
2024-04-29,2024-04-29,2595244.05968567,13.17921996,17096695.73528513,86.82078004,63842.4,0.0119530879735227
2024-04-30,2024-04-30,3417060.29050514,17.3521952,16275320.12946598,82.6478048,60651.2,-0.0499855895141787
2024-05-01,2024-05-01,3615405.01470155,18.35902622,16077387.90526956,81.64097378,58307.6,-0.038640620465877
2024-05-02,2024-05-02,3498009.47661434,17.76248298,16195236.56835674,82.23751702,59036.7,0.0125043733578469
2024-05-03,2024-05-03,2540424.70108894,12.89971543,17153224.46888185,87.10028457,62853.7,0.0646546978404958
2024-05-04,2024-05-04,2373382.75220138,12.05124368,17320707.04276939,87.94875632,63864.2,0.0160770169457009
2024-05-05,2024-05-05,2318302.08838235,11.77130287,17376222.08158844,88.22869713,63988.0,0.0019384882297124
2024-05-06,2024-05-06,2685198.61579655,13.63397568,17009706.80417424,86.36602432,63142.8,-0.0132087266362442
2024-05-07,2024-05-07,2989345.76153275,15.17797538,16705940.90843804,84.82202462,62296.0,-0.0134108718650424
2024-05-08,2024-05-08,3237230.64142753,16.43624419,16458452.90354356,83.56375581,61157.9,-0.0182692307692307
2024-05-09,2024-05-09,2606400.97780722,13.23305693,17089735.69216354,86.76694307,63050.1,0.0309395842564901
2024-05-10,2024-05-10,3375489.21950845,17.13742965,16321100.57546262,82.86257035,60778.1,-0.0360348357893167
2024-05-11,2024-05-11,3426682.565277,17.39690048,16270404.10469407,82.60309952,60809.2,0.0005116974699768
2024-05-12,2024-05-12,3115972.64373388,15.81912819,16581526.52623698,84.18087181,61455.8,0.0106332594410056
2024-05-13,2024-05-13,2686470.79383332,13.63832088,17011487.75113746,86.36167912,62912.1,0.0236967055997967
2024-05-14,2024-05-14,3186009.49175218,16.17396415,16512374.05321887,83.82603585,61550.5,-0.0216428954048585
2024-05-15,2024-05-15,1709119.63304665,8.67625204,17989704.53692413,91.32374796,66175.4,0.0751399257520246
2024-05-16,2024-05-16,2056232.47761642,10.43811621,17643035.44235434,89.56188379,65217.7,-0.0144721452382606
2024-05-17,2024-05-17,1303586.2196649,6.61727214,18396166.07530588,93.38272786,66980.0,0.027021805430121
2024-05-18,2024-05-18,1226545.29869743,6.22607014,18473606.99627338,93.77392986,66884.9,-0.0014198268139744
2024-05-19,2024-05-19,1861281.38305186,9.44782501,17839352.16191892,90.55217499,66239.4,-0.0096509077534689
2024-05-20,2024-05-20,291131.43070602,1.47774043,19409989.61426463,98.52225957,71466.5,0.0789122486012856
2024-05-21,2024-05-21,617008.74735499,3.13177732,19084543.54761572,96.86822268,70168.8,-0.0181581580180923
2024-05-22,2024-05-22,982780.50813629,4.98821942,18719249.91183442,95.01178058,69219.1,-0.0135345053642074
2024-05-23,2024-05-23,1315694.07252402,6.67778283,18386864.47244682,93.32221717,67999.9,-0.017613635542791
2024-05-24,2024-05-24,979274.7573078,4.97016621,18723783.78766293,95.02983379,68584.1,0.0085911891046899
2024-05-25,2024-05-25,861863.08341428,4.37414938,18841695.46155646,95.62585062,69314.4,0.0106482406272006
2024-05-26,2024-05-26,1269796.97374538,6.44433409,18434286.57122546,93.55566591,68524.3,-0.0113987858222821
2024-05-27,2024-05-27,862596.0514001,4.37766731,18841871.86857066,95.62233269,69461.6,0.0136783593557321
2024-05-28,2024-05-28,1415741.10128565,7.18472085,18289145.56868518,92.81527915,68440.5,-0.014700208460502
2024-05-29,2024-05-29,1752297.95857955,8.89251441,17953016.83639125,91.10748559,67686.7,-0.0110139464206135
2024-05-30,2024-05-30,1448023.85964526,7.34824909,18257675.31032558,92.65175091,68402.5,0.010575194240523
2024-05-31,2024-05-31,1910889.93889255,9.69691597,17795271.73107829,90.30308403,67577.9,-0.0120551149446292
2024-06-01,2024-06-01,1673263.20441454,8.4908762,18033339.09055629,91.5091238,67799.2,0.0032747392268774
2024-06-02,2024-06-02,1634480.14901955,8.29388973,18072559.64595125,91.70611027,67805.9,9.882122502924418e-05
2024-06-03,2024-06-03,1066188.08271687,5.41005423,18641342.33725382,94.58994577,68851.4,0.0154190122098518
2024-06-04,2024-06-04,500892.32999453,2.54157511,19207056.83997615,97.45842489,70580.0,0.0251062433007898
2024-06-05,2024-06-05,440785.95850042,2.23654607,19267547.58647025,97.76345393,71133.3,0.0078393312553131
2024-06-06,2024-06-06,687943.40467824,3.49054828,19020805.76529241,96.50945172,70830.0,-0.0042638258031049
2024-06-07,2024-06-07,1137219.03448524,5.76999291,18571973.88548546,94.23000709,69377.0,-0.0205139065367782
2024-06-08,2024-06-08,1169638.17159608,5.93431846,18540092.24837461,94.06568154,69346.5,-0.000439626965709
2024-06-09,2024-06-09,1009374.14752297,5.1210729,18700834.39744773,94.8789271,69667.1,0.004623160505577
2024-06-10,2024-06-10,1083124.96124688,5.49512751,18627517.95872379,94.50487249,69558.7,-0.0015559711829544
2024-06-11,2024-06-11,2205066.50306722,11.18696895,17505960.79190359,88.81303105,67320.7,-0.032174264326389
2024-06-12,2024-06-12,1818195.6943736,9.22404288,17893287.85059717,90.77595712,68270.3,0.014105616845933
2024-06-13,2024-06-13,2534071.93000096,12.85551984,17177864.73996984,87.14448016,66786.9,-0.0217283357477557
2024-06-14,2024-06-14,2856995.09938128,14.49343701,16855341.57058953,85.50656299,66039.7,-0.0111878227616493
2024-06-15,2024-06-15,2784759.57941335,14.12668863,16927995.84055745,85.87331137,66213.7,0.0026347787770084
2024-06-16,2024-06-16,2494069.27078209,12.65173119,17219195.52418865,87.34826881,66653.6,0.0066436402134302
2024-06-17,2024-06-17,2496721.98522672,12.66490661,17216980.30974403,87.33509339,66472.1,-0.002723033714608
2024-06-18,2024-06-18,3047986.48244705,15.46088603,16666190.81252372,84.53911397,65150.0,-0.0198895476448014
2024-06-19,2024-06-19,3109612.70247354,15.77314197,16604992.7174972,84.22685803,64933.6,-0.003321565617805
2024-06-20,2024-06-20,3135531.50234288,15.90427672,16579489.54262784,84.09572328,64854.0,-0.0012258676555743
2024-06-21,2024-06-21,3412663.38290804,17.30958159,16302795.16206274,82.69041841,64124.0,-0.0112560520553859
2024-06-22,2024-06-22,3264564.66310821,16.55800196,16451368.88186255,83.44199804,64240.0,0.0018089950720479
2024-06-23,2024-06-23,3714807.10334534,18.84131507,16001476.44162571,81.15868493,63194.9,-0.0162686799501867
2024-06-24,2024-06-24,4268754.50167901,21.65038686,15448004.04329204,78.34961314,60273.6,-0.0462268315955877
2024-06-25,2024-06-25,3788390.49076626,19.2136858,15928755.5542048,80.7863142,61777.8,0.0249561997292346
2024-06-26,2024-06-26,4257500.7553834,21.59247134,15460023.41458759,78.40752866,60860.1,-0.0148548507716365
2024-06-27,2024-06-27,3798381.14133897,19.26358933,15919549.27863207,80.73641067,61682.0,0.0135047428446553
2024-06-28,2024-06-28,4363538.01844951,22.12932375,15354814.27652154,77.87067625,60429.8,-0.0203008981550533
2024-06-29,2024-06-29,4117981.16280757,20.88348277,15600861.75716349,79.11651723,60982.4,0.0091444949346182
2024-06-30,2024-06-30,3400551.53278113,17.24485731,16318669.51218966,82.75514269,62766.0,0.0292477829668886
2024-07-01,2024-07-01,3426256.87076419,17.37482584,16293404.79920665,82.62517416,62883.6,0.0018736258483891
2024-07-02,2024-07-02,3676960.01459995,18.64573036,16043157.90537086,81.35426964,62123.6,-0.0120858220585335
2024-07-03,2024-07-03,4392654.06777539,22.27446997,15327923.22719569,77.72553003,60208.0,-0.0308353025259321
2024-07-04,2024-07-04,4975696.87809348,25.23043023,14745317.91687762,74.76956977,57045.9,-0.052519598724422
2024-07-05,2024-07-05,4852468.69837898,24.60510516,14868921.09659215,75.39489484,56604.9,-0.0077306169242662
2024-07-06,2024-07-06,4436508.15583498,22.49532871,15285400.38913615,77.50467129,58216.0,0.0284622002688812
2024-07-07,2024-07-07,5134154.28015863,26.032164,14588194.8898125,73.967836,55830.9,-0.0409698364710732
2024-07-08,2024-07-08,4843502.23596605,24.55782611,14879343.80900506,75.44217389,56686.4,0.0153230558704946
2024-07-09,2024-07-09,4346820.3258902,22.03898085,15376506.96908093,77.96101915,58023.2,0.0235823760196447
2024-07-10,2024-07-10,4474795.91400141,22.68734953,15248953.25596968,77.31265047,57707.0,-0.0054495443202029
2024-07-11,2024-07-11,4704840.3107737,23.85314864,15019349.48419743,76.14685136,57315.5,-0.0067842722719947
2024-07-12,2024-07-12,4373249.78794043,22.17148539,15351408.75703071,77.82851461,57870.0,0.0096745208538702
2024-07-13,2024-07-13,4135889.62338638,20.96760614,15589250.17158474,79.03239386,59174.0,0.022533264212891
2024-07-14,2024-07-14,3850698.47935223,19.52126394,15874963.19061854,80.47873606,60766.0,0.0269037077094669
2024-07-15,2024-07-15,2463279.21833785,12.487386,17262860.57663291,87.512614,64680.6,0.0644208932626797
2024-07-16,2024-07-16,2357154.83361949,11.94911912,17369444.33635125,88.05088088,65010.0,0.0050927171362047
2024-07-17,2024-07-17,2877795.49482051,14.58803408,16849300.55015022,85.41196592,64055.7,-0.0146792801107522
2024-07-18,2024-07-18,2958659.31241614,14.99764003,16768839.85755462,85.00235997,63959.9,-0.0014955733837893
2024-07-19,2024-07-19,1884295.99936375,9.55139882,17843662.54560693,90.44860118,66627.9,0.0417136362001815
2024-07-20,2024-07-20,1595716.53088633,8.08839304,18132757.63908433,91.91160696,67095.6,0.0070195818868674
2024-07-21,2024-07-21,1326161.10936528,6.72188634,18402841.18560536,93.27811366,68138.0,0.0155360411114886
2024-07-22,2024-07-22,1431767.26018373,7.25696437,18297794.40978689,92.74303563,67499.2,-0.0093750917256156
2024-07-23,2024-07-23,2501396.90650487,12.67808171,17228692.88846591,87.32191829,65916.4,-0.0234491668049399
2024-07-24,2024-07-24,2808320.42596645,14.23337747,16922206.86900432,85.76662253,65350.8,-0.0085805656862327
2024-07-25,2024-07-25,2448019.01122006,12.40694573,17283017.65875067,87.59305427,65773.0,0.0064605176983296
2024-07-26,2024-07-26,1317968.30749787,6.6795016,18413568.36247277,93.3204984,67882.5,0.0320724309367066
2024-07-27,2024-07-27,1312322.84925808,6.65072804,18419695.07071256,93.34927196,67873.8,-0.000128162633963
2024-07-28,2024-07-28,1259375.26047616,6.38224508,18473105.15949442,93.61775492,68215.5,0.0050343431486081
2024-07-29,2024-07-29,2255350.97114315,11.42931526,17477685.6988276,88.57068474,66750.0,-0.0214833872067198
2024-07-30,2024-07-30,2493628.7911608,12.63652219,17239876.62880999,87.36347781,66159.3,-0.0088494382022471
2024-07-31,2024-07-31,3219577.4914032,16.31491991,16514368.55356757,83.68508009,64601.8,-0.023541663832598
2024-08-01,2024-08-01,2872372.93513714,14.5551693,16862010.60983357,85.4448307,65328.9,0.0112551043469377
2024-08-02,2024-08-02,4209968.8713566,21.33274747,15524802.17361443,78.66725253,61483.7,-0.0588590960509055
2024-08-03,2024-08-03,4567299.63554757,23.14291495,15167896.40942345,76.85708505,60684.6,-0.0129969406525631
2024-08-04,2024-08-04,4944094.35093794,25.05160015,14791548.5690331,74.94839985,58144.5,-0.0418574069862864
2024-08-05,2024-08-05,5431722.03213516,27.52172172,14304405.26283597,72.47827828,54003.1,-0.0712259972998305
2024-08-06,2024-08-06,5227891.48349014,26.48835149,14508676.43648092,73.51164851,55991.2,0.0368145532386103
2024-08-07,2024-08-07,5438748.87820651,27.55617817,14298200.29176453,72.44382183,55102.9,-0.0158649930703395
2024-08-08,2024-08-08,3735001.70282402,18.92351946,16002350.5921467,81.07648054,61659.8,0.1189937371717277
2024-08-09,2024-08-09,4209975.03880921,21.32955318,15527780.38116153,78.67044682,60808.6,-0.0138047804241986
2024-08-10,2024-08-10,4107616.05321372,20.81052999,15630545.61675707,79.18947001,60889.9,0.0013369819400546
2024-08-11,2024-08-11,4656159.86095726,23.58903152,15082504.93401382,76.41096848,58693.1,-0.0360782330074446
2024-08-12,2024-08-12,4524967.63780528,22.92388843,15214125.28216587,77.07611157,59323.6,0.010742318943794
2024-08-13,2024-08-13,4168898.5046495,21.11951235,15570660.04032136,78.88048765,60550.5,0.0206814825802885
2024-08-14,2024-08-14,4759696.77734308,24.11197446,14980274.26762808,75.88802554,58648.1,-0.031418402820786
2024-08-15,2024-08-15,4987770.09981362,25.26672281,14752700.94515751,74.73327719,57511.0,-0.0193885223903246
2024-08-16,2024-08-16,4600961.92793268,23.3067311,15139952.86703847,76.6932689,58854.9,0.0233677035697519
2024-08-17,2024-08-17,4361650.85562127,22.09395069,15379729.56434957,77.90604931,59468.5,0.0104256400061846
2024-08-18,2024-08-18,4658969.41053796,23.59943936,15082895.38443321,76.40056064,58390.0,-0.0181356516475108
2024-08-19,2024-08-19,4322856.85164642,21.89644827,15419417.31832446,78.10355173,59398.5,0.0172717931152595
2024-08-20,2024-08-20,4521066.21019857,22.8998926,15221673.58477262,77.1001074,58982.9,-0.0069968096837461
2024-08-21,2024-08-21,3666365.73606019,18.5702688,16076836.55891065,81.4297312,61120.0,0.0362325351924031
2024-08-22,2024-08-22,4168495.88503634,21.11304062,15575206.40993451,78.88695938,60349.9,-0.0125998036649214
2024-08-23,2024-08-23,2855228.56565234,14.46108946,16888986.2293185,85.53891054,64019.9,0.0608120311715512
2024-08-24,2024-08-24,2961930.88476302,15.00114941,16782762.03520783,84.99885059,64116.5,0.0015089058245951
2024-08-25,2024-08-25,2603595.24143063,13.18602648,17141513.30354024,86.81397352,64190.2,0.001149470105199
2024-08-26,2024-08-26,3344527.1053508,16.93815037,16401000.18962004,83.06184963,62807.6,-0.021539113447224
2024-08-27,2024-08-27,4585772.4536653,23.22383864,15160198.59130588,76.77616136,59384.5,-0.0545013660767168
2024-08-28,2024-08-28,4760787.92028649,24.1095594,14985686.24968464,75.8904406,59010.0,-0.006306359403548
2024-08-29,2024-08-29,4539810.65270159,22.99000713,15207076.01726952,77.00999287,59323.2,0.0053075749872901
2024-08-30,2024-08-30,4703193.36457889,23.81685658,15044137.05539223,76.18314342,59096.3,-0.0038248105294386
2024-08-31,2024-08-31,4712023.54261182,23.86101732,15035766.25235932,76.13898268,58941.9,-0.0026126847196863
2024-09-01,2024-09-01,5300797.12791195,26.84187989,14447436.41705922,73.15812011,57268.1,-0.0283974557996943
2024-09-02,2024-09-02,4435735.01986837,22.46083323,15313020.40010252,77.53916677,59112.1,0.0321994269060785
2024-09-03,2024-09-03,5194680.84909794,26.30321893,14554540.19587323,73.69678107,57451.9,-0.0280856203721403
2024-09-04,2024-09-04,4992751.19181657,25.28014593,14756691.59528788,74.71858755,57944.8,0.0085793507264337
2024-09-05,2024-09-05,5609764.31077219,28.40361495,14140412.98419894,71.59638505,56145.7,-0.0310485151385457
2024-09-06,2024-09-06,5907758.18735413,29.9117449,13842872.23261703,70.0882551,53927.7,-0.0395043609751057
2024-09-07,2024-09-07,5865324.370429,29.69615461,13885799.79954221,70.30384539,54134.9,0.0038421812908766
2024-09-08,2024-09-08,5673388.54227323,28.72362399,14078257.50269799,71.27637601,54839.6,0.0130174804054314
2024-09-09,2024-09-09,5104892.67090798,25.84481086,14647206.49906317,74.15518914,57010.0,0.0395772398048126
2024-09-10,2024-09-10,4868963.15758836,24.64982372,14883564.13738275,75.35017628,57609.1,0.0105086826872478
2024-09-11,2024-09-11,4962909.78006615,25.12501266,14789955.01490496,74.87498734,57306.0,-0.0052613215620448
2024-09-12,2024-09-12,4635177.32473988,23.46528421,15118162.47023105,76.53471579,58097.0,0.0138030921718492
2024-09-13,2024-09-13,3688405.57763078,18.67195039,16065318.59234003,81.32804961,60456.2,0.0406079487753239
2024-09-14,2024-09-14,3943032.12765889,19.96051676,15811126.41731194,80.03948324,59964.0,-0.008141431317218
2024-09-15,2024-09-15,4313619.26243868,21.83599071,15441011.1575322,78.16400929,59100.5,-0.014400306850777
2024-09-16,2024-09-16,4613401.28057677,23.35305678,15141619.76439411,76.64694322,58187.0,-0.0154567220243483
2024-09-17,2024-09-17,3868843.62766308,19.58363811,15885871.0470163,80.41243832,60281.0,0.0359874198704177
2024-09-18,2024-09-18,3317531.13845444,16.7925916,16438389.90651638,83.2074084,61735.3,0.0241253462948525
2024-09-19,2024-09-19,2872153.7040612,14.5379113,16884148.59090964,85.4620887,62926.9,0.0193017609050252
2024-09-20,2024-09-20,2889718.18826597,14.62648156,16867037.23170489,85.37351844,63175.7,0.0039537940054252
2024-09-21,2024-09-21,2750011.52189482,13.91905069,17007165.77307602,86.08094931,63320.6,0.0022936033949763
2024-09-22,2024-09-22,2671383.24213238,13.52078659,17086219.05283846,86.47921341,63558.4,0.0037554918936333
2024-09-23,2024-09-23,2898114.83449613,14.66801421,16859943.71047468,85.33198579,63302.0,-0.0040340851877957
2024-09-24,2024-09-24,2322816.3113396,11.75602874,17435695.35863118,88.24397126,64243.1,0.0148668288521689
2024-09-25,2024-09-25,3180284.80567342,16.0954045,16578676.86429735,83.9045955,63118.4,-0.0175069384883356
2024-09-26,2024-09-26,2202280.26860795,11.14549958,17557087.65136274,88.85450042,65139.2,0.0320160206849349
2024-09-27,2024-09-27,1965580.90519239,9.94737446,17794215.13977833,90.05262554,65749.6,0.0093707015130675
2024-09-28,2024-09-28,1902398.87078097,9.62742761,17857800.29918974,90.37257239,65822.6,0.0011102729142078
2024-09-29,2024-09-29,2239134.51708211,11.33126044,17521549.0278886,88.66873956,65568.1,-0.003866453163503
2024-09-30,2024-09-30,3311056.33501852,16.75541533,16450055.33495232,83.24458467,63309.1,-0.0344527292997662
2024-10-01,2024-10-01,4216238.78067442,21.33551074,15545363.51429641,78.66448926,60776.8,-0.0399989890868768
2024-10-02,2024-10-02,4352851.89508736,22.02627672,15409234.77488349,77.97372328,60622.6,-0.0025371523344435
2024-10-03,2024-10-03,4248623.70746503,21.4983247,15513956.71250577,78.5016753,60727.2,0.0017254291303903
2024-10-04,2024-10-04,3604870.14926431,18.2404005,16158238.39570648,81.7595995,62054.4,0.0218551159941509
2024-10-05,2024-10-05,3600198.7332692,18.2163285,16163381.6867016,81.7836715,62023.1,-0.0005043961427393
2024-10-06,2024-10-06,3345500.88164133,16.92719844,16418554.53832948,83.07280156,62789.3,0.0123534618553411
2024-10-07,2024-10-07,3640517.89195,18.41944174,16124021.9030208,81.58055826,62190.7,-0.0095334714672723
2024-10-08,2024-10-08,3900627.87998666,19.73496438,15864433.78998411,80.26503562,62131.7,-0.0009486949013276
2024-10-09,2024-10-09,4699742.8422196,23.77755533,15065715.70275117,76.22244467,60606.4,-0.0245494650878697
2024-10-10,2024-10-10,4801727.62200656,24.29293478,14964215.2979644,75.70706522,60293.2,-0.0051677710604821
2024-10-11,2024-10-11,3463703.57864781,17.5232061,16302676.84132298,82.4767939,62509.0,0.0367504129818951
2024-10-12,2024-10-12,2911501.34398742,14.72922943,16855325.9509834,85.27077057,63176.0,0.0106704634532628
2024-10-13,2024-10-13,3265021.43568819,16.51732044,16502237.10928263,83.48267956,62839.8,-0.0053216411295428
2024-10-14,2024-10-14,1680526.77023558,8.50138039,18087166.14973514,91.49861961,66064.9,0.0513225694543901
2024-10-15,2024-10-15,1311599.17240528,6.63490086,18456581.24756545,93.36509914,67044.1,0.0148217888773012
2024-10-16,2024-10-16,1119370.9794377,5.66236247,18649250.06553305,94.33763753,67592.0,0.0081722329034172
2024-10-17,2024-10-17,1318371.72460854,6.66884657,18450739.9453622,93.33115343,67401.5,-0.0028183808734761
2024-10-18,2024-10-18,1009671.38087773,5.10720811,18759865.289093,94.89279189,68407.8,0.0149299347937361
2024-10-19,2024-10-19,1052162.92415786,5.32199702,18717914.37081287,94.67800298,68357.1,-0.0007411435538052
2024-10-20,2024-10-20,675227.7289492,3.41530918,19095390.19102151,96.58469082,69020.1,0.0096990656420474
2024-10-21,2024-10-21,1577592.93660647,7.97926652,18193559.35836424,92.02073348,67368.8,-0.023924914626319
2024-10-22,2024-10-22,1503719.15982112,7.60545637,18267864.38514963,92.39454363,67406.4,0.0005581218605643
2024-10-23,2024-10-23,2082873.03149619,10.53442845,17689182.38847453,89.46557155,66647.2,-0.0112630254693916
2024-10-24,2024-10-24,1141528.6131512,5.7733102,18630986.1818195,94.2266898,68173.8,0.0229056884610308
2024-10-25,2024-10-25,2442720.39162528,12.35382221,17330272.52834543,87.64617779,66662.8,-0.0221639398126552
2024-10-26,2024-10-26,1874716.54994491,9.48097893,17898732.62002585,90.51902107,67071.8,0.0061353558506394
2024-10-27,2024-10-27,1205121.22193809,6.09448933,18568827.94803263,93.90551067,67992.6,0.0137285714711696
2024-10-28,2024-10-28,473974.02922202,2.39689789,19300503.26574876,97.60310211,69940.0,0.0286413521471453
2024-10-29,2024-10-29,117746.78721256,0.59543352,19657221.13275818,99.40456648,72739.5,0.0400271661424078
2024-10-30,2024-10-30,175916.11274325,0.88956612,19599579.93222747,99.11043388,72349.0,-0.0053684724255734
2024-10-31,2024-10-31,838837.10555404,4.24169467,18937152.68941666,95.75830533,70321.9,-0.0280183554713956
2024-11-01,2024-11-01,986190.57440543,4.98668789,18790274.22056526,95.01331211,69495.5,-0.0117516733762881
2024-11-02,2024-11-02,1153309.62814109,5.83159711,18623053.86340332,94.16564688,69366.6,-0.0018547963537206
2024-11-03,2024-11-03,1242685.72826878,6.28338755,18534635.31670188,93.71661245,68762.5,-0.0087088022189354
2024-11-04,2024-11-04,1837501.80630933,9.29074263,17940269.23866135,90.70925737,67834.3,-0.0134986366115251
2024-11-05,2024-11-05,1029102.57324189,5.20320936,18749124.7217288,94.79679064,69353.1,0.0223898529210149
2024-11-06,2024-11-06,82729.29317019,0.41827456,19695976.12680043,99.58172544,75579.9,0.0897840183063192
2024-11-07,2024-11-07,57575.5634026,0.29109157,19721617.35656806,99.70890843,75859.4,0.0036980731649551
2024-11-08,2024-11-08,67375.54257136,0.34063084,19712261.12739937,99.65936916,76482.2,0.0082099252037322
2024-11-09,2024-11-09,28152.80289798,0.14232913,19751918.24207281,99.85767087,76675.1,0.0025221554819292
2024-11-10,2024-11-10,50230.18761286,0.25393748,19730303.35735779,99.74606252,80410.0,0.0487107287763561
2024-11-11,2024-11-11,15483.17709464,0.07827314,19765475.36787599,99.92172686,88728.9,0.103456037806243
2024-11-12,2024-11-12,151211.11490223,0.76441001,19630203.68006841,99.23558999,87972.0,-0.008530478795522
2024-11-13,2024-11-13,115815.13282966,0.5854617,19666030.91214099,99.4145383,90413.3,0.0277508752784978
2024-11-14,2024-11-14,633502.50622999,3.20237957,19148740.41374065,96.79762043,87382.7,-0.0335194047778369
2024-11-15,2024-11-15,169193.91275777,0.85526148,19613517.75721289,99.14473852,91074.6,0.0422497817073632
2024-11-16,2024-11-16,268888.24216698,1.35917451,19514314.05280367,98.64082549,90643.3,-0.004735678224225
2024-11-17,2024-11-17,344591.64865336,1.74179831,19439079.39631732,98.25820169,89899.9,-0.0082013783699402
2024-11-18,2024-11-18,464369.28413826,2.34717733,19319789.26083236,97.65282267,90507.4,0.0067575158593058
2024-11-19,2024-11-19,187548.0110734,0.94794442,19597157.40889722,99.05205558,92335.9,0.0202027679504659
2024-11-20,2024-11-20,126004.87426256,0.63686543,19659159.92070801,99.36313457,94288.0,0.021141289574261
2024-11-21,2024-11-21,45108.53548088,0.22798652,19740506.25948969,99.77201348,98366.8,0.0432589512981502
2024-11-22,2024-11-22,202412.23795016,1.02300418,19583649.43202046,98.97699582,98921.4,0.005638081141198
2024-11-23,2024-11-23,707924.46899321,3.57781681,19078568.45097739,96.42218319,97725.5,-0.0120893962277119
2024-11-24,2024-11-24,639463.22537219,3.23174852,19147448.44459842,96.76825148,97960.4,0.0024036715084598
2024-11-25,2024-11-25,1149903.25835994,5.81127862,18637536.53661066,94.18872138,93064.0,-0.049983462705338
2024-11-26,2024-11-26,1244450.6672589,6.28895584,18543423.5027117,93.71104416,92021.4,-0.0112030430671367
2024-11-27,2024-11-27,780226.1965929,3.94286826,19008063.59837775,96.05713174,95905.2,0.0422054000482496
2024-11-28,2024-11-28,806695.42244384,4.07653891,18980877.0222742,95.91759361,95694.4,-0.0021980038621471
2024-11-29,2024-11-29,617255.37187655,3.11916665,19171856.29809411,96.88083335,97516.3,0.019038731629019
2024-11-30,2024-11-30,908707.28632133,4.59183701,18880916.88364933,95.40816299,96475.1,-0.0106771893519339
2024-12-01,2024-12-01,683045.54068791,3.45144755,19107072.37928271,96.54855245,97265.1,0.0081886414214651
2024-12-02,2024-12-02,1056570.88375479,5.33877413,18733943.91121581,94.66122587,95890.5,-0.0141325100164396
2024-12-03,2024-12-03,914030.89326101,4.61841566,18876974.52670957,95.38158434,95913.3,0.0002377712077838
2024-12-04,2024-12-04,97863.4023176,0.49447276,19693601.39265307,99.50552724,98669.8,0.0287394970249172
2024-12-05,2024-12-05,1075987.54508601,5.43649105,18715961.62488462,94.56350895,97001.5,-0.0169079090055924
2024-12-06,2024-12-06,388149.33158568,1.96110547,19404224.8383851,98.03889453,99802.5,0.0288758421261527
2024-12-07,2024-12-07,366975.64280719,1.85408487,19425842.27716345,98.14591513,99899.2,0.0009689136043686
2024-12-08,2024-12-08,281406.72696623,1.42172904,19511867.44300439,98.57827096,101200.0,0.0130211252942966
2024-12-09,2024-12-09,1440962.27605146,7.27986826,18352833.76891916,92.72013174,97349.1,-0.0380523715415018
2024-12-10,2024-12-10,1731584.54151676,8.74790484,18062692.75345389,91.25209516,96602.4,-0.0076703328536166
2024-12-11,2024-12-11,244267.28672251,1.23400217,19550453.75824808,98.76599783,101115.3,0.0467162306526547
2024-12-12,2024-12-12,597476.70487722,3.01829333,19197706.84009341,96.98170667,99982.4,-0.0112040413270791
2024-12-13,2024-12-13,293163.78130235,1.48094567,19502551.01366828,98.51905433,101371.9,0.0138974459504872
2024-12-14,2024-12-14,340311.53445075,1.71907403,19455900.13551988,98.28092597,101381.0,8.976846640940117e-05
2024-12-15,2024-12-15,3799.80182394,0.01919418,19792839.9931467,99.98080582,104460.4,0.0303745277714757
2024-12-16,2024-12-16,141031.34041735,0.71238375,19656070.95455335,99.28761625,106023.2,0.0149606932387775
2024-12-17,2024-12-17,341504.86410806,1.72498746,19456022.43086262,98.27501254,106074.6,0.0004847995533054
2024-12-18,2024-12-18,1040612.19713446,5.25615411,18757365.09783625,94.74384589,100181.1,-0.0555599549750835
2024-12-19,2024-12-19,2104203.49559704,10.62813289,17694226.92437364,89.37186711,97434.4,-0.0274173471842494
2024-12-20,2024-12-20,1913902.35561803,9.66670943,17884999.93935268,90.33329057,97764.4,0.0033868941564785
2024-12-21,2024-12-21,2217175.4262996,11.19822024,17580180.05437978,88.79167873,97261.8,-0.0051409306455109
2024-12-22,2024-12-22,2672258.83826864,13.49636596,17127580.95670204,86.50363404,95153.5,-0.0216765472158648
2024-12-23,2024-12-23,2604396.73692193,13.15333882,17194268.18124031,86.83854954,94861.1,-0.0030729295296546
2024-12-24,2024-12-24,1294560.29635518,6.53795658,18506126.37361553,93.46204342,98627.2,0.0397012052358658
2024-12-25,2024-12-25,1152727.21061142,5.82151489,18648428.20935924,94.17848511,99379.7,0.0076297410856234
2024-12-26,2024-12-26,2474472.93682119,12.49634851,17327094.98314944,87.50365149,95751.0,-0.0365134931983091
2024-12-27,2024-12-27,2967562.55161957,14.98612923,16834499.11835109,85.01387077,94258.9,-0.015583127069169
2024-12-28,2024-12-28,2511688.11993522,12.68368659,17290820.42503544,87.31631341,95259.1,0.0106111995790318
2024-12-29,2024-12-29,3047694.74220743,15.3900665,16755304.42776322,84.6099335,93700.0,-0.0163669402713232
