start_time,date,loss_amount,loss_percent,profit_amount,profit_percent,close,change
2021-01-01,2021-01-01,56291,0.04872852,115458060,99.94671814,29337.16,
2021-01-02,2021-01-02,174026,0.15077294,115239838,99.84168434,32199.91,0.0975810201123763
2021-01-03,2021-01-03,335864,0.29087329,115123502,99.70211608,33054.53,0.0265410679719291
2021-01-04,2021-01-04,747193,0.64710275,114716856,99.34995703,32031.07,-0.0309627757526729
2021-01-05,2021-01-05,138232,0.11960199,115434489,99.87698123,33999.52,0.0614543941242049
2021-01-06,2021-01-06,12664,0.01095069,115625247,99.98233743,36823.68,0.083064702089912
2021-01-07,2021-01-07,126380,0.10910598,115696208,99.882481,39498.92,0.0726499904409336
2021-01-08,2021-01-08,243108,0.20949166,115795680,99.78375502,40637.23,0.0288187626395861
2021-01-09,2021-01-09,594296,0.51155226,115570119,99.4793098,40136.04,-0.0123332717313655
2021-01-10,2021-01-10,1414986,1.21843266,114713627,98.77894876,38221.67,-0.047697032392832
2021-01-11,2021-01-11,1884212,1.62161631,114305289,98.37498161,35408.46,-0.0736024878033848
2021-01-12,2021-01-12,2821020,2.42624028,113444834,97.56911541,34056.9,-0.038170538905109
2021-01-13,2021-01-13,1374480,1.18188235,114915632,98.81319314,37421.07,0.0987808637897165
2021-01-14,2021-01-14,987185,0.84806684,115410867,99.14669451,39163.31,0.0465577280393103
2021-01-15,2021-01-15,2160574,1.85499153,114304876,98.13807643,36755.24,-0.0614879079424083
2021-01-16,2021-01-16,2458858,2.11064659,114032068,97.88340566,36025.66,-0.0198496867385438
2021-01-17,2021-01-17,2731027,2.34514645,113717788,97.65002935,35869.83,-0.0043255279708963
2021-01-18,2021-01-18,1904433,1.63529048,114549528,98.36090473,36686.86,0.0227776379202242
2021-01-19,2021-01-19,2699520,2.31699965,113803741,97.67781965,35891.03,-0.0216925078897458
2021-01-20,2021-01-20,3137895,2.69072161,113473622,97.30278632,35500.0,-0.0108949227703969
2021-01-21,2021-01-21,5420066,4.64239239,111322257,95.34968737,30879.97,-0.1301416901408451
2021-01-22,2021-01-22,4528376,3.87405504,112357074,96.12220554,32986.34,0.0682115299982479
2021-01-23,2021-01-23,5064502,4.33527023,111753082,95.66188525,32086.48,-0.0272797770228524
2021-01-24,2021-01-24,4610733,3.95104848,112075440,96.04015176,32275.63,0.0058950062456213
2021-01-25,2021-01-25,4683312,4.01210435,112035169,95.97839934,32253.68,-0.0006800796762139
2021-01-26,2021-01-26,4248861,3.64148136,112424624,96.35339264,32474.14,0.0068351890388942
2021-01-27,2021-01-27,6030635,5.16267719,110778003,94.83430343,30381.04,-0.0644543627637251
2021-01-28,2021-01-28,3382665,2.89401472,113499087,97.10332796,33399.75,0.0993616413394669
2021-01-29,2021-01-29,3236850,2.76443558,113845724,97.23007544,34269.35,0.0260361230248729
2021-01-30,2021-01-30,3223304,2.75001001,113981442,97.24497168,34289.85,0.0005982021835839
2021-01-31,2021-01-31,4378035,3.73604629,112800502,96.25959986,33126.21,-0.0339354065415858
2021-02-01,2021-02-01,4272094,3.63992519,113086420,96.35230606,33546.09,0.0126751596394516
2021-02-02,2021-02-02,2272961,1.9335365,115275777,98.06148114,35504.06,0.0583665637336572
2021-02-03,2021-02-03,972151,0.82600794,116714461,99.16882352,37652.51,0.0605127976913064
2021-02-04,2021-02-04,1944554,1.64987503,115910560,98.34539905,36976.93,-0.0179424957326882
2021-02-05,2021-02-05,1155227,0.97977428,116745531,99.01453905,38362.65,0.0374752582218156
2021-02-06,2021-02-06,934131,0.79215701,116982318,99.20274897,39249.54,0.0231185801815045
2021-02-07,2021-02-07,1117378,0.94843436,116690825,99.04758135,38849.25,-0.0101985908624662
2021-02-08,2021-02-08,0,0.0,117817514,99.98978609,46451.32,0.195681255107885
2021-02-09,2021-02-09,405218,0.34305037,117711048,99.65208517,46492.54,0.0008873805954277
2021-02-10,2021-02-10,1004453,0.84871652,117342154,99.14871482,44850.0,-0.0353291087129247
2021-02-11,2021-02-11,34640,0.02920586,118563541,99.96390918,48060.21,0.0715765886287624
2021-02-12,2021-02-12,457715,0.38508452,118393406,99.60667223,47361.03,-0.0145480013508055
2021-02-13,2021-02-13,1068428,0.89891627,117780822,99.09427472,47221.62,-0.0029435592933683
2021-02-14,2021-02-14,81976,0.06902633,118675733,99.92864293,48655.21,0.0303587636341149
2021-02-15,2021-02-15,697150,0.58687972,118080243,99.4031421,47981.58,-0.0138449715868043
2021-02-16,2021-02-16,172160,0.14466376,118829580,99.85091549,49197.94,0.0253505616113516
2021-02-17,2021-02-17,124573,0.10449761,119082665,99.89206312,52194.62,0.0609106804065373
2021-02-18,2021-02-18,727828,0.60951096,118679233,99.38652209,51619.7,-0.0110149283585166
2021-02-19,2021-02-19,22590,0.01888826,119563889,99.97139503,56004.1,0.0849365649161075
2021-02-20,2021-02-20,397680,0.33211899,119333118,99.66001565,55917.41,-0.0015479223842539
2021-02-21,2021-02-21,207598,0.17342927,119488439,99.82173622,57487.43,0.0280774806987662
2021-02-22,2021-02-22,1483222,1.23786691,118331869,98.75737098,54121.1,-0.0585576707812472
2021-02-23,2021-02-23,2902701,2.41766738,117153496,97.57745847,48930.0,-0.0959163801179207
2021-02-24,2021-02-24,2620436,2.17971259,117591019,97.81373189,49702.03,0.0157782546494993
2021-02-25,2021-02-25,4727629,3.92955105,115582016,96.07044729,47089.37,-0.0525664645890719
2021-02-26,2021-02-26,5523265,4.58293075,114985876,95.40956416,46313.13,-0.0164843997700543
2021-02-27,2021-02-27,5621518,4.66458547,114883323,95.32711264,46102.63,-0.0045451473480631
2021-02-28,2021-02-28,5779556,4.79873988,114649865,95.19327766,45163.36,-0.0203734580868812
2021-03-01,2021-03-01,2218777,1.84016869,118348748,98.15392044,49592.7,0.0980737482773645
2021-03-02,2021-03-02,3456967,2.86331539,117271735,97.13311226,48450.57,-0.023030204042127
2021-03-03,2021-03-03,2173731,1.79857141,118677260,98.19500539,50373.75,0.0396936506629332
2021-03-04,2021-03-04,3883695,3.20852234,117147726,96.78182655,48385.77,-0.0394646020993076
2021-03-05,2021-03-05,3215466,2.65389213,117937339,97.33984923,48770.57,0.0079527513977766
2021-03-06,2021-03-06,3197593,2.64160493,117844818,97.35430742,48908.21,0.0028221937943313
2021-03-07,2021-03-07,1454048,1.20258623,119454693,98.79630468,50995.27,0.0426729990731618
2021-03-08,2021-03-08,893637,0.73967066,119917269,99.25650451,52429.43,0.0281233926205313
2021-03-09,2021-03-09,684132,0.56558171,120271943,99.43053604,54917.78,0.0474609393998752
2021-03-10,2021-03-10,641799,0.52992823,120463911,99.46607377,55947.98,0.018758952018818
2021-03-11,2021-03-11,28069,0.02314279,121246985,99.96771519,57844.52,0.0338982747902603
2021-03-12,2021-03-12,261527,0.21539521,121148263,99.77843599,57291.03,-0.0095685814317414
2021-03-13,2021-03-13,51218,0.04216769,121405312,99.95278467,61267.41,0.0694066767520151
2021-03-14,2021-03-14,823078,0.67805951,120558773,99.31746721,59037.12,-0.0364025507198688
2021-03-15,2021-03-15,2535709,2.08807008,118895360,97.90628341,55646.61,-0.0574301388685627
2021-03-16,2021-03-16,1971841,1.62179496,119607595,98.37456228,56954.19,0.0234979273670039
2021-03-17,2021-03-17,654179,0.53714583,121126532,99.45689381,58959.0,0.0352003952650366
2021-03-18,2021-03-18,1231293,1.00909246,120780775,98.98453809,57700.01,-0.0213536525382044
2021-03-19,2021-03-19,1450564,1.18720989,120722445,98.80493384,58089.11,0.0067434996978337
2021-03-20,2021-03-20,1861631,1.52400845,120287659,98.47247303,58145.61,0.0009726435815593
2021-03-21,2021-03-21,2166455,1.77894138,119611587,98.21667296,57415.18,-0.0125620833627853
2021-03-22,2021-03-22,4540245,3.7269486,117277672,96.26966285,54129.56,-0.0572256326636962
2021-03-23,2021-03-23,4492470,3.68782437,117322438,96.30883378,54400.0,0.0049961610624582
2021-03-24,2021-03-24,5552841,4.55776994,116276647,95.43983087,52311.54,-0.0383908088235294
2021-03-25,2021-03-25,6090309,4.99359024,115859932,94.99633371,51325.21,-0.0188549218776583
2021-03-26,2021-03-26,3972626,3.25235503,118166302,96.74174384,55030.0,0.0721826564372556
2021-03-27,2021-03-27,3320373,2.72051676,118727017,97.27787815,55828.0,0.014501181173905
2021-03-28,2021-03-28,3451745,2.83401882,118341600,97.16312232,55805.08,-0.0004105466790856
2021-03-29,2021-03-29,1438787,1.18078153,120405480,98.81418607,57677.64,0.0335553680776015
2021-03-30,2021-03-30,961933,0.78839217,121045380,99.20777214,58794.16,0.019357934894701
2021-03-31,2021-03-31,1418688,1.1610505,120768664,98.83675456,58807.24,0.0002224710753584
2021-04-01,2021-04-01,1582048,1.29323906,120742143,98.70020093,58794.01,-0.000224972299329
2021-04-02,2021-04-02,1206852,0.98519929,121285278,99.00979574,59031.36,0.0040369758756035
2021-04-03,2021-04-03,4025036,3.28338628,118557385,96.71210185,57134.65,-0.0321305489150173
2021-04-04,2021-04-04,2566842,2.09675223,119844362,97.89614354,58234.61,0.0192520650778467
2021-04-05,2021-04-05,1319256,1.07838075,121006482,98.91261541,59243.39,0.0173226883463286
2021-04-06,2021-04-06,3266798,2.66602574,119260740,97.32839379,58059.99,-0.0199752242402063
2021-04-07,2021-04-07,5712668,4.65720324,116942253,95.33616151,56018.18,-0.0351672468424468
2021-04-08,2021-04-08,3030623,2.46780952,119765598,97.52406792,58122.26,0.0375606633417937
2021-04-09,2021-04-09,3037003,2.46991258,119917413,97.52559571,58176.03,0.000925118878722
2021-04-10,2021-04-10,638974,0.51972076,122299836,99.47472557,59832.43,0.028472207539772
2021-04-11,2021-04-11,542095,0.44144601,122249690,99.55199453,60090.2,0.004308198747736
2021-04-12,2021-04-12,947065,0.77081692,121906391,99.21970439,59911.18,-0.0029791879541088
2021-04-13,2021-04-13,32755,0.02661785,123016921,99.96781967,63649.71,0.0624012079214597
2021-04-14,2021-04-14,790531,0.64105896,122520884,99.35487751,63019.1,-0.0099075078268228
2021-04-15,2021-04-15,519149,0.4205598,122914595,99.57244989,63232.55,0.0033870683649879
2021-04-16,2021-04-16,1680626,1.35799306,122066519,98.63317923,61424.67,-0.0285909709477161
2021-04-17,2021-04-17,2827417,2.28106611,121110859,97.70821761,60090.14,-0.0217262868485903
2021-04-18,2021-04-18,7502139,6.0432755,116632318,93.95203545,56140.05,-0.0657360758354032
2021-04-19,2021-04-19,8431184,6.77692213,115971700,93.21717804,55634.39,-0.0090071170225178
2021-04-20,2021-04-20,7455432,5.98052152,117194952,94.01023748,56410.56,0.0139512628789495
2021-04-21,2021-04-21,10541651,8.43661526,114396533,91.55297747,53800.0,-0.0462778600318805
2021-04-22,2021-04-22,11293704,9.03476696,113701103,90.95890677,51714.61,-0.0387618959107806
2021-04-23,2021-04-23,11346688,9.06612045,113799300,90.9268115,51122.62,-0.011447248659518
2021-04-24,2021-04-24,11768926,9.40628572,113346555,90.59196073,50092.4,-0.0201519405695561
2021-04-25,2021-04-25,12496214,10.00421609,112409424,89.99271048,49063.94,-0.020531258234782
2021-04-26,2021-04-26,9185556,7.34575954,115854123,92.64943022,53984.33,0.1002852604173247
2021-04-27,2021-04-27,8164619,6.52733421,116911567,93.4668073,55006.25,0.0189299376319016
2021-04-28,2021-04-28,8645413,6.91129958,116436455,93.08140893,54861.77,-0.0026266106124304
2021-04-29,2021-04-29,9994066,7.98204985,115203387,92.01051684,53558.8,-0.0237500539993513
2021-04-30,2021-04-30,4360223,3.48250245,120837394,96.51261431,57684.16,0.0770248773310828
2021-05-01,2021-05-01,4444148,3.5510726,120699484,96.44427457,57836.34,0.0026381592451028
2021-05-02,2021-05-02,6024170,4.83721862,118511684,95.16114654,56630.33,-0.0208521147776639
2021-05-03,2021-05-03,5194395,4.18103372,119039028,95.81600742,57214.83,0.010321324279763
2021-05-04,2021-05-04,10052843,8.10772698,113936479,91.8910068,53263.32,-0.0690644366154719
2021-05-05,2021-05-05,4742702,3.82537991,119229803,96.16865944,57497.77,0.0795003015208213
2021-05-06,2021-05-06,6444487,5.19926366,117502751,94.79851286,56435.35,-0.0184775861742115
2021-05-07,2021-05-07,4753330,3.83637896,119144081,96.16034344,57350.88,0.0162226335089619
2021-05-08,2021-05-08,2915202,2.35567725,120831329,97.63975636,58924.98,0.0274468325507821
2021-05-09,2021-05-09,3276435,2.65570449,120090777,97.33921662,58292.53,-0.0107331389845189
2021-05-10,2021-05-10,7387541,5.99632242,115810273,94.00093166,55869.67,-0.0415638161527729
2021-05-11,2021-05-11,6382680,5.18156613,116794365,94.81561443,56710.43,0.0150485943446596
2021-05-12,2021-05-12,11863185,9.63345162,111281341,90.36556499,49595.76,-0.1254561109834645
2021-05-13,2021-05-13,12241625,9.94177799,110883165,90.05142774,49707.9,0.0022610803826779
2021-05-14,2021-05-14,11798505,9.57284574,111441421,90.41921266,49873.27,0.0033268353722446
2021-05-15,2021-05-15,14214643,11.53150461,109050642,88.46637805,46793.41,-0.0617537209811988
2021-05-16,2021-05-16,14218685,11.54578198,108928316,88.45139952,46429.28,-0.0077816513051731
2021-05-17,2021-05-17,14686525,11.91598604,108554898,88.07656329,43566.18,-0.0616658281153617
2021-05-18,2021-05-18,15030564,12.18005313,108368058,87.81631244,42882.53,-0.0156922181380144
2021-05-19,2021-05-19,15674822,12.68604776,107879768,87.3099477,36689.14,-0.1444268796640496
2021-05-20,2021-05-20,14889284,12.03163177,108852563,87.96084184,40500.3,0.1038770600782685
2021-05-21,2021-05-21,16525996,13.33210484,107422958,86.66189547,37211.02,-0.0812161885220604
2021-05-22,2021-05-22,16152573,13.02786887,107829869,86.97025509,37432.58,0.0059541501415443
2021-05-23,2021-05-23,17261164,13.93438143,106604100,86.05805447,34651.6,-0.0742930356390075
2021-05-24,2021-05-24,14963072,12.08142657,108878844,87.91054126,38779.66,0.1191304297637052
2021-05-25,2021-05-25,15151166,12.23310894,108693882,87.75985292,38326.84,-0.0116767398166979
2021-05-26,2021-05-26,14538381,11.7353544,109341536,88.26028673,39224.2,0.023413357323484
2021-05-27,2021-05-27,15032117,12.13017174,108881954,87.86232846,38527.38,-0.0177650532069487
2021-05-28,2021-05-28,17091623,13.79141915,106834070,86.20558963,35670.99,-0.074139222547705
2021-05-29,2021-05-29,17396982,14.04614219,106454316,85.95010668,34611.94,-0.0296893918559589
2021-05-30,2021-05-30,16567074,13.42022426,106879404,86.57808678,35651.81,0.030043678568725
2021-05-31,2021-05-31,14882598,12.07251972,108388367,87.92286789,37243.38,0.0446420532365678
2021-06-01,2021-06-01,15392458,12.49393412,107798992,87.49957315,36693.41,-0.0147669196512237
2021-06-02,2021-06-02,14294064,11.62087846,108703690,88.37461271,37569.99,0.023889303283614
2021-06-03,2021-06-03,12881376,10.47547987,110077698,89.51813142,39247.4,0.0446476030470064
2021-06-04,2021-06-04,15203216,12.36292246,107768108,87.63466646,36828.03,-0.0616440834297304
2021-06-05,2021-06-05,16514588,13.42522568,106493631,86.5720071,35498.62,-0.0360977766119989
2021-06-06,2021-06-06,16289378,13.24897327,106654967,86.74786767,35801.71,0.0085380783816384
2021-06-07,2021-06-07,17593407,14.31079685,105339586,85.68513281,33550.96,-0.06286710886156
2021-06-08,2021-06-08,17326164,14.09927137,105555591,85.89650442,33372.58,-0.005316688404743
2021-06-09,2021-06-09,13710753,11.1447297,109307262,88.84996242,37368.45,0.1197351238651609
2021-06-10,2021-06-10,14451665,11.73603023,108678202,88.25631259,36669.66,-0.0186999995985917
2021-06-11,2021-06-11,13756962,11.16205038,109487408,88.83530859,37300.42,0.017201141215926
2021-06-12,2021-06-12,16332221,13.2691917,106750249,86.72975454,35537.05,-0.0472748028038289
2021-06-13,2021-06-13,11943794,9.71105021,111043734,90.28548858,38993.65,0.0972674996939813
2021-06-14,2021-06-14,11415186,9.28199518,111561906,90.71399042,40489.1,0.0383511161432694
2021-06-15,2021-06-15,11663192,9.47950499,111363449,90.51298907,40132.86,-0.0087984173518304
2021-06-16,2021-06-16,13341165,10.84031012,109725993,89.15741557,38344.97,-0.0445492795679151
2021-06-17,2021-06-17,13611975,11.0561158,109497557,88.93769417,38060.71,-0.0074132278627419
2021-06-18,2021-06-18,16796815,13.6381765,106358627,86.35790341,35811.41,-0.0590976889290818
2021-06-19,2021-06-19,16797051,13.63496337,106392612,86.36393184,35483.0,-0.0091705408974402
2021-06-20,2021-06-20,16394508,13.32238517,106658891,86.67236779,35588.64,0.002977200349463
2021-06-21,2021-06-21,18672082,15.17448307,104368575,84.81856361,31606.0,-0.1119076199596275
2021-06-22,2021-06-22,18461066,14.99148767,104675666,85.00288963,32496.0,0.0281592102765297
2021-06-23,2021-06-23,17354430,14.08262603,105872772,85.91274128,33649.0,0.0354812900049237
2021-06-24,2021-06-24,16634958,13.49278824,106645268,86.50109112,34644.64,0.0295889922434544
2021-06-25,2021-06-25,19048355,15.45424626,104206798,84.54470309,31568.07,-0.0888036360025678
2021-06-26,2021-06-26,18427460,14.94875945,104835210,85.04462017,32255.56,0.0217780181050029
2021-06-27,2021-06-27,16453748,13.33816067,106890076,86.64998444,34687.71,0.0754025042504298
2021-06-28,2021-06-28,16372341,13.25345318,107154379,86.74175214,34487.22,-0.0057798569003257
2021-06-29,2021-06-29,15011022,12.13888331,108644421,87.85690598,35911.26,0.0412918176646306
2021-06-30,2021-06-30,16179801,13.06912646,107611486,86.92246089,35031.39,-0.0245012288624794
2021-07-01,2021-07-01,17874550,14.42007438,106071586,85.57195343,33489.96,-0.0440013941781928
2021-07-02,2021-07-02,17346601,13.98603114,106676107,86.0096658,33760.94,0.0080913802226101
2021-07-03,2021-07-03,16043946,12.95390211,107807250,87.04370879,34652.94,0.0264210652902436
2021-07-04,2021-07-04,15207223,12.30316389,108389209,87.69057984,35280.16,0.0181000515396385
2021-07-05,2021-07-05,17169154,13.90913881,106262486,86.08575984,33672.72,-0.0455621516455708
2021-07-06,2021-07-06,16611305,13.45986825,106797608,86.53635178,34206.01,0.0158374494249351
2021-07-07,2021-07-07,17390801,14.08828862,106042330,85.904896,33845.64,-0.0105352831271464
2021-07-08,2021-07-08,18469149,14.95239794,105045805,85.04380348,32852.04,-0.0293568093261051
2021-07-09,2021-07-09,16896606,13.68116214,106604296,86.31737393,33805.01,0.0290079398417877
2021-07-10,2021-07-10,17468662,14.14112389,106053258,85.85158158,33497.98,-0.0090823815759852
2021-07-11,2021-07-11,15953774,12.92899659,107439098,87.06903656,34253.81,0.0225634500946025
2021-07-12,2021-07-12,17992924,14.57937928,105419280,85.41956087,33070.87,-0.0345345525067136
2021-07-13,2021-07-13,18612678,15.08878003,104738847,84.90886821,32709.09,-0.0109395368189588
2021-07-14,2021-07-14,18205235,14.75490745,105177151,85.2435648,32803.01,0.0028713730647964
2021-07-15,2021-07-15,19320392,15.66121263,104036141,84.33224984,31866.43,-0.0285516481566783
2021-07-16,2021-07-16,19581954,15.8652015,103843370,84.13338066,31382.95,-0.0151720792068643
2021-07-17,2021-07-17,19417329,15.72329647,104072621,84.27341754,31496.65,0.0036229863668011
2021-07-18,2021-07-18,18903731,15.3115873,104549741,84.68288542,31767.0,0.0085834525259034
2021-07-19,2021-07-19,19689251,15.95401824,103722987,84.04577838,30823.62,-0.0296968552271225
2021-07-20,2021-07-20,19647375,15.92024543,103756167,84.07350312,29775.9,-0.0339908161338609
2021-07-21,2021-07-21,17861624,14.47756523,105509760,85.51990751,32120.0,0.0787247404780375
2021-07-22,2021-07-22,17628759,14.28222073,105801852,85.71706065,32268.11,0.0046111457036115
2021-07-23,2021-07-23,15834631,12.81973423,107673010,87.17218433,33634.46,0.0423436637596685
2021-07-24,2021-07-24,14778136,11.96305014,108751488,88.03542636,34230.0,0.017706245321019
2021-07-25,2021-07-25,13589429,11.00332563,109912483,88.99585415,35370.66,0.0333234005258546
2021-07-26,2021-07-26,11856238,9.6015552,111615936,90.39010273,37218.09,0.0522305775464748
2021-07-27,2021-07-27,10229013,8.28904546,113166800,91.70432671,39442.33,0.059762336003809
2021-07-28,2021-07-28,9943957,8.0555083,113489458,91.9367683,40003.08,0.0142169592922121
2021-07-29,2021-07-29,9916737,8.02955268,113578510,91.96418431,40012.9,0.0002454810979555
2021-07-30,2021-07-30,9205128,7.44671272,114402546,92.54872871,42203.25,0.054741095996541
2021-07-31,2021-07-31,9352824,7.56197323,114327892,92.43672909,41448.11,-0.017892934785828
2021-08-01,2021-08-01,10667597,8.62254617,113045995,91.37430957,39846.78,-0.038634572239844
2021-08-02,2021-08-02,11441787,9.25730276,112146969,90.73569062,39147.48,-0.0175497242186193
2021-08-03,2021-08-03,12190797,9.85996474,111441479,90.13430812,38203.26,-0.0241195601862496
2021-08-04,2021-08-04,10479968,8.47660169,113150365,91.52037245,39731.31,0.0399978954675595
2021-08-05,2021-08-05,9613875,7.77179674,114077449,92.21950009,40882.4,0.0289718612348801
2021-08-06,2021-08-06,9021297,7.29035642,114720865,92.70906334,42825.43,0.0475272978103047
2021-08-07,2021-08-07,8767832,7.08234913,115027191,92.91495617,44601.11,0.0414632147301263
2021-08-08,2021-08-08,9169921,7.40738973,114622853,92.59143494,43787.71,-0.0182372142756088
2021-08-09,2021-08-09,8511619,6.87776017,115237981,93.11732531,46259.7,0.0564539684765428
2021-08-10,2021-08-10,8945524,7.22638693,114833575,92.76503481,45589.99,-0.014477179921184
2021-08-11,2021-08-11,9032549,7.29336218,114806291,92.70072726,45522.12,-0.0014887039896256
2021-08-12,2021-08-12,9667449,7.80301482,114225345,92.19619983,44385.09,-0.0249775274086533
2021-08-13,2021-08-13,7727967,6.23874077,116139914,93.75904643,47792.52,0.0767696990137905
2021-08-14,2021-08-14,8272787,6.67357893,115690027,93.32604919,47083.74,-0.0148303542060556
2021-08-15,2021-08-15,8312474,6.71271343,115516930,93.28535008,47006.02,-0.0016506760083204
2021-08-16,2021-08-16,9427107,7.6164654,114342841,92.38128855,45926.23,-0.0229713130360748
2021-08-17,2021-08-17,10473422,8.47104344,113159034,91.52453639,44704.84,-0.026594606176035
2021-08-18,2021-08-18,10320924,8.34880143,113292302,91.64440445,44714.09,0.0002069127190702
2021-08-19,2021-08-19,8574267,6.9371063,115025111,93.06234839,46772.0,0.0460237477716756
2021-08-20,2021-08-20,6895360,5.5789204,116695928,94.41672269,49332.74,0.0547494227315488
2021-08-21,2021-08-21,7343484,5.9402252,116271992,94.05369665,48848.29,-0.0098200505384455
2021-08-22,2021-08-22,6920250,5.60042799,116645450,94.39896586,49273.28,0.0087002021974567
2021-08-23,2021-08-23,6962463,5.63696998,116545669,94.35805084,49523.91,0.0050865296566415
2021-08-24,2021-08-24,8762346,7.0952618,114730663,92.90252759,47719.36,-0.0364379549191492
2021-08-25,2021-08-25,7682804,6.21612362,115909640,93.78199038,48992.65,0.0266828809103893
2021-08-26,2021-08-26,9229404,7.46023838,114479618,92.53525366,46853.06,-0.0436716527887347
2021-08-27,2021-08-27,7444463,6.01234896,116370472,93.9839295,49083.98,0.04761524647483
2021-08-28,2021-08-28,7899780,6.37596874,115991331,93.61742993,48931.99,-0.0030965296620202
2021-08-29,2021-08-29,7697837,6.21481055,116155689,93.77771989,48795.41,-0.002791221039651
2021-08-30,2021-08-30,10439543,8.42766366,113430012,91.57009936,47024.7,-0.036288454180424
2021-08-31,2021-08-31,10145235,8.18454473,113805168,91.8109327,47150.32,0.002671362071422
2021-09-01,2021-09-01,7791689,6.2833816,116211300,93.71523217,48842.94,0.0358983777840744
2021-09-02,2021-09-02,7326931,5.90815018,116679121,94.08547312,49299.14,0.0093401420962784
2021-09-03,2021-09-03,6687824,5.39347661,117300752,94.59861119,50027.08,0.0147657748187899
2021-09-04,2021-09-04,6921331,5.57761684,117168367,94.42118243,49940.74,-0.001725865271369
2021-09-05,2021-09-05,5700279,4.59349961,118392530,95.40516189,51799.57,0.0372207139902212
2021-09-06,2021-09-06,5462686,4.40569138,118525288,95.59140681,52683.97,0.0170735008031919
2021-09-07,2021-09-07,11367920,9.16583915,112650851,90.82924409,46864.39,-0.1104620627488779
2021-09-08,2021-09-08,11865916,9.55998954,112249272,90.4356534,46062.29,-0.0171153406669755
2021-09-09,2021-09-09,11888538,9.56770158,112360147,90.42561469,46413.88,0.0076329248936601
2021-09-10,2021-09-10,13587477,10.92975143,110719917,89.06297842,44860.83,-0.0334608957492886
2021-09-11,2021-09-11,13198100,10.62193929,111051360,89.3750467,45193.78,0.0074218421727818
2021-09-12,2021-09-12,11776808,9.47472825,112512519,90.51905599,46046.73,0.0188731723701802
2021-09-13,2021-09-13,13168580,10.59710435,111093687,89.40002599,44975.96,-0.0232539856793306
2021-09-14,2021-09-14,10192215,8.20103582,114083981,91.79622037,47087.18,0.0469410769664504
2021-09-15,2021-09-15,9028774,7.26604073,115228577,92.73191839,48106.12,0.021639435617083
2021-09-16,2021-09-16,9544499,7.68575812,114637244,92.31224485,47745.55,-0.007495304131782
2021-09-17,2021-09-17,10460867,8.42386432,113714697,91.57149006,47303.11,-0.0092666227533246
2021-09-18,2021-09-18,9066220,7.2991714,115137401,92.69658413,48285.15,0.0207605800126038
2021-09-19,2021-09-19,10839063,8.72146735,113434240,91.27292838,47256.91,-0.0212951601061609
2021-09-20,2021-09-20,14395526,11.59530963,109750777,88.40206612,43026.6,-0.0895172790603533
2021-09-21,2021-09-21,14871787,11.9733,109330112,88.02185168,40726.1,-0.0534669251114426
2021-09-22,2021-09-22,13775877,11.0850645,110489224,88.90760091,43520.0,0.0686021985900933
2021-09-23,2021-09-23,13210460,10.62333731,111138405,89.37317585,44828.29,0.0300618106617647
2021-09-24,2021-09-24,14287701,11.48523738,110107907,88.51077228,42798.49,-0.0452794429588994
2021-09-25,2021-09-25,14253890,11.44607314,110268105,88.54683143,42651.58,-0.0034325977388454
2021-09-26,2021-09-26,13938082,11.19034593,110614707,88.8082619,43150.0,0.011685850793804
2021-09-27,2021-09-27,14798974,11.87991772,109763305,88.11279971,42122.69,-0.0238078794901506
2021-09-28,2021-09-28,15373015,12.34425075,109154822,87.64933182,41006.32,-0.0265028183147848
2021-09-29,2021-09-29,15088298,12.10997305,109487824,87.87568999,41499.71,0.0120320477428845
2021-09-30,2021-09-30,13044070,10.48095253,111408021,89.51670606,43796.57,0.0553464108544372
2021-10-01,2021-10-01,8437394,6.77397495,116110905,93.21982142,48123.94,0.098806139384888
2021-10-02,2021-10-02,8684428,6.97463221,115826873,93.02280343,47626.61,-0.0103343574944196
2021-10-03,2021-10-03,8301225,6.66433835,116258701,93.33409456,48187.3,0.0117726203901558
2021-10-04,2021-10-04,6865999,5.51472509,117629953,94.47960196,49198.22,0.020978971637755
2021-10-05,2021-10-05,5494010,4.41501035,118936727,95.57807142,51455.12,0.0458736108745398
2021-10-06,2021-10-06,3776872,3.03264276,120761181,96.96529848,55321.6,0.0751427651903249
2021-10-07,2021-10-07,5478584,4.39823862,119078011,95.59650942,53814.99,-0.0272336664160111
2021-10-08,2021-10-08,5559609,4.46134538,119047031,95.53008519,53975.0,0.0029733351246559
2021-10-09,2021-10-09,4259445,3.42213641,120204311,96.57491744,54960.77,0.0182634553033811
2021-10-10,2021-10-10,5130820,4.12219671,119336591,95.87724813,54700.0,-0.0047446569616836
2021-10-11,2021-10-11,2289668,1.84008917,122137707,98.15583392,57500.01,0.0511884826325412
2021-10-12,2021-10-12,3857449,3.0982404,120641598,96.89737261,56011.84,-0.0258812128902239
2021-10-13,2021-10-13,2376504,1.90883423,122119797,98.08796819,57393.65,0.0246699626364712
2021-10-14,2021-10-14,2785110,2.23689334,121718338,97.75949243,57378.19,-0.0002693677784911
2021-10-15,2021-10-15,358889,0.28803108,124232983,99.70481326,61702.33,0.0753620844435838
2021-10-16,2021-10-16,762370,0.61171743,123864008,99.38713836,60925.56,-0.0125889897512785
2021-10-17,2021-10-17,423939,0.34010566,124220366,99.65596411,61571.45,0.0106012977147851
2021-10-18,2021-10-18,422955,0.33920668,124260391,99.65588353,62037.92,0.0075760762496255
2021-10-19,2021-10-19,17904,0.01435927,124666379,99.98428773,64316.7,0.0367320503330865
2021-10-20,2021-10-20,183083,0.14672363,124586498,99.84423973,66064.24,0.0271708592014205
2021-10-21,2021-10-21,1293715,1.03762056,123380026,98.95661111,62260.33,-0.0575789564823572
2021-10-22,2021-10-22,2195669,1.76063013,122509642,98.23619448,60734.27,-0.0245109526403088
2021-10-23,2021-10-23,1636485,1.31189428,123098798,98.68260878,61325.11,0.0097282802608806
2021-10-24,2021-10-24,2191295,1.75518149,122646223,98.23706103,60902.82,-0.0068860863029842
2021-10-25,2021-10-25,737909,0.59137591,124034775,99.40409766,63127.04,0.0365208047837521
2021-10-26,2021-10-26,3031874,2.42859724,121802949,97.56682012,60358.75,-0.0438526818301634
2021-10-27,2021-10-27,4185698,3.3502721,120741151,96.64235452,58449.36,-0.031634021579307
2021-10-28,2021-10-28,2806956,2.24596259,122160170,97.74544789,60622.03,0.0371718355855392
2021-10-29,2021-10-29,1533109,1.22551681,123564616,98.77348159,62308.22,0.0278148059377094
2021-10-30,2021-10-30,1784557,1.42499719,123439561,98.56845578,61895.19,-0.0066288204028296
2021-10-31,2021-10-31,2094897,1.67327103,123100885,98.3251898,61348.61,-0.0088307346661348
2021-11-01,2021-11-01,2710684,2.16525641,122476567,97.8325661,60942.87,-0.0066136787777261
2021-11-02,2021-11-02,730650,0.58378442,124424616,99.41442903,63266.69,0.0381311218195008
2021-11-03,2021-11-03,1108952,0.88585455,124069861,99.10965528,62946.45,-0.0050617473428751
2021-11-04,2021-11-04,2685792,2.14476051,122530907,97.84802772,61431.86,-0.024061563440035
2021-11-05,2021-11-05,3487986,2.78504766,121750555,97.21400775,61006.0,-0.0069322335348466
2021-11-06,2021-11-06,2557450,2.0398911,122809932,97.956514,61511.3,0.0082827918565386
2021-11-07,2021-11-07,521001,0.41552042,124862281,99.58297063,63316.4,0.0293458275146192
2021-11-08,2021-11-08,29999,0.02390848,125436290,99.96971889,67606.96,0.0677638021113014
2021-11-09,2021-11-09,399746,0.31877341,124994023,99.67522028,67009.98,-0.0088301559484409
2021-11-10,2021-11-10,1289908,1.02865534,124100436,98.96564438,64920.13,-0.0311871455565275
2021-11-11,2021-11-11,1404654,1.12019719,123980557,98.87322512,64831.3,-0.0013682967055055
2021-11-12,2021-11-12,1625586,1.29600898,123803845,98.70341859,64156.08,-0.0104150310112554
2021-11-13,2021-11-13,1449426,1.15456132,124078211,98.8362997,64427.0,0.0042228265816739
2021-11-14,2021-11-14,770632,0.6133776,124863450,99.38393928,65568.39,0.0177160196811896
2021-11-15,2021-11-15,2254941,1.79605622,123288725,98.19923489,63654.49,-0.0291893700607869
2021-11-16,2021-11-16,5755284,4.58216434,119838792,95.41163194,60106.03,-0.0557456355396139
2021-11-17,2021-11-17,5910058,4.70872747,119593031,95.28349643,60366.96,0.0043411617769464
2021-11-18,2021-11-18,8719801,6.94267619,116871968,93.05306734,56921.05,-0.0570827154456675
2021-11-19,2021-11-19,7123283,5.6672042,118567349,94.33085536,58069.51,0.0201763670909091
2021-11-20,2021-11-20,5671057,4.50765174,120132846,95.4878486,59716.29,0.0283587720991618
2021-11-21,2021-11-21,7000393,5.56274725,118843058,94.43668299,58661.39,-0.0176651965485464
2021-11-22,2021-11-22,9511129,7.55423261,116387413,92.44092801,56268.31,-0.0407948055782517
2021-11-23,2021-11-23,7873388,6.24446117,118202583,93.74762677,57574.23,0.0232088008330089
2021-11-24,2021-11-24,8484418,6.72633188,117646720,93.26872906,57165.08,-0.0071064780197668
2021-11-25,2021-11-25,6166401,4.88082437,120160989,95.10972173,58988.21,0.0318923720565071
2021-11-26,2021-11-26,12586780,9.95185541,113880892,90.04099308,53755.65,-0.0887051836290675
2021-11-27,2021-11-27,11753312,9.27812968,114924172,90.72177875,54738.77,0.0182886822129393
2021-11-28,2021-11-28,8521024,6.72228563,118234238,93.27568136,57315.73,0.0470774188020668
2021-11-29,2021-11-29,7407107,5.83809921,119462997,94.15779045,57827.98,0.0089373370975123
2021-11-30,2021-11-30,8517468,6.70340717,118539322,93.29267112,56975.0,-0.0147502990766753
2021-12-01,2021-12-01,8894506,7.00074029,118147193,92.99199018,57209.29,0.0041121544537077
2021-12-02,2021-12-02,10263597,8.08763039,116634919,91.90736113,56513.57,-0.0121609619696381
2021-12-03,2021-12-03,13360821,10.51913869,113651801,89.47946068,53612.0,-0.0513428898581349
2021-12-04,2021-12-04,15023451,11.81797947,112092110,88.1756299,49135.66,-0.0834951130343952
2021-12-05,2021-12-05,14511300,11.43878079,112344840,88.55774452,49376.6,0.0049035669816992
2021-12-06,2021-12-06,13327850,10.50607981,113521750,89.48694391,50424.72,0.0212270589712535
2021-12-07,2021-12-07,13408340,10.56526368,113495889,89.43045848,50577.2,0.0030239136677405
2021-12-08,2021-12-08,13547254,10.66701448,113446571,89.32704857,50455.61,-0.0024040476736552
2021-12-09,2021-12-09,16435979,12.96003583,110384022,87.03959041,47539.76,-0.0577904022961965
2021-12-10,2021-12-10,17722893,13.95151127,109307801,86.04740869,47136.35,-0.0084857390950228
2021-12-11,2021-12-11,14190432,11.15715168,112991661,88.83909243,49381.15,0.0476235431890674
2021-12-12,2021-12-12,13489402,10.59122476,113864892,89.40119538,50057.01,0.013686599036272
2021-12-13,2021-12-13,18686470,14.66047984,108772461,85.33749132,46679.93,-0.0674646767755405
2021-12-14,2021-12-14,16122018,12.63829707,111438641,87.35845909,48324.04,0.0352209182832965
2021-12-15,2021-12-15,14922046,11.70140536,112591204,88.29052789,48870.48,0.0113078293950588
2021-12-16,2021-12-16,17483691,13.69035198,110216405,86.30336572,47624.5,-0.0254955547807184
2021-12-17,2021-12-17,19286104,15.10821331,108363006,84.88865398,46125.33,-0.0314789656584321
2021-12-18,2021-12-18,18456697,14.45086267,109256436,85.54346165,46815.99,0.0149735514087379
2021-12-19,2021-12-19,19060289,14.90361002,108828923,85.09544777,46668.63,-0.0031476425041957
2021-12-20,2021-12-20,18215014,14.24126544,109675700,85.7490835,46898.14,0.0049178645269853
2021-12-21,2021-12-21,14106492,11.01636228,113937939,88.97900439,48875.15,0.0421554031780364
2021-12-22,2021-12-22,15183837,11.84927134,112952861,88.14696173,48569.69,-0.0062498017908896
2021-12-23,2021-12-23,12006430,9.35750482,116295279,90.63756953,50817.92,0.0462887451000819
2021-12-24,2021-12-24,12321468,9.60724522,115925117,90.38866361,50808.55,-0.0001843837764314
2021-12-25,2021-12-25,12562695,9.80637623,115544036,90.19309062,50403.64,-0.0079693279969612
2021-12-26,2021-12-26,12146614,9.47523444,116036012,90.51645312,50765.73,0.0071838065663512
2021-12-27,2021-12-27,12673156,9.8871909,115499975,90.10938572,50707.72,-0.0011427000064807
2021-12-28,2021-12-28,17968206,14.02236462,110165184,85.97276647,47522.03,-0.0628245561030944
2021-12-29,2021-12-29,19872980,15.51366,108215117,84.47714093,46436.54,-0.0228418272535916
2021-12-30,2021-12-30,18603580,14.519024,109517033,85.47174415,47095.02,0.0141802123930852
2021-12-31,2021-12-31,20150961,15.74201688,107853472,84.25559341,46210.56,-0.0187803296399491
2022-01-01,2022-01-01,17432636,13.6086979,110662782,86.38833331,47704.35,0.0323257281452551
2022-01-02,2022-01-02,17853652,13.92739281,110329977,86.06692504,47280.0,-0.008895415197985
2022-01-03,2022-01-03,20000009,15.60070649,108193523,84.39473186,46445.81,-0.0176436125211506
2022-01-04,2022-01-04,20832278,16.24457269,107399896,83.74818238,45833.42,-0.0131850429565121
2022-01-05,2022-01-05,21896986,17.0703846,106368542,82.92245888,43421.69,-0.0526194641377404
2022-01-06,2022-01-06,21990771,17.13476986,106345255,82.86210018,43080.01,-0.0078688784337965
2022-01-07,2022-01-07,22815954,17.77573541,105537375,82.2233624,41553.86,-0.0354259434944421
2022-01-08,2022-01-08,22395605,17.43881898,106027150,82.56031825,41688.05,0.0032293028854599
2022-01-09,2022-01-09,22425538,17.44464467,106123009,82.55223054,41851.22,0.0039140712986094
2022-01-10,2022-01-10,22199228,17.27087568,106333820,82.72711943,41801.55,-0.0011868232276143
2022-01-11,2022-01-11,21386712,16.63027622,107213481,83.36904727,42700.68,0.0215094894806531
2022-01-12,2022-01-12,20360849,15.82903517,108259073,84.16332119,43880.72,0.0276351570982007
2022-01-13,2022-01-13,21990568,17.0827635,106736893,82.91559818,42534.32,-0.0306831793097287
2022-01-14,2022-01-14,21140490,16.4171402,107624285,83.57814677,43042.4,0.0119451774472942
2022-01-15,2022-01-15,21141303,16.39959216,107765608,83.59522685,43070.51,0.0006530769659685
2022-01-16,2022-01-16,21274577,16.48938744,107744208,83.50981501,43060.66,-0.0002286947612182
2022-01-17,2022-01-17,22482299,17.43008201,106499731,82.56713628,42176.34,-0.0205366104467513
2022-01-18,2022-01-18,22124502,17.14074077,106942069,82.85231833,42337.58,0.0038229964951914
2022-01-19,2022-01-19,23247991,18.0031973,105878429,81.9920417,41657.89,-0.0160540588290593
2022-01-20,2022-01-20,24112207,18.66024795,105101701,81.33738239,40661.69,-0.0239138372106699
2022-01-21,2022-01-21,26350812,20.38323288,102916311,79.60920273,36425.98,-0.1041695512409838
2022-01-22,2022-01-22,27034734,20.92030564,102186446,79.0750034,35043.73,-0.0379468170794581
2022-01-23,2022-01-23,25709189,19.88130894,103598878,80.11459636,36230.01,0.0338514193551884
2022-01-24,2022-01-24,25450637,19.68046194,103861697,80.31414598,36648.31,0.0115456771886068
2022-01-25,2022-01-25,25174987,19.45305582,104230221,80.54011339,36934.26,0.0078025426001908
2022-01-26,2022-01-26,25476406,19.67114229,104029911,80.32479862,36787.43,-0.0039754417714068
2022-01-27,2022-01-27,24833722,19.16639141,104724868,80.82549246,37131.0,0.009339331396621
2022-01-28,2022-01-28,24305790,18.75374378,105294176,81.24237057,37696.21,0.0152220516549512
2022-01-29,2022-01-29,23815079,18.37076274,105820047,81.62874357,38150.01,0.0120383454994548
2022-01-30,2022-01-30,23892407,18.43956091,105676742,81.55866092,37870.01,-0.0073394476174448
2022-01-31,2022-01-31,23047958,17.80536791,106386709,82.18751936,38439.04,0.0150258740359454
2022-02-01,2022-02-01,22690111,17.54438933,106634199,82.45142138,38680.51,0.0062818946570986
2022-02-02,2022-02-02,25365531,19.61170275,103972414,80.38767562,36892.03,-0.0462372393745584
2022-02-03,2022-02-03,24888897,19.23448846,104502896,80.7613028,37289.86,0.0107836299601837
2022-02-04,2022-02-04,20824813,16.07898758,108685446,83.91681293,41550.0,0.11424392582863
2022-02-05,2022-02-05,21328325,16.46212548,108221454,83.53000789,41374.69,-0.0042192539109505
2022-02-06,2022-02-06,19561389,15.10895144,109906336,84.89016263,42361.35,0.0238469460435835
2022-02-07,2022-02-07,18131481,13.99634056,111403710,85.9965198,43829.99,0.0346693389138921
2022-02-08,2022-02-08,18010090,13.90683345,111491465,86.0902547,44021.57,0.0043709797789139
2022-02-09,2022-02-09,17879604,13.81468171,111543709,86.18428217,44358.08,0.0076442071466329
2022-02-10,2022-02-10,19135792,14.80191251,110130746,85.18830402,43471.29,-0.0199916227212719
2022-02-11,2022-02-11,20597419,15.94776835,108554133,84.04917951,42366.0,-0.025425746509938
2022-02-12,2022-02-12,20731055,16.10855451,107964022,83.89077803,42199.87,-0.0039213048199027
2022-02-13,2022-02-13,20620813,16.01354145,108145096,83.98242969,42041.13,-0.0037616229623457
2022-02-14,2022-02-14,19581071,15.20052172,109225999,84.79067209,42525.14,0.0115127733245989
2022-02-15,2022-02-15,17021730,13.21939528,111739028,86.77862822,44529.6,0.0471358824450665
2022-02-16,2022-02-16,17390394,13.49568578,111461636,86.49897272,43860.7,-0.0150214688656534
2022-02-17,2022-02-17,22761281,17.65486295,106156811,82.34088182,40491.7,-0.0768113595998239
2022-02-18,2022-02-18,23014343,17.84253796,105962326,82.15037134,39966.8,-0.0129631504728128
2022-02-19,2022-02-19,22730109,17.62190077,106254808,82.3758339,40052.6,0.0021467818289178
2022-02-20,2022-02-20,23783334,18.42363538,105305230,81.57414604,38368.1,-0.0420571947888526
2022-02-21,2022-02-21,25793793,19.97514169,103334020,80.0235813,36986.4,-0.0360116867918921
2022-02-22,2022-02-22,23890270,18.49065758,105307940,81.50653209,38212.0,0.0331365042285811
2022-02-23,2022-02-23,25603952,19.80436172,103676833,80.19283516,37227.8,-0.0257563069192923
2022-02-24,2022-02-24,23779872,18.38775014,105539725,81.6084331,38315.1,0.0292066681351033
2022-02-25,2022-02-25,22682542,17.5278377,106720866,82.46809456,39205.4,0.0232362697735357
2022-02-26,2022-02-26,22988033,17.75399469,106483687,82.2389116,39099.3,-0.0027062598519591
2022-02-27,2022-02-27,25275801,19.50322948,104316514,80.4923615,37672.0,-0.036504489850202
2022-02-28,2022-02-28,18173776,14.01828232,111463226,85.97679263,43155.0,0.1455457634317265
2022-03-01,2022-03-01,16377185,12.63963457,113187212,87.35597707,44394.1,0.0287127795156991
2022-03-02,2022-03-02,17208372,13.28777904,112290491,86.70728602,43885.7,-0.0114519722215339
2022-03-03,2022-03-03,19715627,15.22091524,109806776,84.773344,42449.5,-0.0327259221113026
2022-03-04,2022-03-04,23409118,18.06711605,106156307,81.93125082,39127.7,-0.0782529829562186
2022-03-05,2022-03-05,23024759,17.75547393,106651409,82.24391455,39375.1,0.0063228863439457
2022-03-06,2022-03-06,24762890,19.08867444,104961035,80.91006444,38401.1,-0.0247364451137901
2022-03-07,2022-03-07,25503524,19.65515609,104247430,80.34181898,37963.8,-0.011387694623331
2022-03-08,2022-03-08,23862205,18.38948803,105893204,81.60695155,38709.9,0.0196529325304632
2022-03-09,2022-03-09,20116878,15.49199424,109730277,84.50321266,41937.5,0.08337918723634
2022-03-10,2022-03-10,22479032,17.30825463,107391258,82.68840215,39407.2,-0.0603350223546945
2022-03-11,2022-03-11,24174095,18.59960955,105792614,81.39710356,38713.0,-0.0176160701597677
2022-03-12,2022-03-12,23832991,18.32671345,106210190,81.6718186,38792.6,0.0020561568465373
2022-03-13,2022-03-13,26227145,20.15501656,103899007,79.84423033,37743.7,-0.0270386620128582
2022-03-14,2022-03-14,21886982,16.81521256,108272840,83.18327394,39653.8,0.0506071211884369
2022-03-15,2022-03-15,22182799,17.03523653,108032826,82.96359465,39271.0,-0.0096535514881298
2022-03-16,2022-03-16,20616984,15.82650034,109640923,84.16517687,41105.8,0.0467214993252018
2022-03-17,2022-03-17,20769008,15.9339616,109574325,84.06530956,40898.1,-0.0050528149312263
2022-03-18,2022-03-18,19681346,15.09417099,110697822,84.89723482,41751.5,0.020866495020551
2022-03-19,2022-03-19,18808088,14.41686392,111646534,85.57982546,42188.2,0.0104595044489419
2022-03-20,2022-03-20,21008496,16.09320676,109531882,83.90506507,41261.0,-0.0219777094068956
2022-03-21,2022-03-21,21249480,16.27073362,109347983,83.72778551,40982.0,-0.0067618332081141
2022-03-22,2022-03-22,18850016,14.42331985,111822925,85.56267615,42349.8,0.0333756283246304
2022-03-23,2022-03-23,17626178,13.4858117,113073727,86.5128555,42867.9,0.0122338240086139
2022-03-24,2022-03-24,16178320,12.37163904,114584367,87.62321602,43973.4,0.0257885270797029
2022-03-25,2022-03-25,15598067,11.92343305,115216358,88.07338315,44290.6,0.0072134517685691
2022-03-26,2022-03-26,15429409,11.78590159,115483324,88.21304123,44489.2,0.0044840214402153
2022-03-27,2022-03-27,13586592,10.37120051,117410461,89.6241996,46820.8,0.0524082249175081
2022-03-28,2022-03-28,13604066,10.38564387,117377419,89.60850908,47121.9,0.0064309025048696
2022-03-29,2022-03-29,12856555,9.8083236,118212689,90.18499183,47418.5,0.0062943132598642
2022-03-30,2022-03-30,13967026,10.65141864,117155093,89.34385469,47053.2,-0.0077037443192004
2022-03-31,2022-03-31,16285770,12.4104918,114934405,87.58520417,45506.0,-0.0328819293905621
2022-04-01,2022-04-01,15386383,11.71983979,115890496,88.27403079,46266.2,0.016705489386015
2022-04-02,2022-04-02,16013821,12.19630971,115275978,87.79550677,45794.6,-0.0101931863866061
2022-04-03,2022-04-03,15181128,11.55512723,116197386,88.44372952,46392.4,0.0130539408576557
2022-04-04,2022-04-04,14626743,11.12857724,116795375,88.86232238,46580.9,0.0040631655184901
2022-04-05,2022-04-05,16978155,12.90838749,114548066,87.09019456,45477.4,-0.0236899673471315
2022-04-06,2022-04-06,19893316,15.11692757,111698974,84.88003207,43159.7,-0.0509637754137221
2022-04-07,2022-04-07,19663876,14.93750123,111972505,85.05898998,43417.1,0.0059638968760209
2022-04-08,2022-04-08,21812799,16.55437207,109941637,83.43792859,42229.2,-0.027360187575863
2022-04-09,2022-04-09,20824458,15.79280268,111030511,84.20305354,42727.7,0.0118046280772545
2022-04-10,2022-04-10,21815354,16.53571525,110110122,83.46184176,42140.4,-0.0137451816971191
2022-04-11,2022-04-11,25621433,19.41015402,106372812,80.58537023,39505.6,-0.0625243234520792
2022-04-12,2022-04-12,24884940,18.85066295,107115563,81.14142028,40060.7,0.0140511724920011
2022-04-13,2022-04-13,23533948,17.81856086,108536809,82.17787073,41129.8,0.0266870024737462
2022-04-14,2022-04-14,25309633,19.14979257,106847504,80.84303467,39915.9,-0.0295138804467807
2022-04-15,2022-04-15,24084762,18.20545242,108203875,81.79032442,40529.5,0.0153723203034379
2022-04-16,2022-04-16,24562828,18.54816375,107864296,81.45172147,40361.0,-0.0041574655497846
2022-04-17,2022-04-17,26058597,19.66543906,106450575,80.33422889,39649.1,-0.0176383142142166
2022-04-18,2022-04-18,23487047,17.72454301,109013833,82.26748862,40785.6,0.0286639545412128
2022-04-19,2022-04-19,22317415,16.82849988,110287403,83.16247864,41472.9,0.0168515358361776
2022-04-20,2022-04-20,22587984,17.02372372,110085938,82.96767849,41327.7,-0.0035010814290779
2022-04-21,2022-04-21,24709370,18.61719521,108007425,81.37784636,40449.8,-0.0212424112641157
2022-04-22,2022-04-22,26198154,19.72634574,106601111,80.26712002,39674.2,-0.0191743840513427
2022-04-23,2022-04-23,25935314,19.51859575,106937407,80.47976662,39415.1,-0.0065306924903337
2022-04-24,2022-04-24,26803711,20.16218488,106134345,79.83597069,39433.4,0.0004642890668804
2022-04-25,2022-04-25,23964057,18.03179566,108932663,81.96656851,40411.0,0.0247911668788387
2022-04-26,2022-04-26,29472933,22.16490145,103495579,77.83308533,38093.7,-0.0573432976169855
2022-04-27,2022-04-27,26742637,20.09954094,106301696,79.89546022,39209.0,0.0292778070914614
2022-04-28,2022-04-28,25477170,19.14068276,107625246,80.8575164,39732.5,0.0133515264352572
2022-04-29,2022-04-29,28463911,21.37950404,104661975,78.61256725,38572.2,-0.0292027936827534
2022-04-30,2022-04-30,30339528,22.78604055,102803836,77.20925572,37614.5,-0.0248287626840054
2022-05-01,2022-05-01,28844963,21.64280969,104429749,78.35521173,38440.5,0.0219596166372011
2022-05-02,2022-05-02,28663025,21.49825751,104662983,78.5008477,38525.6,0.0022138109545921
2022-05-03,2022-05-03,30502863,22.85643526,102950663,77.14309192,37712.9,-0.0210950640612994
2022-05-04,2022-05-04,24917510,18.66784499,108553700,81.32689198,39684.0,0.0522659355286916
2022-05-05,2022-05-05,31559735,23.65920488,101829363,76.33783244,36534.7,-0.0793594395726238
2022-05-06,2022-05-06,31921483,23.93738669,101430634,76.06113753,35995.3,-0.0147640462354965
2022-05-07,2022-05-07,32611480,24.44392171,100794674,75.55060733,35466.7,-0.0146852505743807
2022-05-08,2022-05-08,33593708,25.17254006,99852955,74.82212176,34032.0,-0.040452029650348
2022-05-09,2022-05-09,35412332,26.53463892,98040909,73.46254744,30056.6,-0.1168135872120357
2022-05-10,2022-05-10,35278745,26.41076594,98293198,73.58534567,31002.1,0.0314573171948922
2022-05-11,2022-05-11,35627860,26.66567093,97979939,73.3330829,29074.7,-0.0621699820334751
2022-05-12,2022-05-12,35200525,26.34305638,98416565,73.65211513,29020.7,-0.0018572848559056
2022-05-13,2022-05-13,35211672,26.36014076,98361611,73.63541019,29274.3,0.0087385900409018
2022-05-14,2022-05-14,34326548,25.70424181,99215663,74.29419915,30079.8,0.0275156024226028
2022-05-15,2022-05-15,33385691,25.02940998,99995523,74.96711514,31324.4,0.0413766048976389
2022-05-16,2022-05-16,33994118,25.54337818,99088150,74.45541281,29866.7,-0.0465356080244154
2022-05-17,2022-05-17,33366281,25.09846,99573955,74.90055385,30437.0,0.0190948447602179
2022-05-18,2022-05-18,34998088,26.31159668,98013031,73.68629226,28700.6,-0.0570489864309886
2022-05-19,2022-05-19,33098740,24.86819206,99989880,75.12574618,30319.9,0.0564204232664127
2022-05-20,2022-05-20,34613193,26.00714186,98470500,73.98728752,29188.9,-0.0373022338464177
2022-05-21,2022-05-21,34224256,25.69985512,98941184,74.29742503,29427.4,0.0081709142859101
2022-05-22,2022-05-22,32813761,24.63791688,100363959,75.3573746,30284.0,0.0291089256951004
2022-05-23,2022-05-23,34966707,26.26012619,98180335,73.73379444,29097.7,-0.0391725003302073
2022-05-24,2022-05-24,33770598,25.34478504,99468061,74.65063617,29643.1,0.0187437495059745
2022-05-25,2022-05-25,34080068,25.57849252,99148506,74.41503106,29536.7,-0.0035893681834895
2022-05-26,2022-05-26,34718609,26.0461309,98571458,73.948962,29194.0,-0.0116025148374734
2022-05-27,2022-05-27,35410799,26.54878965,97961640,73.44547561,28623.2,-0.0195519627320681
2022-05-28,2022-05-28,34576756,25.91298462,98852329,74.08326221,29018.8,0.0138209564269542
2022-05-29,2022-05-29,33635454,25.20951137,99781459,74.78542806,29452.8,0.0149558217431458
2022-05-30,2022-05-30,30946416,23.209658,102380855,76.78513178,31726.5,0.0771980932203391
2022-05-31,2022-05-31,30892328,23.16864553,102436704,76.82553687,31797.8,0.002247332671426
2022-06-01,2022-06-01,33383755,25.0269478,99995457,74.96403812,29796.9,-0.0629257370006729
2022-06-02,2022-06-02,32131513,24.08562063,101269505,75.91111189,30437.1,0.0214854565407809
2022-06-03,2022-06-03,33623811,25.19410638,99831098,74.80280278,29682.8,-0.0247822558653747
2022-06-04,2022-06-04,33295540,24.93548614,100230505,75.06399861,29848.4,0.0055789885051276
2022-06-05,2022-06-05,32969783,24.67976872,100616749,75.31739275,29909.9,0.0020604119483791
2022-06-06,2022-06-06,31240910,23.39321978,102305809,76.60667614,31361.2,0.0485223955947695
2022-06-07,2022-06-07,31408404,23.52739383,102084643,76.46952071,31118.1,-0.0077516166473222
2022-06-08,2022-06-08,32351635,24.23034169,101161478,75.76671712,30192.5,-0.0297447466265613
2022-06-09,2022-06-09,32891562,24.62590763,100670797,75.37221089,30093.3,-0.0032855841682537
2022-06-10,2022-06-10,35247096,26.37241357,98394047,73.61992321,29077.7,-0.0337483758843329
2022-06-11,2022-06-11,35925420,26.87580388,97743195,73.12167651,28416.7,-0.0227321968381267
2022-06-12,2022-06-12,36169798,27.04355176,97571508,72.95258123,26564.7,-0.0651729440786579
2022-06-13,2022-06-13,36597872,27.36021723,97158020,72.63440161,22471.5,-0.1540841793809078
2022-06-14,2022-06-14,36291573,27.15261242,97363422,72.84532036,22122.7,-0.0155218832743697
2022-06-15,2022-06-15,35782320,26.78114181,97826782,73.21808429,22567.5,0.0201060449221839
2022-06-16,2022-06-16,36581654,27.36224001,97102496,72.63044478,20387.4,-0.0966035227650381
2022-06-17,2022-06-17,36647153,27.38287353,97179757,72.61303479,20457.3,0.003428588245681
2022-06-18,2022-06-18,37028168,27.67318024,96775946,72.32597077,18959.7,-0.0732061415729348
2022-06-19,2022-06-19,36041417,26.92310172,97822845,73.07410822,20564.2,0.0846268664588574
2022-06-20,2022-06-20,35781642,26.71441444,98155474,73.28243941,20570.1,0.0002869063712664
2022-06-21,2022-06-21,36063355,26.91892549,97904839,73.07953089,20713.1,0.0069518378617507
2022-06-22,2022-06-22,36602497,27.31164222,97409328,72.68380392,19977.4,-0.0355185848569261
2022-06-23,2022-06-23,35370102,26.37953475,98710680,73.61985592,21096.6,0.0560233063361597
2022-06-24,2022-06-24,35246893,26.2750086,98894486,73.72149,21231.2,0.0063801750045031
2022-06-25,2022-06-25,34920501,26.05197049,99119240,73.94657698,21481.9,0.0118080937488225
2022-06-26,2022-06-26,35963228,26.88424927,97804406,73.11351557,21029.1,-0.0210782100279771
2022-06-27,2022-06-27,36234851,27.12720254,97336549,72.87095728,20730.0,-0.0142231479235914
2022-06-28,2022-06-28,36723664,27.49550701,96831888,72.49935233,20268.6,-0.0222575976845152
2022-06-29,2022-06-29,36945386,27.66220856,96605372,72.33157472,20109.9,-0.0078298451792426
2022-06-30,2022-06-30,37057948,27.73783845,96542052,72.26163311,19923.5,-0.0092690664796941
2022-07-01,2022-07-01,36943232,27.6209546,96798456,72.37227535,19272.0,-0.0327000777975757
2022-07-02,2022-07-02,37335243,27.90220441,96465602,72.09281979,19240.9,-0.0016137401411373
2022-07-03,2022-07-03,36909980,27.56677882,96981178,72.43186487,19305.9,0.0033782203535177
2022-07-04,2022-07-04,35887559,26.7962066,98034621,73.19962772,20226.6,0.0476900843783505
2022-07-05,2022-07-05,36035489,26.89118749,97959635,73.10157248,20170.0,-0.0027982953140912
2022-07-06,2022-07-06,35228265,26.27718519,98830600,73.71892935,20554.1,0.0190431333663856
2022-07-07,2022-07-07,33947699,25.33159685,100060169,74.66437892,21613.4,0.0515371629018055
2022-07-08,2022-07-08,33892372,25.28206363,100154778,74.71060068,21587.9,-0.0011798236279345
2022-07-09,2022-07-09,34359419,25.61635571,99770452,74.38296287,21580.0,-0.0003659457381218
2022-07-10,2022-07-10,35416887,26.39373322,98768133,73.60499393,20853.8,-0.0336515291936978
2022-07-11,2022-07-11,36963139,27.53352015,97277108,72.46087008,19954.3,-0.0431336255262829
2022-07-12,2022-07-12,37441855,27.8931579,96786255,72.10311277,19322.9,-0.0316423026615816
2022-07-13,2022-07-13,36229815,26.96794584,98107092,73.02678039,20220.1,0.0464319537957551
2022-07-14,2022-07-14,35214157,26.20959663,99131772,73.78293217,20578.6,0.0177298826415299
2022-07-15,2022-07-15,34882787,25.96629884,99451553,74.03045935,20823.1,0.0118812747222842
2022-07-16,2022-07-16,34227910,25.46919003,100156407,74.52697411,21183.5,0.0173077015429981
2022-07-17,2022-07-17,35239018,26.21782728,99165016,73.77876595,20794.4,-0.0183680694880449
2022-07-18,2022-07-18,33234052,24.71843369,101209881,75.27669909,22423.9,0.0783624437348518
2022-07-19,2022-07-19,32815908,24.41463632,101587352,75.57975401,23385.9,0.0429006551045982
2022-07-20,2022-07-20,33156651,24.66439166,101269523,75.33182946,23221.5,-0.0070298769771529
2022-07-21,2022-07-21,33002141,24.54745299,101432343,75.44679212,23144.5,-0.0033158925995305
2022-07-22,2022-07-22,33621276,24.98460295,100936407,75.00774367,22675.1,-0.0202812763291495
2022-07-23,2022-07-23,33737031,25.05983767,100886229,74.93820431,22440.2,-0.0103593809950121
2022-07-24,2022-07-24,33725245,25.04292798,100936614,74.95122289,22570.6,0.0058109999019615
2022-07-25,2022-07-25,34724990,25.78745459,99925596,74.20669579,21300.0,-0.0562944715692094
2022-07-26,2022-07-26,34900769,25.92203694,99728900,74.07218533,21241.0,-0.0027699530516431
2022-07-27,2022-07-27,32824410,24.37217974,101845975,75.62080807,22941.1,0.0800386045854715
2022-07-28,2022-07-28,32204060,23.9131393,102463008,76.08395287,23836.2,0.039017309544878
2022-07-29,2022-07-29,32401406,24.04606034,102345245,75.95349216,23771.1,-0.0027311400307097
2022-07-30,2022-07-30,32823557,24.34275365,102013401,75.65563628,23629.9,-0.0059399859493248
2022-07-31,2022-07-31,33228438,24.6333011,101663640,75.36649948,23290.1,-0.0143800862466622
2022-08-01,2022-08-01,32977020,24.44889505,101898719,75.54688346,23257.6,-0.001395442698829
2022-08-02,2022-08-02,33429865,24.78002616,101470937,75.21575314,22975.1,-0.0121465671436433
2022-08-03,2022-08-03,33977816,25.18363649,100937068,74.81241376,22801.5,-0.007556006285065
2022-08-04,2022-08-04,34299738,25.40908457,100685265,74.58717071,22608.9,-0.00844681270969
2022-08-05,2022-08-05,32969176,24.4051812,102108749,75.58522304,23298.1,0.0304835706292654
2022-08-06,2022-08-06,33972806,25.14554046,101128090,74.8516469,22943.3,-0.0152287096372665
2022-08-07,2022-08-07,33480229,24.77245751,101668522,75.22586363,23167.8,0.0097849916969223
2022-08-08,2022-08-08,32176229,23.80005431,103010402,76.19454604,23804.4,0.0274777924533189
2022-08-09,2022-08-09,33452052,24.74890429,101707054,75.24615067,23140.2,-0.0279024045974694
2022-08-10,2022-08-10,31779663,23.52260748,103309654,76.46753335,23940.9,0.034602120984261
2022-08-11,2022-08-11,32113689,23.75982996,103037445,76.23391299,23917.2,-0.0009899377216395
2022-08-12,2022-08-12,31390151,23.21489485,103822654,76.78306471,24387.5,0.0196636730052013
2022-08-13,2022-08-13,31692418,23.42373575,103596999,76.56811572,24429.0,0.0017016914402869
2022-08-14,2022-08-14,31856088,23.55023238,103404262,76.44361099,24294.1,-0.0055221253428302
2022-08-15,2022-08-15,31994966,23.65478769,103252859,76.33777319,24085.2,-0.0085987955923453
2022-08-16,2022-08-16,32684443,24.17375654,102517192,75.82278948,23843.0,-0.0100559679803364
2022-08-17,2022-08-17,33742106,24.95097613,101486144,75.04505962,23333.1,-0.0213857316612843
2022-08-18,2022-08-18,33982504,25.13898586,101186623,74.85408035,23185.1,-0.0063429205720628
2022-08-19,2022-08-19,37254091,27.54577226,97986977,72.4518269,20824.9,-0.101798137596991
2022-08-20,2022-08-20,36701511,27.12699519,98584379,72.8661546,21127.8,0.0145450878515622
2022-08-21,2022-08-21,35591206,26.29895865,99738388,73.69842263,21505.6,0.0178816535559782
2022-08-22,2022-08-22,35841886,26.47972541,99509297,73.51674686,21387.0,-0.0055148426456363
2022-08-23,2022-08-23,35313866,26.09470411,100010278,73.90124356,21518.2,0.006134567728059
2022-08-24,2022-08-24,35994372,26.59102072,99359344,73.40220785,21354.9,-0.0075889247241869
2022-08-25,2022-08-25,35256125,26.04142276,100126541,73.95700985,21548.3,0.0090564694753896
2022-08-26,2022-08-26,38596580,28.49525596,96851510,71.50396662,20228.7,-0.0612391696792785
2022-08-27,2022-08-27,38528711,28.43854702,96944709,71.55616145,20023.9,-0.0101242294363947
2022-08-28,2022-08-28,39118364,28.87101563,96374861,71.1287445,19547.5,-0.0237915690749555
2022-08-29,2022-08-29,37682097,27.82050911,97753149,72.17067491,20275.5,0.0372426141450312
2022-08-30,2022-08-30,38809656,28.65731499,96614260,71.34062929,19803.1,-0.023299055510345
2022-08-31,2022-08-31,38231044,28.23315813,97177828,71.76463674,20041.5,0.012038519221738
2022-09-01,2022-09-01,37743694,27.86173711,97722091,72.13674445,20122.5,0.0040416136516727
2022-09-02,2022-09-02,38442316,28.35393136,97131900,71.64165723,19941.0,-0.0090197540067089
2022-09-03,2022-09-03,38604802,28.47894989,96945465,71.51714027,19820.7,-0.0060327967504136
2022-09-04,2022-09-04,37848517,27.92231558,97697297,72.07507651,19992.7,0.0086777964451305
2022-09-05,2022-09-05,38315668,28.2817032,97161096,71.71690912,19784.9,-0.0103937937347131
2022-09-06,2022-09-06,40171988,29.64686392,95323898,70.34888669,18781.5,-0.0507154446067456
2022-09-07,2022-09-07,39112279,28.86743545,96370794,71.12798707,19287.0,0.0269147831642839
2022-09-08,2022-09-08,38929120,28.72041682,96612245,71.27682174,19309.3,0.0011562192150151
2022-09-09,2022-09-09,34324811,25.31500241,101253901,74.67609212,21352.0,0.1057884024796342
2022-09-10,2022-09-10,33621604,24.79072048,101992993,75.20402003,21639.5,0.0134647808167853
2022-09-11,2022-09-11,33411701,24.63598626,102199781,75.35660636,21820.3,0.0083550913838119
2022-09-12,2022-09-12,33073280,24.39875177,102473040,75.59619929,22386.0,0.0259253997424417
2022-09-13,2022-09-13,37431437,27.6110978,98124410,72.38094228,20162.5,-0.0993254712766907
2022-09-14,2022-09-14,37099580,27.36168372,98484136,72.63402391,20217.0,0.0027030378177308
2022-09-15,2022-09-15,38863540,28.65207827,96765473,71.34017915,19690.8,-0.0260276005342039
2022-09-16,2022-09-16,38373424,28.25841692,97409744,71.73311294,19792.5,0.0051648485587179
2022-09-17,2022-09-17,37061817,27.29328903,98727467,72.70548262,20102.0,0.0156372363268915
2022-09-18,2022-09-18,39431265,29.03216309,96382186,70.96357021,19404.5,-0.0346980399960202
2022-09-19,2022-09-19,38926710,28.65518627,96911719,71.3397911,19528.6,0.0063954237419154
2022-09-20,2022-09-20,40332099,29.69875717,95462766,70.29451917,18866.8,-0.033888758026689
2022-09-21,2022-09-21,40672364,29.9473891,95132055,70.04649807,18447.5,-0.0222242245637839
2022-09-22,2022-09-22,38508175,28.34204563,97350711,71.65019618,19392.5,0.0512264534489768
2022-09-23,2022-09-23,38810407,28.5596742,97079388,71.43845961,19280.7,-0.005765115379657
2022-09-24,2022-09-24,40159765,29.54144219,95774544,70.45156153,18911.0,-0.0191746150295373
2022-09-25,2022-09-25,40608374,29.85566184,95402859,70.14108707,18799.7,-0.0058854634868594
2022-09-26,2022-09-26,38847508,28.57354165,97103669,71.42274686,19216.3,0.0221599280839586
2022-09-27,2022-09-27,39336504,28.94076097,96582452,71.05790737,19070.1,-0.007608124352763
2022-09-28,2022-09-28,38116747,28.03720746,97828346,71.95875431,19407.3,0.0176821306652823
2022-09-29,2022-09-29,37684788,27.71061019,98306453,72.2873059,19582.5,0.0090275308775564
2022-09-30,2022-09-30,38119967,28.02145846,97915681,71.97645757,19411.7,-0.0087220732797139
2022-10-01,2022-10-01,38660673,28.41501212,97393196,71.58253156,19304.0,-0.0055482003121829
2022-10-02,2022-10-02,39943364,29.35834293,96109961,70.64075008,19049.4,-0.0131889763779526
2022-10-03,2022-10-03,37285681,27.41916891,98691057,72.57549517,19622.0,0.0300586895125305
2022-10-04,2022-10-04,35105005,25.81851218,100854063,74.17466124,20333.0,0.0362348384466415
2022-10-05,2022-10-05,35759826,26.29457689,100226180,73.69736632,20150.0,-0.0090001475434023
2022-10-06,2022-10-06,36741530,27.01102947,99278525,72.98594165,19954.0,-0.0097270471464019
2022-10-07,2022-10-07,37936976,27.90333145,98016706,72.09305863,19520.9,-0.0217049213190336
2022-10-08,2022-10-08,38499742,28.29927093,97541155,71.6977161,19406.2,-0.0058757536793898
2022-10-09,2022-10-09,38685955,28.42486415,97412376,71.57464651,19430.0,0.0012264121775513
2022-10-10,2022-10-10,39867644,29.29935301,96201923,70.70029276,19124.0,-0.0157488419969119
2022-10-11,2022-10-11,40107797,29.47568814,95960855,70.52275237,19055.0,-0.003608031792512
2022-10-12,2022-10-12,39311007,28.87801536,96808595,71.11596235,19148.0,0.004880608764104
2022-10-13,2022-10-13,38106423,28.00125812,97979551,71.99706723,19365.5,0.0113588886567788
2022-10-14,2022-10-14,39245019,28.85505202,96756561,71.14063572,19164.6,-0.0103741189228268
2022-10-15,2022-10-15,40268747,29.60424473,95754646,70.39563397,19060.4,-0.0054371080012104
2022-10-16,2022-10-16,38671080,28.4163971,97414433,71.58236105,19251.9,0.0100470084573252
2022-10-17,2022-10-17,37050807,27.22916737,99007993,72.76238847,19540.6,0.0149959224803783
2022-10-18,2022-10-18,38239838,28.12019378,97736795,71.87210402,19320.9,-0.0112432576277082
2022-10-19,2022-10-19,39963228,29.43273841,95807222,70.56158984,19116.7,-0.010568865839583
2022-10-20,2022-10-20,40566885,29.87818134,95200594,70.11681108,19034.7,-0.0042894432616508
2022-10-21,2022-10-21,39136463,28.81588516,96675476,71.18143032,19150.9,0.0061046404724003
2022-10-22,2022-10-22,39124578,28.81198725,96660429,71.18234087,19195.1,0.0023079855254843
2022-10-23,2022-10-23,36557346,26.89433076,99372134,73.10560892,19560.7,0.0190465274992055
2022-10-24,2022-10-24,37743063,27.77195907,98151429,72.22141638,19318.1,-0.0124024191363295
2022-10-25,2022-10-25,34902974,25.66623369,101078253,74.32885411,20068.3,0.0388340468265513
2022-10-26,2022-10-26,33353423,24.5543421,102480336,75.44464712,20758.3,0.0343825834774245
2022-10-27,2022-10-27,34580220,25.45318433,101268204,74.53967219,20285.5,-0.0227764315960362
2022-10-28,2022-10-28,33852462,24.91184827,102030423,75.08365026,20582.8,0.0146557886174853
2022-10-29,2022-10-29,33349902,24.52398547,102637667,75.47502401,20796.7,0.0103921721048643
2022-10-30,2022-10-30,34115820,25.07925615,101912520,74.91803493,20615.6,-0.0087081123447471
2022-10-31,2022-10-31,34369518,25.27485949,101612374,74.72430878,20482.0,-0.0064805293079026
2022-11-01,2022-11-01,34372415,25.28058522,101584856,74.71469808,20472.1,-0.000483351235231
2022-11-02,2022-11-02,35812127,26.3236014,100225892,73.67075491,20140.1,-0.0162171931555629
2022-11-03,2022-11-03,35690838,26.23099581,100362696,73.76160398,20199.7,0.0029592703114682
2022-11-04,2022-11-04,32450299,23.83268668,103702159,76.1626592,21137.6,0.0464313826442965
2022-11-05,2022-11-05,32358971,23.76894438,103769118,76.22252247,21289.9,0.0072051699341459
2022-11-06,2022-11-06,33355496,24.49465804,102816467,75.5034253,20900.0,-0.0183138483506264
2022-11-07,2022-11-07,34461168,25.30558784,101711565,74.68902223,20578.6,-0.015377990430622
2022-11-08,2022-11-08,41843034,30.73047212,94313299,69.26582345,18534.0,-0.0993556412972699
2022-11-09,2022-11-09,43199135,31.71369335,93010893,68.28189821,15905.0,-0.1418474155605913
2022-11-10,2022-11-10,42142495,30.92241783,94129083,69.06802349,17588.0,0.1058157812008802
2022-11-11,2022-11-11,42365805,31.05182938,94064452,68.94412403,17058.3,-0.0301171253127132
2022-11-12,2022-11-12,42584873,31.20825458,93864619,68.78853262,16806.9,-0.014737693674047
2022-11-13,2022-11-13,43321369,31.72267006,93227827,68.26736237,16321.2,-0.0288988451171841
2022-11-14,2022-11-14,42606899,31.18004534,94031148,68.81269294,16605.2,0.0174006813224518
2022-11-15,2022-11-15,41917979,30.70805711,94582394,69.28868294,16888.3,0.0170488762556306
2022-11-16,2022-11-16,42092083,30.87043279,94250958,69.12387454,16650.6,-0.014074832872462
2022-11-17,2022-11-17,41587703,30.5201405,94663433,69.47104714,16682.1,0.0018918237180642
2022-11-18,2022-11-18,41584816,30.5229218,94650744,69.47288784,16689.7,0.0004555781346473
2022-11-19,2022-11-19,41022211,30.17198657,94925093,69.81775389,16692.9,0.0001917350221993
2022-11-20,2022-11-20,42391576,31.24347419,93289228,68.7561035,16272.6,-0.0251783692468056
2022-11-21,2022-11-21,42705928,31.48433999,92933146,68.51364441,15773.0,-0.0307019161043717
2022-11-22,2022-11-22,41852930,30.85838584,93764804,69.13328409,16220.6,0.0283776073036201
2022-11-23,2022-11-23,40389369,29.80591486,95116371,70.19249188,16595.8,0.0231310802313107
2022-11-24,2022-11-24,40220115,29.72178735,95096988,70.27459904,16592.4,-0.0002048711119679
2022-11-25,2022-11-25,40928369,30.25436896,94343964,69.73933156,16516.1,-0.0045984908753406
2022-11-26,2022-11-26,41305229,30.54246255,93928657,69.45397855,16449.2,-0.0040505930576829
2022-11-27,2022-11-27,41468431,30.67338951,93716440,69.32022261,16422.6,-0.0016170999197531
2022-11-28,2022-11-28,41569133,30.76315811,93548410,69.23032355,16204.5,-0.0132804793394467
2022-11-29,2022-11-29,41078861,30.4002203,94041974,69.5953261,16433.2,0.0141133635718473
2022-11-30,2022-11-30,38147807,28.22380263,96999930,71.76577357,17153.3,0.0438198281527637
2022-12-01,2022-12-01,38538017,28.51717117,96591240,71.47510793,16970.5,-0.0106568415406947
2022-12-02,2022-12-02,38258415,28.2940177,96953377,71.70188741,17083.0,0.0066291505848383
2022-12-03,2022-12-03,39183973,28.97604028,96036220,71.01754023,16879.5,-0.0119124275595621
2022-12-04,2022-12-04,37931357,28.05430628,97268487,71.94047727,17099.5,0.0130335614206582
2022-12-05,2022-12-05,38774305,28.68561007,96394889,71.31388168,16958.3,-0.0082575513903915
2022-12-06,2022-12-06,38057754,28.15694096,97089809,71.83166983,17078.6,0.0070938714375849
2022-12-07,2022-12-07,39782539,29.43591845,95361152,70.5596768,16828.0,-0.0146733338798261
2022-12-08,2022-12-08,37669864,27.86657695,97504736,72.12989218,17216.0,0.0230568100784407
2022-12-09,2022-12-09,38088140,28.17740669,97073137,71.81419886,17122.0,-0.0054600371747212
2022-12-10,2022-12-10,38432074,28.4845569,96486383,71.5124525,17120.0,-0.0001168087840205
2022-12-11,2022-12-11,38630991,28.62185757,96337526,71.37686289,17077.3,-0.0024941588785046
2022-12-12,2022-12-12,37631281,27.88025516,97340804,72.11783337,17200.0,0.0071849765478149
2022-12-13,2022-12-13,37154490,27.51904097,97854935,72.47775343,17777.1,0.0335523255813952
2022-12-14,2022-12-14,37347565,27.66084394,97663317,72.33268811,17803.9,0.0015075574756289
2022-12-15,2022-12-15,38008030,28.13330745,97088636,71.86440461,17351.8,-0.0253933127011498
2022-12-16,2022-12-16,41175381,30.44239364,94073781,69.55202364,16624.1,-0.0419380121947002
2022-12-17,2022-12-17,40349313,29.83077015,94910301,70.16841586,16768.0,0.0086561076990634
2022-12-18,2022-12-18,40522007,29.95275305,94763087,70.04626754,16730.3,-0.0022483301526717
2022-12-19,2022-12-19,42288940,31.27722704,92910015,68.71696556,16429.2,-0.0179972863606748
2022-12-20,2022-12-20,39213336,29.00189109,95986364,70.99079952,16887.2,0.0278771942638715
2022-12-21,2022-12-21,39928260,29.52848803,95285001,70.46693274,16819.6,-0.0040030318821356
2022-12-22,2022-12-22,39697878,29.34535565,95569717,70.64678204,16815.5,-0.0002437632286141
2022-12-23,2022-12-23,40454291,29.87784184,94936988,70.1164757,16776.4,-0.0023252356456839
2022-12-24,2022-12-24,39699297,29.29527449,95805400,70.69761187,16828.9,0.0031293960563649
2022-12-25,2022-12-25,39501614,29.15146806,95990599,70.83930496,16824.4,-0.0002673971560827
2022-12-26,2022-12-26,38592458,28.48066902,96909862,71.51805943,16912.9,0.0052602173034401
2022-12-27,2022-12-27,41146086,30.35985585,94376337,69.63607636,16698.2,-0.0126944521637331
2022-12-28,2022-12-28,42131923,31.08145521,93419402,68.91712394,16539.0,-0.0095339617443797
2022-12-29,2022-12-29,41109927,30.32589209,94441213,69.66721284,16630.3,0.0055202853860572
2022-12-30,2022-12-30,41304939,30.49192649,94152435,69.50474195,16601.2,-0.0017498181031009
2022-12-31,2022-12-31,42193950,31.14484271,93276463,68.85064728,16537.6,-0.0038310483579501
2023-01-01,2023-01-01,41013016,30.26969831,94474808,69.72722845,16610.3,0.0043960429566562
2023-01-02,2023-01-02,40361087,29.79850331,95076939,70.1950986,16666.0,0.0033533409992594
2023-01-03,2023-01-03,40411774,29.84823346,94976497,70.14986908,16667.2,7.20028801153294e-05
2023-01-04,2023-01-04,38158276,28.18511321,97217963,71.80878122,16842.1,0.0104936642027453
2023-01-05,2023-01-05,38415494,28.37241202,96969963,71.61880421,16823.8,-0.0010865628395508
2023-01-06,2023-01-06,37361148,27.60184824,97995893,72.39787619,16943.8,0.007132752410276
2023-01-07,2023-01-07,37329100,27.56182302,98099633,72.43155401,16936.5,-0.000430836058027
2023-01-08,2023-01-08,36762528,27.13082816,98735747,72.86720285,17124.7,0.011112095179051
2023-01-09,2023-01-09,36544399,26.98615835,98871871,73.0117895,17169.7,0.0026277832604366
2023-01-10,2023-01-10,35746790,26.45577461,99365263,73.53905069,17428.8,0.0150905374001875
2023-01-11,2023-01-11,35153685,26.03442999,99866447,73.95998522,17935.7,0.0290840447994125
2023-01-12,2023-01-12,34379228,25.47340436,100574847,74.52127041,18838.0,0.0503074873018616
2023-01-13,2023-01-13,31189053,23.11273491,103750730,76.88476848,19924.2,0.0576600488374563
2023-01-14,2023-01-14,28660563,21.23504068,106306433,78.76402948,20962.8,0.0521275634655342
2023-01-15,2023-01-15,29069434,21.52212559,105990010,78.47178265,20882.7,-0.0038210544392923
2023-01-16,2023-01-16,28487012,21.09581466,106538838,78.89643113,21188.3,0.0146341229821813
2023-01-17,2023-01-17,28653042,21.22642398,106329809,78.77005199,21130.9,-0.0027090422544516
2023-01-18,2023-01-18,30308064,22.45292103,104672372,77.54373564,20680.0,-0.0213384190924191
2023-01-19,2023-01-19,28984355,21.46873026,106021439,78.53014758,21068.3,0.0187765957446808
2023-01-20,2023-01-20,26826586,19.85279635,108290525,80.13952053,22661.1,0.0756017334099097
2023-01-21,2023-01-21,27038289,19.99598931,108169165,79.99579658,22781.9,0.0053307209270512
2023-01-22,2023-01-22,27246474,20.15343535,107945840,79.8444418,22704.6,-0.0033930444782921
2023-01-23,2023-01-23,26764830,19.79728004,108425059,80.19932337,22913.1,0.0091831611215349
2023-01-24,2023-01-24,27796016,20.55354793,107437642,79.44392909,22627.4,-0.0124688496973346
2023-01-25,2023-01-25,26421919,19.52862838,108875202,80.47043665,23060.6,0.0191449304825122
2023-01-26,2023-01-26,26783730,19.78834079,108554447,80.20213731,23001.9,-0.002545467160438
2023-01-27,2023-01-27,26683621,19.6992328,108765505,80.29633622,23068.0,0.0028736756528808
2023-01-28,2023-01-28,27106486,20.00195057,108410033,79.99606152,23015.9,-0.0022585399687878
2023-01-29,2023-01-29,25592852,18.87917455,109965812,81.11889053,23740.3,0.0314738941340551
2023-01-30,2023-01-30,28180469,20.78926894,107365115,79.20529112,22819.9,-0.0387695184980811
2023-01-31,2023-01-31,26708402,19.68766739,108944889,80.30696627,23119.4,0.0131245097480707
2023-02-01,2023-02-01,25667498,18.92221154,109966885,81.06815319,23730.0,0.0264107200013841
2023-02-02,2023-02-02,26330026,19.39887563,109390152,80.59414579,23493.1,-0.0099831436999578
2023-02-03,2023-02-03,26515982,19.51940693,109322661,80.47650309,23424.7,-0.0029114931618219
2023-02-04,2023-02-04,27026257,19.89244272,108825012,80.09970887,23322.6,-0.0043586470691194
2023-02-05,2023-02-05,28512069,20.97566165,107412586,79.02092481,22929.2,-0.0168677591692177
2023-02-06,2023-02-06,29512598,21.70054789,106482900,78.29664033,22757.7,-0.0074795457320796
2023-02-07,2023-02-07,26806631,19.6901765,109331632,80.30696326,23234.1,0.0209335741309533
2023-02-08,2023-02-08,28744996,21.09545464,107507033,78.89754926,22955.9,-0.0119737799183096
2023-02-09,2023-02-09,30658713,22.47770171,105734428,77.52011421,21793.4,-0.0506405760610562
2023-02-10,2023-02-10,30833565,22.57976048,105716131,77.41709131,21618.6,-0.0080207769324659
2023-02-11,2023-02-11,30263945,22.14275437,106411917,77.85676786,21851.3,0.0107638792521256
2023-02-12,2023-02-12,30684047,22.43430626,106085644,77.56336141,21771.1,-0.0036702621811974
2023-02-13,2023-02-13,30277932,22.129555,106536020,77.86511688,21766.2,-0.0002250690135086
2023-02-14,2023-02-14,29539388,21.56676067,107417581,78.42577039,22187.4,0.0193511040052927
2023-02-15,2023-02-15,24820342,18.11016733,112230475,81.88898774,24332.6,0.0966855061881968
2023-02-16,2023-02-16,26161008,19.09115992,110865551,80.90483226,23526.6,-0.0331242859373843
2023-02-17,2023-02-17,25066410,18.29625286,111932192,81.70055816,24581.5,0.0448386082136815
2023-02-18,2023-02-18,24982813,18.26201774,111817151,81.736464,24636.9,0.0022537273966194
2023-02-19,2023-02-19,25776468,18.86371428,110861814,81.1308044,24265.9,-0.0150587127438922
2023-02-20,2023-02-20,24913528,18.23632016,111692008,81.75683578,24849.9,0.024066694414796
2023-02-21,2023-02-21,25848485,18.94752005,110567671,81.04858614,24443.4,-0.016358214721186
2023-02-22,2023-02-22,25931842,19.01076167,110469164,80.98549069,24171.3,-0.0111318392694961
2023-02-23,2023-02-23,26512083,19.46612541,109682990,80.53319836,23928.8,-0.0100325592748424
2023-02-24,2023-02-24,28140502,20.65131713,108119804,79.34529242,23175.6,-0.0314767142522818
2023-02-25,2023-02-25,28120711,20.6113547,108307287,79.3849028,23146.2,-0.0012685755708589
2023-02-26,2023-02-26,27057200,19.83681919,109336576,80.15943591,23545.3,0.0172425711347865
2023-02-27,2023-02-27,27050463,19.83258782,109332870,80.15957973,23480.0,-0.0027733772769936
2023-02-28,2023-02-28,28817810,21.10491019,107725216,78.89326111,23129.6,-0.0149233390119251
2023-03-01,2023-03-01,26864730,19.64864563,109851118,80.34421672,23619.8,0.0211936220254564
2023-03-02,2023-03-02,27413859,20.02004922,109514709,79.97742544,23457.1,-0.0068882886391925
2023-03-03,2023-03-03,31335861,22.86566586,105706522,77.13367158,22342.8,-0.0475037408716336
2023-03-04,2023-03-04,31481021,22.94942662,105690901,77.04786882,22335.7,-0.0003177757487869
2023-03-05,2023-03-05,30993741,22.61474305,106046588,77.37744015,22419.4,0.0037473640852985
2023-03-06,2023-03-06,31176001,22.72777863,105986234,77.26557567,22397.1,-0.0009946742553326
2023-03-07,2023-03-07,31902500,23.24416601,105341608,76.75191048,22187.1,-0.0093762138848333
2023-03-08,2023-03-08,32843452,23.91068153,104508634,76.08434901,21695.4,-0.0221615262923048
2023-03-09,2023-03-09,35988350,26.16663252,101538869,73.82751007,20348.3,-0.0620915032679739
2023-03-10,2023-03-10,36367759,26.4074608,101347874,73.59100708,20140.3,-0.0102219841460957
2023-03-11,2023-03-11,35574406,25.81115831,102249896,74.18783753,20447.3,0.0152430698648977
2023-03-12,2023-03-12,31651702,22.96375549,106176033,77.03220702,21986.2,0.0752617705027069
2023-03-13,2023-03-13,25191777,18.26730868,112704766,81.7255865,24119.5,0.0970290454921722
2023-03-14,2023-03-14,24599791,17.83273017,113338580,82.16071081,24682.5,0.0233421090818632
2023-03-15,2023-03-15,25791935,18.6775697,112291739,81.31754293,24288.0,-0.0159829838954724
2023-03-16,2023-03-16,24253429,17.54062181,114009743,82.45439374,24990.4,0.0289196310935442
2023-03-17,2023-03-17,23971441,17.32352896,114394840,82.67013752,27384.0,0.0957807798194505
2023-03-18,2023-03-18,24509620,17.70508005,113918876,82.29188454,26907.0,-0.017418930762489
2023-03-19,2023-03-19,23881309,17.23997499,114634318,82.75479267,27955.7,0.0389749879213587
2023-03-20,2023-03-20,24376194,17.58861819,114210463,82.40844438,27704.1,-0.0089999534978556
2023-03-21,2023-03-21,23980740,17.2917807,114699826,82.70654858,28091.1,0.013969051512231
2023-03-22,2023-03-22,25232395,18.18154902,113538358,81.81162436,27233.8,-0.0305185628188287
2023-03-23,2023-03-23,23957205,17.24407094,114968825,82.75299953,28284.1,0.0385660466038524
2023-03-24,2023-03-24,25616503,18.4103538,113524064,81.58873921,27438.9,-0.0298825134969823
2023-03-25,2023-03-25,25609792,18.39631174,113597534,81.600649,27447.3,0.0003061347211439
2023-03-26,2023-03-26,24414792,17.53632269,114798802,82.45611253,27954.3,0.0184717622498387
2023-03-27,2023-03-27,26348926,18.93957912,112764929,81.05530734,27112.0,-0.0301313214782699
2023-03-28,2023-03-28,25982705,18.66892871,113179125,81.3207484,27249.7,0.0050789318383004
2023-03-29,2023-03-29,23941196,17.18930542,115337403,82.80997517,28338.5,0.0399564031897599
2023-03-30,2023-03-30,24868361,17.84650291,114471760,82.14938645,28015.0,-0.0114155653968982
2023-03-31,2023-03-31,23848404,17.10562531,115557521,82.88536441,28454.9,0.0157023023380331
2023-04-01,2023-04-01,24031034,17.22987124,115434104,82.76442658,28443.8,-0.0003900909860867
2023-04-02,2023-04-02,24964476,17.901294,114488579,82.0964042,28161.2,-0.0099353813484835
2023-04-03,2023-04-03,26211371,18.78542504,113304735,81.20435998,27786.1,-0.0133197448972345
2023-04-04,2023-04-04,25264035,18.08891935,114401771,81.91108065,28155.2,0.01328362022738
2023-04-05,2023-04-05,25239518,18.04634116,114619957,81.95365884,28154.0,-4.262090129003582e-05
2023-04-06,2023-04-06,25890638,18.49574531,114090950,81.50425469,28022.8,-0.0046600838246785
2023-04-07,2023-04-07,26492733,18.89778218,113691398,81.09828743,27890.7,-0.0047140185848665
2023-04-08,2023-04-08,27571433,19.64466004,112779344,80.35533996,27924.9,0.0012262151900095
2023-04-09,2023-04-09,24465201,17.45283262,115713769,82.54716738,28309.4,0.0137690734792246
2023-04-10,2023-04-10,22715712,16.20753974,117439502,83.79246026,29623.1,0.0464050809978309
2023-04-11,2023-04-11,22294138,15.9112642,117821303,84.0887358,30185.1,0.0189716808841748
2023-04-12,2023-04-12,23060431,16.4665985,116983252,83.5334015,29875.0,-0.0102732805258223
2023-04-13,2023-04-13,22050179,15.7442086,118002456,84.2557914,30362.7,0.0163246861924686
2023-04-14,2023-04-14,22157488,15.8153685,117943503,84.1846315,30453.1,0.0029773373250732
2023-04-15,2023-04-15,22674542,16.21456298,117166057,83.78543702,30280.4,-0.0056710154302844
2023-04-16,2023-04-16,22999108,16.46114912,116718404,83.53885088,30286.6,0.0002047529094726
2023-04-17,2023-04-17,24378029,17.46773453,115182307,82.53226547,29420.0,-0.028613314138926
2023-04-18,2023-04-18,22506708,16.16310535,116740717,83.83689465,30365.8,0.0321481985044187
2023-04-19,2023-04-19,25424583,18.26200719,113796603,81.73799281,28795.1,-0.0517259548571089
2023-04-20,2023-04-20,26577481,19.08617093,112672456,80.91382907,28229.9,-0.0196283395438806
2023-04-21,2023-04-21,29034258,20.83080929,110347067,79.16919071,27252.5,-0.0346228644097216
2023-04-22,2023-04-22,27966156,20.0464505,111540616,79.9535495,27807.2,0.0203540959544996
2023-04-23,2023-04-23,28518748,20.40756162,111227237,79.59243838,27576.0,-0.0083143933945165
2023-04-24,2023-04-24,28722251,20.55473188,111013218,79.44526812,27497.5,-0.0028466782709603
2023-04-25,2023-04-25,25628702,18.31656706,114292179,81.68343294,28286.7,0.0287007909809982
2023-04-26,2023-04-26,25483686,18.17231754,114749864,81.82768246,28395.9,0.0038604715290224
2023-04-27,2023-04-27,24141135,17.1808187,116359052,82.81067883,29459.0,0.0374385034459199
2023-04-28,2023-04-28,24812852,17.6138667,116058272,82.3861333,29300.0,-0.0053973318849926
2023-04-29,2023-04-29,25450184,18.01564888,115816912,81.98435112,29212.7,-0.0029795221843003
2023-04-30,2023-04-30,24871844,17.54481217,116889970,82.45518783,29223.0,0.0003525863751039
2023-05-01,2023-05-01,29271934,20.57596626,112990809,79.42403374,28054.4,-0.03998904972111
2023-05-02,2023-05-02,26930588,18.87528204,115745892,81.12471796,28656.5,0.021461874073229
2023-05-03,2023-05-03,26222476,18.33471035,116798469,81.66528965,29018.4,0.0126288974578194
2023-05-04,2023-05-04,26815031,18.70542404,116539276,81.29457596,28826.0,-0.0066302759628373
2023-05-05,2023-05-05,24222405,16.85023682,119528720,83.14976318,29491.5,0.0230867966419205
2023-05-06,2023-05-06,28691322,19.87537639,115664797,80.12462361,28837.8,-0.022165708763542
2023-05-07,2023-05-07,31653869,21.82286782,113395211,78.17713218,28419.4,-0.0145087350630075
2023-05-08,2023-05-08,35744626,24.54312338,109895460,75.45687662,27659.8,-0.0267282208632132
2023-05-09,2023-05-09,34869917,23.85466385,111306601,76.14533615,27610.2,-0.0017932161476221
2023-05-10,2023-05-10,34915982,23.79194475,111839495,76.20805525,27582.9,-0.0009887650216223
2023-05-11,2023-05-11,37620442,25.55736323,109579571,74.44263677,26956.4,-0.022713347762563
2023-05-12,2023-05-12,37616314,25.48364096,109993339,74.51635904,26785.1,-0.0063547061180276
2023-05-13,2023-05-13,38214476,25.79554686,109929218,74.20445314,26762.7,-0.0008362858454886
2023-05-14,2023-05-14,37144223,25.00689345,111391712,74.99310655,26901.9,0.0052012689302649
2023-05-15,2023-05-15,36840302,24.73893453,112075982,75.26106547,27152.5,0.0093153271701997
2023-05-16,2023-05-16,37675553,25.22351877,111691208,74.77648123,27024.8,-0.0047030660160206
2023-05-17,2023-05-17,35613594,23.77262733,114195653,76.22737267,27395.8,0.0137281311980106
2023-05-18,2023-05-18,39617485,26.38432831,110537882,73.61567169,26809.3,-0.0214083910672439
2023-05-19,2023-05-19,38835713,25.79392061,111725784,74.20607939,26870.1,0.0022678697317721
2023-05-20,2023-05-20,37123233,24.60661365,113743658,75.39338635,27089.5,0.0081652096568305
2023-05-21,2023-05-21,41307392,27.32253155,109876959,72.67746845,26732.8,-0.0131674634083316
2023-05-22,2023-05-22,40256261,26.56248433,111296811,73.43751567,26840.2,0.0040175365094565
2023-05-23,2023-05-23,36803682,24.22792569,115102356,75.77207431,27209.9,0.0137741149469825
2023-05-24,2023-05-24,42786473,28.12818535,109325981,71.87181465,26313.8,-0.0329328663464402
2023-05-25,2023-05-25,42309256,27.75858185,110109395,72.24141815,26461.8,0.0056244252065456
2023-05-26,2023-05-26,41870132,27.40575027,110908506,72.59424973,26689.9,0.0086199729421279
2023-05-27,2023-05-27,39720005,25.95081636,113338783,74.04918364,26841.6,0.0056837979910002
2023-05-28,2023-05-28,30410792,19.83574474,122902292,80.16425526,28055.7,0.0452320278969957
2023-05-29,2023-05-29,32837438,21.36841221,120835365,78.63158779,27722.0,-0.0118941961882969
2023-05-30,2023-05-30,33322511,21.63584687,120692773,78.36415313,27680.1,-0.0015114349614026
2023-05-31,2023-05-31,37372118,24.22714897,116885067,75.77285103,27201.1,-0.0173048507772731
2023-06-01,2023-06-01,42926325,27.79658959,111503861,72.20341041,26805.3,-0.0145508821334431
2023-06-02,2023-06-02,37067505,23.95313614,117682607,76.04686386,27227.8,0.0157618082991051
2023-06-03,2023-06-03,39203324,25.29900436,115756624,74.70099564,27054.9,-0.0063501274432747
2023-06-04,2023-06-04,38952720,25.12802269,116064332,74.87197731,27102.4,0.0017556893575656
2023-06-05,2023-06-05,46435989,29.93444101,108689637,70.06555899,25714.7,-0.0512021075624299
2023-06-06,2023-06-06,36550476,23.52099557,118844630,76.47900443,27221.5,0.0585968337176789
2023-06-07,2023-06-07,45357781,29.14952717,110246050,70.85047283,26325.9,-0.0329004647062064
2023-06-08,2023-06-08,45100309,28.95901541,110638097,71.04098459,26485.9,0.0060776649611218
2023-06-09,2023-06-09,45237083,29.04697672,110500581,70.95302328,26468.1,-0.0006720556975599
2023-06-10,2023-06-10,46691426,29.9714162,109095093,70.0285838,25826.6,-0.0242367226963778
2023-06-11,2023-06-11,46321457,29.72304512,109522121,70.27695488,25909.9,0.0032253568026763
2023-06-12,2023-06-12,45831801,29.41211189,109994483,70.58788811,25894.8,-0.0005827888181738
2023-06-13,2023-06-13,46950721,30.09149333,109075836,69.90850667,25918.0,0.0008959327741477
2023-06-14,2023-06-14,47967445,30.70677988,108243806,69.29322012,25115.9,-0.0309476039817886
2023-06-15,2023-06-15,47654928,30.45240787,108834924,69.54759213,25586.1,0.0187212084774981
2023-06-16,2023-06-16,44549274,28.39419962,112346411,71.60580038,26336.0,0.029308882557326
2023-06-17,2023-06-17,43674328,27.78155339,113531885,72.21844661,26508.9,0.0065651579586878
2023-06-18,2023-06-18,45186823,28.69700268,112274998,71.30299732,26329.7,-0.0067599938133985
2023-06-19,2023-06-19,40613981,25.77632542,116949133,74.22367458,26828.5,0.0189443859975617
2023-06-20,2023-06-20,28226817,17.87906113,129649577,82.12093887,28290.6,0.0544980151704344
2023-06-21,2023-06-21,22331389,14.12963791,135715046,85.87036209,29988.5,0.0600164012074682
2023-06-22,2023-06-22,22968960,14.52122134,135199146,85.47434118,29875.0,-0.0037847841672641
2023-06-23,2023-06-23,21490288,13.56859073,136892321,86.43140927,30673.4,0.0267246861924685
2023-06-24,2023-06-24,21947732,13.85584488,136452800,86.14415512,30524.2,-0.0048641493932853
2023-06-25,2023-06-25,21140432,13.34226662,137306649,86.65773338,30458.0,-0.0021687710079215
2023-06-26,2023-06-26,23377049,14.74769787,135136159,85.25230213,30260.1,-0.0064974719285574
2023-06-27,2023-06-27,21887885,13.78978331,136837488,86.21021669,30683.2,0.0139821084530455
2023-06-28,2023-06-28,24615526,15.48676852,134330002,84.51323148,30066.3,-0.020105464879804
2023-06-29,2023-06-29,23005118,14.45304202,136166342,85.54695798,30439.9,0.0124258721558689
2023-06-30,2023-06-30,21765357,13.66685175,137491196,86.33314825,30460.2,0.0006668878675686
2023-07-01,2023-07-01,22724371,14.27045965,136516267,85.72954035,30573.6,0.003722890854295
2023-07-02,2023-07-02,23550398,14.83765754,135170060,85.16234246,30612.7,0.0012788811262005
2023-07-03,2023-07-03,21455058,13.51551361,137288876,86.48448639,31149.0,0.0175188728860897
2023-07-04,2023-07-04,20423665,12.86601229,138317556,87.13398771,30756.1,-0.0126135670487014
2023-07-05,2023-07-05,22344277,14.05233175,136663334,85.94766825,30488.4,-0.0087039644168147
2023-07-06,2023-07-06,27185940,17.07897259,131991902,82.92102741,29874.4,-0.0201388068904895
2023-07-07,2023-07-07,25381792,15.91393698,134112317,84.08606302,30327.9,0.0151802211927267
2023-07-08,2023-07-08,24080633,15.07368937,135672115,84.92631063,30269.3,-0.00193221423178
2023-07-09,2023-07-09,22084995,13.79350099,138026604,86.20649901,30147.8,-0.0040139679477225
2023-07-10,2023-07-10,31719025,19.76845689,128733686,80.23154311,30396.9,0.0082626261286065
2023-07-11,2023-07-11,23676956,14.73605796,136996652,85.26394204,30608.4,0.006957946369531
2023-07-12,2023-07-12,32976050,20.48111403,128031061,79.51888597,30368.9,-0.0078246494426366
2023-07-13,2023-07-13,20410082,12.65577399,140860829,87.34422601,31441.7,0.03532561271564
2023-07-14,2023-07-14,28250073,17.49120586,133260078,82.50879414,30293.3,-0.0365247426188788
2023-07-15,2023-07-15,28126016,17.37293534,133769573,82.62706466,30276.4,-0.0005578791349901
2023-07-16,2023-07-16,28899736,17.8000211,133458139,82.1999789,30216.8,-0.001968529944115
2023-07-17,2023-07-17,32184087,19.78638958,130473617,80.21361042,30126.1,-0.0030016414709698
2023-07-18,2023-07-18,31743472,19.4695127,131298472,80.5304873,29845.6,-0.0093108633377702
2023-07-19,2023-07-19,31624001,19.35486416,131766456,80.64513584,29895.5,0.001671938242153
2023-07-20,2023-07-20,36993235,22.60415325,126663570,77.39584675,29791.0,-0.0034955093575955
2023-07-21,2023-07-21,32557265,19.86614985,131325849,80.13385015,29891.4,0.0033701453459098
2023-07-22,2023-07-22,33035060,20.18672642,130612375,79.81327358,29783.5,-0.003609733903397
2023-07-23,2023-07-23,30081379,18.33644812,133970998,81.66355188,30070.8,0.009646280658754
2023-07-24,2023-07-24,35803147,21.78301419,128559538,78.21698581,29163.8,-0.0301621506577809
2023-07-25,2023-07-25,35547493,21.58258747,129150485,78.4134521,29216.3,0.0018001769316755
2023-07-26,2023-07-26,34569705,20.96125281,130352236,79.03874719,29336.0,0.0040970280288743
2023-07-27,2023-07-27,35732846,21.63530962,129427009,78.36469038,29209.7,-0.0043052904281428
2023-07-28,2023-07-28,34937325,21.11666729,130511723,78.88333271,29299.9,0.0030880152825945
2023-07-29,2023-07-29,34677961,20.91819431,131100980,79.08180569,29339.1,0.0013378885252166
2023-07-30,2023-07-30,36261211,21.81490271,129960988,78.18509729,29271.1,-0.0023177261742861
2023-07-31,2023-07-31,37663091,22.62638321,128793433,77.37361679,29220.8,-0.001718418508358
2023-08-01,2023-08-01,32744963,19.64756978,133916682,80.35243022,29701.2,0.0164403438646443
2023-08-02,2023-08-02,38157668,22.88717103,128563103,77.11282897,29170.1,-0.0178814324000378
2023-08-03,2023-08-03,36486870,21.85944493,130428942,78.14055507,29180.2,0.000346244956308
2023-08-04,2023-08-04,39934931,23.90241747,127139931,76.09758253,29101.1,-0.002710742215612
2023-08-05,2023-08-05,39687256,23.71166425,127687145,76.28833575,29057.7,-0.0014913525605561
2023-08-06,2023-08-06,39259053,23.3766634,128682164,76.6233366,29075.9,0.0006263400062633
2023-08-07,2023-08-07,37599761,22.35721953,130577507,77.64278047,29202.7,0.0043610000034393
2023-08-08,2023-08-08,31617945,18.78829009,136667433,81.21170991,29759.0,0.019049608426618
2023-08-09,2023-08-09,33058973,19.62221621,135418291,80.37778379,29572.8,-0.006256930676434
2023-08-10,2023-08-10,34121866,20.22283492,134607524,79.77716508,29443.7,-0.0043654980252123
2023-08-11,2023-08-11,34287511,20.28659208,134728117,79.71340792,29415.5,-0.0009577600641224
2023-08-12,2023-08-12,34729497,20.51925904,134523676,79.48074096,29420.7,0.0001767775492511
2023-08-13,2023-08-13,37852144,22.32120982,131727123,77.67879018,29293.3,-0.0043302844595812
2023-08-14,2023-08-14,34781177,20.47456794,135093846,79.52543206,29419.5,0.0043081523761405
2023-08-15,2023-08-15,40510279,23.79894622,129699386,76.19569127,29188.8,-0.0078417376230052
2023-08-16,2023-08-16,45414019,26.63398528,125097523,73.36601472,28714.4,-0.0162528092967164
2023-08-17,2023-08-17,59599173,34.90033912,111170437,65.09966088,26609.7,-0.0732977182180369
2023-08-18,2023-08-18,62292099,36.4081151,108801897,63.5918849,26042.1,-0.0213305674246609
2023-08-19,2023-08-19,62094301,36.21961442,109344026,63.78038558,26088.3,0.0017740504798
2023-08-20,2023-08-20,61660133,35.87728178,110203871,64.12271822,26175.9,0.0033578270719059
2023-08-21,2023-08-21,61862671,35.91566185,110381603,64.08433815,26115.4,-0.0023112863359043
2023-08-22,2023-08-22,63050419,36.58895939,109270467,63.41104061,26044.4,-0.0027187023748439
2023-08-23,2023-08-23,59744898,34.64730879,112692443,65.35269121,26419.2,0.0143908095406306
2023-08-24,2023-08-24,61869198,35.85309135,110693880,64.14690865,26164.6,-0.0096369307170542
2023-08-25,2023-08-25,63422833,36.69483148,109415767,63.30516852,26051.7,-0.0043149904833247
2023-08-26,2023-08-26,64146768,37.02551112,109103421,62.97448888,26004.3,-0.0018194589988369
2023-08-27,2023-08-27,62504523,36.02035453,111021040,63.97964547,26087.7,0.0032071618924562
2023-08-28,2023-08-28,61853740,35.61339925,111827350,64.38660075,26106.5,0.000720646128252
2023-08-29,2023-08-29,49009896,28.17485225,124939183,71.82514775,27700.1,0.0610422691666825
2023-08-30,2023-08-30,51752013,29.7002492,122495727,70.2997508,27290.4,-0.0147905603228868
2023-08-31,2023-08-31,66038290,37.83588489,108500485,62.16411511,25928.0,-0.0499223170052472
2023-09-01,2023-09-01,66661763,38.13964373,108121629,61.86035627,25795.6,-0.005106448626967
2023-09-02,2023-09-02,66428888,37.90758303,108810161,62.09241697,25855.8,0.0023337313340259
2023-09-03,2023-09-03,65481794,37.24943784,110310910,62.75056216,25962.1,0.0041112632368751
2023-09-04,2023-09-04,67813239,38.46611265,108480216,61.53388735,25814.0,-0.0057044692070363
2023-09-05,2023-09-05,68043703,38.50542992,108668265,61.49457008,25779.7,-0.0013287363446191
2023-09-06,2023-09-06,68199571,38.52571347,108823941,61.47428653,25747.4,-0.0012529238121467
2023-09-07,2023-09-07,60599369,34.15927237,116803031,65.84072763,26240.7,0.0191592160761862
2023-09-08,2023-09-08,66286857,37.31384489,111359958,62.68615511,25899.8,-0.0129912692877858
2023-09-09,2023-09-09,66472056,37.30365616,111719743,62.69634384,25892.6,-0.0002779944246673
2023-09-10,2023-09-10,68596069,38.38877027,110091783,61.61122973,25828.4,-0.0024794728995928
2023-09-11,2023-09-11,71938880,40.24812612,106799578,59.75187388,25150.4,-0.02625017422682
2023-09-12,2023-09-12,68160193,38.07982522,110832732,61.92017478,25825.8,0.0268544436668998
2023-09-13,2023-09-13,60729724,33.87912292,118524397,66.12087708,26209.9,0.0148727241750499
2023-09-14,2023-09-14,58759654,32.70619649,120899433,67.29380351,26510.3,0.0114613180515759
2023-09-15,2023-09-15,58027899,32.19928556,122186966,67.80071444,26591.1,0.0030478719592006
2023-09-16,2023-09-16,59007384,32.6520847,121708134,67.3479153,26546.9,-0.0016622102884046
2023-09-17,2023-09-17,59977372,33.09094725,121272719,66.90905275,26514.2,-0.0012317822419943
2023-09-18,2023-09-18,57068645,31.4161562,124585166,68.5838438,26749.9,0.0088895761516469
2023-09-19,2023-09-19,51615114,28.37087912,130314793,71.62912088,27196.0,0.0166766978568144
2023-09-20,2023-09-20,52836241,28.98587687,129446466,71.01412313,27107.7,-0.003246801000147
2023-09-21,2023-09-21,60831838,33.3392432,121631326,66.6607568,26552.6,-0.020477576481959
2023-09-22,2023-09-22,60738968,33.23162245,122035641,66.76837755,26566.7,0.0005310214442277
2023-09-23,2023-09-23,61160029,33.37531439,122089268,66.62468561,26563.1,-0.0001355079855609
2023-09-24,2023-09-24,65352368,35.6558379,117934218,64.3441621,26232.4,-0.0124496011384211
2023-09-25,2023-09-25,64720400,35.36734435,118274397,64.63265565,26290.5,0.0022148183162806
2023-09-26,2023-09-26,65927647,36.05734661,116913447,63.94265339,26208.8,-0.0031075863905213
2023-09-27,2023-09-27,64319720,35.24533399,118171727,64.75466601,26359.6,0.0057537926192727
2023-09-28,2023-09-28,53360089,29.24980402,129068788,70.75019598,27011.8,0.024742408837767
2023-09-29,2023-09-29,54452082,29.85845855,127915276,70.14154145,26890.9,-0.0044758216779332
2023-09-30,2023-09-30,53772312,29.51229697,128430761,70.48770303,26950.9,0.0022312380768214
2023-10-01,2023-10-01,44781336,24.58888817,137338879,75.41111183,27981.4,0.0382361999042704
2023-10-02,2023-10-02,47378925,26.03141107,134627824,73.96858893,27477.6,-0.0180048174859014
2023-10-03,2023-10-03,48351725,26.6273303,133235105,73.3726697,27412.0,-0.0023873991906133
2023-10-04,2023-10-04,45911126,25.2971074,135576525,74.7028926,27759.8,0.0126878739238289
2023-10-05,2023-10-05,48935813,26.96121094,132563220,73.03577316,27398.4,-0.0130188257840473
2023-10-06,2023-10-06,44913690,24.76176314,136469557,75.23823686,27916.3,0.0189025636533519
2023-10-07,2023-10-07,44473192,24.58692317,136408294,75.41307683,27943.0,0.0009564304725195
2023-10-08,2023-10-08,44709365,24.80133645,135560618,75.19866355,27901.2,-0.0014959023726872
2023-10-09,2023-10-09,47314861,26.33329073,132362117,73.66670927,27578.3,-0.0115729789399739
2023-10-10,2023-10-10,49219725,27.49674385,129782288,72.50325615,27381.2,-0.0071469234869443
2023-10-11,2023-10-11,55215202,30.89159382,123523397,69.10840618,26864.5,-0.0188706119527267
2023-10-12,2023-10-12,57291110,32.07105797,121346932,67.92894203,26744.0,-0.0044854733942563
2023-10-13,2023-10-13,55388347,31.00280597,123267569,68.99719403,26849.8,0.0039560275201913
2023-10-14,2023-10-14,54931496,30.81576044,123326302,69.18423956,26836.3,-0.0005027970413187
2023-10-15,2023-10-15,49984553,28.19414579,127302439,71.80585421,27139.8,0.0113093086602846
2023-10-16,2023-10-16,39712840,22.43989391,137261437,77.56010609,28486.3,0.0496134827817449
2023-10-17,2023-10-17,40289867,22.81610401,136295351,77.18389599,28381.9,-0.0036649196280316
2023-10-18,2023-10-18,40682014,23.06557931,135693413,76.93442069,28307.1,-0.0026354824729846
2023-10-19,2023-10-19,38686162,21.95670034,137506806,78.04329966,28696.9,0.0137703968262381
2023-10-20,2023-10-20,29043502,16.47870817,147205156,83.52129183,29653.0,0.0333171875707829
2023-10-21,2023-10-21,27591405,15.66462725,148546875,84.33537275,29895.4,0.0081745523218561
2023-10-22,2023-10-22,26747407,15.1989478,149234558,84.8010522,29981.5,0.0028800417455527
2023-10-23,2023-10-23,18895195,10.75732482,156754377,89.24267518,33074.0,0.1031469406133782
2023-10-24,2023-10-24,18823986,10.70662942,156992186,89.29337058,33917.0,0.025488298965955
2023-10-25,2023-10-25,18327977,10.40943622,157742817,89.59056378,34487.7,0.0168263702568032
2023-10-26,2023-10-26,19015711,10.79192626,157187411,89.20807374,34154.0,-0.0096759134416037
2023-10-27,2023-10-27,19752266,11.20161577,156581813,88.79838423,33893.1,-0.0076389295543713
2023-10-28,2023-10-28,19722105,11.15877571,157018655,88.84122429,34086.6,0.0057091266363951
2023-10-29,2023-10-29,18340244,10.36476696,158607719,89.63523304,34528.6,0.0129669723586394
2023-10-30,2023-10-30,18615738,10.51313744,158455456,89.48686256,34483.8,-0.0012974751365533
2023-10-31,2023-10-31,18016225,10.16693847,159187808,89.83306153,34651.4,0.0048602532203527
2023-11-01,2023-11-01,17505031,9.86100786,160012635,90.13899214,35437.4,0.0226830661964596
2023-11-02,2023-11-02,18110030,10.18872371,159635785,89.81127629,34940.1,-0.0140331965663396
2023-11-03,2023-11-03,18637128,10.45966538,159532120,89.53378398,34700.4,-0.0068603123631585
2023-11-04,2023-11-04,17995695,10.05889416,160907619,89.94110584,35069.7,0.0106425286163847
2023-11-05,2023-11-05,18293794,10.19340161,161173225,89.80659839,35025.5,-0.0012603472513308
2023-11-06,2023-11-06,18912851,10.52070502,160855054,89.47929498,35057.4,0.0009107650140611
2023-11-07,2023-11-07,17686979,9.81923149,162438920,90.18076851,35406.5,0.009957954668629
2023-11-08,2023-11-08,17255125,9.54869001,163451600,90.45130999,35626.7,0.0062191970400913
2023-11-09,2023-11-09,16934907,9.34137598,164354306,90.65862402,36719.5,0.0306736239954865
2023-11-10,2023-11-10,16512441,9.09025519,165137476,90.90974481,37330.4,0.0166369367774616
2023-11-11,2023-11-11,17918312,9.8326195,164315039,90.1673805,37162.1,-0.0045083899449243
2023-11-12,2023-11-12,17965740,9.81776659,165026388,90.18223341,37085.5,-0.0020612398115283
2023-11-13,2023-11-13,19959832,10.89280673,163278818,89.10719327,36486.2,-0.0161599546992761
2023-11-14,2023-11-14,21609308,11.76670972,162038530,88.23329028,35559.0,-0.0254123476821372
2023-11-15,2023-11-15,15961921,8.66760999,168194046,91.33239001,37885.6,0.0654292865378665
2023-11-16,2023-11-16,21595311,11.68164507,163270013,88.31835493,36176.0,-0.0451253246616127
2023-11-17,2023-11-17,20481086,11.05439969,164794339,88.94560031,36621.9,0.0123258513931889
2023-11-18,2023-11-18,20510237,11.03064415,165428469,88.96935585,36580.9,-0.0011195486853494
2023-11-19,2023-11-19,16341392,8.75651181,170278490,91.24348819,37375.9,0.021732652832489
2023-11-20,2023-11-20,16468857,8.80268641,170620132,91.19731359,37462.5,0.0023170010621818
2023-11-21,2023-11-21,25413561,13.55200611,162112631,86.44799389,35737.0,-0.0460593927260594
2023-11-22,2023-11-22,17019356,9.05236589,170990676,90.94763411,37413.4,0.0469093656434507
2023-11-23,2023-11-23,18320112,9.72239521,170111973,90.27760479,37294.3,-0.0031833514195448
2023-11-24,2023-11-24,16618203,8.79501002,172332156,91.20498998,37706.3,0.0110472645953938
2023-11-25,2023-11-25,16377468,8.64086068,173157679,91.35913932,37766.6,0.0015992022553259
2023-11-26,2023-11-26,18343060,9.65057763,171729086,90.34942237,37437.9,-0.0087034575524403
2023-11-27,2023-11-27,21643312,11.36461819,168792859,88.63090807,37234.3,-0.0054383392230866
2023-11-28,2023-11-28,16184550,8.48861506,174477294,91.51138494,37812.1,0.0155179498473181
2023-11-29,2023-11-29,16669393,8.73929267,174071364,91.26070733,37837.1,0.0006611640189251
2023-11-30,2023-11-30,18239955,9.55264782,172701398,90.44735218,37716.8,-0.0031794191415303
2023-12-01,2023-12-01,15213524,7.9545522,176042044,92.0454478,38660.0,0.0250074237475077
2023-12-02,2023-12-02,14103221,7.35821849,177546802,92.63331836,39435.0,0.0200465597516812
2023-12-03,2023-12-03,13641032,7.09007962,178747283,92.90590834,39979.7,0.0138126030176237
2023-12-04,2023-12-04,12286263,6.37308116,180497458,93.62691884,41993.1,0.0503605579831765
2023-12-05,2023-12-05,10345375,5.34764606,183111239,94.65235394,44081.7,0.0497367424648333
2023-12-06,2023-12-06,11175610,5.75898463,182879605,94.24101537,43774.8,-0.0069620726968332
2023-12-07,2023-12-07,12445257,6.4048739,181863908,93.5951261,43296.0,-0.0109377998300392
2023-12-08,2023-12-08,10316544,5.30209283,184258397,94.69790717,44209.5,0.0210989467849223
2023-12-09,2023-12-09,12669318,6.49419943,182417361,93.50580057,43734.3,-0.0107488209547721
2023-12-10,2023-12-10,12802631,6.5484353,182704088,93.4515647,43810.0,0.0017309068625768
2023-12-11,2023-12-11,17817949,9.10206349,177939299,90.89793651,41271.0,-0.0579548048390778
2023-12-12,2023-12-12,17480966,8.91128702,178685603,91.08871298,41515.0,0.00591214169756
2023-12-13,2023-12-13,14563079,7.38890258,182530858,92.61109742,42875.0,0.0327592436468746
2023-12-14,2023-12-14,14274324,7.20505113,183841189,92.79494887,43032.4,0.003671137026239
2023-12-15,2023-12-15,18083741,9.09934538,180652984,90.90065462,41968.0,-0.0247348509495171
2023-12-16,2023-12-16,17622581,8.83552444,181828862,91.16447556,42287.4,0.007610560426992
2023-12-17,2023-12-17,21650994,10.82395069,178377578,89.17604931,41396.5,-0.0210677412184244
2023-12-18,2023-12-18,16122168,8.04105237,184376066,91.95894763,42671.7,0.0308045366154143
2023-12-19,2023-12-19,18099214,8.9983059,183041025,91.0016941,42298.3,-0.008750530210889
2023-12-20,2023-12-20,13413995,6.65003315,188299210,93.34996685,43708.9,0.0333488579919287
2023-12-21,2023-12-21,12361031,6.10955494,189961906,93.89044506,43896.3,0.004287456330404
2023-12-22,2023-12-22,11179901,5.51335449,191598662,94.48664551,43999.2,0.0023441611251973
2023-12-23,2023-12-23,13738581,6.75982208,189500215,93.24017792,43725.2,-0.0062273859524718
2023-12-24,2023-12-24,18122964,8.88849387,185769442,91.11150613,43008.4,-0.0163932926550363
2023-12-25,2023-12-25,15673928,7.67007802,188677683,92.32992198,43611.9,0.0140321425581979
2023-12-26,2023-12-26,21290272,10.39478838,183526519,89.60521162,42538.5,-0.0246125484099524
2023-12-27,2023-12-27,17221119,8.38424925,188177343,91.61575075,43453.8,0.0215169787369089
2023-12-28,2023-12-28,21596050,10.50202169,184041023,89.49797831,42600.1,-0.019646152925636
2023-12-29,2023-12-29,25449446,12.34772432,180656921,87.65227568,42095.1,-0.0118544322665908
2023-12-30,2023-12-30,24340417,11.78825216,182139871,88.21174784,42174.2,0.0018790785625879
2023-12-31,2023-12-31,24922434,12.02806358,182279946,87.97193642,42314.0,0.0033148228063604
2024-01-01,2024-01-01,10639545,5.12469899,196973527,94.87530101,44230.2,0.0452852483811503
2024-01-02,2024-01-02,10344317,4.98161266,197305649,95.01838734,44979.8,0.0169476963703534
2024-01-03,2024-01-03,20685616,9.94768142,187251439,90.04893354,42849.5,-0.0473612599433523
2024-01-04,2024-01-04,11456325,5.50661494,196590272,94.49338506,44143.8,0.0302057200200702
2024-01-05,2024-01-05,11747434,5.63539215,196710712,94.36460785,44145.4,3.6245180523586384e-05
2024-01-06,2024-01-06,13654050,6.54472682,194972687,93.45527318,43956.7,-0.0042745110475838
2024-01-07,2024-01-07,13519190,6.47278409,195342867,93.52721591,43916.9,-0.0009054364863603
2024-01-08,2024-01-08,8593961,4.10764523,200624716,95.89235477,46972.7,0.0695814139886921
2024-01-09,2024-01-09,10112770,4.82866527,199319225,95.17133473,46114.0,-0.0182808312062111
2024-01-10,2024-01-10,9557571,4.56005494,200035759,95.43994506,46662.9,0.0119031096846944
2024-01-11,2024-01-11,10026027,4.78138449,199662757,95.21861551,46337.8,-0.0069669909071231
2024-01-12,2024-01-12,25150044,12.00042887,184426166,87.99957113,42788.9,-0.0765875807655952
2024-01-13,2024-01-13,24952032,11.8680786,185292885,88.1319214,42846.4,0.0013438064544777
2024-01-14,2024-01-14,32431096,15.37833718,178457088,84.62166282,41734.9,-0.0259415026700026
2024-01-15,2024-01-15,28144248,13.32478498,183073029,86.67521502,42515.0,0.018691790324165
2024-01-16,2024-01-16,21917815,10.3578111,189688815,89.6421889,43133.0,0.0145360461013759
2024-01-17,2024-01-17,27241130,12.84993518,184753169,87.15006482,42783.4,-0.0081051631001785
2024-01-18,2024-01-18,36965998,17.40521779,175418578,82.59478221,41323.1,-0.034132397144687
2024-01-19,2024-01-19,35632370,16.74944942,177105190,83.25055058,41662.2,0.0082060639206642
2024-01-20,2024-01-20,35595099,16.69367545,177629958,83.30632455,41691.8,0.0007104761630447
2024-01-21,2024-01-21,36701792,17.16944005,177060520,82.83055995,41580.0,-0.0026815824694544
2024-01-22,2024-01-22,41533817,19.4181738,172357651,80.5818262,39567.0,-0.0484126984126984
2024-01-23,2024-01-23,40458082,18.90901001,173503844,81.09098999,39890.0,0.0081633684636186
2024-01-24,2024-01-24,39904578,18.64970903,174064326,81.35029097,40078.7,0.0047305088994735
2024-01-25,2024-01-25,40120777,18.78924717,173409742,81.21075283,39953.3,-0.0031288439994309
2024-01-26,2024-01-26,33102738,15.4778875,180768425,84.5221125,41806.4,0.0463816505770486
2024-01-27,2024-01-27,31259887,14.58805703,183024215,85.41194297,42102.2,0.0070754716981131
2024-01-28,2024-01-28,32987390,15.34975397,181917618,84.65024603,42021.2,-0.0019238899629948
2024-01-29,2024-01-29,21567962,10.01690476,193747672,89.98309524,43287.7,0.0301395486087974
2024-01-30,2024-01-30,24053497,11.15352275,191604798,88.84647725,42918.3,-0.0085336019238719
2024-01-31,2024-01-31,28392001,13.15080795,187503487,86.84919205,42560.5,-0.00833677009574
2024-02-01,2024-02-01,22767977,10.53696386,193309228,89.46303614,43072.6,0.0120322834553165
2024-02-02,2024-02-02,21856351,10.10960087,194337654,89.89039913,43182.0,0.0025398977540247
2024-02-03,2024-02-03,24585533,11.3378689,192258860,88.6621311,42992.4,-0.00439071835487
2024-02-04,2024-02-04,30518018,14.07104563,186367200,85.92895437,42570.3,-0.0098180143467216
2024-02-05,2024-02-05,29137544,13.45131944,187477221,86.54868056,42692.9,0.0028799421192708
2024-02-06,2024-02-06,22388297,10.3543793,193832264,89.6456207,43079.1,0.0090460006230543
2024-02-07,2024-02-07,12284359,5.67659196,204119411,94.32340804,44326.2,0.0289490727522161
2024-02-08,2024-02-08,11275931,5.21169129,205082452,94.78830871,45269.1,0.021271843740271
2024-02-09,2024-02-09,8496587,3.92885794,207764401,96.07114206,47116.1,0.0408004577073544
2024-02-10,2024-02-10,7513106,3.47415134,208744197,96.52584866,47732.6,0.0130846992853823
2024-02-11,2024-02-11,7290919,3.37179964,208941354,96.62820036,48303.4,0.0119582842753172
2024-02-12,2024-02-12,5797240,2.6818709,210366782,97.3181291,49943.6,0.0339562018408641
2024-02-13,2024-02-13,6283925,2.90690539,209888401,97.09309461,49696.4,-0.0049495831297703
2024-02-14,2024-02-14,5121529,2.36656015,211290845,97.63343985,51823.2,0.0427958564403054
2024-02-15,2024-02-15,5388939,2.48977529,211041730,97.50462647,51898.5,0.0014530171814941
2024-02-16,2024-02-16,5339188,2.46521472,211241865,97.53478528,52148.6,0.0048190217443664
2024-02-17,2024-02-17,6408572,2.96010626,210089467,97.03989374,51679.4,-0.0089973652216933
2024-02-18,2024-02-18,5415513,2.49902136,211289838,97.50097864,52175.9,0.0096073096823878
2024-02-19,2024-02-19,6963256,3.21136597,209868337,96.78863403,51813.8,-0.0069399857022111
2024-02-20,2024-02-20,5464080,2.51539295,211761622,97.48460705,52297.4,0.0093334208261119
2024-02-21,2024-02-21,7962953,3.66037935,209581521,96.33962065,51877.8,-0.0080233434166898
2024-02-22,2024-02-22,8981701,4.12435429,208790594,95.87564571,51316.9,-0.0108119465358978
2024-02-23,2024-02-23,9984447,4.58166911,207937161,95.41833089,50771.9,-0.0106202829866963
2024-02-24,2024-02-24,8187712,3.75533511,209841086,96.24466489,51602.1,0.0163515645465306
2024-02-25,2024-02-25,7362471,3.37493245,210789184,96.62506755,51764.9,0.0031549103621753
2024-02-26,2024-02-26,4598755,2.10601102,213764537,97.89398898,54511.6,0.0530610510210585
2024-02-27,2024-02-27,3217528,1.47156842,215428643,98.52843158,57074.5,0.0470156810660482
2024-02-28,2024-02-28,718303,0.32814266,218181303,99.67185734,62487.9,0.0948479618743922
2024-02-29,2024-02-29,1704542,0.77748504,217533375,99.22251496,61203.3,-0.0205575799474777
2024-03-01,2024-03-01,1196005,0.54477736,218344137,99.45522264,62430.6,0.0200528402880235
2024-03-02,2024-03-02,1691387,0.76945467,218124940,99.23054533,62039.9,-0.0062581490487035
2024-03-03,2024-03-03,672597,0.3055605,219446495,99.6944395,63178.5,0.0183527052751535
2024-03-04,2024-03-04,17867,0.00810459,220437342,99.99189541,68296.4,0.0810069881367869
2024-03-05,2024-03-05,1421604,0.64434932,219204687,99.35565068,63747.4,-0.0666067318335957
2024-03-06,2024-03-06,1307862,0.59211403,219572228,99.40788597,66128.1,0.0373458368498167
2024-03-07,2024-03-07,1008489,0.45627377,220018682,99.54372623,66870.0,0.0112191337721785
2024-03-08,2024-03-08,396477,0.17908198,220997653,99.82091802,68180.2,0.0195932406161207
2024-03-09,2024-03-09,437259,0.19741738,221052355,99.80258262,68360.1,0.0026385959560109
2024-03-10,2024-03-10,709795,0.32015226,220995649,99.67984774,69001.8,0.0093870547292937
2024-03-11,2024-03-11,278210,0.12555736,221301797,99.87444264,72153.8,0.0456799677689567
2024-03-12,2024-03-12,822788,0.37139437,220717460,99.62860563,71503.2,-0.0090168501173881
2024-03-13,2024-03-13,232487,0.10492619,221339448,99.89507381,73127.6,0.0227178643753007
2024-03-14,2024-03-14,1687653,0.76161667,219900590,99.23838333,71455.5,-0.0228655117903501
2024-03-15,2024-03-15,2277743,1.02625696,219668912,98.97374304,69552.2,-0.0266361581683706
2024-03-16,2024-03-16,6350316,2.86039973,215657676,97.13960027,65351.0,-0.0604035530148578
2024-03-17,2024-03-17,2823744,1.27171858,219217834,98.72828142,68447.9,0.047388716316506
2024-03-18,2024-03-18,4589281,2.06420209,217737836,97.93579791,67660.0,-0.0115109448208052
2024-03-19,2024-03-19,9303719,4.17888042,213332922,95.82111958,61974.1,-0.0840363582618977
2024-03-20,2024-03-20,4155807,1.8662574,218525534,98.1337426,67876.4,0.0952381720751087
2024-03-21,2024-03-21,7371512,3.30611569,215594430,96.69388431,65539.9,-0.0344228627328496
2024-03-22,2024-03-22,8830680,3.9555108,214419374,96.0444892,63826.0,-0.0261504823779101
2024-03-23,2024-03-23,8396567,3.76236773,214775850,96.23763227,64020.3,0.0030442139566948
2024-03-24,2024-03-24,4736138,2.12418323,218226643,97.87581677,67260.9,0.0506183195017828
2024-03-25,2024-03-25,1731540,0.77617781,221353940,99.22382219,69920.5,0.0395415464259325
2024-03-26,2024-03-26,2164163,0.96910624,221151189,99.03089376,70044.1,0.0017677219127438
2024-03-27,2024-03-27,2691055,1.20374501,220865843,98.79625499,69532.6,-0.0073025422555218
2024-03-28,2024-03-28,1798293,0.8036226,221975031,99.1963774,70838.7,0.018783994845583
2024-03-29,2024-03-29,3002908,1.33975493,221135696,98.66024507,69903.6,-0.0132004116394003
2024-03-30,2024-03-30,3959841,1.76411737,220506006,98.23588263,69642.1,-0.0037408659925954
2024-03-31,2024-03-31,1249253,0.55581816,223510044,99.44418184,71363.0,0.0247106276232336
2024-04-01,2024-04-01,3986418,1.77244205,220924630,98.22755795,69700.0,-0.0233033925143281
2024-04-02,2024-04-02,10975529,4.87689578,214076010,95.12310422,65505.3,-0.0601822094691534
2024-04-03,2024-04-03,10189220,4.52224627,215124029,95.47775373,65971.9,0.0071230877501513
2024-04-04,2024-04-04,5929412,2.63158146,219388029,97.36841854,68489.9,0.0381677653667698
2024-04-05,2024-04-05,7250790,3.21787718,218077574,96.78212282,67825.7,-0.0096977802566509
2024-04-06,2024-04-06,5098519,2.26027207,220472511,97.73972793,68901.6,0.0158627187039721
2024-04-07,2024-04-07,4415469,1.95383654,221574214,98.04616346,69362.7,0.0066921522867391
2024-04-08,2024-04-08,1519113,0.67110772,224839929,99.32889228,71678.4,0.0333853785968538
2024-04-09,2024-04-09,6672255,2.94241175,220089176,97.05758825,69189.3,-0.0347259425433602
2024-04-10,2024-04-10,2653148,1.16691569,224711007,98.83308431,70681.7,0.0215698092046023
2024-04-11,2024-04-11,4502503,1.97536551,223430149,98.02463449,70055.7,-0.0088566064483451
2024-04-12,2024-04-12,12612765,5.52119568,215829872,94.47880432,67136.4,-0.0416711274029094
2024-04-13,2024-04-13,17471566,7.63071819,211492020,92.36928181,63939.7,-0.0476150046770454
2024-04-14,2024-04-14,15772282,6.87325067,213701118,93.12674933,65615.9,0.026215324751289
2024-04-15,2024-04-15,19394003,8.42672792,210754676,91.57327208,63392.7,-0.0338820316417209
2024-04-16,2024-04-16,18736579,8.12529704,211856624,91.87365524,63765.0,0.005872915966665
2024-04-17,2024-04-17,22902785,9.91063237,208190289,90.08936763,61254.5,-0.039371128361954
2024-04-18,2024-04-18,19309735,8.3371274,212301635,91.6628726,63445.0,0.0357606379939432
2024-04-19,2024-04-19,18953515,8.16458939,213176848,91.8300079,63787.4,0.0053968003782804
2024-04-20,2024-04-20,16673137,7.149872,216508862,92.84459486,64897.2,0.017398420377692
2024-04-21,2024-04-21,17145010,7.32009898,217073271,92.67990102,64912.6,0.0002372983734275
2024-04-22,2024-04-22,12930517,5.49704855,222284521,94.49806254,66778.0,0.0287371018877691
2024-04-23,2024-04-23,14922353,6.30705444,221675462,93.69294556,66386.3,-0.0058657042738625
2024-04-24,2024-04-24,22548799,9.49851781,214844018,90.50148219,64250.0,-0.0321798322846732
2024-04-25,2024-04-25,21982289,9.23539354,216039934,90.76460646,64478.8,0.0035610894941635
2024-04-26,2024-04-26,25539954,10.69982477,213155114,89.30017523,63748.8,-0.0113215506492055
2024-04-27,2024-04-27,26654140,11.13886396,212635433,88.86113604,63421.0,-0.0051420575759857
2024-04-28,2024-04-28,29306343,12.22497905,210410128,87.77142225,63088.3,-0.0052458964696235
2024-04-29,2024-04-29,24658720,10.27146659,215411379,89.72853341,63842.4,0.0119530879735227
2024-04-30,2024-04-30,33273044,13.83395978,207244093,86.16604022,60651.2,-0.0499855895141787
2024-05-01,2024-05-01,34459217,14.30557946,206420344,85.69442054,58307.6,-0.038640620465877
2024-05-02,2024-05-02,33866057,14.03815488,207376879,85.96184512,59036.7,0.0125043733578469
2024-05-03,2024-05-03,26819301,11.10220699,214747993,88.89779301,62853.7,0.0646546978404958
2024-05-04,2024-05-04,24553542,10.13427743,217728576,89.86572257,63864.2,0.0160770169457009
2024-05-05,2024-05-05,22956393,9.45101911,219942206,90.54898089,63988.0,0.0019384882297124
2024-05-06,2024-05-06,28683078,11.78658976,214670416,88.21341024,63142.8,-0.0132087266362442
2024-05-07,2024-05-07,32192920,13.21707446,211377774,86.78292554,62296.0,-0.0134108718650424
2024-05-08,2024-05-08,34918137,14.31577967,208995487,85.68422033,61157.9,-0.0182692307692307
2024-05-09,2024-05-09,29059008,11.89092406,215320721,88.10907594,63050.1,0.0309395842564901
2024-05-10,2024-05-10,36437634,14.86440445,208695860,85.13559555,60778.1,-0.0360348357893167
2024-05-11,2024-05-11,37178828,15.13256732,208508683,84.86743268,60809.2,0.0005116974699768
2024-05-12,2024-05-12,34933407,14.19596282,211146464,85.80403718,61455.8,0.0106332594410056
2024-05-13,2024-05-13,30222394,12.27184336,216051887,87.72815664,62912.1,0.0236967055997967
2024-05-14,2024-05-14,34781739,14.12015003,211545240,85.87984997,61550.5,-0.0216428954048585
2024-05-15,2024-05-15,14622333,5.93098924,231918883,94.06901076,66175.4,0.0751399257520246
2024-05-16,2024-05-16,17625100,7.14542482,229037631,92.85457518,65217.7,-0.0144721452382606
2024-05-17,2024-05-17,11304732,4.57695813,235687521,95.42304187,66980.0,0.027021805430121
2024-05-18,2024-05-18,11112244,4.49640895,236023729,95.50359105,66884.9,-0.0014198268139744
2024-05-19,2024-05-19,16093797,6.50197698,231427796,93.49802302,66239.4,-0.0096509077534689
2024-05-20,2024-05-20,1243779,0.50174002,246649342,99.49825998,71466.5,0.0789122486012856
2024-05-21,2024-05-21,3728905,1.50222653,244496307,98.49777347,70168.8,-0.0181581580180923
2024-05-22,2024-05-22,7834968,3.15195105,240740212,96.84804895,69219.1,-0.0135345053642074
2024-05-23,2024-05-23,10836603,4.34839268,238372790,95.65160732,67999.9,-0.017613635542791
2024-05-24,2024-05-24,9275478,3.71214134,240593187,96.28785866,68584.1,0.0085911891046899
2024-05-25,2024-05-25,7974466,3.18151856,242675211,96.81848144,69314.4,0.0106482406272006
2024-05-26,2024-05-26,11472512,4.56261669,239973375,95.43738331,68524.3,-0.0113987858222821
2024-05-27,2024-05-27,7399853,2.93778849,244485299,97.06221151,69461.6,0.0136783593557321
2024-05-28,2024-05-28,12269674,4.86244547,240065783,95.13755453,68440.5,-0.014700208460502
2024-05-29,2024-05-29,16065238,6.34616628,237083471,93.65383372,67686.7,-0.0110139464206135
2024-05-30,2024-05-30,12990285,5.12156491,240648695,94.87843509,68402.5,0.010575194240523
2024-05-31,2024-05-31,18493580,7.26948702,235906489,92.73051298,67577.9,-0.0120551149446292
2024-06-01,2024-06-01,16648754,6.52410277,238539654,93.47589723,67799.2,0.0032747392268774
2024-06-02,2024-06-02,16066282,6.27791743,239851101,93.72208257,67805.9,9.882122502924418e-05
2024-06-03,2024-06-03,11305988,4.40554791,245324702,95.59445209,68851.4,0.0154190122098518
2024-06-04,2024-06-04,2811718,1.09297023,254443048,98.90702977,70580.0,0.0251062433007898
2024-06-05,2024-06-05,1882440,0.73015966,255929665,99.26984034,71133.3,0.0078393312553131
2024-06-06,2024-06-06,3636485,1.40714535,254793464,98.59285465,70830.0,-0.0042638258031049
2024-06-07,2024-06-07,10075593,3.8972317,248456457,96.1027683,69377.0,-0.0205139065367782
2024-06-08,2024-06-08,10910814,4.21488791,247952867,95.78511209,69346.5,-0.000439626965709
2024-06-09,2024-06-09,8242854,3.17566952,251319860,96.82433048,69667.1,0.004623160505577
2024-06-10,2024-06-10,9903045,3.80702542,250222484,96.19297458,69558.7,-0.0015559711829544
2024-06-11,2024-06-11,25559011,9.81406304,234873502,90.18593696,67320.7,-0.032174264326389
2024-06-12,2024-06-12,19347082,7.4121128,241672718,92.5878872,68270.3,0.014105616845933
2024-06-13,2024-06-13,30547869,11.6697089,231222748,88.3302911,66786.9,-0.0217283357477557
2024-06-14,2024-06-14,35171191,13.4017044,227267003,86.5982956,66039.7,-0.0111878227616493
2024-06-15,2024-06-15,34101904,12.98074419,228609567,87.01925581,66213.7,0.0026347787770084
2024-06-16,2024-06-16,31328391,11.92780189,231321771,88.07219811,66653.6,0.0066436402134302
2024-06-17,2024-06-17,32271121,12.2833939,230450414,87.7166061,66472.1,-0.002723033714608
2024-06-18,2024-06-18,38364197,14.58011687,224762617,85.41988313,65150.0,-0.0198895476448014
2024-06-19,2024-06-19,40018107,15.17528384,223687715,84.82471616,64933.6,-0.003321565617805
2024-06-20,2024-06-20,40677718,15.40115931,223443425,84.59884069,64854.0,-0.0012258676555743
2024-06-21,2024-06-21,44475762,16.80781538,220137818,83.19218462,64124.0,-0.0112560520553859
2024-06-22,2024-06-22,43535659,16.41921064,221615084,83.58078936,64240.0,0.0018089950720479
2024-06-23,2024-06-23,51068410,19.23446147,214436346,80.76553853,63194.9,-0.0162686799501867
2024-06-24,2024-06-24,60713619,22.84984675,204993279,77.15015325,60273.6,-0.0462268315955877
2024-06-25,2024-06-25,56274319,21.14999422,209798184,78.85000578,61777.8,0.0249561997292346
2024-06-26,2024-06-26,60834891,22.83733555,205548597,77.16266445,60860.1,-0.0148548507716365
2024-06-27,2024-06-27,56870703,21.35138358,209485352,78.64861642,61682.0,0.0135047428446553
2024-06-28,2024-06-28,62251846,23.33085273,204570146,76.66914727,60429.8,-0.0203008981550533
2024-06-29,2024-06-29,60646258,22.68867072,206651279,77.31132928,60982.4,0.0091444949346182
2024-06-30,2024-06-30,52536165,19.63082793,215084565,80.36917207,62766.0,0.0292477829668886
2024-07-01,2024-07-01,51799942,19.32413523,216258325,80.67586477,62883.6,0.0018736258483891
2024-07-02,2024-07-02,55486203,20.67339129,212908093,79.32660871,62123.6,-0.0120858220585335
2024-07-03,2024-07-03,64447550,23.98790475,204219308,76.01209525,60208.0,-0.0308353025259321
2024-07-04,2024-07-04,68184540,25.3503119,200784695,74.6496881,57045.9,-0.052519598724422
2024-07-05,2024-07-05,68489638,25.43151652,200820444,74.56848348,56604.9,-0.0077306169242662
2024-07-06,2024-07-06,66087822,24.50631824,203588844,75.49368176,58216.0,0.0284622002688812
2024-07-07,2024-07-07,70463542,26.07793225,199740174,73.92206775,55830.9,-0.0409698364710732
2024-07-08,2024-07-08,69343308,25.63811837,201126260,74.36188163,56686.4,0.0153230558704946
2024-07-09,2024-07-09,65980111,24.34858637,205001169,75.65141363,58023.2,0.0235823760196447
2024-07-10,2024-07-10,67193314,24.7512609,204280993,75.2487391,57707.0,-0.0054495443202029
2024-07-11,2024-07-11,69301913,25.48103305,202672590,74.51896695,57315.5,-0.0067842722719947
2024-07-12,2024-07-12,66792556,24.51736906,205636985,75.48263094,57870.0,0.0096745208538702
2024-07-13,2024-07-13,64054630,23.46171174,208963088,76.53828826,59174.0,0.022533264212891
2024-07-14,2024-07-14,61677146,22.58484406,211413719,77.41515594,60766.0,0.0269037077094669
2024-07-15,2024-07-15,37996593,13.90750311,235212715,86.09249689,64680.6,0.0644208932626797
2024-07-16,2024-07-16,36250187,13.2576271,237178736,86.7423729,65010.0,0.0050927171362047
2024-07-17,2024-07-17,43071963,15.73482678,230664530,84.26517322,64055.7,-0.0146792801107522
2024-07-18,2024-07-18,44763678,16.34445619,229113149,83.65554381,63959.9,-0.0014955733837893
2024-07-19,2024-07-19,27595014,10.06708678,246516202,89.93291322,66627.9,0.0417136362001815
2024-07-20,2024-07-20,24281888,8.84693185,250184881,91.15306815,67095.6,0.0070195818868674
2024-07-21,2024-07-21,17855756,6.48834362,257341691,93.51165638,68138.0,0.0155360411114886
2024-07-22,2024-07-22,20845297,7.55766007,254971514,92.44233993,67499.2,-0.0093750917256156
2024-07-23,2024-07-23,36479742,13.19177523,240054245,86.80822477,65916.4,-0.0234491668049399
2024-07-24,2024-07-24,39808397,14.37276298,237162684,85.62723702,65350.8,-0.0085805656862327
2024-07-25,2024-07-25,37647319,13.56698141,239844909,86.43301859,65773.0,0.0064605176983296
2024-07-26,2024-07-26,18784823,6.77659273,258416770,93.22340727,67882.5,0.0320724309367066
2024-07-27,2024-07-27,17746147,6.40772406,259203154,93.59227594,67873.8,-0.000128162633963
2024-07-28,2024-07-28,17270591,6.22243826,260282842,93.77756174,68215.5,0.0050343431486081
2024-07-29,2024-07-29,31670771,11.39041574,246376771,88.60958426,66750.0,-0.0214833872067198
2024-07-30,2024-07-30,37684254,13.52803191,240879947,86.47196809,66159.3,-0.0088494382022471
2024-07-31,2024-07-31,47613780,17.06811448,231349547,82.93188552,64601.8,-0.023541663832598
2024-08-01,2024-08-01,43804352,15.68577235,235457332,84.31422765,65328.9,0.0112551043469377
2024-08-02,2024-08-02,66939212,23.95766545,212467027,76.04233455,61483.7,-0.0588590960509055
2024-08-03,2024-08-03,73535252,26.29424263,206127688,73.70575737,60684.6,-0.0129969406525631
2024-08-04,2024-08-04,78220937,27.95104127,201628877,72.04895873,58144.5,-0.0418574069862864
2024-08-05,2024-08-05,85292746,30.4674774,194654113,69.5325226,54003.1,-0.0712259972998305
2024-08-06,2024-08-06,84156304,30.04780321,195918427,69.95219679,55991.2,0.0368145532386103
2024-08-07,2024-08-07,85380327,30.47899028,194748136,69.52100972,55102.9,-0.0158649930703395
2024-08-08,2024-08-08,65382687,23.30958139,215114358,76.69041861,61659.8,0.1189937371717277
2024-08-09,2024-08-09,72668259,25.88864244,208027259,74.11135756,60808.6,-0.0138047804241986
2024-08-10,2024-08-10,71284190,25.35873971,209818857,74.64126029,60889.9,0.0013369819400546
2024-08-11,2024-08-11,77083563,27.39331039,204312011,72.60668961,58693.1,-0.0360782330074446
2024-08-12,2024-08-12,75862212,26.95476838,205580429,73.04523162,59323.6,0.010742318943794
2024-08-13,2024-08-13,73709383,26.16722278,207976540,73.83277722,60550.5,0.0206814825802885
2024-08-14,2024-08-14,78311653,27.76845669,203704931,72.23154331,58648.1,-0.031418402820786
2024-08-15,2024-08-15,82997312,29.38666764,199434548,70.61333236,57511.0,-0.0193885223903246
2024-08-16,2024-08-16,77713856,27.47650403,205123640,72.52349597,58854.9,0.0233677035697519
2024-08-17,2024-08-17,76275018,26.90897422,207180670,73.09102578,59468.5,0.0104256400061846
2024-08-18,2024-08-18,79382405,27.94153323,204719417,72.05846677,58390.0,-0.0181356516475108
2024-08-19,2024-08-19,77082046,27.09784836,207376133,72.90215164,59398.5,0.0172717931152595
2024-08-20,2024-08-20,78884866,27.67581484,206146908,72.32418516,58982.9,-0.0069968096837461
2024-08-21,2024-08-21,68434851,23.96552021,217120607,76.03447979,61120.0,0.0362325351924031
2024-08-22,2024-08-22,74770761,26.12408109,211443176,73.87591891,60349.9,-0.0125998036649214
2024-08-23,2024-08-23,52255435,18.21674395,234598435,81.78325605,64019.9,0.0608120311715512
2024-08-24,2024-08-24,52861988,18.38419211,234678458,81.61580789,64116.5,0.0015089058245951
2024-08-25,2024-08-25,47824715,16.59619635,240342007,83.40380365,64190.2,0.001149470105199
2024-08-26,2024-08-26,61564994,21.33598526,226985046,78.66401474,62807.6,-0.021539113447224
2024-08-27,2024-08-27,81346620,28.14298221,207700999,71.85701779,59384.5,-0.0545013660767168
2024-08-28,2024-08-28,84360991,29.13809002,205160357,70.86190998,59010.0,-0.006306359403548
2024-08-29,2024-08-29,82348086,28.40871071,207521056,71.59128929,59323.2,0.0053075749872901
2024-08-30,2024-08-30,84282229,29.04279465,205917905,70.95720535,59096.3,-0.0038248105294386
2024-08-31,2024-08-31,85012312,29.23503727,205776823,70.76496273,58941.9,-0.0026126847196863
2024-09-01,2024-09-01,94115744,32.30564095,197213390,67.69435905,57268.1,-0.0283974557996943
2024-09-02,2024-09-02,82458310,28.24555707,209475426,71.75444293,59112.1,0.0321994269060785
2024-09-03,2024-09-03,93925249,32.10805382,198603378,67.89194618,57451.9,-0.0280856203721403
2024-09-04,2024-09-04,92116548,31.42741632,200983759,68.56965882,57944.8,0.0085793507264337
2024-09-05,2024-09-05,99756277,33.96749441,193925311,66.03250559,56145.7,-0.0310485151385457
2024-09-06,2024-09-06,102603151,34.87515262,191598145,65.12484738,53927.7,-0.0395043609751057
2024-09-07,2024-09-07,102889852,34.90711485,191863388,65.09288515,54134.9,0.0038421812908766
2024-09-08,2024-09-08,101243197,34.25761016,194291712,65.74238984,54839.6,0.0130174804054314
2024-09-09,2024-09-09,95694687,32.3563727,200057522,67.6436273,57010.0,0.0395772398048126
2024-09-10,2024-09-10,93352596,31.53356334,202689418,68.46643666,57609.1,0.0105086826872478
2024-09-11,2024-09-11,94614340,31.93333756,201672698,68.06666244,57306.0,-0.0052613215620448
2024-09-12,2024-09-12,89567092,30.20553472,206958339,69.79446528,58097.0,0.0138030921718492
2024-09-13,2024-09-13,75205188,25.34972984,221465382,74.65027016,60456.2,0.0406079487753239
2024-09-14,2024-09-14,78419962,26.38957741,218742667,73.61042259,59964.0,-0.008141431317218
2024-09-15,2024-09-15,84324835,28.33472235,213277640,71.66527765,59100.5,-0.014400306850777
2024-09-16,2024-09-16,90945317,30.52718084,206970555,69.47281916,58187.0,-0.0154567220243483
2024-09-17,2024-09-17,77328998,25.9347252,220835528,74.06417878,60281.0,0.0359874198704177
2024-09-18,2024-09-18,67918320,22.75959137,230497934,77.24040863,61735.3,0.0241253462948525
2024-09-19,2024-09-19,59108728,19.79343534,239519211,80.20656466,62926.9,0.0193017609050252
2024-09-20,2024-09-20,58020850,19.41589621,240810836,80.58410379,63175.7,0.0039537940054252
2024-09-21,2024-09-21,56682368,18.9502409,242429228,81.0497591,63320.6,0.0022936033949763
2024-09-22,2024-09-22,55476163,18.5226352,244028537,81.4773648,63558.4,0.0037554918936333
2024-09-23,2024-09-23,57639869,19.23164229,242073843,80.76835771,63302.0,-0.0040340851877957
2024-09-24,2024-09-24,46738055,15.58757177,253103740,84.41242823,64243.1,0.0148668288521689
2024-09-25,2024-09-25,60060921,20.030375,239788288,79.969625,63118.4,-0.0175069384883356
2024-09-26,2024-09-26,42807920,14.26731343,257233992,85.73268657,65139.2,0.0320160206849349
2024-09-27,2024-09-27,38357440,12.77470428,261903444,87.22529572,65749.6,0.0093707015130675
2024-09-28,2024-09-28,37762952,12.559596,262907165,87.440404,65822.6,0.0011102729142078
2024-09-29,2024-09-29,40656073,13.50624187,260360845,86.49375813,65568.1,-0.003866453163503
2024-09-30,2024-09-30,60936905,20.21859119,240453555,79.78140881,63309.1,-0.0344527292997662
2024-10-01,2024-10-01,77874335,25.80574799,223896941,74.19425201,60776.8,-0.0399989890868768
2024-10-02,2024-10-02,81093884,26.86091339,220809044,73.13908661,60622.6,-0.0025371523344435
2024-10-03,2024-10-03,80578365,26.67744555,221468414,73.32255445,60727.2,0.0017254291303903
2024-10-04,2024-10-04,69573940,23.03950038,232402834,76.96049962,62054.4,0.0218551159941509
2024-10-05,2024-10-05,69766430,23.05203447,232881174,76.94796553,62023.1,-0.0005043961427393
2024-10-06,2024-10-06,65580605,21.62545226,237675966,78.37454774,62789.3,0.0123534618553411
2024-10-07,2024-10-07,69042304,22.73098944,234694162,77.26901056,62190.7,-0.0095334714672723
2024-10-08,2024-10-08,71173003,23.39780402,233013676,76.60219598,62131.7,-0.0009486949013276
2024-10-09,2024-10-09,85794771,28.16683054,218800277,71.83316946,60606.4,-0.0245494650878697
2024-10-10,2024-10-10,88732072,29.07182847,216484616,70.92817153,60293.2,-0.0051677710604821
2024-10-11,2024-10-11,68888117,22.53154672,236852620,77.46845328,62509.0,0.0367504129818951
2024-10-12,2024-10-12,60780591,19.8323814,245690880,80.1676186,63176.0,0.0106704634532628
2024-10-13,2024-10-13,66342280,21.61030765,240651406,78.38969235,62839.8,-0.0053216411295428
2024-10-14,2024-10-14,35622019,11.58845773,271770214,88.41154227,66064.9,0.0513225694543901
2024-10-15,2024-10-15,26703114,8.67714679,281037606,91.32285321,67044.1,0.0148217888773012
2024-10-16,2024-10-16,20734665,6.72372666,287645881,93.27627334,67592.0,0.0081722329034172
2024-10-17,2024-10-17,24952120,8.07891487,283902725,91.92108513,67401.5,-0.0028183808734761
2024-10-18,2024-10-18,15231700,4.92732019,293895765,95.07267981,68407.8,0.0149299347937361
2024-10-19,2024-10-19,16066010,5.18747152,293641907,94.81252848,68357.1,-0.0007411435538052
2024-10-20,2024-10-20,12846853,4.14054954,297422421,95.85945046,69020.1,0.0096990656420474
2024-10-21,2024-10-21,27303720,8.78206348,283599521,91.21793652,67368.8,-0.023924914626319
2024-10-22,2024-10-22,26942518,8.64785939,284608778,91.35214061,67406.4,0.0005581218605643
2024-10-23,2024-10-23,37188766,11.91955926,274809062,88.08044074,66647.2,-0.0112630254693916
2024-10-24,2024-10-24,19146672,6.12673436,293363564,93.87326564,68173.8,0.0229056884610308
2024-10-25,2024-10-25,42015491,13.43221788,270780887,86.56778212,66662.8,-0.0221639398126552
2024-10-26,2024-10-26,33343977,10.64840918,279791783,89.35159082,67071.8,0.0061353558506394
2024-10-27,2024-10-27,20888615,6.66218764,292651263,93.33781236,67992.6,0.0137285714711696
2024-10-28,2024-10-28,5160716,1.64432923,308688597,98.35567077,69940.0,0.0286413521471453
2024-10-29,2024-10-29,354759,0.11292915,313788237,99.88707085,72739.5,0.0400271661424078
2024-10-30,2024-10-30,487873,0.15510571,314054375,99.84489429,72349.0,-0.0053684724255734
2024-10-31,2024-10-31,6283993,1.99662405,308446915,98.00337595,70321.9,-0.0280183554713956
2024-11-01,2024-11-01,10223941,3.24653719,304694398,96.75346281,69495.5,-0.0117516733762881
2024-11-02,2024-11-02,14039474,4.45304076,301229386,95.54394508,69366.6,-0.0018547963537206
2024-11-03,2024-11-03,17791669,5.6417,297568400,94.3583,68762.5,-0.0087088022189354
2024-11-04,2024-11-04,27724135,8.79388508,287541925,91.20611492,67834.3,-0.0134986366115251
2024-11-05,2024-11-05,11937126,3.78566258,303387490,96.21433742,69353.1,0.0223898529210149
2024-11-06,2024-11-06,140271,0.04447955,315220381,99.95552045,75579.9,0.0897840183063192
2024-11-07,2024-11-07,170052,0.05390643,315287690,99.94609357,75859.4,0.0036980731649551
2024-11-08,2024-11-08,152606,0.04834125,315532248,99.95165875,76482.2,0.0082099252037322
2024-11-09,2024-11-09,99822,0.0315837,315955641,99.9684163,76675.1,0.0025221554819292
2024-11-10,2024-11-10,61844,0.01955245,316236107,99.98044755,80410.0,0.0487107287763561
2024-11-11,2024-11-11,24237,0.00765975,316396197,99.99234025,88728.9,0.103456037806243
2024-11-12,2024-11-12,307714,0.0971925,316294904,99.9028075,87972.0,-0.008530478795522
2024-11-13,2024-11-13,226319,0.07139344,316776190,99.92860656,90413.3,0.0277508752784978
2024-11-14,2024-11-14,1804762,0.56876056,315510138,99.43123944,87382.7,-0.0335194047778369
2024-11-15,2024-11-15,377705,0.11892832,317212759,99.88107168,91074.6,0.0422497817073632
2024-11-16,2024-11-16,1149069,0.36146013,316747403,99.63853987,90643.3,-0.004735678224225
2024-11-17,2024-11-17,2036158,0.63979277,316216579,99.36020723,89899.9,-0.0082013783699402
2024-11-18,2024-11-18,2012182,0.63129614,316726025,99.36870386,90507.4,0.0067575158593058
2024-11-19,2024-11-19,377837,0.1183099,318984272,99.8816901,92335.9,0.0202027679504659
2024-11-20,2024-11-20,271391,0.08484742,319586313,99.91515258,94288.0,0.021141289574261
2024-11-21,2024-11-21,59348,0.01854481,319965553,99.98145519,98366.8,0.0432589512981502
2024-11-22,2024-11-22,428210,0.13367451,319909611,99.86632549,98921.4,0.005638081141198
2024-11-23,2024-11-23,1488320,0.46442726,318975210,99.53557274,97725.5,-0.0120893962277119
2024-11-24,2024-11-24,1508476,0.47049328,319107365,99.52950672,97960.4,0.0024036715084598
2024-11-25,2024-11-25,3394050,1.05811676,317369229,98.94188324,93064.0,-0.049983462705338
2024-11-26,2024-11-26,4240979,1.32123503,316744986,98.67876497,92021.4,-0.0112030430671367
2024-11-27,2024-11-27,2487682,0.77442075,318743637,99.22557925,95905.2,0.0422054000482496
2024-11-28,2024-11-28,2737852,0.85135699,318841695,99.14637675,95694.4,-0.0021980038621471
2024-11-29,2024-11-29,1916071,0.59561522,319780040,99.40438478,97516.3,0.019038731629019
2024-11-30,2024-11-30,3270928,1.0155028,318828429,98.9844972,96475.1,-0.0106771893519339
2024-12-01,2024-12-01,2331916,0.72279329,320293656,99.27720671,97265.1,0.0081886414214651
2024-12-02,2024-12-02,4809394,1.49110578,317729359,98.50889422,95890.5,-0.0141325100164396
2024-12-03,2024-12-03,4367057,1.3535245,318276308,98.6464755,95913.3,0.0002377712077838
2024-12-04,2024-12-04,248822,0.07707747,322571848,99.92292253,98669.8,0.0287394970249172
2024-12-05,2024-12-05,3285211,1.01718594,319685337,98.98281406,97001.5,-0.0169079090055924
2024-12-06,2024-12-06,640627,0.19830243,322414925,99.80169757,99802.5,0.0288758421261527
2024-12-07,2024-12-07,753128,0.2329901,322491501,99.7670099,99899.2,0.0009689136043686
2024-12-08,2024-12-08,378481,0.11707097,322913449,99.88292903,101200.0,0.0130211252942966
2024-12-09,2024-12-09,4261314,1.3185025,318932158,98.6814975,97349.1,-0.0380523715415018
2024-12-10,2024-12-10,6069411,1.8776429,317176879,98.1223571,96602.4,-0.0076703328536166
2024-12-11,2024-12-11,400031,0.1236285,323175038,99.8763715,101115.3,0.0467162306526547
2024-12-12,2024-12-12,1620768,0.50052429,322193284,99.49947571,99982.4,-0.0112040413270791
2024-12-13,2024-12-13,554418,0.17110627,323465266,99.82889373,101371.9,0.0138974459504872
2024-12-14,2024-12-14,946199,0.29180305,323313264,99.70819695,101381.0,8.976846640940117e-05
2024-12-15,2024-12-15,12406,0.00382475,324348331,99.99617525,104460.4,0.0303745277714757
2024-12-16,2024-12-16,200012,0.06167149,324118417,99.93832851,106023.2,0.0149606932387775
2024-12-17,2024-12-17,737486,0.22727918,323747137,99.77272082,106074.6,0.0004847995533054
2024-12-18,2024-12-18,3649363,1.12454069,320870952,98.87545931,100181.1,-0.0555599549750835
2024-12-19,2024-12-19,7794500,2.40084186,316862452,97.59915814,97434.4,-0.0274173471842494
2024-12-20,2024-12-20,7351861,2.26418808,317350008,97.73581192,97764.4,0.0033868941564785
2024-12-21,2024-12-21,8836995,2.72147128,315871415,97.27684416,97261.8,-0.0051409306455109
2024-12-22,2024-12-22,12257927,3.77633122,312340904,96.22366878,95153.5,-0.0216765472158648
2024-12-23,2024-12-23,12377290,3.8139665,312141111,96.18387712,94861.1,-0.0030729295296546
2024-12-24,2024-12-24,5430284,1.67327603,319099794,98.32672397,98627.2,0.0397012052358658
2024-12-25,2024-12-25,4895757,1.50835279,319680631,98.49164721,99379.7,0.0076297410856234
2024-12-26,2024-12-26,11758696,3.62449691,312664149,96.37550309,95751.0,-0.0365134931983091
2024-12-27,2024-12-27,13565992,4.1841537,310657088,95.8158463,94258.9,-0.015583127069169
2024-12-28,2024-12-28,12120058,3.73976429,311966089,96.26023571,95259.1,0.0106111995790318
2024-12-29,2024-12-29,14340432,4.42825358,309499017,95.57174642,93700.0,-0.0163669402713232
