start_time,date,nul,nup,nupl,close,change
2021-01-01,2021-01-01,9.95e-06,0.68348719,0.68363813,29337.16,
2021-01-02,2021-01-02,8.443e-05,0.707238,0.7054091,32199.91,0.0975810201123763
2021-01-03,2021-01-03,0.00012686,0.71857308,0.70864371,33054.53,0.0265410679719291
2021-01-04,2021-01-04,0.00076484,0.69325823,0.6945197,32031.07,-0.0309627757526729
2021-01-05,2021-01-05,2.27e-05,0.70915955,0.70845181,33999.52,0.0614543941242049
2021-01-06,2021-01-06,1.4e-07,0.71405024,0.72602097,36823.68,0.083064702089912
2021-01-07,2021-01-07,8.106e-05,0.73463692,0.73659221,39498.92,0.0726499904409336
2021-01-08,2021-01-08,0.00010018,0.74069967,0.7369958,40637.23,0.0288187626395861
2021-01-09,2021-01-09,0.00018588,0.73517259,0.73014587,40136.04,-0.0123332717313655
2021-01-10,2021-01-10,0.00163699,0.72273088,0.71313788,38221.67,-0.047697032392832
2021-01-11,2021-01-11,0.0050671,0.69371916,0.68936259,35408.46,-0.0736024878033848
2021-01-12,2021-01-12,0.00759531,0.67538878,0.67472535,34056.9,-0.038170538905109
2021-01-13,2021-01-13,0.00234829,0.7017464,0.70181088,37421.07,0.0987808637897165
2021-01-14,2021-01-14,0.00070295,0.71685244,0.71199632,39163.31,0.0465577280393103
2021-01-15,2021-01-15,0.00385867,0.68863824,0.69161212,36755.24,-0.0614879079424083
2021-01-16,2021-01-16,0.00406379,0.69858546,0.68417469,36025.66,-0.0198496867385438
2021-01-17,2021-01-17,0.0049769,0.68451392,0.68193681,35869.83,-0.0043255279708963
2021-01-18,2021-01-18,0.00321618,0.69465403,0.68709835,36686.86,0.0227776379202242
2021-01-19,2021-01-19,0.00389321,0.69417806,0.679117,35891.03,-0.0216925078897458
2021-01-20,2021-01-20,0.00505077,0.68207797,0.67477506,35500.0,-0.0108949227703969
2021-01-21,2021-01-21,0.01877589,0.65497849,0.62581624,30879.97,-0.1301416901408451
2021-01-22,2021-01-22,0.01124915,0.65972471,0.64972681,32986.34,0.0682115299982479
2021-01-23,2021-01-23,0.01420772,0.65228864,0.63944604,32086.48,-0.0272797770228524
2021-01-24,2021-01-24,0.01310327,0.65497368,0.6413617,32275.63,0.0058950062456213
2021-01-25,2021-01-25,0.01275941,0.65885106,0.63999022,32253.68,-0.0006800796762139
2021-01-26,2021-01-26,0.01192737,0.65673645,0.64245189,32474.14,0.0068351890388942
2021-01-27,2021-01-27,0.02059614,0.63692565,0.61574781,30381.04,-0.0644543627637251
2021-01-28,2021-01-28,0.00891165,0.65915078,0.6489097,33399.75,0.0993616413394669
2021-01-29,2021-01-29,0.00709907,0.66416222,0.65422564,34269.35,0.0260361230248729
2021-01-30,2021-01-30,0.00685106,0.66234844,0.65379093,34289.85,0.0005982021835839
2021-01-31,2021-01-31,0.01031174,0.65149665,0.64031279,33126.21,-0.0339354065415858
2021-02-01,2021-02-01,0.00874788,0.65377607,0.64420238,33546.09,0.0126751596394516
2021-02-02,2021-02-02,0.00431118,0.66792549,0.66245807,35504.06,0.0583665637336572
2021-02-03,2021-02-03,0.00167772,0.67978277,0.68011115,37652.51,0.0605127976913064
2021-02-04,2021-02-04,0.00243941,0.67521589,0.67200052,36976.93,-0.0179424957326882
2021-02-05,2021-02-05,0.00141903,0.67083391,0.68075956,38362.65,0.0374752582218156
2021-02-06,2021-02-06,0.00065598,0.68965968,0.68657478,39249.54,0.0231185801815045
2021-02-07,2021-02-07,0.00088343,0.6850957,0.68200889,38849.25,-0.0101985908624662
2021-02-08,2021-02-08,0.0,0.7298297,0.73083671,46451.32,0.195681255107885
2021-02-09,2021-02-09,0.00012766,0.72678004,0.72513905,46492.54,0.0008873805954277
2021-02-10,2021-02-10,0.00077936,0.71841027,0.71176137,44850.0,-0.0353291087129247
2021-02-11,2021-02-11,8.4e-07,0.72885949,0.72819291,48060.21,0.0715765886287624
2021-02-12,2021-02-12,6.642e-05,0.72712753,0.72196433,47361.03,-0.0145480013508055
2021-02-13,2021-02-13,0.00024089,0.71763138,0.71979371,47221.62,-0.0029435592933683
2021-02-14,2021-02-14,6.34e-06,0.73652874,0.72687376,48655.21,0.0303587636341149
2021-02-15,2021-02-15,0.00012738,0.72094104,0.71971368,47981.58,-0.0138449715868043
2021-02-16,2021-02-16,1.602e-05,0.72530465,0.72490073,49197.94,0.0253505616113516
2021-02-17,2021-02-17,3.56e-06,0.73896358,0.73778421,52194.62,0.0609106804065373
2021-02-18,2021-02-18,0.00012314,0.73142423,0.73160868,51619.7,-0.0110149283585166
2021-02-19,2021-02-19,3.96e-06,0.74551976,0.74771251,56004.1,0.0849365649161075
2021-02-20,2021-02-20,6.98e-05,0.74677472,0.74382926,55917.41,-0.0015479223842539
2021-02-21,2021-02-21,3.239e-05,0.74790715,0.74881985,57487.43,0.0280774806987662
2021-02-22,2021-02-22,0.00149083,0.72004708,0.73120498,54121.1,-0.0585576707812472
2021-02-23,2021-02-23,0.00546821,0.70237268,0.69969248,48930.0,-0.0959163801179207
2021-02-24,2021-02-24,0.00418914,0.70635149,0.70211407,49702.03,0.0157782546494993
2021-02-25,2021-02-25,0.0080936,0.69484549,0.6835339,47089.37,-0.0525664645890719
2021-02-26,2021-02-26,0.00968372,0.68322667,0.6754155,46313.13,-0.0164843997700543
2021-02-27,2021-02-27,0.00855162,0.68508216,0.67483352,46102.63,-0.0045451473480631
2021-02-28,2021-02-28,0.01136031,0.67387602,0.66776174,45163.36,-0.0203734580868812
2021-03-01,2021-03-01,0.00324166,0.69937898,0.69562837,49592.7,0.0980737482773645
2021-03-02,2021-03-02,0.00461478,0.68889867,0.68695805,48450.57,-0.023030204042127
2021-03-03,2021-03-03,0.00249041,0.70272057,0.69751602,50373.75,0.0396936506629332
2021-03-04,2021-03-04,0.00470604,0.69213749,0.68392297,48385.77,-0.0394646020993076
2021-03-05,2021-03-05,0.00390085,0.69259096,0.68562808,48770.57,0.0079527513977766
2021-03-06,2021-03-06,0.00390776,0.68949484,0.68579203,48908.21,0.0028221937943313
2021-03-07,2021-03-07,0.00175812,0.70517988,0.69807137,50995.27,0.0426729990731618
2021-03-08,2021-03-08,0.00117279,0.70386402,0.7045756,52429.43,0.0281233926205313
2021-03-09,2021-03-09,0.00038565,0.7111021,0.71644491,54917.78,0.0474609393998752
2021-03-10,2021-03-10,0.00017048,0.72335922,0.7193881,55947.98,0.018758952018818
2021-03-11,2021-03-11,2.36e-06,0.72861971,0.72588751,57844.52,0.0338982747902603
2021-03-12,2021-03-12,3.88e-05,0.72313659,0.72074511,57291.03,-0.0095685814317414
2021-03-13,2021-03-13,1.52e-06,0.73973564,0.73706207,61267.41,0.0694066767520151
2021-03-14,2021-03-14,0.00020954,0.73530495,0.72557788,59037.12,-0.0364025507198688
2021-03-15,2021-03-15,0.00149325,0.71180909,0.70802574,55646.61,-0.0574301388685627
2021-03-16,2021-03-16,0.00092215,0.70352243,0.71277761,56954.19,0.0234979273670039
2021-03-17,2021-03-17,0.0002277,0.71838699,0.72103623,58959.0,0.0352003952650366
2021-03-18,2021-03-18,0.00043795,0.71948876,0.71390846,57700.01,-0.0213536525382044
2021-03-19,2021-03-19,0.00040255,0.71693897,0.7150317,58089.11,0.0067434996978337
2021-03-20,2021-03-20,0.00046595,0.71443117,0.71430383,58145.61,0.0009726435815593
2021-03-21,2021-03-21,0.00067618,0.71256012,0.70995706,57415.18,-0.0125620833627853
2021-03-22,2021-03-22,0.00322613,0.70466172,0.69120833,54129.56,-0.0572256326636962
2021-03-23,2021-03-23,0.00302077,0.6996781,0.69080951,54400.0,0.0049961610624582
2021-03-24,2021-03-24,0.00661565,0.68712311,0.67738407,52311.54,-0.0383908088235294
2021-03-25,2021-03-25,0.00810427,0.68029529,0.66984024,51325.21,-0.0188549218776583
2021-03-26,2021-03-26,0.002324,0.69175642,0.69105791,55030.0,0.0721826564372556
2021-03-27,2021-03-27,0.00142343,0.69574801,0.69405342,55828.0,0.014501181173905
2021-03-28,2021-03-28,0.00147432,0.69466183,0.69307363,55805.08,-0.0004105466790856
2021-03-29,2021-03-29,0.00040667,0.70467972,0.70166376,57677.64,0.0335553680776015
2021-03-30,2021-03-30,0.00020172,0.70563987,0.70610259,58794.16,0.019357934894701
2021-03-31,2021-03-31,0.00025238,0.70368015,0.70452089,58807.24,0.0002224710753584
2021-04-01,2021-04-01,0.00024108,0.70328964,0.70234649,58794.01,-0.000224972299329
2021-04-02,2021-04-02,0.00018269,0.70372737,0.70239331,59031.36,0.0040369758756035
2021-04-03,2021-04-03,0.00145304,0.69466904,0.6920498,57134.65,-0.0321305489150173
2021-04-04,2021-04-04,0.00055144,0.69827837,0.69765991,58234.61,0.0192520650778467
2021-04-05,2021-04-05,0.00017615,0.69934246,0.70155268,59243.39,0.0173226883463286
2021-04-06,2021-04-06,0.00068468,0.69202493,0.69066101,58059.99,-0.0199752242402063
2021-04-07,2021-04-07,0.00289791,0.68402699,0.67855105,56018.18,-0.0351672468424468
2021-04-08,2021-04-08,0.00068613,0.68823025,0.68955849,58122.26,0.0375606633417937
2021-04-09,2021-04-09,0.00058003,0.68984925,0.68896064,58176.03,0.000925118878722
2021-04-10,2021-04-10,0.00013261,0.69599018,0.69671649,59832.43,0.028472207539772
2021-04-11,2021-04-11,8.451e-05,0.69642482,0.69654687,60090.2,0.004308198747736
2021-04-12,2021-04-12,0.00012483,0.695334,0.69443734,59911.18,-0.0029791879541088
2021-04-13,2021-04-13,2.17e-06,0.70691737,0.71019056,63649.71,0.0624012079214597
2021-04-14,2021-04-14,0.0001636,0.70101949,0.70480344,63019.1,-0.0099075078268228
2021-04-15,2021-04-15,5.535e-05,0.70421252,0.70427943,63232.55,0.0033870683649879
2021-04-16,2021-04-16,0.00046034,0.69771597,0.69467704,61424.67,-0.0285909709477161
2021-04-17,2021-04-17,0.00113518,0.69044009,0.68690647,60090.14,-0.0217262868485903
2021-04-18,2021-04-18,0.00522406,0.67101178,0.66196293,56140.05,-0.0657360758354032
2021-04-19,2021-04-19,0.00617808,0.66754337,0.6582839,55634.39,-0.0090071170225178
2021-04-20,2021-04-20,0.0045634,0.667161,0.66250537,56410.56,0.0139512628789495
2021-04-21,2021-04-21,0.00994775,0.66105185,0.64536609,53800.0,-0.0462778600318805
2021-04-22,2021-04-22,0.01627522,0.65024624,0.62984804,51714.61,-0.0387618959107806
2021-04-23,2021-04-23,0.01802957,0.64334263,0.62610392,51122.62,-0.011447248659518
2021-04-24,2021-04-24,0.02149665,0.63852747,0.61732833,50092.4,-0.0201519405695561
2021-04-25,2021-04-25,0.02522475,0.63212125,0.60976145,49063.94,-0.020531258234782
2021-04-26,2021-04-26,0.00891051,0.65300064,0.64424095,53984.33,0.1002852604173247
2021-04-27,2021-04-27,0.00648583,0.65526578,0.649158,55006.25,0.0189299376319016
2021-04-28,2021-04-28,0.00697442,0.65246793,0.64738652,54861.77,-0.0026266106124304
2021-04-29,2021-04-29,0.00987078,0.64748221,0.63751824,53558.8,-0.0237500539993513
2021-04-30,2021-04-30,0.00210425,0.66556433,0.66206518,57684.16,0.0770248773310828
2021-05-01,2021-05-01,0.00208431,0.66389645,0.66200504,57836.34,0.0026381592451028
2021-05-02,2021-05-02,0.00358965,0.65796444,0.65418987,56630.33,-0.0208521147776639
2021-05-03,2021-05-03,0.0028091,0.66001064,0.65663789,57214.83,0.010321324279763
2021-05-04,2021-05-04,0.01119659,0.64361962,0.63050948,53263.32,-0.0690644366154719
2021-05-05,2021-05-05,0.00240624,0.65721884,0.65692337,57497.77,0.0795003015208213
2021-05-06,2021-05-06,0.00388692,0.65186084,0.64922274,56435.35,-0.0184775861742115
2021-05-07,2021-05-07,0.00240138,0.6552746,0.65245791,57350.88,0.0162226335089619
2021-05-08,2021-05-08,0.00124965,0.65688561,0.66097176,58924.98,0.0274468325507821
2021-05-09,2021-05-09,0.00153605,0.65680063,0.65647927,58292.53,-0.0107331389845189
2021-05-10,2021-05-10,0.00500649,0.64800489,0.64062545,55869.67,-0.0415638161527729
2021-05-11,2021-05-11,0.00355372,0.64695445,0.64584681,56710.43,0.0150485943446596
2021-05-12,2021-05-12,0.02386041,0.63566234,0.592513,49595.76,-0.1254561109834645
2021-05-13,2021-05-13,0.02623415,0.61688954,0.59423555,49707.9,0.0022610803826779
2021-05-14,2021-05-14,0.02312365,0.62330657,0.59569231,49873.27,0.0033268353722446
2021-05-15,2021-05-15,0.03930514,0.60896024,0.56898197,46793.41,-0.0617537209811988
2021-05-16,2021-05-16,0.04072043,0.60658223,0.5660906,46429.28,-0.0077816513051731
2021-05-17,2021-05-17,0.05722169,0.59875851,0.53811371,43566.18,-0.0616658281153617
2021-05-18,2021-05-18,0.0626814,0.59045843,0.5312535,42882.53,-0.0156922181380144
2021-05-19,2021-05-19,0.09830423,0.59976001,0.4567533,36689.14,-0.1444268796640496
2021-05-20,2021-05-20,0.07293149,0.5811264,0.51027683,40500.3,0.1038770600782685
2021-05-21,2021-05-21,0.10126545,0.56359401,0.46839537,37211.02,-0.0812161885220604
2021-05-22,2021-05-22,0.09571624,0.57038517,0.47210665,37432.58,0.0059541501415443
2021-05-23,2021-05-23,0.12632578,0.55334249,0.43054345,34651.6,-0.0742930356390075
2021-05-24,2021-05-24,0.08420172,0.56946443,0.48971698,38779.66,0.1191304297637052
2021-05-25,2021-05-25,0.08710671,0.56642779,0.48421214,38326.84,-0.0116767398166979
2021-05-26,2021-05-26,0.07807723,0.5729094,0.49566347,39224.2,0.023413357323484
2021-05-27,2021-05-27,0.08285598,0.57041427,0.48683322,38527.38,-0.0177650532069487
2021-05-28,2021-05-28,0.11110867,0.55648608,0.44625504,35670.99,-0.074139222547705
2021-05-29,2021-05-29,0.12301117,0.55120629,0.42971555,34611.94,-0.0296893918559589
2021-05-30,2021-05-30,0.11062011,0.55533875,0.4457743,35651.81,0.030043678568725
2021-05-31,2021-05-31,0.09291231,0.5640125,0.4701705,37243.38,0.0446420532365678
2021-06-01,2021-06-01,0.09814603,0.55916102,0.46136032,36693.41,-0.0147669196512237
2021-06-02,2021-06-02,0.08852584,0.5649763,0.47405531,37569.99,0.023889303283614
2021-06-03,2021-06-03,0.07476925,0.57019505,0.49602936,39247.4,0.0446476030470064
2021-06-04,2021-06-04,0.09460075,0.55917237,0.46408868,36828.03,-0.0616440834297304
2021-06-05,2021-06-05,0.10835067,0.55272387,0.44450596,35498.62,-0.0360977766119989
2021-06-06,2021-06-06,0.1050169,0.55323949,0.44903634,35801.71,0.0085380783816384
2021-06-07,2021-06-07,0.13152817,0.54224791,0.41289075,33550.96,-0.06286710886156
2021-06-08,2021-06-08,0.13018175,0.544181,0.41218753,33372.58,-0.005316688404743
2021-06-09,2021-06-09,0.08656601,0.56206621,0.47417235,37368.45,0.1197351238651609
2021-06-10,2021-06-10,0.09144774,0.56023801,0.46387824,36669.66,-0.0186999995985917
2021-06-11,2021-06-11,0.08644389,0.55874083,0.472797,37300.42,0.017201141215926
2021-06-12,2021-06-12,0.103892,0.55043159,0.4467572,35537.05,-0.0472748028038289
2021-06-13,2021-06-13,0.07199316,0.5699081,0.49570688,38993.65,0.0972674996939813
2021-06-14,2021-06-14,0.06259555,0.57327107,0.51349501,40489.1,0.0383511161432694
2021-06-15,2021-06-15,0.0638295,0.57392592,0.50851993,40132.86,-0.0087984173518304
2021-06-16,2021-06-16,0.07759183,0.5620748,0.48517966,38344.97,-0.0445492795679151
2021-06-17,2021-06-17,0.07920547,0.55977391,0.48232167,38060.71,-0.0074132278627419
2021-06-18,2021-06-18,0.10252975,0.5437952,0.45004362,35811.41,-0.0590976889290818
2021-06-19,2021-06-19,0.10296384,0.54962851,0.4448636,35483.0,-0.0091705408974402
2021-06-20,2021-06-20,0.10164278,0.54951094,0.44688573,35588.64,0.002977200349463
2021-06-21,2021-06-21,0.149287,0.53669756,0.37881871,31606.0,-0.1119076199596275
2021-06-22,2021-06-22,0.13995682,0.53034064,0.3970009,32496.0,0.0281592102765297
2021-06-23,2021-06-23,0.12137912,0.54049604,0.41780845,33649.0,0.0354812900049237
2021-06-24,2021-06-24,0.11030007,0.54183861,0.43424016,34644.64,0.0295889922434544
2021-06-25,2021-06-25,0.14390172,0.52961325,0.38492925,31568.07,-0.0888036360025678
2021-06-26,2021-06-26,0.13458705,0.52967277,0.39912664,32255.56,0.0217780181050029
2021-06-27,2021-06-27,0.10763864,0.53424202,0.44102391,34687.71,0.0754025042504298
2021-06-28,2021-06-28,0.1058706,0.54226804,0.43738748,34487.22,-0.0057798569003257
2021-06-29,2021-06-29,0.0911414,0.5496536,0.4593105,35911.26,0.0412918176646306
2021-06-30,2021-06-30,0.10043528,0.54120242,0.44644548,35031.39,-0.0245012288624794
2021-07-01,2021-07-01,0.11565676,0.53693746,0.42162701,33489.96,-0.0440013941781928
2021-07-02,2021-07-02,0.11058497,0.53783451,0.42808918,33760.94,0.0080913802226101
2021-07-03,2021-07-03,0.10052871,0.54298336,0.44252249,34652.94,0.0264210652902436
2021-07-04,2021-07-04,0.09309113,0.5495179,0.45194772,35280.16,0.0181000515396385
2021-07-05,2021-07-05,0.1102505,0.53963856,0.42615543,33672.72,-0.0455621516455708
2021-07-06,2021-07-06,0.10528687,0.53843834,0.43526974,34206.01,0.0158374494249351
2021-07-07,2021-07-07,0.10897851,0.53678828,0.42916218,33845.64,-0.0105352831271464
2021-07-08,2021-07-08,0.12054823,0.53189485,0.41248489,32852.04,-0.0293568093261051
2021-07-09,2021-07-09,0.10824005,0.53866601,0.42840916,33805.01,0.0290079398417877
2021-07-10,2021-07-10,0.11193311,0.53567749,0.42357694,33497.98,-0.0090823815759852
2021-07-11,2021-07-11,0.10342689,0.53939339,0.43606923,34253.81,0.0225634500946025
2021-07-12,2021-07-12,0.11622458,0.53408924,0.41582173,33070.87,-0.0345345525067136
2021-07-13,2021-07-13,0.12189776,0.5286861,0.4098919,32709.09,-0.0109395368189588
2021-07-14,2021-07-14,0.11933137,0.53079721,0.41193125,32803.01,0.0028713730647964
2021-07-15,2021-07-15,0.13290482,0.52283011,0.3954132,31866.43,-0.0285516481566783
2021-07-16,2021-07-16,0.1370075,0.52474131,0.3868681,31382.95,-0.0151720792068643
2021-07-17,2021-07-17,0.13468072,0.52296626,0.38704527,31496.65,0.0036229863668011
2021-07-18,2021-07-18,0.13101166,0.52309737,0.39234436,31767.0,0.0085834525259034
2021-07-19,2021-07-19,0.14514553,0.51837571,0.37373318,30823.62,-0.0296968552271225
2021-07-20,2021-07-20,0.16085246,0.51409328,0.35232852,29775.9,-0.0339908161338609
2021-07-21,2021-07-21,0.1253532,0.52403732,0.39927121,32120.0,0.0787247404780375
2021-07-22,2021-07-22,0.12240925,0.52598796,0.40184373,32268.11,0.0046111457036115
2021-07-23,2021-07-23,0.10582281,0.53051526,0.42725297,33634.46,0.0423436637596685
2021-07-24,2021-07-24,0.09851084,0.53585537,0.43767395,34230.0,0.017706245321019
2021-07-25,2021-07-25,0.08830489,0.54052622,0.45553109,35370.66,0.0333234005258546
2021-07-26,2021-07-26,0.07151796,0.55454511,0.47961023,37218.09,0.0522305775464748
2021-07-27,2021-07-27,0.05846294,0.55611273,0.50582937,39442.33,0.059762336003809
2021-07-28,2021-07-28,0.0539815,0.56292723,0.5102746,40003.08,0.0142169592922121
2021-07-29,2021-07-29,0.05368664,0.55799277,0.50453516,40012.9,0.0002454810979555
2021-07-30,2021-07-30,0.04303119,0.56977314,0.52976857,42203.25,0.054741095996541
2021-07-31,2021-07-31,0.04511576,0.57174749,0.52106898,41448.11,-0.017892934785828
2021-08-01,2021-08-01,0.05438206,0.55699264,0.50138726,39846.78,-0.038634572239844
2021-08-02,2021-08-02,0.05882788,0.55147919,0.49222952,39147.48,-0.0175497242186193
2021-08-03,2021-08-03,0.06473923,0.54750882,0.47969977,38203.26,-0.0241195601862496
2021-08-04,2021-08-04,0.05467242,0.55555607,0.49931674,39731.31,0.0399978954675595
2021-08-05,2021-08-05,0.04883984,0.56065114,0.5131397,40882.4,0.0289718612348801
2021-08-06,2021-08-06,0.03915683,0.5732461,0.53480438,42825.43,0.0475272978103047
2021-08-07,2021-08-07,0.03141036,0.58535717,0.5524357,44601.11,0.0414632147301263
2021-08-08,2021-08-08,0.03498716,0.57755781,0.54400808,43787.71,-0.0182372142756088
2021-08-09,2021-08-09,0.02528748,0.5902577,0.56719438,46259.7,0.0564539684765428
2021-08-10,2021-08-10,0.02793641,0.58508708,0.55990123,45589.99,-0.014477179921184
2021-08-11,2021-08-11,0.02723409,0.58953754,0.55862695,45522.12,-0.0014887039896256
2021-08-12,2021-08-12,0.03229318,0.58021887,0.54728901,44385.09,-0.0249775274086533
2021-08-13,2021-08-13,0.01963095,0.59817303,0.57874942,47792.52,0.0767696990137905
2021-08-14,2021-08-14,0.02186971,0.59374092,0.57126736,47083.74,-0.0148303542060556
2021-08-15,2021-08-15,0.02199751,0.59398733,0.57021558,47006.02,-0.0016506760083204
2021-08-16,2021-08-16,0.02586323,0.58814719,0.5593716,45926.23,-0.0229713130360748
2021-08-17,2021-08-17,0.0316325,0.57833439,0.54699796,44704.84,-0.026594606176035
2021-08-18,2021-08-18,0.03034789,0.58267714,0.54665352,44714.09,0.0002069127190702
2021-08-19,2021-08-19,0.02335537,0.58642549,0.56590032,46772.0,0.0460237477716756
2021-08-20,2021-08-20,0.01517532,0.60262156,0.58775391,49332.74,0.0547494227315488
2021-08-21,2021-08-21,0.01617726,0.60162292,0.58304708,48848.29,-0.0098200505384455
2021-08-22,2021-08-22,0.01515239,0.60257551,0.58615939,49273.28,0.0087002021974567
2021-08-23,2021-08-23,0.01446399,0.60352076,0.58692436,49523.91,0.0050865296566415
2021-08-24,2021-08-24,0.02008387,0.59227564,0.57085274,47719.36,-0.0364379549191492
2021-08-25,2021-08-25,0.01621631,0.5957017,0.5803964,48992.65,0.0266828809103893
2021-08-26,2021-08-26,0.0216418,0.59237911,0.56072107,46853.06,-0.0436716527887347
2021-08-27,2021-08-27,0.01579281,0.59553345,0.58023542,49083.98,0.04761524647483
2021-08-28,2021-08-28,0.01624812,0.59412393,0.57852202,48931.99,-0.0030965296620202
2021-08-29,2021-08-29,0.01614899,0.59636906,0.57718553,48795.41,-0.002791221039651
2021-08-30,2021-08-30,0.02293393,0.58204141,0.56060483,47024.7,-0.036288454180424
2021-08-31,2021-08-31,0.02198453,0.58393646,0.56117579,47150.32,0.002671362071422
2021-09-01,2021-09-01,0.01632156,0.59197096,0.57605103,48842.94,0.0358983777840744
2021-09-02,2021-09-02,0.01489349,0.59542445,0.57900137,49299.14,0.0093401420962784
2021-09-03,2021-09-03,0.01306835,0.59851992,0.58450351,50027.08,0.0147657748187899
2021-09-04,2021-09-04,0.01333756,0.59697068,0.58345439,49940.74,-0.001725865271369
2021-09-05,2021-09-05,0.00924848,0.60677409,0.59804055,51799.57,0.0372207139902212
2021-09-06,2021-09-06,0.00744897,0.61179402,0.60425501,52683.97,0.0170735008031919
2021-09-07,2021-09-07,0.02391614,0.57893216,0.55554302,46864.39,-0.1104620627488779
2021-09-08,2021-09-08,0.02609605,0.57983486,0.54754247,46062.29,-0.0171153406669755
2021-09-09,2021-09-09,0.02554511,0.57473826,0.55009518,46413.88,0.0076329248936601
2021-09-10,2021-09-10,0.0354973,0.55773966,0.53454939,44860.83,-0.0334608957492886
2021-09-11,2021-09-11,0.03150597,0.56704216,0.53775955,45193.78,0.0074218421727818
2021-09-12,2021-09-12,0.02621861,0.57525641,0.54610097,46046.73,0.0188731723701802
2021-09-13,2021-09-13,0.03200786,0.56720697,0.53536241,44975.96,-0.0232539856793306
2021-09-14,2021-09-14,0.02208881,0.57697982,0.55627444,47087.18,0.0469410769664504
2021-09-15,2021-09-15,0.01832005,0.58262822,0.56479361,48106.12,0.021639435617083
2021-09-16,2021-09-16,0.0194736,0.5801653,0.56064826,47745.55,-0.007495304131782
2021-09-17,2021-09-17,0.02135481,0.57632639,0.5561409,47303.11,-0.0092666227533246
2021-09-18,2021-09-18,0.01816331,0.57924274,0.56502814,48285.15,0.0207605800126038
2021-09-19,2021-09-19,0.02152714,0.57599335,0.55512328,47256.91,-0.0212951601061609
2021-09-20,2021-09-20,0.0432435,0.55451499,0.51207906,43026.6,-0.0895172790603533
2021-09-21,2021-09-21,0.05733419,0.54290822,0.4856149,40726.1,-0.0534669251114426
2021-09-22,2021-09-22,0.03925394,0.556925,0.51871343,43520.0,0.0686021985900933
2021-09-23,2021-09-23,0.03281815,0.55976065,0.53266522,44828.29,0.0300618106617647
2021-09-24,2021-09-24,0.04291172,0.55346131,0.51085422,42798.49,-0.0452794429588994
2021-09-25,2021-09-25,0.04348743,0.5533027,0.50914046,42651.58,-0.0034325977388454
2021-09-26,2021-09-26,0.04027858,0.55298369,0.51145502,43150.0,0.011685850793804
2021-09-27,2021-09-27,0.04594879,0.54912275,0.49931197,42122.69,-0.0238078794901506
2021-09-28,2021-09-28,0.05441642,0.53837906,0.48590973,41006.32,-0.0265028183147848
2021-09-29,2021-09-29,0.05036252,0.54181176,0.49201397,41499.71,0.0120320477428845
2021-09-30,2021-09-30,0.0365633,0.55260069,0.51797884,43796.57,0.0553464108544372
2021-10-01,2021-10-01,0.01768101,0.57741727,0.56023013,48123.94,0.098806139384888
2021-10-02,2021-10-02,0.01823291,0.5803914,0.5547968,47626.61,-0.0103343574944196
2021-10-03,2021-10-03,0.01739694,0.57746893,0.55968623,48187.3,0.0117726203901558
2021-10-04,2021-10-04,0.01409935,0.58516096,0.56817413,49198.22,0.020978971637755
2021-10-05,2021-10-05,0.00905015,0.59730693,0.5859189,51455.12,0.0458736108745398
2021-10-06,2021-10-06,0.002849,0.61837189,0.61198987,55321.6,0.0751427651903249
2021-10-07,2021-10-07,0.00561424,0.60354143,0.59920707,53814.99,-0.0272336664160111
2021-10-08,2021-10-08,0.00527159,0.60450235,0.59956898,53975.0,0.0029733351246559
2021-10-09,2021-10-09,0.0035227,0.61008809,0.60641063,54960.77,0.0182634553033811
2021-10-10,2021-10-10,0.00412559,0.60650943,0.60370929,54700.0,-0.0047446569616836
2021-10-11,2021-10-11,0.00116985,0.62191676,0.62199987,57500.01,0.0511884826325412
2021-10-12,2021-10-12,0.00234164,0.61553519,0.61088164,56011.84,-0.0258812128902239
2021-10-13,2021-10-13,0.00118351,0.62067418,0.61930023,57393.65,0.0246699626364712
2021-10-14,2021-10-14,0.00126701,0.61901838,0.61799538,57378.19,-0.0002693677784911
2021-10-15,2021-10-15,0.00012558,0.64080903,0.64294363,61702.33,0.0753620844435838
2021-10-16,2021-10-16,0.00026819,0.63877514,0.63743328,60925.56,-0.0125889897512785
2021-10-17,2021-10-17,0.0001284,0.64093154,0.64084732,61571.45,0.0106012977147851
2021-10-18,2021-10-18,7.991e-05,0.64202044,0.64229029,62037.92,0.0075760762496255
2021-10-19,2021-10-19,5.5e-07,0.65218837,0.65236019,64316.7,0.0367320503330865
2021-10-20,2021-10-20,6.012e-05,0.65907114,0.65919698,66064.24,0.0271708592014205
2021-10-21,2021-10-21,0.00103533,0.6373248,0.63660736,62260.33,-0.0575789564823572
2021-10-22,2021-10-22,0.0017697,0.629067,0.62721955,60734.27,-0.0245109526403088
2021-10-23,2021-10-23,0.00123713,0.63264182,0.63060623,61325.11,0.0097282802608806
2021-10-24,2021-10-24,0.00149623,0.62939234,0.62718017,60902.82,-0.0068860863029842
2021-10-25,2021-10-25,0.00046565,0.63919689,0.63880793,63127.04,0.0365208047837521
2021-10-26,2021-10-26,0.00241038,0.62385791,0.62143287,60358.75,-0.0438526818301634
2021-10-27,2021-10-27,0.00390573,0.61597614,0.60949244,58449.36,-0.031634021579307
2021-10-28,2021-10-28,0.00167545,0.62445646,0.62245597,60622.03,0.0371718355855392
2021-10-29,2021-10-29,0.00066029,0.62977492,0.63156359,62308.22,0.0278148059377094
2021-10-30,2021-10-30,0.00083238,0.62795137,0.62904749,61895.19,-0.0066288204028296
2021-10-31,2021-10-31,0.00102969,0.62757602,0.62499001,61348.61,-0.0088307346661348
2021-11-01,2021-11-01,0.00130322,0.62401558,0.62075911,60942.87,-0.0066136787777261
2021-11-02,2021-11-02,0.00029051,0.63135397,0.63245207,63266.69,0.0381311218195008
2021-11-03,2021-11-03,0.00037291,0.62898283,0.62902155,62946.45,-0.0050617473428751
2021-11-04,2021-11-04,0.00127473,0.62131628,0.61978487,61431.86,-0.024061563440035
2021-11-05,2021-11-05,0.00160344,0.61846553,0.61604471,61006.0,-0.0069322335348466
2021-11-06,2021-11-06,0.00114504,0.61942153,0.61891352,61511.3,0.0082827918565386
2021-11-07,2021-11-07,0.00021976,0.62886429,0.62930338,63316.4,0.0293458275146192
2021-11-08,2021-11-08,5.02e-06,0.65115903,0.65051569,67606.96,0.0677638021113014
2021-11-09,2021-11-09,9.809e-05,0.64897473,0.64592005,67009.98,-0.0088301559484409
2021-11-10,2021-11-10,0.00096968,0.63403071,0.63356856,64920.13,-0.0311871455565275
2021-11-11,2021-11-11,0.00076902,0.63363667,0.63227681,64831.3,-0.0013682967055055
2021-11-12,2021-11-12,0.00093476,0.62323318,0.62357315,64156.08,-0.0104150310112554
2021-11-13,2021-11-13,0.00071037,0.62697023,0.62472374,64427.0,0.0042228265816739
2021-11-14,2021-11-14,0.00033468,0.63104653,0.63086917,65568.39,0.0177160196811896
2021-11-15,2021-11-15,0.0011487,0.62321563,0.61870933,63654.49,-0.0291893700607869
2021-11-16,2021-11-16,0.00494269,0.60720175,0.59588194,60106.03,-0.0557456355396139
2021-11-17,2021-11-17,0.00547102,0.59655634,0.59716778,60366.96,0.0043411617769464
2021-11-18,2021-11-18,0.01213534,0.58533901,0.57318293,56921.05,-0.0570827154456675
2021-11-19,2021-11-19,0.0085769,0.59073771,0.5819423,58069.51,0.0201763670909091
2021-11-20,2021-11-20,0.00531106,0.59807288,0.59315131,59716.29,0.0283587720991618
2021-11-21,2021-11-21,0.00724757,0.59295224,0.58553336,58661.39,-0.0176651965485464
2021-11-22,2021-11-22,0.01252204,0.58381948,0.56822887,56268.31,-0.0407948055782517
2021-11-23,2021-11-23,0.00886711,0.58812311,0.57770278,57574.23,0.0232088008330089
2021-11-24,2021-11-24,0.00974535,0.5849362,0.57449226,57165.08,-0.0071064780197668
2021-11-25,2021-11-25,0.0059485,0.58988509,0.58470265,58988.21,0.0318923720565071
2021-11-26,2021-11-26,0.02165685,0.5633318,0.54521675,53755.65,-0.0887051836290675
2021-11-27,2021-11-27,0.0171612,0.56858028,0.55351513,54738.77,0.0182886822129393
2021-11-28,2021-11-28,0.00921178,0.57979885,0.57327828,57315.73,0.0470774188020668
2021-11-29,2021-11-29,0.00759898,0.58432892,0.57604731,57827.98,0.0089373370975123
2021-11-30,2021-11-30,0.00864271,0.58435548,0.56950652,56975.0,-0.0147502990766753
2021-12-01,2021-12-01,0.00893745,0.57898977,0.5705032,57209.29,0.0041121544537077
2021-12-02,2021-12-02,0.01074339,0.57465494,0.56517158,56513.57,-0.0121609619696381
2021-12-03,2021-12-03,0.02105736,0.56236924,0.54208739,53612.0,-0.0513428898581349
2021-12-04,2021-12-04,0.04087299,0.54452327,0.50339917,49135.66,-0.0834951130343952
2021-12-05,2021-12-05,0.03950311,0.54399162,0.50598856,49376.6,0.0049035669816992
2021-12-06,2021-12-06,0.03235067,0.55089947,0.51674591,50424.72,0.0212270589712535
2021-12-07,2021-12-07,0.03150832,0.55004531,0.51658341,50577.2,0.0030239136677405
2021-12-08,2021-12-08,0.03200076,0.54754925,0.51567301,50455.61,-0.0024040476736552
2021-12-09,2021-12-09,0.04572567,0.53970904,0.48633552,47539.76,-0.0577904022961965
2021-12-10,2021-12-10,0.04976164,0.53282362,0.4821858,47136.35,-0.0084857390950228
2021-12-11,2021-12-11,0.03679158,0.54020205,0.50552094,49381.15,0.0476235431890674
2021-12-12,2021-12-12,0.03312737,0.54379552,0.51211654,50057.01,0.013686599036272
2021-12-13,2021-12-13,0.05253781,0.52960843,0.47737172,46679.93,-0.0674646767755405
2021-12-14,2021-12-14,0.04182539,0.53476975,0.49451387,48324.04,0.0352209182832965
2021-12-15,2021-12-15,0.03837851,0.5368066,0.50024946,48870.48,0.0113078293950588
2021-12-16,2021-12-16,0.04482289,0.53199322,0.48700089,47624.5,-0.0254955547807184
2021-12-17,2021-12-17,0.05381484,0.52810614,0.47093372,46125.33,-0.0314789656584321
2021-12-18,2021-12-18,0.04930401,0.52840995,0.47898456,46815.99,0.0149735514087379
2021-12-19,2021-12-19,0.05056168,0.52720251,0.47708223,46668.63,-0.0031476425041957
2021-12-20,2021-12-20,0.04832416,0.52842914,0.48004152,46898.14,0.0049178645269853
2021-12-21,2021-12-21,0.03619985,0.53779513,0.5007309,48875.15,0.0421554031780364
2021-12-22,2021-12-22,0.03753017,0.53572267,0.49742081,48569.69,-0.0062498017908896
2021-12-23,2021-12-23,0.02757508,0.5435989,0.51910386,50817.92,0.0462887451000819
2021-12-24,2021-12-24,0.02742831,0.54358732,0.51858966,50808.55,-0.0001843837764314
2021-12-25,2021-12-25,0.02760261,0.54655397,0.51467802,50403.64,-0.0079693279969612
2021-12-26,2021-12-26,0.02664004,0.54515715,0.51815066,50765.73,0.0071838065663512
2021-12-27,2021-12-27,0.02730512,0.54322107,0.51694489,50707.72,-0.0011427000064807
2021-12-28,2021-12-28,0.04326289,0.52977392,0.48523561,47522.03,-0.0628245561030944
2021-12-29,2021-12-29,0.05081322,0.52419383,0.4736054,46436.54,-0.0228418272535916
2021-12-30,2021-12-30,0.04512806,0.52681143,0.48088235,47095.02,0.0141802123930852
2021-12-31,2021-12-31,0.05167349,0.52169679,0.47038875,46210.56,-0.0187803296399491
2022-01-01,2022-01-01,0.04185113,0.52493391,0.48731846,47704.35,0.0323257281452551
2022-01-02,2022-01-02,0.04325677,0.52656007,0.48262997,47280.0,-0.008895415197985
2022-01-03,2022-01-03,0.04912582,0.5223844,0.47342458,46445.81,-0.0176436125211506
2022-01-04,2022-01-04,0.05359442,0.5196089,0.46649983,45833.42,-0.0131850429565121
2022-01-05,2022-01-05,0.07247452,0.51229187,0.43754047,43421.69,-0.0526194641377404
2022-01-06,2022-01-06,0.07481424,0.50954529,0.43378002,43080.01,-0.0078688784337965
2022-01-07,2022-01-07,0.08938887,0.50079669,0.41420835,41553.86,-0.0354259434944421
2022-01-08,2022-01-08,0.08559574,0.50585621,0.41619884,41688.05,0.0032293028854599
2022-01-09,2022-01-09,0.08500165,0.50350086,0.41886467,41851.22,0.0039140712986094
2022-01-10,2022-01-10,0.08463221,0.50372821,0.41863614,41801.55,-0.0011868232276143
2022-01-11,2022-01-11,0.07587295,0.50709766,0.43124892,42700.68,0.0215094894806531
2022-01-12,2022-01-12,0.06527373,0.51265291,0.44617132,43880.72,0.0276351570982007
2022-01-13,2022-01-13,0.0772447,0.50496736,0.42895824,42534.32,-0.0306831793097287
2022-01-14,2022-01-14,0.0720052,0.50799724,0.43574391,43042.4,0.0119451774472942
2022-01-15,2022-01-15,0.07162432,0.5084505,0.43585388,43070.51,0.0006530769659685
2022-01-16,2022-01-16,0.07186916,0.50756349,0.43574965,43060.66,-0.0002286947612182
2022-01-17,2022-01-17,0.07929191,0.50359344,0.42461086,42176.34,-0.0205366104467513
2022-01-18,2022-01-18,0.07751669,0.50419611,0.4269256,42337.58,0.0038229964951914
2022-01-19,2022-01-19,0.08267113,0.50181047,0.41812001,41657.89,-0.0160540588290593
2022-01-20,2022-01-20,0.09288589,0.49633322,0.40421892,40661.69,-0.0239138372106699
2022-01-21,2022-01-21,0.14156791,0.48069013,0.33880187,36425.98,-0.1041695512409838
2022-01-22,2022-01-22,0.16152284,0.47405502,0.31425031,35043.73,-0.0379468170794581
2022-01-23,2022-01-23,0.14031624,0.48401893,0.33651101,36230.01,0.0338514193551884
2022-01-24,2022-01-24,0.13560715,0.48084108,0.3458348,36648.31,0.0115456771886068
2022-01-25,2022-01-25,0.13118818,0.48139576,0.35112939,36934.26,0.0078025426001908
2022-01-26,2022-01-26,0.13250084,0.48081283,0.34874196,36787.43,-0.0039754417714068
2022-01-27,2022-01-27,0.12646449,0.48304544,0.35554594,37131.0,0.009339331396621
2022-01-28,2022-01-28,0.11847048,0.48530203,0.36583202,37696.21,0.0152220516549512
2022-01-29,2022-01-29,0.11262378,0.48577301,0.37422368,38150.01,0.0120383454994548
2022-01-30,2022-01-30,0.1141687,0.48609417,0.37029554,37870.01,-0.0073394476174448
2022-01-31,2022-01-31,0.10754933,0.48801816,0.37998611,38439.04,0.0150258740359454
2022-02-01,2022-02-01,0.10293584,0.4844986,0.38030251,38680.51,0.0062818946570986
2022-02-02,2022-02-02,0.12477901,0.47533264,0.35052387,36892.03,-0.0462372393745584
2022-02-03,2022-02-03,0.12192945,0.47141921,0.35832884,37289.86,0.0107836299601837
2022-02-04,2022-02-04,0.07525806,0.49970979,0.42317044,41550.0,0.11424392582863
2022-02-05,2022-02-05,0.07697991,0.49752565,0.42021936,41374.69,-0.0042192539109505
2022-02-06,2022-02-06,0.06855582,0.50315209,0.43373309,42361.35,0.0238469460435835
2022-02-07,2022-02-07,0.05767979,0.50997948,0.45164603,43829.99,0.0346693389138921
2022-02-08,2022-02-08,0.05591947,0.5108331,0.45380214,44021.57,0.0043709797789139
2022-02-09,2022-02-09,0.05434454,0.50976568,0.45757848,44358.08,0.0076442071466329
2022-02-10,2022-02-10,0.06005023,0.50600919,0.44594215,43471.29,-0.0199916227212719
2022-02-11,2022-02-11,0.0683897,0.49989205,0.43097494,42366.0,-0.025425746509938
2022-02-12,2022-02-12,0.07044978,0.49644032,0.42872998,42199.87,-0.0039213048199027
2022-02-13,2022-02-13,0.06997099,0.49991586,0.42635551,42041.13,-0.0037616229623457
2022-02-14,2022-02-14,0.0660828,0.50147177,0.43290014,42525.14,0.0115127733245989
2022-02-15,2022-02-15,0.05303578,0.50694791,0.45795798,44529.6,0.0471358824450665
2022-02-16,2022-02-16,0.05510991,0.51043396,0.44935861,43860.7,-0.0150214688656534
2022-02-17,2022-02-17,0.08441906,0.48978547,0.40416994,40491.7,-0.0768113595998239
2022-02-18,2022-02-18,0.08937326,0.48688364,0.39639843,39966.8,-0.0129631504728128
2022-02-19,2022-02-19,0.08817725,0.48699218,0.39828595,40052.6,0.0021467818289178
2022-02-20,2022-02-20,0.10415044,0.48329001,0.37190403,38368.1,-0.0420571947888526
2022-02-21,2022-02-21,0.12230711,0.4744029,0.34923791,36986.4,-0.0360116867918921
2022-02-22,2022-02-22,0.10616306,0.47990832,0.37038534,38212.0,0.0331365042285811
2022-02-23,2022-02-23,0.11871781,0.47425934,0.35359778,37227.8,-0.0257563069192923
2022-02-24,2022-02-24,0.10551352,0.47787738,0.37287803,38315.1,0.0292066681351033
2022-02-25,2022-02-25,0.09512232,0.48153795,0.38699679,39205.4,0.0232362697735357
2022-02-26,2022-02-26,0.09608614,0.48102625,0.38501937,39099.3,-0.0027062598519591
2022-02-27,2022-02-27,0.11193279,0.47480376,0.36233986,37672.0,-0.036504489850202
2022-02-28,2022-02-28,0.05947949,0.50082431,0.44172613,43155.0,0.1455457634317265
2022-03-01,2022-03-01,0.05093847,0.50651204,0.45674233,44394.1,0.0287127795156991
2022-03-02,2022-03-02,0.05364672,0.50443996,0.44984571,43885.7,-0.0114519722215339
2022-03-03,2022-03-03,0.06415589,0.49568706,0.43074715,42449.5,-0.0327259221113026
2022-03-04,2022-03-04,0.0953171,0.47784735,0.38325993,39127.7,-0.0782529829562186
2022-03-05,2022-03-05,0.09246598,0.47874962,0.38730769,39375.1,0.0063228863439457
2022-03-06,2022-03-06,0.10356947,0.47424682,0.37158566,38401.1,-0.0247364451137901
2022-03-07,2022-03-07,0.1086833,0.47136356,0.3649144,37963.8,-0.011387694623331
2022-03-08,2022-03-08,0.09886604,0.47535821,0.37693785,38709.9,0.0196529325304632
2022-03-09,2022-03-09,0.06703823,0.4916458,0.42423207,41937.5,0.08337918723634
2022-03-10,2022-03-10,0.08976625,0.4792361,0.38829374,39407.2,-0.0603350223546945
2022-03-11,2022-03-11,0.09681284,0.47419267,0.37667789,38713.0,-0.0176160701597677
2022-03-12,2022-03-12,0.09496397,0.47612821,0.37776587,38792.6,0.0020561568465373
2022-03-13,2022-03-13,0.10819721,0.47011924,0.3609927,37743.7,-0.0270386620128582
2022-03-14,2022-03-14,0.08706449,0.47698421,0.3914545,39653.8,0.0506071211884369
2022-03-15,2022-03-15,0.08918529,0.47777352,0.38576013,39271.0,-0.0096535514881298
2022-03-16,2022-03-16,0.07237922,0.48571357,0.41252562,41105.8,0.0467214993252018
2022-03-17,2022-03-17,0.07284535,0.48366912,0.41004724,40898.1,-0.0050528149312263
2022-03-18,2022-03-18,0.06595107,0.48774562,0.4215746,41751.5,0.020866495020551
2022-03-19,2022-03-19,0.06254008,0.49014284,0.42751215,42188.2,0.0104595044489419
2022-03-20,2022-03-20,0.07018295,0.48409451,0.41439072,41261.0,-0.0219777094068956
2022-03-21,2022-03-21,0.07174469,0.48373016,0.4106598,40982.0,-0.0067618332081141
2022-03-22,2022-03-22,0.06154307,0.4896148,0.42887815,42349.8,0.0333756283246304
2022-03-23,2022-03-23,0.05730456,0.49363457,0.43561082,42867.9,0.0122338240086139
2022-03-24,2022-03-24,0.05042757,0.49838459,0.44920458,43973.4,0.0257885270797029
2022-03-25,2022-03-25,0.0477139,0.4998125,0.45047666,44290.6,0.0072134517685691
2022-03-26,2022-03-26,0.0466473,0.50013907,0.45285586,44489.2,0.0044840214402153
2022-03-27,2022-03-27,0.0342624,0.51393513,0.47942835,46820.8,0.0524082249175081
2022-03-28,2022-03-28,0.03346037,0.51213731,0.48092948,47121.9,0.0064309025048696
2022-03-29,2022-03-29,0.03114926,0.51570265,0.48323689,47418.5,0.0062943132598642
2022-03-30,2022-03-30,0.0329835,0.51258119,0.47876851,47053.2,-0.0077037443192004
2022-03-31,2022-03-31,0.04257586,0.49968613,0.4610681,45506.0,-0.0328819293905621
2022-04-01,2022-04-01,0.03706781,0.50651664,0.46963531,46266.2,0.016705489386015
2022-04-02,2022-04-02,0.0391501,0.50574658,0.46408756,45794.6,-0.0101931863866061
2022-04-03,2022-04-03,0.03618388,0.50743606,0.47061736,46392.4,0.0130539408576557
2022-04-04,2022-04-04,0.0349636,0.50835811,0.47252699,46580.9,0.0040631655184901
2022-04-05,2022-04-05,0.04096567,0.50245712,0.45964404,45477.4,-0.0236899673471315
2022-04-06,2022-04-06,0.05595602,0.49055798,0.43116704,43159.7,-0.0509637754137221
2022-04-07,2022-04-07,0.05429179,0.48967132,0.43491206,43417.1,0.0059638968760209
2022-04-08,2022-04-08,0.06330942,0.48347888,0.41928394,42229.2,-0.027360187575863
2022-04-09,2022-04-09,0.05980125,0.48410125,0.42629458,42727.7,0.0118046280772545
2022-04-10,2022-04-10,0.06265363,0.48559892,0.41816753,42140.4,-0.0137451816971191
2022-04-11,2022-04-11,0.08903552,0.46944809,0.38024512,39505.6,-0.0625243234520792
2022-04-12,2022-04-12,0.0828022,0.47086869,0.38813693,40060.7,0.0140511724920011
2022-04-13,2022-04-13,0.07213244,0.47567874,0.40392421,41129.8,0.0266870024737462
2022-04-14,2022-04-14,0.0837411,0.46800835,0.38541896,39915.9,-0.0295138804467807
2022-04-15,2022-04-15,0.07692739,0.47197674,0.39448545,40529.5,0.0153723203034379
2022-04-16,2022-04-16,0.07852467,0.47085098,0.39216327,40361.0,-0.0041574655497846
2022-04-17,2022-04-17,0.08554619,0.4679602,0.38150184,39649.1,-0.0176383142142166
2022-04-18,2022-04-18,0.07434435,0.472505,0.3986445,40785.6,0.0286639545412128
2022-04-19,2022-04-19,0.06780058,0.47623934,0.40843895,41472.9,0.0168515358361776
2022-04-20,2022-04-20,0.06846612,0.47601713,0.40635254,41327.7,-0.0035010814290779
2022-04-21,2022-04-21,0.07742565,0.46891805,0.3921246,40449.8,-0.0212424112641157
2022-04-22,2022-04-22,0.08471008,0.46570389,0.38078226,39674.2,-0.0191743840513427
2022-04-23,2022-04-23,0.08441378,0.46977405,0.37681705,39415.1,-0.0065306924903337
2022-04-24,2022-04-24,0.08722854,0.46422184,0.37706163,39433.4,0.0004642890668804
2022-04-25,2022-04-25,0.07608498,0.46972591,0.39242476,40411.0,0.0247911668788387
2022-04-26,2022-04-26,0.10266241,0.45863432,0.35605888,38093.7,-0.0573432976169855
2022-04-27,2022-04-27,0.08868864,0.46278033,0.37468764,39209.0,0.0292778070914614
2022-04-28,2022-04-28,0.08260617,0.46540691,0.38259642,39732.5,0.0133515264352572
2022-04-29,2022-04-29,0.09482259,0.46104051,0.36466131,38572.2,-0.0292027936827534
2022-04-30,2022-04-30,0.10738611,0.45699631,0.34872262,37614.5,-0.0248287626840054
2022-05-01,2022-05-01,0.09703486,0.45846464,0.36316462,38440.5,0.0219596166372011
2022-05-02,2022-05-02,0.09478864,0.45960414,0.36468515,38525.6,0.0022138109545921
2022-05-03,2022-05-03,0.10407588,0.4565206,0.35224528,37712.9,-0.0210950640612994
2022-05-04,2022-05-04,0.08109925,0.46460019,0.3837104,39684.0,0.0522659355286916
2022-05-05,2022-05-05,0.11964531,0.45278997,0.33185424,36534.7,-0.0793594395726238
2022-05-06,2022-05-06,0.12745305,0.45034976,0.32251826,35995.3,-0.0147640462354965
2022-05-07,2022-05-07,0.13524293,0.44902764,0.31258233,35466.7,-0.0146852505743807
2022-05-08,2022-05-08,0.15855179,0.44441335,0.28450714,34032.0,-0.040452029650348
2022-05-09,2022-05-09,0.23275712,0.43509954,0.19480832,30056.6,-0.1168135872120357
2022-05-10,2022-05-10,0.21370363,0.43327598,0.22075853,31002.1,0.0314573171948922
2022-05-11,2022-05-11,0.2570419,0.42615451,0.17078948,29074.7,-0.0621699820334751
2022-05-12,2022-05-12,0.252281,0.42895941,0.17300923,29020.7,-0.0018572848559056
2022-05-13,2022-05-13,0.24601045,0.42668768,0.18216248,29274.3,0.0087385900409018
2022-05-14,2022-05-14,0.22585276,0.42926648,0.203179,30079.8,0.0275156024226028
2022-05-15,2022-05-15,0.19968003,0.43445945,0.23502812,31324.4,0.0413766048976389
2022-05-16,2022-05-16,0.22915284,0.42849237,0.19854935,29866.7,-0.0465356080244154
2022-05-17,2022-05-17,0.21616067,0.43031842,0.21424337,30437.0,0.0190948447602179
2022-05-18,2022-05-18,0.25408838,0.42511352,0.1677437,28700.6,-0.0570489864309886
2022-05-19,2022-05-19,0.21536227,0.4314996,0.21321758,30319.9,0.0564204232664127
2022-05-20,2022-05-20,0.24065491,0.42565419,0.18375971,29188.9,-0.0373022338464177
2022-05-21,2022-05-21,0.23491602,0.42599254,0.19090338,29427.4,0.0081709142859101
2022-05-22,2022-05-22,0.21512886,0.4304573,0.21389137,30284.0,0.0291089256951004
2022-05-23,2022-05-23,0.24223553,0.42435019,0.18222964,29097.7,-0.0391725003302073
2022-05-24,2022-05-24,0.22860817,0.42685515,0.19765758,29643.1,0.0187437495059745
2022-05-25,2022-05-25,0.2307617,0.42591462,0.19509073,29536.7,-0.0035893681834895
2022-05-26,2022-05-26,0.23697501,0.42585805,0.18628786,29194.0,-0.0116025148374734
2022-05-27,2022-05-27,0.25078145,0.42199922,0.17168844,28623.2,-0.0195519627320681
2022-05-28,2022-05-28,0.23930817,0.42499343,0.18348871,29018.8,0.0138209564269542
2022-05-29,2022-05-29,0.23034283,0.42490502,0.19581569,29452.8,0.0149558217431458
2022-05-30,2022-05-30,0.18379765,0.43718628,0.25305561,31726.5,0.0771980932203391
2022-05-31,2022-05-31,0.18178526,0.43603441,0.25438113,31797.8,0.002247332671426
2022-06-01,2022-06-01,0.22134966,0.42582215,0.20521062,29796.9,-0.0629257370006729
2022-06-02,2022-06-02,0.20530921,0.42858692,0.22436388,30437.1,0.0214854565407809
2022-06-03,2022-06-03,0.22073323,0.42563743,0.2043994,29682.8,-0.0247822558653747
2022-06-04,2022-06-04,0.2175125,0.42468244,0.20958762,29848.4,0.0055789885051276
2022-06-05,2022-06-05,0.21510228,0.42604977,0.2113089,29909.9,0.0020604119483791
2022-06-06,2022-06-06,0.18535499,0.433445,0.24810597,31361.2,0.0485223955947695
2022-06-07,2022-06-07,0.18839582,0.43195695,0.24388524,31118.1,-0.0077516166473222
2022-06-08,2022-06-08,0.20512666,0.42837439,0.22132533,30192.5,-0.0297447466265613
2022-06-09,2022-06-09,0.20750732,0.42664102,0.21902987,30093.3,-0.0032855841682537
2022-06-10,2022-06-10,0.22956457,0.42223221,0.19251134,29077.7,-0.0337483758843329
2022-06-11,2022-06-11,0.24644236,0.41857319,0.17421274,28416.7,-0.0227321968381267
2022-06-12,2022-06-12,0.28663334,0.42134979,0.11823994,26564.7,-0.0651729440786579
2022-06-13,2022-06-13,0.42973959,0.39438964,-0.03356027,22471.5,-0.1540841793809078
2022-06-14,2022-06-14,0.43244899,0.39592091,-0.0411486,22122.7,-0.0155218832743697
2022-06-15,2022-06-15,0.41284655,0.39498725,-0.01503411,22567.5,0.0201060449221839
2022-06-16,2022-06-16,0.50453777,0.38284057,-0.11966712,20387.4,-0.0966035227650381
2022-06-17,2022-06-17,0.49394797,0.38302156,-0.11223267,20457.3,0.003428588245681
2022-06-18,2022-06-18,0.56650877,0.37454092,-0.19412813,18959.7,-0.0732061415729348
2022-06-19,2022-06-19,0.48520486,0.38399892,-0.10069846,20564.2,0.0846268664588574
2022-06-20,2022-06-20,0.48041399,0.38729991,-0.09925905,20570.1,0.0002869063712664
2022-06-21,2022-06-21,0.47654405,0.38241336,-0.08967216,20713.1,0.0069518378617507
2022-06-22,2022-06-22,0.50754095,0.37931907,-0.12741834,19977.4,-0.0355185848569261
2022-06-23,2022-06-23,0.45468712,0.3870334,-0.06638093,21096.6,0.0560233063361597
2022-06-24,2022-06-24,0.44740614,0.38848213,-0.05911327,21231.2,0.0063801750045031
2022-06-25,2022-06-25,0.43627976,0.39065038,-0.04693812,21481.9,0.0118080937488225
2022-06-26,2022-06-26,0.45575424,0.38590179,-0.06899984,21029.1,-0.0210782100279771
2022-06-27,2022-06-27,0.467648,0.38358229,-0.08353069,20730.0,-0.0142231479235914
2022-06-28,2022-06-28,0.48603679,0.38244029,-0.10700161,20268.6,-0.0222575976845152
2022-06-29,2022-06-29,0.49543527,0.37791943,-0.11472292,20109.9,-0.0078298451792426
2022-06-30,2022-06-30,0.51383548,0.36092185,-0.11816186,19923.5,-0.0092690664796941
2022-07-01,2022-07-01,0.52755314,0.37743531,-0.15757307,19272.0,-0.0327000777975757
2022-07-02,2022-07-02,0.53194301,0.37334015,-0.15852824,19240.9,-0.0016137401411373
2022-07-03,2022-07-03,0.52740393,0.37362337,-0.1532618,19305.9,0.0033782203535177
2022-07-04,2022-07-04,0.48188724,0.38069866,-0.10105855,20226.6,0.0476900843783505
2022-07-05,2022-07-05,0.4836458,0.38035483,-0.10366713,20170.0,-0.0027982953140912
2022-07-06,2022-07-06,0.46347848,0.38339188,-0.08062358,20554.1,0.0190431333663856
2022-07-07,2022-07-07,0.41824002,0.39317834,-0.02720096,21613.4,0.0515371629018055
2022-07-08,2022-07-08,0.41371895,0.39897995,-0.02808395,21587.9,-0.0011798236279345
2022-07-09,2022-07-09,0.41777665,0.39117911,-0.02673633,21580.0,-0.0003659457381218
2022-07-10,2022-07-10,0.44703169,0.385091,-0.06212802,20853.8,-0.0336515291936978
2022-07-11,2022-07-11,0.48390411,0.37900247,-0.10677202,19954.3,-0.0431336255262829
2022-07-12,2022-07-12,0.51406184,0.37532324,-0.14262106,19322.9,-0.0316423026615816
2022-07-13,2022-07-13,0.47310813,0.37766776,-0.09094197,20220.1,0.0464319537957551
2022-07-14,2022-07-14,0.45342293,0.38271153,-0.07062349,20578.6,0.0177298826415299
2022-07-15,2022-07-15,0.43844801,0.38490988,-0.0541696,20823.1,0.0118812747222842
2022-07-16,2022-07-16,0.42372805,0.38755151,-0.03591734,21183.5,0.0173077015429981
2022-07-17,2022-07-17,0.43993557,0.38381922,-0.0555778,20794.4,-0.0183680694880449
2022-07-18,2022-07-18,0.38147537,0.39206044,0.02133653,22423.9,0.0783624437348518
2022-07-19,2022-07-19,0.34332454,0.40494825,0.06300448,23385.9,0.0429006551045982
2022-07-20,2022-07-20,0.34859501,0.40239664,0.05557531,23221.5,-0.0070298769771529
2022-07-21,2022-07-21,0.34727745,0.40260793,0.05443412,23144.5,-0.0033158925995305
2022-07-22,2022-07-22,0.36062228,0.39819837,0.03640608,22675.1,-0.0202812763291495
2022-07-23,2022-07-23,0.36845256,0.39557863,0.02701715,22440.2,-0.0103593809950121
2022-07-24,2022-07-24,0.36254472,0.39786221,0.03295868,22570.6,0.0058109999019615
2022-07-25,2022-07-25,0.40340769,0.39401439,-0.02360509,21300.0,-0.0562944715692094
2022-07-26,2022-07-26,0.41105093,0.38519424,-0.02510733,21241.0,-0.0027699530516431
2022-07-27,2022-07-27,0.34936101,0.39963351,0.0506846,22941.1,0.0800386045854715
2022-07-28,2022-07-28,0.32216531,0.40639859,0.08549303,23836.2,0.039017309544878
2022-07-29,2022-07-29,0.32268884,0.40692939,0.08285818,23771.1,-0.0027311400307097
2022-07-30,2022-07-30,0.32732495,0.40433197,0.07767749,23629.9,-0.0059399859493248
2022-07-31,2022-07-31,0.33633398,0.40349699,0.0640412,23290.1,-0.0143800862466622
2022-08-01,2022-08-01,0.3360419,0.40424514,0.06291085,23257.6,-0.001395442698829
2022-08-02,2022-08-02,0.3455189,0.39973153,0.05196204,22975.1,-0.0121465671436433
2022-08-03,2022-08-03,0.35114244,0.3975459,0.04518014,22801.5,-0.007556006285065
2022-08-04,2022-08-04,0.35687569,0.39592153,0.03763168,22608.9,-0.00844681270969
2022-08-05,2022-08-05,0.33617166,0.39816593,0.06622558,23298.1,0.0304835706292654
2022-08-06,2022-08-06,0.34639509,0.39688002,0.0514774,22943.3,-0.0152287096372665
2022-08-07,2022-08-07,0.33965963,0.39758489,0.06064511,23167.8,0.0097849916969223
2022-08-08,2022-08-08,0.31940029,0.40425984,0.08552813,23804.4,0.0274777924533189
2022-08-09,2022-08-09,0.33790205,0.39882908,0.06071069,23140.2,-0.0279024045974694
2022-08-10,2022-08-10,0.31425564,0.40410125,0.0918328,23940.9,0.034602120984261
2022-08-11,2022-08-11,0.31419598,0.40401998,0.09136606,23917.2,-0.0009899377216395
2022-08-12,2022-08-12,0.30055172,0.40839818,0.1085087,24387.5,0.0196636730052013
2022-08-13,2022-08-13,0.29970927,0.40797973,0.10984755,24429.0,0.0017016914402869
2022-08-14,2022-08-14,0.30260013,0.40806491,0.10476873,24294.1,-0.0055221253428302
2022-08-15,2022-08-15,0.3074454,0.40718094,0.09718543,24085.2,-0.0085987955923453
2022-08-16,2022-08-16,0.31483755,0.40369405,0.08818464,23843.0,-0.0100559679803364
2022-08-17,2022-08-17,0.33060408,0.39809119,0.06856259,23333.1,-0.0213857316612843
2022-08-18,2022-08-18,0.33380686,0.39862343,0.06256497,23185.1,-0.0063429205720628
2022-08-19,2022-08-19,0.42123454,0.38005581,-0.04158283,20824.9,-0.101798137596991
2022-08-20,2022-08-20,0.40814475,0.38198514,-0.02621583,21127.8,0.0145450878515622
2022-08-21,2022-08-21,0.39203626,0.38591268,-0.00835601,21505.6,0.0178816535559782
2022-08-22,2022-08-22,0.39710577,0.38339135,-0.01303321,21387.0,-0.0055148426456363
2022-08-23,2022-08-23,0.39076294,0.38523564,-0.00657324,21518.2,0.006134567728059
2022-08-24,2022-08-24,0.39676975,0.38371273,-0.01375433,21354.9,-0.0075889247241869
2022-08-25,2022-08-25,0.38814952,0.3859863,-0.0044056,21548.3,0.0090564694753896
2022-08-26,2022-08-26,0.44715292,0.37226529,-0.06880234,20228.7,-0.0612391696792785
2022-08-27,2022-08-27,0.45279595,0.37431257,-0.07926466,20023.9,-0.0101242294363947
2022-08-28,2022-08-28,0.47666163,0.36982519,-0.10556098,19547.5,-0.0237915690749555
2022-08-29,2022-08-29,0.44110404,0.37472711,-0.06559668,20275.5,0.0372426141450312
2022-08-30,2022-08-30,0.46194237,0.37145116,-0.08990252,19803.1,-0.023299055510345
2022-08-31,2022-08-31,0.45003986,0.37299097,-0.07637775,20041.5,0.012038519221738
2022-09-01,2022-09-01,0.44530339,0.37349465,-0.07095387,20122.5,0.0040416136516727
2022-09-02,2022-09-02,0.45206367,0.37311022,-0.08007576,19941.0,-0.0090197540067089
2022-09-03,2022-09-03,0.45822169,0.37164099,-0.08656438,19820.7,-0.0060327967504136
2022-09-04,2022-09-04,0.45013859,0.37245074,-0.07741278,19992.7,0.0086777964451305
2022-09-05,2022-09-05,0.45855677,0.37195553,-0.08835317,19784.9,-0.0103937937347131
2022-09-06,2022-09-06,0.50795966,0.36608245,-0.14513802,18781.5,-0.0507154446067456
2022-09-07,2022-09-07,0.48230882,0.36760812,-0.11457899,19287.0,0.0269147831642839
2022-09-08,2022-09-08,0.48035378,0.36750314,-0.11234309,19309.3,0.0011562192150151
2022-09-09,2022-09-09,0.38994474,0.38396556,-0.00633359,21352.0,0.1057884024796342
2022-09-10,2022-09-10,0.37858914,0.38709814,0.00692081,21639.5,0.0134647808167853
2022-09-11,2022-09-11,0.37338168,0.38640121,0.01520744,21820.3,0.0083550913838119
2022-09-12,2022-09-12,0.35319563,0.39125684,0.04011142,22386.0,0.0259253997424417
2022-09-13,2022-09-13,0.43662118,0.37349866,-0.06318294,20162.5,-0.0993254712766907
2022-09-14,2022-09-14,0.43271939,0.37406155,-0.0591252,20217.0,0.0027030378177308
2022-09-15,2022-09-15,0.45552692,0.37037435,-0.08600548,19690.8,-0.0260276005342039
2022-09-16,2022-09-16,0.45113609,0.37011993,-0.08005047,19792.5,0.0051648485587179
2022-09-17,2022-09-17,0.4359917,0.37301676,-0.06312945,20102.0,0.0156372363268915
2022-09-18,2022-09-18,0.46925592,0.367532,-0.10105934,19404.5,-0.0346980399960202
2022-09-19,2022-09-19,0.46183457,0.36873356,-0.0929826,19528.6,0.0063954237419154
2022-09-20,2022-09-20,0.49484556,0.36418102,-0.13058108,18866.8,-0.033888758026689
2022-09-21,2022-09-21,0.51516778,0.36316961,-0.15524699,18447.5,-0.0222242245637839
2022-09-22,2022-09-22,0.46599456,0.36842408,-0.09887966,19392.5,0.0512264534489768
2022-09-23,2022-09-23,0.47159245,0.36707022,-0.1048688,19280.7,-0.005765115379657
2022-09-24,2022-09-24,0.49025157,0.36458252,-0.12623935,18911.0,-0.0191746150295373
2022-09-25,2022-09-25,0.49677363,0.36307303,-0.13269163,18799.7,-0.0058854634868594
2022-09-26,2022-09-26,0.47491232,0.36510303,-0.10739489,19216.3,0.0221599280839586
2022-09-27,2022-09-27,0.48011203,0.36572401,-0.11581308,19070.1,-0.007608124352763
2022-09-28,2022-09-28,0.46256164,0.36835496,-0.09590396,19407.3,0.0176821306652823
2022-09-29,2022-09-29,0.45463216,0.36807788,-0.08517447,19582.5,0.0090275308775564
2022-09-30,2022-09-30,0.46058767,0.3681997,-0.0941081,19411.7,-0.0087220732797139
2022-10-01,2022-10-01,0.46658247,0.36635431,-0.10013611,19304.0,-0.0055482003121829
2022-10-02,2022-10-02,0.47903523,0.36482816,-0.11468567,19049.4,-0.0131889763779526
2022-10-03,2022-10-03,0.45077611,0.36890719,-0.08182951,19622.0,0.0300586895125305
2022-10-04,2022-10-04,0.41906253,0.37501429,-0.04386073,20333.0,0.0362348384466415
2022-10-05,2022-10-05,0.42624083,0.37306074,-0.05293914,20150.0,-0.0090001475434023
2022-10-06,2022-10-06,0.43451881,0.37113029,-0.06305861,19954.0,-0.0097270471464019
2022-10-07,2022-10-07,0.4535136,0.36804632,-0.08638321,19520.9,-0.0217049213190336
2022-10-08,2022-10-08,0.45869313,0.36654092,-0.09193607,19406.2,-0.0058757536793898
2022-10-09,2022-10-09,0.45852877,0.36550826,-0.09055453,19430.0,0.0012264121775513
2022-10-10,2022-10-10,0.47228761,0.36445494,-0.10773873,19124.0,-0.0157488419969119
2022-10-11,2022-10-11,0.47592886,0.36353217,-0.11157975,19055.0,-0.003608031792512
2022-10-12,2022-10-12,0.46918432,0.36453356,-0.10469333,19148.0,0.004880608764104
2022-10-13,2022-10-13,0.45783363,0.36636708,-0.09173191,19365.5,0.0113588886567788
2022-10-14,2022-10-14,0.46716547,0.36475071,-0.10274022,19164.6,-0.0103741189228268
2022-10-15,2022-10-15,0.47282296,0.36363104,-0.10885425,19060.4,-0.0054371080012104
2022-10-16,2022-10-16,0.46314571,0.36469519,-0.09753255,19251.9,0.0100470084573252
2022-10-17,2022-10-17,0.44769608,0.36713987,-0.08046512,19540.6,0.0149959224803783
2022-10-18,2022-10-18,0.45668775,0.36455169,-0.09338547,19320.9,-0.0112432576277082
2022-10-19,2022-10-19,0.46695513,0.36233118,-0.10471727,19116.7,-0.010568865839583
2022-10-20,2022-10-20,0.47099254,0.36127937,-0.10867864,19034.7,-0.0042894432616508
2022-10-21,2022-10-21,0.46399723,0.36256863,-0.10152419,19150.9,0.0061046404724003
2022-10-22,2022-10-22,0.46412655,0.36251173,-0.09841319,19195.1,0.0023079855254843
2022-10-23,2022-10-23,0.44358298,0.3654412,-0.07752349,19560.7,0.0190465274992055
2022-10-24,2022-10-24,0.45428177,0.36389745,-0.09121486,19318.1,-0.0124024191363295
2022-10-25,2022-10-25,0.42070585,0.37038961,-0.05046896,20068.3,0.0388340468265513
2022-10-26,2022-10-26,0.39193146,0.37710588,-0.01556824,20758.3,0.0343825834774245
2022-10-27,2022-10-27,0.41145839,0.37134957,-0.04000086,20285.5,-0.0227764315960362
2022-10-28,2022-10-28,0.39879493,0.37447277,-0.02470494,20582.8,0.0146557886174853
2022-10-29,2022-10-29,0.3902359,0.37631103,-0.01378624,20796.7,0.0103921721048643
2022-10-30,2022-10-30,0.39705892,0.37452077,-0.02276666,20615.6,-0.0087081123447471
2022-10-31,2022-10-31,0.40183355,0.37314066,-0.02907564,20482.0,-0.0064805293079026
2022-11-01,2022-11-01,0.40217562,0.37282319,-0.02979965,20472.1,-0.000483351235231
2022-11-02,2022-11-02,0.41510828,0.36919345,-0.04560466,20140.1,-0.0162171931555629
2022-11-03,2022-11-03,0.41292012,0.36940835,-0.04320811,20199.7,0.0029592703114682
2022-11-04,2022-11-04,0.37582429,0.37838912,0.00200407,21137.6,0.0464313826442965
2022-11-05,2022-11-05,0.37040789,0.3791126,0.00911236,21289.9,0.0072051699341459
2022-11-06,2022-11-06,0.38336524,0.37621383,-0.00905404,20900.0,-0.0183138483506264
2022-11-07,2022-11-07,0.39347975,0.37196884,-0.02200783,20578.6,-0.015377990430622
2022-11-08,2022-11-08,0.4876471,0.35634336,-0.13180829,18534.0,-0.0993556412972699
2022-11-09,2022-11-09,0.65522048,0.33922018,-0.31683882,15905.0,-0.1418474155605913
2022-11-10,2022-11-10,0.53738263,0.34770314,-0.1823698,17588.0,0.1058157812008802
2022-11-11,2022-11-11,0.5675186,0.34702774,-0.22161175,17058.3,-0.0301171253127132
2022-11-12,2022-11-12,0.5792885,0.34417668,-0.23427723,16806.9,-0.014737693674047
2022-11-13,2022-11-13,0.61313841,0.34012852,-0.27089171,16321.2,-0.0288988451171841
2022-11-14,2022-11-14,0.58936785,0.34331843,-0.24646377,16605.2,0.0174006813224518
2022-11-15,2022-11-15,0.57445754,0.34416788,-0.22437045,16888.3,0.0170488762556306
2022-11-16,2022-11-16,0.58128925,0.3430551,-0.23837778,16650.6,-0.014074832872462
2022-11-17,2022-11-17,0.57452731,0.343247,-0.23138751,16682.1,0.0018918237180642
2022-11-18,2022-11-18,0.56075396,0.3420991,-0.2167308,16689.7,0.0004555781346473
2022-11-19,2022-11-19,0.55908677,0.34275229,-0.2157428,16692.9,0.0001917350221993
2022-11-20,2022-11-20,0.58602331,0.34038685,-0.24698302,16272.6,-0.0251783692468056
2022-11-21,2022-11-21,0.62021216,0.33634397,-0.28392166,15773.0,-0.0307019161043717
2022-11-22,2022-11-22,0.5878064,0.33857544,-0.2473814,16220.6,0.0283776073036201
2022-11-23,2022-11-23,0.55878611,0.34139418,-0.21879634,16595.8,0.0231310802313107
2022-11-24,2022-11-24,0.55881237,0.34087816,-0.21876817,16592.4,-0.0002048711119679
2022-11-25,2022-11-25,0.56393094,0.33946762,-0.22400353,16516.1,-0.0045984908753406
2022-11-26,2022-11-26,0.56654677,0.33919246,-0.22731539,16449.2,-0.0040505930576829
2022-11-27,2022-11-27,0.56877846,0.33890181,-0.22999494,16422.6,-0.0016170999197531
2022-11-28,2022-11-28,0.58227168,0.33686928,-0.24474843,16204.5,-0.0132804793394467
2022-11-29,2022-11-29,0.56612109,0.3387631,-0.22698371,16433.2,0.0141133635718473
2022-11-30,2022-11-30,0.52177746,0.34658157,-0.17539933,17153.3,0.0438198281527637
2022-12-01,2022-12-01,0.53182905,0.34363744,-0.18743128,16970.5,-0.0106568415406947
2022-12-02,2022-12-02,0.52446764,0.34440313,-0.17853653,17083.0,0.0066291505848383
2022-12-03,2022-12-03,0.53559817,0.34317292,-0.19328987,16879.5,-0.0119124275595621
2022-12-04,2022-12-04,0.52133519,0.34605845,-0.17674516,17099.5,0.0130335614206582
2022-12-05,2022-12-05,0.52669049,0.3434813,-0.18309204,16958.3,-0.0082575513903915
2022-12-06,2022-12-06,0.5182809,0.34507817,-0.17364143,17078.6,0.0070938714375849
2022-12-07,2022-12-07,0.53358996,0.34119064,-0.19099799,16828.0,-0.0146733338798261
2022-12-08,2022-12-08,0.50911338,0.34751347,-0.16381174,17216.0,0.0230568100784407
2022-12-09,2022-12-09,0.51372483,0.3455045,-0.16912215,17122.0,-0.0054600371747212
2022-12-10,2022-12-10,0.51447752,0.3443367,-0.16914437,17120.0,-0.0001168087840205
2022-12-11,2022-12-11,0.51574536,0.34455479,-0.17159972,17077.3,-0.0024941588785046
2022-12-12,2022-12-12,0.50880688,0.34576325,-0.1632601,17200.0,0.0071849765478149
2022-12-13,2022-12-13,0.47756538,0.35202876,-0.1252302,17777.1,0.0335523255813952
2022-12-14,2022-12-14,0.47494586,0.35192864,-0.12276343,17803.9,0.0015075574756289
2022-12-15,2022-12-15,0.497985,0.34663321,-0.1510502,17351.8,-0.0253933127011498
2022-12-16,2022-12-16,0.53958023,0.33943418,-0.20089241,16624.1,-0.0419380121947002
2022-12-17,2022-12-17,0.52975681,0.34055806,-0.18951732,16768.0,0.0086561076990634
2022-12-18,2022-12-18,0.53206515,0.34012117,-0.19233923,16730.3,-0.0022483301526717
2022-12-19,2022-12-19,0.54997474,0.33699099,-0.2122632,16429.2,-0.0179972863606748
2022-12-20,2022-12-20,0.52046991,0.34164053,-0.17899976,16887.2,0.0278771942638715
2022-12-21,2022-12-21,0.52456632,0.34015784,-0.18339281,16819.6,-0.0040030318821356
2022-12-22,2022-12-22,0.52364269,0.34053893,-0.18298476,16815.5,-0.0002437632286141
2022-12-23,2022-12-23,0.52559831,0.34006572,-0.18562633,16776.4,-0.0023252356456839
2022-12-24,2022-12-24,0.52199031,0.34046936,-0.18137687,16828.9,0.0031293960563649
2022-12-25,2022-12-25,0.52125422,0.34053619,-0.18082631,16824.4,-0.0002673971560827
2022-12-26,2022-12-26,0.51588433,0.34167442,-0.17467735,16912.9,0.0052602173034401
2022-12-27,2022-12-27,0.52829976,0.3388844,-0.18883236,16698.2,-0.0126944521637331
2022-12-28,2022-12-28,0.53618528,0.33769252,-0.19849453,16539.0,-0.0095339617443797
2022-12-29,2022-12-29,0.52914524,0.33853916,-0.19122268,16630.3,0.0055202853860572
2022-12-30,2022-12-30,0.53065714,0.33756684,-0.19238073,16601.2,-0.0017498181031009
2022-12-31,2022-12-31,0.53304054,0.33683814,-0.19556622,16537.6,-0.0038310483579501
2023-01-01,2023-01-01,0.52752697,0.33739738,-0.18921469,16610.3,0.0043960429566562
2023-01-02,2023-01-02,0.52304903,0.33833034,-0.18461964,16666.0,0.0033533409992594
2023-01-03,2023-01-03,0.5228548,0.33791567,-0.1842698,16667.2,7.20028801153294e-05
2023-01-04,2023-01-04,0.51135626,0.34026278,-0.1714145,16842.1,0.0104936642027453
2023-01-05,2023-01-05,0.51131073,0.33956873,-0.17194443,16823.8,-0.0010865628395508
2023-01-06,2023-01-06,0.50415508,0.34056844,-0.16317004,16943.8,0.007132752410276
2023-01-07,2023-01-07,0.50412267,0.34071626,-0.16379527,16936.5,-0.000430836058027
2023-01-08,2023-01-08,0.49602545,0.33988928,-0.15076116,17124.7,0.011112095179051
2023-01-09,2023-01-09,0.49044083,0.34361453,-0.14709419,17169.7,0.0026277832604366
2023-01-10,2023-01-10,0.47636863,0.3464378,-0.12948038,17428.8,0.0150905374001875
2023-01-11,2023-01-11,0.45157198,0.35128846,-0.09680586,17935.7,0.0290840447994125
2023-01-12,2023-01-12,0.40897078,0.36461217,-0.04485326,18838.0,0.0503074873018616
2023-01-13,2023-01-13,0.36727573,0.37504382,0.01145516,19924.2,0.0576600488374563
2023-01-14,2023-01-14,0.33033376,0.3910987,0.05907086,20962.8,0.0521275634655342
2023-01-15,2023-01-15,0.33331124,0.38815199,0.05525607,20882.7,-0.0038210544392923
2023-01-16,2023-01-16,0.32349269,0.39087194,0.06877192,21188.3,0.0146341229821813
2023-01-17,2023-01-17,0.32369743,0.3910752,0.06619997,21130.9,-0.0027090422544516
2023-01-18,2023-01-18,0.33861589,0.38355478,0.04564186,20680.0,-0.0213384190924191
2023-01-19,2023-01-19,0.32496575,0.38836994,0.06366027,21068.3,0.0187765957446808
2023-01-20,2023-01-20,0.2795367,0.40907693,0.12927815,22661.1,0.0756017334099097
2023-01-21,2023-01-21,0.2769714,0.40921672,0.13250318,22781.9,0.0053307209270512
2023-01-22,2023-01-22,0.27862594,0.40803252,0.12955109,22704.6,-0.0033930444782921
2023-01-23,2023-01-23,0.27297128,0.41025719,0.13707299,22913.1,0.0091831611215349
2023-01-24,2023-01-24,0.28068977,0.40543846,0.12588891,22627.4,-0.0124688496973346
2023-01-25,2023-01-25,0.26856218,0.41203525,0.14210432,23060.6,0.0191449304825122
2023-01-26,2023-01-26,0.26897518,0.40990703,0.14032334,23001.9,-0.002545467160438
2023-01-27,2023-01-27,0.26665898,0.41015462,0.14283341,23068.0,0.0028736756528808
2023-01-28,2023-01-28,0.26801822,0.40829276,0.14133343,23015.9,-0.0022585399687878
2023-01-29,2023-01-29,0.25037848,0.41874557,0.16701654,23740.3,0.0314738941340551
2023-01-30,2023-01-30,0.27337397,0.40455457,0.13350397,22819.9,-0.0387695184980811
2023-01-31,2023-01-31,0.2646893,0.40945922,0.14446302,23119.4,0.0131245097480707
2023-02-01,2023-02-01,0.25099405,0.41508728,0.16520197,23730.0,0.0264107200013841
2023-02-02,2023-02-02,0.25607271,0.41245888,0.15629036,23493.1,-0.0099831436999578
2023-02-03,2023-02-03,0.25700984,0.41142131,0.15395075,23424.7,-0.0029114931618219
2023-02-04,2023-02-04,0.25958516,0.40932727,0.14987591,23322.6,-0.0043586470691194
2023-02-05,2023-02-05,0.26902963,0.40471355,0.13565548,22929.2,-0.0168677591692177
2023-02-06,2023-02-06,0.27493016,0.40015532,0.12869291,22757.7,-0.0074795457320796
2023-02-07,2023-02-07,0.26083346,0.40839724,0.1466116,23234.1,0.0209335741309533
2023-02-08,2023-02-08,0.2685504,0.40337417,0.13584005,22955.9,-0.0119737799183096
2023-02-09,2023-02-09,0.30079348,0.39103043,0.08980258,21793.4,-0.0506405760610562
2023-02-10,2023-02-10,0.30493045,0.38961051,0.0832586,21618.6,-0.0080207769324659
2023-02-11,2023-02-11,0.29869863,0.39064353,0.09276319,21851.3,0.0107638792521256
2023-02-12,2023-02-12,0.30063455,0.38965519,0.08987086,21771.1,-0.0036702621811974
2023-02-13,2023-02-13,0.29980102,0.39123893,0.08941669,21766.2,-0.0002250690135086
2023-02-14,2023-02-14,0.28708682,0.39599453,0.1073386,22187.4,0.0193511040052927
2023-02-15,2023-02-15,0.23564044,0.42086546,0.18502422,24332.6,0.0966855061881968
2023-02-16,2023-02-16,0.25263652,0.41199392,0.15655559,23526.6,-0.0331242859373843
2023-02-17,2023-02-17,0.23050869,0.42193213,0.19225813,24581.5,0.0448386082136815
2023-02-18,2023-02-18,0.22908634,0.4233499,0.19350461,24636.9,0.0022537273966194
2023-02-19,2023-02-19,0.23606333,0.4203527,0.1812501,24265.9,-0.0150587127438922
2023-02-20,2023-02-20,0.22539991,0.42397045,0.19955182,24849.9,0.024066694414796
2023-02-21,2023-02-21,0.23261411,0.41983527,0.18748804,24443.4,-0.016358214721186
2023-02-22,2023-02-22,0.23779866,0.4168515,0.17852169,24171.3,-0.0111318392694961
2023-02-23,2023-02-23,0.2439626,0.41147835,0.17000223,23928.8,-0.0100325592748424
2023-02-24,2023-02-24,0.26069678,0.4039374,0.1429684,23175.6,-0.0314767142522818
2023-02-25,2023-02-25,0.26102238,0.40369809,0.14220211,23146.2,-0.0012685755708589
2023-02-26,2023-02-26,0.25163435,0.40736204,0.15677377,23545.3,0.0172425711347865
2023-02-27,2023-02-27,0.25236625,0.40753512,0.15428391,23480.0,-0.0027733772769936
2023-02-28,2023-02-28,0.26038609,0.40255383,0.14205002,23129.6,-0.0149233390119251
2023-03-01,2023-03-01,0.24745806,0.40878773,0.16009669,23619.8,0.0211936220254564
2023-03-02,2023-03-02,0.2511717,0.40615373,0.15455759,23457.1,-0.0068882886391925
2023-03-03,2023-03-03,0.28043928,0.3931769,0.1132886,22342.8,-0.0475037408716336
2023-03-04,2023-03-04,0.28081307,0.39279388,0.11262714,22335.7,-0.0003177757487869
2023-03-05,2023-03-05,0.27812236,0.39288605,0.1164829,22419.4,0.0037473640852985
2023-03-06,2023-03-06,0.27805741,0.39284954,0.11601141,22397.1,-0.0009946742553326
2023-03-07,2023-03-07,0.28031224,0.39184805,0.11048109,22187.1,-0.0093762138848333
2023-03-08,2023-03-08,0.29522594,0.38569933,0.09047769,21695.4,-0.0221615262923048
2023-03-09,2023-03-09,0.34102078,0.37031945,0.03077518,20348.3,-0.0620915032679739
2023-03-10,2023-03-10,0.34915902,0.36838695,0.01929438,20140.3,-0.0102219841460957
2023-03-11,2023-03-11,0.34022722,0.37108793,0.03009661,20447.3,0.0152430698648977
2023-03-12,2023-03-12,0.28865485,0.38932303,0.09842428,21986.2,0.0752617705027069
2023-03-13,2023-03-13,0.23241775,0.41618185,0.18048815,24119.5,0.0970290454921722
2023-03-14,2023-03-14,0.22109932,0.42255067,0.19716694,24682.5,0.0233421090818632
2023-03-15,2023-03-15,0.23015137,0.41432011,0.18329691,24288.0,-0.0159829838954724
2023-03-16,2023-03-16,0.21398665,0.42506131,0.20739034,24990.4,0.0289196310935442
2023-03-17,2023-03-17,0.17307144,0.44778549,0.27504882,27384.0,0.0957807798194505
2023-03-18,2023-03-18,0.1810545,0.44209353,0.26123973,26907.0,-0.017418930762489
2023-03-19,2023-03-19,0.16223955,0.45931821,0.28828526,27955.7,0.0389749879213587
2023-03-20,2023-03-20,0.16795306,0.44985637,0.28141396,27704.1,-0.0089999534978556
2023-03-21,2023-03-21,0.16131739,0.45399206,0.29118276,28091.1,0.013969051512231
2023-03-22,2023-03-22,0.17361902,0.44585341,0.27000885,27233.8,-0.0305185628188287
2023-03-23,2023-03-23,0.15835492,0.45409388,0.2944644,28284.1,0.0385660466038524
2023-03-24,2023-03-24,0.17173442,0.44460637,0.27224657,27438.9,-0.0298825134969823
2023-03-25,2023-03-25,0.17102556,0.44484199,0.27303835,27447.3,0.0003061347211439
2023-03-26,2023-03-26,0.1623795,0.45066505,0.28633447,27954.3,0.0184717622498387
2023-03-27,2023-03-27,0.17629882,0.44017279,0.26295386,27112.0,-0.0301313214782699
2023-03-28,2023-03-28,0.17383988,0.44121375,0.26643838,27249.7,0.0050789318383004
2023-03-29,2023-03-29,0.15693969,0.45126798,0.29418823,28338.5,0.0399564031897599
2023-03-30,2023-03-30,0.15080952,0.44693415,0.29681832,28015.0,-0.0114155653968982
2023-03-31,2023-03-31,0.14404078,0.45143261,0.30702968,28454.9,0.0157023023380331
2023-04-01,2023-04-01,0.14422519,0.45085138,0.30633135,28443.8,-0.0003900909860867
2023-04-02,2023-04-02,0.14803194,0.44838103,0.29922997,28161.2,-0.0099353813484835
2023-04-03,2023-04-03,0.15391296,0.44357201,0.28968255,27786.1,-0.0133197448972345
2023-04-04,2023-04-04,0.1482667,0.44563032,0.29907685,28155.2,0.01328362022738
2023-04-05,2023-04-05,0.14768899,0.44623036,0.29806684,28154.0,-4.262090129003582e-05
2023-04-06,2023-04-06,0.14925265,0.44422175,0.29487475,28022.8,-0.0046600838246785
2023-04-07,2023-04-07,0.15058987,0.44280217,0.29246494,27890.7,-0.0047140185848665
2023-04-08,2023-04-08,0.15204729,0.43871175,0.29273636,27924.9,0.0012262151900095
2023-04-09,2023-04-09,0.14488095,0.44659947,0.30171557,28309.4,0.0137690734792246
2023-04-10,2023-04-10,0.12775429,0.45945766,0.332643,29623.1,0.0464050809978309
2023-04-11,2023-04-11,0.12052809,0.46407815,0.34401264,30185.1,0.0189716808841748
2023-04-12,2023-04-12,0.12369577,0.46094056,0.33644674,29875.0,-0.0102732805258223
2023-04-13,2023-04-13,0.11786574,0.46529908,0.34653048,30362.7,0.0163246861924686
2023-04-14,2023-04-14,0.11673748,0.46542203,0.34779473,30453.1,0.0029773373250732
2023-04-15,2023-04-15,0.11858212,0.46349476,0.34410089,30280.4,-0.0056710154302844
2023-04-16,2023-04-16,0.11880692,0.46177569,0.34442226,30286.6,0.0002047529094726
2023-04-17,2023-04-17,0.12882668,0.4559184,0.32439822,29420.0,-0.028613314138926
2023-04-18,2023-04-18,0.11793059,0.46181349,0.34516205,30365.8,0.0321481985044187
2023-04-19,2023-04-19,0.13838067,0.44641577,0.30862401,28795.1,-0.0517259548571089
2023-04-20,2023-04-20,0.14597212,0.44117565,0.29542284,28229.9,-0.0196283395438806
2023-04-21,2023-04-21,0.16146859,0.43368048,0.26974469,27252.5,-0.0346228644097216
2023-04-22,2023-04-22,0.15228222,0.43763467,0.28428194,27807.2,0.0203540959544996
2023-04-23,2023-04-23,0.15624107,0.43482646,0.27831263,27576.0,-0.0083143933945165
2023-04-24,2023-04-24,0.15762068,0.43359202,0.27607226,27497.5,-0.0028466782709603
2023-04-25,2023-04-25,0.14437993,0.44114439,0.2966502,28286.7,0.0287007909809982
2023-04-26,2023-04-26,0.14274641,0.44197781,0.29887579,28395.9,0.0038604715290224
2023-04-27,2023-04-27,0.12827782,0.45181828,0.32385039,29459.0,0.0374385034459199
2023-04-28,2023-04-28,0.13057599,0.44933428,0.31961928,29300.0,-0.0053973318849926
2023-04-29,2023-04-29,0.13149794,0.4485657,0.31737324,29212.7,-0.0029795221843003
2023-04-30,2023-04-30,0.13041265,0.4517537,0.31700818,29223.0,0.0003525863751039
2023-05-01,2023-05-01,0.14784467,0.43811278,0.28898236,28054.4,-0.03998904972111
2023-05-02,2023-05-02,0.13915616,0.44346297,0.30298783,28656.5,0.021461874073229
2023-05-03,2023-05-03,0.13402103,0.44512202,0.31122297,29018.4,0.0126288974578194
2023-05-04,2023-05-04,0.13569207,0.44471346,0.30709509,28826.0,-0.0066302759628373
2023-05-05,2023-05-05,0.12790217,0.44900017,0.32158585,29491.5,0.0230867966419205
2023-05-06,2023-05-06,0.13904096,0.44113659,0.30195803,28837.8,-0.022165708763542
2023-05-07,2023-05-07,0.14542876,0.43224939,0.28951196,28419.4,-0.0145087350630075
2023-05-08,2023-05-08,0.15936042,0.4200532,0.27278517,27659.8,-0.0267282208632132
2023-05-09,2023-05-09,0.15589935,0.42721918,0.27177664,27610.2,-0.0017932161476221
2023-05-10,2023-05-10,0.15567963,0.4288576,0.26998436,27582.9,-0.0009887650216223
2023-05-11,2023-05-11,0.16682114,0.42199064,0.25503653,26956.4,-0.022713347762563
2023-05-12,2023-05-12,0.16998774,0.42073001,0.24984457,26785.1,-0.0063547061180276
2023-05-13,2023-05-13,0.17051946,0.41985489,0.24944493,26762.7,-0.0008362858454886
2023-05-14,2023-05-14,0.16724652,0.42138464,0.25351451,26901.9,0.0052012689302649
2023-05-15,2023-05-15,0.16135683,0.42484956,0.259373,27152.5,0.0093153271701997
2023-05-16,2023-05-16,0.16506916,0.42052068,0.25564119,27024.8,-0.0047030660160206
2023-05-17,2023-05-17,0.15801333,0.42354231,0.26593106,27395.8,0.0137281311980106
2023-05-18,2023-05-18,0.16880848,0.41849751,0.24993987,26809.3,-0.0214083910672439
2023-05-19,2023-05-19,0.16717262,0.4192647,0.25165292,26870.1,0.0022678697317721
2023-05-20,2023-05-20,0.16281949,0.42150636,0.25749381,27089.5,0.0081652096568305
2023-05-21,2023-05-21,0.16968397,0.41819518,0.24746174,26732.8,-0.0131674634083316
2023-05-22,2023-05-22,0.16764034,0.41726812,0.24959525,26840.2,0.0040175365094565
2023-05-23,2023-05-23,0.16041336,0.42039759,0.25978335,27209.9,0.0137741149469825
2023-05-24,2023-05-24,0.17767146,0.41317595,0.2346729,26313.8,-0.0329328663464402
2023-05-25,2023-05-25,0.17425709,0.41324381,0.23843903,26461.8,0.0056244252065456
2023-05-26,2023-05-26,0.16928986,0.41492166,0.2452237,26689.9,0.0086199729421279
2023-05-27,2023-05-27,0.16638773,0.41568414,0.24969568,26841.6,0.0056837979910002
2023-05-28,2023-05-28,0.1451435,0.42761468,0.2817477,28055.7,0.0452320278969957
2023-05-29,2023-05-29,0.15081502,0.42321276,0.27278599,27722.0,-0.0118941961882969
2023-05-30,2023-05-30,0.15104014,0.42317061,0.27140828,27680.1,-0.0015114349614026
2023-05-31,2023-05-31,0.15907045,0.41887717,0.25852972,27201.1,-0.0173048507772731
2023-06-01,2023-06-01,0.1671964,0.41376185,0.24729368,26805.3,-0.0145508821334431
2023-06-02,2023-06-02,0.15865023,0.41785585,0.25919266,27227.8,0.0157618082991051
2023-06-03,2023-06-03,0.16162016,0.41640736,0.25443805,27054.9,-0.0063501274432747
2023-06-04,2023-06-04,0.16089589,0.41619299,0.25582543,27102.4,0.0017556893575656
2023-06-05,2023-06-05,0.18870943,0.40558218,0.21577219,25714.7,-0.0512021075624299
2023-06-06,2023-06-06,0.15825991,0.41766647,0.25925643,27221.5,0.0585968337176789
2023-06-07,2023-06-07,0.17142786,0.40535633,0.24627627,26325.9,-0.0329004647062064
2023-06-08,2023-06-08,0.17219361,0.41037009,0.2388649,26485.9,0.0060776649611218
2023-06-09,2023-06-09,0.17285902,0.41012007,0.2375701,26468.1,-0.0006720556975599
2023-06-10,2023-06-10,0.18635819,0.4037164,0.21984257,25826.6,-0.0242367226963778
2023-06-11,2023-06-11,0.18426692,0.40451854,0.22235232,25909.9,0.0032253568026763
2023-06-12,2023-06-12,0.18205353,0.40574925,0.22447679,25894.8,-0.0005827888181738
2023-06-13,2023-06-13,0.18544046,0.40120094,0.22253965,25918.0,0.0008959327741477
2023-06-14,2023-06-14,0.19900427,0.4010347,0.19795883,25115.9,-0.0309476039817886
2023-06-15,2023-06-15,0.19089884,0.40118765,0.21163859,25586.1,0.0187212084774981
2023-06-16,2023-06-16,0.17409489,0.40875317,0.23407494,26336.0,0.029308882557326
2023-06-17,2023-06-17,0.17067345,0.40972176,0.23923643,26508.9,0.0065651579586878
2023-06-18,2023-06-18,0.17343273,0.40874937,0.23407335,26329.7,-0.0067599938133985
2023-06-19,2023-06-19,0.16367845,0.41216341,0.24891661,26828.5,0.0189443859975617
2023-06-20,2023-06-20,0.13921738,0.42713517,0.2877836,28290.6,0.0544980151704344
2023-06-21,2023-06-21,0.11720735,0.44575794,0.32704907,29988.5,0.0600164012074682
2023-06-22,2023-06-22,0.11790561,0.44213306,0.32669939,29875.0,-0.0037847841672641
2023-06-23,2023-06-23,0.10991276,0.44831834,0.34184174,30673.4,0.0267246861924685
2023-06-24,2023-06-24,0.11165604,0.44706081,0.33714932,30524.2,-0.0048641493932853
2023-06-25,2023-06-25,0.10494841,0.45516076,0.34926947,30458.0,-0.0021687710079215
2023-06-26,2023-06-26,0.11467178,0.44319688,0.33048208,30260.1,-0.0064974719285574
2023-06-27,2023-06-27,0.10942515,0.44690922,0.3406671,30683.2,0.0139821084530455
2023-06-28,2023-06-28,0.1141356,0.43372086,0.33724256,30066.3,-0.020105464879804
2023-06-29,2023-06-29,0.1114487,0.44367773,0.33423786,30439.9,0.0124258721558689
2023-06-30,2023-06-30,0.10884988,0.44950307,0.33576572,30460.2,0.0006668878675686
2023-07-01,2023-07-01,0.10984911,0.44324735,0.33624556,30573.6,0.003722890854295
2023-07-02,2023-07-02,0.10769251,0.42764576,0.35456241,30612.7,0.0012788811262005
2023-07-03,2023-07-03,0.10363193,0.44187931,0.35392531,31149.0,0.0175188728860897
2023-07-04,2023-07-04,0.09862595,0.48112285,0.33761668,30756.1,-0.0126135670487014
2023-07-05,2023-07-05,0.10889599,0.44982869,0.33156917,30488.4,-0.0087039644168147
2023-07-06,2023-07-06,0.11645209,0.43822555,0.31894762,29874.4,-0.0201388068904895
2023-07-07,2023-07-07,0.11363489,0.44822392,0.31666898,30327.9,0.0151802211927267
2023-07-08,2023-07-08,0.11033047,0.44555824,0.32755023,30269.3,-0.00193221423178
2023-07-09,2023-07-09,0.11253954,0.47879983,0.29396798,30147.8,-0.0040139679477225
2023-07-10,2023-07-10,0.12200686,0.41151974,0.328891,30396.9,0.0082626261286065
2023-07-11,2023-07-11,0.10870258,0.44497817,0.33059461,30608.4,0.006957946369531
2023-07-12,2023-07-12,0.12786698,0.42240116,0.30399966,30368.9,-0.0078246494426366
2023-07-13,2023-07-13,0.09876072,0.48332213,0.32726726,31441.7,0.03532561271564
2023-07-14,2023-07-14,0.11252832,0.43722766,0.32496697,30293.3,-0.0365247426188788
2023-07-15,2023-07-15,0.11252029,0.43973432,0.32242509,30276.4,-0.0005578791349901
2023-07-16,2023-07-16,0.11316178,0.44003263,0.32029274,30216.8,-0.001968529944115
2023-07-17,2023-07-17,0.11810554,0.4242049,0.32231556,30126.1,-0.0030016414709698
2023-07-18,2023-07-18,0.11720512,0.43366762,0.31448754,29845.6,-0.0093108633377702
2023-07-19,2023-07-19,0.11586389,0.433177,0.31727882,29895.5,0.001671938242153
2023-07-20,2023-07-20,0.12870604,0.41111922,0.30904455,29791.0,-0.0034955093575955
2023-07-21,2023-07-21,0.11668016,0.43098577,0.31591622,29891.4,0.0033701453459098
2023-07-22,2023-07-22,0.11764441,0.42962538,0.31466827,29783.5,-0.003609733903397
2023-07-23,2023-07-23,0.1129448,0.43322439,0.32243507,30070.8,0.009646280658754
2023-07-24,2023-07-24,0.12518508,0.42604057,0.30008449,29163.8,-0.0301621506577809
2023-07-25,2023-07-25,0.12449639,0.42586815,0.30131172,29216.3,0.0018001769316755
2023-07-26,2023-07-26,0.12278586,0.42627621,0.30450328,29336.0,0.0040970280288743
2023-07-27,2023-07-27,0.12343773,0.42576706,0.30200338,29209.7,-0.0043052904281428
2023-07-28,2023-07-28,0.1199689,0.42560592,0.30656051,29299.9,0.0030880152825945
2023-07-29,2023-07-29,0.11925316,0.42592192,0.30772308,29339.1,0.0013378885252166
2023-07-30,2023-07-30,0.12044003,0.42541301,0.30519241,29271.1,-0.0023177261742861
2023-07-31,2023-07-31,0.12122107,0.42425998,0.30410749,29220.8,-0.001718418508358
2023-08-01,2023-08-01,0.11464818,0.42807641,0.31614362,29701.2,0.0164403438646443
2023-08-02,2023-08-02,0.12131472,0.42381176,0.30327585,29170.1,-0.0178814324000378
2023-08-03,2023-08-03,0.12039337,0.42615761,0.30278145,29180.2,0.000346244956308
2023-08-04,2023-08-04,0.12298973,0.42123226,0.30140419,29101.1,-0.002710742215612
2023-08-05,2023-08-05,0.12270252,0.4222945,0.30077643,29057.7,-0.0014913525605561
2023-08-06,2023-08-06,0.12248821,0.42373005,0.29956707,29075.9,0.0006263400062633
2023-08-07,2023-08-07,0.12085077,0.42349628,0.30313794,29202.7,0.0043610000034393
2023-08-08,2023-08-08,0.11253525,0.43030363,0.31668288,29759.0,0.019049608426618
2023-08-09,2023-08-09,0.11502414,0.42787735,0.31206507,29572.8,-0.006256930676434
2023-08-10,2023-08-10,0.11688304,0.42622267,0.30857858,29443.7,-0.0043654980252123
2023-08-11,2023-08-11,0.11715272,0.42602242,0.30768641,29415.5,-0.0009577600641224
2023-08-12,2023-08-12,0.11751135,0.42616604,0.30632989,29420.7,0.0001767775492511
2023-08-13,2023-08-13,0.11910379,0.42379862,0.30457546,29293.3,-0.0043302844595812
2023-08-14,2023-08-14,0.11709193,0.42481428,0.30773789,29419.5,0.0043081523761405
2023-08-15,2023-08-15,0.12039902,0.42260971,0.30178988,29188.8,-0.0078417376230052
2023-08-16,2023-08-16,0.12757714,0.4179074,0.29074155,28714.4,-0.0162528092967164
2023-08-17,2023-08-17,0.16477662,0.40114674,0.23547301,26609.7,-0.0732977182180369
2023-08-18,2023-08-18,0.17659114,0.39590317,0.21961861,26042.1,-0.0213305674246609
2023-08-19,2023-08-19,0.17571208,0.39601208,0.22080887,26088.3,0.0017740504798
2023-08-20,2023-08-20,0.17358649,0.3966329,0.22355617,26175.9,0.0033578270719059
2023-08-21,2023-08-21,0.17435582,0.39629284,0.22210553,26115.4,-0.0023112863359043
2023-08-22,2023-08-22,0.17591459,0.39546359,0.21960878,26044.4,-0.0027187023748439
2023-08-23,2023-08-23,0.1671175,0.39865406,0.23139346,26419.2,0.0143908095406306
2023-08-24,2023-08-24,0.1731477,0.39450426,0.22486342,26164.6,-0.0096369307170542
2023-08-25,2023-08-25,0.17470667,0.39469137,0.22132203,26051.7,-0.0043149904833247
2023-08-26,2023-08-26,0.17535312,0.39494952,0.21966534,26004.3,-0.0018194589988369
2023-08-27,2023-08-27,0.17370838,0.39511967,0.22200741,26087.7,0.0032071618924562
2023-08-28,2023-08-28,0.17296034,0.39545625,0.22253764,26106.5,0.000720646128252
2023-08-29,2023-08-29,0.14230065,0.40803049,0.26805533,27700.1,0.0610422691666825
2023-08-30,2023-08-30,0.14844981,0.40539452,0.25728304,27290.4,-0.0147905603228868
2023-08-31,2023-08-31,0.1757554,0.39407933,0.21793379,25928.0,-0.0499223170052472
2023-09-01,2023-09-01,0.17818658,0.39329581,0.21417221,25795.6,-0.005106448626967
2023-09-02,2023-09-02,0.17700981,0.39305722,0.21631014,25855.8,0.0023337313340259
2023-09-03,2023-09-03,0.1743262,0.39379983,0.21990142,25962.1,0.0041112632368751
2023-09-04,2023-09-04,0.17749647,0.39267286,0.21540315,25814.0,-0.0057044692070363
2023-09-05,2023-09-05,0.17805913,0.39243028,0.21431466,25779.7,-0.0013287363446191
2023-09-06,2023-09-06,0.1783036,0.39256004,0.21332197,25747.4,-0.0012529238121467
2023-09-07,2023-09-07,0.16738273,0.39630742,0.2286923,26240.7,0.0191592160761862
2023-09-08,2023-09-08,0.174813,0.39320634,0.21821569,25899.8,-0.0129912692877858
2023-09-09,2023-09-09,0.1748848,0.39304205,0.21804645,25892.6,-0.0002779944246673
2023-09-10,2023-09-10,0.17641605,0.39237714,0.21595619,25828.4,-0.0024794728995928
2023-09-11,2023-09-11,0.19229242,0.38689003,0.19528815,25150.4,-0.02625017422682
2023-09-12,2023-09-12,0.17562304,0.39246639,0.21669647,25825.8,0.0268544436668998
2023-09-13,2023-09-13,0.16735834,0.39560232,0.22808067,26209.9,0.0148727241750499
2023-09-14,2023-09-14,0.16149262,0.39742623,0.23671049,26510.3,0.0114613180515759
2023-09-15,2023-09-15,0.15944207,0.39914668,0.23847435,26591.1,0.0030478719592006
2023-09-16,2023-09-16,0.16049659,0.39770927,0.23770544,26546.9,-0.0016622102884046
2023-09-17,2023-09-17,0.16119362,0.39720533,0.23669488,26514.2,-0.0012317822419943
2023-09-18,2023-09-18,0.15665637,0.3993658,0.24280185,26749.9,0.0088895761516469
2023-09-19,2023-09-19,0.14809548,0.40315542,0.25505913,27196.0,0.0166766978568144
2023-09-20,2023-09-20,0.1491807,0.40273379,0.25248563,27107.7,-0.003246801000147
2023-09-21,2023-09-21,0.16003266,0.39673948,0.23691943,26552.6,-0.020477576481959
2023-09-22,2023-09-22,0.15961653,0.39687778,0.23733156,26566.7,0.0005310214442277
2023-09-23,2023-09-23,0.15965221,0.39665245,0.23729631,26563.1,-0.0001355079855609
2023-09-24,2023-09-24,0.16571829,0.39448435,0.22812192,26232.4,-0.0124496011384211
2023-09-25,2023-09-25,0.164977,0.39444485,0.22916824,26290.5,0.0022148183162806
2023-09-26,2023-09-26,0.16732051,0.39256583,0.22669026,26208.8,-0.0031075863905213
2023-09-27,2023-09-27,0.16450402,0.3930761,0.23105018,26359.6,0.0057537926192727
2023-09-28,2023-09-28,0.15051681,0.40085939,0.25002397,27011.8,0.024742408837767
2023-09-29,2023-09-29,0.15253412,0.39954705,0.24655333,26890.9,-0.0044758216779332
2023-09-30,2023-09-30,0.15140739,0.40007642,0.24795595,26950.9,0.0022312380768214
2023-10-01,2023-10-01,0.1344257,0.40922561,0.27580027,27981.4,0.0382361999042704
2023-10-02,2023-10-02,0.14080474,0.40721981,0.26236463,27477.6,-0.0180048174859014
2023-10-03,2023-10-03,0.14287308,0.40408915,0.26047773,27412.0,-0.0023873991906133
2023-10-04,2023-10-04,0.13714682,0.40693218,0.26956526,27759.8,0.0126878739238289
2023-10-05,2023-10-05,0.14300323,0.40338318,0.25980248,27398.4,-0.0130188257840473
2023-10-06,2023-10-06,0.13454562,0.40756708,0.2736891,27916.3,0.0189025636533519
2023-10-07,2023-10-07,0.13396764,0.40753446,0.27427381,27943.0,0.0009564304725195
2023-10-08,2023-10-08,0.13445408,0.40736201,0.27313803,27901.2,-0.0014959023726872
2023-10-09,2023-10-09,0.13965788,0.40332649,0.26470107,27578.3,-0.0115729789399739
2023-10-10,2023-10-10,0.14304622,0.40180714,0.25849031,27381.2,-0.0071469234869443
2023-10-11,2023-10-11,0.15239737,0.39656132,0.2444888,26864.5,-0.0188706119527267
2023-10-12,2023-10-12,0.15476463,0.39516744,0.24102691,26744.0,-0.0044854733942563
2023-10-13,2023-10-13,0.15250287,0.39596512,0.24421455,26849.8,0.0039560275201913
2023-10-14,2023-10-14,0.15211268,0.39596675,0.24363312,26836.3,-0.0005027970413187
2023-10-15,2023-10-15,0.14641575,0.39843948,0.25238636,27139.8,0.0113093086602846
2023-10-16,2023-10-16,0.12483469,0.41235111,0.2872841,28486.3,0.0496134827817449
2023-10-17,2023-10-17,0.12642279,0.4104568,0.28436329,28381.9,-0.0036649196280316
2023-10-18,2023-10-18,0.12740958,0.40963114,0.28208645,28307.1,-0.0026354824729846
2023-10-19,2023-10-19,0.1218623,0.4126185,0.29205609,28696.9,0.0137703968262381
2023-10-20,2023-10-20,0.10920762,0.42437897,0.31422363,29653.0,0.0333171875707829
2023-10-21,2023-10-21,0.10665217,0.42633034,0.31954226,29895.4,0.0081745523218561
2023-10-22,2023-10-22,0.10564858,0.42703984,0.32147004,29981.5,0.0028800417455527
2023-10-23,2023-10-23,0.07926436,0.4555836,0.38340418,33074.0,0.1031469406133782
2023-10-24,2023-10-24,0.07203748,0.46570165,0.39693245,33917.0,0.025488298965955
2023-10-25,2023-10-25,0.0672207,0.47288433,0.40618251,34487.7,0.0168263702568032
2023-10-26,2023-10-26,0.0695758,0.4688203,0.39926457,34154.0,-0.0096759134416037
2023-10-27,2023-10-27,0.07142889,0.46609194,0.39418259,33893.1,-0.0076389295543713
2023-10-28,2023-10-28,0.07010826,0.46688146,0.39716433,34086.6,0.0057091266363951
2023-10-29,2023-10-29,0.06665578,0.47189242,0.40466271,34528.6,0.0129669723586394
2023-10-30,2023-10-30,0.0670546,0.47044948,0.40327943,34483.8,-0.0012974751365533
2023-10-31,2023-10-31,0.06576015,0.47208704,0.40559612,34651.4,0.0048602532203527
2023-11-01,2023-11-01,0.06068985,0.47857944,0.41736418,35437.4,0.0226830661964596
2023-11-02,2023-11-02,0.06397191,0.47252587,0.40899785,34940.1,-0.0140331965663396
2023-11-03,2023-11-03,0.06551758,0.46944356,0.4047095,34700.4,-0.0068603123631585
2023-11-04,2023-11-04,0.0631027,0.47305516,0.41014205,35069.7,0.0106425286163847
2023-11-05,2023-11-05,0.06301596,0.47416831,0.40916015,35025.5,-0.0012603472513308
2023-11-06,2023-11-06,0.06336242,0.47102797,0.40954937,35057.4,0.0009107650140611
2023-11-07,2023-11-07,0.06064811,0.47560455,0.41512889,35406.5,0.009957954668629
2023-11-08,2023-11-08,0.05823804,0.48208412,0.41822195,35626.7,0.0062191970400913
2023-11-09,2023-11-09,0.05249483,0.48653883,0.4336414,36719.5,0.0306736239954865
2023-11-10,2023-11-10,0.04896584,0.49149455,0.4421899,37330.4,0.0166369367774616
2023-11-11,2023-11-11,0.05104237,0.48422034,0.43916866,37162.1,-0.0045083899449243
2023-11-12,2023-11-12,0.05040426,0.48812842,0.43811611,37085.5,-0.0020612398115283
2023-11-13,2023-11-13,0.05368128,0.48463829,0.42816365,36486.2,-0.0161599546992761
2023-11-14,2023-11-14,0.06040729,0.47328001,0.41343912,35559.0,-0.0254123476821372
2023-11-15,2023-11-15,0.04615413,0.49275758,0.44907996,37885.6,0.0654292865378665
2023-11-16,2023-11-16,0.0557842,0.47962041,0.42222584,36176.0,-0.0451253246616127
2023-11-17,2023-11-17,0.05326142,0.48043571,0.42940245,36621.9,0.0123258513931889
2023-11-18,2023-11-18,0.05313946,0.48143844,0.42868403,36580.9,-0.0011195486853494
2023-11-19,2023-11-19,0.04786244,0.49164876,0.44047525,37375.9,0.021732652832489
2023-11-20,2023-11-20,0.04773538,0.49003054,0.44114014,37462.5,0.0023170010621818
2023-11-21,2023-11-21,0.05859278,0.47577454,0.41310073,35737.0,-0.0460593927260594
2023-11-22,2023-11-22,0.04854315,0.49075133,0.43522261,37413.4,0.0469093656434507
2023-11-23,2023-11-23,0.04905226,0.48510186,0.43726151,37294.3,-0.0031833514195448
2023-11-24,2023-11-24,0.04658668,0.48884506,0.44311945,37706.3,0.0110472645953938
2023-11-25,2023-11-25,0.04606166,0.49018012,0.44383009,37766.6,0.0015992022553259
2023-11-26,2023-11-26,0.04770947,0.48780563,0.43875117,37437.9,-0.0087034575524403
2023-11-27,2023-11-27,0.0497011,0.48209373,0.43538111,37234.3,-0.0054383392230866
2023-11-28,2023-11-28,0.04572648,0.49033027,0.44359592,37812.1,0.0155179498473181
2023-11-29,2023-11-29,0.04578757,0.48865536,0.44371211,37837.1,0.0006611640189251
2023-11-30,2023-11-30,0.04610447,0.48693406,0.4414442,37716.8,-0.0031794191415303
2023-12-01,2023-12-01,0.0411136,0.4956281,0.4545068,38660.0,0.0250074237475077
2023-12-02,2023-12-02,0.03762246,0.50258369,0.46488652,39435.0,0.0200465597516812
2023-12-03,2023-12-03,0.03558672,0.50627044,0.47139504,39979.7,0.0138126030176237
2023-12-04,2023-12-04,0.02851061,0.52081284,0.49513005,41993.1,0.0503605579831765
2023-12-05,2023-12-05,0.02185843,0.53929854,0.51798916,44081.7,0.0497367424648333
2023-12-06,2023-12-06,0.02262168,0.53613336,0.51280153,43774.8,-0.0069620726968332
2023-12-07,2023-12-07,0.02403592,0.53220607,0.50650437,43296.0,-0.0109377998300392
2023-12-08,2023-12-08,0.02147108,0.53718021,0.51595059,44209.5,0.0210989467849223
2023-12-09,2023-12-09,0.02280767,0.53346397,0.51026331,43734.3,-0.0107488209547721
2023-12-10,2023-12-10,0.02260948,0.53333322,0.51083963,43810.0,0.0017309068625768
2023-12-11,2023-12-11,0.03217893,0.51058551,0.48014488,41271.0,-0.0579548048390778
2023-12-12,2023-12-12,0.03060899,0.51365579,0.48216324,41515.0,0.00591214169756
2023-12-13,2023-12-13,0.02537014,0.52521137,0.49860768,42875.0,0.0327592436468746
2023-12-14,2023-12-14,0.02466647,0.52712968,0.49979963,43032.4,0.003671137026239
2023-12-15,2023-12-15,0.02891634,0.51536733,0.48603408,41968.0,-0.0247348509495171
2023-12-16,2023-12-16,0.0277321,0.51670947,0.48973367,42287.4,0.007610560426992
2023-12-17,2023-12-17,0.03125829,0.51039892,0.47846261,41396.5,-0.0210677412184244
2023-12-18,2023-12-18,0.02625285,0.51926542,0.49364238,42671.7,0.0308045366154143
2023-12-19,2023-12-19,0.02766733,0.51555875,0.48835679,42298.3,-0.008750530210889
2023-12-20,2023-12-20,0.02298325,0.52604441,0.50362977,43708.9,0.0333488579919287
2023-12-21,2023-12-21,0.02225369,0.52739098,0.50572029,43896.3,0.004287456330404
2023-12-22,2023-12-22,0.0217781,0.52866033,0.50650372,43999.2,0.0023441611251973
2023-12-23,2023-12-23,0.02255636,0.52640843,0.50306105,43725.2,-0.0062273859524718
2023-12-24,2023-12-24,0.02522941,0.51929677,0.49408857,43008.4,-0.0163932926550363
2023-12-25,2023-12-25,0.02298497,0.52451604,0.50063051,43611.9,0.0140321425581979
2023-12-26,2023-12-26,0.02691404,0.51479569,0.48739635,42538.5,-0.0246125484099524
2023-12-27,2023-12-27,0.02367735,0.51875143,0.49707693,43453.8,0.0215169787369089
2023-12-28,2023-12-28,0.02657097,0.51366068,0.48609424,42600.1,-0.019646152925636
2023-12-29,2023-12-29,0.02895561,0.50629939,0.47924455,42095.1,-0.0118544322665908
2023-12-30,2023-12-30,0.02801039,0.50951822,0.47987951,42174.2,0.0018790785625879
2023-12-31,2023-12-31,0.02788681,0.50754646,0.48132768,42314.0,0.0033148228063604
2024-01-01,2024-01-01,0.02123544,0.52284315,0.50347374,44230.2,0.0452852483811503
2024-01-02,2024-01-02,0.01923633,0.52844489,0.51097789,44979.8,0.0169476963703534
2024-01-03,2024-01-03,0.0257619,0.51195788,0.48621772,42849.5,-0.0473612599433523
2024-01-04,2024-01-04,0.02126535,0.51887583,0.49778238,44143.8,0.0302057200200702
2024-01-05,2024-01-05,0.02138504,0.51695114,0.49706391,44145.4,3.6245180523586384e-05
2024-01-06,2024-01-06,0.02198759,0.514738,0.49468595,43956.7,-0.0042745110475838
2024-01-07,2024-01-07,0.02188037,0.51603504,0.49397203,43916.9,-0.0009054364863603
2024-01-08,2024-01-08,0.01432549,0.53940917,0.52586727,46972.7,0.0695814139886921
2024-01-09,2024-01-09,0.01651421,0.53025598,0.51607727,46114.0,-0.0182808312062111
2024-01-10,2024-01-10,0.01521387,0.53317184,0.5209949,46662.9,0.0119031096846944
2024-01-11,2024-01-11,0.01557225,0.53397706,0.516806,46337.8,-0.0069669909071231
2024-01-12,2024-01-12,0.02764863,0.50402762,0.47649504,42788.9,-0.0765875807655952
2024-01-13,2024-01-13,0.02718629,0.5043259,0.47723892,42846.4,0.0013438064544777
2024-01-14,2024-01-14,0.03169846,0.50076793,0.46300216,41734.9,-0.0259415026700026
2024-01-15,2024-01-15,0.02813771,0.50279463,0.47292453,42515.0,0.018691790324165
2024-01-16,2024-01-16,0.02530667,0.50495907,0.47806314,43133.0,0.0145360461013759
2024-01-17,2024-01-17,0.02722624,0.49936325,0.47317438,42783.4,-0.0081051631001785
2024-01-18,2024-01-18,0.03498003,0.48774293,0.45366163,41323.1,-0.034132397144687
2024-01-19,2024-01-19,0.03265814,0.49048544,0.45769517,41662.2,0.0082060639206642
2024-01-20,2024-01-20,0.03248933,0.48984997,0.45838259,41691.8,0.0007104761630447
2024-01-21,2024-01-21,0.03281778,0.49027516,0.45661822,41580.0,-0.0026815824694544
2024-01-22,2024-01-22,0.04612626,0.4743437,0.42879521,39567.0,-0.0484126984126984
2024-01-23,2024-01-23,0.04312339,0.47681407,0.43366631,39890.0,0.0081633684636186
2024-01-24,2024-01-24,0.04149711,0.47677062,0.43525667,40078.7,0.0047305088994735
2024-01-25,2024-01-25,0.04233634,0.47470079,0.4330649,39953.3,-0.0031288439994309
2024-01-26,2024-01-26,0.03064408,0.48990242,0.45788157,41806.4,0.0463816505770486
2024-01-27,2024-01-27,0.02929201,0.49100376,0.46162079,42102.2,0.0070754716981131
2024-01-28,2024-01-28,0.03007653,0.48870478,0.46027139,42021.2,-0.0019238899629948
2024-01-29,2024-01-29,0.02476696,0.49611408,0.47564702,43287.7,0.0301395486087974
2024-01-30,2024-01-30,0.02574518,0.49477971,0.46996228,42918.3,-0.0085336019238719
2024-01-31,2024-01-31,0.02706373,0.49257459,0.46419663,42560.5,-0.00833677009574
2024-02-01,2024-02-01,0.02504662,0.49472721,0.47061449,43072.6,0.0120322834553165
2024-02-02,2024-02-02,0.0245644,0.49530167,0.47157202,43182.0,0.0025398977540247
2024-02-03,2024-02-03,0.02524857,0.49381559,0.46930598,42992.4,-0.00439071835487
2024-02-04,2024-02-04,0.02710663,0.49056907,0.46381288,42570.3,-0.0098180143467216
2024-02-05,2024-02-05,0.02658251,0.49123139,0.46448007,42692.9,0.0028799421192708
2024-02-06,2024-02-06,0.02465655,0.49396566,0.4692588,43079.1,0.0090460006230543
2024-02-07,2024-02-07,0.02072326,0.50299607,0.48369687,44326.2,0.0289490727522161
2024-02-08,2024-02-08,0.01790504,0.51223578,0.49395093,45269.1,0.021271843740271
2024-02-09,2024-02-09,0.01364888,0.52598899,0.51299437,47116.1,0.0408004577073544
2024-02-10,2024-02-10,0.01229403,0.53169241,0.51881192,47732.6,0.0130846992853823
2024-02-11,2024-02-11,0.0115408,0.53289546,0.52386231,48303.4,0.0119582842753172
2024-02-12,2024-02-12,0.00869145,0.54868841,0.53816468,49943.6,0.0339562018408641
2024-02-13,2024-02-13,0.00904135,0.54589576,0.5352507,49696.4,-0.0049495831297703
2024-02-14,2024-02-14,0.00635142,0.55756439,0.5521605,51823.2,0.0427958564403054
2024-02-15,2024-02-15,0.00621289,0.55822389,0.55188029,51898.5,0.0014530171814941
2024-02-16,2024-02-16,0.00591276,0.55938923,0.55307618,52148.6,0.0048190217443664
2024-02-17,2024-02-17,0.00657977,0.55559345,0.54839311,51679.4,-0.0089973652216933
2024-02-18,2024-02-18,0.00596618,0.55775726,0.55229427,52175.9,0.0096073096823878
2024-02-19,2024-02-19,0.00648701,0.55390107,0.54760584,51813.8,-0.0069399857022111
2024-02-20,2024-02-20,0.00580639,0.55720166,0.5512075,52297.4,0.0093334208261119
2024-02-21,2024-02-21,0.00663291,0.54929138,0.54711552,51877.8,-0.0080233434166898
2024-02-22,2024-02-22,0.00730774,0.54825832,0.54095387,51316.9,-0.0108119465358978
2024-02-23,2024-02-23,0.00829824,0.54356822,0.53543413,50771.9,-0.0106202829866963
2024-02-24,2024-02-24,0.00670583,0.54924732,0.54260302,51602.1,0.0163515645465306
2024-02-25,2024-02-25,0.00641325,0.55065993,0.54375049,51764.9,0.0031549103621753
2024-02-26,2024-02-26,0.00343026,0.56920962,0.5661298,54511.6,0.0530610510210585
2024-02-27,2024-02-27,0.00157795,0.58453518,0.5832599,57074.5,0.0470156810660482
2024-02-28,2024-02-28,0.00016307,0.61478595,0.61417305,62487.9,0.0948479618743922
2024-02-29,2024-02-29,0.00045445,0.6074237,0.60358225,61203.3,-0.0205575799474777
2024-03-01,2024-03-01,0.00020173,0.60914226,0.60877554,62430.6,0.0200528402880235
2024-03-02,2024-03-02,0.0002813,0.60708149,0.60589088,62039.9,-0.0062581490487035
2024-03-03,2024-03-03,0.00013191,0.60935174,0.61227334,63178.5,0.0183527052751535
2024-03-04,2024-03-04,3.6e-07,0.6395134,0.63907749,68296.4,0.0810069881367869
2024-03-05,2024-03-05,0.00069261,0.62039241,0.60999631,63747.4,-0.0666067318335957
2024-03-06,2024-03-06,0.00032138,0.61838644,0.61810873,66128.1,0.0373458368498167
2024-03-07,2024-03-07,0.00013526,0.62137944,0.61942909,66870.0,0.0112191337721785
2024-03-08,2024-03-08,4.908e-05,0.62432891,0.62514355,68180.2,0.0195932406161207
2024-03-09,2024-03-09,2.806e-05,0.62561121,0.62495893,68360.1,0.0026385959560109
2024-03-10,2024-03-10,4.484e-05,0.62766656,0.62744436,69001.8,0.0093870547292937
2024-03-11,2024-03-11,2.759e-05,0.64160918,0.64022152,72153.8,0.0456799677689567
2024-03-12,2024-03-12,0.00018189,0.63486401,0.63505299,71503.2,-0.0090168501173881
2024-03-13,2024-03-13,2.354e-05,0.63664526,0.63669828,73127.6,0.0227178643753007
2024-03-14,2024-03-14,0.00074052,0.62769297,0.62631679,71455.5,-0.0228655117903501
2024-03-15,2024-03-15,0.00176826,0.61656799,0.61555905,69552.2,-0.0266361581683706
2024-03-16,2024-03-16,0.00586284,0.59702823,0.5903101,65351.0,-0.0604035530148578
2024-03-17,2024-03-17,0.0022877,0.6131617,0.60784729,68447.9,0.047388716316506
2024-03-18,2024-03-18,0.00275964,0.60800727,0.60260101,67660.0,-0.0115109448208052
2024-03-19,2024-03-19,0.00980594,0.58121859,0.56636543,61974.1,-0.0840363582618977
2024-03-20,2024-03-20,0.00243913,0.60669168,0.60377909,67876.4,0.0952381720751087
2024-03-21,2024-03-21,0.00494087,0.59294035,0.58849737,65539.9,-0.0344228627328496
2024-03-22,2024-03-22,0.00762285,0.57882943,0.57655026,63826.0,-0.0261504823779101
2024-03-23,2024-03-23,0.00638864,0.5849924,0.57352507,64020.3,0.0030442139566948
2024-03-24,2024-03-24,0.00279381,0.5981101,0.59357963,67260.9,0.0506183195017828
2024-03-25,2024-03-25,0.00124518,0.60738528,0.60521345,69920.5,0.0395415464259325
2024-03-26,2024-03-26,0.00093641,0.60529818,0.60502631,70044.1,0.0017677219127438
2024-03-27,2024-03-27,0.00118592,0.60384238,0.601344,69532.6,-0.0073025422555218
2024-03-28,2024-03-28,0.00050751,0.60710379,0.60722304,70838.7,0.018783994845583
2024-03-29,2024-03-29,0.00100093,0.60307071,0.60164427,69903.6,-0.0132004116394003
2024-03-30,2024-03-30,0.00117447,0.60207321,0.59974766,69642.1,-0.0037408659925954
2024-03-31,2024-03-31,0.00034638,0.6082939,0.60895039,71363.0,0.0247106276232336
2024-04-01,2024-04-01,0.00093815,0.60124685,0.59765201,69700.0,-0.0233033925143281
2024-04-02,2024-04-02,0.00565308,0.57675806,0.5706556,65505.3,-0.0601822094691534
2024-04-03,2024-04-03,0.00446033,0.58017798,0.57338801,65971.9,0.0071230877501513
2024-04-04,2024-04-04,0.00173963,0.58950927,0.58870746,68489.9,0.0381677653667698
2024-04-05,2024-04-05,0.00223797,0.5866806,0.58442891,67825.7,-0.0096977802566509
2024-04-06,2024-04-06,0.00132003,0.59258948,0.59023915,68901.6,0.0158627187039721
2024-04-07,2024-04-07,0.00101627,0.59542456,0.59271242,69362.7,0.0066921522867391
2024-04-08,2024-04-08,0.00025166,0.60505973,0.60472285,71678.4,0.0333853785968538
2024-04-09,2024-04-09,0.00152674,0.5918001,0.58992549,69189.3,-0.0347259425433602
2024-04-10,2024-04-10,0.00057319,0.59862047,0.59838446,70681.7,0.0215698092046023
2024-04-11,2024-04-11,0.0008627,0.59607396,0.59435917,70055.7,-0.0088566064483451
2024-04-12,2024-04-12,0.00366589,0.58184464,0.57644609,67136.4,-0.0416711274029094
2024-04-13,2024-04-13,0.00861135,0.57110539,0.55565936,63939.7,-0.0476150046770454
2024-04-14,2024-04-14,0.00571445,0.57340343,0.56746293,65615.9,0.026215324751289
2024-04-15,2024-04-15,0.01026279,0.56133719,0.55162873,63392.7,-0.0338820316417209
2024-04-16,2024-04-16,0.0093268,0.56192997,0.55375418,63765.0,0.005872915966665
2024-04-17,2024-04-17,0.01502001,0.5513511,0.53544916,61254.5,-0.039371128361954
2024-04-18,2024-04-18,0.00948199,0.560154,0.55120276,63445.0,0.0357606379939432
2024-04-19,2024-04-19,0.00865026,0.56162738,0.55295843,63787.4,0.0053968003782804
2024-04-20,2024-04-20,0.00656637,0.56611918,0.56063274,64897.2,0.017398420377692
2024-04-21,2024-04-21,0.00644197,0.56691704,0.56039917,64912.6,0.0002372983734275
2024-04-22,2024-04-22,0.00345423,0.57606132,0.57227883,66778.0,0.0287371018877691
2024-04-23,2024-04-23,0.00388109,0.57335747,0.56936961,66386.3,-0.0058657042738625
2024-04-24,2024-04-24,0.00766744,0.56143674,0.55273757,64250.0,-0.0321798322846732
2024-04-25,2024-04-25,0.00696701,0.56259506,0.55417157,64478.8,0.0035610894941635
2024-04-26,2024-04-26,0.00845595,0.55802456,0.54895552,63748.8,-0.0113215506492055
2024-04-27,2024-04-27,0.00929452,0.55499884,0.54666961,63421.0,-0.0051420575759857
2024-04-28,2024-04-28,0.01071148,0.54973742,0.54366958,63088.3,-0.0052458964696235
2024-04-29,2024-04-29,0.0081385,0.55675629,0.54878655,63842.4,0.0119530879735227
2024-04-30,2024-04-30,0.01635411,0.54199533,0.52471859,60651.2,-0.0499855895141787
2024-05-01,2024-05-01,0.02368995,0.53041886,0.50623295,58307.6,-0.038640620465877
2024-05-02,2024-05-02,0.02053922,0.53451221,0.51269037,59036.7,0.0125043733578469
2024-05-03,2024-05-03,0.00915615,0.55625009,0.54195771,62853.7,0.0646546978404958
2024-05-04,2024-05-04,0.00788811,0.55488106,0.54896466,63864.2,0.0160770169457009
2024-05-05,2024-05-05,0.00732898,0.55750803,0.54964226,63988.0,0.0019384882297124
2024-05-06,2024-05-06,0.0091385,0.5527528,0.54321571,63142.8,-0.0132087266362442
2024-05-07,2024-05-07,0.01116729,0.54815177,0.53673164,62296.0,-0.0134108718650424
2024-05-08,2024-05-08,0.01403139,0.54262918,0.52784244,61157.9,-0.0182692307692307
2024-05-09,2024-05-09,0.00909019,0.55121161,0.54176055,63050.1,0.0309395842564901
2024-05-10,2024-05-10,0.01481587,0.54128173,0.5245588,60778.1,-0.0360348357893167
2024-05-11,2024-05-11,0.01513201,0.53911381,0.52454616,60809.2,0.0005116974699768
2024-05-12,2024-05-12,0.01321055,0.54200465,0.52934346,61455.8,0.0106332594410056
2024-05-13,2024-05-13,0.00941087,0.54881063,0.54005553,62912.1,0.0236967055997967
2024-05-14,2024-05-14,0.0127352,0.54252294,0.52956473,61550.5,-0.0216428954048585
2024-05-15,2024-05-15,0.00353669,0.56501327,0.56132615,66175.4,0.0751399257520246
2024-05-16,2024-05-16,0.00497179,0.55960554,0.55421398,65217.7,-0.0144721452382606
2024-05-17,2024-05-17,0.00265878,0.56706504,0.56554406,66980.0,0.027021805430121
2024-05-18,2024-05-18,0.002605,0.56861637,0.5646394,66884.9,-0.0014198268139744
2024-05-19,2024-05-19,0.00358522,0.56301793,0.56011498,66239.4,-0.0096509077534689
2024-05-20,2024-05-20,0.00023369,0.59150402,0.59123951,71466.5,0.0789122486012856
2024-05-21,2024-05-21,0.0006521,0.58427751,0.58258105,70168.8,-0.0181581580180923
2024-05-22,2024-05-22,0.00125657,0.57700744,0.57604258,69219.1,-0.0135345053642074
2024-05-23,2024-05-23,0.00225644,0.57003582,0.5679935,67999.9,-0.017613635542791
2024-05-24,2024-05-24,0.00150735,0.57473771,0.57143021,68584.1,0.0085911891046899
2024-05-25,2024-05-25,0.00109988,0.57629131,0.5758114,69314.4,0.0106482406272006
2024-05-26,2024-05-26,0.00167035,0.57228438,0.57058749,68524.3,-0.0113987858222821
2024-05-27,2024-05-27,0.00102435,0.57628321,0.57566553,69461.6,0.0136783593557321
2024-05-28,2024-05-28,0.00174697,0.56429389,0.56179875,68440.5,-0.014700208460502
2024-05-29,2024-05-29,0.00270519,0.55904984,0.55644865,67686.7,-0.0110139464206135
2024-05-30,2024-05-30,0.00178518,0.56287282,0.5610338,68402.5,0.010575194240523
2024-05-31,2024-05-31,0.00305361,0.55555148,0.55535538,67577.9,-0.0120551149446292
2024-06-01,2024-06-01,0.00249689,0.55880193,0.5567206,67799.2,0.0032747392268774
2024-06-02,2024-06-02,0.00236774,0.55996925,0.55655077,67805.9,9.882122502924418e-05
2024-06-03,2024-06-03,0.00138065,0.56364544,0.56247768,68851.4,0.0154190122098518
2024-06-04,2024-06-04,0.00044478,0.57405716,0.57272099,70580.0,0.0251062433007898
2024-06-05,2024-06-05,0.00031029,0.57562424,0.57544138,71133.3,0.0078393312553131
2024-06-06,2024-06-06,0.00042813,0.57311707,0.57223546,70830.0,-0.0042638258031049
2024-06-07,2024-06-07,0.00142652,0.56422396,0.56271817,69377.0,-0.0205139065367782
2024-06-08,2024-06-08,0.00140373,0.56372941,0.56243728,69346.5,-0.000439626965709
2024-06-09,2024-06-09,0.0011305,0.56549377,0.56434031,69667.1,0.004623160505577
2024-06-10,2024-06-10,0.00122796,0.56369377,0.5634126,69558.7,-0.0015559711829544
2024-06-11,2024-06-11,0.00384452,0.55205329,0.54810103,67320.7,-0.032174264326389
2024-06-12,2024-06-12,0.00242156,0.55627352,0.553927,68270.3,0.014105616845933
2024-06-13,2024-06-13,0.00482503,0.54873117,0.54368696,66786.9,-0.0217283357477557
2024-06-14,2024-06-14,0.00628175,0.54454087,0.53858384,66039.7,-0.0111878227616493
2024-06-15,2024-06-15,0.0057318,0.54544473,0.53958243,66213.7,0.0026347787770084
2024-06-16,2024-06-16,0.00486204,0.54686912,0.54268297,66653.6,0.0066436402134302
2024-06-17,2024-06-17,0.00509039,0.54572603,0.541296,66472.1,-0.002723033714608
2024-06-18,2024-06-18,0.00785422,0.53996196,0.53199465,65150.0,-0.0198895476448014
2024-06-19,2024-06-19,0.00844332,0.53784111,0.53034342,64933.6,-0.003321565617805
2024-06-20,2024-06-20,0.00844463,0.53818629,0.52941859,64854.0,-0.0012258676555743
2024-06-21,2024-06-21,0.01041635,0.53329565,0.52379724,64124.0,-0.0112560520553859
2024-06-22,2024-06-22,0.00984719,0.53357338,0.52323042,64240.0,0.0018089950720479
2024-06-23,2024-06-23,0.01310094,0.5279179,0.51530147,63194.9,-0.0162686799501867
2024-06-24,2024-06-24,0.02270784,0.51541664,0.49209664,60273.6,-0.0462268315955877
2024-06-25,2024-06-25,0.01700328,0.52120385,0.50471859,61777.8,0.0249561997292346
2024-06-26,2024-06-26,0.02024306,0.51594321,0.49699647,60860.1,-0.0148548507716365
2024-06-27,2024-06-27,0.01703496,0.51862382,0.50275499,61682.0,0.0135047428446553
2024-06-28,2024-06-28,0.02156609,0.5129962,0.49186739,60429.8,-0.0203008981550533
2024-06-29,2024-06-29,0.01917976,0.51581594,0.496542,60982.4,0.0091444949346182
2024-06-30,2024-06-30,0.01344686,0.52334838,0.51102587,62766.0,0.0292477829668886
2024-07-01,2024-07-01,0.01276889,0.5250496,0.51138223,62883.6,0.0018736258483891
2024-07-02,2024-07-02,0.01529548,0.51965599,0.50548918,62123.6,-0.0120858220585335
2024-07-03,2024-07-03,0.02155967,0.51295068,0.4890856,60208.0,-0.0308353025259321
2024-07-04,2024-07-04,0.03523602,0.498024,0.46102588,57045.9,-0.052519598724422
2024-07-05,2024-07-05,0.03620986,0.49519443,0.45725374,56604.9,-0.0077306169242662
2024-07-06,2024-07-06,0.02873828,0.50197096,0.47217178,58216.0,0.0284622002688812
2024-07-07,2024-07-07,0.04028655,0.49063992,0.44952223,55830.9,-0.0409698364710732
2024-07-08,2024-07-08,0.03554126,0.4934839,0.45843994,56686.4,0.0153230558704946
2024-07-09,2024-07-09,0.02914557,0.49948136,0.47046501,58023.2,0.0235823760196447
2024-07-10,2024-07-10,0.03043753,0.49758719,0.46724087,57707.0,-0.0054495443202029
2024-07-11,2024-07-11,0.03193486,0.4958165,0.46384714,57315.5,-0.0067842722719947
2024-07-12,2024-07-12,0.02938369,0.4980172,0.46869219,57870.0,0.0096745208538702
2024-07-13,2024-07-13,0.0239453,0.50418806,0.48029294,59174.0,0.022533264212891
2024-07-14,2024-07-14,0.01816477,0.51092525,0.49358005,60766.0,0.0269037077094669
2024-07-15,2024-07-15,0.0070905,0.53237489,0.52349003,64680.6,0.0644208932626797
2024-07-16,2024-07-16,0.00640456,0.53276432,0.52532948,65010.0,0.0050927171362047
2024-07-17,2024-07-17,0.0084541,0.52715183,0.51758762,64055.7,-0.0146792801107522
2024-07-18,2024-07-18,0.00889951,0.52472565,0.51634746,63959.9,-0.0014955733837893
2024-07-19,2024-07-19,0.00357757,0.53944925,0.53486712,66627.9,0.0417136362001815
2024-07-20,2024-07-20,0.00297079,0.54140667,0.53773888,67095.6,0.0070195818868674
2024-07-21,2024-07-21,0.0020124,0.54462014,0.54446969,68138.0,0.0155360411114886
2024-07-22,2024-07-22,0.00238188,0.54427849,0.53973695,67499.2,-0.0093750917256156
2024-07-23,2024-07-23,0.00498846,0.53224914,0.52700867,65916.4,-0.0234491668049399
2024-07-24,2024-07-24,0.00621514,0.52838086,0.52265111,65350.8,-0.0085805656862327
2024-07-25,2024-07-25,0.00515394,0.53046192,0.52566761,65773.0,0.0064605176983296
2024-07-26,2024-07-26,0.00209807,0.54157342,0.53984525,67882.5,0.0320724309367066
2024-07-27,2024-07-27,0.00190515,0.54455744,0.5392612,67873.8,-0.000128162633963
2024-07-28,2024-07-28,0.00180258,0.54280618,0.54143872,68215.5,0.0050343431486081
2024-07-29,2024-07-29,0.0037928,0.53488484,0.53070947,66750.0,-0.0214833872067198
2024-07-30,2024-07-30,0.00460624,0.53123808,0.52615251,66159.3,-0.0088494382022471
2024-07-31,2024-07-31,0.00814152,0.52364861,0.51473747,64601.8,-0.023541663832598
2024-08-01,2024-08-01,0.00650831,0.52490164,0.51979326,65328.9,0.0112551043469377
2024-08-02,2024-08-02,0.01732757,0.51012674,0.48933743,61483.7,-0.0588590960509055
2024-08-03,2024-08-03,0.02191256,0.50028476,0.4831422,60684.6,-0.0129969406525631
2024-08-04,2024-08-04,0.03223838,0.49186362,0.46058614,58144.5,-0.0418574069862864
2024-08-05,2024-08-05,0.05017926,0.4810459,0.42115172,54003.1,-0.0712259972998305
2024-08-06,2024-08-06,0.04074685,0.48238399,0.44223634,55991.2,0.0368145532386103
2024-08-07,2024-08-07,0.04568994,0.47717302,0.4331368,55102.9,-0.0158649930703395
2024-08-08,2024-08-08,0.01556925,0.50924408,0.49290274,61659.8,0.1189937371717277
2024-08-09,2024-08-09,0.01943924,0.50044448,0.48528558,60808.6,-0.0138047804241986
2024-08-10,2024-08-10,0.01845625,0.50246541,0.48529339,60889.9,0.0013369819400546
2024-08-11,2024-08-11,0.02659468,0.49559075,0.46589765,58693.1,-0.0360782330074446
2024-08-12,2024-08-12,0.02377366,0.49786222,0.47155815,59323.6,0.010742318943794
2024-08-13,2024-08-13,0.01954255,0.49941711,0.48254714,60550.5,0.0206814825802885
2024-08-14,2024-08-14,0.02642249,0.49346768,0.46579366,58648.1,-0.031418402820786
2024-08-15,2024-08-15,0.03181746,0.48727084,0.45529906,57511.0,-0.0193885223903246
2024-08-16,2024-08-16,0.0251947,0.49408102,0.46759271,58854.9,0.0233677035697519
2024-08-17,2024-08-17,0.02307714,0.49497721,0.47307772,59468.5,0.0104256400061846
2024-08-18,2024-08-18,0.0255574,0.49689269,0.46345032,58390.0,-0.0181356516475108
2024-08-19,2024-08-19,0.02313759,0.49440846,0.47264416,59398.5,0.0172717931152595
2024-08-20,2024-08-20,0.02407838,0.49499113,0.4687268,58982.9,-0.0069968096837461
2024-08-21,2024-08-21,0.01645732,0.50237904,0.48714219,61120.0,0.0362325351924031
2024-08-22,2024-08-22,0.01892611,0.49919326,0.48035285,60349.9,-0.0125998036649214
2024-08-23,2024-08-23,0.00853484,0.51573604,0.50960704,64019.9,0.0608120311715512
2024-08-24,2024-08-24,0.00845919,0.51473523,0.51003992,64116.5,0.0015089058245951
2024-08-25,2024-08-25,0.00748444,0.51984512,0.51048513,64190.2,0.001149470105199
2024-08-26,2024-08-26,0.01124216,0.51131089,0.49925896,62807.6,-0.021539113447224
2024-08-27,2024-08-27,0.02278401,0.49475974,0.47073057,59384.5,-0.0545013660767168
2024-08-28,2024-08-28,0.02437904,0.49157718,0.46758443,59010.0,-0.006306359403548
2024-08-29,2024-08-29,0.02271109,0.49250611,0.46968759,59323.2,0.0053075749872901
2024-08-30,2024-08-30,0.0236148,0.49132201,0.46752076,59096.3,-0.0038248105294386
2024-08-31,2024-08-31,0.02388476,0.49138425,0.46625354,58941.9,-0.0026126847196863
2024-09-01,2024-09-01,0.0321968,0.48267504,0.45093275,57268.1,-0.0283974557996943
2024-09-02,2024-09-02,0.02269872,0.49302538,0.46790988,59112.1,0.0321994269060785
2024-09-03,2024-09-03,0.03028983,0.48500368,0.45250936,57451.9,-0.0280856203721403
2024-09-04,2024-09-04,0.02856618,0.48446936,0.4572143,57944.8,0.0085793507264337
2024-09-05,2024-09-05,0.03759661,0.47727997,0.44001991,56145.7,-0.0310485151385457
2024-09-06,2024-09-06,0.0502935,0.4679984,0.41756072,53927.7,-0.0395043609751057
2024-09-07,2024-09-07,0.04916521,0.46822559,0.41961097,54134.9,0.0038421812908766
2024-09-08,2024-09-08,0.04453726,0.47147125,0.42723966,54839.6,0.0130174804054314
2024-09-09,2024-09-09,0.03180267,0.48226952,0.4484545,57010.0,0.0395772398048126
2024-09-10,2024-09-10,0.02923879,0.48264035,0.45430269,57609.1,0.0105086826872478
2024-09-11,2024-09-11,0.03025059,0.48199996,0.45152075,57306.0,-0.0052613215620448
2024-09-12,2024-09-12,0.02646764,0.48552473,0.4587642,58097.0,0.0138030921718492
2024-09-13,2024-09-13,0.01689938,0.49773059,0.47980004,60456.2,0.0406079487753239
2024-09-14,2024-09-14,0.01905134,0.49358859,0.47490889,59964.0,-0.008141431317218
2024-09-15,2024-09-15,0.0221434,0.49015737,0.46701841,59100.5,-0.014400306850777
2024-09-16,2024-09-16,0.02619434,0.48436606,0.45853581,58187.0,-0.0154567220243483
2024-09-17,2024-09-17,0.01810905,0.49359393,0.47704861,60281.0,0.0359874198704177
2024-09-18,2024-09-18,0.01430974,0.49668144,0.48901109,61735.3,0.0241253462948525
2024-09-19,2024-09-19,0.00993368,0.50898361,0.49796448,62926.9,0.0193017609050252
2024-09-20,2024-09-20,0.00947009,0.50859357,0.49914341,63175.7,0.0039537940054252
2024-09-21,2024-09-21,0.00896735,0.50980464,0.50021151,63320.6,0.0022936033949763
2024-09-22,2024-09-22,0.00856656,0.51033631,0.50167531,63558.4,0.0037554918936333
2024-09-23,2024-09-23,0.00915982,0.50824152,0.499158,63302.0,-0.0040340851877957
2024-09-24,2024-09-24,0.0069162,0.5142667,0.50613964,64243.1,0.0148668288521689
2024-09-25,2024-09-25,0.00967946,0.50637117,0.49662427,63118.4,-0.0175069384883356
2024-09-26,2024-09-26,0.00575475,0.51415059,0.51170967,65139.2,0.0320160206849349
2024-09-27,2024-09-27,0.00428842,0.52081393,0.51571962,65749.6,0.0093707015130675
2024-09-28,2024-09-28,0.0041383,0.52095915,0.51597134,65822.6,0.0011102729142078
2024-09-29,2024-09-29,0.00464071,0.51878531,0.51386697,65568.1,-0.003866453163503
2024-09-30,2024-09-30,0.00952122,0.50595855,0.49615528,63309.1,-0.0344527292997662
2024-10-01,2024-10-01,0.0172744,0.49483832,0.4754451,60776.8,-0.0399989890868768
2024-10-02,2024-10-02,0.01784603,0.49306417,0.47416111,60622.6,-0.0025371523344435
2024-10-03,2024-10-03,0.01735249,0.49283375,0.47514302,60727.2,0.0017254291303903
2024-10-04,2024-10-04,0.01288909,0.49848763,0.48618482,62054.4,0.0218551159941509
2024-10-05,2024-10-05,0.01276889,0.49902155,0.48590284,62023.1,-0.0005043961427393
2024-10-06,2024-10-06,0.01056666,0.50248262,0.4919281,62789.3,0.0123534618553411
2024-10-07,2024-10-07,0.01194004,0.50127365,0.48676385,62190.7,-0.0095334714672723
2024-10-08,2024-10-08,0.01245254,0.49434947,0.48153845,62131.7,-0.0009486949013276
2024-10-09,2024-10-09,0.01815861,0.48659243,0.46829426,60606.4,-0.0245494650878697
2024-10-10,2024-10-10,0.01945336,0.48390097,0.46593154,60293.2,-0.0051677710604821
2024-10-11,2024-10-11,0.01108958,0.49357991,0.48371667,62509.0,0.0367504129818951
2024-10-12,2024-10-12,0.00877466,0.49926037,0.48879622,63176.0,0.0106704634532628
2024-10-13,2024-10-13,0.00989723,0.4958448,0.48577814,62839.8,-0.0053216411295428
2024-10-14,2024-10-14,0.00353964,0.51473321,0.51028845,66064.9,0.0513225694543901
2024-10-15,2024-10-15,0.00243775,0.51853329,0.51635067,67044.1,0.0148217888773012
2024-10-16,2024-10-16,0.00182225,0.52308344,0.51959528,67592.0,0.0081722329034172
2024-10-17,2024-10-17,0.00215553,0.51901302,0.5176974,67401.5,-0.0028183808734761
2024-10-18,2024-10-18,0.00127173,0.52607059,0.52422705,68407.8,0.0149299347937361
2024-10-19,2024-10-19,0.00134237,0.52479164,0.52352011,68357.1,-0.0007411435538052
2024-10-20,2024-10-20,0.00098764,0.52628383,0.52694912,69020.1,0.0096990656420474
2024-10-21,2024-10-21,0.00232045,0.51710353,0.51380507,67368.8,-0.023924914626319
2024-10-22,2024-10-22,0.00220603,0.51709368,0.5137381,67406.4,0.0005581218605643
2024-10-23,2024-10-23,0.00336864,0.51127736,0.50790842,66647.2,-0.0112630254693916
2024-10-24,2024-10-24,0.00149528,0.52022564,0.51868068,68173.8,0.0229056884610308
2024-10-25,2024-10-25,0.00411165,0.50605363,0.50688626,66662.8,-0.0221639398126552
2024-10-26,2024-10-26,0.00276819,0.51284754,0.50995895,67071.8,0.0061353558506394
2024-10-27,2024-10-27,0.00166954,0.51845638,0.51649411,67992.6,0.0137285714711696
2024-10-28,2024-10-28,0.00055087,0.53008271,0.52966199,69940.0,0.0286413521471453
2024-10-29,2024-10-29,3.017e-05,0.54613619,0.54636092,72739.5,0.0400271661424078
2024-10-30,2024-10-30,3.592e-05,0.54650863,0.54328451,72349.0,-0.0053684724255734
2024-10-31,2024-10-31,0.00093475,0.53035204,0.52901093,70321.9,-0.0280183554713956
2024-11-01,2024-11-01,0.00129053,0.52521078,0.52363305,69495.5,-0.0117516733762881
2024-11-02,2024-11-02,0.0014976,0.52197842,0.52266308,69366.6,-0.0018547963537206
2024-11-03,2024-11-03,0.00191068,0.51957707,0.51840774,68762.5,-0.0087088022189354
2024-11-04,2024-11-04,0.00300321,0.51355124,0.51136179,67834.3,-0.0134986366115251
2024-11-05,2024-11-05,0.00128094,0.52312977,0.52193255,69353.1,0.0223898529210149
2024-11-06,2024-11-06,1.21e-05,0.55913536,0.55913272,75579.9,0.0897840183063192
2024-11-07,2024-11-07,1.268e-05,0.5616845,0.55958022,75859.4,0.0036980731649551
2024-11-08,2024-11-08,9.48e-06,0.5619985,0.56223614,76482.2,0.0082099252037322
2024-11-09,2024-11-09,4.22e-06,0.5624477,0.56283589,76675.1,0.0025221554819292
2024-11-10,2024-11-10,6.56e-06,0.58168014,0.58189027,80410.0,0.0487107287763561
2024-11-11,2024-11-11,3.08e-06,0.61715102,0.61864315,88728.9,0.103456037806243
2024-11-12,2024-11-12,5.046e-05,0.61692924,0.61264293,87972.0,-0.008530478795522
2024-11-13,2024-11-13,9.496e-05,0.62110023,0.62050724,90413.3,0.0277508752784978
2024-11-14,2024-11-14,0.00070969,0.60530021,0.60400732,87382.7,-0.0335194047778369
2024-11-15,2024-11-15,5.492e-05,0.61714856,0.61842171,91074.6,0.0422497817073632
2024-11-16,2024-11-16,0.00010906,0.61563537,0.6158378,90643.3,-0.004735678224225
2024-11-17,2024-11-17,0.00022472,0.61182288,0.61236542,89899.9,-0.0082013783699402
2024-11-18,2024-11-18,0.00021718,0.61411383,0.61372253,90507.4,0.0067575158593058
2024-11-19,2024-11-19,7.153e-05,0.61766742,0.61902905,92335.9,0.0202027679504659
2024-11-20,2024-11-20,2.045e-05,0.62291706,0.62477471,94288.0,0.021141289574261
2024-11-21,2024-11-21,3.94e-06,0.63560776,0.63486583,98366.8,0.0432589512981502
2024-11-22,2024-11-22,2.944e-05,0.63239417,0.63415872,98921.4,0.005638081141198
2024-11-23,2024-11-23,0.00031834,0.62659452,0.62802833,97725.5,-0.0120893962277119
2024-11-24,2024-11-24,0.00026218,0.62532108,0.62825437,97960.4,0.0024036715084598
2024-11-25,2024-11-25,0.00250084,0.61143456,0.60667314,93064.0,-0.049983462705338
2024-11-26,2024-11-26,0.00293534,0.6043995,0.60147578,92021.4,-0.0112030430671367
2024-11-27,2024-11-27,0.00077493,0.61948955,0.61663291,95905.2,0.0422054000482496
2024-11-28,2024-11-28,0.00096053,0.61526312,0.61455908,95694.4,-0.0021980038621471
2024-11-29,2024-11-29,0.00029163,0.62043456,0.62072998,97516.3,0.019038731629019
2024-11-30,2024-11-30,0.00068506,0.61677309,0.61631194,96475.1,-0.0106771893519339
2024-12-01,2024-12-01,0.00033707,0.61953732,0.61905349,97265.1,0.0081886414214651
2024-12-02,2024-12-02,0.0011221,0.61009438,0.6122024,95890.5,-0.0141325100164396
2024-12-03,2024-12-03,0.00081541,0.61315955,0.61123459,95913.3,0.0002377712077838
2024-12-04,2024-12-04,1.097e-05,0.62224018,0.62083143,98669.8,0.0287394970249172
2024-12-05,2024-12-05,0.00150687,0.61113966,0.6095179,97001.5,-0.0169079090055924
2024-12-06,2024-12-06,0.00040869,0.61918871,0.61785946,99802.5,0.0288758421261527
2024-12-07,2024-12-07,0.00037773,0.61896783,0.61757721,99899.2,0.0009689136043686
2024-12-08,2024-12-08,0.00017193,0.62253563,0.62191532,101200.0,0.0130211252942966
2024-12-09,2024-12-09,0.00143204,0.60662769,0.60396262,97349.1,-0.0380523715415018
2024-12-10,2024-12-10,0.00206508,0.60132626,0.5996652,96602.4,-0.0076703328536166
2024-12-11,2024-12-11,0.00013356,0.61781943,0.61615093,101115.3,0.0467162306526547
2024-12-12,2024-12-12,0.00044429,0.61144129,0.61082505,99982.4,-0.0112040413270791
2024-12-13,2024-12-13,0.00011815,0.61564226,0.61527204,101371.9,0.0138974459504872
2024-12-14,2024-12-14,0.00012812,0.61512826,0.61474393,101381.0,8.976846640940117e-05
2024-12-15,2024-12-15,2.8e-07,0.62783942,0.62518434,104460.4,0.0303745277714757
2024-12-16,2024-12-16,3.51e-05,0.62854026,0.62920354,106023.2,0.0149606932387775
2024-12-17,2024-12-17,9.954e-05,0.62678164,0.62717016,106074.6,0.0004847995533054
2024-12-18,2024-12-18,0.00163677,0.60887811,0.60365356,100181.1,-0.0555599549750835
2024-12-19,2024-12-19,0.00378429,0.59501585,0.58975945,97434.4,-0.0274173471842494
2024-12-20,2024-12-20,0.00335297,0.59243648,0.59033181,97764.4,0.0033868941564785
2024-12-21,2024-12-21,0.00389632,0.59028574,0.58783443,97261.8,-0.0051409306455109
2024-12-22,2024-12-22,0.00655217,0.58491385,0.57828759,95153.5,-0.0216765472158648
2024-12-23,2024-12-23,0.00668389,0.58047869,0.57343206,94861.1,-0.0030729295296546
2024-12-24,2024-12-24,0.00225909,0.59085294,0.58873539,98627.2,0.0397012052358658
2024-12-25,2024-12-25,0.00196827,0.59005872,0.59151329,99379.7,0.0076297410856234
2024-12-26,2024-12-26,0.00534831,0.58056035,0.57564643,95751.0,-0.0365134931983091
2024-12-27,2024-12-27,0.00751096,0.57545859,0.56782886,94258.9,-0.015583127069169
2024-12-28,2024-12-28,0.00569433,0.57871881,0.57303966,95259.1,0.0106111995790318
2024-12-29,2024-12-29,0.00834449,0.57333752,0.56435504,93700.0,-0.0163669402713232
