start_time,a_sopr,date,lth_sopr,sopr,sth_sopr,close,change
2021-01-01,1.13783811,2021-01-01,4.04799237,1.04198131,1.09385229,29337.16,
2021-01-02,1.20386414,2021-01-02,4.51968848,1.04639026,1.07793307,32199.91,0.0975810201123763
2021-01-03,1.26464915,2021-01-03,4.45111895,1.04415007,1.17717244,33054.53,0.0265410679719291
2021-01-04,1.15587059,2021-01-04,5.30179025,1.04589231,1.0910302,32031.07,-0.0309627757526729
2021-01-05,1.17906091,2021-01-05,4.03918817,1.03855678,1.12986461,33999.52,0.0614543941242049
2021-01-06,1.1876384,2021-01-06,4.8089154,1.04491132,1.15063587,36823.68,0.083064702089912
2021-01-07,1.25833135,2021-01-07,4.71605422,1.05609994,1.19352966,39498.92,0.0726499904409336
2021-01-08,1.2299116,2021-01-08,4.87048432,1.05317458,1.16552922,40637.23,0.0288187626395861
2021-01-09,1.23172893,2021-01-09,5.22836689,1.04590689,1.15233628,40136.04,-0.0123332717313655
2021-01-10,1.16024531,2021-01-10,5.32189908,1.0248305,1.09328829,38221.67,-0.047697032392832
2021-01-11,1.06601026,2021-01-11,3.97964032,1.01287332,1.01296855,35408.46,-0.0736024878033848
2021-01-12,1.07737291,2021-01-12,4.47487949,1.01777415,1.04955207,34056.9,-0.038170538905109
2021-01-13,1.0698265,2021-01-13,4.55396948,1.01832829,1.04662614,37421.07,0.0987808637897165
2021-01-14,1.11234057,2021-01-14,5.00034697,1.03084801,1.08027881,39163.31,0.0465577280393103
2021-01-15,1.0706211,2021-01-15,4.34100288,1.01895403,1.02173077,36755.24,-0.0614879079424083
2021-01-16,1.07612838,2021-01-16,4.64215091,1.01227654,1.03225148,36025.66,-0.0198496867385438
2021-01-17,1.0456636,2021-01-17,4.30763106,1.01018312,1.01298249,35869.83,-0.0043255279708963
2021-01-18,1.08592214,2021-01-18,5.29906503,1.01883472,1.03974933,36686.86,0.0227776379202242
2021-01-19,1.05678525,2021-01-19,4.38631147,1.01317268,1.03627225,35891.03,-0.0216925078897458
2021-01-20,1.02288849,2021-01-20,4.7846129,1.00548166,1.0060164,35500.0,-0.0108949227703969
2021-01-21,1.01062308,2021-01-21,3.91317984,1.00149074,0.98765643,30879.97,-0.1301416901408451
2021-01-22,1.00732546,2021-01-22,4.3049823,1.00229555,0.98708404,32986.34,0.0682115299982479
2021-01-23,1.03020628,2021-01-23,3.75625473,1.00561806,1.01380607,32086.48,-0.0272797770228524
2021-01-24,1.02005558,2021-01-24,4.01755037,1.0036223,1.00263152,32275.63,0.0058950062456213
2021-01-25,1.03779887,2021-01-25,4.54674349,1.00634279,1.02080084,32253.68,-0.0006800796762139
2021-01-26,1.01125885,2021-01-26,4.43783057,1.00271924,0.99615992,32474.14,0.0068351890388942
2021-01-27,1.07541754,2021-01-27,4.11562593,1.01987074,0.99464196,30381.04,-0.0644543627637251
2021-01-28,1.05290487,2021-01-28,3.59282496,1.01317006,1.02740957,33399.75,0.0993616413394669
2021-01-29,1.09440921,2021-01-29,4.36203624,1.0238938,1.06148632,34269.35,0.0260361230248729
2021-01-30,1.04212068,2021-01-30,4.49023089,1.00806492,1.01508879,34289.85,0.0005982021835839
2021-01-31,1.06801844,2021-01-31,4.86524519,1.00976382,1.00480708,33126.21,-0.0339354065415858
2021-02-01,1.02648569,2021-02-01,4.34440587,1.00669317,1.01475262,33546.09,0.0126751596394516
2021-02-02,1.06364382,2021-02-02,3.90849263,1.01480468,1.04661313,35504.06,0.0583665637336572
2021-02-03,1.05641608,2021-02-03,4.6592976,1.01308944,1.03658091,37652.51,0.0605127976913064
2021-02-04,1.07844657,2021-02-04,4.37887508,1.01850722,1.05035963,36976.93,-0.0179424957326882
2021-02-05,1.09844863,2021-02-05,5.13547645,1.02616484,1.06603511,38362.65,0.0374752582218156
2021-02-06,1.08489466,2021-02-06,4.81767805,1.01462542,1.06166013,39249.54,0.0231185801815045
2021-02-07,1.07390143,2021-02-07,8.98740114,1.01299632,1.03756125,38849.25,-0.0101985908624662
2021-02-08,1.1117644,2021-02-08,5.37408982,1.02869131,1.08211356,46451.32,0.195681255107885
2021-02-09,1.19558279,2021-02-09,5.65109999,1.03381275,1.16053121,46492.54,0.0008873805954277
2021-02-10,1.11218136,2021-02-10,5.0473957,1.02824187,1.07787075,44850.0,-0.0353291087129247
2021-02-11,1.11866384,2021-02-11,5.98161635,1.02071816,1.08876721,48060.21,0.0715765886287624
2021-02-12,1.10382654,2021-02-12,5.70988167,1.02304934,1.0769723,47361.03,-0.0145480013508055
2021-02-13,1.08105392,2021-02-13,5.83619266,1.01459213,1.06079441,47221.62,-0.0029435592933683
2021-02-14,1.07907317,2021-02-14,6.34288288,1.01069297,1.04476711,48655.21,0.0303587636341149
2021-02-15,1.12266836,2021-02-15,6.94938314,1.02472257,1.10622339,47981.58,-0.0138449715868043
2021-02-16,1.06606735,2021-02-16,6.72423138,1.01357718,1.04027483,49197.94,0.0253505616113516
2021-02-17,1.11480125,2021-02-17,6.06842284,1.02688537,1.08281864,52194.62,0.0609106804065373
2021-02-18,1.13428645,2021-02-18,6.80782506,1.02775504,1.08909378,51619.7,-0.0110149283585166
2021-02-19,1.14262763,2021-02-19,6.1897569,1.04068381,1.10479644,56004.1,0.0849365649161075
2021-02-20,1.17650589,2021-02-20,6.9143291,1.03081094,1.12165589,55917.41,-0.0015479223842539
2021-02-21,1.11791104,2021-02-21,7.98895085,1.02307761,1.07724405,57487.43,0.0280774806987662
2021-02-22,1.08239381,2021-02-22,6.44458284,1.01868545,1.03936248,54121.1,-0.0585576707812472
2021-02-23,1.09029775,2021-02-23,6.41596274,1.02505532,1.03878498,48930.0,-0.0959163801179207
2021-02-24,1.08703989,2021-02-24,7.79607311,1.02202137,1.03644297,49702.03,0.0157782546494993
2021-02-25,1.0775853,2021-02-25,7.00252778,1.01563653,1.03789817,47089.37,-0.0525664645890719
2021-02-26,1.10815615,2021-02-26,5.77160638,1.02374021,1.07203067,46313.13,-0.0164843997700543
2021-02-27,0.98873005,2021-02-27,6.38412221,0.99700299,0.96746719,46102.63,-0.0045451473480631
2021-02-28,1.02011443,2021-02-28,6.46013659,1.00334037,0.99889364,45163.36,-0.0203734580868812
2021-03-01,1.05762614,2021-03-01,5.85496503,1.0152883,1.04332185,49592.7,0.0980737482773645
2021-03-02,1.06826277,2021-03-02,6.76254161,1.01547393,1.01905862,48450.57,-0.023030204042127
2021-03-03,1.05296151,2021-03-03,6.13027074,1.01224853,1.03730468,50373.75,0.0396936506629332
2021-03-04,1.03482213,2021-03-04,6.3899779,1.0111978,1.01801936,48385.77,-0.0394646020993076
2021-03-05,1.03737929,2021-03-05,7.28686945,1.00975467,1.00419113,48770.57,0.0079527513977766
2021-03-06,1.03695719,2021-03-06,6.10106028,1.00663404,1.00975108,48908.21,0.0028221937943313
2021-03-07,1.05024468,2021-03-07,6.05427302,1.00581073,1.03085742,50995.27,0.0426729990731618
2021-03-08,1.07712624,2021-03-08,8.21103115,1.01587901,1.02613722,52429.43,0.0281233926205313
2021-03-09,1.07897945,2021-03-09,6.32525774,1.0167414,1.05461652,54917.78,0.0474609393998752
2021-03-10,1.08500542,2021-03-10,6.64768186,1.02071326,1.06209546,55947.98,0.018758952018818
2021-03-11,1.14760855,2021-03-11,12.73675254,1.03427078,1.09579134,57844.52,0.0338982747902603
2021-03-12,1.10310147,2021-03-12,7.3548975,1.03149577,1.07282511,57291.03,-0.0095685814317414
2021-03-13,1.07858321,2021-03-13,8.06078321,1.02669711,1.05929259,61267.41,0.0694066767520151
2021-03-14,1.10717945,2021-03-14,5.3166133,1.02340454,1.04988362,59037.12,-0.0364025507198688
2021-03-15,1.03718941,2021-03-15,7.42521902,1.01451564,1.01971855,55646.61,-0.0574301388685627
2021-03-16,1.07167356,2021-03-16,7.81047028,1.02338818,1.05397107,56954.19,0.0234979273670039
2021-03-17,1.07515899,2021-03-17,9.1970043,1.0193716,1.0356412,58959.0,0.0352003952650366
2021-03-18,1.04778468,2021-03-18,7.29157155,1.01431396,1.03234646,57700.01,-0.0213536525382044
2021-03-19,1.04298025,2021-03-19,7.50141404,1.01241057,1.02703132,58089.11,0.0067434996978337
2021-03-20,1.05793223,2021-03-20,5.89183457,1.01496872,1.02362345,58145.61,0.0009726435815593
2021-03-21,1.04524347,2021-03-21,7.05696121,1.01205593,1.02618486,57415.18,-0.0125620833627853
2021-03-22,1.05857595,2021-03-22,6.9970165,1.01664122,1.0149738,54129.56,-0.0572256326636962
2021-03-23,1.05844289,2021-03-23,9.0261611,1.01845274,1.02743732,54400.0,0.0049961610624582
2021-03-24,1.05543562,2021-03-24,7.62286413,1.01506727,1.03374502,52311.54,-0.0383908088235294
2021-03-25,1.04517652,2021-03-25,7.90115129,1.01389962,1.00292568,51325.21,-0.0188549218776583
2021-03-26,1.04057999,2021-03-26,7.05864308,1.01350602,1.01543538,55030.0,0.0721826564372556
2021-03-27,1.09834956,2021-03-27,6.18814876,1.02252672,1.04922139,55828.0,0.014501181173905
2021-03-28,1.04687708,2021-03-28,6.88357815,1.01227533,1.01678776,55805.08,-0.0004105466790856
2021-03-29,1.05872717,2021-03-29,6.81104926,1.01529578,1.0446539,57677.64,0.0335553680776015
2021-03-30,1.06893601,2021-03-30,8.50055719,1.01837342,1.04938705,58794.16,0.019357934894701
2021-03-31,1.06533397,2021-03-31,8.4826273,1.01997388,1.03376749,58807.24,0.0002224710753584
2021-04-01,1.08285576,2021-04-01,5.84115035,1.02560046,1.02024664,58794.01,-0.000224972299329
2021-04-02,1.05680091,2021-04-02,8.4450425,1.01651511,1.02444544,59031.36,0.0040369758756035
2021-04-03,1.02393479,2021-04-03,7.34140497,1.00495859,1.01018826,57134.65,-0.0321305489150173
2021-04-04,1.03037673,2021-04-04,7.41554497,1.00764874,1.00981104,58234.61,0.0192520650778467
2021-04-05,1.03741814,2021-04-05,6.88651522,1.00817235,1.0145773,59243.39,0.0173226883463286
2021-04-06,1.17775195,2021-04-06,6.69080468,1.04645134,1.03957557,58059.99,-0.0199752242402063
2021-04-07,1.03235452,2021-04-07,6.72729669,1.007285,1.01267043,56018.18,-0.0351672468424468
2021-04-08,1.03444763,2021-04-08,8.11898467,1.01033069,1.02072667,58122.26,0.0375606633417937
2021-04-09,1.02919367,2021-04-09,7.33480208,1.00853739,1.013091,58176.03,0.000925118878722
2021-04-10,1.04624008,2021-04-10,8.37725853,1.01209452,1.02631776,59832.43,0.028472207539772
2021-04-11,1.07508296,2021-04-11,9.6398823,1.0154114,1.0130149,60090.2,0.004308198747736
2021-04-12,1.05603942,2021-04-12,6.68277687,1.01601076,1.01987352,59911.18,-0.0029791879541088
2021-04-13,1.07303933,2021-04-13,7.98805181,1.0207199,1.04980203,63649.71,0.0624012079214597
2021-04-14,1.09167901,2021-04-14,13.43026368,1.02576491,1.0453242,63019.1,-0.0099075078268228
2021-04-15,1.07547474,2021-04-15,9.88163221,1.01826357,1.02872506,63232.55,0.0033870683649879
2021-04-16,1.03281301,2021-04-16,5.89292211,1.00866217,1.01818738,61424.67,-0.0285909709477161
2021-04-17,1.03576019,2021-04-17,6.82187729,1.01340968,1.0111659,60090.14,-0.0217262868485903
2021-04-18,1.12468603,2021-04-18,5.22014886,1.04361713,0.98022919,56140.05,-0.0657360758354032
2021-04-19,1.00890302,2021-04-19,5.98153032,1.00327778,0.99939809,55634.39,-0.0090071170225178
2021-04-20,1.01786951,2021-04-20,8.09864339,1.0063318,0.99828354,56410.56,0.0139512628789495
2021-04-21,1.01127774,2021-04-21,7.32400505,1.0028821,0.99520772,53800.0,-0.0462778600318805
2021-04-22,1.03539725,2021-04-22,6.41299892,1.00926371,1.02213438,51714.61,-0.0387618959107806
2021-04-23,0.99386697,2021-04-23,6.12198898,0.99828371,0.96734096,51122.62,-0.011447248659518
2021-04-24,1.03195358,2021-04-24,6.23187951,1.00809917,0.99051386,50092.4,-0.0201519405695561
2021-04-25,1.0017604,2021-04-25,6.54940982,1.00019016,0.97725463,49063.94,-0.020531258234782
2021-04-26,1.03663009,2021-04-26,6.72143904,1.00966288,1.01399345,53984.33,0.1002852604173247
2021-04-27,1.06938847,2021-04-27,6.86675261,1.01307836,1.01624116,55006.25,0.0189299376319016
2021-04-28,1.02750623,2021-04-28,6.89241681,1.00614015,1.00674341,54861.77,-0.0026266106124304
2021-04-29,1.04236798,2021-04-29,5.81722938,1.01102929,1.00523494,53558.8,-0.0237500539993513
2021-04-30,1.07627016,2021-04-30,8.75826097,1.01317913,1.02246446,57684.16,0.0770248773310828
2021-05-01,1.05519125,2021-05-01,6.77937289,1.00703102,1.02775097,57836.34,0.0026381592451028
2021-05-02,1.05750092,2021-05-02,6.26677357,1.00618355,1.0106385,56630.33,-0.0208521147776639
2021-05-03,1.05707344,2021-05-03,6.70801706,1.00854866,1.02418971,57214.83,0.010321324279763
2021-05-04,1.02853993,2021-05-04,6.27596825,1.00476409,0.99339613,53263.32,-0.0690644366154719
2021-05-05,1.03940394,2021-05-05,6.16653537,1.01018154,1.01333482,57497.77,0.0795003015208213
2021-05-06,1.04758872,2021-05-06,5.72474614,1.01219139,1.01905714,56435.35,-0.0184775861742115
2021-05-07,1.10540147,2021-05-07,7.77663046,1.02391018,1.06172912,57350.88,0.0162226335089619
2021-05-08,1.04316822,2021-05-08,7.08543991,1.01050449,1.02963439,58924.98,0.0274468325507821
2021-05-09,1.04122753,2021-05-09,6.59564145,1.01267365,1.01387203,58292.53,-0.0107331389845189
2021-05-10,1.0304427,2021-05-10,6.04435172,1.01025075,1.00864469,55869.67,-0.0415638161527729
2021-05-11,1.0114124,2021-05-11,5.97320664,1.00470635,0.99675336,56710.43,0.0150485943446596
2021-05-12,1.05671868,2021-05-12,5.14493963,1.01917251,1.02219515,49595.76,-0.1254561109834645
2021-05-13,0.99124094,2021-05-13,6.20508488,0.99732307,0.96044844,49707.9,0.0022610803826779
2021-05-14,1.00412187,2021-05-14,5.83456826,1.00082145,0.98915871,49873.27,0.0033268353722446
2021-05-15,1.00438526,2021-05-15,5.91135774,1.00036967,0.98806559,46793.41,-0.0617537209811988
2021-05-16,0.9906926,2021-05-16,4.81288665,0.99765133,0.97504746,46429.28,-0.0077816513051731
2021-05-17,0.96273612,2021-05-17,4.34259554,0.99170349,0.94759634,43566.18,-0.0616658281153617
2021-05-18,0.99053533,2021-05-18,5.51344765,0.99614335,0.97353106,42882.53,-0.0156922181380144
2021-05-19,0.92845509,2021-05-19,3.57074488,0.9778186,0.89726704,36689.14,-0.1444268796640496
2021-05-20,0.95796519,2021-05-20,3.04213536,0.9875211,0.94309891,40500.3,0.1038770600782685
2021-05-21,0.97353847,2021-05-21,4.46300148,0.99188942,0.95115828,37211.02,-0.0812161885220604
2021-05-22,0.96008727,2021-05-22,3.87247355,0.99211773,0.94935971,37432.58,0.0059541501415443
2021-05-23,0.96220278,2021-05-23,3.67281142,0.99193124,0.92617089,34651.6,-0.0742930356390075
2021-05-24,1.03612992,2021-05-24,4.24443069,1.00852334,0.99328089,38779.66,0.1191304297637052
2021-05-25,0.97562051,2021-05-25,3.35743779,0.99369703,0.9645352,38326.84,-0.0116767398166979
2021-05-26,1.01214982,2021-05-26,2.84855928,1.00317116,0.99093248,39224.2,0.023413357323484
2021-05-27,0.98641047,2021-05-27,3.77120785,0.99608546,0.98196934,38527.38,-0.0177650532069487
2021-05-28,0.97265059,2021-05-28,3.58139223,0.99380578,0.96285921,35670.99,-0.074139222547705
2021-05-29,0.97693379,2021-05-29,3.51412586,0.99419498,0.97109112,34611.94,-0.0296893918559589
2021-05-30,1.02243854,2021-05-30,9.79977401,1.00791438,0.98257359,35651.81,0.030043678568725
2021-05-31,0.99085416,2021-05-31,3.38491518,0.99761568,0.98475823,37243.38,0.0446420532365678
2021-06-01,1.01707114,2021-06-01,3.71785612,1.00443623,0.9638196,36693.41,-0.0147669196512237
2021-06-02,0.99793511,2021-06-02,3.34542548,0.99971692,0.98311664,37569.99,0.023889303283614
2021-06-03,1.01516794,2021-06-03,3.45316189,1.00614182,0.98630291,39247.4,0.0446476030470064
2021-06-04,0.9652967,2021-06-04,3.75541783,0.98574307,0.95854262,36828.03,-0.0616440834297304
2021-06-05,0.98231564,2021-06-05,2.89976332,0.99155965,0.97602351,35498.62,-0.0360977766119989
2021-06-06,0.98885419,2021-06-06,3.80940021,0.99713152,0.98256008,35801.71,0.0085380783816384
2021-06-07,0.98711229,2021-06-07,3.84187175,0.99540996,0.97759198,33550.96,-0.06286710886156
2021-06-08,0.9311498,2021-06-08,3.07928198,0.98401816,0.91958988,33372.58,-0.005316688404743
2021-06-09,1.02055296,2021-06-09,2.70927898,1.01058339,1.00420134,37368.45,0.1197351238651609
2021-06-10,1.00548691,2021-06-10,3.21616456,1.00221411,0.9844645,36669.66,-0.0186999995985917
2021-06-11,1.01442378,2021-06-11,3.05803313,1.00368715,0.98565873,37300.42,0.017201141215926
2021-06-12,0.98245394,2021-06-12,3.08184558,0.99396878,0.97737331,35537.05,-0.0472748028038289
2021-06-13,1.00552395,2021-06-13,3.57231397,1.00259602,0.9921491,38993.65,0.0972674996939813
2021-06-14,1.03755815,2021-06-14,2.17975801,1.01203258,1.02383861,40489.1,0.0383511161432694
2021-06-15,1.01494257,2021-06-15,2.15662444,1.00606222,0.99946227,40132.86,-0.0087984173518304
2021-06-16,1.00516622,2021-06-16,3.31289182,1.00100784,0.99674044,38344.97,-0.0445492795679151
2021-06-17,0.97716033,2021-06-17,2.23216824,0.99351971,0.97086566,38060.71,-0.0074132278627419
2021-06-18,0.98604382,2021-06-18,2.33740671,0.99535641,0.97725896,35811.41,-0.0590976889290818
2021-06-19,0.98865017,2021-06-19,3.10370232,0.99628146,0.98430203,35483.0,-0.0091705408974402
2021-06-20,0.9850987,2021-06-20,3.48572726,0.99669296,0.97617721,35588.64,0.002977200349463
2021-06-21,0.95845576,2021-06-21,3.19084341,0.98443142,0.94683346,31606.0,-0.1119076199596275
2021-06-22,0.96718829,2021-06-22,2.21690687,0.9902929,0.95727977,32496.0,0.0281592102765297
2021-06-23,0.99725418,2021-06-23,2.30138069,0.99969592,0.98189182,33649.0,0.0354812900049237
2021-06-24,0.99523214,2021-06-24,2.03507658,0.99906432,0.97624711,34644.64,0.0295889922434544
2021-06-25,0.87520288,2021-06-25,2.96908737,0.95818881,0.8662217,31568.07,-0.0888036360025678
2021-06-26,0.96678593,2021-06-26,1.95923139,0.99094591,0.96374219,32255.56,0.0217780181050029
2021-06-27,1.01269373,2021-06-27,3.75305,1.00412445,1.00100178,34687.71,0.0754025042504298
2021-06-28,1.0042854,2021-06-28,2.04556728,1.00136756,0.99844073,34487.22,-0.0057798569003257
2021-06-29,1.00549732,2021-06-29,1.568902,1.00223734,1.0013309,35911.26,0.0412918176646306
2021-06-30,0.98292558,2021-06-30,1.80668295,0.99330723,0.97621027,35031.39,-0.0245012288624794
2021-07-01,0.97576553,2021-07-01,3.24807466,0.99301054,0.96557932,33489.96,-0.0440013941781928
2021-07-02,0.93456031,2021-07-02,1.47976569,0.98253866,0.92213001,33760.94,0.0080913802226101
2021-07-03,1.00404925,2021-07-03,2.3560948,1.00112324,0.99807223,34652.94,0.0264210652902436
2021-07-04,1.01216431,2021-07-04,2.91043444,1.00201442,0.99994088,35280.16,0.0181000515396385
2021-07-05,0.99218225,2021-07-05,2.93585479,0.99790571,0.98219065,33672.72,-0.0455621516455708
2021-07-06,0.99358671,2021-07-06,2.49839869,0.99872526,0.98514176,34206.01,0.0158374494249351
2021-07-07,1.00502577,2021-07-07,2.50665339,1.00133488,0.99312046,33845.64,-0.0105352831271464
2021-07-08,0.96885209,2021-07-08,2.46720617,0.99630765,0.96279726,32852.04,-0.0293568093261051
2021-07-09,1.00167442,2021-07-09,2.03160784,1.00025826,0.98986409,33805.01,0.0290079398417877
2021-07-10,0.99662629,2021-07-10,2.42600808,0.99947459,0.99078747,33497.98,-0.0090823815759852
2021-07-11,1.00300071,2021-07-11,2.36431902,1.00043102,0.99721843,34253.81,0.0225634500946025
2021-07-12,1.01307235,2021-07-12,2.18602244,1.00257183,0.9822729,33070.87,-0.0345345525067136
2021-07-13,0.98152265,2021-07-13,1.63044352,0.99532895,0.97529795,32709.09,-0.0109395368189588
2021-07-14,0.97749846,2021-07-14,1.75250858,0.99434506,0.97092335,32803.01,0.0028713730647964
2021-07-15,0.97065383,2021-07-15,2.78611301,0.99194731,0.96339788,31866.43,-0.0285516481566783
2021-07-16,0.97446179,2021-07-16,1.52398547,0.99459171,0.96348798,31382.95,-0.0151720792068643
2021-07-17,1.19543542,2021-07-17,11.47148268,1.02478338,0.98361239,31496.65,0.0036229863668011
2021-07-18,0.98126159,2021-07-18,2.13361373,0.99559066,0.97528576,31767.0,0.0085834525259034
2021-07-19,0.98198255,2021-07-19,2.09250247,0.9963841,0.97069812,30823.62,-0.0296968552271225
2021-07-20,0.98221341,2021-07-20,2.35206005,0.99607188,0.95772457,29775.9,-0.0339908161338609
2021-07-21,1.00010847,2021-07-21,1.8355266,1.00060106,0.98570822,32120.0,0.0787247404780375
2021-07-22,1.02117,2021-07-22,1.9379805,1.00339326,0.99374163,32268.11,0.0046111457036115
2021-07-23,0.93332592,2021-07-23,1.82218157,0.98428074,0.93018852,33634.46,0.0423436637596685
2021-07-24,1.01356695,2021-07-24,1.99940476,1.00171206,1.00735717,34230.0,0.017706245321019
2021-07-25,1.00246535,2021-07-25,1.92638802,1.00069209,0.99840969,35370.66,0.0333234005258546
2021-07-26,1.10262732,2021-07-26,2.56705066,1.02140423,1.01928197,37218.09,0.0522305775464748
2021-07-27,1.13856305,2021-07-27,2.97641948,1.00875644,1.05173789,39442.33,0.059762336003809
2021-07-28,1.09210413,2021-07-28,3.59283738,1.01100037,1.03119815,40003.08,0.0142169592922121
2021-07-29,1.29432234,2021-07-29,5.41673816,1.04325038,1.02276381,40012.9,0.0002454810979555
2021-07-30,1.01763801,2021-07-30,1.35752137,1.00462193,1.01111308,42203.25,0.054741095996541
2021-07-31,1.02686611,2021-07-31,1.23396125,1.00308657,1.02143199,41448.11,-0.017892934785828
2021-08-01,1.01466219,2021-08-01,1.75735682,1.00095669,1.01009324,39846.78,-0.038634572239844
2021-08-02,1.0102496,2021-08-02,2.17861061,1.00096144,1.00274756,39147.48,-0.0175497242186193
2021-08-03,0.99219148,2021-08-03,1.4473008,0.99857641,0.98860391,38203.26,-0.0241195601862496
2021-08-04,1.01199621,2021-08-04,1.72084343,1.00262099,1.0076679,39731.31,0.0399978954675595
2021-08-05,1.01434331,2021-08-05,1.57998231,1.00312439,1.00751884,40882.4,0.0289718612348801
2021-08-06,1.03223514,2021-08-06,2.75196162,1.00754724,1.01658979,42825.43,0.0475272978103047
2021-08-07,1.03644667,2021-08-07,2.34819605,1.00501175,1.02428688,44601.11,0.0414632147301263
2021-08-08,1.02786326,2021-08-08,1.67543855,1.00394694,1.01231453,43787.71,-0.0182372142756088
2021-08-09,1.0405826,2021-08-09,2.00045793,1.01088743,1.03445058,46259.7,0.0564539684765428
2021-08-10,1.0463757,2021-08-10,2.16256172,1.00775937,1.03910928,45589.99,-0.014477179921184
2021-08-11,1.03262853,2021-08-11,2.02753137,1.00517695,1.02110612,45522.12,-0.0014887039896256
2021-08-12,1.01724188,2021-08-12,2.34641492,1.00291006,1.00978351,44385.09,-0.0249775274086533
2021-08-13,1.0368774,2021-08-13,2.78112541,1.00904073,1.02777207,47792.52,0.0767696990137905
2021-08-14,1.07850361,2021-08-14,4.20667368,1.0106344,1.01718256,47083.74,-0.0148303542060556
2021-08-15,1.01371961,2021-08-15,2.13235163,1.00204512,1.00760693,47006.02,-0.0016506760083204
2021-08-16,1.035829,2021-08-16,2.23996855,1.0042266,1.02666962,45926.23,-0.0229713130360748
2021-08-17,1.02330919,2021-08-17,1.94809831,1.00208828,1.00790781,44704.84,-0.026594606176035
2021-08-18,1.03546299,2021-08-18,2.42928225,1.00407313,1.01397544,44714.09,0.0002069127190702
2021-08-19,1.03585457,2021-08-19,2.94690239,1.00424097,1.02367828,46772.0,0.0460237477716756
2021-08-20,1.04653568,2021-08-20,1.76884192,1.00719007,1.03722882,49332.74,0.0547494227315488
2021-08-21,1.04447844,2021-08-21,2.21940802,1.0043902,1.03236865,48848.29,-0.0098200505384455
2021-08-22,1.04400832,2021-08-22,2.92677118,1.00404349,1.0133697,49273.28,0.0087002021974567
2021-08-23,1.07180963,2021-08-23,1.8373369,1.00657415,1.03683071,49523.91,0.0050865296566415
2021-08-24,1.01495265,2021-08-24,2.21278695,1.00061999,1.00751952,47719.36,-0.0364379549191492
2021-08-25,1.11105995,2021-08-25,4.35359358,1.00835547,1.02342585,48992.65,0.0266828809103893
2021-08-26,1.03583619,2021-08-26,1.64511794,1.00204742,1.00547021,46853.06,-0.0436716527887347
2021-08-27,1.01634098,2021-08-27,2.24437897,1.00209353,1.0058528,49083.98,0.04761524647483
2021-08-28,1.03071947,2021-08-28,3.14088734,1.00187304,1.01196766,48931.99,-0.0030965296620202
2021-08-29,1.01886972,2021-08-29,2.83008935,1.00109253,1.00636997,48795.41,-0.002791221039651
2021-08-30,1.02697522,2021-08-30,1.85549807,1.00179613,1.01242437,47024.7,-0.036288454180424
2021-08-31,1.02051268,2021-08-31,2.53401682,1.00224045,1.00192911,47150.32,0.002671362071422
2021-09-01,1.02374723,2021-09-01,1.49113414,1.00248139,1.0111388,48842.94,0.0358983777840744
2021-09-02,1.04501228,2021-09-02,1.51035443,1.0038609,1.03750548,49299.14,0.0093401420962784
2021-09-03,1.03207622,2021-09-03,2.60676363,1.00379233,1.01819603,50027.08,0.0147657748187899
2021-09-04,1.03448191,2021-09-04,2.11045998,1.00274856,1.02280289,49940.74,-0.001725865271369
2021-09-05,1.0220342,2021-09-05,2.60589463,1.00263411,1.01219641,51799.57,0.0372207139902212
2021-09-06,1.04722625,2021-09-06,1.79109677,1.00317641,1.03000526,52683.97,0.0170735008031919
2021-09-07,0.99363312,2021-09-07,1.23787034,0.99856721,0.9883889,46864.39,-0.1104620627488779
2021-09-08,1.00160378,2021-09-08,1.49830272,1.00007132,0.99535878,46062.29,-0.0171153406669755
2021-09-09,1.04123483,2021-09-09,3.10070074,1.00375499,1.01201725,46413.88,0.0076329248936601
2021-09-10,1.00504142,2021-09-10,3.13427087,0.99996972,0.9918208,44860.83,-0.0334608957492886
2021-09-11,1.00346316,2021-09-11,1.50438514,1.00028456,0.99900287,45193.78,0.0074218421727818
2021-09-12,1.00620334,2021-09-12,2.40284212,1.00078556,1.00165029,46046.73,0.0188731723701802
2021-09-13,0.99524985,2021-09-13,2.16622696,0.99965778,0.99009768,44975.96,-0.0232539856793306
2021-09-14,1.01867121,2021-09-14,1.60647034,1.00098881,1.00988921,47087.18,0.0469410769664504
2021-09-15,1.02183613,2021-09-15,2.69612099,1.00394835,1.00890054,48106.12,0.021639435617083
2021-09-16,1.01973493,2021-09-16,2.09740127,1.00243753,1.00271076,47745.55,-0.007495304131782
2021-09-17,1.01079888,2021-09-17,1.54940055,1.00142986,1.00300816,47303.11,-0.0092666227533246
2021-09-18,1.01672638,2021-09-18,1.6561266,1.00194119,1.01065714,48285.15,0.0207605800126038
2021-09-19,1.01187005,2021-09-19,2.08014803,1.0009954,1.00378889,47256.91,-0.0212951601061609
2021-09-20,0.97834706,2021-09-20,2.10716697,0.99737647,0.97283715,43026.6,-0.0895172790603533
2021-09-21,0.98056366,2021-09-21,1.2593769,0.99863953,0.97908585,40726.1,-0.0534669251114426
2021-09-22,1.00535316,2021-09-22,1.7187902,1.00123121,1.00041798,43520.0,0.0686021985900933
2021-09-23,1.00535735,2021-09-23,1.81785411,1.00085756,1.00036471,44828.29,0.0300618106617647
2021-09-24,0.98802328,2021-09-24,1.57294135,0.99777487,0.98508584,42798.49,-0.0452794429588994
2021-09-25,1.0004715,2021-09-25,1.80329743,0.99995973,0.99868281,42651.58,-0.0034325977388454
2021-09-26,1.07390003,2021-09-26,2.46768243,1.02094888,1.00441137,43150.0,0.011685850793804
2021-09-27,1.00595121,2021-09-27,2.0423042,1.00101666,0.99988701,42122.69,-0.0238078794901506
2021-09-28,0.99060634,2021-09-28,0.98152873,0.99762657,0.99075628,41006.32,-0.0265028183147848
2021-09-29,1.00181323,2021-09-29,2.04758038,1.00019241,0.99633228,41499.71,0.0120320477428845
2021-09-30,1.01174481,2021-09-30,1.73440443,1.00272188,1.00665355,43796.57,0.0553464108544372
2021-10-01,1.02806403,2021-10-01,2.37514207,1.00517713,1.02204563,48123.94,0.098806139384888
2021-10-02,1.03436427,2021-10-02,2.19472422,1.00421644,1.02740675,47626.61,-0.0103343574944196
2021-10-03,1.0105376,2021-10-03,2.13816579,1.00163358,1.0065706,48187.3,0.0117726203901558
2021-10-04,1.01716343,2021-10-04,1.13955468,1.00297531,1.0147528,49198.22,0.020978971637755
2021-10-05,1.03559811,2021-10-05,1.85036518,1.00428075,1.02730918,51455.12,0.0458736108745398
2021-10-06,1.07175704,2021-10-06,1.68016276,1.01082656,1.06626726,55321.6,0.0751427651903249
2021-10-07,1.04938988,2021-10-07,1.72322516,1.00714413,1.04120224,53814.99,-0.0272336664160111
2021-10-08,1.02616751,2021-10-08,1.77551697,1.0034877,1.01905337,53975.0,0.0029733351246559
2021-10-09,1.03154956,2021-10-09,1.90692379,1.00282322,1.02031595,54960.77,0.0182634553033811
2021-10-10,1.0385095,2021-10-10,3.361811,1.00421755,1.01131344,54700.0,-0.0047446569616836
2021-10-11,1.03360494,2021-10-11,1.86911808,1.00442471,1.02457628,57500.01,0.0511884826325412
2021-10-12,1.0335312,2021-10-12,2.36420431,1.00552901,1.01199064,56011.84,-0.0258812128902239
2021-10-13,1.04072783,2021-10-13,1.63169813,1.00512408,1.02911862,57393.65,0.0246699626364712
2021-10-14,1.03206043,2021-10-14,2.05040227,1.00805282,1.02590745,57378.19,-0.0002693677784911
2021-10-15,1.04677577,2021-10-15,1.6525323,1.0088692,1.03910135,61702.33,0.0753620844435838
2021-10-16,1.0511057,2021-10-16,1.7793837,1.00528853,1.02882905,60925.56,-0.0125889897512785
2021-10-17,1.01834383,2021-10-17,2.04561238,1.00229228,1.01092297,61571.45,0.0106012977147851
2021-10-18,1.06473696,2021-10-18,2.56375836,1.00646642,1.03585938,62037.92,0.0075760762496255
2021-10-19,1.1201379,2021-10-19,3.98308441,1.00444522,1.04278371,64316.7,0.0367320503330865
2021-10-20,1.07788105,2021-10-20,1.89141326,1.00889609,1.05525717,66064.24,0.0271708592014205
2021-10-21,1.05393612,2021-10-21,2.53220968,1.00660917,1.03898613,62260.33,-0.0575789564823572
2021-10-22,1.01002792,2021-10-22,1.16181119,1.00117611,0.99741003,60734.27,-0.0245109526403088
2021-10-23,1.01754326,2021-10-23,2.90641378,1.00218105,1.00561511,61325.11,0.0097282802608806
2021-10-24,1.0366719,2021-10-24,1.11070912,1.00514135,1.023838,60902.82,-0.0068860863029842
2021-10-25,1.05742344,2021-10-25,1.54642369,1.00867418,1.03932434,63127.04,0.0365208047837521
2021-10-26,1.02350187,2021-10-26,2.09717858,1.00438854,1.01391059,60358.75,-0.0438526818301634
2021-10-27,0.99316748,2021-10-27,1.9627106,0.9986975,0.98535875,58449.36,-0.031634021579307
2021-10-28,1.03061107,2021-10-28,1.82207303,1.00546426,1.0218836,60622.03,0.0371718355855392
2021-10-29,1.0277879,2021-10-29,2.48607972,1.0053822,1.01979479,62308.22,0.0278148059377094
2021-10-30,1.02342154,2021-10-30,2.29419006,1.00191614,1.01095226,61895.19,-0.0066288204028296
2021-10-31,1.04728431,2021-10-31,5.1599646,1.00509808,1.00059364,61348.61,-0.0088307346661348
2021-11-01,1.06423185,2021-11-01,3.73773677,1.01043842,1.01718924,60942.87,-0.0066136787777261
2021-11-02,1.07916793,2021-11-02,2.54080226,1.0119144,1.0224516,63266.69,0.0381311218195008
2021-11-03,1.05652896,2021-11-03,1.52284772,1.00803908,1.02491106,62946.45,-0.0050617473428751
2021-11-04,1.00906778,2021-11-04,2.24390407,1.0008846,1.00027698,61431.86,-0.024061563440035
2021-11-05,1.04572548,2021-11-05,4.36863615,1.00415948,1.00623305,61006.0,-0.0069322335348466
2021-11-06,1.03695131,2021-11-06,1.59526594,1.00181034,1.01018519,61511.3,0.0082827918565386
2021-11-07,1.0233783,2021-11-07,2.26302655,1.00179094,1.01287284,63316.4,0.0293458275146192
2021-11-08,1.06150821,2021-11-08,2.92848785,1.0067335,1.04184395,67606.96,0.0677638021113014
2021-11-09,1.05008858,2021-11-09,2.31818298,1.00539278,1.03607754,67009.98,-0.0088301559484409
2021-11-10,1.04626622,2021-11-10,3.80014818,1.00458705,1.01410551,64920.13,-0.0311871455565275
2021-11-11,1.02659407,2021-11-11,2.59929612,1.00339797,1.01498958,64831.3,-0.0013682967055055
2021-11-12,1.11454629,2021-11-12,2.43102532,1.02320494,1.10769429,64156.08,-0.0104150310112554
2021-11-13,1.01756674,2021-11-13,2.97219073,1.00179632,1.00409508,64427.0,0.0042228265816739
2021-11-14,1.01550107,2021-11-14,2.92584641,1.00145997,1.00405383,65568.39,0.0177160196811896
2021-11-15,1.0374582,2021-11-15,2.21798132,1.00436092,1.01897523,63654.49,-0.0291893700607869
2021-11-16,1.01867081,2021-11-16,2.08720392,1.00084814,0.98241127,60106.03,-0.0557456355396139
2021-11-17,1.01370901,2021-11-17,3.49210405,1.00159214,0.99461896,60366.96,0.0043411617769464
2021-11-18,0.98885516,2021-11-18,1.68945142,0.99844834,0.97752204,56921.05,-0.0570827154456675
2021-11-19,0.99939502,2021-11-19,2.13221709,0.99998538,0.99116867,58069.51,0.0201763670909091
2021-11-20,1.01186272,2021-11-20,2.47779863,1.00150364,1.00427381,59716.29,0.0283587720991618
2021-11-21,1.01297044,2021-11-21,2.43241906,1.00065333,1.00005114,58661.39,-0.0176651965485464
2021-11-22,0.99196204,2021-11-22,1.9538498,0.9986094,0.98330478,56268.31,-0.0407948055782517
2021-11-23,1.00076879,2021-11-23,2.83450171,1.00031899,0.99124459,57574.23,0.0232088008330089
2021-11-24,1.0037135,2021-11-24,2.17583058,1.00078792,0.99874007,57165.08,-0.0071064780197668
2021-11-25,1.06478693,2021-11-25,2.25447063,1.01116117,1.01027139,58988.21,0.0318923720565071
2021-11-26,0.98771555,2021-11-26,1.95885081,0.99692817,0.97924216,53755.65,-0.0887051836290675
2021-11-27,0.99516758,2021-11-27,1.31697376,0.99937035,0.99234449,54738.77,0.0182886822129393
2021-11-28,1.00761927,2021-11-28,1.61184379,1.00119747,0.99406199,57315.73,0.0470774188020668
2021-11-29,1.0239559,2021-11-29,2.00644326,1.00377363,1.01203729,57827.98,0.0089373370975123
2021-11-30,1.00698618,2021-11-30,1.64502049,1.00151738,0.99793626,56975.0,-0.0147502990766753
2021-12-01,1.01504911,2021-12-01,2.23681718,1.00368608,1.00264926,57209.29,0.0041121544537077
2021-12-02,0.99955039,2021-12-02,2.52634393,0.99984233,0.99310757,56513.57,-0.0121609619696381
2021-12-03,0.99376798,2021-12-03,1.48040983,0.99837693,0.98715357,53612.0,-0.0513428898581349
2021-12-04,0.95571192,2021-12-04,1.76594114,0.98953409,0.95075591,49135.66,-0.0834951130343952
2021-12-05,0.99063791,2021-12-05,1.40829864,0.99834289,0.9862409,49376.6,0.0049035669816992
2021-12-06,0.98358206,2021-12-06,1.92425278,0.99768381,0.9752921,50424.72,0.0212270589712535
2021-12-07,1.03969526,2021-12-07,2.25351772,1.0049546,1.00152069,50577.2,0.0030239136677405
2021-12-08,0.9919371,2021-12-08,1.92611625,0.99894032,0.98413267,50455.61,-0.0024040476736552
2021-12-09,0.98237799,2021-12-09,1.96428515,0.99616258,0.96732565,47539.76,-0.0577904022961965
2021-12-10,0.99450401,2021-12-10,1.28092661,0.99830847,0.98981619,47136.35,-0.0084857390950228
2021-12-11,1.00788427,2021-12-11,1.77569926,1.00135288,0.99827651,49381.15,0.0476235431890674
2021-12-12,1.00319643,2021-12-12,1.96627159,1.00064753,0.99637672,50057.01,0.013686599036272
2021-12-13,0.99080918,2021-12-13,1.29999125,0.99747639,0.98537221,46679.93,-0.0674646767755405
2021-12-14,1.00671463,2021-12-14,1.94059705,1.00043958,0.97776999,48324.04,0.0352209182832965
2021-12-15,0.99881723,2021-12-15,1.7330167,1.00001677,0.98884305,48870.48,0.0113078293950588
2021-12-16,1.00380525,2021-12-16,2.05285482,1.00048218,0.98873729,47624.5,-0.0254955547807184
2021-12-17,0.984276,2021-12-17,2.16624265,0.99682323,0.97784943,46125.33,-0.0314789656584321
2021-12-18,0.99614977,2021-12-18,1.7785238,0.99960957,0.98625569,46815.99,0.0149735514087379
2021-12-19,1.00118005,2021-12-19,1.99737161,1.00017989,0.99547256,46668.63,-0.0031476425041957
2021-12-20,0.98354177,2021-12-20,1.1841659,0.99718624,0.9797267,46898.14,0.0049178645269853
2021-12-21,1.01184807,2021-12-21,1.70542242,1.00304556,1.00661889,48875.15,0.0421554031780364
2021-12-22,1.00766083,2021-12-22,2.03854315,1.00142254,0.995113,48569.69,-0.0062498017908896
2021-12-23,1.01334606,2021-12-23,1.38666387,1.00233172,0.99467677,50817.92,0.0462887451000819
2021-12-24,1.01560009,2021-12-24,1.62608586,1.00287641,1.01247884,50808.55,-0.0001843837764314
2021-12-25,0.99715668,2021-12-25,1.20952029,0.99962511,0.992219,50403.64,-0.0079693279969612
2021-12-26,1.00153643,2021-12-26,1.27006903,1.00026009,0.9937305,50765.73,0.0071838065663512
2021-12-27,1.01395804,2021-12-27,1.8828234,1.00243748,1.00837901,50707.72,-0.0011427000064807
2021-12-28,0.98845785,2021-12-28,1.52583811,0.99732125,0.9819947,47522.03,-0.0628245561030944
2021-12-29,0.98988183,2021-12-29,1.63064083,0.99794379,0.9852047,46436.54,-0.0228418272535916
2021-12-30,1.00063826,2021-12-30,1.67288698,1.0002057,0.98484795,47095.02,0.0141802123930852
2021-12-31,1.00235701,2021-12-31,2.01112149,1.00030306,0.9795625,46210.56,-0.0187803296399491
2022-01-01,1.00505525,2022-01-01,2.04300369,1.00070973,0.99426022,47704.35,0.0323257281452551
2022-01-02,0.99892433,2022-01-02,1.40558191,0.99971225,0.99638183,47280.0,-0.008895415197985
2022-01-03,0.98902199,2022-01-03,1.66381603,0.99855473,0.98098864,46445.81,-0.0176436125211506
2022-01-04,0.9896868,2022-01-04,1.10742517,0.99813697,0.986999,45833.42,-0.0131850429565121
2022-01-05,0.99558825,2022-01-05,1.59710283,0.9990385,0.9877837,43421.69,-0.0526194641377404
2022-01-06,0.97651672,2022-01-06,1.43027379,0.99463775,0.96790385,43080.01,-0.0078688784337965
2022-01-07,0.97108573,2022-01-07,1.35792421,0.99413102,0.96680722,41553.86,-0.0354259434944421
2022-01-08,0.98570332,2022-01-08,1.57698894,0.99811535,0.98198005,41688.05,0.0032293028854599
2022-01-09,0.99112035,2022-01-09,1.51541133,0.99911823,0.98528139,41851.22,0.0039140712986094
2022-01-10,0.9887775,2022-01-10,1.82510351,0.99791667,0.98179382,41801.55,-0.0011868232276143
2022-01-11,0.99124591,2022-01-11,1.47225884,0.99942628,0.98793378,42700.68,0.0215094894806531
2022-01-12,1.01179788,2022-01-12,1.75435968,1.00150862,1.0006294,43880.72,0.0276351570982007
2022-01-13,0.99257288,2022-01-13,1.62775707,0.99884871,0.98851262,42534.32,-0.0306831793097287
2022-01-14,0.99417455,2022-01-14,1.52731209,0.99936901,0.98954182,43042.4,0.0119451774472942
2022-01-15,1.00530921,2022-01-15,1.48808693,1.00037493,1.00226296,43070.51,0.0006530769659685
2022-01-16,1.00089521,2022-01-16,1.78456846,1.00004395,0.99206038,43060.66,-0.0002286947612182
2022-01-17,0.98202443,2022-01-17,1.63850791,0.99708076,0.97807474,42176.34,-0.0205366104467513
2022-01-18,0.98872074,2022-01-18,1.19314544,0.99858595,0.98593119,42337.58,0.0038229964951914
2022-01-19,0.97415063,2022-01-19,1.29549975,0.99623491,0.96688214,41657.89,-0.0160540588290593
2022-01-20,0.99138108,2022-01-20,1.88165753,0.99851755,0.98390586,40661.69,-0.0239138372106699
2022-01-21,0.95407392,2022-01-21,1.22467105,0.98753281,0.95222282,36425.98,-0.1041695512409838
2022-01-22,0.97091482,2022-01-22,1.39030479,0.99569142,0.96571619,35043.73,-0.0379468170794581
2022-01-23,0.98428828,2022-01-23,1.81368258,0.9991359,0.97327662,36230.01,0.0338514193551884
2022-01-24,0.97040444,2022-01-24,1.3336236,0.99612013,0.96675799,36648.31,0.0115456771886068
2022-01-25,0.99508476,2022-01-25,1.71275492,0.99975934,0.98526471,36934.26,0.0078025426001908
2022-01-26,0.99453471,2022-01-26,1.50298612,0.99893855,0.99224528,36787.43,-0.0039754417714068
2022-01-27,0.98243136,2022-01-27,1.49157677,0.99656907,0.97541554,37131.0,0.009339331396621
2022-01-28,0.98066242,2022-01-28,1.11263257,0.99641229,0.97982047,37696.21,0.0152220516549512
2022-01-29,0.97196118,2022-01-29,1.70138019,0.99469865,0.96897886,38150.01,0.0120383454994548
2022-01-30,0.9835566,2022-01-30,1.29778274,0.99723555,0.98178058,37870.01,-0.0073394476174448
2022-01-31,0.99277573,2022-01-31,1.47665426,0.99871343,0.9907629,38439.04,0.0150258740359454
2022-02-01,1.08332009,2022-02-01,11.44024734,1.01662279,0.95664419,38680.51,0.0062818946570986
2022-02-02,0.98935962,2022-02-02,1.34174857,0.99762796,0.98707091,36892.03,-0.0462372393745584
2022-02-03,0.98725991,2022-02-03,0.88771527,0.99740235,0.98906178,37289.86,0.0107836299601837
2022-02-04,1.02215013,2022-02-04,1.47329713,1.00354753,1.02043962,41550.0,0.11424392582863
2022-02-05,1.01093979,2022-02-05,1.10846193,1.00235677,1.00993755,41374.69,-0.0042192539109505
2022-02-06,1.00031876,2022-02-06,1.06574021,1.00028238,0.99936835,42361.35,0.0238469460435835
2022-02-07,1.01590729,2022-02-07,1.45798891,1.00379392,1.0127544,43829.99,0.0346693389138921
2022-02-08,1.01183864,2022-02-08,1.28620362,1.00070294,1.00823337,44021.57,0.0043709797789139
2022-02-09,1.00858145,2022-02-09,1.33590636,1.00110053,1.00540006,44358.08,0.0076442071466329
2022-02-10,1.01337025,2022-02-10,2.58703249,1.00188905,1.00603532,43471.29,-0.0199916227212719
2022-02-11,1.0053019,2022-02-11,1.48931656,1.00072639,0.99963246,42366.0,-0.025425746509938
2022-02-12,1.01254017,2022-02-12,1.23780879,1.00110636,1.01036762,42199.87,-0.0039213048199027
2022-02-13,1.00168253,2022-02-13,1.82920003,1.00021356,0.99774068,42041.13,-0.0037616229623457
2022-02-14,0.99863524,2022-02-14,1.43267737,0.99965064,0.99709753,42525.14,0.0115127733245989
2022-02-15,1.02211085,2022-02-15,1.68437856,1.00345022,1.01500086,44529.6,0.0471358824450665
2022-02-16,1.00501589,2022-02-16,1.89099595,1.00105647,1.00165123,43860.7,-0.0150214688656534
2022-02-17,0.9946345,2022-02-17,1.42491732,0.9978455,0.99107714,40491.7,-0.0768113595998239
2022-02-18,0.98851019,2022-02-18,1.21849802,0.99754172,0.98696916,39966.8,-0.0129631504728128
2022-02-19,0.99728974,2022-02-19,1.30830017,0.99938557,0.99615476,40052.6,0.0021467818289178
2022-02-20,0.98461214,2022-02-20,1.6221422,0.99754305,0.98026462,38368.1,-0.0420571947888526
2022-02-21,0.99296361,2022-02-21,1.49219485,0.99836669,0.9885134,36986.4,-0.0360116867918921
2022-02-22,0.98495232,2022-02-22,1.15157539,0.99826431,0.98349106,38212.0,0.0331365042285811
2022-02-23,1.0123361,2022-02-23,1.82351024,1.00132677,0.99782972,37227.8,-0.0257563069192923
2022-02-24,0.97838194,2022-02-24,1.31067258,0.99539739,0.9765596,38315.1,0.0292066681351033
2022-02-25,0.99667255,2022-02-25,1.11966887,0.99964677,0.99476784,39205.4,0.0232362697735357
2022-02-26,0.991315,2022-02-26,1.26751902,0.99935653,0.98649387,39099.3,-0.0027062598519591
2022-02-27,1.00192487,2022-02-27,1.32986688,0.99990573,0.99603468,37672.0,-0.036504489850202
2022-02-28,1.02179984,2022-02-28,1.20686533,1.00628788,0.99291588,43155.0,0.1455457634317265
2022-03-01,1.01660469,2022-03-01,1.08114508,1.00271974,1.01569739,44394.1,0.0287127795156991
2022-03-02,1.01122101,2022-03-02,1.86045815,1.00173175,1.00290976,43885.7,-0.0114519722215339
2022-03-03,1.01286005,2022-03-03,1.55748302,1.00206799,1.00350414,42449.5,-0.0327259221113026
2022-03-04,0.9873865,2022-03-04,1.24495673,0.99657726,0.98369668,39127.7,-0.0782529829562186
2022-03-05,0.99521152,2022-03-05,1.49255261,0.99886875,0.99378082,39375.1,0.0063228863439457
2022-03-06,0.9979716,2022-03-06,1.55284367,0.99940537,0.99313433,38401.1,-0.0247364451137901
2022-03-07,0.99235673,2022-03-07,1.63718081,0.9987547,0.98344463,37963.8,-0.011387694623331
2022-03-08,1.002503,2022-03-08,1.2893372,1.00011803,0.99094598,38709.9,0.0196529325304632
2022-03-09,1.00638221,2022-03-09,1.46104746,1.00108516,1.00197024,41937.5,0.08337918723634
2022-03-10,0.97463854,2022-03-10,1.4568415,0.99679256,0.97064317,39407.2,-0.0603350223546945
2022-03-11,1.01573216,2022-03-11,3.13904447,1.0023829,0.97272164,38713.0,-0.0176160701597677
2022-03-12,1.0021814,2022-03-12,1.17748466,1.00036846,0.99915735,38792.6,0.0020561568465373
2022-03-13,0.99724135,2022-03-13,1.50365094,0.99946552,0.9906061,37743.7,-0.0270386620128582
2022-03-14,0.99717242,2022-03-14,1.58982567,1.00000517,0.99181023,39653.8,0.0506071211884369
2022-03-15,0.99114451,2022-03-15,1.24497663,0.99897705,0.98767038,39271.0,-0.0096535514881298
2022-03-16,1.01267591,2022-03-16,1.73453412,1.00261323,1.00438924,41105.8,0.0467214993252018
2022-03-17,0.99146174,2022-03-17,1.61327999,0.99877636,0.97064581,40898.1,-0.0050528149312263
2022-03-18,1.00679416,2022-03-18,1.30775158,1.00140086,1.00509289,41751.5,0.020866495020551
2022-03-19,1.00909217,2022-03-19,1.66139635,1.00112904,1.00273958,42188.2,0.0104595044489419
2022-03-20,1.00138554,2022-03-20,1.13697763,1.00009026,1.00008622,41261.0,-0.0219777094068956
2022-03-21,1.00002088,2022-03-21,1.17079629,1.0000121,0.99732482,40982.0,-0.0067618332081141
2022-03-22,1.0157457,2022-03-22,1.26264573,1.00328641,1.01399938,42349.8,0.0333756283246304
2022-03-23,1.00360832,2022-03-23,1.37006865,1.00091772,1.00017124,42867.9,0.0122338240086139
2022-03-24,1.0110969,2022-03-24,1.09524186,1.00331858,1.01011258,43973.4,0.0257885270797029
2022-03-25,1.06854292,2022-03-25,3.46246642,1.01246889,1.00872231,44290.6,0.0072134517685691
2022-03-26,1.00508639,2022-03-26,1.14514184,1.0006114,1.0029228,44489.2,0.0044840214402153
2022-03-27,1.01754798,2022-03-27,1.41431392,1.00254402,1.01554454,46820.8,0.0524082249175081
2022-03-28,1.03920436,2022-03-28,1.45367812,1.00705715,1.03660836,47121.9,0.0064309025048696
2022-03-29,1.03125952,2022-03-29,3.24949716,1.00433067,1.01088825,47418.5,0.0062943132598642
2022-03-30,1.00908824,2022-03-30,1.18480172,1.0017804,1.00809399,47053.2,-0.0077037443192004
2022-03-31,0.99921862,2022-03-31,1.21107685,0.99956773,0.99636047,45506.0,-0.0328819293905621
2022-04-01,1.00877609,2022-04-01,1.45032657,1.00240288,1.0056443,46266.2,0.016705489386015
2022-04-02,1.00318721,2022-04-02,1.01308619,1.00035465,1.00303839,45794.6,-0.0101931863866061
2022-04-03,1.00598364,2022-04-03,1.57061806,1.00095627,1.00087322,46392.4,0.0130539408576557
2022-04-04,1.00727753,2022-04-04,1.05028331,1.0011046,1.00525952,46580.9,0.0040631655184901
2022-04-05,1.00780927,2022-04-05,1.2173751,1.00044384,1.00348807,45477.4,-0.0236899673471315
2022-04-06,0.98812322,2022-04-06,1.18467879,0.99808171,0.98677907,43159.7,-0.0509637754137221
2022-04-07,0.99129908,2022-04-07,1.54270043,0.99901716,0.98916657,43417.1,0.0059638968760209
2022-04-08,0.99767059,2022-04-08,1.21736386,0.99926386,0.99656076,42229.2,-0.027360187575863
2022-04-09,0.99470939,2022-04-09,1.36082513,0.99948177,0.99304852,42727.7,0.0118046280772545
2022-04-10,1.00008928,2022-04-10,1.38716685,0.99997523,0.99830561,42140.4,-0.0137451816971191
2022-04-11,0.98289104,2022-04-11,1.4145512,0.99693583,0.98008114,39505.6,-0.0625243234520792
2022-04-12,1.00764637,2022-04-12,1.64754381,1.00204847,0.99399566,40060.7,0.0140511724920011
2022-04-13,0.99851135,2022-04-13,0.98252967,1.00044298,0.99866471,41129.8,0.0266870024737462
2022-04-14,1.00723971,2022-04-14,2.42492023,1.00159396,0.99182602,39915.9,-0.0295138804467807
2022-04-15,0.99951394,2022-04-15,1.16124903,1.0001191,0.99888211,40529.5,0.0153723203034379
2022-04-16,0.99780093,2022-04-16,1.10768168,0.99957574,0.99750015,40361.0,-0.0041574655497846
2022-04-17,0.99898782,2022-04-17,1.30640877,0.99973408,0.9973019,39649.1,-0.0176383142142166
2022-04-18,0.99431832,2022-04-18,1.01333216,0.99943877,0.99424027,40785.6,0.0286639545412128
2022-04-19,1.00295252,2022-04-19,1.19207384,1.00081959,1.0015877,41472.9,0.0168515358361776
2022-04-20,1.00335277,2022-04-20,1.36059197,1.00072723,1.00201707,41327.7,-0.0035010814290779
2022-04-21,1.02800137,2022-04-21,2.49891272,1.00434652,1.00192321,40449.8,-0.0212424112641157
2022-04-22,0.98955229,2022-04-22,0.77694684,0.99790191,0.99465298,39674.2,-0.0191743840513427
2022-04-23,0.99794508,2022-04-23,1.46255379,0.99962716,0.99651794,39415.1,-0.0065306924903337
2022-04-24,0.99856741,2022-04-24,1.04333014,0.99961824,0.99840368,39433.4,0.0004642890668804
2022-04-25,0.9861586,2022-04-25,1.05164745,0.99918212,0.98573194,40411.0,0.0247911668788387
2022-04-26,0.99108394,2022-04-26,0.90657209,0.99819137,0.99216191,38093.7,-0.0573432976169855
2022-04-27,0.99566903,2022-04-27,1.04760645,0.99973757,0.9953732,39209.0,0.0292778070914614
2022-04-28,1.00025,2022-04-28,1.02655955,0.99994364,0.99991166,39732.5,0.0133515264352572
2022-04-29,0.99155828,2022-04-29,0.89808519,0.99820302,0.99289751,38572.2,-0.0292027936827534
2022-04-30,0.9969527,2022-04-30,0.97395226,0.99889378,0.99713398,37614.5,-0.0248287626840054
2022-05-01,0.99077147,2022-05-01,1.39631407,0.99839033,0.98941292,38440.5,0.0219596166372011
2022-05-02,0.97639867,2022-05-02,0.80146579,0.99746574,0.98484045,38525.6,0.0022138109545921
2022-05-03,0.98533885,2022-05-03,0.81380479,0.99814841,0.99000407,37712.9,-0.0210950640612994
2022-05-04,1.00408561,2022-05-04,1.18753122,1.00131409,1.00170177,39684.0,0.0522659355286916
2022-05-05,0.98729922,2022-05-05,1.17360801,0.99816857,0.98534715,36534.7,-0.0793594395726238
2022-05-06,0.98601249,2022-05-06,1.01247681,0.99835044,0.98559985,35995.3,-0.0147640462354965
2022-05-07,0.99385659,2022-05-07,0.88365756,0.99853595,0.99423809,35466.7,-0.0146852505743807
2022-05-08,0.98370386,2022-05-08,1.05767181,0.99717202,0.9830385,34032.0,-0.040452029650348
2022-05-09,0.93552946,2022-05-09,0.95524327,0.99027653,0.93504184,30056.6,-0.1168135872120357
2022-05-10,0.96206004,2022-05-10,0.89065671,0.99560509,0.96325439,31002.1,0.0314573171948922
2022-05-11,0.94806023,2022-05-11,0.81458835,0.98869971,0.95210735,29074.7,-0.0621699820334751
2022-05-12,0.94513504,2022-05-12,0.76050778,0.99460928,0.95128671,29020.7,-0.0018572848559056
2022-05-13,0.97898234,2022-05-13,1.02577985,0.99667215,0.97762143,29274.3,0.0087385900409018
2022-05-14,1.01905261,2022-05-14,2.41315078,1.00402854,0.98893861,30079.8,0.0275156024226028
2022-05-15,0.99451266,2022-05-15,0.7447652,0.99945816,0.99743834,31324.4,0.0413766048976389
2022-05-16,0.9854312,2022-05-16,0.92565396,0.99672838,0.98633089,29866.7,-0.0465356080244154
2022-05-17,0.98748126,2022-05-17,0.74791753,0.9970337,0.99312451,30437.0,0.0190948447602179
2022-05-18,0.97993701,2022-05-18,0.83323562,0.99314651,0.98138272,28700.6,-0.0570489864309886
2022-05-19,0.97116289,2022-05-19,0.63973563,0.99345308,0.99504372,30319.9,0.0564204232664127
2022-05-20,0.97372673,2022-05-20,0.8443441,0.99178894,0.9762041,29188.9,-0.0373022338464177
2022-05-21,0.988665,2022-05-21,0.66993915,0.99758423,0.99615534,29427.4,0.0081709142859101
2022-05-22,0.9980592,2022-05-22,0.74966825,0.99980406,1.00012212,30284.0,0.0291089256951004
2022-05-23,0.97952252,2022-05-23,0.60551285,0.99357267,0.98949594,29097.7,-0.0391725003302073
2022-05-24,0.98549184,2022-05-24,0.83276424,0.99663739,0.98847494,29643.1,0.0187437495059745
2022-05-25,0.99347538,2022-05-25,0.88309367,0.99778126,0.99521305,29536.7,-0.0035893681834895
2022-05-26,0.98002656,2022-05-26,0.83272875,0.99350985,0.98179848,29194.0,-0.0116025148374734
2022-05-27,0.9705526,2022-05-27,0.98872336,0.98949777,0.97028558,28623.2,-0.0195519627320681
2022-05-28,0.99428519,2022-05-28,1.04909563,0.99901609,0.99386746,29018.8,0.0138209564269542
2022-05-29,0.99801846,2022-05-29,1.00418788,0.99965126,0.99790793,29452.8,0.0149558217431458
2022-05-30,1.00960985,2022-05-30,0.89887852,1.00220775,1.01168599,31726.5,0.0771980932203391
2022-05-31,1.01161521,2022-05-31,1.21605326,1.00237276,1.01035499,31797.8,0.002247332671426
2022-06-01,0.97980858,2022-06-01,0.8438727,0.99439162,0.98336359,29796.9,-0.0629257370006729
2022-06-02,0.94713226,2022-06-02,0.59458227,0.98454789,0.99476852,30437.1,0.0214854565407809
2022-06-03,0.98039125,2022-06-03,0.73271389,0.99326908,0.99010585,29682.8,-0.0247822558653747
2022-06-04,0.96174011,2022-06-04,0.62529371,0.98932608,0.97306634,29848.4,0.0055789885051276
2022-06-05,0.98567849,2022-06-05,0.89236212,0.99716236,0.98641,29909.9,0.0020604119483791
2022-06-06,0.99081429,2022-06-06,0.85463839,0.99776174,0.9923018,31361.2,0.0485223955947695
2022-06-07,0.97255974,2022-06-07,0.62056664,0.99026711,0.99647858,31118.1,-0.0077516166473222
2022-06-08,0.989097,2022-06-08,0.93816979,0.99652542,0.99022941,30192.5,-0.0297447466265613
2022-06-09,0.95473771,2022-06-09,0.60016913,0.98828053,0.99221254,30093.3,-0.0032855841682537
2022-06-10,0.9824339,2022-06-10,0.94382876,0.99426018,0.98352954,29077.7,-0.0337483758843329
2022-06-11,0.95344747,2022-06-11,0.56079912,0.99213733,0.98775704,28416.7,-0.0227321968381267
2022-06-12,0.97440536,2022-06-12,0.8723621,0.99369174,0.97678444,26564.7,-0.0651729440786579
2022-06-13,0.92059856,2022-06-13,0.67247065,0.97804109,0.92768796,22471.5,-0.1540841793809078
2022-06-14,0.89708254,2022-06-14,0.55241723,0.98911066,0.91232776,22122.7,-0.0155218832743697
2022-06-15,0.90463494,2022-06-15,0.47453087,0.99340667,0.94734804,22567.5,0.0201060449221839
2022-06-16,0.93232544,2022-06-16,0.57919487,0.99443223,0.94431819,20387.4,-0.0966035227650381
2022-06-17,0.94198226,2022-06-17,0.79071108,0.99414137,0.95885853,20457.3,0.003428588245681
2022-06-18,0.93076964,2022-06-18,0.5499153,0.98973262,0.94299167,18959.7,-0.0732061415729348
2022-06-19,0.98322145,2022-06-19,0.61500342,0.99818507,0.98898661,20564.2,0.0846268664588574
2022-06-20,0.9748337,2022-06-20,0.66400176,0.99525751,0.97929578,20570.1,0.0002869063712664
2022-06-21,0.97254027,2022-06-21,0.46649374,0.9924632,0.99196401,20713.1,0.0069518378617507
2022-06-22,0.95909662,2022-06-22,0.60020645,0.98687686,0.96618881,19977.4,-0.0355185848569261
2022-06-23,0.98955479,2022-06-23,0.55071711,0.99635888,0.99454564,21096.6,0.0560233063361597
2022-06-24,0.97865045,2022-06-24,0.68153011,0.99461452,0.98394316,21231.2,0.0063801750045031
2022-06-25,1.00681809,2022-06-25,2.05095056,1.00251613,0.99791412,21481.9,0.0118080937488225
2022-06-26,0.99481648,2022-06-26,0.71967734,0.99755457,0.99632203,21029.1,-0.0210782100279771
2022-06-27,0.97283107,2022-06-27,0.51334403,0.99145089,0.98043324,20730.0,-0.0142231479235914
2022-06-28,0.97802568,2022-06-28,0.66924504,0.99516683,0.98605168,20268.6,-0.0222575976845152
2022-06-29,0.97310686,2022-06-29,0.95551544,0.99479436,0.97333168,20109.9,-0.0078298451792426
2022-06-30,0.9180117,2022-06-30,0.48878562,0.98257016,0.94409716,19923.5,-0.0092690664796941
2022-07-01,0.96562539,2022-07-01,0.51898002,0.99412551,0.97994108,19272.0,-0.0327000777975757
2022-07-02,0.97942522,2022-07-02,0.51015322,0.99585458,0.9884983,19240.9,-0.0016137401411373
2022-07-03,0.97397906,2022-07-03,0.62018883,0.99573286,0.98596198,19305.9,0.0033782203535177
2022-07-04,0.9916023,2022-07-04,0.62796048,0.9992334,0.994186,20226.6,0.0476900843783505
2022-07-05,0.98641437,2022-07-05,0.63319648,0.99727177,0.9891809,20170.0,-0.0027982953140912
2022-07-06,0.95827232,2022-07-06,0.49138912,0.98772734,0.9703209,20554.1,0.0190431333663856
2022-07-07,0.99162734,2022-07-07,0.55537346,0.99855476,0.9977383,21613.4,0.0515371629018055
2022-07-08,0.98845643,2022-07-08,0.69689393,0.9982972,0.99274501,21587.9,-0.0011798236279345
2022-07-09,0.95595207,2022-07-09,0.66559534,0.98829891,0.95787099,21580.0,-0.0003659457381218
2022-07-10,0.99015907,2022-07-10,0.60725203,0.99662753,0.99385395,20853.8,-0.0336515291936978
2022-07-11,0.92469113,2022-07-11,0.42901224,0.98583715,0.97797164,19954.3,-0.0431336255262829
2022-07-12,0.97141721,2022-07-12,0.64269174,0.99640407,0.97608039,19322.9,-0.0316423026615816
2022-07-13,0.98048302,2022-07-13,0.67608512,0.99863135,0.98279364,20220.1,0.0464319537957551
2022-07-14,0.96750489,2022-07-14,0.49086302,0.99397923,0.99044666,20578.6,0.0177298826415299
2022-07-15,0.90350823,2022-07-15,0.42584188,0.97969305,0.96099619,20823.1,0.0118812747222842
2022-07-16,0.99736332,2022-07-16,0.8642619,0.99985847,0.9979275,21183.5,0.0173077015429981
2022-07-17,0.99758344,2022-07-17,0.60899974,0.99862211,0.99881059,20794.4,-0.0183680694880449
2022-07-18,0.99978792,2022-07-18,0.65769881,1.0003442,1.00588022,22423.9,0.0783624437348518
2022-07-19,0.9649953,2022-07-19,0.70383201,0.99258796,0.99933593,23385.9,0.0429006551045982
2022-07-20,1.013512,2022-07-20,0.8594541,1.00402887,1.01512034,23221.5,-0.0070298769771529
2022-07-21,0.96052377,2022-07-21,0.71120308,0.99070266,0.98547136,23144.5,-0.0033158925995305
2022-07-22,0.96397927,2022-07-22,0.38711667,0.99164999,1.01925244,22675.1,-0.0202812763291495
2022-07-23,0.98053921,2022-07-23,0.51134301,0.99514294,0.99662431,22440.2,-0.0103593809950121
2022-07-24,0.99384469,2022-07-24,0.5477012,0.99773767,0.99965852,22570.6,0.0058109999019615
2022-07-25,0.96978691,2022-07-25,0.52137932,0.99411006,0.98099327,21300.0,-0.0562944715692094
2022-07-26,0.96771395,2022-07-26,0.78773432,0.995958,0.96984051,21241.0,-0.0027699530516431
2022-07-27,1.00200902,2022-07-27,0.82330601,1.00140895,1.00325482,22941.1,0.0800386045854715
2022-07-28,1.01311179,2022-07-28,0.61882167,1.0032376,1.01611749,23836.2,0.039017309544878
2022-07-29,1.00199586,2022-07-29,0.57178415,1.00023024,1.00943728,23771.1,-0.0027311400307097
2022-07-30,1.00267755,2022-07-30,0.83515189,1.00050933,1.00348916,23629.9,-0.0059399859493248
2022-07-31,0.99216583,2022-07-31,0.66489631,0.99689751,0.99879056,23290.1,-0.0143800862466622
2022-08-01,0.99769454,2022-08-01,0.63257089,0.99955881,1.00036564,23257.6,-0.001395442698829
2022-08-02,0.99166089,2022-08-02,0.64355029,0.9980818,0.99559791,22975.1,-0.0121465671436433
2022-08-03,0.99884186,2022-08-03,0.67134771,0.99945358,1.00304354,22801.5,-0.007556006285065
2022-08-04,0.97640771,2022-08-04,0.6433467,0.9957037,0.98906862,22608.9,-0.00844681270969
2022-08-05,0.99611366,2022-08-05,0.5809758,0.99987544,1.00080863,23298.1,0.0304835706292654
2022-08-06,1.00079502,2022-08-06,1.20314731,1.00015412,0.99982928,22943.3,-0.0152287096372665
2022-08-07,0.99913099,2022-08-07,0.88894709,0.99960411,1.00010441,23167.8,0.0097849916969223
2022-08-08,1.00361683,2022-08-08,0.63418573,1.00056446,1.00828087,23804.4,0.0274777924533189
2022-08-09,0.9646427,2022-08-09,0.4674805,0.99422831,0.99710403,23140.2,-0.0279024045974694
2022-08-10,1.01260645,2022-08-10,1.62936461,1.00225529,1.00402404,23940.9,0.034602120984261
2022-08-11,0.99964209,2022-08-11,0.58719155,0.999921,1.00548182,23917.2,-0.0009899377216395
2022-08-12,1.00211945,2022-08-12,0.60906244,1.00090631,1.00641671,24387.5,0.0196636730052013
2022-08-13,1.00115421,2022-08-13,0.61972859,1.0003566,1.00340576,24429.0,0.0017016914402869
2022-08-14,0.99747961,2022-08-14,0.63426375,0.99885091,1.00117168,24294.1,-0.0055221253428302
2022-08-15,0.9930734,2022-08-15,0.58001875,0.99851919,1.00012958,24085.2,-0.0085987955923453
2022-08-16,0.99675199,2022-08-16,0.66857694,0.99942114,0.99959646,23843.0,-0.0100559679803364
2022-08-17,0.99036811,2022-08-17,0.50774166,0.99733623,1.00078914,23333.1,-0.0213857316612843
2022-08-18,0.99687597,2022-08-18,0.9379007,0.9991397,0.99720103,23185.1,-0.0063429205720628
2022-08-19,0.94753167,2022-08-19,0.56417362,0.99215704,0.9654671,20824.9,-0.101798137596991
2022-08-20,0.98311632,2022-08-20,0.63212335,0.99867617,0.98971216,21127.8,0.0145450878515622
2022-08-21,0.9940512,2022-08-21,0.59766672,0.99902074,0.99641196,21505.6,0.0178816535559782
2022-08-22,0.9727934,2022-08-22,0.54495884,0.99742408,0.98500504,21387.0,-0.0055148426456363
2022-08-23,0.98419828,2022-08-23,0.66834188,0.99878066,0.98925765,21518.2,0.006134567728059
2022-08-24,0.98362702,2022-08-24,0.57550782,0.99809924,0.99166022,21354.9,-0.0075889247241869
2022-08-25,0.98629807,2022-08-25,0.59747329,0.99748883,0.99067251,21548.3,0.0090564694753896
2022-08-26,0.98524158,2022-08-26,0.87084477,0.99596338,0.98618379,20228.7,-0.0612391696792785
2022-08-27,0.97106665,2022-08-27,0.66017374,0.99478603,0.97367949,20023.9,-0.0101242294363947
2022-08-28,0.99885421,2022-08-28,1.53239637,0.99960844,0.99355582,19547.5,-0.0237915690749555
2022-08-29,0.99056737,2022-08-29,1.39543033,0.99925616,0.98553793,20275.5,0.0372426141450312
2022-08-30,0.96170856,2022-08-30,0.55357987,0.99267687,0.98503203,19803.1,-0.023299055510345
2022-08-31,0.98454502,2022-08-31,0.55064385,0.99802841,0.99082998,20041.5,0.012038519221738
2022-09-01,0.96664604,2022-09-01,0.56162954,0.99636467,0.97562302,20122.5,0.0040416136516727
2022-09-02,0.97674869,2022-09-02,0.55881443,0.9963596,0.98626996,19941.0,-0.0090197540067089
2022-09-03,0.99466902,2022-09-03,0.80605863,0.99814209,0.9954783,19820.7,-0.0060327967504136
2022-09-04,1.00290488,2022-09-04,2.18076389,1.00065329,0.99390911,19992.7,0.0086777964451305
2022-09-05,0.98909591,2022-09-05,0.585034,0.99861194,0.99308969,19784.9,-0.0103937937347131
2022-09-06,0.95819745,2022-09-06,0.56044622,0.99601522,0.97374276,18781.5,-0.0507154446067456
2022-09-07,0.96738723,2022-09-07,0.66756374,0.99749372,0.974314,19287.0,0.0269147831642839
2022-09-08,0.97922692,2022-09-08,0.49698053,0.99767948,0.99396703,19309.3,0.0011562192150151
2022-09-09,1.01009451,2022-09-09,0.61510973,1.00246259,1.01577618,21352.0,0.1057884024796342
2022-09-10,1.00209266,2022-09-10,0.66546814,1.00044957,1.00458154,21639.5,0.0134647808167853
2022-09-11,0.99061794,2022-09-11,0.60844806,0.99752546,0.99638431,21820.3,0.0083550913838119
2022-09-12,1.0028262,2022-09-12,0.57964149,1.00119111,1.00855713,22386.0,0.0259253997424417
2022-09-13,0.94394164,2022-09-13,0.51708848,0.98305202,0.96694493,20162.5,-0.0993254712766907
2022-09-14,0.97460773,2022-09-14,0.48096821,0.9948173,0.98736111,20217.0,0.0027030378177308
2022-09-15,0.96892573,2022-09-15,0.45444737,0.99377523,0.98569392,19690.8,-0.0260276005342039
2022-09-16,0.98808612,2022-09-16,0.51204306,0.99730514,0.99351372,19792.5,0.0051648485587179
2022-09-17,0.99185611,2022-09-17,0.55910751,0.99819607,0.99628038,20102.0,0.0156372363268915
2022-09-18,0.98870384,2022-09-18,0.51379453,0.99704811,0.99415559,19404.5,-0.0346980399960202
2022-09-19,0.96050345,2022-09-19,0.61165525,0.99563608,0.97316198,19528.6,0.0063954237419154
2022-09-20,0.97275872,2022-09-20,0.58960317,0.99621712,0.98083572,18866.8,-0.033888758026689
2022-09-21,0.97946141,2022-09-21,0.58151226,0.99704174,0.98889296,18447.5,-0.0222242245637839
2022-09-22,0.98385057,2022-09-22,0.57400508,0.99813458,0.98927583,19392.5,0.0512264534489768
2022-09-23,0.98631862,2022-09-23,0.60710539,0.9973101,0.99242235,19280.7,-0.005765115379657
2022-09-24,0.99428318,2022-09-24,0.62691196,0.998307,0.99707965,18911.0,-0.0191746150295373
2022-09-25,0.9884025,2022-09-25,0.55137303,0.99710945,0.99485477,18799.7,-0.0058854634868594
2022-09-26,0.98820455,2022-09-26,0.65266466,0.99858327,0.99471812,19216.3,0.0221599280839586
2022-09-27,0.98876247,2022-09-27,0.72720784,0.99676496,0.99408687,19070.1,-0.007608124352763
2022-09-28,0.96358882,2022-09-28,0.45803076,0.99450469,0.98818357,19407.3,0.0176821306652823
2022-09-29,0.98819562,2022-09-29,0.53222751,0.9968567,0.99339586,19582.5,0.0090275308775564
2022-09-30,0.98083815,2022-09-30,0.51557179,0.99505953,0.99341412,19411.7,-0.0087220732797139
2022-10-01,0.99146555,2022-10-01,0.57452639,0.99741783,0.99578682,19304.0,-0.0055482003121829
2022-10-02,0.98976392,2022-10-02,0.56705658,0.99672177,0.9940286,19049.4,-0.0131889763779526
2022-10-03,0.99017642,2022-10-03,0.52823611,0.99812019,0.99651446,19622.0,0.0300586895125305
2022-10-04,0.99370927,2022-10-04,0.52039283,0.99878305,1.00622141,20333.0,0.0362348384466415
2022-10-05,0.99117749,2022-10-05,0.6431852,0.99743883,0.99998226,20150.0,-0.0090001475434023
2022-10-06,0.99168806,2022-10-06,0.60071437,0.99712796,0.99960034,19954.0,-0.0097270471464019
2022-10-07,0.99226345,2022-10-07,0.8089298,0.99724681,0.99471859,19520.9,-0.0217049213190336
2022-10-08,0.97205306,2022-10-08,0.42728166,0.99074435,0.995915,19406.2,-0.0058757536793898
2022-10-09,0.99567344,2022-10-09,0.61216088,0.99875872,0.99842552,19430.0,0.0012264121775513
2022-10-10,0.97932384,2022-10-10,0.47142029,0.99603466,0.99202002,19124.0,-0.0157488419969119
2022-10-11,0.98229084,2022-10-11,0.6848969,0.9968051,0.9894114,19055.0,-0.003608031792512
2022-10-12,0.95286635,2022-10-12,0.6024101,0.99020251,0.95963306,19148.0,0.004880608764104
2022-10-13,0.98696423,2022-10-13,0.58753077,0.99729872,0.99155611,19365.5,0.0113588886567788
2022-10-14,0.99222273,2022-10-14,0.58445002,0.99774875,0.999394,19164.6,-0.0103741189228268
2022-10-15,0.99066999,2022-10-15,0.58616874,0.99634637,0.99515444,19060.4,-0.0054371080012104
2022-10-16,0.9879547,2022-10-16,0.60620725,0.99603917,0.99828274,19251.9,0.0100470084573252
2022-10-17,0.96397422,2022-10-17,0.60502109,0.98794965,1.0009556,19540.6,0.0149959224803783
2022-10-18,1.02645851,2022-10-18,1.43670122,1.00570106,0.99569526,19320.9,-0.0112432576277082
2022-10-19,0.97823022,2022-10-19,0.53793257,0.9953304,0.9890371,19116.7,-0.010568865839583
2022-10-20,0.98532673,2022-10-20,0.51008332,0.99614056,0.99424222,19034.7,-0.0042894432616508
2022-10-21,0.98698507,2022-10-21,0.52557524,0.99695379,0.99680334,19150.9,0.0061046404724003
2022-10-22,0.96550218,2022-10-22,0.55868295,0.98934666,0.99947122,19195.1,0.0023079855254843
2022-10-23,0.99472614,2022-10-23,0.62142391,0.99872935,0.99911914,19560.7,0.0190465274992055
2022-10-24,0.99266565,2022-10-24,0.66001188,0.9980838,0.99747165,19318.1,-0.0124024191363295
2022-10-25,1.010692,2022-10-25,1.13563676,1.0026048,1.00839829,20068.3,0.0388340468265513
2022-10-26,1.01117331,2022-10-26,0.58475791,1.00336587,1.02433194,20758.3,0.0343825834774245
2022-10-27,1.00271599,2022-10-27,0.96898044,1.00045436,1.00322359,20285.5,-0.0227764315960362
2022-10-28,0.9928981,2022-10-28,0.61214535,0.99816751,1.00080984,20582.8,0.0146557886174853
2022-10-29,1.00122554,2022-10-29,0.69135696,1.00048242,1.00390581,20796.7,0.0103921721048643
2022-10-30,0.99053484,2022-10-30,0.50659253,0.99661514,0.9996521,20615.6,-0.0087081123447471
2022-10-31,0.9910812,2022-10-31,0.60183283,0.99747134,1.00100264,20482.0,-0.0064805293079026
2022-11-01,0.99057089,2022-11-01,0.55597056,0.99744293,1.00187032,20472.1,-0.000483351235231
2022-11-02,0.99291108,2022-11-02,0.93236739,0.99805841,0.99387014,20140.1,-0.0162171931555629
2022-11-03,0.99354289,2022-11-03,0.73140995,0.99905664,0.99798358,20199.7,0.0029592703114682
2022-11-04,1.03764824,2022-11-04,1.59952551,1.00641856,1.01177411,21137.6,0.0464313826442965
2022-11-05,1.00218031,2022-11-05,0.84997474,1.00065362,1.00621911,21289.9,0.0072051699341459
2022-11-06,0.98291514,2022-11-06,0.52641787,0.9980458,0.99109844,20900.0,-0.0183138483506264
2022-11-07,0.90716659,2022-11-07,0.42878526,0.98721355,0.99645776,20578.6,-0.015377990430622
2022-11-08,0.95247256,2022-11-08,0.53939703,0.98442781,0.96826798,18534.0,-0.0993556412972699
2022-11-09,0.89397756,2022-11-09,0.43939756,0.97029215,0.93754773,15905.0,-0.1418474155605913
2022-11-10,0.9379763,2022-11-10,0.46732352,0.98867157,0.97333622,17588.0,0.1058157812008802
2022-11-11,0.94775926,2022-11-11,0.80375427,0.99051425,0.95660607,17058.3,-0.0301171253127132
2022-11-12,0.91788277,2022-11-12,0.51899281,0.97737418,0.98239139,16806.9,-0.014737693674047
2022-11-13,0.97385611,2022-11-13,0.48067292,0.9953368,0.98456263,16321.2,-0.0288988451171841
2022-11-14,0.94463812,2022-11-14,0.47901985,0.98723719,0.97137874,16605.2,0.0174006813224518
2022-11-15,0.93178709,2022-11-15,0.46034951,0.98445938,0.98322694,16888.3,0.0170488762556306
2022-11-16,0.91895151,2022-11-16,0.57093017,0.9759823,0.96463353,16650.6,-0.014074832872462
2022-11-17,0.84657716,2022-11-17,0.37054004,0.94193137,0.94787647,16682.1,0.0018918237180642
2022-11-18,0.74102253,2022-11-18,0.36732163,0.87496685,0.98360664,16689.7,0.0004555781346473
2022-11-19,0.95658909,2022-11-19,0.45164665,0.98877075,0.98912876,16692.9,0.0001917350221993
2022-11-20,0.94740051,2022-11-20,0.51381429,0.99027396,0.98410301,16272.6,-0.0251783692468056
2022-11-21,0.92069811,2022-11-21,0.42624653,0.97585341,0.96903838,15773.0,-0.0307019161043717
2022-11-22,0.92747211,2022-11-22,0.50014631,0.97782554,0.97086511,16220.6,0.0283776073036201
2022-11-23,1.02287457,2022-11-23,1.4027244,1.00901168,0.98779323,16595.8,0.0231310802313107
2022-11-24,0.96269164,2022-11-24,0.53351873,0.98512854,0.98363367,16592.4,-0.0002048711119679
2022-11-25,0.96341503,2022-11-25,0.53222132,0.99020993,0.98524119,16516.1,-0.0045984908753406
2022-11-26,0.95146451,2022-11-26,0.35109068,0.98224293,0.9962349,16449.2,-0.0040505930576829
2022-11-27,0.97664385,2022-11-27,0.52469072,0.99216544,0.99142906,16422.6,-0.0016170999197531
2022-11-28,0.93662668,2022-11-28,0.42884712,0.96779618,0.97558749,16204.5,-0.0132804793394467
2022-11-29,0.97615655,2022-11-29,0.61874842,0.98941663,0.98785359,16433.2,0.0141133635718473
2022-11-30,0.96986363,2022-11-30,0.45300582,0.98592681,1.00207104,17153.3,0.0438198281527637
2022-12-01,0.98000007,2022-12-01,0.64800767,0.98974246,0.99651814,16970.5,-0.0106568415406947
2022-12-02,0.96409912,2022-12-02,0.50996416,0.98156386,0.99897841,17083.0,0.0066291505848383
2022-12-03,0.97961911,2022-12-03,0.49854269,0.99192499,0.99790933,16879.5,-0.0119124275595621
2022-12-04,0.95282453,2022-12-04,0.42897167,0.97914404,1.00100939,17099.5,0.0130335614206582
2022-12-05,0.87285181,2022-12-05,0.4152352,0.93730444,0.99847781,16958.3,-0.0082575513903915
2022-12-06,0.94833796,2022-12-06,0.37634884,0.97516253,0.99903289,17078.6,0.0070938714375849
2022-12-07,0.98537429,2022-12-07,0.7171162,0.99458138,0.99104396,16828.0,-0.0146733338798261
2022-12-08,0.96965643,2022-12-08,0.52434215,0.98828896,1.00029782,17216.0,0.0230568100784407
2022-12-09,0.95122263,2022-12-09,0.48869499,0.97907101,0.99745549,17122.0,-0.0054600371747212
2022-12-10,0.99829406,2022-12-10,0.94690546,0.99938884,0.99911451,17120.0,-0.0001168087840205
2022-12-11,0.96980297,2022-12-11,0.52725241,0.98872107,0.99977129,17077.3,-0.0024941588785046
2022-12-12,0.98365024,2022-12-12,0.52165291,0.99310734,0.9981018,17200.0,0.0071849765478149
2022-12-13,0.97446324,2022-12-13,0.45786719,0.99062868,1.00739571,17777.1,0.0335523255813952
2022-12-14,0.96303613,2022-12-14,0.46194006,0.98825163,1.01373414,17803.9,0.0015075574756289
2022-12-15,0.98439776,2022-12-15,0.56242952,0.99346537,0.99509881,17351.8,-0.0253933127011498
2022-12-16,0.97577813,2022-12-16,0.62369788,0.99036309,0.9891805,16624.1,-0.0419380121947002
2022-12-17,0.96638232,2022-12-17,0.56028966,0.98801186,0.98218874,16768.0,0.0086561076990634
2022-12-18,0.98312846,2022-12-18,0.62343753,0.99407512,0.99364001,16730.3,-0.0022483301526717
2022-12-19,0.93335341,2022-12-19,0.51121194,0.97042156,0.94597403,16429.2,-0.0179972863606748
2022-12-20,0.9844055,2022-12-20,0.48649955,0.99393434,0.99846497,16887.2,0.0278771942638715
2022-12-21,0.95616178,2022-12-21,0.47027257,0.98108041,0.99171681,16819.6,-0.0040030318821356
2022-12-22,0.97814786,2022-12-22,0.57726902,0.98978257,0.9976367,16815.5,-0.0002437632286141
2022-12-23,0.97721625,2022-12-23,0.68799468,0.98941716,0.987849,16776.4,-0.0023252356456839
2022-12-24,0.97932297,2022-12-24,0.56013486,0.99218046,0.99825323,16828.9,0.0031293960563649
2022-12-25,0.94127521,2022-12-25,0.42455085,0.97896094,0.99786472,16824.4,-0.0002673971560827
2022-12-26,0.98875177,2022-12-26,0.56003699,0.99546554,0.99719581,16912.9,0.0052602173034401
2022-12-27,0.96770111,2022-12-27,0.44147597,0.98477761,0.99549044,16698.2,-0.0126944521637331
2022-12-28,0.92778707,2022-12-28,0.58135694,0.96491304,0.98930845,16539.0,-0.0095339617443797
2022-12-29,0.9466472,2022-12-29,0.52299749,0.97397684,0.99427681,16630.3,0.0055202853860572
2022-12-30,0.98072216,2022-12-30,0.67783411,0.98993521,0.99179941,16601.2,-0.0017498181031009
2022-12-31,0.86546495,2022-12-31,0.38673365,0.9283215,0.99550762,16537.6,-0.0038310483579501
2023-01-01,0.98287247,2023-01-01,0.60197293,0.99309829,0.99522273,16610.3,0.0043960429566562
2023-01-02,0.9930622,2023-01-02,0.74493302,0.99732368,1.00102496,16666.0,0.0033533409992594
2023-01-03,0.97101547,2023-01-03,0.54547341,0.98778098,0.99554211,16667.2,7.20028801153294e-05
2023-01-04,0.9679066,2023-01-04,0.55758545,0.9853674,0.99935923,16842.1,0.0104936642027453
2023-01-05,0.97862337,2023-01-05,0.81750262,0.99093018,0.99757874,16823.8,-0.0010865628395508
2023-01-06,0.96577578,2023-01-06,0.55045717,0.98681817,0.99801177,16943.8,0.007132752410276
2023-01-07,0.98043484,2023-01-07,0.6159962,0.99301588,1.00038271,16936.5,-0.000430836058027
2023-01-08,0.98909177,2023-01-08,0.60930451,0.99665512,1.000871,17124.7,0.011112095179051
2023-01-09,0.99684623,2023-01-09,0.572568,0.99886372,1.00707852,17169.7,0.0026277832604366
2023-01-10,0.96863135,2023-01-10,0.52037556,0.9879261,1.0046537,17428.8,0.0150905374001875
2023-01-11,0.94572403,2023-01-11,0.45650709,0.97939532,1.00628077,17935.7,0.0290840447994125
2023-01-12,1.01774263,2023-01-12,0.69041055,1.0081339,1.02942669,18838.0,0.0503074873018616
2023-01-13,1.01997955,2023-01-13,0.58175937,1.00968005,1.03599658,19924.2,0.0576600488374563
2023-01-14,1.03558449,2023-01-14,0.6088619,1.01415358,1.05117145,20962.8,0.0521275634655342
2023-01-15,1.00979393,2023-01-15,0.56158131,1.00400305,1.02673387,20882.7,-0.0038210544392923
2023-01-16,1.02494306,2023-01-16,0.92333866,1.01010367,1.03004871,21188.3,0.0146341229821813
2023-01-17,1.02674478,2023-01-17,0.58161046,1.01163239,1.04180103,21130.9,-0.0027090422544516
2023-01-18,1.00076029,2023-01-18,0.63411741,1.00028368,1.02105587,20680.0,-0.0213384190924191
2023-01-19,0.98485805,2023-01-19,0.52318237,0.99303957,1.01914481,21068.3,0.0187765957446808
2023-01-20,1.01876552,2023-01-20,0.58602836,1.01001094,1.03424313,22661.1,0.0756017334099097
2023-01-21,1.03689667,2023-01-21,0.62165344,1.01342532,1.05177522,22781.9,0.0053307209270512
2023-01-22,1.02899856,2023-01-22,0.78907192,1.0092116,1.03382659,22704.6,-0.0033930444782921
2023-01-23,1.01194864,2023-01-23,0.61620322,1.004906,1.02866148,22913.1,0.0091831611215349
2023-01-24,1.01741876,2023-01-24,0.73092928,1.00676318,1.02624553,22627.4,-0.0124688496973346
2023-01-25,1.01197739,2023-01-25,0.78336596,1.00558151,1.01891117,23060.6,0.0191449304825122
2023-01-26,0.98244114,2023-01-26,0.74631543,0.99055562,1.04513035,23001.9,-0.002545467160438
2023-01-27,0.97393657,2023-01-27,0.64945725,0.98770529,1.02335605,23068.0,0.0028736756528808
2023-01-28,1.01283895,2023-01-28,0.83141376,1.00514803,1.01608088,23015.9,-0.0022585399687878
2023-01-29,1.019197,2023-01-29,0.77352417,1.00865741,1.02533893,23740.3,0.0314738941340551
2023-01-30,1.00782341,2023-01-30,0.73207951,1.00368423,1.01169082,22819.9,-0.0387695184980811
2023-01-31,1.01091926,2023-01-31,0.74709033,1.00558006,1.01636612,23119.4,0.0131245097480707
2023-02-01,1.03777856,2023-02-01,0.68856009,1.0176772,1.04364787,23730.0,0.0264107200013841
2023-02-02,1.01983119,2023-02-02,0.67629745,1.0091633,1.02713481,23493.1,-0.0099831436999578
2023-02-03,1.0104866,2023-02-03,0.73033023,1.00531318,1.02141349,23424.7,-0.0029114931618219
2023-02-04,1.0244412,2023-02-04,0.79150029,1.01204775,1.02834087,23322.6,-0.0043586470691194
2023-02-05,1.00085847,2023-02-05,0.72178889,1.00026246,1.00759304,22929.2,-0.0168677591692177
2023-02-06,1.00541162,2023-02-06,0.8448642,1.00234772,1.00852951,22757.7,-0.0074795457320796
2023-02-07,1.00454665,2023-02-07,0.66198326,1.00227756,1.01455243,23234.1,0.0209335741309533
2023-02-08,1.0101426,2023-02-08,0.95016506,1.00454631,1.01095254,22955.9,-0.0119737799183096
2023-02-09,0.99863606,2023-02-09,0.74622377,0.99910936,1.00559185,21793.4,-0.0506405760610562
2023-02-10,0.98222402,2023-02-10,0.89581372,0.9946092,0.98575781,21618.6,-0.0080207769324659
2023-02-11,0.99507936,2023-02-11,0.76428586,0.99858912,0.99901887,21851.3,0.0107638792521256
2023-02-12,0.99493369,2023-02-12,0.63871105,0.9984696,1.00569509,21771.1,-0.0036702621811974
2023-02-13,0.99023748,2023-02-13,0.73416867,0.99602745,0.99634068,21766.2,-0.0002250690135086
2023-02-14,0.99921679,2023-02-14,0.73339986,0.99963129,1.00256341,22187.4,0.0193511040052927
2023-02-15,1.01913545,2023-02-15,0.70790699,1.00868887,1.02891853,24332.6,0.0966855061881968
2023-02-16,1.04183742,2023-02-16,0.9043425,1.01511546,1.04546685,23526.6,-0.0331242859373843
2023-02-17,1.0109189,2023-02-17,0.72627533,1.00389487,1.01856704,24581.5,0.0448386082136815
2023-02-18,1.01516027,2023-02-18,0.7494522,1.00517955,1.0204918,24636.9,0.0022537273966194
2023-02-19,1.01492607,2023-02-19,0.97579275,1.00523609,1.01618983,24265.9,-0.0150587127438922
2023-02-20,1.01394473,2023-02-20,0.81670975,1.00551843,1.01689195,24849.9,0.024066694414796
2023-02-21,1.00891837,2023-02-21,0.79421536,1.00319978,1.01484055,24443.4,-0.016358214721186
2023-02-22,0.98557882,2023-02-22,0.65938598,0.9949489,1.01186175,24171.3,-0.0111318392694961
2023-02-23,1.01468347,2023-02-23,0.93396753,1.00470592,1.01604887,23928.8,-0.0100325592748424
2023-02-24,0.99547379,2023-02-24,0.70364281,0.99759472,1.00914324,23175.6,-0.0314767142522818
2023-02-25,0.98540734,2023-02-25,0.65246684,0.99375456,0.99574736,23146.2,-0.0012685755708589
2023-02-26,1.00480567,2023-02-26,0.86939493,1.00161142,1.00783021,23545.3,0.0172425711347865
2023-02-27,1.00894049,2023-02-27,0.93261405,1.00388833,1.01117772,23480.0,-0.0027733772769936
2023-02-28,0.96273065,2023-02-28,0.63103707,0.98331147,1.0046365,23129.6,-0.0149233390119251
2023-03-01,0.97958841,2023-03-01,0.70170483,0.9915044,1.01490742,23619.8,0.0211936220254564
2023-03-02,0.99280717,2023-03-02,0.70753823,0.99730743,1.00273735,23457.1,-0.0068882886391925
2023-03-03,0.98359139,2023-03-03,0.90352667,0.99293777,0.98510861,22342.8,-0.0475037408716336
2023-03-04,0.99196729,2023-03-04,1.12460049,0.99702579,0.98996799,22335.7,-0.0003177757487869
2023-03-05,0.95269289,2023-03-05,0.63289652,0.98268979,1.00270719,22419.4,0.0037473640852985
2023-03-06,0.98722476,2023-03-06,0.79460748,0.99471872,0.99653258,22397.1,-0.0009946742553326
2023-03-07,0.8692027,2023-03-07,0.52196923,0.94159088,0.99589763,22187.1,-0.0093762138848333
2023-03-08,0.98706993,2023-03-08,0.85935862,0.9947004,0.98926649,21695.4,-0.0221615262923048
2023-03-09,0.97361598,2023-03-09,0.77513057,0.98777473,0.9793729,20348.3,-0.0620915032679739
2023-03-10,0.95787328,2023-03-10,0.79418988,0.98023183,0.96078002,20140.3,-0.0102219841460957
2023-03-11,0.98674879,2023-03-11,0.87628034,0.99500972,0.99052225,20447.3,0.0152430698648977
2023-03-12,0.99314822,2023-03-12,0.70827091,0.9983221,0.99903704,21986.2,0.0752617705027069
2023-03-13,1.04133151,2023-03-13,0.99958634,1.01935469,1.04301609,24119.5,0.0970290454921722
2023-03-14,1.05076888,2023-03-14,0.97996657,1.02116325,1.05287542,24682.5,0.0233421090818632
2023-03-15,1.02409745,2023-03-15,0.95259404,1.00950131,1.0285699,24288.0,-0.0159829838954724
2023-03-16,1.01998864,2023-03-16,1.02388007,1.00916346,1.01988083,24990.4,0.0289196310935442
2023-03-17,1.07123617,2023-03-17,0.82454729,1.02969998,1.07665151,27384.0,0.0957807798194505
2023-03-18,1.03062957,2023-03-18,1.14457647,1.0116809,1.02850953,26907.0,-0.017418930762489
2023-03-19,1.02598131,2023-03-19,0.97349235,1.01002729,1.02733704,27955.7,0.0389749879213587
2023-03-20,1.03418165,2023-03-20,0.95524662,1.01103317,1.03606899,27704.1,-0.0089999534978556
2023-03-21,1.03433416,2023-03-21,1.12513174,1.01171539,1.03269202,28091.1,0.013969051512231
2023-03-22,1.02668259,2023-03-22,1.01648405,1.0093216,1.02703206,27233.8,-0.0305185628188287
2023-03-23,1.0484247,2023-03-23,1.14377602,1.01796433,1.04435017,28284.1,0.0385660466038524
2023-03-24,1.01858929,2023-03-24,1.09586948,1.00586755,1.01709661,27438.9,-0.0298825134969823
2023-03-25,1.00405983,2023-03-25,1.02857832,1.00152541,1.00359155,27447.3,0.0003061347211439
2023-03-26,1.02185635,2023-03-26,1.13374854,1.00738159,1.02037575,27954.3,0.0184717622498387
2023-03-27,1.0452916,2023-03-27,0.90270975,1.01816836,1.04807844,27112.0,-0.0301313214782699
2023-03-28,1.00767873,2023-03-28,1.05957171,1.00294765,1.00681735,27249.7,0.0050789318383004
2023-03-29,1.02719644,2023-03-29,0.90694071,1.01034079,1.02867778,28338.5,0.0399564031897599
2023-03-30,0.76648317,2023-03-30,0.45341657,0.8808549,1.01689605,28015.0,-0.0114155653968982
2023-03-31,1.02821004,2023-03-31,1.23770316,1.01125403,1.02187719,28454.9,0.0157023023380331
2023-04-01,1.02530001,2023-04-01,1.20241275,1.00762218,1.02282518,28443.8,-0.0003900909860867
2023-04-02,1.00935528,2023-04-02,1.15915584,1.00233171,1.00754981,28161.2,-0.0099353813484835
2023-04-03,1.01074291,2023-04-03,1.273103,1.00402135,1.00653915,27786.1,-0.0133197448972345
2023-04-04,1.00989326,2023-04-04,0.85700684,1.00348583,1.018448,28155.2,0.01328362022738
2023-04-05,1.02782493,2023-04-05,0.88186406,1.01088841,1.03510184,28154.0,-4.262090129003582e-05
2023-04-06,1.00156452,2023-04-06,0.74568048,1.00072349,1.01552934,28022.8,-0.0046600838246785
2023-04-07,0.99059781,2023-04-07,0.80976439,0.99608041,1.00276336,27890.7,-0.0047140185848665
2023-04-08,1.00731094,2023-04-08,1.11036227,1.0021959,1.00588049,27924.9,0.0012262151900095
2023-04-09,1.00607647,2023-04-09,1.06793027,1.00212659,1.00550994,28309.4,0.0137690734792246
2023-04-10,1.01774067,2023-04-10,0.90688882,1.00859705,1.021945,29623.1,0.0464050809978309
2023-04-11,1.05957503,2023-04-11,0.97191409,1.02473751,1.06819538,30185.1,0.0189716808841748
2023-04-12,1.00957027,2023-04-12,0.85335955,1.00333045,1.02562177,29875.0,-0.0102732805258223
2023-04-13,1.0282863,2023-04-13,1.07552381,1.01378245,1.02702329,30362.7,0.0163246861924686
2023-04-14,1.03085968,2023-04-14,1.17897493,1.01351398,1.02814931,30453.1,0.0029773373250732
2023-04-15,1.009294,2023-04-15,1.00265169,1.002524,1.00941842,30280.4,-0.0056710154302844
2023-04-16,1.01083247,2023-04-16,1.06389434,1.00411425,1.01003907,30286.6,0.0002047529094726
2023-04-17,1.00114007,2023-04-17,0.90509245,1.00039927,1.00277596,29420.0,-0.028613314138926
2023-04-18,1.02475605,2023-04-18,1.23998489,1.01143689,1.02104426,30365.8,0.0321481985044187
2023-04-19,1.02455242,2023-04-19,2.34333785,1.01130123,1.00492305,28795.1,-0.0517259548571089
2023-04-20,0.99732543,2023-04-20,1.19912987,0.99858237,0.99462242,28229.9,-0.0196283395438806
2023-04-21,1.00476687,2023-04-21,1.12648919,1.00207628,1.00336047,27252.5,-0.0346228644097216
2023-04-22,0.99488066,2023-04-22,1.09124931,0.99829941,0.9933943,27807.2,0.0203540959544996
2023-04-23,1.01592269,2023-04-23,1.23090015,1.00567616,1.01188774,27576.0,-0.0083143933945165
2023-04-24,0.99569004,2023-04-24,1.17525532,0.99811914,0.99368456,27497.5,-0.0028466782709603
2023-04-25,0.99775566,2023-04-25,1.03160411,0.9990785,0.99711331,28286.7,0.0287007909809982
2023-04-26,1.02584912,2023-04-26,1.19877938,1.01115276,1.02394497,28395.9,0.0038604715290224
2023-04-27,1.01282335,2023-04-27,1.09999964,1.00560155,1.01178461,29459.0,0.0374385034459199
2023-04-28,1.01985687,2023-04-28,1.35916052,1.00767726,1.01254304,29300.0,-0.0053973318849926
2023-04-29,1.02455911,2023-04-29,1.47081742,1.00853146,1.0086493,29212.7,-0.0029795221843003
2023-04-30,1.00482863,2023-04-30,0.99886895,1.00186356,1.00489508,29223.0,0.0003525863751039
2023-05-01,0.99329694,2023-05-01,1.02583138,0.99683921,0.99284008,28054.4,-0.03998904972111
2023-05-02,1.00717949,2023-05-02,1.16421983,1.0036349,1.00495165,28656.5,0.021461874073229
2023-05-03,1.04501061,2023-05-03,1.09216581,1.02214662,1.04427903,29018.4,0.0126288974578194
2023-05-04,1.00650507,2023-05-04,1.17380658,1.00253834,1.00393027,28826.0,-0.0066302759628373
2023-05-05,1.01067063,2023-05-05,1.04436754,1.00524334,1.01025189,29491.5,0.0230867966419205
2023-05-06,1.00303567,2023-05-06,1.09681094,1.0008586,1.00239512,28837.8,-0.022165708763542
2023-05-07,1.181348,2023-05-07,1.76720468,1.07263888,1.04272087,28419.4,-0.0145087350630075
2023-05-08,1.01118023,2023-05-08,1.40169473,1.00541783,0.99267328,27659.8,-0.0267282208632132
2023-05-09,0.98940699,2023-05-09,1.14240861,0.99540354,0.98814011,27610.2,-0.0017932161476221
2023-05-10,1.0003593,2023-05-10,1.06513927,0.99985041,0.9987775,27582.9,-0.0009887650216223
2023-05-11,0.99051365,2023-05-11,1.00633671,0.99600421,0.9900203,26956.4,-0.022713347762563
2023-05-12,0.99598187,2023-05-12,1.28895136,0.99810435,0.98631458,26785.1,-0.0063547061180276
2023-05-13,0.9994194,2023-05-13,1.04339411,0.99977533,0.99846953,26762.7,-0.0008362858454886
2023-05-14,1.00567395,2023-05-14,1.52356418,1.00258947,0.99723345,26901.9,0.0052012689302649
2023-05-15,1.04860187,2023-05-15,2.16424093,1.02277223,1.00361394,27152.5,0.0093153271701997
2023-05-16,1.01339341,2023-05-16,1.16938799,1.00481927,1.01088017,27024.8,-0.0047030660160206
2023-05-17,1.0010634,2023-05-17,0.99482412,1.00047479,1.00119043,27395.8,0.0137281311980106
2023-05-18,0.99656308,2023-05-18,0.90239243,0.99854517,0.9983585,26809.3,-0.0214083910672439
2023-05-19,0.9915743,2023-05-19,1.1384874,0.99604674,0.98952777,26870.1,0.0022678697317721
2023-05-20,1.00317095,2023-05-20,1.20260482,1.00146172,1.0003536,27089.5,0.0081652096568305
2023-05-21,1.00227751,2023-05-21,1.12209888,1.00082353,0.9986221,26732.8,-0.0131674634083316
2023-05-22,1.04449925,2023-05-22,1.08050368,1.02345485,1.0424977,26840.2,0.0040175365094565
2023-05-23,1.00720338,2023-05-23,1.03246496,1.00326529,1.00664317,27209.9,0.0137741149469825
2023-05-24,0.99296954,2023-05-24,1.11142259,0.99723289,0.99039468,26313.8,-0.0329328663464402
2023-05-25,1.01999977,2023-05-25,1.24543098,1.00904988,0.98998697,26461.8,0.0056244252065456
2023-05-26,1.00157801,2023-05-26,1.20500214,1.000869,0.99361344,26689.9,0.0086199729421279
2023-05-27,0.99981246,2023-05-27,0.96265493,0.99999277,1.0002791,26841.6,0.0056837979910002
2023-05-28,1.01575416,2023-05-28,1.38922478,1.00642947,1.01005381,28055.7,0.0452320278969957
2023-05-29,1.01381661,2023-05-29,1.02198484,1.00526198,1.01364289,27722.0,-0.0118941961882969
2023-05-30,1.01410756,2023-05-30,1.32953026,1.00575144,1.0070641,27680.1,-0.0015114349614026
2023-05-31,0.99976113,2023-05-31,1.12285744,0.99986269,0.99781323,27201.1,-0.0173048507772731
2023-06-01,1.00477544,2023-06-01,1.16408214,1.00196684,0.99710299,26805.3,-0.0145508821334431
2023-06-02,1.00427629,2023-06-02,1.10779511,1.00178831,1.00279843,27227.8,0.0157618082991051
2023-06-03,0.9993663,2023-06-03,0.94576171,0.99964716,0.99992834,27054.9,-0.0063501274432747
2023-06-04,1.0003052,2023-06-04,1.00174614,1.00016561,1.00028815,27102.4,0.0017556893575656
2023-06-05,0.99385194,2023-06-05,1.16094977,0.99722922,0.98970178,25714.7,-0.0512021075624299
2023-06-06,0.99886446,2023-06-06,1.06412607,1.00000313,0.99820967,27221.5,0.0585968337176789
2023-06-07,1.00324495,2023-06-07,1.19110283,1.00112815,1.00045959,26325.9,-0.0329004647062064
2023-06-08,1.00098865,2023-06-08,1.35625534,1.00020213,0.99495036,26485.9,0.0060776649611218
2023-06-09,1.00081054,2023-06-09,1.28193907,1.00017849,0.99818708,26468.1,-0.0006720556975599
2023-06-10,0.98409359,2023-06-10,0.79266112,0.99491075,0.99071492,25826.6,-0.0242367226963778
2023-06-11,0.99756689,2023-06-11,1.17290318,0.99926724,0.9950532,25909.9,0.0032253568026763
2023-06-12,0.99328852,2023-06-12,1.17469771,0.99759658,0.99089859,25894.8,-0.0005827888181738
2023-06-13,0.99790184,2023-06-13,1.16751146,0.99891971,0.99362139,25918.0,0.0008959327741477
2023-06-14,1.00190925,2023-06-14,1.16573449,1.00050052,0.99264959,25115.9,-0.0309476039817886
2023-06-15,0.98356052,2023-06-15,0.98652129,0.99290149,0.98344015,25586.1,0.0187212084774981
2023-06-16,1.0006209,2023-06-16,1.17620164,1.00059994,0.99753519,26336.0,0.029308882557326
2023-06-17,1.00236994,2023-06-17,1.01832874,1.00118757,1.00225532,26508.9,0.0065651579586878
2023-06-18,1.01659016,2023-06-18,1.51405947,1.00653862,1.00084207,26329.7,-0.0067599938133985
2023-06-19,0.98172804,2023-06-19,1.34763398,0.99038417,0.97874247,26828.5,0.0189443859975617
2023-06-20,0.99898782,2023-06-20,0.77050486,0.99984306,1.0155168,28290.6,0.0544980151704344
2023-06-21,1.03289423,2023-06-21,1.01107577,1.01520852,1.03424959,29988.5,0.0600164012074682
2023-06-22,1.02890567,2023-06-22,1.18046244,1.01159869,1.0264994,29875.0,-0.0037847841672641
2023-06-23,1.03000588,2023-06-23,1.06614839,1.01208712,1.02792911,30673.4,0.0267246861924685
2023-06-24,1.02506373,2023-06-24,1.56409824,1.01079721,1.01758773,30524.2,-0.0048641493932853
2023-06-25,1.01485395,2023-06-25,1.79551038,1.00608487,1.00573366,30458.0,-0.0021687710079215
2023-06-26,1.01778824,2023-06-26,1.30311629,1.00745014,1.01482105,30260.1,-0.0064974719285574
2023-06-27,1.03158908,2023-06-27,1.46137894,1.01434107,1.02229002,30683.2,0.0139821084530455
2023-06-28,1.02754218,2023-06-28,1.58034845,1.01322606,1.00892366,30066.3,-0.020105464879804
2023-06-29,1.0015064,2023-06-29,0.84280431,1.00051903,1.01475199,30439.9,0.0124258721558689
2023-06-30,1.02382656,2023-06-30,1.48127947,1.01014117,1.01855275,30460.2,0.0006668878675686
2023-07-01,1.06209701,2023-07-01,2.65165368,1.0246541,1.00908966,30573.6,0.003722890854295
2023-07-02,1.01375312,2023-07-02,1.47319849,1.00472104,1.00738358,30612.7,0.0012788811262005
2023-07-03,1.01301763,2023-07-03,1.22842817,1.00642818,1.01001782,31149.0,0.0175188728860897
2023-07-04,1.01327374,2023-07-04,1.30357651,1.00551767,1.00912995,30756.1,-0.0126135670487014
2023-07-05,1.006731,2023-07-05,1.09874126,1.00275782,1.00522944,30488.4,-0.0087039644168147
2023-07-06,0.97124492,2023-07-06,0.61654319,0.98532517,1.01386852,29874.4,-0.0201388068904895
2023-07-07,1.00457702,2023-07-07,1.17293047,1.00236748,1.00254018,30327.9,0.0151802211927267
2023-07-08,1.00580727,2023-07-08,1.29198005,1.00162889,1.00348195,30269.3,-0.00193221423178
2023-07-09,1.00768932,2023-07-09,1.37680208,1.00329895,1.00342424,30147.8,-0.0040139679477225
2023-07-10,1.00703127,2023-07-10,1.00946351,1.00309932,1.00698329,30396.9,0.0082626261286065
2023-07-11,1.01904595,2023-07-11,1.59223689,1.00929678,1.00834133,30608.4,0.006957946369531
2023-07-12,1.01019806,2023-07-12,1.11035245,1.00519374,1.00857667,30368.9,-0.0078246494426366
2023-07-13,1.00407439,2023-07-13,0.80118584,1.00242119,1.01374289,31441.7,0.03532561271564
2023-07-14,1.0091962,2023-07-14,1.32864943,1.00327747,1.0026879,30293.3,-0.0365247426188788
2023-07-15,0.9966935,2023-07-15,1.28021226,0.99855817,0.99458472,30276.4,-0.0005578791349901
2023-07-16,1.0031616,2023-07-16,1.25119942,1.00127267,1.00051028,30216.8,-0.001968529944115
2023-07-17,0.98832583,2023-07-17,0.80381086,0.9946853,0.99647225,30126.1,-0.0030016414709698
2023-07-18,1.01345408,2023-07-18,1.39375709,1.00566383,1.00692756,29845.6,-0.0093108633377702
2023-07-19,1.01286558,2023-07-19,1.18297695,1.00623611,1.01060648,29895.5,0.001671938242153
2023-07-20,1.0051909,2023-07-20,1.23199565,1.0029903,1.00134686,29791.0,-0.0034955093575955
2023-07-21,0.98624636,2023-07-21,0.68664,0.99278867,0.99944544,29891.4,0.0033701453459098
2023-07-22,1.00619115,2023-07-22,2.06363018,1.003364,1.00070203,29783.5,-0.003609733903397
2023-07-23,1.00591417,2023-07-23,1.40457686,1.00331271,1.00215306,30070.8,0.009646280658754
2023-07-24,0.99649506,2023-07-24,1.24466684,0.99789036,0.99150274,29163.8,-0.0301621506577809
2023-07-25,0.99761175,2023-07-25,0.92905334,0.99894714,0.99905661,29216.3,0.0018001769316755
2023-07-26,0.99994169,2023-07-26,1.04490081,0.99996756,0.99925928,29336.0,0.0040970280288743
2023-07-27,0.97316613,2023-07-27,0.76309378,0.98514396,1.00345812,29209.7,-0.0043052904281428
2023-07-28,0.9164152,2023-07-28,0.73056296,0.94908014,0.99994631,29299.9,0.0030880152825945
2023-07-29,1.00205669,2023-07-29,1.42334908,1.00106717,0.99917003,29339.1,0.0013378885252166
2023-07-30,0.9998649,2023-07-30,1.07444936,0.9999395,0.99916532,29271.1,-0.0023177261742861
2023-07-31,0.99669056,2023-07-31,0.89799045,0.99827969,0.99951196,29220.8,-0.001718418508358
2023-08-01,0.99751802,2023-08-01,1.13552171,0.99901885,0.99570806,29701.2,0.0164403438646443
2023-08-02,0.99197242,2023-08-02,0.76516218,0.99579947,1.00355133,29170.1,-0.0178814324000378
2023-08-03,1.00027413,2023-08-03,1.17823815,1.00022306,0.99862551,29180.2,0.000346244956308
2023-08-04,1.00314877,2023-08-04,1.16033637,1.0015647,0.99976283,29101.1,-0.002710742215612
2023-08-05,0.99920778,2023-08-05,1.1529429,0.99966225,0.99797237,29057.7,-0.0014913525605561
2023-08-06,1.00409902,2023-08-06,1.32763187,1.0018328,1.00002331,29075.9,0.0006263400062633
2023-08-07,0.99857089,2023-08-07,1.01943753,0.99957027,0.99830152,29202.7,0.0043610000034393
2023-08-08,1.00220546,2023-08-08,0.92412853,1.0011693,1.0046035,29759.0,0.019049608426618
2023-08-09,1.0089882,2023-08-09,1.27048584,1.00391728,1.00397594,29572.8,-0.006256930676434
2023-08-10,1.00080384,2023-08-10,1.05577895,1.00028697,0.99951678,29443.7,-0.0043654980252123
2023-08-11,1.00620219,2023-08-11,1.43939937,1.00267663,1.00039975,29415.5,-0.0009577600641224
2023-08-12,1.00677284,2023-08-12,1.44727111,1.00254386,1.00002625,29420.7,0.0001767775492511
2023-08-13,1.00592706,2023-08-13,1.41273091,1.00260037,0.99971965,29293.3,-0.0043302844595812
2023-08-14,1.00367791,2023-08-14,1.10554648,1.0017893,1.00072981,29419.5,0.0043081523761405
2023-08-15,1.00267975,2023-08-15,1.22998816,1.00100502,0.99894379,29188.8,-0.0078417376230052
2023-08-16,0.99938542,2023-08-16,1.09471382,0.99967191,0.99668193,28714.4,-0.0162528092967164
2023-08-17,0.98663978,2023-08-17,1.31189025,0.99522567,0.97888197,26609.7,-0.0732977182180369
2023-08-18,0.97097494,2023-08-18,1.06815089,0.98639065,0.9669959,26042.1,-0.0213305674246609
2023-08-19,0.98918927,2023-08-19,0.99214272,0.99591903,0.98915586,26088.3,0.0017740504798
2023-08-20,0.99594468,2023-08-20,1.14611085,0.99838914,0.99411402,26175.9,0.0033578270719059
2023-08-21,0.98243891,2023-08-21,1.16183493,0.99291926,0.98010748,26115.4,-0.0023112863359043
2023-08-22,0.9869053,2023-08-22,1.24537956,0.99444478,0.98122397,26044.4,-0.0027187023748439
2023-08-23,0.99150146,2023-08-23,0.92630228,0.99700641,0.99278879,26419.2,0.0143908095406306
2023-08-24,0.98126443,2023-08-24,1.01008365,0.99239597,0.98074049,26164.6,-0.0096369307170542
2023-08-25,0.98481985,2023-08-25,1.1603269,0.99227817,0.98167963,26051.7,-0.0043149904833247
2023-08-26,0.99390835,2023-08-26,0.90072867,0.99718123,0.99491628,26004.3,-0.0018194589988369
2023-08-27,1.0046028,2023-08-27,1.56005298,1.00166483,0.99722946,26087.7,0.0032071618924562
2023-08-28,0.99212361,2023-08-28,1.11879989,0.99663865,0.98923951,26106.5,0.000720646128252
2023-08-29,0.98301255,2023-08-29,0.7153312,0.99179621,1.00006607,27700.1,0.0610422691666825
2023-08-30,1.00352288,2023-08-30,1.14023723,1.00132534,1.00126905,27290.4,-0.0147905603228868
2023-08-31,0.99488795,2023-08-31,1.06520343,0.99686316,0.99337605,25928.0,-0.0499223170052472
2023-09-01,0.98313204,2023-09-01,1.10257294,0.99305716,0.98092567,25795.6,-0.005106448626967
2023-09-02,0.99449584,2023-09-02,0.91440154,0.99773936,0.99558496,25855.8,0.0023337313340259
2023-09-03,0.99279367,2023-09-03,0.83143827,0.99679302,0.99670386,25962.1,0.0041112632368751
2023-09-04,0.99369522,2023-09-04,1.01708467,0.99727881,0.99317848,25814.0,-0.0057044692070363
2023-09-05,0.98541552,2023-09-05,1.02212491,0.99395097,0.98468253,25779.7,-0.0013287363446191
2023-09-06,0.98898654,2023-09-06,1.21523259,0.99533493,0.98573514,25747.4,-0.0012529238121467
2023-09-07,0.99137832,2023-09-07,1.01111732,0.99659334,0.99106205,26240.7,0.0191592160761862
2023-09-08,0.99783172,2023-09-08,1.05235328,0.99875612,0.99693308,25899.8,-0.0129912692877858
2023-09-09,0.9906697,2023-09-09,0.81752713,0.99629864,0.9947887,25892.6,-0.0002779944246673
2023-09-10,0.99731632,2023-09-10,1.07125535,0.99895845,0.99657165,25828.4,-0.0024794728995928
2023-09-11,0.98455472,2023-09-11,0.88921255,0.99270197,0.98708113,25150.4,-0.02625017422682
2023-09-12,0.99479797,2023-09-12,0.8145276,0.99798498,0.9991717,25825.8,0.0268544436668998
2023-09-13,0.99796956,2023-09-13,0.98327042,0.99935822,0.99819886,26209.9,0.0148727241750499
2023-09-14,1.01536935,2023-09-14,1.38270343,1.00624582,1.00351171,26510.3,0.0114613180515759
2023-09-15,1.00437739,2023-09-15,1.29536453,1.00169415,1.00129246,26591.1,0.0030478719592006
2023-09-16,1.0013725,2023-09-16,1.05643436,1.00041528,0.9998686,26546.9,-0.0016622102884046
2023-09-17,1.00141807,2023-09-17,1.19397597,1.00052556,0.99928693,26514.2,-0.0012317822419943
2023-09-18,1.01780295,2023-09-18,1.71700552,1.00658796,1.00725078,26749.9,0.0088895761516469
2023-09-19,1.03155822,2023-09-19,2.36791408,1.01221393,1.00435074,27196.0,0.0166766978568144
2023-09-20,0.99789277,2023-09-20,1.01358496,0.99921968,0.99759069,27107.7,-0.003246801000147
2023-09-21,0.99553864,2023-09-21,0.98015213,0.99801482,0.99571967,26552.6,-0.020477576481959
2023-09-22,0.99810271,2023-09-22,1.16365252,0.99899342,0.99695377,26566.7,0.0005310214442277
2023-09-23,0.99887931,2023-09-23,1.03174925,0.99943181,0.99849294,26563.1,-0.0001355079855609
2023-09-24,0.99998204,2023-09-24,1.16072449,0.9998566,0.99835118,26232.4,-0.0124496011384211
2023-09-25,0.99584952,2023-09-25,1.13626621,0.99809404,0.99342535,26290.5,0.0022148183162806
2023-09-26,0.99748474,2023-09-26,1.03915328,0.99868063,0.99666026,26208.8,-0.0031075863905213
2023-09-27,0.9957052,2023-09-27,0.93742713,0.99798245,0.99683722,26359.6,0.0057537926192727
2023-09-28,1.00168157,2023-09-28,1.18494791,1.001012,0.99932222,27011.8,0.024742408837767
2023-09-29,1.00679471,2023-09-29,1.08131155,1.00299749,1.00435443,26890.9,-0.0044758216779332
2023-09-30,1.00707464,2023-09-30,1.3148734,1.00286592,1.00150813,26950.9,0.0022312380768214
2023-10-01,1.00462793,2023-10-01,0.99538997,1.00194736,1.0048871,27981.4,0.0382361999042704
2023-10-02,1.01071348,2023-10-02,0.86676946,1.00419828,1.01802206,27477.6,-0.0180048174859014
2023-10-03,1.00285714,2023-10-03,1.22338985,1.00100621,0.99733471,27412.0,-0.0023873991906133
2023-10-04,1.01043084,2023-10-04,1.31529296,1.00398248,1.00426417,27759.8,0.0126878739238289
2023-10-05,0.99758751,2023-10-05,0.92605592,0.99901594,0.99903961,27398.4,-0.0130188257840473
2023-10-06,1.01243468,2023-10-06,1.15320135,1.00396616,1.00575456,27916.3,0.0189025636533519
2023-10-07,1.01496966,2023-10-07,1.56383778,1.00485815,1.00329466,27943.0,0.0009564304725195
2023-10-08,1.00377397,2023-10-08,1.2650255,1.00125859,1.00171143,27901.2,-0.0014959023726872
2023-10-09,1.01237386,2023-10-09,1.44300447,1.00526246,0.99443573,27578.3,-0.0115729789399739
2023-10-10,0.99992679,2023-10-10,1.17984243,0.99988607,0.99728756,27381.2,-0.0071469234869443
2023-10-11,0.99658845,2023-10-11,1.06919896,0.998346,0.99256136,26864.5,-0.0188706119527267
2023-10-12,0.99159129,2023-10-12,0.93907984,0.99619678,0.99313719,26744.0,-0.0044854733942563
2023-10-13,0.99714852,2023-10-13,1.04693138,0.99864931,0.9963545,26849.8,0.0039560275201913
2023-10-14,1.02698293,2023-10-14,1.49287146,1.0094899,0.99878392,26836.3,-0.0005027970413187
2023-10-15,1.0024258,2023-10-15,1.09844399,1.00110772,1.00056657,27139.8,0.0113093086602846
2023-10-16,1.0143185,2023-10-16,1.00694646,1.00636672,1.01445035,28486.3,0.0496134827817449
2023-10-17,1.00971558,2023-10-17,0.96486639,1.00426117,1.01079451,28381.9,-0.0036649196280316
2023-10-18,1.012047,2023-10-18,1.14104748,1.00573983,1.00936495,28307.1,-0.0026354824729846
2023-10-19,0.98766479,2023-10-19,0.88273475,0.99356233,0.99024311,28696.9,0.0137703968262381
2023-10-20,1.02211775,2023-10-20,1.05453223,1.00943162,1.020983,29653.0,0.0333171875707829
2023-10-21,1.01302925,2023-10-21,1.20333134,1.00530698,1.00974506,29895.4,0.0081745523218561
2023-10-22,1.0103484,2023-10-22,1.16972221,1.00436846,1.00754834,29981.5,0.0028800417455527
2023-10-23,1.03603777,2023-10-23,1.16730588,1.01652151,1.03134703,33074.0,0.1031469406133782
2023-10-24,1.07006837,2023-10-24,1.25211852,1.02942229,1.05948413,33917.0,0.025488298965955
2023-10-25,1.03787852,2023-10-25,1.37607125,1.01631616,1.03017598,34487.7,0.0168263702568032
2023-10-26,1.05594934,2023-10-26,1.7040217,1.02245349,1.02185025,34154.0,-0.0096759134416037
2023-10-27,1.02162783,2023-10-27,1.32670337,1.00940381,1.01314075,33893.1,-0.0076389295543713
2023-10-28,1.02330256,2023-10-28,1.54705346,1.01020397,1.01488147,34086.6,0.0057091266363951
2023-10-29,1.01970261,2023-10-29,1.61057156,1.00811611,1.0109859,34528.6,0.0129669723586394
2023-10-30,1.02415574,2023-10-30,1.29611365,1.01017518,1.01835859,34483.8,-0.0012974751365533
2023-10-31,1.02619018,2023-10-31,1.23630654,1.01105008,1.01954376,34651.4,0.0048602532203527
2023-11-01,1.05648275,2023-11-01,2.14442668,1.02446878,1.02014213,35437.4,0.0226830661964596
2023-11-02,1.03277597,2023-11-02,1.333858,1.01388962,1.02568961,34940.1,-0.0140331965663396
2023-11-03,1.02395634,2023-11-03,1.22327366,1.01078459,1.01433894,34700.4,-0.0068603123631585
2023-11-04,1.0186322,2023-11-04,1.36309445,1.00735481,1.01152408,35069.7,0.0106425286163847
2023-11-05,1.01564703,2023-11-05,1.3140569,1.00658789,1.01095589,35025.5,-0.0012603472513308
2023-11-06,1.020943,2023-11-06,1.5032393,1.00963026,1.01513632,35057.4,0.0009107650140611
2023-11-07,1.02593402,2023-11-07,1.44709236,1.01166588,1.01623793,35406.5,0.009957954668629
2023-11-08,1.02706309,2023-11-08,1.50278093,1.01156837,1.02139126,35626.7,0.0062191970400913
2023-11-09,1.06159325,2023-11-09,1.26281049,1.02694437,1.03207035,36719.5,0.0306736239954865
2023-11-10,1.03623303,2023-11-10,1.50548188,1.01730028,1.02766993,37330.4,0.0166369367774616
2023-11-11,1.01780287,2023-11-11,1.38356631,1.00732333,1.01268687,37162.1,-0.0045083899449243
2023-11-12,1.01424442,2023-11-12,1.33657344,1.0057211,1.00994844,37085.5,-0.0020612398115283
2023-11-13,1.01753419,2023-11-13,1.54428765,1.00817677,1.01060855,36486.2,-0.0161599546992761
2023-11-14,1.01166722,2023-11-14,1.44225722,1.00456934,1.00583926,35559.0,-0.0254123476821372
2023-11-15,1.0272125,2023-11-15,1.40476279,1.01184284,1.01427066,37885.6,0.0654292865378665
2023-11-16,1.0278299,2023-11-16,1.42067693,1.01141973,1.01576184,36176.0,-0.0451253246616127
2023-11-17,1.0147682,2023-11-17,1.37394521,1.00731991,1.00871346,36621.9,0.0123258513931889
2023-11-18,1.0126675,2023-11-18,1.70731414,1.00596556,1.0056377,36580.9,-0.0011195486853494
2023-11-19,1.01466118,2023-11-19,1.59507451,1.00661066,1.00521542,37375.9,0.021732652832489
2023-11-20,1.02712657,2023-11-20,1.58979648,1.01158582,1.01890776,37462.5,0.0023170010621818
2023-11-21,1.03511634,2023-11-21,1.57296801,1.01524593,1.00868702,35737.0,-0.0460593927260594
2023-11-22,1.01501499,2023-11-22,1.21823982,1.00774439,1.00599938,37413.4,0.0469093656434507
2023-11-23,1.01538544,2023-11-23,1.50558254,1.00761348,1.01139703,37294.3,-0.0031833514195448
2023-11-24,1.01872036,2023-11-24,1.31572495,1.00820342,1.01485761,37706.3,0.0110472645953938
2023-11-25,1.01177038,2023-11-25,1.4029986,1.00483249,1.00766645,37766.6,0.0015992022553259
2023-11-26,1.01712515,2023-11-26,1.51872159,1.00533569,1.00661913,37437.9,-0.0087034575524403
2023-11-27,1.00624378,2023-11-27,1.35669583,1.00292486,1.00235781,37234.3,-0.0054383392230866
2023-11-28,1.0203909,2023-11-28,1.52072055,1.00972481,1.01031088,37812.1,0.0155179498473181
2023-11-29,1.02227974,2023-11-29,1.34683627,1.01027452,1.0176443,37837.1,0.0006611640189251
2023-11-30,1.0164853,2023-11-30,0.96830455,1.00720596,1.02069787,37716.8,-0.0031794191415303
2023-12-01,1.03554019,2023-12-01,1.6142655,1.01465224,1.02556107,38660.0,0.0250074237475077
2023-12-02,1.02113056,2023-12-02,1.89234647,1.0087314,1.00841673,39435.0,0.0200465597516812
2023-12-03,1.02643289,2023-12-03,1.51376205,1.00954613,1.0198371,39979.7,0.0138126030176237
2023-12-04,1.06273438,2023-12-04,1.64414414,1.0280911,1.0464861,41993.1,0.0503605579831765
2023-12-05,1.04742975,2023-12-05,1.51738035,1.02265038,1.03452082,44081.7,0.0497367424648333
2023-12-06,1.06697198,2023-12-06,1.52951822,1.0329328,1.04334443,43774.8,-0.0069620726968332
2023-12-07,1.03713856,2023-12-07,1.76105538,1.01927654,1.0250092,43296.0,-0.0109377998300392
2023-12-08,1.03255731,2023-12-08,1.49577554,1.01336734,1.02011536,44209.5,0.0210989467849223
2023-12-09,1.03711116,2023-12-09,1.71619363,1.01473748,1.01631946,43734.3,-0.0107488209547721
2023-12-10,1.01820693,2023-12-10,1.58787028,1.00851034,1.00824534,43810.0,0.0017309068625768
2023-12-11,1.01683262,2023-12-11,1.74250707,1.00802763,0.99977704,41271.0,-0.0579548048390778
2023-12-12,1.04419964,2023-12-12,1.89940767,1.02195954,1.00745719,41515.0,0.00591214169756
2023-12-13,1.02151387,2023-12-13,1.58530087,1.00884447,1.01038346,42875.0,0.0327592436468746
2023-12-14,1.0264825,2023-12-14,1.58515991,1.01231036,1.02029504,43032.4,0.003671137026239
2023-12-15,1.03860939,2023-12-15,1.80308097,1.01986876,1.01136461,41968.0,-0.0247348509495171
2023-12-16,1.0248784,2023-12-16,1.49397971,1.0120706,1.00593568,42287.4,0.007610560426992
2023-12-17,1.00757544,2023-12-17,1.6052504,1.00420403,1.00239731,41396.5,-0.0210677412184244
2023-12-18,1.02988007,2023-12-18,2.07723036,1.01452137,1.00558818,42671.7,0.0308045366154143
2023-12-19,1.03219031,2023-12-19,1.50205733,1.01757352,1.02023374,42298.3,-0.008750530210889
2023-12-20,1.04149042,2023-12-20,1.63107866,1.01899738,1.01805637,43708.9,0.0333488579919287
2023-12-21,1.02566342,2023-12-21,1.58563406,1.01320092,1.01583627,43896.3,0.004287456330404
2023-12-22,1.02756563,2023-12-22,1.42516873,1.01363235,1.0114693,43999.2,0.0023441611251973
2023-12-23,1.02615577,2023-12-23,1.95089232,1.01326207,1.00670822,43725.2,-0.0062273859524718
2023-12-24,1.04932432,2023-12-24,3.01631387,1.02166034,1.00756926,43008.4,-0.0163932926550363
2023-12-25,1.01407221,2023-12-25,1.83836131,1.00729341,1.00276443,43611.9,0.0140321425581979
2023-12-26,1.03423361,2023-12-26,1.76764182,1.01768045,1.02934744,42538.5,-0.0246125484099524
2023-12-27,1.08138133,2023-12-27,2.43356004,1.04048978,1.00695486,43453.8,0.0215169787369089
2023-12-28,1.01953529,2023-12-28,1.54804173,1.01094672,1.01038691,42600.1,-0.019646152925636
2023-12-29,1.03034723,2023-12-29,1.11064269,1.01660749,1.02447754,42095.1,-0.0118544322665908
2023-12-30,1.01836311,2023-12-30,2.48232788,1.00849441,1.00162973,42174.2,0.0018790785625879
2023-12-31,1.01976257,2023-12-31,1.59626963,1.00999837,1.01206719,42314.0,0.0033148228063604
2024-01-01,1.01554726,2024-01-01,1.56572578,1.00782216,1.00784411,44230.2,0.0452852483811503
2024-01-02,1.04903214,2024-01-02,1.65179681,1.02406615,1.03096385,44979.8,0.0169476963703534
2024-01-03,1.02725475,2024-01-03,1.84008344,1.01304428,1.00591393,42849.5,-0.0473612599433523
2024-01-04,1.13706661,2024-01-04,1.51769054,1.07690441,1.01803013,44143.8,0.0302057200200702
2024-01-05,1.03150246,2024-01-05,1.4960974,1.01627231,1.01312134,44145.4,3.6245180523586384e-05
2024-01-06,1.01413387,2024-01-06,1.70296438,1.00769396,1.00745214,43956.7,-0.0042745110475838
2024-01-07,1.01419572,2024-01-07,1.61861499,1.00752441,1.00687073,43916.9,-0.0009054364863603
2024-01-08,1.03251747,2024-01-08,1.66691347,1.01630673,1.02225957,46972.7,0.0695814139886921
2024-01-09,1.04881371,2024-01-09,1.77826878,1.01935606,1.02875687,46114.0,-0.0182808312062111
2024-01-10,1.02893168,2024-01-10,1.68650628,1.00947085,1.01677484,46662.9,0.0119031096846944
2024-01-11,1.04048469,2024-01-11,1.84743871,1.01603564,1.02330558,46337.8,-0.0069669909071231
2024-01-12,1.00386987,2024-01-12,1.50219184,1.00076999,0.99555664,42788.9,-0.0765875807655952
2024-01-13,1.00093355,2024-01-13,1.81399627,1.00034534,0.99042878,42846.4,0.0013438064544777
2024-01-14,1.00548819,2024-01-14,2.02843535,1.0022667,0.99238396,41734.9,-0.0259415026700026
2024-01-15,1.00725182,2024-01-15,1.61477806,1.00337447,0.99692245,42515.0,0.018691790324165
2024-01-16,1.11650217,2024-01-16,4.06974689,1.05499141,0.99798433,43133.0,0.0145360461013759
2024-01-17,1.01095397,2024-01-17,1.28887257,1.00366353,0.99681327,42783.4,-0.0081051631001785
2024-01-18,1.04738871,2024-01-18,1.57298915,1.01911818,1.0340797,41323.1,-0.034132397144687
2024-01-19,1.01395264,2024-01-19,1.48874947,1.00521704,0.9959031,41662.2,0.0082060639206642
2024-01-20,1.00478488,2024-01-20,1.53896521,1.00208582,0.99903871,41691.8,0.0007104761630447
2024-01-21,1.00481432,2024-01-21,1.74614456,1.00183942,0.99905871,41580.0,-0.0026815824694544
2024-01-22,1.00097657,2024-01-22,1.25198746,1.00009704,0.98928209,39567.0,-0.0484126984126984
2024-01-23,1.00331974,2024-01-23,1.27590464,1.00162694,0.9906396,39890.0,0.0081633684636186
2024-01-24,1.04828439,2024-01-24,1.86160539,1.01908673,0.99337214,40078.7,0.0047305088994735
2024-01-25,1.02058239,2024-01-25,1.55122955,1.00828334,1.0042055,39953.3,-0.0031288439994309
2024-01-26,1.01400431,2024-01-26,1.17125851,1.00673724,1.00846774,41806.4,0.0463816505770486
2024-01-27,1.01759708,2024-01-27,1.81841517,1.00658163,1.00709598,42102.2,0.0070754716981131
2024-01-28,1.0136141,2024-01-28,1.52798685,1.00732892,1.00809567,42021.2,-0.0019238899629948
2024-01-29,1.01623692,2024-01-29,1.16558084,1.00877546,1.01192542,43287.7,0.0301395486087974
2024-01-30,1.04794777,2024-01-30,1.54736829,1.02344555,1.01845422,42918.3,-0.0085336019238719
2024-01-31,1.03195127,2024-01-31,1.6906304,1.01162695,1.01692116,42560.5,-0.00833677009574
2024-02-01,1.00529961,2024-02-01,1.3267542,1.00234006,0.99886382,43072.6,0.0120322834553165
2024-02-02,1.01490915,2024-02-02,1.50530098,1.00704582,1.00511274,43182.0,0.0025398977540247
2024-02-03,1.00645794,2024-02-03,1.60954286,1.00260678,1.00308973,42992.4,-0.00439071835487
2024-02-04,1.00868653,2024-02-04,1.65865597,1.004114,1.00012102,42570.3,-0.0098180143467216
2024-02-05,1.01504907,2024-02-05,1.66615802,1.00680822,1.00190083,42692.9,0.0028799421192708
2024-02-06,1.03097173,2024-02-06,2.46728322,1.01422027,1.0036901,43079.1,0.0090460006230543
2024-02-07,1.02009739,2024-02-07,1.66563356,1.0087759,1.00895024,44326.2,0.0289490727522161
2024-02-08,1.03300081,2024-02-08,1.5619539,1.01440204,1.02469769,45269.1,0.021271843740271
2024-02-09,1.03752585,2024-02-09,1.49655103,1.01729852,1.02949342,47116.1,0.0408004577073544
2024-02-10,1.02775155,2024-02-10,1.77740245,1.01205002,1.01360637,47732.6,0.0130846992853823
2024-02-11,1.03160663,2024-02-11,1.81518212,1.01327654,1.0190231,48303.4,0.0119582842753172
2024-02-12,1.05053441,2024-02-12,1.47861832,1.02302093,1.03914673,49943.6,0.0339562018408641
2024-02-13,1.030592,2024-02-13,1.43506568,1.0140407,1.0238768,49696.4,-0.0049495831297703
2024-02-14,1.07923618,2024-02-14,1.79167135,1.03885194,1.04408697,51823.2,0.0427958564403054
2024-02-15,1.04300326,2024-02-15,1.71002496,1.01990084,1.02882137,51898.5,0.0014530171814941
2024-02-16,1.03375608,2024-02-16,1.72464605,1.01510503,1.0147872,52148.6,0.0048190217443664
2024-02-17,1.02611752,2024-02-17,1.85851846,1.01054207,1.01244098,51679.4,-0.0089973652216933
2024-02-18,1.02595785,2024-02-18,2.01096311,1.01320976,1.01704617,52175.9,0.0096073096823878
2024-02-19,1.08891681,2024-02-19,3.85309588,1.03581714,1.02301603,51813.8,-0.0069399857022111
2024-02-20,1.02168344,2024-02-20,1.59242099,1.00885463,1.01275128,52297.4,0.0093334208261119
2024-02-21,1.02784505,2024-02-21,1.33198848,1.01154629,1.01981237,51877.8,-0.0080233434166898
2024-02-22,1.04257368,2024-02-22,2.21261164,1.01909895,1.02190146,51316.9,-0.0108119465358978
2024-02-23,1.04768726,2024-02-23,1.62311324,1.02122626,1.01079386,50771.9,-0.0106202829866963
2024-02-24,1.01831326,2024-02-24,2.0364122,1.00937513,1.00823791,51602.1,0.0163515645465306
2024-02-25,1.02567971,2024-02-25,2.17144836,1.00904725,1.01093569,51764.9,0.0031549103621753
2024-02-26,1.04493037,2024-02-26,1.89062688,1.0209095,1.02553037,54511.6,0.0530610510210585
2024-02-27,1.08395934,2024-02-27,1.99098777,1.03591634,1.06376534,57074.5,0.0470156810660482
2024-02-28,1.16962451,2024-02-28,2.17695694,1.07580632,1.11426419,62487.9,0.0948479618743922
2024-02-29,1.08619301,2024-02-29,2.10838404,1.03298639,1.05695532,61203.3,-0.0205575799474777
2024-03-01,1.10804287,2024-03-01,3.00919739,1.04534897,1.0382318,62430.6,0.0200528402880235
2024-03-02,1.03224138,2024-03-02,1.90555069,1.01240894,1.01733019,62039.9,-0.0062581490487035
2024-03-03,1.03920698,2024-03-03,2.27058073,1.01610934,1.02020884,63178.5,0.0183527052751535
2024-03-04,1.10204666,2024-03-04,2.04922562,1.04344659,1.06815143,68296.4,0.0810069881367869
2024-03-05,1.11601473,2024-03-05,2.22791556,1.03878962,1.05426805,63747.4,-0.0666067318335957
2024-03-06,1.20097307,2024-03-06,2.5409015,1.08778683,1.04603907,66128.1,0.0373458368498167
2024-03-07,1.11384928,2024-03-07,2.93727858,1.04605412,1.05079881,66870.0,0.0112191337721785
2024-03-08,1.09567721,2024-03-08,2.56306334,1.03916948,1.05277382,68180.2,0.0195932406161207
2024-03-09,1.05997681,2024-03-09,2.46046072,1.02231025,1.03560371,68360.1,0.0026385959560109
2024-03-10,1.06115548,2024-03-10,3.07717625,1.02352003,1.02041739,69001.8,0.0093870547292937
2024-03-11,1.11988938,2024-03-11,2.33161298,1.04857771,1.08656586,72153.8,0.0456799677689567
2024-03-12,1.07988679,2024-03-12,2.36475424,1.02755138,1.05248222,71503.2,-0.0090168501173881
2024-03-13,1.22105844,2024-03-13,2.66885494,1.08662577,1.20478559,73127.6,0.0227178643753007
2024-03-14,1.06491442,2024-03-14,3.54294243,1.02503548,1.02081195,71455.5,-0.0228655117903501
2024-03-15,1.02562252,2024-03-15,2.36843381,1.0109388,1.0011478,69552.2,-0.0266361581683706
2024-03-16,1.025457,2024-03-16,2.54415373,1.00998901,1.00674976,65351.0,-0.0604035530148578
2024-03-17,1.06833447,2024-03-17,5.63247406,1.03006275,0.99836189,68447.9,0.047388716316506
2024-03-18,1.03406464,2024-03-18,1.9477617,1.01562476,1.01624303,67660.0,-0.0115109448208052
2024-03-19,0.99335397,2024-03-19,1.80842266,0.99644323,0.9807046,61974.1,-0.0840363582618977
2024-03-20,1.01588155,2024-03-20,1.77538386,1.0068059,0.99969735,67876.4,0.0952381720751087
2024-03-21,1.04597215,2024-03-21,1.80026987,1.02429282,1.02112405,65539.9,-0.0344228627328496
2024-03-22,1.05072833,2024-03-22,5.51467337,1.02256494,0.99893511,63826.0,-0.0261504823779101
2024-03-23,1.35287113,2024-03-23,5.56868227,1.13243021,1.00693781,64020.3,0.0030442139566948
2024-03-24,1.03622414,2024-03-24,3.56963977,1.01458664,1.00905756,67260.9,0.0506183195017828
2024-03-25,1.16338772,2024-03-25,2.22829424,1.06655228,1.04229058,69920.5,0.0395415464259325
2024-03-26,1.02215917,2024-03-26,2.46012258,1.01179687,1.00773388,70044.1,0.0017677219127438
2024-03-27,1.02748324,2024-03-27,2.22615026,1.01201677,1.01245537,69532.6,-0.0073025422555218
2024-03-28,1.077319,2024-03-28,4.62095689,1.03461634,1.02571836,70838.7,0.018783994845583
2024-03-29,1.02141812,2024-03-29,2.52936367,1.00849243,1.00717544,69903.6,-0.0132004116394003
2024-03-30,1.02387026,2024-03-30,2.03139205,1.01103041,1.01276712,69642.1,-0.0037408659925954
2024-03-31,1.02498278,2024-03-31,2.06554337,1.0129104,1.00918313,71363.0,0.0247106276232336
2024-04-01,1.07730566,2024-04-01,2.6547969,1.03299329,0.99354681,69700.0,-0.0233033925143281
2024-04-02,1.0531702,2024-04-02,2.65363415,1.02238426,0.99042349,65505.3,-0.0601822094691534
2024-04-03,1.02774315,2024-04-03,2.3271682,1.0128083,1.00487851,65971.9,0.0071230877501513
2024-04-04,1.01804278,2024-04-04,2.19447652,1.00933464,1.00651929,68489.9,0.0381677653667698
2024-04-05,1.01289404,2024-04-05,2.23908432,1.0052344,1.0042531,67825.7,-0.0096977802566509
2024-04-06,1.03329705,2024-04-06,2.96998758,1.01374801,1.01810639,68901.6,0.0158627187039721
2024-04-07,1.02326608,2024-04-07,3.01814144,1.00992803,1.00921654,69362.7,0.0066921522867391
2024-04-08,1.04476526,2024-04-08,2.19178097,1.01800665,1.03254725,71678.4,0.0333853785968538
2024-04-09,1.02382141,2024-04-09,1.75814692,1.01064457,1.01134219,69189.3,-0.0347259425433602
2024-04-10,1.01591505,2024-04-10,2.04707979,1.00736954,1.0040084,70681.7,0.0215698092046023
2024-04-11,1.02678068,2024-04-11,2.27100595,1.01077588,1.01295587,70055.7,-0.0088566064483451
2024-04-12,1.02269652,2024-04-12,2.91423517,1.01069441,1.01002645,67136.4,-0.0416711274029094
2024-04-13,0.99274487,2024-04-13,2.49820605,0.99677456,0.98075702,63939.7,-0.0476150046770454
2024-04-14,1.00024572,2024-04-14,2.35956287,0.99988866,0.98441597,65615.9,0.026215324751289
2024-04-15,1.01255986,2024-04-15,1.81590519,1.00483754,0.99985571,63392.7,-0.0338820316417209
2024-04-16,1.01970355,2024-04-16,2.93830317,1.0067485,0.98796535,63765.0,0.005872915966665
2024-04-17,0.99760621,2024-04-17,2.4335001,0.99872388,0.98471613,61254.5,-0.039371128361954
2024-04-18,1.02378815,2024-04-18,1.95741028,1.00928146,0.98948061,63445.0,0.0357606379939432
2024-04-19,1.02765897,2024-04-19,2.51534471,1.01344343,1.00204626,63787.4,0.0053968003782804
2024-04-20,1.01214888,2024-04-20,2.07170719,1.0053097,1.00480674,64897.2,0.017398420377692
2024-04-21,1.0152832,2024-04-21,2.10268398,1.00736173,1.00877996,64912.6,0.0002372983734275
2024-04-22,1.02623503,2024-04-22,2.71877386,1.01258194,1.01190023,66778.0,0.0287371018877691
2024-04-23,1.01465709,2024-04-23,2.27700189,1.00675886,1.00126624,66386.3,-0.0058657042738625
2024-04-24,1.11265739,2024-04-24,2.30295124,1.05646613,1.00794193,64250.0,-0.0321798322846732
2024-04-25,1.00962857,2024-04-25,2.13201848,1.00495612,0.99520297,64478.8,0.0035610894941635
2024-04-26,1.00484959,2024-04-26,1.91825519,1.00237801,0.99566629,63748.8,-0.0113215506492055
2024-04-27,1.01724321,2024-04-27,3.21036756,1.00713729,0.99780019,63421.0,-0.0051420575759857
2024-04-28,1.0376868,2024-04-28,3.10703996,1.01564947,1.00217087,63088.3,-0.0052458964696235
2024-04-29,1.01186133,2024-04-29,2.25219631,1.00570308,0.99560421,63842.4,0.0119530879735227
2024-04-30,1.01173792,2024-04-30,1.85332823,1.00426043,0.99602586,60651.2,-0.0499855895141787
2024-05-01,0.971602,2024-05-01,1.81530368,0.98657169,0.95995328,58307.6,-0.038640620465877
2024-05-02,0.99445952,2024-05-02,1.71232143,0.99729225,0.98566057,59036.7,0.0125043733578469
2024-05-03,1.01228965,2024-05-03,1.88534662,1.00711348,1.00212742,62853.7,0.0646546978404958
2024-05-04,1.02174872,2024-05-04,2.10627933,1.01120248,1.01256108,63864.2,0.0160770169457009
2024-05-05,1.01008112,2024-05-05,2.48228385,1.00608989,1.00508686,63988.0,0.0019384882297124
2024-05-06,1.02384362,2024-05-06,3.20723784,1.01193069,1.01010996,63142.8,-0.0132087266362442
2024-05-07,1.010455,2024-05-07,2.29161457,1.0053576,1.00222757,62296.0,-0.0134108718650424
2024-05-08,1.01995487,2024-05-08,2.20827573,1.0100287,1.01107912,61157.9,-0.0182692307692307
2024-05-09,1.0096189,2024-05-09,2.0541215,1.0044476,1.00146616,63050.1,0.0309395842564901
2024-05-10,1.0025519,2024-05-10,2.34820971,1.00086267,0.99501666,60778.1,-0.0360348357893167
2024-05-11,1.01200629,2024-05-11,2.21119299,1.0055037,0.99715199,60809.2,0.0005116974699768
2024-05-12,1.01831297,2024-05-12,2.69754326,1.00791614,1.00109426,61455.8,0.0106332594410056
2024-05-13,1.01897724,2024-05-13,1.99265329,1.00823057,1.00600675,62912.1,0.0236967055997967
2024-05-14,1.01559824,2024-05-14,2.39323019,1.00715102,1.00105691,61550.5,-0.0216428954048585
2024-05-15,1.07262571,2024-05-15,3.62961458,1.03218356,1.01410884,66175.4,0.0751399257520246
2024-05-16,1.03184895,2024-05-16,2.18892618,1.01336923,1.02227399,65217.7,-0.0144721452382606
2024-05-17,1.02687094,2024-05-17,2.71201283,1.01200192,1.01141527,66980.0,0.027021805430121
2024-05-18,1.01518813,2024-05-18,2.09569573,1.00635732,1.00476839,66884.9,-0.0014198268139744
2024-05-19,1.01791456,2024-05-19,2.55077863,1.00914816,1.00663586,66239.4,-0.0096509077534689
2024-05-20,1.04185569,2024-05-20,2.68286844,1.01704394,1.01901585,71466.5,0.0789122486012856
2024-05-21,1.04793733,2024-05-21,2.33543962,1.02333913,1.03119966,70168.8,-0.0181581580180923
2024-05-22,1.02732463,2024-05-22,2.89408037,1.0155128,1.01146487,69219.1,-0.0135345053642074
2024-05-23,1.02843714,2024-05-23,2.36372255,1.0147717,1.00434848,67999.9,-0.017613635542791
2024-05-24,1.01851117,2024-05-24,2.6672682,1.00993651,1.00346188,68584.1,0.0085911891046899
2024-05-25,1.0195358,2024-05-25,2.29646426,1.0101811,1.00961745,69314.4,0.0106482406272006
2024-05-26,1.02752156,2024-05-26,3.09585164,1.0118809,1.00226869,68524.3,-0.0113987858222821
2024-05-27,1.04313398,2024-05-27,2.623917,1.01930766,1.01175626,69461.6,0.0136783593557321
2024-05-28,1.30820609,2024-05-28,29.32583443,1.16605317,1.00721105,68440.5,-0.014700208460502
2024-05-29,1.01370119,2024-05-29,2.10476603,1.00599374,1.00074776,67686.7,-0.0110139464206135
2024-05-30,1.01602396,2024-05-30,2.28540334,1.00886589,1.00719198,68402.5,0.010575194240523
2024-05-31,1.01185082,2024-05-31,2.20572851,1.00578009,1.00113345,67577.9,-0.0120551149446292
2024-06-01,1.0125797,2024-06-01,2.10815188,1.00598338,1.00143446,67799.2,0.0032747392268774
2024-06-02,1.01697787,2024-06-02,2.58171621,1.00607547,1.00156872,67805.9,9.882122502924418e-05
2024-06-03,1.03711348,2024-06-03,2.1946935,1.01822814,1.01304095,68851.4,0.0154190122098518
2024-06-04,1.02979034,2024-06-04,2.31084801,1.01353804,1.01649142,70580.0,0.0251062433007898
2024-06-05,1.03179592,2024-06-05,2.78523742,1.01417146,1.01695533,71133.3,0.0078393312553131
2024-06-06,1.06497598,2024-06-06,2.63942613,1.03080335,1.01860886,70830.0,-0.0042638258031049
2024-06-07,1.03366098,2024-06-07,2.16423448,1.01597575,1.0083639,69377.0,-0.0205139065367782
2024-06-08,1.01431536,2024-06-08,3.10470188,1.00636937,0.99947334,69346.5,-0.000439626965709
2024-06-09,1.0192528,2024-06-09,2.41522399,1.00759579,1.00259054,69667.1,0.004623160505577
2024-06-10,1.01517613,2024-06-10,2.40310171,1.00737379,1.00380227,69558.7,-0.0015559711829544
2024-06-11,1.05521467,2024-06-11,3.6361032,1.02256828,0.99108866,67320.7,-0.032174264326389
2024-06-12,1.0277993,2024-06-12,1.99231654,1.01300877,1.0068337,68270.3,0.014105616845933
2024-06-13,1.00764606,2024-06-13,2.41172382,1.00352238,0.99845906,66786.9,-0.0217283357477557
2024-06-14,1.00699148,2024-06-14,2.09993453,1.00338791,0.99433219,66039.7,-0.0111878227616493
2024-06-15,1.01654192,2024-06-15,2.43841868,1.00822919,0.994608,66213.7,0.0026347787770084
2024-06-16,1.00815723,2024-06-16,2.40201248,1.00384849,1.00021189,66653.6,0.0066436402134302
2024-06-17,1.00796461,2024-06-17,2.55406406,1.00419511,0.99522004,66472.1,-0.002723033714608
2024-06-18,0.99831902,2024-06-18,2.23105827,0.99918707,0.98707341,65150.0,-0.0198895476448014
2024-06-19,1.0154377,2024-06-19,2.16011782,1.00776535,1.00672216,64933.6,-0.003321565617805
2024-06-20,1.00631773,2024-06-20,1.96331651,1.00309704,0.99733547,64854.0,-0.0012258676555743
2024-06-21,1.01744963,2024-06-21,2.79925421,1.00853356,0.99032708,64124.0,-0.0112560520553859
2024-06-22,1.14939468,2024-06-22,2.35929546,1.08127569,0.99847199,64240.0,0.0018089950720479
2024-06-23,1.00239347,2024-06-23,2.13702498,1.00112953,0.99279664,63194.9,-0.0162686799501867
2024-06-24,0.98652595,2024-06-24,2.02506282,0.99326957,0.96797037,60273.6,-0.0462268315955877
2024-06-25,0.99570669,2024-06-25,1.89866361,0.99773801,0.98716408,61777.8,0.0249561997292346
2024-06-26,1.00205628,2024-06-26,1.93000216,1.00085788,0.9867465,60860.1,-0.0148548507716365
2024-06-27,1.03867726,2024-06-27,2.41434425,1.01416527,0.98937461,61682.0,0.0135047428446553
2024-06-28,1.00397124,2024-06-28,1.98352631,1.00207664,0.9894098,60429.8,-0.0203008981550533
2024-06-29,1.0041108,2024-06-29,1.63682255,1.00203267,0.99686969,60982.4,0.0091444949346182
2024-06-30,1.01138089,2024-06-30,1.79280693,1.00580283,1.00160947,62766.0,0.0292477829668886
2024-07-01,1.02235223,2024-07-01,1.8034644,1.0124781,1.00793103,62883.6,0.0018736258483891
2024-07-02,1.00060325,2024-07-02,2.35593895,1.00020499,0.99287493,62123.6,-0.0120858220585335
2024-07-03,1.02827147,2024-07-03,4.24629537,1.01087834,0.98582961,60208.0,-0.0308353025259321
2024-07-04,1.00624557,2024-07-04,1.42611018,1.00285968,0.96655597,57045.9,-0.052519598724422
2024-07-05,0.99562237,2024-07-05,1.81842357,0.99733669,0.95707665,56604.9,-0.0077306169242662
2024-07-06,1.00192102,2024-07-06,2.25301844,1.00119273,0.99614539,58216.0,0.0284622002688812
2024-07-07,1.00782301,2024-07-07,1.67226476,1.00289673,0.99073321,55830.9,-0.0409698364710732
2024-07-08,0.97887612,2024-07-08,1.68823723,0.98983867,0.97499188,56686.4,0.0153230558704946
2024-07-09,1.02158307,2024-07-09,2.14917284,1.00894688,0.9958564,58023.2,0.0235823760196447
2024-07-10,1.01358054,2024-07-10,2.90725822,1.00601447,0.99665849,57707.0,-0.0054495443202029
2024-07-11,0.99912763,2024-07-11,2.1698532,0.99949351,0.99276817,57315.5,-0.0067842722719947
2024-07-12,1.00609948,2024-07-12,2.10211731,1.00281089,0.99217982,57870.0,0.0096745208538702
2024-07-13,1.01498201,2024-07-13,2.08794141,1.00616606,1.00451291,59174.0,0.022533264212891
2024-07-14,1.02222028,2024-07-14,2.93493811,1.00940813,1.01308148,60766.0,0.0269037077094669
2024-07-15,1.03949258,2024-07-15,1.91987481,1.01835671,1.02467642,64680.6,0.0644208932626797
2024-07-16,1.01986563,2024-07-16,2.05965519,1.00913503,1.01504446,65010.0,0.0050927171362047
2024-07-17,1.02878518,2024-07-17,2.31135218,1.01261712,1.01020002,64055.7,-0.0146792801107522
2024-07-18,1.03230945,2024-07-18,1.80291685,1.01698601,1.00325764,63959.9,-0.0014955733837893
2024-07-19,1.05723808,2024-07-19,2.36677442,1.02727843,1.0150866,66627.9,0.0417136362001815
2024-07-20,1.02630186,2024-07-20,2.3112512,1.01126885,1.01615504,67095.6,0.0070195818868674
2024-07-21,1.01845137,2024-07-21,2.19865239,1.00984987,1.01073691,68138.0,0.0155360411114886
2024-07-22,1.02445097,2024-07-22,2.21297229,1.01221997,1.01274466,67499.2,-0.0093750917256156
2024-07-23,1.06367919,2024-07-23,3.58029557,1.03115511,1.0040986,65916.4,-0.0234491668049399
2024-07-24,1.01316026,2024-07-24,2.02780076,1.00724999,1.00514271,65350.8,-0.0085805656862327
2024-07-25,1.00208074,2024-07-25,2.13018564,1.00131776,0.99355363,65773.0,0.0064605176983296
2024-07-26,1.0337347,2024-07-26,2.00295279,1.02151574,1.02535006,67882.5,0.0320724309367066
2024-07-27,1.03080039,2024-07-27,2.64082034,1.01423783,1.01485972,67873.8,-0.000128162633963
2024-07-28,1.01438824,2024-07-28,2.6018853,1.00637033,1.00088336,68215.5,0.0050343431486081
2024-07-29,1.02754999,2024-07-29,1.97345803,1.0160118,1.01772905,66750.0,-0.0214833872067198
2024-07-30,1.0073764,2024-07-30,1.31820982,1.00348761,0.98868467,66159.3,-0.0088494382022471
2024-07-31,1.00623818,2024-07-31,1.86404822,1.00185264,0.99890904,64601.8,-0.023541663832598
2024-08-01,1.00764981,2024-08-01,1.94336267,1.00412217,0.98198131,65328.9,0.0112551043469377
2024-08-02,1.00034349,2024-08-02,1.67907412,0.99980995,0.99008804,61483.7,-0.0588590960509055
2024-08-03,1.00084008,2024-08-03,2.69179781,1.00021143,0.98313837,60684.6,-0.0129969406525631
2024-08-04,0.99252288,2024-08-04,2.27236742,0.99646019,0.97768946,58144.5,-0.0418574069862864
2024-08-05,0.93938637,2024-08-05,1.8511964,0.97374852,0.90454048,54003.1,-0.0712259972998305
2024-08-06,0.98771989,2024-08-06,1.54629193,0.99432278,0.98391035,55991.2,0.0368145532386103
2024-08-07,1.00571918,2024-08-07,2.24652627,1.00249541,0.98775482,55102.9,-0.0158649930703395
2024-08-08,1.02279057,2024-08-08,1.68557592,1.01011157,1.01002967,61659.8,0.1189937371717277
2024-08-09,1.02359153,2024-08-09,1.76303509,1.01082893,1.01471105,60808.6,-0.0138047804241986
2024-08-10,1.04550571,2024-08-10,2.5593705,1.02521134,1.0017296,60889.9,0.0013369819400546
2024-08-11,1.00082327,2024-08-11,1.97665381,0.99953898,0.99560305,58693.1,-0.0360782330074446
2024-08-12,1.00466073,2024-08-12,1.43174649,1.00217953,0.99651919,59323.6,0.010742318943794
2024-08-13,0.99260118,2024-08-13,1.46486696,0.99665086,0.98340904,60550.5,0.0206814825802885
2024-08-14,0.99793374,2024-08-14,1.37778219,0.99897986,0.99322764,58648.1,-0.031418402820786
2024-08-15,0.99278902,2024-08-15,1.6475455,0.9963674,0.98398533,57511.0,-0.0193885223903246
2024-08-16,0.99908529,2024-08-16,1.55525999,0.99975207,0.99369723,58854.9,0.0233677035697519
2024-08-17,1.00114769,2024-08-17,1.63994586,1.00058487,0.99580757,59468.5,0.0104256400061846
2024-08-18,1.00864757,2024-08-18,1.83296439,1.00357512,1.00109031,58390.0,-0.0181356516475108
2024-08-19,0.9964228,2024-08-19,1.36671018,0.9985817,0.98976686,59398.5,0.0172717931152595
2024-08-20,1.00313828,2024-08-20,1.56107746,1.00114822,0.9963691,58982.9,-0.0069968096837461
2024-08-21,1.00742285,2024-08-21,1.45294333,1.00363318,0.99812224,61120.0,0.0362325351924031
2024-08-22,1.01253743,2024-08-22,1.60321445,1.00595894,1.00400112,60349.9,-0.0125998036649214
2024-08-23,1.0266731,2024-08-23,1.6649845,1.01120117,1.01170723,64019.9,0.0608120311715512
2024-08-24,1.03022964,2024-08-24,1.77747777,1.01488971,1.02477068,64116.5,0.0015089058245951
2024-08-25,1.01076647,2024-08-25,1.81355911,1.00430636,1.00534362,64190.2,0.001149470105199
2024-08-26,1.01869287,2024-08-26,1.52926873,1.00608928,1.00699547,62807.6,-0.021539113447224
2024-08-27,0.99524902,2024-08-27,1.00134851,0.99720617,0.99413857,59384.5,-0.0545013660767168
2024-08-28,0.9843011,2024-08-28,1.78920674,0.99411978,0.97507383,59010.0,-0.006306359403548
2024-08-29,1.03989655,2024-08-29,3.20225773,1.01916227,0.99304562,59323.2,0.0053075749872901
2024-08-30,0.99973212,2024-08-30,1.50470607,0.99990406,0.99307569,59096.3,-0.0038248105294386
2024-08-31,1.01023156,2024-08-31,2.43429943,1.00556169,0.99735184,58941.9,-0.0026126847196863
2024-09-01,0.9894557,2024-09-01,1.81651468,0.99697848,0.98486599,57268.1,-0.0283974557996943
2024-09-02,0.99536375,2024-09-02,1.42255388,0.99802557,0.99038648,59112.1,0.0321994269060785
2024-09-03,0.99556161,2024-09-03,1.339352,0.99753559,0.9899362,57451.9,-0.0280856203721403
2024-09-04,0.99799247,2024-09-04,1.75643735,0.99970848,0.98787671,57944.8,0.0085793507264337
2024-09-05,0.9893496,2024-09-05,1.41047364,0.99549859,0.98353941,56145.7,-0.0310485151385457
2024-09-06,0.98827368,2024-09-06,1.66132104,0.9940992,0.97342211,53927.7,-0.0395043609751057
2024-09-07,0.99036062,2024-09-07,1.4224488,0.99516568,0.98669887,54134.9,0.0038421812908766
2024-09-08,0.99365642,2024-09-08,1.43918569,0.99767988,0.99078757,54839.6,0.0130174804054314
2024-09-09,1.01802859,2024-09-09,2.02894308,1.00781844,0.99846949,57010.0,0.0395772398048126
2024-09-10,0.99749764,2024-09-10,1.34783445,0.99925971,0.99287199,57609.1,0.0105086826872478
2024-09-11,0.99508353,2024-09-11,1.28678513,0.99861551,0.99120661,57306.0,-0.0052613215620448
2024-09-12,1.00984067,2024-09-12,1.26961131,1.00423856,1.0063218,58097.0,0.0138030921718492
2024-09-13,1.02317517,2024-09-13,1.84294412,1.01035171,1.00457054,60456.2,0.0406079487753239
2024-09-14,1.00990844,2024-09-14,1.50927591,1.00414479,1.00476836,59964.0,-0.008141431317218
2024-09-15,1.00685787,2024-09-15,1.89870462,1.00318616,1.00101222,59100.5,-0.014400306850777
2024-09-16,1.00317007,2024-09-16,1.46097589,1.00138142,0.99346526,58187.0,-0.0154567220243483
2024-09-17,1.0163012,2024-09-17,1.43516503,1.00808507,1.00857197,60281.0,0.0359874198704177
2024-09-18,1.01725155,2024-09-18,1.48319102,1.00827551,1.00713374,61735.3,0.0241253462948525
2024-09-19,1.03236005,2024-09-19,1.58214502,1.0158423,1.0253798,62926.9,0.0193017609050252
2024-09-20,1.03459935,2024-09-20,1.64820058,1.0164896,1.01656393,63175.7,0.0039537940054252
2024-09-21,1.01933426,2024-09-21,1.62113709,1.01087844,1.00869583,63320.6,0.0022936033949763
2024-09-22,1.01119086,2024-09-22,1.57835066,1.00576566,1.00199615,63558.4,0.0037554918936333
2024-09-23,1.03342813,2024-09-23,1.37180684,1.01706268,1.00884482,63302.0,-0.0040340851877957
2024-09-24,1.01634763,2024-09-24,1.60485232,1.00738332,1.0085909,64243.1,0.0148668288521689
2024-09-25,1.03299306,2024-09-25,1.53438796,1.0162102,1.01233641,63118.4,-0.0175069384883356
2024-09-26,1.03125932,2024-09-26,1.73308262,1.01347822,1.01328358,65139.2,0.0320160206849349
2024-09-27,1.02726631,2024-09-27,1.36484078,1.01274241,1.0202418,65749.6,0.0093707015130675
2024-09-28,1.03528117,2024-09-28,1.81634955,1.01733807,1.02785837,65822.6,0.0011102729142078
2024-09-29,1.01214953,2024-09-29,1.99385064,1.00503719,1.00307576,65568.1,-0.003866453163503
2024-09-30,1.00408523,2024-09-30,1.45274365,1.00148293,0.99678299,63309.1,-0.0344527292997662
2024-10-01,1.00005236,2024-10-01,1.68875107,0.99990805,0.99427895,60776.8,-0.0399989890868768
2024-10-02,0.99227687,2024-10-02,1.15021371,0.99601153,0.98920684,60622.6,-0.0025371523344435
2024-10-03,0.99432214,2024-10-03,1.35297003,0.997456,0.98839924,60727.2,0.0017254291303903
2024-10-04,1.01509441,2024-10-04,1.81996175,1.00741021,1.00245244,62054.4,0.0218551159941509
2024-10-05,1.00862172,2024-10-05,2.06918999,1.00453397,1.0029966,62023.1,-0.0005043961427393
2024-10-06,1.00826044,2024-10-06,1.81469688,1.00384292,1.00219432,62789.3,0.0123534618553411
2024-10-07,1.01482084,2024-10-07,1.45466104,1.00624427,1.00984236,62190.7,-0.0095334714672723
2024-10-08,1.13508583,2024-10-08,1.75093987,1.08580272,0.99769669,62131.7,-0.0009486949013276
2024-10-09,1.00753794,2024-10-09,1.21214858,1.00391596,0.99618339,60606.4,-0.0245494650878697
2024-10-10,0.98526417,2024-10-10,1.00906383,0.99200544,0.98420404,60293.2,-0.0051677710604821
2024-10-11,1.07301286,2024-10-11,1.60294956,1.04331165,1.00612675,62509.0,0.0367504129818951
2024-10-12,1.04508281,2024-10-12,1.98436187,1.02124102,1.00739409,63176.0,0.0106704634532628
2024-10-13,1.01467854,2024-10-13,1.98832579,1.00825651,1.00070258,62839.8,-0.0053216411295428
2024-10-14,1.03084032,2024-10-14,1.43516384,1.01843981,1.01917478,66064.9,0.0513225694543901
2024-10-15,1.04701812,2024-10-15,2.18515646,1.02824333,1.02125332,67044.1,0.0148217888773012
2024-10-16,1.03442817,2024-10-16,1.70117584,1.01941485,1.02456201,67592.0,0.0081722329034172
2024-10-17,1.03131326,2024-10-17,1.81864061,1.01590344,1.01459925,67401.5,-0.0028183808734761
2024-10-18,1.02956591,2024-10-18,1.5818404,1.01714302,1.01750776,68407.8,0.0149299347937361
2024-10-19,1.03464789,2024-10-19,1.75779022,1.01694067,1.01153402,68357.1,-0.0007411435538052
2024-10-20,1.13517488,2024-10-20,1.94138894,1.0623487,1.00545088,69020.1,0.0096990656420474
2024-10-21,1.07629248,2024-10-21,2.35238142,1.04102905,1.01008562,67368.8,-0.023924914626319
2024-10-22,1.02061979,2024-10-22,1.79417474,1.00999888,1.0093646,67406.4,0.0005581218605643
2024-10-23,1.01454991,2024-10-23,2.0230236,1.00734792,1.00062962,66647.2,-0.0112630254693916
2024-10-24,1.02149565,2024-10-24,1.84799763,1.01205708,1.00997822,68173.8,0.0229056884610308
2024-10-25,1.02204984,2024-10-25,1.84230456,1.01183133,1.0082158,66662.8,-0.0221639398126552
2024-10-26,1.01445688,2024-10-26,1.77268975,1.00784241,1.00157237,67071.8,0.0061353558506394
2024-10-27,1.01611304,2024-10-27,1.93632497,1.00938913,1.00397948,67992.6,0.0137285714711696
2024-10-28,1.02974525,2024-10-28,1.55487468,1.01641118,1.01728336,69940.0,0.0286413521471453
2024-10-29,1.05484357,2024-10-29,1.62692384,1.02835654,1.03910771,72739.5,0.0400271661424078
2024-10-30,1.0313391,2024-10-30,1.77338925,1.01430231,1.01577482,72349.0,-0.0053684724255734
2024-10-31,1.01996788,2024-10-31,1.63375881,1.0102041,1.00922973,70321.9,-0.0280183554713956
2024-11-01,1.01868435,2024-11-01,1.52902209,1.00989987,1.00535702,69495.5,-0.0117516733762881
2024-11-02,1.02339775,2024-11-02,1.73284051,1.01182677,1.00239147,69366.6,-0.0018547963537206
2024-11-03,1.01019448,2024-11-03,1.94765798,1.00576674,0.99843451,68762.5,-0.0087088022189354
2024-11-04,1.02455761,2024-11-04,1.94063245,1.01172814,1.00686006,67834.3,-0.0134986366115251
2024-11-05,1.01893943,2024-11-05,1.360051,1.00998728,1.00706295,69353.1,0.0223898529210149
2024-11-06,1.07509907,2024-11-06,1.14920284,1.03935533,1.04520891,75579.9,0.0897840183063192
2024-11-07,1.04747471,2024-11-07,1.71115635,1.02396071,1.03364223,75859.4,0.0036980731649551
2024-11-08,1.0445334,2024-11-08,1.8119012,1.02256975,1.02560423,76482.2,0.0082099252037322
2024-11-09,1.02209469,2024-11-09,1.84415977,1.0115453,1.01215608,76675.1,0.0025221554819292
2024-11-10,1.06353736,2024-11-10,1.96820215,1.02761887,1.04197639,80410.0,0.0487107287763561
2024-11-11,1.09318651,2024-11-11,1.88434876,1.04290153,1.06224845,88728.9,0.103456037806243
2024-11-12,1.09449655,2024-11-12,1.98991776,1.04401035,1.05945433,87972.0,-0.008530478795522
2024-11-13,1.09802428,2024-11-13,2.4628167,1.04547514,1.05619231,90413.3,0.0277508752784978
2024-11-14,1.09805051,2024-11-14,1.68981268,1.05332132,1.03030721,87382.7,-0.0335194047778369
2024-11-15,1.07347681,2024-11-15,2.84882151,1.03996903,1.03000939,91074.6,0.0422497817073632
2024-11-16,1.05086123,2024-11-16,2.44033016,1.0252241,1.02484132,90643.3,-0.004735678224225
2024-11-17,1.03461053,2024-11-17,2.46125127,1.01738213,1.01171196,89899.9,-0.0082013783699402
2024-11-18,1.05188032,2024-11-18,2.08267717,1.03073239,1.02997939,90507.4,0.0067575158593058
2024-11-19,1.11955602,2024-11-19,2.29120742,1.05736856,1.0280537,92335.9,0.0202027679504659
2024-11-20,1.08756305,2024-11-20,2.05431551,1.0440552,1.03357045,94288.0,0.021141289574261
2024-11-21,1.14951853,2024-11-21,2.34237155,1.08115931,1.0966726,98366.8,0.0432589512981502
2024-11-22,1.10904041,2024-11-22,1.98193303,1.05270357,1.04014143,98921.4,0.005638081141198
2024-11-23,1.08294055,2024-11-23,2.26542975,1.04420868,1.04274913,97725.5,-0.0120893962277119
2024-11-24,1.04953384,2024-11-24,2.56045361,1.02685814,1.02407391,97960.4,0.0024036715084598
2024-11-25,1.0593623,2024-11-25,1.7884798,1.02838329,1.01445673,93064.0,-0.049983462705338
2024-11-26,1.03886265,2024-11-26,2.86203701,1.0199578,0.99957951,92021.4,-0.0112030430671367
2024-11-27,1.06534924,2024-11-27,3.13305731,1.03202228,1.02392819,95905.2,0.0422054000482496
2024-11-28,1.06379683,2024-11-28,4.22730432,1.03206473,1.01341224,95694.4,-0.0021980038621471
2024-11-29,1.05672302,2024-11-29,2.65674016,1.03206676,1.03329753,97516.3,0.019038731629019
2024-11-30,1.02986017,2024-11-30,2.39933262,1.01470008,1.00898831,96475.1,-0.0106771893519339
2024-12-01,1.0387318,2024-12-01,2.27225894,1.01862193,1.01437609,97265.1,0.0081886414214651
2024-12-02,1.06583058,2024-12-02,3.48976764,1.02773452,1.02584926,95890.5,-0.0141325100164396
2024-12-03,1.06557944,2024-12-03,3.94642787,1.02981056,1.01213122,95913.3,0.0002377712077838
2024-12-04,1.07114677,2024-12-04,1.90164038,1.03568709,1.04548375,98669.8,0.0287394970249172
2024-12-05,1.12828244,2024-12-05,1.83156215,1.06438015,1.0452228,97001.5,-0.0169079090055924
2024-12-06,1.10034084,2024-12-06,1.48509127,1.05501416,1.01895388,99802.5,0.0288758421261527
2024-12-07,1.03652594,2024-12-07,2.23790539,1.01857604,1.01093728,99899.2,0.0009689136043686
2024-12-08,1.03860687,2024-12-08,2.63790526,1.01697854,1.00973148,101200.0,0.0130211252942966
2024-12-09,1.12326676,2024-12-09,2.0295949,1.0655446,1.0789658,97349.1,-0.0380523715415018
2024-12-10,1.06714545,2024-12-10,1.98796691,1.03586865,1.05024031,96602.4,-0.0076703328536166
2024-12-11,1.07024524,2024-12-11,2.85452735,1.03555543,1.02115146,101115.3,0.0467162306526547
2024-12-12,1.04096658,2024-12-12,2.25094571,1.02274926,1.02384854,99982.4,-0.0112040413270791
2024-12-13,1.05107943,2024-12-13,2.29863249,1.02506656,1.01732895,101371.9,0.0138974459504872
2024-12-14,1.03827254,2024-12-14,3.00851005,1.01957462,1.01130072,101381.0,8.976846640940117e-05
2024-12-15,1.05777778,2024-12-15,1.83255704,1.03105922,1.01304013,104460.4,0.0303745277714757
2024-12-16,1.07709172,2024-12-16,2.22684158,1.04068527,1.04772291,106023.2,0.0149606932387775
2024-12-17,1.10469062,2024-12-17,1.8632355,1.05074041,1.0393955,106074.6,0.0004847995533054
2024-12-18,1.06722185,2024-12-18,2.93223146,1.0291056,1.01967014,100181.1,-0.0555599549750835
2024-12-19,1.11781681,2024-12-19,2.13361338,1.05607279,1.01315487,97434.4,-0.0274173471842494
2024-12-20,1.04177544,2024-12-20,2.8738654,1.02159401,1.00604316,97764.4,0.0033868941564785
2024-12-21,1.02206686,2024-12-21,2.43336897,1.01060295,1.00145357,97261.8,-0.0051409306455109
2024-12-22,1.02851894,2024-12-22,3.11683896,1.01372136,0.9957582,95153.5,-0.0216765472158648
2024-12-23,1.12878258,2024-12-23,2.14109833,1.07607612,1.04657558,94861.1,-0.0030729295296546
2024-12-24,1.07905141,2024-12-24,2.99724572,1.04162366,1.0079015,98627.2,0.0397012052358658
2024-12-25,1.02700467,2024-12-25,2.57009736,1.01201052,1.01216372,99379.7,0.0076297410856234
2024-12-26,1.02930517,2024-12-26,2.61095334,1.01519031,0.99962364,95751.0,-0.0365134931983091
2024-12-27,1.04917485,2024-12-27,4.57309579,1.02232255,0.9986801,94258.9,-0.015583127069169
2024-12-28,1.02333691,2024-12-28,2.81424747,1.00997531,0.99693409,95259.1,0.0106111995790318
2024-12-29,1.04593556,2024-12-29,4.30211175,1.01929742,1.00023432,93700.0,-0.0163669402713232
