h,l,t,c,o,open,low,high,close,volume
0.00257056,-0.02801456,1585612800,-0.02801456,0.00060455,6389.52,6320.0,6516.63,6407.1,262522.644
-0.02214161,-0.04545036,1585699200,-0.03637457,-0.02728137,6407.1,6140.0,6693.0,6641.51,390529.602
0.01069718,-0.03260675,1585785600,0.00529891,-0.03260675,6641.22,6542.73,7290.0,6791.63,531321.428
0.00810685,-0.02036349,1585872000,-0.0195717,0.00594207,6791.65,6600.0,7049.11,6729.8,411944.927
-0.00506528,-0.02344284,1585958400,-0.01078045,-0.02113321,6729.8,6629.99,7020.0,6851.1,319849.757
0.00947316,-0.00997679,1586044800,0.00189444,-0.00997679,6851.4,6668.02,6893.44,6768.9,239224.508
0.00631672,-0.00155694,1586131200,0.00207914,0.00200077,6768.9,6760.0,7370.0,7325.73,461331.013
0.00904828,-0.01149594,1586217600,-0.01118986,0.00290314,7325.73,7070.43,7457.0,7192.9,419572.04
0.00994218,-0.01159567,1586304000,0.00282435,-0.01159567,7192.9,7145.14,7417.83,7357.66,332599.575
0.00319208,-0.01748183,1586390400,-0.01243707,0.00319208,7357.15,7105.98,7365.69,7278.65,293638.581
-0.00508349,-0.0459925,1586476800,-0.04136114,-0.01274713,7278.83,6741.0,7290.0,6857.82,440148.453
-0.00017544,-0.04755904,1586563200,-0.01122489,-0.04145581,6858.0,6757.29,6944.28,6874.18,224157.844
-0.00850508,-0.02126031,1586649600,-0.01136307,-0.01255988,6874.17,6775.66,7173.98,6900.52,321594.822
-0.01143039,-0.06110639,1586736000,-0.03042993,-0.01143039,6900.19,6558.0,6900.99,6834.0,421954.773
-0.00547163,-0.03189113,1586822400,-0.01868701,-0.03189113,6834.01,6751.0,6975.6,6864.11,280445.427
-0.00906763,-0.02496374,1586908800,-0.02051479,-0.01626797,6864.11,6602.59,6929.0,6616.89,281136.689
0.00894656,-0.04384472,1586995200,0.00675828,-0.01702727,6616.88,6465.33,7190.92,7098.15,559868.603
0.00741358,-0.014311,1587081600,-0.005297,0.00741358,7098.15,6981.0,7140.0,7022.44,277339.601
-0.00325,-0.020346,1587168000,-0.017521,-0.00325,7022.0,7008.11,7290.0,7242.42,225807.171
0.01,-0.019053,1587254400,-0.004791,-0.019053,7242.49,7055.0,7258.42,7118.03,216975.114
0.01,-0.009796,1587340800,-0.009796,-0.00139,7118.04,6735.95,7208.55,6825.29,445104.981
-0.002336,-0.03969613,1587427200,-0.01532581,-0.009253,6825.28,6759.16,6940.0,6838.0,288024.528
-0.00699012,-0.02314361,1587513600,-0.00734469,-0.01694708,6838.0,6812.57,7154.9,7120.06,306482.163
0.00797955,-0.00764378,1587600000,0.00797955,-0.00764378,7120.06,7020.0,7802.38,7483.35,472510.047
0.01117415,0.00797955,1587686400,0.0104017,0.00797955,7483.36,7388.0,7612.91,7504.11,278378.368
0.0104017,-0.00452108,1587772800,-0.00452108,0.0104017,7504.62,7433.0,7722.33,7534.01,243266.807
0.00597494,-0.00711971,1587859200,-0.00228177,-0.00498242,7534.01,7476.86,7709.57,7694.17,269921.936
0.00478909,-0.01241325,1587945600,-0.01087813,-0.00158839,7693.63,7623.98,7795.6,7774.0,290336.169
0.00903354,-0.01151081,1588032000,-0.010091,-0.0104883,7774.0,7662.49,7780.0,7735.75,217652.761
0.00936168,-0.01238886,1588118400,0.00936168,-0.00995277,7735.76,7710.0,8988.66,8784.2,871197.569
0.03612116,0.00883881,1588204800,0.01316312,0.00883881,8784.05,8400.0,9479.77,8624.76,944211.711
0.01671841,0.00951712,1588291200,0.00951712,0.01242721,8623.61,8619.84,9065.0,8830.52,417820.386
0.01037164,0.00682237,1588377600,0.00814121,0.00990989,8830.52,8755.01,9020.0,8975.18,295769.728
0.01373801,0.00294027,1588464000,0.00344475,0.00887191,8975.18,8727.24,9200.0,8900.0,451322.713
0.00776491,-0.00046167,1588550400,0.00606921,0.00333705,8899.99,8526.0,8954.94,8873.98,440135.307
0.01470645,0.00184746,1588636800,0.00245218,0.00664704,8873.99,8766.12,9118.17,9022.78,409920.13
0.01543958,-0.00121604,1588723200,0.00904387,0.00278157,9022.76,8916.01,9405.0,9148.27,507753.8
0.01058304,0.00574572,1588809600,0.01037619,0.0075598,9148.29,9022.0,10080.0,9995.0,738920.219
0.02552029,0.0123268,1588896000,0.01765017,0.0123268,9994.74,9726.0,10045.03,9807.49,458034.211
0.03340493,0.01657012,1588982400,0.01927453,0.01657012,9809.63,9528.23,9923.98,9550.67,411941.957
0.0204624,-0.02439176,1589068800,0.00240603,0.0204624,9550.25,7940.0,9580.0,8719.53,842909.031
0.01019404,-0.01821634,1589155200,-0.01781987,0.0025756,8723.23,8151.12,9164.0,8561.09,805164.964
0.00769432,-0.01906191,1589241600,-0.00663946,-0.01880905,8560.73,8520.43,8981.0,8808.71,369716.041
0.00377095,-0.01529719,1589328000,-0.00079142,-0.00667555,8808.71,8790.04,9397.0,9305.91,379719.0
0.01185034,-0.00285975,1589414400,0.01066972,-0.00096869,9305.91,9250.66,9950.0,9786.8,602528.438
0.01215914,0.00751439,1589500800,0.01121844,0.01061042,9787.62,9100.0,9843.5,9310.73,504107.096
0.01116346,0.00761805,1589587200,0.00872275,0.01060955,9311.21,9210.03,9585.0,9374.99,287768.201
0.01842386,0.00534587,1589673600,0.01836358,0.00763335,9374.99,9317.16,9880.0,9678.57,300859.34
0.0234658,0.0056823,1589760000,0.00812559,0.01796894,9677.31,9450.0,9958.67,9731.1,363732.37
0.01060049,0.00801426,1589846400,0.01051397,0.00801426,9731.11,9462.0,9900.0,9773.64,376313.845
0.01370857,0.00130272,1589932800,0.00130272,0.0102412,9772.66,9281.42,9838.0,9508.11,334423.59
0.01198091,0.00068372,1590019200,0.00722572,0.00372564,9508.0,8812.2,9573.0,9060.0,461439.193
0.00730588,-0.00346452,1590105600,-0.00346452,0.00658543,9060.0,8920.0,9259.38,9166.4,276008.073
0.00669658,-0.00654328,1590192000,0.0046672,-0.00335174,9166.43,9076.9,9300.0,9176.41,201589.66
0.00841502,0.00373578,1590278400,0.00478694,0.00412995,9176.32,8674.0,9294.44,8711.37,339643.378
0.00288654,-0.01481522,1590364800,-0.00925776,0.00288654,8711.37,8623.38,8977.0,8895.65,302980.106
0.00613224,-0.00856546,1590451200,-0.00505859,-0.00856546,8895.66,8693.18,9011.82,8837.05,275619.158
0.00753382,-0.00757698,1590537600,0.00174022,-0.00588114,8837.88,8811.0,9230.0,9197.32,272253.998
0.00884204,0.00156963,1590624000,0.00806542,0.0028264,9197.32,9110.97,9621.65,9569.59,327412.374
0.01297998,0.00685663,1590710400,0.00948441,0.0076261,9569.58,9317.42,9598.0,9422.26,238691.299
0.01119372,0.00860217,1590796800,0.00924597,0.00889208,9422.11,9326.01,9753.0,9695.0,255234.058
0.01008631,0.00782808,1590883200,0.007932,0.00988978,9694.38,9371.76,9698.0,9446.43,219829.356
0.0106908,0.00590252,1590969600,0.00823663,0.00834766,9446.49,9420.85,10497.25,10232.48,333740.457
0.12015075,0.00911605,1591056000,0.00918676,0.03511316,10232.41,9264.15,10262.3,9514.9,354168.517
0.01161931,0.00412699,1591142400,0.00994868,0.01024733,9514.9,9382.33,9694.75,9663.59,185389.412
0.0115262,0.00771093,1591228800,0.00946146,0.00861614,9663.58,9440.0,9884.0,9788.33,264515.319
0.01198119,0.0068074,1591315200,0.00836559,0.00912305,9788.32,9580.52,9855.0,9617.29,237103.042
0.01207221,0.00683998,1591401600,0.0081934,0.0082299,9616.64,9528.0,9738.77,9664.0,152526.703
0.01139162,-0.01440389,1591488000,0.00799433,0.00804236,9664.01,9373.0,9823.13,9743.92,253986.313
0.01793752,0.00626895,1591574400,0.00848719,0.00747039,9743.92,9631.0,9816.0,9778.87,162086.419
0.01136249,0.00741198,1591660800,0.00862793,0.00899774,9778.87,9550.03,9890.0,9771.66,204422.819
0.01150998,0.00352045,1591747200,0.01011005,0.00889837,9771.66,9681.21,10015.99,9884.99,193628.149
0.01461615,-0.0070808,1591833600,-0.0070808,0.00983734,9884.99,9055.07,9970.1,9278.03,404046.613
0.00799733,-0.00940905,1591920000,0.00389615,-0.00698948,9277.72,9238.0,9550.0,9458.91,211611.34
0.00721404,-0.01343204,1592006400,-0.00380916,0.0047413,9458.77,9340.0,9497.85,9468.54,113449.075
0.0105476,0.00140993,1592092800,0.00979525,0.00140993,9468.55,9240.97,9477.0,9339.61,143978.523
0.0157586,-0.01250858,1592179200,-0.00103091,0.00909643,9339.7,8888.43,9490.83,9422.01,413865.727
0.01316964,-0.00240084,1592265600,-0.00212308,-0.00187076,9422.01,9370.0,9595.0,9519.12,225713.247
0.01017692,-0.00254388,1592352000,0.00597015,0.0015926,9519.13,9231.03,9569.0,9458.45,227477.39
0.00993631,0.00408881,1592438400,0.00651912,0.0053359,9458.45,9272.41,9483.85,9381.59,158349.247
0.01065144,0.00177463,1592524800,0.0078835,0.00610273,9381.99,9239.0,9453.0,9307.0,219510.059
0.0097864,0.00566377,1592611200,0.00590904,0.00835215,9307.0,9165.0,9394.29,9354.04,154462.29
0.01239177,0.00175106,1592697600,0.00951318,0.00489461,9353.84,9279.0,9420.47,9293.51,110599.558
0.01207212,0.00811581,1592784000,0.01165628,0.00992968,9293.39,9273.0,9795.0,9686.99,260561.647
0.02314008,0.00755957,1592870400,0.00853226,0.01111819,9686.99,9585.0,9723.23,9631.66,164673.499
0.01464788,-0.00270451,1592956800,0.00213721,0.00929298,9631.65,9210.0,9678.0,9298.4,300450.251
0.00967679,0.00202752,1593043200,0.00731428,0.00202752,9298.78,9005.0,9350.9,9246.75,272566.502
0.01244503,0.00546149,1593129600,0.00741782,0.008121,9246.75,9038.52,9297.16,9159.99,249348.67
0.00919784,-0.01729646,1593216000,-0.00834247,0.00683408,9159.99,8816.4,9195.75,9008.0,237840.165
0.00736701,-0.00701239,1593302400,0.00652218,-0.00701239,9008.0,8932.68,9188.0,9114.0,153842.891
0.00904895,0.00539095,1593388800,0.00736481,0.00677285,9114.01,9022.0,9233.0,9189.48,176660.525
0.00954805,-0.01108004,1593475200,-0.00890262,0.00762281,9189.99,9063.97,9205.0,9138.87,143469.832
0.01097055,-0.00004757,1593561600,0.00428603,-0.00004757,9138.88,9090.0,9293.0,9233.29,161642.185
0.01003121,-0.00845067,1593648000,-0.0039768,0.00709201,9233.29,8936.0,9262.99,9087.72,230747.519
0.00896477,-0.01031168,1593734400,-0.00653356,-0.00031208,9087.72,9036.06,9124.52,9057.52,96947.338
0.00973878,-0.00094754,1593820800,0.00894816,-0.00094754,9058.07,9042.84,9194.0,9137.18,100215.438
0.00924384,-0.00124025,1593907200,0.00586076,0.00924384,9137.18,8900.0,9146.35,9071.86,139545.566
0.01056347,0.00759809,1593993600,0.00966206,0.00759809,9071.87,9058.1,9379.0,9339.6,199643.828
0.01020626,0.00364748,1594080000,0.00670048,0.00991404,9339.59,9201.23,9380.0,9258.51,127833.975
0.02342398,0.00565087,1594166400,0.00920418,0.00731651,9258.51,9233.47,9470.0,9436.08,170243.001
0.01185123,0.00533073,1594252800,0.00572449,0.00868445,9436.08,9164.33,9440.81,9236.28,188355.856
0.01099984,0.00536556,1594339200,0.00802723,0.00794711,9236.29,9121.42,9317.24,9288.39,140849.874
0.01013233,0.00000786,1594425600,0.00000786,0.00831191,9288.39,9178.91,9301.74,9233.5,74976.521
0.01061508,0.00117724,1594512000,0.01058412,0.00117724,9233.5,9155.0,9349.0,9300.69,127841.882
0.01204748,0.00436932,1594598400,0.00895729,0.01008627,9300.7,9200.0,9345.0,9241.2,136117.659
0.01172247,0.00776632,1594684800,0.00834544,0.0091539,9241.18,9116.0,9279.0,9254.17,129704.278
0.01337436,0.00785396,1594771200,0.00988858,0.0086054,9254.17,9156.0,9272.56,9197.3,104107.708
0.01162707,0.00606155,1594857600,0.00713026,0.00954704,9197.75,9044.02,9223.0,9132.0,148089.45
0.01151981,-0.00737009,1594944000,-0.00737009,0.00833142,9132.0,9087.0,9187.0,9151.69,80940.584
0.00926109,-0.00385086,1595030400,0.00400495,0.00214924,9151.7,9121.98,9210.0,9171.8,63233.596
0.01070879,0.00319165,1595116800,0.01070879,0.00577368,9171.79,9108.0,9239.59,9210.51,75554.579
0.01281023,0.00622886,1595203200,0.00747893,0.01033911,9210.68,9131.01,9221.0,9161.13,72429.691
0.01103098,0.00224922,1595289600,0.00807208,0.00750234,9161.28,9152.62,9439.6,9388.01,179211.347
0.01115055,-0.00388294,1595376000,0.00444106,0.00820542,9388.0,9272.0,9543.0,9518.25,126598.902
0.01489493,0.0023037,1595462400,0.0045141,0.00393802,9518.25,9439.86,9678.32,9604.41,166990.147
0.01196899,-0.00437042,1595548800,0.00941078,0.00317962,9604.41,9470.0,9650.0,9539.7,133975.068
0.01424098,0.00650315,1595635200,0.0122128,0.00864228,9539.7,9526.31,9735.1,9701.49,133377.589
0.06823189,0.0105958,1595721600,0.02220136,0.01134742,9701.54,9655.2,10300.0,9939.69,261998.786
0.08842842,0.0193699,1595808000,0.04382808,0.0193699,9939.68,9928.61,11488.0,11047.58,744752.4
0.10517141,0.03416067,1595894400,0.03416067,0.0691994,11047.58,10580.0,11270.0,10919.94,499486.679
0.07922116,0.02535476,1595980800,0.02762626,0.03433175,10919.94,10844.34,11364.8,11113.03,356188.761
0.07831286,0.0225609,1596067200,0.05110144,0.02678943,11113.01,10826.55,11195.52,11111.96,230327.988
0.05939334,0.01308207,1596153600,0.02601799,0.05819289,11111.97,10971.78,11450.42,11343.68,307399.731
0.08258409,0.02015555,1596240000,0.08258409,0.0302894,11343.67,11201.0,11887.45,11811.42,386322.642
0.08048809,0.01500298,1596326400,0.01546266,0.0716174,11811.43,10490.0,12154.25,11079.72,492803.351
0.04980508,0.0141806,1596412800,0.0141806,0.01831076,11080.7,10923.0,11483.0,11227.07,238654.591
0.03007771,0.01158883,1596499200,0.01158883,0.01356431,11227.07,11025.0,11427.38,11200.05,200044.934
0.0185125,0.01079363,1596585600,0.01705354,0.01079363,11200.06,11103.0,11798.56,11752.5,263510.011
0.01958504,0.01409505,1596672000,0.01409505,0.01818739,11752.5,11571.78,11916.02,11770.56,236459.595
0.01581462,-0.01676426,1596758400,-0.01269364,0.01379125,11769.97,11318.93,11920.0,11596.06,273935.127
0.01375781,-0.00867491,1596844800,0.01375781,-0.00867491,11596.26,11513.69,11819.0,11765.72,154707.303
0.02020492,0.00964217,1596931200,0.01004259,0.0122707,11765.72,11526.9,11811.0,11685.99,125463.463
0.07747275,0.00970874,1597017600,0.01493889,0.00970874,11685.99,11384.9,12100.0,11896.89,290418.014
0.03103691,0.01043397,1597104000,0.01043397,0.01298572,11896.86,11127.0,11944.0,11392.64,336861.638
0.0118864,0.0089462,1597190400,0.01133014,0.01005626,11392.64,11140.0,11630.0,11568.36,213799.491
0.01590692,0.009777,1597276800,0.01333333,0.01119229,11568.37,11272.0,11798.0,11790.0,248214.725
0.0425214,0.01079542,1597363200,0.01096895,0.01751582,11790.0,11644.6,11868.42,11767.89,159019.959
0.04129972,0.00999325,1597449600,0.02031251,0.00999325,11767.89,11682.0,11993.58,11859.04,222262.987
0.05210491,0.01274025,1597536000,0.01905454,0.01918687,11858.91,11688.0,11945.0,11921.23,165733.721
0.09732816,0.01859151,1597622400,0.05665088,0.02255915,11921.32,11780.0,12499.42,12298.06,331435.112
0.05673482,0.02789208,1597708800,0.02789208,0.05176224,12298.06,11810.0,12403.0,11960.79,291349.888
0.03309603,0.01324203,1597795200,0.01530819,0.02609137,11962.03,11574.78,12037.05,11763.87,313267.066
0.018522,0.00844836,1597881600,0.00923794,0.01696522,11763.88,11676.03,11888.0,11857.92,130981.044
0.02978492,0.00948266,1597968000,0.01377347,0.00948266,11858.53,11491.0,11882.68,11538.53,195106.536
0.01770818,0.00879003,1598054400,0.00905406,0.01367102,11538.53,11385.06,11689.08,11670.47,126696.73
0.01239781,0.00913733,1598140800,0.01075946,0.00913733,11670.48,11522.15,11724.0,11654.0,95608.033
0.01209871,0.00925026,1598227200,0.00996953,0.01034484,11654.0,11595.0,11831.96,11753.3,108781.125
0.01846816,0.0023047,1598313600,0.0023047,0.00943275,11753.29,11130.0,11770.0,11327.17,267234.771
0.01340597,0.00065883,1598400000,0.00896121,0.00065883,11327.18,11255.95,11548.68,11466.22,170305.024
0.01771904,0.00854694,1598486400,0.00889635,0.00890731,11466.22,11130.82,11593.0,11335.53,253778.342
0.01288991,0.00775474,1598572800,0.00832407,0.01111479,11335.83,11283.19,11544.88,11526.85,129477.627
0.01139975,0.008055,1598659200,0.00943505,0.008055,11526.85,11419.34,11582.0,11466.66,83715.229
0.01500008,0.00987508,1598745600,0.01226498,0.00987508,11466.27,11457.88,11724.12,11714.14,113266.672
0.01632676,0.01025062,1598832000,0.01040801,0.01362587,11714.13,11575.78,11784.21,11658.11,127272.378
0.04221825,0.01027304,1598918400,0.03218749,0.01027304,11658.11,11531.34,12061.07,11930.18,211680.828
0.04440571,0.01241133,1599004800,0.01241133,0.03634079,11930.17,11156.0,11961.0,11396.96,280411.964
0.01456051,-0.02026442,1599091200,-0.01536588,0.01125666,11396.44,9901.16,11475.0,10141.08,487812.737
0.00592323,-0.05930251,1599177600,-0.01450755,-0.05456556,10141.4,9878.65,10635.77,10448.0,432563.841
0.00999617,-0.00890179,1599264000,-0.00716975,-0.00890179,10448.0,9808.58,10567.87,10168.71,399307.282
0.00695596,-0.00877636,1599350400,0.0006533,0.00154139,10168.23,10003.0,10348.97,10258.13,190207.654
0.00891046,0.00178483,1599436800,0.00852528,0.00178483,10258.13,9879.68,10420.55,10378.76,258476.949
0.01091898,-0.00907324,1599523200,0.0043678,0.00800058,10379.3,9842.01,10443.79,10129.02,317802.322
0.01067508,0.00188831,1599609600,0.00800033,0.00839097,10130.0,9981.13,10346.0,10219.29,151222.689
0.00852566,-0.00765771,1599696000,-0.00753102,0.00605164,10219.29,10211.67,10484.6,10335.91,187667.873
0.00972701,-0.00515792,1599782400,0.00724772,-0.00515792,10335.91,10200.8,10397.85,10387.81,135929.303
0.01011332,-0.01159061,1599868800,0.00724028,0.00518171,10387.81,10271.0,10477.7,10438.28,97429.037
0.00884035,-0.02216216,1599955200,-0.01864812,0.00361329,10438.29,10209.01,10580.0,10327.72,159021.843
0.00512075,-0.01780489,1600041600,-0.01328712,-0.01512888,10327.72,10241.57,10746.06,10664.1,205260.236
0.00374752,-0.02054016,1600128000,-0.00835446,-0.00978782,10664.1,10592.0,10923.42,10776.78,247657.23
0.00658316,-0.01828968,1600214400,0.0027142,-0.00777182,10776.88,10661.9,11089.08,10948.17,252881.019
0.01017791,-0.00788304,1600300800,-0.00384011,0.00040868,10948.16,10740.0,11040.0,10935.33,186484.361
0.00980496,-0.02178775,1600387200,-0.0170885,0.00002656,10935.97,10810.1,11035.0,10926.29,136028.351
0.00841069,-0.01664317,1600473600,-0.00114157,-0.01193353,10926.3,10880.0,11177.0,11073.74,126239.232
0.00569003,-0.0138502,1600560000,-0.00749229,0.00150293,11073.2,10751.0,11073.9,10914.28,150450.562
0.01122267,-0.03604188,1600646400,-0.01951369,-0.00677653,10915.52,10281.0,10980.69,10414.73,333047.145
0.00625934,-0.01579417,1600732800,-0.00244675,-0.01579417,10414.73,10353.1,10574.08,10523.32,179900.686
0.00304827,-0.01094463,1600819200,-0.0077785,-0.00721666,10523.32,10132.21,10531.94,10237.91,203027.542
0.00668791,-0.00715889,1600905600,0.00070928,-0.00296818,10237.91,10191.0,10837.27,10724.92,241646.573
0.00970774,-0.00598132,1600992000,-0.00379549,-0.00085436,10724.91,10551.56,10754.29,10683.51,170930.773
0.0097944,-0.00421812,1601078400,-0.00219456,0.00266141,10683.5,10642.23,10827.8,10726.5,109340.491
0.00890115,-0.00053921,1601164800,0.00569485,-0.00053921,10726.5,10584.0,10793.5,10768.0,123440.716
0.0143128,0.00773246,1601251200,0.00841844,0.00841087,10768.0,10627.19,11024.0,10691.45,187105.377
0.01011889,0.00431193,1601337600,0.00938511,0.00875815,10691.94,10631.49,10863.94,10836.98,146888.319
0.01128951,-0.01123763,1601424000,0.00547109,0.00962826,10836.99,10660.05,10845.99,10773.0,132834.116
0.01583056,-0.00522703,1601510400,-0.00429073,0.00624841,10773.0,10442.0,10935.14,10612.63,253619.622
0.00155863,-0.02643805,1601596800,0.00122722,-0.00491065,10612.62,10371.03,10660.0,10565.15,224747.037
-0.00011164,-0.01415205,1601683200,-0.00959635,-0.00570061,10565.44,10491.11,10596.0,10537.96,76315.911
0.00673333,-0.02047986,1601769600,0.00504123,-0.0099526,10537.96,10514.0,10694.0,10660.16,90912.105
0.00458185,-0.00988402,1601856000,-0.00988402,0.00352333,10660.16,10608.9,10792.0,10785.0,130589.137
0.00924808,-0.0119871,1601942400,-0.00838445,-0.0119871,10784.99,10510.66,10792.0,10593.65,184895.25
0.00668872,-0.01918061,1602028800,0.00156199,-0.01040733,10593.65,10540.29,10675.0,10658.75,106700.522
0.01060514,-0.00424544,1602115200,0.00803944,0.00379482,10658.75,10523.0,10958.0,10919.45,207938.861
0.01423859,0.00445346,1602201600,0.01055574,0.00730427,10919.45,10818.44,11110.0,11050.47,154336.818
0.01725562,0.00498437,1602288000,0.00840228,0.00954993,11050.46,11050.46,11494.0,11294.79,199398.012
0.01513179,0.00857678,1602374400,0.00897418,0.00962061,11294.78,11273.77,11450.73,11369.59,146323.076
0.01334631,0.00324551,1602460800,0.01334631,0.00906702,11369.59,11157.0,11732.0,11530.36,254217.203
0.01295628,0.00154437,1602547200,0.00154437,0.01229459,11530.37,11308.0,11562.0,11419.36,199115.115
0.00993465,-0.00785315,1602633600,-0.00199895,0.00413691,11419.36,11280.5,11550.0,11417.13,192936.97
0.009793,0.00108763,1602720000,0.00717282,0.00108763,11417.12,11250.0,11649.48,11502.0,215260.399
0.00891328,-0.00738572,1602806400,-0.00596489,0.00831189,11502.0,11175.0,11538.92,11318.92,212339.085
0.00768423,-0.01056125,1602892800,-0.01000948,-0.00744606,11319.51,11250.0,11424.09,11356.25,95892.966
0.00724015,-0.01416696,1602979200,0.00158743,-0.00939455,11356.25,11342.54,11529.93,11501.1,92472.191
0.00905208,-0.00470203,1603065600,-0.00291386,0.00286549,11501.5,11404.01,11830.0,11745.0,230161.648
0.00754128,-0.00491707,1603152000,-0.00323217,-0.00000767,11744.99,11673.0,12045.78,11900.03,312811.802
0.01416333,-0.00312706,1603238400,0.00856111,-0.00312706,11900.03,11876.0,13240.0,12796.07,591963.069
0.0185251,0.00387843,1603324800,0.0092899,0.0095711,12796.06,12675.5,13188.27,12968.87,343851.666
0.03348551,0.00687509,1603411200,0.00764836,0.00944797,12970.39,12725.04,13043.0,12925.82,237042.526
0.01543762,0.0074733,1603497600,0.0082956,0.0074733,12925.82,12871.07,13177.59,13110.88,176146.631
0.01670802,0.00822348,1603584000,0.00938071,0.00880555,13110.88,12715.0,13369.0,13023.81,206012.652
0.0155578,-0.00056505,1603670400,0.00100733,0.00956228,13024.21,12729.0,13240.0,13047.24,316503.296
0.01502253,0.00022337,1603756800,0.00022337,0.00268664,13047.24,13041.3,13787.83,13629.38,411509.506
0.01466463,-0.01192395,1603843200,-0.01192395,-0.00076484,13629.89,12876.0,13863.0,13256.17,476993.789
-0.01658884,-0.01785411,1603929600,-0.01785411,-0.01658884,13255.79,12965.0,13637.22,13446.65,355352.336
0.00399808,-0.00812722,1604016000,-0.00812722,0.00399808,13446.65,13100.0,13665.65,13549.12,349890.573
0.01084886,-0.00801265,1604102400,-0.00260208,-0.00801265,13549.12,13403.36,14140.0,13783.73,357853.23
0.00484522,-0.00547952,1604188800,0.00351723,-0.00247761,13783.73,13605.9,13891.52,13752.86,198395.231
0.00650916,-0.00554932,1604275200,0.00066747,0.00350035,13752.87,13195.0,13823.75,13540.54,327991.768
0.00786328,-0.01157634,1604361600,-0.01036113,-0.00152514,13541.55,13276.33,14070.0,14016.55,348730.51
0.01376376,-0.00551088,1604448000,0.01134439,-0.00129683,14016.55,13512.0,14280.0,14134.31,451433.42
0.0162337,-0.00801394,1604534400,0.00895354,0.00762062,14134.32,14088.01,15777.0,15598.75,717489.697
0.04791127,0.0075505,1604620800,0.02973974,0.0075505,15598.74,15177.0,15984.2,15590.96,559380.06
0.05753087,0.02386938,1604707200,0.02720785,0.02386938,15590.95,14350.0,15774.0,14824.34,457582.681
0.02481729,0.00684953,1604793600,0.01900189,0.02481729,14824.33,14710.0,15678.0,15473.2,290616.393
0.03399005,0.00515997,1604880000,0.0057961,0.03075945,15473.2,14822.0,15869.0,15328.72,474181.983
0.01503854,0.00744052,1604966400,0.01052725,0.00744052,15328.72,15071.0,15474.17,15294.68,244073.495
0.02105306,0.00992827,1605052800,0.01196221,0.01003529,15294.68,15274.89,16000.0,15690.24,330772.852
0.02010215,0.00901839,1605139200,0.01156784,0.01220127,15690.24,15437.7,16345.0,16289.02,471759.126
0.01365903,0.00703828,1605225600,0.0082702,0.01320132,16289.01,15955.6,16479.99,16320.54,306656.359
0.01058296,0.00070632,1605312000,0.00229592,0.00812291,16320.54,15700.0,16326.82,16064.51,266206.937
0.00963634,0.00202957,1605398400,0.00963634,0.00202957,16064.51,15768.0,16161.23,15952.27,210318.453
0.02628811,0.00843274,1605484800,0.02452759,0.00967445,15951.93,15862.0,16882.0,16707.07,342459.329
0.0188315,0.004212,1605571200,0.00903384,0.0133949,16707.0,16550.0,17890.1,17670.01,524094.697
0.02311016,0.00899876,1605657600,0.02048972,0.01048375,17670.01,17215.03,18520.0,17788.32,732937.097
0.04047367,0.01961756,1605744000,0.0323551,0.02113005,17788.32,17347.27,18200.0,17811.68,406500.977
0.05270153,0.02266369,1605830400,0.03537921,0.03074794,17811.68,17748.92,18831.6,18664.31,407926.802
0.05265645,0.02025629,1605916800,0.05014232,0.03482806,18662.85,18302.08,18986.0,18721.99,342412.49
0.08543264,0.05059697,1606003200,0.08543264,0.05059697,18721.99,17645.98,18780.0,18435.2,373779.417
0.10743449,0.09108787,1606089600,0.09264782,0.09482572,18434.17,18013.97,18812.65,18382.07,364221.378
0.09153882,0.06101772,1606176000,0.06101772,0.07192645,18382.07,18000.0,19440.0,19179.64,477968.289
0.06064464,0.02819442,1606262400,0.03557351,0.06064464,19178.53,18509.12,19554.19,18741.67,426276.99
0.03886355,0.01224211,1606348800,0.01662733,0.03639302,18741.66,16181.0,18940.69,17155.34,850692.856
0.01588264,0.00685537,1606435200,0.01042601,0.01588264,17155.37,16444.83,17465.0,17144.1,398072.933
0.01443692,0.00474207,1606521600,0.00647315,0.01152244,17144.11,16865.78,17880.0,17717.74,268833.749
0.01399977,0.007178,1606608000,0.00969204,0.00796642,17717.74,17523.0,18343.0,18181.09,256024.006
0.05564676,0.00703792,1606694400,0.05029778,0.00936665,18180.43,18178.82,19944.0,19720.0,500482.574
0.07711006,0.02413693,1606780800,0.02413693,0.04981385,19722.09,18050.0,19956.0,18772.7,553885.333
0.02312388,0.00804817,1606867200,0.01426263,0.02312388,18770.33,18329.58,19365.0,19207.01,335717.482
0.02705409,0.00870064,1606953600,0.02224517,0.01269029,19207.01,18865.0,19640.0,19434.3,245020.576
0.02164619,0.00588167,1607040000,0.00726311,0.02164619,19432.66,18570.0,19537.16,18664.2,276271.939
0.01146865,0.00575231,1607126400,0.0094773,0.00611025,18662.72,18510.0,19203.46,19147.62,165912.647
0.01240085,0.0076756,1607212800,0.00967118,0.00955148,19147.63,18855.35,19449.1,19375.02,176004.606
0.01914966,0.00834331,1607299200,0.00898835,0.01432154,19375.0,18908.66,19446.36,19172.88,169402.371
0.01178716,0.00607267,1607385600,0.00626813,0.00947455,19172.87,18133.33,19319.38,18319.32,280714.132
0.00726989,0.0013119,1607472000,0.0034678,0.00467577,18319.33,17650.0,18639.7,18537.98,353123.689
0.01109197,0.002733,1607558400,0.01101106,0.002733,18537.97,17916.0,18550.0,18253.51,233960.241
0.01025103,0.00471038,1607644800,0.00644941,0.01025103,18254.0,17555.0,18290.44,18031.47,317866.07
0.00676707,0.00083856,1607731200,0.00422448,0.00676707,18031.71,18012.21,18950.0,18800.0,196962.282
0.02133151,-0.00234721,1607817600,0.0201749,0.00386172,18800.0,18705.46,19432.0,19175.07,239760.089
0.02129943,0.00925736,1607904000,0.01002396,0.0206056,19175.06,19004.72,19355.35,19270.7,181555.823
0.01498343,0.00562736,1607990400,0.00646421,0.01043777,19270.71,19039.64,19598.0,19424.91,248744.054
0.03195401,0.0062463,1608076800,0.02593257,0.0062463,19424.9,19274.55,21600.0,21346.8,459302.012
0.07031651,0.02249691,1608163200,0.03878515,0.02697271,21346.81,21231.5,23888.04,22816.99,823435.821
0.05945129,0.02251256,1608249600,0.03780776,0.03872795,22816.99,22363.94,23330.0,23124.35,305997.222
0.06043514,0.00908955,1608336000,0.05663255,0.03877851,23124.35,22735.81,24281.61,23847.28,337535.438
0.06047963,0.03270514,1608422400,0.04571637,0.05203313,23847.28,23076.25,24376.0,23472.96,322289.774
0.04813829,0.0083618,1608508800,0.00971783,0.04014475,23472.96,21920.0,24145.0,22730.1,476456.589
0.02227534,0.00748741,1608595200,0.0187003,0.00937882,22736.05,22387.0,23850.0,23826.99,326124.313
0.03384841,0.0134026,1608681600,0.01781609,0.01634231,23826.74,22572.52,24235.42,23238.27,394754.939
0.02006926,0.00548222,1608768000,0.01726481,0.01826669,23237.73,22700.0,23819.81,23737.44,237754.257
0.05396041,0.01679524,1608854400,0.04995957,0.01721656,23738.75,23450.0,24827.64,24730.0,284523.431
0.05069713,0.03092488,1608940800,0.04209157,0.05069713,24729.99,24507.24,26926.0,26508.83,367265.555
0.08905742,0.0375157,1609027200,0.06592139,0.0375157,26508.84,25850.0,28459.84,26305.64,540264.148
0.06503152,0.03918567,1609113600,0.05874087,0.06414642,26301.76,26117.1,27538.82,27102.66,267563.468
0.05754768,0.02810142,1609200000,0.02852675,0.05754768,27101.45,25913.01,27441.73,27402.83,260759.449
0.08659679,0.0297363,1609286400,0.04616218,0.0297363,27402.83,27401.0,29063.72,28906.99,374737.655
0.04770105,0.01187611,1609372800,0.01194267,0.04770105,28906.99,27848.0,29376.7,28951.68,313648.835
0.02062697,0.00313455,1609459200,0.01171634,0.0101903,28948.19,28627.12,29668.86,29337.16,210716.398
0.11089435,0.00730455,1609545600,0.08285485,0.01191607,29337.15,28958.24,33480.0,32199.91,545541.08
0.09306321,0.07157342,1609632000,0.09306321,0.07770822,32198.41,32000.02,34832.25,33054.53,487486.989
0.15049457,0.03019868,1609718400,0.03646376,0.09267328,33053.93,27800.0,33653.56,32031.07,506128.023
0.05108997,0.02230411,1609804800,0.05108997,0.04390053,32029.55,29900.0,34500.0,33999.52,433720.833
0.11467298,0.05113751,1609891200,0.0718351,0.05113751,33999.51,33356.46,37037.51,36823.68,444019.83
0.10017221,0.06231508,1609977600,0.09762636,0.07392952,36825.77,36337.36,40565.62,39498.92,520147.908
0.11908043,0.03500673,1610064000,0.07091269,0.09240694,39498.32,36539.77,42125.51,40637.23,518080.826
0.0677372,0.0246523,1610150400,0.06011917,0.0677372,40638.91,38733.28,41539.88,40136.04,260882.805
0.11456087,0.02887948,1610236800,0.0443303,0.0563617,40136.05,35268.0,41412.12,38221.67,436759.048
0.11112322,0.05090608,1610323200,0.06227941,0.05090608,38200.01,30448.0,38322.18,35408.46,906275.651
0.05982148,0.02024175,1610409600,0.04141342,0.05982148,35406.92,32600.0,36693.44,34056.9,449065.693
0.05485867,0.02344627,1610496000,0.04836656,0.04165709,34065.53,32420.0,37880.0,37421.07,398188.088
0.06657672,0.04569544,1610582400,0.06289306,0.04884059,37416.34,36764.33,40189.39,39163.31,353142.386
0.08794783,0.03831016,1610668800,0.03833145,0.05889835,39163.31,34478.0,39790.0,36755.24,437610.113
0.04690558,0.00453042,1610755200,0.0361055,0.03494209,36755.25,35366.0,38000.0,36025.66,301102.477
0.03566062,0.00824397,1610841600,0.02685226,0.03566062,36025.65,33863.5,36898.0,35869.83,287686.129
0.07773736,0.03064543,1610928000,0.06611207,0.03064543,35875.72,34808.47,37547.94,36686.86,253386.703
0.1106317,0.0434015,1611014400,0.07745391,0.07000603,36690.0,35850.0,37961.0,35891.03,257889.419
0.07415092,0.00646065,1611100800,0.0127613,0.07415092,35891.74,33403.0,36461.44,35500.0,329192.419
0.0240546,0.00885067,1611187200,0.00885067,0.01492429,35499.23,30069.9,35636.17,30879.97,550562.277
0.01323782,0.00226379,1611273600,0.00517045,0.01002235,30875.77,28880.0,33831.52,32986.34,453568.538
0.01235124,0.00461131,1611360000,0.0066303,0.00611173,32990.08,31405.0,33495.0,32086.48,256776.411
0.02245554,0.00671477,1611446400,0.01344232,0.00671477,32086.48,30914.2,33125.75,32275.63,212107.044
0.04763037,0.00727646,1611532800,0.02756335,0.01335525,32274.88,31921.47,34880.0,32253.68,316687.524
0.02221747,0.00327885,1611619200,0.00531478,0.02221747,32253.68,30810.0,32950.0,32474.14,346861.707
0.00620326,-0.00494144,1611705600,0.00024907,0.00514844,32474.81,29240.0,32562.2,30381.04,431022.839
0.01551971,-0.0052103,1611792000,0.00578533,-0.00119812,30382.96,29843.33,33778.95,33399.75,311528.373
0.13049307,0.00413445,1611878400,0.09481852,0.00659769,33399.99,31960.0,38641.1,34269.35,713579.785
0.09186442,0.01860756,1611964800,0.02137247,0.09186442,34267.04,32849.06,34988.88,34289.85,267861.872
0.02747654,0.01836364,1612051200,0.02244659,0.01966266,34284.76,32193.04,34393.22,33126.21,211293.891
0.04553876,0.01014795,1612137600,0.03973324,0.02131436,33125.11,32322.47,34720.0,33546.09,240632.325
0.08128827,0.02553019,1612224000,0.07417526,0.03956451,33546.08,33450.0,36041.0,35504.06,239856.23
0.071066,0.04527267,1612310400,0.05478065,0.071066,35504.07,35410.0,37700.0,37652.51,240308.078
0.07733511,0.03526186,1612396800,0.03696847,0.05582313,37651.92,36233.0,38833.0,36976.93,306715.022
0.06948714,0.02749701,1612483200,0.05174755,0.03791853,36975.19,36586.68,38411.82,38362.65,196277.444
0.09309585,0.03844995,1612569600,0.09309585,0.05705884,38357.17,38269.0,40992.4,39249.54,310826.315
0.11551171,0.05744132,1612656000,0.07546584,0.08720168,39249.53,37403.27,39757.87,38849.25,296721.925
0.15736961,0.04803523,1612742400,0.14246266,0.07576938,38849.24,38037.0,47146.0,46451.32,440167.093
0.20484747,0.12156482,1612828800,0.12156482,0.1436489,46451.32,45057.65,48266.36,46492.54,381477.426
0.14404667,0.07948937,1612915200,0.09104232,0.12086818,46492.53,43770.0,47475.0,44850.0,334979.017
0.12868729,0.05982639,1613001600,0.10982115,0.08869534,44850.0,44038.97,48810.0,48060.21,330540.045
0.12987029,0.08621548,1613088000,0.09887675,0.11393767,48060.21,46121.0,49278.98,47361.03,259186.288
0.12505304,0.05968916,1613174400,0.06166964,0.09399451,47364.0,46252.1,48290.0,47221.62,199965.397
0.15642931,0.06195008,1613260800,0.1523951,0.06431175,47221.63,47093.16,49875.16,48655.21,241935.666
0.14502592,0.05502318,1613347200,0.08850104,0.14502592,48655.21,45349.21,49100.0,47981.58,248960.404
0.15311556,0.08617502,1613433600,0.11427561,0.08617502,47981.6,47101.02,50953.44,49197.94,343592.011
0.17093969,0.09535314,1613520000,0.16379169,0.11692296,49197.93,49029.62,52800.0,52194.62,312007.458
0.15953365,0.11305378,1613606400,0.11379238,0.15824635,52194.62,50948.0,52640.0,51619.7,185489.89
0.11722374,0.08425851,1613692800,0.11472755,0.1116644,51612.46,50800.0,56582.0,56004.1,257911.872
0.10870724,0.0512968,1613779200,0.07970775,0.10870724,56005.85,53905.0,57699.0,55917.41,240296.308
0.11952394,0.06746768,1613865600,0.11539907,0.07749248,55908.45,55564.5,58472.14,57487.43,196820.573
0.10821456,0.06258064,1613952000,0.06258064,0.10821456,57475.5,47751.42,57591.87,54121.1,480660.187
0.0627282,0.01083507,1614038400,0.02020101,0.0627282,54125.55,44893.82,54260.12,48930.0,748737.462
0.03134928,0.00974616,1614124800,0.01263552,0.01991093,48930.01,47000.0,51435.58,49702.03,333415.219
0.02625508,0.00842407,1614211200,0.01844785,0.01097152,49702.05,46685.43,52134.96,47089.37,349943.016
0.02366754,0.0078138,1614297600,0.01762947,0.01889121,47087.97,44100.0,48438.01,46313.13,440670.32
0.03615047,0.00738844,1614384000,0.00738844,0.01958394,46313.12,44926.77,48476.05,46102.63,256027.074
0.0225257,0.00517695,1614470400,0.01659737,0.00893781,46097.09,43002.05,46678.0,45163.36,370358.825
0.01579015,0.00569344,1614556800,0.00916957,0.01579015,45162.64,44972.49,49800.0,49592.7,315659.931
0.02369019,0.00845213,1614643200,0.00921436,0.01230537,49594.99,47058.06,50221.77,48450.57,273100.435
0.0391928,0.00798827,1614729600,0.03181023,0.00798827,48454.21,48110.66,52681.51,50373.75,350311.234
0.03100175,0.00905943,1614816000,0.01699216,0.03100175,50373.75,47500.0,51800.0,48385.77,387428.957
0.02534841,0.0055573,1614902400,0.00922331,0.01591808,48385.77,46320.0,49470.0,48770.57,354602.756
0.01177269,0.00893158,1614988800,0.01177269,0.01079873,48772.68,47090.0,49253.63,48908.21,215092.91
0.05074484,0.00743525,1615075200,0.04609006,0.01111175,48908.21,48908.21,51480.0,50995.27,248398.116
0.05463411,0.03322377,1615161600,0.05463411,0.04867027,50991.35,49310.0,52450.0,52429.43,308339.866
0.0903526,0.05914314,1615248000,0.07970982,0.05914314,52429.43,51880.0,54950.0,54917.78,285604.798
0.13070055,0.06100404,1615334400,0.13070055,0.0785996,54917.78,53061.0,57500.92,55947.98,401159.493
0.12793195,0.0929572,1615420800,0.11206826,0.12793195,55949.3,54356.44,58283.0,57844.52,364681.318
0.1103326,0.05300927,1615507200,0.05415972,0.1103326,57842.64,55074.3,58186.33,57291.03,335495.042
0.15924384,0.0254282,1615593600,0.15634568,0.05700003,57291.04,56136.0,61950.0,61267.41,320322.173
0.15183049,0.09686739,1615680000,0.0979699,0.15183049,61267.41,59005.0,61798.0,59037.12,231991.901
0.11625934,0.00983133,1615766400,0.01183948,0.09512468,59037.11,54517.28,60740.0,55646.61,448820.83
0.02281768,0.0086561,1615852800,0.01803595,0.0141279,55646.61,53335.0,56988.0,56954.19,339718.202
0.02954251,0.0134818,1615939200,0.01390687,0.01631428,56953.23,54154.93,59078.79,58959.0,339397.712
0.05560621,0.0131315,1616025600,0.04716058,0.01429838,58959.01,57072.0,60510.0,57700.01,305100.026
0.04716058,0.04716058,1616112000,0.04716058,0.04716058,57700.01,56301.27,59550.0,58089.11,259039.479
0.04242101,0.01619353,1616198400,0.03714766,0.01619353,58089.11,57881.0,59948.0,58145.61,203680.149
0.05951501,0.01693992,1616284800,0.01891573,0.03523216,58144.44,55403.55,58638.7,57415.18,237518.696
0.04397844,0.01318982,1616371200,0.03616508,0.01707811,57415.19,53635.81,58500.0,54129.56,293062.947
0.034647,0.01067669,1616457600,0.01605227,0.03155994,54129.56,52981.4,55890.68,54400.0,276199.041
0.03153242,0.0137027,1616544000,0.02158483,0.01818166,54400.0,51666.0,57234.79,52311.54,394172.526
0.03412841,0.00161268,1616630400,0.00250168,0.02679496,52307.89,50452.08,53255.2,51325.21,416848.091
0.01186117,0.00433565,1616716800,0.00816206,0.00433565,51325.21,51260.0,55123.0,55030.0,271957.842
0.0134505,0.00254145,1616803200,0.01212606,0.00941197,55030.0,54001.0,56658.76,55828.0,234435.346
0.02004634,0.01128235,1616889600,0.0155569,0.0119041,55828.0,54694.91,56588.31,55805.08,200603.768
0.04978463,0.01533256,1616976000,0.04656427,0.01533256,55804.16,54931.15,58490.11,57677.64,277215.268
0.09457545,0.04218704,1617062400,0.09247296,0.04218704,57676.14,57110.0,59560.0,58794.16,232824.065
0.10533597,0.07816867,1617148800,0.07897405,0.09642916,58794.17,56812.0,59920.0,58807.24,337038.349
0.10907123,0.07974265,1617235200,0.0855601,0.07974265,58810.99,58002.0,59592.22,58794.01,196332.114
0.12529137,0.0688819,1617321600,0.12464056,0.08437035,58797.56,58490.03,60397.85,59031.36,189391.958
0.12286904,0.07667208,1617408000,0.10852696,0.12286904,59028.99,56900.0,59925.0,57134.65,198636.171
0.10148067,0.03774075,1617494400,0.03851592,0.10148067,57134.65,56517.23,58553.0,58234.61,152454.122
0.06155835,0.0324573,1617580800,0.06155835,0.03655618,58234.61,56808.94,59385.0,59243.39,174338.646
0.1141336,0.06036866,1617667200,0.10054009,0.06999923,59243.4,57500.0,59626.18,58059.99,165562.029
0.09554713,0.04307283,1617753600,0.04307283,0.09554713,58060.0,55536.07,58720.0,56018.18,265271.707
0.0439081,0.01421139,1617840000,0.01671633,0.0439081,56018.17,55759.13,58200.0,58122.26,161389.858
0.03002901,0.01469058,1617926400,0.02043657,0.01469058,58122.93,57700.0,58950.0,58176.03,141690.144
0.14935214,0.0195574,1618012800,0.14147406,0.0195574,58176.04,57943.95,61800.0,59832.43,240907.592
0.13901087,0.07443295,1618099200,0.09884296,0.13901087,59832.43,59304.02,60816.88,60090.2,148499.824
0.10927947,0.08824652,1618185600,0.09455016,0.09798748,60093.26,59500.0,61449.91,59911.18,196147.561
0.12124501,0.08248398,1618272000,0.11086046,0.09002223,59911.19,59873.01,63850.0,63649.71,279389.492
0.10768882,0.07797593,1618358400,0.09320808,0.10768882,63645.05,61404.0,64986.11,63019.1,323454.88
0.09178958,0.06168445,1618444800,0.06968247,0.09178958,63018.34,62157.89,63905.83,63232.55,178604.198
0.08312529,0.06606277,1618531200,0.07501234,0.06606277,63232.56,60100.0,63600.0,61424.67,255765.893
0.0777936,0.03036062,1618617600,0.03892874,0.0777936,61424.67,59620.0,62610.0,60090.14,194112.299
0.05621415,-0.01267936,1618704000,-0.01267936,0.04049993,60090.14,50050.0,60450.0,56140.05,522006.276
0.01291023,-0.00763475,1618790400,0.00758107,-0.00763475,56140.05,54200.0,57532.7,55634.39,285041.716
0.01458518,0.00181515,1618876800,0.01221282,0.00786257,55634.38,53330.82,57060.0,56410.56,324494.085
0.01955496,0.00457772,1618963200,0.00671195,0.0113059,56411.25,53610.0,56756.78,53800.0,252601.972
0.02248478,0.00657571,1619049600,0.01898236,0.00700469,53794.72,50534.34,55470.51,51714.61,453489.185
0.03029231,0.00059032,1619136000,0.01218166,0.01895601,51714.62,47546.16,52152.0,51122.62,554666.026
0.0142827,-0.00791636,1619222400,0.01136122,0.01110098,51122.63,48690.0,51183.51,50092.4,299663.131
0.01736545,0.00882778,1619308800,0.01095556,0.01171636,50094.27,46930.43,50577.9,49063.94,310306.501
0.01011747,-0.00093888,1619395200,0.00091082,0.01011747,49063.94,48763.0,54364.89,53984.33,390494.148
0.00763022,0.00134614,1619481600,0.0045821,0.00235545,53984.34,53225.14,55500.0,55006.25,225440.361
0.01188637,0.00462341,1619568000,0.00860017,0.00462341,55006.25,53852.0,56574.13,54861.77,263170.559
0.01148607,0.00763699,1619654400,0.01148607,0.00848551,54861.76,52350.0,55222.02,53558.8,257045.19
0.01747546,0.00787343,1619740800,0.00787343,0.01166728,53558.57,53043.62,57935.0,57684.16,294683.751
0.02030483,0.00783664,1619827200,0.01537621,0.00783664,57688.29,57051.23,58488.17,57836.34,207854.398
0.03655323,0.01546346,1619913600,0.03112155,0.01546346,57836.35,56100.0,57959.97,56630.33,203712.515
0.04649851,0.02531182,1620000000,0.04060871,0.03116492,56630.34,56500.65,59056.59,57214.83,271733.972
0.04348834,0.00996149,1620086400,0.01867663,0.04138623,57214.84,53094.59,57253.76,53263.32,388988.754
0.02726992,0.01175897,1620172800,0.01796214,0.01675841,53263.32,52880.38,57940.0,57497.77,317811.705
0.04230884,0.00646636,1620259200,0.04230884,0.0107519,57497.76,55297.91,58450.0,56435.35,275471.204
0.05407364,0.01380175,1620345600,0.01380175,0.04375402,56435.35,55300.0,58800.0,57350.88,256159.504
0.03631687,0.01274558,1620432000,0.03256472,0.01274558,57350.89,56961.25,59590.96,58924.98,264906.729
0.04633864,0.02473521,1620518400,0.03684302,0.02718771,58926.36,56316.0,59335.19,58292.53,245954.014
0.04792702,0.01489345,1620604800,0.04401131,0.03776504,58292.53,53250.0,59654.0,55869.67,396237.133
0.04827967,0.01505976,1620691200,0.01505976,0.04827967,55869.41,54541.33,56908.66,56710.43,267226.104
0.02802712,0.00921282,1620777600,0.01426528,0.01251558,56712.7,48503.74,58049.99,49595.76,472329.152
0.01882073,-0.01969407,1620864000,-0.01749429,0.01581323,49596.75,45596.32,51358.0,49707.9,652476.689
0.02335791,-0.01395401,1620950400,0.01378823,-0.01395401,49706.27,48870.41,51533.0,49873.27,319069.002
0.01452691,0.00586399,1621036800,0.0131168,0.01244302,49873.26,46584.32,50709.43,46793.41,442023.496
0.02102296,0.00955052,1621123200,0.01331056,0.0103817,46794.62,43866.0,49829.39,46429.28,604537.63
0.02638032,-0.00855422,1621209600,0.02575818,0.01909128,46429.28,42151.0,46655.0,43566.18,809129.365
0.02579949,0.0065274,1621296000,0.01053265,0.02579949,43565.11,42268.0,45846.61,42882.53,590358.592
0.02365216,-0.06315244,1621382400,-0.05600954,0.01037984,42882.54,28688.0,43615.93,36689.14,1373851.849
0.00117996,-0.14941233,1621468800,-0.01547557,-0.038291,36689.14,34882.0,42460.0,40500.3,775185.113
-0.00066707,-0.0323094,1621555200,-0.00793073,-0.01357375,40500.0,33400.0,42270.42,37211.02,930671.747
0.00749349,-0.02132229,1621641600,0.00749349,-0.00444542,37210.01,35201.11,38851.34,37432.58,588166.784
0.00772596,-0.01164144,1621728000,0.00021056,0.00653278,37436.0,31096.7,38261.71,34651.6,996815.017
0.00131678,-0.01544724,1621814400,-0.00159993,0.00131678,34656.53,34366.0,39917.09,38779.66,707903.071
0.00826956,-0.00075618,1621900800,0.00613269,-0.00075618,38783.58,36439.32,39790.05,38326.84,598836.411
0.01215295,-0.00108638,1621987200,0.00021451,0.0064487,38326.84,37804.76,40900.0,39224.2,577032.81
0.00974456,-0.01001016,1622073600,0.00613908,0.00041223,39224.21,37133.22,40438.82,38527.38,543338.566
0.00838474,-0.0075595,1622160000,-0.0075595,0.00652175,38527.38,34689.57,38888.35,35670.99,832363.425
0.01266688,-0.00474708,1622246400,0.0064603,-0.00474708,35670.99,33650.0,37375.0,34611.94,733902.825
0.00952224,-0.00008921,1622332800,0.00823639,0.00718745,34611.95,33356.0,36501.0,35651.81,511834.746
0.00867911,0.00331171,1622419200,0.00513952,0.00807674,35651.8,34150.0,37500.0,37243.38,635082.121
0.01167115,-0.00096488,1622505600,0.00465736,0.00603807,37244.36,35500.0,37893.76,36693.41,590822.54
0.00971393,0.00317254,1622592000,0.00839638,0.00502443,36694.37,35905.0,38232.99,37569.99,441719.806
0.00748175,-0.00114217,1622678400,0.00268002,0.00748175,37570.0,37150.15,39470.0,39247.4,507429.005
0.01199449,-0.00268917,1622764800,-0.00194025,0.00256184,39247.4,35552.51,39297.35,36828.03,700625.866
0.0049921,-0.00499609,1622851200,0.00005272,-0.00102422,36828.03,34800.0,37900.49,35498.62,631028.448
0.009711,0.00046107,1622937600,0.00743641,0.00046107,35497.93,35201.86,36521.16,35801.71,443601.064
0.00982971,0.00086713,1623024000,0.00086713,0.00776109,35801.71,33200.0,36820.0,33550.96,636735.873
0.00293492,-0.02917289,1623110400,0.00123672,0.00045177,33550.97,30969.0,34061.57,33372.58,976693.026
0.00376975,-0.02475877,1623196800,-0.0233782,0.00376975,33372.58,32390.0,37511.31,37368.45,1031014.087
0.00809866,-0.02428207,1623283200,0.00615526,-0.02428207,37369.99,35750.0,38489.0,36669.66,803185.699
0.00772623,-0.00093228,1623369600,0.00205292,0.0058781,36669.65,35900.0,37679.54,37300.42,586122.898
0.00606376,-0.00600271,1623456000,-0.00467971,0.00287289,37300.41,34585.9,37432.95,35537.05,623532.476
0.00446441,-0.00926594,1623542400,0.00215545,-0.00434763,35535.95,34739.06,39374.18,38993.65,647035.314
0.01189292,0.00018121,1623628800,0.00490731,0.00208179,38993.66,38720.0,41000.0,40489.1,704979.881
0.00982186,0.00410188,1623715200,0.00476191,0.00410188,40489.1,39500.0,41413.0,40132.86,632066.994
0.00536618,-0.00387248,1623801600,-0.0013695,0.00373754,40132.86,38105.0,40495.0,38344.97,673235.496
0.00585953,-0.00838858,1623888000,-0.00560301,0.00073746,38344.97,37334.76,39565.0,38060.71,603849.861
0.00128633,-0.01569652,1623974400,-0.00669172,-0.00511399,38060.71,35100.0,38198.0,35811.41,790379.249
-0.00346212,-0.02310614,1624060800,-0.00346212,-0.00632289,35811.41,34704.08,36471.8,35483.0,642185.382
0.00608543,-0.02617419,1624147200,-0.01547023,-0.00219778,35483.01,33312.0,36155.0,35588.64,829896.441
0.00553296,-0.0234267,1624233600,-0.01560481,-0.01307497,35588.63,31250.51,35746.28,31606.0,1397330.662
0.00598124,-0.03857249,1624320000,-0.02668516,-0.01275966,31606.0,28780.01,33274.0,32496.0,1531824.85
-0.01005536,-0.02897668,1624406400,-0.0156164,-0.02250341,32496.0,31711.5,34867.77,33649.0,960700.369
-0.00345863,-0.02346645,1624492800,-0.01402535,-0.01609231,33650.0,32300.0,35406.74,34644.64,774899.165
0.00055865,-0.01815971,1624579200,-0.01632156,-0.01236803,34644.65,31250.0,35500.0,31568.07,1093051.375
-0.01612397,-0.03247619,1624665600,-0.02420053,-0.01612397,31569.18,30120.0,32720.52,32255.56,1091384.749
-0.01239277,-0.05093271,1624752000,-0.02269711,-0.02682591,32250.15,31960.0,34762.0,34687.71,897147.453
0.00720413,-0.02066409,1624838400,0.00578868,-0.02066409,34687.71,33855.0,35279.38,34487.22,706158.545
0.00718649,-0.01593591,1624924800,0.00571807,0.00649018,34486.58,34206.0,36623.0,35911.26,806140.329
0.01039318,-0.01498924,1625011200,-0.00093689,0.00609737,35910.64,34042.74,36089.96,35031.39,719742.983
0.00409086,-0.0138325,1625097600,-0.01245004,-0.00096377,35031.39,32672.04,35044.98,33489.96,758966.493
0.00404313,-0.025213,1625184000,-0.0232965,-0.01095714,33489.96,32684.0,33960.0,33760.94,664923.202
0.00162006,-0.01918515,1625270400,-0.00259771,-0.01918515,33760.94,33296.98,34948.16,34652.94,510614.258
-0.00003505,-0.01450883,1625356800,-0.00515568,-0.00123241,34653.32,34340.75,35955.55,35280.16,451001.556
0.00594551,-0.02647775,1625443200,-0.00763532,-0.00167398,35280.17,33032.0,35281.55,33672.72,736706.409
-0.00136744,-0.01992119,1625529600,-0.01795897,-0.00472242,33672.72,33500.0,35120.0,34206.01,644229.007
0.00748836,-0.01467189,1625616000,0.00187566,-0.01467189,34206.0,33756.48,35089.56,33845.64,456218.909
0.00712944,-0.03063747,1625702400,-0.01502113,0.00253462,33845.63,32066.0,33910.0,32852.04,650317.664
0.00104691,-0.01957703,1625788800,-0.01206821,-0.01833669,32855.0,32250.0,34100.0,33805.01,485662.879
0.00548635,-0.01209649,1625875200,0.00341261,-0.01209649,33805.01,33010.0,34248.58,33497.98,410271.979
0.00638043,-0.00742029,1625961600,0.00186705,-0.00043654,33497.98,33306.03,34629.62,34253.81,343905.35
0.00662815,-0.00533309,1626048000,0.00384274,-0.00131401,34253.88,32650.0,34662.73,33070.87,502747.758
0.00863569,-0.00998754,1626134400,-0.00063395,0.00364105,33070.86,32186.99,33336.0,32709.09,466567.713
0.00405048,-0.01143981,1626220800,-0.00950508,-0.00178902,32708.66,31556.02,33176.47,32803.01,521140.41
0.00640662,-0.0111743,1626307200,-0.00869661,-0.00900235,32803.0,31140.0,33170.0,31866.43,539111.667
0.00893233,-0.00687021,1626393600,0.00681892,-0.00687021,31865.53,31018.59,32245.0,31382.95,516577.743
0.00483587,-0.01510617,1626480000,-0.00384037,0.00483587,31382.96,31150.02,31945.0,31496.65,422650.418
0.00553539,-0.00952838,1626566400,-0.00952838,-0.0045155,31496.65,31075.1,32435.93,31767.0,412189.401
0.00513566,-0.01650716,1626652800,0.0000532,-0.01165471,31765.23,30358.77,31890.0,30823.62,486305.627
0.00310811,-0.01279572,1626739200,-0.00367475,-0.00169152,30823.62,29242.24,31050.0,29775.9,602688.19
-0.00353753,-0.02861187,1626825600,-0.01129203,-0.0106702,29775.89,29472.41,32883.9,32120.0,787077.39
0.00342144,-0.02433918,1626912000,0.00342144,-0.01366595,32120.0,31700.0,32583.48,32268.11,397258.936
0.00116794,-0.01672146,1626998400,-0.00148462,0.00036368,32268.12,31970.82,33650.0,33634.46,404650.016
0.0064938,-0.02340751,1627084800,-0.01517618,-0.0018273,33631.74,33379.81,34471.0,34230.0,376046.028
-0.01180041,-0.02911836,1627171200,-0.01180041,-0.01923601,34230.0,33812.0,35400.0,35370.66,404114.844
0.01191942,-0.03858184,1627257600,0.00706951,-0.01249628,35370.67,35185.49,48168.6,37218.09,1162332.857
0.0066554,-0.0181805,1627344000,-0.00985721,0.0066554,37218.09,36384.31,39546.34,39442.33,675104.157
0.00985302,-0.00485377,1627430400,0.00648636,-0.00485377,39448.06,38753.0,40894.0,40003.08,736196.234
0.00796701,-0.00018998,1627516800,0.00339177,0.00544959,40003.08,39203.83,40665.0,40012.9,463917.872
0.01078004,-0.00537931,1627603200,-0.00537931,0.00444946,40012.89,38320.0,42316.6,42203.25,561474.309
0.01291739,-0.00741241,1627689600,0.0078713,-0.00741241,42202.6,41030.19,42494.0,41448.11,381521.899
0.01025467,-0.00163375,1627776000,-0.00163375,0.00698721,41448.1,39350.4,42614.98,39846.78,487529.044
0.00380777,-0.00893085,1627862400,-0.00124554,-0.00395759,39846.78,38658.0,40450.0,39147.48,451872.128
0.0078497,-0.00829899,1627948800,0.00351853,0.00114614,39147.47,37600.0,39774.93,38203.26,517219.517
0.00745286,-0.00406161,1628035200,0.00231826,0.00257862,38201.33,37500.0,39975.32,39731.31,479560.473
0.0099575,-0.01094753,1628121600,0.0058437,0.00338981,39731.31,37291.0,41350.0,40882.4,746249.712
0.01308795,0.00066855,1628208000,0.01074288,0.00632409,40882.39,39849.82,43400.0,42825.43,653451.154
0.0129094,-0.0047627,1628294400,0.00104266,0.00631702,42825.43,42395.2,44753.01,44601.11,583750.891
0.01292256,0.00416958,1628380800,0.00422249,0.00416958,44601.11,43265.0,45350.0,43787.71,553684.698
0.0156858,0.0023866,1628467200,0.01130531,0.00358838,43787.71,42785.0,46483.0,46259.7,626220.503
0.01455559,0.00346001,1628553600,0.00682308,0.00988434,46259.7,44670.05,46800.0,45589.99,460478.861
0.01409878,0.00337757,1628640000,0.00526199,0.00617257,45589.99,45354.0,46754.27,45522.12,390660.571
0.01327784,0.00013124,1628726400,0.00682402,0.00339669,45522.13,43800.0,46226.67,44385.09,468276.056
0.01748209,0.00515586,1628812800,0.00929462,0.00652971,44385.09,44208.88,47980.69,47792.52,438025.46
0.01501236,-0.00029991,1628899200,0.00610471,0.00991964,47792.52,46000.0,48300.0,47083.74,374368.796
0.01333462,0.00617765,1628985600,0.0080129,0.00716738,47083.75,45480.0,47388.75,47006.02,370950.807
0.01580129,0.0049047,1629072000,0.01259508,0.00793711,47006.02,45682.03,48074.23,45926.23,412537.605
0.01190308,0.00503065,1629158400,0.00875973,0.01131662,45926.23,44412.01,47194.0,44704.84,474316.4
0.01459376,0.00601651,1629244800,0.00945018,0.00867214,44704.85,44227.32,46050.0,44714.09,395836.158
0.01248398,0.0046578,1629331200,0.01118079,0.00937455,44714.09,43938.38,47100.0,46772.0,439402.162
0.01604511,0.00844685,1629417600,0.01552529,0.01211093,46772.0,46650.0,49500.0,49332.74,401499.081
0.01641748,0.00664692,1629504000,0.00898954,0.01641748,49332.99,48250.0,49833.0,48848.29,347594.451
0.00980708,0.00225682,1629590400,0.00738334,0.00811302,48846.11,48075.81,49556.2,49273.28,294672.223
0.0165138,0.00468878,1629676800,0.0086487,0.00935423,49273.28,49075.01,50600.0,49523.91,355733.496
0.02057042,0.00491809,1629763200,0.01527112,0.0096496,49523.23,47600.0,49888.88,47719.36,398682.002
0.02846574,0.00689278,1629849600,0.00850157,0.01891202,47719.37,47130.57,49297.8,48992.65,389100.384
0.01255662,0.00377165,1629936000,0.00621089,0.00669086,48992.65,46280.0,49380.0,46853.06,475183.123
0.01275013,0.00417443,1630022400,0.00451322,0.0057748,46854.22,46359.97,49220.0,49083.98,403667.012
0.02245296,0.00460752,1630108800,0.01695331,0.00460752,49082.13,48395.65,49333.0,48931.99,222793.024
0.01748551,0.00594782,1630195200,0.00829178,0.01657544,48931.99,47741.31,49769.2,48795.41,315105.499
0.01819618,0.00494707,1630281600,0.01711659,0.00909141,48795.42,46876.49,48916.25,47024.7,351830.754
0.02308571,0.01214384,1630368000,0.0133111,0.01747696,47024.69,46731.03,48298.0,47150.32,365548.209
0.03333607,0.01729037,1630454400,0.01786139,0.01823687,47150.32,46550.99,49160.79,48842.94,350108.374
0.03974302,0.01920516,1630540800,0.02869098,0.01920516,48842.93,48631.2,50420.0,49299.14,361863.055
0.0402828,0.01940558,1630627200,0.02621958,0.0292508,49299.14,48333.0,51111.0,50027.08,430326.386
0.03246732,0.00664893,1630713600,0.01272029,0.02297889,50027.09,49360.0,50582.08,49940.74,274956.842
0.02432745,0.00903856,1630800000,0.01402598,0.01492162,49942.2,49462.59,51950.0,51799.57,288984.124
0.02869314,0.00081512,1630886400,0.01502215,0.00886985,51799.56,51040.0,52830.0,52683.97,297734.284
0.03365929,0.01001433,1630972800,0.03365929,0.0140992,52683.98,42088.0,52950.0,46864.39,764140.139
0.01354023,-0.04921075,1631059200,-0.00108322,0.00972532,46864.38,44431.0,47347.0,46062.29,435803.011
0.00669932,-0.00311666,1631145600,-0.00311666,-0.00197424,46060.02,45500.0,47400.0,46413.88,309015.75
0.00681005,-0.00738444,1631232000,0.00643724,-0.00738444,46413.88,44120.0,47037.5,44860.83,343533.069
0.0131096,0.0057433,1631318400,0.01042764,0.00641492,44860.83,44737.4,45999.0,45193.78,194144.115
0.01111398,0.00402067,1631404800,0.0096411,0.01104731,45194.19,44746.51,46512.2,46046.73,223534.63
0.01231947,0.00599633,1631491200,0.00827269,0.00929773,46048.02,43323.93,46933.89,44975.96,448942.068
0.01571122,0.0048327,1631577600,0.00981331,0.00727341,44975.96,44692.9,47272.98,47087.18,277925.721
0.00758845,-0.00487882,1631664000,-0.00387193,0.00758845,47087.18,46675.0,48440.93,48106.12,244226.37
0.0093534,-0.00499159,1631750400,0.00517922,-0.00262427,48106.13,47038.21,48488.0,47745.55,260044.727
0.0098175,0.00409363,1631836800,0.00409363,0.00636218,47745.55,46750.0,48150.0,47303.11,226193.34
0.00865485,-0.00095635,1631923200,0.00327469,0.00335422,47303.11,47044.32,48850.0,48285.15,207900.413
0.00634795,-0.00243317,1632009600,-0.00141183,0.00330526,48284.61,46840.0,48364.64,47256.91,212631.933
0.01103338,-0.00093539,1632096000,0.00931742,-0.00093539,47256.92,42467.86,47345.0,43026.6,600764.629
0.00893097,-0.01227304,1632182400,0.00034141,0.00893097,43026.61,39503.58,43629.6,40726.1,683242.002
0.00052947,-0.02033929,1632268800,-0.01754901,-0.00108682,40727.83,40551.49,43989.98,43520.0,400849.752
-0.00063466,-0.01621308,1632355200,-0.01089351,-0.01621308,43520.0,43056.0,44976.48,44828.29,330253.525
0.00644611,-0.01359309,1632441600,-0.00773084,-0.01288491,44828.29,40650.0,45134.33,42798.49,608595.52
0.00550442,-0.00481136,1632528000,0.00182211,-0.00481136,42798.49,41630.26,42950.0,42651.58,277084.795
0.00859569,-0.00482987,1632614400,0.00815558,-0.00145758,42646.84,40725.01,43940.0,43150.0,354393.916
0.01067903,0.0039993,1632700800,0.00895842,0.00888838,43150.01,42059.13,44350.0,42122.69,285311.606
0.00932281,-0.00835246,1632787200,-0.00015122,0.00569897,42122.69,40854.0,42749.0,41006.32,359745.538
0.00952431,-0.00092615,1632873600,0.00071554,0.00078814,41002.96,40708.73,42576.8,41499.71,293307.589
0.01280739,-0.0010703,1632960000,0.0024036,0.00148412,41499.7,41387.78,44100.0,43796.57,389185.646
0.00516803,-0.01271988,1633046400,0.00277668,0.00080779,43799.49,43260.01,48450.0,48123.94,449491.768
0.01000834,0.00373985,1633132800,0.00988433,0.00588767,48123.93,47410.0,48338.68,47626.61,182565.988
0.01002042,0.00179783,1633219200,0.0080304,0.01002042,47626.62,47071.26,49304.12,48187.3,212410.375
0.01400617,0.00704124,1633305600,0.01204738,0.00801106,48187.99,46885.29,49544.48,49198.22,324424.837
0.00914408,-0.00747827,1633392000,0.00131921,0.00914408,49199.78,49009.21,51888.0,51455.12,314043.813
0.01572393,0.00358305,1633478400,0.01116721,0.00358305,51460.22,50410.0,56416.02,55321.6,418731.748
0.04249862,0.00797853,1633564800,0.02647176,0.01017985,55327.45,53374.34,55337.8,53814.99,262974.545
0.02567747,0.01222785,1633651200,0.01371649,0.02497681,53814.99,53647.3,56208.73,53975.0,255210.035
0.01678778,0.00724307,1633737600,0.00883339,0.01326844,53974.99,53656.66,55589.0,54960.77,167495.393
0.02036429,0.00913812,1633824000,0.01051435,0.01035104,54960.79,54101.0,56789.0,54700.0,289072.818
0.01714639,0.00456492,1633910400,0.0105092,0.0105641,54700.0,54458.0,57880.0,57500.01,314868.05
0.02743168,0.00472674,1633996800,0.01155859,0.0076411,57500.01,53750.0,57756.52,56011.84,349147.775
0.01715753,0.00753808,1634083200,0.01398858,0.01090279,56011.83,54271.24,57822.38,57393.65,327714.318
0.02604628,0.01069512,1634169600,0.01090453,0.0119291,57393.65,56800.0,58586.67,57378.19,254719.751
0.04565793,0.0083722,1634256000,0.03472904,0.00902754,57377.12,56900.0,63997.61,61702.33,493366.513
0.04698634,0.01476147,1634342400,0.02660138,0.03403931,61702.33,60220.0,62444.23,60925.56,213251.899
0.03970085,0.01895452,1634428800,0.03059979,0.02578671,60925.56,58850.0,61796.47,61571.45,240132.514
0.03253607,0.00436403,1634515200,0.00658364,0.03253607,61571.45,59897.61,62800.0,62037.92,333278.481
0.01761907,0.00659557,1634601600,0.01227914,0.00659557,62037.92,61300.0,64500.0,64316.7,379243.718
0.06856753,0.0096695,1634688000,0.05963502,0.01046523,64314.75,63518.81,67150.0,66064.24,324737.868
0.0862027,0.02373969,1634774400,0.02373969,0.04984751,66064.25,62000.0,66750.0,62260.33,478610.458
0.03721721,0.01260884,1634860800,0.02349425,0.0234049,62260.33,60011.9,63796.2,60734.27,350359.527
0.0224923,0.01133619,1634947200,0.02179087,0.02213496,60734.28,59622.0,61780.0,61325.11,222553.478
0.03327383,0.02014454,1635033600,0.03019098,0.02184104,61325.09,59504.46,61550.0,60902.82,245816.821
0.04167031,0.00677836,1635120000,0.03292189,0.03160521,60902.82,60701.0,63795.98,63127.04,234201.1
0.04181234,0.02551237,1635206400,0.02611243,0.03211222,63129.25,59838.05,63362.06,60358.75,252256.924
0.01992605,0.00733151,1635292800,0.01385311,0.01802254,60358.74,57865.0,61550.0,58449.36,329112.396
0.03099847,0.00903045,1635379200,0.03005815,0.01522733,58449.36,57550.0,62641.26,60622.03,333323.116
0.03922207,0.01480823,1635465600,0.02038546,0.03084029,60622.02,60222.0,63069.71,62308.22,218355.773
0.03592565,0.01658889,1635552000,0.01801478,0.02271137,62308.21,60631.23,62415.85,61895.19,156041.523
0.03202583,0.01813717,1635638400,0.02025859,0.01813717,61895.19,60008.0,62462.99,61348.61,183599.524
0.05037992,0.01568131,1635724800,0.01568131,0.02254666,61347.14,59400.0,62543.58,60942.87,246158.361
0.05817562,0.01372836,1635811200,0.05817562,0.01398934,60942.87,60659.58,64349.55,63266.69,217592.062
0.0588796,0.01447158,1635897600,0.03227658,0.0588796,63266.69,60300.0,63613.0,62946.45,211190.183
0.03799532,0.01633908,1635984000,0.01633908,0.03249913,62946.45,60703.0,63149.0,61431.86,184677.079
0.03014884,0.01345802,1636070400,0.02949001,0.01751572,61433.9,60762.0,62671.48,61006.0,157569.637
0.03013179,0.01524364,1636156800,0.01524364,0.02840304,61006.0,60100.0,61645.75,61511.3,154919.118
0.02935886,0.01168853,1636243200,0.02592535,0.01497628,61511.3,61368.26,63377.58,63316.4,142878.208
0.04414123,0.02051207,1636329600,0.02051207,0.02497283,63316.4,63308.7,67932.89,67606.96,274932.146
0.04809326,0.02418858,1636416000,0.03586644,0.03617358,67606.96,66300.0,68675.16,67009.98,231843.834
0.05079064,0.0180398,1636502400,0.0180398,0.03420951,67010.65,62400.51,69198.7,64920.13,347835.573
0.01774669,0.0088207,1636588800,0.01254976,0.01745581,64920.13,64147.12,65646.98,64831.3,178279.275
0.02211651,0.01190078,1636675200,0.01257351,0.01190078,64831.2,62313.0,65500.0,64156.08,264576.325
0.01808564,0.00730156,1636761600,0.00844637,0.01364072,64156.08,63430.01,65073.24,64427.0,124466.493
0.01517008,0.00503306,1636848000,0.00955243,0.00854926,64426.99,63640.0,65569.99,65568.39,146424.701
0.02198751,0.00995436,1636934400,0.01631255,0.01089983,65568.38,63351.58,66395.05,63654.49,210026.602
0.01493392,0.00606041,1637020800,0.00659734,0.01493392,63654.49,58397.14,63655.77,60106.03,475025.706
0.01233228,0.00592423,1637107200,0.0103958,0.00592423,60106.03,58336.68,60848.85,60366.96,287388.873
0.0140215,0.00682433,1637193600,0.01159345,0.01098891,60366.97,56505.48,60999.0,56921.05,412021.672
0.01223346,-0.00451905,1637280000,0.00248454,0.01194697,56921.04,55604.0,58333.0,58069.51,245356.121
0.01003939,0.00142069,1637366400,0.01003939,0.00357994,58069.52,57372.0,59873.84,59716.29,173697.342
0.01130945,0.00509615,1637452800,0.00697076,0.00941077,59716.28,58518.88,60052.82,58661.39,143887.271
0.01098569,0.0041216,1637539200,0.00561733,0.00985383,58648.87,55600.0,59624.56,56268.31,326184.881
0.01348084,0.00504539,1637625600,0.01257746,0.00506757,56268.31,55250.0,57888.0,57574.23,267790.325
0.01208765,0.00427916,1637712000,0.01111703,0.01208765,57574.24,55900.0,57775.27,57165.08,194683.757
0.01349457,0.00822485,1637798400,0.01288804,0.01219582,57165.09,57029.0,59449.62,58988.21,191912.653
0.01984929,0.00774628,1637884800,0.01663367,0.01152045,58988.36,53500.0,59186.41,53755.65,378650.919
0.01427558,0.00499688,1637971200,0.00819974,0.01427558,53755.66,53640.69,55300.0,54738.77,155119.117
0.01512895,0.00689015,1638057600,0.00947159,0.00689015,54738.77,53245.0,57474.76,57315.73,213600.615
0.01511147,0.00484015,1638144000,0.01511147,0.01224833,57315.72,56715.0,58924.21,57827.98,215111.466
0.01408978,0.00658616,1638230400,0.00891759,0.01384365,57827.97,55900.0,59224.99,56975.0,337624.148
0.01925661,0.00790564,1638316800,0.01450209,0.01016694,56978.06,56500.0,59100.0,57209.29,273959.104
0.01280676,0.00669507,1638403200,0.01046216,0.01280676,57209.28,55800.0,57428.49,56513.57,249985.255
0.02064414,0.00693686,1638489600,0.00796438,0.00905774,56513.56,50604.0,57670.0,53612.0,374132.016
0.00887907,-0.05650066,1638576000,0.0016203,0.00887907,53611.86,40888.89,53889.69,49135.66,598774.989
0.00369642,-0.01413486,1638662400,-0.00112779,0.00369642,49135.66,47755.0,49699.49,49376.6,286434.382
0.01293895,-0.00679855,1638748800,0.00362809,-0.00017498,49373.83,47000.0,50888.0,50424.72,357711.029
0.00927034,-0.00379846,1638835200,0.00907151,0.00362408,50424.72,50012.0,51929.0,50577.2,224670.618
0.01176247,0.00561926,1638921600,0.00808809,0.01176247,50577.2,48533.33,51210.6,50455.61,238229.884
0.01062306,0.00264929,1639008000,0.00853601,0.01062306,50459.61,47312.89,50773.03,47539.76,273086.086
0.01061798,0.00481927,1639094400,0.00783249,0.00889263,47539.34,46828.23,50188.42,47136.35,302974.429
0.01004236,0.00426327,1639180800,0.00874836,0.00606013,47132.31,46724.35,49499.05,49381.15,210959.992
0.01111847,0.002432,1639267200,0.00854427,0.00893446,49379.51,48616.16,50768.0,50057.01,183434.285
0.00802951,-0.00519645,1639353600,-0.00519645,0.00802951,50057.02,45600.0,50180.0,46679.93,348551.322
0.00761798,-0.00477098,1639440000,0.00724899,-0.00477098,46679.93,46255.6,48657.92,48324.04,266213.627
0.01014592,0.00339848,1639526400,0.00716109,0.0054876,48324.0,46518.73,49479.75,48870.48,345239.891
0.01079227,0.00559192,1639612800,0.00627922,0.0095194,48870.48,47500.0,49439.79,47624.5,215874.187
0.00815016,-0.00063246,1639699200,0.00196714,0.00815016,47629.1,45373.11,47988.27,46125.33,326458.135
0.00677606,0.00006109,1639785600,0.0014339,0.00243365,46125.33,45438.43,47336.99,46815.99,191006.415
0.00758249,0.0028506,1639872000,0.0034776,0.0030529,46815.99,46399.37,48461.17,46668.63,241698.541
0.01180013,-0.00334519,1639958400,0.00676654,0.0051941,46668.65,45530.67,47533.42,46898.14,273804.259
0.01622343,0.00152053,1640044800,0.00485656,0.00676654,46896.82,46650.0,49298.78,48875.15,260008.358
0.0119202,-0.00054368,1640131200,0.00402356,0.00485656,48875.88,48420.02,49599.0,48569.69,208463.689
0.01343429,-0.00278178,1640217600,0.0055881,0.00402356,48569.69,48020.0,51377.74,50817.92,255885.48
0.00976613,0.00222879,1640304000,0.00796921,0.0065119,50817.94,50379.25,51805.0,50808.55,220208.725
0.01496033,0.00104006,1640390400,0.00685004,0.00796921,50809.37,50105.0,51190.0,50403.64,147662.438
0.0135413,-0.00077686,1640476800,0.0104642,0.00685004,50403.64,49350.0,51300.0,50765.73,184800.616
0.01468719,0.00535798,1640563200,0.00730655,0.0104642,50765.73,50450.0,52134.0,50707.72,216225.263
0.01361809,0.00448545,1640649600,0.00791204,0.00730655,50707.72,47290.0,50713.56,47522.03,336083.34
0.01528412,0.00316754,1640736000,0.00813462,0.00791204,47522.02,46000.0,48125.97,46436.54,274795.378
0.01377142,0.00133443,1640822400,0.00313,0.00813462,46436.53,45880.0,47911.68,47095.02,229931.288
0.01401978,-0.00048559,1640908800,0.00803732,0.00313,47095.02,45650.0,48575.0,46210.56,287186.003
0.01554267,-0.00408836,1640995200,0.00508656,0.00803732,46210.57,46210.55,47943.77,47704.35,179433.584
0.01323959,0.00221143,1641081600,0.00858921,0.00508656,47704.35,46605.68,48000.0,47280.0,184795.093
0.01059636,0.00123147,1641168000,0.00293877,0.00858921,47280.01,45665.4,47575.22,46445.81,244781.793
0.01435296,0.00245232,1641254400,0.01289361,0.00293877,46445.8,45445.57,47524.36,45833.42,292149.75
0.01721873,0.00399459,1641340800,0.00561226,0.01289361,45833.41,42270.0,47075.29,43421.69,485477.569
0.01285301,-0.0007562,1641427200,0.00710059,0.00561226,43421.7,42385.83,43766.0,43080.01,299509.851
0.01308863,0.00134199,1641513600,0.0092769,0.00710059,43080.01,40456.56,43135.0,41553.86,473214.849
0.01494959,0.00224669,1641600000,0.00938321,0.0092769,41553.87,40500.0,42335.0,41688.05,283737.224
0.01287485,-0.00168114,1641686400,0.00099974,0.00938321,41688.05,41170.0,42773.85,41851.22,223134.952
0.01741525,-0.00242933,1641772800,0.00733138,0.00099974,41851.22,39610.0,42219.84,41801.55,453644.116
0.00758028,-0.01118063,1641859200,-0.0076617,0.00733138,41801.55,41255.0,43118.0,42700.68,323760.691
0.00405113,-0.01082748,1641945600,-0.00638131,-0.0076617,42700.69,42415.0,44300.0,43880.72,281339.294
0.00561728,-0.01370084,1642032000,0.0038487,-0.00638131,43880.72,42301.16,44396.68,42534.32,289289.18
0.00573234,-0.00642824,1642118400,-0.0004719,0.0038487,42538.72,41666.0,43450.0,43042.4,272517.077
-0.0004719,-0.0004719,1642204800,-0.0004719,-0.0004719,43042.4,42530.64,43800.0,43070.51,184649.157
0.00825906,-0.01090396,1642291200,0.0017569,0.00214951,43070.51,42531.69,43464.71,43060.66,177450.475
0.01038475,-0.00625823,1642377600,0.00818399,0.0017569,43060.66,41523.68,43159.32,42176.34,232748.345
0.01110565,0.00087495,1642464000,0.00749447,0.00818399,42176.34,41260.0,42680.0,42337.58,267472.465
0.0107483,0.00162897,1642550400,0.00804092,0.00749447,42337.58,41115.64,42545.0,41657.89,333952.095
0.01113364,-0.00344828,1642636800,0.00761665,0.00804092,41656.9,40550.0,43495.0,40661.69,399818.052
0.00829631,-0.01057764,1642723200,0.00281294,0.00761665,40662.06,35380.92,41095.76,36425.98,790320.909
0.00750128,-0.01280472,1642809600,0.00493953,0.00281294,36426.46,33950.0,36817.74,35043.73,676272.904
0.00493953,-0.01634318,1642896000,0.00343267,0.00493953,35043.73,34588.8,36496.92,36230.01,369372.903
0.01013547,-0.02851507,1642982400,-0.00366345,0.00343267,36230.0,32853.83,37528.0,36648.31,823000.702
0.00777711,-0.01788831,1643068800,-0.00755549,-0.00366345,36648.3,35693.0,37561.03,36934.26,409535.517
0.00031094,-0.0185926,1643155200,-0.00692456,-0.00755549,36934.26,36232.42,38886.58,36787.43,554457.384
0.00630146,-0.01960316,1643241600,0.00221296,-0.00692456,36787.42,35471.53,37200.0,37131.0,422006.922
0.01086681,-0.01142196,1643328000,-0.00508616,0.00221296,37131.0,36149.02,38000.0,37696.21,367509.143
0.0029559,-0.01227896,1643414400,0.0029559,-0.00508616,37696.22,37252.0,38750.94,38150.01,238657.764
0.00933733,-0.00623274,1643500800,0.00675141,0.0029559,38150.0,37334.83,38420.3,37870.01,195029.125
0.00675141,-0.01190545,1643587200,-0.00628843,0.00675141,37870.0,36620.0,38741.73,38439.04,318440.392
0.003754,-0.01037114,1643673600,-0.00291338,-0.00628843,38439.04,37969.0,39260.26,38680.51,353354.121
0.00703651,-0.00761036,1643760000,-0.00241151,-0.00291338,38680.51,36529.81,38834.18,36892.03,337570.934
0.01135517,-0.01394282,1643846400,0.00010705,-0.00241151,36892.05,36204.3,37395.0,37289.86,318656.228
0.00975576,-0.01258346,1643932800,0.00500719,0.00010705,37287.33,37011.0,41741.76,41550.0,520105.77
0.00725039,-0.00701259,1644019200,0.00375405,0.00500719,41550.0,40920.0,41922.0,41374.69,242184.07
0.00589357,-0.00176216,1644105600,-0.00012541,0.00375405,41374.68,41100.0,42656.8,42361.35,215323.95
0.00476456,-0.01675084,1644192000,0.00276069,-0.00012541,42361.34,41609.76,44541.16,43829.99,418053.774
0.01096978,-0.00450144,1644278400,0.00930122,0.00276069,43829.99,42641.0,45600.0,44021.57,468015.421
0.00995129,-0.00226218,1644364800,0.00090441,0.00930122,44021.58,43089.08,44826.0,44358.08,300270.062
0.00920172,-0.00368596,1644451200,0.00519886,0.00090441,44358.09,43136.96,45847.5,43471.29,563922.075
0.01504556,-0.00822155,1644537600,0.01213705,0.00519886,43471.3,41914.23,43900.0,42366.0,414646.193
0.01213705,-0.00146433,1644624000,0.0048477,0.01213705,42365.99,41540.0,42980.0,42199.87,256269.325
0.01070437,-0.00338504,1644710400,0.00601215,0.0048477,42199.88,41850.0,42755.97,42041.13,192068.012
0.01088114,-0.00336048,1644796800,0.00619236,0.00601215,42041.12,41526.0,42888.0,42525.14,303990.933
0.0087731,-0.00888333,1644883200,0.00767164,0.00619236,42525.14,42406.23,44777.0,44529.6,276735.421
0.01039292,0.0018803,1644969600,0.00625917,0.00767164,44529.7,43277.8,44536.8,43860.7,255790.287
0.00843804,-0.00156615,1645056000,-0.00110473,0.00625917,43860.8,40020.1,44150.0,40491.7,433958.984
0.01046572,-0.01093546,1645142400,0.0085374,-0.00110473,40491.8,39422.0,40944.1,39966.8,377679.782
0.01094208,-0.00364722,1645228800,0.00418861,0.0085374,39966.8,39610.3,40438.7,40052.6,185624.675
0.00917992,-0.00559069,1645315200,0.00505849,0.00418861,40052.6,37905.0,40100.1,38368.1,329740.444
0.0066452,-0.00960028,1645401600,-0.00148021,0.00505849,38367.9,36762.0,39510.0,36986.4,646391.815
0.00568391,-0.00976504,1645488000,-0.00373591,-0.00148021,36986.4,36310.1,38450.0,38212.0,465313.497
0.00621478,-0.01274548,1645574400,0.00359073,-0.00373591,38212.1,36963.2,39250.0,37227.8,408056.255
0.00709115,-0.01919743,1645660800,0.00440407,0.00359073,37227.9,34303.7,40376.1,38315.1,919820.907
0.01214879,-0.0139041,1645747200,0.00379379,0.00440407,38316.2,37999.2,39750.0,39205.4,416316.366
0.01008961,-0.0083432,1645833600,0.00284695,0.00379379,39205.4,38561.7,40441.1,39099.3,251892.201
0.0075724,-0.01243007,1645920000,-0.00897899,0.00284695,39099.3,36934.6,39868.6,37672.0,423197.247
0.00658983,-0.01375252,1646006400,0.00581413,-0.00897899,37672.1,37414.4,44341.0,43155.0,615391.161
0.01025579,-0.00378684,1646092800,-0.00269565,0.00581413,43155.0,42765.4,44935.0,44394.1,448483.646
0.01358757,-0.00459039,1646179200,0.00645483,-0.00269565,44393.6,43321.0,45350.0,43885.7,407603.721
0.01105244,0.00341492,1646265600,0.00748351,0.00645483,43885.8,41831.0,44080.0,42449.5,365565.832
0.00975941,-0.00063229,1646352000,0.00213336,0.00748351,42449.6,38521.0,42525.3,39127.7,469138.374
0.00446921,-0.0085864,1646438400,-0.00265092,0.00213336,39127.7,38547.6,39580.0,39375.1,198747.893
0.00750765,-0.00851155,1646524800,0.00094083,-0.00265092,39375.0,38056.0,39690.0,38401.1,311705.26
0.00662302,-0.00784806,1646611200,0.00179634,0.00094083,38401.1,37134.0,39550.0,37963.8,490254.516
0.00965221,-0.00231558,1646697600,0.00125007,0.00179634,37963.7,37853.0,39340.5,38709.9,421462.367
0.01313538,-0.0098528,1646784000,0.0098799,0.00125007,38709.9,38638.7,42647.5,41937.5,462059.811
0.01124848,-0.01020088,1646870400,-0.00582334,0.0098799,41939.5,38512.0,42034.3,39407.2,520645.186
0.00825156,-0.01019545,1646956800,-0.00161935,-0.00582334,39407.1,38200.1,40242.0,38713.0,467078.892
0.00569717,-0.00745289,1647043200,-0.00539467,-0.00161935,38713.1,38630.0,39578.4,38792.6,172494.825
0.00732196,-0.00583198,1647129600,-0.00578693,-0.00539467,38792.7,37500.0,39300.0,37743.7,236623.694
0.01005293,-0.00891634,1647216000,0.00757062,-0.00578693,37743.0,37522.1,39989.0,39653.8,360058.358
0.00889043,-0.00317092,1647302400,0.00252839,0.00757062,39651.6,38073.8,39901.8,39271.0,345019.243
0.01250829,-0.00533645,1647388800,0.00714615,0.00252839,39270.9,38700.0,41804.0,41105.8,650589.661
0.00972707,0.00092016,1647475200,0.00178417,0.00714615,41105.9,40442.8,41498.4,40898.1,243988.794
0.00786521,-0.00862707,1647561600,0.00267733,0.00178417,40898.0,40084.2,42322.8,41751.5,299134.443
0.00626163,-0.005191,1647648000,0.00188964,0.00267733,41751.6,41500.0,42446.6,42188.2,186459.954
0.01166151,-0.00302586,1647734400,0.00814629,0.00188964,42188.2,40900.0,42269.3,41261.0,235774.129
0.00974644,-0.00515154,1647820800,0.0046924,0.00814629,41261.0,40430.0,41544.4,40982.0,308396.46
0.0074668,-0.00172479,1647907200,0.00530167,0.0046924,40982.0,40852.0,43517.7,42349.8,374297.674
0.00765402,-0.00876079,1647993600,-0.0034484,0.00530167,42349.9,41731.3,43051.0,42867.9,282631.74
0.00291143,-0.00714601,1648080000,-0.00188291,-0.0034484,42867.8,42525.0,44200.0,43973.4,331440.057
0.00662358,-0.00557053,1648166400,0.00329957,-0.00188291,43973.2,43575.1,45142.0,44290.6,348620.122
0.00730933,-0.01409033,1648252800,-0.01043403,0.00329957,44290.6,44041.0,44785.0,44489.2,140712.587
0.00476284,-0.01043403,1648339200,0.00208041,-0.01043403,44489.3,44416.0,47047.0,46820.8,269280.228
0.01081914,-0.00119789,1648425600,0.00353666,0.00208041,46820.9,46651.2,48200.0,47121.9,317565.782
0.0122908,-0.00091818,1648512000,0.01088015,0.00353666,47121.8,46911.0,48100.0,47418.5,259040.835
0.01282899,0.00103734,1648598400,0.0056072,0.01088015,47418.5,46535.0,47688.6,47053.2,235009.892
0.01083033,0.00115607,1648684800,0.0063332,0.0056072,47053.1,45185.0,47619.4,45506.0,299837.61
0.00798649,-0.00377988,1648771200,0.00548803,0.0063332,45505.9,44206.2,46700.0,46266.2,360734.553
0.0094619,0.00278591,1648857600,0.00740158,0.00548803,46266.2,45600.0,47236.8,45794.6,226413.357
0.01038448,0.00449355,1648944000,0.00692538,0.00740158,45792.3,45501.0,47448.0,46392.4,212589.013
0.00988893,0.00045148,1649030400,0.00959027,0.00692538,46392.3,45094.0,46895.5,46580.9,272796.541
0.01286583,0.0001469,1649116800,0.00577916,0.00959027,46580.9,45300.0,47188.0,45477.4,257524.639
0.01048916,-0.00089524,1649203200,0.00777819,0.00577916,45477.5,43100.0,45494.2,43159.7,384359.375
0.00783916,0.00058581,1649289600,0.00096525,0.00777819,43159.8,42685.0,43888.0,43417.1,229567.98
0.00897904,-0.00344796,1649376000,0.00527218,0.00096525,43417.1,42074.0,43968.1,42229.2,310095.829
0.00628199,0.00008408,1649462400,0.00105519,0.00527218,42229.1,42100.3,42796.7,42727.7,119722.654
0.00749691,-0.00349688,1649548800,-0.00114953,0.00105519,42727.8,41838.0,43399.4,42140.4,181904.47
0.00857729,-0.00227679,1649635200,-0.00226505,-0.00114953,42140.3,39136.7,42399.9,39505.6,439530.02
0.00547904,-0.01211817,1649721600,0.00026109,-0.00226505,39505.6,39224.0,40700.0,40060.7,349883.631
0.00472729,-0.00277477,1649808000,0.0041278,0.00026109,40060.7,39569.8,41580.0,41129.8,324910.931
0.00797129,-0.00424489,1649894400,-0.003948,0.0041278,41129.8,39522.0,41474.8,39915.9,261966.391
0.00841201,-0.00549033,1649980800,0.00148502,-0.003948,39915.9,39734.2,40888.0,40529.5,194680.671
0.0076592,-0.00334526,1650067200,0.00327766,0.00148502,40529.6,39944.9,40700.0,40361.0,127705.057
0.00725899,-0.00278048,1650153600,-0.00148726,0.00327766,40360.9,39510.0,40574.1,39649.1,170331.824
0.01010529,-0.010897,1650240000,0.00792087,-0.00148726,39649.1,38465.7,41310.0,40785.6,362435.319
0.0080111,-0.00374544,1650326400,0.00473157,0.00792087,40785.7,40543.7,41788.0,41472.9,214404.271
0.00964047,-0.00684637,1650412800,0.00290541,0.00473157,41472.9,40800.0,42166.8,41327.7,257382.427
0.00840624,-0.00723654,1650499200,0.00198618,0.00290541,41326.0,39630.0,42966.0,40449.8,393149.956
0.00750364,-0.0101546,1650585600,-0.00672077,0.00198618,40449.7,39133.0,40786.1,39674.2,314935.753
-0.0008657,-0.0107547,1650672000,-0.00710946,-0.00672077,39674.3,39259.0,40000.0,39415.1,125046.817
0.0037286,-0.01038933,1650758400,-0.00433548,-0.00710946,39413.8,38884.1,39930.6,39433.4,180371.762
0.01178755,-0.00665515,1650844800,0.00830048,-0.00433548,39433.4,38111.0,40650.0,40411.0,448877.893
0.01131863,-0.00752566,1650931200,-0.00572012,0.00830048,40411.0,37671.8,40800.0,38093.7,453132.198
0.00709966,-0.0068178,1651017600,0.00009379,-0.00572012,38093.7,37844.5,39470.0,39209.0,385645.365
0.01146992,-0.00720428,1651104000,0.00874499,0.00009379,39209.0,38861.8,40376.6,39732.5,413543.408
0.01011448,-0.00247929,1651190400,-0.0021103,0.00874499,39732.5,38160.0,39924.8,38572.2,308116.375
0.00716058,-0.00568483,1651276800,0.00215666,-0.0021103,38572.2,37550.0,38782.6,37614.5,181810.382
0.01000084,-0.00459658,1651363200,0.00657822,0.00215666,37614.4,37350.0,38680.6,38440.5,236549.462
0.01163442,-0.00019821,1651449600,0.01091538,0.00657822,38440.2,38032.2,39222.0,38525.6,336845.365
0.01316739,0.00657666,1651536000,0.00807197,0.01091538,38525.5,37500.1,38674.7,37712.9,248986.222
0.01021143,0.00113756,1651622400,0.00923865,0.00807197,37713.0,37655.2,40071.7,39684.0,424498.818
0.01199187,-0.01560307,1651708800,-0.0101266,0.00923865,39684.1,35388.0,39845.0,36534.7,547209.0
0.00791819,-0.01047402,1651795200,-0.00092682,-0.0101266,36533.7,35200.0,36679.3,35995.3,431979.24
0.00633423,-0.00435608,1651881600,0.00166667,-0.00092682,35995.2,34700.0,36138.0,35466.7,200264.833
0.00985913,0.0007096,1651968000,0.00451774,0.00166667,35466.7,33665.0,35504.0,34032.0,426872.584
0.09557946,0.00072025,1652054400,0.00419534,0.00451774,34032.1,30003.6,34243.3,30056.6,1078779.712
0.00826474,-0.00860857,1652140800,0.00369188,0.00419534,30056.0,29701.4,32650.0,31002.1,863178.961
0.02500753,-0.00662223,1652227200,0.00066235,0.00369188,31002.1,27651.0,32197.6,29074.7,1101875.972
0.00066235,-0.06422377,1652313600,-0.006887,0.00066235,29077.9,26631.0,30257.0,29020.7,964475.589
0.00204225,-0.01238974,1652400000,-0.00215647,-0.006887,29020.8,28730.4,31072.6,29274.3,507620.105
0.00412497,-0.00753787,1652486400,-0.00355782,-0.00215647,29274.2,28602.3,30352.2,30079.8,315756.895
0.0062677,-0.00432407,1652572800,0.00318939,-0.00355782,30079.5,29448.0,31462.0,31324.4,336773.139
0.00692499,-0.01133035,1652659200,0.00312351,0.00318939,31324.3,29052.3,31327.4,29866.7,507243.166
0.00595552,-0.0113285,1652745600,-0.00965176,0.00312351,29866.4,29420.0,30794.0,30437.0,398624.519
0.00343358,-0.00965176,1652832000,-0.0004394,-0.00965176,30437.0,28629.6,30700.0,28700.6,426700.457
0.01086485,-0.00360509,1652918400,0.00836394,-0.0004394,28700.6,28670.5,30550.0,30319.9,448856.724
0.01234615,-0.00109966,1653004800,0.00383727,0.00836394,30319.9,28702.0,30784.4,29188.9,485439.171
0.00806264,-0.00493426,1653091200,0.00291225,0.00383727,29188.9,28927.0,29650.0,29427.4,202804.089
0.01036052,-0.00451434,1653177600,0.00461395,0.00291225,29427.4,29223.6,30500.0,30284.0,297116.44
0.00925927,-0.01069001,1653264000,-0.00619516,0.00461395,30284.0,28840.7,30658.0,29097.7,475720.75
0.00580586,-0.00903783,1653350400,0.00031367,-0.00619516,29097.8,28637.6,29887.3,29643.1,382124.449
0.00831475,-0.00153034,1653436800,0.00066094,0.00031367,29643.0,29330.0,30246.7,29536.7,413459.484
0.00754872,-0.00798081,1653523200,0.00439604,0.00066094,29536.7,27952.1,29877.0,29194.0,602137.086
0.0092716,-0.00165891,1653609600,0.00175309,0.00439604,29194.0,28259.6,29387.0,28623.2,506638.884
0.00782728,-0.00300019,1653696000,0.0003357,0.00175309,28623.3,28520.0,29265.7,29018.8,193644.283
0.00803639,-0.00227816,1653782400,0.00123746,0.0003357,29018.8,28825.0,29595.2,29452.8,215139.934
0.00928397,-0.00295431,1653868800,0.00624422,0.00123746,29452.6,29301.1,32307.6,31726.5,502712.176
0.01236028,-0.00028402,1653955200,0.00115291,0.00624422,31726.5,31222.0,32427.5,31797.8,383688.265
0.03328733,-0.00531258,1654041600,-0.0051524,0.00115291,31797.9,29300.0,31986.1,29796.9,556992.756
0.00239801,-0.00837365,1654128000,-0.00511288,-0.0051524,29796.9,29566.1,30750.0,30437.1,370924.687
0.00714673,-0.00638569,1654214400,0.00191908,-0.00511288,30437.1,29220.0,30693.2,29682.8,357110.377
0.0039279,-0.00557945,1654300800,-0.00311893,0.00191908,29682.8,29456.0,29988.0,29848.4,187520.534
0.00655161,-0.00498415,1654387200,0.00330537,-0.00311893,29848.5,29524.0,30250.0,29909.9,205385.831
0.00740254,-0.00093814,1654473600,0.00680859,0.00330537,29910.0,29876.2,31780.0,31361.2,436522.874
0.01138275,-0.0116971,1654560000,0.00709826,0.00680859,31361.2,29190.0,31599.0,31118.1,691714.985
0.00849017,-0.00100452,1654646400,0.00333926,0.00709826,31118.0,29825.0,31325.0,30192.5,455686.637
0.00761396,-0.00074324,1654732800,0.00684695,0.00333926,30192.6,29914.5,30691.9,30093.3,307312.175
0.00862437,-0.00080629,1654819200,0.00257307,0.00684695,30093.4,28805.0,30374.1,29077.7,445928.659
0.00994979,-0.00342799,1654905600,0.00777259,0.00257307,29077.7,28080.0,29427.9,28416.7,391367.814
0.00878136,-0.00222686,1654992000,0.00336137,0.00777259,28416.6,26538.7,28530.3,26564.7,560834.131
0.00766081,-0.02129367,1655078400,-0.00986467,0.00336137,26564.7,21900.0,26877.0,22471.5,1622521.56
0.00405899,-0.02978698,1655164800,-0.0118995,-0.00986467,22471.4,20823.0,23424.2,22122.7,1247609.796
0.0031448,-0.03138846,1655251200,-0.00287485,-0.0118995,22122.7,20100.2,22800.0,22567.5,1509301.169
0.00356802,-0.01498045,1655337600,-0.00112763,-0.00287485,22567.5,20222.0,23000.0,20387.4,882634.22
0.00355226,-0.01887179,1655424000,0.00270229,-0.00112763,20387.4,20228.0,21388.0,20457.3,776153.257
0.00722143,-0.02240338,1655510400,0.00175794,0.00270229,20457.3,17593.2,20768.4,18959.7,1268591.388
0.00402792,-0.01644605,1655596800,-0.00086163,0.00175794,18959.7,17935.9,20821.0,20564.2,1089275.674
0.00941724,-0.0077728,1655683200,0.008842,-0.00086163,20564.3,19630.0,21099.9,20570.1,935816.13
0.01738807,-0.01119353,1655769600,-0.00073506,0.008842,20570.0,20337.8,21740.0,20713.1,787173.936
0.00366266,-0.00865395,1655856000,-0.00199982,-0.00073506,20713.1,19745.7,20888.0,19977.4,812184.193
0.00367725,-0.00941756,1655942400,0.00296491,-0.00199982,19977.5,19874.0,21250.0,21096.6,698753.04
0.00971019,-0.00629553,1656028800,-0.00100576,0.00296491,21096.6,20732.5,21563.5,21231.2,645450.778
0.00680122,-0.00263322,1656115200,0.00322478,-0.00100576,21231.2,20894.0,21627.6,21481.9,434117.447
0.00424549,-0.00695646,1656201600,0.00354721,0.00322478,21481.9,20952.0,21888.0,21029.1,442787.736
0.00828912,-0.00489669,1656288000,-0.00254912,0.00354721,21029.1,20500.0,21560.0,20730.0,539335.009
0.00425817,-0.00767027,1656374400,0.00307781,-0.00254912,20730.0,20188.0,21198.0,20268.6,582916.108
0.00761639,-0.00408454,1656460800,0.00018622,0.00307781,20268.7,19817.2,20430.0,20109.9,608905.99
0.00081118,-0.01306421,1656547200,-0.004522,0.00018622,20109.9,18563.0,20165.0,19923.5,859981.415
0.00474612,-0.03924146,1656633600,0.00151208,-0.004522,19923.3,18948.8,20926.4,19272.0,915399.363
0.00749696,-0.0021536,1656720000,0.00384435,0.00151208,19272.0,18959.0,19456.0,19240.9,382851.525
0.00928831,0.00127928,1656806400,0.00395059,0.00384435,19241.0,18780.1,19645.4,19305.9,449508.331
0.00408834,-0.00489244,1656892800,-0.0002259,0.00395059,19306.0,19046.3,20350.0,20226.6,633310.187
0.00656817,-0.00981775,1656979200,0.0057234,-0.0002259,20226.3,19291.6,20749.2,20170.0,854238.867
0.00756836,-0.00083908,1657065600,0.00327856,0.0057234,20170.1,19753.0,20667.6,20554.1,682076.458
0.0117253,-0.00544444,1657152000,-0.00385763,0.00327856,20554.2,20244.9,21830.0,21613.4,699841.616
0.00974726,-0.00840846,1657238400,0.00322557,-0.00385763,21614.5,21175.2,22579.9,21587.9,848144.495
0.0035646,-0.00160119,1657324800,0.00140172,0.00322557,21587.8,21309.6,22000.0,21580.0,393372.366
0.00495854,-0.00295088,1657411200,-0.00045034,0.00140172,21580.0,20600.0,21594.2,20853.8,468176.539
0.0073179,-0.00103384,1657497600,0.00595525,-0.00045034,20853.8,19870.0,20853.9,19954.3,561245.987
0.00936578,-0.00418655,1657584000,0.00103922,0.00595525,19954.3,19228.3,20048.9,19322.9,640560.723
0.00511355,-0.00450716,1657670400,-0.00027514,0.00103922,19322.9,18901.0,20401.6,20220.1,975938.165
0.00653271,-0.01064541,1657756800,0.00269862,-0.00027514,20220.1,19600.0,20900.0,20578.6,765989.53
0.00595673,-0.0064242,1657843200,0.00310108,0.00269862,20578.6,20364.3,21200.0,20823.1,626763.692
0.00524221,-0.006366,1657929600,0.00311886,0.00310108,20823.1,20471.0,21580.0,21183.5,539206.87
0.00876762,0.00073926,1658016000,0.00756871,0.00311886,21183.6,20742.0,21674.1,20794.4,485537.728
0.00963323,0.00306841,1658102400,0.00871035,0.00756871,20794.4,20764.4,22800.0,22423.9,982867.734
0.01074212,-0.00321833,1658188800,0.00620824,0.00871035,22423.5,21575.0,23817.9,23385.9,1124029.082
0.00982521,0.00014321,1658275200,0.009002,0.00620824,23385.9,22912.4,24277.0,23221.5,946647.815
0.01068992,-0.0012123,1658361600,0.00235708,0.009002,23221.5,22340.2,23441.1,23144.5,723543.466
0.00997889,-0.00233725,1658448000,0.00501658,0.00235708,23144.5,22500.0,23750.0,22675.1,633907.934
0.00863973,-0.00193608,1658534400,0.00384025,0.00501658,22675.0,21933.5,22990.0,22440.2,505887.673
0.0065633,-0.00221198,1658620800,0.00503141,0.00384025,22440.1,22256.4,22999.0,22570.6,462958.953
0.00722099,-0.00231325,1658707200,0.00600777,0.00503141,22570.6,21232.0,22656.8,21300.0,695770.655
0.0082484,-0.00204425,1658793600,0.00358688,0.00600777,21300.0,20689.6,21334.4,21241.0,552498.903
0.00625852,-0.00976799,1658880000,0.00556845,0.00358688,21241.0,21031.0,23100.0,22941.1,753370.303
0.01120256,-0.00316498,1658966400,0.00676083,0.00556845,22941.1,22583.1,24194.6,23836.2,756741.836
0.01147538,0.00331763,1659052800,0.00628478,0.00676083,23836.2,23426.3,24500.0,23771.1,642337.051
0.00805782,-0.00030123,1659139200,0.00382174,0.00628478,23771.0,23505.0,24700.0,23629.9,493824.816
0.00618247,-0.00164216,1659225600,0.00371919,0.00382174,23630.0,23222.0,24187.3,23290.1,385969.85
0.00808635,0.00169,1659312000,0.00761061,0.00371919,23290.1,22836.2,23497.0,23257.6,498378.292
0.00856868,-0.00447075,1659398400,0.00066101,0.00761061,23257.6,22603.0,23448.7,22975.1,625227.912
0.00537958,-0.00470703,1659484800,-0.00171304,0.00066101,22975.1,22665.3,23650.0,22801.5,569261.768
0.00420587,-0.00850386,1659571200,-0.00038225,-0.00171304,22801.5,22370.0,23211.3,22608.9,548268.816
0.0069612,-0.00610573,1659657600,0.00265126,-0.00038225,22608.9,22580.6,23450.0,23298.1,593992.13
0.00670071,-0.0023305,1659744000,0.00585672,0.00265126,23298.0,22883.6,23341.8,22943.3,227659.394
0.00585672,-0.00296337,1659830400,0.00333305,0.00585672,22943.2,22830.9,23400.0,23167.8,271512.062
0.00683904,-0.00074592,1659916800,0.00299073,0.00333305,23167.9,23153.1,24243.0,23804.4,565084.219
0.00809732,-0.00121942,1660003200,0.00094054,0.00299073,23804.3,22850.0,23913.4,23140.2,498286.943
0.00892082,-0.00444363,1660089600,0.00482338,0.00094054,23140.1,22608.0,24235.2,23940.9,760738.204
0.00903424,0.00102831,1660176000,0.00625646,0.00482338,23941.0,23840.6,24972.0,23917.2,760455.245
0.00757732,-0.0018001,1660262400,0.00273255,0.00625646,23917.3,23560.0,24438.8,24387.5,477734.045
0.00832106,-0.0002081,1660348800,0.00067032,0.00273255,24387.5,24267.5,24879.0,24429.0,431093.659
0.00432621,-0.00267376,1660435200,0.00154878,0.00067032,24429.0,24138.0,25065.0,24294.1,437314.32
0.00640475,-0.00132157,1660521600,0.00463468,0.00154878,24294.1,23762.0,25200.0,24085.2,739390.721
0.00951975,0.00180223,1660608000,0.00394925,0.00463468,24085.2,23650.0,24234.0,23843.0,460919.994
0.00957764,-0.00034074,1660694400,0.00506505,0.00394925,23843.0,23170.0,24437.0,23333.1,640600.903
0.00790524,0.0016536,1660780800,0.00674166,0.00506505,23333.1,23101.0,23595.0,23185.1,347699.006
0.00674166,-0.0058793,1660867200,0.00013963,0.00674166,23185.0,20760.0,23200.0,20824.9,906609.825
0.00077404,-0.01426355,1660953600,-0.00041785,0.00013963,20825.0,20742.9,21368.9,21127.8,490507.042
0.00537868,-0.00823274,1661040000,-0.005563,-0.00041785,21127.7,21055.0,21804.6,21505.6,424282.424
0.00537086,-0.00857093,1661126400,0.00044406,-0.005563,21505.6,20858.6,21550.0,21387.0,588764.597
0.00230198,-0.0050069,1661212800,-0.00179887,0.00044406,21387.0,20874.8,21667.2,21518.2,609745.27
0.00319264,-0.00523911,1661299200,-0.00460644,-0.00179887,21518.2,21132.3,21925.6,21354.9,502728.198
0.00397681,-0.00958454,1661385600,0.00181015,-0.00460644,21355.0,21295.3,21810.9,21548.3,415757.992
0.00735958,-0.00380989,1661472000,-0.00204215,0.00181015,21548.3,20100.0,21867.6,20228.7,896474.356
0.00055086,-0.00914285,1661558400,-0.00190401,-0.00204215,20228.7,19744.0,20367.7,20023.9,469598.024
-0.00036282,-0.00687415,1661644800,-0.00542125,-0.00190401,20024.0,19508.0,20155.0,19547.5,386405.195
0.00137919,-0.0105653,1661731200,-0.00226925,-0.00542125,19547.5,19539.4,20440.0,20275.5,598076.669
0.00249408,-0.00546997,1661817600,0.0018597,-0.00226925,20275.5,19524.4,20574.0,19803.1,767714.993
0.00783541,-0.00379205,1661904000,0.0065569,0.0018597,19803.2,19787.9,20496.0,20041.5,711639.339
0.00672721,-0.00093808,1661990400,0.00381107,0.0065569,20041.4,19555.0,20198.3,20122.5,691594.721
0.00664686,-0.00637515,1662076800,-0.00041273,0.00381107,20122.6,19736.0,20434.3,19941.0,669047.816
0.00542628,-0.00401114,1662163200,0.00006347,-0.00041273,19941.0,19628.7,20050.0,19820.7,285240.989
0.00586485,-0.00295157,1662249600,-0.00026955,0.00006347,19820.7,19570.0,20022.4,19992.7,396798.184
0.00622185,-0.00257402,1662336000,0.00265566,-0.00026955,19992.7,19620.2,20046.7,19784.9,446706.41
0.00861699,-0.00549357,1662422400,-0.00388734,0.00265566,19784.9,18600.0,20174.7,18781.5,945489.142
0.0044849,-0.01046424,1662508800,-0.00104262,-0.00388734,18781.4,18500.0,19455.0,19287.0,595636.693
0.0038502,-0.00169484,1662595200,0.00086029,-0.00104262,19287.0,19003.8,19450.0,19309.3,537268.644
0.00818317,-0.00379576,1662681600,0.00296186,0.00086029,19309.3,19283.0,21666.0,21352.0,992497.1
0.00722376,-0.00037405,1662768000,0.00316362,0.00296186,21352.0,21112.2,21825.0,21639.5,491543.206
0.00707583,-0.0026563,1662854400,0.00359618,0.00316362,21639.5,21336.0,21883.4,21820.3,420979.326
0.00795349,-0.00049482,1662940800,0.00406724,0.00359618,21820.3,21540.0,22474.0,22386.0,818601.932
0.00875016,-0.00584674,1663027200,-0.00323578,0.00406724,22386.0,19840.0,22850.0,20162.5,1218769.927
0.0041147,-0.00643609,1663113600,-0.00256413,-0.00323578,20162.6,19600.0,20528.5,20217.0,661802.597
0.00595756,-0.00585991,1663200000,0.00375726,-0.00256413,20217.0,19453.0,20315.0,19690.8,665862.067
0.00671641,-0.0021637,1663286400,0.0037896,0.00375726,19690.8,19300.0,19878.0,19792.5,544608.804
0.00490247,-0.01212192,1663372800,0.00134588,0.0037896,19792.4,19739.4,20182.6,20102.0,334678.558
0.00815343,-0.00141685,1663459200,0.0046179,0.00134588,20102.0,19325.8,20105.3,19404.5,499916.474
0.0046179,-0.012844,1663545600,0.00330732,0.0046179,19404.5,18215.0,19686.3,19528.6,993776.352
0.00524847,-0.00270552,1663632000,0.00478584,0.00330732,19528.6,18690.1,19625.0,18866.8,794623.932
0.01829177,-0.03003966,1663718400,-0.00707152,0.00478584,18866.7,18084.3,20154.1,18447.5,1168068.979
0.00433982,-0.01231473,1663804800,0.00078679,-0.00707152,18447.5,18345.2,19504.8,19392.5,852898.391
0.00363553,-0.00555239,1663891200,-0.00029757,0.00078679,19392.5,18518.5,19492.0,19280.7,838493.746
0.00589826,-0.00310816,1663977600,0.00324183,-0.00029757,19280.7,18798.0,19304.5,18911.0,377158.215
0.0047367,0.00026045,1664064000,0.00114813,0.00324183,18910.9,18621.0,19196.0,18799.7,410461.603
0.00499069,-0.00341654,1664150400,-0.00017331,0.00114813,18799.7,18671.0,19311.5,19216.3,777807.518
0.00773082,-0.00395043,1664236800,0.0029261,-0.00017331,19216.3,18801.5,20375.0,19070.1,1300566.158
0.00977149,-0.0009682,1664323200,0.00295173,0.0029261,19070.1,18460.0,19787.6,19407.3,1141222.772
0.00695454,-0.00120101,1664409600,0.00649091,0.00295173,19407.4,18827.2,19648.8,19582.5,991678.224
0.00717711,-0.00341004,1664496000,-0.00025287,0.00649091,19582.5,19066.0,20172.7,19411.7,1071462.934
0.00802861,-0.00296698,1664582400,0.00412432,-0.00025287,19411.6,19140.0,19474.0,19304.0,294457.009
0.00587421,0.0010357,1664668800,0.00258655,0.00412432,19304.0,18896.0,19389.0,19049.4,414970.451
0.00831909,0.00021826,1664755200,0.0038014,0.00258655,19049.3,18950.8,19723.7,19622.0,621816.329
0.00480778,-0.00238023,1664841600,0.00218344,0.0038014,19621.9,19480.1,20500.0,20333.0,796678.762
0.00602323,-0.00053673,1664928000,0.00360833,0.00218344,20332.9,19707.0,20356.1,20150.0,719577.149
0.00691678,-0.0003022,1665014400,0.00603772,0.00360833,20149.9,19843.3,20443.9,19954.0,782034.669
0.00790592,0.00244582,1665100800,0.0025224,0.00603772,19954.0,19304.4,20067.0,19520.9,673407.102
0.006684,-0.00170829,1665187200,0.00170062,0.0025224,19520.9,19200.0,19619.6,19406.2,253257.201
0.00434346,-0.00351739,1665273600,0.00370322,0.00170062,19406.3,19310.0,19550.0,19430.0,267178.795
0.01006594,0.00045138,1665360000,0.00732969,0.00370322,19430.0,19000.0,19513.0,19124.0,560920.904
0.00843467,0.00415038,1665446400,0.00763232,0.00732969,19124.1,18850.0,19260.0,19055.0,603358.324
0.00857662,0.00342516,1665532800,0.00512356,0.00763232,19055.0,18924.3,19240.0,19148.0,406770.288
0.00709365,-0.00451072,1665619200,0.00115572,0.00512356,19148.1,17917.8,19498.6,19365.5,1104615.001
0.00802089,-0.0041425,1665705600,0.00445587,0.00115572,19365.4,19059.6,19947.9,19164.6,861453.21
0.00688968,-0.00046091,1665792000,0.00256082,0.00445587,19164.6,18966.0,19218.8,19060.4,241520.185
0.00546268,-0.00187286,1665878400,0.00320678,0.00256082,19060.4,19058.0,19415.9,19251.9,267921.192
0.00591264,-0.00419509,1665964800,0.00393375,0.00320678,19251.8,19148.0,19666.0,19540.6,502319.759
0.00864257,-0.00500796,1666051200,0.00593069,0.00393375,19540.7,19081.0,19706.4,19320.9,634343.154
0.00840287,0.00368816,1666137600,0.00718264,0.00593069,19320.9,19050.0,19349.8,19116.7,404370.458
0.00785471,-0.00090661,1666224000,0.00317407,0.00718264,19116.6,18882.4,19350.0,19034.7,537627.048
0.00675987,0.0012474,1666310400,0.00298409,0.00317407,19034.8,18600.0,19240.0,19150.9,581878.905
0.00828617,-0.0061031,1666396800,0.00203468,0.00298409,19151.0,19103.5,19250.0,19195.1,174055.042
0.00617364,-0.00180606,1666483200,0.00486387,0.00203468,19195.1,19050.0,19690.0,19560.7,358611.542
0.00803747,-0.00261333,1666569600,0.00219951,0.00486387,19560.6,19146.0,19593.3,19318.1,476676.536
0.00654432,-0.00615542,1666656000,-0.00024511,0.00219951,19318.1,19228.0,20415.0,20068.3,777306.534
0.00518148,-0.00533705,1666742400,-0.00048914,-0.00024511,20068.3,20041.1,21030.0,20758.3,841864.982
0.00615273,-0.00299536,1666828800,0.00227564,-0.00048914,20758.4,20170.0,20863.7,20285.5,614910.045
0.00629788,-0.00385053,1666915200,-0.00018582,0.00227564,20285.6,19951.0,20740.0,20582.8,595538.882
0.00628146,-0.00107871,1667001600,0.00047371,-0.00018582,20582.7,20547.8,21088.0,20796.7,482217.17
0.0072032,-0.0044768,1667088000,0.00296394,0.00047371,20796.7,20503.0,20925.2,20615.6,295389.69
0.00820252,-0.00168631,1667174400,0.00041731,0.00296394,20615.5,20225.4,20838.7,20482.0,478797.266
0.00466002,-0.00354083,1667260800,0.00249425,0.00041731,20482.1,20320.0,20687.0,20472.1,314676.187
0.0054124,-0.00171381,1667347200,0.00025707,0.00249425,20472.1,20050.0,20796.0,20140.1,651535.761
0.00713589,-0.00283956,1667433600,0.00436817,0.00025707,20140.2,20026.0,20400.0,20199.7,372121.061
0.00800867,-0.00700574,1667520000,0.00206244,0.00436817,20199.8,20171.6,21297.0,21137.6,824515.215
0.00570145,-0.00005456,1667606400,0.00232654,0.00206244,21137.6,21071.1,21473.7,21289.9,303983.372
0.00749807,0.0007118,1667692800,0.00749807,0.00232654,21289.8,20863.3,21355.8,20900.0,277148.646
0.01152046,0.00169408,1667779200,0.00449984,0.00749807,20900.0,20374.0,21062.6,20578.6,554408.316
0.00449984,0.00449984,1667865600,0.00449984,0.00449984,20578.5,16830.0,20685.0,18534.0,2046476.313
0.06655356,-0.09673308,1667952000,-0.09098929,-0.01523771,18533.9,15462.6,18574.9,15905.0,2065606.412
0.10798481,-0.09098929,1668038400,-0.0183172,-0.09098929,15905.0,15730.0,18230.0,17588.0,1497093.602
0.01468018,-0.06957273,1668124800,-0.01419827,-0.0183172,17588.0,16343.0,17678.0,17058.3,955344.602
-0.00258791,-0.02324275,1668211200,-0.01635917,-0.01419827,17058.4,16623.8,17110.8,16806.9,304455.717
0.00067743,-0.02300398,1668297600,0.0002528,-0.01635917,16806.9,16210.3,16950.0,16321.2,349742.836
0.00700857,-0.03528624,1668384000,-0.00079019,0.0002528,16321.3,15805.5,17188.0,16605.2,934392.484
-0.00079019,-0.02966082,1668470400,-0.02203477,-0.00079019,16605.3,16516.7,17127.2,16888.3,649349.458
0.00968034,-0.02495192,1668556800,-0.00270859,-0.02203477,16888.3,16358.0,17007.4,16650.6,537241.645
0.00003246,-0.01892031,1668643200,-0.0178042,-0.00270859,16650.7,16403.3,16741.7,16682.1,408989.285
0.01098467,-0.0178042,1668729600,0.00719049,-0.0178042,16682.1,16541.1,16984.4,16689.7,388612.842
0.00928653,-0.00705301,1668816000,-0.00629628,0.00719049,16689.7,16543.8,16814.5,16692.9,171822.915
0.01201797,-0.00755658,1668902400,0.01201797,-0.00629628,16693.0,16167.1,16743.9,16272.6,327599.214
0.01407588,-0.0063122,1668988800,-0.0063122,0.01201797,16272.7,15443.2,16304.3,15773.0,790219.365
0.00909364,-0.01747791,1669075200,0.0042701,-0.0063122,15772.9,15610.3,16309.0,16220.6,579333.644
0.006887,-0.01712641,1669161600,0.00353697,0.0042701,16220.5,16155.5,16703.4,16595.8,546714.91
0.00636798,-0.01725421,1669248000,-0.00733203,0.00353697,16595.8,16450.0,16800.0,16592.4,351024.418
0.00669113,-0.00533356,1669334400,0.00128985,-0.0013008,16592.5,16331.7,16639.9,16516.1,306560.116
0.00510195,-0.01518434,1669420800,-0.00512392,0.00128985,16516.2,16369.1,16699.1,16449.2,253401.659
0.0040033,-0.01073137,1669507200,0.0011801,-0.00512392,16449.2,16396.0,16594.2,16422.6,189370.345
0.00450911,-0.00495797,1669593600,0.00267807,0.0011801,16422.5,15984.1,16475.0,16204.5,497137.869
0.00402555,-0.0066576,1669680000,-0.00050877,0.00267807,16204.6,16088.0,16543.0,16433.2,391410.854
0.00785983,-0.00112534,1669766400,-0.00069108,-0.00050877,16433.3,16421.5,17248.3,17153.3,620324.95
0.01025657,-0.01757474,1669852800,0.00725539,-0.00069108,17153.4,16851.2,17348.5,16970.5,411051.309
0.00766975,-0.01049552,1669939200,0.00370855,0.00725539,16970.5,16760.0,17096.3,17083.0,335039.215
0.00853482,-0.00146748,1670025600,0.00028018,0.00370855,17083.0,16850.1,17160.0,16879.5,185257.242
0.00938701,-0.00484792,1670112000,-0.00408893,0.00028018,16879.5,16874.1,17206.2,17099.5,292090.868
0.00435378,-0.01219314,1670198400,-0.0009474,-0.00408893,17099.5,16860.6,17430.0,16958.3,519961.39
0.00710133,-0.00410335,1670284800,0.00707664,-0.0009474,16958.2,16899.9,17100.0,17078.6,321330.613
0.00862736,-0.00613429,1670371200,-0.00140617,0.00707664,17078.7,16655.0,17130.0,16828.0,337778.925
0.00164242,-0.00916089,1670457600,-0.00153419,-0.00140617,16828.0,16710.4,17294.9,17216.0,402157.335
0.00657975,-0.0064475,1670544000,0.00109649,-0.00153419,17216.0,17052.0,17365.4,17122.0,290231.183
0.00464225,-0.01750286,1670630400,-0.01251515,0.00109649,17122.0,17081.0,17228.6,17120.0,141895.207
0.0085547,-0.01251515,1670716800,0.00509665,-0.01251515,17120.1,17060.0,17265.0,17077.3,171004.111
0.00509665,-0.00742415,1670803200,0.00017427,0.00509665,17077.3,16865.0,17237.9,17200.0,335856.258
0.00943106,-0.0083943,1670889600,0.00528507,0.00017427,17200.0,17076.0,18100.0,17777.1,596851.291
0.01329699,-0.01852607,1670976000,0.00152077,0.00528507,17777.1,17659.4,18400.0,17803.9,627511.699
0.01126387,-0.00185152,1671062400,0.00682626,0.00152077,17804.0,17258.0,17849.5,17351.8,437284.037
0.00878042,-0.01394912,1671148800,-0.00027138,0.00682626,17351.9,16521.1,17528.0,16624.1,622150.245
0.00605108,-0.00625436,1671235200,0.00010051,-0.00027138,16624.1,16571.8,16790.0,16768.0,248465.273
0.01896998,-0.01021687,1671321600,0.000614,0.00010051,16768.1,16656.0,16872.0,16730.3,185898.213
0.01004649,-0.00726351,1671408000,0.0081661,0.000614,16730.4,16210.0,16809.6,16429.2,344728.552
0.0081661,-0.00321371,1671494400,0.0061908,0.0081661,16429.2,16390.3,17049.6,16887.2,476171.098
0.01034031,0.00087856,1671580800,0.00384092,0.0061908,16887.3,16694.2,16924.2,16819.6,227752.335
0.01130816,0.00384092,1671667200,0.01119433,0.00384092,16819.7,16556.1,16861.9,16815.5,306610.961
0.01693854,0.00225098,1671753600,0.01110456,0.01119433,16815.5,16690.0,16960.0,16776.4,264553.42
0.01113426,0.00003784,1671840000,0.00493039,0.01110456,16776.3,16774.4,16859.9,16828.9,82410.79
0.00700957,-0.00122927,1671926400,0.00688744,0.00493039,16829.0,16700.0,16850.0,16824.4,144075.843
0.01043561,-0.00147814,1672012800,0.00909378,0.00688744,16824.5,16781.1,16936.8,16912.9,148128.699
0.01527333,-0.00410115,1672099200,0.00831435,0.00909378,16912.8,16580.0,16968.0,16698.2,262828.564
0.01094896,0.00469367,1672185600,0.00982791,0.00831435,16698.2,16455.6,16778.3,16539.0,344649.858
0.01059822,-0.00063863,1672272000,0.0081573,0.00982791,16538.9,16485.1,16659.0,16630.3,208591.531
0.01395543,0.00529547,1672358400,0.01236511,0.0081573,16630.3,16320.0,16666.6,16601.2,295630.49
0.01845358,0.00295783,1672444800,0.00972396,0.01236511,16601.2,16461.8,16640.0,16537.6,134462.156
0.01775028,0.00039133,1672531200,0.00042387,0.00972396,16537.5,16488.0,16618.8,16610.3,105502.965
0.00756817,-0.00494908,1672617600,0.00744325,0.00042387,16610.4,16541.2,16799.0,16666.0,215161.176
0.00915335,-0.0010355,1672704000,0.00721977,0.00744325,16665.9,16600.3,16774.0,16667.2,203070.205
0.01066657,0.0025673,1672790400,0.00782907,0.00721977,16667.3,16645.7,16984.6,16842.1,349747.838
0.00782907,0.0018441,1672876800,0.00311832,0.00782907,16842.2,16740.4,16872.8,16823.8,176369.347
0.01084189,0.0020866,1672963200,0.00232504,0.00311832,16823.8,16664.8,17030.0,16943.8,316973.629
0.01198285,-0.00500894,1673049600,0.00584694,0.00232504,16943.9,16900.1,16973.6,16936.5,77973.105
0.01087455,-0.00006612,1673136000,0.00518257,0.00584694,16936.5,16905.0,17181.1,17124.7,157717.318
0.00855381,-0.0055363,1673222400,0.00053816,0.00518257,17124.6,17098.2,17387.8,17169.7,400277.809
0.01147464,-0.01204978,1673308800,-0.00696862,0.00053816,17169.6,17140.4,17485.4,17428.8,297320.371
0.00740696,-0.00696862,1673395200,0.00267812,-0.00696862,17428.8,17306.4,18013.2,17935.7,386277.106
0.016002,0.00089473,1673481600,0.00366905,0.00267812,17935.6,17902.4,19120.0,18838.0,1040334.76
0.00693382,-0.01372156,1673568000,-0.00096651,0.00366905,18838.1,18711.0,19997.8,19924.2,806807.832
0.04791706,-0.00096651,1673654400,0.01612622,-0.00096651,19924.3,19882.6,21544.0,20962.8,1010666.683
0.02071655,0.00567217,1673740800,0.00995559,0.01612622,20962.8,20556.0,21073.8,20882.7,428486.559
0.01491029,0.00533598,1673827200,0.01038347,0.00995559,20882.7,20606.6,21498.0,21188.3,666148.201
0.01372534,0.00308108,1673913600,0.00330622,0.01038347,21188.2,20827.8,21640.0,21130.9,547390.593
0.01092107,-0.00399316,1674000000,0.01014027,0.00330622,21130.8,20386.0,21672.0,20680.0,813785.517
0.01696793,0.00254251,1674086400,0.002613,0.01014027,20680.1,20659.9,21183.9,21068.3,374733.617
0.00859497,-0.00481947,1674172800,0.00756781,0.002613,21068.3,20856.4,22750.0,22661.1,723645.2
0.01431196,0.00223939,1674259200,0.01089182,0.00756781,22661.0,22422.0,23390.0,22781.9,764681.1
0.01490443,0.00367335,1674345600,0.00935416,0.01089182,22781.8,22287.0,23080.2,22704.6,482529.811
0.01105868,0.00501208,1674432000,0.0102881,0.00935416,22704.7,22500.0,23193.1,22913.1,525802.84
0.01217369,0.00744184,1674518400,0.00994101,0.0102881,22913.3,22450.0,23158.7,22627.4,505615.816
0.01381279,0.00623717,1674604800,0.0115332,0.00994101,22627.5,22310.5,23837.4,23060.6,692786.607
0.01249793,0.00706895,1674691200,0.00891904,0.0115332,23060.6,22843.8,23278.7,23001.9,427760.786
0.01421134,0.00396456,1674777600,0.00853613,0.00891904,23001.9,22516.6,23500.0,23068.0,509920.307
0.01155544,0.00640392,1674864000,0.0066714,0.00853613,23068.1,22870.8,23185.0,23015.9,186400.943
0.01403014,0.00501097,1674950400,0.01313315,0.0066714,23016.0,22961.5,23962.7,23740.3,562028.231
0.01313315,0.00624998,1675036800,0.00944205,0.01313315,23740.2,22484.2,23804.6,22819.9,572537.407
0.00944205,0.00433951,1675123200,0.00891495,0.00944205,22819.9,22715.3,23330.0,23119.4,403726.966
0.01316842,0.00363811,1675209600,0.01304653,0.00891495,23119.5,22747.0,23852.4,23730.0,571429.711
0.01682541,0.01010927,1675296000,0.01209547,0.01304653,23730.1,23365.0,24281.4,23493.1,615740.338
0.01395236,0.00537545,1675382400,0.00856106,0.01209547,23493.0,23201.0,23719.9,23424.7,470831.438
0.01135262,0.00435407,1675468800,0.00669378,0.00856106,23424.7,23250.0,23591.4,23322.6,197118.393
0.01211832,0.00206408,1675555200,0.0088916,0.00669378,23322.6,22741.0,23436.0,22929.2,356665.034
0.01235928,0.00845311,1675641600,0.00847738,0.0088916,22929.3,22600.0,23159.4,22757.7,417160.143
0.01170493,0.00033161,1675728000,0.009675,0.00847738,22757.8,22742.4,23368.6,23234.1,447273.494
0.01183146,0.00418971,1675814400,0.00733285,0.009675,23234.1,22662.9,23450.0,22955.9,383465.481
0.01178299,0.00545618,1675900800,0.00961429,0.00733285,22955.9,21684.7,23007.8,21793.4,732295.35
0.01286778,0.00279188,1675987200,0.0055365,0.00961429,21793.3,21405.0,21933.8,21618.6,439986.497
0.00721849,-0.00465034,1676073600,0.00349543,0.0055365,21618.6,21594.4,21891.9,21851.3,189249.667
0.00527505,-0.0041503,1676160000,-0.00066324,0.00349543,21851.2,21618.0,22080.9,21771.1,276787.093
0.01046525,-0.00066324,1676246400,0.00835453,-0.00066324,21771.0,21338.0,21888.0,21766.2,511595.693
0.01300956,0.00285382,1676332800,0.00484042,0.00835453,21766.1,21485.2,22320.0,22187.4,598791.509
0.01387727,-0.00399853,1676419200,0.01373937,0.00484042,22187.4,22038.5,24420.0,24332.6,824676.471
0.03968138,0.01366503,1676505600,0.01378701,0.01373937,24332.7,23518.0,25290.0,23526.6,959463.159
0.01460879,0.00387869,1676592000,0.01454408,0.01378701,23526.6,23350.0,25043.2,24581.5,922717.148
0.01679727,0.00840219,1676678400,0.01109135,0.01454408,24581.3,24430.6,24887.5,24636.9,261555.556
0.02211855,0.00723471,1676764800,0.00780064,0.01109135,24636.8,24179.4,25200.0,24265.9,543506.628
0.01531459,0.00744002,1676851200,0.01478776,0.00780064,24265.9,23827.0,25140.0,24849.9,646401.072
0.01872594,0.00534177,1676937600,0.00984512,0.01478776,24849.9,24150.0,25347.6,24443.4,729290.575
0.0104865,0.00330685,1677024000,0.00937519,0.00984512,24443.3,23572.0,24468.5,24171.3,730414.101
0.0115582,0.0029338,1677110400,0.00657705,0.00937519,24171.3,23590.0,24588.0,23928.8,751339.414
0.01252554,-0.00386499,1677196800,0.00295054,0.00657705,23928.7,22800.0,24138.6,23175.6,731577.942
0.00960357,0.00225644,1677283200,0.00789835,0.00295054,23175.5,22700.0,23210.5,23146.2,310795.648
0.01119084,0.00396741,1677369600,0.01071351,0.00789835,23146.2,23050.0,23675.0,23545.3,371395.056
0.01071351,-0.00142806,1677456000,0.00487846,0.01071351,23545.2,23088.0,23888.0,23480.0,576754.966
0.00684445,-0.000631,1677542400,0.00119735,0.00487846,23480.0,23010.0,23592.8,23129.6,456919.838
0.01590458,-0.00100167,1677628800,0.00898177,0.00119735,23129.7,23008.4,24022.7,23619.8,617250.311
0.01197543,0.00505025,1677715200,0.00940759,0.00898177,23619.8,23183.0,23790.5,23457.1,419256.601
0.0102691,-0.0079447,1677801600,0.00209774,0.00940759,23457.1,21883.2,23468.5,22342.8,608518.137
0.00507301,-0.00336352,1677888000,0.00420336,0.00209774,22342.8,22147.5,22400.0,22335.7,175309.211
0.0049741,-0.00612544,1677974400,0.00020955,0.00420336,22335.8,22174.9,22650.0,22419.4,282261.745
0.0067334,-0.00368235,1678060800,-0.00048344,0.00020955,22419.3,22240.1,22594.5,22397.1,298976.397
0.00751365,-0.00048344,1678147200,0.00580361,-0.00048344,22397.1,21908.0,22550.0,22187.1,548494.099
0.00934613,-0.00110935,1678233600,0.00861091,0.00580361,22187.1,21540.5,22276.4,21695.4,547867.967
0.01082018,-0.00749626,1678320000,-0.00742767,0.00861091,21695.3,20003.5,21823.0,20348.3,951903.36
0.00164936,-0.0117679,1678406400,-0.00782553,-0.00742767,20348.4,19521.6,20351.8,20140.3,1238135.265
-0.0031945,-0.0362405,1678492800,-0.01783708,-0.00782553,20140.3,19752.5,20674.5,20447.3,753479.558
0.0009745,-0.05613295,1678579200,-0.02792037,-0.01783708,20447.3,20262.2,22184.0,21986.2,881522.402
0.03057998,-0.02792037,1678665600,0.02033221,-0.02792037,21986.2,21804.0,24517.2,24119.5,1534982.176
0.03016116,-0.00827861,1678752000,0.00872557,0.02033221,24119.5,23951.0,26489.9,24682.5,1572562.635
0.02307424,0.00477195,1678838400,0.00569791,0.00872557,24682.5,23888.0,25200.0,24288.0,1102056.429
0.0084199,0.00056954,1678924800,0.00568449,0.00569791,24287.9,24120.5,25167.9,24990.4,735446.946
0.01220266,0.00185851,1679011200,0.01072577,0.00568449,24990.5,24875.3,27763.4,27384.0,1341159.064
0.01443512,0.00757672,1679097600,0.00844927,0.01072577,27383.9,26555.5,27726.4,26907.0,740232.316
0.01112631,0.004988,1679184000,0.00976877,0.00844927,26907.0,26815.9,28397.0,27955.7,759367.078
0.01078349,0.00362966,1679270400,0.00763012,0.00976877,27955.8,27120.6,28483.2,27704.1,937223.448
0.00829144,-0.0108462,1679356800,-0.00194502,0.00763012,27704.1,27288.0,28460.0,28091.1,685487.714
0.01440387,-0.00505798,1679443200,-0.00300907,-0.00194502,28091.1,26590.0,28881.0,27233.8,1080393.27
0.01078356,-0.00419952,1679529600,0.00769303,-0.00300907,27233.8,27101.0,28777.0,28284.1,808174.047
0.01095343,-0.00155555,1679616000,-0.00149915,0.00769303,28284.0,26960.0,28369.1,27438.9,696075.37
0.00485456,-0.00647759,1679702400,0.00125139,-0.00149915,27439.0,27131.8,27788.0,27447.3,335674.055
0.00689615,-0.0022844,1679788800,0.00416967,0.00125139,27447.2,27400.0,28186.9,27954.3,399756.985
0.00603715,-0.00313903,1679875200,0.00063816,0.00416967,27954.3,26480.0,28019.4,27112.0,642434.822
0.00784127,-0.0065089,1679961600,0.00513166,0.00063816,27112.0,26610.0,27500.0,27249.7,585080.772
0.01383399,-0.0007533,1680048000,0.0053216,0.00513166,27249.7,27223.6,28649.9,28338.5,655852.971
0.01115698,-0.00060287,1680134400,0.00068261,0.0053216,28338.6,27654.1,29184.8,28015.0,770966.1
0.01186804,-0.00660302,1680220800,0.00725049,0.00068261,28015.0,27500.0,28675.3,28454.9,611557.29
0.01288483,0.00351174,1680307200,0.00423947,0.00725049,28454.8,28180.0,28845.3,28443.8,256487.222
0.00738732,0.00059374,1680393600,0.0055837,0.00423947,28443.7,27820.0,28516.5,28161.2,316658.67
0.00757975,-0.00638502,1680480000,-0.0045282,0.0055837,28161.3,27166.0,28540.0,27786.1,741665.563
0.00385737,-0.01023993,1680566400,0.00256844,-0.0045282,27786.1,27650.2,28450.0,28155.2,432370.612
0.01059315,-0.005978,1680652800,0.00363735,0.00256844,28155.1,27775.0,28800.0,28154.0,543712.838
0.00467304,-0.00528118,1680739200,0.00098005,0.00363735,28154.0,27684.2,28175.0,28022.8,355916.782
0.0036293,-0.00279089,1680825600,-0.00009772,0.00098005,28022.9,27755.0,28096.0,27890.7,219250.178
0.00731422,-0.00880879,1680912000,0.0011833,-0.00009772,27890.7,27850.1,28153.6,27924.9,159129.56
0.00822768,-0.00414939,1680998400,0.0080671,0.0011833,27924.9,27762.8,28539.1,28309.4,305861.88
0.00946887,-0.00081207,1681084800,0.00911136,0.0080671,28309.4,28153.6,29840.0,29623.1,580061.925
0.01267344,0.00606904,1681171200,0.0093359,0.00911136,29623.1,29573.9,30564.0,30185.1,628978.491
0.0093359,-0.00000345,1681257600,0.00670645,0.0093359,30185.1,29620.0,30480.0,29875.0,563668.43
0.01080194,0.00185656,1681344000,0.00433207,0.00670645,29874.9,29836.7,30648.9,30362.7,436182.494
0.01530176,-0.00258314,1681430400,-0.00243158,0.00433207,30362.7,29925.0,31059.0,30453.1,615391.615
0.01228266,-0.01123739,1681516800,0.01078059,-0.00243158,30453.0,30186.0,30599.9,30280.4,180234.082
0.01157284,0.00532692,1681603200,0.00980433,0.01078059,30280.4,30102.0,30560.0,30286.6,210226.019
0.01111583,-0.00027646,1681689600,0.00386625,0.00980433,30286.6,29219.9,30307.4,29420.0,455518.548
0.01066794,-0.00120268,1681776000,0.0103293,0.00386625,29420.1,29078.1,30480.0,30365.8,533189.27
0.0103293,-0.00229279,1681862400,0.00568379,0.0103293,30365.8,28557.3,30410.0,28795.1,643866.11
0.01034847,0.00347149,1681948800,0.00847362,0.00568379,28795.0,27983.0,29078.0,28229.9,639179.286
0.0116569,0.00699435,1682035200,0.00917459,0.00847362,28229.9,27100.0,28368.9,27252.5,687832.833
0.01030422,-0.00245295,1682121600,0.00106377,0.00917459,27252.6,27126.0,27888.0,27807.2,345549.021
0.00765076,-0.00249482,1682208000,0.00741082,0.00106377,27807.2,27279.7,27807.3,27576.0,332082.355
0.00762838,0.00120177,1682294400,0.00395705,0.00741082,27575.9,26919.3,28000.0,27497.5,581268.268
0.00913922,0.00208223,1682380800,0.00508322,0.00395705,27497.4,27176.6,28379.9,28286.7,508254.515
0.011908,-0.00724511,1682467200,0.001396,0.00508322,28286.7,27200.0,30048.2,28395.9,1284924.668
0.007419,-0.001172,1682553600,0.006322,0.001396,28396.0,28365.3,29898.0,29459.0,952584.739
0.009213,-0.002456,1682640000,-0.000364,0.006322,29459.0,28870.0,29591.1,29300.0,508350.155
0.005286,-0.007607,1682726400,0.002647,-0.000364,29300.0,29000.4,29443.9,29212.7,218013.244
0.009015,-0.000833,1682812800,0.003325,0.002647,29212.7,29067.4,29950.0,29223.0,417798.846
0.010309,-0.000973,1682899200,0.005099,0.003325,29223.0,27650.0,29325.5,28054.4,624974.488
0.009017,-0.004005,1682985600,0.000851,0.005099,28054.5,27854.0,28888.0,28656.5,513546.269
0.01093,0.000851,1683072000,0.010843,0.000851,28656.4,28080.0,29258.4,29018.4,676466.23
0.01155,0.00254,1683158400,0.002897,0.010843,29018.4,28660.0,29380.0,28826.0,426425.584
0.009575,-0.002663,1683244800,0.007863,0.002897,28826.0,28618.3,29693.0,29491.5,578485.177
0.01031,-0.002764,1683331200,-0.001662,0.007863,29491.5,28333.0,29840.0,28837.8,475628.901
0.007623,-0.004165,1683417600,0.002963,-0.001662,28837.9,28370.0,29137.0,28419.4,308410.643
0.005655,-0.012973,1683504000,0.000985,0.002963,28419.5,27250.0,28624.6,27659.8,658188.777
0.008359,-0.003329,1683590400,0.005831,0.000985,27659.8,27316.8,27815.6,27610.2,367664.686
0.007253,-0.007123,1683676800,-0.001249,0.005831,27610.2,26666.6,28297.0,27582.9,722502.676
0.008654,-0.004857,1683763200,0.004324,-0.001249,27583.0,26688.8,27630.0,26956.4,538822.363
0.007789,0.000265,1683849600,0.002721,0.004324,26956.4,25751.0,27090.0,26785.1,615645.508
0.007893,-0.002869,1683936000,0.002908,0.002721,26785.2,26674.9,27051.5,26762.7,242694.929
0.008281,0.000404,1684022400,0.003669,0.002908,26762.8,26557.0,27200.0,26901.9,247579.427
0.00845,-0.004251,1684108800,0.008282,0.003669,26901.9,26694.4,27650.0,27152.5,450263.076
0.01044,0.000287,1684195200,0.008805,0.008282,27152.5,26832.0,27284.7,27024.8,373172.951
0.010309,0.003477,1684281600,0.008427,0.008805,27024.7,26527.5,27500.0,27395.8,490065.218
0.010943,0.002957,1684368000,0.004575,0.008427,27395.7,26335.3,27482.7,26809.3,544971.979
0.007694,0.000592,1684454400,0.006436,0.004575,26809.4,26611.2,27180.0,26870.1,324097.956
0.007023,-0.005014,1684540800,0.002412,0.006436,26870.1,26813.5,27144.4,27089.5,137515.354
0.008369,-0.003201,1684627200,0.006086,0.002412,27089.6,26642.0,27288.0,26732.8,238776.425
0.009141,0.001168,1684713600,0.009053,0.006086,26732.8,26500.0,27097.8,26840.2,328030.52
0.011589,0.006468,1684800000,0.011589,0.009053,26840.2,26782.6,27527.5,27209.9,369176.618
0.011589,0.00115,1684886400,0.00719,0.011589,27209.9,26060.0,27212.9,26313.8,535191.677
0.012266,-0.000663,1684972800,0.007199,0.00719,26313.9,25850.0,26644.0,26461.8,394535.225
0.01025,0.001747,1685059200,0.002952,0.007199,26461.7,26313.9,26925.0,26689.9,324475.546
0.009567,-0.000729,1685145600,0.006455,0.002952,26689.8,26528.6,26890.0,26841.6,163681.935
0.006455,0.006455,1685232000,0.006455,0.006455,26841.6,26746.0,28252.8,28055.7,440115.394
0.012402,0.003939,1685318400,0.008553,0.010214,28055.8,27513.5,28442.0,27722.0,411290.549
0.009358,0.004488,1685404800,0.008114,0.008553,27722.1,27530.0,28038.6,27680.1,334379.313
0.012017,-0.002701,1685491200,0.004422,0.008114,27680.0,26826.0,27825.0,27201.1,471381.89
0.01242,0.003318,1685577600,0.007425,0.004422,27201.1,26600.0,27347.9,26805.3,404787.572
0.01212,0.005467,1685664000,0.01046,0.007425,26805.3,26477.6,27290.0,27227.8,391110.093
0.011052,0.001589,1685750400,0.004791,0.01046,27227.8,26900.0,27340.2,27054.9,182464.1
0.012707,0.004791,1685836800,0.009581,0.004791,27054.9,26935.3,27460.0,27102.4,218271.544
0.010101,-0.018718,1685923200,-0.00229,0.009581,27102.4,25360.1,27125.0,25714.7,700502.548
0.012253,-0.003771,1686009600,0.012095,-0.00229,25714.6,25321.6,27358.1,27221.5,731445.649
0.012095,0.004407,1686096000,0.007365,0.012095,27221.5,26111.0,27394.4,26325.9,660044.537
0.012448,0.001378,1686182400,0.008243,0.007365,26325.9,26195.4,26800.0,26485.9,333104.839
0.011433,0.003056,1686268800,0.010614,0.008243,26486.0,26236.0,26775.0,26468.1,283719.198
0.010614,-0.001816,1686355200,0.004287,0.010614,26468.2,25300.0,26525.0,25826.6,608917.569
0.00995,0.000485,1686441600,0.009298,0.004287,25826.6,25621.3,26199.0,25909.9,279365.563
0.010509,0.003296,1686528000,0.010314,0.009298,25910.0,25600.0,26097.7,25894.8,298900.468
0.011515,0.00407,1686614400,0.005624,0.010314,25894.8,25708.0,26430.5,25918.0,434536.754
0.009003,0.001078,1686700800,0.001081,0.005624,25918.0,24796.8,26099.3,25115.9,464681.602
0.013834,-0.006452,1686787200,0.007986,0.001081,25115.9,24777.0,25750.0,25586.1,473971.375
0.009112,0.002059,1686873600,0.008794,0.007986,25586.0,25142.1,26526.9,26336.0,533144.956
0.013783,0.002072,1686960000,0.006631,0.008794,26335.9,26170.8,26900.0,26508.9,305738.396
0.009593,0.002423,1687046400,0.009098,0.006631,26508.8,26230.9,26709.4,26329.7,241977.484
0.011186,0.001,1687132800,0.007301,0.009098,26329.6,26241.2,27077.0,26828.5,400533.758
0.007881,-0.004758,1687219200,0.002804,0.007301,26828.6,26633.9,28397.8,28290.6,758176.297
0.016799,-0.003905,1687305600,0.01669,0.002804,28290.7,28236.4,30822.0,29988.5,1123474.427
0.01669,0.004463,1687392000,0.009142,0.01669,29988.5,29500.1,30488.0,29875.0,561051.742
0.011709,0.007182,1687478400,0.007467,0.009142,29875.0,29792.0,31500.0,30673.4,699073.071
0.011924,0.002847,1687564800,0.011158,0.007467,30673.5,30222.0,30796.5,30524.2,279539.288
0.012806,0.00865,1687651200,0.012367,0.011158,30524.2,30252.6,31053.2,30458.0,301533.154
0.013503,0.005919,1687737600,0.009339,0.012367,30458.0,29890.1,30667.3,30260.1,415099.356
0.013198,0.001785,1687824000,0.006915,0.009339,30260.1,30213.0,30998.5,30683.2,406073.348
0.010511,0.004775,1687910400,0.006684,0.006915,30683.2,29804.6,30701.8,30066.3,416656.434
0.012244,0.001336,1687996800,0.011085,0.006684,30066.3,30036.1,30837.0,30439.9,382072.846
0.012179,0.003764,1688083200,0.011273,0.011085,30439.9,29500.0,31300.0,30460.2,809331.305
0.013882,0.008752,1688169600,0.011337,0.011273,30460.2,30311.3,30668.2,30573.6,135520.246
0.015214,0.00916,1688256000,0.011391,0.011337,30573.6,30149.9,30800.0,30612.7,231866.188
0.014834,0.006233,1688342400,0.011758,0.011391,30612.7,30559.4,31395.2,31149.0,370293.236
0.014732,0.007692,1688428800,0.009797,0.011758,31149.0,30600.0,31319.4,30756.1,300832.26
0.011274,0.006732,1688515200,0.008628,0.009797,30756.1,30175.8,30875.2,30488.4,294896.578
0.012051,-0.001477,1688601600,0.003351,0.008628,30488.4,29818.0,31568.0,29874.4,721267.219
0.006767,-0.002026,1688688000,0.001283,0.003351,29874.3,29680.0,30443.6,30327.9,337801.654
0.008484,0.001283,1688774400,0.003025,0.001283,30328.0,30026.8,30380.0,30269.3,138734.493
0.009698,0.001062,1688860800,0.003981,0.003025,30269.2,30042.0,30443.4,30147.8,162296.263
0.008841,0.000787,1688947200,0.008206,0.003981,30147.8,29928.8,31040.0,30396.9,429115.537
0.010561,0.001298,1689033600,0.00986,0.008206,30396.9,30261.4,30804.9,30608.4,298904.747
0.011241,0.002261,1689120000,0.003504,0.00986,30608.3,30186.0,30980.5,30368.9,425058.257
0.013991,0.000792,1689206400,0.013969,0.003504,30368.9,30233.0,31850.0,31441.7,696023.51
0.014617,-0.004762,1689292800,-0.00471,0.013969,31441.6,29876.6,31640.0,30293.3,538692.246
0.004751,-0.007816,1689379200,0.003709,-0.00471,30293.3,30220.2,30380.0,30276.4,111622.474
0.008624,0.001079,1689465600,0.004443,0.003709,30276.5,30050.0,30441.6,30216.8,173805.94
0.007625,-0.000096,1689552000,0.004071,0.004443,30216.9,29630.0,30329.7,30126.1,344113.427
0.009891,0.001809,1689638400,0.008882,0.004071,30126.0,29400.0,30227.5,29845.6,337396.417
0.009395,0.002527,1689724800,0.003678,0.008882,29845.7,29745.0,30178.5,29895.5,298418.854
0.011049,-0.007312,1689811200,0.004969,0.003678,29895.5,29468.8,30420.0,29791.0,410263.764
0.006243,0.00132,1689897600,0.002561,0.004969,29791.0,29705.9,30056.2,29891.4,221145.074
0.005418,-0.001393,1689984000,0.00464,0.002561,29891.5,29602.2,29986.0,29783.5,143375.956
0.010065,-0.000965,1690070400,0.007117,0.00464,29783.5,29718.9,30368.2,30070.8,224713.846
0.012896,0.001405,1690156800,0.008458,0.007117,30070.9,28830.0,30091.7,29163.8,434182.417
0.009014,0.00221,1690243200,0.006395,0.008458,29163.8,29033.0,29379.5,29216.3,196438.618
0.011071,0.002986,1690329600,0.003065,0.006395,29216.2,29083.0,29670.5,29336.0,318527.582
0.007028,-0.00096,1690416000,0.004852,0.003065,29336.0,29065.5,29558.4,29209.7,223376.534
0.011943,0.003227,1690502400,0.009188,0.004852,29209.8,29112.8,29535.7,29299.9,221299.867
0.009188,0.000838,1690588800,0.007629,0.009188,29300.0,29237.5,29397.9,29339.1,87100.719
0.009525,0.001299,1690675200,0.002672,0.007629,29339.1,29006.0,29442.5,29271.1,169901.253
0.0097,0.002475,1690761600,0.007372,0.002672,29271.2,29100.0,29525.8,29220.8,230381.722
0.011837,0.003171,1690848000,0.011534,0.007372,29220.8,28550.0,29735.0,29701.2,442328.643
0.013526,0.008343,1690934400,0.011421,0.011534,29701.2,28906.3,30059.9,29170.1,491725.492
0.014628,0.005329,1691020800,0.011549,0.011421,29170.2,28955.4,29440.0,29180.2,251967.942
0.011803,0.004397,1691107200,0.008068,0.011549,29180.1,28780.0,29323.8,29101.1,229395.673
0.012883,0.006679,1691193600,0.011448,0.008068,29101.1,28960.0,29145.0,29057.7,82508.624
0.013044,0.004032,1691280000,0.012937,0.011448,29057.7,28978.5,29199.0,29075.9,103094.44
0.012937,0.007054,1691366400,0.011725,0.012937,29075.9,28682.3,29274.5,29202.7,297752.439
0.011725,0.001427,1691452800,0.00663,0.011725,29202.7,29132.4,30250.0,29759.0,459269.801
0.011694,0.004733,1691539200,0.011505,0.00663,29758.9,29362.0,30149.7,29572.8,362009.701
0.012327,0.005752,1691625600,0.009588,0.011505,29572.9,29303.7,29729.8,29443.7,234546.038
0.012129,0.005784,1691712000,0.01077,0.009588,29443.7,29220.0,29565.1,29415.5,179044.008
0.011323,0.007732,1691798400,0.010087,0.01077,29415.5,29360.0,29470.0,29420.7,56238.035
0.012479,0.00653,1691884800,0.012479,0.010087,29420.8,29256.6,29463.0,29293.3,84190.505
0.017521,0.00868,1691971200,0.011903,0.012479,29293.3,29070.0,29686.7,29419.5,295035.383
0.014452,0.007488,1692057600,0.011869,0.011903,29419.5,29050.0,29492.1,29188.8,191289.959
0.013895,0.007853,1692144000,0.011988,0.011869,29188.9,28705.1,29257.4,28714.4,272023.138
0.012412,-0.022219,1692230400,-0.017067,0.011988,28714.4,24581.0,28775.9,26609.7,868508.22
0.006528,-0.017067,1692316800,0.0002,-0.017067,26609.7,25600.0,26818.0,26042.1,522375.316
0.004414,-0.007259,1692403200,-0.000553,0.0002,26042.0,25783.4,26269.4,26088.3,202219.153
0.002178,-0.008767,1692489600,-0.001235,-0.000553,26088.4,25948.5,26285.0,26175.9,141089.85
0.005722,-0.002417,1692576000,0.001394,-0.001235,26175.9,25800.0,26280.0,26115.4,232505.265
0.008762,-0.002981,1692662400,0.006047,0.001394,26115.4,25280.0,26128.2,26044.4,313113.576
0.006047,-0.002606,1692748800,-0.00039,0.006047,26044.5,25800.0,26806.0,26419.2,412969.028
0.009287,-0.005597,1692835200,0.004149,-0.00039,26419.2,25835.0,26568.3,26164.6,286753.337
0.007894,-0.001437,1692921600,0.004022,0.004149,26164.6,25754.4,26300.0,26051.7,274830.494
0.007903,0.000201,1693008000,0.005632,0.004022,26051.7,25969.0,26129.4,26004.3,63925.862
0.00611,-0.002296,1693094400,0.001375,0.005632,26004.3,25955.6,26173.6,26087.7,86505.398
0.007802,-0.002223,1693180800,0.003552,0.001375,26087.6,25850.4,26244.6,26106.5,219992.051
0.008069,-0.009635,1693267200,0.004334,0.003552,26106.5,25905.2,28168.0,27700.1,700233.946
0.007371,0.000444,1693353600,0.003569,0.004334,27700.1,26950.0,27758.2,27290.4,315313.916
0.009066,-0.001687,1693440000,-0.000546,0.003569,27290.4,25617.8,27674.3,25928.0,502906.277
0.0106,-0.003696,1693526400,0.00948,-0.000546,25928.0,25312.0,26151.6,25795.6,361184.924
0.00948,-0.001344,1693612800,0.007002,0.00948,25795.6,25740.6,25975.0,25855.8,107642.864
0.007002,-0.002363,1693699200,0.004453,0.007002,25855.8,25777.0,26135.2,25962.1,133016.832
0.006085,-0.000198,1693785600,0.002215,0.004453,25962.1,25610.0,26099.3,25814.0,173147.873
0.008753,-0.001103,1693872000,0.003983,0.002215,25814.0,25531.2,25900.0,25779.7,186639.945
0.007203,-0.001446,1693958400,0.006967,0.003983,25779.7,25326.0,26052.0,25747.4,251122.66
0.011305,0.001421,1694044800,0.001968,0.006967,25747.4,25602.3,26451.0,26240.7,257349.902
0.005984,-0.005088,1694131200,0.000025,0.001968,26240.7,25630.0,26437.5,25899.8,249269.761
0.004196,-0.002648,1694217600,0.002287,0.000025,25899.9,25781.5,25940.6,25892.6,67909.81
0.006371,0.000273,1694304000,0.003729,0.002287,25892.6,25508.7,26037.3,25828.4,162972.413
0.0075,-0.00232,1694390400,0.003023,0.003729,25828.4,24888.0,25895.0,25150.4,427216.374
0.007281,-0.006447,1694476800,0.003273,0.003023,25150.4,25116.4,26580.0,25825.8,592049.678
0.006015,-0.004873,1694563200,-0.001099,0.003273,25825.8,25750.0,26400.0,26209.9,335252.718
0.006091,-0.006801,1694649600,-0.000316,-0.001099,26209.9,26106.6,26880.0,26510.3,380666.471
0.010393,-0.002011,1694736000,0.00058,-0.000316,26510.3,26206.6,26890.0,26591.1,251656.77
0.003869,-0.002918,1694822400,0.001814,0.00058,26591.1,26430.0,26763.5,26546.9,140482.465
0.003654,-0.003844,1694908800,0.001626,0.001814,26547.0,26377.4,26614.3,26514.2,114239.394
0.006042,-0.007494,1694995200,0.001705,0.001626,26514.2,26358.6,27397.0,26749.9,472539.032
0.009742,-0.003442,1695081600,0.000716,0.001705,26749.9,26653.2,27480.0,27196.0,433511.747
0.003291,-0.004042,1695168000,0.000758,0.000716,27195.9,26740.0,27381.0,27107.7,348921.447
0.007359,-0.00284,1695254400,0.000397,0.000758,27107.7,26360.1,27149.0,26552.6,317992.869
0.007225,-0.004294,1695340800,0.005983,0.000397,26552.6,26452.9,26737.7,26566.7,173534.648
0.007523,-0.001481,1695427200,0.002845,0.005983,26566.7,26492.2,26620.6,26563.1,57836.484
0.007838,-0.001208,1695513600,-0.001028,0.002845,26563.0,26081.0,26739.9,26232.4,146632.773
0.009384,-0.006866,1695600000,-0.000848,-0.001028,26232.4,25965.0,26440.0,26290.5,268385.836
0.007926,-0.003778,1695686400,0.007887,-0.000848,26290.5,26073.8,26388.0,26208.8,180491.169
0.00882,0.001457,1695772800,0.006094,0.007887,26208.7,26050.0,26849.9,26359.6,353002.84
0.009159,-0.005979,1695859200,-0.000483,0.006094,26359.6,26325.2,27308.7,27011.8,429587.858
0.007025,-0.001963,1695945600,0.005422,-0.000483,27011.7,26625.0,27231.5,26890.9,277397.643
0.006138,-0.001878,1696032000,0.002505,0.005422,26890.9,26870.4,27085.0,26950.9,92317.154
0.007789,-0.002794,1696118400,0.007321,0.002505,26951.0,26939.0,28365.2,27981.4,240382.946
0.01018,-0.004807,1696204800,0.008682,0.007321,27981.4,27255.0,28613.0,27477.6,593277.72
0.009137,0.002874,1696291200,0.007561,0.008682,27477.7,27123.0,27665.0,27412.0,283077.899
0.007561,0.00152,1696377600,0.002604,0.007561,27412.0,27163.9,27830.0,27759.8,280784.322
0.003168,-0.004683,1696464000,0.001584,0.002604,27759.7,27333.5,28110.0,27398.4,370190.087
0.005965,-0.003235,1696550400,0.004264,0.001584,27398.3,27156.0,28450.0,27916.3,438445.904
0.006375,-0.003139,1696636800,-0.000008,0.004264,27916.3,27822.1,28018.7,27943.0,117049.145
0.006216,-0.000724,1696723200,0.003104,-0.000008,27943.0,27671.0,28082.0,27901.2,178380.307
0.009003,-0.00209,1696809600,0.008572,0.003104,27901.2,27250.0,27977.0,27578.3,314316.581
0.008572,0.000189,1696896000,0.00752,0.008572,27578.4,27281.0,27727.3,27381.2,239779.496
0.012547,0.003185,1696982400,0.012446,0.00752,27381.3,26525.0,27467.6,26864.5,388186.571
0.012446,0.002999,1697068800,0.006954,0.012446,26864.5,26534.8,26939.0,26744.0,220279.04
0.008548,0.001895,1697155200,0.005488,0.006954,26744.0,26670.1,27120.8,26849.8,243222.154
0.008221,0.00074,1697241600,0.00246,0.005488,26849.7,26773.1,26986.4,26836.3,82164.781
0.007603,-0.001963,1697328000,0.001463,0.00246,26836.4,26790.4,27456.1,27139.8,160000.462
0.011583,-0.004399,1697414400,0.004819,0.001463,27139.8,27095.4,30720.0,28486.3,823003.782
0.005599,-0.005175,1697500800,-0.001145,0.004819,28486.3,28055.0,28605.0,28381.9,314189.758
0.003898,-0.003423,1697587200,0.001009,-0.001145,28382.0,28126.6,29100.0,28307.1,297176.628
0.001702,-0.010445,1697673600,-0.005064,0.001009,28307.2,28076.0,28933.4,28696.9,333673.207
0.007299,-0.010209,1697760000,0.000681,-0.005064,28697.0,28560.0,30243.0,29653.0,551005.327
0.006386,-0.002882,1697846400,0.002412,0.000681,29653.0,29443.5,30374.6,29895.4,258195.956
0.010262,-0.001366,1697932800,0.010161,0.002412,29895.4,29606.6,30229.7,29981.5,198602.758
0.015439,-0.000608,1698019200,0.013566,0.010161,29981.4,29869.4,35981.9,33074.0,987741.536
0.025816,0.0093,1698105600,0.012539,0.013566,33074.0,32833.5,35300.0,33917.0,921993.063
0.014763,0.009914,1698192000,0.010792,0.012539,33917.0,33660.6,35154.3,34487.7,465367.144
0.014717,0.010055,1698278400,0.012499,0.010792,34487.8,33750.0,34828.7,34154.0,339552.964
0.015246,0.008339,1698364800,0.009899,0.012499,34154.0,33350.0,34253.3,33893.1,278052.978
0.01605,0.009188,1698451200,0.015532,0.009899,33893.2,33867.4,34535.8,34086.6,138314.932
0.018443,0.00958,1698537600,0.016476,0.015532,34086.7,33933.0,34773.8,34528.6,175897.55
0.017261,0.009635,1698624000,0.011372,0.016476,34528.6,34050.0,34888.2,34483.8,281841.348
0.018784,0.008275,1698710400,0.011714,0.011372,34483.8,34016.8,34744.7,34651.4,272450.567
0.020601,0.010299,1698796800,0.019727,0.011714,34651.4,34076.0,35734.0,35437.4,469214.787
0.019727,0.007118,1698883200,0.009547,0.019727,35437.5,34300.0,35999.9,34940.1,410221.727
0.011252,0.005222,1698969600,0.007826,0.009547,34940.1,34123.0,34944.9,34700.4,306048.199
0.012872,0.007826,1699056000,0.010768,0.007826,34700.5,34571.6,35270.0,35069.7,140746.874
0.018069,0.010768,1699142400,0.016301,0.010768,35069.7,34356.0,35455.2,35025.5,231363.339
0.019154,0.010191,1699228800,0.01085,0.016301,35025.5,34743.2,35299.9,35057.4,202227.215
0.015612,0.009105,1699315200,0.013812,0.01085,35057.5,34520.3,35921.7,35406.5,343525.95
0.016786,0.008545,1699401600,0.011456,0.013812,35406.5,35073.0,36150.0,35626.7,334779.449
0.05128,0.006847,1699488000,0.013133,0.011456,35626.7,35304.0,38499.9,36719.5,778877.937
0.042746,0.011218,1699574400,0.018229,0.013133,36719.6,36350.0,37570.0,37330.4,299373.892
0.02429,0.013493,1699660800,0.020378,0.018229,37330.3,36588.0,37422.2,37162.1,159239.284
0.034884,0.019882,1699747200,0.032332,0.020378,37162.1,36753.6,37258.4,37085.5,118890.045
0.032332,0.01409,1699833600,0.014441,0.032332,37085.6,36350.0,37464.8,36486.2,257075.648
0.021995,0.009502,1699920000,0.009556,0.014441,36486.2,34446.3,36779.9,35559.0,397265.8
0.01587,0.007695,1700006400,0.013012,0.009556,35559.1,35388.0,38000.0,37885.6,423818.57
0.019428,0.006875,1700092800,0.008695,0.013012,37885.5,35486.1,37956.5,36176.0,434444.366
0.014631,0.007411,1700179200,0.00829,0.008695,36176.0,35868.3,37020.5,36621.9,319943.051
0.011109,0.007023,1700265600,0.008412,0.00829,36621.9,36196.0,36900.0,36580.9,121720.922
0.01447,0.007816,1700352000,0.010024,0.008412,36580.9,36380.0,37528.2,37375.9,154713.007
0.01573,0.007961,1700438400,0.008368,0.010024,37375.8,36600.0,37784.7,37462.5,310504.037
0.009832,0.007013,1700524800,0.008831,0.008368,37462.6,35720.0,37675.0,35737.0,450731.16
0.011359,0.002996,1700611200,0.011166,0.008831,35737.0,35610.7,37880.0,37413.4,338189.618
0.014069,0.006633,1700697600,0.010504,0.011166,37413.5,36856.3,37650.0,37294.3,185369.931
0.016058,0.007807,1700784000,0.00784,0.010504,37294.4,37257.3,38425.0,37706.3,351031.723
0.011486,0.007405,1700870400,0.009893,0.00784,37706.3,37570.9,37886.5,37766.6,82589.329
0.012265,0.006141,1700956800,0.009973,0.009893,37766.7,37126.0,37807.6,37437.9,173758.644
0.01178,0.00588,1701043200,0.009969,0.009973,37437.9,36700.0,37560.0,37234.3,266112.699
0.010686,0.006733,1701129600,0.008008,0.009969,37234.4,36856.0,38395.0,37812.1,318426.327
0.011896,0.004644,1701216000,0.008551,0.008008,37812.0,37551.8,38500.0,37837.1,261631.881
0.008983,0.006861,1701302400,0.008657,0.008551,37837.2,37442.9,38132.0,37716.8,191188.871
0.014674,0.008103,1701388800,0.009055,0.008657,37716.9,37600.0,38989.0,38660.0,342361.994
0.01297,0.005833,1701475200,0.012829,0.009055,38659.9,38613.5,39900.0,39435.0,213210.311
0.014088,0.009685,1701561600,0.014088,0.012829,39435.1,39255.2,40410.1,39979.7,221917.905
0.045548,0.010751,1701648000,0.012445,0.014088,39979.8,39970.4,42440.0,41993.1,602492.859
0.01593,0.007567,1701734400,0.015525,0.012445,41993.1,41393.5,44528.1,44081.7,575038.041
0.015525,0.008104,1701820800,0.009868,0.015525,44081.7,43377.0,44349.8,43774.8,383957.738
0.029058,0.008185,1701907200,0.02039,0.009868,43775.1,42815.0,44066.7,43296.0,346421.958
0.03342,0.011933,1701993600,0.013381,0.02039,43296.0,43100.0,44779.3,44209.5,281880.593
0.045872,0.013381,1702080000,0.026663,0.013381,44209.6,43555.0,44389.2,43734.3,189339.656
0.034561,0.01764,1702166400,0.023044,0.026663,43734.2,43552.5,44099.2,43810.0,144548.259
0.028636,0.007412,1702252800,0.016404,0.023044,43810.1,40228.3,43833.4,41271.0,620753.439
0.023677,0.008081,1702339200,0.02016,0.016404,41271.1,40711.0,42125.0,41515.0,356541.118
0.023663,0.010334,1702425600,0.010895,0.02016,41514.9,40556.0,43517.6,42875.0,396710.296
0.013773,0.007748,1702512000,0.011392,0.010895,42875.0,41140.0,43450.1,43032.4,361628.325
0.023777,0.007479,1702598400,0.011612,0.011392,43032.3,41668.0,43098.0,41968.0,257177.013
0.027508,0.010861,1702684800,0.016237,0.011612,41968.0,41638.1,42756.7,42287.4,160549.459
0.024825,0.012217,1702771200,0.01649,0.016237,42287.4,41248.3,42476.0,41396.5,224722.851
0.018563,0.009248,1702857600,0.011411,0.01649,41396.6,40553.8,42795.3,42671.7,375385.675
0.018109,0.010535,1702944000,0.012293,0.011411,42671.8,41835.4,43550.0,42298.3,315311.844
0.027365,0.010288,1703030400,0.022528,0.012293,42298.2,42218.3,44384.6,43708.9,377008.923
0.040748,0.019485,1703116800,0.024898,0.022528,43708.9,43317.2,44287.2,43896.3,276922.155
0.034822,0.014275,1703203200,0.016869,0.024898,43896.4,43430.4,44484.0,43999.2,238341.933
0.025274,0.007687,1703289600,0.010776,0.016869,43999.2,43304.2,44023.0,43725.2,120792.199
0.024457,0.009196,1703376000,0.012316,0.010776,43725.2,42550.0,43994.8,43008.4,179967.251
0.048961,0.008896,1703462400,0.039471,0.012316,43008.4,42755.4,43850.0,43611.9,184210.274
0.04743,0.023163,1703548800,0.035162,0.039471,43611.9,41597.0,43635.1,42538.5,295583.678
0.05362,0.021558,1703635200,0.021576,0.035162,42538.6,42145.7,43700.0,43453.8,251351.538
0.055402,0.012098,1703721600,0.050728,0.021576,43453.8,42320.5,43850.0,42600.1,257515.182
0.050728,0.02526,1703808000,0.031749,0.050728,42600.1,41283.2,43171.9,42095.1,337421.865
0.044019,0.023153,1703894400,0.028101,0.031749,42095.1,41550.0,42654.6,42174.2,183890.67
0.041632,0.028101,1703980800,0.039227,0.028101,42174.3,42001.0,42951.0,42314.0,173508.289
0.061686,0.02903,1704067200,0.061655,0.039227,42314.0,42207.9,44266.0,44230.2,206424.144
0.096606,0.027363,1704153600,0.027378,0.061655,44230.3,44200.9,45950.0,44979.8,459798.523
0.03266,0.004849,1704240000,0.010822,0.027378,44979.7,40333.0,45582.3,42849.5,595855.225
0.014325,0.006783,1704326400,0.007094,0.010822,42849.5,42625.0,44840.8,44143.8,333923.098
0.00969,0.005039,1704412800,0.006438,0.007094,44143.8,42300.0,44500.0,44145.4,374967.791
0.009081,0.00501,1704499200,0.007255,0.006438,44145.3,43391.3,44214.6,43956.7,138542.797
0.009938,0.005361,1704585600,0.005845,0.007255,43956.6,43557.5,44486.9,43916.9,180710.714
0.016752,0.00579,1704672000,0.016297,0.005845,43916.9,43158.1,47312.0,46972.7,495087.983
0.016429,0.008347,1704758400,0.011566,0.016297,46972.6,44417.2,48100.0,46114.0,513362.773
0.013443,0.00821,1704844800,0.012062,0.011566,46113.9,44291.5,47699.3,46662.9,668657.474
0.020756,0.008261,1704931200,0.011116,0.012062,46663.0,45600.0,49027.5,46337.8,596698.379
0.03398,0.007739,1705017600,0.010008,0.011116,46337.9,41370.0,46536.2,42788.9,575943.258
0.010008,0.005294,1705104000,0.006759,0.010008,42789.0,42445.7,43273.4,42846.4,207737.326
0.011395,0.005498,1705190400,0.00971,0.006759,42846.4,41713.5,43096.1,41734.9,181096.968
0.011806,0.006837,1705276800,0.009951,0.00971,41734.9,41720.0,43376.0,42515.0,240059.141
0.010886,0.00785,1705363200,0.008572,0.009951,42515.0,42050.0,43589.0,43133.0,287207.233
0.011909,0.005637,1705449600,0.011909,0.008572,43133.0,42200.0,43198.0,42783.4,209396.081
0.012914,0.009139,1705536000,0.010853,0.011909,42783.3,40673.6,42932.3,41323.1,335080.756
0.013895,0.007872,1705622400,0.012598,0.010853,41323.2,40300.0,42197.0,41662.2,345941.73
0.012598,0.007869,1705708800,0.008889,0.012598,41662.1,41453.6,41883.5,41691.8,95866.062
0.011002,0.006276,1705795200,0.010862,0.008889,41691.8,41500.0,41880.9,41580.0,67035.552
0.013597,0.006718,1705881600,0.010639,0.010862,41579.9,39402.0,41692.3,39567.0,459024.106
0.011497,0.00798,1705968000,0.010792,0.010639,39567.1,38545.0,40172.7,39890.0,414373.386
0.011721,0.007577,1706054400,0.01155,0.010792,39889.9,39493.3,40560.6,40078.7,272754.171
0.01155,0.007474,1706140800,0.011186,0.01155,40078.8,39535.3,40300.0,39953.3,203728.679
0.01185,0.005151,1706227200,0.008465,0.011186,39953.3,39813.1,42239.3,41806.4,355418.478
0.010167,0.005244,1706313600,0.00666,0.008465,41806.4,41360.1,42187.1,42102.2,118437.114
0.010329,-0.000915,1706400000,0.009683,0.00666,42102.2,41600.0,42836.0,42021.2,205736.453
0.01102,0.007472,1706486400,0.008482,0.009683,42021.2,41768.3,43340.8,43287.7,249502.11
0.01181,0.001922,1706572800,0.002222,0.008482,43287.6,42665.6,43888.0,42918.3,257582.784
0.010435,-0.002838,1706659200,0.008099,0.002222,42918.3,42257.6,43748.6,42560.5,313069.11
0.009613,-0.005634,1706745600,0.007839,0.008099,42560.5,41866.8,43288.0,43072.6,274321.107
0.011057,0.006552,1706832000,0.006999,0.007839,43072.6,42512.7,43480.0,43182.0,205767.574
0.009638,0.00244,1706918400,0.008251,0.006999,43182.0,42858.3,43372.2,42992.4,89735.22
0.009784,0.004439,1707004800,0.005384,0.008251,42992.4,42176.7,43112.1,42570.3,127421.548
0.011264,0.001547,1707091200,0.009676,0.005384,42570.3,42235.1,43580.0,42692.9,240655.549
0.011715,0.007662,1707177600,0.007938,0.009676,42692.9,42559.8,43378.8,43079.1,196157.643
0.012093,0.001634,1707264000,0.012093,0.007938,43079.1,42763.4,44388.0,44326.2,252057.708
0.012093,0.003491,1707350400,0.003811,0.012093,44326.3,44306.8,45600.0,45269.1,299738.288
0.014404,-0.002969,1707436800,0.008833,0.003811,45269.2,45218.1,48230.3,47116.1,519919.419
0.011592,0.007585,1707523200,0.011112,0.008833,47116.1,46836.4,48189.6,47732.6,179626.604
0.013697,0.009368,1707609600,0.011972,0.011112,47732.6,47539.4,48600.0,48303.4,209951.626
0.024119,0.009793,1707696000,0.016677,0.011972,48303.4,47702.0,50413.2,49943.6,450895.202
0.016677,0.008179,1707782400,0.008179,0.016677,49943.6,48301.0,50428.8,49696.4,382348.085
0.020649,0.005661,1707868800,0.010345,0.008179,49696.4,49215.7,52100.0,51823.2,395191.791
0.016379,0.007636,1707955200,0.015149,0.010345,51823.1,51334.9,52859.0,51898.5,392724.603
0.030299,0.009523,1708041600,0.009864,0.015149,51898.4,51611.7,52623.0,52148.6,259819.793
0.016784,0.009252,1708128000,0.016296,0.009864,52148.7,50647.5,52192.8,51679.4,222342.005
0.023214,0.013215,1708214400,0.022748,0.016296,51679.5,51178.0,52450.0,52175.9,166636.426
0.025349,0.01029,1708300800,0.010537,0.022748,52175.9,51688.8,52532.9,51813.8,196387.978
0.023954,0.007462,1708387200,0.01171,0.010537,51813.7,50788.0,53090.9,52297.4,388913.064
0.015693,0.007343,1708473600,0.014424,0.01171,52297.3,50528.4,52402.3,51877.8,308127.301
0.021107,0.011233,1708560000,0.01156,0.014424,51877.9,50967.5,52130.8,51316.9,244144.647
0.015506,0.008587,1708646400,0.010033,0.01156,51316.9,50512.7,51576.3,50771.9,215474.562
0.016185,0.009568,1708732800,0.013809,0.010033,50771.9,50611.4,51736.6,51602.1,104944.457
0.020353,0.011222,1708819200,0.019711,0.013809,51602.1,51300.4,52050.0,51764.9,122177.26
0.03211,0.013446,1708905600,0.026417,0.019711,51764.9,50922.5,54991.8,54511.6,393466.231
0.086281,0.020089,1708992000,0.024512,0.026417,54511.7,54495.0,57780.0,57074.5,511475.535
0.105224,0.017702,1709078400,0.064575,0.024512,57074.5,56730.1,64300.0,62487.9,1010118.442
0.08767,0.043209,1709164800,0.050969,0.064575,62487.9,60452.0,63762.8,61203.3,584713.883
0.068524,0.025317,1709251200,0.025317,0.050969,61203.3,60844.8,63199.0,62430.6,299231.827
0.064441,0.024303,1709337600,0.047265,0.025317,62430.6,61605.0,62513.1,62039.9,159283.629
0.056781,0.033614,1709424000,0.055479,0.047265,62039.9,61339.5,63330.9,63178.5,200312.503
0.090722,0.040537,1709510400,0.052196,0.055479,63178.5,62299.0,68600.0,68296.4,632882.144
0.108239,0.02987,1709596800,0.02987,0.052196,68296.5,59112.0,69350.0,63747.4,1053025.132
0.062637,0.015061,1709683200,0.030223,0.02987,63747.5,62829.3,67729.5,66128.1,534011.813
0.053654,0.027595,1709769600,0.030699,0.030223,66128.0,65609.3,68101.3,66870.0,296092.788
0.068056,0.016562,1709856000,0.016562,0.030699,66870.0,66120.0,70330.8,68180.2,459387.207
0.032015,0.013535,1709942400,0.030105,0.016562,68180.2,67908.7,68608.7,68360.1,94899.005
0.088606,0.027964,1710028800,0.037446,0.030105,68360.2,68155.0,69999.8,69001.8,233596.523
0.152975,0.029859,1710115200,0.04545,0.037446,69001.8,67000.0,72890.0,72153.8,474396.897
0.072151,0.033566,1710201600,0.033566,0.04545,72153.9,68600.0,73370.0,71503.2,472072.331
0.0735,0.020416,1710288000,0.020465,0.033566,71503.3,71388.1,73755.0,73127.6,288446.338
0.055883,0.020465,1710374400,0.041834,0.020465,73127.6,68600.0,73881.4,71455.5,513901.237
0.05644,0.010146,1710460800,0.012072,0.041834,71455.6,65580.0,72500.0,69552.2,705810.685
0.026586,0.011451,1710547200,0.021375,0.012072,69552.1,64750.0,70097.6,65351.0,333426.129
0.030965,0.015991,1710633600,0.016589,0.021375,65351.0,64559.8,68972.4,68447.9,314890.309
0.032884,0.015044,1710720000,0.015678,0.016589,68447.9,66601.6,69044.4,67660.0,317885.916
0.028114,0.010633,1710806400,0.013601,0.015678,67660.0,61582.8,68178.6,61974.1,700466.795
0.02624,0.010337,1710892800,0.012565,0.013601,61974.1,60800.0,68140.0,67876.4,637362.465
0.020167,0.011958,1710979200,0.01208,0.012565,67876.4,64550.1,68293.9,65539.9,347218.385
0.013433,0.008949,1711065600,0.011173,0.01208,65539.9,62294.0,66691.9,63826.0,401149.333
0.016018,0.009972,1711152000,0.011518,0.011173,63826.1,63020.2,66050.0,64020.3,239124.0
0.022859,0.010712,1711238400,0.022242,0.011518,64020.4,63822.0,67700.0,67260.9,244179.435
0.036786,0.013467,1711324800,0.027162,0.022242,67260.9,66427.6,71228.3,69920.5,395156.191
0.051215,0.019696,1711411200,0.039601,0.027162,69920.6,69320.0,71649.0,70044.1,307861.116
0.05292,0.028239,1711497600,0.030451,0.039601,70044.2,68364.8,71888.0,69532.6,407286.574
0.05964,0.028568,1711584000,0.03012,0.030451,69532.6,68941.0,71636.2,70838.7,241970.822
0.050001,0.024231,1711670400,0.025614,0.03012,70838.8,69000.0,70976.9,69903.6,187970.841
0.045277,0.017656,1711756800,0.031392,0.025614,69903.6,69577.2,70388.0,69642.1,91126.75
0.076628,0.025181,1711843200,0.071441,0.031392,69642.0,69608.0,71495.5,71363.0,132458.79
0.090713,0.012281,1711929600,0.016755,0.071441,71363.0,68103.3,71388.0,69700.0,282812.126
0.029166,0.007677,1712016000,0.00847,0.016755,69700.0,64603.2,69731.6,65505.3,499041.572
0.01105,0.007626,1712102400,0.007626,0.00847,65502.4,64500.0,66940.0,65971.9,275041.23
0.010435,0.003469,1712188800,0.008844,0.007626,65971.8,65100.0,69329.7,68489.9,326385.338
0.009866,0.006654,1712275200,0.008309,0.008844,68489.8,65966.0,68787.1,67825.7,313547.293
0.011086,0.007933,1712361600,0.010093,0.008309,67825.8,67450.0,69708.0,68901.6,127343.726
0.012516,0.009672,1712448000,0.011778,0.010093,68901.5,68820.6,70395.0,69362.7,171783.436
0.033839,0.010858,1712534400,0.018453,0.011778,69362.7,69040.4,72890.4,71678.4,297237.449
0.02651,0.010782,1712620800,0.011055,0.018453,71678.3,68216.0,71820.6,69189.3,334059.403
0.015353,0.009231,1712707200,0.01084,0.011055,69189.2,67546.2,71412.2,70681.7,337774.756
0.016344,0.0061,1712793600,0.007777,0.01084,70681.8,69592.6,71387.4,70055.7,256194.153
0.019278,0.001661,1712880000,0.003029,0.007777,70055.6,65102.0,71297.0,67136.4,415528.149
0.00899,-0.005402,1712966400,-0.00496,0.003029,67136.4,59652.5,67975.4,63939.7,515005.203
0.009848,-0.00496,1713052800,0.004286,-0.00496,63939.7,62139.3,65822.1,65615.9,395770.133
0.005696,-0.014582,1713139200,0.004539,0.004286,65615.9,62242.5,66874.9,63392.7,381532.225
0.007556,0.001238,1713225600,0.004781,0.004539,63392.8,61521.0,64356.3,63765.0,405931.439
0.007879,-0.001625,1713312000,0.00352,0.004781,63764.9,59625.0,64483.3,61254.5,444032.992
0.006798,-0.009025,1713398400,-0.005855,0.00352,61254.5,60763.8,64100.0,63445.0,363302.394
0.007965,-0.006251,1713484800,0.004764,-0.005855,63445.0,59541.0,65480.0,63787.4,574264.058
0.005403,-0.008212,1713571200,-0.001004,0.004764,63787.4,63045.1,65400.0,64897.2,197142.262
0.008001,-0.006635,1713657600,0.007027,-0.001004,64897.2,64214.2,65678.7,64912.6,160533.948
0.008604,-0.007998,1713744000,-0.007123,0.007027,64912.7,64470.5,67222.0,66778.0,246268.411
0.007316,-0.010731,1713830400,0.005933,-0.007123,66777.9,65750.0,67158.9,66386.3,178665.564
0.010846,0.003958,1713916800,0.010173,0.005933,66386.2,63575.0,67068.2,64250.0,280545.061
0.010173,-0.000791,1714003200,0.000438,0.010173,64250.0,62721.3,65270.6,64478.8,275211.062
0.010042,-0.001825,1714089600,0.009812,0.000438,64478.8,63291.5,64783.1,63748.8,202149.813
0.009812,0.003897,1714176000,0.004301,0.009812,63748.7,62332.8,63901.4,63421.0,167349.109
0.007673,-0.00425,1714262400,0.003444,0.004301,63420.9,62700.0,64350.0,63088.3,126056.151
0.009818,-0.006919,1714348800,0.005857,0.003444,63088.4,61726.2,64200.0,63842.4,228411.163
0.010317,-0.006181,1714435200,0.009676,0.005857,63842.4,59150.0,64700.0,60651.2,408747.703
0.010176,0.001929,1714521600,0.005999,0.009676,60651.2,56537.7,60816.7,58307.6,564108.4
0.00871,-0.0101,1714608000,-0.007382,0.005999,58307.7,56951.6,59637.3,59036.7,299229.302
0.004348,-0.011245,1714694400,-0.004976,-0.007382,59036.7,58781.3,63333.0,62853.7,353606.459
0.008076,-0.005364,1714780800,0.0071,-0.004976,62853.7,62520.0,64547.9,63864.2,205205.199
0.00977,-0.00002,1714867200,0.004047,0.0071,63864.3,62833.0,64644.3,63988.0,185495.653
0.009818,-0.000175,1714953600,0.008912,0.004047,63987.9,62655.3,65500.0,63142.8,305110.067
0.009759,0.004506,1715040000,0.00665,0.008912,63142.7,62203.6,64392.2,62296.0,238974.646
0.010238,0.005907,1715126400,0.008249,0.00665,62296.0,60843.6,62994.9,61157.9,241651.579
0.010369,0.000151,1715212800,0.000294,0.008249,61157.9,60550.0,63447.2,63050.1,242451.302
0.008753,-0.003556,1715299200,0.008514,0.000294,63050.0,60117.4,63446.5,60778.1,307214.96
0.009272,0.005131,1715385600,0.00527,0.008514,60778.0,60432.6,61491.4,60809.2,113294.787
0.008654,-0.001749,1715472000,0.003801,0.00527,60809.2,60557.3,61849.4,61455.8,104043.897
0.009593,-0.000612,1715558400,0.001885,0.003801,61455.7,60750.0,63440.0,62912.1,261927.073
0.01351,-0.00258,1715644800,0.007326,0.001885,62912.2,60950.0,63099.6,61550.5,244345.274
0.007814,-0.010049,1715731200,0.002627,0.007326,61550.5,61316.1,66440.0,66175.4,365031.68
0.010152,0.000608,1715817600,0.006755,0.002627,66175.4,64567.0,66800.0,65217.7,242455.324
0.006918,-0.002258,1715904000,0.001242,0.006755,65217.7,65061.2,67400.6,66980.0,227063.919
0.007842,-0.004233,1715990400,0.005674,0.001242,66980.0,66503.2,67340.5,66884.9,96931.548
0.009034,0.002894,1716076800,0.003409,0.005674,66884.9,65835.8,67750.0,66239.4,148170.35
0.014803,-0.000062,1716163200,0.014617,0.003409,66239.4,66010.0,71674.6,71466.5,366028.078
0.027021,0.012486,1716249600,0.012522,0.014617,71466.5,69165.6,72132.8,70168.8,263674.327
0.015344,0.010029,1716336000,0.013537,0.012522,70168.7,68736.8,70715.4,69219.1,194160.494
0.019646,0.010639,1716422400,0.012464,0.013537,69219.2,66156.6,70133.3,67999.9,300093.622
0.012627,0.009125,1716508800,0.009525,0.012464,67999.9,66639.0,69273.5,68584.1,186681.082
0.01107,0.008758,1716595200,0.010917,0.009525,68584.0,68523.7,69622.8,69314.4,85113.605
0.012588,0.010163,1716681600,0.011129,0.010917,69314.5,68155.0,69590.3,68524.3,84069.824
0.033976,0.009978,1716768000,0.018765,0.011129,68524.4,68268.7,70750.0,69461.6,170291.356
0.018765,0.009747,1716854400,0.017182,0.018765,69461.5,67273.0,69628.0,68440.5,227838.44
0.018018,0.010422,1716940800,0.010571,0.017182,68440.4,67129.0,68983.0,67686.7,158236.599
0.012139,0.009308,1717027200,0.011917,0.010571,67686.8,67167.0,69568.9,68402.5,194573.899
0.012747,0.00882,1717113600,0.012574,0.011917,68402.6,66700.5,69080.0,67577.9,195751.752
0.013321,0.01047,1717200000,0.011097,0.012574,67577.9,67480.0,67936.0,67799.2,50943.058
0.013524,0.009474,1717286400,0.011199,0.011097,67799.2,67296.3,68545.9,67805.9,102194.718
0.015692,0.009941,1717372800,0.012152,0.011199,67805.9,67642.6,70372.9,68851.4,227676.93
0.019599,0.009962,1717459200,0.01017,0.012152,68851.3,68595.5,71146.4,70580.0,216100.016
0.021636,0.009298,1717545600,0.010829,0.01017,70580.0,70423.6,71824.4,71133.3,203992.034
0.022894,0.009481,1717632000,0.010463,0.010829,71133.3,70101.9,71714.8,70830.0,158483.564
0.019906,0.009461,1717718400,0.011608,0.010463,70830.0,68405.0,72144.0,69377.0,299412.37
0.013923,0.009145,1717804800,0.009458,0.011608,69377.0,69192.3,69613.6,69346.5,65739.857
0.010474,0.00863,1717891200,0.009452,0.009458,69346.6,69160.0,69879.0,69667.1,68024.1
0.011173,0.008391,1717977600,0.009019,0.009452,69667.1,69201.2,70222.7,69558.7,127381.604
0.01015,0.005592,1718064000,0.005794,0.009019,69558.8,66000.0,69600.0,67320.7,311984.942
0.010335,0.001212,1718150400,0.009938,0.005794,67320.6,66920.0,70028.0,68270.3,329918.46
0.010289,0.00271,1718236800,0.007074,0.009938,68270.3,66251.1,68607.7,66786.9,248355.461
0.010286,0.001103,1718323200,0.005078,0.007074,66786.8,65052.4,67366.5,66039.7,239411.231
0.008949,0.002761,1718409600,0.005486,0.005078,66039.7,65801.0,66482.6,66213.7,72423.755
0.006777,0.001536,1718496000,0.004706,0.005486,66213.7,66012.1,66960.3,66653.6,80361.551
0.009561,0.001675,1718582400,0.005308,0.004706,66653.5,65094.9,67280.6,66472.1,248420.787
0.008408,-0.003485,1718668800,0.007349,0.005308,66472.1,64009.8,66558.9,65150.0,335559.394
0.007663,0.00064,1718755200,0.006286,0.007349,65149.9,64600.0,65711.9,64933.6,150032.669
0.010142,0.005665,1718841600,0.006981,0.006286,64933.6,64526.0,66467.0,64854.0,220954.676
0.009796,-0.007214,1718928000,0.009081,0.006981,64854.0,63361.2,65055.5,64124.0,210109.601
0.009081,-0.002298,1719014400,0.004818,0.009081,64124.1,63915.8,64520.0,64240.0,53855.862
0.008156,-0.000844,1719100800,0.006585,0.004818,64240.1,63137.9,64500.0,63194.9,72052.293
0.009011,-0.003922,1719187200,-0.001688,0.006585,63194.9,58218.0,63357.0,60273.6,445903.184
0.007733,-0.008409,1719273600,-0.000327,-0.001688,60273.5,60230.5,62448.1,61777.8,264647.317
0.006593,-0.006436,1719360000,0.005932,-0.000327,61777.9,60696.0,62465.1,60860.1,170601.18
0.011072,0.003582,1719446400,0.009112,0.005932,60860.1,60605.0,62379.7,61682.0,160172.482
0.012807,0.001,1719532800,0.012225,0.009112,61682.1,60038.0,62204.0,60429.8,195508.125
0.015138,-0.006867,1719619200,0.004801,0.012225,60429.8,60400.1,61232.0,60982.4,79680.289
0.01206,-0.003342,1719705600,0.00972,0.004801,60982.5,60705.0,63058.4,62766.0,147777.915
0.014014,-0.002883,1719792000,0.003388,0.00972,62766.1,62502.2,63849.0,62883.6,193937.938
0.01233,-0.003265,1719878400,0.010132,0.003388,62883.7,61800.0,63284.0,62123.6,163101.243
0.010132,0.000466,1719964800,0.007458,0.010132,62123.5,59299.3,62278.2,60208.0,295303.265
0.008382,-0.002652,1720051200,0.00647,0.007458,60208.0,56560.0,60500.0,57045.9,445656.277
0.008001,-0.005684,1720137600,0.004559,0.00647,57045.9,53329.5,57533.4,56604.9,577193.595
0.009669,-0.001291,1720224000,0.001822,0.004559,56604.9,56000.0,58472.0,58216.0,178580.022
0.010201,-0.006063,1720310400,0.004189,0.001822,58216.0,55688.0,58443.0,55830.9,210361.981
0.010314,-0.002643,1720396800,0.009176,0.004189,55831.0,54243.1,58200.0,56686.4,464106.957
0.009607,0.002906,1720483200,0.008143,0.009176,56686.4,56256.2,58290.6,58023.2,257237.048
0.01056,-0.002428,1720569600,0.009393,0.008143,58023.1,57125.0,59449.6,57707.0,254248.937
0.010217,0.004149,1720656000,0.006801,0.009393,57707.0,57030.0,59780.0,57315.5,293106.959
0.008898,-0.002556,1720742400,0.005754,0.006801,57315.7,56500.1,58500.0,57870.0,238100.616
0.008694,-0.000643,1720828800,0.007418,0.005754,57870.0,57728.6,59850.0,59174.0,157884.322
0.009804,0.002448,1720915200,0.005541,0.007418,59173.9,59164.0,61412.4,60766.0,208060.883
0.010101,-0.006298,1721001600,0.000849,0.005541,60766.0,60622.6,64870.7,64680.6,352222.181
0.019893,0.000849,1721088000,0.004987,0.000849,64680.6,62350.0,65388.0,65010.0,375258.616
0.010431,-0.003997,1721174400,0.00257,0.004987,65010.0,63823.0,66100.0,64055.7,276656.393
0.008007,0.000308,1721260800,0.007033,0.00257,64055.8,63206.4,65173.8,63959.9,215648.157
0.011268,-0.000928,1721347200,0.00263,0.007033,63960.0,63266.2,67362.8,66627.9,311859.805
0.007759,0.001327,1721433600,0.00322,0.00263,66627.9,66159.1,67648.7,67095.6,123564.406
0.011587,0.001029,1721520000,0.011472,0.00322,67095.6,65750.0,68351.2,68138.0,207228.372
0.011472,0.003977,1721606400,0.004766,0.011472,68138.0,66538.6,68459.7,67499.2,192991.391
0.009881,0.00072,1721692800,0.009752,0.004766,67499.2,65416.5,67729.3,65916.4,270430.68
0.010611,0.007889,1721779200,0.010377,0.009752,65916.3,65040.5,67087.3,65350.8,215079.421
0.010377,0.005669,1721865600,0.007646,0.010377,65350.7,63456.7,66144.0,65773.0,319685.441
0.011075,0.001433,1721952000,0.00774,0.007646,65773.0,65688.2,68200.0,67882.5,235384.526
0.01332,0.00493,1722038400,0.010356,0.00774,67882.5,66624.5,69381.7,67873.8,330982.647
0.010963,0.005812,1722124800,0.010829,0.010356,67873.7,67037.0,68300.0,68215.5,116913.935
0.012535,0.005342,1722211200,0.005563,0.010829,68215.5,66365.8,70081.0,66750.0,372537.818
0.01068,-0.000126,1722297600,0.007934,0.005563,66750.1,65254.5,66966.6,66159.3,246551.044
0.00975,0.004023,1722384000,0.008865,0.007934,66159.3,64500.4,66826.3,64601.8,246389.446
0.010618,0.002555,1722470400,0.010618,0.008865,64601.8,62271.2,65650.0,65328.9,372654.59
0.013164,0.005772,1722556800,0.008456,0.010618,65329.0,61200.2,65577.0,61483.7,421628.42
0.008931,-0.000788,1722643200,0.00868,0.008456,61483.7,59800.0,62166.0,60684.6,290469.956
0.010023,0.001137,1722729600,0.005144,0.00868,60684.5,57040.0,61089.5,58144.5,339512.415
0.007367,-0.009589,1722816000,0.004883,0.005144,58144.5,48888.0,58286.9,54003.1,1281982.025
0.00638,-0.004791,1722902400,0.000614,0.004883,54003.5,53925.3,56999.9,55991.2,435953.439
0.010342,-0.004094,1722988800,0.005137,0.000614,55991.3,54519.8,57699.0,55102.9,377442.54
0.006329,-0.005764,1723075200,0.002938,0.005137,55102.9,54672.4,62737.2,61659.8,470117.508
0.008172,0.001636,1723161600,0.001959,0.002938,61659.8,59500.0,61726.0,60808.6,308674.339
0.007845,-0.001288,1723248000,0.007489,0.001959,60808.6,60208.5,61450.0,60889.9,115593.354
0.007489,-0.000101,1723334400,0.006266,0.007489,60889.8,58255.4,62000.0,58693.1,202539.076
0.010651,-0.000753,1723420800,0.006738,0.006266,58693.1,57615.0,60666.0,59323.6,367126.29
0.007663,-0.003688,1723507200,0.003304,0.006738,59323.7,58360.0,61545.0,60550.5,255934.721
0.004271,-0.010469,1723593600,-0.002321,0.003304,60550.4,58367.2,61839.7,58648.1,295662.808
0.006747,-0.008833,1723680000,-0.006455,-0.002321,58648.1,55969.0,59820.0,57511.0,360815.946
0.003876,-0.007974,1723766400,0.003817,-0.006455,57511.1,57062.1,59780.2,58854.9,268756.529
0.006576,0.001327,1723852800,0.006229,0.003817,58854.9,58769.4,59690.2,59468.5,77085.532
0.007154,-0.002354,1723939200,0.000654,0.006229,59468.5,58352.0,60250.0,58390.0,149660.264
0.001434,-0.005785,1724025600,-0.003669,0.000654,58390.1,57750.0,59585.4,59398.5,214043.139
0.004401,-0.005816,1724112000,-0.005273,-0.003669,59398.4,58501.1,61386.0,58982.9,287049.13
0.004058,-0.005856,1724198400,0.000201,-0.005273,58982.7,58728.9,61793.9,61120.0,270583.679
0.004596,-0.002984,1724284800,0.003381,0.000201,61120.0,59677.6,61392.0,60349.9,211098.959
0.00383,-0.012815,1724371200,-0.00353,0.003381,60349.9,60301.5,65000.0,64019.9,382490.709
0.009406,-0.00353,1724457600,0.002781,-0.00353,64020.0,63522.7,64472.5,64116.5,132741.902
0.007916,-0.000291,1724544000,0.006689,0.002781,64116.6,63731.3,65175.4,64190.2,115546.888
0.006689,-0.000538,1724630400,0.004178,0.006689,64190.1,62750.2,64455.8,62807.6,195977.222
0.008432,-0.004922,1724716800,-0.004913,0.004178,62807.7,57928.2,63196.0,59384.5,339269.805
0.00454,-0.008924,1724803200,0.002125,-0.004913,59384.4,57820.0,60197.8,59010.0,313788.567
0.004569,-0.00362,1724889600,-0.000574,0.002125,59010.0,58655.0,61144.9,59323.2,233896.685
0.005814,-0.005128,1724976000,0.002812,-0.000574,59323.3,57525.0,59914.9,59096.3,268276.469
0.007054,-0.001712,1725062400,0.006443,0.002812,59096.4,58700.0,59436.0,58941.9,68866.674
0.006745,-0.002714,1725148800,-0.0016,0.006443,58941.9,57123.0,59052.7,57268.1,222909.914
0.008325,-0.003488,1725235200,0.006746,-0.0016,57268.1,57093.0,59412.3,59112.1,201218.384
0.008928,0.003192,1725321600,0.005424,0.006746,59112.2,57320.0,59790.0,57451.9,230196.497
0.007809,-0.003927,1725408000,0.007419,0.005424,57452.0,55555.0,58500.0,57944.8,326983.311
0.007972,-0.007091,1725494400,0.004598,0.007419,57944.8,55600.0,58318.9,56145.7,294703.592
0.005235,-0.005991,1725580800,-0.000783,0.004598,56145.7,52510.8,57000.0,53927.7,479063.113
0.004421,-0.006749,1725667200,0.00412,-0.000783,53927.7,53725.0,54820.2,54134.9,127686.594
0.00412,-0.003968,1725753600,-0.000765,0.00412,54134.9,53596.5,55300.0,54839.6,162078.536
0.000321,-0.006959,1725840000,-0.000713,-0.000765,54839.6,54557.0,58153.2,57010.0,313094.361
0.004464,-0.006213,1725926400,-0.002633,-0.000713,57010.1,56361.0,58033.2,57609.1,228317.676
0.004144,-0.008194,1726012800,-0.000973,-0.002633,57609.2,55515.2,57954.4,57306.0,338231.445
0.004642,-0.003107,1726099200,0.002011,-0.000973,57305.6,57283.1,58606.6,58097.0,261449.688
0.003209,-0.009226,1726185600,-0.006135,0.002011,58097.1,57594.0,60597.0,60456.2,277429.492
0.006709,-0.007577,1726272000,0.003936,-0.006135,60456.2,59360.1,60572.9,59964.0,102580.577
0.007009,-0.000881,1726358400,0.006114,0.003936,59963.9,58654.0,60369.4,59100.5,130524.206
0.009756,0.001671,1726444800,0.009256,0.006114,59100.5,57446.3,59182.2,58187.0,250699.432
0.009256,-0.004152,1726531200,0.004893,0.009256,58187.0,57588.8,61345.0,60281.0,318442.066
0.007966,-0.001348,1726617600,0.007966,0.004893,60281.0,59138.0,61765.0,61735.3,355729.312
0.008999,0.00055,1726704000,0.008999,0.007966,61735.3,61534.0,63830.1,62926.9,302382.412
0.011743,-0.00182,1726790400,0.004378,0.008999,62926.9,62320.0,64126.7,63175.7,257172.835
0.009739,0.002399,1726876800,0.004531,0.004378,63175.8,62714.2,63546.9,63320.6,78248.362
0.00981,0.001201,1726963200,0.007926,0.004531,63320.6,62339.0,64000.0,63558.4,149129.884
0.007926,0.000099,1727049600,0.00625,0.007926,63558.5,62534.4,64724.8,63302.0,234343.564
0.00625,-0.003378,1727136000,0.005928,0.00625,63302.1,62688.2,64666.0,64243.1,236987.628
0.007751,0.000007,1727222400,0.006729,0.005928,64243.2,62910.0,64800.0,63118.4,184950.772
0.008143,-0.001394,1727308800,0.007248,0.006729,63118.3,62634.4,65800.0,65139.2,321186.356
0.007664,-0.000224,1727395200,0.006934,0.007248,65139.1,64788.0,66450.0,65749.6,226404.021
0.009437,0.004373,1727481600,0.006489,0.006934,65749.5,65368.1,66237.0,65822.6,92773.553
0.010436,0.003847,1727568000,0.007846,0.006489,65822.7,65400.0,66059.3,65568.1,88131.799
0.010983,0.00391,1727654400,0.010314,0.007846,65568.2,62825.0,65588.8,63309.1,296848.373
0.010314,0.001844,1727740800,0.005297,0.010314,63309.0,60128.2,64092.6,60776.8,429817.835
0.008383,0.003304,1727827200,0.007534,0.005297,60776.7,59934.9,62355.0,60622.6,327001.805
0.009958,0.002688,1727913600,0.008067,0.007534,60622.7,59815.0,61452.6,60727.2,286137.212
0.008067,-0.001487,1728000000,0.001111,0.008067,60727.1,60434.1,62457.1,62054.4,234795.836
0.006861,-0.000459,1728086400,0.006861,0.001111,62054.3,61648.0,62344.0,62023.1,74330.781
0.008183,0.001391,1728172800,0.00619,0.006861,62023.1,61778.9,62961.5,62789.3,96413.453
0.008774,-0.000169,1728259200,0.00168,0.00619,62789.2,62091.8,64448.2,62190.7,298949.375
0.010468,-0.000421,1728345600,0.008894,0.00168,62190.6,61836.0,63178.7,62131.7,226276.359
0.011249,0.003985,1728432000,0.00535,0.008894,62131.8,60251.9,62520.9,60606.4,217302.173
0.010774,0.001436,1728518400,0.002537,0.00535,60606.3,58900.0,61297.0,60293.2,262947.653
0.00696,-0.002939,1728604800,0.00696,0.002537,60293.3,60057.8,63400.0,62509.0,263691.142
0.010588,-0.000727,1728691200,0.007194,0.00696,62509.0,62458.0,63462.6,63176.0,102784.406
0.008708,0.002644,1728777600,0.007964,0.007194,63176.0,62020.0,63260.0,62839.8,129696.156
0.013275,0.003149,1728864000,0.010262,0.007964,62839.7,62420.0,66533.0,66064.9,338251.601
0.013869,0.006865,1728950400,0.009053,0.010262,66064.9,64771.7,67953.7,67044.1,422005.511
0.011451,0.006489,1729036800,0.009106,0.009053,67044.0,66724.2,68400.0,67592.0,254153.501
0.011514,0.007221,1729123200,0.010093,0.009106,67592.0,66600.0,67925.9,67401.5,220272.837
0.01068,0.005178,1729209600,0.008492,0.010093,67401.5,67165.0,69000.0,68407.8,245301.761
0.010673,0.007591,1729296000,0.009467,0.008492,68407.8,68000.0,68684.9,68357.1,68632.108
0.012267,0.008084,1729382400,0.012057,0.009467,68357.1,68069.8,69425.8,69020.1,105939.492
0.013523,0.008786,1729468800,0.008988,0.012057,69020.2,66865.9,69566.0,67368.8,253437.333
0.01172,0.007741,1729555200,0.010493,0.008988,67368.7,66536.5,67825.0,67406.4,218518.977
0.012683,0.008918,1729641600,0.012311,0.010493,67406.5,65222.3,67449.0,66647.2,248215.058
0.012827,0.008158,1729728000,0.010081,0.012311,66647.3,66482.0,68842.5,68173.8,212340.722
0.010947,0.002549,1729814400,0.008872,0.010081,68173.8,65557.2,68748.0,66662.8,348511.871
0.010351,0.005728,1729900800,0.00887,0.008872,66662.7,66414.1,67450.0,67071.8,94169.992
0.010302,0.005361,1729987200,0.010241,0.00887,67071.9,66909.4,68306.1,67992.6,88468.808
0.011975,0.00457,1730073600,0.009533,0.010241,67992.7,67584.2,70331.0,69940.0,256128.622
0.014658,0.006987,1730160000,0.014553,0.009533,69939.9,69733.0,73660.0,72739.5,382502.06
0.016895,0.010319,1730246400,0.011647,0.014553,72739.5,71444.2,72984.9,72349.0,227108.808
0.013351,0.007494,1730332800,0.012579,0.011647,72349.0,69705.0,72720.3,70321.9,256485.328
0.012579,0.007844,1730419200,0.011596,0.012579,70321.9,68822.5,71650.0,69495.5,352591.088
0.011596,0.006605,1730505600,0.009607,0.011596,69495.4,69022.8,69913.1,69366.6,79314.105
0.010986,0.008783,1730592000,0.010732,0.009607,69366.6,67446.6,69393.7,68762.5,226477.376
0.011009,0.008172,1730678400,0.009329,0.010732,68762.5,66810.0,69495.3,67834.3,244912.166
0.011175,0.004838,1730764800,0.006876,0.009329,67834.4,67454.2,70537.4,69353.1,273070.87
0.028152,0.003666,1730851200,0.009643,0.006876,69353.1,69272.7,76420.0,75579.9,677440.286
0.017595,0.003771,1730937600,0.006582,0.009643,75579.9,74450.0,76900.0,75859.4,280675.033
0.012976,0.004379,1731024000,0.005597,0.006582,75859.4,75576.3,77182.9,76482.2,230370.324
0.012391,0.005597,1731110400,0.012378,0.005597,76482.2,75683.2,76920.0,76675.1,117754.034
0.040833,0.008492,1731196800,0.039639,0.012378,76675.1,76501.1,81699.8,80410.0,417426.899
0.046515,0.007225,1731283200,0.046515,0.039639,80409.9,80261.2,89800.0,88728.9,614141.662
0.098129,0.012249,1731369600,0.012418,0.046515,88729.0,85159.9,90070.1,87972.0,639481.584
0.039939,0.009923,1731456000,0.01639,0.012418,87972.0,86180.0,93421.1,90413.3,555288.297
0.025546,0.010422,1731542400,0.013641,0.01639,90413.3,86714.0,91846.1,87382.7,364621.68
0.019396,0.010858,1731628800,0.01412,0.013641,87382.6,87111.0,91921.5,91074.6,314431.908
0.026202,0.013578,1731715200,0.020884,0.01412,91074.6,90120.0,91849.8,90643.3,129023.447
0.032214,0.012554,1731801600,0.018461,0.020884,90643.2,88736.1,91539.6,89899.9,167504.792
0.054741,0.014095,1731888000,0.02572,0.018461,89900.0,89422.1,92700.0,90507.4,333557.11
0.038853,0.011236,1731974400,0.011465,0.02572,90507.4,90405.6,93985.9,92335.9,303532.031
0.013591,0.002932,1732060800,0.006588,0.011465,92335.9,91500.0,94849.0,94288.0,290044.227
0.019238,0.002978,1732147200,0.012897,0.006588,94288.0,94008.7,99100.0,98366.8,418383.136
0.030358,0.00903,1732233600,0.009478,0.012897,98366.8,97199.9,99660.0,98921.4,265774.067
0.019344,0.009478,1732320000,0.018662,0.009478,98921.5,97173.5,98937.3,97725.5,120358.422
0.036253,0.014742,1732406400,0.027268,0.018662,97725.6,95822.1,98666.0,97960.4,173118.84
0.039618,0.013045,1732492800,0.021354,0.027268,97960.5,92666.0,98999.0,93064.0,329375.021
0.03688,0.020135,1732579200,0.035166,0.021354,93064.0,90866.4,95064.0,92021.4,344929.233
0.035166,0.012028,1732665600,0.012192,0.035166,92021.5,91864.0,97250.0,95905.2,237005.987
0.028722,0.010547,1732752000,0.025217,0.012192,95905.2,94700.1,96627.6,95694.4,154007.026
0.031165,0.012343,1732838400,0.012828,0.025217,95694.4,95404.5,98713.3,97516.3,190520.949
0.02304,0.011251,1732924800,0.015594,0.012828,97516.2,96150.0,97522.1,96475.1,93074.218
0.022375,0.011436,1733011200,0.021682,0.015594,96475.2,95736.5,97933.0,97265.1,113222.99
0.035577,0.011261,1733097600,0.014165,0.021682,97265.0,94400.0,98266.0,95890.5,257613.911
0.028798,0.013904,1733184000,0.027089,0.014165,95890.6,93605.0,96375.0,95913.3,206601.98
0.034231,0.019411,1733270400,0.026512,0.027089,95913.3,94650.8,99099.9,98669.8,275949.205
0.110819,0.011719,1733356800,0.011719,0.026512,98669.8,90200.0,104630.4,97001.5,580277.391
0.026503,0.009063,1733443200,0.024569,0.011719,97001.6,96429.5,101988.8,99802.5,282369.608
0.024569,0.012226,1733529600,0.018186,0.024569,99802.5,98876.9,100499.0,99899.2,95858.658
0.026373,0.015344,1733616000,0.026194,0.018186,99899.2,98709.4,101457.9,101200.0,109755.676
0.029481,0.01187,1733702400,0.012372,0.026194,101200.1,94039.7,101300.0,97349.1,326973.59
0.013482,0.008828,1733788800,0.009045,0.012372,97349.1,94265.5,98320.6,96602.4,291490.744
0.01077,0.00737,1733875200,0.008384,0.009045,96602.3,95650.0,101880.0,101115.3,221807.705
0.011249,0.008384,1733961600,0.01025,0.008384,101115.3,99280.2,102538.4,99982.4,215219.075
0.010716,0.006299,1734048000,0.007571,0.01025,99982.3,99149.6,101869.5,101371.9,152437.318
0.010264,0.006939,1734134400,0.009642,0.007571,101371.9,100559.8,102638.0,101381.0,107680.549
0.011295,0.007097,1734220800,0.011239,0.009642,101381.0,101200.1,105374.6,104460.4,157733.916
0.01824,0.00746,1734307200,0.007877,0.011239,104460.5,103264.6,107777.0,106023.2,274395.756
0.010943,0.007877,1734393600,0.009411,0.007877,106023.2,105252.0,108366.8,106074.6,197773.912
0.010684,0.007231,1734480000,0.010076,0.009411,106074.6,99951.1,106484.6,100181.1,328581.935
0.011558,0.003448,1734566400,0.00668,0.010076,100181.2,95681.2,102756.7,97434.4,372968.463
0.010328,0.003369,1734652800,0.007062,0.00668,97434.3,92272.6,98243.0,97764.4,396188.795
0.009116,-0.002359,1734739200,0.007932,0.007062,97764.5,96375.0,99485.0,97261.8,161258.48
0.009477,0.003459,1734825600,0.007594,0.007932,97261.7,94200.0,97437.9,95153.5,148114.735
0.01048,0.006441,1734912000,0.009213,0.007594,95153.4,92464.4,96499.0,94861.1,247211.855
0.011095,0.005055,1734998400,0.009532,0.009213,94861.0,93525.6,99450.0,98627.2,211610.632
0.011299,0.008801,1735084800,0.010385,0.009532,98626.9,97570.0,99580.7,99379.7,124696.892
0.010385,-0.000359,1735171200,0.009539,0.010385,99379.6,95153.0,99950.0,95751.0,194857.651
0.011939,0.007122,1735257600,0.008698,0.009539,95750.9,93440.0,97564.5,94258.9,206008.243
0.00907,0.003272,1735344000,0.008707,0.008698,94258.9,94100.0,95700.0,95259.1,67991.349
0.009713,-0.000712,1735430400,0.001158,0.008707,95259.1,92961.8,95300.0,93700.0,95047.934
0.011532,0.001158,1735516800,0.010104,0.001158,93699.9,91510.0,95031.6,92759.3,222343.593
0.012543,0.007342,1735603200,0.01211,0.010104,92759.3,92000.0,96254.3,93548.9,178648.116
0.015239,0.008355,1735689600,0.013349,0.01211,93548.8,92796.5,95161.2,94580.9,91236.66
0.013349,0.008716,1735776000,0.011345,0.013349,94580.9,94357.4,97822.4,96967.5,181645.495
0.011345,0.005183,1735862400,0.006288,0.011345,96967.6,96061.5,98949.0,98145.7,125220.674
0.011132,0.005564,1735948800,0.010318,0.006288,98145.7,97438.2,98760.9,98173.2,71914.634
0.01071,0.005429,1736035200,0.010294,0.010318,98173.2,97227.0,98852.6,98340.2,74949.289
0.0114,0.003446,1736121600,0.004399,0.010294,98340.2,97872.6,102444.0,102180.4,207493.329
0.012719,0.001282,1736208000,0.007633,0.004399,102180.5,96153.0,102762.1,96920.3,258711.309
0.010428,0.003129,1736294400,0.009004,0.007633,96920.2,92500.0,97242.2,95014.1,262012.113
0.009961,0.000377,1736380800,0.004449,0.009004,95014.0,91055.8,95358.7,92505.9,257760.902
0.010626,-0.000194,1736467200,0.008917,0.004449,92506.0,92173.6,95882.5,94675.5,261942.954
0.009508,0.003627,1736553600,0.008247,0.008917,94675.6,93802.1,94988.0,94562.5,64661.763
0.010059,0.003961,1736640000,0.008506,0.008247,94562.4,93661.1,95444.0,94499.9,77298.133
0.010535,-0.000988,1736726400,0.010291,0.008506,94499.9,88909.0,95934.5,94485.3,361150.49
0.010745,0.004548,1736812800,0.004597,0.010291,94485.4,94305.4,97353.9,96514.9,212859.661
0.008568,0.000298,1736899200,0.00163,0.004597,96514.9,96450.2,100658.9,100460.0,222417.566
0.011136,0.00163,1736985600,0.007681,0.00163,100460.0,97293.6,100850.0,99937.4,216802.52
0.012669,-0.001719,1737072000,0.005106,0.007681,99937.4,99902.0,105784.0,104042.5,249449.969
0.012057,0.005106,1737158400,0.011822,0.005106,104042.6,102242.8,104962.1,104524.3,167940.092
0.018141,0.007603,1737244800,0.014072,0.011822,104524.3,99600.0,106450.0,101311.5,280949.178
0.035278,0.010862,1737331200,0.011009,0.014072,101311.5,99501.0,110000.0,102247.6,530508.18
0.013798,0.005204,1737417600,0.006348,0.011009,102247.7,100097.2,107241.6,106114.5,273296.828
0.010692,0.00328,1737504000,0.007807,0.006348,106115.4,103211.6,106390.0,103664.9,151243.528
0.010262,0.000223,1737590400,0.003788,0.007807,103664.9,101211.0,106840.2,103864.1,418154.019
0.009421,-0.002374,1737676800,0.003229,0.003788,103864.0,102680.0,107076.5,104808.1,165746.95
0.012186,0.003229,1737763200,0.010775,0.003229,104808.0,104040.6,105274.7,104702.0,65630.163
0.010775,0.008487,1737849600,0.00942,0.010775,104702.0,102450.3,105496.9,102560.1,75787.087
0.009744,-0.002412,1737936000,0.008541,0.00942,102560.0,97680.0,103216.5,102021.3,325689.874
0.010504,0.002468,1738022400,0.007807,0.008541,102021.3,100235.0,103797.0,101279.6,169917.261
0.009358,0.002462,1738108800,0.008607,0.007807,101279.7,101269.7,104755.0,103698.2,169989.952
0.012011,-0.001175,1738195200,0.003295,0.008607,103698.1,103224.5,106450.0,104676.9,136967.4
0.010198,0.002972,1738281600,0.004609,0.003295,104676.9,101509.0,106000.0,102379.7,172237.817
0.008736,-0.000146,1738368000,0.006749,0.004609,102379.8,100215.0,102734.9,100603.6,90863.091
0.009793,-0.002111,1738454400,0.009723,0.006749,100603.6,96029.6,101426.0,97664.5,232934.693
0.01779,-0.010604,1738540800,-0.001745,0.009723,97664.5,91130.3,102456.0,101293.7,455088.034
0.009065,-0.002404,1738627200,0.002145,-0.001745,101293.6,96100.0,101729.3,97709.9,262746.203
0.007005,-0.001494,1738713600,0.006471,0.002145,97710.0,96106.1,99124.2,96553.2,151379.666
0.009195,0.000994,1738800000,0.008826,0.006471,96553.2,95613.5,99093.0,96515.1,161521.013
0.008826,0.001555,1738886400,0.0016,0.008826,96515.0,95555.0,100112.4,96454.5,223373.629
0.00682,-0.000904,1738972800,0.000732,0.0016,96454.5,95600.0,96850.0,96411.9,69050.432
0.0076,-0.000176,1739059200,0.00405,0.000732,96412.0,94650.1,97301.7,96423.6,101177.286
0.00955,0.003755,1739145600,0.006452,0.00405,96423.6,95200.1,98328.0,97379.2,132932.545
0.008993,0.001861,1739232000,0.006146,0.006452,97379.2,94814.3,98482.2,95731.4,154832.904
0.008544,0.001967,1739318400,0.008496,0.006146,95731.4,94003.9,98090.9,97816.3,202448.079
0.009145,0.001537,1739404800,0.008823,0.008496,97816.3,95160.1,98053.8,96560.6,142240.526
0.008823,0.001101,1739491200,0.002284,0.008823,96560.6,96225.7,98792.8,97445.1,144452.957
0.008865,0.001284,1739577600,0.006076,0.002284,97445.2,97170.0,97941.2,97538.0,47418.593
0.007793,0.000364,1739664000,0.007025,0.006076,97538.0,96002.0,97665.8,96067.0,56684.873
0.008994,0.003851,1739750400,0.008887,0.007025,96067.0,95150.6,97000.0,95743.2,105576.986
0.010412,0.006418,1739836800,0.008786,0.008887,95743.1,93321.6,96737.3,95622.0,179173.362
0.009242,0.001216,1739923200,0.004643,0.008786,95622.0,95012.5,96878.7,96598.0,124996.873
0.006891,-0.004171,1740009600,-0.002861,0.004643,96597.9,96366.0,98662.1,98252.9,129180.172
0.024156,-0.006488,1740096000,0.024055,-0.002861,98252.8,94830.4,99431.5,96127.9,250618.273
0.024055,0.003339,1740182400,0.004222,0.024055,96128.0,95701.9,96988.0,96503.3,65792.15
0.008367,0.002246,1740268800,0.00702,0.004222,96503.3,95180.2,96602.9,96218.4,69298.691
0.010355,0.004651,1740355200,0.010213,0.00702,96218.4,91300.0,96470.0,91514.5,217488.75
0.011928,0.002567,1740441600,0.008225,0.010213,91514.5,86020.4,92500.0,88639.1,472296.502
0.009521,0.003632,1740528000,0.009521,0.008225,88639.1,82222.0,89367.1,84208.5,401141.821
0.012033,-0.001393,1740614400,0.011809,0.009521,84208.6,82667.0,87066.0,84668.1,269408.53
0.01212,-0.006899,1740700800,0.004875,0.011809,84668.2,78200.2,85084.5,84299.6,536343.231
0.006179,-0.012713,1740787200,0.001229,0.004875,84299.6,83779.0,86516.5,86007.7,146996.671
0.002858,-0.004815,1740873600,0.001244,0.001229,86007.7,85015.0,94971.0,94222.8,364711.538
0.008903,-0.006085,1740960000,0.004196,0.001244,94222.0,85029.0,94373.4,86192.7,436032.402
0.005641,-0.001662,1741046400,0.000852,0.004196,86193.3,81200.0,88931.0,87245.9,432434.798
0.007158,-0.002592,1741132800,0.002865,0.000852,87245.9,86328.0,91000.0,90566.1,279001.09
0.007518,-0.004602,1741219200,0.003619,0.002865,90566.1,87790.5,92780.3,89887.8,303058.632
0.009376,-0.002559,1741305600,0.007541,0.003619,89887.9,84600.0,91257.7,86753.8,452474.195
0.007541,-0.002849,1741392000,0.00052,0.007541,86753.8,85108.0,86876.5,86184.7,96106.187
0.008476,-0.000497,1741478400,0.001223,0.00052,86184.7,79933.4,86470.6,80688.8,221609.348
0.007215,-0.003831,1741564800,0.006716,0.001223,80690.7,77410.1,84031.5,78567.8,416386.797
0.008355,-0.000944,1741651200,0.002312,0.006716,78567.8,76560.0,83600.0,82896.0,390779.169
0.007025,-0.003541,1741737600,0.001753,0.002312,82896.0,80578.5,84487.0,83640.7,306171.124
0.006077,0.00014,1741824000,0.003453,0.001753,83640.7,79903.4,84307.1,81085.4,247960.052
0.006099,-0.006033,1741910400,-0.001591,0.003453,81085.5,80772.0,85270.2,83939.8,233544.708
0.004516,-0.003467,1741996800,0.000076,-0.001591,83939.9,83564.5,84625.0,84302.9,76674.97
0.00591,-0.001816,1742083200,0.000123,0.000076,84303.0,81925.6,85136.0,82541.6,174630.7
0.006732,-0.002254,1742169600,-0.002211,0.000123,82541.6,82384.0,84727.1,83962.9,182662.082
0.007606,-0.00365,1742256000,0.003107,-0.002211,83963.0,81113.5,83979.8,82666.1,188897.749
0.004471,-0.00469,1742342400,-0.000194,0.003107,82666.2,82501.8,86990.0,86809.8,251961.741
0.005994,-0.002197,1742428800,0.005117,-0.000194,86809.8,83613.6,87500.0,84183.6,242943.492
0.005651,-0.000454,1742515200,0.001404,0.005117,84183.6,83122.0,84813.6,84050.3,144422.271
0.004019,-0.005446,1742601600,0.00317,0.001404,84050.3,83589.5,84509.0,83804.9,52218.652
0.003348,-0.004169,1742688000,-0.00018,0.00317,83804.9,83761.2,86110.9,86044.2,90899.873
0.003467,-0.012139,1742774400,-0.001713,-0.00018,86044.1,85478.3,88752.0,87463.4,210907.484
0.005555,-0.010292,1742860800,-0.003234,-0.001713,87463.4,86260.0,88500.0,87369.8,173505.289
0.004622,-0.003873,1742947200,0.002499,-0.003234,87369.9,85816.3,88270.2,86873.8,187956.695
0.002499,-0.004558,1743033600,0.000446,0.002499,86873.9,85724.5,87722.4,87191.2,163451.689
0.009256,-0.003045,1743120000,0.006974,0.000446,87191.2,83531.7,87470.0,84380.8,222284.56
0.007073,-0.000642,1743206400,0.00369,0.006974,84380.8,81601.0,84589.7,82604.7,135513.705
0.005463,-0.002758,1743292800,0.004139,0.00369,82604.8,81501.4,83490.0,82352.8,109565.925
0.006476,-0.00046,1743379200,0.004835,0.004139,82353.1,81222.0,83895.8,82517.5,212064.576
0.006791,-0.002998,1743465600,-0.000308,0.004835,82517.5,82383.3,85595.5,85120.9,197263.176
