t,l,h,o,c,high,low,open,close,volume
1582761600,18511.56,20012.48,20012.48,18511.56,8978.0,8533.9,8793.96,8828.0,200638.488
1582848000,18323.37,22048.25,18326.62,20647.05,8908.86,8450.0,8827.12,8699.57,196066.11
1582934400,20653.31,21552.99,20817.13,21070.65,8799.83,8530.0,8699.86,8531.98,103524.685
1583020800,20424.66,22516.55,21115.82,21188.33,8762.24,8409.0,8532.5,8537.84,174332.916
1583107200,19959.37,21377.91,21377.91,19959.37,8972.0,8504.95,8537.84,8919.7,160294.484
1583193600,19455.04,21517.98,19845.61,20083.77,8922.34,8657.41,8919.7,8765.0,160123.605
1583280000,20068.13,21408.66,20076.56,20976.91,8853.88,8669.23,8765.0,8756.93,105462.12
1583366400,20923.64,22038.12,20976.72,21679.99,9172.3,8755.98,8755.98,9062.81,161840.623
1583452800,21347.79,24020.89,21705.25,23256.76,9179.75,8994.14,9062.62,9139.48,115011.583
1583539200,22918.96,23773.47,23296.07,22961.33,9204.0,8850.0,9139.77,8897.18,125804.999
1583625600,19226.3,23382.32,23151.3,19642.27,8897.71,7997.7,8895.62,8038.46,237407.028
1583712000,18078.88,21153.97,19135.96,19950.2,8182.31,7635.21,8038.99,7932.15,334399.107
1583798400,19072.37,20838.58,19845.62,19072.37,8156.31,7733.0,7932.45,7897.66,257068.702
1583884800,18291.36,21759.4,18982.44,19829.76,7988.0,7593.29,7898.21,7938.39,220537.381
1583971200,14288.98,21254.26,19873.47,16597.3,7969.0,4347.0,7938.39,4764.65,784747.02
1584057600,13636.41,17574.58,14969.62,14059.54,5971.0,3621.81,4762.28,5570.26,935489.242
1584144000,13724.15,15470.71,14270.76,15085.87,5638.42,5040.0,5569.84,5167.01,316242.586
1584230400,15027.12,17564.28,15027.12,15711.22,5954.47,5089.12,5167.21,5357.32,356311.765
1584316800,15894.92,18489.98,15894.92,17097.99,5361.26,4413.62,5354.81,5026.26,621555.792
1584403200,16328.44,18697.72,17083.75,18135.47,5529.98,4913.49,5027.11,5307.38,429908.098
1584489600,17910.91,20439.34,17910.91,19611.93,5435.0,4982.75,5306.42,5389.64,402005.703
1584576000,19226.27,21683.46,20066.13,19592.52,6400.0,5246.5,5389.94,6159.6,499391.19
1584662400,15119.7,19772.4,19270.67,15119.7,6911.0,5650.0,6159.41,6203.77,571898.016
1584748800,15178.06,18232.08,15178.06,17739.25,6457.17,5854.01,6204.47,6183.69,387679.649
1584835200,17898.04,20686.65,17972.4,19305.1,6408.91,5730.35,6183.84,5810.17,391002.795
1584921600,17781.24,21013.7,19885.02,18001.44,6619.9,5670.0,5810.3,6463.84,489746.087
1585008000,17885.35,20236.63,18363.86,18396.18,6840.0,6369.0,6463.21,6741.33,437968.553
1585094400,17386.95,18818.53,17950.36,18449.04,6960.71,6436.26,6740.86,6673.41,400684.542
1585180800,17969.59,19495.61,18211.17,19495.61,6777.5,6500.0,6673.57,6733.76,281245.628
1585267200,19491.03,21867.97,19696.68,21296.02,6840.0,6230.0,6733.76,6353.64,258213.519
1585353600,20927.64,23749.57,20927.64,22761.33,6354.74,6004.0,6353.64,6230.95,341944.185
1585440000,22570.98,25404.16,22717.44,24449.48,6260.0,5857.6,6231.81,5876.27,251335.919
1585526400,23476.95,25071.13,24214.31,23476.95,6606.15,5850.0,5876.27,6391.08,387321.998
1585612800,22997.59,26352.45,23294.8,26352.45,6516.63,6320.0,6389.52,6407.1,262522.644
1585699200,26066.41,29336.9,26378.7,27633.82,6693.0,6140.0,6407.1,6641.51,390529.602
1585785600,22208.51,27263.7,26013.1,22558.34,7290.0,6542.73,6641.22,6791.63,531321.428
1585872000,22010.34,23424.25,22046.64,22222.33,7049.11,6600.0,6791.65,6729.8,411944.927
1585958400,22326.19,25480.59,22326.19,23477.81,7020.0,6629.99,6729.8,6851.1,319849.757
1586044800,23364.69,25314.57,23426.02,24335.72,6893.44,6668.02,6851.4,6768.9,239224.508
1586131200,24204.68,29294.65,24694.79,29107.75,7370.0,6760.0,6768.9,7325.73,461331.013
1586217600,26105.79,29669.66,29669.66,26105.79,7457.0,7070.43,7325.73,7192.9,419572.04
1586304000,25031.33,27161.03,25846.16,26511.12,7417.83,7145.14,7192.9,7357.66,332599.575
1586390400,26335.23,28044.26,26335.23,28044.26,7365.69,7105.98,7357.15,7278.65,293638.581
1586476800,26918.6,29697.06,27966.68,28176.19,7290.0,6741.0,7278.83,6857.82,440148.453
1586563200,28764.12,30568.85,28779.74,29357.44,6944.28,6757.29,6858.0,6874.18,224157.844
1586649600,28712.74,32698.43,29039.2,30130.84,7173.98,6775.66,6874.17,6900.52,321594.822
1586736000,29179.31,31226.4,29222.86,29577.89,6900.99,6558.0,6900.19,6834.0,421954.773
1586822400,29664.28,32818.01,29664.28,31656.98,6975.6,6751.0,6834.01,6864.11,280445.427
1586908800,31191.18,35450.68,31516.48,34997.39,6929.0,6602.59,6864.11,6616.89,281136.689
1586995200,30446.68,35884.42,35845.29,30882.71,7190.92,6465.33,6616.88,7098.15,559868.603
1587081600,30224.03,32478.33,30575.25,31692.09,7140.0,6981.0,7098.15,7022.44,277339.601
1587168000,31774.97,34379.28,31912.28,33799.5,7290.0,7008.11,7022.0,7242.42,225807.171
1587254400,32314,33548.24,33548.24,33242.92,7258.42,7055.0,7242.49,7118.03,216975.114
1587340800,33223.76,35406.93,33223.76,33640.92,7208.55,6735.95,7118.04,6825.29,445104.981
1587427200,33683.78,35874.18,34116.02,34876.52,6940.0,6759.16,6825.28,6838.0,288024.528
1587513600,34801,36974.3,34808.13,34801,7154.9,6812.57,6838.0,7120.06,306482.163
1587600000,27605.36,36530.1,35284.54,28135.08,7802.38,7020.0,7120.06,7483.35,472510.047
1587686400,27908.7,29969.4,28532.69,27908.7,7612.91,7388.0,7483.36,7504.11,278378.368
1587772800,27504.11,29254.92,27866.49,27978.15,7722.33,7433.0,7504.62,7534.01,243266.807
1587859200,27918.92,30389.43,28128.55,28996.74,7709.57,7476.86,7534.01,7694.17,269921.936
1587945600,27929.98,30217.63,28926.54,29260.68,7795.6,7623.98,7693.63,7774.0,290336.169
1588032000,29307.08,29573.31,29573.31,29390.98,7780.0,7662.49,7774.0,7735.75,217652.761
1588118400,25850.71,34883.76,31169.79,26168,8988.66,7710.0,7735.76,8784.2,871197.569
1588204800,25961.15,28867.33,26914.4,27734.42,9479.77,8400.0,8784.05,8624.76,944211.711
1588291200,27535.71,31882,28025.96,31092.54,9065.0,8619.84,8623.61,8830.52,417820.386
1588377600,29566.89,32909.66,30420.71,29566.89,9020.0,8755.01,8830.52,8975.18,295769.728
1588464000,29760.15,34043.36,29760.15,32711.19,9200.0,8727.24,8975.18,8900.0,451322.713
1588550400,31351.35,34368.56,33024.14,31351.35,8954.94,8526.0,8899.99,8873.98,440135.307
1588636800,30867.45,34241.25,31063.36,30867.45,9118.17,8766.12,8873.99,9022.78,409920.13
1588723200,31930.92,31930.92,31909.85,31909.85,9405.0,8916.01,9022.76,9148.27,507753.8
1588809600,31992.41,33961.01,33818.54,32778.42,10080.0,9022.0,9148.29,9995.0,738920.219
1588896000,32046.39,34794.53,33074.62,34170.86,10045.03,9726.0,9994.74,9807.49,458034.211
1588982400,34498.04,41946.87,34498.04,39487.27,9923.98,9528.23,9809.63,9550.67,411941.957
1589068800,25569.35,40109.46,40109.46,25963.23,9580.0,7940.0,9550.25,8719.53,842909.031
1589155200,25169.32,27934.63,25329.49,25169.32,9164.0,8151.12,8723.23,8561.09,805164.964
1589241600,24793.73,26563.66,25780.1,25257.9,8981.0,8520.43,8560.73,8808.71,369716.041
1589328000,25632.96,29572.79,25632.96,29364.65,9397.0,8790.04,8808.71,9305.91,379719.0
1589414400,28878.91,31414.07,29205.36,29666.1,9950.0,9250.66,9305.91,9786.8,602528.438
1589500800,29017.21,33733.37,29538.12,31396.48,9843.5,9100.0,9787.62,9310.73,504107.096
1589587200,31203.45,32943.56,31421.59,31952.63,9585.0,9210.03,9311.21,9374.99,287768.201
1589673600,31349.8,33285.63,32195.93,31349.8,9880.0,9317.16,9374.99,9678.57,300859.34
1589760000,31537.7,33623.24,31537.7,32650.96,9958.67,9450.0,9677.31,9731.1,363732.37
1589846400,31231.26,33142.28,32334.95,31231.26,9900.0,9462.0,9731.11,9773.64,376313.845
1589932800,31459.15,34715.04,31483.31,33360.16,9838.0,9281.42,9772.66,9508.11,334423.59
1590019200,32573.5,35553.86,33232.03,32813.22,9573.0,8812.2,9508.0,9060.0,461439.193
1590105600,32803.86,35101.89,32960.64,34503.33,9259.38,8920.0,9060.0,9166.4,276008.073
1590192000,34377.58,35229.29,34775.82,34443.8,9300.0,9076.9,9166.43,9176.41,201589.66
1590278400,33606.8,35408.53,34102.77,33792.13,9294.44,8674.0,9176.32,8711.37,339643.378
1590364800,33623.5,36491.45,33684.23,34885.86,8977.0,8623.38,8711.37,8895.65,302980.106
1590451200,34705.6,36134,34814.81,35140.08,9011.82,8693.18,8895.66,8837.05,275619.158
1590537600,34720.27,37658.83,35384.57,37396.36,9230.0,8811.0,8837.88,9197.32,272253.998
1590624000,36192.36,39436.1,37253.74,36192.36,9621.65,9110.97,9197.32,9569.59,327412.374
1590710400,35246,37242.61,35536,37007.03,9598.0,9317.42,9569.58,9422.26,238691.299
1590796800,33099.97,36940.87,36940.87,33099.97,9753.0,9326.01,9422.11,9695.0,255234.058
1590883200,33522.8,35330.06,33598.95,34617.39,9698.0,9371.76,9694.38,9446.43,219829.356
1590969600,34536.65,38114.64,34671.37,38114.64,10497.25,9420.85,9446.49,10232.48,333740.457
1591056000,25496.29,35943.72,32400.66,25496.29,10262.3,9264.15,10232.41,9514.9,354168.517
1591142400,25484.26,27965.16,25615.29,27965.16,9694.75,9382.33,9514.9,9663.59,185389.412
1591228800,27593.37,29637.09,27680.52,29229.77,9884.0,9440.0,9663.58,9788.33,264515.319
1591315200,28937.67,30359.98,29231.18,29480.03,9855.0,9580.52,9788.32,9617.29,237103.042
1591401600,29820.06,31415.94,29824.61,29820.06,9738.77,9528.0,9616.64,9664.0,152526.703
1591488000,29033.11,32851.11,29775.19,29632.46,9823.13,9373.0,9664.01,9743.92,253986.313
1591574400,29824.12,30980.4,29824.12,30765.71,9816.0,9631.0,9743.92,9778.87,162086.419
1591660800,27689.71,31135.74,31135.74,30022.99,9890.0,9550.03,9778.87,9771.66,204422.819
1591747200,29034.41,31343.37,30083.98,29543.24,10015.99,9681.21,9771.66,9884.99,193628.149
1591833600,29804.31,35976.3,29804.31,32091.18,9970.1,9055.07,9884.99,9278.03,404046.613
1591920000,30626.06,32454.13,32243.04,30626.06,9550.0,9238.0,9277.72,9458.91,211611.34
1592006400,30243.47,31394.48,30666.24,30596.26,9497.85,9340.0,9458.77,9468.54,113449.075
1592092800,30151.75,32994.7,30386.56,32065.89,9477.0,9240.97,9468.55,9339.61,143978.523
1592179200,32016.59,37129.46,32016.59,34473.91,9490.83,8888.43,9339.7,9422.01,413865.727
1592265600,32800.91,34872.74,34872.74,33418.99,9595.0,9370.0,9422.01,9519.12,225713.247
1592352000,32472.03,34972.14,33489.31,33989.06,9569.0,9231.03,9519.13,9458.45,227477.39
1592438400,34054.5,35926.22,34054.5,35917.27,9483.85,9272.41,9458.45,9381.59,158349.247
1592524800,35554.34,37453.99,35554.34,36119.97,9453.0,9239.0,9381.99,9307.0,219510.059
1592611200,36293.54,37727.28,36472.08,36293.54,9394.29,9165.0,9307.0,9354.04,154462.29
1592697600,35851.83,36808.51,36425.33,35898.67,9420.47,9279.0,9353.84,9293.51,110599.558
1592784000,35526.87,38259.25,36413.71,35868.51,9795.0,9273.0,9293.39,9686.99,260561.647
1592870400,36051.3,39578.78,36173.33,39271.66,9723.23,9585.0,9686.99,9631.66,164673.499
1592956800,39059.31,41514.34,39812.07,39306.19,9678.0,9210.0,9631.65,9298.4,300450.251
1593043200,36869.6,39653.92,39005.32,36869.6,9350.9,9005.0,9298.78,9246.75,272566.502
1593129600,36633.92,40834.9,37004.52,38738.23,9297.16,9038.52,9246.75,9159.99,249348.67
1593216000,38843.53,42762.4,38843.53,41655.87,9195.75,8816.4,9159.99,9008.0,237840.165
1593302400,40470.09,42146.89,41135.87,40972.29,9188.0,8932.68,9008.0,9114.0,153842.891
1593388800,40791.32,43307.94,41076.76,40791.32,9233.0,9022.0,9114.01,9189.48,176660.525
1593475200,40851.87,42342.07,40851.87,41615.1,9205.0,9063.97,9189.99,9138.87,143469.832
1593561600,41510.14,43085.21,41510.14,41606.66,9293.0,9090.0,9138.88,9233.29,161642.185
1593648000,40847.42,43110.73,41522.13,40847.42,9262.99,8936.0,9233.29,9087.72,230747.519
1593734400,40393.37,41148.96,40882.36,40661.2,9124.52,9036.06,9087.72,9057.52,96947.338
1593820800,40411.85,41692.92,40683.29,40967.64,9194.0,9042.84,9058.07,9137.18,100215.438
1593907200,39711.12,43254.78,40837.31,40175.14,9146.35,8900.0,9137.18,9071.86,139545.566
1593993600,39962.27,42901.28,40224.11,42290.88,9379.0,9058.1,9071.87,9339.6,199643.828
1594080000,41947.5,42808.58,42112.88,42256.1,9380.0,9201.23,9339.59,9258.51,127833.975
1594166400,41409.9,44388.12,42225.82,44388.12,9470.0,9233.47,9258.51,9436.08,170243.001
1594252800,41801.92,44929.58,44327.17,41801.92,9440.81,9164.33,9436.08,9236.28,188355.856
1594339200,41343.64,42857.69,41658.14,42326.42,9317.24,9121.42,9236.29,9288.39,140849.874
1594425600,40217.72,40942.08,40942.08,40754.21,9301.74,9178.91,9288.39,9233.5,74976.521
1594512000,39780.59,41175.67,40785.78,39780.59,9349.0,9155.0,9233.5,9300.69,127841.882
1594598400,40083.23,43335.31,40083.23,41686.11,9345.0,9200.0,9300.7,9241.2,136117.659
1594684800,40530.76,43873.82,41638.73,40530.76,9279.0,9116.0,9241.18,9254.17,129704.278
1594771200,40431.29,42895.37,40431.29,42275.52,9272.56,9156.0,9254.17,9197.3,104107.708
1594857600,42271.96,46761.05,42271.96,44408.95,9223.0,9044.02,9197.75,9132.0,148089.45
1594944000,44256.39,45495.42,44256.39,44801.8,9187.0,9087.0,9132.0,9151.69,80940.584
1595030400,43352.09,44709.59,44709.59,43523.71,9210.0,9121.98,9151.7,9171.8,63233.596
1595116800,43326.71,43979.42,43509.87,43859.03,9239.59,9108.0,9171.79,9210.51,75554.579
1595203200,42579.5,43872.1,43739.43,42586.75,9221.0,9131.01,9210.68,9161.13,72429.691
1595289600,42389.64,47422.44,42463.16,46355.82,9439.6,9152.62,9161.28,9388.01,179211.347
1595376000,43774.9,46698.26,46443.85,43774.9,9543.0,9272.0,9388.0,9518.25,126598.902
1595462400,42839.11,45522.2,43835.3,42967.51,9678.32,9439.86,9518.25,9604.41,166990.147
1595548800,41793.15,43085.09,42840.24,42261.19,9650.0,9470.0,9604.41,9539.7,133975.068
1595635200,40996.42,43419.21,42082.78,42661.96,9735.1,9526.31,9539.7,9701.49,133377.589
1595721600,36218.13,43238.17,42518.11,37109.76,10300.0,9655.2,9701.54,9939.69,261998.786
1595808000,37087.57,40347.28,37219.95,37656.27,11488.0,9928.61,9939.68,11047.58,744752.4
1595894400,36160.73,38607.76,36387.24,36441.45,11270.0,10580.0,11047.58,10919.94,499486.679
1595980800,35918.41,39392.81,36210.94,38776.88,11364.8,10844.34,10919.94,11113.03,356188.761
1596067200,38142.1,39879.11,38449.56,39304,11195.52,10826.55,11113.01,11111.96,230327.988
1596153600,37891.21,40791.45,38819.37,39129.2,11450.42,10971.78,11111.97,11343.68,307399.731
1596240000,38599.05,41428.16,39432.32,41034.87,11887.45,11201.0,11343.67,11811.42,386322.642
1596326400,31078.79,42280.59,40771.64,31449.68,12154.25,10490.0,11811.43,11079.72,492803.351
1596412800,31549.44,33578.34,31583.43,32548.22,11483.0,10923.0,11080.7,11227.07,238654.591
1596499200,30919.53,33703.75,31990.8,32306.95,11427.38,11025.0,11227.07,11200.05,200044.934
1596585600,32379.95,36078.7,32415.03,35133.95,11798.56,11103.0,11200.06,11752.5,263510.011
1596672000,35161.48,37991.14,35161.48,36452.03,11916.02,11571.78,11752.5,11770.56,236459.595
1596758400,32663.31,36704.4,36331.24,32663.31,11920.0,11318.93,11769.97,11596.06,273935.127
1596844800,32477.91,35455.89,32477.91,34266.51,11819.0,11513.69,11596.26,11765.72,154707.303
1596931200,33800.83,35747.21,33800.83,34716.79,11811.0,11526.9,11765.72,11685.99,125463.463
1597017600,34190.65,38566,34695.24,34502.51,12100.0,11384.9,11685.99,11896.89,290418.014
1597104000,34197.59,38811.33,34491.89,36170.63,11944.0,11127.0,11896.86,11392.64,336861.638
1597190400,35617.32,37171.15,36210.31,35728.61,11630.0,11140.0,11392.64,11568.36,213799.491
1597276800,34400.23,36141.69,35689.28,34400.23,11798.0,11272.0,11568.37,11790.0,248214.725
1597363200,34012.9,35155.31,34683.55,34012.9,11868.42,11644.6,11790.0,11767.89,159019.959
1597449600,33884.78,37004.21,33884.78,35781.76,11993.58,11682.0,11767.89,11859.04,222262.987
1597536000,34727.64,36009.55,35010.72,35036.05,11945.0,11688.0,11858.91,11921.23,165733.721
1597622400,34793.24,37360.92,35484.83,37360.92,12499.42,11780.0,11921.32,12298.06,331435.112
1597708800,36217.92,39306.22,36217.92,38362.51,12403.0,11810.0,12298.06,11960.79,291349.888
1597795200,36243.74,38727.41,37921.17,36243.74,12037.05,11574.78,11962.03,11763.87,313267.066
1597881600,35558.85,36479.54,36212.37,35719.18,11888.0,11676.03,11763.88,11857.92,130981.044
1597968000,34166.49,35515.87,35450.63,34166.49,11882.68,11491.0,11858.53,11538.53,195106.536
1598054400,33626.75,34630.42,34271.43,33626.75,11689.08,11385.06,11538.53,11670.47,126696.73
1598140800,33228.7,34362.81,33378.86,33537.2,11724.0,11522.15,11670.48,11654.0,95608.033
1598227200,33003.68,35575.13,33576.17,35154.17,11831.96,11595.0,11654.0,11753.3,108781.125
1598313600,34770.99,39564.4,35214.35,37961.58,11770.0,11130.0,11753.29,11327.17,267234.771
1598400000,35142.02,38082.63,37551.26,35382.74,11548.68,11255.95,11327.18,11466.22,170305.024
1598486400,34445.8,37247.37,35286.85,36259.07,11593.0,11130.82,11466.22,11335.53,253778.342
1598572800,35399.57,37193.68,36031.34,36721.8,11544.88,11283.19,11335.83,11526.85,129477.627
1598659200,36515.35,37177.33,36549.16,36736.88,11582.0,11419.34,11526.85,11466.66,83715.229
1598745600,36196.2,38070.98,36650.73,37689.21,11724.12,11457.88,11466.27,11714.14,113266.672
1598832000,37162.86,39334.87,37365.84,39285.49,11784.21,11575.78,11714.13,11658.11,127272.378
1598918400,38338.82,40982.19,39158.46,40055.94,12061.07,11531.34,11658.11,11930.18,211680.828
1599004800,35107.63,39835.64,39835.64,37300.22,11961.0,11156.0,11930.17,11396.96,280411.964
1599091200,34683.9,37970.6,37104.3,34697.99,11475.0,9901.16,11396.44,10141.08,487812.737
1599177600,30172.48,33939.62,30172.48,31606.71,10635.77,9878.65,10141.4,10448.0,432563.841
1599264000,31629.02,34186.82,31703.31,33074.53,10567.87,9808.58,10448.0,10168.71,399307.282
1599350400,32149.73,33814.32,32325.95,33695.23,10348.97,10003.0,10168.23,10258.13,190207.654
1599436800,33538.13,36345.28,33538.13,34143.39,10420.55,9879.68,10258.13,10378.76,258476.949
1599523200,34252.73,38171.24,34372.17,35713.83,10443.79,9842.01,10379.3,10129.02,317802.322
1599609600,34796.33,36035.84,35008.51,35028.06,10346.0,9981.13,10130.0,10219.29,151222.689
1599696000,34503.36,35560.19,34955.24,34507.95,10484.6,10211.67,10219.29,10335.91,187667.873
1599782400,34263.71,35853.52,34543.45,34469.12,10397.85,10200.8,10335.91,10387.81,135929.303
1599868800,33398.4,34485.91,34324.42,34485.91,10477.7,10271.0,10387.81,10438.28,97429.037
1599955200,32764.95,35475.39,34067.32,34975,10580.0,10209.01,10438.29,10327.72,159021.843
1600041600,33135.01,35172.05,34374.44,34234.51,10746.06,10241.57,10327.72,10664.1,205260.236
1600128000,33313.22,35197.68,33921.95,34834.99,10923.42,10592.0,10664.1,10776.78,247657.23
1600214400,33989.77,38017.43,34463.71,36526.13,11089.08,10661.9,10776.88,10948.17,252881.019
1600300800,34374.37,36573.28,36372.06,34510.74,11040.0,10740.0,10948.16,10935.33,186484.361
1600387200,34046.2,35091.74,34486.53,34046.2,11035.0,10810.1,10935.97,10926.29,136028.351
1600473600,34127.95,36608.02,34155,35995.73,11177.0,10880.0,10926.3,11073.74,126239.232
1600560000,34955.51,36725.6,36146.91,36725.6,11073.9,10751.0,11073.2,10914.28,150450.562
1600646400,35403.88,37951.45,36519.18,37184.12,10980.69,10281.0,10915.52,10414.73,333047.145
1600732800,37418.81,39524.57,37486.36,37739.45,10574.08,10353.1,10414.73,10523.32,179900.686
1600819200,37938.65,40688.65,37938.65,40525.71,10531.94,10132.21,10523.32,10237.91,203027.542
1600905600,36701.4,41072.34,40803.23,36701.4,10837.27,10191.0,10237.91,10724.92,241646.573
1600992000,36023.63,37403.66,37032.48,36597.95,10754.29,10551.56,10724.91,10683.51,170930.773
1601078400,36603.46,38290.84,36712.75,37805.89,10827.8,10642.23,10683.5,10726.5,109340.491
1601164800,36285.75,37862.91,37750.53,37571.32,10793.5,10584.0,10726.5,10768.0,123440.716
1601251200,35420.89,37509.78,37509.78,36019.37,11024.0,10627.19,10768.0,10691.45,187105.377
1601337600,33016.88,35833.98,33016.88,35687.6,10863.94,10631.49,10691.94,10836.98,146888.319
1601424000,34812.07,36315.43,35266.33,36221.07,10845.99,10660.05,10836.99,10773.0,132834.116
1601510400,35185.45,36959.19,35854.24,35446.52,10935.14,10442.0,10773.0,10612.63,253619.622
1601596800,35576.28,38307.39,35576.28,37493.87,10660.0,10371.03,10612.62,10565.15,224747.037
1601683200,37169.6,37858.4,37185.67,37329.15,10596.0,10491.11,10565.44,10537.96,76315.911
1601769600,36790.33,37603.86,37433.75,37259.86,10694.0,10514.0,10537.96,10660.16,90912.105
1601856000,36762.79,39528.31,37259.06,39528.31,10792.0,10608.9,10660.16,10785.0,130589.137
1601942400,37691.89,40962.8,39654.86,37708.44,10792.0,10510.66,10784.99,10593.65,184895.25
1602028800,37246.27,38525.23,37246.27,37892.39,10675.0,10540.29,10593.65,10658.75,106700.522
1602115200,37552.68,40372.93,37993.67,38867.86,10958.0,10523.0,10658.75,10919.45,207938.861
1602201600,37387.28,39545.32,38759.73,39052.99,11110.0,10818.44,10919.45,11050.47,154336.818
1602288000,37375.29,39640.77,39058.25,38838.19,11494.0,11050.46,11050.46,11294.79,199398.012
1602374400,37975.8,40004.23,38435.83,39282.71,11450.73,11273.77,11294.78,11369.59,146323.076
1602460800,38190.26,39928.69,39380.03,38769.21,11732.0,11157.0,11369.59,11530.36,254217.203
1602547200,36512.74,37705.36,37402.95,37046.88,11562.0,11308.0,11530.37,11419.36,199115.115
1602633600,36677.37,37818.15,37223.59,36728.28,11550.0,11280.5,11419.36,11417.13,192936.97
1602720000,36026.41,38246.26,36208.07,36594.54,11649.48,11250.0,11417.12,11502.0,215260.399
1602806400,36700.28,39069.07,36728.01,37752.92,11538.92,11175.0,11502.0,11318.92,212339.085
1602892800,36664.02,38346.2,37684.26,36799.15,11424.09,11250.0,11319.51,11356.25,95892.966
1602979200,36323.01,38173.04,36754.96,37998.92,11529.93,11342.54,11356.25,11501.1,92472.191
1603065600,37709.38,41601.16,38385.09,41500.67,11830.0,11404.01,11501.5,11745.0,230161.648
1603152000,41178.98,45893.57,41284.71,45519.75,12045.78,11673.0,11744.99,11900.03,312811.802
1603238400,45215.07,48431.45,45215.07,46461.72,13240.0,11876.0,11900.03,12796.07,591963.069
1603324800,44382.8,46823.94,44898.07,46489.12,13188.27,12675.5,12796.06,12968.87,343851.666
1603411200,45918.72,49317.13,46358.28,46964.13,13043.0,12725.04,12970.39,12925.82,237042.526
1603497600,46475.29,49818.92,46616.76,48780.29,13177.59,12871.07,12925.82,13110.88,176146.631
1603584000,43841.17,48952.19,48778.35,44282.25,13369.0,12715.0,13110.88,13023.81,206012.652
1603670400,44139.56,48135.14,44294.24,44384.67,13240.0,12729.0,13024.21,13047.24,316503.296
1603756800,44438.81,50952.74,44475.27,48509.09,13787.83,13041.3,13047.24,13629.38,411509.506
1603843200,41877.7,47655.4,47655.4,41889.9,13863.0,12876.0,13629.89,13256.17,476993.789
1603929600,41783,47705.53,42131.87,45410.48,13637.22,12965.0,13255.79,13446.65,355352.336
1604016000,44158.03,47385.36,45630.37,47385.36,13665.65,13100.0,13446.65,13549.12,349890.573
1604102400,46465.3,49508.77,47564.66,49508.77,14140.0,13403.36,13549.12,13783.73,357853.23
1604188800,48729.28,50127.32,49600.18,49386.79,13891.52,13605.9,13783.73,13752.86,198395.231
1604275200,47852.95,49655.4,49397.09,48053.53,13823.75,13195.0,13752.87,13540.54,327991.768
1604361600,46249.46,48306.07,47958.44,48290.32,14070.0,13276.33,13541.55,14016.55,348730.51
1604448000,48185.18,50374.04,48938.9,48849.53,14280.0,13512.0,14016.55,14134.31,451433.42
1604534400,46330.64,54064.21,49217.39,46330.64,15777.0,14088.01,14134.32,15598.75,717489.697
1604620800,43018.43,45951.39,45951.39,43395.34,15984.2,15177.0,15598.74,15590.96,559380.06
1604707200,39464.56,44187.13,44003.64,39464.56,15774.0,14350.0,15590.95,14824.34,457582.681
1604793600,39147.51,41777.98,39282.83,41153.76,15678.0,14710.0,14824.33,15473.2,290616.393
1604880000,39084.41,41995.99,41409.22,39084.41,15869.0,14822.0,15473.2,15328.72,474181.983
1604966400,39007.77,40422.91,39295.66,39608.28,15474.17,15071.0,15328.72,15294.68,244073.495
1605052800,39098.14,43764.5,39098.14,41825.17,16000.0,15274.89,15294.68,15690.24,330772.852
1605139200,41318.84,43967.67,41529.76,42697.09,16345.0,15437.7,15690.24,16289.02,471759.126
1605225600,42199.87,44674.57,43080.68,42199.87,16479.99,15955.6,16289.01,16320.54,306656.359
1605312000,41769.07,43481.97,42321.21,42385.18,16326.82,15700.0,16320.54,16064.51,266206.937
1605398400,41397.26,43222.37,41775.43,42861.12,16161.23,15768.0,16064.51,15952.27,210318.453
1605484800,42022.72,44935.29,42086.68,43475.49,16882.0,15862.0,15951.93,16707.07,342459.329
1605571200,41638.77,43794.07,43353.17,42381.07,17890.1,16550.0,16707.0,17670.01,524094.697
1605657600,39006.7,43124.68,42378.81,39006.7,18520.0,17215.03,17670.01,17788.32,732937.097
1605744000,39038.69,42150.85,39038.69,40313.34,18200.0,17347.27,17788.32,17811.68,406500.977
1605830400,39454.82,41700.4,40233.62,39730.04,18831.6,17748.92,17811.68,18664.31,407926.802
1605916800,38706.81,42782.69,39510.43,42782.69,18986.0,18302.08,18662.85,18721.99,342412.49
1606003200,42043.34,44790.64,42507.76,42408.16,18780.0,17645.98,18721.99,18435.2,373779.417
1606089600,39939.47,43736.74,42024.62,39939.47,18812.65,18013.97,18434.17,18382.07,364221.378
1606176000,39558.08,45428.59,39655.51,45195.52,19440.0,18000.0,18382.07,19179.64,477968.289
1606262400,42514.9,44545.97,44545.97,42534.15,19554.19,18509.12,19178.53,18741.67,426276.99
1606348800,34601.7,46197.33,44737.35,34961.22,18940.69,16181.0,18741.66,17155.34,850692.856
1606435200,34426.45,36350.34,35149.73,35061.51,17465.0,16444.83,17155.37,17144.1,398072.933
1606521600,34513.89,36241.8,35332.66,35407.63,17880.0,16865.78,17144.11,17717.74,268833.749
1606608000,34875.86,36531.15,35535.57,35805.88,18343.0,17523.0,17717.74,18181.09,256024.006
1606694400,34918.92,38879.62,35723.51,38821.89,19944.0,18178.82,18180.43,19720.0,500482.574
1606780800,36614.15,41538.92,38050.77,37971.73,19956.0,18050.0,19722.09,18772.7,553885.333
1606867200,34317.9,36831.31,36831.31,36130.77,19365.0,18329.58,18770.33,19207.01,335717.482
1606953600,35264.09,38542.96,35672.05,38542.96,19640.0,18865.0,19207.01,19434.3,245020.576
1607040000,37934.01,39172.77,38897.33,38205.44,19537.16,18570.0,19432.66,18664.2,276271.939
1607126400,37948.66,39278.18,38521.94,38320.75,19203.46,18510.0,18662.72,19147.62,165912.647
1607212800,38176.34,39621.82,38640.78,38659.38,19449.1,18855.35,19147.63,19375.02,176004.606
1607299200,38889.2,40363.42,39140.33,39581.57,19446.36,18908.66,19375.0,19172.88,169402.371
1607385600,39243.32,41992.66,39702,41804.79,19319.38,18133.33,19172.87,18319.32,280714.132
1607472000,37922.16,41626.64,41437.27,40225.36,18639.7,17650.0,18319.33,18537.98,353123.689
1607558400,38337.91,39754.07,39445.08,39618.97,18550.0,17916.0,18537.97,18253.51,233960.241
1607644800,38273.66,40944.31,40015.65,40677.93,18290.44,17555.0,18254.0,18031.47,317866.07
1607731200,37749.17,40731.99,40731.99,39835.48,18950.0,18012.21,18031.71,18800.0,196962.282
1607817600,38980.79,40819.36,39921.23,40620.28,19432.0,18705.46,18800.0,19175.07,239760.089
1607904000,39153.09,41035.78,40452.03,40026.76,19355.35,19004.72,19175.06,19270.7,181555.823
1607990400,39783,41971.32,40749.93,41971.32,19598.0,19039.64,19270.71,19424.91,248744.054
1608076800,41028.92,44749.04,42219.18,41028.92,21600.0,19274.55,19424.9,21346.8,459302.012
1608163200,36951.1,43382.37,41604.47,36951.1,23888.04,21231.5,21346.81,22816.99,823435.821
1608249600,35274.43,38642.57,37591.19,38642.57,23330.0,22363.94,22816.99,23124.35,305997.222
1608336000,36406.98,39862.81,39128.36,39722.03,24281.61,22735.81,23124.35,23847.28,337535.438
1608422400,38973.74,40839.41,40644.11,39514.66,24376.0,23076.25,23847.28,23472.96,322289.774
1608508800,36496.67,39878.76,39799.35,37134.08,24145.0,21920.0,23472.96,22730.1,476456.589
1608595200,35636.79,39180.97,36848.64,38920.46,23850.0,22387.0,22736.05,23826.99,326124.313
1608681600,34418.22,39342.71,39049.72,35022.11,24235.42,22572.52,23826.74,23238.27,394754.939
1608768000,30441.52,34577.6,34542.1,32820.13,23819.81,22700.0,23237.73,23737.44,237754.257
1608854400,32861.98,38234.43,32861.98,36936.54,24827.64,23450.0,23738.75,24730.0,284523.431
1608940800,35791.49,37257.65,37074.61,37257.65,26926.0,24507.24,24729.99,26508.83,367265.555
1609027200,33048.72,37502.08,37502.08,33048.72,28459.84,25850.0,26508.84,26305.64,540264.148
1609113600,31178.97,33848.15,33189.72,32678.42,27538.82,26117.1,26301.76,27102.66,267563.468
1609200000,32411.49,35108.38,33924.64,34605.11,27441.73,25913.01,27101.45,27402.83,260759.449
1609286400,34177.51,36696.74,34353.9,36696.74,29063.72,27401.0,27402.83,28906.99,374737.655
1609372800,34626.48,36405.01,36213.65,36328.01,29376.7,27848.0,28906.99,28951.68,313648.835
1609459200,34311.78,38746.95,35606.51,38691.06,29668.86,28627.12,28948.19,29337.16,210716.398
1609545600,35487.19,40217.92,37824.1,40217.92,33480.0,28958.24,29337.15,32199.91,545541.08
1609632000,33275.42,40210.84,40210.84,34119.17,34832.25,32000.02,32198.41,33054.53,487486.989
1609718400,29706.53,35857.57,34870.23,30430.3,33653.56,27800.0,33053.93,32031.07,506128.023
1609804800,27550.15,30422.22,29679.19,28393.09,34500.0,29900.0,32029.55,33999.52,433720.833
1609891200,29031.2,30425.05,29218.79,29149.15,37037.51,33356.46,33999.51,36823.68,444019.83
1609977600,27279.8,29217.93,28573.4,29071.13,40565.62,36337.36,36825.77,39498.92,520147.908
1610064000,28264.37,30198,28665.96,29154.52,42125.51,36539.77,39498.32,40637.23,518080.826
1610150400,26736.25,31726.3,28565.12,31726.3,41539.88,38733.28,40638.91,40136.04,260882.805
1610236800,29822.25,31497.79,31467.35,31251.82,41412.12,35268.0,40136.05,38221.67,436759.048
1610323200,26625.3,31697.19,30799.24,26625.3,38322.18,30448.0,38200.01,35408.46,906275.651
1610409600,25329.28,28691.67,27751.31,28000.86,36693.44,32600.0,35406.92,34056.9,449065.693
1610496000,23819.26,27498.37,27101.26,27498.37,37880.0,32420.0,34065.53,37421.07,398188.088
1610582400,26713.19,29595.29,26713.19,29595.29,40189.39,36764.33,37416.34,39163.31,353142.386
1610668800,26919.64,30142.07,27446.64,30142.07,39790.0,34478.0,39163.31,36755.24,437610.113
1610755200,26852.85,32125.35,32125.35,28253.1,38000.0,35366.0,36755.25,36025.66,301102.477
1610841600,27212.95,28728.13,27835.92,27318.74,36898.0,33863.5,36025.65,35869.83,287686.129
1610928000,26660.33,29467.31,26936.85,28896.55,37547.94,34808.47,35875.72,36686.86,253386.703
1611014400,27457.88,30266.08,29129.69,29152.98,37961.0,35850.0,36690.0,35891.03,257889.419
1611100800,28118.29,31109.74,28509.85,29877.45,36461.44,33403.0,35891.74,35500.0,329192.419
1611187200,29405.94,34271.91,29567.75,29729.32,35636.17,30069.9,35499.23,30879.97,550562.277
1611273600,26768.23,29726.27,29726.27,26768.23,33831.52,28880.0,30875.77,32986.34,453568.538
1611360000,25860.01,27300.12,26728.61,26227.33,33495.0,31405.0,32990.08,32086.48,256776.411
1611446400,25741.78,28059.13,26379.12,26598.75,33125.75,30914.2,32086.48,32275.63,212107.044
1611532800,26527.23,32040.71,27125.35,28655.75,34880.0,31921.47,32274.88,32253.68,316687.524
1611619200,27152.48,28732.43,27583.2,28268.62,32950.0,30810.0,32253.68,32474.14,346861.707
1611705600,27749.78,31586.2,27749.78,29535.41,32562.2,29240.0,32474.81,30381.04,431022.839
1611792000,28949.15,31125.85,28949.15,30996.52,33778.95,29843.33,30382.96,33399.75,311528.373
1611878400,30105.34,33419.36,30105.34,30295.11,38641.1,31960.0,33399.99,34269.35,713579.785
1611964800,28994.68,30374.19,29180.06,30374.19,34988.88,32849.06,34267.04,34289.85,267861.872
1612051200,29631.35,32900.13,30147.24,31830.41,34393.22,32193.04,34284.76,33126.21,211293.891
1612137600,29492.81,32089.09,31372.58,29492.81,34720.0,32322.47,33125.11,33546.09,240632.325
1612224000,28990.38,32205.67,29437.02,30140.5,36041.0,33450.0,33546.08,35504.06,239856.23
1612310400,28994.33,30589.54,29964.52,28994.33,37700.0,35410.0,35504.07,37652.51,240308.078
1612396800,28906.63,30719.14,29195.32,29046.42,38833.0,36233.0,37651.92,36976.93,306715.022
1612483200,28800.05,31880.33,28800.05,30009.58,38411.82,36586.68,36975.19,38362.65,196277.444
1612569600,30172.91,35083.61,30172.91,34751.09,40992.4,38269.0,38357.17,39249.54,310826.315
1612656000,31512.74,34132.3,34132.3,31569.96,39757.87,37403.27,39249.53,38849.25,296721.925
1612742400,30696.68,36516.82,31546.68,36516.82,47146.0,38037.0,38849.24,46451.32,440167.093
1612828800,34150.1,35564.08,35418.78,34150.1,48266.36,45057.65,46451.32,46492.54,381477.426
1612915200,32607.57,35845.68,34005.79,32992.22,47475.0,43770.0,46492.53,44850.0,334979.017
1613001600,32188.01,37482.07,32798.37,36203.02,48810.0,44038.97,44850.0,48060.21,330540.045
1613088000,34914.48,37270.34,35819.28,35123.46,49278.98,46121.0,48060.21,47361.03,259186.288
1613174400,33482.12,36076.53,35265.14,33498.99,48290.0,46252.1,47364.0,47221.62,199965.397
1613260800,33591.61,38909.04,33591.61,37385.56,49875.16,47093.16,47221.63,48655.21,241935.666
1613347200,33988.47,37220.39,37220.39,34462.93,49100.0,45349.21,48655.21,47981.58,248960.404
1613433600,33318.31,37267.78,34474.94,34417.2,50953.44,47101.02,47981.6,49197.94,343592.011
1613520000,34671.71,39592.39,34671.71,37547.55,52800.0,49029.62,49197.93,52194.62,312007.458
1613606400,35220.83,38090.53,37623.3,35220.83,52640.0,50948.0,52194.62,51619.7,185489.89
1613692800,34836.27,35920.27,35242.29,35453.55,56582.0,50800.0,51612.46,56004.1,257911.872
1613779200,32591.84,35325.81,35325.81,32591.84,57699.0,53905.0,56005.85,55917.41,240296.308
1613865600,32700.71,34611.22,33038.28,33917.27,58472.14,55564.5,55908.45,57487.43,196820.573
1613952000,29132.57,35368.18,33058.71,29132.57,57591.87,47751.42,57475.5,54121.1,480660.187
1614038400,26207.7,30729.71,28999.23,26207.7,54260.12,44893.82,54125.55,48930.0,748737.462
1614124800,25173.63,28565.99,25992.33,27341.36,51435.58,47000.0,48930.01,49702.03,333415.219
1614211200,27157.58,29417.54,27420.52,28558.82,52134.96,46685.43,49702.05,47089.37,349943.016
1614297600,27052.55,28861.55,28861.55,27816.2,48438.01,44100.0,47087.97,46313.13,440670.32
1614384000,26356.95,29128.67,27167.51,27023.72,48476.05,44926.77,46313.12,46102.63,256027.074
1614470400,27078.55,30933.32,27546.11,29816.59,46678.0,43002.05,46097.09,45163.36,370358.825
1614556800,27978.91,29951.23,29544.46,28645.89,49800.0,44972.49,45162.64,49592.7,315659.931
1614643200,28298,30023.29,28834.18,29559.1,50221.77,47058.06,49594.99,48450.57,273100.435
1614729600,28141.03,33250.26,28749.8,29184.35,52681.51,48110.66,48454.21,50373.75,350311.234
1614816000,28285.12,30901.98,28901.89,29782.34,51800.0,47500.0,50373.75,48385.77,387428.957
1614902400,29468.89,30789.28,29468.89,30192.31,49470.0,46320.0,48385.77,48770.57,354602.756
1614988800,28360.24,31120.86,29993.51,30383.97,49253.63,47090.0,48772.68,48908.21,215092.91
1615075200,28224.99,30763.26,30699.24,30763.26,51480.0,48908.21,48908.21,50995.27,248398.116
1615161600,29084.24,31250.7,30684.68,30851.79,52450.0,49310.0,50991.35,52429.43,308339.866
1615248000,30496.36,33935.67,31154.74,33827.31,54950.0,51880.0,52429.43,54917.78,285604.798
1615334400,31672.08,33415.83,33415.83,33175.06,57500.92,53061.0,54917.78,55947.98,401159.493
1615420800,31602.16,33576.17,33340.45,33576.17,58283.0,54356.44,55949.3,57844.52,364681.318
1615507200,33082.4,34409.52,33948.63,33082.4,58186.33,55074.3,57842.64,57291.03,335495.042
1615593600,31965.93,37698.49,33490.27,37698.49,61950.0,56136.0,57291.04,61267.41,320322.173
1615680000,35561.92,37486.02,37486.02,37183.2,61798.0,59005.0,61267.41,59037.12,231991.901
1615766400,32690.24,37336.82,37336.82,32690.24,60740.0,54517.28,59037.11,55646.61,448820.83
1615852800,32590.64,35647.76,32590.64,33780.8,56988.0,53335.0,55646.61,56954.19,339718.202
1615939200,33033.42,35168.14,34200.93,35168.14,59078.79,54154.93,56953.23,58959.0,339397.712
1616025600,31345.76,34960.82,34960.82,33320.64,60510.0,57072.0,58959.01,57700.01,305100.026
1616112000,31586.61,33389.67,32967.73,32768.55,59550.0,56301.27,57700.01,58089.11,259039.479
1616198400,31659.47,33556.26,32755.13,32706.95,59948.0,57881.0,58089.11,58145.61,203680.149
1616284800,31323.12,33868.83,33159.3,33714.77,58638.7,55403.55,58144.44,57415.18,237518.696
1616371200,32078.31,33969.04,33248.82,33885.14,58500.0,53635.81,57415.19,54129.56,293062.947
1616457600,32524.27,34844.16,34036.17,34218.41,55890.68,52981.4,54129.56,54400.0,276199.041
1616544000,32531.31,35179.24,34357.58,33528.57,57234.79,51666.0,54400.0,52311.54,394172.526
1616630400,32620.17,35224.09,34347.78,34648.25,53255.2,50452.08,52307.89,51325.21,416848.091
1616716800,33009.25,35306.33,35276.79,34295.65,55123.0,51260.0,51325.21,55030.0,271957.842
1616803200,32412.79,34247.15,34247.15,33062.47,56658.76,54001.0,55030.0,55828.0,234435.346
1616889600,31594.87,32800.14,32574.69,32231.13,56588.31,54694.91,55828.0,55805.08,200603.768
1616976000,31211.14,35624.57,32126.43,35624.57,58490.11,54931.15,55804.16,57677.64,277215.268
1617062400,32000.27,35389.53,35389.53,33902.9,59560.0,57110.0,57676.14,58794.16,232824.065
1617148800,33752.55,35379.93,34141.11,34540.26,59920.0,56812.0,58794.17,58807.24,337038.349
1617235200,33645.67,34918.4,34323.12,34198.68,59592.22,58002.0,58810.99,58794.01,196332.114
1617321600,33212.34,35289.26,33899.38,35159.64,60397.85,58490.03,58797.56,59031.36,189391.958
1617408000,34050.7,35762.59,34908.96,35762.59,59925.0,56900.0,59028.99,57134.65,198636.171
1617494400,34135.94,35607.26,35443.27,34135.94,58553.0,56517.23,57134.65,58234.61,152454.122
1617580800,33478.09,34495.89,33641.95,34407.4,59385.0,56808.94,58234.61,59243.39,174338.646
1617667200,32961,34769.35,34129.15,34769.35,59626.18,57500.0,59243.4,58059.99,165562.029
1617753600,32453.02,35703.78,34606.26,35377.33,58720.0,55536.07,58060.0,56018.18,265271.707
1617840000,34182.8,35699.85,35445.74,34182.8,58200.0,55759.13,56018.17,58122.26,161389.858
1617926400,32122.69,33991.07,33991.07,32259.49,58950.0,57700.0,58122.93,58176.03,141690.144
1618012800,31939.64,35724.41,32318.81,35724.41,61800.0,57943.95,58176.04,59832.43,240907.592
1618099200,33074.21,35565.96,35565.96,34610.7,60816.88,59304.02,59832.43,60090.2,148499.824
1618185600,34150.74,36529.87,34665.12,35745.78,61449.91,59500.0,60093.26,59911.18,196147.561
1618272000,35455.92,40218.13,35845.35,38356.52,63850.0,59873.01,59911.19,63649.71,279389.492
1618358400,37015.46,38539.93,38443.34,37015.46,64986.11,61404.0,63645.05,63019.1,323454.88
1618444800,35980.22,37337.59,36661.12,36283.65,63905.83,62157.89,63018.34,63232.55,178604.198
1618531200,34808.28,39393.2,36184.45,34808.28,63600.0,60100.0,63232.56,61424.67,255765.893
1618617600,33836.7,35995.88,34775.24,35320,62610.0,59620.0,61424.67,60090.14,194112.299
1618704000,28184.97,36458.44,35248.86,28184.97,60450.0,50050.0,60090.14,56140.05,522006.276
1618790400,26591.61,29085.13,28350.64,27195.87,57532.7,54200.0,56140.05,55634.39,285041.716
1618876800,27155.08,29776.95,27155.08,28349.74,57060.0,53330.82,55634.38,56410.56,324494.085
1618963200,27532.43,28743.58,28209.51,28248.03,56756.78,53610.0,56411.25,53800.0,252601.972
1619049600,28570.06,31428.13,28622.57,31355.92,55470.51,50534.34,53794.72,51714.61,453489.185
1619136000,31157.82,34918.04,31301.11,32214.65,52152.0,47546.16,51714.62,51122.62,554666.026
1619222400,32204.4,33908.76,32204.4,32976.93,51183.51,48690.0,51122.63,50092.4,299663.131
1619308800,33062.02,34238.51,33548.36,33116.17,50577.9,46930.43,50094.27,49063.94,310306.501
1619395200,28248.73,32706.46,32706.46,28248.73,54364.89,48763.0,49063.94,53984.33,390494.148
1619481600,27843.95,29672.15,28276.24,27874.44,55500.0,53225.14,53984.34,55006.25,225440.361
1619568000,27741.52,28757.95,27768.41,28653.47,56574.13,53852.0,55006.25,54861.77,263170.559
1619654400,28001.09,31087.43,28432.01,30592.6,55222.02,52350.0,54861.76,53558.8,257045.19
1619740800,29806.05,32961.13,30354.28,32442.31,57935.0,53043.62,53558.57,57684.16,294683.751
1619827200,31957.51,33838.17,31975.96,32404.52,58488.17,57051.23,57688.29,57836.34,207854.398
1619913600,32521.48,34060.62,32521.48,33192.26,57959.97,56100.0,57836.35,56630.33,203712.515
1620000000,32019.91,35395.51,33261.27,34983.02,59056.59,56500.65,56630.34,57214.83,271733.972
1620086400,33033.58,35710.82,34863.07,33686.72,57253.76,53094.59,57214.84,53263.32,388988.754
1620172800,31118.64,33759.46,33759.46,31118.64,57940.0,52880.38,53263.32,57497.77,317811.705
1620259200,31185.04,33866.61,31190.95,33376.07,58450.0,55297.91,57497.76,56435.35,275471.204
1620345600,31431.69,33440.33,33270.3,31719.41,58800.0,55300.0,56435.35,57350.88,256159.504
1620432000,30933.67,34446.16,31712.64,33071.27,59590.96,56961.25,57350.89,58924.98,264906.729
1620518400,32099.62,33807.34,32949.64,32099.62,59335.19,56316.0,58926.36,58292.53,245954.014
1620604800,31379.67,36749.12,31792.5,35848.05,59654.0,53250.0,58292.53,55869.67,396237.133
1620691200,32264.64,34121.24,32823.2,32356.29,56908.66,54541.33,55869.41,56710.43,267226.104
1620777600,30736.01,35611.92,32116.59,34474.3,58049.99,48503.74,56712.7,49595.76,472329.152
1620864000,30118.86,34424.34,31697.77,33772.34,51358.0,45596.32,49596.75,49707.9,652476.689
1620950400,32568.48,34292.93,34162.82,32699.26,51533.0,48870.41,49706.27,49873.27,319069.002
1621036800,33037.92,36430.8,33037.92,35956.54,50709.43,46584.32,49873.26,46793.41,442023.496
1621123200,35433.02,38088.74,36778.57,37148.24,49829.39,43866.0,46794.62,46429.28,604537.63
1621209600,36727.19,43611.43,36969.52,42434.7,46655.0,42151.0,46429.28,43566.18,809129.365
1621296000,40177.15,43002.34,42682.77,43002.34,45846.61,42268.0,43565.11,42882.53,590358.592
1621382400,30305.54,46292.63,42098.71,30305.54,43615.93,28688.0,42882.54,36689.14,1373851.849
1621468800,24120.55,26287.17,26287.17,25270.52,42460.0,34882.0,36689.14,40500.3,775185.113
1621555200,24193.05,27363.73,25226.94,27363.73,42270.42,33400.0,40500.0,37211.02,930671.747
1621641600,27109.78,29523.06,27557.61,29489.94,38851.34,35201.11,37210.01,37432.58,588166.784
1621728000,27889.96,33013.83,29303.35,30840.82,38261.71,31096.7,37436.0,34651.6,996815.017
1621814400,30009.8,34508.7,31010.31,31854.28,39917.09,34366.0,34656.53,38779.66,707903.071
1621900800,29347.53,33295.86,32581.38,31230.54,39790.05,36439.32,38783.58,38326.84,598836.411
1621987200,30192.07,35153.73,31010.13,35153.73,40900.0,37804.76,38326.84,39224.2,577032.81
1622073600,31111.01,35177.1,35177.1,33477.66,40438.82,37133.22,39224.21,38527.38,543338.566
1622160000,31285.1,36840.5,34895.73,36135,38888.35,34689.57,38527.38,35670.99,832363.425
1622246400,35127.33,38464.33,36332.28,37606.4,37375.0,33650.0,35670.99,34611.94,733902.825
1622332800,36592.18,40470.03,39097.65,40470.03,36501.0,33356.0,34611.95,35651.81,511834.746
1622419200,36695.97,40686.79,40686.79,40000.46,37500.0,34150.0,35651.8,37243.38,635082.121
1622505600,36412.45,39696.2,39588.02,37576.1,37893.76,35500.0,37244.36,36693.41,590822.54
1622592000,37264.13,41352.21,38680.42,41352.21,38232.99,35905.0,36694.37,37569.99,441719.806
1622678400,38956.07,43637.26,41308.11,43637.26,39470.0,37150.15,37570.0,39247.4,507429.005
1622764800,41567.66,44542.77,43460.2,42491.02,39297.35,35552.51,39247.4,36828.03,700625.866
1622851200,40614.98,43374.14,42962.36,42387.74,37900.49,34800.0,36828.03,35498.62,631028.448
1622937600,42247.01,46127.5,42247.01,45558.64,36521.16,35201.86,35497.93,35801.71,443601.064
1623024000,42667.69,45885.88,45591.64,45255.21,36820.0,33200.0,35801.71,33550.96,636735.873
1623110400,45258.89,50770.4,45258.89,49784.67,34061.57,30969.0,33550.97,33372.58,976693.026
1623196800,46331.38,55300.93,49083.84,55300.93,37511.31,32390.0,33372.58,37368.45,1031014.087
1623283200,48623.48,52910.85,52910.85,49120.43,38489.0,35750.0,37369.99,36669.66,803185.699
1623369600,46173.74,49394.61,49394.61,48330.53,37679.54,35900.0,36669.65,37300.42,586122.898
1623456000,47527.87,49775.62,48115,48614,37432.95,34585.9,37300.41,35537.05,623532.476
1623542400,47464.78,51506.43,47888.13,51506.43,39374.18,34739.06,35535.95,38993.65,647035.314
1623628800,49806.17,53720.5,52316.9,52794.09,41000.0,38720.0,38993.66,40489.1,704979.881
1623715200,48832.5,52817.73,52817.73,52348.35,41413.0,39500.0,40489.1,40132.86,632066.994
1623801600,49796.86,52810.72,52394.21,52288.66,40495.0,38105.0,40132.86,38344.97,673235.496
1623888000,50774.84,55780.35,53602.16,55665.71,39565.0,37334.76,38344.97,38060.71,603849.861
1623974400,53085.17,56464.57,55431.06,54993.99,38198.0,35100.0,38060.71,35811.41,790379.249
1624060800,50682.33,55872.21,55580.56,55872.21,36471.8,34704.08,35811.41,35483.0,642185.382
1624147200,51946.94,58472.39,55282.85,58146.42,36155.0,33312.0,35483.01,35588.64,829896.441
1624233600,51809.74,55994.02,54162.45,51809.74,35746.28,31250.51,35588.63,31606.0,1397330.662
1624320000,50771.74,57218.28,51083.86,50771.74,33274.0,28780.01,31606.0,32496.0,1531824.85
1624406400,51627.19,56421.48,51627.19,51882.76,34867.77,31711.5,32496.0,33649.0,960700.369
1624492800,51958.31,56073.65,52129.37,55506.34,35406.74,32300.0,33650.0,34644.64,774899.165
1624579200,52836.33,57277.94,55519.05,52967.05,35500.0,31250.0,34644.65,31568.07,1093051.375
1624665600,52462.48,56155.88,53034.58,54603.42,32720.52,30120.0,31569.18,32255.56,1091384.749
1624752000,55037.9,57477.41,55610.05,55463.66,34762.0,31960.0,32250.15,34687.71,897147.453
1624838400,55031.13,60205.12,55625.22,55031.13,35279.38,33855.0,34687.71,34487.22,706158.545
1624924800,55049.15,60349.26,55049.15,56663.84,36623.0,34206.0,34486.58,35911.26,806140.329
1625011200,53869.91,58081.59,56508.15,54833.73,36089.96,34042.74,35910.64,35031.39,719742.983
1625097600,54697.09,58509.64,55110.49,56205.39,35044.98,32672.04,35031.39,33489.96,758966.493
1625184000,54875.11,59340.58,56267.34,57341.25,33960.0,32684.0,33489.96,33760.94,664923.202
1625270400,56639.31,62524.25,56910.7,59973.45,34948.16,33296.98,33760.94,34652.94,510614.258
1625356800,59077.78,62246.93,59271.21,59726.61,35955.55,34340.75,34653.32,35280.16,451001.556
1625443200,59270.69,64972.06,59781.68,59838.33,35281.55,33032.0,35280.17,33672.72,736706.409
1625529600,57334.74,60738.17,59392.4,57334.74,35120.0,33500.0,33672.72,34206.01,644229.007
1625616000,57032.19,59263.65,57434.8,57596.26,35089.56,33756.48,34206.0,33845.64,456218.909
1625702400,58030.74,64127.84,58030.74,62122.66,33910.0,32066.0,33845.63,32852.04,650317.664
1625788800,61488.6,66413.29,62315.02,62168.91,34100.0,32250.0,32855.0,33805.01,485662.879
1625875200,59822.32,63336.99,62092.76,61796.87,34248.58,33010.0,33805.01,33497.98,410271.979
1625961600,60821.65,65288.85,60821.65,63220.13,34629.62,33306.03,33497.98,34253.81,343905.35
1626048000,60170.44,65591.43,62793.99,60303.65,34662.73,32650.0,34253.88,33070.87,502747.758
1626134400,60271.27,65458.01,60663.37,62524,33336.0,32186.99,33070.86,32709.09,466567.713
1626220800,59893.31,64933.6,62753.83,59893.31,33176.47,31556.02,32708.66,32803.01,521140.41
1626307200,59261.13,66475.17,59347.89,65607.09,33170.0,31140.0,32803.0,31866.43,539111.667
1626393600,62355.82,68007.42,64980.39,62355.82,32245.0,31018.59,31865.53,31382.95,516577.743
1626480000,61166.51,67030.38,62410.35,65737.68,31945.0,31150.02,31382.96,31496.65,422650.418
1626566400,64059.57,69205.56,66119.74,64059.57,32435.93,31075.1,31496.65,31767.0,412189.401
1626652800,64052.12,72905.74,64468.45,71896.02,31890.0,30358.77,31765.23,30823.62,486305.627
1626739200,69113.19,72585.88,72080.15,70473,31050.0,29242.24,30823.62,29775.9,602688.19
1626825600,68265.28,75814.39,70265.14,68583.94,32883.9,29472.41,29775.89,32120.0,787077.39
1626912000,67069.5,70677.4,68681.81,67194.16,32583.48,31700.0,32120.0,32268.11,397258.936
1626998400,67690.5,71620.48,67690.5,68532.84,33650.0,31970.82,32268.12,33634.46,404650.016
1627084800,67732.43,70897.42,68639.83,68674.74,34471.0,33379.81,33631.74,34230.0,376046.028
1627171200,68516.48,72588.92,68516.48,72588.92,35400.0,33812.0,34230.0,35370.66,404114.844
1627257600,51649.04,72269.98,72269.98,53916.55,48168.6,35185.49,35370.67,37218.09,1162332.857
1627344000,52201.26,59126.11,53717.76,55030.72,39546.34,36384.31,37218.09,39442.33,675104.157
1627430400,55390.68,58735.33,55672.85,55756.32,40894.0,38753.0,39448.06,40003.08,736196.234
1627516800,55308.3,60008.65,55308.3,57928.93,40665.0,39203.83,40003.08,40012.9,463917.872
1627603200,52692.48,58836.88,56591.8,53640.05,42316.6,38320.0,40012.89,42203.25,561474.309
1627689600,53749.85,57053.54,53841.6,54604.76,42494.0,41030.19,42202.6,41448.11,381521.899
1627776000,52193.25,55980.48,54003.15,52193.25,42614.98,39350.4,41448.1,39846.78,487529.044
1627862400,49892.01,54296.06,49941.62,52594.19,40450.0,38658.0,39846.78,39147.48,451872.128
1627948800,53303.47,57262.17,53761.56,57262.17,39774.93,37600.0,39147.47,38203.26,517219.517
1628035200,55100.59,60641.54,57071.59,55100.59,39975.32,37500.0,38201.33,39731.31,479560.473
1628121600,53854.64,61203.23,55181.88,54511.29,41350.0,37291.0,39731.31,40882.4,746249.712
1628208000,54879.46,57398.99,54970.46,55035.17,43400.0,39849.82,40882.39,42825.43,653451.154
1628294400,52703.65,56247,55436.17,52703.65,44753.01,42395.2,42825.43,44601.11,583750.891
1628380800,53445.81,57075.81,54270.67,53851.25,45350.0,43265.0,44601.11,43787.71,553684.698
1628467200,52420.86,60380.07,52420.86,56622.02,46483.0,42785.0,43787.71,46259.7,626220.503
1628553600,54871.23,57495.95,56594.37,54973.66,46800.0,44670.05,46259.7,45589.99,460478.861
1628640000,53746.39,56490.96,54877.56,56373.78,46754.27,45354.0,45589.99,45522.12,390660.571
1628726400,56269.95,60130.46,56362.99,56555.15,46226.67,43800.0,45522.13,44385.09,468276.056
1628812800,53492.74,59192.32,56298.66,54929.93,47980.69,44208.88,44385.09,47792.52,438025.46
1628899200,55066.79,57902.54,55861.83,55066.79,48300.0,46000.0,47792.52,47083.74,374368.796
1628985600,54135.03,59318.83,55445.67,54135.03,47388.75,45480.0,47083.75,47006.02,370950.807
1629072000,51415.48,58381.83,53373.46,56605.67,48074.23,45682.03,47006.02,45926.23,412537.605
1629158400,54925.55,57595.27,56836.08,57017.01,47194.0,44412.01,45926.23,44704.84,474316.4
1629244800,55317.16,57653.39,57342.77,55317.16,46050.0,44227.32,44704.85,44714.09,395836.158
1629331200,54311.84,58828.32,55038.02,55413.04,47100.0,43938.38,44714.09,46772.0,439402.162
1629417600,54713.77,59001.99,55063.14,58080,49500.0,46650.0,46772.0,49332.74,401499.081
1629504000,57342.17,59510.25,58113.57,58260.52,49833.0,48250.0,49332.99,48848.29,347594.451
1629590400,57202.16,60749.26,58564.45,57202.16,49556.2,48075.81,48846.11,49273.28,294672.223
1629676800,57158.95,62688.01,57158.95,61083.75,50600.0,49075.01,49273.28,49523.91,355733.496
1629763200,60608.99,64077.79,60667.28,62322.04,49888.88,47600.0,49523.23,47719.36,398682.002
1629849600,59735.02,64357.24,63301.5,59735.02,49297.8,47130.57,47719.37,48992.65,389100.384
1629936000,59049.23,64899.22,59747.96,61114.12,49380.0,46280.0,48992.65,46853.06,475183.123
1630022400,58328.58,61734.26,60678.23,58556.89,49220.0,46359.97,46854.22,49083.98,403667.012
1630108800,58446.6,62565.36,58446.6,59744.6,49333.0,48395.65,49082.13,48931.99,222793.024
1630195200,57222.81,59846.64,59801.13,57554.96,49769.2,47741.31,48931.99,48795.41,315105.499
1630281600,57568.33,63299.28,57568.33,59376.2,48916.25,46876.49,48795.42,47024.7,351830.754
1630368000,57649.21,62420.22,59597.33,60964.19,48298.0,46731.03,47024.69,47150.32,365548.209
1630454400,60691.78,62436.86,60691.78,61688.59,49160.79,46550.99,47150.32,48842.94,350108.374
1630540800,59976.92,65740.08,60047.49,64106.67,50420.0,48631.2,48842.93,49299.14,361863.055
1630627200,60919.28,64027.64,64027.64,62144.7,51111.0,48333.0,49299.14,50027.08,430326.386
1630713600,57965.11,61473.89,61473.89,57965.11,50582.08,49360.0,50027.09,49940.74,274956.842
1630800000,55827.85,62071.8,57264.06,62071.8,51950.0,49462.59,49942.2,51799.57,288984.124
1630886400,61229.03,64655.68,62507.46,61567.73,52830.0,51040.0,51799.56,52683.97,297734.284
1630972800,42445.42,63056.49,61981.77,43656.74,52950.0,42088.0,52683.98,46864.39,764140.139
1631059200,43910.48,46898.38,43910.48,45713.95,47347.0,44431.0,46864.38,46062.29,435803.011
1631145600,44957.79,47553.57,45560.42,45196.11,47400.0,45500.0,46060.02,46413.88,309015.75
1631232000,45115.37,50321.21,45391.23,47695.14,47037.5,44120.0,46413.88,44860.83,343533.069
1631318400,46832.39,48943.8,47561.07,47374.32,45999.0,44737.4,44860.83,45193.78,194144.115
1631404800,47492.2,49159.39,47492.2,48717.79,46512.2,44746.51,45194.19,46046.73,223534.63
1631491200,46478.07,52322.18,48292.31,46646.84,46933.89,43323.93,46048.02,44975.96,448942.068
1631577600,45998.03,49925.12,46753.76,48953.78,47272.98,44692.9,44975.96,47087.18,277925.721
1631664000,49371.46,53307.01,49371.46,51230.56,48440.93,46675.0,47087.18,48106.12,244226.37
1631750400,49506.41,51864.2,51646.63,50087.46,48488.0,47038.21,48106.13,47745.55,260044.727
1631836800,50069.5,51584.05,50069.5,50720.1,48150.0,46750.0,47745.55,47303.11,226193.34
1631923200,50505.39,53966.48,50505.39,51723.34,48850.0,47044.32,47303.11,48285.15,207900.413
1632009600,51103.47,52960.92,51103.47,51444.39,48364.64,46840.0,48284.61,47256.91,212631.933
1632096000,48135.79,51967.19,51644.44,48135.79,47345.0,42467.86,47256.92,43026.6,600764.629
1632182400,45155.62,48797.35,48797.35,46332.75,43629.6,39503.58,43026.61,40726.1,683242.002
1632268800,43864.58,47776.86,46692.51,43881.42,43989.98,40551.49,40727.83,43520.0,400849.752
1632355200,44013.86,46376.83,44013.86,46225.54,44976.48,43056.0,43520.0,44828.29,330253.525
1632441600,45689.93,49449.21,46428.22,45934,45134.33,40650.0,44828.29,42798.49,608595.52
1632528000,43689.73,46202.49,45175.57,43831.76,42950.0,41630.26,42798.49,42651.58,277084.795
1632614400,43913.76,47662.48,43913.76,44281.3,43940.0,40725.01,42646.84,43150.0,354393.916
1632700800,44240.47,46446.66,44240.47,44323.63,44350.0,42059.13,43150.01,42122.69,285311.606
1632787200,43459.93,48472.34,43992.1,46820.58,42749.0,40854.0,42122.69,41006.32,359745.538
1632873600,45325,48168.44,45711.54,48168.44,42576.8,40708.73,41002.96,41499.71,293307.589
1632960000,45345.84,48641.27,48155.51,47568.36,44100.0,41387.78,41499.7,43796.57,389185.646
1633046400,47917.6,56421.05,47917.6,50558.68,48450.0,43260.01,43799.49,48123.94,449491.768
1633132800,48902.88,50847.98,50847.98,49631.67,48338.68,47410.0,48123.93,47626.61,182565.988
1633219200,47963.96,50703.09,49865.48,47963.96,49304.12,47071.26,47626.62,48187.3,212410.375
1633305600,46661.62,48510.22,48050.6,48121.2,49544.48,46885.29,48187.99,49198.22,324424.837
1633392000,47978.21,53605.35,48042.67,52457.38,51888.0,49009.21,49199.78,51455.12,314043.813
1633478400,49644.17,54975.41,52761.47,49644.17,56416.02,50410.0,51460.22,55321.6,418731.748
1633564800,49474.74,52677.55,50053.28,52133.13,55337.8,53374.34,55327.45,53814.99,262974.545
1633651200,50639.19,52916.54,52131.08,50839.8,56208.73,53647.3,53814.99,53975.0,255210.035
1633737600,50798.8,51470.68,50945.96,51282.87,55589.0,53656.66,53974.99,54960.77,167495.393
1633824000,50988.62,52815.72,50988.62,51667.94,56789.0,54101.0,54960.79,54700.0,289072.818
1633910400,51395.04,54657.11,52509.22,54545.81,57880.0,54458.0,54700.0,57500.01,314868.05
1633996800,51928.67,55432.26,54294.54,52065.15,57756.52,53750.0,57500.01,56011.84,349147.775
1634083200,48396.39,52649.16,51250.25,48844.47,57822.38,54271.24,56011.83,57393.65,327714.318
1634169600,48767.28,51176.23,48767.28,50399.27,58586.67,56800.0,57393.65,57378.19,254719.751
1634256000,50306.01,55399.26,50462.43,53145.58,63997.61,56900.0,57377.12,61702.33,493366.513
1634342400,52056.59,54685.2,52841.69,54258.73,62444.23,60220.0,61702.33,60925.56,213251.899
1634428800,53323.95,56003.18,54166.95,53323.95,61796.47,58850.0,60925.56,61571.45,240132.514
1634515200,51737.07,54486.17,53226.06,51800.03,62800.0,59897.61,61571.45,62037.92,333278.481
1634601600,51728.67,55661.33,51778.17,55415.63,64500.0,61300.0,62037.92,64316.7,379243.718
1634688000,55250.64,57034.55,55541.36,57034.55,67150.0,63518.81,64314.75,66064.24,324737.868
1634774400,54323.15,57817.21,56970.43,54540.12,66750.0,62000.0,66064.25,62260.33,478610.458
1634860800,54787.94,56293.54,55172.59,56293.54,63796.2,60011.9,62260.33,60734.27,350359.527
1634947200,54136.77,57565.01,55896.4,56148.58,61780.0,59622.0,60734.28,61325.11,222553.478
1635033600,54685.47,57985.22,55486.66,57985.22,61550.0,59504.46,61325.09,60902.82,245816.821
1635120000,55149.7,58698.69,58698.69,56209.98,63795.98,60701.0,60902.82,63127.04,234201.1
1635206400,55061.42,57208.11,56813.34,57208.11,63362.06,59838.05,63129.25,60358.75,252256.924
1635292800,54693.74,58750.4,56388.35,56233.62,61550.0,57865.0,60358.74,58449.36,329112.396
1635379200,51780.44,56420.45,56420.45,55439.88,62641.26,57550.0,58449.36,60622.03,333323.116
1635465600,51401.06,55079.65,55079.65,52276.48,63069.71,60222.0,60622.02,62308.22,218355.773
1635552000,51999.92,53001.2,52420.9,52044.4,62415.85,60631.23,62308.21,61895.19,156041.523
1635638400,51348.73,55976.38,51807.63,55443.09,62462.99,60008.0,61895.19,61348.61,183599.524
1635724800,54289.03,55287.39,55287.39,54997.27,62543.58,59400.0,61347.14,60942.87,246158.361
1635811200,53607.89,55623.7,53643.36,54992.54,64349.55,60659.58,60942.87,63266.69,217592.062
1635897600,52726.94,55928.87,55092.91,52726.94,63613.0,60300.0,63266.69,62946.45,211190.183
1635984000,53160.24,56242.82,53160.24,55812.64,63149.0,60703.0,62946.45,61431.86,184677.079
1636070400,54252.55,56977.32,55570.71,56644.65,62671.48,60762.0,61433.9,61006.0,157569.637
1636156800,56757.86,59578.32,57014.93,57012.31,61645.75,60100.0,61006.0,61511.3,154919.118
1636243200,55251.82,56990.76,56990.76,55639.31,63377.58,61368.26,61511.3,63316.4,142878.208
1636329600,56809.8,60655.41,56809.8,59600.31,67932.89,63308.7,63316.4,67606.96,274932.146
1636416000,59539.94,61483.04,60108.13,60011.97,68675.16,66300.0,67606.96,67009.98,231843.834
1636502400,56626.5,62111.53,59977.96,56714.98,69198.7,62400.51,67010.65,64920.13,347835.573
1636588800,54806.62,57158.76,57158.76,54806.62,65646.98,64147.12,64920.13,64831.3,178279.275
1636675200,55066.61,60225.98,55066.61,57761.73,65500.0,62313.0,64831.2,64156.08,264576.325
1636761600,57078.53,58969.11,57895.76,57120.34,65073.24,63430.01,64156.08,64427.0,124466.493
1636848000,56728.46,59229.25,57136.71,57945.16,65569.99,63640.0,64426.99,65568.39,146424.701
1636934400,57698.82,62189.05,57698.82,61860.82,66395.05,63351.58,65568.38,63654.49,210026.602
1637020800,60514.63,65414.53,62331.63,60545.16,63655.77,58397.14,63654.49,60106.03,475025.706
1637107200,59652.73,63989.06,60592.17,59652.73,60848.85,58336.68,60106.03,60366.96,287388.873
1637193600,59782.67,62815.74,59782.67,60595.16,60999.0,56505.48,60366.97,56921.05,412021.672
1637280000,59198.25,61542.64,61129.34,59198.25,58333.0,55604.0,56921.04,58069.51,245356.121
1637366400,56984.18,59269.59,59046.81,57407.45,59873.84,57372.0,58069.52,59716.29,173697.342
1637452800,56257.07,57502.44,57200.87,56257.07,60052.82,58518.88,59716.28,58661.39,143887.271
1637539200,56240.75,60284.08,56240.75,60023.35,59624.56,55600.0,58648.87,56268.31,326184.881
1637625600,59800.27,61848.23,60535.52,60393.27,57888.0,55250.0,56268.31,57574.23,267790.325
1637712000,59378.92,62832.42,60228.71,62832.42,57775.27,55900.0,57574.24,57165.08,194683.757
1637798400,60103.56,61878.37,61878.37,60892.08,59449.62,57029.0,57165.09,58988.21,191912.653
1637884800,60805.33,67965.48,60828.88,67965.48,59186.41,53500.0,58988.36,53755.65,378650.919
1637971200,64225.13,67569.34,67443.66,64225.13,55300.0,53640.69,53755.66,54738.77,155119.117
1638057600,63140.84,64409.88,64249.5,63984.02,57474.76,53245.0,54738.77,57315.73,213600.615
1638144000,60615.85,64948.17,63994.57,61516.2,58924.21,56715.0,57315.72,57827.98,215111.466
1638230400,59357.49,61947.9,61548.24,60962.21,59224.99,55900.0,57827.97,56975.0,337624.148
1638316800,59240.98,61441.71,60734.24,61029.32,59100.0,56500.0,56978.06,57209.29,273959.104
1638403200,59928.42,61769.22,61248.54,60494.6,57428.49,55800.0,57209.28,56513.57,249985.255
1638489600,59752.78,61609.63,60310.61,61609.63,57670.0,50604.0,56513.56,53612.0,374132.016
1638576000,41688.83,66683.84,64730.54,41688.83,53889.69,40888.89,53611.86,49135.66,598774.989
1638662400,39548.09,42295.56,41629.33,42295.56,49699.49,47755.0,49135.66,49376.6,286434.382
1638748800,39385.5,40975.58,40975.58,39385.5,50888.0,47000.0,49373.83,50424.72,357711.029
1638835200,37499.42,40187.2,39558.97,40068.57,51929.0,50012.0,50424.72,50577.2,224670.618
1638921600,38992.7,41894.68,40536.61,40135.6,51210.6,48533.33,50577.2,50455.61,238229.884
1639008000,38977.02,41432.32,39510.15,41432.32,50773.03,47312.89,50459.61,47539.76,273086.086
1639094400,40343.7,43106.34,42314.57,40343.7,50188.42,46828.23,47539.34,47136.35,302974.429
1639180800,38728.82,40443.34,39605.9,39424.98,49499.05,46724.35,47132.31,49381.15,210959.992
1639267200,39639.11,43745.38,39639.11,43745.38,50768.0,48616.16,49379.51,50057.01,183434.285
1639353600,42000.87,44092.14,43712.22,43540.52,50180.0,45600.0,50057.02,46679.93,348551.322
1639440000,42707.5,45485.47,44152.87,43053.67,48657.92,46255.6,46679.93,48324.04,266213.627
1639526400,42377.65,44656.29,42663.78,44656.29,49479.75,46518.73,48324.0,48870.48,345239.891
1639612800,43704.45,48360.6,44654.1,47529.3,49439.79,47500.0,48870.48,47624.5,215874.187
1639699200,47232.52,52220.3,47565.88,50154.3,47988.27,45373.11,47629.1,46125.33,326458.135
1639785600,50631.42,53082.05,50631.42,53077.44,47336.99,45438.43,46125.33,46815.99,191006.415
1639872000,53207.85,57326.06,53207.85,56254.77,48461.17,46399.37,46815.99,46668.63,241698.541
1639958400,56055.48,62145.48,56055.48,61379.55,47533.42,45530.67,46668.65,46898.14,273804.259
1640044800,61829.91,69944.95,61829.91,69944.95,49298.78,46650.0,46896.82,48875.15,260008.358
1640131200,70070.78,73145.78,70188.43,73129.09,49599.0,48420.02,48875.88,48569.69,208463.689
1640217600,72845.01,74352.67,73262.05,73756.43,51377.74,48020.0,48569.69,50817.92,255885.48
1640304000,72144.12,74008.84,73406.41,72144.12,51805.0,50379.25,50817.94,50808.55,220208.725
1640390400,72638.83,74118.19,72638.83,73533.37,51190.0,50105.0,50809.37,50403.64,147662.438
1640476800,72479.06,74557,73824.38,72496.89,51300.0,49350.0,50403.64,50765.73,184800.616
1640563200,72113.25,76030.67,72297.03,73643.64,52134.0,50450.0,50765.73,50707.72,216225.263
1640649600,72282.54,74655.27,73752.22,74180.52,50713.56,47290.0,50707.72,47522.03,336083.34
1640736000,74150.09,75956.15,74212.41,74414.11,48125.97,46000.0,47522.02,46436.54,274795.378
1640822400,71998.25,73343.93,72958.02,71998.25,47911.68,45880.0,46436.53,47095.02,229931.288
1640908800,71372.17,74913.78,71883.2,74834.52,48575.0,45650.0,47095.02,46210.56,287186.003
1640995200,72962.69,74951.61,74790.17,72962.69,47943.77,46210.55,46210.57,47704.35,179433.584
1641081600,72403.84,74434.53,72970.65,73253.27,48000.0,46605.68,47704.35,47280.0,184795.093
1641168000,73297.81,80416.21,73297.81,80252.71,47575.22,45665.4,47280.01,46445.81,244781.793
1641254400,78564.04,81233.38,79508.43,80680.34,47524.36,45445.57,46445.8,45833.42,292149.75
1641340800,77464.77,82551.68,81155.76,77464.77,47075.29,42270.0,45833.41,43421.69,485477.569
1641427200,77486.06,80715.11,77849.14,79111.99,43766.0,42385.83,43421.7,43080.01,299509.851
1641513600,76709.96,80081.26,79293.45,76709.96,43135.0,40456.56,43080.01,41553.86,473214.849
1641600000,76242.58,79065.97,76606.49,76665.62,42335.0,40500.0,41553.87,41688.05,283737.224
1641686400,76397.66,78149.1,76397.66,77054.09,42773.85,41170.0,41688.05,41851.22,223134.952
1641772800,75124.4,79932.85,76158.66,75711.84,42219.84,39610.0,41851.22,41801.55,453644.116
1641859200,75911.41,78120.3,76545.61,77495.98,43118.0,41255.0,41801.55,42700.68,323760.691
1641945600,77304.77,78624.5,77366.21,77606.04,44300.0,42415.0,42700.69,43880.72,281339.294
1642032000,76401.03,77959.09,77460.52,77056.29,44396.68,42301.16,43880.72,42534.32,289289.18
1642118400,74697.45,77900.91,76819.76,74697.45,43450.0,41666.0,42538.72,43042.4,272517.077
1642204800,74265.22,76667.59,74477.32,75834.23,43800.0,42530.64,43042.4,43070.51,184649.157
1642291200,73760.24,75655.83,75222.89,73760.24,43464.71,42531.69,43070.51,43060.66,177450.475
1642377600,73657.01,77112.37,73704.83,75850.49,43159.32,41523.68,43060.66,42176.34,232748.345
1642464000,74721.95,77543.58,75761.22,74721.95,42680.0,41260.0,42176.34,42337.58,267472.465
1642550400,73850.67,77628.95,74731.9,75519.07,42545.0,41115.64,42337.58,41657.89,333952.095
1642636800,75402.23,81373.69,75402.23,75835.37,43495.0,40550.0,41656.9,40661.69,399818.052
1642723200,72037.35,77470.1,76573.97,72037.35,41095.76,35380.92,40662.06,36425.98,790320.909
1642809600,70801.58,74654.99,71838.26,73153.93,36817.74,33950.0,36426.46,35043.73,676272.904
1642896000,72757.16,74918.48,73109.34,74062.74,36496.92,34588.8,35043.73,36230.01,369372.903
1642982400,72441.3,77101.26,74129.9,72987.46,37528.0,32853.83,36230.0,36648.31,823000.702
1643068800,73101.05,77686.36,73101.05,76096.42,37561.03,35693.0,36648.3,36934.26,409535.517
1643155200,74714.38,79968.41,76066.47,74714.38,38886.58,36232.42,36934.26,36787.43,554457.384
1643241600,71924.59,74623.87,73869.55,71924.59,37200.0,35471.53,36787.42,37131.0,422006.922
1643328000,71644.5,74240.15,72375.28,74240.15,38000.0,36149.02,37131.0,37696.21,367509.143
1643414400,74255.73,77083.17,74255.73,76528.87,38750.94,37252.0,37696.22,38150.01,238657.764
1643500800,76022.84,77329.39,76314.3,77272.44,38420.3,37334.83,38150.0,37870.01,195029.125
1643587200,77273.59,82983.55,77273.59,82877.97,38741.73,36620.0,37870.0,38439.04,318440.392
1643673600,78400.52,82927.34,82927.34,78495.5,39260.26,37969.0,38439.04,38680.51,353354.121
1643760000,77020.67,80058.26,78617.24,77467.03,38834.18,36529.81,38680.51,36892.03,337570.934
1643846400,77766.55,79477.72,78030.28,78159.37,37395.0,36204.3,36892.05,37289.86,318656.228
1643932800,77749.24,83529.63,77749.24,83311.71,41741.76,37011.0,37287.33,41550.0,520105.77
1644019200,80349.69,81841.03,81530.34,81784.04,41922.0,40920.0,41550.0,41374.69,242184.07
1644105600,80735.28,82464.24,81260.34,80930.81,42656.8,41100.0,41374.68,42361.35,215323.95
1644192000,78181.03,80631.34,80507.62,78230.35,44541.16,41609.76,42361.34,43829.99,418053.774
1644278400,73091.5,78636.4,78140.1,73091.5,45600.0,42641.0,43829.99,44021.57,468015.421
1644364800,71727.6,74873.19,72958.57,74630.43,44826.0,43089.08,44021.58,44358.08,300270.062
1644451200,72406.01,79830.75,74616.64,72406.01,45847.5,43136.96,44358.09,43471.29,563922.075
1644537600,70821.4,74149.09,71883.66,71861.78,43900.0,41914.23,43471.3,42366.0,414646.193
1644624000,72597.01,75030.5,72597.01,72700.98,42980.0,41540.0,42365.99,42199.87,256269.325
1644710400,71902.29,74310.07,72534.31,71902.29,42755.97,41850.0,42199.88,42041.13,192068.012
1644796800,71699.48,76109.46,71699.48,73816.24,42888.0,41526.0,42041.12,42525.14,303990.933
1644883200,73552.78,79172.71,74210.39,77067.98,44777.0,42406.23,42525.14,44529.6,276735.421
1644969600,75052.16,77815.54,76127.39,76841.59,44536.8,43277.8,44529.7,43860.7,255790.287
1645056000,74665.85,76674.67,76661.45,74868.78,44150.0,40020.1,43860.8,40491.7,433958.984
1645142400,73042.86,75644.58,74877.69,73132.49,40944.1,39422.0,40491.8,39966.8,377679.782
1645228800,73257.8,77388.12,73309.21,75898.95,40438.7,39610.3,39966.8,40052.6,185624.675
1645315200,75101.58,77475.53,76070.63,75101.58,40100.1,37905.0,40052.6,38368.1,329740.444
1645401600,71934.37,76759.28,73683.85,72244.78,39510.0,36762.0,38367.9,36986.4,646391.815
1645488000,72739.54,75779.25,72902.04,75018.66,38450.0,36310.1,36986.4,38212.0,465313.497
1645574400,72997.92,75005.55,74823.05,73009.36,39250.0,36963.2,38212.1,37227.8,408056.255
1645660800,65878.47,75094.68,72851.33,65878.47,40376.1,34303.7,37227.9,38315.1,919820.907
1645747200,65535.25,69238.8,66003.49,67682.03,39750.0,37999.2,38316.2,39205.4,416316.366
1645833600,67231.9,68922.57,67515.26,67506.76,40441.1,38561.7,39205.4,39099.3,251892.201
1645920000,65184.56,70034.59,67245.85,65513.51,39868.6,36934.6,39099.3,37672.0,423197.247
1646006400,65861.24,74001.91,65861.24,68121.63,44341.0,37414.4,37672.1,43155.0,615391.161
1646092800,68824.5,74549.19,68824.5,70583.18,44935.0,42765.4,43155.0,44394.1,448483.646
1646179200,70661.85,73619.51,70661.97,72849.02,45350.0,43321.0,44393.6,43885.7,407603.721
1646265600,72680.6,75412.6,72846.06,74716.31,44080.0,41831.0,43885.8,42449.5,365565.832
1646352000,74655.39,77000.98,74655.39,74996.29,42525.3,38521.0,42449.6,39127.7,469138.374
1646438400,74905.38,76483.77,75145.09,76043.07,39580.0,38547.6,39127.7,39375.1,198747.893
1646524800,73096.64,76467.96,75991.24,73096.64,39690.0,38056.0,39375.0,38401.1,311705.26
1646611200,69688.71,76009.09,72404.83,69688.71,39550.0,37134.0,38401.1,37963.8,490254.516
1646697600,69211.49,72324.43,69246.76,69211.49,39340.5,37853.0,37963.7,38709.9,421462.367
1646784000,69019.49,73807.6,69185.86,72414.89,42647.5,38638.7,38709.9,41937.5,462059.811
1646870400,69327.78,72703.51,72189.11,69698.52,42034.3,38512.0,41939.5,39407.2,520645.186
1646956800,69587.67,71814.46,70113.52,70079.48,40242.0,38200.1,39407.1,38713.0,467078.892
1647043200,69538.27,72816.52,70077.4,71878.68,39578.4,38630.0,38713.1,38792.6,172494.825
1647129600,71509.36,76596.92,71706.76,73993.34,39300.0,37500.0,38792.7,37743.7,236623.694
1647216000,72951.49,77348.51,75679.76,72951.49,39989.0,37522.1,37743.0,39653.8,360058.358
1647302400,72210.49,75526.04,74133.56,75407.78,39901.8,38073.8,39651.6,39271.0,345019.243
1647388800,70729.76,75400.12,75400.12,74319.82,41804.0,38700.0,39270.9,41105.8,650589.661
1647475200,73571.38,74989.75,74084.85,74376.68,41498.4,40442.8,41105.9,40898.1,243988.794
1647561600,72812.36,76856.69,74583.99,76274.1,42322.8,40084.2,40898.0,41751.5,299134.443
1647648000,75229.42,76876.42,76241.81,76672.06,42446.6,41500.0,41751.6,42188.2,186459.954
1647734400,74664.41,77661.72,77424.12,75814.5,42269.3,40900.0,42188.2,41261.0,235774.129
1647820800,73328.13,76138.88,75291.16,73335.17,41544.4,40430.0,41261.0,40982.0,308396.46
1647907200,72959.16,78159.68,72959.16,75153.02,43517.7,40852.0,40982.0,42349.8,374297.674
1647993600,72989.78,75242.27,74498.23,73349.37,43051.0,41731.3,42349.9,42867.9,282631.74
1648080000,72498.1,81377.32,72498.1,80728.65,44200.0,42525.0,42867.8,43973.4,331440.057
1648166400,79625.29,83121.48,80416.67,79843.58,45142.0,43575.1,43973.2,44290.6,348620.122
1648252800,79476.02,80638.02,79747.24,79602.01,44785.0,44041.0,44290.6,44489.2,140712.587
1648339200,79481.31,83685.08,79644.59,79500.66,47047.0,44416.0,44489.3,46820.8,269280.228
1648425600,77355.53,80215.68,80215.68,77724.78,48200.0,46651.2,46820.9,47121.9,317565.782
1648512000,76580.2,78437.61,76655.83,76786.48,48100.0,46911.0,47121.8,47418.5,259040.835
1648598400,76035.95,78478.51,76540.18,76732.82,47688.6,46535.0,47418.5,47053.2,235009.892
1648684800,74387.05,76512.41,76512.41,74387.05,47619.4,45185.0,47053.1,45506.0,299837.61
1648771200,73351.41,76958.65,74404.87,73351.41,46700.0,44206.2,45505.9,46266.2,360734.553
1648857600,71597.77,73327.68,73327.68,72082.48,47236.8,45600.0,46266.2,45794.6,226413.357
1648944000,71390.76,72468.75,71705.54,71849.93,47448.0,45501.0,45792.3,46392.4,212589.013
1649030400,71796.88,76358.28,71796.88,73743.07,46895.5,45094.0,46392.3,46580.9,272796.541
1649116800,73079.67,78362.46,73368.89,77458.22,47188.0,45300.0,46580.9,45477.4,257524.639
1649203200,76050.37,81582.62,76713.63,81062.07,45494.2,43100.0,45477.5,43159.7,384359.375
1649289600,80699.53,81924.6,81546.56,81123.01,43888.0,42685.0,43159.8,43417.1,229567.98
1649376000,80488.95,83746.98,80840.58,82290.3,43968.1,42074.0,43417.1,42229.2,310095.829
1649462400,82242.48,83592.65,82601.92,83337.46,42796.7,42100.3,42229.1,42727.7,119722.654
1649548800,83174.79,85122.06,83174.79,83990.75,43399.4,41838.0,42727.8,42140.4,181904.47
1649635200,84037.94,90077.97,84353.02,84728.97,42399.9,39136.7,42140.3,39505.6,439530.02
1649721600,83189.6,85617.24,84318.04,84332.62,40700.0,39224.0,39505.6,40060.7,349883.631
1649808000,80504.13,84190.68,83397.88,80708.17,41580.0,39569.8,40060.7,41129.8,324910.931
1649894400,79862.04,82947.72,79862.04,82768.35,41474.8,39522.0,41129.8,39915.9,261966.391
1649980800,81727.85,84373.93,82776.87,81727.85,40888.0,39734.2,39915.9,40529.5,194680.671
1650067200,80903.8,82671.11,81442.75,81490.05,40700.0,39944.9,40529.6,40361.0,127705.057
1650153600,81334.89,83129.46,81401.91,82028.36,40574.1,39510.0,40360.9,39649.1,170331.824
1650240000,79264.36,87157.73,83546.85,79264.36,41310.0,38465.7,39649.1,40785.6,362435.319
1650326400,78515.29,80831.42,79368.85,79746.97,41788.0,40543.7,40785.7,41472.9,214404.271
1650412800,79642.27,82501.38,79691.13,79868.13,42166.8,40800.0,41472.9,41327.7,257382.427
1650499200,79983.98,83237.16,80054.16,79983.98,42966.0,39630.0,41326.0,40449.8,393149.956
1650585600,80436.29,85515.54,80528.84,85245.73,40786.1,39133.0,40449.7,39674.2,314935.753
1650672000,84988.26,86739.61,84988.26,86739.61,40000.0,39259.0,39674.3,39415.1,125046.817
1650758400,85548.19,87651.36,86183.23,85871.26,39930.6,38884.1,39413.8,39433.4,180371.762
1650844800,82333.48,88201.64,85793.96,82333.48,40650.0,38111.0,39433.4,40411.0,448877.893
1650931200,81032.29,87746.05,82016.86,87746.05,40800.0,37671.8,40411.0,38093.7,453132.198
1651017600,81804.19,89138.39,86767.64,82388.6,39470.0,37844.5,38093.7,39209.0,385645.365
1651104000,79613.88,82738.07,82395.87,79613.88,40376.6,38861.8,39209.0,39732.5,413543.408
1651190400,77751.39,83152.93,79104.79,83152.93,39924.8,38160.0,39732.5,38572.2,308116.375
1651276800,82824.25,84325.4,83152.91,84104.34,38782.6,37550.0,38572.2,37614.5,181810.382
1651363200,82342.05,85827.9,85169.95,82342.05,38680.6,37350.0,37614.4,38440.5,236549.462
1651449600,79179.73,82572.88,82572.88,80924.05,39222.0,38032.2,38440.2,38525.6,336845.365
1651536000,80785.07,90917.68,80785.07,90917.68,38674.7,37500.1,38525.5,37712.9,248986.222
1651622400,82198.95,91500.27,91109.72,82753.77,40071.7,37655.2,37713.0,39684.0,424498.818
1651708800,82803.09,91564.86,82803.09,90027.95,39845.0,35388.0,39684.1,36534.7,547209.0
1651795200,88216,90606.32,89936.81,88944.84,36679.3,35200.0,36533.7,35995.3,431979.24
1651881600,89381.83,92061.93,89381.83,91254.13,36138.0,34700.0,35995.2,35466.7,200264.833
1651968000,88976.73,94438.69,91197.31,88976.73,35504.0,33665.0,35466.7,34032.0,426872.584
1652054400,85757.55,93958.21,89155.09,86004.88,34243.3,30003.6,34032.1,30056.6,1078779.712
1652140800,81855.56,85462.58,85462.58,82563.04,32650.0,29701.4,30056.0,31002.1,863178.961
1652227200,75544.67,82308.65,81119.29,76888.31,32197.6,27651.0,31002.1,29074.7,1101875.972
1652313600,72008.54,78347.53,77773.25,72520.27,30257.0,26631.0,29077.9,29020.7,964475.589
1652400000,71382.74,77309.34,71382.74,76833.08,31072.6,28730.4,29020.8,29274.3,507620.105
1652486400,70542.24,76044.85,76044.85,70542.24,30352.2,28602.3,29274.2,30079.8,315756.895
1652572800,70208.27,76156.12,70208.27,72056.47,31462.0,29448.0,30079.5,31324.4,336773.139
1652659200,72714.6,76703.11,72714.6,74724.08,31327.4,29052.3,31324.3,29866.7,507243.166
1652745600,72805.53,79663.27,74363.05,72805.53,30794.0,29420.0,29866.4,30437.0,398624.519
1652832000,72870.15,78684.98,72870.15,78305.95,30700.0,28629.6,30437.0,28700.6,426700.457
1652918400,77455.1,84948.82,77989.65,84750.38,30550.0,28670.5,28700.6,30319.9,448856.724
1653004800,80460.83,87003.68,85786.3,80475.45,30784.4,28702.0,30319.9,29188.9,485439.171
1653091200,79410.7,82665.48,81266.85,79410.7,29650.0,28927.0,29188.9,29427.4,202804.089
1653177600,79084.35,85775.51,79110.38,83156.18,30500.0,29223.6,29427.4,30284.0,297116.44
1653264000,80486.44,88503.47,83648.62,81022.22,30658.0,28840.7,30284.0,29097.7,475720.75
1653350400,82306.34,88133.42,82306.34,83922.13,29887.3,28637.6,29097.8,29643.1,382124.449
1653436800,78948.5,83124.49,82723.23,79104.81,30246.7,29330.0,29643.0,29536.7,413459.484
1653523200,79455.5,86039.42,79569.85,82588.05,29877.0,27952.1,29536.7,29194.0,602137.086
1653609600,80506.78,85184.75,81974.09,82515.4,29387.0,28259.6,29194.0,28623.2,506638.884
1653696000,81350.5,83459.77,82591.13,82114.24,29265.7,28520.0,28623.3,29018.8,193644.283
1653782400,81354.88,88307.84,81611.05,85684.79,29595.2,28825.0,29018.8,29452.8,215139.934
1653868800,86117.19,93644.92,86147.29,88139.34,32307.6,29301.1,29452.6,31726.5,502712.176
1653955200,87436.48,91042.64,87436.48,87626.68,32427.5,31222.0,31726.5,31797.8,383688.265
1654041600,83490.95,90117.08,87997.36,83490.95,31986.1,29300.0,31797.9,29796.9,556992.756
1654128000,82472.17,87279.34,83552.77,85166.31,30750.0,29566.1,29796.9,30437.1,370924.687
1654214400,84098.71,86739.21,84362.21,84098.71,30693.2,29220.0,30437.1,29682.8,357110.377
1654300800,82484.27,84807.43,83718.93,82484.27,29988.0,29456.0,29682.8,29848.4,187520.534
1654387200,82245.45,83436.87,82547.83,82780.6,30250.0,29524.0,29848.5,29909.9,205385.831
1654473600,82936.02,95749.19,82950.9,95749.19,31780.0,29876.2,29910.0,31361.2,436522.874
1654560000,82276.79,95818.72,95818.72,84417.75,31599.0,29190.0,31361.2,31118.1,691714.985
1654646400,79772.94,89447.04,86334.93,79772.94,31325.0,29825.0,31118.0,30192.5,455686.637
1654732800,79846.7,84914.52,79846.7,84093.25,30691.9,29914.5,30192.6,30093.3,307312.175
1654819200,81901.1,88861.8,84610.76,88099.24,30374.1,28805.0,30093.4,29077.7,445928.659
1654905600,87977.94,90979.36,87977.94,89731.33,29427.9,28080.0,29077.7,28416.7,391367.814
1654992000,85093.01,90572.17,89758.28,85093.01,28530.3,26538.7,28416.6,26564.7,560834.131
1655078400,81488.44,85993.87,85993.87,82305.3,26877.0,21900.0,26564.7,22471.5,1622521.56
1655164800,81918.23,84982.78,82725.93,84263.4,23424.2,20823.0,22471.4,22122.7,1247609.796
1655251200,82256.87,90704.54,83843.67,83658.18,22800.0,20100.2,22122.7,22567.5,1509301.169
1655337600,83837.79,89926.43,84168.33,87859.73,23000.0,20222.0,22567.5,20387.4,882634.22
1655424000,88252.38,93450.45,90017.85,93450.45,21388.0,20228.0,20387.4,20457.3,776153.257
1655510400,89657.6,97906.02,94190.27,89657.6,20768.4,17593.2,20457.3,18959.7,1268591.388
1655596800,90426.22,98601.11,90426.22,91113.19,20821.0,17935.9,18959.7,20564.2,1089275.674
1655683200,90763.36,95518.7,91098.04,91377.58,21099.9,19630.0,20564.3,20570.1,935816.13
1655769600,91896.77,98251.75,91896.77,94601.86,21740.0,20337.8,20570.0,20713.1,787173.936
1655856000,93156,96910.95,93530.57,93876.64,20888.0,19745.7,20713.1,19977.4,812184.193
1655942400,92680.81,98093.21,94112.32,94761.12,21250.0,19874.0,19977.5,21096.6,698753.04
1656028800,95531.8,99686.34,95869.12,95531.8,21563.5,20732.5,21096.6,21231.2,645450.778
1656115200,94732.35,101800.86,95134.51,99669.49,21627.6,20894.0,21231.2,21481.9,434117.447
1656201600,96167.29,102788.45,100852.91,96167.29,21888.0,20952.0,21481.9,21029.1,442787.736
1656288000,96223.11,100346.48,96720.99,96309.41,21560.0,20500.0,21029.1,20730.0,539335.009
1656374400,96146.88,103895.05,96146.88,98768.05,21198.0,20188.0,20730.0,20268.6,582916.108
1656460800,98711.74,104888.89,99033.99,98843.69,20430.0,19817.2,20268.7,20109.9,608905.99
1656547200,97469.43,102761.62,98207.56,97993.97,20165.0,18563.0,20109.9,19923.5,859981.415
1656633600,90255.65,93484.13,93484.13,90873.42,20926.4,18948.8,19923.3,19272.0,915399.363
1656720000,90767.54,93733.9,90767.54,93733.9,19456.0,18959.0,19272.0,19240.9,382851.525
1656806400,91609.44,96393.43,93971.56,94770.48,19645.4,18780.1,19241.0,19305.9,449508.331
1656892800,94488.01,105291.08,94488.01,102468.66,20350.0,19046.3,19306.0,20226.6,633310.187
1656979200,96065.94,103985,102254.53,100006.23,20749.2,19291.6,20226.3,20170.0,854238.867
1657065600,100056.4,102369.02,100056.4,101960.68,20667.6,19753.0,20170.1,20554.1,682076.458
1657152000,102776.68,115762.12,102776.68,115540.11,21830.0,20244.9,20554.2,21613.4,699841.616
1657238400,106336.9,117379.11,116374.16,109681.79,22579.9,21175.2,21614.5,21587.9,848144.495
1657324800,108632.84,111224.35,109532.92,109868.4,22000.0,21309.6,21587.8,21580.0,393372.366
1657411200,104269.64,110882.88,109344.8,104269.64,21594.2,20600.0,21580.0,20853.8,468176.539
1657497600,103594.79,105674.9,104424.77,104174.27,20853.9,19870.0,20853.8,19954.3,561245.987
1657584000,104889.98,111461.98,105030.91,106770.32,20048.9,19228.3,19954.3,19322.9,640560.723
1657670400,106566.33,110311.53,106566.33,108422.81,20401.6,18901.0,19322.9,20220.1,975938.165
1657756800,104691.23,110348.65,104691.23,109526.82,20900.0,19600.0,20220.1,20578.6,765989.53
1657843200,107751.44,114739.39,109456.11,112462.34,21200.0,20364.3,20578.6,20823.1,626763.692
1657929600,111446.87,115700.92,112338.15,111980.8,21580.0,20471.0,20823.1,21183.5,539206.87
1658016000,111421.31,118671.63,111480.3,112592.43,21674.1,20742.0,21183.6,20794.4,485537.728
1658102400,109930.26,121440.4,112548.76,109930.26,22800.0,20764.4,20794.4,22423.9,982867.734
1658188800,106969.46,125802.02,109225.78,119809.32,23817.9,21575.0,22423.5,23385.9,1124029.082
1658275200,112514.84,122560.32,119220.32,112912.07,24277.0,22912.4,23385.9,23221.5,946647.815
1658361600,111529.57,117280.06,112353.86,112874.48,23441.1,22340.2,23221.5,23144.5,723543.466
1658448000,112478.19,118444.53,112587.08,117276.03,23750.0,22500.0,23144.5,22675.1,633907.934
1658534400,117090.72,122716.83,117090.72,118165.83,22990.0,21933.5,22675.0,22440.2,505887.673
1658620800,115363.31,117862.46,117862.46,115582.54,22999.0,22256.4,22440.1,22570.6,462958.953
1658707200,110747.78,115930.98,115586.56,110747.78,22656.8,21232.0,22570.6,21300.0,695770.655
1658793600,107634.17,114623.59,109872.13,113302.02,21334.4,20689.6,21300.0,21241.0,552498.903
1658880000,110079.88,115706.69,111245.76,113353.56,23100.0,21031.0,21241.0,22941.1,753370.303
1658966400,110539.64,114352.75,113894.78,113765.9,24194.6,22583.1,22941.1,23836.2,756741.836
1659052800,113430.14,117290.58,113430.14,114379.32,24500.0,23426.3,23836.2,23771.1,642337.051
1659139200,113016.12,124741.02,113354.73,116942.15,24700.0,23505.0,23771.0,23629.9,493824.816
1659225600,113060.09,117333.55,116941.3,114054.43,24187.3,23222.0,23630.0,23290.1,385969.85
1659312000,113423.83,118032.83,113423.83,114502.35,23497.0,22836.2,23290.1,23257.6,498378.292
1659398400,110586.27,115415.11,112124.31,112422.8,23448.7,22603.0,23257.6,22975.1,625227.912
1659484800,111016.27,122979.11,112133.66,115667.31,23650.0,22665.3,22975.1,22801.5,569261.768
1659571200,111398.33,114745.66,114745.66,112394.69,23211.3,22370.0,22801.5,22608.9,548268.816
1659657600,106953.43,113196.19,112004,106953.43,23450.0,22580.6,22608.9,23298.1,593992.13
1659744000,106828.23,111187.25,106828.23,110123.08,23341.8,22883.6,23298.0,22943.3,227659.394
1659830400,109766.91,111816.37,110106.2,111816.37,23400.0,22830.9,22943.2,23167.8,271512.062
1659916800,109815.77,124592.81,109890.8,118222.9,24243.0,23153.1,23167.9,23804.4,565084.219
1660003200,114832.79,117778.88,117778.88,115976.68,23913.4,22850.0,23804.3,23140.2,498286.943
1660089600,110503.28,117196.33,115884.93,112315.82,24235.2,22608.0,23140.1,23940.9,760738.204
1660176000,112007.74,123085.45,112007.74,116946.94,24972.0,23840.6,23941.0,23917.2,760455.245
1660262400,114177.18,118878.31,116989.98,117169.05,24438.8,23560.0,23917.3,24387.5,477734.045
1660348800,116161.81,121962.43,116161.81,120361.67,24879.0,24267.5,24387.5,24429.0,431093.659
1660435200,113382.31,124354.67,119898.95,113382.31,25065.0,24138.0,24429.0,24294.1,437314.32
1660521600,109591.22,119082.66,114185.59,109824.12,25200.0,23762.0,24294.1,24085.2,739390.721
1660608000,107319.78,111053.62,108433.94,109105.79,24234.0,23650.0,24085.2,23843.0,460919.994
1660694400,108333.85,116908.7,109268.01,116908.7,24437.0,23170.0,23843.0,23333.1,640600.903
1660780800,115980.44,118217.4,117196.24,116576.94,23595.0,23101.0,23333.1,23185.1,347699.006
1660867200,107146.47,119066.1,116316.98,108492.46,23200.0,20760.0,23185.0,20824.9,906609.825
1660953600,108424.29,113043.61,109087.12,108722.62,21368.9,20742.9,20825.0,21127.8,490507.042
1661040000,108396.94,111688.14,108396.94,110049.68,21804.6,21055.0,21127.7,21505.6,424282.424
1661126400,107185.51,111373.97,109425.04,109395.98,21550.0,20858.6,21505.6,21387.0,588764.597
1661212800,107815.55,113518.3,108769.07,110678.7,21667.2,20874.8,21387.0,21518.2,609745.27
1661299200,109576.67,115012.53,110071.44,111831.33,21925.6,21132.3,21518.2,21354.9,502728.198
1661385600,109315.55,114286.96,111424.8,111642.4,21810.9,21295.3,21355.0,21548.3,415757.992
1661472000,111320.09,120973.03,111690.6,120973.03,21867.6,20100.0,21548.3,20228.7,896474.356
1661558400,116741.88,119325.52,117182.79,119047.64,20367.7,19744.0,20228.7,20023.9,469598.024
1661644800,117822.77,120482.34,119342.26,119194.49,20155.0,19508.0,20024.0,19547.5,386405.195
1661731200,118027.61,123278.16,118027.61,120719.29,20440.0,19539.4,19547.5,20275.5,598076.669
1661817600,117562.91,127159.2,120095.08,121636.7,20574.0,19524.4,20275.5,19803.1,767714.993
1661904000,112248.24,121630.87,121372.87,112248.24,20496.0,19787.9,19803.2,20041.5,711639.339
1661990400,111332.05,125953.43,112589.97,118105.2,20198.3,19555.0,20041.4,20122.5,691594.721
1662076800,114923.25,120458.73,117919.22,115338.08,20434.3,19736.0,20122.6,19941.0,669047.816
1662163200,114630.91,126805.52,114846.49,126517.25,20050.0,19628.7,19941.0,19820.7,285240.989
1662249600,124117.57,134668.71,126310.83,124138.91,20022.4,19570.0,19820.7,19992.7,396798.184
1662336000,122067.29,133491.22,122304.16,127642.35,20046.7,19620.2,19992.7,19784.9,446706.41
1662422400,122543.04,136427.98,128408.82,131434.4,20174.7,18600.0,19784.9,18781.5,945489.142
1662508800,122791.12,135906.16,131636.35,122992.62,19455.0,18500.0,18781.4,19287.0,595636.693
1662595200,119257.49,122769.88,122041.91,119257.49,19450.0,19003.8,19287.0,19309.3,537268.644
1662681600,119472.68,139030.74,119472.68,138141.97,21666.0,19283.0,19309.3,21352.0,992497.1
1662768000,136083.2,141074.8,136083.2,137427.95,21825.0,21112.2,21352.0,21639.5,491543.206
1662854400,137178.47,141959.38,138016.62,141539.99,21883.4,21336.0,21639.5,21820.3,420979.326
1662940800,136006.52,146494.26,142664.32,144866.6,22474.0,21540.0,21820.3,22386.0,818601.932
1663027200,122000.24,146052.32,145393.68,122455.42,22850.0,19840.0,22386.0,20162.5,1218769.927
1663113600,117612.57,122893.35,122080.12,117612.57,20528.5,19600.0,20162.6,20217.0,661802.597
1663200000,116575.08,118876.89,117434.29,118173.51,20315.0,19453.0,20217.0,19690.8,665862.067
1663286400,118537.69,122279.58,118537.69,122121.74,19878.0,19300.0,19690.8,19792.5,544608.804
1663372800,122212.67,126002.14,122385.28,124953.83,20182.6,19739.4,19792.4,20102.0,334678.558
1663459200,122025.76,126565.53,124934.74,124160.78,20105.3,19325.8,20102.0,19404.5,499916.474
1663545600,114182.02,125017.37,124798.3,116203.67,19686.3,18215.0,19404.5,19528.6,993776.352
1663632000,115669.72,120817.95,115717.22,116044.21,19625.0,18690.1,19528.6,18866.8,794623.932
1663718400,112446.25,122384.94,115846.46,113895.21,20154.1,18084.3,18866.7,18447.5,1168068.979
1663804800,114668.33,121690.84,114668.33,121219.21,19504.8,18345.2,18447.5,19392.5,852898.391
1663891200,117966.3,126944.8,122071.32,117966.3,19492.0,18518.5,19392.5,19280.7,838493.746
1663977600,117262.13,122803.56,117262.13,120124.41,19304.5,18798.0,19280.7,18911.0,377158.215
1664064000,118644.75,121696.67,120208.32,121452,19196.0,18621.0,18910.9,18799.7,410461.603
1664150400,121048.25,128400.4,121930.76,127245.43,19311.5,18671.0,18799.7,19216.3,777807.518
1664236800,127692.36,148707.93,128304.37,128441.7,20375.0,18801.5,19216.3,19070.1,1300566.158
1664323200,128300.16,134753.88,128831.46,130413.18,19787.6,18460.0,19070.1,19407.3,1141222.772
1664409600,126536.22,132247.18,130822,130554.6,19648.8,18827.2,19407.4,19582.5,991678.224
1664496000,126564.32,149993.82,132495.77,126564.32,20172.7,19066.0,19582.5,19411.7,1071462.934
1664582400,125155.1,127213.07,125456.88,126113.02,19474.0,19140.0,19411.6,19304.0,294457.009
1664668800,125209.08,130085.13,126171.28,129859.39,19389.0,18896.0,19304.0,19049.4,414970.451
1664755200,126357.11,135376.77,126610.74,135376.77,19723.7,18950.8,19049.3,19622.0,621816.329
1664841600,135573.38,166242.24,135574.75,166242.24,20500.0,19480.1,19621.9,20333.0,796678.762
1664928000,158824,167250.46,166109.08,159263.76,20356.1,19707.0,20332.9,20150.0,719577.149
1665014400,156996.55,167664.07,159174.94,157799.15,20443.9,19843.3,20149.9,19954.0,782034.669
1665100800,146816.03,156749.81,156621.29,146816.03,20067.0,19304.4,19954.0,19520.9,673407.102
1665187200,142919.37,146534.58,146534.58,145092.14,19619.6,19200.0,19520.9,19406.2,253257.201
1665273600,144437.33,147062.7,144437.33,145405.55,19550.0,19310.0,19406.3,19430.0,267178.795
1665360000,144935.79,153600.43,145405.58,151403.15,19513.0,19000.0,19430.0,19124.0,560920.904
1665446400,151202.94,157681.03,151688.5,155696.4,19260.0,18850.0,19124.1,19055.0,603358.324
1665532800,151706.74,157721.23,156139.89,151706.74,19240.0,18924.3,19055.0,19148.0,406770.288
1665619200,149834.54,159316.46,151050.97,152343.5,19498.6,17917.8,19148.1,19365.5,1104615.001
1665705600,146766.6,156914.56,153088.73,146841.28,19947.9,19059.6,19365.4,19164.6,861453.21
1665792000,146129.73,150677.88,146417.85,149518.45,19218.8,18966.0,19164.6,19060.4,241520.185
1665878400,142929.44,149245.49,148589.08,143130.32,19415.9,19058.0,19060.4,19251.9,267921.192
1665964800,142991.25,157428.05,142991.25,156117.07,19666.0,19148.0,19251.8,19540.6,502319.759
1666051200,152095.6,165481.08,156452.75,152717.44,19706.4,19081.0,19540.7,19320.9,634343.154
1666137600,152649.72,156798.81,152649.72,153595.58,19349.8,19050.0,19320.9,19116.7,404370.458
1666224000,151025.3,155859.55,154013.4,155859.55,19350.0,18882.4,19116.6,19034.7,537627.048
1666310400,150281.5,160977.24,156767.99,150300.46,19240.0,18600.0,19034.8,19150.9,581878.905
1666396800,148807.15,151184.54,150110.76,150559.93,19250.0,19103.5,19151.0,19195.1,174055.042
1666483200,150104.09,160175.12,150580.05,160135.03,19690.0,19050.0,19195.1,19560.7,358611.542
1666569600,146191.16,161105.74,161041.45,146376.13,19593.3,19146.0,19560.6,19318.1,476676.536
1666656000,146234.44,169915.26,146293.73,164111.18,20415.0,19228.0,19318.1,20068.3,777306.534
1666742400,164610.42,170201.72,164610.42,167239.71,21030.0,20041.1,20068.3,20758.3,841864.982
1666828800,152304.6,166932.49,166690.46,152304.6,20863.7,20170.0,20758.4,20285.5,614910.045
1666915200,146245.19,151942.79,151942.79,146740.75,20740.0,19951.0,20285.6,20582.8,595538.882
1667001600,147033.13,153727.13,147033.13,153087.9,21088.0,20547.8,20582.7,20796.7,482217.17
1667088000,145073.18,152876.19,152876.19,145073.18,20925.2,20503.0,20796.7,20615.6,295389.69
1667174400,134526.3,145496.99,144061.94,134526.3,20838.7,20225.4,20615.5,20482.0,478797.266
1667260800,133583.61,137842.52,134366.02,135154.31,20687.0,20320.0,20482.1,20472.1,314676.187
1667347200,130193.73,135160.2,135160.2,130220.43,20796.0,20050.0,20472.1,20140.1,651535.761
1667433600,127474.51,132354.12,129815.54,129625.51,20400.0,20026.0,20140.2,20199.7,372121.061
1667520000,129361.14,147777.41,129505.71,141313.19,21297.0,20171.6,20199.8,21137.6,824515.215
1667606400,141342.82,149633.28,142073.56,148327.66,21473.7,21071.1,21137.6,21289.9,303983.372
1667692800,141653.97,148182.82,147881.11,141653.97,21355.8,20863.3,21289.8,20900.0,277148.646
1667779200,129752.86,139570.65,139297.35,129752.86,21062.6,20374.0,20900.0,20578.6,554408.316
1667865600,121101.83,132842.44,130210.41,121119.49,20685.0,16830.0,20578.5,18534.0,2046476.313
1667952000,118978.63,134236.47,120003.52,131357.46,18574.9,15462.6,18533.9,15905.0,2065606.412
1668038400,122684.34,134098.51,132261.75,122684.34,18230.0,15730.0,15905.0,17588.0,1497093.602
1668124800,119706.61,125126.62,122334.43,119817,17678.0,16343.0,17588.0,17058.3,955344.602
1668211200,117631.86,119054.98,117631.86,117678.96,17110.8,16623.8,17058.4,16806.9,304455.717
1668297600,115949.3,118575.03,117560.63,118575.03,16950.0,16210.3,16806.9,16321.2,349742.836
1668384000,115350.57,122281.11,119211.2,116258.36,17188.0,15805.5,16321.3,16605.2,934392.484
1668470400,115335.65,121160.77,115436.23,117464.67,17127.2,16516.7,16605.3,16888.3,649349.458
1668556800,117744.17,125945.2,117744.17,125138.61,17007.4,16358.0,16888.3,16650.6,537241.645
1668643200,123207.73,126345.85,123207.73,124265.66,16741.7,16403.3,16650.7,16682.1,408989.285
1668729600,121112.07,125735.18,124497.3,121112.07,16984.4,16541.1,16682.1,16689.7,388612.842
1668816000,119764.73,121316.9,120831.5,119764.73,16814.5,16543.8,16689.7,16692.9,171822.915
1668902400,118765.02,121032.05,119623.04,120150,16743.9,16167.1,16693.0,16272.6,327599.214
1668988800,121296.05,129344,121296.05,129033.18,16304.3,15443.2,16272.7,15773.0,790219.365
1669075200,127589.05,129732.8,129027.91,127589.05,16309.0,15610.3,15772.9,16220.6,579333.644
1669161600,123505.72,129898.84,127681.47,123505.72,16703.4,16155.5,16220.5,16595.8,546714.91
1669248000,122503.09,125986.07,123272.07,123909.77,16800.0,16450.0,16595.8,16592.4,351024.418
1669334400,123864.29,127098.79,123864.29,126229.25,16639.9,16331.7,16592.5,16516.1,306560.116
1669420800,125076.5,126107.04,125437.43,126088.58,16699.1,16369.1,16516.2,16449.2,253401.659
1669507200,124791.79,127638.81,126145.55,127494.59,16594.2,16396.0,16449.2,16422.6,189370.345
1669593600,123464.06,127131.25,126737.76,124946.87,16475.0,15984.1,16422.5,16204.5,497137.869
1669680000,124361.58,129331.6,124980.27,127677.69,16543.0,16088.0,16204.6,16433.2,391410.854
1669766400,123949.27,127557.71,127494.72,125779.75,17248.3,16421.5,16433.3,17153.3,620324.95
1669852800,127080.39,131332.56,127080.39,129845.68,17348.5,16851.2,17153.4,16970.5,411051.309
1669939200,128223.52,130546.64,129845.68,128788.77,17096.3,16760.0,16970.5,17083.0,335039.215
1670025600,128058.99,130485.2,128788.77,129638.94,17160.0,16850.1,17083.0,16879.5,185257.242
1670112000,129352.29,139719.11,129638.94,135962.08,17206.2,16874.1,16879.5,17099.5,292090.868
1670198400,122732.63,138220.13,135962.08,122844.58,17430.0,16860.6,17099.5,16958.3,519961.39
1670284800,110520.22,122844.58,122844.58,110521.61,17100.0,16899.9,16958.2,17078.6,321330.613
1670371200,104194.92,110907.72,110521.61,107670.22,17130.0,16655.0,17078.7,16828.0,337778.925
1670457600,106842.28,111072.77,107670.22,110651.3,17294.9,16710.4,16828.0,17216.0,402157.335
1670544000,108933.69,113092.39,110651.3,108933.69,17365.4,17052.0,17216.0,17122.0,290231.183
1670630400,108878.68,111523.42,108933.69,109872.59,17228.6,17081.0,17122.0,17120.0,141895.207
1670716800,108423.17,111360.19,109872.59,109047.28,17265.0,17060.0,17120.1,17077.3,171004.111
1670803200,102972.47,109150.35,109047.28,104583.51,17237.9,16865.0,17077.3,17200.0,335856.258
1670889600,104393.04,111368.99,104583.51,107207.88,18100.0,17076.0,17200.0,17777.1,596851.291
1670976000,106274.09,113055.58,107207.88,111787.37,18400.0,17659.4,17777.1,17803.9,627511.699
1671062400,107690.67,112279.23,111787.37,108230.49,17849.5,17258.0,17804.0,17351.8,437284.037
1671148800,97593.44,108300.59,108230.49,98131.3,17528.0,16521.1,17351.9,16624.1,622150.245
1671235200,97512.23,100559.74,98131.3,99333.57,16790.0,16571.8,16624.1,16768.0,248465.273
1671321600,98341.01,100959.03,99333.57,98436.52,16872.0,16656.0,16768.1,16730.3,185898.213
1671408000,96942.38,102037.75,98436.52,97353.28,16809.6,16210.0,16730.4,16429.2,344728.552
1671494400,94221.88,98498.94,97353.28,95126.92,17049.6,16390.3,16429.2,16887.2,476171.098
1671580800,94585.11,97260.19,95126.92,95780.26,16924.2,16694.2,16887.3,16819.6,227752.335
1671667200,95780.26,102263.04,95780.26,99463.28,16861.9,16556.1,16819.7,16815.5,306610.961
1671753600,96462.56,100502.23,99463.28,98291.97,16960.0,16690.0,16815.5,16776.4,264553.42
1671840000,97954.68,99331.25,98291.97,98004.05,16859.9,16774.4,16776.3,16828.9,82410.79
1671926400,96768.35,98476.48,98004.05,97401.08,16850.0,16700.0,16829.0,16824.4,144075.843
1672012800,96380.02,98143.83,97401.08,96540.24,16936.8,16781.1,16824.5,16912.9,148128.699
1672099200,96016.58,103244.02,96540.24,103196.12,16968.0,16580.0,16912.8,16698.2,262828.564
1672185600,101760.25,106555.35,103196.12,106392.65,16778.3,16455.6,16698.2,16539.0,344649.858
1672272000,105752.82,107850.03,106392.65,106936.42,16659.0,16485.1,16538.9,16630.3,208591.531
1672358400,106790.25,110080.44,106936.42,107691.79,16666.6,16320.0,16630.3,16601.2,295630.49
1672444800,105190.46,108422.33,107691.79,105692.78,16640.0,16461.8,16601.2,16537.6,134462.156
1672531200,105561.14,108930.81,105692.78,108854.59,16618.8,16488.0,16537.5,16610.3,105502.965
1672617600,105155.14,108882,108854.59,105155.14,16799.0,16541.2,16610.4,16666.0,215161.176
1672704000,105046.4,108286.83,105155.14,105095.11,16774.0,16600.3,16665.9,16667.2,203070.205
1672790400,101441.85,105336.93,105095.11,101527.77,16984.6,16645.7,16667.3,16842.1,349747.838
1672876800,100961.28,104790.51,101527.77,103940.72,16872.8,16740.4,16842.2,16823.8,176369.347
1672963200,102646.02,105450.2,103940.72,103606.14,17030.0,16664.8,16823.8,16943.8,316973.629
1673049600,103606.14,105848.08,103606.14,105490.97,16973.6,16900.1,16943.9,16936.5,77973.105
1673136000,102727.5,106390.29,105490.97,102822.73,17181.1,16905.0,16936.5,17124.7,157717.318
1673222400,102822.73,108411.79,102822.73,103305.96,17387.8,17098.2,17124.6,17169.7,400277.809
1673308800,103031.62,113091.77,103305.96,113090.62,17485.4,17140.4,17169.6,17428.8,297320.371
1673395200,106209.4,114415.85,113090.62,106927,18013.2,17306.4,17428.8,17935.7,386277.106
1673481600,104050.11,113387.07,106927,108920.99,19120.0,17902.4,17935.6,18838.0,1040334.76
1673568000,108920.99,116864.28,108920.99,111319.66,19997.8,18711.0,18838.1,19924.2,806807.832
1673654400,90925.08,111352.05,111319.66,93682.13,21544.0,19882.6,19924.3,20962.8,1010666.683
1673740800,92042.77,97004.65,93682.13,94267.26,21073.8,20556.0,20962.8,20882.7,428486.559
1673827200,91958.29,99739.54,94267.26,97971.75,21498.0,20606.6,20882.7,21188.3,666148.201
1673913600,95944.51,102453.1,97971.75,101982.73,21640.0,20827.8,21188.2,21130.9,547390.593
1674000000,99528.03,106211.32,101982.73,101713.36,21672.0,20386.0,21130.8,20680.0,813785.517
1674086400,100683.11,105539.05,101713.36,105068.19,21183.9,20659.9,20680.1,21068.3,374733.617
1674172800,95597.41,111328.64,105068.19,98669.82,22750.0,20856.4,21068.3,22661.1,723645.2
1674259200,92382.8,100714.03,98669.82,95498.7,23390.0,22422.0,22661.0,22781.9,764681.1
1674345600,93581.59,97125.86,95498.7,94282.09,23080.2,22287.0,22781.8,22704.6,482529.811
1674432000,92023.12,96539.2,94282.09,92121.03,23193.1,22500.0,22704.7,22913.1,525802.84
1674518400,91321.77,94629.84,92121.03,92273.67,23158.7,22450.0,22913.3,22627.4,505615.816
1674604800,85528.43,95176.49,92273.67,85901.01,23837.4,22310.5,22627.5,23060.6,692786.607
1674691200,85596.69,90207.3,85901.01,88639.93,23278.7,22843.8,23060.6,23001.9,427760.786
1674777600,86459.85,92397,88639.93,90142.17,23500.0,22516.6,23001.9,23068.0,509920.307
1674864000,89321.37,90939.29,90142.17,90402.88,23185.0,22870.8,23068.1,23015.9,186400.943
1674950400,89375.11,105147.69,90402.88,103276.93,23962.7,22961.5,23016.0,23740.3,562028.231
1675036800,93246.05,104910.57,103276.93,93416.2,23804.6,22484.2,23740.2,22819.9,572537.407
1675123200,93324.39,101123.5,93416.2,97518.54,23330.0,22715.3,22819.9,23119.4,403726.966
1675209600,95534.08,100555.86,97518.54,100274.53,23852.4,22747.0,23119.5,23730.0,571429.711
1675296000,96931.11,100666.38,100274.53,97798.21,24281.4,23365.0,23730.1,23493.1,615740.338
1675382400,96641.07,100907.13,97798.21,96641.07,23719.9,23201.0,23493.0,23424.7,470831.438
1675468800,95658.72,99698.45,96641.07,98604.73,23591.4,23250.0,23424.7,23322.6,197118.393
1675555200,98604.73,103586.95,98604.73,102608.5,23436.0,22741.0,23322.6,22929.2,356665.034
1675641600,102041.56,106054.31,102608.5,103065.56,23159.4,22600.0,22929.3,22757.7,417160.143
1675728000,100417.44,105508.95,103065.56,101400.65,23368.6,22742.4,22757.8,23234.1,447273.494
1675814400,100456.57,107919.73,101400.65,104903.59,23450.0,22662.9,23234.1,22955.9,383465.481
1675900800,98953.83,107958.57,104903.59,99817.78,23007.8,21684.7,22955.9,21793.4,732295.35
1675987200,99817.78,104399.6,99817.78,101858.94,21933.8,21405.0,21793.3,21618.6,439986.497
1676073600,101274.97,105340.24,101858.94,101867.6,21891.9,21594.4,21618.6,21851.3,189249.667
1676160000,97795.83,102299.47,101867.6,98993.02,22080.9,21618.0,21851.2,21771.1,276787.093
1676246400,98597.8,104515.52,98993.02,100152.33,21888.0,21338.0,21771.0,21766.2,511595.693
1676332800,99121.24,104631.03,100152.33,103429.88,22320.0,21485.2,21766.1,22187.4,598791.509
1676419200,102243.91,111704.29,103429.88,108680.47,24420.0,22038.5,22187.4,24332.6,824676.471
1676505600,106531.32,114655.6,108680.47,108299.9,25290.0,23518.0,24332.7,23526.6,959463.159
1676592000,101936.89,110047.87,108299.9,107854.72,25043.2,23350.0,23526.6,24581.5,922717.148
1676678400,107650.74,110850.65,107854.72,110174.71,24887.5,24430.6,24581.3,24636.9,261555.556
1676764800,106924.79,116699.32,110174.71,106962.86,25200.0,24179.4,24636.8,24265.9,543506.628
1676851200,104369.24,114604.06,106962.86,111204.95,25140.0,23827.0,24265.9,24849.9,646401.072
1676937600,108101.32,118037.7,111204.95,109683.31,25347.6,24150.0,24849.9,24443.4,729290.575
1677024000,105148.38,112481.84,109683.31,105258.41,24468.5,23572.0,24443.3,24171.3,730414.101
1677110400,103798.4,107908.15,105258.41,104264.61,24588.0,23590.0,24171.3,23928.8,751339.414
1677196800,103338.53,110336.41,104264.61,105788.58,24138.6,22800.0,23928.7,23175.6,731577.942
1677283200,105654.35,112431.79,105788.58,109621.68,23210.5,22700.0,23175.5,23146.2,310795.648
1677369600,105787.21,110410.51,109621.68,106768.94,23675.0,23050.0,23146.2,23545.3,371395.056
1677456000,100300.74,108567.81,106768.94,100739.6,23888.0,23088.0,23545.2,23480.0,576754.966
1677542400,100214.9,104602.15,100739.6,103324.96,23592.8,23010.0,23480.0,23129.6,456919.838
1677628800,102950.39,108521.35,103324.96,103708.81,24022.7,23008.4,23129.7,23619.8,617250.311
1677715200,103375.16,110500.77,103708.81,108424.91,23790.5,23183.0,23619.8,23457.1,419256.601
1677801600,99609.67,108704.89,108424.91,101615.51,23468.5,21883.2,23457.1,22342.8,608518.137
1677888000,98316.8,101824.12,101615.51,99547,22400.0,22147.5,22342.8,22335.7,175309.211
1677974400,96405.71,101275.7,99547,99444.75,22650.0,22174.9,22335.8,22419.4,282261.745
1678060800,99003.97,107426.48,99444.75,103611.47,22594.5,22240.1,22419.3,22397.1,298976.397
1678147200,102088.93,105135.12,103611.47,104658.7,22550.0,21908.0,22397.1,22187.1,548494.099
1678233600,103302.64,109671.6,104658.7,107107.95,22276.4,21540.5,22187.1,21695.4,547867.967
1678320000,98742.81,115515.38,107107.95,99050.22,21823.0,20003.5,21695.3,20348.3,951903.36
1678406400,93896.17,101472.02,99050.22,96751.87,20351.8,19521.6,20348.4,20140.3,1238135.265
1678492800,90201.75,97795.62,96751.87,92235.73,20674.5,19752.5,20140.3,20447.3,753479.558
1678579200,85834.67,97293.64,92235.73,87568.7,22184.0,20262.2,20447.3,21986.2,881522.402
1678665600,87568.7,100576.95,87568.7,99048.07,24517.2,21804.0,21986.2,24119.5,1534982.176
1678752000,95566.48,115046.89,99048.07,96712.29,26489.9,23951.0,24119.5,24682.5,1572562.635
1678838400,92802.72,104788.13,96712.29,93299.95,25200.0,23888.0,24682.5,24288.0,1102056.429
1678924800,93299.95,106759.07,93299.95,103835.37,25167.9,24120.5,24287.9,24990.4,735446.946
1679011200,102367.04,119006.09,103835.37,106755.16,27763.4,24875.3,24990.5,27384.0,1341159.064
1679097600,102978.5,110144.66,106755.16,106578.02,27726.4,26555.5,27383.9,26907.0,740232.316
1679184000,106307.71,112533.63,106578.02,112007.18,28397.0,26815.9,26907.0,27955.7,759367.078
1679270400,107159.08,118943.39,112007.18,111135.42,28483.2,27120.6,27955.8,27704.1,937223.448
1679356800,109521.35,116308.39,111135.42,110475.43,28460.0,27288.0,27704.1,28091.1,685487.714
1679443200,102259.72,115105.68,110475.43,102321.64,28881.0,26590.0,28091.1,27233.8,1080393.27
1679529600,101366.71,108760.08,102321.64,104108.36,28777.0,27101.0,27233.8,28284.1,808174.047
1679616000,98025.19,107116.79,104108.36,98124.71,28369.1,26960.0,28284.0,27438.9,696075.37
1679702400,97101.08,100918.39,98124.71,97229.22,27788.0,27131.8,27439.0,27447.3,335674.055
1679788800,96961.36,103877.03,97229.22,102443.61,28186.9,27400.0,27447.2,27954.3,399756.985
1679875200,98600.12,105607.92,102443.61,98844.47,28019.4,26480.0,27954.3,27112.0,642434.822
1679961600,98788.26,102794.14,98844.47,102253.78,27500.0,26610.0,27112.0,27249.7,585080.772
1680048000,100392.88,110821.47,102253.78,109417.08,28649.9,27223.6,27249.7,28338.5,655852.971
1680134400,101175.58,110068.87,109417.08,101867.16,29184.8,27654.1,28338.6,28015.0,770966.1
1680220800,100342.33,108669.68,101867.16,107684.86,28675.3,27500.0,28015.0,28454.9,611557.29
1680307200,105608.07,108125.54,107684.86,105946.33,28845.3,28180.0,28454.8,28443.8,256487.222
1680393600,103605.1,108372.4,105946.33,104922.32,28516.5,27820.0,28443.7,28161.2,316658.67
1680480000,93685.73,105241.22,104922.32,94326.54,28540.0,27166.0,28161.3,27786.1,741665.563
1680566400,94199.69,100164.07,94326.54,97209.34,28450.0,27650.2,27786.1,28155.2,432370.612
1680652800,95292.47,102054.87,97209.34,96117.27,28800.0,27775.0,28155.1,28154.0,543712.838
1680739200,95964.72,101774.25,96117.27,98536.33,28175.0,27684.2,28154.0,28022.8,355916.782
1680825600,98441.57,102609.74,98536.33,101973.74,28096.0,27755.0,28022.9,27890.7,219250.178
1680912000,100963.39,102240.58,101973.74,101806.74,28153.6,27850.1,27890.7,27924.9,159129.56
1680998400,99106.76,103984.47,101806.74,103684.39,28539.1,27762.8,27924.9,28309.4,305861.88
1681084800,103341.5,121989.02,103684.39,118583.37,29840.0,28153.6,28309.4,29623.1,580061.925
1681171200,111911.54,119470.7,118583.37,114101.4,30564.0,29573.9,29623.1,30185.1,628978.491
1681257600,110981.48,115356.07,114101.4,113825.96,30480.0,29620.0,30185.1,29875.0,563668.43
1681344000,110724.11,116687.08,113825.96,112053.99,30648.9,29836.7,29874.9,30362.7,436182.494
1681430400,99686.57,112204.44,112053.99,99957.16,31059.0,29925.0,30362.7,30453.1,615391.615
1681516800,99698.15,102065.3,99957.16,101319.12,30599.9,30186.0,30453.0,30280.4,180234.082
1681603200,99746.72,102238.86,101319.12,100077.65,30560.0,30102.0,30280.4,30286.6,210226.019
1681689600,97354.44,101924.65,100077.65,100617.89,30307.4,29219.9,30286.6,29420.0,455518.548
1681776000,97872.52,101321.73,100617.89,99077.68,30480.0,29078.1,29420.1,30365.8,533189.27
1681862400,94510.63,102810.83,99077.68,96417.72,30410.0,28557.3,30365.8,28795.1,643866.11
1681948800,96182.72,100708.83,96417.72,99071.82,29078.0,27983.0,28795.0,28229.9,639179.286
1682035200,99071.82,106222.77,99071.82,102377.22,28368.9,27100.0,28229.9,27252.5,687832.833
1682121600,102377.22,107227.3,102377.22,104767.34,27888.0,27126.0,27252.6,27807.2,345549.021
1682208000,103126.36,106634.48,104767.34,103424.45,27807.3,27279.7,27807.2,27576.0,332082.355
1682294400,101342.6,106318.95,103424.45,102573.04,28000.0,26919.3,27575.9,27497.5,581268.268
1682380800,100344.66,104456.61,102573.04,101865.37,28379.9,27176.6,27497.4,28286.7,508254.515
1682467200,89962.48,109129.24,101865.37,92530.63,30048.2,27200.0,28286.7,28395.9,1284924.668
1682553600,89702.82,99839.88,92530.63,99128.75,29898.0,28365.3,28396.0,29459.0,952584.739
1682640000,98939.07,103610.78,99128.75,100399.45,29591.1,28870.0,29459.0,29300.0,508350.155
1682726400,100036.39,103417.24,100399.45,100323.92,29443.9,29000.4,29300.0,29212.7,218013.244
1682812800,98481.44,105280.87,100323.92,98481.44,29950.0,29067.4,29212.7,29223.0,417798.846
1682899200,95110.68,104295.33,98481.44,101951.27,29325.5,27650.0,29223.0,28054.4,624974.488
1682985600,101146.1,107098.36,101951.27,101412.38,28888.0,27854.0,28054.5,28656.5,513546.269
1683072000,94896.71,101899.02,101412.38,96975.36,29258.4,28080.0,28656.4,29018.4,676466.23
1683158400,96940.63,103074.41,96975.36,101258.78,29380.0,28660.0,29018.4,28826.0,426425.584
1683244800,99039.19,106851.31,101258.78,105092.19,29693.0,28618.3,28826.0,29491.5,578485.177
1683331200,98030.39,105629.89,105092.19,98695.39,29840.0,28333.0,29491.5,28837.8,475628.901
1683417600,97705.57,100703.6,98695.39,100024.99,29137.0,28370.0,28837.9,28419.4,308410.643
1683504000,99490.66,106700.06,100024.99,105639.12,28624.6,27250.0,28419.5,27659.8,658188.777
1683590400,105128.59,111341.84,105639.12,108501.25,27815.6,27316.8,27659.8,27610.2,367664.686
1683676800,100861.55,109442.28,108501.25,101867.76,28297.0,26666.6,27610.2,27582.9,722502.676
1683763200,101379.65,110064.82,101867.76,108759.58,27630.0,26688.8,27583.0,26956.4,538822.363
1683849600,106832.23,113409.92,108759.58,106886.18,27090.0,25751.0,26956.4,26785.1,615645.508
1683936000,105548.35,109062.43,106886.18,107539.65,27051.5,26674.9,26785.2,26762.7,242694.929
1684022400,105995.2,109281.95,107539.65,107815.12,27200.0,26557.0,26762.8,26901.9,247579.427
1684108800,106442.47,108877.73,107815.12,107244.88,27650.0,26694.4,26901.9,27152.5,450263.076
1684195200,104693.02,109790.21,107244.88,108801.71,27284.7,26832.0,27152.5,27024.8,373172.951
1684281600,107201.6,112909.11,108801.71,107824.65,27500.0,26527.5,27024.7,27395.8,490065.218
1684368000,104394.9,110295.77,107824.65,104896.17,27482.7,26335.3,27395.7,26809.3,544971.979
1684454400,104119.28,106667.75,104896.17,104121.33,27180.0,26611.2,26809.4,26870.1,324097.956
1684540800,103778.13,106198.69,104121.33,104806.25,27144.4,26813.5,26870.1,27089.5,137515.354
1684627200,103945.79,107202.62,104806.25,106079.54,27288.0,26642.0,27089.6,26732.8,238776.425
1684713600,105059.01,109541.07,106079.54,105283.77,27097.8,26500.0,26732.8,26840.2,328030.52
1684800000,103167.69,106088.06,105283.77,105000.3,27527.5,26782.6,26840.2,27209.9,369176.618
1684886400,103326.44,115903.64,105000.3,114971.52,27212.9,26060.0,27209.9,26313.8,535191.677
1684972800,110989.93,117927.75,114971.52,111996.09,26644.0,25850.0,26313.9,26461.8,394535.225
1685059200,106056.27,112057.16,111996.09,106119.9,26925.0,26313.9,26461.7,26689.9,324475.546
1685145600,106103.91,109122.95,106119.9,108501.61,26890.0,26528.6,26689.8,26841.6,163681.935
1685232000,106481.93,114607.99,108501.61,111022.91,28252.8,26746.0,26841.6,28055.7,440115.394
1685318400,108841.23,113193.63,111096,111672.26,28442.0,27513.5,28055.8,27722.0,411290.549
1685404800,110246.28,112299.22,111672.26,111176.22,28038.6,27530.0,27722.1,27680.1,334379.313
1685491200,108210.75,114095.54,111176.22,111661,27825.0,26826.0,27680.0,27201.1,471381.89
1685577600,108696.49,115315.33,111661,113543.48,27347.9,26600.0,27201.1,26805.3,404787.572
1685664000,112393.22,114671.04,113543.48,112593.16,27290.0,26477.6,26805.3,27227.8,391110.093
1685750400,111986.18,114532.15,112593.16,114458.29,27340.2,26900.0,27227.8,27054.9,182464.1
1685836800,108719.63,115186.71,114458.29,108783.3,27460.0,26935.3,27054.9,27102.4,218271.544
1685923200,108783.3,121120.59,108783.3,119538.07,27125.0,25360.1,27102.4,25714.7,700502.548
1686009600,108846.53,122500.74,119538.07,109365.86,27358.1,25321.6,25714.6,27221.5,731445.649
1686096000,102960.81,110474.67,109365.86,103184.79,27394.4,26111.0,27221.5,26325.9,660044.537
1686182400,103152.87,106454.75,103184.79,103394.47,26800.0,26195.4,26325.9,26485.9,333104.839
1686268800,101479.37,104573.64,103394.47,102597.69,26775.0,26236.0,26486.0,26468.1,283719.198
1686355200,97025.37,108339.32,102597.69,101885.4,26525.0,25300.0,26468.2,25826.6,608917.569
1686441600,99119.56,103209.77,101885.4,99327.18,26199.0,25621.3,25826.6,25909.9,279365.563
1686528000,98773.49,102773.58,99327.18,102410.65,26097.7,25600.0,25910.0,25894.8,298900.468
1686614400,100252.94,103828.68,102410.65,103288.66,26430.5,25708.0,25894.8,25918.0,434536.754
1686700800,99598.64,104772.8,103288.66,103675.34,26099.3,24796.8,25918.0,25115.9,464681.602
1686787200,103675.34,111992.36,103675.34,104074.78,25750.0,24777.0,25115.9,25586.1,473971.375
1686873600,102662.11,107118.41,104074.78,104680.41,26526.9,25142.1,25586.0,26336.0,533144.956
1686960000,101316.7,105696.11,104680.41,103284.04,26900.0,26170.8,26335.9,26508.9,305738.396
1687046400,102990.74,107193.3,103284.04,104260,26709.4,26230.9,26508.8,26329.7,241977.484
1687132800,103803.95,110500.87,104260,109052.03,27077.0,26241.2,26329.6,26828.5,400533.758
1687219200,108690.68,122075.1,109052.03,121466.02,28397.8,26633.9,26828.6,28290.6,758176.297
1687305600,115264.97,126284.37,121466.02,116976.7,30822.0,28236.4,28290.7,29988.5,1123474.427
1687392000,114116.16,118842.22,116976.7,117898.14,30488.0,29500.1,29988.5,29875.0,561051.742
1687478400,115000.63,122842.69,117898.14,115000.63,31500.0,29792.0,29875.0,30673.4,699073.071
1687564800,112810.8,115354.69,115000.63,113491.65,30796.5,30222.0,30673.5,30524.2,279539.288
1687651200,113237.15,116303.05,113491.65,113873.82,31053.2,30252.6,30524.2,30458.0,301533.154
1687737600,112149.81,116942.37,113873.82,114992.63,30667.3,29890.1,30458.0,30260.1,415099.356
1687824000,114577.83,117877.81,114992.63,116044.1,30998.5,30213.0,30260.1,30683.2,406073.348
1687910400,110057.85,116398.93,116044.1,112186.7,30701.8,29804.6,30683.2,30066.3,416656.434
1687996800,112039.86,120264.18,112186.7,118226.32,30837.0,30036.1,30066.3,30439.9,382072.846
1688083200,105367.73,125118.44,118226.32,105968.31,31300.0,29500.0,30439.9,30460.2,809331.305
1688169600,105246.52,109499.67,105968.31,109281.26,30668.2,30311.3,30460.2,30573.6,135520.246
1688256000,107088.41,110383.83,109281.26,108566.7,30800.0,30149.9,30573.6,30612.7,231866.188
1688342400,108562.27,120513.51,108566.7,117966.72,31395.2,30559.4,30612.7,31149.0,370293.236
1688428800,113756.92,120088.59,117966.72,114033.78,31319.4,30600.0,31149.0,30756.1,300832.26
1688515200,111271.91,114661.2,114033.78,112591.08,30875.2,30175.8,30756.1,30488.4,294896.578
1688601600,102815.43,125065.07,112591.08,103058.24,31568.0,29818.0,30488.4,29874.4,721267.219
1688688000,101284.36,103580.21,103058.24,103526.16,30443.6,29680.0,29874.3,30327.9,337801.654
1688774400,101944.22,104200.22,103526.16,103597.88,30380.0,30026.8,30328.0,30269.3,138734.493
1688860800,101862.03,104917.76,103597.88,102281.53,30443.4,30042.0,30269.2,30147.8,162296.263
1688947200,101475.59,114371.34,102281.53,106065.48,31040.0,29928.8,30147.8,30396.9,429115.537
1689033600,105548.62,108294.41,106065.48,107991.64,30804.9,30261.4,30396.9,30608.4,298904.747
1689120000,107571.01,114766.17,107991.64,111144.95,30980.5,30186.0,30608.3,30368.9,425058.257
1689206400,108540.09,118153.64,111144.95,111394.05,31850.0,30233.0,30368.9,31441.7,696023.51
1689292800,96176.34,112274.17,111394.05,101185.13,31640.0,29876.6,31441.6,30293.3,538692.246
1689379200,99976.49,101573.74,101185.13,100110.5,30380.0,30220.2,30293.3,30276.4,111622.474
1689465600,99458.12,102109.71,100110.5,100936.04,30441.6,30050.0,30276.5,30216.8,173805.94
1689552000,100936.04,107457.15,100936.04,104806.59,30329.7,29630.0,30216.9,30126.1,344113.427
1689638400,104748.17,109931.95,104806.59,106822.54,30227.5,29400.0,30126.0,29845.6,337396.417
1689724800,104408.67,107501.56,106822.54,104806.92,30178.5,29745.0,29845.7,29895.5,298418.854
1689811200,102832.15,110352.29,104806.92,109709.93,30420.0,29468.8,29895.5,29791.0,410263.764
1689897600,106406.68,110500.97,109709.93,106634.71,30056.2,29705.9,29791.0,29891.4,221145.074
1689984000,104775.07,107793.26,106634.71,105746.39,29986.0,29602.2,29891.5,29783.5,143375.956
1690070400,100340.27,105746.39,105746.39,100350.05,30368.2,29718.9,29783.5,30070.8,224713.846
1690156800,100136.42,112425.79,100350.05,111779.4,30091.7,28830.0,30070.9,29163.8,434182.417
1690243200,107892.36,112549.08,111779.4,108310.56,29379.5,29033.0,29163.8,29216.3,196438.618
1690329600,104190.28,109817.74,108310.56,109254.77,29670.5,29083.0,29216.2,29336.0,318527.582
1690416000,108362.3,112631.88,109254.77,109907.27,29558.4,29065.5,29336.0,29209.7,223376.534
1690502400,107665.73,111011.27,109907.27,107957.29,29535.7,29112.8,29209.8,29299.9,221299.867
1690588800,107597.2,110217.09,107957.29,108183.07,29397.9,29237.5,29300.0,29339.1,87100.719
1690675200,105742.25,109486.68,108183.07,106297.75,29442.5,29006.0,29339.1,29271.1,169901.253
1690761600,104720.82,110525.62,106297.75,108880.09,29525.8,29100.0,29271.2,29220.8,230381.722
1690848000,105849.93,112356.14,108880.09,108920.79,29735.0,28550.0,29220.8,29701.2,442328.643
1690934400,108920.79,114587.53,108920.79,112350.92,30059.9,28906.3,29701.2,29170.1,491725.492
1691020800,111573.01,114504.94,112350.92,111573.01,29440.0,28955.4,29170.2,29180.2,251967.942
1691107200,110647.18,114878.09,111573.01,114692.27,29323.8,28780.0,29180.1,29101.1,229395.673
1691193600,112600.77,114911.28,114692.27,112647.23,29145.0,28960.0,29101.1,29057.7,82508.624
1691280000,110301.99,112649.98,112647.23,111132.82,29199.0,28978.5,29057.7,29075.9,103094.44
1691366400,110372.49,114773.78,111132.82,111607.4,29274.5,28682.3,29075.9,29202.7,297752.439
1691452800,110405.32,125788.02,111607.4,124059.35,30250.0,29132.4,29202.7,29759.0,459269.801
1691539200,117530.81,128428,124059.35,117858.23,30149.7,29362.0,29758.9,29572.8,362009.701
1691625600,117594.07,119599.69,117858.23,118608.82,29729.8,29303.7,29572.9,29443.7,234546.038
1691712000,117733.23,119934.95,118608.82,118245.12,29565.1,29220.0,29443.7,29415.5,179044.008
1691798400,117124.3,118249.1,118245.12,117197.27,29470.0,29360.0,29415.5,29420.7,56238.035
1691884800,114281.52,117310.99,117197.27,114756.68,29463.0,29256.6,29420.8,29293.3,84190.505
1691971200,106656.78,115390.55,114756.68,107363.63,29686.7,29070.0,29293.3,29419.5,295035.383
1692057600,107163.79,114212.89,107363.63,114166.03,29492.1,29050.0,29419.5,29188.8,191289.959
1692144000,113400.68,118245.39,114166.03,117037.32,29257.4,28705.1,29188.9,28714.4,272023.138
1692230400,106500.78,121871.69,117037.32,106500.78,28775.9,24581.0,28714.4,26609.7,868508.22
1692316800,95773.14,106500.78,106500.78,95776.67,26818.0,25600.0,26609.7,26042.1,522375.316
1692403200,87531.56,95867.86,95776.67,87644.95,26269.4,25783.4,26042.0,26088.3,202219.153
1692489600,87272.68,90389.97,87644.95,89721.39,26285.0,25948.5,26088.4,26175.9,141089.85
1692576000,89378.79,91746.6,89721.39,91016.86,26280.0,25800.0,26175.9,26115.4,232505.265
1692662400,86514.27,92698.07,91016.86,87032.97,26128.2,25280.0,26115.4,26044.4,313113.576
1692748800,83412.17,89996.72,87032.97,83906.15,26806.0,25800.0,26044.5,26419.2,412969.028
1692835200,83304.09,87898.57,83906.15,85603.69,26568.3,25835.0,26419.2,26164.6,286753.337
1692921600,84078.16,87534.55,85603.69,84132.14,26300.0,25754.4,26164.6,26051.7,274830.494
1693008000,82905.26,85774.67,84132.14,85656.57,26129.4,25969.0,26051.7,26004.3,63925.862
1693094400,85439.46,87366.09,85656.57,86575.33,26173.6,25955.6,26004.3,26087.7,86505.398
1693180800,85459.06,89428.58,86575.33,86262.88,26244.6,25850.4,26087.6,26106.5,219992.051
1693267200,86190.58,94763.7,86262.88,92243.81,28168.0,25905.2,26106.5,27700.1,700233.946
1693353600,88773.61,92338.3,92243.81,89218.83,27758.2,26950.0,27700.1,27290.4,315313.916
1693440000,81279.58,90600.78,89218.83,82453.63,27674.3,25617.8,27290.4,25928.0,502906.277
1693526400,81946.89,86720.66,82453.63,83652.47,26151.6,25312.0,25928.0,25795.6,361184.924
1693612800,80479.51,84617.56,83652.47,80654.69,25975.0,25740.6,25795.6,25855.8,107642.864
1693699200,80209.65,82082.04,80654.69,80412,26135.2,25777.0,25855.8,25962.1,133016.832
1693785600,80169.69,82564.37,80412,81050.74,26099.3,25610.0,25962.1,25814.0,173147.873
1693872000,80637.64,85510,81050.74,83814.56,25900.0,25531.2,25814.0,25779.7,186639.945
1693958400,83141.63,87756.23,83814.56,83244.57,26052.0,25326.0,25779.7,25747.4,251122.66
1694044800,81350.6,86406.79,83244.57,82788.59,26451.0,25602.3,25747.4,26240.7,257349.902
1694131200,82767.92,86373.72,82788.59,83475.77,26437.5,25630.0,26240.7,25899.8,249269.761
1694217600,82862.54,84412.96,83475.77,83499.25,25940.6,25781.5,25899.9,25892.6,67909.81
1694304000,81142.06,83608.18,83499.25,81776.87,26037.3,25508.7,25892.6,25828.4,162972.413
1694390400,81319.09,90231.52,81776.87,89427.83,25895.0,24888.0,25828.4,25150.4,427216.374
1694476800,83366.56,90248.9,89427.83,87290.88,26580.0,25116.4,25150.4,25825.8,592049.678
1694563200,85504.08,91710.95,87290.88,89882.4,26400.0,25750.0,25825.8,26209.9,335252.718
1694649600,86588.96,93140.55,89882.4,91668.79,26880.0,26106.6,26209.9,26510.3,380666.471
1694736000,86623.2,91993.32,91668.79,86657.43,26890.0,26206.6,26510.3,26591.1,251656.77
1694822400,86375.12,88864.74,86657.43,86518.2,26763.5,26430.0,26591.1,26546.9,140482.465
1694908800,84348.33,87497.91,86518.2,84768.77,26614.3,26377.4,26547.0,26514.2,114239.394
1694995200,83781.92,97735.23,84768.77,89525.93,27397.0,26358.6,26514.2,26749.9,472539.032
1695081600,89141.08,96767.08,89525.93,92721.68,27480.0,26653.2,26749.9,27196.0,433511.747
1695168000,89207.16,92772.72,92721.68,90352.84,27381.0,26740.0,27195.9,27107.7,348921.447
1695254400,90248.6,95934.87,90352.84,92453.98,27149.0,26360.1,27107.7,26552.6,317992.869
1695340800,91545.36,94146.15,92453.98,92618.11,26737.7,26452.9,26552.6,26566.7,173534.648
1695427200,91122.52,92618.11,92618.11,91363.41,26620.6,26492.2,26566.7,26563.1,57836.484
1695513600,89801.01,92296.97,91363.41,90396.62,26739.9,26081.0,26563.0,26232.4,146632.773
1695600000,88797.19,93669.58,90396.62,89736.21,26440.0,25965.0,26232.4,26290.5,268385.836
1695686400,89667.45,92143.2,89736.21,91207.18,26388.0,26073.8,26290.5,26208.8,180491.169
1695772800,87913.3,97952.9,91207.18,88292.95,26849.9,26050.0,26208.7,26359.6,353002.84
1695859200,87026.15,96631.91,88292.95,93787.08,27308.7,26325.2,26359.6,27011.8,429587.858
1695945600,88442.74,93978.93,93787.08,88442.74,27231.5,26625.0,27011.7,26890.9,277397.643
1696032000,88417.45,90480.75,88442.74,90181.6,27085.0,26870.4,26890.9,26950.9,92317.154
1696118400,85084.14,94197.98,90181.6,87479.59,28365.2,26939.0,26951.0,27981.4,240382.946
1696204800,87479.59,95443.11,87479.59,88279.95,28613.0,27255.0,27981.4,27477.6,593277.72
1696291200,87600.63,90858.96,88279.95,87753.45,27665.0,27123.0,27477.7,27412.0,283077.899
1696377600,85873.43,90735.45,87753.45,90053.35,27830.0,27163.9,27412.0,27759.8,280784.322
1696464000,89911.88,94201.36,90053.35,91610.19,28110.0,27333.5,27759.7,27398.4,370190.087
1696550400,89527.25,96495.19,91610.19,94045.17,28450.0,27156.0,27398.3,27916.3,438445.904
1696636800,90369.47,94045.17,94045.17,90899.68,28018.7,27822.1,27916.3,27943.0,117049.145
1696723200,90883.41,93062.74,90899.68,92103.92,28082.0,27671.0,27943.0,27901.2,178380.307
1696809600,90168.55,95185.28,92103.92,90826.11,27977.0,27250.0,27901.2,27578.3,314316.581
1696896000,89527.25,94315.22,90826.11,93003.6,27727.3,27281.0,27578.4,27381.2,239779.496
1696982400,92318.16,99486.81,93003.6,98100.86,27467.6,26525.0,27381.3,26864.5,388186.571
1697068800,96346.29,98615.24,98100.86,96999.85,26939.0,26534.8,26864.5,26744.0,220279.04
1697155200,94470.53,98132.98,96999.85,97295.68,27120.8,26670.1,26744.0,26849.8,243222.154
1697241600,97173.89,99461.33,97295.68,98458.7,26986.4,26773.1,26849.7,26836.3,82164.781
1697328000,94812.47,99535.32,98458.7,97563.4,27456.1,26790.4,26836.4,27139.8,160000.462
1697414400,86697.51,99625.66,97563.4,89077.6,30720.0,27095.4,27139.8,28486.3,823003.782
1697500800,88123.66,91772.33,89077.6,91208.65,28605.0,28055.0,28486.3,28381.9,314189.758
1697587200,86447.71,92315.46,91208.65,86464.71,29100.0,28126.6,28382.0,28307.1,297176.628
1697673600,86379.72,95100.08,86464.71,93918.5,28933.4,28076.0,28307.2,28696.9,333673.207
1697760000,90387.03,97884.33,93918.5,90454.43,30243.0,28560.0,28697.0,29653.0,551005.327
1697846400,89635.71,97583.87,90454.43,96361.47,30374.6,29443.5,29653.0,29895.4,258195.956
1697932800,92780.61,96667.76,96361.47,93092.51,30229.7,29606.6,29895.4,29981.5,198602.758
1698019200,88583.12,99705.68,93092.51,88631.24,35981.9,29869.4,29981.4,33074.0,987741.536
1698105600,82949.15,89221.54,88631.24,84731.31,35300.0,32833.5,33074.0,33917.0,921993.063
1698192000,83241.09,88366.01,84731.31,83907.45,35154.3,33660.6,33917.0,34487.7,465367.144
1698278400,83387.94,86158.21,83907.45,84789.21,34828.7,33750.0,34487.8,34154.0,339552.964
1698364800,83865.22,86866.25,84789.21,84510.71,34253.3,33350.0,34154.0,33893.1,278052.978
1698451200,84223.84,86662.65,84510.71,84706.82,34535.8,33867.4,33893.2,34086.6,138314.932
1698537600,83942.8,90873.28,84706.82,88057.66,34773.8,33933.0,34086.7,34528.6,175897.55
1698624000,84918.31,88681.68,88057.66,86800.53,34888.2,34050.0,34528.6,34483.8,281841.348
1698710400,85198.65,88361.56,86800.53,88250.47,34744.7,34016.8,34483.8,34651.4,272450.567
1698796800,83398.5,93527.41,88250.47,86819.25,35734.0,34076.0,34651.4,35437.4,469214.787
1698883200,80755.65,88704.22,86819.25,81442.9,35999.9,34300.0,35437.5,34940.1,410221.727
1698969600,81292.53,85589.49,81442.9,81467.15,34944.9,34123.0,34940.1,34700.4,306048.199
1699056000,81378.05,84342.2,81467.15,83556.75,35270.0,34571.6,34700.5,35069.7,140746.874
1699142400,83267.37,87928.3,83556.75,86055.28,35455.2,34356.0,35069.7,35025.5,231363.339
1699228800,86014.51,88715.03,86055.28,86157.7,35299.9,34743.2,35025.5,35057.4,202227.215
1699315200,86005.17,92463.58,86157.7,88760.28,35921.7,34520.3,35057.5,35406.5,343525.95
1699401600,86630.94,90400.43,88760.28,90400.43,36150.0,35073.0,35406.5,35626.7,334779.449
1699488000,79495.16,96747.27,90400.43,79525.28,38499.9,35304.0,35626.7,36719.5,778877.937
1699574400,78353.28,82127.51,79525.28,79820.26,37570.0,36350.0,36719.6,37330.4,299373.892
1699660800,79597.93,81291.98,79820.26,80358.96,37422.2,36588.0,37330.3,37162.1,159239.284
1699747200,80247.93,82171.47,80358.96,80853.26,37258.4,36753.6,37162.1,37085.5,118890.045
1699833600,79334.65,83243.07,80853.26,80453.8,37464.8,36350.0,37085.6,36486.2,257075.648
1699920000,76558.17,83494.95,80453.8,78834.47,36779.9,34446.3,36486.2,35559.0,397265.8
1700006400,78754.85,83268.73,78834.47,83075.96,38000.0,35388.0,35559.1,37885.6,423818.57
1700092800,80908.92,85945.88,83075.96,80908.92,37956.5,35486.1,37885.5,36176.0,434444.366
1700179200,76849.81,81038.94,80908.92,77910.14,37020.5,35868.3,36176.0,36621.9,319943.051
1700265600,76823.33,81651.59,77910.14,79409.05,36900.0,36196.0,36621.9,36580.9,121720.922
1700352000,78867.34,82220.91,79409.05,80908.95,37528.2,36380.0,36580.9,37375.9,154713.007
1700438400,80214,83981.83,80908.95,83375.78,37784.7,36600.0,37375.8,37462.5,310504.037
1700524800,79599.65,87024.89,83375.78,79599.65,37675.0,35720.0,37462.6,35737.0,450731.16
1700611200,77144.8,80898.7,79599.65,80863.79,37880.0,35610.7,35737.0,37413.4,338189.618
1700697600,80764.82,83442.85,80863.79,81963.98,37650.0,36856.3,37413.5,37294.3,185369.931
1700784000,79969.39,85255.81,81963.98,80036.65,38425.0,37257.3,37294.4,37706.3,351031.723
1700870400,78658.15,80140.04,80036.65,79570.56,37886.5,37570.9,37706.3,37766.6,82589.329
1700956800,78768.25,82383.57,79570.56,79126.76,37807.6,37126.0,37766.7,37437.9,173758.644
1701043200,78663.16,81386.54,79126.76,79262.9,37560.0,36700.0,37437.9,37234.3,266112.699
1701129600,78511.91,84925.91,79262.9,81109.41,38395.0,36856.0,37234.4,37812.1,318426.327
1701216000,80539.76,86337.15,81109.41,82651.7,38500.0,37551.8,37812.0,37837.1,261631.881
1701302400,82070.57,84388.21,82651.7,82619.48,38132.0,37442.9,37837.2,37716.8,191188.871
1701388800,81471.19,90739.14,82619.48,89045.2,38989.0,37600.0,37716.9,38660.0,342361.994
1701475200,81436.67,89045.2,89045.2,81673.03,39900.0,38613.5,38659.9,39435.0,213210.311
1701561600,79898.66,83686.33,81673.03,79999.12,40410.1,39255.2,39435.1,39979.7,221917.905
1701648000,79999.12,85972.72,79999.12,83196.05,42440.0,39970.4,39979.8,41993.1,602492.859
1701734400,82467.12,88797.44,83196.05,82594.22,44528.1,41393.5,41993.1,44081.7,575038.041
1701820800,82252.98,87815.15,82594.22,85262.79,44349.8,43377.0,44081.7,43774.8,383957.738
1701907200,83343.27,86804.58,85262.79,83409.05,44066.7,42815.0,43775.1,43296.0,346421.958
1701993600,82012.12,85845.48,83409.05,82103.85,44779.3,43100.0,43296.0,44209.5,281880.593
1702080000,80367.11,83090.39,82103.85,80803.91,44389.2,43555.0,44209.6,43734.3,189339.656
1702166400,80803.91,84564.18,80803.91,83140.07,44099.2,43552.5,43734.2,43810.0,144548.259
1702252800,74819.56,83171.66,83140.07,75529.17,43833.4,40228.3,43810.1,41271.0,620753.439
1702339200,75275.3,80248.12,75529.17,77355.31,42125.0,40711.0,41271.1,41515.0,356541.118
1702425600,77076.27,80829.21,77355.31,78625.69,43517.6,40556.0,41514.9,42875.0,396710.296
1702512000,74650.35,80026.73,78625.69,76351.03,43450.1,41140.0,42875.0,43032.4,361628.325
1702598400,75052.79,77179.95,76351.03,75813.7,43098.0,41668.0,43032.3,41968.0,257177.013
1702684800,74845.51,77343.83,75813.7,75326.01,42756.7,41638.1,41968.0,42287.4,160549.459
1702771200,75310.18,78215.76,75326.01,76347.57,42476.0,41248.3,42287.4,41396.5,224722.851
1702857600,74819.18,80471.08,76347.57,75531.64,42795.3,40553.8,41396.6,42671.7,375385.675
1702944000,74847.24,80000.34,75531.64,76749.07,43550.0,41835.4,42671.8,42298.3,315311.844
1703030400,76749.07,82202.82,76749.07,79731.84,44384.6,42218.3,42298.2,43708.9,377008.923
1703116800,79475.89,82873.34,79731.84,80532.73,44287.2,43317.2,43708.9,43896.3,276922.155
1703203200,77259.91,82890.96,80532.73,77331.08,44484.0,43430.4,43896.4,43999.2,238341.933
1703289600,77118.87,79893.9,77331.08,78624.42,44023.0,43304.2,43999.2,43725.2,120792.199
1703376000,75384.35,79611.49,78624.42,77213.72,43994.8,42550.0,43725.2,43008.4,179967.251
1703462400,76205.27,78760.29,77213.72,77532.15,43850.0,42755.4,43008.4,43611.9,184210.274
1703548800,75947.08,81300.67,77532.15,79602.17,43635.1,41597.0,43611.9,42538.5,295583.678
1703635200,75600.18,79604.85,79602.17,76074.77,43700.0,42145.7,42538.6,43453.8,251351.538
1703721600,74541.29,76392.04,76074.77,75584.59,43850.0,42320.5,43453.8,42600.1,257515.182
1703808000,74140.93,76589.71,75584.59,75711.32,43171.9,41283.2,42600.1,42095.1,337421.865
1703894400,75356.78,77851.87,75711.32,75458.85,42654.6,41550.0,42095.1,42174.2,183890.67
1703980800,73921.74,77143.32,75458.85,74001.36,42951.0,42001.0,42174.3,42314.0,173508.289
1704067200,73315.11,77879.3,74001.36,76601.28,44266.0,42207.9,42314.0,44230.2,206424.144
1704153600,76012.41,81491.88,76601.28,79785.33,45950.0,44200.9,44230.3,44979.8,459798.523
1704240000,67252.25,80820.14,79785.33,68680.72,45582.3,40333.0,44979.7,42849.5,595855.225
1704326400,68330.03,72791.53,68680.72,71338.93,44840.8,42625.0,42849.5,44143.8,333923.098
1704412800,67090.16,71363.54,71338.93,67287.05,44500.0,42300.0,44143.8,44145.4,374967.791
1704499200,66908.64,69223.81,67287.05,68338.43,44214.6,43391.3,44145.3,43956.7,138542.797
1704585600,68338.43,73885.16,68338.43,70528.96,44486.9,43557.5,43956.6,43916.9,180710.714
1704672000,69533.15,76713.43,70528.96,74597.29,47312.0,43158.1,43916.9,46972.7,495087.983
1704758400,70003.75,75527.09,74597.29,70790.91,48100.0,44417.2,46972.6,46114.0,513362.773
1704844800,68206.86,72929.95,70790.91,68565.25,47699.3,44291.5,46113.9,46662.9,668657.474
1704931200,67205.9,73241.67,68565.25,71404.04,49027.5,45600.0,46663.0,46337.8,596698.379
1705017600,71404.04,83392.35,71404.04,74727.99,46536.2,41370.0,46337.9,42788.9,575943.258
1705104000,74004.12,76725.94,74727.99,75148.15,43273.4,42445.7,42789.0,42846.4,207737.326
1705190400,75121.77,77185.9,75148.15,77077.01,43096.1,41713.5,42846.4,41734.9,181096.968
1705276800,73437.97,77292.77,77077.01,73897.82,43376.0,41720.0,41734.9,42515.0,240059.141
1705363200,73803.69,77378.37,73897.82,74126.74,43589.0,42050.0,42515.0,43133.0,287207.233
1705449600,73968.52,76746.29,74126.74,75755.55,43198.0,42200.0,43133.0,42783.4,209396.081
1705536000,74958.55,78504.21,75755.55,77720.96,42932.3,40673.6,42783.3,41323.1,335080.756
1705622400,74254.89,80865.07,77720.96,74494.92,42197.0,40300.0,41323.2,41662.2,345941.73
1705708800,73904.01,75264.05,74494.92,74617.62,41883.5,41453.6,41662.1,41691.8,95866.062
1705795200,74394.93,75011.38,74617.62,74647.99,41880.9,41500.0,41691.8,41580.0,67035.552
1705881600,74396.51,79803.39,74647.99,76234.08,41692.3,39402.0,41579.9,39567.0,459024.106
1705968000,75143.18,79078.28,76234.08,75791.86,40172.7,38545.0,39567.1,39890.0,414373.386
1706054400,75024.64,77226.69,75791.86,76310.36,40560.6,39493.3,39889.9,40078.7,272754.171
1706140800,75956.81,79501.49,76310.36,77933.77,40300.0,39535.3,40078.8,39953.3,203728.679
1706227200,77856.07,80614.48,77933.77,79315.22,42239.3,39813.1,39953.3,41806.4,355418.478
1706313600,77849.56,79441.28,79315.22,78265.55,42187.1,41360.1,41806.4,42102.2,118437.114
1706400000,74972.06,78374.07,78265.55,75159.44,42836.0,41600.0,42102.2,42021.2,205736.453
1706486400,75091.01,77686.57,75159.44,77046.08,43340.8,41768.3,42021.2,43287.7,249502.11
1706572800,73805.34,79314.83,77046.08,73831.72,43888.0,42665.6,43287.6,42918.3,257582.784
1706659200,71311.59,75306,73831.72,71954.34,43748.6,42257.6,42918.3,42560.5,313069.11
1706745600,71715.35,75976.88,71954.34,73886.69,43288.0,41866.8,42560.5,43072.6,274321.107
1706832000,73501.29,76268.3,73886.69,74296.67,43480.0,42512.7,43072.6,43182.0,205767.574
1706918400,74292.06,76043.52,74296.67,75696.18,43372.2,42858.3,43182.0,42992.4,89735.22
1707004800,75280.38,77899.34,75696.18,77285.48,43112.1,42176.7,42992.4,42570.3,127421.548
1707091200,77100.85,81081.79,77285.48,79774.34,43580.0,42235.1,42570.3,42692.9,240655.549
1707177600,79558.75,81966.65,79774.34,80318.37,43378.8,42559.8,42692.9,43079.1,196157.643
1707264000,78569.86,82877.86,80318.37,82819.67,44388.0,42763.4,43079.1,44326.2,252057.708
1707350400,82664.53,87306.12,82819.67,85120.75,45600.0,44306.8,44326.3,45269.1,299738.288
1707436800,82626.23,85781.1,85120.75,83207.32,48230.3,45218.1,45269.2,47116.1,519919.419
1707523200,83058.33,86808.38,83207.32,86798.81,48189.6,46836.4,47116.1,47732.6,179626.604
1707609600,86400.35,89872.5,86798.81,89342.95,48600.0,47539.4,47732.6,48303.4,209951.626
1707696000,88281.52,94597.38,89342.95,92357.54,50413.2,47702.0,48303.4,49943.6,450895.202
1707782400,88164.1,94202.51,92357.54,88189.74,50428.8,48301.0,49943.6,49696.4,382348.085
1707868800,87009.87,93000.64,88189.74,90522.38,52100.0,49215.7,49696.4,51823.2,395191.791
1707955200,86487,91554.65,90522.38,87212.3,52859.0,51334.9,51823.1,51898.5,392724.603
1708041600,87020.56,90429.16,87212.3,87551.71,52623.0,51611.7,51898.4,52148.6,259819.793
1708128000,87002.73,89782.07,87551.71,87482.52,52192.8,50647.5,52148.7,51679.4,222342.005
1708214400,84672.33,87482.52,87482.52,85531.82,52450.0,51178.0,51679.5,52175.9,166636.426
1708300800,85531.82,88325.8,85531.82,87685.24,52532.9,51688.8,52175.9,51813.8,196387.978
1708387200,87103.65,91207.55,87685.24,87205.74,53090.9,50788.0,51813.7,52297.4,388913.064
1708473600,86254.36,90935.06,87205.74,86254.36,52402.3,50528.4,52297.3,51877.8,308127.301
1708560000,84503.84,88659.17,86254.36,84874.69,52130.8,50967.5,51877.9,51316.9,244144.647
1708646400,84610.36,90603.33,84874.69,88241.56,51576.3,50512.7,51316.9,50771.9,215474.562
1708732800,86666.4,89040.06,88241.56,87056.15,51736.6,50611.4,50771.9,51602.1,104944.457
1708819200,86116.6,88236.06,87056.15,86417.27,52050.0,51300.4,51602.1,51764.9,122177.26
1708905600,84596.98,88716.95,86417.27,84940.31,54991.8,50922.5,51764.9,54511.6,393466.231
1708992000,79156.73,85772.74,84940.31,80696.9,57780.0,54495.0,54511.7,57074.5,511475.535
1709078400,71616.51,84598.37,80696.9,75348.04,64300.0,56730.1,57074.5,62487.9,1010118.442
1709164800,71332.06,76665.24,75348.04,71959.23,63762.8,60452.0,62487.9,61203.3,584713.883
1709251200,71959.23,75311.32,71959.23,73878.32,63199.0,60844.8,61203.3,62430.6,299231.827
1709337600,72299.65,74110.76,73878.32,72911.44,62513.1,61605.0,62430.6,62039.9,159283.629
1709424000,72291.04,75944.64,72911.44,75620.84,63330.9,61339.5,62039.9,63178.5,200312.503
1709510400,75571.29,82514.56,75620.84,81113.59,68600.0,62299.0,63178.5,68296.4,632882.144
1709596800,70786.48,83281.48,81113.59,71725.16,69350.0,59112.0,68296.5,63747.4,1053025.132
1709683200,71293.45,76463.92,71725.16,73266.85,67729.5,62829.3,63747.5,66128.1,534011.813
1709769600,73207.63,75641.7,73266.85,73484.12,68101.3,65609.3,66128.0,66870.0,296092.788
1709856000,73218.57,78342.1,73484.12,73989.35,70330.8,66120.0,66870.0,68180.2,459387.207
1709942400,72975.62,74488.49,73989.35,73649.37,68608.7,67908.7,68180.2,68360.1,94899.005
1710028800,73626.95,78867.85,73649.37,77405.35,69999.8,68155.0,68360.2,69001.8,233596.523
1710115200,76260.67,80851.71,77405.35,79401.43,72890.0,67000.0,69001.8,72153.8,474396.897
1710201600,78066.72,81633.04,79401.43,78116.84,73370.0,68600.0,72153.9,71503.2,472072.331
1710288000,77866.78,81836.11,78116.84,80394.21,73755.0,71388.1,71503.3,73127.6,288446.338
1710374400,80394.21,84816.82,80394.21,83992.78,73881.4,68600.0,73127.6,71455.5,513901.237
1710460800,75924.7,84389.52,83992.78,79342.09,72500.0,65580.0,71455.6,69552.2,705810.685
1710547200,76386.56,79937.95,79342.09,76567.35,70097.6,64750.0,69552.1,65351.0,333426.129
1710633600,76263.95,79152.36,76567.35,78538.19,68972.4,64559.8,65351.0,68447.9,314890.309
1710720000,77501.1,80880.98,78538.19,79106.59,69044.4,66601.6,68447.9,67660.0,317885.916
1710806400,77760.8,81747.35,79106.59,77961.49,68178.6,61582.8,67660.0,61974.1,700466.795
1710892800,76122.76,79864.88,77961.49,76951.39,68140.0,60800.0,61974.1,67876.4,637362.465
1710979200,75341.92,78389.33,76951.39,75343.47,68293.9,64550.1,67876.4,65539.9,347218.385
1711065600,73064.01,77176.7,75343.47,73064.01,66691.9,62294.0,65539.9,63826.0,401149.333
1711152000,71963.5,75519.95,73064.01,73938.86,66050.0,63020.2,63826.1,64020.3,239124.0
1711238400,73474.21,77464.01,73938.86,77032.31,67700.0,63822.0,64020.4,67260.9,244179.435
1711324800,76544.38,80046.64,77032.31,78817.6,71228.3,66427.6,67260.9,69920.5,395156.191
1711411200,77049.03,79868.2,78817.6,79656.65,71649.0,69320.0,69920.6,70044.1,307861.116
1711497600,79335.89,84484.45,79656.65,83133.99,71888.0,68364.8,70044.2,69532.6,407286.574
1711584000,81320.12,84541.58,83133.99,83102.58,71636.2,68941.0,69532.6,70838.7,241970.822
1711670400,81053.65,84344.47,83102.58,81095.53,70976.9,69000.0,70838.8,69903.6,187970.841
1711756800,80261.96,81192.57,81095.53,80261.96,70388.0,69577.2,69903.6,69642.1,91126.75
1711843200,80163.29,83286.04,80261.96,82708.62,71495.5,69608.0,69642.0,71363.0,132458.79
1711929600,81352.76,85828.76,82708.62,84161.13,71388.0,68103.3,71363.0,69700.0,282812.126
1712016000,77737.49,84376.65,84161.13,78034.87,69731.6,64603.2,69700.0,65505.3,499041.572
1712102400,77653.59,80537.6,78034.87,80095.55,66940.0,64500.0,65502.4,65971.9,275041.23
1712188800,78339.05,82458.95,80095.55,78510.59,69329.7,65100.0,65971.8,68489.9,326385.338
1712275200,74846.3,78511.23,78510.59,75171.8,68787.1,65966.0,68489.8,67825.7,313547.293
1712361600,74820.24,76839.68,75171.8,76493.58,69708.0,67450.0,67825.8,68901.6,127343.726
1712448000,76493.58,81159.54,76493.58,80046.68,70395.0,68820.6,68901.5,69362.7,171783.436
1712534400,78582.78,83064.27,80046.68,80240.88,72890.4,69040.4,69362.7,71678.4,297237.449
1712620800,79631.49,81976.8,80240.88,80187.16,71820.6,68216.0,71678.3,69189.3,334059.403
1712707200,78412.07,80459.5,80187.16,79460,71412.2,67546.2,69189.2,70681.7,337774.756
1712793600,79321.5,83737.49,79460,81697.86,71387.4,69592.6,70681.8,70055.7,256194.153
1712880000,79254.76,84985.92,81697.86,80082.93,71297.0,65102.0,70055.6,67136.4,415528.149
1712966400,66270.65,80089.28,80082.93,66895.91,67975.4,59652.5,67136.4,63939.7,515005.203
1713052800,65695.28,68208,66895.91,67004.72,65822.1,62139.3,63939.7,65615.9,395770.133
1713139200,65969.33,69287.69,67004.72,65969.33,66874.9,62242.5,65615.9,63392.7,381532.225
1713225600,64139.49,67883.25,65969.33,64172.47,64356.3,61521.0,63392.8,63765.0,405931.439
1713312000,64157.4,69853.15,64172.47,67052.98,64483.3,59625.0,63764.9,61254.5,444032.992
1713398400,66445.87,69230.18,67052.98,67625.09,64100.0,60763.8,61254.5,63445.0,363302.394
1713484800,64234.35,67974.1,67625.09,65864.34,65480.0,59541.0,63445.0,63787.4,574264.058
1713571200,65457.6,67264.89,65864.34,67260.22,65400.0,63045.1,63787.4,64897.2,197142.262
1713657600,66426.09,68053.39,67260.22,66885.53,65678.7,64214.2,64897.2,64912.6,160533.948
1713744000,66127.56,69113.95,66885.53,69047.38,67222.0,64470.5,64912.7,66778.0,246268.411
1713830400,67968.05,70352.15,69047.38,68074.65,67158.9,65750.0,66777.9,66386.3,178665.564
1713916800,67872.09,70387.51,68074.65,70078.67,67068.2,63575.0,66386.2,64250.0,280545.061
1714003200,66663.27,70505.53,70078.67,67298.24,65270.6,62721.3,64250.0,64478.8,275211.062
1714089600,66236.09,68545.59,67298.24,67291.46,64783.1,63291.5,64478.8,63748.8,202149.813
1714176000,66148.54,68196.28,67291.46,67163.23,63901.4,62332.8,63748.7,63421.0,167349.109
1714262400,65748.76,68159.34,67163.23,65756.11,64350.0,62700.0,63420.9,63088.3,126056.151
1714348800,65639.63,68763.86,65756.11,66574.27,64200.0,61726.2,63088.4,63842.4,228411.163
1714435200,66172.58,74226.5,66574.27,72521.57,64700.0,59150.0,63842.4,60651.2,408747.703
1714521600,67926.47,73492.36,72521.57,68411.83,60816.7,56537.7,60651.2,58307.6,564108.4
1714608000,67157,70587.03,68411.83,67560.58,59637.3,56951.6,58307.7,59036.7,299229.302
1714694400,67276.61,72350.85,67560.58,72116.46,63333.0,58781.3,59036.7,62853.7,353606.459
1714780800,71680.65,75456.67,72116.46,73775.18,64547.9,62520.0,62853.7,63864.2,205205.199
1714867200,70873.41,73775.18,73775.18,72613.42,64644.3,62833.0,63864.3,63988.0,185495.653
1714953600,70784.92,76114.53,72613.42,70800.01,65500.0,62655.3,63987.9,63142.8,305110.067
1715040000,70650.32,73088.19,70800.01,70978.33,64392.2,62203.6,63142.7,62296.0,238974.646
1715126400,69548.82,72734.97,70978.33,69706.16,62994.9,60843.6,62296.0,61157.9,241651.579
1715212800,68645.4,71667.95,69706.16,69750.21,63447.2,60550.0,61157.9,63050.1,242451.302
1715299200,69129.76,74107.74,69750.21,71759.45,63446.5,60117.4,63050.0,60778.1,307214.96
1715385600,70563.58,71775.52,71759.45,70978.98,61491.4,60432.6,60778.0,60809.2,113294.787
1715472000,68768.94,71151.63,70978.98,69757.31,61849.4,60557.3,60809.2,61455.8,104043.897
1715558400,68004.05,72725.49,69757.31,71129.54,63440.0,60750.0,61455.7,62912.1,261927.073
1715644800,67507.47,71428.7,71129.54,67744.08,63099.6,60950.0,62912.2,61550.5,244345.274
1715731200,67744.08,73610.6,67744.08,73610.6,66440.0,61316.1,61550.5,66175.4,365031.68
1715817600,72065.26,75616.21,73610.6,72377.87,66800.0,64567.0,66175.4,65217.7,242455.324
1715904000,70998.62,75523.07,72377.87,74095.69,67400.6,65061.2,65217.7,66980.0,227063.919
1715990400,74008.85,75766.17,74095.69,75167.22,67340.5,66503.2,66980.0,66884.9,96931.548
1716076800,74891.56,77500.94,75167.22,75131.6,67750.0,65835.8,66884.9,66239.4,148170.35
1716163200,70148,80058.12,75131.6,70546.09,71674.6,66010.0,66239.4,71466.5,366028.078
1716249600,70546.09,78866.78,70546.09,78456.22,72132.8,69165.6,71466.5,70168.8,263674.327
1716336000,77310.08,79700.41,78456.22,77763.21,70715.4,68736.8,70168.7,69219.1,194160.494
1716422400,70438.53,79159.9,77763.21,70839.94,70133.3,66156.6,69219.2,67999.9,300093.622
1716508800,69752.06,72440.76,70839.94,70215.54,69273.5,66639.0,67999.9,68584.1,186681.082
1716595200,69579.86,73070.59,70215.54,72346.87,69622.8,68523.7,68584.0,69314.4,85113.605
1716681600,71028.21,72498.99,72346.87,71075.8,69590.3,68155.0,69314.5,68524.3,84069.824
1716768000,70551.22,73344.65,71075.8,71581.74,70750.0,68268.7,68524.4,69461.6,170291.356
1716854400,70787.24,74141.82,71581.74,71916.76,69628.0,67273.0,69461.5,68440.5,227838.44
1716940800,71820.18,76481.54,71916.76,76215.29,68983.0,67129.0,68440.4,67686.7,158236.599
1717027200,74166.63,76334.95,76215.29,74249.84,69568.9,67167.0,67686.8,68402.5,194573.899
1717113600,73752.97,77181.88,74249.84,76505.84,69080.0,66700.5,68402.6,67577.9,195751.752
1717200000,75288.93,77195.54,76505.84,75473.29,67936.0,67480.0,67577.9,67799.2,50943.058
1717286400,75126.19,78306.42,75473.29,76089.3,68545.9,67296.3,67799.2,67805.9,102194.718
1717372800,75578.47,80992.45,76089.3,78539.21,70372.9,67642.6,67805.9,68851.4,227676.93
1717459200,77993.32,83213.3,78539.21,81175.06,71146.4,68595.5,68851.3,70580.0,216100.016
1717545600,81039.58,84896.04,81175.06,82457.73,71824.4,70423.6,70580.0,71133.3,203992.034
1717632000,81654.05,84942.78,82457.73,81925.57,71714.8,70101.9,71133.3,70830.0,158483.564
1717718400,81700.22,86722.46,81925.57,82373.71,72144.0,68405.0,70830.0,69377.0,299412.37
1717804800,82161.43,83481.85,82373.71,83481.85,69613.6,69192.3,69377.0,69346.5,65739.857
1717891200,83019.2,84075.03,83481.85,83579.08,69879.0,69160.0,69346.6,69667.1,68024.1
1717977600,83426.04,85784.03,83579.08,85576.76,70222.7,69201.2,69667.1,69558.7,127381.604
1718064000,82156.56,85862.29,85576.76,82657.35,69600.0,66000.0,69558.8,67320.7,311984.942
1718150400,79095.96,85061.64,82657.35,81188.83,70028.0,66920.0,67320.6,68270.3,329918.46
1718236800,79230.03,82773.48,81188.83,82146.49,68607.7,66251.1,68270.3,66786.9,248355.461
1718323200,78762.12,84261.52,82146.49,79469.83,67366.5,65052.4,66786.8,66039.7,239411.231
1718409600,78989.9,80507.16,79469.83,80503.44,66482.6,65801.0,66039.7,66213.7,72423.755
1718496000,80416.87,82331.01,80503.44,80880.57,66960.3,66012.1,66213.7,66653.6,80361.551
1718582400,78534.93,82039.03,80880.57,79693.14,67280.6,65094.9,66653.5,66472.1,248420.787
1718668800,77660.47,80558.01,79693.14,77777.15,66558.9,64009.8,66472.1,65150.0,335559.394
1718755200,75282.97,79474.76,77777.15,75442.14,65711.9,64600.0,65149.9,64933.6,150032.669
1718841600,73827.09,78114.35,75442.14,74372.62,66467.0,64526.0,64933.6,64854.0,220954.676
1718928000,74292.59,78171.86,74372.62,76733.96,65055.5,63361.2,64854.0,64124.0,210109.601
1719014400,76574.23,78251.83,76733.96,78032.76,64520.0,63915.8,64124.1,64240.0,53855.862
1719100800,77227.36,78141.61,78032.76,77587.7,64500.0,63137.9,64240.1,63194.9,72052.293
1719187200,75522.27,81483.11,77587.7,75522.27,63357.0,58218.0,63194.9,60273.6,445903.184
1719273600,74043.44,80176.46,75522.27,75580.15,62448.1,60230.5,60273.5,61777.8,264647.317
1719360000,74085.43,76626.87,75580.15,74874.62,62465.1,60696.0,61777.9,60860.1,170601.18
1719446400,74201.64,76227.78,74874.62,74905.83,62379.7,60605.0,60860.1,61682.0,160172.482
1719532800,73862.95,78897.8,74905.83,78520.96,62204.0,60038.0,61682.1,60429.8,195508.125
1719619200,77199.38,80614.77,78520.96,80544.66,61232.0,60400.1,60429.8,60982.4,79680.289
1719705600,80355.51,85813.39,80544.66,85679.23,63058.4,60705.0,60982.5,62766.0,147777.915
1719792000,81848.83,85717.19,85679.23,81848.83,63849.0,62502.2,62766.1,62883.6,193937.938
1719878400,81814.32,86792.03,81848.83,84470.64,63284.0,61800.0,62883.7,62123.6,163101.243
1719964800,83745.43,88755.78,84470.64,88024.27,62278.2,59299.3,62123.5,60208.0,295303.265
1720051200,86334.46,92080.33,88024.27,88549.01,60500.0,56560.0,60208.0,57045.9,445656.277
1720137600,82487.59,88626.07,88549.01,83117.4,57533.4,53329.5,57045.9,56604.9,577193.595
1720224000,79481.43,84105.24,83117.4,80176.81,58472.0,56000.0,56604.9,58216.0,178580.022
1720310400,79668.28,81997.4,80176.81,81289.35,58443.0,55688.0,58216.0,55830.9,210361.981
1720396800,77551.77,82811.23,81289.35,78836.32,58200.0,54243.1,55831.0,56686.4,464106.957
1720483200,76763.99,82182.11,78836.32,82173.01,58290.6,56256.2,56686.4,58023.2,257237.048
1720569600,79221.33,84280.83,82173.01,82670.57,59449.6,57125.0,58023.1,57707.0,254248.937
1720656000,80777.49,85414.85,82670.57,85087.79,59780.0,57030.0,57707.0,57315.5,293106.959
1720742400,82942.4,86058.24,85087.79,83286.71,58500.0,56500.1,57315.7,57870.0,238100.616
1720828800,82121.36,85452.1,83286.71,85449.27,59850.0,57728.6,57870.0,59174.0,157884.322
1720915200,84943.63,88148.42,85449.27,84970.02,61412.4,59164.0,59173.9,60766.0,208060.883
1721001600,83494.06,86667.43,84970.02,85223.44,64870.7,60622.6,60766.0,64680.6,352222.181
1721088000,82358.25,86098.01,85223.44,83122.79,65388.0,62350.0,64680.6,65010.0,375258.616
1721174400,79200.79,84652.53,83122.79,79402.46,66100.0,63823.0,65010.0,64055.7,276656.393
1721260800,78116.06,79704.72,79402.46,78585.8,65173.8,63206.4,64055.8,63959.9,215648.157
1721347200,77663.21,84679.69,78585.8,84274.85,67362.8,63266.2,63960.0,66627.9,311859.805
1721433600,81405.89,84327.95,84274.85,82807.22,67648.7,66159.1,66627.9,67095.6,123564.406
1721520000,79575.58,83957.13,82807.22,80649.8,68351.2,65750.0,67095.6,68138.0,207228.372
1721606400,80417.44,82097.74,80649.8,80886.01,68459.7,66538.6,68138.0,67499.2,192991.391
1721692800,80227.22,83050.02,80886.01,82275.28,67729.3,65416.5,67499.2,65916.4,270430.68
1721779200,80509.61,83534.16,82275.28,81113.75,67087.3,65040.5,65916.3,65350.8,215079.421
1721865600,79602.27,86269.01,81113.75,83326.98,66144.0,63456.7,65350.7,65773.0,319685.441
1721952000,83049.99,87750.45,83326.98,84650.51,68200.0,65688.2,65773.0,67882.5,235384.526
1722038400,84484.81,87908.07,84650.51,86090.44,69381.7,66624.5,67882.5,67873.8,330982.647
1722124800,85136.58,86375.31,86090.44,85822.43,68300.0,67037.0,67873.7,68215.5,116913.935
1722211200,84579.36,94163.31,85822.43,84869.85,70081.0,66365.8,68215.5,66750.0,372537.818
1722297600,82710.16,84891.94,84869.85,82994.33,66966.6,65254.5,66750.1,66159.3,246551.044
1722384000,81263.44,83478.97,82994.33,82569.05,66826.3,64500.4,66159.3,64601.8,246389.446
1722470400,81869.88,90343.53,82569.05,87198.82,65650.0,62271.2,64601.8,65328.9,372654.59
1722556800,85577.33,91011.99,87198.82,87795.29,65577.0,61200.2,65329.0,61483.7,421628.42
1722643200,84884.66,88780.23,87795.29,85280.56,62166.0,59800.0,61483.7,60684.6,290469.956
1722729600,85279.28,92370.91,85280.56,88101.15,61089.5,57040.0,60684.5,58144.5,339512.415
1722816000,73654.96,88365.59,88101.15,75207.86,58286.9,48888.0,58144.5,54003.1,1281982.025
1722902400,74291.85,78286.81,75207.86,76846.52,56999.9,53925.3,54003.5,55991.2,435953.439
1722988800,75509.53,81170.23,76846.52,76975.18,57699.0,54519.8,55991.3,55102.9,377442.54
1723075200,73493.46,79191.51,76975.18,74961.97,62737.2,54672.4,55102.9,61659.8,470117.508
1723161600,71568.24,76431.28,74961.97,71915.91,61726.0,59500.0,61659.8,60808.6,308674.339
1723248000,70337.8,72004.38,71915.91,71070.06,61450.0,60208.5,60808.6,60889.9,115593.354
1723334400,69944.92,73245.13,71070.06,70088.23,62000.0,58255.4,60889.8,58693.1,202539.076
1723420800,68271,72799.73,70088.23,68489.17,60666.0,57615.0,58693.1,59323.6,367126.29
1723507200,68302.46,72479.66,68489.17,72128.26,61545.0,58360.0,59323.7,60550.5,255934.721
1723593600,72080.24,79338.24,72128.26,78048.23,61839.7,58367.2,60550.4,58648.1,295662.808
1723680000,77987.37,83887.52,78048.23,83845.67,59820.0,55969.0,58648.1,57511.0,360815.946
1723766400,80997.98,84596.96,83845.67,82133.08,59780.2,57062.1,57511.1,58854.9,268756.529
1723852800,82015.15,83269.9,82133.08,82618.48,59690.2,58769.4,58854.9,59468.5,77085.532
1723939200,82322.97,84736.88,82618.48,82690.11,60250.0,58352.0,59468.5,58390.0,149660.264
1724025600,79509.61,84777.35,82690.11,79747.84,59585.4,57750.0,58390.1,59398.5,214043.139
1724112000,79685.48,86776.37,79747.84,82713.25,61386.0,58501.1,59398.4,58982.9,287049.13
1724198400,82123.11,85606.2,82713.25,85606.2,61793.9,58728.9,58982.7,61120.0,270583.679
1724284800,83143.86,85950.85,85606.2,83677.26,61392.0,59677.6,61120.0,60349.9,211098.959
1724371200,82319.98,90065.89,83677.26,86681.74,65000.0,60301.5,60349.9,64019.9,382490.709
1724457600,86313.84,88752.66,86681.74,87051.74,64472.5,63522.7,64020.0,64116.5,132741.902
1724544000,86916.82,88960.36,87051.74,87948.77,65175.4,63731.3,64116.6,64190.2,115546.888
1724630400,84285.87,88020.04,87948.77,84294.9,64455.8,62750.2,64190.1,62807.6,195977.222
1724716800,80179.76,87476.27,84294.9,81453.79,63196.0,57928.2,62807.7,59384.5,339269.805
1724803200,78680.84,82631.22,81453.79,79137.69,60197.8,57820.0,59384.4,59010.0,313788.567
1724889600,79115.22,84470.28,79137.69,81439.37,61144.9,58655.0,59010.0,59323.2,233896.685
1724976000,79812.02,83366.57,81439.37,79856.02,59914.9,57525.0,59323.3,59096.3,268276.469
1725062400,79856.02,81356.5,79856.02,80996.06,59436.0,58700.0,59096.4,58941.9,68866.674
1725148800,80870.89,83902.43,80996.06,82150.91,59052.7,57123.0,58941.9,57268.1,222909.914
1725235200,80916.98,84750.13,82150.91,82500.25,59412.3,57093.0,57268.1,59112.1,201218.384
1725321600,81885.63,87931.31,82500.25,83165.32,59790.0,57320.0,59112.2,57451.9,230196.497
1725408000,78718.73,83219.14,83165.32,81104.8,58500.0,55555.0,57452.0,57944.8,326983.311
1725494400,81087.15,85987.88,81104.8,83700.76,58318.9,55600.0,57944.8,56145.7,294703.592
1725580800,82944.13,87882.75,83700.76,85488.33,57000.0,52510.8,56145.7,53927.7,479063.113
1725667200,83180.9,85550.15,85488.33,83352.46,54820.2,53725.0,53927.7,54134.9,127686.594
1725753600,82743.09,85269.91,83352.46,84700.14,55300.0,53596.5,54134.9,54839.6,162078.536
1725840000,84681.62,90656.81,84700.14,87581.68,58153.2,54557.0,54839.6,57010.0,313094.361
1725926400,85824.2,87808.31,87581.68,86216.3,58033.2,56361.0,57010.1,57609.1,228317.676
1726012800,85614.72,87890.72,86216.3,85817.5,57954.4,55515.2,57609.2,57306.0,338231.445
1726099200,85423.73,88599.06,85817.5,85500.05,58606.6,57283.1,57305.6,58097.0,261449.688
1726185600,85474.09,89405.48,85500.05,89405.48,60597.0,57594.0,58097.1,60456.2,277429.492
1726272000,87236.67,90349.34,89405.48,87432.21,60572.9,59360.1,60456.2,59964.0,102580.577
1726358400,85938.29,88682.14,87432.21,86300.93,60369.4,58654.0,59963.9,59100.5,130524.206
1726444800,84431.78,86480.91,86300.93,84511.53,59182.2,57446.3,59100.5,58187.0,250699.432
1726531200,83409.15,89717.83,84511.53,85407.6,61345.0,57588.8,58187.0,60281.0,318442.066
1726617600,81768.84,85721.94,85407.6,83777.53,61765.0,59138.0,60281.0,61735.3,355729.312
1726704000,83402.82,89019.62,83777.53,87180.81,63830.1,61534.0,61735.3,62926.9,302382.412
1726790400,85995.02,89422.31,87180.81,86594.9,64126.7,62320.0,62926.9,63175.7,257172.835
1726876800,86550.25,87655.39,86594.9,86611.76,63546.9,62714.2,63175.8,63320.6,78248.362
1726963200,84094.91,87137.3,86611.76,85731.9,64000.0,62339.0,63320.6,63558.4,149129.884
1727049600,84412.01,89922.77,85731.9,88984.87,64724.8,62534.4,63558.5,63302.0,234343.564
1727136000,88540.96,91473.93,88984.87,91142.01,64666.0,62688.2,63302.1,64243.1,236987.628
1727222400,87860.98,92343.72,91142.01,88401.72,64800.0,62910.0,64243.2,63118.4,184950.772
1727308800,86013.03,91012.22,88401.72,88244.15,65800.0,62634.4,63118.3,65139.2,321186.356
1727395200,85641.26,90067.97,88244.15,85845.49,66450.0,64788.0,65139.1,65749.6,226404.021
1727481600,85260.54,86710.23,85845.49,85269.97,66237.0,65368.1,65749.5,65822.6,92773.553
1727568000,84448.68,86132.97,85269.97,85611.56,66059.3,65400.0,65822.7,65568.1,88131.799
1727654400,85188.23,90677.76,85611.56,86794.06,65588.8,62825.0,65568.2,63309.1,296848.373
1727740800,83743.48,90760.74,86794.06,84308.09,64092.6,60128.2,63309.0,60776.8,429817.835
1727827200,82018.08,85931.84,84308.09,82501.46,62355.0,59934.9,60776.7,60622.6,327001.805
1727913600,82098.38,85380.65,82501.46,84455.58,61452.6,59815.0,60622.7,60727.2,286137.212
1728000000,84415.83,87642.43,84455.58,84720.24,62457.1,60434.1,60727.1,62054.4,234795.836
1728086400,83878.39,85474.05,84720.24,84277.21,62344.0,61648.0,62054.3,62023.1,74330.781
1728172800,84193.07,87003.7,84277.21,86182.28,62961.5,61778.9,62023.1,62789.3,96413.453
1728259200,83236.47,88317.2,86182.28,83237.51,64448.2,62091.8,62789.2,62190.7,298949.375
1728345600,83237.51,87040.16,83237.51,85922.61,63178.7,61836.0,62190.6,62131.7,226276.359
1728432000,84552.57,89410.36,85922.61,86900.7,62520.9,60251.9,62131.8,60606.4,217302.173
1728518400,85281.24,88826.48,86900.7,85845.55,61297.0,58900.0,60606.3,60293.2,262947.653
1728604800,83243.62,89040.81,85845.55,87530.07,63400.0,60057.8,60293.3,62509.0,263691.142
1728691200,87333.47,89708.13,87530.07,89356.26,63462.6,62458.0,62509.0,63176.0,102784.406
1728777600,85772.92,89405.64,89356.26,85774.87,63260.0,62020.0,63176.0,62839.8,129696.156
1728864000,84266.74,89169.45,85774.87,86442.97,66533.0,62420.0,62839.7,66064.9,338251.601
1728950400,82710.37,87581.74,86442.97,82777.22,67953.7,64771.7,66064.9,67044.1,422005.511
1729036800,82604.98,88071.97,82777.22,86460.73,68400.0,66724.2,67044.0,67592.0,254153.501
1729123200,81444.82,86852.19,86460.73,81689.88,67925.9,66600.0,67592.0,67401.5,220272.837
1729209600,81689.88,89370.25,81689.88,86390.15,69000.0,67165.0,67401.5,68407.8,245301.761
1729296000,85912.44,87259.44,86390.15,86747.85,68684.9,68000.0,68407.8,68357.1,68632.108
1729382400,86269.58,88008.68,86747.85,86607.14,69425.8,68069.8,68357.1,69020.1,105939.492
1729468800,86131.59,90179.5,86607.14,86947.83,69566.0,66865.9,69020.2,67368.8,253437.333
1729555200,85929.53,87788.38,86947.83,86930.44,67825.0,66536.5,67368.7,67406.4,218518.977
1729641600,83880.87,87942.14,86930.44,84243.06,67449.0,65222.3,67406.5,66647.2,248215.058
1729728000,83506.87,86258.56,84243.06,85470.82,68842.5,66482.0,66647.3,68173.8,212340.722
1729814400,79943.1,86047.77,85470.82,80095.98,68748.0,65557.2,68173.8,66662.8,348511.871
1729900800,79904.24,81827.33,80095.98,80972.17,67450.0,66414.1,66662.7,67071.8,94169.992
1729987200,80886.17,82258.98,80972.17,82208.52,68306.1,66909.4,67071.9,67992.6,88468.808
1730073600,81988.44,89114.89,82208.52,89114.89,70331.0,67584.2,67992.7,69940.0,256128.622
1730160000,88841.82,93435.77,89114.89,90244.82,73660.0,69733.0,69939.9,72739.5,382502.06
1730246400,87785.98,90926.43,90244.82,89315.34,72984.9,71444.2,72739.5,72349.0,227108.808
1730332800,88894.98,91639.79,89315.34,89547.08,72720.3,69705.0,72349.0,70321.9,256485.328
1730419200,83657.37,90871.01,89547.08,84093.33,71650.0,68822.5,70321.9,69495.5,352591.088
1730505600,83928.88,85988.7,84093.33,85854.96,69913.1,69022.8,69495.4,69366.6,79314.105
1730592000,82464.73,86690.75,85854.96,82985.13,69393.7,67446.6,69366.6,68762.5,226477.376
1730678400,82565.64,85972.03,82985.13,84137.89,69495.3,66810.0,68762.5,67834.3,244912.166
1730764800,82456.89,84755.58,84137.89,82909.61,70537.4,67454.2,67834.4,69353.1,273070.87
1730851200,82137.4,91371.31,82909.61,89444.32,76420.0,69272.7,69353.1,75579.9,677440.286
1730937600,88300.11,90319.7,89444.32,88614.62,76900.0,74450.0,75579.9,75859.4,280675.033
1731024000,88268.17,92124.95,88614.62,89973.35,77182.9,75576.3,75859.4,76482.2,230370.324
1731110400,87267.91,89984.08,89973.35,87462.86,76920.0,75683.2,76482.2,76675.1,117754.034
1731196800,84423.26,89111.73,87462.86,85951.32,81699.8,76501.1,76675.1,80410.0,417426.899
1731283200,84950.31,91081.89,85951.32,84950.31,89800.0,80261.2,80409.9,88728.9,614141.662
1731369600,83273.47,88449.91,84950.31,84314.81,90070.1,85159.9,88729.0,87972.0,639481.584
1731456000,83026.29,87677.32,84314.81,83026.29,93421.1,86180.0,87972.0,90413.3,555288.297
1731542400,82967.82,86582.42,83026.29,85965.52,91846.1,86714.0,90413.3,87382.7,364621.68
1731628800,83569.38,86406.17,85965.52,84835.88,91921.5,87111.0,87382.6,91074.6,314431.908
1731715200,83887.88,85533.33,84835.88,84679.91,91849.8,90120.0,91074.6,90643.3,129023.447
1731801600,84033.82,86400.62,84679.91,84050.43,91539.6,88736.1,90643.2,89899.9,167504.792
1731888000,82858.02,86528.24,84050.43,84964.76,92700.0,89422.1,89900.0,90507.4,333557.11
1731974400,83035.62,90441.67,84964.76,85473.22,93985.9,90405.6,90507.4,92335.9,303532.031
1732060800,84053.86,92607.04,85473.22,89561.55,94849.0,91500.0,92335.9,94288.0,290044.227
1732147200,88783.45,91738.43,89561.55,89315.71,99100.0,94008.7,94288.0,98366.8,418383.136
1732233600,88937.28,92949.81,89315.71,90665.47,99660.0,97199.9,98366.8,98921.4,265774.067
1732320000,89929.43,91187.81,90665.47,90280.16,98937.3,97173.5,98921.5,97725.5,120358.422
1732406400,87497.22,90316.05,90280.16,87506.41,98666.0,95822.1,97725.6,97960.4,173118.84
1732492800,87030.77,91974.33,87506.41,90386.93,98999.0,92666.0,97960.5,93064.0,329375.021
1732579200,87089.71,90918.75,90386.93,87582.17,95064.0,90866.4,93064.0,92021.4,344929.233
1732665600,86144.67,89448.5,87582.17,86144.67,97250.0,91864.0,92021.5,95905.2,237005.987
1732752000,85653.06,87560.7,86144.67,85986.47,96627.6,94700.1,95905.2,95694.4,154007.026
1732838400,85448,90056.94,85986.47,87999.15,98713.3,95404.5,95694.4,97516.3,190520.949
1732924800,86596.19,88183.85,87999.15,86886.8,97522.1,96150.0,97516.2,96475.1,93074.218
1733011200,86204.09,87583,86886.8,86611.76,97933.0,95736.5,96475.2,97265.1,113222.99
1733097600,86203.06,89258.43,86611.76,86360.44,98266.0,94400.0,97265.0,95890.5,257613.911
1733184000,86336.56,88323.57,86360.44,87478.36,96375.0,93605.0,95890.6,95913.3,206601.98
1733270400,86897.04,92672.04,87478.36,92672.04,99099.9,94650.8,95913.3,98669.8,275949.205
1733356800,91796.34,98008.33,92672.04,92222.65,104630.4,90200.0,98669.8,97001.5,580277.391
1733443200,88985.5,92647.76,92222.65,89424.86,101988.8,96429.5,97001.6,99802.5,282369.608
1733529600,88563.67,90260.92,89424.86,88606.1,100499.0,98876.9,99802.5,99899.2,95858.658
1733616000,88425.92,90028.99,88606.1,89369.93,101457.9,98709.4,99899.2,101200.0,109755.676
1733702400,88485.29,90806.74,89369.93,89931.81,101300.0,94039.7,101200.1,97349.1,326973.59
1733788800,87430.69,90138.95,89931.81,87743.4,98320.6,94265.5,97349.1,96602.4,291490.744
1733875200,87659.74,94331.88,87743.4,92932.68,101880.0,95650.0,96602.3,101115.3,221807.705
1733961600,91619.49,94701.2,92932.68,91664.94,102538.4,99280.2,101115.3,99982.4,215219.075
1734048000,90031.02,93017.44,91664.94,92006.98,101869.5,99149.6,99982.3,101371.9,152437.318
1734134400,91912.09,93491.53,92006.98,92605.91,102638.0,100559.8,101371.9,101381.0,107680.549
1734220800,92327.4,99444.13,92605.91,98889.58,105374.6,101200.1,101381.0,104460.4,157733.916
1734307200,93016.44,99550.59,98889.58,93131.38,107777.0,103264.6,104460.5,106023.2,274395.756
1734393600,92333.57,96511.65,93131.38,92348.22,108366.8,105252.0,106023.2,106074.6,197773.912
1734480000,90216.66,93175.02,92348.22,92463.7,106484.6,99951.1,106074.6,100181.1,328581.935
1734566400,90468.85,93623.49,92463.7,91563.65,102756.7,95681.2,100181.2,97434.4,372968.463
1734652800,88679.36,95944.78,91563.65,89105.58,98243.0,92272.6,97434.3,97764.4,396188.795
1734739200,86585.67,89442.98,89105.58,87817.16,99485.0,96375.0,97764.5,97261.8,161258.48
1734825600,86637.71,88590.2,87817.16,86862.42,97437.9,94200.0,97261.7,95153.5,148114.735
1734912000,86797.91,91068.65,86862.42,90258.83,96499.0,92464.4,95153.4,94861.1,247211.855
1734998400,89716.41,92573.96,90258.83,91743.75,99450.0,93525.6,94861.0,98627.2,211610.632
1735084800,91099.44,92438.04,91743.75,91863.89,99580.7,97570.0,98626.9,99379.7,124696.892
1735171200,88764.24,92108.86,91863.89,89323.62,99950.0,95153.0,99379.6,95751.0,194857.651
1735257600,88303.81,90427.89,89323.62,89655.86,97564.5,93440.0,95750.9,94258.9,206008.243
1735344000,89461.17,90868.91,89655.86,90694.42,95700.0,94100.0,94258.9,95259.1,67991.349
1735430400,89580.66,91392.47,90694.42,89932.06,95300.0,92961.8,95259.1,93700.0,95047.934
1735516800,89818.8,93148.2,89932.06,90900.25,95031.6,91510.0,93699.9,92759.3,222343.593
1735603200,90201.41,93410.72,90900.25,91235.02,96254.3,92000.0,92759.3,93548.9,178648.116
1735689600,90769.4,92641.65,91235.02,92288.42,95161.2,92796.5,93548.8,94580.9,91236.66
1735776000,91734.96,94563.22,92288.42,91928.11,97822.4,94357.4,94580.9,96967.5,181645.495
1735862400,90288.26,92151.54,91928.11,90571.76,98949.0,96061.5,96967.6,98145.7,125220.674
1735948800,87403.58,90618.91,90571.76,87454.11,98760.9,97438.2,98145.7,98173.2,71914.634
1736035200,87431.64,90145.46,87454.11,90092.2,98852.6,97227.0,98173.2,98340.2,74949.289
1736121600,90092.2,94647.23,90092.2,93902.57,102444.0,97872.6,98340.2,102180.4,207493.329
1736208000,89845.79,93961.73,93902.57,92129.72,102762.1,96153.0,102180.5,96920.3,258711.309
1736294400,89949.73,92602.41,92129.72,90705.94,97242.2,92500.0,96920.2,95014.1,262012.113
1736380800,87279.16,91559.63,90705.94,87390.49,95358.7,91055.8,95014.0,92505.9,257760.902
1736467200,87390.49,89728.06,87390.49,88466.68,95882.5,92173.6,92506.0,94675.5,261942.954
1736553600,87622.12,88581.74,88466.68,87661.82,94988.0,93802.1,94675.6,94562.5,64661.763
1736640000,87487.79,89012.65,87661.82,87533.95,95444.0,93661.1,94562.4,94499.9,77298.133
1736726400,83614.06,90940.64,87533.95,83844.35,95934.5,88909.0,94499.9,94485.3,361150.49
1736812800,83844.35,86237.65,83844.35,84489.13,97353.9,94305.4,94485.4,96514.9,212859.661
1736899200,84470.02,87565.04,84489.13,86634.07,100658.9,96450.2,96514.9,100460.0,222417.566
1736985600,84986.67,87116.7,86634.07,86229.62,100850.0,97293.6,100460.0,99937.4,216802.52
1737072000,85880.5,91573.22,86229.62,90555.31,105784.0,99902.0,99937.4,104042.5,249449.969
1737158400,87476.58,90699.24,90555.31,87809.62,104962.1,102242.8,104042.6,104524.3,167940.092
1737244800,83940.6,90490.56,87809.62,84083.15,106450.0,99600.0,104524.3,101311.5,280949.178
1737331200,83167.19,88472.6,84083.15,84054.76,110000.0,99501.0,101311.5,102247.6,530508.18
1737417600,83988.85,87154.2,84054.76,86597.35,107241.6,100097.2,102247.7,106114.5,273296.828
1737504000,83820.74,86597.35,86597.35,83827.97,106390.0,103211.6,106115.4,103664.9,151243.528
1737590400,80414.09,86623.03,83827.97,80451.54,106840.2,101211.0,103664.9,103864.1,418154.019
1737676800,80085.38,83953.5,80451.54,82341.46,107076.5,102680.0,103864.0,104808.1,165746.95
1737763200,80941.15,82473.74,82341.46,81551.93,105274.7,104040.6,104808.0,104702.0,65630.163
1737849600,81384.02,83000.87,81551.93,81646.02,105496.9,102450.3,104702.0,102560.1,75787.087
1737936000,81646.02,87181.32,81646.02,84001.04,103216.5,97680.0,102560.0,102021.3,325689.874
1738022400,80273.36,84001.04,84001.04,80356.33,103797.0,100235.0,102021.3,101279.6,169917.261
1738108800,80154.18,81839.31,80356.33,81401.04,104755.0,101269.7,101279.7,103698.2,169989.952
1738195200,81192.02,85354.12,81401.04,83002.93,106450.0,103224.5,103698.1,104676.9,136967.4
1738281600,81518.59,84316.38,83002.93,83384.24,106000.0,101509.0,104676.9,102379.7,172237.817
1738368000,82762.52,84262.2,83384.24,84239.33,102734.9,100215.0,102379.8,100603.6,90863.091
1738454400,82718.31,84936.12,84239.33,83570.34,101426.0,96029.6,100603.6,97664.5,232934.693
1738540800,78060.06,83802.81,83570.34,78320.27,102456.0,91130.3,97664.5,101293.7,455088.034
1738627200,74870.9,79633.96,78320.27,74875.75,101729.3,96100.0,101293.6,97709.9,262746.203
1738713600,74808.02,77702.45,74875.75,76433.27,99124.2,96106.1,97710.0,96553.2,151379.666
1738800000,74977.23,77145.1,76433.27,75206.26,99093.0,95613.5,96553.2,96515.1,161521.013
1738886400,74467.64,77877.38,75206.26,75992.71,100112.4,95555.0,96515.0,96454.5,223373.629
1738972800,75204.29,77860.22,75992.71,76261.56,96850.0,95600.0,96454.5,96411.9,69050.432
1739059200,74398.63,76308.55,76261.56,74484.34,97301.7,94650.1,96412.0,96423.6,101177.286
1739145600,73990.75,77161.18,74484.34,75990.25,98328.0,95200.1,96423.6,97379.2,132932.545
1739232000,75760.61,80035.92,75990.25,79155.32,98482.2,94814.3,97379.2,95731.4,154832.904
1739318400,77222.32,80527.53,79155.32,78373.97,98090.9,94003.9,95731.4,97816.3,202448.079
1739404800,77767.86,79563.39,78373.97,78469.85,98053.8,95160.1,97816.3,96560.6,142240.526
1739491200,76972.1,79741.6,78469.85,76972.1,98792.8,96225.7,96560.6,97445.1,144452.957
1739577600,76573.44,77307.32,76972.1,76886.02,97941.2,97170.0,97445.2,97538.0,47418.593
1739664000,75967.61,77014.42,76886.02,76114.23,97665.8,96002.0,97538.0,96067.0,56684.873
1739750400,76041.82,78248.89,76114.23,76978.48,97000.0,95150.6,96067.0,95743.2,105576.986
1739836800,76975.74,84356.5,76978.48,82030.53,96737.3,93321.6,95743.1,95622.0,179173.362
1739923200,77697.65,82030.53,82030.53,77709.08,96878.7,95012.5,95622.0,96598.0,124996.873
1740009600,77670.85,82664.47,77709.08,82418.88,98662.1,96366.0,96597.9,98252.9,129180.172
1740096000,79046.95,82444.22,82418.88,81285.62,99431.5,94830.4,98252.8,96127.9,250618.273
1740182400,79571.82,81825.22,81285.62,79661.64,96988.0,95701.9,96128.0,96503.3,65792.15
1740268800,79314.9,81091.48,79661.64,80418.46,96602.9,95180.2,96503.3,96218.4,69298.691
1740355200,80330.86,90337.88,80418.46,90337.88,96470.0,91300.0,96218.4,91514.5,217488.75
1740441600,85131.86,93393.14,90337.88,85167.99,92500.0,86020.4,91514.5,88639.1,472296.502
1740528000,82064.43,87485.51,85167.99,82329.59,89367.1,82222.0,88639.1,84208.5,401141.821
1740614400,79251.97,82749.67,82329.59,82500.45,87066.0,82667.0,84208.6,84668.1,269408.53
1740700800,78921.67,84280.06,82500.45,78961.26,85084.5,78200.2,84668.2,84299.6,536343.231
1740787200,78331.63,80711.23,78961.26,78475.8,86516.5,83779.0,84299.6,86007.7,146996.671
1740873600,76274.42,80739.19,78475.8,79045.44,94971.0,85015.0,86007.7,94222.8,364711.538
1740960000,70716.7,79091.99,79045.44,71171.18,94373.4,85029.0,94222.0,86192.7,436032.402
1741046400,67480.97,72657.08,71171.18,67716.05,88931.0,81200.0,86193.3,87245.9,432434.798
1741132800,67716.05,71490.22,67716.05,69807.82,91000.0,86328.0,87245.9,90566.1,279001.09
1741219200,68495.04,71589.47,69807.82,68748.38,92780.3,87790.5,90566.1,89887.8,303058.632
1741305600,67595.33,70558.09,68748.38,69109.27,91257.7,84600.0,89887.9,86753.8,452474.195
1741392000,68228.1,70109.48,69109.27,68469.59,86876.5,85108.0,86753.8,86184.7,96106.187
1741478400,68416.3,71897.41,68469.59,70092.17,86470.6,79933.4,86184.7,80688.8,221609.348
1741564800,68161.02,70696.38,70092.17,69634.49,84031.5,77410.1,80690.7,78567.8,416386.797
1741651200,68797.88,71563.9,69634.49,69968.3,83600.0,76560.0,78567.8,82896.0,390779.169
1741737600,68747.89,71286.86,69968.3,68953.56,84487.0,80578.5,82896.0,83640.7,306171.124
1741824000,68953.56,72306.4,68953.56,72027.93,84307.1,79903.4,83640.7,81085.4,247960.052
1741910400,70541.87,74560.12,72027.93,72974,85270.2,80772.0,81085.5,83939.8,233544.708
1741996800,70620.47,73165.82,72974,70620.47,84625.0,83564.5,83939.9,84302.9,76674.97
1742083200,68430.97,71401.63,70620.47,68524.29,85136.0,81925.6,84303.0,82541.6,174630.7
1742169600,68489.39,71259.16,68524.29,71098.41,84727.1,82384.0,82541.6,83962.9,182662.082
1742256000,69179.42,71766.81,71098.41,70450.26,83979.8,81113.5,83963.0,82666.1,188897.749
1742342400,69204.28,76189.01,70450.26,76189.01,86990.0,82501.8,82666.2,86809.8,251961.741
1742428800,70571.05,77209.35,76189.01,70732.86,87500.0,83613.6,86809.8,84183.6,242943.492
1742515200,69659.57,71445.78,70732.86,70731.56,84813.6,83122.0,84183.6,84050.3,144422.271
1742601600,70126.5,71246.97,70731.56,70127.52,84509.0,83589.5,84050.3,83804.9,52218.652
1742688000,69938.13,72870.25,70127.52,72870.25,86110.9,83761.2,83804.9,86044.2,90899.873
1742774400,72814.08,79740.64,72870.25,77225.38,88752.0,85478.3,86044.1,87463.4,210907.484
1742860800,74140.52,77227.7,77225.38,75023.15,88500.0,86260.0,87463.4,87369.8,173505.289
1742947200,70197.01,75064.55,75023.15,70459.64,88270.2,85816.3,87369.9,86873.8,187956.695
1743033600,70232.92,72366.03,70459.64,70730.25,87722.4,85724.5,86873.9,87191.2,163451.689
1743120000,69722.12,74245.02,70730.25,73853.63,87470.0,83531.7,87191.2,84380.8,222284.56
1743206400,70419.83,73882.95,73853.63,71043.2,84589.7,81601.0,84380.8,82604.7,135513.705
1743292800,69500.71,71317.61,71043.2,69931.72,83490.0,81501.4,82604.8,82352.8,109565.925
1743379200,68651.32,71272.09,69931.72,68839.8,83895.8,81222.0,82353.1,82517.5,212064.576
1743465600,68805.73,71949.13,68839.8,71536.19,85595.5,82383.3,82517.5,85120.9,197263.176
