l,o,t,c,h,volume,high,close,open,low
-0.038971,-0.038971,1585526400,-0.003819,-0.001359,387321.998,6606.15,6391.08,5876.27,5850.0
-0.022323,-0.005167,1585612800,-0.009238,-0.005167,262522.644,6516.63,6407.1,6389.52,6320.0
-0.048596,-0.009083,1585699200,-0.031363,-0.009083,390529.602,6693.0,6641.51,6407.1,6140.0
-0.01944,-0.01944,1585785600,0.007395,0.01,531321.428,7290.0,6791.63,6641.22,6542.73
0.000185,0.009,1585872000,0.008901,0.01,411944.927,7049.11,6729.8,6791.65,6600.0
-0.020881,0.006264,1585958400,-0.0091,0.007604,319849.757,7020.0,6851.1,6729.8,6629.99
-0.004504,-0.004504,1586044800,0.001017,0.01,239224.508,6893.44,6768.9,6851.4,6668.02
-0.011618,0.002587,1586131200,-0.011255,0.01,461331.013,7370.0,7325.73,6768.9,6760.0
-0.013141,-0.013141,1586217600,-0.003435,0.01,419572.04,7457.0,7192.9,7325.73,7070.43
-0.002784,-0.002784,1586304000,0.01,0.01,332599.575,7417.83,7357.66,7192.9,7145.14
-0.010555,0.01,1586390400,-0.004102,0.01,293638.581,7365.69,7278.65,7357.15,7105.98
-0.006107,-0.004864,1586476800,0.01,0.01,440148.453,7290.0,6857.82,7278.83,6741.0
0.01,0.01,1586563200,0.01,0.01,224157.844,6944.28,6874.18,6858.0,6757.29
0.000613,0.01,1586649600,0.006753,0.01,321594.822,7173.98,6900.52,6874.17,6775.66
-0.02271,0.007767,1586736000,-0.001489,0.007767,421954.773,6900.99,6834.0,6900.19,6558.0
-0.026173,-0.001373,1586822400,-0.016122,0.01,280445.427,6975.6,6864.11,6834.01,6751.0
-0.0152,-0.012871,1586908800,-0.010075,0.01,281136.689,6929.0,6616.89,6864.11,6602.59
-0.045959,-0.00717,1586995200,0.003068,0.01,559868.603,7190.92,7098.15,6616.88,6465.33
-0.014311,0.005771,1587081600,-0.005297,0.005771,277339.601,7140.0,7022.44,7098.15,6981.0
-0.020346,-0.00325,1587168000,-0.017521,-0.00325,225807.171,7290.0,7242.42,7022.0,7008.11
-0.019053,-0.019053,1587254400,-0.004791,0.01,216975.114,7258.42,7118.03,7242.49,7055.0
-0.009796,-0.00139,1587340800,-0.009796,0.01,445104.981,7208.55,6825.29,7118.04,6735.95
-0.013007,-0.009253,1587427200,0.002279,0.01,288024.528,6940.0,6838.0,6825.28,6759.16
-0.032365,-0.002696,1587513600,-0.02234,-0.002291,306482.163,7154.9,7120.06,6838.0,6812.57
-0.026666,-0.022409,1587600000,0.01,0.01,472510.047,7802.38,7483.35,7120.06,7020.0
0.01,0.01,1587686400,0.01,0.01,278378.368,7612.91,7504.11,7483.36,7388.0
0.01,0.01,1587772800,0.01,0.01,243266.807,7722.33,7534.01,7504.62,7433.0
0.006402,0.01,1587859200,0.01,0.01,269921.936,7709.57,7694.17,7534.01,7476.86
0.01,0.01,1587945600,0.01,0.01,290336.169,7795.6,7774.0,7693.63,7623.98
0.01,0.01,1588032000,0.01,0.01,217652.761,7780.0,7735.75,7774.0,7662.49
0.01,0.01,1588118400,0.014798,0.014798,871197.569,8988.66,8784.2,7735.76,7710.0
0.01,0.013479,1588204800,0.023533,0.097931,944211.711,9479.77,8624.76,8784.05,8400.0
0.01,0.021243,1588291200,0.01,0.038349,417820.386,9065.0,8830.52,8623.61,8619.84
0.01,0.01,1588377600,0.01,0.010246,295769.728,9020.0,8975.18,8830.52,8755.01
0.01,0.01,1588464000,0.01405,0.023043,451322.713,9200.0,8900.0,8975.18,8727.24
0.01,0.012098,1588550400,0.01,0.012098,440135.307,8954.94,8873.98,8899.99,8526.0
0.01,0.01,1588636800,0.01,0.02696,409920.13,9118.17,9022.78,8873.99,8766.12
0.01,0.01,1588723200,0.01,0.036089,507753.8,9405.0,9148.27,9022.76,8916.01
0.01,0.01,1588809600,0.01,0.01,738920.219,10080.0,9995.0,9148.29,9022.0
0.01583,0.01583,1588896000,0.044799,0.062978,458034.211,10045.03,9807.49,9994.74,9726.0
0.037932,0.042002,1588982400,0.040744,0.078419,411941.957,9923.98,9550.67,9809.63,9528.23
0.01,0.04223,1589068800,0.01,0.04223,842909.031,9580.0,8719.53,9550.25,7940.0
0.01,0.01,1589155200,0.01,0.01,805164.964,9164.0,8561.09,8723.23,8151.12
0.01,0.01,1589241600,0.01,0.01,369716.041,8981.0,8808.71,8560.73,8520.43
0.01,0.01,1589328000,0.01,0.01,379719.0,9397.0,9305.91,8808.71,8790.04
0.01,0.01,1589414400,0.01,0.01,602528.438,9950.0,9786.8,9305.91,9250.66
0.004838,0.01,1589500800,0.01,0.01,504107.096,9843.5,9310.73,9787.62,9100.0
0.01,0.01,1589587200,0.01,0.01,287768.201,9585.0,9374.99,9311.21,9210.03
0.000645,0.007998,1589673600,0.01,0.01,300859.34,9880.0,9678.57,9374.99,9317.16
-0.006572,0.01,1589760000,0.01,0.01,363732.37,9958.67,9731.1,9677.31,9450.0
0.007861,0.01,1589846400,0.01,0.01,376313.845,9900.0,9773.64,9731.11,9462.0
-0.010638,0.01,1589932800,-0.010638,0.01,334423.59,9838.0,9508.11,9772.66,9281.42
-0.009136,-0.009136,1590019200,0.001598,0.01,461439.193,9573.0,9060.0,9508.0,8812.2
-0.011107,-0.005048,1590105600,-0.000224,0.008211,276008.073,9259.38,9166.4,9060.0,8920.0
-0.00463,-0.002073,1590192000,0.01,0.01,201589.66,9300.0,9176.41,9166.43,9076.9
0.006598,0.01,1590278400,0.01,0.01,339643.378,9294.44,8711.37,9176.32,8674.0
-0.007396,0.007045,1590364800,-0.003821,0.007045,302980.106,8977.0,8895.65,8711.37,8623.38
-0.002313,-0.00015,1590451200,0.000243,0.01,275619.158,9011.82,8837.05,8895.66,8693.18
-0.01946,0.002138,1590537600,-0.013083,0.01,272253.998,9230.0,9197.32,8837.88,8811.0
-0.013975,-0.01135,1590624000,0.003822,0.01,327412.374,9621.65,9569.59,9197.32,9110.97
-0.000708,0.002578,1590710400,0.01,0.01,238691.299,9598.0,9422.26,9569.58,9317.42
0.01,0.01,1590796800,0.01,0.01,255234.058,9753.0,9695.0,9422.11,9326.01
0.01,0.01,1590883200,0.01,0.01,219829.356,9698.0,9446.43,9694.38,9371.76
-0.005364,0.01,1590969600,0.00065,0.01,333740.457,10497.25,10232.48,9446.49,9420.85
0.01,0.031864,1591056000,0.01,0.184458,354168.517,10262.3,9514.9,10232.41,9264.15
0.002677,0.01,1591142400,0.01,0.01,185389.412,9694.75,9663.59,9514.9,9382.33
0.01,0.01,1591228800,0.01,0.01,264515.319,9884.0,9788.33,9663.58,9440.0
0.01,0.01,1591315200,0.01,0.01,237103.042,9855.0,9617.29,9788.32,9580.52
0.01,0.01,1591401600,0.01,0.01,152526.703,9738.77,9664.0,9616.64,9528.0
0.01,0.01,1591488000,0.01,0.01,253986.313,9823.13,9743.92,9664.01,9373.0
0.01,0.01,1591574400,0.01,0.01,162086.419,9816.0,9778.87,9743.92,9631.0
0.01,0.01,1591660800,0.01,0.01,204422.819,9890.0,9771.66,9778.87,9550.03
0.01,0.01,1591747200,0.01,0.01,193628.149,10015.99,9884.99,9771.66,9681.21
0.01,0.01,1591833600,0.01,0.01,404046.613,9970.1,9278.03,9884.99,9055.07
-0.003799,0.01,1591920000,-0.000982,0.01,211611.34,9550.0,9458.91,9277.72,9238.0
-0.002462,-0.00191,1592006400,0.008954,0.01,113449.075,9497.85,9468.54,9458.77,9340.0
-0.000945,0.007077,1592092800,0.01,0.01,143978.523,9477.0,9339.61,9468.55,9240.97
-0.020132,0.01,1592179200,-0.018731,0.01,413865.727,9490.83,9422.01,9339.7,8888.43
-0.015328,-0.015328,1592265600,0.01,0.01,225713.247,9595.0,9519.12,9422.01,9370.0
-0.008551,0.007814,1592352000,-0.005655,0.00923,227477.39,9569.0,9458.45,9519.13,9231.03
-0.017627,-0.010005,1592438400,0.003281,0.01,158349.247,9483.85,9381.59,9458.45,9272.41
-0.001095,-0.000068,1592524800,0.01,0.01,219510.059,9453.0,9307.0,9381.99,9239.0
-0.003331,0.01,1592611200,-0.002341,0.01,154462.29,9394.29,9354.04,9307.0,9165.0
-0.009187,-0.003037,1592697600,0.01,0.01,110599.558,9420.47,9293.51,9353.84,9279.0
0.005954,0.01,1592784000,0.01,0.01,260561.647,9795.0,9686.99,9293.39,9273.0
0.01,0.01,1592870400,0.01,0.01634,164673.499,9723.23,9631.66,9686.99,9585.0
0.01,0.011286,1592956800,0.01,0.01464,300450.251,9678.0,9298.4,9631.65,9210.0
0.003792,0.01,1593043200,0.008601,0.01,272566.502,9350.9,9246.75,9298.78,9005.0
0.009401,0.009401,1593129600,0.01,0.01,249348.67,9297.16,9159.99,9246.75,9038.52
0.01,0.01,1593216000,0.01,0.01,237840.165,9195.75,9008.0,9159.99,8816.4
0.004079,0.01,1593302400,0.01,0.01,153842.891,9188.0,9114.0,9008.0,8932.68
0.005355,0.01,1593388800,0.01,0.01,176660.525,9233.0,9189.48,9114.01,9022.0
0.01,0.01,1593475200,0.01,0.01,143469.832,9205.0,9138.87,9189.99,9063.97
0.01,0.01,1593561600,0.01,0.01,161642.185,9293.0,9233.29,9138.88,9090.0
0.01,0.01,1593648000,0.01,0.01,230747.519,9262.99,9087.72,9233.29,8936.0
0.01,0.01,1593734400,0.01,0.01,96947.338,9124.52,9057.52,9087.72,9036.06
0.01,0.01,1593820800,0.01,0.01,100215.438,9194.0,9137.18,9058.07,9042.84
0.01,0.01,1593907200,0.01,0.01,139545.566,9146.35,9071.86,9137.18,8900.0
0.01,0.01,1593993600,0.01,0.01,199643.828,9379.0,9339.6,9071.87,9058.1
0.01,0.01,1594080000,0.01,0.01,127833.975,9380.0,9258.51,9339.59,9201.23
0.01,0.01,1594166400,0.01,0.01,170243.001,9470.0,9436.08,9258.51,9233.47
0.01,0.01,1594252800,0.01,0.01,188355.856,9440.81,9236.28,9436.08,9164.33
0.01,0.01,1594339200,0.01,0.01,140849.874,9317.24,9288.39,9236.29,9121.42
0.01,0.01,1594425600,0.01,0.01,74976.521,9301.74,9233.5,9288.39,9178.91
0.01,0.01,1594512000,0.01,0.01,127841.882,9349.0,9300.69,9233.5,9155.0
0.01,0.01,1594598400,0.01,0.01,136117.659,9345.0,9241.2,9300.7,9200.0
0.01,0.01,1594684800,0.01,0.01,129704.278,9279.0,9254.17,9241.18,9116.0
0.01,0.01,1594771200,0.01,0.01,104107.708,9272.56,9197.3,9254.17,9156.0
0.01,0.01,1594857600,0.01,0.01,148089.45,9223.0,9132.0,9197.75,9044.02
0.01,0.01,1594944000,0.01,0.01,80940.584,9187.0,9151.69,9132.0,9087.0
0.01,0.01,1595030400,0.01,0.01,63233.596,9210.0,9171.8,9151.7,9121.98
0.01,0.01,1595116800,0.01,0.01,75554.579,9239.59,9210.51,9171.79,9108.0
0.01,0.01,1595203200,0.01,0.01,72429.691,9221.0,9161.13,9210.68,9131.01
0.01,0.01,1595289600,0.01,0.01,179211.347,9439.6,9388.01,9161.28,9152.62
0.01,0.01,1595376000,0.01,0.01,126598.902,9543.0,9518.25,9388.0,9272.0
0.01,0.01,1595462400,0.01,0.01,166990.147,9678.32,9604.41,9518.25,9439.86
0.01,0.01,1595548800,0.01,0.01,133975.068,9650.0,9539.7,9604.41,9470.0
0.01,0.01,1595635200,0.01,0.01,133377.589,9735.1,9701.49,9539.7,9526.31
0.01,0.01,1595721600,0.050774,0.070115,261998.786,10300.0,9939.69,9701.54,9655.2
0.047138,0.047138,1595808000,0.062657,0.10396,744752.4,11488.0,11047.58,9939.68,9928.61
0.090405,0.139155,1595894400,0.090405,0.186543,499486.679,11270.0,10919.94,11047.58,10580.0
0.055147,0.083655,1595980800,0.061433,0.083655,356188.761,11364.8,11113.03,10919.94,10844.34
0.061684,0.061684,1596067200,0.087761,0.087761,230327.988,11195.52,11111.96,11113.01,10826.55
0.030782,0.08274,1596153600,0.030782,0.08274,307399.731,11450.42,11343.68,11111.97,10971.78
0.020132,0.028014,1596240000,0.110454,0.11581,386322.642,11887.45,11811.42,11343.67,11201.0
0.024752,0.095912,1596326400,0.025553,0.095912,492803.351,12154.25,11079.72,11811.43,10490.0
0.024934,0.025859,1596412800,0.03614,0.055653,238654.591,11483.0,11227.07,11080.7,10923.0
0.017428,0.031314,1596499200,0.017428,0.043668,200044.934,11427.38,11200.05,11227.07,11025.0
0.01,0.013862,1596585600,0.039291,0.039291,263510.011,11798.56,11752.5,11200.06,11103.0
0.034542,0.038865,1596672000,0.034542,0.042478,236459.595,11916.02,11770.56,11752.5,11571.78
0.01,0.031833,1596758400,0.01,0.031833,273935.127,11920.0,11596.06,11769.97,11318.93
0.01,0.01,1596844800,0.01,0.01,154707.303,11819.0,11765.72,11596.26,11513.69
0.01,0.01,1596931200,0.01,0.023643,125463.463,11811.0,11685.99,11765.72,11526.9
0.01,0.01,1597017600,0.019972,0.140816,290418.014,12100.0,11896.89,11685.99,11384.9
0.01,0.013633,1597104000,0.01,0.070469,336861.638,11944.0,11392.64,11896.86,11127.0
0.01,0.01,1597190400,0.01,0.01,213799.491,11630.0,11568.36,11392.64,11140.0
0.01,0.01,1597276800,0.014496,0.014718,248214.725,11798.0,11790.0,11568.37,11272.0
0.01,0.017407,1597363200,0.01,0.044052,159019.959,11868.42,11767.89,11790.0,11644.6
0.01,0.01,1597449600,0.019839,0.037028,222262.987,11993.58,11859.04,11767.89,11682.0
0.01,0.01564,1597536000,0.023686,0.060036,165733.721,11945.0,11921.23,11858.91,11688.0
0.026082,0.026082,1597622400,0.14086,0.180724,331435.112,12499.42,12298.06,11921.32,11780.0
0.077258,0.120684,1597708800,0.082692,0.120684,291349.888,12403.0,11960.79,12298.06,11810.0
0.022795,0.077287,1597795200,0.025481,0.079658,313267.066,12037.05,11763.87,11962.03,11574.78
0.01,0.024219,1597881600,0.01,0.024219,130981.044,11888.0,11857.92,11763.88,11676.03
0.01,0.01,1597968000,0.01,0.012744,195106.536,11882.68,11538.53,11858.53,11491.0
0.01,0.01,1598054400,0.01,0.01,126696.73,11689.08,11670.47,11538.53,11385.06
0.01,0.01,1598140800,0.01,0.01,95608.033,11724.0,11654.0,11670.48,11522.15
0.01,0.01,1598227200,0.01,0.01,108781.125,11831.96,11753.3,11654.0,11595.0
0.01,0.01,1598313600,0.031118,0.06272,267234.771,11770.0,11327.17,11753.29,11130.0
0.01,0.023706,1598400000,0.01,0.023706,170305.024,11548.68,11466.22,11327.18,11255.95
0.01,0.01,1598486400,0.01,0.01,253778.342,11593.0,11335.53,11466.22,11130.82
0.01,0.01,1598572800,0.01,0.01,129477.627,11544.88,11526.85,11335.83,11283.19
0.01,0.01,1598659200,0.01,0.01,83715.229,11582.0,11466.66,11526.85,11419.34
0.01,0.01,1598745600,0.01,0.01,113266.672,11724.12,11714.14,11466.27,11457.88
0.01,0.01,1598832000,0.011255,0.024382,127272.378,11784.21,11658.11,11714.13,11575.78
0.01,0.01,1598918400,0.038309,0.052217,211680.828,12061.07,11930.18,11658.11,11531.34
0.019495,0.032642,1599004800,0.029287,0.067206,280411.964,11961.0,11396.96,11930.17,11156.0
0.01,0.021394,1599091200,0.016782,0.034362,487812.737,11475.0,10141.08,11396.44,9901.16
0.01,0.01,1599177600,0.01,0.01,432563.841,10635.77,10448.0,10141.4,9878.65
0.01,0.01,1599264000,0.01,0.01,399307.282,10567.87,10168.71,10448.0,9808.58
0.01,0.01,1599350400,0.01,0.01,190207.654,10348.97,10258.13,10168.23,10003.0
0.01,0.01,1599436800,0.01,0.01,258476.949,10420.55,10378.76,10258.13,9879.68
0.01,0.01,1599523200,0.01,0.01,317802.322,10443.79,10129.02,10379.3,9842.01
0.01,0.01,1599609600,0.01,0.01,151222.689,10346.0,10219.29,10130.0,9981.13
0.01,0.01,1599696000,0.01,0.01,187667.873,10484.6,10335.91,10219.29,10211.67
0.01,0.01,1599782400,0.01,0.01,135929.303,10397.85,10387.81,10335.91,10200.8
0.01,0.01,1599868800,0.01,0.01,97429.037,10477.7,10438.28,10387.81,10271.0
0.01,0.01,1599955200,0.01,0.01,159021.843,10580.0,10327.72,10438.29,10209.01
-0.02383,0.01,1600041600,-0.02383,0.01,205260.236,10746.06,10664.1,10327.72,10241.57
-0.023273,-0.022352,1600128000,-0.01005,0.001506,247657.23,10923.42,10776.78,10664.1,10592.0
-0.01116,-0.01116,1600214400,0.000797,0.001445,252881.019,11089.08,10948.17,10776.88,10661.9
-0.001444,-0.00053,1600300800,0.009015,0.009015,186484.361,11040.0,10935.33,10948.16,10740.0
-0.011363,0.009425,1600387200,-0.011363,0.01,136028.351,11035.0,10926.29,10935.97,10810.1
-0.013225,-0.011553,1600473600,-0.007197,-0.003257,126239.232,11177.0,11073.74,10926.3,10880.0
-0.016507,-0.006467,1600560000,-0.010017,-0.003839,150450.562,11073.9,10914.28,11073.2,10751.0
-0.012098,-0.00762,1600646400,0.01,0.01,333047.145,10980.69,10414.73,10915.52,10281.0
0.007663,0.01,1600732800,0.007663,0.01,179900.686,10574.08,10523.32,10414.73,10353.1
-0.006246,0.004413,1600819200,0.002185,0.004413,203027.542,10531.94,10237.91,10523.32,10132.21
-0.022785,0.003818,1600905600,-0.022785,0.007172,241646.573,10837.27,10724.92,10237.91,10191.0
-0.021337,-0.021337,1600992000,0.01,0.01,170930.773,10754.29,10683.51,10724.91,10551.56
0.01,0.01,1601078400,0.01,0.01,109340.491,10827.8,10726.5,10683.5,10642.23
0.01,0.01,1601164800,0.01,0.01,123440.716,10793.5,10768.0,10726.5,10584.0
0.01,0.01,1601251200,0.01,0.01,187105.377,11024.0,10691.45,10768.0,10627.19
0.01,0.01,1601337600,0.01,0.01,146888.319,10863.94,10836.98,10691.94,10631.49
0.00838,0.01,1601424000,0.008512,0.01,132834.116,10845.99,10773.0,10836.99,10660.05
0.001706,0.007464,1601510400,0.001706,0.01,253619.622,10935.14,10612.63,10773.0,10442.0
-0.005137,-0.00016,1601596800,0.01,0.01,224747.037,10660.0,10565.15,10612.62,10371.03
0.000187,0.01,1601683200,0.000187,0.01,76315.911,10596.0,10537.96,10565.44,10491.11
-0.002605,-0.002113,1601769600,-0.001714,0.006048,90912.105,10694.0,10660.16,10537.96,10514.0
-0.009957,-0.003387,1601856000,-0.000735,-0.00011,130589.137,10792.0,10785.0,10660.16,10608.9
-0.010645,-0.0001,1601942400,-0.0007,0.01,184895.25,10792.0,10593.65,10784.99,10510.66
-0.000817,0.00051,1602028800,0.002789,0.006914,106700.522,10675.0,10658.75,10593.65,10540.29
0.001626,0.002741,1602115200,0.006179,0.01,207938.861,10958.0,10919.45,10658.75,10523.0
0.005995,0.006139,1602201600,0.01,0.01,154336.818,11110.0,11050.47,10919.45,10818.44
0.01,0.01,1602288000,0.01,0.01,199398.012,11494.0,11294.79,11050.46,11050.46
0.01,0.01,1602374400,0.01,0.01,146323.076,11450.73,11369.59,11294.78,11273.77
0.01,0.01,1602460800,0.01,0.01,254217.203,11732.0,11530.36,11369.59,11157.0
0.01,0.01,1602547200,0.01,0.01,199115.115,11562.0,11419.36,11530.37,11308.0
0.01,0.01,1602633600,0.01,0.01,192936.97,11550.0,11417.13,11419.36,11280.5
0.01,0.01,1602720000,0.01,0.01,215260.399,11649.48,11502.0,11417.12,11250.0
0.01,0.01,1602806400,0.01,0.01,212339.085,11538.92,11318.92,11502.0,11175.0
0.01,0.01,1602892800,0.01,0.01,95892.966,11424.09,11356.25,11319.51,11250.0
0.01,0.01,1602979200,0.01,0.01,92472.191,11529.93,11501.1,11356.25,11342.54
0.01,0.01,1603065600,0.01,0.01,230161.648,11830.0,11745.0,11501.5,11404.01
0.003597,0.01,1603152000,0.005701,0.01,312811.802,12045.78,11900.03,11744.99,11673.0
-0.007534,0.002389,1603238400,0.01,0.01,591963.069,13240.0,12796.07,11900.03,11876.0
0.01,0.01,1603324800,0.01,0.01,343851.666,13188.27,12968.87,12796.06,12675.5
0.01,0.01,1603411200,0.01,0.01,237042.526,13043.0,12925.82,12970.39,12725.04
0.01,0.01,1603497600,0.01,0.01,176146.631,13177.59,13110.88,12925.82,12871.07
0.01,0.01,1603584000,0.01,0.01,206012.652,13369.0,13023.81,13110.88,12715.0
0.009771,0.01,1603670400,0.01,0.01,316503.296,13240.0,13047.24,13024.21,12729.0
0.003825,0.009363,1603756800,0.003973,0.01,411509.506,13787.83,13629.38,13047.24,13041.3
-0.023567,0.003738,1603843200,-0.023567,0.01,476993.789,13863.0,13256.17,13629.89,12876.0
-0.031366,-0.026049,1603929600,-0.031366,-0.026049,355352.336,13637.22,13446.65,13255.79,12965.0
-0.023909,-0.002751,1604016000,-0.023909,-0.002751,349890.573,13665.65,13549.12,13446.65,13100.0
-0.024694,-0.024694,1604102400,-0.00796,0.008244,357853.23,14140.0,13783.73,13549.12,13403.36
-0.007944,-0.006441,1604188800,0.01,0.01,198395.231,13891.52,13752.86,13783.73,13605.9
-0.013539,0.007941,1604275200,-0.013539,0.01,327991.768,13823.75,13540.54,13752.87,13195.0
-0.020699,-0.017064,1604361600,-0.018495,0.00461,348730.51,14070.0,14016.55,13541.55,13276.33
-0.023791,-0.007816,1604448000,0.01,0.01,451433.42,14280.0,14134.31,14016.55,13512.0
0.006052,0.01,1604534400,0.01,0.01,717489.697,15777.0,15598.75,14134.32,14088.01
0.01,0.01,1604620800,0.022459,0.050977,559380.06,15984.2,15590.96,15598.74,15177.0
0.01,0.024948,1604707200,0.01,0.04438,457582.681,15774.0,14824.34,15590.95,14350.0
0.01,0.01,1604793600,0.01,0.01,290616.393,15678.0,15473.2,14824.33,14710.0
0.01,0.01,1604880000,0.01,0.01,474181.983,15869.0,15328.72,15473.2,14822.0
0.01,0.01,1604966400,0.01,0.01,244073.495,15474.17,15294.68,15328.72,15071.0
0.01,0.01,1605052800,0.010823,0.019557,330772.852,16000.0,15690.24,15294.68,15274.89
0.01,0.01,1605139200,0.01,0.01,471759.126,16345.0,16289.02,15690.24,15437.7
0.01,0.01,1605225600,0.01,0.01,306656.359,16479.99,16320.54,16289.01,15955.6
0.003787,0.01,1605312000,0.01,0.01,266206.937,16326.82,16064.51,16320.54,15700.0
0.01,0.01,1605398400,0.01,0.01,210318.453,16161.23,15952.27,16064.51,15768.0
0.01,0.01,1605484800,0.01,0.01,342459.329,16882.0,16707.07,15951.93,15862.0
0.01,0.01,1605571200,0.022649,0.022649,524094.697,17890.1,17670.01,16707.0,16550.0
0.01,0.021138,1605657600,0.01,0.066689,732937.097,18520.0,17788.32,17670.01,17215.03
0.01,0.01,1605744000,0.043788,0.060202,406500.977,18200.0,17811.68,17788.32,17347.27
0.01,0.03665,1605830400,0.01,0.047552,407926.802,18831.6,18664.31,17811.68,17748.92
0.01,0.01,1605916800,0.084876,0.093435,342412.49,18986.0,18721.99,18662.85,18302.08
0.058853,0.080363,1606003200,0.09515,0.110315,373779.417,18780.0,18435.2,18721.99,17645.98
0.0561,0.101151,1606089600,0.0561,0.119041,364221.378,18812.65,18382.07,18434.17,18013.97
0.049396,0.050801,1606176000,0.088226,0.126602,477968.289,19440.0,19179.64,18382.07,18000.0
0.032387,0.084327,1606262400,0.034143,0.084327,426276.99,19554.19,18741.67,19178.53,18509.12
0.01,0.035389,1606348800,0.018597,0.046061,850692.856,18940.69,17155.34,18741.66,16181.0
0.01,0.010773,1606435200,0.01,0.010773,398072.933,17465.0,17144.1,17155.37,16444.83
0.01,0.01,1606521600,0.01,0.01,268833.749,17880.0,17717.74,17144.11,16865.78
0.01,0.01,1606608000,0.01,0.01,256024.006,18343.0,18181.09,17717.74,17523.0
0.009156,0.01,1606694400,0.04735,0.091434,500482.574,19944.0,19720.0,18180.43,18178.82
0.01,0.045755,1606780800,0.01,0.078271,553885.333,19956.0,18772.7,19722.09,18050.0
0.01,0.01,1606867200,0.01,0.01,335717.482,19365.0,19207.01,18770.33,18329.58
0.01,0.01,1606953600,0.014258,0.030626,245020.576,19640.0,19434.3,19207.01,18865.0
0.01,0.012731,1607040000,0.01,0.012731,276271.939,19537.16,18664.2,19432.66,18570.0
0.01,0.01,1607126400,0.01,0.023852,165912.647,19203.46,19147.62,18662.72,18510.0
0.01,0.01,1607212800,0.01,0.01,176004.606,19449.1,19375.02,19147.63,18855.35
0.01,0.01,1607299200,0.01,0.01,169402.371,19446.36,19172.88,19375.0,18908.66
0.01,0.01,1607385600,0.01,0.01,280714.132,19319.38,18319.32,19172.87,18133.33
0.01,0.01,1607472000,0.01,0.01,353123.689,18639.7,18537.98,18319.33,17650.0
0.01,0.01,1607558400,0.01,0.01,233960.241,18550.0,18253.51,18537.97,17916.0
0.009754,0.01,1607644800,0.009754,0.01,317866.07,18290.44,18031.47,18254.0,17555.0
-0.002119,0.01,1607731200,0.01,0.01,196962.282,18950.0,18800.0,18031.71,18012.21
0.004685,0.01,1607817600,0.01,0.01,239760.089,19432.0,19175.07,18800.0,18705.46
0.01,0.01,1607904000,0.01,0.01,181555.823,19355.35,19270.7,19175.06,19004.72
0.01,0.01,1607990400,0.01,0.01,248744.054,19598.0,19424.91,19270.71,19039.64
0.01,0.01,1608076800,0.01,0.046466,459302.012,21600.0,21346.8,19424.9,19274.55
0.01,0.01,1608163200,0.031104,0.098447,823435.821,23888.04,22816.99,21346.81,21231.5
0.01,0.028594,1608249600,0.01,0.067871,305997.222,23330.0,23124.35,22816.99,22363.94
0.01,0.01,1608336000,0.087522,0.111152,337535.438,24281.61,23847.28,23124.35,22735.81
0.037484,0.078569,1608422400,0.054883,0.078569,322289.774,24376.0,23472.96,23847.28,23076.25
0.01,0.042034,1608508800,0.01,0.042034,476456.589,24145.0,22730.1,23472.96,21920.0
0.01,0.01,1608595200,0.01,0.029158,326124.313,23850.0,23826.99,22736.05,22387.0
0.01,0.011348,1608681600,0.01,0.014238,394754.939,24235.42,23238.27,23826.74,22572.52
0.01,0.01,1608768000,0.025154,0.037104,237754.257,23819.81,23737.44,23237.73,22700.0
0.01,0.018651,1608854400,0.01,0.050059,284523.431,24827.64,24730.0,23738.75,23450.0
0.01,0.01,1608940800,0.021419,0.026449,367265.555,26926.0,26508.83,24729.99,24507.24
0.011475,0.019983,1609027200,0.054354,0.086215,540264.148,28459.84,26305.64,26508.84,25850.0
0.016529,0.04362,1609113600,0.040294,0.078515,267563.468,27538.82,27102.66,26301.76,26117.1
0.023942,0.037686,1609200000,0.04514,0.056852,260759.449,27441.73,27402.83,27101.45,25913.01
0.046795,0.049104,1609286400,0.051567,0.08262,374737.655,29063.72,28906.99,27402.83,27401.0
0.01,0.053241,1609372800,0.022005,0.077256,313648.835,29376.7,28951.68,28906.99,27848.0
0.01,0.022763,1609459200,0.01,0.044983,210716.398,29668.86,29337.16,28948.19,28627.12
0.01,0.01,1609545600,0.147133,0.172593,545541.08,33480.0,32199.91,29337.15,28958.24
0.055563,0.124586,1609632000,0.157305,0.157305,487486.989,34832.25,33054.53,32198.41,32000.02
0.03933,0.164252,1609718400,0.074112,0.273325,506128.023,33653.56,32031.07,33053.93,27800.0
0.036015,0.088095,1609804800,0.124365,0.124365,433720.833,34500.0,33999.52,32029.55,29900.0
0.081694,0.127246,1609891200,0.098782,0.210008,444019.83,37037.51,36823.68,33999.51,33356.46
0.098422,0.100145,1609977600,0.213726,0.213726,520147.908,40565.62,39498.92,36825.77,36337.36
0.066244,0.213859,1610064000,0.066244,0.213859,518080.826,42125.51,40637.23,39498.32,36539.77
0.063038,0.063038,1610150400,0.166648,0.166648,260882.805,41539.88,40136.04,40638.91,38733.28
0.052996,0.146054,1610236800,0.088241,0.18201,436759.048,41412.12,38221.67,40136.05,35268.0
0.046863,0.086563,1610323200,0.046863,0.094212,906275.651,38322.18,35408.46,38200.01,30448.0
0.025522,0.033892,1610409600,0.027881,0.064319,449065.693,36693.44,34056.9,35406.92,32600.0
0.01,0.014963,1610496000,0.08755,0.08755,398188.088,37880.0,37421.07,34065.53,32420.0
0.036137,0.078311,1610582400,0.057227,0.104044,353142.386,40189.39,39163.31,37416.34,36764.33
0.020566,0.055903,1610668800,0.020566,0.11791,437610.113,39790.0,36755.24,39163.31,34478.0
0.01,0.01,1610755200,0.04058,0.070749,301102.477,38000.0,36025.66,36755.25,35366.0
0.01,0.033223,1610841600,0.051186,0.051186,287686.129,36898.0,35869.83,36025.65,33863.5
0.046657,0.055285,1610928000,0.056447,0.112058,253386.703,37547.94,36686.86,35875.72,34808.47
0.061452,0.061452,1611014400,0.093061,0.214907,257889.419,37961.0,35891.03,36690.0,35850.0
0.01,0.088658,1611100800,0.036559,0.088803,329192.419,36461.44,35500.0,35891.74,33403.0
0.01261,0.042018,1611187200,0.01261,0.060064,550562.277,35636.17,30879.97,35499.23,30069.9
0.01,0.01,1611273600,0.01,0.012979,453568.538,33831.52,32986.34,30875.77,28880.0
0.01,0.01,1611360000,0.01,0.01304,256776.411,33495.0,32086.48,32990.08,31405.0
0.01,0.01,1611446400,0.01,0.066693,212107.044,33125.75,32275.63,32086.48,30914.2
0.01,0.01,1611532800,0.039003,0.077051,316687.524,34880.0,32253.68,32274.88,31921.47
0.01,0.013916,1611619200,0.01,0.013916,346861.707,32950.0,32474.14,32253.68,30810.0
0.01,0.01,1611705600,0.01,0.01,431022.839,32562.2,30381.04,32474.81,29240.0
0.01,0.01,1611792000,0.01,0.033577,311528.373,33778.95,33399.75,30382.96,29843.33
0.01,0.01,1611878400,0.058497,0.201023,713579.785,38641.1,34269.35,33399.99,31960.0
0.025348,0.039624,1611964800,0.058473,0.059098,267861.872,34988.88,34289.85,34267.04,32849.06
0.015692,0.055157,1612051200,0.015692,0.055157,211293.891,34393.22,33126.21,34284.76,32193.04
0.013827,0.013827,1612137600,0.038449,0.072212,240632.325,34720.0,33546.09,33125.11,32322.47
0.036844,0.036844,1612224000,0.08427,0.135958,239856.23,36041.0,35504.06,33546.08,33450.0
0.026763,0.077471,1612310400,0.026763,0.10581,240308.078,37700.0,37652.51,35504.07,35410.0
0.02899,0.02899,1612396800,0.054032,0.101789,306715.022,38833.0,36976.93,37651.92,36233.0
0.032935,0.056552,1612483200,0.032935,0.105115,196277.444,38411.82,38362.65,36975.19,36586.68
0.034782,0.034782,1612569600,0.158015,0.158015,310826.315,40992.4,39249.54,38357.17,38269.0
0.060013,0.15578,1612656000,0.065491,0.15578,296721.925,39757.87,38849.25,39249.53,37403.27
0.057955,0.059327,1612742400,0.138871,0.258663,440167.093,47146.0,46451.32,38849.24,38037.0
0.129088,0.131401,1612828800,0.129088,0.273538,381477.426,48266.36,46492.54,46451.32,45057.65
0.079522,0.124313,1612915200,0.079522,0.241701,334979.017,47475.0,44850.0,46492.53,43770.0
0.076305,0.07686,1613001600,0.138335,0.193386,330540.045,48810.0,48060.21,44850.0,44038.97
0.105852,0.128893,1613088000,0.136212,0.156617,259186.288,49278.98,47361.03,48060.21,46121.0
0.073876,0.140241,1613174400,0.081089,0.17443,199965.397,48290.0,47221.62,47364.0,46252.1
0.085014,0.085014,1613260800,0.124282,0.162715,241935.666,49875.16,48655.21,47221.63,47093.16
0.037104,0.117978,1613347200,0.098405,0.117978,248960.404,49100.0,47981.58,48655.21,45349.21
0.094208,0.099584,1613433600,0.105619,0.156661,343592.011,50953.44,49197.94,47981.6,47101.02
0.093526,0.104137,1613520000,0.135304,0.147248,312007.458,52800.0,52194.62,49197.93,49029.62
0.093851,0.132396,1613606400,0.093851,0.163985,185489.89,52640.0,51619.7,52194.62,50948.0
0.084417,0.091381,1613692800,0.164993,0.164993,257911.872,56582.0,56004.1,51612.46,50800.0
0.106405,0.15652,1613779200,0.106405,0.15652,240296.308,57699.0,55917.41,56005.85,53905.0
0.099112,0.100581,1613865600,0.129917,0.135979,196820.573,58472.14,57487.43,55908.45,55564.5
0.029128,0.11727,1613952000,0.029128,0.117584,480660.187,57591.87,54121.1,57475.5,47751.42
0.01,0.025048,1614038400,0.01,0.051997,748737.462,54260.12,48930.0,54125.55,44893.82
0.01,0.01,1614124800,0.026677,0.05891,333415.219,51435.58,49702.03,48930.01,47000.0
0.01,0.0178,1614211200,0.011224,0.0343,349943.016,52134.96,47089.37,49702.05,46685.43
0.01,0.01,1614297600,0.033521,0.033521,440670.32,48438.01,46313.13,47087.97,44100.0
0.01,0.030285,1614384000,0.01,0.056992,256027.074,48476.05,46102.63,46313.12,44926.77
0.01,0.01,1614470400,0.020939,0.039855,370358.825,46678.0,45163.36,46097.09,43002.05
0.01,0.016973,1614556800,0.01,0.016973,315659.931,49800.0,49592.7,45162.64,44972.49
0.01,0.01,1614643200,0.01,0.060005,273100.435,50221.77,48450.57,49594.99,47058.06
0.01,0.01,1614729600,0.01,0.046082,350311.234,52681.51,50373.75,48454.21,48110.66
0.01,0.01,1614816000,0.01,0.01,387428.957,51800.0,48385.77,50373.75,47500.0
0.01,0.01,1614902400,0.01,0.01,354602.756,49470.0,48770.57,48385.77,46320.0
0.01,0.01,1614988800,0.01,0.01,215092.91,49253.63,48908.21,48772.68,47090.0
0.01,0.01,1615075200,0.011082,0.018806,248398.116,51480.0,50995.27,48908.21,48908.21
0.01,0.01,1615161600,0.065379,0.065379,308339.866,52450.0,52429.43,50991.35,49310.0
0.027537,0.072398,1615248000,0.027537,0.074119,285604.798,54950.0,54917.78,52429.43,51880.0
0.024355,0.024355,1615334400,0.088031,0.088031,401159.493,57500.92,55947.98,54917.78,53061.0
0.080177,0.095845,1615420800,0.10303,0.111738,364681.318,58283.0,57844.52,55949.3,54356.44
0.043877,0.102098,1615507200,0.043877,0.102098,335495.042,58186.33,57291.03,57842.64,55074.3
0.028985,0.047802,1615593600,0.083283,0.099771,320322.173,61950.0,61267.41,57291.04,56136.0
0.071368,0.081928,1615680000,0.087216,0.127629,231991.901,61798.0,59037.12,61267.41,59005.0
0.013727,0.082219,1615766400,0.018805,0.120881,448820.83,60740.0,55646.61,59037.11,54517.28
0.020575,0.022699,1615852800,0.040885,0.048016,339718.202,56988.0,56954.19,55646.61,53335.0
0.017037,0.035358,1615939200,0.025746,0.035358,339397.712,59078.79,58959.0,56953.23,54154.93
0.023628,0.030213,1616025600,0.033479,0.05027,305100.026,60510.0,57700.01,58959.01,57072.0
0.01,0.03199,1616112000,0.045461,0.045461,259039.479,59550.0,58089.11,57700.01,56301.27
0.035719,0.049248,1616198400,0.036024,0.078333,203680.149,59948.0,58145.61,58089.11,57881.0
0.01,0.031351,1616284800,0.045601,0.045601,237518.696,58638.7,57415.18,58144.44,55403.55
0.033018,0.051776,1616371200,0.033018,0.068029,293062.947,58500.0,54129.56,57415.19,53635.81
0.01,0.024288,1616457600,0.054163,0.059797,276199.041,55890.68,54400.0,54129.56,52981.4
0.01,0.053492,1616544000,0.025243,0.059471,394172.526,57234.79,52311.54,54400.0,51666.0
0.01,0.012119,1616630400,0.014487,0.016765,416848.091,53255.2,51325.21,52307.89,50452.08
0.01,0.016102,1616716800,0.01,0.016102,271957.842,55123.0,55030.0,51325.21,51260.0
0.01,0.01,1616803200,0.01,0.01,234435.346,56658.76,55828.0,55030.0,54001.0
0.01,0.01,1616889600,0.01,0.01,200603.768,56588.31,55805.08,55828.0,54694.91
0.01,0.01,1616976000,0.033884,0.035675,277215.268,58490.11,57677.64,55804.16,54931.15
0.022975,0.032026,1617062400,0.081159,0.093152,232824.065,59560.0,58794.16,57676.14,57110.0
0.058463,0.080901,1617148800,0.11167,0.11167,337038.349,59920.0,58807.24,58794.17,56812.0
0.046032,0.109435,1617235200,0.068605,0.111438,196332.114,59592.22,58794.01,58810.99,58002.0
0.065969,0.071067,1617321600,0.065969,0.115078,189391.958,60397.85,59031.36,58797.56,58490.03
0.056613,0.06325,1617408000,0.056613,0.110468,198636.171,59925.0,57134.65,59028.99,56900.0
0.025913,0.052012,1617494400,0.047657,0.067458,152454.122,58553.0,58234.61,57134.65,56517.23
0.020204,0.039609,1617580800,0.097496,0.098418,174338.646,59385.0,59243.39,58234.61,56808.94
0.057799,0.097031,1617667200,0.058079,0.103526,165562.029,59626.18,58059.99,59243.4,57500.0
0.04817,0.057609,1617753600,0.04817,0.075606,265271.707,58720.0,56018.18,58060.0,55536.07
0.01,0.040757,1617840000,0.017275,0.053221,161389.858,58200.0,58122.26,56018.17,55759.13
0.01,0.019611,1617926400,0.01,0.033893,141690.144,58950.0,58176.03,58122.93,57700.0
0.011571,0.013002,1618012800,0.125777,0.153432,240907.592,61800.0,59832.43,58176.04,57943.95
0.086011,0.119755,1618099200,0.113235,0.119755,148499.824,60816.88,60090.2,59832.43,59304.02
0.089424,0.106154,1618185600,0.103539,0.140623,196147.561,61449.91,59911.18,60093.26,59500.0
0.068453,0.094343,1618272000,0.135637,0.15386,279389.492,63850.0,63649.71,59911.19,59873.01
0.085289,0.12267,1618358400,0.099605,0.12267,323454.88,64986.11,63019.1,63645.05,61404.0
0.069912,0.10481,1618444800,0.112472,0.115473,178604.198,63905.83,63232.55,63018.34,62157.89
0.104248,0.110537,1618531200,0.124331,0.147118,255765.893,63600.0,61424.67,63232.56,60100.0
0.046939,0.115706,1618617600,0.081924,0.115706,194112.299,62610.0,60090.14,61424.67,59620.0
0.01,0.087454,1618704000,0.01,0.092265,522006.276,60450.0,56140.05,60090.14,50050.0
0.01,0.01,1618790400,0.027407,0.038124,285041.716,57532.7,55634.39,56140.05,54200.0
0.01,0.01,1618876800,0.01,0.01,324494.085,57060.0,56410.56,55634.38,53330.82
0.01,0.01,1618963200,0.01,0.01,252601.972,56756.78,53800.0,56411.25,53610.0
0.01,0.01,1619049600,0.01,0.01,453489.185,55470.51,51714.61,53794.72,50534.34
0.01,0.01,1619136000,0.012579,0.052622,554666.026,52152.0,51122.62,51714.62,47546.16
0.01,0.01,1619222400,0.021246,0.036998,299663.131,51183.51,50092.4,51122.63,48690.0
0.01,0.016903,1619308800,0.01,0.045717,310306.501,50577.9,49063.94,50094.27,46930.43
0.01,0.01,1619395200,0.01,0.01,390494.148,54364.89,53984.33,49063.94,48763.0
0.01,0.01,1619481600,0.01,0.01,225440.361,55500.0,55006.25,53984.34,53225.14
0.01,0.01,1619568000,0.01,0.01,263170.559,56574.13,54861.77,55006.25,53852.0
0.01,0.01,1619654400,0.01,0.01,257045.19,55222.02,53558.8,54861.76,52350.0
0.01,0.01,1619740800,0.01,0.033362,294683.751,57935.0,57684.16,53558.57,53043.62
0.01,0.01,1619827200,0.032955,0.042101,207854.398,58488.17,57836.34,57688.29,57051.23
0.015819,0.032564,1619913600,0.046128,0.057247,203712.515,57959.97,56630.33,57836.35,56100.0
0.031101,0.04529,1620000000,0.06524,0.065863,271733.972,59056.59,57214.83,56630.34,56500.65
0.011826,0.06734,1620086400,0.059822,0.070375,388988.754,57253.76,53263.32,57214.84,53094.59
0.026791,0.066377,1620172800,0.04477,0.080743,317811.705,57940.0,57497.77,53263.32,52880.38
0.01,0.012187,1620259200,0.088858,0.088858,275471.204,58450.0,56435.35,57497.76,55297.91
0.023982,0.093495,1620345600,0.023982,0.099182,256159.504,58800.0,57350.88,56435.35,55300.0
0.01331,0.017273,1620432000,0.040697,0.064402,264906.729,59590.96,58924.98,57350.89,56961.25
0.039926,0.046386,1620518400,0.063709,0.069526,245954.014,59335.19,58292.53,58926.36,56316.0
0.031807,0.06368,1620604800,0.098827,0.117192,396237.133,59654.0,55869.67,58292.53,53250.0
0.032594,0.098737,1620691200,0.032594,0.098737,267226.104,56908.66,56710.43,55869.41,54541.33
0.01,0.025855,1620777600,0.04095,0.069711,472329.152,58049.99,49595.76,56712.7,48503.74
0.01,0.039796,1620864000,0.019514,0.043251,652476.689,51358.0,49707.9,49596.75,45596.32
0.019172,0.022771,1620950400,0.019172,0.040489,319069.002,51533.0,49873.27,49706.27,48870.41
0.01,0.015192,1621036800,0.026614,0.026614,442023.496,50709.43,46793.41,49873.26,46584.32
0.01,0.020253,1621123200,0.019954,0.041873,604537.63,49829.39,46429.28,46794.62,43866.0
0.01,0.036196,1621209600,0.061197,0.074387,809129.365,46655.0,43566.18,46429.28,42151.0
0.01,0.059294,1621296000,0.023086,0.073783,590358.592,45846.61,42882.53,43565.11,42268.0
-0.10534,0.02184,1621382400,-0.10534,0.039247,1373851.849,43615.93,36689.14,42882.54,28688.0
-0.089697,-0.089697,1621468800,0.01,0.010736,775185.113,42460.0,40500.3,36689.14,34882.0
-0.02062,0.01,1621555200,-0.002664,0.01,930671.747,42270.42,37211.02,40500.0,33400.0
-0.032253,0.00728,1621641600,0.01,0.01,588166.784,38851.34,37432.58,37210.01,35201.11
-0.014539,0.01,1621728000,-0.001827,0.01,996815.017,38261.71,34651.6,37436.0,31096.7
-0.029555,0.004518,1621814400,-0.007212,0.01,707903.071,39917.09,38779.66,34656.53,34366.0
0.001944,0.001944,1621900800,0.01,0.01,598836.411,39790.05,38326.84,38783.58,36439.32
0.01,0.01,1621987200,0.01,0.01,577032.81,40900.0,39224.2,38326.84,37804.76
0.01,0.01,1622073600,0.01,0.01,543338.566,40438.82,38527.38,39224.21,37133.22
0.01,0.01,1622160000,0.01,0.01,832363.425,38888.35,35670.99,38527.38,34689.57
0.01,0.01,1622246400,0.01,0.018494,733902.825,37375.0,34611.94,35670.99,33650.0
0.01,0.01,1622332800,0.01,0.01,511834.746,36501.0,35651.81,34611.95,33356.0
0.01,0.01,1622419200,0.01,0.01,635082.121,37500.0,37243.38,35651.8,34150.0
0.01,0.01,1622505600,0.01,0.01,590822.54,37893.76,36693.41,37244.36,35500.0
0.01,0.01,1622592000,0.01,0.01,441719.806,38232.99,37569.99,36694.37,35905.0
0.01,0.01,1622678400,0.01,0.01,507429.005,39470.0,39247.4,37570.0,37150.15
0.01,0.01,1622764800,0.01,0.020513,700625.866,39297.35,36828.03,39247.4,35552.51
0.01,0.01,1622851200,0.01,0.01,631028.448,37900.49,35498.62,36828.03,34800.0
0.01,0.01,1622937600,0.01,0.01,443601.064,36521.16,35801.71,35497.93,35201.86
0.01,0.01,1623024000,0.01,0.01,636735.873,36820.0,33550.96,35801.71,33200.0
-0.004373,0.01,1623110400,0.006388,0.01,976693.026,34061.57,33372.58,33550.97,30969.0
-0.026174,0.01,1623196800,-0.015,0.01,1031014.087,37511.31,37368.45,33372.58,32390.0
-0.020059,-0.016793,1623283200,0.01,0.01,803185.699,38489.0,36669.66,37369.99,35750.0
-0.01043,0.01,1623369600,-0.007588,0.01,586122.898,37679.54,37300.42,36669.65,35900.0
-0.008992,-0.007676,1623456000,0.01,0.01,623532.476,37432.95,35537.05,37300.41,34585.9
-0.020792,0.009637,1623542400,0.003348,0.01,647035.314,39374.18,38993.65,35535.95,34739.06
-0.010062,0.01,1623628800,0.01,0.01,704979.881,41000.0,40489.1,38993.66,38720.0
0.007996,0.007996,1623715200,0.01,0.01,632066.994,41413.0,40132.86,40489.1,39500.0
0.01,0.01,1623801600,0.01,0.01,673235.496,40495.0,38344.97,40132.86,38105.0
0.01,0.01,1623888000,0.01,0.01,603849.861,39565.0,38060.71,38344.97,37334.76
-0.003562,0.005453,1623974400,-0.001068,0.01,790379.249,38198.0,35811.41,38060.71,35100.0
-0.01432,-0.00524,1624060800,0.01,0.01,642185.382,36471.8,35483.0,35811.41,34704.08
-0.034752,0.01,1624147200,-0.008704,0.01,829896.441,36155.0,35588.64,35483.01,33312.0
-0.019796,-0.001658,1624233600,0.000406,0.01,1397330.662,35746.28,31606.0,35588.63,31250.51
-0.053294,0.007832,1624320000,-0.011363,0.01,1531824.85,33274.0,32496.0,31606.0,28780.01
-0.031852,0.000067,1624406400,-0.003067,0.006652,960700.369,34867.77,33649.0,32496.0,31711.5
-0.026806,-0.007735,1624492800,-0.00323,0.01,774899.165,35406.74,34644.64,33650.0,32300.0
-0.00882,0.002372,1624579200,-0.00882,0.01,1093051.375,35500.0,31568.07,34644.65,31250.0
-0.038006,-0.011008,1624665600,-0.015808,-0.002462,1091384.749,32720.52,32255.56,31569.18,30120.0
-0.052879,-0.023754,1624752000,-0.009608,-0.009608,897147.453,34762.0,34687.71,32250.15,31960.0
-0.003042,-0.003042,1624838400,0.008165,0.01,706158.545,35279.38,34487.22,34687.71,33855.0
-0.000319,0.00827,1624924800,0.01,0.01,806140.329,36623.0,35911.26,34486.58,34206.0
0.01,0.01,1625011200,0.01,0.01,719742.983,36089.96,35031.39,35910.64,34042.74
0.005544,0.01,1625097600,0.01,0.01,758966.493,35044.98,33489.96,35031.39,32672.04
-0.015519,0.008304,1625184000,-0.005776,0.01,664923.202,33960.0,33760.94,33489.96,32684.0
-0.016914,-0.004727,1625270400,0.001585,0.009489,510614.258,34948.16,34652.94,33760.94,33296.98
-0.016437,0.003265,1625356800,0.00632,0.007235,451001.556,35955.55,35280.16,34653.32,34340.75
-0.013846,0.01,1625443200,-0.004739,0.01,736706.409,35281.55,33672.72,35280.17,33032.0
-0.020718,-0.000673,1625529600,-0.01497,0.003322,644229.007,35120.0,34206.01,33672.72,33500.0
-0.013398,-0.008291,1625616000,0.01,0.01,456218.909,35089.56,33845.64,34206.0,33756.48
-0.022693,0.01,1625702400,-0.022693,0.01,650317.664,33910.0,32852.04,33845.63,32066.0
-0.028167,-0.028018,1625788800,-0.021379,-0.005796,485662.879,34100.0,33805.01,32855.0,32250.0
-0.018885,-0.018885,1625875200,0.006269,0.01,410271.979,34248.58,33497.98,33805.01,33010.0
0.000163,0.000163,1625961600,0.002939,0.01,343905.35,34629.62,34253.81,33497.98,33306.03
-0.00483,-0.003321,1626048000,0.01,0.01,502747.758,34662.73,33070.87,34253.88,32650.0
0.005084,0.01,1626134400,0.005084,0.01,466567.713,33336.0,32709.09,33070.86,32186.99
-0.012648,0.000051,1626220800,-0.012648,0.01,521140.41,33176.47,32803.01,32708.66,31556.02
-0.011823,-0.011823,1626307200,0.000422,0.01,539111.667,33170.0,31866.43,32803.0,31140.0
-0.012109,0.001463,1626393600,0.007492,0.01,516577.743,32245.0,31382.95,31865.53,31018.59
-0.009039,0.001262,1626480000,0.003023,0.01,422650.418,31945.0,31496.65,31382.96,31150.02
-0.00071,0.002488,1626566400,-0.00071,0.01,412189.401,32435.93,31767.0,31496.65,31075.1
-0.018906,-0.004353,1626652800,0.008427,0.01,486305.627,31890.0,30823.62,31765.23,30358.77
-0.016415,-0.001174,1626739200,-0.01094,0.008085,602688.19,31050.0,29775.9,30823.62,29242.24
-0.042476,-0.018735,1626825600,-0.027079,-0.009274,787077.39,32883.9,32120.0,29775.89,29472.41
-0.033964,-0.032197,1626912000,0.007703,0.007703,397258.936,32583.48,32268.11,32120.0,31700.0
-0.025147,0.001479,1626998400,0.000006,0.004089,404650.016,33650.0,33634.46,32268.12,31970.82
-0.013433,-0.001024,1627084800,-0.005001,0.009402,376046.028,34471.0,34230.0,33631.74,33379.81
-0.028662,-0.010518,1627171200,-0.005972,-0.005972,404114.844,35400.0,35370.66,34230.0,33812.0
-0.05991,-0.005163,1627257600,0.01,0.01,1162332.857,48168.6,37218.09,35370.67,35185.49
-0.01603,0.01,1627344000,-0.009516,0.01,675104.157,39546.34,39442.33,37218.09,36384.31
-0.004368,-0.002416,1627430400,0.01,0.01,736196.234,40894.0,40003.08,39448.06,38753.0
0.00147,0.01,1627516800,0.01,0.01,463917.872,40665.0,40012.9,40003.08,39203.83
0.002957,0.01,1627603200,0.002957,0.01,561474.309,42316.6,42203.25,40012.89,38320.0
-0.00234,-0.00234,1627689600,0.01,0.01,381521.899,42494.0,41448.11,42202.6,41030.19
0.01,0.01,1627776000,0.01,0.01,487529.044,42614.98,39846.78,41448.1,39350.4
0.01,0.01,1627862400,0.01,0.01,451872.128,40450.0,39147.48,39846.78,38658.0
0.004003,0.01,1627948800,0.01,0.01,517219.517,39774.93,38203.26,39147.47,37600.0
0.000086,0.01,1628035200,0.01,0.01,479560.473,39975.32,39731.31,38201.33,37500.0
0.004514,0.01,1628121600,0.01,0.01,746249.712,41350.0,40882.4,39731.31,37291.0
0.01,0.01,1628208000,0.01,0.01,653451.154,43400.0,42825.43,40882.39,39849.82
0.01,0.01,1628294400,0.01,0.01,583750.891,44753.01,44601.11,42825.43,42395.2
0.01,0.01,1628380800,0.01,0.01,553684.698,45350.0,43787.71,44601.11,43265.0
0.01,0.01,1628467200,0.01,0.01,626220.503,46483.0,46259.7,43787.71,42785.0
0.01,0.01,1628553600,0.01,0.01,460478.861,46800.0,45589.99,46259.7,44670.05
0.01,0.01,1628640000,0.01,0.01,390660.571,46754.27,45522.12,45589.99,45354.0
0.01,0.01,1628726400,0.01,0.01,468276.056,46226.67,44385.09,45522.13,43800.0
0.01,0.01,1628812800,0.01,0.01,438025.46,47980.69,47792.52,44385.09,44208.88
0.01,0.01,1628899200,0.01,0.021983,374368.796,48300.0,47083.74,47792.52,46000.0
0.01,0.01,1628985600,0.01,0.01,370950.807,47388.75,47006.02,47083.75,45480.0
0.01,0.01,1629072000,0.015906,0.015906,412537.605,48074.23,45926.23,47006.02,45682.03
0.01,0.014107,1629158400,0.01,0.014107,474316.4,47194.0,44704.84,45926.23,44412.01
0.01,0.01,1629244800,0.01,0.01,395836.158,46050.0,44714.09,44704.85,44227.32
0.01,0.01,1629331200,0.01,0.01,439402.162,47100.0,46772.0,44714.09,43938.38
0.01,0.01,1629417600,0.010797,0.013747,401499.081,49500.0,49332.74,46772.0,46650.0
0.01,0.01421,1629504000,0.020358,0.021637,347594.451,49833.0,48848.29,49332.99,48250.0
0.01,0.016807,1629590400,0.015541,0.017061,294672.223,49556.2,49273.28,48846.11,48075.81
0.01,0.014915,1629676800,0.019391,0.039153,355733.496,50600.0,49523.91,49273.28,49075.01
0.01,0.023999,1629763200,0.033358,0.045927,398682.002,49888.88,47719.36,49523.23,47600.0
0.01,0.041128,1629849600,0.01,0.046748,389100.384,49297.8,48992.65,47719.37,47130.57
0.01,0.01,1629936000,0.01,0.021842,475183.123,49380.0,46853.06,48992.65,46280.0
0.01,0.01,1630022400,0.01,0.01,403667.012,49220.0,49083.98,46854.22,46359.97
0.01,0.01,1630108800,0.025437,0.032323,222793.024,49333.0,48931.99,49082.13,48395.65
0.01,0.02315,1630195200,0.01,0.02315,315105.499,49769.2,48795.41,48931.99,47741.31
0.01,0.01,1630281600,0.023578,0.028081,351830.754,48916.25,47024.7,48795.42,46876.49
0.01,0.022667,1630368000,0.014142,0.041854,365548.209,48298.0,47150.32,47024.69,46731.03
0.022584,0.023335,1630454400,0.031525,0.047284,350108.374,49160.79,48842.94,47150.32,46550.99
0.033163,0.033961,1630540800,0.052544,0.054679,361863.055,50420.0,49299.14,48842.93,48631.2
0.024903,0.057353,1630627200,0.028478,0.068308,430326.386,51111.0,50027.08,49299.14,48333.0
0.010211,0.024364,1630713600,0.017287,0.047689,274956.842,50582.08,49940.74,50027.09,49360.0
0.01,0.019127,1630800000,0.011753,0.021262,288984.124,51950.0,51799.57,49942.2,49462.59
0.01,0.01,1630886400,0.01,0.026761,297734.284,52830.0,52683.97,51799.56,51040.0
0.01,0.01,1630972800,0.077749,0.077749,764140.139,52950.0,46864.39,52683.98,42088.0
0.01,0.023384,1631059200,0.01,0.023384,435803.011,47347.0,46062.29,46864.38,44431.0
0.01,0.01,1631145600,0.01,0.01,309015.75,47400.0,46413.88,46060.02,45500.0
0.01,0.01,1631232000,0.01,0.01,343533.069,47037.5,44860.83,46413.88,44120.0
0.01,0.011159,1631318400,0.01,0.012336,194144.115,45999.0,45193.78,44860.83,44737.4
0.01,0.01,1631404800,0.01,0.01,223534.63,46512.2,46046.73,45194.19,44746.51
0.01,0.01,1631491200,0.01,0.01,448942.068,46933.89,44975.96,46048.02,43323.93
0.01,0.01,1631577600,0.01,0.010663,277925.721,47272.98,47087.18,44975.96,44692.9
0.01,0.01,1631664000,0.01,0.01,244226.37,48440.93,48106.12,47087.18,46675.0
0.004503,0.01,1631750400,0.01,0.01,260044.727,48488.0,47745.55,48106.13,47038.21
0.01,0.01,1631836800,0.01,0.01,226193.34,48150.0,47303.11,47745.55,46750.0
0.01,0.01,1631923200,0.01,0.01,207900.413,48850.0,48285.15,47303.11,47044.32
0.01,0.01,1632009600,0.01,0.01,212631.933,48364.64,47256.91,48284.61,46840.0
0.01,0.01,1632096000,0.01,0.01,600764.629,47345.0,43026.6,47256.92,42467.86
0.003549,0.01,1632182400,0.01,0.01,683242.002,43629.6,40726.1,43026.61,39503.58
0.002775,0.01,1632268800,0.006319,0.01,400849.752,43989.98,43520.0,40727.83,40551.49
-0.0022,0.004753,1632355200,-0.0022,0.01,330253.525,44976.48,44828.29,43520.0,43056.0
-0.012492,-0.007737,1632441600,0.008208,0.01,608595.52,45134.33,42798.49,44828.29,40650.0
-0.000074,0.01,1632528000,0.001326,0.01,277084.795,42950.0,42651.58,42798.49,41630.26
-0.003458,0.002499,1632614400,0.01,0.01,354393.916,43940.0,43150.0,42646.84,40725.01
0.002733,0.01,1632700800,0.006908,0.01,285311.606,44350.0,42122.69,43150.01,42059.13
-0.012419,0.002626,1632787200,0.001935,0.01,359745.538,42749.0,41006.32,42122.69,40854.0
0.001192,0.004434,1632873600,0.01,0.01,293307.589,42576.8,41499.71,41002.96,40708.73
0.004592,0.01,1632960000,0.007211,0.01,389185.646,44100.0,43796.57,41499.7,41387.78
-0.011538,0.002224,1633046400,-0.000339,0.01,449491.768,48450.0,48123.94,43799.49,43260.01
0.001897,0.005229,1633132800,0.01,0.01,182565.988,48338.68,47626.61,48123.93,47410.0
0.01,0.01,1633219200,0.01,0.01,212410.375,49304.12,48187.3,47626.62,47071.26
0.01,0.01,1633305600,0.01,0.01,324424.837,49544.48,49198.22,48187.99,46885.29
-0.010051,0.01,1633392000,0.008813,0.01,314043.813,51888.0,51455.12,49199.78,49009.21
0.01,0.01,1633478400,0.01,0.01,418731.748,56416.02,55321.6,51460.22,50410.0
0.01,0.01,1633564800,0.03593,0.064661,262974.545,55337.8,53814.99,55327.45,53374.34
0.01,0.033515,1633651200,0.01,0.033515,255210.035,56208.73,53975.0,53814.99,53647.3
0.01,0.01,1633737600,0.01,0.017322,167495.393,55589.0,54960.77,53974.99,53656.66
0.01,0.01,1633824000,0.01,0.0291,289072.818,56789.0,54700.0,54960.79,54101.0
0.01,0.01,1633910400,0.01,0.018522,314868.05,57880.0,57500.01,54700.0,54458.0
0.01,0.01,1633996800,0.01,0.025917,349147.775,57756.52,56011.84,57500.01,53750.0
0.01,0.01,1634083200,0.01,0.01,327714.318,57822.38,57393.65,56011.83,54271.24
0.01,0.01,1634169600,0.01,0.029796,254719.751,58586.67,57378.19,57393.65,56800.0
0.01,0.01,1634256000,0.052496,0.052496,493366.513,63997.61,61702.33,57377.12,56900.0
0.017396,0.048332,1634342400,0.035446,0.06455,213251.899,62444.23,60925.56,61702.33,60220.0
0.029792,0.031326,1634428800,0.037075,0.050524,240132.514,61796.47,61571.45,60925.56,58850.0
0.01,0.038447,1634515200,0.01,0.038447,333278.481,62800.0,62037.92,61571.45,59897.61
0.01,0.01,1634601600,0.01,0.015052,379243.718,64500.0,64316.7,62037.92,61300.0
0.01,0.01,1634688000,0.078237,0.082296,324737.868,67150.0,66064.24,64314.75,63518.81
0.031892,0.069035,1634774400,0.031892,0.099411,478610.458,66750.0,62260.33,66064.25,62000.0
0.018054,0.033473,1634860800,0.028709,0.042579,350359.527,63796.2,60734.27,62260.33,60011.9
0.010798,0.026197,1634947200,0.032595,0.032595,222553.478,61780.0,61325.11,60734.28,59622.0
0.030366,0.030366,1635033600,0.049536,0.050207,245816.821,61550.0,60902.82,61325.09,59504.46
0.010625,0.048858,1635120000,0.04643,0.050729,234201.1,63795.98,63127.04,60902.82,60701.0
0.04095,0.04109,1635206400,0.045498,0.066465,252256.924,63362.06,60358.75,63129.25,59838.05
0.015036,0.033291,1635292800,0.0167,0.033719,329112.396,61550.0,58449.36,60358.74,57865.0
0.01,0.015549,1635379200,0.027489,0.03228,333323.116,62641.26,60622.03,58449.36,57550.0
0.013943,0.023521,1635465600,0.018999,0.037632,218355.773,63069.71,62308.22,60622.02,60222.0
0.016948,0.016948,1635552000,0.0225,0.04108,156041.523,62415.85,61895.19,62308.21,60631.23
0.019158,0.019158,1635638400,0.034407,0.051367,183599.524,62462.99,61348.61,61895.19,60008.0
0.018194,0.032632,1635724800,0.020084,0.067812,246158.361,62543.58,60942.87,61347.14,59400.0
0.015599,0.015599,1635811200,0.082934,0.082934,217592.062,64349.55,63266.69,60942.87,60659.58
0.025764,0.082194,1635897600,0.046863,0.082194,211190.183,63613.0,62946.45,63266.69,60300.0
0.021949,0.046112,1635984000,0.021949,0.052274,184677.079,63149.0,61431.86,62946.45,60703.0
0.017758,0.018433,1636070400,0.053667,0.053667,157569.637,62671.48,61006.0,61433.9,60762.0
0.016878,0.053199,1636156800,0.016878,0.059668,154919.118,61645.75,61511.3,61006.0,60100.0
0.017224,0.017224,1636243200,0.027371,0.040825,142878.208,63377.58,63316.4,61511.3,61368.26
0.022937,0.025859,1636329600,0.022937,0.055791,274932.146,67932.89,67606.96,63316.4,63308.7
0.03823,0.038563,1636416000,0.041196,0.077487,231843.834,68675.16,67009.98,67606.96,66300.0
0.019375,0.037769,1636502400,0.020615,0.072252,347835.573,69198.7,64920.13,67010.65,62400.51
0.01,0.023251,1636588800,0.018439,0.029482,178279.275,65646.98,64831.3,64920.13,64147.12
0.016863,0.017932,1636675200,0.016863,0.037757,264576.325,65500.0,64156.08,64831.2,62313.0
0.012506,0.015562,1636761600,0.014242,0.035106,124466.493,65073.24,64427.0,64156.08,63430.01
0.01,0.013933,1636848000,0.017753,0.023936,146424.701,65569.99,65568.39,64426.99,63640.0
0.014978,0.016087,1636934400,0.037125,0.044585,210026.602,66395.05,63654.49,65568.38,63351.58
0.01,0.036025,1637020800,0.01,0.036025,475025.706,63655.77,60106.03,63654.49,58397.14
0.01,0.01,1637107200,0.01,0.018082,287388.873,60848.85,60366.96,60106.03,58336.68
0.01,0.01,1637193600,0.01,0.013645,412021.672,60999.0,56921.05,60366.97,56505.48
0.01,0.01,1637280000,0.01,0.01,245356.121,58333.0,58069.51,56921.04,55604.0
0.01,0.01,1637366400,0.01,0.01,173697.342,59873.84,59716.29,58069.52,57372.0
0.01,0.01,1637452800,0.01,0.01,143887.271,60052.82,58661.39,59716.28,58518.88
0.01,0.01,1637539200,0.01,0.01,326184.881,59624.56,56268.31,58648.87,55600.0
0.01,0.01,1637625600,0.01,0.022083,267790.325,57888.0,57574.23,56268.31,55250.0
0.01,0.01,1637712000,0.012218,0.019232,194683.757,57775.27,57165.08,57574.24,55900.0
0.011326,0.014592,1637798400,0.015875,0.020818,191912.653,59449.62,58988.21,57165.09,57029.0
0.01,0.013871,1637884800,0.01357,0.035351,378650.919,59186.41,53755.65,58988.36,53500.0
0.01,0.010892,1637971200,0.01,0.010892,155119.117,55300.0,54738.77,53755.66,53640.69
0.01,0.01,1638057600,0.01,0.012244,213600.615,57474.76,57315.73,54738.77,53245.0
0.01,0.01,1638144000,0.024448,0.024448,215111.466,58924.21,57827.98,57315.72,56715.0
0.01,0.027745,1638230400,0.011235,0.032297,337624.148,59224.99,56975.0,57827.97,55900.0
0.01,0.012749,1638316800,0.022568,0.031086,273959.104,59100.0,57209.29,56978.06,56500.0
0.01,0.016085,1638403200,0.01,0.016085,249985.255,57428.49,56513.57,57209.28,55800.0
0.01,0.01,1638489600,0.01,0.033892,374132.016,57670.0,53612.0,56513.56,50604.0
-0.012089,0.01,1638576000,0.00716,0.01,598774.989,53889.69,49135.66,53611.86,40888.89
-0.003106,0.008256,1638662400,0.01,0.01,286434.382,49699.49,49376.6,49135.66,47755.0
0.01,0.01,1638748800,0.01,0.01,357711.029,50888.0,50424.72,49373.83,47000.0
0.003874,0.01,1638835200,0.01,0.01,224670.618,51929.0,50577.2,50424.72,50012.0
0.01,0.01,1638921600,0.01,0.01,238229.884,51210.6,50455.61,50577.2,48533.33
0.01,0.01,1639008000,0.01,0.01,273086.086,50773.03,47539.76,50459.61,47312.89
0.01,0.01,1639094400,0.01,0.01,302974.429,50188.42,47136.35,47539.34,46828.23
0.01,0.01,1639180800,0.01,0.01,210959.992,49499.05,49381.15,47132.31,46724.35
0.01,0.01,1639267200,0.01,0.01,183434.285,50768.0,50057.01,49379.51,48616.16
-0.001754,0.01,1639353600,-0.001754,0.01,348551.322,50180.0,46679.93,50057.02,45600.0
-0.000517,-0.000517,1639440000,0.01,0.01,266213.627,48657.92,48324.04,46679.93,46255.6
0.01,0.01,1639526400,0.01,0.01,345239.891,49479.75,48870.48,48324.0,46518.73
0.01,0.01,1639612800,0.01,0.01,215874.187,49439.79,47624.5,48870.48,47500.0
0.000196,0.01,1639699200,0.00898,0.01,326458.135,47988.27,46125.33,47629.1,45373.11
0.002983,0.009044,1639785600,0.01,0.01,191006.415,47336.99,46815.99,46125.33,45438.43
0.004548,0.007092,1639872000,0.01,0.01,241698.541,48461.17,46668.63,46815.99,46399.37
0.008368,0.01,1639958400,0.009174,0.01,273804.259,47533.42,46898.14,46668.65,45530.67
0.008941,0.009174,1640044800,0.01,0.01,260008.358,49298.78,48875.15,46896.82,46650.0
0.009327,0.01,1640131200,0.009734,0.01,208463.689,49599.0,48569.69,48875.88,48420.02
-0.003419,0.009734,1640217600,0.006696,0.01,255885.48,51377.74,50817.92,48569.69,48020.0
0.01,0.01,1640304000,0.01,0.01,220208.725,51805.0,50808.55,50817.94,50379.25
0.01,0.01,1640390400,0.01,0.01,147662.438,51190.0,50403.64,50809.37,50105.0
0.01,0.01,1640476800,0.01,0.01,184800.616,51300.0,50765.73,50403.64,49350.0
0.01,0.01,1640563200,0.01,0.01,216225.263,52134.0,50707.72,50765.73,50450.0
0.01,0.01,1640649600,0.01,0.01,336083.34,50713.56,47522.03,50707.72,47290.0
0.004141,0.01,1640736000,0.01,0.01,274795.378,48125.97,46436.54,47522.02,46000.0
-0.003077,0.01,1640822400,-0.003077,0.01,229931.288,47911.68,47095.02,46436.53,45880.0
-0.004295,-0.003077,1640908800,0.01,0.01,287186.003,48575.0,46210.56,47095.02,45650.0
0.01,0.01,1640995200,0.01,0.01,179433.584,47943.77,47704.35,46210.57,46210.55
0.01,0.01,1641081600,0.01,0.01,184795.093,48000.0,47280.0,47704.35,46605.68
0.01,0.01,1641168000,0.01,0.01,244781.793,47575.22,46445.81,47280.01,45665.4
0.01,0.01,1641254400,0.01,0.01,292149.75,47524.36,45833.42,46445.8,45445.57
0.01,0.01,1641340800,0.01,0.01,485477.569,47075.29,43421.69,45833.41,42270.0
0.003939,0.01,1641427200,0.01,0.01,299509.851,43766.0,43080.01,43421.7,42385.83
0.01,0.01,1641513600,0.01,0.01,473214.849,43135.0,41553.86,43080.01,40456.56
0.009373,0.01,1641600000,0.01,0.01,283737.224,42335.0,41688.05,41553.87,40500.0
0.01,0.01,1641686400,0.01,0.01,223134.952,42773.85,41851.22,41688.05,41170.0
0.001686,0.01,1641772800,0.01,0.01,453644.116,42219.84,41801.55,41851.22,39610.0
-0.008438,0.01,1641859200,-0.00484,0.01,323760.691,43118.0,42700.68,41801.55,41255.0
-0.007743,-0.00484,1641945600,-0.007507,0.01,281339.294,44300.0,43880.72,42700.69,42415.0
-0.011538,-0.007507,1642032000,0.00052,0.01,289289.18,44396.68,42534.32,43880.72,42301.16
-0.00951,0.00052,1642118400,0.002239,0.007239,272517.077,43450.0,43042.4,42538.72,41666.0
0.002239,0.002239,1642204800,0.002239,0.002239,184649.157,43800.0,43070.51,43042.4,42530.64
-0.007422,0.008718,1642291200,0.001701,0.01,177450.475,43464.71,43060.66,43070.51,42531.69
0.001303,0.001701,1642377600,0.01,0.01,232748.345,43159.32,42176.34,43060.66,41523.68
0.002285,0.01,1642464000,0.004986,0.01,267472.465,42680.0,42337.58,42176.34,41260.0
0.004422,0.004986,1642550400,0.01,0.01,333952.095,42545.0,41657.89,42337.58,41115.64
0.01,0.01,1642636800,0.01,0.01,399818.052,43495.0,40661.69,41656.9,40550.0
-0.001717,0.01,1642723200,-0.001094,0.01,790320.909,41095.76,36425.98,40662.06,35380.92
-0.002745,-0.001094,1642809600,0.01,0.01,676272.904,36817.74,35043.73,36426.46,33950.0
-0.006917,0.01,1642896000,0.003458,0.01,369372.903,36496.92,36230.01,35043.73,34588.8
-0.008078,0.003458,1642982400,0.01,0.01,823000.702,37528.0,36648.31,36230.0,32853.83
-0.01867,0.01,1643068800,0.000684,0.01,409535.517,37561.03,36934.26,36648.3,35693.0
-0.011725,0.000684,1643155200,-0.004805,0.008287,554457.384,38886.58,36787.43,36934.26,36232.42
-0.016509,-0.004805,1643241600,-0.000423,0.00364,422006.922,37200.0,37131.0,36787.42,35471.53
-0.009053,-0.000423,1643328000,-0.001067,0.01,367509.143,38000.0,37696.21,37131.0,36149.02
-0.006019,-0.001067,1643414400,0.006037,0.009004,238657.764,38750.94,38150.01,37696.22,37252.0
0.00585,0.006037,1643500800,0.008911,0.01,195029.125,38420.3,37870.01,38150.0,37334.83
-0.011582,0.008911,1643587200,-0.003953,0.008911,318440.392,38741.73,38439.04,37870.0,36620.0
-0.009396,-0.003953,1643673600,-0.002961,0.008183,353354.121,39260.26,38680.51,38439.04,37969.0
-0.015014,-0.002961,1643760000,-0.007856,0.01,337570.934,38834.18,36892.03,38680.51,36529.81
-0.007856,-0.007856,1643846400,0.001537,0.01,318656.228,37395.0,37289.86,36892.05,36204.3
-0.012769,0.001537,1643932800,0.007445,0.01,520105.77,41741.76,41550.0,37287.33,37011.0
0.005889,0.007445,1644019200,0.01,0.01,242184.07,41922.0,41374.69,41550.0,40920.0
-0.002147,0.01,1644105600,0.001481,0.01,215323.95,42656.8,42361.35,41374.68,41100.0
-0.012642,0.001481,1644192000,0.01,0.01,418053.774,44541.16,43829.99,42361.34,41609.76
-0.00088,0.01,1644278400,0.008235,0.01,468015.421,45600.0,44021.57,43829.99,42641.0
0.000263,0.008235,1644364800,0.01,0.01,300270.062,44826.0,44358.08,44021.58,43089.08
-0.005558,0.01,1644451200,0.00395,0.01,563922.075,45847.5,43471.29,44358.09,43136.96
-0.009814,0.00395,1644537600,0.01,0.01,414646.193,43900.0,42366.0,43471.3,41914.23
0.00348,0.01,1644624000,0.008078,0.01,256269.325,42980.0,42199.87,42365.99,41540.0
0.001586,0.008078,1644710400,0.009731,0.01,192068.012,42755.97,42041.13,42199.88,41850.0
-0.001117,0.009731,1644796800,0.01,0.01,303990.933,42888.0,42525.14,42041.12,41526.0
-0.009233,0.01,1644883200,0.01,0.01,276735.421,44777.0,44529.6,42525.14,42406.23
0.01,0.01,1644969600,0.01,0.01,255790.287,44536.8,43860.7,44529.7,43277.8
-0.000714,0.01,1645056000,-0.000469,0.01,433958.984,44150.0,40491.7,43860.8,40020.1
-0.013194,-0.000469,1645142400,0.01,0.01,377679.782,40944.1,39966.8,40491.8,39422.0
0.000199,0.01,1645228800,0.003087,0.01,185624.675,40438.7,40052.6,39966.8,39610.3
-0.012453,0.003087,1645315200,0.006492,0.008685,329740.444,40100.1,38368.1,40052.6,37905.0
-0.006777,0.006492,1645401600,-0.005327,0.01,646391.815,39510.0,36986.4,38367.9,36762.0
-0.005845,-0.005327,1645488000,-0.002599,0.005477,465313.497,38450.0,38212.0,36986.4,36310.1
-0.013955,-0.002599,1645574400,0.006519,0.01,408056.255,39250.0,37227.8,38212.1,36963.2
-0.023462,0.006519,1645660800,0.01,0.01,919820.907,40376.1,38315.1,37227.9,34303.7
0.000231,0.01,1645747200,0.009316,0.01,416316.366,39750.0,39205.4,38316.2,37999.2
0.004098,0.009316,1645833600,0.005602,0.01,251892.201,40441.1,39099.3,39205.4,38561.7
-0.021114,0.005602,1645920000,-0.021114,0.009566,423197.247,39868.6,37672.0,39099.3,36934.6
-0.024256,-0.021114,1646006400,0.01,0.01,615391.161,44341.0,43155.0,37672.1,37414.4
-0.000466,0.01,1646092800,-0.000466,0.01,448483.646,44935.0,44394.1,43155.0,42765.4
-0.002196,-0.000466,1646179200,0.01,0.01,407603.721,45350.0,43885.7,44393.6,43321.0
0.01,0.01,1646265600,0.01,0.01,365565.832,44080.0,42449.5,43885.8,41831.0
0.01,0.01,1646352000,0.01,0.01,469138.374,42525.3,39127.7,42449.6,38521.0
-0.00554,0.01,1646438400,0.004079,0.01,198747.893,39580.0,39375.1,39127.7,38547.6
-0.004106,0.004079,1646524800,0.000339,0.01,311705.26,39690.0,38401.1,39375.0,38056.0
-0.009197,0.000339,1646611200,0.003438,0.006555,490254.516,39550.0,37963.8,38401.1,37134.0
-0.005926,0.003438,1646697600,0.006853,0.01,421462.367,39340.5,38709.9,37963.7,37853.0
-0.006936,0.006853,1646784000,0.01,0.01,462059.811,42647.5,41937.5,38709.9,38638.7
-0.017799,0.01,1646870400,-0.009927,0.01,520645.186,42034.3,39407.2,41939.5,38512.0
-0.009927,-0.009927,1646956800,-0.000294,0.01,467078.892,40242.0,38713.0,39407.1,38200.1
-0.007367,-0.000294,1647043200,-0.005898,0.003531,172494.825,39578.4,38792.6,38713.1,38630.0
-0.013272,-0.005898,1647129600,-0.007886,0.01,236623.694,39300.0,37743.7,38792.7,37500.0
-0.011593,-0.007886,1647216000,0.00574,0.01,360058.358,39989.0,39653.8,37743.0,37522.1
0.001158,0.00574,1647302400,0.01,0.01,345019.243,39901.8,39271.0,39651.6,38073.8
0.003235,0.01,1647388800,0.01,0.01,650589.661,41804.0,41105.8,39270.9,38700.0
0.01,0.01,1647475200,0.01,0.01,243988.794,41498.4,40898.1,41105.9,40442.8
-0.002127,0.01,1647561600,0.01,0.01,299134.443,42322.8,41751.5,40898.0,40084.2
0.008047,0.01,1647648000,0.01,0.01,186459.954,42446.6,42188.2,41751.6,41500.0
0.007321,0.01,1647734400,0.01,0.01,235774.129,42269.3,41261.0,42188.2,40900.0
-0.006496,0.01,1647820800,0.01,0.01,308396.46,41544.4,40982.0,41261.0,40430.0
0.001398,0.01,1647907200,0.01,0.01,374297.674,43517.7,42349.8,40982.0,40852.0
-0.001177,0.01,1647993600,0.001614,0.01,282631.74,43051.0,42867.9,42349.9,41731.3
-0.005943,0.001614,1648080000,0.000667,0.01,331440.057,44200.0,43973.4,42867.8,42525.0
-0.00193,0.000667,1648166400,0.009789,0.01,348620.122,45142.0,44290.6,43973.2,43575.1
-0.00838,0.009789,1648252800,-0.008296,0.01,140712.587,44785.0,44489.2,44290.6,44041.0
-0.009966,-0.008296,1648339200,0.01,0.01,269280.228,47047.0,46820.8,44489.3,44416.0
0.005443,0.01,1648425600,0.01,0.01,317565.782,48200.0,47121.9,46820.9,46651.2
0.009162,0.01,1648512000,0.01,0.01,259040.835,48100.0,47418.5,47121.8,46911.0
0.01,0.01,1648598400,0.01,0.01,235009.892,47688.6,47053.2,47418.5,46535.0
0.01,0.01,1648684800,0.01,0.01,299837.61,47619.4,45506.0,47053.1,45185.0
-0.00169,0.01,1648771200,0.01,0.01,360734.553,46700.0,46266.2,45505.9,44206.2
0.01,0.01,1648857600,0.01,0.01,226413.357,47236.8,45794.6,46266.2,45600.0
0.01,0.01,1648944000,0.01,0.01,212589.013,47448.0,46392.4,45792.3,45501.0
0.01,0.01,1649030400,0.01,0.01,272796.541,46895.5,46580.9,46392.3,45094.0
0.000915,0.01,1649116800,0.009922,0.01,257524.639,47188.0,45477.4,46580.9,45300.0
0.005095,0.009922,1649203200,0.01,0.01,384359.375,45494.2,43159.7,45477.5,43100.0
0.001112,0.01,1649289600,0.004294,0.01,229567.98,43888.0,43417.1,43159.8,42685.0
0.004294,0.004294,1649376000,0.01,0.01,310095.829,43968.1,42229.2,43417.1,42074.0
0.002573,0.01,1649462400,0.002753,0.01,119722.654,42796.7,42727.7,42229.1,42100.3
-0.002646,0.002753,1649548800,0.000262,0.01,181904.47,43399.4,42140.4,42727.8,41838.0
-0.006796,0.000262,1649635200,-0.006796,0.01,439530.02,42399.9,39505.6,42140.3,39136.7
-0.01328,-0.006796,1649721600,-0.001636,0.01,349883.631,40700.0,40060.7,39505.6,39224.0
-0.010565,-0.001636,1649808000,0.005001,0.00765,324910.931,41580.0,41129.8,40060.7,39569.8
-0.013291,0.005001,1649894400,-0.013216,0.009921,261966.391,41474.8,39915.9,41129.8,39522.0
-0.0167,-0.013216,1649980800,0.002282,0.008818,194680.671,40888.0,40529.5,39915.9,39734.2
-0.002605,0.002282,1650067200,0.000711,0.01,127705.057,40700.0,40361.0,40529.6,39944.9
-0.003119,0.000711,1650153600,-0.003119,0.01,170331.824,40574.1,39649.1,40360.9,39510.0
-0.018347,-0.003119,1650240000,0.01,0.01,362435.319,41310.0,40785.6,39649.1,38465.7
-0.005779,0.01,1650326400,0.009478,0.01,214404.271,41788.0,41472.9,40785.7,40543.7
-0.005242,0.009478,1650412800,0.000277,0.01,257382.427,42166.8,41327.7,41472.9,40800.0
-0.010178,0.000277,1650499200,0.003177,0.01,393149.956,42966.0,40449.8,41326.0,39630.0
-0.019022,0.003177,1650585600,-0.008951,0.003177,314935.753,40786.1,39674.2,40449.7,39133.0
-0.018743,-0.008951,1650672000,-0.018234,-0.00319,125046.817,40000.0,39415.1,39674.3,39259.0
-0.019356,-0.018234,1650758400,-0.008978,-0.003167,180371.762,39930.6,39433.4,39413.8,38884.1
-0.011783,-0.008978,1650844800,0.01,0.01,448877.893,40650.0,40411.0,39433.4,38111.0
-0.015897,0.01,1650931200,-0.012705,0.01,453132.198,40800.0,38093.7,40411.0,37671.8
-0.013099,-0.012705,1651017600,-0.005649,0.005353,385645.365,39470.0,39209.0,38093.7,37844.5
-0.012353,-0.005649,1651104000,0.01,0.01,413543.408,40376.6,39732.5,39209.0,38861.8
-0.009526,0.01,1651190400,-0.009406,0.01,308116.375,39924.8,38572.2,39732.5,38160.0
-0.00976,-0.009406,1651276800,0.00255,0.007696,181810.382,38782.6,37614.5,38572.2,37550.0
-0.007563,0.00255,1651363200,0.01,0.01,236549.462,38680.6,38440.5,37614.4,37350.0
-0.001778,0.01,1651449600,0.01,0.01,336845.365,39222.0,38525.6,38440.2,38032.2
0.01,0.01,1651536000,0.01,0.01,248986.222,38674.7,37712.9,38525.5,37500.1
0.002275,0.01,1651622400,0.01,0.01,424498.818,40071.7,39684.0,37713.0,37655.2
-0.021323,0.01,1651708800,-0.013527,0.01,547209.0,39845.0,36534.7,39684.1,35388.0
-0.013527,-0.013527,1651795200,-0.00527,0.01,431979.24,36679.3,35995.3,36533.7,35200.0
-0.00767,-0.00527,1651881600,-0.002754,0.008788,200264.833,36138.0,35466.7,35995.2,34700.0
-0.002754,-0.002754,1651968000,0.01,0.01,426872.584,35504.0,34032.0,35466.7,33665.0
0.005918,0.01,1652054400,0.01,0.01,1078779.712,34243.3,30056.6,34032.1,30003.6
-0.020399,0.01,1652140800,0.00762,0.01,863178.961,32650.0,31002.1,30056.0,29701.4
-0.032746,0.00762,1652227200,-0.018713,0.01,1101875.972,32197.6,29074.7,31002.1,27651.0
-0.047416,-0.018713,1652313600,-0.0072,-0.005983,964475.589,30257.0,29020.7,29077.9,26631.0
-0.010417,-0.0072,1652400000,0.01,0.01,507620.105,31072.6,29274.3,29020.8,28730.4
0.00396,0.01,1652486400,0.008254,0.01,315756.895,30352.2,30079.8,29274.2,28602.3
0.004035,0.008254,1652572800,0.01,0.01,336773.139,31462.0,31324.4,30079.5,29448.0
-0.001597,0.01,1652659200,0.01,0.01,507243.166,31327.4,29866.7,31324.3,29052.3
-0.010342,0.01,1652745600,-0.007045,0.01,398624.519,30794.0,30437.0,29866.4,29420.0
-0.007045,-0.007045,1652832000,-0.000325,0.003158,426700.457,30700.0,28700.6,30437.0,28629.6
-0.001088,-0.000325,1652918400,0.01,0.01,448856.724,30550.0,30319.9,28700.6,28670.5
-0.00227,0.01,1653004800,-0.000251,0.01,485439.171,30784.4,29188.9,30319.9,28702.0
-0.002329,-0.000251,1653091200,0.00241,0.005941,202804.089,29650.0,29427.4,29188.9,28927.0
-0.004456,0.00241,1653177600,0.01,0.01,297116.44,30500.0,30284.0,29427.4,29223.6
-0.012422,0.01,1653264000,-0.012372,0.01,475720.75,30658.0,29097.7,30284.0,28840.7
-0.013867,-0.012372,1653350400,0.003679,0.01,382124.449,29887.3,29643.1,29097.8,28637.6
0.001035,0.003679,1653436800,0.007434,0.01,413459.484,30246.7,29536.7,29643.0,29330.0
-0.000816,0.007434,1653523200,0.01,0.01,602137.086,29877.0,29194.0,29536.7,27952.1
0.01,0.01,1653609600,0.01,0.01,506638.884,29387.0,28623.2,29194.0,28259.6
0.007429,0.01,1653696000,0.01,0.01,193644.283,29265.7,29018.8,28623.3,28520.0
0.008325,0.01,1653782400,0.01,0.01,215139.934,29595.2,29452.8,29018.8,28825.0
0.01,0.01,1653868800,0.01,0.01,502712.176,32307.6,31726.5,29452.6,29301.1
0.01,0.01,1653955200,0.01,0.01,383688.265,32427.5,31797.8,31726.5,31222.0
-0.008341,0.01,1654041600,-0.001494,0.01,556992.756,31986.1,29796.9,31797.9,29300.0
-0.003459,-0.001494,1654128000,-0.003392,0.01,370924.687,30750.0,30437.1,29796.9,29566.1
-0.003406,-0.003392,1654214400,0.00027,0.007865,357110.377,30693.2,29682.8,30437.1,29220.0
-0.001961,0.00027,1654300800,0.00434,0.006917,187520.534,29988.0,29848.4,29682.8,29456.0
0.001315,0.00434,1654387200,0.006028,0.01,205385.831,30250.0,29909.9,29848.5,29524.0
0.003198,0.006028,1654473600,0.01,0.01,436522.874,31780.0,31361.2,29910.0,29876.2
-0.011684,0.01,1654560000,0.01,0.01,691714.985,31599.0,31118.1,31361.2,29190.0
-0.008302,0.01,1654646400,0.01,0.01,455686.637,31325.0,30192.5,31118.0,29825.0
0.007528,0.01,1654732800,0.01,0.01,307312.175,30691.9,30093.3,30192.6,29914.5
0.001515,0.01,1654819200,0.001722,0.01,445928.659,30374.1,29077.7,30093.4,28805.0
-0.000159,0.001722,1654905600,0.01,0.01,391367.814,29427.9,28416.7,29077.7,28080.0
-0.000788,0.01,1654992000,0.005647,0.01,560834.131,28530.3,26564.7,28416.6,26538.7
-0.006211,0.005647,1655078400,0.004124,0.01,1622521.56,26877.0,22471.5,26564.7,21900.0
-0.021251,0.004124,1655164800,-0.002079,0.004334,1247609.796,23424.2,22122.7,22471.4,20823.0
-0.009264,-0.002079,1655251200,-0.004061,0.008239,1509301.169,22800.0,22567.5,22122.7,20100.2
-0.007217,-0.004061,1655337600,-0.002222,0.006434,882634.22,23000.0,20387.4,22567.5,20222.0
-0.01728,-0.002222,1655424000,0.0074,0.01,776153.257,21388.0,20457.3,20387.4,20228.0
-0.01492,0.0074,1655510400,0.004111,0.01,1268591.388,20768.4,18959.7,20457.3,17593.2
-0.013435,0.004111,1655596800,0.000829,0.01,1089275.674,20821.0,20564.2,18959.7,17935.9
-0.001423,0.000829,1655683200,0.01,0.01,935816.13,21099.9,20570.1,20564.3,19630.0
-0.002147,0.01,1655769600,0.0001,0.01,787173.936,21740.0,20713.1,20570.0,20337.8
-0.006681,0.0001,1655856000,-0.000917,0.004389,812184.193,20888.0,19977.4,20713.1,19745.7
-0.004045,-0.000917,1655942400,0.006043,0.006184,698753.04,21250.0,21096.6,19977.5,19874.0
0.002273,0.006043,1656028800,0.002544,0.01,645450.778,21563.5,21231.2,21096.6,20732.5
0.002544,0.002544,1656115200,0.01,0.01,434117.447,21627.6,21481.9,21231.2,20894.0
-0.001725,0.01,1656201600,0.00781,0.01,442787.736,21888.0,21029.1,21481.9,20952.0
-0.002557,0.00781,1656288000,-0.002557,0.01,539335.009,21560.0,20730.0,21029.1,20500.0
-0.008066,-0.002557,1656374400,0.004166,0.007124,582916.108,21198.0,20268.6,20730.0,20188.0
-0.000958,0.004166,1656460800,0.000324,0.01,608905.99,20430.0,20109.9,20268.7,19817.2
-0.016653,0.000324,1656547200,-0.00864,0.000324,859981.415,20165.0,19923.5,20109.9,18563.0
-0.013324,-0.00864,1656633600,-0.003003,0.005628,915399.363,20926.4,19272.0,19923.3,18948.8
-0.003003,-0.003003,1656720000,0.003606,0.005641,382851.525,19456.0,19240.9,19272.0,18959.0
0.001897,0.003606,1656806400,0.007806,0.009242,449508.331,19645.4,19305.9,19241.0,18780.1
-0.003306,0.007806,1656892800,0.005429,0.008516,633310.187,20350.0,20226.6,19306.0,19046.3
-0.010888,0.005429,1656979200,0.01,0.01,854238.867,20749.2,20170.0,20226.3,19291.6
0.001402,0.01,1657065600,0.005274,0.01,682076.458,20667.6,20554.1,20170.1,19753.0
-0.000172,0.005274,1657152000,0.000138,0.01,699841.616,21830.0,21613.4,20554.2,20244.9
-0.000008,0.000138,1657238400,0.01,0.01,848144.495,22579.9,21587.9,21614.5,21175.2
0.00597,0.01,1657324800,0.009962,0.01,393372.366,22000.0,21580.0,21587.8,21309.6
0.002878,0.009962,1657411200,0.004571,0.01,468176.539,21594.2,20853.8,21580.0,20600.0
0.00447,0.004571,1657497600,0.008003,0.01,561245.987,20853.9,19954.3,20853.8,19870.0
-0.003888,0.008003,1657584000,-0.001306,0.01,640560.723,20048.9,19322.9,19954.3,19228.3
-0.002245,-0.001306,1657670400,0.000188,0.008645,975938.165,20401.6,20220.1,19322.9,18901.0
-0.00263,0.000188,1657756800,0.009288,0.01,765989.53,20900.0,20578.6,20220.1,19600.0
0.001032,0.009288,1657843200,0.006038,0.009288,626763.692,21200.0,20823.1,20578.6,20364.3
0.00035,0.006038,1657929600,0.008038,0.01,539206.87,21580.0,21183.5,20823.1,20471.0
0.006057,0.008038,1658016000,0.01,0.01,485537.728,21674.1,20794.4,21183.6,20742.0
0.000664,0.01,1658102400,0.01,0.01,982867.734,22800.0,22423.9,20794.4,20764.4
0.01,0.01,1658188800,0.01,0.01,1124029.082,23817.9,23385.9,22423.5,21575.0
0.005128,0.01,1658275200,0.01,0.01,946647.815,24277.0,23221.5,23385.9,22912.4
0.01,0.01,1658361600,0.01,0.01,723543.466,23441.1,23144.5,23221.5,22340.2
0.003462,0.01,1658448000,0.009097,0.01,633907.934,23750.0,22675.1,23144.5,22500.0
-0.000585,0.009097,1658534400,0.00377,0.01,505887.673,22990.0,22440.2,22675.0,21933.5
0.003615,0.00377,1658620800,0.01,0.01,462958.953,22999.0,22570.6,22440.1,22256.4
-0.001596,0.01,1658707200,0.01,0.01,695770.655,22656.8,21300.0,22570.6,21232.0
-0.000047,0.01,1658793600,0.004603,0.01,552498.903,21334.4,21241.0,21300.0,20689.6
-0.005063,0.004603,1658880000,0.009229,0.009388,753370.303,23100.0,22941.1,21241.0,21031.0
0.007794,0.009229,1658966400,0.01,0.01,756741.836,24194.6,23836.2,22941.1,22583.1
0.01,0.01,1659052800,0.01,0.01,642337.051,24500.0,23771.1,23836.2,23426.3
0.01,0.01,1659139200,0.01,0.01,493824.816,24700.0,23629.9,23771.0,23505.0
0.005493,0.01,1659225600,0.01,0.01,385969.85,24187.3,23290.1,23630.0,23222.0
0.005503,0.01,1659312000,0.01,0.01,498378.292,23497.0,23257.6,23290.1,22836.2
0.000302,0.01,1659398400,0.000318,0.01,625227.912,23448.7,22975.1,23257.6,22603.0
-0.005338,0.000318,1659484800,-0.00011,0.007981,569261.768,23650.0,22801.5,22975.1,22665.3
-0.008184,-0.00011,1659571200,0.001692,0.004264,548268.816,23211.3,22608.9,22801.5,22370.0
-0.003318,0.001692,1659657600,0.006826,0.01,593992.13,23450.0,23298.1,22608.9,22580.6
0.004961,0.006826,1659744000,0.01,0.01,227659.394,23341.8,22943.3,23298.0,22883.6
-0.001807,0.01,1659830400,0.01,0.01,271512.062,23400.0,23167.8,22943.2,22830.9
0.002366,0.01,1659916800,0.01,0.01,565084.219,24243.0,23804.4,23167.9,23153.1
-0.001334,0.01,1660003200,-0.001334,0.01,498286.943,23913.4,23140.2,23804.3,22850.0
-0.004263,-0.001334,1660089600,0.007199,0.01,760738.204,24235.2,23940.9,23140.1,22608.0
0.003002,0.007199,1660176000,0.009154,0.01,760455.245,24972.0,23917.2,23941.0,23840.6
-0.00423,0.009154,1660262400,-0.003546,0.009154,477734.045,24438.8,24387.5,23917.3,23560.0
-0.005618,-0.003546,1660348800,0.002396,0.01,431093.659,24879.0,24429.0,24387.5,24267.5
-0.004105,0.002396,1660435200,-0.003803,0.004173,437314.32,25065.0,24294.1,24429.0,24138.0
-0.007987,-0.003803,1660521600,0.003334,0.008554,739390.721,25200.0,24085.2,24294.1,23762.0
-0.003776,0.003334,1660608000,0.000496,0.004933,460919.994,24234.0,23843.0,24085.2,23650.0
-0.003782,0.000496,1660694400,0.008309,0.01,640600.903,24437.0,23333.1,23843.0,23170.0
0.005066,0.008309,1660780800,0.01,0.01,347699.006,23595.0,23185.1,23333.1,23101.0
-0.009999,0.01,1660867200,0.001104,0.01,906609.825,23200.0,20824.9,23185.0,20760.0
-0.006934,0.001104,1660953600,-0.001957,0.001803,490507.042,21368.9,21127.8,20825.0,20742.9
-0.008546,-0.001957,1661040000,-0.008092,-0.000862,424282.424,21804.6,21505.6,21127.7,21055.0
-0.008094,-0.008092,1661126400,-0.003345,0.005836,588764.597,21550.0,21387.0,21505.6,20858.6
-0.003588,-0.003345,1661212800,0.002546,0.005875,609745.27,21667.2,21518.2,21387.0,20874.8
-0.005298,0.002546,1661299200,0.000185,0.002569,502728.198,21925.6,21354.9,21518.2,21132.3
-0.00531,0.000185,1661385600,-0.00164,0.004976,415757.992,21810.9,21548.3,21355.0,21295.3
-0.003747,-0.00164,1661472000,-0.002808,0.01,896474.356,21867.6,20228.7,21548.3,20100.0
-0.009246,-0.002808,1661558400,-0.001396,0.000177,469598.024,20367.7,20023.9,20228.7,19744.0
-0.013632,-0.001396,1661644800,-0.013632,-0.000154,386405.195,20155.0,19547.5,20024.0,19508.0
-0.014324,-0.013632,1661731200,0.001123,0.001675,598076.669,20440.0,20275.5,19547.5,19539.4
-0.008914,0.001123,1661817600,-0.002126,0.001331,767714.993,20574.0,19803.1,20275.5,19524.4
-0.003779,-0.002126,1661904000,0.009382,0.009428,711639.339,20496.0,20041.5,19803.2,19787.9
-0.002328,0.009382,1661990400,0.002496,0.009578,691594.721,20198.3,20122.5,20041.4,19555.0
-0.003385,0.002496,1662076800,-0.000176,0.008835,669047.816,20434.3,19941.0,20122.6,19736.0
-0.000237,-0.000176,1662163200,0.000628,0.01,285240.989,20050.0,19820.7,19941.0,19628.7
-0.003471,0.000628,1662249600,0.008315,0.009454,396798.184,20022.4,19992.7,19820.7,19570.0
-0.002946,0.008315,1662336000,-0.000245,0.009164,446706.41,20046.7,19784.9,19992.7,19620.2
-0.011934,-0.000245,1662422400,-0.008646,0.006279,945489.142,20174.7,18781.5,19784.9,18600.0
-0.008646,-0.008646,1662508800,0.000531,0.005154,595636.693,19455.0,19287.0,18781.4,18500.0
-0.001273,0.000531,1662595200,0.001312,0.006806,537268.644,19450.0,19309.3,19287.0,19003.8
-0.004174,0.001312,1662681600,0.01,0.01,992497.1,21666.0,21352.0,19309.3,19283.0
0.006895,0.01,1662768000,0.007091,0.01,491543.206,21825.0,21639.5,21352.0,21112.2
0.005278,0.007091,1662854400,0.01,0.01,420979.326,21883.4,21820.3,21639.5,21336.0
0.007761,0.01,1662940800,0.01,0.01,818601.932,22474.0,22386.0,21820.3,21540.0
-0.007323,0.01,1663027200,-0.004064,0.01,1218769.927,22850.0,20162.5,22386.0,19840.0
-0.004064,-0.004064,1663113600,0.000324,0.01,661802.597,20528.5,20217.0,20162.6,19600.0
-0.001305,0.000324,1663200000,0.008052,0.01,665862.067,20315.0,19690.8,20217.0,19453.0
0.002258,0.008052,1663286400,0.002991,0.009644,544608.804,19878.0,19792.5,19690.8,19300.0
-0.000126,0.002991,1663372800,0.00646,0.006617,334678.558,20182.6,20102.0,19792.4,19739.4
0.002753,0.00646,1663459200,0.003581,0.01,499916.474,20105.3,19404.5,20102.0,19325.8
-0.011545,0.003581,1663545600,0.007813,0.01,993776.352,19686.3,19528.6,19404.5,18215.0
-0.000212,0.007813,1663632000,0.005222,0.009394,794623.932,19625.0,18866.8,19528.6,18690.1
-0.011674,0.005222,1663718400,-0.011674,0.007128,1168068.979,20154.1,18447.5,18866.7,18084.3
-0.014435,-0.011674,1663804800,0.007261,0.01,852898.391,19504.8,19392.5,18447.5,18345.2
-0.005628,0.007261,1663891200,0.002909,0.007381,838493.746,19492.0,19280.7,19392.5,18518.5
0.001037,0.002909,1663977600,0.001037,0.006661,377158.215,19304.5,18911.0,19280.7,18798.0
-0.001591,0.001037,1664064000,-0.000605,0.007052,410461.603,19196.0,18799.7,18910.9,18621.0
-0.000607,-0.000605,1664150400,0.002262,0.008547,777807.518,19311.5,19216.3,18799.7,18671.0
-0.002895,0.002262,1664236800,0.001134,0.01,1300566.158,20375.0,19070.1,19216.3,18801.5
-0.001428,0.001134,1664323200,0.005607,0.009754,1141222.772,19787.6,19407.3,19070.1,18460.0
0.005393,0.005607,1664409600,0.01,0.01,991678.224,19648.8,19582.5,19407.4,18827.2
0.003259,0.01,1664496000,0.003259,0.01,1071462.934,20172.7,19411.7,19582.5,19066.0
0.00083,0.003259,1664582400,0.00421,0.01,294457.009,19474.0,19304.0,19411.6,19140.0
0.003519,0.00421,1664668800,0.003941,0.00674,414970.451,19389.0,19049.4,19304.0,18896.0
0.003941,0.003941,1664755200,0.01,0.01,621816.329,19723.7,19622.0,19049.3,18950.8
0.01,0.01,1664841600,0.01,0.01,796678.762,20500.0,20333.0,19621.9,19480.1
0.01,0.01,1664928000,0.01,0.01,719577.149,20356.1,20150.0,20332.9,19707.0
0.01,0.01,1665014400,0.01,0.01,782034.669,20443.9,19954.0,20149.9,19843.3
0.003893,0.01,1665100800,0.003942,0.01,673407.102,20067.0,19520.9,19954.0,19304.4
0.002507,0.003942,1665187200,0.003272,0.008905,253257.201,19619.6,19406.2,19520.9,19200.0
0.000869,0.003272,1665273600,0.006244,0.006617,267178.795,19550.0,19430.0,19406.3,19310.0
0.003277,0.006244,1665360000,0.01,0.01,560920.904,19513.0,19124.0,19430.0,19000.0
0.01,0.01,1665446400,0.01,0.01,603358.324,19260.0,19055.0,19124.1,18850.0
0.007192,0.01,1665532800,0.00745,0.01,406770.288,19240.0,19148.0,19055.0,18924.3
0.003255,0.00745,1665619200,0.003255,0.01,1104615.001,19498.6,19365.5,19148.1,17917.8
0.002293,0.003255,1665705600,0.004374,0.01,861453.21,19947.9,19164.6,19365.4,19059.6
0.001172,0.004374,1665792000,0.002746,0.007353,241520.185,19218.8,19060.4,19164.6,18966.0
-0.000447,0.002746,1665878400,0.000331,0.004516,267921.192,19415.9,19251.9,19060.4,19058.0
-0.000123,0.000331,1665964800,0.01,0.01,502319.759,19666.0,19540.6,19251.8,19148.0
0.006536,0.01,1666051200,0.007545,0.01,634343.154,19706.4,19320.9,19540.7,19081.0
0.007545,0.007545,1666137600,0.01,0.01,404370.458,19349.8,19116.7,19320.9,19050.0
0.000813,0.01,1666224000,0.004693,0.01,537627.048,19350.0,19034.7,19116.6,18882.4
-0.001687,0.004693,1666310400,0.003762,0.006566,581878.905,19240.0,19150.9,19034.8,18600.0
-0.001435,0.003762,1666396800,0.004151,0.00947,174055.042,19250.0,19195.1,19151.0,19103.5
-0.002031,0.004151,1666483200,0.01,0.01,358611.542,19690.0,19560.7,19195.1,19050.0
0.000583,0.01,1666569600,0.004359,0.01,476676.536,19593.3,19318.1,19560.6,19146.0
-0.000723,0.004359,1666656000,0.002311,0.009696,777306.534,20415.0,20068.3,19318.1,19228.0
-0.002721,0.002311,1666742400,-0.000048,0.006199,841864.982,21030.0,20758.3,20068.3,20041.1
-0.00491,-0.000048,1666828800,-0.001228,0.008437,614910.045,20863.7,20285.5,20758.4,20170.0
-0.004492,-0.001228,1666915200,0.002457,0.005251,595538.882,20740.0,20582.8,20285.6,19951.0
-0.002962,0.002457,1667001600,-0.002497,0.007363,482217.17,21088.0,20796.7,20582.7,20547.8
-0.002697,-0.002497,1667088000,0.001601,0.008079,295389.69,20925.2,20615.6,20796.7,20503.0
-0.001342,0.001601,1667174400,0.000722,0.007437,478797.266,20838.7,20482.0,20615.5,20225.4
-0.003424,0.000722,1667260800,0.004765,0.005675,314676.187,20687.0,20472.1,20482.1,20320.0
0.00065,0.004765,1667347200,0.002714,0.007671,651535.761,20796.0,20140.1,20472.1,20050.0
-0.00053,0.002714,1667433600,0.004429,0.007899,372121.061,20400.0,20199.7,20140.2,20026.0
-0.003665,0.004429,1667520000,0.004409,0.007097,824515.215,21297.0,21137.6,20199.8,20171.6
0.001787,0.004409,1667606400,0.006491,0.01,303983.372,21473.7,21289.9,21137.6,21071.1
0.005236,0.006491,1667692800,0.007812,0.01,277148.646,21355.8,20900.0,21289.8,20863.3
-0.001847,0.007812,1667779200,0.006608,0.01,554408.316,21062.6,20578.6,20900.0,20374.0
0.006608,0.006608,1667865600,0.006608,0.006608,2046476.313,20685.0,18534.0,20578.5,16830.0
-0.120652,-0.012182,1667952000,-0.119172,0.00929,2065606.412,18574.9,15905.0,18533.9,15462.6
-0.142765,-0.119172,1668038400,-0.019452,-0.019452,1497093.602,18230.0,17588.0,15905.0,15730.0
-0.019809,-0.019452,1668124800,0.00528,0.005493,955344.602,17678.0,17058.3,17588.0,16343.0
-0.005366,0.00528,1668211200,0.000344,0.01,304455.717,17110.8,16806.9,17058.4,16623.8
-0.011417,0.000344,1668297600,-0.003668,0.005148,349742.836,16950.0,16321.2,16806.9,16210.3
-0.013897,-0.003668,1668384000,-0.010832,0.005119,934392.484,17188.0,16605.2,16321.3,15805.5
-0.023631,-0.010832,1668470400,-0.013216,0.003379,649349.458,17127.2,16888.3,16605.3,16516.7
-0.01434,-0.013216,1668556800,-0.004534,0.004361,537241.645,17007.4,16650.6,16888.3,16358.0
-0.009688,-0.004534,1668643200,-0.002838,-0.00182,408989.285,16741.7,16682.1,16650.7,16403.3
-0.004533,-0.002838,1668729600,0.005595,0.009362,388612.842,16984.4,16689.7,16682.1,16541.1
-0.003534,0.005595,1668816000,-0.000769,0.00997,171822.915,16814.5,16692.9,16689.7,16543.8
-0.005409,-0.000769,1668902400,0.00787,0.00787,327599.214,16743.9,16272.6,16693.0,16167.1
-0.007517,0.00787,1668988800,-0.007497,0.009216,790219.365,16304.3,15773.0,16272.7,15443.2
-0.007498,-0.007497,1669075200,0.00939,0.01,579333.644,16309.0,16220.6,15772.9,15610.3
-0.000749,0.00939,1669161600,0.005398,0.01,546714.91,16703.4,16595.8,16220.5,16155.5
-0.000792,0.005398,1669248000,0.002056,0.007163,351024.418,16800.0,16592.4,16595.8,16450.0
-0.003402,0.000757,1669334400,0.00381,0.006012,306560.116,16639.9,16516.1,16592.5,16331.7
-0.00348,0.00381,1669420800,0.001088,0.005672,253401.659,16699.1,16449.2,16516.2,16369.1
-0.003913,0.001088,1669507200,0.002267,0.00525,189370.345,16594.2,16422.6,16449.2,16396.0
-0.003895,0.002267,1669593600,0.00476,0.007735,497137.869,16475.0,16204.5,16422.5,15984.1
-0.002932,0.00476,1669680000,0.003404,0.009271,391410.854,16543.0,16433.2,16204.6,16088.0
0.001077,0.003404,1669766400,0.001102,0.009523,620324.95,17248.3,17153.3,16433.3,16421.5
-0.00835,0.001102,1669852800,0.0082,0.01,411051.309,17348.5,16970.5,17153.4,16851.2
-0.005148,0.0082,1669939200,0.0033,0.008203,335039.215,17096.3,17083.0,16970.5,16760.0
0.002338,0.0033,1670025600,0.006159,0.01,185257.242,17160.0,16879.5,17083.0,16850.1
-0.000507,0.006159,1670112000,0.00005,0.007601,292090.868,17206.2,17099.5,16879.5,16874.1
-0.004894,0.00005,1670198400,0.002206,0.005544,519961.39,17430.0,16958.3,17099.5,16860.6
-0.002661,0.002206,1670284800,0.007913,0.00795,321330.613,17100.0,17078.6,16958.2,16899.9
-0.002348,0.007913,1670371200,0.001206,0.008107,337778.925,17130.0,16828.0,17078.7,16655.0
-0.003193,0.001206,1670457600,0.001211,0.002466,402157.335,17294.9,17216.0,16828.0,16710.4
-0.002998,0.001211,1670544000,-0.001696,0.009265,290231.183,17365.4,17122.0,17216.0,17052.0
-0.002521,-0.001696,1670630400,0.000929,0.002797,141895.207,17228.6,17120.0,17122.0,17081.0
-0.001724,0.000929,1670716800,0.002407,0.003776,171004.111,17265.0,17077.3,17120.1,17060.0
-0.002036,0.002407,1670803200,0.00306,0.004275,335856.258,17237.9,17200.0,17077.3,16865.0
0.000618,0.00306,1670889600,0.01,0.01,596851.291,18100.0,17777.1,17200.0,17076.0
0.01,0.01,1670976000,0.01,0.01,627511.699,18400.0,17803.9,17777.1,17659.4
0.004453,0.01,1671062400,0.004814,0.01,437284.037,17849.5,17351.8,17804.0,17258.0
-0.002699,0.004814,1671148800,0.00201,0.006319,622150.245,17528.0,16624.1,17351.9,16521.1
0.00201,0.00201,1671235200,0.006274,0.01,248465.273,16790.0,16768.0,16624.1,16571.8
-0.002112,0.006274,1671321600,0.006468,0.01,185898.213,16872.0,16730.3,16768.1,16656.0
-0.009717,0.006468,1671408000,0.005632,0.01,344728.552,16809.6,16429.2,16730.4,16210.0
-0.002261,0.005632,1671494400,0.00376,0.006252,476171.098,17049.6,16887.2,16429.2,16390.3
0.000527,0.00376,1671580800,0.002918,0.008676,227752.335,16924.2,16819.6,16887.3,16694.2
0.001957,0.002918,1671667200,0.01,0.01,306610.961,16861.9,16815.5,16819.7,16556.1
0.006608,0.01,1671753600,0.01,0.01,264553.42,16960.0,16776.4,16815.5,16690.0
0.000536,0.01,1671840000,0.000536,0.01,82410.79,16859.9,16828.9,16776.3,16774.4
-0.00004,0.000536,1671926400,0.003316,0.005229,144075.843,16850.0,16824.4,16829.0,16700.0
-0.005321,0.003316,1672012800,0.008672,0.008678,148128.699,16936.8,16912.9,16824.5,16781.1
-0.000072,0.008672,1672099200,0.004256,0.009041,262828.564,16968.0,16698.2,16912.8,16580.0
0.001598,0.004256,1672185600,0.01,0.01,344649.858,16778.3,16539.0,16698.2,16455.6
0.006848,0.01,1672272000,0.01,0.01,208591.531,16659.0,16630.3,16538.9,16485.1
0.006174,0.01,1672358400,0.01,0.01,295630.49,16666.6,16601.2,16630.3,16320.0
0.01,0.01,1672444800,0.01,0.01,134462.156,16640.0,16537.6,16601.2,16461.8
-0.001567,0.01,1672531200,-0.001488,0.01,105502.965,16618.8,16610.3,16537.5,16488.0
-0.004679,-0.001488,1672617600,0.01,0.01,215161.176,16799.0,16666.0,16610.4,16541.2
0.002922,0.01,1672704000,0.006478,0.01,203070.205,16774.0,16667.2,16665.9,16600.3
0.003231,0.006478,1672790400,0.005448,0.01,349747.838,16984.6,16842.1,16667.3,16645.7
0.001756,0.005448,1672876800,0.005548,0.00852,176369.347,16872.8,16823.8,16842.2,16740.4
0.002449,0.005548,1672963200,0.00248,0.01,316973.629,17030.0,16943.8,16823.8,16664.8
-0.001756,0.00248,1673049600,0.005654,0.01,77973.105,16973.6,16936.5,16943.9,16900.1
0.00181,0.005654,1673136000,0.005679,0.01,157717.318,17181.1,17124.7,16936.5,16905.0
-0.002595,0.005679,1673222400,0.002441,0.006159,400277.809,17387.8,17169.7,17124.6,17098.2
0.002051,0.002441,1673308800,0.002761,0.01,297320.371,17485.4,17428.8,17169.6,17140.4
-0.003025,0.002761,1673395200,0.007517,0.007517,386277.106,18013.2,17935.7,17428.8,17306.4
0.007517,0.007517,1673481600,0.01,0.01,1040334.76,19120.0,18838.0,17935.6,17902.4
0.003026,0.01,1673568000,0.0087,0.01,806807.832,19997.8,19924.2,18838.1,18711.0
0.0087,0.0087,1673654400,0.013795,0.053614,1010666.683,21544.0,20962.8,19924.3,19882.6
0.01,0.013795,1673740800,0.01,0.022718,428486.559,21073.8,20882.7,20962.8,20556.0
0.01,0.01,1673827200,0.01,0.01,666148.201,21498.0,21188.3,20882.7,20606.6
0.01,0.01,1673913600,0.01,0.01,547390.593,21640.0,21130.9,21188.2,20827.8
0.01,0.01,1674000000,0.01,0.01,813785.517,21672.0,20680.0,21130.8,20386.0
0.01,0.01,1674086400,0.01,0.01,374733.617,21183.9,21068.3,20680.1,20659.9
0.01,0.01,1674172800,0.01,0.01,723645.2,22750.0,22661.1,21068.3,20856.4
0.01,0.01,1674259200,0.01,0.01,764681.1,23390.0,22781.9,22661.0,22422.0
0.01,0.01,1674345600,0.01,0.01,482529.811,23080.2,22704.6,22781.8,22287.0
0.01,0.01,1674432000,0.01,0.01,525802.84,23193.1,22913.1,22704.7,22500.0
0.01,0.01,1674518400,0.01,0.01,505615.816,23158.7,22627.4,22913.3,22450.0
0.01,0.01,1674604800,0.01,0.01,692786.607,23837.4,23060.6,22627.5,22310.5
0.01,0.01,1674691200,0.01,0.01,427760.786,23278.7,23001.9,23060.6,22843.8
0.006491,0.01,1674777600,0.01,0.01,509920.307,23500.0,23068.0,23001.9,22516.6
0.01,0.01,1674864000,0.01,0.01,186400.943,23185.0,23015.9,23068.1,22870.8
0.01,0.01,1674950400,0.01,0.01,562028.231,23962.7,23740.3,23016.0,22961.5
0.01,0.01,1675036800,0.01,0.01,572537.407,23804.6,22819.9,23740.2,22484.2
0.01,0.01,1675123200,0.01,0.01,403726.966,23330.0,23119.4,22819.9,22715.3
0.01,0.01,1675209600,0.01,0.01,571429.711,23852.4,23730.0,23119.5,22747.0
0.01,0.01,1675296000,0.01,0.01,615740.338,24281.4,23493.1,23730.1,23365.0
0.01,0.01,1675382400,0.01,0.01,470831.438,23719.9,23424.7,23493.0,23201.0
0.01,0.01,1675468800,0.01,0.01,197118.393,23591.4,23322.6,23424.7,23250.0
0.01,0.01,1675555200,0.01,0.01,356665.034,23436.0,22929.2,23322.6,22741.0
0.01,0.01,1675641600,0.01,0.01,417160.143,23159.4,22757.7,22929.3,22600.0
0.01,0.01,1675728000,0.01,0.01,447273.494,23368.6,23234.1,22757.8,22742.4
0.01,0.01,1675814400,0.01,0.01,383465.481,23450.0,22955.9,23234.1,22662.9
0.01,0.01,1675900800,0.01,0.01,732295.35,23007.8,21793.4,22955.9,21684.7
0.007742,0.01,1675987200,0.007742,0.01,439986.497,21933.8,21618.6,21793.3,21405.0
0.004176,0.007742,1676073600,0.005343,0.01,189249.667,21891.9,21851.3,21618.6,21594.4
0.000026,0.005343,1676160000,0.002098,0.01,276787.093,22080.9,21771.1,21851.2,21618.0
0.000633,0.002098,1676246400,0.01,0.01,511595.693,21888.0,21766.2,21771.0,21338.0
0.002187,0.01,1676332800,0.002409,0.01,598791.509,22320.0,22187.4,21766.1,21485.2
0.000955,0.002409,1676419200,0.01,0.01,824676.471,24420.0,24332.6,22187.4,22038.5
0.01,0.01,1676505600,0.01,0.025877,959463.159,25290.0,23526.6,24332.7,23518.0
0.01,0.01,1676592000,0.01,0.01,922717.148,25043.2,24581.5,23526.6,23350.0
0.01,0.01,1676678400,0.01,0.01,261555.556,24887.5,24636.9,24581.3,24430.6
0.01,0.01,1676764800,0.01,0.01,543506.628,25200.0,24265.9,24636.8,24179.4
0.01,0.01,1676851200,0.01,0.01,646401.072,25140.0,24849.9,24265.9,23827.0
0.01,0.01,1676937600,0.01,0.01,729290.575,25347.6,24443.4,24849.9,24150.0
0.01,0.01,1677024000,0.01,0.01,730414.101,24468.5,24171.3,24443.3,23572.0
0.003297,0.01,1677110400,0.004978,0.01,751339.414,24588.0,23928.8,24171.3,23590.0
-0.004223,0.004978,1677196800,0.001219,0.01,731577.942,24138.6,23175.6,23928.7,22800.0
-0.00108,0.001219,1677283200,0.007378,0.0075,310795.648,23210.5,23146.2,23175.5,22700.0
0.001324,0.007378,1677369600,0.008133,0.01,371395.056,23675.0,23545.3,23146.2,23050.0
0.000554,0.008133,1677456000,0.003414,0.009147,576754.966,23888.0,23480.0,23545.2,23088.0
-0.00078,0.003414,1677542400,0.000224,0.006431,456919.838,23592.8,23129.6,23480.0,23010.0
-0.000474,0.000224,1677628800,0.008612,0.01,617250.311,24022.7,23619.8,23129.7,23008.4
0.007133,0.008612,1677715200,0.01,0.01,419256.601,23790.5,23457.1,23619.8,23183.0
-0.005449,0.01,1677801600,0.000537,0.01,608518.137,23468.5,22342.8,23457.1,21883.2
-0.000553,0.000537,1677888000,0.001883,0.004427,175309.211,22400.0,22335.7,22342.8,22147.5
-0.000567,0.001883,1677974400,0.004066,0.005242,282261.745,22650.0,22419.4,22335.8,22174.9
0.001226,0.004066,1678060800,0.001226,0.007953,298976.397,22594.5,22397.1,22419.3,22240.1
0.001,0.001226,1678147200,0.002956,0.005612,548494.099,22550.0,22187.1,22397.1,21908.0
0.000116,0.002956,1678233600,0.01,0.01,547867.967,22276.4,21695.4,22187.1,21540.5
-0.008822,0.01,1678320000,-0.008822,0.01,951903.36,21823.0,20348.3,21695.3,20003.5
-0.013091,-0.008822,1678406400,0.002392,0.003533,1238135.265,20351.8,20140.3,20348.4,19521.6
-0.004317,0.002392,1678492800,0.000357,0.002392,753479.558,20674.5,20447.3,20140.3,19752.5
-0.004693,0.000357,1678579200,0.01,0.01,881522.402,22184.0,21986.2,20447.3,20262.2
0.001454,0.01,1678665600,0.015295,0.031377,1534982.176,24517.2,24119.5,21986.2,21804.0
0.01,0.015295,1678752000,0.01,0.043771,1572562.635,26489.9,24682.5,24119.5,23951.0
0.01,0.01,1678838400,0.01,0.03403,1102056.429,25200.0,24288.0,24682.5,23888.0
0.003244,0.01,1678924800,0.003285,0.01,735446.946,25167.9,24990.4,24287.9,24120.5
0.002003,0.003285,1679011200,0.01,0.01,1341159.064,27763.4,27384.0,24990.5,24875.3
0.01,0.01,1679097600,0.01,0.01,740232.316,27726.4,26907.0,27383.9,26555.5
0.01,0.01,1679184000,0.01,0.01,759367.078,28397.0,27955.7,26907.0,26815.9
0.005795,0.01,1679270400,0.008078,0.01,937223.448,28483.2,27704.1,27955.8,27120.6
-0.00005,0.008078,1679356800,0.000311,0.008498,685487.714,28460.0,28091.1,27704.1,27288.0
-0.000614,0.000311,1679443200,0.000253,0.01,1080393.27,28881.0,27233.8,28091.1,26590.0
-0.002679,0.000253,1679529600,0.01,0.01,808174.047,28777.0,28284.1,27233.8,27101.0
-0.008192,0.01,1679616000,-0.000263,0.01,696075.37,28369.1,27438.9,28284.0,26960.0
-0.004432,-0.000263,1679702400,0.000088,0.002543,335674.055,27788.0,27447.3,27439.0,27131.8
-0.003747,0.000088,1679788800,0.00288,0.005231,399756.985,28186.9,27954.3,27447.2,27400.0
-0.003936,0.00288,1679875200,-0.00137,0.006848,642434.822,28019.4,27112.0,27954.3,26480.0
-0.002941,-0.00137,1679961600,0.006117,0.01,585080.772,27500.0,27249.7,27112.0,26610.0
0.000149,0.006117,1680048000,0.007045,0.01,655852.971,28649.9,28338.5,27249.7,27223.6
-0.002907,0.007045,1680134400,-0.002694,0.01,770966.1,29184.8,28015.0,28338.6,27654.1
-0.004373,-0.002694,1680220800,0.01,0.01,611557.29,28675.3,28454.9,28015.0,27500.0
0.00398,0.01,1680307200,0.004516,0.01,256487.222,28845.3,28443.8,28454.8,28180.0
-0.000438,0.004516,1680393600,0.001746,0.008904,316658.67,28516.5,28161.2,28443.7,27820.0
-0.007302,0.001746,1680480000,-0.00608,0.009066,741665.563,28540.0,27786.1,28161.3,27166.0
-0.00608,-0.00608,1680566400,0.002754,0.002794,432370.612,28450.0,28155.2,27786.1,27650.2
-0.003823,0.002754,1680652800,0.001442,0.01,543712.838,28800.0,28154.0,28155.1,27775.0
-0.003758,0.001442,1680739200,0.000937,0.004112,355916.782,28175.0,28022.8,28154.0,27684.2
-0.002367,0.000937,1680825600,0.000336,0.002289,219250.178,28096.0,27890.7,28022.9,27755.0
-0.002439,0.000336,1680912000,0.000927,0.005398,159129.56,28153.6,27924.9,27890.7,27850.1
-0.003721,0.000927,1680998400,0.01,0.01,305861.88,28539.1,28309.4,27924.9,27762.8
0.006167,0.01,1681084800,0.01,0.01,580061.925,29840.0,29623.1,28309.4,28153.6
0.008744,0.01,1681171200,0.00959,0.01,628978.491,30564.0,30185.1,29623.1,29573.9
0.000278,0.00959,1681257600,0.00666,0.01,563668.43,30480.0,29875.0,30185.1,29620.0
-0.000119,0.00666,1681344000,-0.000106,0.01,436182.494,30648.9,30362.7,29874.9,29836.7
-0.005752,-0.000106,1681430400,-0.005071,0.01,615391.615,31059.0,30453.1,30362.7,29925.0
-0.005071,-0.005071,1681516800,0.007144,0.01,180234.082,30599.9,30280.4,30453.0,30186.0
0.00704,0.007144,1681603200,0.01,0.01,210226.019,30560.0,30286.6,30280.4,30102.0
0.00267,0.01,1681689600,0.004649,0.01,455518.548,30307.4,29420.0,30286.6,29219.9
-0.002241,0.004649,1681776000,0.01,0.01,533189.27,30480.0,30365.8,29420.1,29078.1
-0.004659,0.01,1681862400,0.008579,0.01,643866.11,30410.0,28795.1,30365.8,28557.3
0.003234,0.008579,1681948800,0.006372,0.01,639179.286,29078.0,28229.9,28795.0,27983.0
0.006013,0.006372,1682035200,0.01,0.01,687832.833,28368.9,27252.5,28229.9,27100.0
-0.000346,0.01,1682121600,0.003703,0.01,345549.021,27888.0,27807.2,27252.6,27126.0
-0.000543,0.003703,1682208000,0.004691,0.006384,332082.355,27807.3,27576.0,27807.2,27279.7
0.001602,0.004691,1682294400,0.005098,0.006619,581268.268,28000.0,27497.5,27575.9,26919.3
0.004041,0.005098,1682380800,0.00439,0.01,508254.515,28379.9,28286.7,27497.4,27176.6
-0.003317,0.00439,1682467200,0.002518,0.01,1284924.668,30048.2,28395.9,28286.7,27200.0
0.001834,0.002518,1682553600,0.01,0.01,952584.739,29898.0,29459.0,28396.0,28365.3
-0.000005,0.01,1682640000,0.000086,0.01,508350.155,29591.1,29300.0,29459.0,28870.0
-0.000371,0.000086,1682726400,0.003152,0.01,218013.244,29443.9,29212.7,29300.0,29000.4
0.002429,0.003152,1682812800,0.002429,0.007717,417798.846,29950.0,29223.0,29212.7,29067.4
-0.006505,0.002429,1682899200,0.000968,0.009697,624974.488,29325.5,28054.4,29223.0,27650.0
-0.000342,0.000968,1682985600,0.008568,0.008568,513546.269,28888.0,28656.5,28054.5,27854.0
0.003853,0.008568,1683072000,0.01,0.01,676466.23,29258.4,29018.4,28656.4,28080.0
0.001701,0.01,1683158400,0.003708,0.01,426425.584,29380.0,28826.0,29018.4,28660.0
0.001789,0.003708,1683244800,0.01,0.01,578485.177,29693.0,29491.5,28826.0,28618.3
0.003979,0.01,1683331200,0.004321,0.01,475628.901,29840.0,28837.8,29491.5,28333.0
0.000727,0.004321,1683417600,0.000727,0.007486,308410.643,29137.0,28419.4,28837.9,28370.0
-0.004596,0.000727,1683504000,0.005099,0.00777,658188.777,28624.6,27659.8,28419.5,27250.0
0.000329,0.005099,1683590400,0.003851,0.009563,367664.686,27815.6,27610.2,27659.8,27316.8
-0.007608,0.003851,1683676800,0.00158,0.01,722502.676,28297.0,27582.9,27610.2,26666.6
0.00158,0.00158,1683763200,0.003675,0.009586,538822.363,27630.0,26956.4,27583.0,26688.8
-0.000092,0.003675,1683849600,-0.00001,0.008641,615645.508,27090.0,26785.1,26956.4,25751.0
-0.000164,-0.00001,1683936000,0.001715,0.007883,242694.929,27051.5,26762.7,26785.2,26674.9
0.001091,0.001715,1684022400,0.004452,0.00541,247579.427,27200.0,26901.9,26762.8,26557.0
-0.003095,0.004452,1684108800,0.008642,0.008649,450263.076,27650.0,27152.5,26901.9,26694.4
0.002399,0.008642,1684195200,0.008371,0.009938,373172.951,27284.7,27024.8,27152.5,26832.0
0.003731,0.008371,1684281600,0.01,0.01,490065.218,27500.0,27395.8,27024.7,26527.5
0.000342,0.01,1684368000,0.002716,0.01,544971.979,27482.7,26809.3,27395.7,26335.3
0.00117,0.002716,1684454400,0.00533,0.006931,324097.956,27180.0,26870.1,26809.4,26611.2
-0.001009,0.00533,1684540800,0.004792,0.00705,137515.354,27144.4,27089.5,26870.1,26813.5
0.002991,0.004792,1684627200,0.002991,0.009051,238776.425,27288.0,26732.8,27089.6,26642.0
-0.001956,0.002991,1684713600,0.01,0.01,328030.52,27097.8,26840.2,26732.8,26500.0
0.01,0.01,1684800000,0.01,0.01,369176.618,27527.5,27209.9,26840.2,26782.6
-0.000727,0.01,1684886400,0.005858,0.01,535191.677,27212.9,26313.8,27209.9,26060.0
0.005787,0.005858,1684972800,0.01,0.01,394535.225,26644.0,26461.8,26313.9,25850.0
0.002661,0.01,1685059200,0.007146,0.01,324475.546,26925.0,26689.9,26461.7,26313.9
0.006991,0.007146,1685145600,0.00988,0.01,163681.935,26890.0,26841.6,26689.8,26528.6
0.00988,0.00988,1685232000,0.00988,0.00988,440115.394,28252.8,28055.7,26841.6,26746.0
0.006255,0.01,1685318400,0.006255,0.01,411290.549,28442.0,27722.0,28055.8,27513.5
0.001392,0.006255,1685404800,0.00232,0.00913,334379.313,28038.6,27680.1,27722.1,27530.0
0.002087,0.00232,1685491200,0.002087,0.01,471381.89,27825.0,27201.1,27680.0,26826.0
0.001499,0.002087,1685577600,0.004735,0.01,404787.572,27347.9,26805.3,27201.1,26600.0
0.004735,0.004735,1685664000,0.007411,0.01,391110.093,27290.0,27227.8,26805.3,26477.6
0.004083,0.007411,1685750400,0.00485,0.01,182464.1,27340.2,27054.9,27227.8,26900.0
0.004514,0.00485,1685836800,0.01,0.01,218271.544,27460.0,27102.4,27054.9,26935.3
-0.00735,0.01,1685923200,-0.007178,0.01,700502.548,27125.0,25714.7,27102.4,25360.1
-0.007194,-0.007178,1686009600,0.01,0.01,731445.649,27358.1,27221.5,25714.6,25321.6
0.003853,0.01,1686096000,0.005504,0.01,660044.537,27394.4,26325.9,27221.5,26111.0
0.000077,0.005504,1686182400,0.006616,0.006969,333104.839,26800.0,26485.9,26325.9,26195.4
0.004295,0.006616,1686268800,0.00874,0.01,283719.198,26775.0,26468.1,26486.0,26236.0
0.001148,0.00874,1686355200,0.004483,0.01,608917.569,26525.0,25826.6,26468.2,25300.0
0.002768,0.004483,1686441600,0.008758,0.01,279365.563,26199.0,25909.9,25826.6,25621.3
0.001767,0.008758,1686528000,0.01,0.01,298900.468,26097.7,25894.8,25910.0,25600.0
0.002296,0.01,1686614400,0.002489,0.01,434536.754,26430.5,25918.0,25894.8,25708.0
-0.003579,0.002489,1686700800,-0.003267,0.00811,464681.602,26099.3,25115.9,25918.0,24796.8
-0.003341,-0.003267,1686787200,0.003916,0.01,473971.375,25750.0,25586.1,25115.9,24777.0
-0.001805,0.003916,1686873600,0.009868,0.009889,533144.956,26526.9,26336.0,25586.0,25142.1
0.003034,0.009868,1686960000,0.003706,0.01,305738.396,26900.0,26508.9,26335.9,26170.8
0.003706,0.003706,1687046400,0.007038,0.01,241977.484,26709.4,26329.7,26508.8,26230.9
0.003284,0.007038,1687132800,0.004365,0.01,400533.758,27077.0,26828.5,26329.6,26241.2
-0.006439,0.004365,1687219200,0.006357,0.006568,758176.297,28397.8,28290.6,26828.6,26633.9
0.0017,0.006357,1687305600,0.01,0.01,1123474.427,30822.0,29988.5,28290.7,28236.4
0.00804,0.01,1687392000,0.01,0.01,561051.742,30488.0,29875.0,29988.5,29500.1
0.008138,0.01,1687478400,0.01,0.01,699073.071,31500.0,30673.4,29875.0,29792.0
0.01,0.01,1687564800,0.01,0.01,279539.288,30796.5,30524.2,30673.5,30222.0
0.01,0.01,1687651200,0.01,0.01,301533.154,31053.2,30458.0,30524.2,30252.6
0.01,0.01,1687737600,0.01,0.01,415099.356,30667.3,30260.1,30458.0,29890.1
0.008081,0.01,1687824000,0.01,0.01,406073.348,30998.5,30683.2,30260.1,30213.0
0.003891,0.01,1687910400,0.006574,0.01,416656.434,30701.8,30066.3,30683.2,29804.6
0.006574,0.006574,1687996800,0.01,0.01,382072.846,30837.0,30439.9,30066.3,30036.1
0.01,0.01,1688083200,0.01,0.01,809331.305,31300.0,30460.2,30439.9,29500.0
0.01,0.01,1688169600,0.01,0.01,135520.246,30668.2,30573.6,30460.2,30311.3
0.01,0.01,1688256000,0.01,0.01,231866.188,30800.0,30612.7,30573.6,30149.9
0.01,0.01,1688342400,0.01,0.01,370293.236,31395.2,31149.0,30612.7,30559.4
0.01,0.01,1688428800,0.01,0.01,300832.26,31319.4,30756.1,31149.0,30600.0
0.008172,0.01,1688515200,0.01,0.01,294896.578,30875.2,30488.4,30756.1,30175.8
-0.001279,0.01,1688601600,0.000834,0.01,721267.219,31568.0,29874.4,30488.4,29818.0
-0.003485,0.000834,1688688000,0.003777,0.005528,337801.654,30443.6,30327.9,29874.3,29680.0
0.000609,0.003777,1688774400,0.005737,0.006173,138734.493,30380.0,30269.3,30328.0,30026.8
-0.002182,0.005737,1688860800,-0.002182,0.008017,162296.263,30443.4,30147.8,30269.2,30042.0
-0.003138,-0.002182,1688947200,0.00801,0.01,429115.537,31040.0,30396.9,30147.8,29928.8
0.001189,0.00801,1689033600,0.007041,0.008943,298904.747,30804.9,30608.4,30396.9,30261.4
-0.001573,0.007041,1689120000,-0.001147,0.009965,425058.257,30980.5,30368.9,30608.3,30186.0
-0.007563,-0.001147,1689206400,0.01,0.01,696023.51,31850.0,31441.7,30368.9,30233.0
-0.007313,0.01,1689292800,-0.007313,0.01,538692.246,31640.0,30293.3,31441.6,29876.6
-0.008062,-0.007313,1689379200,0.001965,0.004733,111622.474,30380.0,30276.4,30293.3,30220.2
0.001927,0.001965,1689465600,0.002794,0.008195,173805.94,30441.6,30216.8,30276.5,30050.0
-0.002226,0.002794,1689552000,0.003986,0.006929,344113.427,30329.7,30126.1,30216.9,29630.0
0.003986,0.003986,1689638400,0.01,0.01,337396.417,30227.5,29845.6,30126.0,29400.0
0.002661,0.01,1689724800,0.002661,0.01,298418.854,30178.5,29895.5,29845.7,29745.0
0.000413,0.002661,1689811200,0.002926,0.01,410263.764,30420.0,29791.0,29895.5,29468.8
0.000566,0.002926,1689897600,0.002211,0.006114,221145.074,30056.2,29891.4,29791.0,29705.9
-0.002355,0.002211,1689984000,0.002908,0.008564,143375.956,29986.0,29783.5,29891.5,29602.2
0.002908,0.002908,1690070400,0.01,0.01,224713.846,30368.2,30070.8,29783.5,29718.9
0.001629,0.01,1690156800,0.007738,0.01,434182.417,30091.7,29163.8,30070.9,28830.0
0.005529,0.007738,1690243200,0.009468,0.01,196438.618,29379.5,29216.3,29163.8,29033.0
0.003132,0.009468,1690329600,0.003136,0.01,318527.582,29670.5,29336.0,29216.2,29083.0
0.000826,0.003136,1690416000,0.00435,0.008501,223376.534,29558.4,29209.7,29336.0,29065.5
0.00261,0.00435,1690502400,0.01,0.01,221299.867,29535.7,29299.9,29209.8,29112.8
0.004006,0.01,1690588800,0.008175,0.01,87100.719,29397.9,29339.1,29300.0,29237.5
0.001002,0.008175,1690675200,0.002369,0.009174,169901.253,29442.5,29271.1,29339.1,29006.0
0.002369,0.002369,1690761600,0.006286,0.01,230381.722,29525.8,29220.8,29271.2,29100.0
0.002776,0.006286,1690848000,0.01,0.01,442328.643,29735.0,29701.2,29220.8,28550.0
0.01,0.01,1690934400,0.01,0.01,491725.492,30059.9,29170.1,29701.2,28906.3
0.005989,0.01,1691020800,0.008118,0.01,251967.942,29440.0,29180.2,29170.2,28955.4
0.003346,0.008118,1691107200,0.004181,0.01,229395.673,29323.8,29101.1,29180.1,28780.0
0.003842,0.004181,1691193600,0.01,0.01,82508.624,29145.0,29057.7,29101.1,28960.0
0.008381,0.01,1691280000,0.01,0.01,103094.44,29199.0,29075.9,29057.7,28978.5
0.007273,0.01,1691366400,0.01,0.01,297752.439,29274.5,29202.7,29075.9,28682.3
0.00076,0.01,1691452800,0.008084,0.01,459269.801,30250.0,29759.0,29202.7,29132.4
0.005237,0.008084,1691539200,0.01,0.01,362009.701,30149.7,29572.8,29758.9,29362.0
0.005394,0.01,1691625600,0.01,0.01,234546.038,29729.8,29443.7,29572.9,29303.7
0.006434,0.01,1691712000,0.01,0.01,179044.008,29565.1,29415.5,29443.7,29220.0
0.007121,0.01,1691798400,0.01,0.01,56238.035,29470.0,29420.7,29415.5,29360.0
0.004077,0.01,1691884800,0.01,0.01,84190.505,29463.0,29293.3,29420.8,29256.6
0.009451,0.01,1691971200,0.01,0.01,295035.383,29686.7,29419.5,29293.3,29070.0
0.00613,0.01,1692057600,0.01,0.01,191289.959,29492.1,29188.8,29419.5,29050.0
0.01,0.01,1692144000,0.01,0.01,272023.138,29257.4,28714.4,29188.9,28705.1
0.006677,0.01,1692230400,0.01,0.01,868508.22,28775.9,26609.7,28714.4,24581.0
-0.000619,0.01,1692316800,-0.000274,0.01,522375.316,26818.0,26042.1,26609.7,25600.0
-0.009016,-0.000274,1692403200,-0.003134,0.000882,202219.153,26269.4,26088.3,26042.0,25783.4
-0.00526,-0.003134,1692489600,-0.002797,0.000425,141089.85,26285.0,26175.9,26088.4,25948.5
-0.003476,-0.002797,1692576000,-0.000308,0.006467,232505.265,26280.0,26115.4,26175.9,25800.0
-0.003571,-0.000308,1692662400,0.000772,0.00682,313113.576,26128.2,26044.4,26115.4,25280.0
-0.00503,0.000772,1692748800,-0.002896,0.005199,412969.028,26806.0,26419.2,26044.5,25800.0
-0.002896,-0.002896,1692835200,-0.000647,0.005944,286753.337,26568.3,26164.6,26419.2,25835.0
-0.000855,-0.000647,1692921600,0.003794,0.006706,274830.494,26300.0,26051.7,26164.6,25754.4
-0.000138,0.003794,1693008000,0.00015,0.006298,63925.862,26129.4,26004.3,26051.7,25969.0
-0.000371,0.00015,1693094400,-0.000371,0.004797,86505.398,26173.6,26087.7,26004.3,25955.6
-0.001755,-0.000371,1693180800,0.0008,0.005409,219992.051,26244.6,26106.5,26087.6,25850.4
-0.012295,0.0008,1693267200,0.004894,0.00676,700233.946,28168.0,27700.1,26106.5,25905.2
0.001533,0.004894,1693353600,0.002946,0.007022,315313.916,27758.2,27290.4,27700.1,26950.0
0.001775,0.002946,1693440000,0.002561,0.009878,502906.277,27674.3,25928.0,27290.4,25617.8
0.002057,0.002561,1693526400,0.004983,0.008947,361184.924,26151.6,25795.6,25928.0,25312.0
-0.002813,0.004983,1693612800,0.004831,0.006494,107642.864,25975.0,25855.8,25795.6,25740.6
-0.000632,0.004831,1693699200,0.002639,0.005822,133016.832,26135.2,25962.1,25855.8,25777.0
-0.001085,0.002639,1693785600,0.000053,0.004991,173147.873,26099.3,25814.0,25962.1,25610.0
-0.002182,0.000053,1693872000,0.001756,0.004874,186639.945,25900.0,25779.7,25814.0,25531.2
-0.002939,0.001756,1693958400,0.00383,0.00571,251122.66,26052.0,25747.4,25779.7,25326.0
-0.001444,0.00383,1694044800,-0.001444,0.007293,257349.902,26451.0,26240.7,25747.4,25602.3
-0.00708,-0.001444,1694131200,-0.005121,0.001521,249269.761,26437.5,25899.8,26240.7,25630.0
-0.005982,-0.005121,1694217600,-0.000073,0.002531,67909.81,25940.6,25892.6,25899.9,25781.5
-0.0003,-0.000073,1694304000,-0.0003,0.004878,162972.413,26037.3,25828.4,25892.6,25508.7
-0.002751,-0.0003,1694390400,0.00273,0.004911,427216.374,25895.0,25150.4,25828.4,24888.0
-0.003845,0.00273,1694476800,0.00236,0.006947,592049.678,26580.0,25825.8,25150.4,25116.4
-0.001792,0.00236,1694563200,0.00043,0.005641,335252.718,26400.0,26209.9,25825.8,25750.0
-0.00648,0.00043,1694649600,-0.002594,0.003469,380666.471,26880.0,26510.3,26209.9,26106.6
-0.003896,-0.002594,1694736000,-0.001439,0.008676,251656.77,26890.0,26591.1,26510.3,26206.6
-0.005151,-0.001439,1694822400,0.000952,0.004734,140482.465,26763.5,26546.9,26591.1,26430.0
-0.003141,0.000952,1694908800,-0.000554,0.0033,114239.394,26614.3,26514.2,26547.0,26377.4
-0.008665,-0.000554,1694995200,0.002429,0.002429,472539.032,27397.0,26749.9,26514.2,26358.6
-0.003319,0.002429,1695081600,-0.002614,0.002662,433511.747,27480.0,27196.0,26749.9,26653.2
-0.004268,-0.002614,1695168000,-0.000019,0.000544,348921.447,27381.0,27107.7,27195.9,26740.0
-0.000354,-0.000019,1695254400,-0.000063,0.01,317992.869,27149.0,26552.6,27107.7,26360.1
-0.000431,-0.000063,1695340800,0.006668,0.006822,173534.648,26737.7,26566.7,26552.6,26452.9
-0.001625,0.006668,1695427200,-0.001408,0.006813,57836.484,26620.6,26563.1,26566.7,26492.2
-0.002051,-0.001408,1695513600,-0.001221,0.007578,146632.773,26739.9,26232.4,26563.0,26081.0
-0.006894,-0.001221,1695600000,-0.003933,0.008662,268385.836,26440.0,26290.5,26232.4,25965.0
-0.003933,-0.003933,1695686400,0.009966,0.01,180491.169,26388.0,26208.8,26290.5,26073.8
-0.001634,0.009966,1695772800,0.000693,0.01,353002.84,26849.9,26359.6,26208.7,26050.0
-0.009942,0.000693,1695859200,-0.00401,0.000693,429587.858,27308.7,27011.8,26359.6,26325.2
-0.006258,-0.00401,1695945600,0.000643,0.005104,277397.643,27231.5,26890.9,27011.7,26625.0
-0.002799,0.000643,1696032000,0.00027,0.003068,92317.154,27085.0,26950.9,26890.9,26870.4
-0.005195,0.00027,1696118400,0.005831,0.006107,240382.946,28365.2,27981.4,26951.0,26939.0
-0.00683,0.005831,1696204800,0.00431,0.01,593277.72,28613.0,27477.6,27981.4,27255.0
-0.000142,0.00431,1696291200,0.006041,0.008366,283077.899,27665.0,27412.0,27477.7,27123.0
-0.005231,0.006041,1696377600,-0.00376,0.007138,280784.322,27830.0,27759.8,27412.0,27163.9
-0.006712,-0.00376,1696464000,-0.001081,0.002619,370190.087,28110.0,27398.4,27759.7,27333.5
-0.004849,-0.001081,1696550400,0.002187,0.002391,438445.904,28450.0,27916.3,27398.3,27156.0
0.000283,0.002187,1696636800,0.000314,0.004491,117049.145,28018.7,27943.0,27916.3,27822.1
-0.001882,0.000314,1696723200,0.00402,0.00639,178380.307,28082.0,27901.2,27943.0,27671.0
0.00163,0.00402,1696809600,0.006349,0.008377,314316.581,27977.0,27578.3,27901.2,27250.0
0.001211,0.006349,1696896000,0.005928,0.007376,239779.496,27727.3,27381.2,27578.4,27281.0
0.005043,0.005928,1696982400,0.01,0.01,388186.571,27467.6,26864.5,27381.3,26525.0
0.002226,0.01,1697068800,0.002294,0.01,220279.04,26939.0,26744.0,26864.5,26534.8
-0.000434,0.002294,1697155200,0.000122,0.007291,243222.154,27120.8,26849.8,26744.0,26670.1
-0.004507,0.000122,1697241600,-0.001465,0.005528,82164.781,26986.4,26836.3,26849.7,26773.1
-0.001613,-0.001465,1697328000,0.000548,0.00629,160000.462,27456.1,27139.8,26836.4,26790.4
-0.006718,0.000548,1697414400,0.000278,0.01,823003.782,30720.0,28486.3,27139.8,27095.4
-0.006529,0.000278,1697500800,-0.003343,0.002265,314189.758,28605.0,28381.9,28486.3,28055.0
-0.004774,-0.003343,1697587200,-0.001,0.002382,297176.628,29100.0,28307.1,28382.0,28126.6
-0.013389,-0.001,1697673600,-0.009272,-0.000225,333673.207,28933.4,28696.9,28307.2,28076.0
-0.010851,-0.009272,1697760000,-0.001664,0.00846,551005.327,30243.0,29653.0,28697.0,28560.0
-0.001664,-0.001664,1697846400,0.002572,0.007758,258195.956,30374.6,29895.4,29653.0,29443.5
0.000988,0.002572,1697932800,0.008223,0.008991,198602.758,30229.7,29981.5,29895.4,29606.6
-0.001096,0.008223,1698019200,0.01,0.01,987741.536,35981.9,33074.0,29981.4,29869.4
0.01,0.01,1698105600,0.01,0.01,921993.063,35300.0,33917.0,33074.0,32833.5
0.01,0.01,1698192000,0.01,0.01,465367.144,35154.3,34487.7,33917.0,33660.6
0.01,0.01,1698278400,0.01,0.01,339552.964,34828.7,34154.0,34487.8,33750.0
0.01,0.01,1698364800,0.01,0.01,278052.978,34253.3,33893.1,34154.0,33350.0
0.01,0.01,1698451200,0.01,0.01,138314.932,34535.8,34086.6,33893.2,33867.4
0.01,0.01,1698537600,0.01,0.01,175897.55,34773.8,34528.6,34086.7,33933.0
0.01,0.01,1698624000,0.01,0.01,281841.348,34888.2,34483.8,34528.6,34050.0
0.01,0.01,1698710400,0.01,0.01,272450.567,34744.7,34651.4,34483.8,34016.8
0.01,0.01,1698796800,0.01,0.01,469214.787,35734.0,35437.4,34651.4,34076.0
0.01,0.01,1698883200,0.01,0.01,410221.727,35999.9,34940.1,35437.5,34300.0
0.01,0.01,1698969600,0.01,0.01,306048.199,34944.9,34700.4,34940.1,34123.0
0.01,0.01,1699056000,0.01,0.01,140746.874,35270.0,35069.7,34700.5,34571.6
0.01,0.01,1699142400,0.01,0.01,231363.339,35455.2,35025.5,35069.7,34356.0
0.01,0.01,1699228800,0.01,0.01,202227.215,35299.9,35057.4,35025.5,34743.2
0.01,0.01,1699315200,0.01,0.01,343525.95,35921.7,35406.5,35057.5,34520.3
0.01,0.01,1699401600,0.01,0.01,334779.449,36150.0,35626.7,35406.5,35073.0
0.01,0.01,1699488000,0.01,0.032009,778877.937,38499.9,36719.5,35626.7,35304.0
0.01,0.01,1699574400,0.01,0.022651,299373.892,37570.0,37330.4,36719.6,36350.0
0.01,0.01,1699660800,0.01543,0.020486,159239.284,37422.2,37162.1,37330.3,36588.0
0.01543,0.01543,1699747200,0.032545,0.036724,118890.045,37258.4,37085.5,37162.1,36753.6
0.010811,0.032545,1699833600,0.017506,0.032545,257075.648,37464.8,36486.2,37085.6,36350.0
0.01,0.017506,1699920000,0.01,0.022339,397265.8,36779.9,35559.0,36486.2,34446.3
0.01,0.01,1700006400,0.01,0.01,423818.57,38000.0,37885.6,35559.1,35388.0
0.01,0.01,1700092800,0.01,0.018736,434444.366,37956.5,36176.0,37885.5,35486.1
0.01,0.01,1700179200,0.01,0.01,319943.051,37020.5,36621.9,36176.0,35868.3
0.01,0.01,1700265600,0.01,0.01,121720.922,36900.0,36580.9,36621.9,36196.0
0.01,0.01,1700352000,0.01,0.01,154713.007,37528.2,37375.9,36580.9,36380.0
0.01,0.01,1700438400,0.01,0.01,310504.037,37784.7,37462.5,37375.8,36600.0
0.01,0.01,1700524800,0.01,0.01,450731.16,37675.0,35737.0,37462.6,35720.0
0.01,0.01,1700611200,0.01,0.01,338189.618,37880.0,37413.4,35737.0,35610.7
0.01,0.01,1700697600,0.01,0.01,185369.931,37650.0,37294.3,37413.5,36856.3
0.01,0.01,1700784000,0.01,0.01,351031.723,38425.0,37706.3,37294.4,37257.3
0.01,0.01,1700870400,0.01,0.01,82589.329,37886.5,37766.6,37706.3,37570.9
0.01,0.01,1700956800,0.01,0.01,173758.644,37807.6,37437.9,37766.7,37126.0
0.01,0.01,1701043200,0.01,0.01,266112.699,37560.0,37234.3,37437.9,36700.0
0.01,0.01,1701129600,0.01,0.01,318426.327,38395.0,37812.1,37234.4,36856.0
0.01,0.01,1701216000,0.01,0.01,261631.881,38500.0,37837.1,37812.0,37551.8
0.01,0.01,1701302400,0.01,0.01,191188.871,38132.0,37716.8,37837.2,37442.9
0.01,0.01,1701388800,0.01,0.01,342361.994,38989.0,38660.0,37716.9,37600.0
-0.000018,0.01,1701475200,0.01,0.01,213210.311,39900.0,39435.0,38659.9,38613.5
0.01,0.01,1701561600,0.01,0.01,221917.905,40410.1,39979.7,39435.1,39255.2
0.01,0.01,1701648000,0.01,0.01,602492.859,42440.0,41993.1,39979.8,39970.4
0.01,0.01,1701734400,0.01,0.01,575038.041,44528.1,44081.7,41993.1,41393.5
0.01,0.01,1701820800,0.01,0.01,383957.738,44349.8,43774.8,44081.7,43377.0
0.01,0.01,1701907200,0.01,0.012035,346421.958,44066.7,43296.0,43775.1,42815.0
0.01,0.01,1701993600,0.011325,0.028417,281880.593,44779.3,44209.5,43296.0,43100.0
0.011325,0.011325,1702080000,0.02081,0.032279,189339.656,44389.2,43734.3,44209.6,43555.0
0.012808,0.02081,1702166400,0.014803,0.028014,144548.259,44099.2,43810.0,43734.2,43552.5
0.01,0.014803,1702252800,0.01,0.015958,620753.439,43833.4,41271.0,43810.1,40228.3
0.01,0.01,1702339200,0.011968,0.020486,356541.118,42125.0,41515.0,41271.1,40711.0
0.01,0.011968,1702425600,0.01,0.017245,396710.296,43517.6,42875.0,41514.9,40556.0
0.01,0.01,1702512000,0.01,0.01,361628.325,43450.1,43032.4,42875.0,41140.0
0.01,0.01,1702598400,0.01,0.01,257177.013,43098.0,41968.0,43032.3,41668.0
0.01,0.01,1702684800,0.01,0.011047,160549.459,42756.7,42287.4,41968.0,41638.1
0.01,0.01,1702771200,0.013516,0.020511,224722.851,42476.0,41396.5,42287.4,41248.3
0.01,0.013516,1702857600,0.01,0.020478,375385.675,42795.3,42671.7,41396.6,40553.8
0.01,0.01,1702944000,0.010606,0.017925,315311.844,43550.0,42298.3,42671.8,41835.4
0.01,0.010606,1703030400,0.027143,0.030023,377008.923,44384.6,43708.9,42298.2,42218.3
0.027143,0.027143,1703116800,0.030833,0.038637,276922.155,44287.2,43896.3,43708.9,43317.2
0.01525,0.030833,1703203200,0.016263,0.036638,238341.933,44484.0,43999.2,43896.4,43430.4
0.01,0.016263,1703289600,0.01,0.018055,120792.199,44023.0,43725.2,43999.2,43304.2
0.01,0.01,1703376000,0.01,0.021568,179967.251,43994.8,43008.4,43725.2,42550.0
0.01,0.01,1703462400,0.043511,0.05643,184210.274,43850.0,43611.9,43008.4,42755.4
0.020861,0.043511,1703548800,0.027727,0.048688,295583.678,43635.1,42538.5,43611.9,41597.0
0.013059,0.027727,1703635200,0.013059,0.046465,251351.538,43700.0,43453.8,42538.6,42145.7
0.012857,0.013059,1703721600,0.05517,0.059247,257515.182,43850.0,42600.1,43453.8,42320.5
0.033033,0.05517,1703808000,0.033033,0.057418,337421.865,43171.9,42095.1,42600.1,41283.2
0.027941,0.033033,1703894400,0.027941,0.044852,183890.67,42654.6,42174.2,42095.1,41550.0
0.027835,0.027941,1703980800,0.037499,0.041814,173508.289,42951.0,42314.0,42174.3,42001.0
0.027213,0.037499,1704067200,0.065743,0.065743,206424.144,44266.0,44230.2,42314.0,42207.9
0.021201,0.065743,1704153600,0.021201,0.091374,459798.523,45950.0,44979.8,44230.3,44200.9
0.01,0.021201,1704240000,0.01,0.022841,595855.225,45582.3,42849.5,44979.7,40333.0
0.01,0.01,1704326400,0.01,0.01,333923.098,44840.8,44143.8,42849.5,42625.0
0.01,0.01,1704412800,0.01,0.01,374967.791,44500.0,44145.4,44143.8,42300.0
0.01,0.01,1704499200,0.01,0.01,138542.797,44214.6,43956.7,44145.3,43391.3
0.01,0.01,1704585600,0.01,0.01,180710.714,44486.9,43916.9,43956.6,43557.5
0.01,0.01,1704672000,0.01,0.01,495087.983,47312.0,46972.7,43916.9,43158.1
0.01,0.01,1704758400,0.01,0.01,513362.773,48100.0,46114.0,46972.6,44417.2
0.01,0.01,1704844800,0.01,0.01,668657.474,47699.3,46662.9,46113.9,44291.5
0.01,0.01,1704931200,0.01,0.01,596698.379,49027.5,46337.8,46663.0,45600.0
0.01,0.01,1705017600,0.01,0.019709,575943.258,46536.2,42788.9,46337.9,41370.0
0.01,0.01,1705104000,0.01,0.01,207737.326,43273.4,42846.4,42789.0,42445.7
0.01,0.01,1705190400,0.01,0.01,181096.968,43096.1,41734.9,42846.4,41713.5
0.01,0.01,1705276800,0.01,0.01,240059.141,43376.0,42515.0,41734.9,41720.0
0.01,0.01,1705363200,0.01,0.01,287207.233,43589.0,43133.0,42515.0,42050.0
0.01,0.01,1705449600,0.01,0.01,209396.081,43198.0,42783.4,43133.0,42200.0
0.01,0.01,1705536000,0.01,0.01,335080.756,42932.3,41323.1,42783.3,40673.6
0.01,0.01,1705622400,0.01,0.01,345941.73,42197.0,41662.2,41323.2,40300.0
0.01,0.01,1705708800,0.01,0.01,95866.062,41883.5,41691.8,41662.1,41453.6
0.01,0.01,1705795200,0.01,0.01,67035.552,41880.9,41580.0,41691.8,41500.0
0.01,0.01,1705881600,0.01,0.01,459024.106,41692.3,39567.0,41579.9,39402.0
0.01,0.01,1705968000,0.01,0.01,414373.386,40172.7,39890.0,39567.1,38545.0
0.01,0.01,1706054400,0.01,0.01,272754.171,40560.6,40078.7,39889.9,39493.3
0.01,0.01,1706140800,0.01,0.01,203728.679,40300.0,39953.3,40078.8,39535.3
0.008246,0.01,1706227200,0.009012,0.01,355418.478,42239.3,41806.4,39953.3,39813.1
0.007189,0.009012,1706313600,0.01,0.01,118437.114,42187.1,42102.2,41806.4,41360.1
0.003989,0.01,1706400000,0.01,0.01,205736.453,42836.0,42021.2,42102.2,41600.0
0.008605,0.01,1706486400,0.01,0.01,249502.11,43340.8,43287.7,42021.2,41768.3
0.001344,0.01,1706572800,0.002157,0.01,257582.784,43888.0,42918.3,43287.6,42665.6
0.002157,0.002157,1706659200,0.01,0.01,313069.11,43748.6,42560.5,42918.3,42257.6
0.01,0.01,1706745600,0.01,0.01,274321.107,43288.0,43072.6,42560.5,41866.8
0.00572,0.01,1706832000,0.007593,0.01,205767.574,43480.0,43182.0,43072.6,42512.7
0.007135,0.007593,1706918400,0.008311,0.01,89735.22,43372.2,42992.4,43182.0,42858.3
0.007176,0.008311,1707004800,0.01,0.01,127421.548,43112.1,42570.3,42992.4,42176.7
0.0089,0.01,1707091200,0.01,0.01,240655.549,43580.0,42692.9,42570.3,42235.1
0.005846,0.01,1707177600,0.007582,0.01,196157.643,43378.8,43079.1,42692.9,42559.8
0.004415,0.007582,1707264000,0.01,0.01,252057.708,44388.0,44326.2,43079.1,42763.4
0.001964,0.01,1707350400,0.003161,0.01,299738.288,45600.0,45269.1,44326.3,44306.8
0.001106,0.003161,1707436800,0.008041,0.01,519919.419,48230.3,47116.1,45269.2,45218.1
0.008041,0.008041,1707523200,0.01,0.01,179626.604,48189.6,47732.6,47116.1,46836.4
0.01,0.01,1707609600,0.01,0.01,209951.626,48600.0,48303.4,47732.6,47539.4
0.01,0.01,1707696000,0.01,0.01,450895.202,50413.2,49943.6,48303.4,47702.0
0.01,0.01,1707782400,0.01,0.01,382348.085,50428.8,49696.4,49943.6,48301.0
0.01,0.01,1707868800,0.01,0.014377,395191.791,52100.0,51823.2,49696.4,49215.7
0.01,0.01,1707955200,0.01,0.01,392724.603,52859.0,51898.5,51823.1,51334.9
0.01,0.01,1708041600,0.01,0.019927,259819.793,52623.0,52148.6,51898.4,51611.7
0.01,0.01,1708128000,0.017255,0.019099,222342.005,52192.8,51679.4,52148.7,50647.5
0.013821,0.017255,1708214400,0.023083,0.023656,166636.426,52450.0,52175.9,51679.5,51178.0
0.01021,0.023083,1708300800,0.010392,0.024406,196387.978,52532.9,51813.8,52175.9,51688.8
0.01,0.010392,1708387200,0.01,0.025327,388913.064,53090.9,52297.4,51813.7,50788.0
0.01,0.01,1708473600,0.01,0.012042,308127.301,52402.3,51877.8,52297.3,50528.4
0.01,0.01,1708560000,0.01,0.014689,244144.647,52130.8,51316.9,51877.9,50967.5
0.01,0.01,1708646400,0.01,0.01914,215474.562,51576.3,50771.9,51316.9,50512.7
0.01,0.01,1708732800,0.011384,0.011384,104944.457,51736.6,51602.1,50771.9,50611.4
0.01,0.011384,1708819200,0.026807,0.027685,122177.26,52050.0,51764.9,51602.1,51300.4
0.017184,0.026807,1708905600,0.03234,0.038562,393466.231,54991.8,54511.6,51764.9,50922.5
0.017755,0.03234,1708992000,0.026756,0.101149,511475.535,57780.0,57074.5,54511.7,54495.0
0.020633,0.026756,1709078400,0.069385,0.098887,1010118.442,64300.0,62487.9,57074.5,56730.1
0.053435,0.069385,1709164800,0.053443,0.091756,584713.883,63762.8,61203.3,62487.9,60452.0
0.033552,0.053443,1709251200,0.033552,0.073961,299231.827,63199.0,62430.6,61203.3,60844.8
0.033215,0.033552,1709337600,0.046267,0.073905,159283.629,62513.1,62039.9,62430.6,61605.0
0.042227,0.046267,1709424000,0.055056,0.056305,200312.503,63330.9,63178.5,62039.9,61339.5
0.046745,0.055056,1709510400,0.049057,0.076095,632882.144,68600.0,68296.4,63178.5,62299.0
0.036663,0.049057,1709596800,0.036663,0.101329,1053025.132,69350.0,63747.4,68296.5,59112.0
0.020323,0.036663,1709683200,0.030368,0.058174,534011.813,67729.5,66128.1,63747.5,62829.3
0.030126,0.030368,1709769600,0.03494,0.055785,296092.788,68101.3,66870.0,66128.0,65609.3
0.01906,0.03494,1709856000,0.019134,0.063152,459387.207,70330.8,68180.2,66870.0,66120.0
0.019115,0.019134,1709942400,0.031097,0.034412,94899.005,68608.7,68360.1,68180.2,67908.7
0.030708,0.031097,1710028800,0.035489,0.079688,233596.523,69999.8,69001.8,68360.2,68155.0
0.031789,0.035489,1710115200,0.044477,0.124188,474396.897,72890.0,72153.8,69001.8,67000.0
0.033263,0.044477,1710201600,0.033263,0.061607,472072.331,73370.0,71503.2,72153.9,68600.0
0.024472,0.033263,1710288000,0.024472,0.072944,288446.338,73755.0,73127.6,71503.3,71388.1
0.024189,0.024472,1710374400,0.038569,0.046584,513901.237,73881.4,71455.5,73127.6,68600.0
0.01,0.038569,1710460800,0.01,0.041217,705810.685,72500.0,69552.2,71455.6,65580.0
0.01,0.01,1710547200,0.013089,0.028803,333426.129,70097.6,65351.0,69552.1,64750.0
0.010747,0.013089,1710633600,0.020162,0.029612,314890.309,68972.4,68447.9,65351.0,64559.8
0.020162,0.020162,1710720000,0.026972,0.035352,317885.916,69044.4,67660.0,68447.9,66601.6
0.01,0.026972,1710806400,0.015774,0.033726,700466.795,68178.6,61974.1,67660.0,61582.8
0.01,0.015774,1710892800,0.010527,0.026492,637362.465,68140.0,67876.4,61974.1,60800.0
0.01,0.010527,1710979200,0.016335,0.027049,347218.385,68293.9,65539.9,67876.4,64550.1
0.01,0.016335,1711065600,0.01,0.016335,401149.333,66691.9,63826.0,65539.9,62294.0
0.01,0.01,1711152000,0.01042,0.017535,239124.0,66050.0,64020.3,63826.1,63020.2
0.01,0.01042,1711238400,0.025586,0.025759,244179.435,67700.0,67260.9,64020.4,63822.0
0.016216,0.025586,1711324800,0.021965,0.032484,395156.191,71228.3,69920.5,67260.9,66427.6
0.017239,0.021965,1711411200,0.028794,0.040703,307861.116,71649.0,70044.1,69920.6,69320.0
0.02325,0.028794,1711497600,0.024195,0.045608,407286.574,71888.0,69532.6,70044.2,68364.8
0.017079,0.024195,1711584000,0.018248,0.035473,241970.822,71636.2,70838.7,69532.6,68941.0
0.018248,0.018248,1711670400,0.019624,0.031898,187970.841,70976.9,69903.6,70838.8,69000.0
0.018599,0.019624,1711756800,0.032404,0.037305,91126.75,70388.0,69642.1,69903.6,69577.2
0.029811,0.032404,1711843200,0.070103,0.074097,132458.79,71495.5,71363.0,69642.0,69608.0
0.010228,0.070103,1711929600,0.010964,0.071097,282812.126,71388.0,69700.0,71363.0,68103.3
0.01,0.010964,1712016000,0.01,0.02325,499041.572,69731.6,65505.3,69700.0,64603.2
0.01,0.01,1712102400,0.01,0.01,275041.23,66940.0,65971.9,65502.4,64500.0
0.01,0.01,1712188800,0.01,0.01,326385.338,69329.7,68489.9,65971.8,65100.0
0.01,0.01,1712275200,0.01,0.01,313547.293,68787.1,67825.7,68489.8,65966.0
0.01,0.01,1712361600,0.01,0.01,127343.726,69708.0,68901.6,67825.8,67450.0
0.01,0.01,1712448000,0.01,0.01,171783.436,70395.0,69362.7,68901.5,68820.6
0.01,0.01,1712534400,0.020915,0.039416,297237.449,72890.4,71678.4,69362.7,69040.4
0.011694,0.020915,1712620800,0.011959,0.023648,334059.403,71820.6,69189.3,71678.3,68216.0
0.01,0.011959,1712707200,0.013976,0.019288,337774.756,71412.2,70681.7,69189.2,67546.2
0.01,0.013976,1712793600,0.011258,0.028553,256194.153,71387.4,70055.7,70681.8,69592.6
0.01,0.011258,1712880000,0.01,0.033762,415528.149,71297.0,67136.4,70055.6,65102.0
0.01,0.01,1712966400,0.01,0.01,515005.203,67975.4,63939.7,67136.4,59652.5
0.01,0.01,1713052800,0.01,0.01,395770.133,65822.1,65615.9,63939.7,62139.3
0.001376,0.01,1713139200,0.006058,0.01,381532.225,66874.9,63392.7,65615.9,62242.5
0.001357,0.006058,1713225600,0.006331,0.01,405931.439,64356.3,63765.0,63392.8,61521.0
0.00035,0.006331,1713312000,0.006937,0.01,444032.992,64483.3,61254.5,63764.9,59625.0
-0.005435,0.006937,1713398400,-0.003168,0.008796,363302.394,64100.0,63445.0,61254.5,60763.8
-0.003168,-0.003168,1713484800,0.01,0.01,574264.058,65480.0,63787.4,63445.0,59541.0
-0.001623,0.01,1713571200,0.003259,0.01,197142.262,65400.0,64897.2,63787.4,63045.1
-0.002692,0.003259,1713657600,0.004423,0.01,160533.948,65678.7,64912.6,64897.2,64214.2
-0.002382,0.004423,1713744000,-0.001269,0.005345,246268.411,67222.0,66778.0,64912.7,64470.5
-0.001895,-0.001269,1713830400,0.001432,0.007031,178665.564,67158.9,66386.3,66777.9,65750.0
0.000657,0.001432,1713916800,0.00702,0.01,280545.061,67068.2,64250.0,66386.2,63575.0
-0.001805,0.00702,1714003200,0.00168,0.01,275211.062,65270.6,64478.8,64250.0,62721.3
0.000174,0.00168,1714089600,0.01,0.01,202149.813,64783.1,63748.8,64478.8,63291.5
0.001023,0.01,1714176000,0.001023,0.01,167349.109,63901.4,63421.0,63748.7,62332.8
-0.002772,0.001023,1714262400,0.002519,0.003744,126056.151,64350.0,63088.3,63420.9,62700.0
0.000859,0.002519,1714348800,0.00974,0.009819,228411.163,64200.0,63842.4,63088.4,61726.2
0.009006,0.00974,1714435200,0.01,0.01,408747.703,64700.0,60651.2,63842.4,59150.0
0.00524,0.01,1714521600,0.0068,0.01,564108.4,60816.7,58307.6,60651.2,56537.7
-0.004973,0.0068,1714608000,-0.001549,0.007245,299229.302,59637.3,59036.7,58307.7,56951.6
-0.004369,-0.001549,1714694400,0.002668,0.008184,353606.459,63333.0,62853.7,59036.7,58781.3
0.002503,0.002668,1714780800,0.006927,0.01,205205.199,64547.9,63864.2,62853.7,62520.0
-0.002507,0.006927,1714867200,0.000578,0.006927,185495.653,64644.3,63988.0,63864.3,62833.0
-0.003675,0.000578,1714953600,0.006076,0.01,305110.067,65500.0,63142.8,63987.9,62655.3
-0.00126,0.006076,1715040000,0.004891,0.01,238974.646,64392.2,62296.0,63142.7,62203.6
0.004891,0.004891,1715126400,0.005745,0.01,241651.579,62994.9,61157.9,62296.0,60843.6
-0.002647,0.005745,1715212800,0.000968,0.009092,242451.302,63447.2,63050.1,61157.9,60550.0
0.000968,0.000968,1715299200,0.00887,0.01,307214.96,63446.5,60778.1,63050.0,60117.4
-0.000762,0.00887,1715385600,0.002534,0.00922,113294.787,61491.4,60809.2,60778.0,60432.6
0.001975,0.002534,1715472000,0.01,0.01,104043.897,61849.4,61455.8,60809.2,60557.3
0.006546,0.01,1715558400,0.009832,0.01,261927.073,63440.0,62912.1,61455.7,60750.0
0.002799,0.009832,1715644800,0.01,0.01,244345.274,63099.6,61550.5,62912.2,60950.0
-0.007872,0.01,1715731200,0.002119,0.01,365031.68,66440.0,66175.4,61550.5,61316.1
-0.002459,0.002119,1715817600,0.004617,0.01,242455.324,66800.0,65217.7,66175.4,64567.0
-0.000979,0.004617,1715904000,0.000714,0.005045,227063.919,67400.6,66980.0,65217.7,65061.2
-0.000888,0.000714,1715990400,0.003268,0.009261,96931.548,67340.5,66884.9,66980.0,66503.2
0.003268,0.003268,1716076800,0.005658,0.01,148170.35,67750.0,66239.4,66884.9,65835.8
-0.001419,0.005658,1716163200,0.01,0.01,366028.078,71674.6,71466.5,66239.4,66010.0
0.01,0.01,1716249600,0.01,0.020012,263674.327,72132.8,70168.8,71466.5,69165.6
0.01,0.01,1716336000,0.01,0.01669,194160.494,70715.4,69219.1,70168.7,68736.8
0.01,0.01,1716422400,0.01,0.011826,300093.622,70133.3,67999.9,69219.2,66156.6
0.01,0.01,1716508800,0.01,0.01,186681.082,69273.5,68584.1,67999.9,66639.0
0.01,0.01,1716595200,0.01,0.01,85113.605,69622.8,69314.4,68584.0,68523.7
0.01,0.01,1716681600,0.01,0.01,84069.824,69590.3,68524.3,69314.5,68155.0
0.01,0.01,1716768000,0.01,0.022885,170291.356,70750.0,69461.6,68524.4,68268.7
0.01,0.01,1716854400,0.01,0.01,227838.44,69628.0,68440.5,69461.5,67273.0
0.01,0.01,1716940800,0.01,0.015138,158236.599,68983.0,67686.7,68440.4,67129.0
0.01,0.01,1717027200,0.014648,0.015117,194573.899,69568.9,68402.5,67686.8,67167.0
0.01,0.014648,1717113600,0.01,0.015175,195751.752,69080.0,67577.9,68402.6,66700.5
0.01,0.01,1717200000,0.01,0.014013,50943.058,67936.0,67799.2,67577.9,67480.0
0.01,0.01,1717286400,0.01,0.014449,102194.718,68545.9,67805.9,67799.2,67296.3
0.01,0.01,1717372800,0.011977,0.014937,227676.93,70372.9,68851.4,67805.9,67642.6
0.01,0.011977,1717459200,0.01,0.012645,216100.016,71146.4,70580.0,68851.3,68595.5
0.01,0.01,1717545600,0.01,0.020275,203992.034,71824.4,71133.3,70580.0,70423.6
0.01,0.01,1717632000,0.01,0.01997,158483.564,71714.8,70830.0,71133.3,70101.9
0.01,0.01,1717718400,0.01,0.012519,299412.37,72144.0,69377.0,70830.0,68405.0
0.01,0.01,1717804800,0.01,0.01,65739.857,69613.6,69346.5,69377.0,69192.3
0.01,0.01,1717891200,0.01,0.01,68024.1,69879.0,69667.1,69346.6,69160.0
0.01,0.01,1717977600,0.01,0.01,127381.604,70222.7,69558.7,69667.1,69201.2
0.01,0.01,1718064000,0.01,0.01,311984.942,69600.0,67320.7,69558.8,66000.0
0.01,0.01,1718150400,0.01,0.01,329918.46,70028.0,68270.3,67320.6,66920.0
0.01,0.01,1718236800,0.01,0.01,248355.461,68607.7,66786.9,68270.3,66251.1
0.01,0.01,1718323200,0.01,0.01,239411.231,67366.5,66039.7,66786.8,65052.4
0.01,0.01,1718409600,0.01,0.01,72423.755,66482.6,66213.7,66039.7,65801.0
0.01,0.01,1718496000,0.01,0.01,80361.551,66960.3,66653.6,66213.7,66012.1
0.01,0.01,1718582400,0.01,0.01,248420.787,67280.6,66472.1,66653.5,65094.9
0.006115,0.01,1718668800,0.01,0.01,335559.394,66558.9,65150.0,66472.1,64009.8
0.000773,0.01,1718755200,0.003904,0.01,150032.669,65711.9,64933.6,65149.9,64600.0
0.003023,0.003904,1718841600,0.003335,0.01,220954.676,66467.0,64854.0,64933.6,64526.0
0.003335,0.003335,1718928000,0.01,0.01,210109.601,65055.5,64124.0,64854.0,63361.2
0.003802,0.01,1719014400,0.01,0.01,53855.862,64520.0,64240.0,64124.1,63915.8
0.002183,0.01,1719100800,0.009534,0.01,72052.293,64500.0,63194.9,64240.1,63137.9
0.007398,0.009534,1719187200,0.007447,0.01,445903.184,63357.0,60273.6,63194.9,58218.0
0.002222,0.007447,1719273600,0.01,0.01,264647.317,62448.1,61777.8,60273.5,60230.5
0.008431,0.01,1719360000,0.01,0.01,170601.18,62465.1,60860.1,61777.9,60696.0
0.01,0.01,1719446400,0.01,0.01,160172.482,62379.7,61682.0,60860.1,60605.0
0.01,0.01,1719532800,0.01,0.01,195508.125,62204.0,60429.8,61682.1,60038.0
0.01,0.01,1719619200,0.01,0.01,79680.289,61232.0,60982.4,60429.8,60400.1
0.01,0.01,1719705600,0.01,0.01,147777.915,63058.4,62766.0,60982.5,60705.0
0.01,0.01,1719792000,0.01,0.01,193937.938,63849.0,62883.6,62766.1,62502.2
0.01,0.01,1719878400,0.01,0.01,163101.243,63284.0,62123.6,62883.7,61800.0
0.01,0.01,1719964800,0.01,0.01,295303.265,62278.2,60208.0,62123.5,59299.3
0.01,0.01,1720051200,0.01,0.01,445656.277,60500.0,57045.9,60208.0,56560.0
-0.001674,0.01,1720137600,0.00576,0.01,577193.595,57533.4,56604.9,57045.9,53329.5
0.002498,0.00576,1720224000,0.008104,0.009972,178580.022,58472.0,58216.0,56604.9,56000.0
0.007989,0.008104,1720310400,0.007989,0.01,210361.981,58443.0,55830.9,58216.0,55688.0
0.004869,0.007989,1720396800,0.01,0.01,464106.957,58200.0,56686.4,55831.0,54243.1
-0.00049,0.01,1720483200,0.01,0.01,257237.048,58290.6,58023.2,56686.4,56256.2
0.003259,0.01,1720569600,0.01,0.01,254248.937,59449.6,57707.0,58023.1,57125.0
0.006012,0.01,1720656000,0.006385,0.01,293106.959,59780.0,57315.5,57707.0,57030.0
0.002951,0.006385,1720742400,0.008319,0.009077,238100.616,58500.0,57870.0,57315.7,56500.1
0.002919,0.008319,1720828800,0.00881,0.01,157884.322,59850.0,59174.0,57870.0,57728.6
0.00313,0.00881,1720915200,0.004624,0.00881,208060.883,61412.4,60766.0,59173.9,59164.0
-0.009088,0.004624,1721001600,-0.005031,0.00947,352222.181,64870.7,64680.6,60766.0,60622.6
-0.00571,-0.005031,1721088000,-0.003419,0.009574,375258.616,65388.0,65010.0,64680.6,62350.0
-0.003505,-0.003419,1721174400,0.000716,0.007573,276656.393,66100.0,64055.7,65010.0,63823.0
-0.001114,0.000716,1721260800,0.004033,0.008159,215648.157,65173.8,63959.9,64055.8,63206.4
-0.009731,0.004033,1721347200,-0.003144,0.01,311859.805,67362.8,66627.9,63960.0,63266.2
-0.005313,-0.003144,1721433600,-0.005313,0.004584,123564.406,67648.7,67095.6,66627.9,66159.1
-0.007084,-0.005313,1721520000,0.009105,0.009105,207228.372,68351.2,68138.0,67095.6,65750.0
-0.000131,0.009105,1721606400,0.004709,0.009205,192991.391,68459.7,67499.2,68138.0,66538.6
0.000015,0.004709,1721692800,0.01,0.01,270430.68,67729.3,65916.4,67499.2,65416.5
0.01,0.01,1721779200,0.01,0.01,215079.421,67087.3,65350.8,65916.3,65040.5
0.01,0.01,1721865600,0.01,0.01,319685.441,66144.0,65773.0,65350.7,63456.7
0.002532,0.01,1721952000,0.00649,0.01,235384.526,68200.0,67882.5,65773.0,65688.2
0.005409,0.00649,1722038400,0.008152,0.01,330982.647,69381.7,67873.8,67882.5,66624.5
0.002655,0.008152,1722124800,0.008361,0.01,116913.935,68300.0,68215.5,67873.7,67037.0
0.003396,0.008361,1722211200,0.003396,0.01,372537.818,70081.0,66750.0,68215.5,66365.8
0.001356,0.003396,1722297600,0.003143,0.01,246551.044,66966.6,66159.3,66750.1,65254.5
0.00032,0.003143,1722384000,0.008208,0.008514,246389.446,66826.3,64601.8,66159.3,64500.4
0.006238,0.008208,1722470400,0.01,0.01,372654.59,65650.0,65328.9,64601.8,62271.2
0.01,0.01,1722556800,0.01,0.01,421628.42,65577.0,61483.7,65329.0,61200.2
0.0036,0.01,1722643200,0.01,0.01,290469.956,62166.0,60684.6,61483.7,59800.0
0.004484,0.01,1722729600,0.01,0.01,339512.415,61089.5,58144.5,60684.5,57040.0
-0.000403,0.01,1722816000,0.003466,0.01,1281982.025,58286.9,54003.1,58144.5,48888.0
-0.007781,0.003466,1722902400,-0.000849,0.006029,435953.439,56999.9,55991.2,54003.5,53925.3
-0.007075,-0.000849,1722988800,0.002748,0.009249,377442.54,57699.0,55102.9,55991.3,54519.8
-0.002045,0.002748,1723075200,0.00493,0.006121,470117.508,62737.2,61659.8,55102.9,54672.4
-0.003912,0.00493,1723161600,-0.003912,0.009168,308674.339,61726.0,60808.6,61659.8,59500.0
-0.006019,-0.003912,1723248000,0.00404,0.004046,115593.354,61450.0,60889.9,60808.6,60208.5
-0.002653,0.00404,1723334400,0.0011,0.004681,202539.076,62000.0,58693.1,60889.8,58255.4
-0.002743,0.0011,1723420800,0.006152,0.01,367126.29,60666.0,59323.6,58693.1,57615.0
-0.004549,0.006152,1723507200,0.001152,0.006152,255934.721,61545.0,60550.5,59323.7,58360.0
-0.010335,0.001152,1723593600,-0.008476,0.001152,295662.808,61839.7,58648.1,60550.4,58367.2
-0.013858,-0.008476,1723680000,-0.011235,0.007293,360815.946,59820.0,57511.0,58648.1,55969.0
-0.011235,-0.011235,1723766400,0.00189,0.001914,268756.529,59780.2,58854.9,57511.1,57062.1
-0.002363,0.00189,1723852800,0.00394,0.006087,77085.532,59690.2,59468.5,58854.9,58769.4
-0.003616,0.00394,1723939200,-0.003616,0.004047,149660.264,60250.0,58390.0,59468.5,58352.0
-0.011656,-0.003616,1724025600,-0.00257,-0.001404,214043.139,59585.4,59398.5,58390.1,57750.0
-0.007478,-0.00257,1724112000,-0.006784,0.002363,287049.13,61386.0,58982.9,59398.4,58501.1
-0.006784,-0.006784,1724198400,-0.002217,0.00165,270583.679,61793.9,61120.0,58982.7,58728.9
-0.00839,-0.002217,1724284800,-0.003329,0.001786,211098.959,61392.0,60349.9,61120.0,59677.6
-0.009442,-0.003329,1724371200,-0.000912,0.004168,382490.709,65000.0,64019.9,60349.9,60301.5
-0.004851,-0.000912,1724457600,-0.004828,0.007642,132741.902,64472.5,64116.5,64020.0,63522.7
-0.007417,-0.004828,1724544000,0.002406,0.004597,115546.888,65175.4,64190.2,64116.6,63731.3
-0.003826,0.002406,1724630400,0.00274,0.007611,195977.222,64455.8,62807.6,64190.1,62750.2
-0.006796,0.00274,1724716800,-0.006796,0.009455,339269.805,63196.0,59384.5,62807.7,57928.2
-0.006936,-0.006796,1724803200,-0.00099,0.003214,313788.567,60197.8,59010.0,59384.4,57820.0
-0.00409,-0.00099,1724889600,0.000936,0.002176,233896.685,61144.9,59323.2,59010.0,58655.0
-0.003834,0.000936,1724976000,-0.001718,0.004799,268276.469,59914.9,59096.3,59323.3,57525.0
-0.002744,-0.001718,1725062400,0.004137,0.006537,68866.674,59436.0,58941.9,59096.4,58700.0
-0.00742,0.004137,1725148800,-0.003476,0.00425,222909.914,59052.7,57268.1,58941.9,57123.0
-0.003476,-0.003476,1725235200,0.006228,0.008375,201218.384,59412.3,59112.1,57268.1,57093.0
-0.000978,0.006228,1725321600,0.002272,0.006851,230196.497,59790.0,57451.9,59112.2,57320.0
-0.002678,0.002272,1725408000,0.009068,0.01,326983.311,58500.0,57944.8,57452.0,55555.0
0.001544,0.009068,1725494400,0.00228,0.009147,294703.592,58318.9,56145.7,57944.8,55600.0
-0.004246,0.00228,1725580800,-0.000489,0.005237,479063.113,57000.0,53927.7,56145.7,52510.8
-0.008156,-0.000489,1725667200,0.00378,0.004022,127686.594,54820.2,54134.9,53927.7,53725.0
-0.00801,0.00378,1725753600,-0.007633,0.00378,162078.536,55300.0,54839.6,54134.9,53596.5
-0.012881,-0.007633,1725840000,-0.006028,-0.002708,313094.361,58153.2,57010.0,54839.6,54557.0
-0.009271,-0.006028,1725926400,-0.00898,0.000356,228317.676,58033.2,57609.1,57010.1,56361.0
-0.00901,-0.00898,1726012800,-0.001928,0.000964,338231.445,57954.4,57306.0,57609.2,55515.2
-0.006206,-0.001928,1726099200,-0.000069,0.001705,261449.688,58606.6,58097.0,57305.6,57283.1
-0.010333,-0.000069,1726185600,-0.008672,0.000631,277429.492,60597.0,60456.2,58097.1,57594.0
-0.010405,-0.008672,1726272000,-0.000491,0.004884,102580.577,60572.9,59964.0,60456.2,59360.1
-0.002574,-0.000491,1726358400,0.002427,0.003907,130524.206,60369.4,59100.5,59963.9,58654.0
-0.000308,0.002427,1726444800,0.008523,0.00968,250699.432,59182.2,58187.0,59100.5,57446.3
-0.001634,0.008523,1726531200,0.001415,0.01,318442.066,61345.0,60281.0,58187.0,57588.8
-0.002184,0.001415,1726617600,0.003497,0.006269,355729.312,61765.0,61735.3,60281.0,59138.0
0.001577,0.003497,1726704000,0.008017,0.008017,302382.412,63830.1,62926.9,61735.3,61534.0
-0.000579,0.008017,1726790400,0.004576,0.01,257172.835,64126.7,63175.7,62926.9,62320.0
0.004565,0.004576,1726876800,0.006362,0.01,78248.362,63546.9,63320.6,63175.8,62714.2
0.004696,0.006362,1726963200,0.006509,0.01,149129.884,64000.0,63558.4,63320.6,62339.0
0.000977,0.006509,1727049600,0.002351,0.006721,234343.564,64724.8,63302.0,63558.5,62534.4
-0.000692,0.002351,1727136000,0.001223,0.003418,236987.628,64666.0,64243.1,63302.1,62688.2
-0.002356,0.001223,1727222400,0.001654,0.005637,184950.772,64800.0,63118.4,64243.2,62910.0
0.000788,0.001654,1727308800,0.01,0.01,321186.356,65800.0,65139.2,63118.3,62634.4
-0.000986,0.01,1727395200,0.005455,0.01,226404.021,66450.0,65749.6,65139.1,64788.0
0.000517,0.005455,1727481600,0.00073,0.009123,92773.553,66237.0,65822.6,65749.5,65368.1
-0.000292,0.00073,1727568000,0.003077,0.009729,88131.799,66059.3,65568.1,65822.7,65400.0
-0.001966,0.003077,1727654400,0.01,0.01,296848.373,65588.8,63309.1,65568.2,62825.0
0.005336,0.01,1727740800,0.006722,0.01,429817.835,64092.6,60776.8,63309.0,60128.2
0.002227,0.006722,1727827200,0.00439,0.01,327001.805,62355.0,60622.6,60776.7,59934.9
0.002984,0.00439,1727913600,0.007104,0.009551,286137.212,61452.6,60727.2,60622.7,59815.0
-0.001777,0.007104,1728000000,-0.001634,0.008079,234795.836,62457.1,62054.4,60727.1,60434.1
-0.003675,-0.001634,1728086400,0.000594,0.005098,74330.781,62344.0,62023.1,62054.3,61648.0
0.000432,0.000594,1728172800,0.004573,0.00466,96413.453,62961.5,62789.3,62023.1,61778.9
-0.002747,0.004573,1728259200,-0.001735,0.005245,298949.375,64448.2,62190.7,62789.2,62091.8
-0.001735,-0.001735,1728345600,0.01,0.01,226276.359,63178.7,62131.7,62190.6,61836.0
0.00209,0.01,1728432000,0.00209,0.01,217302.173,62520.9,60606.4,62131.8,60251.9
0.001374,0.00209,1728518400,0.002262,0.01,262947.653,61297.0,60293.2,60606.3,58900.0
-0.004674,0.002262,1728604800,0.004482,0.004482,263691.142,63400.0,62509.0,60293.3,60057.8
-0.004447,0.004482,1728691200,0.000669,0.008796,102784.406,63462.6,63176.0,62509.0,62458.0
-0.001032,0.000669,1728777600,0.005502,0.006792,129696.156,63260.0,62839.8,63176.0,62020.0
0.001509,0.005502,1728864000,0.01,0.01,338251.601,66533.0,66064.9,62839.7,62420.0
0.00649,0.01,1728950400,0.008319,0.01,422005.511,67953.7,67044.1,66064.9,64771.7
0.008319,0.008319,1729036800,0.01,0.01,254153.501,68400.0,67592.0,67044.0,66724.2
0.009078,0.01,1729123200,0.01,0.01,220272.837,67925.9,67401.5,67592.0,66600.0
0.01,0.01,1729209600,0.01,0.01,245301.761,69000.0,68407.8,67401.5,67165.0
0.01,0.01,1729296000,0.01,0.01,68632.108,68684.9,68357.1,68407.8,68000.0
0.01,0.01,1729382400,0.01,0.01,105939.492,69425.8,69020.1,68357.1,68069.8
0.01,0.01,1729468800,0.01,0.01,253437.333,69566.0,67368.8,69020.2,66865.9
0.01,0.01,1729555200,0.01,0.01,218518.977,67825.0,67406.4,67368.7,66536.5
0.01,0.01,1729641600,0.01,0.01,248215.058,67449.0,66647.2,67406.5,65222.3
0.01,0.01,1729728000,0.01,0.01,212340.722,68842.5,68173.8,66647.3,66482.0
0.004536,0.01,1729814400,0.00474,0.01,348511.871,68748.0,66662.8,68173.8,65557.2
0.004537,0.00474,1729900800,0.01,0.01,94169.992,67450.0,67071.8,66662.7,66414.1
0.008802,0.01,1729987200,0.009447,0.01,88468.808,68306.1,67992.6,67071.9,66909.4
0.00767,0.009447,1730073600,0.01,0.01,256128.622,70331.0,69940.0,67992.7,67584.2
0.01,0.01,1730160000,0.01,0.01,382502.06,73660.0,72739.5,69939.9,69733.0
0.01,0.01,1730246400,0.01,0.01,227108.808,72984.9,72349.0,72739.5,71444.2
0.01,0.01,1730332800,0.01,0.01,256485.328,72720.3,70321.9,72349.0,69705.0
0.01,0.01,1730419200,0.01,0.01,352591.088,71650.0,69495.5,70321.9,68822.5
0.01,0.01,1730505600,0.01,0.01,79314.105,69913.1,69366.6,69495.4,69022.8
0.01,0.01,1730592000,0.01,0.01,226477.376,69393.7,68762.5,69366.6,67446.6
0.01,0.01,1730678400,0.01,0.01,244912.166,69495.3,67834.3,68762.5,66810.0
0.008727,0.01,1730764800,0.01,0.01,273070.87,70537.4,69353.1,67834.4,67454.2
0.0089,0.01,1730851200,0.01,0.01,677440.286,76420.0,75579.9,69353.1,69272.7
0.01,0.01,1730937600,0.01,0.01,280675.033,76900.0,75859.4,75579.9,74450.0
0.01,0.01,1731024000,0.01,0.01,230370.324,77182.9,76482.2,75859.4,75576.3
0.01,0.01,1731110400,0.01,0.01,117754.034,76920.0,76675.1,76482.2,75683.2
0.01,0.01,1731196800,0.036878,0.038636,417426.899,81699.8,80410.0,76675.1,76501.1
0.01,0.036878,1731283200,0.049029,0.049079,614141.662,89800.0,88728.9,80409.9,80261.2
0.01,0.049029,1731369600,0.01,0.085352,639481.584,90070.1,87972.0,88729.0,85159.9
0.01,0.01,1731456000,0.01,0.026685,555288.297,93421.1,90413.3,87972.0,86180.0
0.01,0.01,1731542400,0.01,0.01,364621.68,91846.1,87382.7,90413.3,86714.0
0.01,0.01,1731628800,0.01,0.016097,314431.908,91921.5,91074.6,87382.6,87111.0
0.01,0.01,1731715200,0.015798,0.016867,129023.447,91849.8,90643.3,91074.6,90120.0
0.01,0.015798,1731801600,0.01,0.018766,167504.792,91539.6,89899.9,90643.2,88736.1
0.01,0.01,1731888000,0.021606,0.049857,333557.11,92700.0,90507.4,89900.0,89422.1
0.01,0.021606,1731974400,0.01,0.032932,303532.031,93985.9,92335.9,90507.4,90405.6
0.01,0.01,1732060800,0.01,0.01,290044.227,94849.0,94288.0,92335.9,91500.0
0.01,0.01,1732147200,0.01,0.01,418383.136,99100.0,98366.8,94288.0,94008.7
0.01,0.01,1732233600,0.01,0.017529,265774.067,99660.0,98921.4,98366.8,97199.9
0.01,0.01,1732320000,0.01,0.01,120358.422,98937.3,97725.5,98921.5,97173.5
0.01,0.01,1732406400,0.021181,0.032622,173118.84,98666.0,97960.4,97725.6,95822.1
0.01,0.021181,1732492800,0.021906,0.030589,329375.021,98999.0,93064.0,97960.5,92666.0
0.01774,0.021906,1732579200,0.031334,0.038439,344929.233,95064.0,92021.4,93064.0,90866.4
0.01,0.031334,1732665600,0.01,0.031334,237005.987,97250.0,95905.2,92021.5,91864.0
0.01,0.01,1732752000,0.02071,0.025091,154007.026,96627.6,95694.4,95905.2,94700.1
0.01,0.02071,1732838400,0.01,0.02345,190520.949,98713.3,97516.3,95694.4,95404.5
0.01,0.01,1732924800,0.015901,0.016414,93074.218,97522.1,96475.1,97516.2,96150.0
0.01,0.015901,1733011200,0.025726,0.025726,113222.99,97933.0,97265.1,96475.2,95736.5
0.01,0.025726,1733097600,0.012795,0.036593,257613.911,98266.0,95890.5,97265.0,94400.0
0.011358,0.012795,1733184000,0.026715,0.027891,206601.98,96375.0,95913.3,95890.6,93605.0
0.014851,0.026715,1733270400,0.027596,0.03104,275949.205,99099.9,98669.8,95913.3,94650.8
0.01,0.027596,1733356800,0.01,0.099117,580277.391,104630.4,97001.5,98669.8,90200.0
0.01,0.01,1733443200,0.032032,0.034398,282369.608,101988.8,99802.5,97001.6,96429.5
0.01,0.032032,1733529600,0.016975,0.032032,95858.658,100499.0,99899.2,99802.5,98876.9
0.010355,0.016975,1733616000,0.030387,0.030387,109755.676,101457.9,101200.0,99899.2,98709.4
0.01,0.030387,1733702400,0.01,0.031487,326973.59,101300.0,97349.1,101200.1,94039.7
0.01,0.01,1733788800,0.01,0.01,291490.744,98320.6,96602.4,97349.1,94265.5
0.01,0.01,1733875200,0.01,0.01,221807.705,101880.0,101115.3,96602.3,95650.0
0.01,0.01,1733961600,0.01,0.01,215219.075,102538.4,99982.4,101115.3,99280.2
0.005269,0.01,1734048000,0.00679,0.01,152437.318,101869.5,101371.9,99982.3,99149.6
0.006667,0.00679,1734134400,0.01,0.01,107680.549,102638.0,101381.0,101371.9,100559.8
0.005489,0.01,1734220800,0.01,0.01,157733.916,105374.6,104460.4,101381.0,101200.1
0.007309,0.01,1734307200,0.007818,0.01,274395.756,107777.0,106023.2,104460.5,103264.6
0.007818,0.007818,1734393600,0.01,0.01,197773.912,108366.8,106074.6,106023.2,105252.0
0.007024,0.01,1734480000,0.01,0.01,328581.935,106484.6,100181.1,106074.6,99951.1
0.01,0.01,1734566400,0.01,0.01,372968.463,102756.7,97434.4,100181.2,95681.2
0.01,0.01,1734652800,0.01,0.01,396188.795,98243.0,97764.4,97434.3,92272.6
0.000558,0.01,1734739200,0.01,0.01,161258.48,99485.0,97261.8,97764.5,96375.0
0.007532,0.01,1734825600,0.01,0.01,148114.735,97437.9,95153.5,97261.7,94200.0
0.005573,0.01,1734912000,0.01,0.01,247211.855,96499.0,94861.1,95153.4,92464.4
0.008487,0.01,1734998400,0.01,0.01,211610.632,99450.0,98627.2,94861.0,93525.6
0.009951,0.01,1735084800,0.009951,0.01,124696.892,99580.7,99379.7,98626.9,97570.0
0.004332,0.009951,1735171200,0.01,0.01,194857.651,99950.0,95751.0,99379.6,95153.0
0.01,0.01,1735257600,0.01,0.01,206008.243,97564.5,94258.9,95750.9,93440.0
0.005151,0.01,1735344000,0.008052,0.01,67991.349,95700.0,95259.1,94258.9,94100.0
-0.00224,0.008052,1735430400,-0.000083,0.01,95047.934,95300.0,93700.0,95259.1,92961.8
-0.000083,-0.000083,1735516800,0.01,0.01,222343.593,95031.6,92759.3,93699.9,91510.0
0.01,0.01,1735603200,0.01,0.01,178648.116,96254.3,93548.9,92759.3,92000.0
0.01,0.01,1735689600,0.01,0.01,91236.66,95161.2,94580.9,93548.8,92796.5
0.01,0.01,1735776000,0.01,0.01,181645.495,97822.4,96967.5,94580.9,94357.4
0.004944,0.01,1735862400,0.007654,0.01,125220.674,98949.0,98145.7,96967.6,96061.5
-0.000004,0.007654,1735948800,0.01,0.01,71914.634,98760.9,98173.2,98145.7,97438.2
0.006841,0.01,1736035200,0.01,0.01,74949.289,98852.6,98340.2,98173.2,97227.0
0.007967,0.01,1736121600,0.01,0.01,207493.329,102444.0,102180.4,98340.2,97872.6
0.005691,0.01,1736208000,0.01,0.01,258711.309,102762.1,96920.3,102180.5,96153.0
0.01,0.01,1736294400,0.01,0.01,262012.113,97242.2,95014.1,96920.2,92500.0
-0.001064,0.01,1736380800,0.003932,0.01,257760.902,95358.7,92505.9,95014.0,91055.8
-0.002622,0.003932,1736467200,0.005708,0.01,261942.954,95882.5,94675.5,92506.0,92173.6
0.001776,0.005708,1736553600,0.004983,0.008461,64661.763,94988.0,94562.5,94675.6,93802.1
0.002664,0.004983,1736640000,0.005315,0.01,77298.133,95444.0,94499.9,94562.4,93661.1
-0.019696,0.005315,1736726400,0.01,0.01,361150.49,95934.5,94485.3,94499.9,88909.0
0.004654,0.01,1736812800,0.005038,0.01,212859.661,97353.9,96514.9,94485.4,94305.4
-0.000391,0.005038,1736899200,0.000648,0.01,222417.566,100658.9,100460.0,96514.9,96450.2
0.000648,0.000648,1736985600,0.004597,0.01,216802.52,100850.0,99937.4,100460.0,97293.6
-0.004723,0.004597,1737072000,0.006643,0.01,249449.969,105784.0,104042.5,99937.4,99902.0
0.006643,0.006643,1737158400,0.01,0.01,167940.092,104962.1,104524.3,104042.6,102242.8
0.01,0.01,1737244800,0.01,0.01,280949.178,106450.0,101311.5,104524.3,99600.0
0.01,0.01,1737331200,0.01,0.01,530508.18,110000.0,102247.6,101311.5,99501.0
0.01,0.01,1737417600,0.01,0.01,273296.828,107241.6,106114.5,102247.7,100097.2
0.008398,0.01,1737504000,0.008689,0.01,151243.528,106390.0,103664.9,106115.4,103211.6
0.000088,0.008689,1737590400,0.000336,0.01,418154.019,106840.2,103864.1,103664.9,101211.0
0.000321,0.000336,1737676800,0.005733,0.01,165746.95,107076.5,104808.1,103864.0,102680.0
0.005175,0.005733,1737763200,0.008369,0.01,65630.163,105274.7,104702.0,104808.0,104040.6
0.007988,0.008369,1737849600,0.009109,0.01,75787.087,105496.9,102560.1,104702.0,102450.3
-0.000987,0.009109,1737936000,0.01,0.01,325689.874,103216.5,102021.3,102560.0,97680.0
0.001091,0.01,1738022400,0.01,0.01,169917.261,103797.0,101279.6,102021.3,100235.0
0.007578,0.01,1738108800,0.00758,0.01,169989.952,104755.0,103698.2,101279.7,101269.7
0.000189,0.00758,1738195200,0.001238,0.01,136967.4,106450.0,104676.9,103698.1,103224.5
0.001211,0.001238,1738281600,0.008098,0.01,172237.817,106000.0,102379.7,104676.9,101509.0
0.001849,0.008098,1738368000,0.005825,0.009805,90863.091,102734.9,100603.6,102379.8,100215.0
-0.00166,0.005825,1738454400,0.01,0.01,232934.693,101426.0,97664.5,100603.6,96029.6
0.002198,0.01,1738540800,0.002627,0.01,455088.034,102456.0,101293.7,97664.5,91130.3
-0.000461,0.002627,1738627200,-0.000461,0.01,262746.203,101729.3,97709.9,101293.6,96100.0
-0.002563,-0.000461,1738713600,0.002211,0.005118,151379.666,99124.2,96553.2,97710.0,96106.1
-0.001312,0.002211,1738800000,0.007998,0.008936,161521.013,99093.0,96515.1,96553.2,95613.5
-0.004102,0.007998,1738886400,-0.0041,0.008797,223373.629,100112.4,96454.5,96515.0,95555.0
-0.004146,-0.0041,1738972800,0.003883,0.00492,69050.432,96850.0,96411.9,96454.5,95600.0
0.000431,0.003883,1739059200,0.001783,0.01,101177.286,97301.7,96423.6,96412.0,94650.1
0.001783,0.001783,1739145600,0.004218,0.01,132932.545,98328.0,97379.2,96423.6,95200.1
-0.003056,0.004218,1739232000,0.001313,0.01,154832.904,98482.2,95731.4,97379.2,94814.3
0.001126,0.001313,1739318400,0.01,0.01,202448.079,98090.9,97816.3,95731.4,94003.9
-0.00148,0.01,1739404800,0.004144,0.01,142240.526,98053.8,96560.6,97816.3,95160.1
0.000038,0.004144,1739491200,0.000079,0.009134,144452.957,98792.8,97445.1,96560.6,96225.7
-0.001415,0.000079,1739577600,0.00339,0.006239,47418.593,97941.2,97538.0,97445.2,97170.0
-0.000272,0.00339,1739664000,0.006279,0.006369,56684.873,97665.8,96067.0,97538.0,96002.0
0.001467,0.006279,1739750400,0.009497,0.009672,105576.986,97000.0,95743.2,96067.0,95150.6
0.004659,0.009497,1739836800,0.007007,0.01,179173.362,96737.3,95622.0,95743.1,93321.6
0.001881,0.007007,1739923200,0.00242,0.01,124996.873,96878.7,96598.0,95622.0,95012.5
0.000167,0.00242,1740009600,0.000167,0.009702,129180.172,98662.1,98252.9,96597.9,96366.0
-0.002079,0.000167,1740096000,0.01,0.01,250618.273,99431.5,96127.9,98252.8,94830.4
0.000281,0.01,1740182400,0.004134,0.01,65792.15,96988.0,96503.3,96128.0,95701.9
-0.003376,0.004134,1740268800,-0.003003,0.004134,69298.691,96602.9,96218.4,96503.3,95180.2
-0.003003,-0.003003,1740355200,0.01,0.01,217488.75,96470.0,91514.5,96218.4,91300.0
-0.004234,0.01,1740441600,0.003619,0.01,472296.502,92500.0,88639.1,91514.5,86020.4
0.000067,0.003619,1740528000,0.00928,0.01,401141.821,89367.1,84208.5,88639.1,82222.0
-0.001842,0.00928,1740614400,0.009527,0.01,269408.53,87066.0,84668.1,84208.6,82667.0
-0.002339,0.009527,1740700800,0.000075,0.01,536343.231,85084.5,84299.6,84668.2,78200.2
-0.00703,0.000075,1740787200,-0.001084,0.002544,146996.671,86516.5,86007.7,84299.6,83779.0
-0.009486,-0.001084,1740873600,-0.005518,-0.000662,364711.538,94971.0,94222.8,86007.7,85015.0
-0.005561,-0.005518,1740960000,-0.001628,0.007972,436032.402,94373.4,86192.7,94222.0,85029.0
-0.003972,-0.001628,1741046400,0.004061,0.004061,432434.798,88931.0,87245.9,86193.3,81200.0
-0.001124,0.004061,1741132800,0.003527,0.008204,279001.09,91000.0,90566.1,87245.9,86328.0
-0.000727,0.003527,1741219200,-0.00064,0.009332,303058.632,92780.3,89887.8,90566.1,87790.5
-0.004846,-0.00064,1741305600,0.005377,0.01,452474.195,91257.7,86753.8,89887.9,84600.0
-0.003487,0.005377,1741392000,-0.002795,0.005377,96106.187,86876.5,86184.7,86753.8,85108.0
-0.002884,-0.002795,1741478400,0.004087,0.01,221609.348,86470.6,80688.8,86184.7,79933.4
-0.003773,0.004087,1741564800,0.004705,0.008547,416386.797,84031.5,78567.8,80690.7,77410.1
-0.001049,0.004705,1741651200,0.000583,0.009335,390779.169,83600.0,82896.0,78567.8,76560.0
-0.001668,0.000583,1741737600,0.000489,0.005941,306171.124,84487.0,83640.7,82896.0,80578.5
0.000393,0.000489,1741824000,0.005389,0.009285,247960.052,84307.1,81085.4,83640.7,79903.4
-0.006352,0.005389,1741910400,-0.006038,0.005996,233544.708,85270.2,83939.8,81085.5,80772.0
-0.007726,-0.006038,1741996800,0.000405,0.002261,76674.97,84625.0,84302.9,83939.9,83564.5
0.000405,0.000405,1742083200,0.001068,0.005794,174630.7,85136.0,82541.6,84303.0,81925.6
0.000459,0.001068,1742169600,0.000743,0.008752,182662.082,84727.1,83962.9,82541.6,82384.0
-0.001224,0.000743,1742256000,0.00023,0.005462,188897.749,83979.8,82666.1,83963.0,81113.5
-0.000586,0.00023,1742342400,0.00188,0.007636,251961.741,86990.0,86809.8,82666.2,82501.8
0.000105,0.00188,1742428800,0.001636,0.00572,242943.492,87500.0,84183.6,86809.8,83613.6
0.001619,0.001636,1742515200,0.002833,0.008204,144422.271,84813.6,84050.3,84183.6,83122.0
-0.002061,0.002833,1742601600,0.002127,0.006763,52218.652,84509.0,83804.9,84050.3,83589.5
-0.002403,0.002127,1742688000,0.002039,0.004302,90899.873,86110.9,86044.2,83804.9,83761.2
-0.007791,0.002039,1742774400,-0.000279,0.009491,210907.484,88752.0,87463.4,86044.1,85478.3
-0.007456,-0.000279,1742860800,-0.00299,0.00355,173505.289,88500.0,87369.8,87463.4,86260.0
-0.0032,-0.00299,1742947200,0.003179,0.004906,187956.695,88270.2,86873.8,87369.9,85816.3
-0.004394,0.003179,1743033600,0.001584,0.005838,163451.689,87722.4,87191.2,86873.9,85724.5
-0.002368,0.001584,1743120000,0.005364,0.008983,222284.56,87470.0,84380.8,87191.2,83531.7
-0.000036,0.005364,1743206400,0.000331,0.01,135513.705,84589.7,82604.7,84380.8,81601.0
-0.002126,0.000331,1743292800,0.002594,0.005597,109565.925,83490.0,82352.8,82604.8,81501.4
-0.001625,0.002594,1743379200,0.003961,0.00809,212064.576,83895.8,82517.5,82353.1,81222.0
-0.002943,0.003961,1743465600,-0.002112,0.004722,197263.176,85595.5,85120.9,82517.5,82383.3
