longAccount,longShortRatio,shortAccount,time,low,close,high,open,volume
53.19,1.14,46.81,1589587200.0,9210.03,9374.99,9585.0,9311.21,287768.201
52.1,1.09,47.9,1589673600.0,9317.16,9678.57,9880.0,9374.99,300859.34
52.65,1.11,47.35,1589760000.0,9450.0,9731.1,9958.67,9677.31,363732.37
52.81,1.12,47.19,1589846400.0,9462.0,9773.64,9900.0,9731.11,376313.845
53.05,1.13,46.95,1589932800.0,9281.42,9508.11,9838.0,9772.66,334423.59
51.97,1.08,48.03,1590019200.0,8812.2,9060.0,9573.0,9508.0,461439.193
52.16,1.09,47.84,1590105600.0,8920.0,9166.4,9259.38,9060.0,276008.073
51.83,1.08,48.17,1590192000.0,9076.9,9176.41,9300.0,9166.43,201589.66
52.38,1.1,47.62,1590278400.0,8674.0,8711.37,9294.44,9176.32,339643.378
52.11,1.09,47.89,1590364800.0,8623.38,8895.65,8977.0,8711.37,302980.106
51.65,1.07,48.35,1590451200.0,8693.18,8837.05,9011.82,8895.66,275619.158
52.23,1.09,47.77,1590537600.0,8811.0,9197.32,9230.0,8837.88,272253.998
51.87,1.08,48.13,1590624000.0,9110.97,9569.59,9621.65,9197.32,327412.374
51.87,1.08,48.13,1590710400.0,9317.42,9422.26,9598.0,9569.58,238691.299
52.61,1.11,47.39,1590796800.0,9326.01,9695.0,9753.0,9422.11,255234.058
52.54,1.11,47.46,1590883200.0,9371.76,9446.43,9698.0,9694.38,219829.356
52.92,1.12,47.08,1590969600.0,9420.85,10232.48,10497.25,9446.49,333740.457
54.29,1.19,45.71,1591056000.0,9264.15,9514.9,10262.3,10232.41,354168.517
53.73,1.16,46.27,1591142400.0,9382.33,9663.59,9694.75,9514.9,185389.412
52.97,1.13,47.03,1591228800.0,9440.0,9788.33,9884.0,9663.58,264515.319
53.21,1.14,46.79,1591315200.0,9580.52,9617.29,9855.0,9788.32,237103.042
52.94,1.13,47.06,1591401600.0,9528.0,9664.0,9738.77,9616.64,152526.703
52.94,1.13,47.06,1591488000.0,9373.0,9743.92,9823.13,9664.01,253986.313
52.88,1.12,47.12,1591574400.0,9631.0,9778.87,9816.0,9743.92,162086.419
53.13,1.13,46.87,1591660800.0,9550.03,9771.66,9890.0,9778.87,204422.819
53.42,1.15,46.58,1591747200.0,9681.21,9884.99,10015.99,9771.66,193628.149
53.38,1.15,46.62,1591833600.0,9055.07,9278.03,9970.1,9884.99,404046.613
52.6,1.11,47.4,1591920000.0,9238.0,9458.91,9550.0,9277.72,211611.34
51.79,1.07,48.21,1592006400.0,9340.0,9468.54,9497.85,9458.77,113449.075
51.9,1.08,48.1,1592092800.0,9240.97,9339.61,9477.0,9468.55,143978.523
51.86,1.08,48.14,1592179200.0,8888.43,9422.01,9490.83,9339.7,413865.727
52.23,1.09,47.77,1592265600.0,9370.0,9519.12,9595.0,9422.01,225713.247
52.37,1.1,47.63,1592352000.0,9231.03,9458.45,9569.0,9519.13,227477.39
52.37,1.1,47.63,1592438400.0,9272.41,9381.59,9483.85,9458.45,158349.247
51.63,1.07,48.37,1592524800.0,9239.0,9307.0,9453.0,9381.99,219510.059
51.83,1.08,48.17,1592611200.0,9165.0,9354.04,9394.29,9307.0,154462.29
51.83,1.08,48.17,1592697600.0,9279.0,9293.51,9420.47,9353.84,110599.558
51.81,1.08,48.19,1592784000.0,9273.0,9686.99,9795.0,9293.39,260561.647
51.94,1.08,48.06,1592870400.0,9585.0,9631.66,9723.23,9686.99,164673.499
53.46,1.15,46.54,1592956800.0,9210.0,9298.4,9678.0,9631.65,300450.251
52.21,1.09,47.79,1593043200.0,9005.0,9246.75,9350.9,9298.78,272566.502
51.76,1.07,48.24,1593129600.0,9038.52,9159.99,9297.16,9246.75,249348.67
52.17,1.09,47.83,1593216000.0,8816.4,9008.0,9195.75,9159.99,237840.165
51.45,1.06,48.55,1593302400.0,8932.68,9114.0,9188.0,9008.0,153842.891
51.75,1.07,48.25,1593388800.0,9022.0,9189.48,9233.0,9114.01,176660.525
51.71,1.07,48.29,1593475200.0,9063.97,9138.87,9205.0,9189.99,143469.832
52.16,1.09,47.84,1593561600.0,9090.0,9233.29,9293.0,9138.88,161642.185
51.71,1.07,48.29,1593648000.0,8936.0,9087.72,9262.99,9233.29,230747.519
52.45,1.1,47.55,1593734400.0,9036.06,9057.52,9124.52,9087.72,96947.338
52.18,1.09,47.82,1593820800.0,9042.84,9137.18,9194.0,9058.07,100215.438
52.39,1.1,47.61,1593907200.0,8900.0,9071.86,9146.35,9137.18,139545.566
52.2,1.09,47.8,1593993600.0,9058.1,9339.6,9379.0,9071.87,199643.828
51.99,1.08,48.01,1594080000.0,9201.23,9258.51,9380.0,9339.59,127833.975
51.92,1.08,48.08,1594166400.0,9233.47,9436.08,9470.0,9258.51,170243.001
51.72,1.07,48.28,1594252800.0,9164.33,9236.28,9440.81,9436.08,188355.856
52.67,1.11,47.33,1594339200.0,9121.42,9288.39,9317.24,9236.29,140849.874
52.36,1.1,47.64,1594425600.0,9178.91,9233.5,9301.74,9288.39,74976.521
52.29,1.1,47.71,1594512000.0,9155.0,9300.69,9349.0,9233.5,127841.882
52.28,1.1,47.72,1594598400.0,9200.0,9241.2,9345.0,9300.7,136117.659
52.45,1.1,47.55,1594684800.0,9116.0,9254.17,9279.0,9241.18,129704.278
52.38,1.1,47.62,1594771200.0,9156.0,9197.3,9272.56,9254.17,104107.708
52.38,1.1,47.62,1594857600.0,9044.02,9132.0,9223.0,9197.75,148089.45
52.5,1.11,47.5,1594944000.0,9087.0,9151.69,9187.0,9132.0,80940.584
51.97,1.08,48.03,1595030400.0,9121.98,9171.8,9210.0,9151.7,63233.596
52.16,1.09,47.84,1595116800.0,9108.0,9210.51,9239.59,9171.79,75554.579
52.49,1.11,47.51,1595203200.0,9131.01,9161.13,9221.0,9210.68,72429.691
52.38,1.1,47.62,1595289600.0,9152.62,9388.01,9439.6,9161.28,179211.347
51.55,1.06,48.45,1595376000.0,9272.0,9518.25,9543.0,9388.0,126598.902
52.01,1.08,47.99,1595462400.0,9439.86,9604.41,9678.32,9518.25,166990.147
52.93,1.12,47.07,1595548800.0,9470.0,9539.7,9650.0,9604.41,133975.068
52.57,1.11,47.43,1595635200.0,9526.31,9701.49,9735.1,9539.7,133377.589
52.38,1.1,47.62,1595721600.0,9655.2,9939.69,10300.0,9701.54,261998.786
54.28,1.19,45.72,1595808000.0,9928.61,11047.58,11488.0,9939.68,744752.4
56.27,1.29,43.73,1595894400.0,10580.0,10919.94,11270.0,11047.58,499486.679
58.32,1.4,41.68,1595980800.0,10844.34,11113.03,11364.8,10919.94,356188.761
57.47,1.35,42.53,1596067200.0,10826.55,11111.96,11195.52,11113.01,230327.988
57.47,1.35,42.53,1596153600.0,10971.78,11343.68,11450.42,11111.97,307399.731
55.95,1.27,44.05,1596240000.0,11201.0,11811.42,11887.45,11343.67,386322.642
55.95,1.27,44.05,1596326400.0,10490.0,11079.72,12154.25,11811.43,492803.351
57.7,1.36,42.3,1596412800.0,10923.0,11227.07,11483.0,11080.7,238654.591
56.58,1.3,43.42,1596499200.0,11025.0,11200.05,11427.38,11227.07,200044.934
56.03,1.27,43.97,1596585600.0,11103.0,11752.5,11798.56,11200.06,263510.011
55.39,1.24,44.61,1596672000.0,11571.78,11770.56,11916.02,11752.5,236459.595
55.05,1.23,44.95,1596758400.0,11318.93,11596.06,11920.0,11769.97,273935.127
54.2,1.18,45.8,1596844800.0,11513.69,11765.72,11819.0,11596.26,154707.303
55.41,1.24,44.59,1596931200.0,11526.9,11685.99,11811.0,11765.72,125463.463
55.05,1.23,44.95,1597017600.0,11384.9,11896.89,12100.0,11685.99,290418.014
55.56,1.25,44.44,1597104000.0,11127.0,11392.64,11944.0,11896.86,336861.638
55.56,1.25,44.44,1597190400.0,11140.0,11568.36,11630.0,11392.64,213799.491
54.31,1.19,45.69,1597276800.0,11272.0,11790.0,11798.0,11568.37,248214.725
55.43,1.24,44.57,1597363200.0,11644.6,11767.89,11868.42,11790.0,159019.959
54.66,1.21,45.34,1597449600.0,11682.0,11859.04,11993.58,11767.89,222262.987
54.66,1.21,45.34,1597536000.0,11688.0,11921.23,11945.0,11858.91,165733.721
53.89,1.17,46.11,1597622400.0,11780.0,12298.06,12499.42,11921.32,331435.112
54.22,1.18,45.78,1597708800.0,11810.0,11960.79,12403.0,12298.06,291349.888
55.2,1.23,44.8,1597795200.0,11574.78,11763.87,12037.05,11962.03,313267.066
54.93,1.22,45.07,1597881600.0,11676.03,11857.92,11888.0,11763.88,130981.044
54.93,1.22,45.07,1597968000.0,11491.0,11538.53,11882.68,11858.53,195106.536
54.98,1.22,45.02,1598054400.0,11385.06,11670.47,11689.08,11538.53,126696.73
54.9,1.22,45.1,1598140800.0,11522.15,11654.0,11724.0,11670.48,95608.033
55.11,1.23,44.89,1598227200.0,11595.0,11753.3,11831.96,11654.0,108781.125
54.65,1.21,45.35,1598313600.0,11130.0,11327.17,11770.0,11753.29,267234.771
55.43,1.24,44.57,1598400000.0,11255.95,11466.22,11548.68,11327.18,170305.024
55.52,1.25,44.48,1598486400.0,11130.82,11335.53,11593.0,11466.22,253778.342
54.95,1.22,45.05,1598572800.0,11283.19,11526.85,11544.88,11335.83,129477.627
54.95,1.22,45.05,1598659200.0,11419.34,11466.66,11582.0,11526.85,83715.229
54.24,1.19,45.76,1598745600.0,11457.88,11714.14,11724.12,11466.27,113266.672
54.24,1.19,45.76,1598832000.0,11575.78,11658.11,11784.21,11714.13,127272.378
55.16,1.23,44.84,1598918400.0,11531.34,11930.18,12061.07,11658.11,211680.828
55.47,1.25,44.53,1599004800.0,11156.0,11396.96,11961.0,11930.17,280411.964
56.05,1.28,43.95,1599091200.0,9901.16,10141.08,11475.0,11396.44,487812.737
56.05,1.28,43.95,1599177600.0,9878.65,10448.0,10635.77,10141.4,432563.841
55.43,1.24,44.57,1599264000.0,9808.58,10168.71,10567.87,10448.0,399307.282
55.83,1.26,44.17,1599350400.0,10003.0,10258.13,10348.97,10168.23,190207.654
55.83,1.26,44.17,1599436800.0,9879.68,10378.76,10420.55,10258.13,258476.949
55.95,1.27,44.05,1599523200.0,9842.01,10129.02,10443.79,10379.3,317802.322
55.54,1.25,44.46,1599609600.0,9981.13,10219.29,10346.0,10130.0,151222.689
54.7,1.21,45.3,1599696000.0,10211.67,10335.91,10484.6,10219.29,187667.873
54.56,1.2,45.44,1599782400.0,10200.8,10387.81,10397.85,10335.91,135929.303
55.0,1.22,45.0,1599868800.0,10271.0,10438.28,10477.7,10387.81,97429.037
54.31,1.19,45.69,1599955200.0,10209.01,10327.72,10580.0,10438.29,159021.843
53.55,1.15,46.45,1600041600.0,10241.57,10664.1,10746.06,10327.72,205260.236
52.53,1.11,47.47,1600128000.0,10592.0,10776.78,10923.42,10664.1,247657.23
52.85,1.12,47.15,1600214400.0,10661.9,10948.17,11089.08,10776.88,252881.019
52.93,1.12,47.07,1600300800.0,10740.0,10935.33,11040.0,10948.16,186484.361
53.35,1.14,46.65,1600387200.0,10810.1,10926.29,11035.0,10935.97,136028.351
52.73,1.12,47.27,1600473600.0,10880.0,11073.74,11177.0,10926.3,126239.232
52.64,1.11,47.36,1600560000.0,10751.0,10914.28,11073.9,11073.2,150450.562
52.81,1.12,47.19,1600646400.0,10281.0,10414.73,10980.69,10915.52,333047.145
53.61,1.16,46.39,1600732800.0,10353.1,10523.32,10574.08,10414.73,179900.686
53.49,1.15,46.51,1600819200.0,10132.21,10237.91,10531.94,10523.32,203027.542
52.66,1.11,47.34,1600905600.0,10191.0,10724.92,10837.27,10237.91,241646.573
52.66,1.11,47.34,1600992000.0,10551.56,10683.51,10754.29,10724.91,170930.773
53.05,1.13,46.95,1601078400.0,10642.23,10726.5,10827.8,10683.5,109340.491
53.07,1.13,46.93,1601164800.0,10584.0,10768.0,10793.5,10726.5,123440.716
53.07,1.13,46.93,1601251200.0,10627.19,10691.45,11024.0,10768.0,187105.377
53.43,1.15,46.57,1601337600.0,10631.49,10836.98,10863.94,10691.94,146888.319
53.43,1.15,46.57,1601424000.0,10660.05,10773.0,10845.99,10836.99,132834.116
52.81,1.12,47.19,1601510400.0,10442.0,10612.63,10935.14,10773.0,253619.622
52.81,1.12,47.19,1601596800.0,10371.03,10565.15,10660.0,10612.62,224747.037
52.81,1.12,47.19,1601683200.0,10491.11,10537.96,10596.0,10565.44,76315.911
52.15,1.09,47.85,1601769600.0,10514.0,10660.16,10694.0,10537.96,90912.105
52.15,1.09,47.85,1601856000.0,10608.9,10785.0,10792.0,10660.16,130589.137
51.67,1.07,48.33,1601942400.0,10510.66,10593.65,10792.0,10784.99,184895.25
51.67,1.07,48.33,1602028800.0,10540.29,10658.75,10675.0,10593.65,106700.522
52.11,1.09,47.89,1602115200.0,10523.0,10919.45,10958.0,10658.75,207938.861
52.11,1.09,47.89,1602201600.0,10818.44,11050.47,11110.0,10919.45,154336.818
53.94,1.17,46.06,1602288000.0,11050.46,11294.79,11494.0,11050.46,199398.012
55.08,1.23,44.92,1602374400.0,11273.77,11369.59,11450.73,11294.78,146323.076
54.7,1.21,45.3,1602460800.0,11157.0,11530.36,11732.0,11369.59,254217.203
54.7,1.21,45.3,1602547200.0,11308.0,11419.36,11562.0,11530.37,199115.115
54.32,1.19,45.68,1602633600.0,11280.5,11417.13,11550.0,11419.36,192936.97
54.32,1.19,45.68,1602720000.0,11250.0,11502.0,11649.48,11417.12,215260.399
53.37,1.15,46.63,1602806400.0,11175.0,11318.92,11538.92,11502.0,212339.085
54.5,1.2,45.5,1602892800.0,11250.0,11356.25,11424.09,11319.51,95892.966
53.35,1.14,46.65,1602979200.0,11342.54,11501.1,11529.93,11356.25,92472.191
52.91,1.12,47.09,1603065600.0,11404.01,11745.0,11830.0,11501.5,230161.648
52.6,1.11,47.4,1603152000.0,11673.0,11900.03,12045.78,11744.99,312811.802
51.74,1.07,48.26,1603238400.0,11876.0,12796.07,13240.0,11900.03,591963.069
54.12,1.18,45.88,1603324800.0,12675.5,12968.87,13188.27,12796.06,343851.666
54.12,1.18,45.88,1603411200.0,12725.04,12925.82,13043.0,12970.39,237042.526
54.39,1.19,45.61,1603497600.0,12871.07,13110.88,13177.59,12925.82,176146.631
53.79,1.16,46.21,1603584000.0,12715.0,13023.81,13369.0,13110.88,206012.652
53.79,1.16,46.21,1603670400.0,12729.0,13047.24,13240.0,13024.21,316503.296
51.38,1.06,48.62,1603756800.0,13041.3,13629.38,13787.83,13047.24,411509.506
51.96,1.08,48.04,1603843200.0,12876.0,13256.17,13863.0,13629.89,476993.789
50.9,1.04,49.1,1603929600.0,12965.0,13446.65,13637.22,13255.79,355352.336
51.12,1.05,48.88,1604016000.0,13100.0,13549.12,13665.65,13446.65,349890.573
51.09,1.05,48.91,1604102400.0,13403.36,13783.73,14140.0,13549.12,357853.23
51.09,1.05,48.91,1604188800.0,13605.9,13752.86,13891.52,13783.73,198395.231
51.68,1.07,48.32,1604275200.0,13195.0,13540.54,13823.75,13752.87,327991.768
51.68,1.07,48.32,1604361600.0,13276.33,14016.55,14070.0,13541.55,348730.51
51.42,1.06,48.58,1604448000.0,13512.0,14134.31,14280.0,14016.55,451433.42
51.97,1.08,48.03,1604534400.0,14088.01,15598.75,15777.0,14134.32,717489.697
54.41,1.19,45.59,1604620800.0,15177.0,15590.96,15984.2,15598.74,559380.06
56.42,1.3,43.58,1604707200.0,14350.0,14824.34,15774.0,15590.95,457582.681
55.25,1.24,44.75,1604793600.0,14710.0,15473.2,15678.0,14824.33,290616.393
54.4,1.19,45.6,1604880000.0,14822.0,15328.72,15869.0,15473.2,474181.983
53.56,1.15,46.44,1604966400.0,15071.0,15294.68,15474.17,15328.72,244073.495
53.81,1.17,46.19,1605052800.0,15274.89,15690.24,16000.0,15294.68,330772.852
54.48,1.2,45.52,1605139200.0,15437.7,16289.02,16345.0,15690.24,471759.126
53.19,1.14,46.81,1605225600.0,15955.6,16320.54,16479.99,16289.01,306656.359
52.98,1.13,47.02,1605312000.0,15700.0,16064.51,16326.82,16320.54,266206.937
52.84,1.12,47.16,1605398400.0,15768.0,15952.27,16161.23,16064.51,210318.453
52.93,1.12,47.07,1605484800.0,15862.0,16707.07,16882.0,15951.93,342459.329
52.55,1.11,47.45,1605571200.0,16550.0,17670.01,17890.1,16707.0,524094.697
54.07,1.18,45.93,1605657600.0,17215.03,17788.32,18520.0,17670.01,732937.097
56.63,1.31,43.37,1605744000.0,17347.27,17811.68,18200.0,17788.32,406500.977
56.63,1.31,43.37,1605830400.0,17748.92,18664.31,18831.6,17811.68,407926.802
55.02,1.22,44.98,1605916800.0,18302.08,18721.99,18986.0,18662.85,342412.49
55.91,1.27,44.09,1606003200.0,17645.98,18435.2,18780.0,18721.99,373779.417
56.02,1.27,43.98,1606089600.0,18013.97,18382.07,18812.65,18434.17,364221.378
56.02,1.27,43.98,1606176000.0,18000.0,19179.64,19440.0,18382.07,477968.289
56.48,1.3,43.52,1606262400.0,18509.12,18741.67,19554.19,19178.53,426276.99
55.65,1.26,44.35,1606348800.0,16181.0,17155.34,18940.69,18741.66,850692.856
55.6,1.25,44.4,1606435200.0,16444.83,17144.1,17465.0,17155.37,398072.933
52.5,1.11,47.5,1606521600.0,16865.78,17717.74,17880.0,17144.11,268833.749
53.2,1.14,46.8,1606608000.0,17523.0,18181.09,18343.0,17717.74,256024.006
53.69,1.16,46.31,1606694400.0,18178.82,19720.0,19944.0,18180.43,500482.574
54.98,1.22,45.02,1606780800.0,18050.0,18772.7,19956.0,19722.09,553885.333
56.19,1.28,43.81,1606867200.0,18329.58,19207.01,19365.0,18770.33,335717.482
55.36,1.24,44.64,1606953600.0,18865.0,19434.3,19640.0,19207.01,245020.576
55.75,1.26,44.25,1607040000.0,18570.0,18664.2,19537.16,19432.66,276271.939
54.26,1.19,45.74,1607126400.0,18510.0,19147.62,19203.46,18662.72,165912.647
54.83,1.21,45.17,1607212800.0,18855.35,19375.02,19449.1,19147.63,176004.606
55.27,1.24,44.73,1607299200.0,18908.66,19172.88,19446.36,19375.0,169402.371
54.81,1.21,45.19,1607385600.0,18133.33,18319.32,19319.38,19172.87,280714.132
54.13,1.18,45.87,1607472000.0,17650.0,18537.98,18639.7,18319.33,353123.689
51.51,1.06,48.49,1607558400.0,17916.0,18253.51,18550.0,18537.97,233960.241
53.18,1.14,46.82,1607644800.0,17555.0,18031.47,18290.44,18254.0,317866.07
52.69,1.11,47.31,1607731200.0,18012.21,18800.0,18950.0,18031.71,196962.282
51.48,1.06,48.52,1607817600.0,18705.46,19175.07,19432.0,18800.0,239760.089
51.88,1.08,48.12,1607904000.0,19004.72,19270.7,19355.35,19175.06,181555.823
51.59,1.07,48.41,1607990400.0,19039.64,19424.91,19598.0,19270.71,248744.054
51.7,1.07,48.3,1608076800.0,19274.55,21346.8,21600.0,19424.9,459302.012
54.84,1.21,45.16,1608163200.0,21231.5,22816.99,23888.04,21346.81,823435.821
55.82,1.26,44.18,1608249600.0,22363.94,23124.35,23330.0,22816.99,305997.222
55.33,1.24,44.67,1608336000.0,22735.81,23847.28,24281.61,23124.35,337535.438
55.98,1.27,44.02,1608422400.0,23076.25,23472.96,24376.0,23847.28,322289.774
54.93,1.22,45.07,1608508800.0,21920.0,22730.1,24145.0,23472.96,476456.589
55.14,1.23,44.86,1608595200.0,22387.0,23826.99,23850.0,22736.05,326124.313
54.96,1.22,45.04,1608681600.0,22572.52,23238.27,24235.42,23826.74,394754.939
51.31,1.05,48.69,1608768000.0,22700.0,23737.44,23819.81,23237.73,237754.257
53.41,1.15,46.59,1608854400.0,23450.0,24730.0,24827.64,23738.75,284523.431
54.88,1.22,45.12,1608940800.0,24507.24,26508.83,26926.0,24729.99,367265.555
55.06,1.23,44.94,1609027200.0,25850.0,26305.64,28459.84,26508.84,540264.148
54.66,1.21,45.34,1609113600.0,26117.1,27102.66,27538.82,26301.76,267563.468
54.26,1.19,45.74,1609200000.0,25913.01,27402.83,27441.73,27101.45,260759.449
54.95,1.22,45.05,1609286400.0,27401.0,28906.99,29063.72,27402.83,374737.655
54.28,1.19,45.72,1609372800.0,27848.0,28951.68,29376.7,28906.99,313648.835
54.97,1.22,45.03,1609459200.0,28627.12,29337.16,29668.86,28948.19,210716.398
54.24,1.19,45.76,1609545600.0,28958.24,32199.91,33480.0,29337.15,545541.08
54.54,1.2,45.46,1609632000.0,32000.02,33054.53,34832.25,32198.41,487486.989
54.6,1.2,45.4,1609718400.0,27800.0,32031.07,33653.56,33053.93,506128.023
54.9,1.22,45.1,1609804800.0,29900.0,33999.52,34500.0,32029.55,433720.833
55.82,1.26,44.18,1609891200.0,33356.46,36823.68,37037.51,33999.51,444019.83
54.34,1.19,45.66,1609977600.0,36337.36,39498.92,40565.62,36825.77,520147.908
54.39,1.19,45.61,1610064000.0,36539.77,40637.23,42125.51,39498.32,518080.826
59.58,1.47,40.42,1610150400.0,38733.28,40136.04,41539.88,40638.91,260882.805
57.93,1.38,42.07,1610236800.0,35268.0,38221.67,41412.12,40136.05,436759.048
60.21,1.51,39.79,1610323200.0,30448.0,35408.46,38322.18,38200.01,906275.651
56.2,1.28,43.8,1610409600.0,32600.0,34056.9,36693.44,35406.92,449065.693
56.27,1.29,43.73,1610496000.0,32420.0,37421.07,37880.0,34065.53,398188.088
52.41,1.1,47.59,1610582400.0,36764.33,39163.31,40189.39,37416.34,353142.386
53.56,1.15,46.44,1610668800.0,34478.0,36755.24,39790.0,39163.31,437610.113
52.69,1.11,47.31,1610755200.0,35366.0,36025.66,38000.0,36755.25,301102.477
52.66,1.11,47.34,1610841600.0,33863.5,35869.83,36898.0,36025.65,287686.129
54.06,1.18,45.94,1610928000.0,34808.47,36686.86,37547.94,35875.72,253386.703
53.98,1.17,46.02,1611014400.0,35850.0,35891.03,37961.0,36690.0,257889.419
53.57,1.15,46.43,1611100800.0,33403.0,35500.0,36461.44,35891.74,329192.419
54.12,1.18,45.88,1611187200.0,30069.9,30879.97,35636.17,35499.23,550562.277
51.21,1.05,48.79,1611273600.0,28880.0,32986.34,33831.52,30875.77,453568.538
50.39,1.02,49.61,1611360000.0,31405.0,32086.48,33495.0,32990.08,256776.411
50.32,1.01,49.68,1611446400.0,30914.2,32275.63,33125.75,32086.48,212107.044
50.35,1.01,49.65,1611532800.0,31921.47,32253.68,34880.0,32274.88,316687.524
51.9,1.08,48.1,1611619200.0,30810.0,32474.14,32950.0,32253.68,346861.707
53.62,1.16,46.38,1611705600.0,29240.0,30381.04,32562.2,32474.81,431022.839
53.58,1.15,46.42,1611792000.0,29843.33,33399.75,33778.95,30382.96,311528.373
52.46,1.1,47.54,1611878400.0,31960.0,34269.35,38641.1,33399.99,713579.785
55.8,1.26,44.2,1611964800.0,32849.06,34289.85,34988.88,34267.04,267861.872
56.77,1.31,43.23,1612051200.0,32193.04,33126.21,34393.22,34284.76,211293.891
55.11,1.23,44.89,1612137600.0,32322.47,33546.09,34720.0,33125.11,240632.325
56.73,1.31,43.27,1612224000.0,33450.0,35504.06,36041.0,33546.08,239856.23
57.49,1.35,42.51,1612310400.0,35410.0,37652.51,37700.0,35504.07,240308.078
58.33,1.4,41.67,1612396800.0,36233.0,36976.93,38833.0,37651.92,306715.022
58.37,1.4,41.63,1612483200.0,36586.68,38362.65,38411.82,36975.19,196277.444
56.85,1.32,43.15,1612569600.0,38269.0,39249.54,40992.4,38357.17,310826.315
58.26,1.4,41.74,1612656000.0,37403.27,38849.25,39757.87,39249.53,296721.925
56.67,1.31,43.33,1612742400.0,38037.0,46451.32,47146.0,38849.24,440167.093
58.69,1.42,41.31,1612828800.0,45057.65,46492.54,48266.36,46451.32,381477.426
58.23,1.39,41.77,1612915200.0,43770.0,44850.0,47475.0,46492.53,334979.017
57.9,1.38,42.1,1613001600.0,44038.97,48060.21,48810.0,44850.0,330540.045
58.64,1.42,41.36,1613088000.0,46121.0,47361.03,49278.98,48060.21,259186.288
58.58,1.41,41.42,1613174400.0,46252.1,47221.62,48290.0,47364.0,199965.397
57.6,1.36,42.4,1613260800.0,47093.16,48655.21,49875.16,47221.63,241935.666
57.71,1.37,42.29,1613347200.0,45349.21,47981.58,49100.0,48655.21,248960.404
58.84,1.43,41.16,1613433600.0,47101.02,49197.94,50953.44,47981.6,343592.011
58.05,1.38,41.95,1613520000.0,49029.62,52194.62,52800.0,49197.93,312007.458
57.79,1.37,42.21,1613606400.0,50948.0,51619.7,52640.0,52194.62,185489.89
56.72,1.31,43.28,1613692800.0,50800.0,56004.1,56582.0,51612.46,257911.872
56.72,1.31,43.28,1613779200.0,53905.0,55917.41,57699.0,56005.85,240296.308
57.4,1.35,42.6,1613865600.0,55564.5,57487.43,58472.14,55908.45,196820.573
57.08,1.33,42.92,1613952000.0,47751.42,54121.1,57591.87,57475.5,480660.187
56.11,1.28,43.89,1614038400.0,44893.82,48930.0,54260.12,54125.55,748737.462
56.64,1.31,43.36,1614124800.0,47000.0,49702.03,51435.58,48930.01,333415.219
55.94,1.27,44.06,1614211200.0,46685.43,47089.37,52134.96,49702.05,349943.016
55.39,1.24,44.61,1614297600.0,44100.0,46313.13,48438.01,47087.97,440670.32
55.1,1.23,44.9,1614384000.0,44926.77,46102.63,48476.05,46313.12,256027.074
55.35,1.24,44.65,1614470400.0,43002.05,45163.36,46678.0,46097.09,370358.825
56.81,1.32,43.19,1614556800.0,44972.49,49592.7,49800.0,45162.64,315659.931
55.77,1.26,44.23,1614643200.0,47058.06,48450.57,50221.77,49594.99,273100.435
55.93,1.27,44.07,1614729600.0,48110.66,50373.75,52681.51,48454.21,350311.234
55.27,1.24,44.73,1614816000.0,47500.0,48385.77,51800.0,50373.75,387428.957
55.48,1.25,44.52,1614902400.0,46320.0,48770.57,49470.0,48385.77,354602.756
56.27,1.29,43.73,1614988800.0,47090.0,48908.21,49253.63,48772.68,215092.91
55.59,1.25,44.41,1615075200.0,48908.21,50995.27,51480.0,48908.21,248398.116
56.95,1.32,43.05,1615161600.0,49310.0,52429.43,52450.0,50991.35,308339.866
58.27,1.4,41.73,1615248000.0,51880.0,54917.78,54950.0,52429.43,285604.798
56.4,1.29,43.6,1615334400.0,53061.0,55947.98,57500.92,54917.78,401159.493
56.94,1.32,43.06,1615420800.0,54356.44,57844.52,58283.0,55949.3,364681.318
54.65,1.21,45.35,1615507200.0,55074.3,57291.03,58186.33,57842.64,335495.042
53.84,1.17,46.16,1615593600.0,56136.0,61267.41,61950.0,57291.04,320322.173
56.37,1.29,43.63,1615680000.0,59005.0,59037.12,61798.0,61267.41,231991.901
55.9,1.27,44.1,1615766400.0,54517.28,55646.61,60740.0,59037.11,448820.83
54.49,1.2,45.51,1615852800.0,53335.0,56954.19,56988.0,55646.61,339718.202
54.7,1.21,45.3,1615939200.0,54154.93,58959.0,59078.79,56953.23,339397.712
54.93,1.22,45.07,1616025600.0,57072.0,57700.01,60510.0,58959.01,305100.026
55.58,1.25,44.42,1616112000.0,56301.27,58089.11,59550.0,57700.01,259039.479
55.58,1.25,44.42,1616198400.0,57881.0,58145.61,59948.0,58089.11,203680.149
55.73,1.26,44.27,1616284800.0,55403.55,57415.18,58638.7,58144.44,237518.696
54.99,1.22,45.01,1616371200.0,53635.81,54129.56,58500.0,57415.19,293062.947
54.21,1.18,45.79,1616457600.0,52981.4,54400.0,55890.68,54129.56,276199.041
55.3,1.24,44.7,1616544000.0,51666.0,52311.54,57234.79,54400.0,394172.526
52.7,1.11,47.3,1616630400.0,50452.08,51325.21,53255.2,52307.89,416848.091
54.13,1.18,45.87,1616716800.0,51260.0,55030.0,55123.0,51325.21,271957.842
52.96,1.13,47.04,1616803200.0,54001.0,55828.0,56658.76,55030.0,234435.346
53.87,1.17,46.13,1616889600.0,54694.91,55805.08,56588.31,55828.0,200603.768
53.76,1.16,46.24,1616976000.0,54931.15,57677.64,58490.11,55804.16,277215.268
55.35,1.24,44.65,1617062400.0,57110.0,58794.16,59560.0,57676.14,232824.065
56.33,1.29,43.67,1617148800.0,56812.0,58807.24,59920.0,58794.17,337038.349
57.09,1.33,42.91,1617235200.0,58002.0,58794.01,59592.22,58810.99,196332.114
56.03,1.27,43.97,1617321600.0,58490.03,59031.36,60397.85,58797.56,189391.958
56.18,1.28,43.82,1617408000.0,56900.0,57134.65,59925.0,59028.99,198636.171
55.8,1.26,44.2,1617494400.0,56517.23,58234.61,58553.0,57134.65,152454.122
55.11,1.23,44.89,1617580800.0,56808.94,59243.39,59385.0,58234.61,174338.646
56.24,1.29,43.76,1617667200.0,57500.0,58059.99,59626.18,59243.4,165562.029
56.05,1.28,43.95,1617753600.0,55536.07,56018.18,58720.0,58060.0,265271.707
55.2,1.23,44.8,1617840000.0,55759.13,58122.26,58200.0,56018.17,161389.858
54.88,1.22,45.12,1617926400.0,57700.0,58176.03,58950.0,58122.93,141690.144
54.82,1.21,45.18,1618012800.0,57943.95,59832.43,61800.0,58176.04,240907.592
55.01,1.22,44.99,1618099200.0,59304.02,60090.2,60816.88,59832.43,148499.824
55.77,1.26,44.23,1618185600.0,59500.0,59911.18,61449.91,60093.26,196147.561
54.93,1.22,45.07,1618272000.0,59873.01,63649.71,63850.0,59911.19,279389.492
55.03,1.22,44.97,1618358400.0,61404.0,63019.1,64986.11,63645.05,323454.88
55.11,1.23,44.89,1618444800.0,62157.89,63232.55,63905.83,63018.34,178604.198
55.69,1.26,44.31,1618531200.0,60100.0,61424.67,63600.0,63232.56,255765.893
55.51,1.25,44.49,1618617600.0,59620.0,60090.14,62610.0,61424.67,194112.299
55.22,1.23,44.78,1618704000.0,50050.0,56140.05,60450.0,60090.14,522006.276
54.08,1.18,45.92,1618790400.0,54200.0,55634.39,57532.7,56140.05,285041.716
53.59,1.16,46.41,1618876800.0,53330.82,56410.56,57060.0,55634.38,324494.085
53.77,1.16,46.23,1618963200.0,53610.0,53800.0,56756.78,56411.25,252601.972
53.14,1.13,46.86,1619049600.0,50534.34,51714.61,55470.51,53794.72,453489.185
53.74,1.16,46.26,1619136000.0,47546.16,51122.62,52152.0,51714.62,554666.026
53.95,1.17,46.05,1619222400.0,48690.0,50092.4,51183.51,51122.63,299663.131
54.97,1.22,45.03,1619308800.0,46930.43,49063.94,50577.9,50094.27,310306.501
53.48,1.15,46.52,1619395200.0,48763.0,53984.33,54364.89,49063.94,390494.148
53.88,1.17,46.12,1619481600.0,53225.14,55006.25,55500.0,53984.34,225440.361
54.73,1.21,45.27,1619568000.0,53852.0,54861.77,56574.13,55006.25,263170.559
55.71,1.26,44.29,1619654400.0,52350.0,53558.8,55222.02,54861.76,257045.19
54.57,1.2,45.43,1619740800.0,53043.62,57684.16,57935.0,53558.57,294683.751
53.64,1.16,46.36,1619827200.0,57051.23,57836.34,58488.17,57688.29,207854.398
54.67,1.21,45.33,1619913600.0,56100.0,56630.33,57959.97,57836.35,203712.515
54.62,1.2,45.38,1620000000.0,56500.65,57214.83,59056.59,56630.34,271733.972
55.01,1.22,44.99,1620086400.0,53094.59,53263.32,57253.76,57214.84,388988.754
54.81,1.21,45.19,1620172800.0,52880.38,57497.77,57940.0,53263.32,317811.705
55.37,1.24,44.63,1620259200.0,55297.91,56435.35,58450.0,57497.76,275471.204
55.18,1.23,44.82,1620345600.0,55300.0,57350.88,58800.0,56435.35,256159.504
55.48,1.25,44.52,1620432000.0,56961.25,58924.98,59590.96,57350.89,264906.729
55.41,1.24,44.59,1620518400.0,56316.0,58292.53,59335.19,58926.36,245954.014
55.52,1.25,44.48,1620604800.0,53250.0,55869.67,59654.0,58292.53,396237.133
55.93,1.27,44.07,1620691200.0,54541.33,56710.43,56908.66,55869.41,267226.104
55.13,1.23,44.87,1620777600.0,48503.74,49595.76,58049.99,56712.7,472329.152
55.13,1.23,44.87,1620864000.0,45596.32,49707.9,51358.0,49596.75,652476.689
54.31,1.19,45.69,1620950400.0,48870.41,49873.27,51533.0,49706.27,319069.002
55.12,1.23,44.88,1621036800.0,46584.32,46793.41,50709.43,49873.26,442023.496
55.07,1.23,44.93,1621123200.0,43866.0,46429.28,49829.39,46794.62,604537.63
53.78,1.16,46.22,1621209600.0,42151.0,43566.18,46655.0,46429.28,809129.365
53.28,1.14,46.72,1621296000.0,42268.0,42882.53,45846.61,43565.11,590358.592
53.4,1.15,46.6,1621382400.0,28688.0,36689.14,43615.93,42882.54,1373851.849
54.83,1.21,45.17,1621468800.0,34882.0,40500.3,42460.0,36689.14,775185.113
57.56,1.36,42.44,1621555200.0,33400.0,37211.02,42270.42,40500.0,930671.747
53.44,1.15,46.56,1621641600.0,35201.11,37432.58,38851.34,37210.01,588166.784
56.85,1.32,43.15,1621728000.0,31096.7,34651.6,38261.71,37436.0,996815.017
53.71,1.16,46.29,1621814400.0,34366.0,38779.66,39917.09,34656.53,707903.071
53.44,1.15,46.56,1621900800.0,36439.32,38326.84,39790.05,38783.58,598836.411
54.23,1.19,45.77,1621987200.0,37804.76,39224.2,40900.0,38326.84,577032.81
52.27,1.1,47.73,1622073600.0,37133.22,38527.38,40438.82,39224.21,543338.566
54.07,1.18,45.93,1622160000.0,34689.57,35670.99,38888.35,38527.38,832363.425
53.83,1.17,46.17,1622246400.0,33650.0,34611.94,37375.0,35670.99,733902.825
53.24,1.14,46.76,1622332800.0,33356.0,35651.81,36501.0,34611.95,511834.746
54.32,1.19,45.68,1622419200.0,34150.0,37243.38,37500.0,35651.8,635082.121
53.11,1.13,46.89,1622505600.0,35500.0,36693.41,37893.76,37244.36,590822.54
53.52,1.15,46.48,1622592000.0,35905.0,37569.99,38232.99,36694.37,441719.806
53.01,1.13,46.99,1622678400.0,37150.15,39247.4,39470.0,37570.0,507429.005
53.95,1.17,46.05,1622764800.0,35552.51,36828.03,39297.35,39247.4,700625.866
53.55,1.15,46.45,1622851200.0,34800.0,35498.62,37900.49,36828.03,631028.448
52.76,1.12,47.24,1622937600.0,35201.86,35801.71,36521.16,35497.93,443601.064
52.31,1.1,47.69,1623024000.0,33200.0,33550.96,36820.0,35801.71,636735.873
52.94,1.13,47.06,1623110400.0,30969.0,33372.58,34061.57,33550.97,976693.026
52.61,1.11,47.39,1623196800.0,32390.0,37368.45,37511.31,33372.58,1031014.087
52.62,1.11,47.38,1623283200.0,35750.0,36669.66,38489.0,37369.99,803185.699
52.72,1.12,47.28,1623369600.0,35900.0,37300.42,37679.54,36669.65,586122.898
51.99,1.08,48.01,1623456000.0,34585.9,35537.05,37432.95,37300.41,623532.476
52.68,1.11,47.32,1623542400.0,34739.06,38993.65,39374.18,35535.95,647035.314
52.12,1.09,47.88,1623628800.0,38720.0,40489.1,41000.0,38993.66,704979.881
52.47,1.1,47.53,1623715200.0,39500.0,40132.86,41413.0,40489.1,632066.994
52.21,1.09,47.79,1623801600.0,38105.0,38344.97,40495.0,40132.86,673235.496
52.03,1.09,47.97,1623888000.0,37334.76,38060.71,39565.0,38344.97,603849.861
51.28,1.05,48.72,1623974400.0,35100.0,35811.41,38198.0,38060.71,790379.249
51.78,1.07,48.22,1624060800.0,34704.08,35483.0,36471.8,35811.41,642185.382
51.64,1.07,48.36,1624147200.0,33312.0,35588.64,36155.0,35483.01,829896.441
51.37,1.06,48.63,1624233600.0,31250.51,31606.0,35746.28,35588.63,1397330.662
52.32,1.1,47.68,1624320000.0,28780.01,32496.0,33274.0,31606.0,1531824.85
52.99,1.13,47.01,1624406400.0,31711.5,33649.0,34867.77,32496.0,960700.369
51.99,1.08,48.01,1624492800.0,32300.0,34644.64,35406.74,33650.0,774899.165
52.5,1.11,47.5,1624579200.0,31250.0,31568.07,35500.0,34644.65,1093051.375
51.22,1.05,48.78,1624665600.0,30120.0,32255.56,32720.52,31569.18,1091384.749
51.88,1.08,48.12,1624752000.0,31960.0,34687.71,34762.0,32250.15,897147.453
52.5,1.11,47.5,1624838400.0,33855.0,34487.22,35279.38,34687.71,706158.545
52.46,1.1,47.54,1624924800.0,34206.0,35911.26,36623.0,34486.58,806140.329
53.06,1.13,46.94,1625011200.0,34042.74,35031.39,36089.96,35910.64,719742.983
52.25,1.09,47.75,1625097600.0,32672.04,33489.96,35044.98,35031.39,758966.493
52.54,1.11,47.46,1625184000.0,32684.0,33760.94,33960.0,33489.96,664923.202
52.3,1.1,47.7,1625270400.0,33296.98,34652.94,34948.16,33760.94,510614.258
52.12,1.09,47.88,1625356800.0,34340.75,35280.16,35955.55,34653.32,451001.556
51.68,1.07,48.32,1625443200.0,33032.0,33672.72,35281.55,35280.17,736706.409
52.11,1.09,47.89,1625529600.0,33500.0,34206.01,35120.0,33672.72,644229.007
52.11,1.09,47.89,1625616000.0,33756.48,33845.64,35089.56,34206.0,456218.909
52.11,1.09,47.89,1625702400.0,32066.0,32852.04,33910.0,33845.63,650317.664
52.11,1.09,47.89,1625788800.0,32250.0,33805.01,34100.0,32855.0,485662.879
52.33,1.1,47.67,1625875200.0,33010.0,33497.98,34248.58,33805.01,410271.979
52.07,1.09,47.93,1625961600.0,33306.03,34253.81,34629.62,33497.98,343905.35
52.05,1.09,47.95,1626048000.0,32650.0,33070.87,34662.73,34253.88,502747.758
51.58,1.07,48.42,1626134400.0,32186.99,32709.09,33336.0,33070.86,466567.713
51.96,1.08,48.04,1626220800.0,31556.02,32803.01,33176.47,32708.66,521140.41
51.34,1.06,48.66,1626307200.0,31140.0,31866.43,33170.0,32803.0,539111.667
51.21,1.05,48.79,1626393600.0,31018.59,31382.95,32245.0,31865.53,516577.743
51.91,1.08,48.09,1626480000.0,31150.02,31496.65,31945.0,31382.96,422650.418
51.28,1.05,48.72,1626566400.0,31075.1,31767.0,32435.93,31496.65,412189.401
51.26,1.05,48.74,1626652800.0,30358.77,30823.62,31890.0,31765.23,486305.627
51.47,1.06,48.53,1626739200.0,29242.24,29775.9,31050.0,30823.62,602688.19
51.66,1.07,48.34,1626825600.0,29472.41,32120.0,32883.9,29775.89,787077.39
51.59,1.07,48.41,1626912000.0,31700.0,32268.11,32583.48,32120.0,397258.936
52.39,1.1,47.61,1626998400.0,31970.82,33634.46,33650.0,32268.12,404650.016
51.11,1.05,48.89,1627084800.0,33379.81,34230.0,34471.0,33631.74,376046.028
51.1,1.05,48.9,1627171200.0,33812.0,35370.66,35400.0,34230.0,404114.844
50.23,1.01,49.77,1627257600.0,35185.49,37218.09,48168.6,35370.67,1162332.857
50.82,1.03,49.18,1627344000.0,36384.31,39442.33,39546.34,37218.09,675104.157
50.19,1.01,49.81,1627430400.0,38753.0,40003.08,40894.0,39448.06,736196.234
50.73,1.03,49.27,1627516800.0,39203.83,40012.9,40665.0,40003.08,463917.872
50.2,1.01,49.8,1627603200.0,38320.0,42203.25,42316.6,40012.89,561474.309
50.34,1.01,49.66,1627689600.0,41030.19,41448.11,42494.0,42202.6,381521.899
51.05,1.04,48.95,1627776000.0,39350.4,39846.78,42614.98,41448.1,487529.044
50.49,1.02,49.51,1627862400.0,38658.0,39147.48,40450.0,39846.78,451872.128
50.08,1.0,49.92,1627948800.0,37600.0,38203.26,39774.93,39147.47,517219.517
49.8,0.99,50.2,1628035200.0,37500.0,39731.31,39975.32,38201.33,479560.473
50.51,1.02,49.49,1628121600.0,37291.0,40882.4,41350.0,39731.31,746249.712
50.41,1.02,49.59,1628208000.0,39849.82,42825.43,43400.0,40882.39,653451.154
49.98,1.0,50.02,1628294400.0,42395.2,44601.11,44753.01,42825.43,583750.891
50.67,1.03,49.33,1628380800.0,43265.0,43787.71,45350.0,44601.11,553684.698
50.81,1.03,49.19,1628467200.0,42785.0,46259.7,46483.0,43787.71,626220.503
50.42,1.02,49.58,1628553600.0,44670.05,45589.99,46800.0,46259.7,460478.861
50.5,1.02,49.5,1628640000.0,45354.0,45522.12,46754.27,45589.99,390660.571
51.96,1.08,48.04,1628726400.0,43800.0,44385.09,46226.67,45522.13,468276.056
52.25,1.09,47.75,1628812800.0,44208.88,47792.52,47980.69,44385.09,438025.46
52.41,1.1,47.59,1628899200.0,46000.0,47083.74,48300.0,47792.52,374368.796
52.53,1.11,47.47,1628985600.0,45480.0,47006.02,47388.75,47083.75,370950.807
52.51,1.11,47.49,1629072000.0,45682.03,45926.23,48074.23,47006.02,412537.605
52.27,1.1,47.73,1629158400.0,44412.01,44704.84,47194.0,45926.23,474316.4
51.96,1.08,48.04,1629244800.0,44227.32,44714.09,46050.0,44704.85,395836.158
52.63,1.11,47.37,1629331200.0,43938.38,46772.0,47100.0,44714.09,439402.162
52.52,1.11,47.48,1629417600.0,46650.0,49332.74,49500.0,46772.0,401499.081
53.25,1.14,46.75,1629504000.0,48250.0,48848.29,49833.0,49332.99,347594.451
53.07,1.13,46.93,1629590400.0,48075.81,49273.28,49556.2,48846.11,294672.223
52.83,1.12,47.17,1629676800.0,49075.01,49523.91,50600.0,49273.28,355733.496
52.7,1.11,47.3,1629763200.0,47600.0,47719.36,49888.88,49523.23,398682.002
52.82,1.12,47.18,1629849600.0,47130.57,48992.65,49297.8,47719.37,389100.384
52.64,1.11,47.36,1629936000.0,46280.0,46853.06,49380.0,48992.65,475183.123
52.35,1.1,47.65,1630022400.0,46359.97,49083.98,49220.0,46854.22,403667.012
52.05,1.09,47.95,1630108800.0,48395.65,48931.99,49333.0,49082.13,222793.024
53.28,1.14,46.72,1630195200.0,47741.31,48795.41,49769.2,48931.99,315105.499
53.26,1.14,46.74,1630281600.0,46876.49,47024.7,48916.25,48795.42,351830.754
53.08,1.13,46.92,1630368000.0,46731.03,47150.32,48298.0,47024.69,365548.209
53.57,1.15,46.43,1630454400.0,46550.99,48842.94,49160.79,47150.32,350108.374
53.89,1.17,46.11,1630540800.0,48631.2,49299.14,50420.0,48842.93,361863.055
53.87,1.17,46.13,1630627200.0,48333.0,50027.08,51111.0,49299.14,430326.386
53.57,1.15,46.43,1630713600.0,49360.0,49940.74,50582.08,50027.09,274956.842
53.11,1.13,46.89,1630800000.0,49462.59,51799.57,51950.0,49942.2,288984.124
53.29,1.14,46.71,1630886400.0,51040.0,52683.97,52830.0,51799.56,297734.284
53.3,1.14,46.7,1630972800.0,42088.0,46864.39,52950.0,52683.98,764140.139
52.59,1.11,47.41,1631059200.0,44431.0,46062.29,47347.0,46864.38,435803.011
52.74,1.12,47.26,1631145600.0,45500.0,46413.88,47400.0,46060.02,309015.75
52.67,1.11,47.33,1631232000.0,44120.0,44860.83,47037.5,46413.88,343533.069
53.27,1.14,46.73,1631318400.0,44737.4,45193.78,45999.0,44860.83,194144.115
53.29,1.14,46.71,1631404800.0,44746.51,46046.73,46512.2,45194.19,223534.63
53.28,1.14,46.72,1631491200.0,43323.93,44975.96,46933.89,46048.02,448942.068
53.37,1.15,46.63,1631577600.0,44692.9,47087.18,47272.98,44975.96,277925.721
53.09,1.13,46.91,1631664000.0,46675.0,48106.12,48440.93,47087.18,244226.37
52.04,1.09,47.96,1631750400.0,47038.21,47745.55,48488.0,48106.13,260044.727
52.41,1.1,47.59,1631836800.0,46750.0,47303.11,48150.0,47745.55,226193.34
52.66,1.11,47.34,1631923200.0,47044.32,48285.15,48850.0,47303.11,207900.413
52.5,1.11,47.5,1632009600.0,46840.0,47256.91,48364.64,48284.61,212631.933
52.52,1.11,47.48,1632096000.0,42467.86,43026.6,47345.0,47256.92,600764.629
52.36,1.1,47.64,1632182400.0,39503.58,40726.1,43629.6,43026.61,683242.002
52.56,1.11,47.44,1632268800.0,40551.49,43520.0,43989.98,40727.83,400849.752
52.53,1.11,47.47,1632355200.0,43056.0,44828.29,44976.48,43520.0,330253.525
52.64,1.11,47.36,1632441600.0,40650.0,42798.49,45134.33,44828.29,608595.52
53.25,1.14,46.75,1632528000.0,41630.26,42651.58,42950.0,42798.49,277084.795
52.88,1.12,47.12,1632614400.0,40725.01,43150.0,43940.0,42646.84,354393.916
52.44,1.1,47.56,1632700800.0,42059.13,42122.69,44350.0,43150.01,285311.606
52.35,1.1,47.65,1632787200.0,40854.0,41006.32,42749.0,42122.69,359745.538
52.08,1.09,47.92,1632873600.0,40708.73,41499.71,42576.8,41002.96,293307.589
51.81,1.08,48.19,1632960000.0,41387.78,43796.57,44100.0,41499.7,389185.646
52.22,1.09,47.78,1633046400.0,43260.01,48123.94,48450.0,43799.49,449491.768
52.48,1.1,47.52,1633132800.0,47410.0,47626.61,48338.68,48123.93,182565.988
52.48,1.1,47.52,1633219200.0,47071.26,48187.3,49304.12,47626.62,212410.375
52.72,1.12,47.28,1633305600.0,46885.29,49198.22,49544.48,48187.99,324424.837
53.01,1.13,46.99,1633392000.0,49009.21,51455.12,51888.0,49199.78,314043.813
52.38,1.1,47.62,1633478400.0,50410.0,55321.6,56416.02,51460.22,418731.748
52.76,1.12,47.24,1633564800.0,53374.34,53814.99,55337.8,55327.45,262974.545
53.8,1.17,46.2,1633651200.0,53647.3,53975.0,56208.73,53814.99,255210.035
53.1,1.13,46.9,1633737600.0,53656.66,54960.77,55589.0,53974.99,167495.393
52.96,1.13,47.04,1633824000.0,54101.0,54700.0,56789.0,54960.79,289072.818
52.32,1.1,47.68,1633910400.0,54458.0,57500.01,57880.0,54700.0,314868.05
52.78,1.12,47.22,1633996800.0,53750.0,56011.84,57756.52,57500.01,349147.775
52.85,1.12,47.15,1634083200.0,54271.24,57393.65,57822.38,56011.83,327714.318
52.86,1.12,47.14,1634169600.0,56800.0,57378.19,58586.67,57393.65,254719.751
53.12,1.13,46.88,1634256000.0,56900.0,61702.33,63997.61,57377.12,493366.513
53.2,1.14,46.8,1634342400.0,60220.0,60925.56,62444.23,61702.33,213251.899
54.33,1.19,45.67,1634428800.0,58850.0,61571.45,61796.47,60925.56,240132.514
54.21,1.18,45.79,1634515200.0,59897.61,62037.92,62800.0,61571.45,333278.481
53.37,1.15,46.63,1634601600.0,61300.0,64316.7,64500.0,62037.92,379243.718
53.35,1.14,46.65,1634688000.0,63518.81,66064.24,67150.0,64314.75,324737.868
54.02,1.18,45.98,1634774400.0,62000.0,62260.33,66750.0,66064.25,478610.458
53.76,1.16,46.24,1634860800.0,60011.9,60734.27,63796.2,62260.33,350359.527
53.15,1.13,46.85,1634947200.0,59622.0,61325.11,61780.0,60734.28,222553.478
53.77,1.16,46.23,1635033600.0,59504.46,60902.82,61550.0,61325.09,245816.821
53.36,1.14,46.64,1635120000.0,60701.0,63127.04,63795.98,60902.82,234201.1
53.64,1.16,46.36,1635206400.0,59838.05,60358.75,63362.06,63129.25,252256.924
52.65,1.11,47.35,1635292800.0,57865.0,58449.36,61550.0,60358.74,329112.396
53.55,1.15,46.45,1635379200.0,57550.0,60622.03,62641.26,58449.36,333323.116
53.8,1.17,46.2,1635465600.0,60222.0,62308.22,63069.71,60622.02,218355.773
53.58,1.15,46.42,1635552000.0,60631.23,61895.19,62415.85,62308.21,156041.523
53.68,1.16,46.32,1635638400.0,60008.0,61348.61,62462.99,61895.19,183599.524
53.43,1.15,46.57,1635724800.0,59400.0,60942.87,62543.58,61347.14,246158.361
53.68,1.16,46.32,1635811200.0,60659.58,63266.69,64349.55,60942.87,217592.062
54.2,1.18,45.8,1635897600.0,60300.0,62946.45,63613.0,63266.69,211190.183
54.11,1.18,45.89,1635984000.0,60703.0,61431.86,63149.0,62946.45,184677.079
53.89,1.17,46.11,1636070400.0,60762.0,61006.0,62671.48,61433.9,157569.637
53.35,1.14,46.65,1636156800.0,60100.0,61511.3,61645.75,61006.0,154919.118
53.74,1.16,46.26,1636243200.0,61368.26,63316.4,63377.58,61511.3,142878.208
53.88,1.17,46.12,1636329600.0,63308.7,67606.96,67932.89,63316.4,274932.146
53.84,1.17,46.16,1636416000.0,66300.0,67009.98,68675.16,67606.96,231843.834
54.05,1.18,45.95,1636502400.0,62400.51,64920.13,69198.7,67010.65,347835.573
54.58,1.2,45.42,1636588800.0,64147.12,64831.3,65646.98,64920.13,178279.275
53.84,1.17,46.16,1636675200.0,62313.0,64156.08,65500.0,64831.2,264576.325
53.87,1.17,46.13,1636761600.0,63430.01,64427.0,65073.24,64156.08,124466.493
53.35,1.14,46.65,1636848000.0,63640.0,65568.39,65569.99,64426.99,146424.701
53.4,1.15,46.6,1636934400.0,63351.58,63654.49,66395.05,65568.38,210026.602
53.51,1.15,46.49,1637020800.0,58397.14,60106.03,63655.77,63654.49,475025.706
52.33,1.1,47.67,1637107200.0,58336.68,60366.96,60848.85,60106.03,287388.873
52.36,1.1,47.64,1637193600.0,56505.48,56921.05,60999.0,60366.97,412021.672
52.4,1.1,47.6,1637280000.0,55604.0,58069.51,58333.0,56921.04,245356.121
52.03,1.09,47.97,1637366400.0,57372.0,59716.29,59873.84,58069.52,173697.342
52.74,1.12,47.26,1637452800.0,58518.88,58661.39,60052.82,59716.28,143887.271
52.57,1.11,47.43,1637539200.0,55600.0,56268.31,59624.56,58648.87,326184.881
52.38,1.1,47.62,1637625600.0,55250.0,57574.23,57888.0,56268.31,267790.325
52.69,1.11,47.31,1637712000.0,55900.0,57165.08,57775.27,57574.24,194683.757
53.05,1.13,46.95,1637798400.0,57029.0,58988.21,59449.62,57165.09,191912.653
53.39,1.15,46.61,1637884800.0,53500.0,53755.65,59186.41,58988.36,378650.919
52.47,1.1,47.53,1637971200.0,53640.69,54738.77,55300.0,53755.66,155119.117
52.24,1.09,47.76,1638057600.0,53245.0,57315.73,57474.76,54738.77,213600.615
53.08,1.13,46.92,1638144000.0,56715.0,57827.98,58924.21,57315.72,215111.466
53.77,1.16,46.23,1638230400.0,55900.0,56975.0,59224.99,57827.97,337624.148
53.15,1.13,46.85,1638316800.0,56500.0,57209.29,59100.0,56978.06,273959.104
53.21,1.14,46.79,1638403200.0,55800.0,56513.57,57428.49,57209.28,249985.255
52.93,1.12,47.07,1638489600.0,50604.0,53612.0,57670.0,56513.56,374132.016
52.02,1.08,47.98,1638576000.0,40888.89,49135.66,53889.69,53611.86,598774.989
50.42,1.02,49.58,1638662400.0,47755.0,49376.6,49699.49,49135.66,286434.382
53.2,1.14,46.8,1638748800.0,47000.0,50424.72,50888.0,49373.83,357711.029
52.38,1.1,47.62,1638835200.0,50012.0,50577.2,51929.0,50424.72,224670.618
52.65,1.11,47.35,1638921600.0,48533.33,50455.61,51210.6,50577.2,238229.884
51.45,1.06,48.55,1639008000.0,47312.89,47539.76,50773.03,50459.61,273086.086
51.97,1.08,48.03,1639094400.0,46828.23,47136.35,50188.42,47539.34,302974.429
51.9,1.08,48.1,1639180800.0,46724.35,49381.15,49499.05,47132.31,210959.992
52.42,1.1,47.58,1639267200.0,48616.16,50057.01,50768.0,49379.51,183434.285
52.44,1.1,47.56,1639353600.0,45600.0,46679.93,50180.0,50057.02,348551.322
51.52,1.06,48.48,1639440000.0,46255.6,48324.04,48657.92,46679.93,266213.627
51.71,1.07,48.29,1639526400.0,46518.73,48870.48,49479.75,48324.0,345239.891
52.35,1.1,47.65,1639612800.0,47500.0,47624.5,49439.79,48870.48,215874.187
52.27,1.1,47.73,1639699200.0,45373.11,46125.33,47988.27,47629.1,326458.135
50.68,1.03,49.32,1639785600.0,45438.43,46815.99,47336.99,46125.33,191006.415
50.96,1.04,49.04,1639872000.0,46399.37,46668.63,48461.17,46815.99,241698.541
51.83,1.08,48.17,1639958400.0,45530.67,46898.14,47533.42,46668.65,273804.259
50.86,1.04,49.14,1640044800.0,46650.0,48875.15,49298.78,46896.82,260008.358
52.66,1.11,47.34,1640131200.0,48420.02,48569.69,49599.0,48875.88,208463.689
52.55,1.11,47.45,1640217600.0,48020.0,50817.92,51377.74,48569.69,255885.48
52.55,1.11,47.45,1640304000.0,50379.25,50808.55,51805.0,50817.94,220208.725
52.83,1.12,47.17,1640390400.0,50105.0,50403.64,51190.0,50809.37,147662.438
53.08,1.13,46.92,1640476800.0,49350.0,50765.73,51300.0,50403.64,184800.616
53.38,1.15,46.62,1640563200.0,50450.0,50707.72,52134.0,50765.73,216225.263
53.76,1.16,46.24,1640649600.0,47290.0,47522.03,50713.56,50707.72,336083.34
52.59,1.11,47.41,1640736000.0,46000.0,46436.54,48125.97,47522.02,274795.378
52.2,1.09,47.8,1640822400.0,45880.0,47095.02,47911.68,46436.53,229931.288
51.7,1.07,48.3,1640908800.0,45650.0,46210.56,48575.0,47095.02,287186.003
51.97,1.08,48.03,1640995200.0,46210.55,47704.35,47943.77,46210.57,179433.584
52.8,1.12,47.2,1641081600.0,46605.68,47280.0,48000.0,47704.35,184795.093
53.47,1.15,46.53,1641168000.0,45665.4,46445.81,47575.22,47280.01,244781.793
52.68,1.11,47.32,1641254400.0,45445.57,45833.42,47524.36,46445.8,292149.75
52.76,1.12,47.24,1641340800.0,42270.0,43421.69,47075.29,45833.41,485477.569
52.44,1.1,47.56,1641427200.0,42385.83,43080.01,43766.0,43421.7,299509.851
52.43,1.1,47.57,1641513600.0,40456.56,41553.86,43135.0,43080.01,473214.849
52.23,1.09,47.77,1641600000.0,40500.0,41688.05,42335.0,41553.87,283737.224
53.86,1.17,46.14,1641686400.0,41170.0,41851.22,42773.85,41688.05,223134.952
53.29,1.14,46.71,1641772800.0,39610.0,41801.55,42219.84,41851.22,453644.116
52.81,1.12,47.19,1641859200.0,41255.0,42700.68,43118.0,41801.55,323760.691
52.55,1.11,47.45,1641945600.0,42415.0,43880.72,44300.0,42700.69,281339.294
52.27,1.1,47.73,1642032000.0,42301.16,42534.32,44396.68,43880.72,289289.18
51.73,1.07,48.27,1642118400.0,41666.0,43042.4,43450.0,42538.72,272517.077
52.6,1.11,47.4,1642204800.0,42530.64,43070.51,43800.0,43042.4,184649.157
52.6,1.11,47.4,1642291200.0,42531.69,43060.66,43464.71,43070.51,177450.475
52.04,1.09,47.96,1642377600.0,41523.68,42176.34,43159.32,43060.66,232748.345
52.3,1.1,47.7,1642464000.0,41260.0,42337.58,42680.0,42176.34,267472.465
52.84,1.12,47.16,1642550400.0,41115.64,41657.89,42545.0,42337.58,333952.095
53.84,1.17,46.16,1642636800.0,40550.0,40661.69,43495.0,41656.9,399818.052
53.92,1.17,46.08,1642723200.0,35380.92,36425.98,41095.76,40662.06,790320.909
53.42,1.15,46.58,1642809600.0,33950.0,35043.73,36817.74,36426.46,676272.904
54.79,1.21,45.21,1642896000.0,34588.8,36230.01,36496.92,35043.73,369372.903
53.27,1.14,46.73,1642982400.0,32853.83,36648.31,37528.0,36230.0,823000.702
55.93,1.27,44.07,1643068800.0,35693.0,36934.26,37561.03,36648.3,409535.517
54.64,1.21,45.36,1643155200.0,36232.42,36787.43,38886.58,36934.26,554457.384
53.42,1.15,46.58,1643241600.0,35471.53,37131.0,37200.0,36787.42,422006.922
52.31,1.1,47.69,1643328000.0,36149.02,37696.21,38000.0,37131.0,367509.143
52.66,1.11,47.34,1643414400.0,37252.0,38150.01,38750.94,37696.22,238657.764
53.21,1.14,46.79,1643500800.0,37334.83,37870.01,38420.3,38150.0,195029.125
53.01,1.13,46.99,1643587200.0,36620.0,38439.04,38741.73,37870.0,318440.392
52.58,1.11,47.42,1643673600.0,37969.0,38680.51,39260.26,38439.04,353354.121
52.39,1.1,47.61,1643760000.0,36529.81,36892.03,38834.18,38680.51,337570.934
52.28,1.1,47.72,1643846400.0,36204.3,37289.86,37395.0,36892.05,318656.228
52.12,1.09,47.88,1643932800.0,37011.0,41550.0,41741.76,37287.33,520105.77
52.7,1.11,47.3,1644019200.0,40920.0,41374.69,41922.0,41550.0,242184.07
53.56,1.15,46.44,1644105600.0,41100.0,42361.35,42656.8,41374.68,215323.95
53.2,1.14,46.8,1644192000.0,41609.76,43829.99,44541.16,42361.34,418053.774
53.85,1.17,46.15,1644278400.0,42641.0,44021.57,45600.0,43829.99,468015.421
53.69,1.16,46.31,1644364800.0,43089.08,44358.08,44826.0,44021.58,300270.062
53.31,1.14,46.69,1644451200.0,43136.96,43471.29,45847.5,44358.09,563922.075
53.4,1.15,46.6,1644537600.0,41914.23,42366.0,43900.0,43471.3,414646.193
53.18,1.14,46.82,1644624000.0,41540.0,42199.87,42980.0,42365.99,256269.325
52.74,1.12,47.26,1644710400.0,41850.0,42041.13,42755.97,42199.88,192068.012
52.56,1.11,47.44,1644796800.0,41526.0,42525.14,42888.0,42041.12,303990.933
52.48,1.1,47.52,1644883200.0,42406.23,44529.6,44777.0,42525.14,276735.421
53.18,1.14,46.82,1644969600.0,43277.8,43860.7,44536.8,44529.7,255790.287
53.08,1.13,46.92,1645056000.0,40020.1,40491.7,44150.0,43860.8,433958.984
52.55,1.11,47.45,1645142400.0,39422.0,39966.8,40944.1,40491.8,377679.782
51.99,1.08,48.01,1645228800.0,39610.3,40052.6,40438.7,39966.8,185624.675
51.46,1.06,48.54,1645315200.0,37905.0,38368.1,40100.1,40052.6,329740.444
51.88,1.08,48.12,1645401600.0,36762.0,36986.4,39510.0,38367.9,646391.815
51.51,1.06,48.49,1645488000.0,36310.1,38212.0,38450.0,36986.4,465313.497
51.51,1.06,48.49,1645574400.0,36963.2,37227.8,39250.0,38212.1,408056.255
52.0,1.08,48.0,1645660800.0,34303.7,38315.1,40376.1,37227.9,919820.907
53.27,1.14,46.73,1645747200.0,37999.2,39205.4,39750.0,38316.2,416316.366
52.02,1.08,47.98,1645833600.0,38561.7,39099.3,40441.1,39205.4,251892.201
52.02,1.08,47.98,1645920000.0,36934.6,37672.0,39868.6,39099.3,423197.247
50.46,1.02,49.54,1646006400.0,37414.4,43155.0,44341.0,37672.1,615391.161
53.79,1.16,46.21,1646092800.0,42765.4,44394.1,44935.0,43155.0,448483.646
52.32,1.1,47.68,1646179200.0,43321.0,43885.7,45350.0,44393.6,407603.721
52.26,1.1,47.74,1646265600.0,41831.0,42449.5,44080.0,43885.8,365565.832
53.46,1.15,46.54,1646352000.0,38521.0,39127.7,42525.3,42449.6,469138.374
53.04,1.13,46.96,1646438400.0,38547.6,39375.1,39580.0,39127.7,198747.893
51.47,1.06,48.53,1646524800.0,38056.0,38401.1,39690.0,39375.0,311705.26
51.63,1.07,48.37,1646611200.0,37134.0,37963.8,39550.0,38401.1,490254.516
51.7,1.07,48.3,1646697600.0,37853.0,38709.9,39340.5,37963.7,421462.367
51.45,1.06,48.55,1646784000.0,38638.7,41937.5,42647.5,38709.9,462059.811
53.15,1.13,46.85,1646870400.0,38512.0,39407.2,42034.3,41939.5,520645.186
51.1,1.05,48.9,1646956800.0,38200.1,38713.0,40242.0,39407.1,467078.892
50.84,1.03,49.16,1647043200.0,38630.0,38792.6,39578.4,38713.1,172494.825
50.76,1.03,49.24,1647129600.0,37500.0,37743.7,39300.0,38792.7,236623.694
50.11,1.0,49.89,1647216000.0,37522.1,39653.8,39989.0,37743.0,360058.358
50.93,1.04,49.07,1647302400.0,38073.8,39271.0,39901.8,39651.6,345019.243
52.12,1.09,47.88,1647388800.0,38700.0,41105.8,41804.0,39270.9,650589.661
53.17,1.14,46.83,1647475200.0,40442.8,40898.1,41498.4,41105.9,243988.794
53.4,1.15,46.6,1647561600.0,40084.2,41751.5,42322.8,40898.0,299134.443
53.4,1.15,46.6,1647648000.0,41500.0,42188.2,42446.6,41751.6,186459.954
52.97,1.13,47.03,1647734400.0,40900.0,41261.0,42269.3,42188.2,235774.129
54.11,1.18,45.89,1647820800.0,40430.0,40982.0,41544.4,41261.0,308396.46
52.06,1.09,47.94,1647907200.0,40852.0,42349.8,43517.7,40982.0,374297.674
52.22,1.09,47.78,1647993600.0,41731.3,42867.9,43051.0,42349.9,282631.74
52.28,1.1,47.72,1648080000.0,42525.0,43973.4,44200.0,42867.8,331440.057
52.14,1.09,47.86,1648166400.0,43575.1,44290.6,45142.0,43973.2,348620.122
52.31,1.1,47.69,1648252800.0,44041.0,44489.2,44785.0,44290.6,140712.587
51.62,1.07,48.38,1648339200.0,44416.0,46820.8,47047.0,44489.3,269280.228
53.48,1.15,46.52,1648425600.0,46651.2,47121.9,48200.0,46820.9,317565.782
53.62,1.16,46.38,1648512000.0,46911.0,47418.5,48100.0,47121.8,259040.835
53.02,1.13,46.98,1648598400.0,46535.0,47053.2,47688.6,47418.5,235009.892
52.75,1.12,47.25,1648684800.0,45185.0,45506.0,47619.4,47053.1,299837.61
53.07,1.13,46.93,1648771200.0,44206.2,46266.2,46700.0,45505.9,360734.553
52.15,1.09,47.85,1648857600.0,45600.0,45794.6,47236.8,46266.2,226413.357
52.15,1.09,47.85,1648944000.0,45501.0,46392.4,47448.0,45792.3,212589.013
52.15,1.09,47.85,1649030400.0,45094.0,46580.9,46895.5,46392.3,272796.541
52.32,1.1,47.68,1649116800.0,45300.0,45477.4,47188.0,46580.9,257524.639
52.32,1.1,47.68,1649203200.0,43100.0,43159.7,45494.2,45477.5,384359.375
52.32,1.1,47.68,1649289600.0,42685.0,43417.1,43888.0,43159.8,229567.98
52.32,1.1,47.68,1649376000.0,42074.0,42229.2,43968.1,43417.1,310095.829
52.32,1.1,47.68,1649462400.0,42100.3,42727.7,42796.7,42229.1,119722.654
51.49,1.06,48.51,1649548800.0,41838.0,42140.4,43399.4,42727.8,181904.47
51.49,1.06,48.51,1649635200.0,39136.7,39505.6,42399.9,42140.3,439530.02
50.17,1.01,49.83,1649721600.0,39224.0,40060.7,40700.0,39505.6,349883.631
50.67,1.03,49.33,1649808000.0,39569.8,41129.8,41580.0,40060.7,324910.931
50.56,1.02,49.44,1649894400.0,39522.0,39915.9,41474.8,41129.8,261966.391
49.45,0.98,50.55,1649980800.0,39734.2,40529.5,40888.0,39915.9,194680.671
50.67,1.03,49.33,1650067200.0,39944.9,40361.0,40700.0,40529.6,127705.057
50.17,1.01,49.83,1650153600.0,39510.0,39649.1,40574.1,40360.9,170331.824
50.37,1.02,49.63,1650240000.0,38465.7,40785.6,41310.0,39649.1,362435.319
51.39,1.06,48.61,1650326400.0,40543.7,41472.9,41788.0,40785.7,214404.271
51.76,1.07,48.24,1650412800.0,40800.0,41327.7,42166.8,41472.9,257382.427
51.17,1.05,48.83,1650499200.0,39630.0,40449.8,42966.0,41326.0,393149.956
50.45,1.02,49.55,1650585600.0,39133.0,39674.2,40786.1,40449.7,314935.753
49.41,0.98,50.59,1650672000.0,39259.0,39415.1,40000.0,39674.3,125046.817
49.01,0.96,50.99,1650758400.0,38884.1,39433.4,39930.6,39413.8,180371.762
49.51,0.98,50.49,1650844800.0,38111.0,40411.0,40650.0,39433.4,448877.893
50.67,1.03,49.33,1650931200.0,37671.8,38093.7,40800.0,40411.0,453132.198
49.63,0.99,50.37,1651017600.0,37844.5,39209.0,39470.0,38093.7,385645.365
49.63,0.99,50.37,1651104000.0,38861.8,39732.5,40376.6,39209.0,413543.408
49.63,0.99,50.37,1651190400.0,38160.0,38572.2,39924.8,39732.5,308116.375
49.81,0.99,50.19,1651276800.0,37550.0,37614.5,38782.6,38572.2,181810.382
49.2,0.97,50.8,1651363200.0,37350.0,38440.5,38680.6,37614.4,236549.462
49.5,0.98,50.5,1651449600.0,38032.2,38525.6,39222.0,38440.2,336845.365
52.14,1.09,47.86,1651536000.0,37500.1,37712.9,38674.7,38525.5,248986.222
50.74,1.03,49.26,1651622400.0,37655.2,39684.0,40071.7,37713.0,424498.818
53.8,1.17,46.2,1651708800.0,35388.0,36534.7,39845.0,39684.1,547209.0
51.1,1.05,48.9,1651795200.0,35200.0,35995.3,36679.3,36533.7,431979.24
50.21,1.01,49.79,1651881600.0,34700.0,35466.7,36138.0,35995.2,200264.833
50.13,1.01,49.87,1651968000.0,33665.0,34032.0,35504.0,35466.7,426872.584
51.84,1.08,48.16,1652054400.0,30003.6,30056.6,34243.3,34032.1,1078779.712
51.84,1.08,48.16,1652140800.0,29701.4,31002.1,32650.0,30056.0,863178.961
51.84,1.08,48.16,1652227200.0,27651.0,29074.7,32197.6,31002.1,1101875.972
51.71,1.07,48.29,1652313600.0,26631.0,29020.7,30257.0,29077.9,964475.589
52.48,1.1,47.52,1652400000.0,28730.4,29274.3,31072.6,29020.8,507620.105
52.05,1.09,47.95,1652486400.0,28602.3,30079.8,30352.2,29274.2,315756.895
52.93,1.12,47.07,1652572800.0,29448.0,31324.4,31462.0,30079.5,336773.139
54.83,1.21,45.17,1652659200.0,29052.3,29866.7,31327.4,31324.3,507243.166
53.83,1.17,46.17,1652745600.0,29420.0,30437.0,30794.0,29866.4,398624.519
52.55,1.11,47.45,1652832000.0,28629.6,28700.6,30700.0,30437.0,426700.457
52.97,1.13,47.03,1652918400.0,28670.5,30319.9,30550.0,28700.6,448856.724
54.17,1.18,45.83,1653004800.0,28702.0,29188.9,30784.4,30319.9,485439.171
54.12,1.18,45.88,1653091200.0,28927.0,29427.4,29650.0,29188.9,202804.089
54.45,1.2,45.55,1653177600.0,29223.6,30284.0,30500.0,29427.4,297116.44
55.25,1.24,44.75,1653264000.0,28840.7,29097.7,30658.0,30284.0,475720.75
52.83,1.12,47.17,1653350400.0,28637.6,29643.1,29887.3,29097.8,382124.449
52.59,1.11,47.41,1653436800.0,29330.0,29536.7,30246.7,29643.0,413459.484
54.55,1.2,45.45,1653523200.0,27952.1,29194.0,29877.0,29536.7,602137.086
53.01,1.13,46.99,1653609600.0,28259.6,28623.2,29387.0,29194.0,506638.884
54.14,1.18,45.86,1653696000.0,28520.0,29018.8,29265.7,28623.3,193644.283
54.02,1.18,45.98,1653782400.0,28825.0,29452.8,29595.2,29018.8,215139.934
54.22,1.18,45.78,1653868800.0,29301.1,31726.5,32307.6,29452.6,502712.176
54.78,1.21,45.22,1653955200.0,31222.0,31797.8,32427.5,31726.5,383688.265
55.51,1.25,44.49,1654041600.0,29300.0,29796.9,31986.1,31797.9,556992.756
54.45,1.2,45.55,1654128000.0,29566.1,30437.1,30750.0,29796.9,370924.687
53.43,1.15,46.57,1654214400.0,29220.0,29682.8,30693.2,30437.1,357110.377
53.7,1.16,46.3,1654300800.0,29456.0,29848.4,29988.0,29682.8,187520.534
53.54,1.15,46.46,1654387200.0,29524.0,29909.9,30250.0,29848.5,205385.831
53.48,1.15,46.52,1654473600.0,29876.2,31361.2,31780.0,29910.0,436522.874
54.48,1.2,45.52,1654560000.0,29190.0,31118.1,31599.0,31361.2,691714.985
54.88,1.22,45.12,1654646400.0,29825.0,30192.5,31325.0,31118.0,455686.637
54.27,1.19,45.73,1654732800.0,29914.5,30093.3,30691.9,30192.6,307312.175
52.99,1.13,47.01,1654819200.0,28805.0,29077.7,30374.1,30093.4,445928.659
52.34,1.1,47.66,1654905600.0,28080.0,28416.7,29427.9,29077.7,391367.814
53.26,1.14,46.74,1654992000.0,26538.7,26564.7,28530.3,28416.6,560834.131
53.97,1.17,46.03,1655078400.0,21900.0,22471.5,26877.0,26564.7,1622521.56
55.47,1.25,44.53,1655164800.0,20823.0,22122.7,23424.2,22471.4,1247609.796
52.63,1.11,47.37,1655251200.0,20100.2,22567.5,22800.0,22122.7,1509301.169
50.94,1.04,49.06,1655337600.0,20222.0,20387.4,23000.0,22567.5,882634.22
51.46,1.06,48.54,1655424000.0,20228.0,20457.3,21388.0,20387.4,776153.257
50.4,1.02,49.6,1655510400.0,17593.2,18959.7,20768.4,20457.3,1268591.388
53.32,1.14,46.68,1655596800.0,17935.9,20564.2,20821.0,18959.7,1089275.674
53.04,1.13,46.96,1655683200.0,19630.0,20570.1,21099.9,20564.3,935816.13
53.15,1.13,46.85,1655769600.0,20337.8,20713.1,21740.0,20570.0,787173.936
53.1,1.13,46.9,1655856000.0,19745.7,19977.4,20888.0,20713.1,812184.193
52.7,1.11,47.3,1655942400.0,19874.0,21096.6,21250.0,19977.5,698753.04
53.51,1.15,46.49,1656028800.0,20732.5,21231.2,21563.5,21096.6,645450.778
53.63,1.16,46.37,1656115200.0,20894.0,21481.9,21627.6,21231.2,434117.447
52.92,1.12,47.08,1656201600.0,20952.0,21029.1,21888.0,21481.9,442787.736
52.25,1.09,47.75,1656288000.0,20500.0,20730.0,21560.0,21029.1,539335.009
52.11,1.09,47.89,1656374400.0,20188.0,20268.6,21198.0,20730.0,582916.108
52.74,1.12,47.26,1656460800.0,19817.2,20109.9,20430.0,20268.7,608905.99
53.02,1.13,46.98,1656547200.0,18563.0,19923.5,20165.0,20109.9,859981.415
51.96,1.08,48.04,1656633600.0,18948.8,19272.0,20926.4,19923.3,915399.363
53.13,1.13,46.87,1656720000.0,18959.0,19240.9,19456.0,19272.0,382851.525
52.24,1.09,47.76,1656806400.0,18780.1,19305.9,19645.4,19241.0,449508.331
52.34,1.1,47.66,1656892800.0,19046.3,20226.6,20350.0,19306.0,633310.187
52.64,1.11,47.36,1656979200.0,19291.6,20170.0,20749.2,20226.3,854238.867
53.63,1.16,46.37,1657065600.0,19753.0,20554.1,20667.6,20170.1,682076.458
53.18,1.14,46.82,1657152000.0,20244.9,21613.4,21830.0,20554.2,699841.616
52.3,1.1,47.7,1657238400.0,21175.2,21587.9,22579.9,21614.5,848144.495
53.35,1.14,46.65,1657324800.0,21309.6,21580.0,22000.0,21587.8,393372.366
53.63,1.16,46.37,1657411200.0,20600.0,20853.8,21594.2,21580.0,468176.539
52.78,1.12,47.22,1657497600.0,19870.0,19954.3,20853.9,20853.8,561245.987
52.84,1.12,47.16,1657584000.0,19228.3,19322.9,20048.9,19954.3,640560.723
53.27,1.14,46.73,1657670400.0,18901.0,20220.1,20401.6,19322.9,975938.165
52.45,1.1,47.55,1657756800.0,19600.0,20578.6,20900.0,20220.1,765989.53
53.22,1.14,46.78,1657843200.0,20364.3,20823.1,21200.0,20578.6,626763.692
52.79,1.12,47.21,1657929600.0,20471.0,21183.5,21580.0,20823.1,539206.87
53.65,1.16,46.35,1658016000.0,20742.0,20794.4,21674.1,21183.6,485537.728
54.07,1.18,45.93,1658102400.0,20764.4,22423.9,22800.0,20794.4,982867.734
55.2,1.23,44.8,1658188800.0,21575.0,23385.9,23817.9,22423.5,1124029.082
54.59,1.2,45.41,1658275200.0,22912.4,23221.5,24277.0,23385.9,946647.815
54.91,1.22,45.09,1658361600.0,22340.2,23144.5,23441.1,23221.5,723543.466
54.92,1.22,45.08,1658448000.0,22500.0,22675.1,23750.0,23144.5,633907.934
54.43,1.19,45.57,1658534400.0,21933.5,22440.2,22990.0,22675.0,505887.673
53.63,1.16,46.37,1658620800.0,22256.4,22570.6,22999.0,22440.1,462958.953
54.28,1.19,45.72,1658707200.0,21232.0,21300.0,22656.8,22570.6,695770.655
53.78,1.16,46.22,1658793600.0,20689.6,21241.0,21334.4,21300.0,552498.903
53.22,1.14,46.78,1658880000.0,21031.0,22941.1,23100.0,21241.0,753370.303
53.53,1.15,46.47,1658966400.0,22583.1,23836.2,24194.6,22941.1,756741.836
54.59,1.2,45.41,1659052800.0,23426.3,23771.1,24500.0,23836.2,642337.051
55.28,1.24,44.72,1659139200.0,23505.0,23629.9,24700.0,23771.0,493824.816
54.97,1.22,45.03,1659225600.0,23222.0,23290.1,24187.3,23630.0,385969.85
54.94,1.22,45.06,1659312000.0,22836.2,23257.6,23497.0,23290.1,498378.292
54.89,1.22,45.11,1659398400.0,22603.0,22975.1,23448.7,23257.6,625227.912
54.45,1.2,45.55,1659484800.0,22665.3,22801.5,23650.0,22975.1,569261.768
54.22,1.18,45.78,1659571200.0,22370.0,22608.9,23211.3,22801.5,548268.816
54.03,1.18,45.97,1659657600.0,22580.6,23298.1,23450.0,22608.9,593992.13
54.54,1.2,45.46,1659744000.0,22883.6,22943.3,23341.8,23298.0,227659.394
54.35,1.19,45.65,1659830400.0,22830.9,23167.8,23400.0,22943.2,271512.062
54.65,1.21,45.35,1659916800.0,23153.1,23804.4,24243.0,23167.9,565084.219
55.05,1.23,44.95,1660003200.0,22850.0,23140.2,23913.4,23804.3,498286.943
53.23,1.14,46.77,1660089600.0,22608.0,23940.9,24235.2,23140.1,760738.204
53.74,1.16,46.26,1660176000.0,23840.6,23917.2,24972.0,23941.0,760455.245
54.53,1.2,45.47,1660262400.0,23560.0,24387.5,24438.8,23917.3,477734.045
53.23,1.14,46.77,1660348800.0,24267.5,24429.0,24879.0,24387.5,431093.659
54.34,1.19,45.66,1660435200.0,24138.0,24294.1,25065.0,24429.0,437314.32
53.49,1.15,46.51,1660521600.0,23762.0,24085.2,25200.0,24294.1,739390.721
53.02,1.13,46.98,1660608000.0,23650.0,23843.0,24234.0,24085.2,460919.994
53.23,1.14,46.77,1660694400.0,23170.0,23333.1,24437.0,23843.0,640600.903
53.27,1.14,46.73,1660780800.0,23101.0,23185.1,23595.0,23333.1,347699.006
54.14,1.18,45.86,1660867200.0,20760.0,20824.9,23200.0,23185.0,906609.825
52.28,1.1,47.72,1660953600.0,20742.9,21127.8,21368.9,20825.0,490507.042
52.19,1.09,47.81,1661040000.0,21055.0,21505.6,21804.6,21127.7,424282.424
51.5,1.06,48.5,1661126400.0,20858.6,21387.0,21550.0,21505.6,588764.597
51.56,1.06,48.44,1661212800.0,20874.8,21518.2,21667.2,21387.0,609745.27
51.56,1.06,48.44,1661299200.0,21132.3,21354.9,21925.6,21518.2,502728.198
51.56,1.06,48.44,1661385600.0,21295.3,21548.3,21810.9,21355.0,415757.992
51.03,1.04,48.97,1661472000.0,20100.0,20228.7,21867.6,21548.3,896474.356
51.84,1.08,48.16,1661558400.0,19744.0,20023.9,20367.7,20228.7,469598.024
50.84,1.03,49.16,1661644800.0,19508.0,19547.5,20155.0,20024.0,386405.195
50.57,1.02,49.43,1661731200.0,19539.4,20275.5,20440.0,19547.5,598076.669
50.8,1.03,49.2,1661817600.0,19524.4,19803.1,20574.0,20275.5,767714.993
50.11,1.0,49.89,1661904000.0,19787.9,20041.5,20496.0,19803.2,711639.339
52.38,1.1,47.62,1661990400.0,19555.0,20122.5,20198.3,20041.4,691594.721
51.68,1.07,48.32,1662076800.0,19736.0,19941.0,20434.3,20122.6,669047.816
51.98,1.08,48.02,1662163200.0,19628.7,19820.7,20050.0,19941.0,285240.989
51.39,1.06,48.61,1662249600.0,19570.0,19992.7,20022.4,19820.7,396798.184
51.14,1.05,48.86,1662336000.0,19620.2,19784.9,20046.7,19992.7,446706.41
50.13,1.01,49.87,1662422400.0,18600.0,18781.5,20174.7,19784.9,945489.142
49.21,0.97,50.79,1662508800.0,18500.0,19287.0,19455.0,18781.4,595636.693
50.36,1.02,49.64,1662595200.0,19003.8,19309.3,19450.0,19287.0,537268.644
51.33,1.06,48.67,1662681600.0,19283.0,21352.0,21666.0,19309.3,992497.1
53.17,1.14,46.83,1662768000.0,21112.2,21639.5,21825.0,21352.0,491543.206
53.65,1.16,46.35,1662854400.0,21336.0,21820.3,21883.4,21639.5,420979.326
54.78,1.21,45.22,1662940800.0,21540.0,22386.0,22474.0,21820.3,818601.932
54.85,1.22,45.15,1663027200.0,19840.0,20162.5,22850.0,22386.0,1218769.927
54.55,1.2,45.45,1663113600.0,19600.0,20217.0,20528.5,20162.6,661802.597
53.15,1.13,46.85,1663200000.0,19453.0,19690.8,20315.0,20217.0,665862.067
52.93,1.12,47.07,1663286400.0,19300.0,19792.5,19878.0,19690.8,544608.804
52.84,1.12,47.16,1663372800.0,19739.4,20102.0,20182.6,19792.4,334678.558
53.73,1.16,46.27,1663459200.0,19325.8,19404.5,20105.3,20102.0,499916.474
53.05,1.13,46.95,1663545600.0,18215.0,19528.6,19686.3,19404.5,993776.352
51.89,1.08,48.11,1663632000.0,18690.1,18866.8,19625.0,19528.6,794623.932
52.06,1.09,47.94,1663718400.0,18084.3,18447.5,20154.1,18866.7,1168068.979
51.18,1.05,48.82,1663804800.0,18345.2,19392.5,19504.8,18447.5,852898.391
53.28,1.14,46.72,1663891200.0,18518.5,19280.7,19492.0,19392.5,838493.746
52.71,1.12,47.29,1663977600.0,18798.0,18911.0,19304.5,19280.7,377158.215
52.78,1.12,47.22,1664064000.0,18621.0,18799.7,19196.0,18910.9,410461.603
52.18,1.09,47.82,1664150400.0,18671.0,19216.3,19311.5,18799.7,777807.518
52.25,1.09,47.75,1664236800.0,18801.5,19070.1,20375.0,19216.3,1300566.158
52.99,1.13,47.01,1664323200.0,18460.0,19407.3,19787.6,19070.1,1141222.772
53.55,1.15,46.45,1664409600.0,18827.2,19582.5,19648.8,19407.4,991678.224
54.98,1.22,45.02,1664496000.0,19066.0,19411.7,20172.7,19582.5,1071462.934
54.54,1.2,45.46,1664582400.0,19140.0,19304.0,19474.0,19411.6,294457.009
54.12,1.18,45.88,1664668800.0,18896.0,19049.4,19389.0,19304.0,414970.451
54.5,1.2,45.5,1664755200.0,18950.8,19622.0,19723.7,19049.3,621816.329
54.86,1.22,45.14,1664841600.0,19480.1,20333.0,20500.0,19621.9,796678.762
55.15,1.23,44.85,1664928000.0,19707.0,20150.0,20356.1,20332.9,719577.149
55.93,1.27,44.07,1665014400.0,19843.3,19954.0,20443.9,20149.9,782034.669
56.3,1.29,43.7,1665100800.0,19304.4,19520.9,20067.0,19954.0,673407.102
55.71,1.26,44.29,1665187200.0,19200.0,19406.2,19619.6,19520.9,253257.201
55.45,1.25,44.55,1665273600.0,19310.0,19430.0,19550.0,19406.3,267178.795
55.51,1.25,44.49,1665360000.0,19000.0,19124.0,19513.0,19430.0,560920.904
55.89,1.27,44.11,1665446400.0,18850.0,19055.0,19260.0,19124.1,603358.324
55.15,1.23,44.85,1665532800.0,18924.3,19148.0,19240.0,19055.0,406770.288
55.45,1.25,44.55,1665619200.0,17917.8,19365.5,19498.6,19148.1,1104615.001
55.01,1.22,44.99,1665705600.0,19059.6,19164.6,19947.9,19365.4,861453.21
55.8,1.26,44.2,1665792000.0,18966.0,19060.4,19218.8,19164.6,241520.185
55.49,1.25,44.51,1665878400.0,19058.0,19251.9,19415.9,19060.4,267921.192
55.43,1.24,44.57,1665964800.0,19148.0,19540.6,19666.0,19251.8,502319.759
56.02,1.27,43.98,1666051200.0,19081.0,19320.9,19706.4,19540.7,634343.154
55.96,1.27,44.04,1666137600.0,19050.0,19116.7,19349.8,19320.9,404370.458
55.31,1.24,44.69,1666224000.0,18882.4,19034.7,19350.0,19116.6,537627.048
54.74,1.21,45.26,1666310400.0,18600.0,19150.9,19240.0,19034.8,581878.905
55.12,1.23,44.88,1666396800.0,19103.5,19195.1,19250.0,19151.0,174055.042
55.88,1.27,44.12,1666483200.0,19050.0,19560.7,19690.0,19195.1,358611.542
56.71,1.31,43.29,1666569600.0,19146.0,19318.1,19593.3,19560.6,476676.536
57.28,1.34,42.72,1666656000.0,19228.0,20068.3,20415.0,19318.1,777306.534
56.83,1.32,43.17,1666742400.0,20041.1,20758.3,21030.0,20068.3,841864.982
56.12,1.28,43.88,1666828800.0,20170.0,20285.5,20863.7,20758.4,614910.045
55.8,1.26,44.2,1666915200.0,19951.0,20582.8,20740.0,20285.6,595538.882
55.16,1.23,44.84,1667001600.0,20547.8,20796.7,21088.0,20582.7,482217.17
55.02,1.22,44.98,1667088000.0,20503.0,20615.6,20925.2,20796.7,295389.69
55.01,1.22,44.99,1667174400.0,20225.4,20482.0,20838.7,20615.5,478797.266
54.49,1.2,45.51,1667260800.0,20320.0,20472.1,20687.0,20482.1,314676.187
54.16,1.18,45.84,1667347200.0,20050.0,20140.1,20796.0,20472.1,651535.761
54.1,1.18,45.9,1667433600.0,20026.0,20199.7,20400.0,20140.2,372121.061
54.58,1.2,45.42,1667520000.0,20171.6,21137.6,21297.0,20199.8,824515.215
54.62,1.2,45.38,1667606400.0,21071.1,21289.9,21473.7,21137.6,303983.372
55.39,1.24,44.61,1667692800.0,20863.3,20900.0,21355.8,21289.8,277148.646
55.34,1.24,44.66,1667779200.0,20374.0,20578.6,21062.6,20900.0,554408.316
55.82,1.26,44.18,1667865600.0,16830.0,18534.0,20685.0,20578.5,2046476.313
55.82,1.26,44.18,1667952000.0,15462.6,15905.0,18574.9,18533.9,2065606.412
48.32,0.94,51.68,1668038400.0,15730.0,17588.0,18230.0,15905.0,1497093.602
48.43,0.94,51.57,1668124800.0,16343.0,17058.3,17678.0,17588.0,955344.602
50.67,1.03,49.33,1668211200.0,16623.8,16806.9,17110.8,17058.4,304455.717
51.33,1.06,48.67,1668297600.0,16210.3,16321.2,16950.0,16806.9,349742.836
51.1,1.05,48.9,1668384000.0,15805.5,16605.2,17188.0,16321.3,934392.484
50.64,1.03,49.36,1668470400.0,16516.7,16888.3,17127.2,16605.3,649349.458
50.42,1.02,49.58,1668556800.0,16358.0,16650.6,17007.4,16888.3,537241.645
49.87,1.0,50.13,1668643200.0,16403.3,16682.1,16741.7,16650.7,408989.285
50.04,1.0,49.96,1668729600.0,16541.1,16689.7,16984.4,16682.1,388612.842
50.11,1.0,49.89,1668816000.0,16543.8,16692.9,16814.5,16689.7,171822.915
50.44,1.02,49.56,1668902400.0,16167.1,16272.6,16743.9,16693.0,327599.214
50.58,1.02,49.42,1668988800.0,15443.2,15773.0,16304.3,16272.7,790219.365
50.76,1.03,49.24,1669075200.0,15610.3,16220.6,16309.0,15772.9,579333.644
51.2,1.05,48.8,1669161600.0,16155.5,16595.8,16703.4,16220.5,546714.91
52.08,1.09,47.92,1669248000.0,16450.0,16592.4,16800.0,16595.8,351024.418
52.03,1.09,47.97,1669334400.0,16331.7,16516.1,16639.9,16592.5,306560.116
52.59,1.11,47.41,1669420800.0,16369.1,16449.2,16699.1,16516.2,253401.659
51.93,1.08,48.07,1669507200.0,16396.0,16422.6,16594.2,16449.2,189370.345
51.77,1.07,48.23,1669593600.0,15984.1,16204.5,16475.0,16422.5,497137.869
51.81,1.08,48.19,1669680000.0,16088.0,16433.2,16543.0,16204.6,391410.854
51.91,1.08,48.09,1669766400.0,16421.5,17153.3,17248.3,16433.3,620324.95
52.75,1.12,47.25,1669852800.0,16851.2,16970.5,17348.5,17153.4,411051.309
52.39,1.1,47.61,1669939200.0,16760.0,17083.0,17096.3,16970.5,335039.215
52.1,1.09,47.9,1670025600.0,16850.1,16879.5,17160.0,17083.0,185257.242
52.27,1.1,47.73,1670112000.0,16874.1,17099.5,17206.2,16879.5,292090.868
52.21,1.09,47.79,1670198400.0,16860.6,16958.3,17430.0,17099.5,519961.39
51.7,1.07,48.3,1670284800.0,16899.9,17078.6,17100.0,16958.2,321330.613
51.78,1.07,48.22,1670371200.0,16655.0,16828.0,17130.0,17078.7,337778.925
51.57,1.07,48.43,1670457600.0,16710.4,17216.0,17294.9,16828.0,402157.335
51.42,1.06,48.58,1670544000.0,17052.0,17122.0,17365.4,17216.0,290231.183
51.86,1.08,48.14,1670630400.0,17081.0,17120.0,17228.6,17122.0,141895.207
51.95,1.08,48.05,1670716800.0,17060.0,17077.3,17265.0,17120.1,171004.111
51.73,1.07,48.27,1670803200.0,16865.0,17200.0,17237.9,17077.3,335856.258
51.5,1.06,48.5,1670889600.0,17076.0,17777.1,18100.0,17200.0,596851.291
52.63,1.11,47.37,1670976000.0,17659.4,17803.9,18400.0,17777.1,627511.699
52.6,1.11,47.4,1671062400.0,17258.0,17351.8,17849.5,17804.0,437284.037
51.58,1.07,48.42,1671148800.0,16521.1,16624.1,17528.0,17351.9,622150.245
51.01,1.04,48.99,1671235200.0,16571.8,16768.0,16790.0,16624.1,248465.273
50.42,1.02,49.58,1671321600.0,16656.0,16730.3,16872.0,16768.1,185898.213
51.0,1.04,49.0,1671408000.0,16210.0,16429.2,16809.6,16730.4,344728.552
51.32,1.05,48.68,1671494400.0,16390.3,16887.2,17049.6,16429.2,476171.098
51.12,1.05,48.88,1671580800.0,16694.2,16819.6,16924.2,16887.3,227752.335
51.74,1.07,48.26,1671667200.0,16556.1,16815.5,16861.9,16819.7,306610.961
51.63,1.07,48.37,1671753600.0,16690.0,16776.4,16960.0,16815.5,264553.42
52.02,1.08,47.98,1671840000.0,16774.4,16828.9,16859.9,16776.3,82410.79
51.8,1.08,48.2,1671926400.0,16700.0,16824.4,16850.0,16829.0,144075.843
51.86,1.08,48.14,1672012800.0,16781.1,16912.9,16936.8,16824.5,148128.699
51.44,1.06,48.56,1672099200.0,16580.0,16698.2,16968.0,16912.8,262828.564
51.39,1.06,48.61,1672185600.0,16455.6,16539.0,16778.3,16698.2,344649.858
51.26,1.05,48.74,1672272000.0,16485.1,16630.3,16659.0,16538.9,208591.531
51.53,1.06,48.47,1672358400.0,16320.0,16601.2,16666.6,16630.3,295630.49
51.52,1.06,48.48,1672444800.0,16461.8,16537.6,16640.0,16601.2,134462.156
51.97,1.08,48.03,1672531200.0,16488.0,16610.3,16618.8,16537.5,105502.965
51.12,1.05,48.88,1672617600.0,16541.2,16666.0,16799.0,16610.4,215161.176
51.48,1.06,48.52,1672704000.0,16600.3,16667.2,16774.0,16665.9,203070.205
51.52,1.06,48.48,1672790400.0,16645.7,16842.1,16984.6,16667.3,349747.838
51.74,1.07,48.26,1672876800.0,16740.4,16823.8,16872.8,16842.2,176369.347
51.79,1.07,48.21,1672963200.0,16664.8,16943.8,17030.0,16823.8,316973.629
52.02,1.08,47.98,1673049600.0,16900.1,16936.5,16973.6,16943.9,77973.105
52.36,1.1,47.64,1673136000.0,16905.0,17124.7,17181.1,16936.5,157717.318
52.08,1.09,47.92,1673222400.0,17098.2,17169.7,17387.8,17124.6,400277.809
52.1,1.09,47.9,1673308800.0,17140.4,17428.8,17485.4,17169.6,297320.371
51.3,1.05,48.7,1673395200.0,17306.4,17935.7,18013.2,17428.8,386277.106
51.6,1.07,48.4,1673481600.0,17902.4,18838.0,19120.0,17935.6,1040334.76
52.34,1.1,47.66,1673568000.0,18711.0,19924.2,19997.8,18838.1,806807.832
52.37,1.1,47.63,1673654400.0,19882.6,20962.8,21544.0,19924.3,1010666.683
53.5,1.15,46.5,1673740800.0,20556.0,20882.7,21073.8,20962.8,428486.559
53.09,1.13,46.91,1673827200.0,20606.6,21188.3,21498.0,20882.7,666148.201
53.73,1.16,46.27,1673913600.0,20827.8,21130.9,21640.0,21188.2,547390.593
53.45,1.15,46.55,1674000000.0,20386.0,20680.0,21672.0,21130.8,813785.517
53.83,1.17,46.17,1674086400.0,20659.9,21068.3,21183.9,20680.1,374733.617
52.67,1.11,47.33,1674172800.0,20856.4,22661.1,22750.0,21068.3,723645.2
53.16,1.14,46.84,1674259200.0,22422.0,22781.9,23390.0,22661.0,764681.1
53.62,1.16,46.38,1674345600.0,22287.0,22704.6,23080.2,22781.8,482529.811
52.85,1.12,47.15,1674432000.0,22500.0,22913.1,23193.1,22704.7,525802.84
52.81,1.12,47.19,1674518400.0,22450.0,22627.4,23158.7,22913.3,505615.816
52.08,1.09,47.92,1674604800.0,22310.5,23060.6,23837.4,22627.5,692786.607
53.25,1.14,46.75,1674691200.0,22843.8,23001.9,23278.7,23060.6,427760.786
53.31,1.14,46.69,1674777600.0,22516.6,23068.0,23500.0,23001.9,509920.307
53.18,1.14,46.82,1674864000.0,22870.8,23015.9,23185.0,23068.1,186400.943
53.21,1.14,46.79,1674950400.0,22961.5,23740.3,23962.7,23016.0,562028.231
53.24,1.14,46.76,1675036800.0,22484.2,22819.9,23804.6,23740.2,572537.407
53.94,1.17,46.06,1675123200.0,22715.3,23119.4,23330.0,22819.9,403726.966
53.59,1.16,46.41,1675209600.0,22747.0,23730.0,23852.4,23119.5,571429.711
53.68,1.16,46.32,1675296000.0,23365.0,23493.1,24281.4,23730.1,615740.338
54.08,1.18,45.92,1675382400.0,23201.0,23424.7,23719.9,23493.0,470831.438
53.2,1.14,46.8,1675468800.0,23250.0,23322.6,23591.4,23424.7,197118.393
53.22,1.14,46.78,1675555200.0,22741.0,22929.2,23436.0,23322.6,356665.034
53.12,1.13,46.88,1675641600.0,22600.0,22757.7,23159.4,22929.3,417160.143
53.01,1.13,46.99,1675728000.0,22742.4,23234.1,23368.6,22757.8,447273.494
53.34,1.14,46.66,1675814400.0,22662.9,22955.9,23450.0,23234.1,383465.481
53.41,1.15,46.59,1675900800.0,21684.7,21793.4,23007.8,22955.9,732295.35
53.58,1.15,46.42,1675987200.0,21405.0,21618.6,21933.8,21793.3,439986.497
53.06,1.13,46.94,1676073600.0,21594.4,21851.3,21891.9,21618.6,189249.667
54.01,1.17,45.99,1676160000.0,21618.0,21771.1,22080.9,21851.2,276787.093
53.53,1.15,46.47,1676246400.0,21338.0,21766.2,21888.0,21771.0,511595.693
54.28,1.19,45.72,1676332800.0,21485.2,22187.4,22320.0,21766.1,598791.509
53.53,1.15,46.47,1676419200.0,22038.5,24332.6,24420.0,22187.4,824676.471
53.96,1.17,46.04,1676505600.0,23518.0,23526.6,25290.0,24332.7,959463.159
56.65,1.31,43.35,1676592000.0,23350.0,24581.5,25043.2,23526.6,922717.148
56.6,1.3,43.4,1676678400.0,24430.6,24636.9,24887.5,24581.3,261555.556
56.02,1.27,43.98,1676764800.0,24179.4,24265.9,25200.0,24636.8,543506.628
55.81,1.26,44.19,1676851200.0,23827.0,24849.9,25140.0,24265.9,646401.072
55.49,1.25,44.51,1676937600.0,24150.0,24443.4,25347.6,24849.9,729290.575
55.64,1.25,44.36,1677024000.0,23572.0,24171.3,24468.5,24443.3,730414.101
54.84,1.21,45.16,1677110400.0,23590.0,23928.8,24588.0,24171.3,751339.414
54.32,1.19,45.68,1677196800.0,22800.0,23175.6,24138.6,23928.7,731577.942
53.87,1.17,46.13,1677283200.0,22700.0,23146.2,23210.5,23175.5,310795.648
53.71,1.16,46.29,1677369600.0,23050.0,23545.3,23675.0,23146.2,371395.056
53.76,1.16,46.24,1677456000.0,23088.0,23480.0,23888.0,23545.2,576754.966
54.17,1.18,45.83,1677542400.0,23010.0,23129.6,23592.8,23480.0,456919.838
53.55,1.15,46.45,1677628800.0,23008.4,23619.8,24022.7,23129.7,617250.311
54.27,1.19,45.73,1677715200.0,23183.0,23457.1,23790.5,23619.8,419256.601
54.0,1.17,46.0,1677801600.0,21883.2,22342.8,23468.5,23457.1,608518.137
53.06,1.13,46.94,1677888000.0,22147.5,22335.7,22400.0,22342.8,175309.211
52.82,1.12,47.18,1677974400.0,22174.9,22419.4,22650.0,22335.8,282261.745
53.21,1.14,46.79,1678060800.0,22240.1,22397.1,22594.5,22419.3,298976.397
52.97,1.13,47.03,1678147200.0,21908.0,22187.1,22550.0,22397.1,548494.099
52.9,1.12,47.1,1678233600.0,21540.5,21695.4,22276.4,22187.1,547867.967
51.83,1.08,48.17,1678320000.0,20003.5,20348.3,21823.0,21695.3,951903.36
52.63,1.11,47.37,1678406400.0,19521.6,20140.3,20351.8,20348.4,1238135.265
51.88,1.08,48.12,1678492800.0,19752.5,20447.3,20674.5,20140.3,753479.558
51.15,1.05,48.85,1678579200.0,20262.2,21986.2,22184.0,20447.3,881522.402
52.45,1.1,47.55,1678665600.0,21804.0,24119.5,24517.2,21986.2,1534982.176
53.54,1.15,46.46,1678752000.0,23951.0,24682.5,26489.9,24119.5,1572562.635
54.92,1.22,45.08,1678838400.0,23888.0,24288.0,25200.0,24682.5,1102056.429
56.4,1.29,43.6,1678924800.0,24120.5,24990.4,25167.9,24287.9,735446.946
56.54,1.3,43.46,1679011200.0,24875.3,27384.0,27763.4,24990.5,1341159.064
57.65,1.36,42.35,1679097600.0,26555.5,26907.0,27726.4,27383.9,740232.316
56.88,1.32,43.12,1679184000.0,26815.9,27955.7,28397.0,26907.0,759367.078
55.63,1.25,44.37,1679270400.0,27120.6,27704.1,28483.2,27955.8,937223.448
56.1,1.28,43.9,1679356800.0,27288.0,28091.1,28460.0,27704.1,685487.714
55.01,1.22,44.99,1679443200.0,26590.0,27233.8,28881.0,28091.1,1080393.27
53.69,1.16,46.31,1679529600.0,27101.0,28284.1,28777.0,27233.8,808174.047
53.61,1.16,46.39,1679616000.0,26960.0,27438.9,28369.1,28284.0,696075.37
54.24,1.19,45.76,1679702400.0,27131.8,27447.3,27788.0,27439.0,335674.055
53.53,1.15,46.47,1679788800.0,27400.0,27954.3,28186.9,27447.2,399756.985
53.1,1.13,46.9,1679875200.0,26480.0,27112.0,28019.4,27954.3,642434.822
52.99,1.13,47.01,1679961600.0,26610.0,27249.7,27500.0,27112.0,585080.772
53.12,1.13,46.88,1680048000.0,27223.6,28338.5,28649.9,27249.7,655852.971
53.92,1.17,46.08,1680134400.0,27654.1,28015.0,29184.8,28338.6,770966.1
53.45,1.15,46.55,1680220800.0,27500.0,28454.9,28675.3,28015.0,611557.29
52.77,1.12,47.23,1680307200.0,28180.0,28443.8,28845.3,28454.8,256487.222
53.87,1.17,46.13,1680393600.0,27820.0,28161.2,28516.5,28443.7,316658.67
53.48,1.15,46.52,1680480000.0,27166.0,27786.1,28540.0,28161.3,741665.563
53.11,1.13,46.89,1680566400.0,27650.2,28155.2,28450.0,27786.1,432370.612
52.31,1.1,47.69,1680652800.0,27775.0,28154.0,28800.0,28155.1,543712.838
52.52,1.11,47.48,1680739200.0,27684.2,28022.8,28175.0,28154.0,355916.782
53.0,1.13,47.0,1680825600.0,27755.0,27890.7,28096.0,28022.9,219250.178
52.23,1.09,47.77,1680912000.0,27850.1,27924.9,28153.6,27890.7,159129.56
52.05,1.09,47.95,1680998400.0,27762.8,28309.4,28539.1,27924.9,305861.88
52.73,1.12,47.27,1681084800.0,28153.6,29623.1,29840.0,28309.4,580061.925
53.14,1.13,46.86,1681171200.0,29573.9,30185.1,30564.0,29623.1,628978.491
53.77,1.16,46.23,1681257600.0,29620.0,29875.0,30480.0,30185.1,563668.43
53.64,1.16,46.36,1681344000.0,29836.7,30362.7,30648.9,29874.9,436182.494
52.91,1.12,47.09,1681430400.0,29925.0,30453.1,31059.0,30362.7,615391.615
52.91,1.12,47.09,1681516800.0,30186.0,30280.4,30599.9,30453.0,180234.082
52.58,1.11,47.42,1681603200.0,30102.0,30286.6,30560.0,30280.4,210226.019
52.23,1.09,47.77,1681689600.0,29219.9,29420.0,30307.4,30286.6,455518.548
52.27,1.1,47.73,1681776000.0,29078.1,30365.8,30480.0,29420.1,533189.27
51.75,1.07,48.25,1681862400.0,28557.3,28795.1,30410.0,30365.8,643866.11
51.67,1.07,48.33,1681948800.0,27983.0,28229.9,29078.0,28795.0,639179.286
51.82,1.08,48.18,1682035200.0,27100.0,27252.5,28368.9,28229.9,687832.833
53.86,1.17,46.14,1682121600.0,27126.0,27807.2,27888.0,27252.6,345549.021
52.97,1.13,47.03,1682208000.0,27279.7,27576.0,27807.3,27807.2,332082.355
53.52,1.15,46.48,1682294400.0,26919.3,27497.5,28000.0,27575.9,581268.268
53.06,1.13,46.94,1682380800.0,27176.6,28286.7,28379.9,27497.4,508254.515
52.89,1.12,47.11,1682467200.0,27200.0,28395.9,30048.2,28286.7,1284924.668
54.35,1.19,45.65,1682553600.0,28365.3,29459.0,29898.0,28396.0,952584.739
55.33,1.24,44.67,1682640000.0,28870.0,29300.0,29591.1,29459.0,508350.155
55.68,1.26,44.32,1682726400.0,29000.4,29212.7,29443.9,29300.0,218013.244
55.5,1.25,44.5,1682812800.0,29067.4,29223.0,29950.0,29212.7,417798.846
55.84,1.26,44.16,1682899200.0,27650.0,28054.4,29325.5,29223.0,624974.488
54.21,1.18,45.79,1682985600.0,27854.0,28656.5,28888.0,28054.5,513546.269
53.24,1.14,46.76,1683072000.0,28080.0,29018.4,29258.4,28656.4,676466.23
54.65,1.21,45.35,1683158400.0,28660.0,28826.0,29380.0,29018.4,426425.584
54.36,1.19,45.64,1683244800.0,28618.3,29491.5,29693.0,28826.0,578485.177
54.66,1.21,45.34,1683331200.0,28333.0,28837.8,29840.0,29491.5,475628.901
54.82,1.21,45.18,1683417600.0,28370.0,28419.4,29137.0,28837.9,308410.643
54.58,1.2,45.42,1683504000.0,27250.0,27659.8,28624.6,28419.5,658188.777
52.51,1.11,47.49,1683590400.0,27316.8,27610.2,27815.6,27659.8,367664.686
52.73,1.12,47.27,1683676800.0,26666.6,27582.9,28297.0,27610.2,722502.676
52.56,1.11,47.44,1683763200.0,26688.8,26956.4,27630.0,27583.0,538822.363
53.65,1.16,46.35,1683849600.0,25751.0,26785.1,27090.0,26956.4,615645.508
53.48,1.15,46.52,1683936000.0,26674.9,26762.7,27051.5,26785.2,242694.929
53.76,1.16,46.24,1684022400.0,26557.0,26901.9,27200.0,26762.8,247579.427
54.21,1.18,45.79,1684108800.0,26694.4,27152.5,27650.0,26901.9,450263.076
53.63,1.16,46.37,1684195200.0,26832.0,27024.8,27284.7,27152.5,373172.951
54.02,1.18,45.98,1684281600.0,26527.5,27395.8,27500.0,27024.7,490065.218
54.92,1.22,45.08,1684368000.0,26335.3,26809.3,27482.7,27395.7,544971.979
55.17,1.23,44.83,1684454400.0,26611.2,26870.1,27180.0,26809.4,324097.956
55.12,1.23,44.88,1684540800.0,26813.5,27089.5,27144.4,26870.1,137515.354
55.0,1.22,45.0,1684627200.0,26642.0,26732.8,27288.0,27089.6,238776.425
55.08,1.23,44.92,1684713600.0,26500.0,26840.2,27097.8,26732.8,328030.52
55.47,1.25,44.53,1684800000.0,26782.6,27209.9,27527.5,26840.2,369176.618
56.02,1.27,43.98,1684886400.0,26060.0,26313.8,27212.9,27209.9,535191.677
54.88,1.22,45.12,1684972800.0,25850.0,26461.8,26644.0,26313.9,394535.225
55.11,1.23,44.89,1685059200.0,26313.9,26689.9,26925.0,26461.7,324475.546
55.65,1.26,44.35,1685145600.0,26528.6,26841.6,26890.0,26689.8,163681.935
55.82,1.26,44.18,1685232000.0,26746.0,28055.7,28252.8,26841.6,440115.394
55.89,1.27,44.11,1685318400.0,27513.5,27722.0,28442.0,28055.8,411290.549
57.46,1.35,42.54,1685404800.0,27530.0,27680.1,28038.6,27722.1,334379.313
55.95,1.27,44.05,1685491200.0,26826.0,27201.1,27825.0,27680.0,471381.89
56.03,1.27,43.97,1685577600.0,26600.0,26805.3,27347.9,27201.1,404787.572
56.09,1.28,43.91,1685664000.0,26477.6,27227.8,27290.0,26805.3,391110.093
55.83,1.26,44.17,1685750400.0,26900.0,27054.9,27340.2,27227.8,182464.1
56.24,1.29,43.76,1685836800.0,26935.3,27102.4,27460.0,27054.9,218271.544
56.79,1.31,43.21,1685923200.0,25360.1,25714.7,27125.0,27102.4,700502.548
55.63,1.25,44.37,1686009600.0,25321.6,27221.5,27358.1,25714.6,731445.649
55.92,1.27,44.08,1686096000.0,26111.0,26325.9,27394.4,27221.5,660044.537
57.17,1.34,42.83,1686182400.0,26195.4,26485.9,26800.0,26325.9,333104.839
56.38,1.29,43.62,1686268800.0,26236.0,26468.1,26775.0,26486.0,283719.198
56.71,1.31,43.29,1686355200.0,25300.0,25826.6,26525.0,26468.2,608917.569
55.39,1.24,44.61,1686441600.0,25621.3,25909.9,26199.0,25826.6,279365.563
55.46,1.25,44.54,1686528000.0,25600.0,25894.8,26097.7,25910.0,298900.468
55.16,1.23,44.84,1686614400.0,25708.0,25918.0,26430.5,25894.8,434536.754
55.22,1.23,44.78,1686700800.0,24796.8,25115.9,26099.3,25918.0,464681.602
54.64,1.21,45.36,1686787200.0,24777.0,25586.1,25750.0,25115.9,473971.375
54.33,1.19,45.67,1686873600.0,25142.1,26336.0,26526.9,25586.0,533144.956
55.71,1.26,44.29,1686960000.0,26170.8,26508.9,26900.0,26335.9,305738.396
56.13,1.28,43.87,1687046400.0,26230.9,26329.7,26709.4,26508.8,241977.484
55.7,1.26,44.3,1687132800.0,26241.2,26828.5,27077.0,26329.6,400533.758
55.69,1.26,44.31,1687219200.0,26633.9,28290.6,28397.8,26828.6,758176.297
54.92,1.22,45.08,1687305600.0,28236.4,29988.5,30822.0,28290.7,1123474.427
58.15,1.39,41.85,1687392000.0,29500.1,29875.0,30488.0,29988.5,561051.742
58.55,1.41,41.45,1687478400.0,29792.0,30673.4,31500.0,29875.0,699073.071
58.73,1.42,41.27,1687564800.0,30222.0,30524.2,30796.5,30673.5,279539.288
59.24,1.45,40.76,1687651200.0,30252.6,30458.0,31053.2,30524.2,301533.154
58.24,1.4,41.76,1687737600.0,29890.1,30260.1,30667.3,30458.0,415099.356
59.03,1.44,40.97,1687824000.0,30213.0,30683.2,30998.5,30260.1,406073.348
59.08,1.44,40.92,1687910400.0,29804.6,30066.3,30701.8,30683.2,416656.434
58.85,1.43,41.15,1687996800.0,30036.1,30439.9,30837.0,30066.3,382072.846
58.67,1.42,41.33,1688083200.0,29500.0,30460.2,31300.0,30439.9,809331.305
59.68,1.48,40.32,1688169600.0,30311.3,30573.6,30668.2,30460.2,135520.246
60.21,1.51,39.79,1688256000.0,30149.9,30612.7,30800.0,30573.6,231866.188
60.57,1.54,39.43,1688342400.0,30559.4,31149.0,31395.2,30612.7,370293.236
59.75,1.48,40.25,1688428800.0,30600.0,30756.1,31319.4,31149.0,300832.26
59.66,1.48,40.34,1688515200.0,30175.8,30488.4,30875.2,30756.1,294896.578
59.55,1.47,40.45,1688601600.0,29818.0,29874.4,31568.0,30488.4,721267.219
59.19,1.45,40.81,1688688000.0,29680.0,30327.9,30443.6,29874.3,337801.654
58.21,1.39,41.79,1688774400.0,30026.8,30269.3,30380.0,30328.0,138734.493
58.88,1.43,41.12,1688860800.0,30042.0,30147.8,30443.4,30269.2,162296.263
58.59,1.42,41.41,1688947200.0,29928.8,30396.9,31040.0,30147.8,429115.537
58.76,1.43,41.24,1689033600.0,30261.4,30608.4,30804.9,30396.9,298904.747
58.33,1.4,41.67,1689120000.0,30186.0,30368.9,30980.5,30608.3,425058.257
57.97,1.38,42.03,1689206400.0,30233.0,31441.7,31850.0,30368.9,696023.51
57.91,1.38,42.09,1689292800.0,29876.6,30293.3,31640.0,31441.6,538692.246
56.55,1.3,43.45,1689379200.0,30220.2,30276.4,30380.0,30293.3,111622.474
55.97,1.27,44.03,1689465600.0,30050.0,30216.8,30441.6,30276.5,173805.94
56.43,1.3,43.57,1689552000.0,29630.0,30126.1,30329.7,30216.9,344113.427
55.64,1.25,44.36,1689638400.0,29400.0,29845.6,30227.5,30126.0,337396.417
55.27,1.24,44.73,1689724800.0,29745.0,29895.5,30178.5,29845.7,298418.854
55.26,1.24,44.74,1689811200.0,29468.8,29791.0,30420.0,29895.5,410263.764
54.63,1.2,45.37,1689897600.0,29705.9,29891.4,30056.2,29791.0,221145.074
54.79,1.21,45.21,1689984000.0,29602.2,29783.5,29986.0,29891.5,143375.956
55.35,1.24,44.65,1690070400.0,29718.9,30070.8,30368.2,29783.5,224713.846
56.63,1.31,43.37,1690156800.0,28830.0,29163.8,30091.7,30070.9,434182.417
55.65,1.26,44.35,1690243200.0,29033.0,29216.3,29379.5,29163.8,196438.618
55.86,1.27,44.14,1690329600.0,29083.0,29336.0,29670.5,29216.2,318527.582
55.98,1.27,44.02,1690416000.0,29065.5,29209.7,29558.4,29336.0,223376.534
56.67,1.31,43.33,1690502400.0,29112.8,29299.9,29535.7,29209.8,221299.867
56.89,1.32,43.11,1690588800.0,29237.5,29339.1,29397.9,29300.0,87100.719
56.83,1.32,43.17,1690675200.0,29006.0,29271.1,29442.5,29339.1,169901.253
56.87,1.32,43.13,1690761600.0,29100.0,29220.8,29525.8,29271.2,230381.722
57.05,1.33,42.95,1690848000.0,28550.0,29701.2,29735.0,29220.8,442328.643
55.94,1.27,44.06,1690934400.0,28906.3,29170.1,30059.9,29701.2,491725.492
58.57,1.41,41.43,1691020800.0,28955.4,29180.2,29440.0,29170.2,251967.942
56.38,1.29,43.62,1691107200.0,28780.0,29101.1,29323.8,29180.1,229395.673
56.57,1.3,43.43,1691193600.0,28960.0,29057.7,29145.0,29101.1,82508.624
56.27,1.29,43.73,1691280000.0,28978.5,29075.9,29199.0,29057.7,103094.44
56.88,1.32,43.12,1691366400.0,28682.3,29202.7,29274.5,29075.9,297752.439
56.25,1.29,43.75,1691452800.0,29132.4,29759.0,30250.0,29202.7,459269.801
56.49,1.3,43.51,1691539200.0,29362.0,29572.8,30149.7,29758.9,362009.701
58.63,1.42,41.37,1691625600.0,29303.7,29443.7,29729.8,29572.9,234546.038
57.12,1.33,42.88,1691712000.0,29220.0,29415.5,29565.1,29443.7,179044.008
57.25,1.34,42.75,1691798400.0,29360.0,29420.7,29470.0,29415.5,56238.035
57.2,1.34,42.8,1691884800.0,29256.6,29293.3,29463.0,29420.8,84190.505
57.5,1.35,42.5,1691971200.0,29070.0,29419.5,29686.7,29293.3,295035.383
57.86,1.37,42.14,1692057600.0,29050.0,29188.8,29492.1,29419.5,191289.959
57.55,1.36,42.45,1692144000.0,28705.1,28714.4,29257.4,29188.9,272023.138
57.41,1.35,42.59,1692230400.0,24581.0,26609.7,28775.9,28714.4,868508.22
50.14,1.01,49.86,1692316800.0,25600.0,26042.1,26818.0,26609.7,522375.316
52.62,1.11,47.38,1692403200.0,25783.4,26088.3,26269.4,26042.0,202219.153
56.29,1.29,43.71,1692489600.0,25948.5,26175.9,26285.0,26088.4,141089.85
55.48,1.25,44.52,1692576000.0,25800.0,26115.4,26280.0,26175.9,232505.265
54.36,1.19,45.64,1692662400.0,25280.0,26044.4,26128.2,26115.4,313113.576
54.84,1.21,45.16,1692748800.0,25800.0,26419.2,26806.0,26044.5,412969.028
54.63,1.2,45.37,1692835200.0,25835.0,26164.6,26568.3,26419.2,286753.337
54.83,1.21,45.17,1692921600.0,25754.4,26051.7,26300.0,26164.6,274830.494
55.71,1.26,44.29,1693008000.0,25969.0,26004.3,26129.4,26051.7,63925.862
55.26,1.24,44.74,1693094400.0,25955.6,26087.7,26173.6,26004.3,86505.398
54.17,1.18,45.83,1693180800.0,25850.4,26106.5,26244.6,26087.6,219992.051
54.74,1.21,45.26,1693267200.0,25905.2,27700.1,28168.0,26106.5,700233.946
54.07,1.18,45.93,1693353600.0,26950.0,27290.4,27758.2,27700.1,315313.916
54.07,1.18,45.93,1693440000.0,25617.8,25928.0,27674.3,27290.4,502906.277
55.51,1.25,44.49,1693526400.0,25312.0,25795.6,26151.6,25928.0,361184.924
55.87,1.27,44.13,1693612800.0,25740.6,25855.8,25975.0,25795.6,107642.864
55.32,1.24,44.68,1693699200.0,25777.0,25962.1,26135.2,25855.8,133016.832
54.72,1.21,45.28,1693785600.0,25610.0,25814.0,26099.3,25962.1,173147.873
54.65,1.21,45.35,1693872000.0,25531.2,25779.7,25900.0,25814.0,186639.945
54.21,1.18,45.79,1693958400.0,25326.0,25747.4,26052.0,25779.7,251122.66
54.21,1.18,45.79,1694044800.0,25602.3,26240.7,26451.0,25747.4,257349.902
54.4,1.19,45.6,1694131200.0,25630.0,25899.8,26437.5,26240.7,249269.761
53.61,1.16,46.39,1694217600.0,25781.5,25892.6,25940.6,25899.9,67909.81
53.38,1.15,46.62,1694304000.0,25508.7,25828.4,26037.3,25892.6,162972.413
53.51,1.15,46.49,1694390400.0,24888.0,25150.4,25895.0,25828.4,427216.374
52.66,1.11,47.34,1694476800.0,25116.4,25825.8,26580.0,25150.4,592049.678
52.94,1.13,47.06,1694563200.0,25750.0,26209.9,26400.0,25825.8,335252.718
52.83,1.12,47.17,1694649600.0,26106.6,26510.3,26880.0,26209.9,380666.471
52.49,1.11,47.51,1694736000.0,26206.6,26591.1,26890.0,26510.3,251656.77
52.81,1.12,47.19,1694822400.0,26430.0,26546.9,26763.5,26591.1,140482.465
52.69,1.11,47.31,1694908800.0,26377.4,26514.2,26614.3,26547.0,114239.394
52.62,1.11,47.38,1694995200.0,26358.6,26749.9,27397.0,26514.2,472539.032
52.45,1.1,47.55,1695081600.0,26653.2,27196.0,27480.0,26749.9,433511.747
52.4,1.1,47.6,1695168000.0,26740.0,27107.7,27381.0,27195.9,348921.447
52.21,1.09,47.79,1695254400.0,26360.1,26552.6,27149.0,27107.7,317992.869
52.38,1.1,47.62,1695340800.0,26452.9,26566.7,26737.7,26552.6,173534.648
52.13,1.09,47.87,1695427200.0,26492.2,26563.1,26620.6,26566.7,57836.484
51.89,1.08,48.11,1695513600.0,26081.0,26232.4,26739.9,26563.0,146632.773
52.31,1.1,47.69,1695600000.0,25965.0,26290.5,26440.0,26232.4,268385.836
52.0,1.08,48.0,1695686400.0,26073.8,26208.8,26388.0,26290.5,180491.169
52.55,1.11,47.45,1695772800.0,26050.0,26359.6,26849.9,26208.7,353002.84
52.57,1.11,47.43,1695859200.0,26325.2,27011.8,27308.7,26359.6,429587.858
50.35,1.01,49.65,1695945600.0,26625.0,26890.9,27231.5,27011.7,277397.643
51.86,1.08,48.14,1696032000.0,26870.4,26950.9,27085.0,26890.9,92317.154
52.22,1.09,47.78,1696118400.0,26939.0,27981.4,28365.2,26951.0,240382.946
52.64,1.11,47.36,1696204800.0,27255.0,27477.6,28613.0,27981.4,593277.72
54.31,1.19,45.69,1696291200.0,27123.0,27412.0,27665.0,27477.7,283077.899
52.71,1.12,47.29,1696377600.0,27163.9,27759.8,27830.0,27412.0,280784.322
52.14,1.09,47.86,1696464000.0,27333.5,27398.4,28110.0,27759.7,370190.087
52.61,1.11,47.39,1696550400.0,27156.0,27916.3,28450.0,27398.3,438445.904
52.39,1.1,47.61,1696636800.0,27822.1,27943.0,28018.7,27916.3,117049.145
52.75,1.12,47.25,1696723200.0,27671.0,27901.2,28082.0,27943.0,178380.307
52.82,1.12,47.18,1696809600.0,27250.0,27578.3,27977.0,27901.2,314316.581
52.97,1.13,47.03,1696896000.0,27281.0,27381.2,27727.3,27578.4,239779.496
52.64,1.11,47.36,1696982400.0,26525.0,26864.5,27467.6,27381.3,388186.571
54.05,1.18,45.95,1697068800.0,26534.8,26744.0,26939.0,26864.5,220279.04
54.08,1.18,45.92,1697155200.0,26670.1,26849.8,27120.8,26744.0,243222.154
54.86,1.22,45.14,1697241600.0,26773.1,26836.3,26986.4,26849.7,82164.781
53.39,1.15,46.61,1697328000.0,26790.4,27139.8,27456.1,26836.4,160000.462
53.51,1.15,46.49,1697414400.0,27095.4,28486.3,30720.0,27139.8,823003.782
53.9,1.17,46.1,1697500800.0,28055.0,28381.9,28605.0,28486.3,314189.758
53.4,1.15,46.6,1697587200.0,28126.6,28307.1,29100.0,28382.0,297176.628
53.96,1.17,46.04,1697673600.0,28076.0,28696.9,28933.4,28307.2,333673.207
51.96,1.08,48.04,1697760000.0,28560.0,29653.0,30243.0,28697.0,551005.327
53.51,1.15,46.49,1697846400.0,29443.5,29895.4,30374.6,29653.0,258195.956
53.11,1.13,46.89,1697932800.0,29606.6,29981.5,30229.7,29895.4,198602.758
53.3,1.14,46.7,1698019200.0,29869.4,33074.0,35981.9,29981.4,987741.536
62.0,1.63,38.0,1698105600.0,32833.5,33917.0,35300.0,33074.0,921993.063
60.95,1.56,39.05,1698192000.0,33660.6,34487.7,35154.3,33917.0,465367.144
60.17,1.51,39.83,1698278400.0,33750.0,34154.0,34828.7,34487.8,339552.964
59.89,1.49,40.11,1698364800.0,33350.0,33893.1,34253.3,34154.0,278052.978
60.56,1.54,39.44,1698451200.0,33867.4,34086.6,34535.8,33893.2,138314.932
59.78,1.49,40.22,1698537600.0,33933.0,34528.6,34773.8,34086.7,175897.55
59.5,1.47,40.5,1698624000.0,34050.0,34483.8,34888.2,34528.6,281841.348
59.62,1.48,40.38,1698710400.0,34016.8,34651.4,34744.7,34483.8,272450.567
59.82,1.49,40.18,1698796800.0,34076.0,35437.4,35734.0,34651.4,469214.787
59.93,1.5,40.07,1698883200.0,34300.0,34940.1,35999.9,35437.5,410221.727
59.89,1.49,40.11,1698969600.0,34123.0,34700.4,34944.9,34940.1,306048.199
59.07,1.44,40.93,1699056000.0,34571.6,35069.7,35270.0,34700.5,140746.874
59.22,1.45,40.78,1699142400.0,34356.0,35025.5,35455.2,35069.7,231363.339
58.53,1.41,41.47,1699228800.0,34743.2,35057.4,35299.9,35025.5,202227.215
59.15,1.45,40.85,1699315200.0,34520.3,35406.5,35921.7,35057.5,343525.95
58.3,1.4,41.7,1699401600.0,35073.0,35626.7,36150.0,35406.5,334779.449
57.75,1.37,42.25,1699488000.0,35304.0,36719.5,38499.9,35626.7,778877.937
60.03,1.5,39.97,1699574400.0,36350.0,37330.4,37570.0,36719.6,299373.892
59.2,1.45,40.8,1699660800.0,36588.0,37162.1,37422.2,37330.3,159239.284
59.12,1.45,40.88,1699747200.0,36753.6,37085.5,37258.4,37162.1,118890.045
59.09,1.44,40.91,1699833600.0,36350.0,36486.2,37464.8,37085.6,257075.648
57.98,1.38,42.02,1699920000.0,34446.3,35559.0,36779.9,36486.2,397265.8
57.25,1.34,42.75,1700006400.0,35388.0,37885.6,38000.0,35559.1,423818.57
57.61,1.36,42.39,1700092800.0,35486.1,36176.0,37956.5,37885.5,434444.366
57.0,1.33,43.0,1700179200.0,35868.3,36621.9,37020.5,36176.0,319943.051
57.68,1.36,42.32,1700265600.0,36196.0,36580.9,36900.0,36621.9,121720.922
57.62,1.36,42.38,1700352000.0,36380.0,37375.9,37528.2,36580.9,154713.007
57.92,1.38,42.08,1700438400.0,36600.0,37462.5,37784.7,37375.8,310504.037
57.99,1.38,42.01,1700524800.0,35720.0,35737.0,37675.0,37462.6,450731.16
57.6,1.36,42.4,1700611200.0,35610.7,37413.4,37880.0,35737.0,338189.618
56.64,1.31,43.36,1700697600.0,36856.3,37294.3,37650.0,37413.5,185369.931
56.32,1.29,43.68,1700784000.0,37257.3,37706.3,38425.0,37294.4,351031.723
55.31,1.24,44.69,1700870400.0,37570.9,37766.6,37886.5,37706.3,82589.329
54.79,1.21,45.21,1700956800.0,37126.0,37437.9,37807.6,37766.7,173758.644
54.86,1.22,45.14,1701043200.0,36700.0,37234.3,37560.0,37437.9,266112.699
54.27,1.19,45.73,1701129600.0,36856.0,37812.1,38395.0,37234.4,318426.327
54.63,1.2,45.37,1701216000.0,37551.8,37837.1,38500.0,37812.0,261631.881
54.27,1.19,45.73,1701302400.0,37442.9,37716.8,38132.0,37837.2,191188.871
54.5,1.2,45.5,1701388800.0,37600.0,38660.0,38989.0,37716.9,342361.994
53.86,1.17,46.14,1701475200.0,38613.5,39435.0,39900.0,38659.9,213210.311
53.89,1.17,46.11,1701561600.0,39255.2,39979.7,40410.1,39435.1,221917.905
55.19,1.23,44.81,1701648000.0,39970.4,41993.1,42440.0,39979.8,602492.859
55.79,1.26,44.21,1701734400.0,41393.5,44081.7,44528.1,41993.1,575038.041
55.81,1.26,44.19,1701820800.0,43377.0,43774.8,44349.8,44081.7,383957.738
55.82,1.26,44.18,1701907200.0,42815.0,43296.0,44066.7,43775.1,346421.958
56.3,1.29,43.7,1701993600.0,43100.0,44209.5,44779.3,43296.0,281880.593
56.76,1.31,43.24,1702080000.0,43555.0,43734.3,44389.2,44209.6,189339.656
56.44,1.3,43.56,1702166400.0,43552.5,43810.0,44099.2,43734.2,144548.259
56.01,1.27,43.99,1702252800.0,40228.3,41271.0,43833.4,43810.1,620753.439
57.7,1.36,42.3,1702339200.0,40711.0,41515.0,42125.0,41271.1,356541.118
57.64,1.36,42.36,1702425600.0,40556.0,42875.0,43517.6,41514.9,396710.296
57.04,1.33,42.96,1702512000.0,41140.0,43032.4,43450.1,42875.0,361628.325
55.68,1.26,44.32,1702598400.0,41668.0,41968.0,43098.0,43032.3,257177.013
56.43,1.3,43.57,1702684800.0,41638.1,42287.4,42756.7,41968.0,160549.459
55.91,1.27,44.09,1702771200.0,41248.3,41396.5,42476.0,42287.4,224722.851
56.67,1.31,43.33,1702857600.0,40553.8,42671.7,42795.3,41396.6,375385.675
56.15,1.28,43.85,1702944000.0,41835.4,42298.3,43550.0,42671.8,315311.844
57.08,1.33,42.92,1703030400.0,42218.3,43708.9,44384.6,42298.2,377008.923
56.43,1.3,43.57,1703116800.0,43317.2,43896.3,44287.2,43708.9,276922.155
56.18,1.28,43.82,1703203200.0,43430.4,43999.2,44484.0,43896.4,238341.933
56.33,1.29,43.67,1703289600.0,43304.2,43725.2,44023.0,43999.2,120792.199
56.13,1.28,43.87,1703376000.0,42550.0,43008.4,43994.8,43725.2,179967.251
55.54,1.25,44.46,1703462400.0,42755.4,43611.9,43850.0,43008.4,184210.274
55.88,1.27,44.12,1703548800.0,41597.0,42538.5,43635.1,43611.9,295583.678
55.94,1.27,44.06,1703635200.0,42145.7,43453.8,43700.0,42538.6,251351.538
55.01,1.22,44.99,1703721600.0,42320.5,42600.1,43850.0,43453.8,257515.182
54.96,1.22,45.04,1703808000.0,41283.2,42095.1,43171.9,42600.1,337421.865
55.0,1.22,45.0,1703894400.0,41550.0,42174.2,42654.6,42095.1,183890.67
55.8,1.26,44.2,1703980800.0,42001.0,42314.0,42951.0,42174.3,173508.289
55.63,1.25,44.37,1704067200.0,42207.9,44230.2,44266.0,42314.0,206424.144
55.67,1.26,44.33,1704153600.0,44200.9,44979.8,45950.0,44230.3,459798.523
55.58,1.25,44.42,1704240000.0,40333.0,42849.5,45582.3,44979.7,595855.225
56.83,1.32,43.17,1704326400.0,42625.0,44143.8,44840.8,42849.5,333923.098
54.5,1.2,45.5,1704412800.0,42300.0,44145.4,44500.0,44143.8,374967.791
55.9,1.27,44.1,1704499200.0,43391.3,43956.7,44214.6,44145.3,138542.797
55.69,1.26,44.31,1704585600.0,43557.5,43916.9,44486.9,43956.6,180710.714
55.1,1.23,44.9,1704672000.0,43158.1,46972.7,47312.0,43916.9,495087.983
56.88,1.32,43.12,1704758400.0,44417.2,46114.0,48100.0,46972.6,513362.773
57.63,1.36,42.37,1704844800.0,44291.5,46662.9,47699.3,46113.9,668657.474
56.36,1.29,43.64,1704931200.0,45600.0,46337.8,49027.5,46663.0,596698.379
57.47,1.35,42.53,1705017600.0,41370.0,42788.9,46536.2,46337.9,575943.258
59.5,1.47,40.5,1705104000.0,42445.7,42846.4,43273.4,42789.0,207737.326
58.21,1.39,41.79,1705190400.0,41713.5,41734.9,43096.1,42846.4,181096.968
58.25,1.4,41.75,1705276800.0,41720.0,42515.0,43376.0,41734.9,240059.141
56.78,1.31,43.22,1705363200.0,42050.0,43133.0,43589.0,42515.0,287207.233
56.85,1.32,43.15,1705449600.0,42200.0,42783.4,43198.0,43133.0,209396.081
57.39,1.35,42.61,1705536000.0,40673.6,41323.1,42932.3,42783.3,335080.756
56.93,1.32,43.07,1705622400.0,40300.0,41662.2,42197.0,41323.2,345941.73
56.82,1.32,43.18,1705708800.0,41453.6,41691.8,41883.5,41662.1,95866.062
56.72,1.31,43.28,1705795200.0,41500.0,41580.0,41880.9,41691.8,67035.552
56.31,1.29,43.69,1705881600.0,39402.0,39567.0,41692.3,41579.9,459024.106
56.65,1.31,43.35,1705968000.0,38545.0,39890.0,40172.7,39567.1,414373.386
57.99,1.38,42.01,1706054400.0,39493.3,40078.7,40560.6,39889.9,272754.171
58.34,1.4,41.66,1706140800.0,39535.3,39953.3,40300.0,40078.8,203728.679
58.34,1.4,41.66,1706227200.0,39813.1,41806.4,42239.3,39953.3,355418.478
56.05,1.28,43.95,1706313600.0,41360.1,42102.2,42187.1,41806.4,118437.114
56.57,1.3,43.43,1706400000.0,41600.0,42021.2,42836.0,42102.2,205736.453
56.28,1.29,43.72,1706486400.0,41768.3,43287.7,43340.8,42021.2,249502.11
56.06,1.28,43.94,1706572800.0,42665.6,42918.3,43888.0,43287.6,257582.784
56.03,1.27,43.97,1706659200.0,42257.6,42560.5,43748.6,42918.3,313069.11
56.47,1.3,43.53,1706745600.0,41866.8,43072.6,43288.0,42560.5,274321.107
56.6,1.3,43.4,1706832000.0,42512.7,43182.0,43480.0,43072.6,205767.574
56.86,1.32,43.14,1706918400.0,42858.3,42992.4,43372.2,43182.0,89735.22
56.63,1.31,43.37,1707004800.0,42176.7,42570.3,43112.1,42992.4,127421.548
57.1,1.33,42.9,1707091200.0,42235.1,42692.9,43580.0,42570.3,240655.549
57.06,1.33,42.94,1707177600.0,42559.8,43079.1,43378.8,42692.9,196157.643
57.11,1.33,42.89,1707264000.0,42763.4,44326.2,44388.0,43079.1,252057.708
57.28,1.34,42.72,1707350400.0,44306.8,45269.1,45600.0,44326.3,299738.288
55.62,1.25,44.38,1707436800.0,45218.1,47116.1,48230.3,45269.2,519919.419
56.0,1.27,44.0,1707523200.0,46836.4,47732.6,48189.6,47116.1,179626.604
56.57,1.3,43.43,1707609600.0,47539.4,48303.4,48600.0,47732.6,209951.626
57.24,1.34,42.76,1707696000.0,47702.0,49943.6,50413.2,48303.4,450895.202
57.77,1.37,42.23,1707782400.0,48301.0,49696.4,50428.8,49943.6,382348.085
57.58,1.36,42.42,1707868800.0,49215.7,51823.2,52100.0,49696.4,395191.791
57.01,1.33,42.99,1707955200.0,51334.9,51898.5,52859.0,51823.1,392724.603
56.66,1.31,43.34,1708041600.0,51611.7,52148.6,52623.0,51898.4,259819.793
56.38,1.29,43.62,1708128000.0,50647.5,51679.4,52192.8,52148.7,222342.005
57.04,1.33,42.96,1708214400.0,51178.0,52175.9,52450.0,51679.5,166636.426
56.95,1.32,43.05,1708300800.0,51688.8,51813.8,52532.9,52175.9,196387.978
56.97,1.32,43.03,1708387200.0,50788.0,52297.4,53090.9,51813.7,388913.064
56.22,1.28,43.78,1708473600.0,50528.4,51877.8,52402.3,52297.3,308127.301
56.75,1.31,43.25,1708560000.0,50967.5,51316.9,52130.8,51877.9,244144.647
56.89,1.32,43.11,1708646400.0,50512.7,50771.9,51576.3,51316.9,215474.562
56.83,1.32,43.17,1708732800.0,50611.4,51602.1,51736.6,50771.9,104944.457
55.84,1.26,44.16,1708819200.0,51300.4,51764.9,52050.0,51602.1,122177.26
56.05,1.28,43.95,1708905600.0,50922.5,54511.6,54991.8,51764.9,393466.231
56.25,1.29,43.75,1708992000.0,54495.0,57074.5,57780.0,54511.7,511475.535
57.73,1.37,42.27,1709078400.0,56730.1,62487.9,64300.0,57074.5,1010118.442
61.23,1.58,38.77,1709164800.0,60452.0,61203.3,63762.8,62487.9,584713.883
60.51,1.53,39.49,1709251200.0,60844.8,62430.6,63199.0,61203.3,299231.827
59.86,1.49,40.14,1709337600.0,61605.0,62039.9,62513.1,62430.6,159283.629
59.97,1.5,40.03,1709424000.0,61339.5,63178.5,63330.9,62039.9,200312.503
60.48,1.53,39.52,1709510400.0,62299.0,68296.4,68600.0,63178.5,632882.144
59.12,1.45,40.88,1709596800.0,59112.0,63747.4,69350.0,68296.5,1053025.132
62.31,1.65,37.69,1709683200.0,62829.3,66128.1,67729.5,63747.5,534011.813
62.46,1.66,37.54,1709769600.0,65609.3,66870.0,68101.3,66128.0,296092.788
61.44,1.59,38.56,1709856000.0,66120.0,68180.2,70330.8,66870.0,459387.207
61.24,1.58,38.76,1709942400.0,67908.7,68360.1,68608.7,68180.2,94899.005
60.74,1.55,39.26,1710028800.0,68155.0,69001.8,69999.8,68360.2,233596.523
60.78,1.55,39.22,1710115200.0,67000.0,72153.8,72890.0,69001.8,474396.897
60.64,1.54,39.36,1710201600.0,68600.0,71503.2,73370.0,72153.9,472072.331
61.4,1.59,38.6,1710288000.0,71388.1,73127.6,73755.0,71503.3,288446.338
61.0,1.56,39.0,1710374400.0,68600.0,71455.5,73881.4,73127.6,513901.237
60.59,1.54,39.41,1710460800.0,65580.0,69552.2,72500.0,71455.6,705810.685
59.74,1.48,40.26,1710547200.0,64750.0,65351.0,70097.6,69552.1,333426.129
59.09,1.44,40.91,1710633600.0,64559.8,68447.9,68972.4,65351.0,314890.309
58.73,1.42,41.27,1710720000.0,66601.6,67660.0,69044.4,68447.9,317885.916
60.3,1.52,39.7,1710806400.0,61582.8,61974.1,68178.6,67660.0,700466.795
61.09,1.57,38.91,1710892800.0,60800.0,67876.4,68140.0,61974.1,637362.465
59.37,1.46,40.63,1710979200.0,64550.1,65539.9,68293.9,67876.4,347218.385
61.68,1.61,38.32,1711065600.0,62294.0,63826.0,66691.9,65539.9,401149.333
58.87,1.43,41.13,1711152000.0,63020.2,64020.3,66050.0,63826.1,239124.0
57.91,1.38,42.09,1711238400.0,63822.0,67260.9,67700.0,64020.4,244179.435
57.81,1.37,42.19,1711324800.0,66427.6,69920.5,71228.3,67260.9,395156.191
58.68,1.42,41.32,1711411200.0,69320.0,70044.1,71649.0,69920.6,307861.116
59.12,1.45,40.88,1711497600.0,68364.8,69532.6,71888.0,70044.2,407286.574
59.16,1.45,40.84,1711584000.0,68941.0,70838.7,71636.2,69532.6,241970.822
58.43,1.41,41.57,1711670400.0,69000.0,69903.6,70976.9,70838.8,187970.841
58.18,1.39,41.82,1711756800.0,69577.2,69642.1,70388.0,69903.6,91126.75
58.21,1.39,41.79,1711843200.0,69608.0,71363.0,71495.5,69642.0,132458.79
58.27,1.4,41.73,1711929600.0,68103.3,69700.0,71388.0,71363.0,282812.126
58.0,1.38,42.0,1712016000.0,64603.2,65505.3,69731.6,69700.0,499041.572
57.16,1.33,42.84,1712102400.0,64500.0,65971.9,66940.0,65502.4,275041.23
55.09,1.23,44.91,1712188800.0,65100.0,68489.9,69329.7,65971.8,326385.338
54.72,1.21,45.28,1712275200.0,65966.0,67825.7,68787.1,68489.8,313547.293
55.04,1.22,44.96,1712361600.0,67450.0,68901.6,69708.0,67825.8,127343.726
54.5,1.2,45.5,1712448000.0,68820.6,69362.7,70395.0,68901.5,171783.436
55.0,1.22,45.0,1712534400.0,69040.4,71678.4,72890.4,69362.7,297237.449
58.17,1.39,41.83,1712620800.0,68216.0,69189.3,71820.6,71678.3,334059.403
58.81,1.43,41.19,1712707200.0,67546.2,70681.7,71412.2,69189.2,337774.756
57.1,1.33,42.9,1712793600.0,69592.6,70055.7,71387.4,70681.8,256194.153
58.26,1.4,41.74,1712880000.0,65102.0,67136.4,71297.0,70055.6,415528.149
57.96,1.38,42.04,1712966400.0,59652.5,63939.7,67975.4,67136.4,515005.203
57.63,1.36,42.37,1713052800.0,62139.3,65615.9,65822.1,63939.7,395770.133
55.92,1.27,44.08,1713139200.0,62242.5,63392.7,66874.9,65615.9,381532.225
55.5,1.25,44.5,1713225600.0,61521.0,63765.0,64356.3,63392.8,405931.439
55.59,1.25,44.41,1713312000.0,59625.0,61254.5,64483.3,63764.9,444032.992
56.74,1.31,43.26,1713398400.0,60763.8,63445.0,64100.0,61254.5,363302.394
53.23,1.14,46.77,1713484800.0,59541.0,63787.4,65480.0,63445.0,574264.058
55.41,1.24,44.59,1713571200.0,63045.1,64897.2,65400.0,63787.4,197142.262
54.68,1.21,45.32,1713657600.0,64214.2,64912.6,65678.7,64897.2,160533.948
55.02,1.22,44.98,1713744000.0,64470.5,66778.0,67222.0,64912.7,246268.411
53.88,1.17,46.12,1713830400.0,65750.0,66386.3,67158.9,66777.9,178665.564
54.41,1.19,45.59,1713916800.0,63575.0,64250.0,67068.2,66386.2,280545.061
56.04,1.28,43.96,1714003200.0,62721.3,64478.8,65270.6,64250.0,275211.062
54.39,1.19,45.61,1714089600.0,63291.5,63748.8,64783.1,64478.8,202149.813
56.01,1.27,43.99,1714176000.0,62332.8,63421.0,63901.4,63748.7,167349.109
55.33,1.24,44.67,1714262400.0,62700.0,63088.3,64350.0,63420.9,126056.151
54.35,1.19,45.65,1714348800.0,61726.2,63842.4,64200.0,63088.4,228411.163
54.73,1.21,45.27,1714435200.0,59150.0,60651.2,64700.0,63842.4,408747.703
56.51,1.3,43.49,1714521600.0,56537.7,58307.6,60816.7,60651.2,564108.4
56.4,1.29,43.6,1714608000.0,56951.6,59036.7,59637.3,58307.7,299229.302
55.73,1.26,44.27,1714694400.0,58781.3,62853.7,63333.0,59036.7,353606.459
55.13,1.23,44.87,1714780800.0,62520.0,63864.2,64547.9,62853.7,205205.199
54.23,1.19,45.77,1714867200.0,62833.0,63988.0,64644.3,63864.3,185495.653
52.98,1.13,47.02,1714953600.0,62655.3,63142.8,65500.0,63987.9,305110.067
54.04,1.18,45.96,1715040000.0,62203.6,62296.0,64392.2,63142.7,238974.646
53.71,1.16,46.29,1715126400.0,60843.6,61157.9,62994.9,62296.0,241651.579
54.68,1.21,45.32,1715212800.0,60550.0,63050.1,63447.2,61157.9,242451.302
54.01,1.17,45.99,1715299200.0,60117.4,60778.1,63446.5,63050.0,307214.96
54.8,1.21,45.2,1715385600.0,60432.6,60809.2,61491.4,60778.0,113294.787
53.79,1.16,46.21,1715472000.0,60557.3,61455.8,61849.4,60809.2,104043.897
54.7,1.21,45.3,1715558400.0,60750.0,62912.1,63440.0,61455.7,261927.073
54.91,1.22,45.09,1715644800.0,60950.0,61550.5,63099.6,62912.2,244345.274
56.72,1.31,43.28,1715731200.0,61316.1,66175.4,66440.0,61550.5,365031.68
52.23,1.09,47.77,1715817600.0,64567.0,65217.7,66800.0,66175.4,242455.324
54.53,1.2,45.47,1715904000.0,65061.2,66980.0,67400.6,65217.7,227063.919
52.57,1.11,47.43,1715990400.0,66503.2,66884.9,67340.5,66980.0,96931.548
52.89,1.12,47.11,1716076800.0,65835.8,66239.4,67750.0,66884.9,148170.35
53.29,1.14,46.71,1716163200.0,66010.0,71466.5,71674.6,66239.4,366028.078
55.09,1.23,44.91,1716249600.0,69165.6,70168.8,72132.8,71466.5,263674.327
61.28,1.58,38.72,1716336000.0,68736.8,69219.1,70715.4,70168.7,194160.494
60.96,1.56,39.04,1716422400.0,66156.6,67999.9,70133.3,69219.2,300093.622
62.52,1.67,37.48,1716508800.0,66639.0,68584.1,69273.5,67999.9,186681.082
60.82,1.55,39.18,1716595200.0,68523.7,69314.4,69622.8,68584.0,85113.605
60.46,1.53,39.54,1716681600.0,68155.0,68524.3,69590.3,69314.5,84069.824
60.63,1.54,39.37,1716768000.0,68268.7,69461.6,70750.0,68524.4,170291.356
60.63,1.54,39.37,1716854400.0,67273.0,68440.5,69628.0,69461.5,227838.44
61.13,1.57,38.87,1716940800.0,67129.0,67686.7,68983.0,68440.4,158236.599
60.34,1.52,39.66,1717027200.0,67167.0,68402.5,69568.9,67686.8,194573.899
59.75,1.48,40.25,1717113600.0,66700.5,67577.9,69080.0,68402.6,195751.752
61.27,1.58,38.73,1717200000.0,67480.0,67799.2,67936.0,67577.9,50943.058
60.76,1.55,39.24,1717286400.0,67296.3,67805.9,68545.9,67799.2,102194.718
60.86,1.56,39.14,1717372800.0,67642.6,68851.4,70372.9,67805.9,227676.93
59.26,1.46,40.74,1717459200.0,68595.5,70580.0,71146.4,68851.3,216100.016
58.47,1.41,41.53,1717545600.0,70423.6,71133.3,71824.4,70580.0,203992.034
58.32,1.4,41.68,1717632000.0,70101.9,70830.0,71714.8,71133.3,158483.564
58.53,1.41,41.47,1717718400.0,68405.0,69377.0,72144.0,70830.0,299412.37
58.36,1.4,41.64,1717804800.0,69192.3,69346.5,69613.6,69377.0,65739.857
58.3,1.4,41.7,1717891200.0,69160.0,69667.1,69879.0,69346.6,68024.1
58.3,1.4,41.7,1717977600.0,69201.2,69558.7,70222.7,69667.1,127381.604
58.87,1.43,41.13,1718064000.0,66000.0,67320.7,69600.0,69558.8,311984.942
58.02,1.38,41.98,1718150400.0,66920.0,68270.3,70028.0,67320.6,329918.46
56.86,1.32,43.14,1718236800.0,66251.1,66786.9,68607.7,68270.3,248355.461
57.6,1.36,42.4,1718323200.0,65052.4,66039.7,67366.5,66786.8,239411.231
59.3,1.46,40.7,1718409600.0,65801.0,66213.7,66482.6,66039.7,72423.755
60.24,1.52,39.76,1718496000.0,66012.1,66653.6,66960.3,66213.7,80361.551
59.44,1.47,40.56,1718582400.0,65094.9,66472.1,67280.6,66653.5,248420.787
60.25,1.52,39.75,1718668800.0,64009.8,65150.0,66558.9,66472.1,335559.394
61.1,1.57,38.9,1718755200.0,64600.0,64933.6,65711.9,65149.9,150032.669
59.39,1.46,40.61,1718841600.0,64526.0,64854.0,66467.0,64933.6,220954.676
58.94,1.44,41.06,1718928000.0,63361.2,64124.0,65055.5,64854.0,210109.601
61.43,1.59,38.57,1719014400.0,63915.8,64240.0,64520.0,64124.1,53855.862
59.8,1.49,40.2,1719100800.0,63137.9,63194.9,64500.0,64240.1,72052.293
60.05,1.5,39.95,1719187200.0,58218.0,60273.6,63357.0,63194.9,445903.184
62.78,1.69,37.22,1719273600.0,60230.5,61777.8,62448.1,60273.5,264647.317
60.35,1.52,39.65,1719360000.0,60696.0,60860.1,62465.1,61777.9,170601.18
61.77,1.62,38.23,1719446400.0,60605.0,61682.0,62379.7,60860.1,160172.482
62.61,1.68,37.39,1719532800.0,60038.0,60429.8,62204.0,61682.1,195508.125
63.92,1.77,36.08,1719619200.0,60400.1,60982.4,61232.0,60429.8,79680.289
65.18,1.87,34.82,1719705600.0,60705.0,62766.0,63058.4,60982.5,147777.915
65.06,1.86,34.94,1719792000.0,62502.2,62883.6,63849.0,62766.1,193937.938
65.13,1.87,34.87,1719878400.0,61800.0,62123.6,63284.0,62883.7,163101.243
66.57,1.99,33.43,1719964800.0,59299.3,60208.0,62278.2,62123.5,295303.265
65.22,1.88,34.78,1720051200.0,56560.0,57045.9,60500.0,60208.0,445656.277
63.92,1.77,36.08,1720137600.0,53329.5,56604.9,57533.4,57045.9,577193.595
60.44,1.53,39.56,1720224000.0,56000.0,58216.0,58472.0,56604.9,178580.022
60.71,1.55,39.29,1720310400.0,55688.0,55830.9,58443.0,58216.0,210361.981
61.97,1.63,38.03,1720396800.0,54243.1,56686.4,58200.0,55831.0,464106.957
61.32,1.59,38.68,1720483200.0,56256.2,58023.2,58290.6,56686.4,257237.048
61.8,1.62,38.2,1720569600.0,57125.0,57707.0,59449.6,58023.1,254248.937
61.57,1.6,38.43,1720656000.0,57030.0,57315.5,59780.0,57707.0,293106.959
63.67,1.75,36.33,1720742400.0,56500.1,57870.0,58500.0,57315.7,238100.616
61.88,1.62,38.12,1720828800.0,57728.6,59174.0,59850.0,57870.0,157884.322
61.21,1.58,38.79,1720915200.0,59164.0,60766.0,61412.4,59173.9,208060.883
61.34,1.59,38.66,1721001600.0,60622.6,64680.6,64870.7,60766.0,352222.181
56.69,1.31,43.31,1721088000.0,62350.0,65010.0,65388.0,64680.6,375258.616
57.42,1.35,42.58,1721174400.0,63823.0,64055.7,66100.0,65010.0,276656.393
59.62,1.48,40.38,1721260800.0,63206.4,63959.9,65173.8,64055.8,215648.157
59.24,1.45,40.76,1721347200.0,63266.2,66627.9,67362.8,63960.0,311859.805
56.03,1.27,43.97,1721433600.0,66159.1,67095.6,67648.7,66627.9,123564.406
56.32,1.29,43.68,1721520000.0,65750.0,68138.0,68351.2,67095.6,207228.372
56.56,1.3,43.44,1721606400.0,66538.6,67499.2,68459.7,68138.0,192991.391
57.06,1.33,42.94,1721692800.0,65416.5,65916.4,67729.3,67499.2,270430.68
58.12,1.39,41.88,1721779200.0,65040.5,65350.8,67087.3,65916.3,215079.421
58.71,1.42,41.29,1721865600.0,63456.7,65773.0,66144.0,65350.7,319685.441
61.18,1.58,38.82,1721952000.0,65688.2,67882.5,68200.0,65773.0,235384.526
59.96,1.5,40.04,1722038400.0,66624.5,67873.8,69381.7,67882.5,330982.647
59.88,1.49,40.12,1722124800.0,67037.0,68215.5,68300.0,67873.7,116913.935
59.7,1.48,40.3,1722211200.0,66365.8,66750.0,70081.0,68215.5,372537.818
59.96,1.5,40.04,1722297600.0,65254.5,66159.3,66966.6,66750.1,246551.044
60.09,1.51,39.91,1722384000.0,64500.4,64601.8,66826.3,66159.3,246389.446
60.21,1.51,39.79,1722470400.0,62271.2,65328.9,65650.0,64601.8,372654.59
63.88,1.77,36.12,1722556800.0,61200.2,61483.7,65577.0,65329.0,421628.42
65.45,1.89,34.55,1722643200.0,59800.0,60684.6,62166.0,61483.7,290469.956
65.69,1.92,34.31,1722729600.0,57040.0,58144.5,61089.5,60684.5,339512.415
65.99,1.94,34.01,1722816000.0,48888.0,54003.1,58286.9,58144.5,1281982.025
65.2,1.87,34.8,1722902400.0,53925.3,55991.2,56999.9,54003.5,435953.439
60.46,1.53,39.54,1722988800.0,54519.8,55102.9,57699.0,55991.3,377442.54
60.18,1.51,39.82,1723075200.0,54672.4,61659.8,62737.2,55102.9,470117.508
60.0,1.5,40.0,1723161600.0,59500.0,60808.6,61726.0,61659.8,308674.339
61.03,1.57,38.97,1723248000.0,60208.5,60889.9,61450.0,60808.6,115593.354
58.94,1.44,41.06,1723334400.0,58255.4,58693.1,62000.0,60889.8,202539.076
58.84,1.43,41.16,1723420800.0,57615.0,59323.6,60666.0,58693.1,367126.29
59.47,1.47,40.53,1723507200.0,58360.0,60550.5,61545.0,59323.7,255934.721
58.17,1.39,41.83,1723593600.0,58367.2,58648.1,61839.7,60550.4,295662.808
55.63,1.25,44.37,1723680000.0,55969.0,57511.0,59820.0,58648.1,360815.946
53.52,1.15,46.48,1723766400.0,57062.1,58854.9,59780.2,57511.1,268756.529
52.09,1.09,47.91,1723852800.0,58769.4,59468.5,59690.2,58854.9,77085.532
52.45,1.1,47.55,1723939200.0,58352.0,58390.0,60250.0,59468.5,149660.264
52.62,1.11,47.38,1724025600.0,57750.0,59398.5,59585.4,58390.1,214043.139
52.9,1.12,47.1,1724112000.0,58501.1,58982.9,61386.0,59398.4,287049.13
54.05,1.18,45.95,1724198400.0,58728.9,61120.0,61793.9,58982.7,270583.679
53.06,1.13,46.94,1724284800.0,59677.6,60349.9,61392.0,61120.0,211098.959
52.24,1.09,47.76,1724371200.0,60301.5,64019.9,65000.0,60349.9,382490.709
51.68,1.07,48.32,1724457600.0,63522.7,64116.5,64472.5,64020.0,132741.902
51.82,1.08,48.18,1724544000.0,63731.3,64190.2,65175.4,64116.6,115546.888
51.28,1.05,48.72,1724630400.0,62750.2,62807.6,64455.8,64190.1,195977.222
52.21,1.09,47.79,1724716800.0,57928.2,59384.5,63196.0,62807.7,339269.805
52.97,1.13,47.03,1724803200.0,57820.0,59010.0,60197.8,59384.4,313788.567
50.89,1.04,49.11,1724889600.0,58655.0,59323.2,61144.9,59010.0,233896.685
50.97,1.04,49.03,1724976000.0,57525.0,59096.3,59914.9,59323.3,268276.469
51.6,1.07,48.4,1725062400.0,58700.0,58941.9,59436.0,59096.4,68866.674
51.81,1.08,48.19,1725148800.0,57123.0,57268.1,59052.7,58941.9,222909.914
51.9,1.08,48.1,1725235200.0,57093.0,59112.1,59412.3,57268.1,201218.384
50.94,1.04,49.06,1725321600.0,57320.0,57451.9,59790.0,59112.2,230196.497
52.79,1.12,47.21,1725408000.0,55555.0,57944.8,58500.0,57452.0,326983.311
52.17,1.09,47.83,1725494400.0,55600.0,56145.7,58318.9,57944.8,294703.592
53.89,1.17,46.11,1725580800.0,52510.8,53927.7,57000.0,56145.7,479063.113
54.02,1.18,45.98,1725667200.0,53725.0,54134.9,54820.2,53927.7,127686.594
53.19,1.14,46.81,1725753600.0,53596.5,54839.6,55300.0,54134.9,162078.536
51.33,1.06,48.67,1725840000.0,54557.0,57010.0,58153.2,54839.6,313094.361
50.74,1.03,49.26,1725926400.0,56361.0,57609.1,58033.2,57010.1,228317.676
50.1,1.0,49.9,1726012800.0,55515.2,57306.0,57954.4,57609.2,338231.445
49.85,0.99,50.15,1726099200.0,57283.1,58097.0,58606.6,57305.6,261449.688
49.25,0.97,50.75,1726185600.0,57594.0,60456.2,60597.0,58097.1,277429.492
47.57,0.91,52.43,1726272000.0,59360.1,59964.0,60572.9,60456.2,102580.577
48.67,0.95,51.33,1726358400.0,58654.0,59100.5,60369.4,59963.9,130524.206
48.41,0.94,51.59,1726444800.0,57446.3,58187.0,59182.2,59100.5,250699.432
50.3,1.01,49.7,1726531200.0,57588.8,60281.0,61345.0,58187.0,318442.066
48.88,0.96,51.12,1726617600.0,59138.0,61735.3,61765.0,60281.0,355729.312
49.07,0.96,50.93,1726704000.0,61534.0,62926.9,63830.1,61735.3,302382.412
48.38,0.94,51.62,1726790400.0,62320.0,63175.7,64126.7,62926.9,257172.835
49.96,1.0,50.04,1726876800.0,62714.2,63320.6,63546.9,63175.8,78248.362
50.44,1.02,49.56,1726963200.0,62339.0,63558.4,64000.0,63320.6,149129.884
51.47,1.06,48.53,1727049600.0,62534.4,63302.0,64724.8,63558.5,234343.564
50.83,1.03,49.17,1727136000.0,62688.2,64243.1,64666.0,63302.1,236987.628
50.34,1.01,49.66,1727222400.0,62910.0,63118.4,64800.0,64243.2,184950.772
52.17,1.09,47.83,1727308800.0,62634.4,65139.2,65800.0,63118.3,321186.356
52.61,1.11,47.39,1727395200.0,64788.0,65749.6,66450.0,65139.1,226404.021
52.66,1.11,47.34,1727481600.0,65368.1,65822.6,66237.0,65749.5,92773.553
52.53,1.11,47.47,1727568000.0,65400.0,65568.1,66059.3,65822.7,88131.799
52.07,1.09,47.93,1727654400.0,62825.0,63309.1,65588.8,65568.2,296848.373
54.51,1.2,45.49,1727740800.0,60128.2,60776.8,64092.6,63309.0,429817.835
57.28,1.34,42.72,1727827200.0,59934.9,60622.6,62355.0,60776.7,327001.805
54.63,1.2,45.37,1727913600.0,59815.0,60727.2,61452.6,60622.7,286137.212
54.41,1.19,45.59,1728000000.0,60434.1,62054.4,62457.1,60727.1,234795.836
53.15,1.13,46.85,1728086400.0,61648.0,62023.1,62344.0,62054.3,74330.781
52.99,1.13,47.01,1728172800.0,61778.9,62789.3,62961.5,62023.1,96413.453
52.87,1.12,47.13,1728259200.0,62091.8,62190.7,64448.2,62789.2,298949.375
52.61,1.11,47.39,1728345600.0,61836.0,62131.7,63178.7,62190.6,226276.359
53.59,1.16,46.41,1728432000.0,60251.9,60606.4,62520.9,62131.8,217302.173
54.17,1.18,45.83,1728518400.0,58900.0,60293.2,61297.0,60606.3,262947.653
54.12,1.18,45.88,1728604800.0,60057.8,62509.0,63400.0,60293.3,263691.142
49.57,0.98,50.43,1728691200.0,62458.0,63176.0,63462.6,62509.0,102784.406
49.89,1.0,50.11,1728777600.0,62020.0,62839.8,63260.0,63176.0,129696.156
50.26,1.01,49.74,1728864000.0,62420.0,66064.9,66533.0,62839.7,338251.601
52.79,1.12,47.21,1728950400.0,64771.7,67044.1,67953.7,66064.9,422005.511
54.53,1.2,45.47,1729036800.0,66724.2,67592.0,68400.0,67044.0,254153.501
53.5,1.15,46.5,1729123200.0,66600.0,67401.5,67925.9,67592.0,220272.837
56.03,1.27,43.97,1729209600.0,67165.0,68407.8,69000.0,67401.5,245301.761
55.64,1.25,44.36,1729296000.0,68000.0,68357.1,68684.9,68407.8,68632.108
56.01,1.27,43.99,1729382400.0,68069.8,69020.1,69425.8,68357.1,105939.492
55.67,1.26,44.33,1729468800.0,66865.9,67368.8,69566.0,69020.2,253437.333
57.93,1.38,42.07,1729555200.0,66536.5,67406.4,67825.0,67368.7,218518.977
58.01,1.38,41.99,1729641600.0,65222.3,66647.2,67449.0,67406.5,248215.058
59.11,1.45,40.89,1729728000.0,66482.0,68173.8,68842.5,66647.3,212340.722
58.27,1.4,41.73,1729814400.0,65557.2,66662.8,68748.0,68173.8,348511.871
57.91,1.38,42.09,1729900800.0,66414.1,67071.8,67450.0,66662.7,94169.992
57.7,1.36,42.3,1729987200.0,66909.4,67992.6,68306.1,67071.9,88468.808
57.76,1.37,42.24,1730073600.0,67584.2,69940.0,70331.0,67992.7,256128.622
57.24,1.34,42.76,1730160000.0,69733.0,72739.5,73660.0,69939.9,382502.06
58.63,1.42,41.37,1730246400.0,71444.2,72349.0,72984.9,72739.5,227108.808
59.33,1.46,40.67,1730332800.0,69705.0,70321.9,72720.3,72349.0,256485.328
61.71,1.61,38.29,1730419200.0,68822.5,69495.5,71650.0,70321.9,352591.088
62.2,1.65,37.8,1730505600.0,69022.8,69366.6,69913.1,69495.4,79314.105
62.26,1.65,37.74,1730592000.0,67446.6,68762.5,69393.7,69366.6,226477.376
63.02,1.7,36.98,1730678400.0,66810.0,67834.3,69495.3,68762.5,244912.166
64.72,1.83,35.28,1730764800.0,67454.2,69353.1,70537.4,67834.4,273070.87
63.09,1.71,36.91,1730851200.0,69272.7,75579.9,76420.0,69353.1,677440.286
59.63,1.48,40.37,1730937600.0,74450.0,75859.4,76900.0,75579.9,280675.033
58.3,1.4,41.7,1731024000.0,75576.3,76482.2,77182.9,75859.4,230370.324
56.32,1.29,43.68,1731110400.0,75683.2,76675.1,76920.0,76482.2,117754.034
56.76,1.31,43.24,1731196800.0,76501.1,80410.0,81699.8,76675.1,417426.899
59.65,1.48,40.35,1731283200.0,80261.2,88728.9,89800.0,80409.9,614141.662
62.17,1.64,37.83,1731369600.0,85159.9,87972.0,90070.1,88729.0,639481.584
64.41,1.81,35.59,1731456000.0,86180.0,90413.3,93421.1,87972.0,555288.297
62.45,1.66,37.55,1731542400.0,86714.0,87382.7,91846.1,90413.3,364621.68
62.1,1.64,37.9,1731628800.0,87111.0,91074.6,91921.5,87382.6,314431.908
62.26,1.65,37.74,1731715200.0,90120.0,90643.3,91849.8,91074.6,129023.447
62.76,1.69,37.24,1731801600.0,88736.1,89899.9,91539.6,90643.2,167504.792
62.09,1.64,37.91,1731888000.0,89422.1,90507.4,92700.0,89900.0,333557.11
61.32,1.59,38.68,1731974400.0,90405.6,92335.9,93985.9,90507.4,303532.031
61.24,1.58,38.76,1732060800.0,91500.0,94288.0,94849.0,92335.9,290044.227
58.95,1.44,41.05,1732147200.0,94008.7,98366.8,99100.0,94288.0,418383.136
59.04,1.44,40.96,1732233600.0,97199.9,98921.4,99660.0,98366.8,265774.067
58.41,1.4,41.59,1732320000.0,97173.5,97725.5,98937.3,98921.5,120358.422
57.73,1.37,42.27,1732406400.0,95822.1,97960.4,98666.0,97725.6,173118.84
58.16,1.39,41.84,1732492800.0,92666.0,93064.0,98999.0,97960.5,329375.021
60.82,1.55,39.18,1732579200.0,90866.4,92021.4,95064.0,93064.0,344929.233
63.17,1.72,36.83,1732665600.0,91864.0,95905.2,97250.0,92021.5,237005.987
60.39,1.53,39.61,1732752000.0,94700.1,95694.4,96627.6,95905.2,154007.026
61.21,1.58,38.79,1732838400.0,95404.5,97516.3,98713.3,95694.4,190520.949
61.18,1.58,38.82,1732924800.0,96150.0,96475.1,97522.1,97516.2,93074.218
62.11,1.64,37.89,1733011200.0,95736.5,97265.1,97933.0,96475.2,113222.99
61.96,1.63,38.04,1733097600.0,94400.0,95890.5,98266.0,97265.0,257613.911
61.09,1.57,38.91,1733184000.0,93605.0,95913.3,96375.0,95890.6,206601.98
62.27,1.65,37.73,1733270400.0,94650.8,98669.8,99099.9,95913.3,275949.205
60.97,1.56,39.03,1733356800.0,90200.0,97001.5,104630.4,98669.8,580277.391
66.14,1.95,33.86,1733443200.0,96429.5,99802.5,101988.8,97001.6,282369.608
61.36,1.59,38.64,1733529600.0,98876.9,99899.2,100499.0,99802.5,95858.658
63.41,1.73,36.59,1733616000.0,98709.4,101200.0,101457.9,99899.2,109755.676
62.81,1.69,37.19,1733702400.0,94039.7,97349.1,101300.0,101200.1,326973.59
64.39,1.81,35.61,1733788800.0,94265.5,96602.4,98320.6,97349.1,291490.744
63.95,1.77,36.05,1733875200.0,95650.0,101115.3,101880.0,96602.3,221807.705
62.82,1.69,37.18,1733961600.0,99280.2,99982.4,102538.4,101115.3,215219.075
64.88,1.85,35.12,1734048000.0,99149.6,101371.9,101869.5,99982.3,152437.318
62.36,1.66,37.64,1734134400.0,100559.8,101381.0,102638.0,101371.9,107680.549
63.14,1.71,36.86,1734220800.0,101200.1,104460.4,105374.6,101381.0,157733.916
62.21,1.65,37.79,1734307200.0,103264.6,106023.2,107777.0,104460.5,274395.756
62.38,1.66,37.62,1734393600.0,105252.0,106074.6,108366.8,106023.2,197773.912
61.62,1.61,38.38,1734480000.0,99951.1,100181.1,106484.6,106074.6,328581.935
63.17,1.72,36.83,1734566400.0,95681.2,97434.4,102756.7,100181.2,372968.463
63.87,1.77,36.13,1734652800.0,92272.6,97764.4,98243.0,97434.3,396188.795
67.85,2.11,32.15,1734739200.0,96375.0,97261.8,99485.0,97764.5,161258.48
68.14,2.14,31.86,1734825600.0,94200.0,95153.5,97437.9,97261.7,148114.735
68.71,2.2,31.29,1734912000.0,92464.4,94861.1,96499.0,95153.4,247211.855
68.96,2.22,31.04,1734998400.0,93525.6,98627.2,99450.0,94861.0,211610.632
66.82,2.01,33.18,1735084800.0,97570.0,99379.7,99580.7,98626.9,124696.892
66.82,2.01,33.18,1735171200.0,95153.0,95751.0,99950.0,99379.6,194857.651
68.05,2.13,31.95,1735257600.0,93440.0,94258.9,97564.5,95750.9,206008.243
68.8,2.21,31.2,1735344000.0,94100.0,95259.1,95700.0,94258.9,67991.349
67.93,2.12,32.07,1735430400.0,92961.8,93700.0,95300.0,95259.1,95047.934
67.54,2.08,32.46,1735516800.0,91510.0,92759.3,95031.6,93699.9,222343.593
67.98,2.12,32.02,1735603200.0,92000.0,93548.9,96254.3,92759.3,178648.116
67.88,2.11,32.12,1735689600.0,92796.5,94580.9,95161.2,93548.8,91236.66
67.83,2.11,32.17,1735776000.0,94357.4,96967.5,97822.4,94580.9,181645.495
67.01,2.03,32.99,1735862400.0,96061.5,98145.7,98949.0,96967.6,125220.674
67.9,2.12,32.1,1735948800.0,97438.2,98173.2,98760.9,98145.7,71914.634
68.14,2.14,31.86,1736035200.0,97227.0,98340.2,98852.6,98173.2,74949.289
67.58,2.09,32.42,1736121600.0,97872.6,102180.4,102444.0,98340.2,207493.329
65.87,1.93,34.13,1736208000.0,96153.0,96920.3,102762.1,102180.5,258711.309
68.87,2.21,31.13,1736294400.0,92500.0,95014.1,97242.2,96920.2,262012.113
69.73,2.3,30.27,1736380800.0,91055.8,92505.9,95358.7,95014.0,257760.902
67.75,2.1,32.25,1736467200.0,92173.6,94675.5,95882.5,92506.0,261942.954
65.87,1.93,34.13,1736553600.0,93802.1,94562.5,94988.0,94675.6,64661.763
65.96,1.94,34.04,1736640000.0,93661.1,94499.9,95444.0,94562.4,77298.133
65.6,1.91,34.4,1736726400.0,88909.0,94485.3,95934.5,94499.9,361150.49
65.49,1.9,34.51,1736812800.0,94305.4,96514.9,97353.9,94485.4,212859.661
65.04,1.86,34.96,1736899200.0,96450.2,100460.0,100658.9,96514.9,222417.566
63.8,1.76,36.2,1736985600.0,97293.6,99937.4,100850.0,100460.0,216802.52
64.39,1.81,35.61,1737072000.0,99902.0,104042.5,105784.0,99937.4,249449.969
60.83,1.55,39.17,1737158400.0,102242.8,104524.3,104962.1,104042.6,167940.092
64.1,1.79,35.9,1737244800.0,99600.0,101311.5,106450.0,104524.3,280949.178
65.83,1.93,34.17,1737331200.0,99501.0,102247.6,110000.0,101311.5,530508.18
68.48,2.17,31.52,1737417600.0,100097.2,106114.5,107241.6,102247.7,273296.828
65.94,1.94,34.06,1737504000.0,103211.6,103664.9,106390.0,106115.4,151243.528
67.81,2.11,32.19,1737590400.0,101211.0,103864.1,106840.2,103664.9,418154.019
65.46,1.9,34.54,1737676800.0,102680.0,104808.1,107076.5,103864.0,165746.95
64.45,1.81,35.55,1737763200.0,104040.6,104702.0,105274.7,104808.0,65630.163
65.23,1.88,34.77,1737849600.0,102450.3,102560.1,105496.9,104702.0,75787.087
65.77,1.92,34.23,1737936000.0,97680.0,102021.3,103216.5,102560.0,325689.874
66.33,1.97,33.67,1738022400.0,100235.0,101279.6,103797.0,102021.3,169917.261
65.45,1.89,34.55,1738108800.0,101269.7,103698.2,104755.0,101279.7,169989.952
64.26,1.8,35.74,1738195200.0,103224.5,104676.9,106450.0,103698.1,136967.4
63.93,1.77,36.07,1738281600.0,101509.0,102379.7,106000.0,104676.9,172237.817
68.01,2.13,31.99,1738368000.0,100215.0,100603.6,102734.9,102379.8,90863.091
66.57,1.99,33.43,1738454400.0,96029.6,97664.5,101426.0,100603.6,232934.693
66.13,1.95,33.87,1738540800.0,91130.3,101293.7,102456.0,97664.5,455088.034
64.85,1.85,35.15,1738627200.0,96100.0,97709.9,101729.3,101293.6,262746.203
69.89,2.32,30.11,1738713600.0,96106.1,96553.2,99124.2,97710.0,151379.666
67.03,2.03,32.97,1738800000.0,95613.5,96515.1,99093.0,96553.2,161521.013
67.33,2.06,32.67,1738886400.0,95555.0,96454.5,100112.4,96515.0,223373.629
65.02,1.86,34.98,1738972800.0,95600.0,96411.9,96850.0,96454.5,69050.432
65.45,1.89,34.55,1739059200.0,94650.1,96423.6,97301.7,96412.0,101177.286
66.84,2.02,33.16,1739145600.0,95200.1,97379.2,98328.0,96423.6,132932.545
67.11,2.04,32.89,1739232000.0,94814.3,95731.4,98482.2,97379.2,154832.904
65.71,1.92,34.29,1739318400.0,94003.9,97816.3,98090.9,95731.4,202448.079
66.73,2.01,33.27,1739404800.0,95160.1,96560.6,98053.8,97816.3,142240.526
66.13,1.95,33.87,1739491200.0,96225.7,97445.1,98792.8,96560.6,144452.957
65.55,1.9,34.45,1739577600.0,97170.0,97538.0,97941.2,97445.2,47418.593
65.5,1.9,34.5,1739664000.0,96002.0,96067.0,97665.8,97538.0,56684.873
65.66,1.91,34.34,1739750400.0,95150.6,95743.2,97000.0,96067.0,105576.986
65.24,1.88,34.76,1739836800.0,93321.6,95622.0,96737.3,95743.1,179173.362
64.96,1.85,35.04,1739923200.0,95012.5,96598.0,96878.7,95622.0,124996.873
66.83,2.02,33.17,1740009600.0,96366.0,98252.9,98662.1,96597.9,129180.172
63.22,1.72,36.78,1740096000.0,94830.4,96127.9,99431.5,98252.8,250618.273
67.98,2.12,32.02,1740182400.0,95701.9,96503.3,96988.0,96128.0,65792.15
65.91,1.93,34.09,1740268800.0,95180.2,96218.4,96602.9,96503.3,69298.691
63.82,1.76,36.18,1740355200.0,91300.0,91514.5,96470.0,96218.4,217488.75
62.71,1.68,37.29,1740441600.0,86020.4,88639.1,92500.0,91514.5,472296.502
65.15,1.87,34.85,1740528000.0,82222.0,84208.5,89367.1,88639.1,401141.821
67.45,2.07,32.55,1740614400.0,82667.0,84668.1,87066.0,84208.6,269408.53
67.3,2.06,32.7,1740700800.0,78200.2,84299.6,85084.5,84668.2,536343.231
66.11,1.95,33.89,1740787200.0,83779.0,86007.7,86516.5,84299.6,146996.671
65.29,1.88,34.71,1740873600.0,85015.0,94222.8,94971.0,86007.7,364711.538
64.21,1.79,35.79,1740960000.0,85029.0,86192.7,94373.4,94222.0,436032.402
66.98,2.03,33.02,1741046400.0,81200.0,87245.9,88931.0,86193.3,432434.798
66.5,1.99,33.5,1741132800.0,86328.0,90566.1,91000.0,87245.9,279001.09
65.43,1.89,34.57,1741219200.0,87790.5,89887.8,92780.3,90566.1,303058.632
68.31,2.16,31.69,1741305600.0,84600.0,86753.8,91257.7,89887.9,452474.195
67.67,2.09,32.33,1741392000.0,85108.0,86184.7,86876.5,86753.8,96106.187
65.59,1.91,34.41,1741478400.0,79933.4,80688.8,86470.6,86184.7,221609.348
66.13,1.95,33.87,1741564800.0,77410.1,78567.8,84031.5,80690.7,416386.797
65.53,1.9,34.47,1741651200.0,76560.0,82896.0,83600.0,78567.8,390779.169
65.64,1.91,34.36,1741737600.0,80578.5,83640.7,84487.0,82896.0,306171.124
65.98,1.94,34.02,1741824000.0,79903.4,81085.4,84307.1,83640.7,247960.052
67.22,2.05,32.78,1741910400.0,80772.0,83939.8,85270.2,81085.5,233544.708
63.86,1.77,36.14,1741996800.0,83564.5,84302.9,84625.0,83939.9,76674.97
63.48,1.74,36.52,1742083200.0,81925.6,82541.6,85136.0,84303.0,174630.7
66.06,1.95,33.94,1742169600.0,82384.0,83962.9,84727.1,82541.6,182662.082
64.3,1.8,35.7,1742256000.0,81113.5,82666.1,83979.8,83963.0,188897.749
66.22,1.96,33.78,1742342400.0,82501.8,86809.8,86990.0,82666.2,251961.741
63.51,1.74,36.49,1742428800.0,83613.6,84183.6,87500.0,86809.8,242943.492
67.18,2.05,32.82,1742515200.0,83122.0,84050.3,84813.6,84183.6,144422.271
65.67,1.91,34.33,1742601600.0,83589.5,83804.9,84509.0,84050.3,52218.652
65.73,1.92,34.27,1742688000.0,83761.2,86044.2,86110.9,83804.9,90899.873
64.22,1.8,35.78,1742774400.0,85478.3,87463.4,88752.0,86044.1,210907.484
61.69,1.61,38.31,1742860800.0,86260.0,87369.8,88500.0,87463.4,173505.289
59.35,1.46,40.65,1742947200.0,85816.3,86873.8,88270.2,87369.9,187956.695
61.42,1.59,38.58,1743033600.0,85724.5,87191.2,87722.4,86873.9,163451.689
60.02,1.5,39.98,1743120000.0,83531.7,84380.8,87470.0,87191.2,222284.56
63.07,1.71,36.93,1743206400.0,81601.0,82604.7,84589.7,84380.8,135513.705
62.27,1.65,37.73,1743292800.0,81501.4,82352.8,83490.0,82604.8,109565.925
62.34,1.66,37.66,1743379200.0,81222.0,82517.5,83895.8,82353.1,212064.576
61.98,1.63,38.02,1743465600.0,82383.3,85120.9,85595.5,82517.5,197263.176
