t,h,l,c,o,close,high,low,open,volume
1582761600.0,20012.48,18511.56,18511.56,20012.48,8828.0,8978.0,8533.9,8793.96,200638.488
1582848000.0,22048.25,18323.37,20647.05,18326.62,8699.57,8908.86,8450.0,8827.12,196066.11
1582934400.0,21552.99,20653.31,21070.65,20817.13,8531.98,8799.83,8530.0,8699.86,103524.685
1583020800.0,22516.55,20424.66,21188.33,21115.82,8537.84,8762.24,8409.0,8532.5,174332.916
1583107200.0,21377.91,19959.37,19959.37,21377.91,8919.7,8972.0,8504.95,8537.84,160294.484
1583193600.0,21517.98,19455.04,20083.77,19845.61,8765.0,8922.34,8657.41,8919.7,160123.605
1583280000.0,21408.66,20068.13,20976.91,20076.56,8756.93,8853.88,8669.23,8765.0,105462.12
1583366400.0,22038.12,20923.64,21679.99,20976.72,9062.81,9172.3,8755.98,8755.98,161840.623
1583452800.0,24020.89,21347.79,23256.76,21705.25,9139.48,9179.75,8994.14,9062.62,115011.583
1583539200.0,23773.47,22918.96,22961.33,23296.07,8897.18,9204.0,8850.0,9139.77,125804.999
1583625600.0,23382.32,19226.3,19642.27,23151.3,8038.46,8897.71,7997.7,8895.62,237407.028
1583712000.0,21153.97,18078.88,19950.2,19135.96,7932.15,8182.31,7635.21,8038.99,334399.107
1583798400.0,20838.58,19072.37,19072.37,19845.62,7897.66,8156.31,7733.0,7932.45,257068.702
1583884800.0,21759.4,18291.36,19829.76,18982.44,7938.39,7988.0,7593.29,7898.21,220537.381
1583971200.0,21254.26,14288.98,16597.3,19873.47,4764.65,7969.0,4347.0,7938.39,784747.02
1584057600.0,17574.58,13636.41,14059.54,14969.62,5570.26,5971.0,3621.81,4762.28,935489.242
1584144000.0,15470.71,13724.15,15085.87,14270.76,5167.01,5638.42,5040.0,5569.84,316242.586
1584230400.0,17564.28,15027.12,15711.22,15027.12,5357.32,5954.47,5089.12,5167.21,356311.765
1584316800.0,18489.98,15894.92,17097.99,15894.92,5026.26,5361.26,4413.62,5354.81,621555.792
1584403200.0,18697.72,16328.44,18135.47,17083.75,5307.38,5529.98,4913.49,5027.11,429908.098
1584489600.0,20439.34,17910.91,19611.93,17910.91,5389.64,5435.0,4982.75,5306.42,402005.703
1584576000.0,21683.46,19226.27,19592.52,20066.13,6159.6,6400.0,5246.5,5389.94,499391.19
1584662400.0,19772.4,15119.7,15119.7,19270.67,6203.77,6911.0,5650.0,6159.41,571898.016
1584748800.0,18232.08,15178.06,17739.25,15178.06,6183.69,6457.17,5854.01,6204.47,387679.649
1584835200.0,20686.65,17898.04,19305.1,17972.4,5810.17,6408.91,5730.35,6183.84,391002.795
1584921600.0,21013.7,17781.24,18001.44,19885.02,6463.84,6619.9,5670.0,5810.3,489746.087
1585008000.0,20236.63,17885.35,18396.18,18363.86,6741.33,6840.0,6369.0,6463.21,437968.553
1585094400.0,18818.53,17386.95,18449.04,17950.36,6673.41,6960.71,6436.26,6740.86,400684.542
1585180800.0,19495.61,17969.59,19495.61,18211.17,6733.76,6777.5,6500.0,6673.57,281245.628
1585267200.0,21867.97,19491.03,21296.02,19696.68,6353.64,6840.0,6230.0,6733.76,258213.519
1585353600.0,23749.57,20927.64,22761.33,20927.64,6230.95,6354.74,6004.0,6353.64,341944.185
1585440000.0,25404.16,22570.98,24449.48,22717.44,5876.27,6260.0,5857.6,6231.81,251335.919
1585526400.0,25071.13,23476.95,23476.95,24214.31,6391.08,6606.15,5850.0,5876.27,387321.998
1585612800.0,26352.45,22997.59,26352.45,23294.8,6407.1,6516.63,6320.0,6389.52,262522.644
1585699200.0,29336.9,26066.41,27633.82,26378.7,6641.51,6693.0,6140.0,6407.1,390529.602
1585785600.0,27263.7,22208.51,22558.34,26013.1,6791.63,7290.0,6542.73,6641.22,531321.428
1585872000.0,23424.25,22010.34,22222.33,22046.64,6729.8,7049.11,6600.0,6791.65,411944.927
1585958400.0,25480.59,22326.19,23477.81,22326.19,6851.1,7020.0,6629.99,6729.8,319849.757
1586044800.0,25314.57,23364.69,24335.72,23426.02,6768.9,6893.44,6668.02,6851.4,239224.508
1586131200.0,29294.65,24204.68,29107.75,24694.79,7325.73,7370.0,6760.0,6768.9,461331.013
1586217600.0,29669.66,26105.79,26105.79,29669.66,7192.9,7457.0,7070.43,7325.73,419572.04
1586304000.0,27161.03,25031.33,26511.12,25846.16,7357.66,7417.83,7145.14,7192.9,332599.575
1586390400.0,28044.26,26335.23,28044.26,26335.23,7278.65,7365.69,7105.98,7357.15,293638.581
1586476800.0,29697.06,26918.6,28176.19,27966.68,6857.82,7290.0,6741.0,7278.83,440148.453
1586563200.0,30568.85,28764.12,29357.44,28779.74,6874.18,6944.28,6757.29,6858.0,224157.844
1586649600.0,32698.43,28712.74,30130.84,29039.2,6900.52,7173.98,6775.66,6874.17,321594.822
1586736000.0,31226.4,29179.31,29577.89,29222.86,6834.0,6900.99,6558.0,6900.19,421954.773
1586822400.0,32818.01,29664.28,31656.98,29664.28,6864.11,6975.6,6751.0,6834.01,280445.427
1586908800.0,35450.68,31191.18,34997.39,31516.48,6616.89,6929.0,6602.59,6864.11,281136.689
1586995200.0,35884.42,30446.68,30882.71,35845.29,7098.15,7190.92,6465.33,6616.88,559868.603
1587081600.0,32478.33,30224.03,31692.09,30575.25,7022.44,7140.0,6981.0,7098.15,277339.601
1587168000.0,34379.28,31774.97,33799.5,31912.28,7242.42,7290.0,7008.11,7022.0,225807.171
1587254400.0,33548.24,32314,33242.92,33548.24,7118.03,7258.42,7055.0,7242.49,216975.114
1587340800.0,35406.93,33223.76,33640.92,33223.76,6825.29,7208.55,6735.95,7118.04,445104.981
1587427200.0,35874.18,33683.78,34876.52,34116.02,6838.0,6940.0,6759.16,6825.28,288024.528
1587513600.0,36974.3,34801,34801,34808.13,7120.06,7154.9,6812.57,6838.0,306482.163
1587600000.0,36530.1,27605.36,28135.08,35284.54,7483.35,7802.38,7020.0,7120.06,472510.047
1587686400.0,29969.4,27908.7,27908.7,28532.69,7504.11,7612.91,7388.0,7483.36,278378.368
1587772800.0,29254.92,27504.11,27978.15,27866.49,7534.01,7722.33,7433.0,7504.62,243266.807
1587859200.0,30389.43,27918.92,28996.74,28128.55,7694.17,7709.57,7476.86,7534.01,269921.936
1587945600.0,30217.63,27929.98,29260.68,28926.54,7774.0,7795.6,7623.98,7693.63,290336.169
1588032000.0,29573.31,29307.08,29390.98,29573.31,7735.75,7780.0,7662.49,7774.0,217652.761
1588118400.0,34883.76,25850.71,26168,31169.79,8784.2,8988.66,7710.0,7735.76,871197.569
1588204800.0,28867.33,25961.15,27734.42,26914.4,8624.76,9479.77,8400.0,8784.05,944211.711
1588291200.0,31882,27535.71,31092.54,28025.96,8830.52,9065.0,8619.84,8623.61,417820.386
1588377600.0,32909.66,29566.89,29566.89,30420.71,8975.18,9020.0,8755.01,8830.52,295769.728
1588464000.0,34043.36,29760.15,32711.19,29760.15,8900.0,9200.0,8727.24,8975.18,451322.713
1588550400.0,34368.56,31351.35,31351.35,33024.14,8873.98,8954.94,8526.0,8899.99,440135.307
1588636800.0,34241.25,30867.45,30867.45,31063.36,9022.78,9118.17,8766.12,8873.99,409920.13
1588723200.0,31930.92,31930.92,31909.85,31909.85,9148.27,9405.0,8916.01,9022.76,507753.8
1588809600.0,33961.01,31992.41,32778.42,33818.54,9995.0,10080.0,9022.0,9148.29,738920.219
1588896000.0,34794.53,32046.39,34170.86,33074.62,9807.49,10045.03,9726.0,9994.74,458034.211
1588982400.0,41946.87,34498.04,39487.27,34498.04,9550.67,9923.98,9528.23,9809.63,411941.957
1589068800.0,40109.46,25569.35,25963.23,40109.46,8719.53,9580.0,7940.0,9550.25,842909.031
1589155200.0,27934.63,25169.32,25169.32,25329.49,8561.09,9164.0,8151.12,8723.23,805164.964
1589241600.0,26563.66,24793.73,25257.9,25780.1,8808.71,8981.0,8520.43,8560.73,369716.041
1589328000.0,29572.79,25632.96,29364.65,25632.96,9305.91,9397.0,8790.04,8808.71,379719.0
1589414400.0,31414.07,28878.91,29666.1,29205.36,9786.8,9950.0,9250.66,9305.91,602528.438
1589500800.0,33733.37,29017.21,31396.48,29538.12,9310.73,9843.5,9100.0,9787.62,504107.096
1589587200.0,32943.56,31203.45,31952.63,31421.59,9374.99,9585.0,9210.03,9311.21,287768.201
1589673600.0,33285.63,31349.8,31349.8,32195.93,9678.57,9880.0,9317.16,9374.99,300859.34
1589760000.0,33623.24,31537.7,32650.96,31537.7,9731.1,9958.67,9450.0,9677.31,363732.37
1589846400.0,33142.28,31231.26,31231.26,32334.95,9773.64,9900.0,9462.0,9731.11,376313.845
1589932800.0,34715.04,31459.15,33360.16,31483.31,9508.11,9838.0,9281.42,9772.66,334423.59
1590019200.0,35553.86,32573.5,32813.22,33232.03,9060.0,9573.0,8812.2,9508.0,461439.193
1590105600.0,35101.89,32803.86,34503.33,32960.64,9166.4,9259.38,8920.0,9060.0,276008.073
1590192000.0,35229.29,34377.58,34443.8,34775.82,9176.41,9300.0,9076.9,9166.43,201589.66
1590278400.0,35408.53,33606.8,33792.13,34102.77,8711.37,9294.44,8674.0,9176.32,339643.378
1590364800.0,36491.45,33623.5,34885.86,33684.23,8895.65,8977.0,8623.38,8711.37,302980.106
1590451200.0,36134,34705.6,35140.08,34814.81,8837.05,9011.82,8693.18,8895.66,275619.158
1590537600.0,37658.83,34720.27,37396.36,35384.57,9197.32,9230.0,8811.0,8837.88,272253.998
1590624000.0,39436.1,36192.36,36192.36,37253.74,9569.59,9621.65,9110.97,9197.32,327412.374
1590710400.0,37242.61,35246,37007.03,35536,9422.26,9598.0,9317.42,9569.58,238691.299
1590796800.0,36940.87,33099.97,33099.97,36940.87,9695.0,9753.0,9326.01,9422.11,255234.058
1590883200.0,35330.06,33522.8,34617.39,33598.95,9446.43,9698.0,9371.76,9694.38,219829.356
1590969600.0,38114.64,34536.65,38114.64,34671.37,10232.48,10497.25,9420.85,9446.49,333740.457
1591056000.0,35943.72,25496.29,25496.29,32400.66,9514.9,10262.3,9264.15,10232.41,354168.517
1591142400.0,27965.16,25484.26,27965.16,25615.29,9663.59,9694.75,9382.33,9514.9,185389.412
1591228800.0,29637.09,27593.37,29229.77,27680.52,9788.33,9884.0,9440.0,9663.58,264515.319
1591315200.0,30359.98,28937.67,29480.03,29231.18,9617.29,9855.0,9580.52,9788.32,237103.042
1591401600.0,31415.94,29820.06,29820.06,29824.61,9664.0,9738.77,9528.0,9616.64,152526.703
1591488000.0,32851.11,29033.11,29632.46,29775.19,9743.92,9823.13,9373.0,9664.01,253986.313
1591574400.0,30980.4,29824.12,30765.71,29824.12,9778.87,9816.0,9631.0,9743.92,162086.419
1591660800.0,31135.74,27689.71,30022.99,31135.74,9771.66,9890.0,9550.03,9778.87,204422.819
1591747200.0,31343.37,29034.41,29543.24,30083.98,9884.99,10015.99,9681.21,9771.66,193628.149
1591833600.0,35976.3,29804.31,32091.18,29804.31,9278.03,9970.1,9055.07,9884.99,404046.613
1591920000.0,32454.13,30626.06,30626.06,32243.04,9458.91,9550.0,9238.0,9277.72,211611.34
1592006400.0,31394.48,30243.47,30596.26,30666.24,9468.54,9497.85,9340.0,9458.77,113449.075
1592092800.0,32994.7,30151.75,32065.89,30386.56,9339.61,9477.0,9240.97,9468.55,143978.523
1592179200.0,37129.46,32016.59,34473.91,32016.59,9422.01,9490.83,8888.43,9339.7,413865.727
1592265600.0,34872.74,32800.91,33418.99,34872.74,9519.12,9595.0,9370.0,9422.01,225713.247
1592352000.0,34972.14,32472.03,33989.06,33489.31,9458.45,9569.0,9231.03,9519.13,227477.39
1592438400.0,35926.22,34054.5,35917.27,34054.5,9381.59,9483.85,9272.41,9458.45,158349.247
1592524800.0,37453.99,35554.34,36119.97,35554.34,9307.0,9453.0,9239.0,9381.99,219510.059
1592611200.0,37727.28,36293.54,36293.54,36472.08,9354.04,9394.29,9165.0,9307.0,154462.29
1592697600.0,36808.51,35851.83,35898.67,36425.33,9293.51,9420.47,9279.0,9353.84,110599.558
1592784000.0,38259.25,35526.87,35868.51,36413.71,9686.99,9795.0,9273.0,9293.39,260561.647
1592870400.0,39578.78,36051.3,39271.66,36173.33,9631.66,9723.23,9585.0,9686.99,164673.499
1592956800.0,41514.34,39059.31,39306.19,39812.07,9298.4,9678.0,9210.0,9631.65,300450.251
1593043200.0,39653.92,36869.6,36869.6,39005.32,9246.75,9350.9,9005.0,9298.78,272566.502
1593129600.0,40834.9,36633.92,38738.23,37004.52,9159.99,9297.16,9038.52,9246.75,249348.67
1593216000.0,42762.4,38843.53,41655.87,38843.53,9008.0,9195.75,8816.4,9159.99,237840.165
1593302400.0,42146.89,40470.09,40972.29,41135.87,9114.0,9188.0,8932.68,9008.0,153842.891
1593388800.0,43307.94,40791.32,40791.32,41076.76,9189.48,9233.0,9022.0,9114.01,176660.525
1593475200.0,42342.07,40851.87,41615.1,40851.87,9138.87,9205.0,9063.97,9189.99,143469.832
1593561600.0,43085.21,41510.14,41606.66,41510.14,9233.29,9293.0,9090.0,9138.88,161642.185
1593648000.0,43110.73,40847.42,40847.42,41522.13,9087.72,9262.99,8936.0,9233.29,230747.519
1593734400.0,41148.96,40393.37,40661.2,40882.36,9057.52,9124.52,9036.06,9087.72,96947.338
1593820800.0,41692.92,40411.85,40967.64,40683.29,9137.18,9194.0,9042.84,9058.07,100215.438
1593907200.0,43254.78,39711.12,40175.14,40837.31,9071.86,9146.35,8900.0,9137.18,139545.566
1593993600.0,42901.28,39962.27,42290.88,40224.11,9339.6,9379.0,9058.1,9071.87,199643.828
1594080000.0,42808.58,41947.5,42256.1,42112.88,9258.51,9380.0,9201.23,9339.59,127833.975
1594166400.0,44388.12,41409.9,44388.12,42225.82,9436.08,9470.0,9233.47,9258.51,170243.001
1594252800.0,44929.58,41801.92,41801.92,44327.17,9236.28,9440.81,9164.33,9436.08,188355.856
1594339200.0,42857.69,41343.64,42326.42,41658.14,9288.39,9317.24,9121.42,9236.29,140849.874
1594425600.0,40942.08,40217.72,40754.21,40942.08,9233.5,9301.74,9178.91,9288.39,74976.521
1594512000.0,41175.67,39780.59,39780.59,40785.78,9300.69,9349.0,9155.0,9233.5,127841.882
1594598400.0,43335.31,40083.23,41686.11,40083.23,9241.2,9345.0,9200.0,9300.7,136117.659
1594684800.0,43873.82,40530.76,40530.76,41638.73,9254.17,9279.0,9116.0,9241.18,129704.278
1594771200.0,42895.37,40431.29,42275.52,40431.29,9197.3,9272.56,9156.0,9254.17,104107.708
1594857600.0,46761.05,42271.96,44408.95,42271.96,9132.0,9223.0,9044.02,9197.75,148089.45
1594944000.0,45495.42,44256.39,44801.8,44256.39,9151.69,9187.0,9087.0,9132.0,80940.584
1595030400.0,44709.59,43352.09,43523.71,44709.59,9171.8,9210.0,9121.98,9151.7,63233.596
1595116800.0,43979.42,43326.71,43859.03,43509.87,9210.51,9239.59,9108.0,9171.79,75554.579
1595203200.0,43872.1,42579.5,42586.75,43739.43,9161.13,9221.0,9131.01,9210.68,72429.691
1595289600.0,47422.44,42389.64,46355.82,42463.16,9388.01,9439.6,9152.62,9161.28,179211.347
1595376000.0,46698.26,43774.9,43774.9,46443.85,9518.25,9543.0,9272.0,9388.0,126598.902
1595462400.0,45522.2,42839.11,42967.51,43835.3,9604.41,9678.32,9439.86,9518.25,166990.147
1595548800.0,43085.09,41793.15,42261.19,42840.24,9539.7,9650.0,9470.0,9604.41,133975.068
1595635200.0,43419.21,40996.42,42661.96,42082.78,9701.49,9735.1,9526.31,9539.7,133377.589
1595721600.0,43238.17,36218.13,37109.76,42518.11,9939.69,10300.0,9655.2,9701.54,261998.786
1595808000.0,40347.28,37087.57,37656.27,37219.95,11047.58,11488.0,9928.61,9939.68,744752.4
1595894400.0,38607.76,36160.73,36441.45,36387.24,10919.94,11270.0,10580.0,11047.58,499486.679
1595980800.0,39392.81,35918.41,38776.88,36210.94,11113.03,11364.8,10844.34,10919.94,356188.761
1596067200.0,39879.11,38142.1,39304,38449.56,11111.96,11195.52,10826.55,11113.01,230327.988
1596153600.0,40791.45,37891.21,39129.2,38819.37,11343.68,11450.42,10971.78,11111.97,307399.731
1596240000.0,41428.16,38599.05,41034.87,39432.32,11811.42,11887.45,11201.0,11343.67,386322.642
1596326400.0,42280.59,31078.79,31449.68,40771.64,11079.72,12154.25,10490.0,11811.43,492803.351
1596412800.0,33578.34,31549.44,32548.22,31583.43,11227.07,11483.0,10923.0,11080.7,238654.591
1596499200.0,33703.75,30919.53,32306.95,31990.8,11200.05,11427.38,11025.0,11227.07,200044.934
1596585600.0,36078.7,32379.95,35133.95,32415.03,11752.5,11798.56,11103.0,11200.06,263510.011
1596672000.0,37991.14,35161.48,36452.03,35161.48,11770.56,11916.02,11571.78,11752.5,236459.595
1596758400.0,36704.4,32663.31,32663.31,36331.24,11596.06,11920.0,11318.93,11769.97,273935.127
1596844800.0,35455.89,32477.91,34266.51,32477.91,11765.72,11819.0,11513.69,11596.26,154707.303
1596931200.0,35747.21,33800.83,34716.79,33800.83,11685.99,11811.0,11526.9,11765.72,125463.463
1597017600.0,38566,34190.65,34502.51,34695.24,11896.89,12100.0,11384.9,11685.99,290418.014
1597104000.0,38811.33,34197.59,36170.63,34491.89,11392.64,11944.0,11127.0,11896.86,336861.638
1597190400.0,37171.15,35617.32,35728.61,36210.31,11568.36,11630.0,11140.0,11392.64,213799.491
1597276800.0,36141.69,34400.23,34400.23,35689.28,11790.0,11798.0,11272.0,11568.37,248214.725
1597363200.0,35155.31,34012.9,34012.9,34683.55,11767.89,11868.42,11644.6,11790.0,159019.959
1597449600.0,37004.21,33884.78,35781.76,33884.78,11859.04,11993.58,11682.0,11767.89,222262.987
1597536000.0,36009.55,34727.64,35036.05,35010.72,11921.23,11945.0,11688.0,11858.91,165733.721
1597622400.0,37360.92,34793.24,37360.92,35484.83,12298.06,12499.42,11780.0,11921.32,331435.112
1597708800.0,39306.22,36217.92,38362.51,36217.92,11960.79,12403.0,11810.0,12298.06,291349.888
1597795200.0,38727.41,36243.74,36243.74,37921.17,11763.87,12037.05,11574.78,11962.03,313267.066
1597881600.0,36479.54,35558.85,35719.18,36212.37,11857.92,11888.0,11676.03,11763.88,130981.044
1597968000.0,35515.87,34166.49,34166.49,35450.63,11538.53,11882.68,11491.0,11858.53,195106.536
1598054400.0,34630.42,33626.75,33626.75,34271.43,11670.47,11689.08,11385.06,11538.53,126696.73
1598140800.0,34362.81,33228.7,33537.2,33378.86,11654.0,11724.0,11522.15,11670.48,95608.033
1598227200.0,35575.13,33003.68,35154.17,33576.17,11753.3,11831.96,11595.0,11654.0,108781.125
1598313600.0,39564.4,34770.99,37961.58,35214.35,11327.17,11770.0,11130.0,11753.29,267234.771
1598400000.0,38082.63,35142.02,35382.74,37551.26,11466.22,11548.68,11255.95,11327.18,170305.024
1598486400.0,37247.37,34445.8,36259.07,35286.85,11335.53,11593.0,11130.82,11466.22,253778.342
1598572800.0,37193.68,35399.57,36721.8,36031.34,11526.85,11544.88,11283.19,11335.83,129477.627
1598659200.0,37177.33,36515.35,36736.88,36549.16,11466.66,11582.0,11419.34,11526.85,83715.229
1598745600.0,38070.98,36196.2,37689.21,36650.73,11714.14,11724.12,11457.88,11466.27,113266.672
1598832000.0,39334.87,37162.86,39285.49,37365.84,11658.11,11784.21,11575.78,11714.13,127272.378
1598918400.0,40982.19,38338.82,40055.94,39158.46,11930.18,12061.07,11531.34,11658.11,211680.828
1599004800.0,39835.64,35107.63,37300.22,39835.64,11396.96,11961.0,11156.0,11930.17,280411.964
1599091200.0,37970.6,34683.9,34697.99,37104.3,10141.08,11475.0,9901.16,11396.44,487812.737
1599177600.0,33939.62,30172.48,31606.71,30172.48,10448.0,10635.77,9878.65,10141.4,432563.841
1599264000.0,34186.82,31629.02,33074.53,31703.31,10168.71,10567.87,9808.58,10448.0,399307.282
1599350400.0,33814.32,32149.73,33695.23,32325.95,10258.13,10348.97,10003.0,10168.23,190207.654
1599436800.0,36345.28,33538.13,34143.39,33538.13,10378.76,10420.55,9879.68,10258.13,258476.949
1599523200.0,38171.24,34252.73,35713.83,34372.17,10129.02,10443.79,9842.01,10379.3,317802.322
1599609600.0,36035.84,34796.33,35028.06,35008.51,10219.29,10346.0,9981.13,10130.0,151222.689
1599696000.0,35560.19,34503.36,34507.95,34955.24,10335.91,10484.6,10211.67,10219.29,187667.873
1599782400.0,35853.52,34263.71,34469.12,34543.45,10387.81,10397.85,10200.8,10335.91,135929.303
1599868800.0,34485.91,33398.4,34485.91,34324.42,10438.28,10477.7,10271.0,10387.81,97429.037
1599955200.0,35475.39,32764.95,34975,34067.32,10327.72,10580.0,10209.01,10438.29,159021.843
1600041600.0,35172.05,33135.01,34234.51,34374.44,10664.1,10746.06,10241.57,10327.72,205260.236
1600128000.0,35197.68,33313.22,34834.99,33921.95,10776.78,10923.42,10592.0,10664.1,247657.23
1600214400.0,38017.43,33989.77,36526.13,34463.71,10948.17,11089.08,10661.9,10776.88,252881.019
1600300800.0,36573.28,34374.37,34510.74,36372.06,10935.33,11040.0,10740.0,10948.16,186484.361
1600387200.0,35091.74,34046.2,34046.2,34486.53,10926.29,11035.0,10810.1,10935.97,136028.351
1600473600.0,36608.02,34127.95,35995.73,34155,11073.74,11177.0,10880.0,10926.3,126239.232
1600560000.0,36725.6,34955.51,36725.6,36146.91,10914.28,11073.9,10751.0,11073.2,150450.562
1600646400.0,37951.45,35403.88,37184.12,36519.18,10414.73,10980.69,10281.0,10915.52,333047.145
1600732800.0,39524.57,37418.81,37739.45,37486.36,10523.32,10574.08,10353.1,10414.73,179900.686
1600819200.0,40688.65,37938.65,40525.71,37938.65,10237.91,10531.94,10132.21,10523.32,203027.542
1600905600.0,41072.34,36701.4,36701.4,40803.23,10724.92,10837.27,10191.0,10237.91,241646.573
1600992000.0,37403.66,36023.63,36597.95,37032.48,10683.51,10754.29,10551.56,10724.91,170930.773
1601078400.0,38290.84,36603.46,37805.89,36712.75,10726.5,10827.8,10642.23,10683.5,109340.491
1601164800.0,37862.91,36285.75,37571.32,37750.53,10768.0,10793.5,10584.0,10726.5,123440.716
1601251200.0,37509.78,35420.89,36019.37,37509.78,10691.45,11024.0,10627.19,10768.0,187105.377
1601337600.0,35833.98,33016.88,35687.6,33016.88,10836.98,10863.94,10631.49,10691.94,146888.319
1601424000.0,36315.43,34812.07,36221.07,35266.33,10773.0,10845.99,10660.05,10836.99,132834.116
1601510400.0,36959.19,35185.45,35446.52,35854.24,10612.63,10935.14,10442.0,10773.0,253619.622
1601596800.0,38307.39,35576.28,37493.87,35576.28,10565.15,10660.0,10371.03,10612.62,224747.037
1601683200.0,37858.4,37169.6,37329.15,37185.67,10537.96,10596.0,10491.11,10565.44,76315.911
1601769600.0,37603.86,36790.33,37259.86,37433.75,10660.16,10694.0,10514.0,10537.96,90912.105
1601856000.0,39528.31,36762.79,39528.31,37259.06,10785.0,10792.0,10608.9,10660.16,130589.137
1601942400.0,40962.8,37691.89,37708.44,39654.86,10593.65,10792.0,10510.66,10784.99,184895.25
1602028800.0,38525.23,37246.27,37892.39,37246.27,10658.75,10675.0,10540.29,10593.65,106700.522
1602115200.0,40372.93,37552.68,38867.86,37993.67,10919.45,10958.0,10523.0,10658.75,207938.861
1602201600.0,39545.32,37387.28,39052.99,38759.73,11050.47,11110.0,10818.44,10919.45,154336.818
1602288000.0,39640.77,37375.29,38838.19,39058.25,11294.79,11494.0,11050.46,11050.46,199398.012
1602374400.0,40004.23,37975.8,39282.71,38435.83,11369.59,11450.73,11273.77,11294.78,146323.076
1602460800.0,39928.69,38190.26,38769.21,39380.03,11530.36,11732.0,11157.0,11369.59,254217.203
1602547200.0,37705.36,36512.74,37046.88,37402.95,11419.36,11562.0,11308.0,11530.37,199115.115
1602633600.0,37818.15,36677.37,36728.28,37223.59,11417.13,11550.0,11280.5,11419.36,192936.97
1602720000.0,38246.26,36026.41,36594.54,36208.07,11502.0,11649.48,11250.0,11417.12,215260.399
1602806400.0,39069.07,36700.28,37752.92,36728.01,11318.92,11538.92,11175.0,11502.0,212339.085
1602892800.0,38346.2,36664.02,36799.15,37684.26,11356.25,11424.09,11250.0,11319.51,95892.966
1602979200.0,38173.04,36323.01,37998.92,36754.96,11501.1,11529.93,11342.54,11356.25,92472.191
1603065600.0,41601.16,37709.38,41500.67,38385.09,11745.0,11830.0,11404.01,11501.5,230161.648
1603152000.0,45893.57,41178.98,45519.75,41284.71,11900.03,12045.78,11673.0,11744.99,312811.802
1603238400.0,48431.45,45215.07,46461.72,45215.07,12796.07,13240.0,11876.0,11900.03,591963.069
1603324800.0,46823.94,44382.8,46489.12,44898.07,12968.87,13188.27,12675.5,12796.06,343851.666
1603411200.0,49317.13,45918.72,46964.13,46358.28,12925.82,13043.0,12725.04,12970.39,237042.526
1603497600.0,49818.92,46475.29,48780.29,46616.76,13110.88,13177.59,12871.07,12925.82,176146.631
1603584000.0,48952.19,43841.17,44282.25,48778.35,13023.81,13369.0,12715.0,13110.88,206012.652
1603670400.0,48135.14,44139.56,44384.67,44294.24,13047.24,13240.0,12729.0,13024.21,316503.296
1603756800.0,50952.74,44438.81,48509.09,44475.27,13629.38,13787.83,13041.3,13047.24,411509.506
1603843200.0,47655.4,41877.7,41889.9,47655.4,13256.17,13863.0,12876.0,13629.89,476993.789
1603929600.0,47705.53,41783,45410.48,42131.87,13446.65,13637.22,12965.0,13255.79,355352.336
1604016000.0,47385.36,44158.03,47385.36,45630.37,13549.12,13665.65,13100.0,13446.65,349890.573
1604102400.0,49508.77,46465.3,49508.77,47564.66,13783.73,14140.0,13403.36,13549.12,357853.23
1604188800.0,50127.32,48729.28,49386.79,49600.18,13752.86,13891.52,13605.9,13783.73,198395.231
1604275200.0,49655.4,47852.95,48053.53,49397.09,13540.54,13823.75,13195.0,13752.87,327991.768
1604361600.0,48306.07,46249.46,48290.32,47958.44,14016.55,14070.0,13276.33,13541.55,348730.51
1604448000.0,50374.04,48185.18,48849.53,48938.9,14134.31,14280.0,13512.0,14016.55,451433.42
1604534400.0,54064.21,46330.64,46330.64,49217.39,15598.75,15777.0,14088.01,14134.32,717489.697
1604620800.0,45951.39,43018.43,43395.34,45951.39,15590.96,15984.2,15177.0,15598.74,559380.06
1604707200.0,44187.13,39464.56,39464.56,44003.64,14824.34,15774.0,14350.0,15590.95,457582.681
1604793600.0,41777.98,39147.51,41153.76,39282.83,15473.2,15678.0,14710.0,14824.33,290616.393
1604880000.0,41995.99,39084.41,39084.41,41409.22,15328.72,15869.0,14822.0,15473.2,474181.983
1604966400.0,40422.91,39007.77,39608.28,39295.66,15294.68,15474.17,15071.0,15328.72,244073.495
1605052800.0,43764.5,39098.14,41825.17,39098.14,15690.24,16000.0,15274.89,15294.68,330772.852
1605139200.0,43967.67,41318.84,42697.09,41529.76,16289.02,16345.0,15437.7,15690.24,471759.126
1605225600.0,44674.57,42199.87,42199.87,43080.68,16320.54,16479.99,15955.6,16289.01,306656.359
1605312000.0,43481.97,41769.07,42385.18,42321.21,16064.51,16326.82,15700.0,16320.54,266206.937
1605398400.0,43222.37,41397.26,42861.12,41775.43,15952.27,16161.23,15768.0,16064.51,210318.453
1605484800.0,44935.29,42022.72,43475.49,42086.68,16707.07,16882.0,15862.0,15951.93,342459.329
1605571200.0,43794.07,41638.77,42381.07,43353.17,17670.01,17890.1,16550.0,16707.0,524094.697
1605657600.0,43124.68,39006.7,39006.7,42378.81,17788.32,18520.0,17215.03,17670.01,732937.097
1605744000.0,42150.85,39038.69,40313.34,39038.69,17811.68,18200.0,17347.27,17788.32,406500.977
1605830400.0,41700.4,39454.82,39730.04,40233.62,18664.31,18831.6,17748.92,17811.68,407926.802
1605916800.0,42782.69,38706.81,42782.69,39510.43,18721.99,18986.0,18302.08,18662.85,342412.49
1606003200.0,44790.64,42043.34,42408.16,42507.76,18435.2,18780.0,17645.98,18721.99,373779.417
1606089600.0,43736.74,39939.47,39939.47,42024.62,18382.07,18812.65,18013.97,18434.17,364221.378
1606176000.0,45428.59,39558.08,45195.52,39655.51,19179.64,19440.0,18000.0,18382.07,477968.289
1606262400.0,44545.97,42514.9,42534.15,44545.97,18741.67,19554.19,18509.12,19178.53,426276.99
1606348800.0,46197.33,34601.7,34961.22,44737.35,17155.34,18940.69,16181.0,18741.66,850692.856
1606435200.0,36350.34,34426.45,35061.51,35149.73,17144.1,17465.0,16444.83,17155.37,398072.933
1606521600.0,36241.8,34513.89,35407.63,35332.66,17717.74,17880.0,16865.78,17144.11,268833.749
1606608000.0,36531.15,34875.86,35805.88,35535.57,18181.09,18343.0,17523.0,17717.74,256024.006
1606694400.0,38879.62,34918.92,38821.89,35723.51,19720.0,19944.0,18178.82,18180.43,500482.574
1606780800.0,41538.92,36614.15,37971.73,38050.77,18772.7,19956.0,18050.0,19722.09,553885.333
1606867200.0,36831.31,34317.9,36130.77,36831.31,19207.01,19365.0,18329.58,18770.33,335717.482
1606953600.0,38542.96,35264.09,38542.96,35672.05,19434.3,19640.0,18865.0,19207.01,245020.576
1607040000.0,39172.77,37934.01,38205.44,38897.33,18664.2,19537.16,18570.0,19432.66,276271.939
1607126400.0,39278.18,37948.66,38320.75,38521.94,19147.62,19203.46,18510.0,18662.72,165912.647
1607212800.0,39621.82,38176.34,38659.38,38640.78,19375.02,19449.1,18855.35,19147.63,176004.606
1607299200.0,40363.42,38889.2,39581.57,39140.33,19172.88,19446.36,18908.66,19375.0,169402.371
1607385600.0,41992.66,39243.32,41804.79,39702,18319.32,19319.38,18133.33,19172.87,280714.132
1607472000.0,41626.64,37922.16,40225.36,41437.27,18537.98,18639.7,17650.0,18319.33,353123.689
1607558400.0,39754.07,38337.91,39618.97,39445.08,18253.51,18550.0,17916.0,18537.97,233960.241
1607644800.0,40944.31,38273.66,40677.93,40015.65,18031.47,18290.44,17555.0,18254.0,317866.07
1607731200.0,40731.99,37749.17,39835.48,40731.99,18800.0,18950.0,18012.21,18031.71,196962.282
1607817600.0,40819.36,38980.79,40620.28,39921.23,19175.07,19432.0,18705.46,18800.0,239760.089
1607904000.0,41035.78,39153.09,40026.76,40452.03,19270.7,19355.35,19004.72,19175.06,181555.823
1607990400.0,41971.32,39783,41971.32,40749.93,19424.91,19598.0,19039.64,19270.71,248744.054
1608076800.0,44749.04,41028.92,41028.92,42219.18,21346.8,21600.0,19274.55,19424.9,459302.012
1608163200.0,43382.37,36951.1,36951.1,41604.47,22816.99,23888.04,21231.5,21346.81,823435.821
1608249600.0,38642.57,35274.43,38642.57,37591.19,23124.35,23330.0,22363.94,22816.99,305997.222
1608336000.0,39862.81,36406.98,39722.03,39128.36,23847.28,24281.61,22735.81,23124.35,337535.438
1608422400.0,40839.41,38973.74,39514.66,40644.11,23472.96,24376.0,23076.25,23847.28,322289.774
1608508800.0,39878.76,36496.67,37134.08,39799.35,22730.1,24145.0,21920.0,23472.96,476456.589
1608595200.0,39180.97,35636.79,38920.46,36848.64,23826.99,23850.0,22387.0,22736.05,326124.313
1608681600.0,39342.71,34418.22,35022.11,39049.72,23238.27,24235.42,22572.52,23826.74,394754.939
1608768000.0,34577.6,30441.52,32820.13,34542.1,23737.44,23819.81,22700.0,23237.73,237754.257
1608854400.0,38234.43,32861.98,36936.54,32861.98,24730.0,24827.64,23450.0,23738.75,284523.431
1608940800.0,37257.65,35791.49,37257.65,37074.61,26508.83,26926.0,24507.24,24729.99,367265.555
1609027200.0,37502.08,33048.72,33048.72,37502.08,26305.64,28459.84,25850.0,26508.84,540264.148
1609113600.0,33848.15,31178.97,32678.42,33189.72,27102.66,27538.82,26117.1,26301.76,267563.468
1609200000.0,35108.38,32411.49,34605.11,33924.64,27402.83,27441.73,25913.01,27101.45,260759.449
1609286400.0,36696.74,34177.51,36696.74,34353.9,28906.99,29063.72,27401.0,27402.83,374737.655
1609372800.0,36405.01,34626.48,36328.01,36213.65,28951.68,29376.7,27848.0,28906.99,313648.835
1609459200.0,38746.95,34311.78,38691.06,35606.51,29337.16,29668.86,28627.12,28948.19,210716.398
1609545600.0,40217.92,35487.19,40217.92,37824.1,32199.91,33480.0,28958.24,29337.15,545541.08
1609632000.0,40210.84,33275.42,34119.17,40210.84,33054.53,34832.25,32000.02,32198.41,487486.989
1609718400.0,35857.57,29706.53,30430.3,34870.23,32031.07,33653.56,27800.0,33053.93,506128.023
1609804800.0,30422.22,27550.15,28393.09,29679.19,33999.52,34500.0,29900.0,32029.55,433720.833
1609891200.0,30425.05,29031.2,29149.15,29218.79,36823.68,37037.51,33356.46,33999.51,444019.83
1609977600.0,29217.93,27279.8,29071.13,28573.4,39498.92,40565.62,36337.36,36825.77,520147.908
1610064000.0,30198,28264.37,29154.52,28665.96,40637.23,42125.51,36539.77,39498.32,518080.826
1610150400.0,31726.3,26736.25,31726.3,28565.12,40136.04,41539.88,38733.28,40638.91,260882.805
1610236800.0,31497.79,29822.25,31251.82,31467.35,38221.67,41412.12,35268.0,40136.05,436759.048
1610323200.0,31697.19,26625.3,26625.3,30799.24,35408.46,38322.18,30448.0,38200.01,906275.651
1610409600.0,28691.67,25329.28,28000.86,27751.31,34056.9,36693.44,32600.0,35406.92,449065.693
1610496000.0,27498.37,23819.26,27498.37,27101.26,37421.07,37880.0,32420.0,34065.53,398188.088
1610582400.0,29595.29,26713.19,29595.29,26713.19,39163.31,40189.39,36764.33,37416.34,353142.386
1610668800.0,30142.07,26919.64,30142.07,27446.64,36755.24,39790.0,34478.0,39163.31,437610.113
1610755200.0,32125.35,26852.85,28253.1,32125.35,36025.66,38000.0,35366.0,36755.25,301102.477
1610841600.0,28728.13,27212.95,27318.74,27835.92,35869.83,36898.0,33863.5,36025.65,287686.129
1610928000.0,29467.31,26660.33,28896.55,26936.85,36686.86,37547.94,34808.47,35875.72,253386.703
1611014400.0,30266.08,27457.88,29152.98,29129.69,35891.03,37961.0,35850.0,36690.0,257889.419
1611100800.0,31109.74,28118.29,29877.45,28509.85,35500.0,36461.44,33403.0,35891.74,329192.419
1611187200.0,34271.91,29405.94,29729.32,29567.75,30879.97,35636.17,30069.9,35499.23,550562.277
1611273600.0,29726.27,26768.23,26768.23,29726.27,32986.34,33831.52,28880.0,30875.77,453568.538
1611360000.0,27300.12,25860.01,26227.33,26728.61,32086.48,33495.0,31405.0,32990.08,256776.411
1611446400.0,28059.13,25741.78,26598.75,26379.12,32275.63,33125.75,30914.2,32086.48,212107.044
1611532800.0,32040.71,26527.23,28655.75,27125.35,32253.68,34880.0,31921.47,32274.88,316687.524
1611619200.0,28732.43,27152.48,28268.62,27583.2,32474.14,32950.0,30810.0,32253.68,346861.707
1611705600.0,31586.2,27749.78,29535.41,27749.78,30381.04,32562.2,29240.0,32474.81,431022.839
1611792000.0,31125.85,28949.15,30996.52,28949.15,33399.75,33778.95,29843.33,30382.96,311528.373
1611878400.0,33419.36,30105.34,30295.11,30105.34,34269.35,38641.1,31960.0,33399.99,713579.785
1611964800.0,30374.19,28994.68,30374.19,29180.06,34289.85,34988.88,32849.06,34267.04,267861.872
1612051200.0,32900.13,29631.35,31830.41,30147.24,33126.21,34393.22,32193.04,34284.76,211293.891
1612137600.0,32089.09,29492.81,29492.81,31372.58,33546.09,34720.0,32322.47,33125.11,240632.325
1612224000.0,32205.67,28990.38,30140.5,29437.02,35504.06,36041.0,33450.0,33546.08,239856.23
1612310400.0,30589.54,28994.33,28994.33,29964.52,37652.51,37700.0,35410.0,35504.07,240308.078
1612396800.0,30719.14,28906.63,29046.42,29195.32,36976.93,38833.0,36233.0,37651.92,306715.022
1612483200.0,31880.33,28800.05,30009.58,28800.05,38362.65,38411.82,36586.68,36975.19,196277.444
1612569600.0,35083.61,30172.91,34751.09,30172.91,39249.54,40992.4,38269.0,38357.17,310826.315
1612656000.0,34132.3,31512.74,31569.96,34132.3,38849.25,39757.87,37403.27,39249.53,296721.925
1612742400.0,36516.82,30696.68,36516.82,31546.68,46451.32,47146.0,38037.0,38849.24,440167.093
1612828800.0,35564.08,34150.1,34150.1,35418.78,46492.54,48266.36,45057.65,46451.32,381477.426
1612915200.0,35845.68,32607.57,32992.22,34005.79,44850.0,47475.0,43770.0,46492.53,334979.017
1613001600.0,37482.07,32188.01,36203.02,32798.37,48060.21,48810.0,44038.97,44850.0,330540.045
1613088000.0,37270.34,34914.48,35123.46,35819.28,47361.03,49278.98,46121.0,48060.21,259186.288
1613174400.0,36076.53,33482.12,33498.99,35265.14,47221.62,48290.0,46252.1,47364.0,199965.397
1613260800.0,38909.04,33591.61,37385.56,33591.61,48655.21,49875.16,47093.16,47221.63,241935.666
1613347200.0,37220.39,33988.47,34462.93,37220.39,47981.58,49100.0,45349.21,48655.21,248960.404
1613433600.0,37267.78,33318.31,34417.2,34474.94,49197.94,50953.44,47101.02,47981.6,343592.011
1613520000.0,39592.39,34671.71,37547.55,34671.71,52194.62,52800.0,49029.62,49197.93,312007.458
1613606400.0,38090.53,35220.83,35220.83,37623.3,51619.7,52640.0,50948.0,52194.62,185489.89
1613692800.0,35920.27,34836.27,35453.55,35242.29,56004.1,56582.0,50800.0,51612.46,257911.872
1613779200.0,35325.81,32591.84,32591.84,35325.81,55917.41,57699.0,53905.0,56005.85,240296.308
1613865600.0,34611.22,32700.71,33917.27,33038.28,57487.43,58472.14,55564.5,55908.45,196820.573
1613952000.0,35368.18,29132.57,29132.57,33058.71,54121.1,57591.87,47751.42,57475.5,480660.187
1614038400.0,30729.71,26207.7,26207.7,28999.23,48930.0,54260.12,44893.82,54125.55,748737.462
1614124800.0,28565.99,25173.63,27341.36,25992.33,49702.03,51435.58,47000.0,48930.01,333415.219
1614211200.0,29417.54,27157.58,28558.82,27420.52,47089.37,52134.96,46685.43,49702.05,349943.016
1614297600.0,28861.55,27052.55,27816.2,28861.55,46313.13,48438.01,44100.0,47087.97,440670.32
1614384000.0,29128.67,26356.95,27023.72,27167.51,46102.63,48476.05,44926.77,46313.12,256027.074
1614470400.0,30933.32,27078.55,29816.59,27546.11,45163.36,46678.0,43002.05,46097.09,370358.825
1614556800.0,29951.23,27978.91,28645.89,29544.46,49592.7,49800.0,44972.49,45162.64,315659.931
1614643200.0,30023.29,28298,29559.1,28834.18,48450.57,50221.77,47058.06,49594.99,273100.435
1614729600.0,33250.26,28141.03,29184.35,28749.8,50373.75,52681.51,48110.66,48454.21,350311.234
1614816000.0,30901.98,28285.12,29782.34,28901.89,48385.77,51800.0,47500.0,50373.75,387428.957
1614902400.0,30789.28,29468.89,30192.31,29468.89,48770.57,49470.0,46320.0,48385.77,354602.756
1614988800.0,31120.86,28360.24,30383.97,29993.51,48908.21,49253.63,47090.0,48772.68,215092.91
1615075200.0,30763.26,28224.99,30763.26,30699.24,50995.27,51480.0,48908.21,48908.21,248398.116
1615161600.0,31250.7,29084.24,30851.79,30684.68,52429.43,52450.0,49310.0,50991.35,308339.866
1615248000.0,33935.67,30496.36,33827.31,31154.74,54917.78,54950.0,51880.0,52429.43,285604.798
1615334400.0,33415.83,31672.08,33175.06,33415.83,55947.98,57500.92,53061.0,54917.78,401159.493
1615420800.0,33576.17,31602.16,33576.17,33340.45,57844.52,58283.0,54356.44,55949.3,364681.318
1615507200.0,34409.52,33082.4,33082.4,33948.63,57291.03,58186.33,55074.3,57842.64,335495.042
1615593600.0,37698.49,31965.93,37698.49,33490.27,61267.41,61950.0,56136.0,57291.04,320322.173
1615680000.0,37486.02,35561.92,37183.2,37486.02,59037.12,61798.0,59005.0,61267.41,231991.901
1615766400.0,37336.82,32690.24,32690.24,37336.82,55646.61,60740.0,54517.28,59037.11,448820.83
1615852800.0,35647.76,32590.64,33780.8,32590.64,56954.19,56988.0,53335.0,55646.61,339718.202
1615939200.0,35168.14,33033.42,35168.14,34200.93,58959.0,59078.79,54154.93,56953.23,339397.712
1616025600.0,34960.82,31345.76,33320.64,34960.82,57700.01,60510.0,57072.0,58959.01,305100.026
1616112000.0,33389.67,31586.61,32768.55,32967.73,58089.11,59550.0,56301.27,57700.01,259039.479
1616198400.0,33556.26,31659.47,32706.95,32755.13,58145.61,59948.0,57881.0,58089.11,203680.149
1616284800.0,33868.83,31323.12,33714.77,33159.3,57415.18,58638.7,55403.55,58144.44,237518.696
1616371200.0,33969.04,32078.31,33885.14,33248.82,54129.56,58500.0,53635.81,57415.19,293062.947
1616457600.0,34844.16,32524.27,34218.41,34036.17,54400.0,55890.68,52981.4,54129.56,276199.041
1616544000.0,35179.24,32531.31,33528.57,34357.58,52311.54,57234.79,51666.0,54400.0,394172.526
1616630400.0,35224.09,32620.17,34648.25,34347.78,51325.21,53255.2,50452.08,52307.89,416848.091
1616716800.0,35306.33,33009.25,34295.65,35276.79,55030.0,55123.0,51260.0,51325.21,271957.842
1616803200.0,34247.15,32412.79,33062.47,34247.15,55828.0,56658.76,54001.0,55030.0,234435.346
1616889600.0,32800.14,31594.87,32231.13,32574.69,55805.08,56588.31,54694.91,55828.0,200603.768
1616976000.0,35624.57,31211.14,35624.57,32126.43,57677.64,58490.11,54931.15,55804.16,277215.268
1617062400.0,35389.53,32000.27,33902.9,35389.53,58794.16,59560.0,57110.0,57676.14,232824.065
1617148800.0,35379.93,33752.55,34540.26,34141.11,58807.24,59920.0,56812.0,58794.17,337038.349
1617235200.0,34918.4,33645.67,34198.68,34323.12,58794.01,59592.22,58002.0,58810.99,196332.114
1617321600.0,35289.26,33212.34,35159.64,33899.38,59031.36,60397.85,58490.03,58797.56,189391.958
1617408000.0,35762.59,34050.7,35762.59,34908.96,57134.65,59925.0,56900.0,59028.99,198636.171
1617494400.0,35607.26,34135.94,34135.94,35443.27,58234.61,58553.0,56517.23,57134.65,152454.122
1617580800.0,34495.89,33478.09,34407.4,33641.95,59243.39,59385.0,56808.94,58234.61,174338.646
1617667200.0,34769.35,32961,34769.35,34129.15,58059.99,59626.18,57500.0,59243.4,165562.029
1617753600.0,35703.78,32453.02,35377.33,34606.26,56018.18,58720.0,55536.07,58060.0,265271.707
1617840000.0,35699.85,34182.8,34182.8,35445.74,58122.26,58200.0,55759.13,56018.17,161389.858
1617926400.0,33991.07,32122.69,32259.49,33991.07,58176.03,58950.0,57700.0,58122.93,141690.144
1618012800.0,35724.41,31939.64,35724.41,32318.81,59832.43,61800.0,57943.95,58176.04,240907.592
1618099200.0,35565.96,33074.21,34610.7,35565.96,60090.2,60816.88,59304.02,59832.43,148499.824
1618185600.0,36529.87,34150.74,35745.78,34665.12,59911.18,61449.91,59500.0,60093.26,196147.561
1618272000.0,40218.13,35455.92,38356.52,35845.35,63649.71,63850.0,59873.01,59911.19,279389.492
1618358400.0,38539.93,37015.46,37015.46,38443.34,63019.1,64986.11,61404.0,63645.05,323454.88
1618444800.0,37337.59,35980.22,36283.65,36661.12,63232.55,63905.83,62157.89,63018.34,178604.198
1618531200.0,39393.2,34808.28,34808.28,36184.45,61424.67,63600.0,60100.0,63232.56,255765.893
1618617600.0,35995.88,33836.7,35320,34775.24,60090.14,62610.0,59620.0,61424.67,194112.299
1618704000.0,36458.44,28184.97,28184.97,35248.86,56140.05,60450.0,50050.0,60090.14,522006.276
1618790400.0,29085.13,26591.61,27195.87,28350.64,55634.39,57532.7,54200.0,56140.05,285041.716
1618876800.0,29776.95,27155.08,28349.74,27155.08,56410.56,57060.0,53330.82,55634.38,324494.085
1618963200.0,28743.58,27532.43,28248.03,28209.51,53800.0,56756.78,53610.0,56411.25,252601.972
1619049600.0,31428.13,28570.06,31355.92,28622.57,51714.61,55470.51,50534.34,53794.72,453489.185
1619136000.0,34918.04,31157.82,32214.65,31301.11,51122.62,52152.0,47546.16,51714.62,554666.026
1619222400.0,33908.76,32204.4,32976.93,32204.4,50092.4,51183.51,48690.0,51122.63,299663.131
1619308800.0,34238.51,33062.02,33116.17,33548.36,49063.94,50577.9,46930.43,50094.27,310306.501
1619395200.0,32706.46,28248.73,28248.73,32706.46,53984.33,54364.89,48763.0,49063.94,390494.148
1619481600.0,29672.15,27843.95,27874.44,28276.24,55006.25,55500.0,53225.14,53984.34,225440.361
1619568000.0,28757.95,27741.52,28653.47,27768.41,54861.77,56574.13,53852.0,55006.25,263170.559
1619654400.0,31087.43,28001.09,30592.6,28432.01,53558.8,55222.02,52350.0,54861.76,257045.19
1619740800.0,32961.13,29806.05,32442.31,30354.28,57684.16,57935.0,53043.62,53558.57,294683.751
1619827200.0,33838.17,31957.51,32404.52,31975.96,57836.34,58488.17,57051.23,57688.29,207854.398
1619913600.0,34060.62,32521.48,33192.26,32521.48,56630.33,57959.97,56100.0,57836.35,203712.515
1620000000.0,35395.51,32019.91,34983.02,33261.27,57214.83,59056.59,56500.65,56630.34,271733.972
1620086400.0,35710.82,33033.58,33686.72,34863.07,53263.32,57253.76,53094.59,57214.84,388988.754
1620172800.0,33759.46,31118.64,31118.64,33759.46,57497.77,57940.0,52880.38,53263.32,317811.705
1620259200.0,33866.61,31185.04,33376.07,31190.95,56435.35,58450.0,55297.91,57497.76,275471.204
1620345600.0,33440.33,31431.69,31719.41,33270.3,57350.88,58800.0,55300.0,56435.35,256159.504
1620432000.0,34446.16,30933.67,33071.27,31712.64,58924.98,59590.96,56961.25,57350.89,264906.729
1620518400.0,33807.34,32099.62,32099.62,32949.64,58292.53,59335.19,56316.0,58926.36,245954.014
1620604800.0,36749.12,31379.67,35848.05,31792.5,55869.67,59654.0,53250.0,58292.53,396237.133
1620691200.0,34121.24,32264.64,32356.29,32823.2,56710.43,56908.66,54541.33,55869.41,267226.104
1620777600.0,35611.92,30736.01,34474.3,32116.59,49595.76,58049.99,48503.74,56712.7,472329.152
1620864000.0,34424.34,30118.86,33772.34,31697.77,49707.9,51358.0,45596.32,49596.75,652476.689
1620950400.0,34292.93,32568.48,32699.26,34162.82,49873.27,51533.0,48870.41,49706.27,319069.002
1621036800.0,36430.8,33037.92,35956.54,33037.92,46793.41,50709.43,46584.32,49873.26,442023.496
1621123200.0,38088.74,35433.02,37148.24,36778.57,46429.28,49829.39,43866.0,46794.62,604537.63
1621209600.0,43611.43,36727.19,42434.7,36969.52,43566.18,46655.0,42151.0,46429.28,809129.365
1621296000.0,43002.34,40177.15,43002.34,42682.77,42882.53,45846.61,42268.0,43565.11,590358.592
1621382400.0,46292.63,30305.54,30305.54,42098.71,36689.14,43615.93,28688.0,42882.54,1373851.849
1621468800.0,26287.17,24120.55,25270.52,26287.17,40500.3,42460.0,34882.0,36689.14,775185.113
1621555200.0,27363.73,24193.05,27363.73,25226.94,37211.02,42270.42,33400.0,40500.0,930671.747
1621641600.0,29523.06,27109.78,29489.94,27557.61,37432.58,38851.34,35201.11,37210.01,588166.784
1621728000.0,33013.83,27889.96,30840.82,29303.35,34651.6,38261.71,31096.7,37436.0,996815.017
1621814400.0,34508.7,30009.8,31854.28,31010.31,38779.66,39917.09,34366.0,34656.53,707903.071
1621900800.0,33295.86,29347.53,31230.54,32581.38,38326.84,39790.05,36439.32,38783.58,598836.411
1621987200.0,35153.73,30192.07,35153.73,31010.13,39224.2,40900.0,37804.76,38326.84,577032.81
1622073600.0,35177.1,31111.01,33477.66,35177.1,38527.38,40438.82,37133.22,39224.21,543338.566
1622160000.0,36840.5,31285.1,36135,34895.73,35670.99,38888.35,34689.57,38527.38,832363.425
1622246400.0,38464.33,35127.33,37606.4,36332.28,34611.94,37375.0,33650.0,35670.99,733902.825
1622332800.0,40470.03,36592.18,40470.03,39097.65,35651.81,36501.0,33356.0,34611.95,511834.746
1622419200.0,40686.79,36695.97,40000.46,40686.79,37243.38,37500.0,34150.0,35651.8,635082.121
1622505600.0,39696.2,36412.45,37576.1,39588.02,36693.41,37893.76,35500.0,37244.36,590822.54
1622592000.0,41352.21,37264.13,41352.21,38680.42,37569.99,38232.99,35905.0,36694.37,441719.806
1622678400.0,43637.26,38956.07,43637.26,41308.11,39247.4,39470.0,37150.15,37570.0,507429.005
1622764800.0,44542.77,41567.66,42491.02,43460.2,36828.03,39297.35,35552.51,39247.4,700625.866
1622851200.0,43374.14,40614.98,42387.74,42962.36,35498.62,37900.49,34800.0,36828.03,631028.448
1622937600.0,46127.5,42247.01,45558.64,42247.01,35801.71,36521.16,35201.86,35497.93,443601.064
1623024000.0,45885.88,42667.69,45255.21,45591.64,33550.96,36820.0,33200.0,35801.71,636735.873
1623110400.0,50770.4,45258.89,49784.67,45258.89,33372.58,34061.57,30969.0,33550.97,976693.026
1623196800.0,55300.93,46331.38,55300.93,49083.84,37368.45,37511.31,32390.0,33372.58,1031014.087
1623283200.0,52910.85,48623.48,49120.43,52910.85,36669.66,38489.0,35750.0,37369.99,803185.699
1623369600.0,49394.61,46173.74,48330.53,49394.61,37300.42,37679.54,35900.0,36669.65,586122.898
1623456000.0,49775.62,47527.87,48614,48115,35537.05,37432.95,34585.9,37300.41,623532.476
1623542400.0,51506.43,47464.78,51506.43,47888.13,38993.65,39374.18,34739.06,35535.95,647035.314
1623628800.0,53720.5,49806.17,52794.09,52316.9,40489.1,41000.0,38720.0,38993.66,704979.881
1623715200.0,52817.73,48832.5,52348.35,52817.73,40132.86,41413.0,39500.0,40489.1,632066.994
1623801600.0,52810.72,49796.86,52288.66,52394.21,38344.97,40495.0,38105.0,40132.86,673235.496
1623888000.0,55780.35,50774.84,55665.71,53602.16,38060.71,39565.0,37334.76,38344.97,603849.861
1623974400.0,56464.57,53085.17,54993.99,55431.06,35811.41,38198.0,35100.0,38060.71,790379.249
1624060800.0,55872.21,50682.33,55872.21,55580.56,35483.0,36471.8,34704.08,35811.41,642185.382
1624147200.0,58472.39,51946.94,58146.42,55282.85,35588.64,36155.0,33312.0,35483.01,829896.441
1624233600.0,55994.02,51809.74,51809.74,54162.45,31606.0,35746.28,31250.51,35588.63,1397330.662
1624320000.0,57218.28,50771.74,50771.74,51083.86,32496.0,33274.0,28780.01,31606.0,1531824.85
1624406400.0,56421.48,51627.19,51882.76,51627.19,33649.0,34867.77,31711.5,32496.0,960700.369
1624492800.0,56073.65,51958.31,55506.34,52129.37,34644.64,35406.74,32300.0,33650.0,774899.165
1624579200.0,57277.94,52836.33,52967.05,55519.05,31568.07,35500.0,31250.0,34644.65,1093051.375
1624665600.0,56155.88,52462.48,54603.42,53034.58,32255.56,32720.52,30120.0,31569.18,1091384.749
1624752000.0,57477.41,55037.9,55463.66,55610.05,34687.71,34762.0,31960.0,32250.15,897147.453
1624838400.0,60205.12,55031.13,55031.13,55625.22,34487.22,35279.38,33855.0,34687.71,706158.545
1624924800.0,60349.26,55049.15,56663.84,55049.15,35911.26,36623.0,34206.0,34486.58,806140.329
1625011200.0,58081.59,53869.91,54833.73,56508.15,35031.39,36089.96,34042.74,35910.64,719742.983
1625097600.0,58509.64,54697.09,56205.39,55110.49,33489.96,35044.98,32672.04,35031.39,758966.493
1625184000.0,59340.58,54875.11,57341.25,56267.34,33760.94,33960.0,32684.0,33489.96,664923.202
1625270400.0,62524.25,56639.31,59973.45,56910.7,34652.94,34948.16,33296.98,33760.94,510614.258
1625356800.0,62246.93,59077.78,59726.61,59271.21,35280.16,35955.55,34340.75,34653.32,451001.556
1625443200.0,64972.06,59270.69,59838.33,59781.68,33672.72,35281.55,33032.0,35280.17,736706.409
1625529600.0,60738.17,57334.74,57334.74,59392.4,34206.01,35120.0,33500.0,33672.72,644229.007
1625616000.0,59263.65,57032.19,57596.26,57434.8,33845.64,35089.56,33756.48,34206.0,456218.909
1625702400.0,64127.84,58030.74,62122.66,58030.74,32852.04,33910.0,32066.0,33845.63,650317.664
1625788800.0,66413.29,61488.6,62168.91,62315.02,33805.01,34100.0,32250.0,32855.0,485662.879
1625875200.0,63336.99,59822.32,61796.87,62092.76,33497.98,34248.58,33010.0,33805.01,410271.979
1625961600.0,65288.85,60821.65,63220.13,60821.65,34253.81,34629.62,33306.03,33497.98,343905.35
1626048000.0,65591.43,60170.44,60303.65,62793.99,33070.87,34662.73,32650.0,34253.88,502747.758
1626134400.0,65458.01,60271.27,62524,60663.37,32709.09,33336.0,32186.99,33070.86,466567.713
1626220800.0,64933.6,59893.31,59893.31,62753.83,32803.01,33176.47,31556.02,32708.66,521140.41
1626307200.0,66475.17,59261.13,65607.09,59347.89,31866.43,33170.0,31140.0,32803.0,539111.667
1626393600.0,68007.42,62355.82,62355.82,64980.39,31382.95,32245.0,31018.59,31865.53,516577.743
1626480000.0,67030.38,61166.51,65737.68,62410.35,31496.65,31945.0,31150.02,31382.96,422650.418
1626566400.0,69205.56,64059.57,64059.57,66119.74,31767.0,32435.93,31075.1,31496.65,412189.401
1626652800.0,72905.74,64052.12,71896.02,64468.45,30823.62,31890.0,30358.77,31765.23,486305.627
1626739200.0,72585.88,69113.19,70473,72080.15,29775.9,31050.0,29242.24,30823.62,602688.19
1626825600.0,75814.39,68265.28,68583.94,70265.14,32120.0,32883.9,29472.41,29775.89,787077.39
1626912000.0,70677.4,67069.5,67194.16,68681.81,32268.11,32583.48,31700.0,32120.0,397258.936
1626998400.0,71620.48,67690.5,68532.84,67690.5,33634.46,33650.0,31970.82,32268.12,404650.016
1627084800.0,70897.42,67732.43,68674.74,68639.83,34230.0,34471.0,33379.81,33631.74,376046.028
1627171200.0,72588.92,68516.48,72588.92,68516.48,35370.66,35400.0,33812.0,34230.0,404114.844
1627257600.0,72269.98,51649.04,53916.55,72269.98,37218.09,48168.6,35185.49,35370.67,1162332.857
1627344000.0,59126.11,52201.26,55030.72,53717.76,39442.33,39546.34,36384.31,37218.09,675104.157
1627430400.0,58735.33,55390.68,55756.32,55672.85,40003.08,40894.0,38753.0,39448.06,736196.234
1627516800.0,60008.65,55308.3,57928.93,55308.3,40012.9,40665.0,39203.83,40003.08,463917.872
1627603200.0,58836.88,52692.48,53640.05,56591.8,42203.25,42316.6,38320.0,40012.89,561474.309
1627689600.0,57053.54,53749.85,54604.76,53841.6,41448.11,42494.0,41030.19,42202.6,381521.899
1627776000.0,55980.48,52193.25,52193.25,54003.15,39846.78,42614.98,39350.4,41448.1,487529.044
1627862400.0,54296.06,49892.01,52594.19,49941.62,39147.48,40450.0,38658.0,39846.78,451872.128
1627948800.0,57262.17,53303.47,57262.17,53761.56,38203.26,39774.93,37600.0,39147.47,517219.517
1628035200.0,60641.54,55100.59,55100.59,57071.59,39731.31,39975.32,37500.0,38201.33,479560.473
1628121600.0,61203.23,53854.64,54511.29,55181.88,40882.4,41350.0,37291.0,39731.31,746249.712
1628208000.0,57398.99,54879.46,55035.17,54970.46,42825.43,43400.0,39849.82,40882.39,653451.154
1628294400.0,56247,52703.65,52703.65,55436.17,44601.11,44753.01,42395.2,42825.43,583750.891
1628380800.0,57075.81,53445.81,53851.25,54270.67,43787.71,45350.0,43265.0,44601.11,553684.698
1628467200.0,60380.07,52420.86,56622.02,52420.86,46259.7,46483.0,42785.0,43787.71,626220.503
1628553600.0,57495.95,54871.23,54973.66,56594.37,45589.99,46800.0,44670.05,46259.7,460478.861
1628640000.0,56490.96,53746.39,56373.78,54877.56,45522.12,46754.27,45354.0,45589.99,390660.571
1628726400.0,60130.46,56269.95,56555.15,56362.99,44385.09,46226.67,43800.0,45522.13,468276.056
1628812800.0,59192.32,53492.74,54929.93,56298.66,47792.52,47980.69,44208.88,44385.09,438025.46
1628899200.0,57902.54,55066.79,55066.79,55861.83,47083.74,48300.0,46000.0,47792.52,374368.796
1628985600.0,59318.83,54135.03,54135.03,55445.67,47006.02,47388.75,45480.0,47083.75,370950.807
1629072000.0,58381.83,51415.48,56605.67,53373.46,45926.23,48074.23,45682.03,47006.02,412537.605
1629158400.0,57595.27,54925.55,57017.01,56836.08,44704.84,47194.0,44412.01,45926.23,474316.4
1629244800.0,57653.39,55317.16,55317.16,57342.77,44714.09,46050.0,44227.32,44704.85,395836.158
1629331200.0,58828.32,54311.84,55413.04,55038.02,46772.0,47100.0,43938.38,44714.09,439402.162
1629417600.0,59001.99,54713.77,58080,55063.14,49332.74,49500.0,46650.0,46772.0,401499.081
1629504000.0,59510.25,57342.17,58260.52,58113.57,48848.29,49833.0,48250.0,49332.99,347594.451
1629590400.0,60749.26,57202.16,57202.16,58564.45,49273.28,49556.2,48075.81,48846.11,294672.223
1629676800.0,62688.01,57158.95,61083.75,57158.95,49523.91,50600.0,49075.01,49273.28,355733.496
1629763200.0,64077.79,60608.99,62322.04,60667.28,47719.36,49888.88,47600.0,49523.23,398682.002
1629849600.0,64357.24,59735.02,59735.02,63301.5,48992.65,49297.8,47130.57,47719.37,389100.384
1629936000.0,64899.22,59049.23,61114.12,59747.96,46853.06,49380.0,46280.0,48992.65,475183.123
1630022400.0,61734.26,58328.58,58556.89,60678.23,49083.98,49220.0,46359.97,46854.22,403667.012
1630108800.0,62565.36,58446.6,59744.6,58446.6,48931.99,49333.0,48395.65,49082.13,222793.024
1630195200.0,59846.64,57222.81,57554.96,59801.13,48795.41,49769.2,47741.31,48931.99,315105.499
1630281600.0,63299.28,57568.33,59376.2,57568.33,47024.7,48916.25,46876.49,48795.42,351830.754
1630368000.0,62420.22,57649.21,60964.19,59597.33,47150.32,48298.0,46731.03,47024.69,365548.209
1630454400.0,62436.86,60691.78,61688.59,60691.78,48842.94,49160.79,46550.99,47150.32,350108.374
1630540800.0,65740.08,59976.92,64106.67,60047.49,49299.14,50420.0,48631.2,48842.93,361863.055
1630627200.0,64027.64,60919.28,62144.7,64027.64,50027.08,51111.0,48333.0,49299.14,430326.386
1630713600.0,61473.89,57965.11,57965.11,61473.89,49940.74,50582.08,49360.0,50027.09,274956.842
1630800000.0,62071.8,55827.85,62071.8,57264.06,51799.57,51950.0,49462.59,49942.2,288984.124
1630886400.0,64655.68,61229.03,61567.73,62507.46,52683.97,52830.0,51040.0,51799.56,297734.284
1630972800.0,63056.49,42445.42,43656.74,61981.77,46864.39,52950.0,42088.0,52683.98,764140.139
1631059200.0,46898.38,43910.48,45713.95,43910.48,46062.29,47347.0,44431.0,46864.38,435803.011
1631145600.0,47553.57,44957.79,45196.11,45560.42,46413.88,47400.0,45500.0,46060.02,309015.75
1631232000.0,50321.21,45115.37,47695.14,45391.23,44860.83,47037.5,44120.0,46413.88,343533.069
1631318400.0,48943.8,46832.39,47374.32,47561.07,45193.78,45999.0,44737.4,44860.83,194144.115
1631404800.0,49159.39,47492.2,48717.79,47492.2,46046.73,46512.2,44746.51,45194.19,223534.63
1631491200.0,52322.18,46478.07,46646.84,48292.31,44975.96,46933.89,43323.93,46048.02,448942.068
1631577600.0,49925.12,45998.03,48953.78,46753.76,47087.18,47272.98,44692.9,44975.96,277925.721
1631664000.0,53307.01,49371.46,51230.56,49371.46,48106.12,48440.93,46675.0,47087.18,244226.37
1631750400.0,51864.2,49506.41,50087.46,51646.63,47745.55,48488.0,47038.21,48106.13,260044.727
1631836800.0,51584.05,50069.5,50720.1,50069.5,47303.11,48150.0,46750.0,47745.55,226193.34
1631923200.0,53966.48,50505.39,51723.34,50505.39,48285.15,48850.0,47044.32,47303.11,207900.413
1632009600.0,52960.92,51103.47,51444.39,51103.47,47256.91,48364.64,46840.0,48284.61,212631.933
1632096000.0,51967.19,48135.79,48135.79,51644.44,43026.6,47345.0,42467.86,47256.92,600764.629
1632182400.0,48797.35,45155.62,46332.75,48797.35,40726.1,43629.6,39503.58,43026.61,683242.002
1632268800.0,47776.86,43864.58,43881.42,46692.51,43520.0,43989.98,40551.49,40727.83,400849.752
1632355200.0,46376.83,44013.86,46225.54,44013.86,44828.29,44976.48,43056.0,43520.0,330253.525
1632441600.0,49449.21,45689.93,45934,46428.22,42798.49,45134.33,40650.0,44828.29,608595.52
1632528000.0,46202.49,43689.73,43831.76,45175.57,42651.58,42950.0,41630.26,42798.49,277084.795
1632614400.0,47662.48,43913.76,44281.3,43913.76,43150.0,43940.0,40725.01,42646.84,354393.916
1632700800.0,46446.66,44240.47,44323.63,44240.47,42122.69,44350.0,42059.13,43150.01,285311.606
1632787200.0,48472.34,43459.93,46820.58,43992.1,41006.32,42749.0,40854.0,42122.69,359745.538
1632873600.0,48168.44,45325,48168.44,45711.54,41499.71,42576.8,40708.73,41002.96,293307.589
1632960000.0,48641.27,45345.84,47568.36,48155.51,43796.57,44100.0,41387.78,41499.7,389185.646
1633046400.0,56421.05,47917.6,50558.68,47917.6,48123.94,48450.0,43260.01,43799.49,449491.768
1633132800.0,50847.98,48902.88,49631.67,50847.98,47626.61,48338.68,47410.0,48123.93,182565.988
1633219200.0,50703.09,47963.96,47963.96,49865.48,48187.3,49304.12,47071.26,47626.62,212410.375
1633305600.0,48510.22,46661.62,48121.2,48050.6,49198.22,49544.48,46885.29,48187.99,324424.837
1633392000.0,53605.35,47978.21,52457.38,48042.67,51455.12,51888.0,49009.21,49199.78,314043.813
1633478400.0,54975.41,49644.17,49644.17,52761.47,55321.6,56416.02,50410.0,51460.22,418731.748
1633564800.0,52677.55,49474.74,52133.13,50053.28,53814.99,55337.8,53374.34,55327.45,262974.545
1633651200.0,52916.54,50639.19,50839.8,52131.08,53975.0,56208.73,53647.3,53814.99,255210.035
1633737600.0,51470.68,50798.8,51282.87,50945.96,54960.77,55589.0,53656.66,53974.99,167495.393
1633824000.0,52815.72,50988.62,51667.94,50988.62,54700.0,56789.0,54101.0,54960.79,289072.818
1633910400.0,54657.11,51395.04,54545.81,52509.22,57500.01,57880.0,54458.0,54700.0,314868.05
1633996800.0,55432.26,51928.67,52065.15,54294.54,56011.84,57756.52,53750.0,57500.01,349147.775
1634083200.0,52649.16,48396.39,48844.47,51250.25,57393.65,57822.38,54271.24,56011.83,327714.318
1634169600.0,51176.23,48767.28,50399.27,48767.28,57378.19,58586.67,56800.0,57393.65,254719.751
1634256000.0,55399.26,50306.01,53145.58,50462.43,61702.33,63997.61,56900.0,57377.12,493366.513
1634342400.0,54685.2,52056.59,54258.73,52841.69,60925.56,62444.23,60220.0,61702.33,213251.899
1634428800.0,56003.18,53323.95,53323.95,54166.95,61571.45,61796.47,58850.0,60925.56,240132.514
1634515200.0,54486.17,51737.07,51800.03,53226.06,62037.92,62800.0,59897.61,61571.45,333278.481
1634601600.0,55661.33,51728.67,55415.63,51778.17,64316.7,64500.0,61300.0,62037.92,379243.718
1634688000.0,57034.55,55250.64,57034.55,55541.36,66064.24,67150.0,63518.81,64314.75,324737.868
1634774400.0,57817.21,54323.15,54540.12,56970.43,62260.33,66750.0,62000.0,66064.25,478610.458
1634860800.0,56293.54,54787.94,56293.54,55172.59,60734.27,63796.2,60011.9,62260.33,350359.527
1634947200.0,57565.01,54136.77,56148.58,55896.4,61325.11,61780.0,59622.0,60734.28,222553.478
1635033600.0,57985.22,54685.47,57985.22,55486.66,60902.82,61550.0,59504.46,61325.09,245816.821
1635120000.0,58698.69,55149.7,56209.98,58698.69,63127.04,63795.98,60701.0,60902.82,234201.1
1635206400.0,57208.11,55061.42,57208.11,56813.34,60358.75,63362.06,59838.05,63129.25,252256.924
1635292800.0,58750.4,54693.74,56233.62,56388.35,58449.36,61550.0,57865.0,60358.74,329112.396
1635379200.0,56420.45,51780.44,55439.88,56420.45,60622.03,62641.26,57550.0,58449.36,333323.116
1635465600.0,55079.65,51401.06,52276.48,55079.65,62308.22,63069.71,60222.0,60622.02,218355.773
1635552000.0,53001.2,51999.92,52044.4,52420.9,61895.19,62415.85,60631.23,62308.21,156041.523
1635638400.0,55976.38,51348.73,55443.09,51807.63,61348.61,62462.99,60008.0,61895.19,183599.524
1635724800.0,55287.39,54289.03,54997.27,55287.39,60942.87,62543.58,59400.0,61347.14,246158.361
1635811200.0,55623.7,53607.89,54992.54,53643.36,63266.69,64349.55,60659.58,60942.87,217592.062
1635897600.0,55928.87,52726.94,52726.94,55092.91,62946.45,63613.0,60300.0,63266.69,211190.183
1635984000.0,56242.82,53160.24,55812.64,53160.24,61431.86,63149.0,60703.0,62946.45,184677.079
1636070400.0,56977.32,54252.55,56644.65,55570.71,61006.0,62671.48,60762.0,61433.9,157569.637
1636156800.0,59578.32,56757.86,57012.31,57014.93,61511.3,61645.75,60100.0,61006.0,154919.118
1636243200.0,56990.76,55251.82,55639.31,56990.76,63316.4,63377.58,61368.26,61511.3,142878.208
1636329600.0,60655.41,56809.8,59600.31,56809.8,67606.96,67932.89,63308.7,63316.4,274932.146
1636416000.0,61483.04,59539.94,60011.97,60108.13,67009.98,68675.16,66300.0,67606.96,231843.834
1636502400.0,62111.53,56626.5,56714.98,59977.96,64920.13,69198.7,62400.51,67010.65,347835.573
1636588800.0,57158.76,54806.62,54806.62,57158.76,64831.3,65646.98,64147.12,64920.13,178279.275
1636675200.0,60225.98,55066.61,57761.73,55066.61,64156.08,65500.0,62313.0,64831.2,264576.325
1636761600.0,58969.11,57078.53,57120.34,57895.76,64427.0,65073.24,63430.01,64156.08,124466.493
1636848000.0,59229.25,56728.46,57945.16,57136.71,65568.39,65569.99,63640.0,64426.99,146424.701
1636934400.0,62189.05,57698.82,61860.82,57698.82,63654.49,66395.05,63351.58,65568.38,210026.602
1637020800.0,65414.53,60514.63,60545.16,62331.63,60106.03,63655.77,58397.14,63654.49,475025.706
1637107200.0,63989.06,59652.73,59652.73,60592.17,60366.96,60848.85,58336.68,60106.03,287388.873
1637193600.0,62815.74,59782.67,60595.16,59782.67,56921.05,60999.0,56505.48,60366.97,412021.672
1637280000.0,61542.64,59198.25,59198.25,61129.34,58069.51,58333.0,55604.0,56921.04,245356.121
1637366400.0,59269.59,56984.18,57407.45,59046.81,59716.29,59873.84,57372.0,58069.52,173697.342
1637452800.0,57502.44,56257.07,56257.07,57200.87,58661.39,60052.82,58518.88,59716.28,143887.271
1637539200.0,60284.08,56240.75,60023.35,56240.75,56268.31,59624.56,55600.0,58648.87,326184.881
1637625600.0,61848.23,59800.27,60393.27,60535.52,57574.23,57888.0,55250.0,56268.31,267790.325
1637712000.0,62832.42,59378.92,62832.42,60228.71,57165.08,57775.27,55900.0,57574.24,194683.757
1637798400.0,61878.37,60103.56,60892.08,61878.37,58988.21,59449.62,57029.0,57165.09,191912.653
1637884800.0,67965.48,60805.33,67965.48,60828.88,53755.65,59186.41,53500.0,58988.36,378650.919
1637971200.0,67569.34,64225.13,64225.13,67443.66,54738.77,55300.0,53640.69,53755.66,155119.117
1638057600.0,64409.88,63140.84,63984.02,64249.5,57315.73,57474.76,53245.0,54738.77,213600.615
1638144000.0,64948.17,60615.85,61516.2,63994.57,57827.98,58924.21,56715.0,57315.72,215111.466
1638230400.0,61947.9,59357.49,60962.21,61548.24,56975.0,59224.99,55900.0,57827.97,337624.148
1638316800.0,61441.71,59240.98,61029.32,60734.24,57209.29,59100.0,56500.0,56978.06,273959.104
1638403200.0,61769.22,59928.42,60494.6,61248.54,56513.57,57428.49,55800.0,57209.28,249985.255
1638489600.0,61609.63,59752.78,61609.63,60310.61,53612.0,57670.0,50604.0,56513.56,374132.016
1638576000.0,66683.84,41688.83,41688.83,64730.54,49135.66,53889.69,40888.89,53611.86,598774.989
1638662400.0,42295.56,39548.09,42295.56,41629.33,49376.6,49699.49,47755.0,49135.66,286434.382
1638748800.0,40975.58,39385.5,39385.5,40975.58,50424.72,50888.0,47000.0,49373.83,357711.029
1638835200.0,40187.2,37499.42,40068.57,39558.97,50577.2,51929.0,50012.0,50424.72,224670.618
1638921600.0,41894.68,38992.7,40135.6,40536.61,50455.61,51210.6,48533.33,50577.2,238229.884
1639008000.0,41432.32,38977.02,41432.32,39510.15,47539.76,50773.03,47312.89,50459.61,273086.086
1639094400.0,43106.34,40343.7,40343.7,42314.57,47136.35,50188.42,46828.23,47539.34,302974.429
1639180800.0,40443.34,38728.82,39424.98,39605.9,49381.15,49499.05,46724.35,47132.31,210959.992
1639267200.0,43745.38,39639.11,43745.38,39639.11,50057.01,50768.0,48616.16,49379.51,183434.285
1639353600.0,44092.14,42000.87,43540.52,43712.22,46679.93,50180.0,45600.0,50057.02,348551.322
1639440000.0,45485.47,42707.5,43053.67,44152.87,48324.04,48657.92,46255.6,46679.93,266213.627
1639526400.0,44656.29,42377.65,44656.29,42663.78,48870.48,49479.75,46518.73,48324.0,345239.891
1639612800.0,48360.6,43704.45,47529.3,44654.1,47624.5,49439.79,47500.0,48870.48,215874.187
1639699200.0,52220.3,47232.52,50154.3,47565.88,46125.33,47988.27,45373.11,47629.1,326458.135
1639785600.0,53082.05,50631.42,53077.44,50631.42,46815.99,47336.99,45438.43,46125.33,191006.415
1639872000.0,57326.06,53207.85,56254.77,53207.85,46668.63,48461.17,46399.37,46815.99,241698.541
1639958400.0,62145.48,56055.48,61379.55,56055.48,46898.14,47533.42,45530.67,46668.65,273804.259
1640044800.0,69944.95,61829.91,69944.95,61829.91,48875.15,49298.78,46650.0,46896.82,260008.358
1640131200.0,73145.78,70070.78,73129.09,70188.43,48569.69,49599.0,48420.02,48875.88,208463.689
1640217600.0,74352.67,72845.01,73756.43,73262.05,50817.92,51377.74,48020.0,48569.69,255885.48
1640304000.0,74008.84,72144.12,72144.12,73406.41,50808.55,51805.0,50379.25,50817.94,220208.725
1640390400.0,74118.19,72638.83,73533.37,72638.83,50403.64,51190.0,50105.0,50809.37,147662.438
1640476800.0,74557,72479.06,72496.89,73824.38,50765.73,51300.0,49350.0,50403.64,184800.616
1640563200.0,76030.67,72113.25,73643.64,72297.03,50707.72,52134.0,50450.0,50765.73,216225.263
1640649600.0,74655.27,72282.54,74180.52,73752.22,47522.03,50713.56,47290.0,50707.72,336083.34
1640736000.0,75956.15,74150.09,74414.11,74212.41,46436.54,48125.97,46000.0,47522.02,274795.378
1640822400.0,73343.93,71998.25,71998.25,72958.02,47095.02,47911.68,45880.0,46436.53,229931.288
1640908800.0,74913.78,71372.17,74834.52,71883.2,46210.56,48575.0,45650.0,47095.02,287186.003
1640995200.0,74951.61,72962.69,72962.69,74790.17,47704.35,47943.77,46210.55,46210.57,179433.584
1641081600.0,74434.53,72403.84,73253.27,72970.65,47280.0,48000.0,46605.68,47704.35,184795.093
1641168000.0,80416.21,73297.81,80252.71,73297.81,46445.81,47575.22,45665.4,47280.01,244781.793
1641254400.0,81233.38,78564.04,80680.34,79508.43,45833.42,47524.36,45445.57,46445.8,292149.75
1641340800.0,82551.68,77464.77,77464.77,81155.76,43421.69,47075.29,42270.0,45833.41,485477.569
1641427200.0,80715.11,77486.06,79111.99,77849.14,43080.01,43766.0,42385.83,43421.7,299509.851
1641513600.0,80081.26,76709.96,76709.96,79293.45,41553.86,43135.0,40456.56,43080.01,473214.849
1641600000.0,79065.97,76242.58,76665.62,76606.49,41688.05,42335.0,40500.0,41553.87,283737.224
1641686400.0,78149.1,76397.66,77054.09,76397.66,41851.22,42773.85,41170.0,41688.05,223134.952
1641772800.0,79932.85,75124.4,75711.84,76158.66,41801.55,42219.84,39610.0,41851.22,453644.116
1641859200.0,78120.3,75911.41,77495.98,76545.61,42700.68,43118.0,41255.0,41801.55,323760.691
1641945600.0,78624.5,77304.77,77606.04,77366.21,43880.72,44300.0,42415.0,42700.69,281339.294
1642032000.0,77959.09,76401.03,77056.29,77460.52,42534.32,44396.68,42301.16,43880.72,289289.18
1642118400.0,77900.91,74697.45,74697.45,76819.76,43042.4,43450.0,41666.0,42538.72,272517.077
1642204800.0,76667.59,74265.22,75834.23,74477.32,43070.51,43800.0,42530.64,43042.4,184649.157
1642291200.0,75655.83,73760.24,73760.24,75222.89,43060.66,43464.71,42531.69,43070.51,177450.475
1642377600.0,77112.37,73657.01,75850.49,73704.83,42176.34,43159.32,41523.68,43060.66,232748.345
1642464000.0,77543.58,74721.95,74721.95,75761.22,42337.58,42680.0,41260.0,42176.34,267472.465
1642550400.0,77628.95,73850.67,75519.07,74731.9,41657.89,42545.0,41115.64,42337.58,333952.095
1642636800.0,81373.69,75402.23,75835.37,75402.23,40661.69,43495.0,40550.0,41656.9,399818.052
1642723200.0,77470.1,72037.35,72037.35,76573.97,36425.98,41095.76,35380.92,40662.06,790320.909
1642809600.0,74654.99,70801.58,73153.93,71838.26,35043.73,36817.74,33950.0,36426.46,676272.904
1642896000.0,74918.48,72757.16,74062.74,73109.34,36230.01,36496.92,34588.8,35043.73,369372.903
1642982400.0,77101.26,72441.3,72987.46,74129.9,36648.31,37528.0,32853.83,36230.0,823000.702
1643068800.0,77686.36,73101.05,76096.42,73101.05,36934.26,37561.03,35693.0,36648.3,409535.517
1643155200.0,79968.41,74714.38,74714.38,76066.47,36787.43,38886.58,36232.42,36934.26,554457.384
1643241600.0,74623.87,71924.59,71924.59,73869.55,37131.0,37200.0,35471.53,36787.42,422006.922
1643328000.0,74240.15,71644.5,74240.15,72375.28,37696.21,38000.0,36149.02,37131.0,367509.143
1643414400.0,77083.17,74255.73,76528.87,74255.73,38150.01,38750.94,37252.0,37696.22,238657.764
1643500800.0,77329.39,76022.84,77272.44,76314.3,37870.01,38420.3,37334.83,38150.0,195029.125
1643587200.0,82983.55,77273.59,82877.97,77273.59,38439.04,38741.73,36620.0,37870.0,318440.392
1643673600.0,82927.34,78400.52,78495.5,82927.34,38680.51,39260.26,37969.0,38439.04,353354.121
1643760000.0,80058.26,77020.67,77467.03,78617.24,36892.03,38834.18,36529.81,38680.51,337570.934
1643846400.0,79477.72,77766.55,78159.37,78030.28,37289.86,37395.0,36204.3,36892.05,318656.228
1643932800.0,83529.63,77749.24,83311.71,77749.24,41550.0,41741.76,37011.0,37287.33,520105.77
1644019200.0,81841.03,80349.69,81784.04,81530.34,41374.69,41922.0,40920.0,41550.0,242184.07
1644105600.0,82464.24,80735.28,80930.81,81260.34,42361.35,42656.8,41100.0,41374.68,215323.95
1644192000.0,80631.34,78181.03,78230.35,80507.62,43829.99,44541.16,41609.76,42361.34,418053.774
1644278400.0,78636.4,73091.5,73091.5,78140.1,44021.57,45600.0,42641.0,43829.99,468015.421
1644364800.0,74873.19,71727.6,74630.43,72958.57,44358.08,44826.0,43089.08,44021.58,300270.062
1644451200.0,79830.75,72406.01,72406.01,74616.64,43471.29,45847.5,43136.96,44358.09,563922.075
1644537600.0,74149.09,70821.4,71861.78,71883.66,42366.0,43900.0,41914.23,43471.3,414646.193
1644624000.0,75030.5,72597.01,72700.98,72597.01,42199.87,42980.0,41540.0,42365.99,256269.325
1644710400.0,74310.07,71902.29,71902.29,72534.31,42041.13,42755.97,41850.0,42199.88,192068.012
1644796800.0,76109.46,71699.48,73816.24,71699.48,42525.14,42888.0,41526.0,42041.12,303990.933
1644883200.0,79172.71,73552.78,77067.98,74210.39,44529.6,44777.0,42406.23,42525.14,276735.421
1644969600.0,77815.54,75052.16,76841.59,76127.39,43860.7,44536.8,43277.8,44529.7,255790.287
1645056000.0,76674.67,74665.85,74868.78,76661.45,40491.7,44150.0,40020.1,43860.8,433958.984
1645142400.0,75644.58,73042.86,73132.49,74877.69,39966.8,40944.1,39422.0,40491.8,377679.782
1645228800.0,77388.12,73257.8,75898.95,73309.21,40052.6,40438.7,39610.3,39966.8,185624.675
1645315200.0,77475.53,75101.58,75101.58,76070.63,38368.1,40100.1,37905.0,40052.6,329740.444
1645401600.0,76759.28,71934.37,72244.78,73683.85,36986.4,39510.0,36762.0,38367.9,646391.815
1645488000.0,75779.25,72739.54,75018.66,72902.04,38212.0,38450.0,36310.1,36986.4,465313.497
1645574400.0,75005.55,72997.92,73009.36,74823.05,37227.8,39250.0,36963.2,38212.1,408056.255
1645660800.0,75094.68,65878.47,65878.47,72851.33,38315.1,40376.1,34303.7,37227.9,919820.907
1645747200.0,69238.8,65535.25,67682.03,66003.49,39205.4,39750.0,37999.2,38316.2,416316.366
1645833600.0,68922.57,67231.9,67506.76,67515.26,39099.3,40441.1,38561.7,39205.4,251892.201
1645920000.0,70034.59,65184.56,65513.51,67245.85,37672.0,39868.6,36934.6,39099.3,423197.247
1646006400.0,74001.91,65861.24,68121.63,65861.24,43155.0,44341.0,37414.4,37672.1,615391.161
1646092800.0,74549.19,68824.5,70583.18,68824.5,44394.1,44935.0,42765.4,43155.0,448483.646
1646179200.0,73619.51,70661.85,72849.02,70661.97,43885.7,45350.0,43321.0,44393.6,407603.721
1646265600.0,75412.6,72680.6,74716.31,72846.06,42449.5,44080.0,41831.0,43885.8,365565.832
1646352000.0,77000.98,74655.39,74996.29,74655.39,39127.7,42525.3,38521.0,42449.6,469138.374
1646438400.0,76483.77,74905.38,76043.07,75145.09,39375.1,39580.0,38547.6,39127.7,198747.893
1646524800.0,76467.96,73096.64,73096.64,75991.24,38401.1,39690.0,38056.0,39375.0,311705.26
1646611200.0,76009.09,69688.71,69688.71,72404.83,37963.8,39550.0,37134.0,38401.1,490254.516
1646697600.0,72324.43,69211.49,69211.49,69246.76,38709.9,39340.5,37853.0,37963.7,421462.367
1646784000.0,73807.6,69019.49,72414.89,69185.86,41937.5,42647.5,38638.7,38709.9,462059.811
1646870400.0,72703.51,69327.78,69698.52,72189.11,39407.2,42034.3,38512.0,41939.5,520645.186
1646956800.0,71814.46,69587.67,70079.48,70113.52,38713.0,40242.0,38200.1,39407.1,467078.892
1647043200.0,72816.52,69538.27,71878.68,70077.4,38792.6,39578.4,38630.0,38713.1,172494.825
1647129600.0,76596.92,71509.36,73993.34,71706.76,37743.7,39300.0,37500.0,38792.7,236623.694
1647216000.0,77348.51,72951.49,72951.49,75679.76,39653.8,39989.0,37522.1,37743.0,360058.358
1647302400.0,75526.04,72210.49,75407.78,74133.56,39271.0,39901.8,38073.8,39651.6,345019.243
1647388800.0,75400.12,70729.76,74319.82,75400.12,41105.8,41804.0,38700.0,39270.9,650589.661
1647475200.0,74989.75,73571.38,74376.68,74084.85,40898.1,41498.4,40442.8,41105.9,243988.794
1647561600.0,76856.69,72812.36,76274.1,74583.99,41751.5,42322.8,40084.2,40898.0,299134.443
1647648000.0,76876.42,75229.42,76672.06,76241.81,42188.2,42446.6,41500.0,41751.6,186459.954
1647734400.0,77661.72,74664.41,75814.5,77424.12,41261.0,42269.3,40900.0,42188.2,235774.129
1647820800.0,76138.88,73328.13,73335.17,75291.16,40982.0,41544.4,40430.0,41261.0,308396.46
1647907200.0,78159.68,72959.16,75153.02,72959.16,42349.8,43517.7,40852.0,40982.0,374297.674
1647993600.0,75242.27,72989.78,73349.37,74498.23,42867.9,43051.0,41731.3,42349.9,282631.74
1648080000.0,81377.32,72498.1,80728.65,72498.1,43973.4,44200.0,42525.0,42867.8,331440.057
1648166400.0,83121.48,79625.29,79843.58,80416.67,44290.6,45142.0,43575.1,43973.2,348620.122
1648252800.0,80638.02,79476.02,79602.01,79747.24,44489.2,44785.0,44041.0,44290.6,140712.587
1648339200.0,83685.08,79481.31,79500.66,79644.59,46820.8,47047.0,44416.0,44489.3,269280.228
1648425600.0,80215.68,77355.53,77724.78,80215.68,47121.9,48200.0,46651.2,46820.9,317565.782
1648512000.0,78437.61,76580.2,76786.48,76655.83,47418.5,48100.0,46911.0,47121.8,259040.835
1648598400.0,78478.51,76035.95,76732.82,76540.18,47053.2,47688.6,46535.0,47418.5,235009.892
1648684800.0,76512.41,74387.05,74387.05,76512.41,45506.0,47619.4,45185.0,47053.1,299837.61
1648771200.0,76958.65,73351.41,73351.41,74404.87,46266.2,46700.0,44206.2,45505.9,360734.553
1648857600.0,73327.68,71597.77,72082.48,73327.68,45794.6,47236.8,45600.0,46266.2,226413.357
1648944000.0,72468.75,71390.76,71849.93,71705.54,46392.4,47448.0,45501.0,45792.3,212589.013
1649030400.0,76358.28,71796.88,73743.07,71796.88,46580.9,46895.5,45094.0,46392.3,272796.541
1649116800.0,78362.46,73079.67,77458.22,73368.89,45477.4,47188.0,45300.0,46580.9,257524.639
1649203200.0,81582.62,76050.37,81062.07,76713.63,43159.7,45494.2,43100.0,45477.5,384359.375
1649289600.0,81924.6,80699.53,81123.01,81546.56,43417.1,43888.0,42685.0,43159.8,229567.98
1649376000.0,83746.98,80488.95,82290.3,80840.58,42229.2,43968.1,42074.0,43417.1,310095.829
1649462400.0,83592.65,82242.48,83337.46,82601.92,42727.7,42796.7,42100.3,42229.1,119722.654
1649548800.0,85122.06,83174.79,83990.75,83174.79,42140.4,43399.4,41838.0,42727.8,181904.47
1649635200.0,90077.97,84037.94,84728.97,84353.02,39505.6,42399.9,39136.7,42140.3,439530.02
1649721600.0,85617.24,83189.6,84332.62,84318.04,40060.7,40700.0,39224.0,39505.6,349883.631
1649808000.0,84190.68,80504.13,80708.17,83397.88,41129.8,41580.0,39569.8,40060.7,324910.931
1649894400.0,82947.72,79862.04,82768.35,79862.04,39915.9,41474.8,39522.0,41129.8,261966.391
1649980800.0,84373.93,81727.85,81727.85,82776.87,40529.5,40888.0,39734.2,39915.9,194680.671
1650067200.0,82671.11,80903.8,81490.05,81442.75,40361.0,40700.0,39944.9,40529.6,127705.057
1650153600.0,83129.46,81334.89,82028.36,81401.91,39649.1,40574.1,39510.0,40360.9,170331.824
1650240000.0,87157.73,79264.36,79264.36,83546.85,40785.6,41310.0,38465.7,39649.1,362435.319
1650326400.0,80831.42,78515.29,79746.97,79368.85,41472.9,41788.0,40543.7,40785.7,214404.271
1650412800.0,82501.38,79642.27,79868.13,79691.13,41327.7,42166.8,40800.0,41472.9,257382.427
1650499200.0,83237.16,79983.98,79983.98,80054.16,40449.8,42966.0,39630.0,41326.0,393149.956
1650585600.0,85515.54,80436.29,85245.73,80528.84,39674.2,40786.1,39133.0,40449.7,314935.753
1650672000.0,86739.61,84988.26,86739.61,84988.26,39415.1,40000.0,39259.0,39674.3,125046.817
1650758400.0,87651.36,85548.19,85871.26,86183.23,39433.4,39930.6,38884.1,39413.8,180371.762
1650844800.0,88201.64,82333.48,82333.48,85793.96,40411.0,40650.0,38111.0,39433.4,448877.893
1650931200.0,87746.05,81032.29,87746.05,82016.86,38093.7,40800.0,37671.8,40411.0,453132.198
1651017600.0,89138.39,81804.19,82388.6,86767.64,39209.0,39470.0,37844.5,38093.7,385645.365
1651104000.0,82738.07,79613.88,79613.88,82395.87,39732.5,40376.6,38861.8,39209.0,413543.408
1651190400.0,83152.93,77751.39,83152.93,79104.79,38572.2,39924.8,38160.0,39732.5,308116.375
1651276800.0,84325.4,82824.25,84104.34,83152.91,37614.5,38782.6,37550.0,38572.2,181810.382
1651363200.0,85827.9,82342.05,82342.05,85169.95,38440.5,38680.6,37350.0,37614.4,236549.462
1651449600.0,82572.88,79179.73,80924.05,82572.88,38525.6,39222.0,38032.2,38440.2,336845.365
1651536000.0,90917.68,80785.07,90917.68,80785.07,37712.9,38674.7,37500.1,38525.5,248986.222
1651622400.0,91500.27,82198.95,82753.77,91109.72,39684.0,40071.7,37655.2,37713.0,424498.818
1651708800.0,91564.86,82803.09,90027.95,82803.09,36534.7,39845.0,35388.0,39684.1,547209.0
1651795200.0,90606.32,88216,88944.84,89936.81,35995.3,36679.3,35200.0,36533.7,431979.24
1651881600.0,92061.93,89381.83,91254.13,89381.83,35466.7,36138.0,34700.0,35995.2,200264.833
1651968000.0,94438.69,88976.73,88976.73,91197.31,34032.0,35504.0,33665.0,35466.7,426872.584
1652054400.0,93958.21,85757.55,86004.88,89155.09,30056.6,34243.3,30003.6,34032.1,1078779.712
1652140800.0,85462.58,81855.56,82563.04,85462.58,31002.1,32650.0,29701.4,30056.0,863178.961
1652227200.0,82308.65,75544.67,76888.31,81119.29,29074.7,32197.6,27651.0,31002.1,1101875.972
1652313600.0,78347.53,72008.54,72520.27,77773.25,29020.7,30257.0,26631.0,29077.9,964475.589
1652400000.0,77309.34,71382.74,76833.08,71382.74,29274.3,31072.6,28730.4,29020.8,507620.105
1652486400.0,76044.85,70542.24,70542.24,76044.85,30079.8,30352.2,28602.3,29274.2,315756.895
1652572800.0,76156.12,70208.27,72056.47,70208.27,31324.4,31462.0,29448.0,30079.5,336773.139
1652659200.0,76703.11,72714.6,74724.08,72714.6,29866.7,31327.4,29052.3,31324.3,507243.166
1652745600.0,79663.27,72805.53,72805.53,74363.05,30437.0,30794.0,29420.0,29866.4,398624.519
1652832000.0,78684.98,72870.15,78305.95,72870.15,28700.6,30700.0,28629.6,30437.0,426700.457
1652918400.0,84948.82,77455.1,84750.38,77989.65,30319.9,30550.0,28670.5,28700.6,448856.724
1653004800.0,87003.68,80460.83,80475.45,85786.3,29188.9,30784.4,28702.0,30319.9,485439.171
1653091200.0,82665.48,79410.7,79410.7,81266.85,29427.4,29650.0,28927.0,29188.9,202804.089
1653177600.0,85775.51,79084.35,83156.18,79110.38,30284.0,30500.0,29223.6,29427.4,297116.44
1653264000.0,88503.47,80486.44,81022.22,83648.62,29097.7,30658.0,28840.7,30284.0,475720.75
1653350400.0,88133.42,82306.34,83922.13,82306.34,29643.1,29887.3,28637.6,29097.8,382124.449
1653436800.0,83124.49,78948.5,79104.81,82723.23,29536.7,30246.7,29330.0,29643.0,413459.484
1653523200.0,86039.42,79455.5,82588.05,79569.85,29194.0,29877.0,27952.1,29536.7,602137.086
1653609600.0,85184.75,80506.78,82515.4,81974.09,28623.2,29387.0,28259.6,29194.0,506638.884
1653696000.0,83459.77,81350.5,82114.24,82591.13,29018.8,29265.7,28520.0,28623.3,193644.283
1653782400.0,88307.84,81354.88,85684.79,81611.05,29452.8,29595.2,28825.0,29018.8,215139.934
1653868800.0,93644.92,86117.19,88139.34,86147.29,31726.5,32307.6,29301.1,29452.6,502712.176
1653955200.0,91042.64,87436.48,87626.68,87436.48,31797.8,32427.5,31222.0,31726.5,383688.265
1654041600.0,90117.08,83490.95,83490.95,87997.36,29796.9,31986.1,29300.0,31797.9,556992.756
1654128000.0,87279.34,82472.17,85166.31,83552.77,30437.1,30750.0,29566.1,29796.9,370924.687
1654214400.0,86739.21,84098.71,84098.71,84362.21,29682.8,30693.2,29220.0,30437.1,357110.377
1654300800.0,84807.43,82484.27,82484.27,83718.93,29848.4,29988.0,29456.0,29682.8,187520.534
1654387200.0,83436.87,82245.45,82780.6,82547.83,29909.9,30250.0,29524.0,29848.5,205385.831
1654473600.0,95749.19,82936.02,95749.19,82950.9,31361.2,31780.0,29876.2,29910.0,436522.874
1654560000.0,95818.72,82276.79,84417.75,95818.72,31118.1,31599.0,29190.0,31361.2,691714.985
1654646400.0,89447.04,79772.94,79772.94,86334.93,30192.5,31325.0,29825.0,31118.0,455686.637
1654732800.0,84914.52,79846.7,84093.25,79846.7,30093.3,30691.9,29914.5,30192.6,307312.175
1654819200.0,88861.8,81901.1,88099.24,84610.76,29077.7,30374.1,28805.0,30093.4,445928.659
1654905600.0,90979.36,87977.94,89731.33,87977.94,28416.7,29427.9,28080.0,29077.7,391367.814
1654992000.0,90572.17,85093.01,85093.01,89758.28,26564.7,28530.3,26538.7,28416.6,560834.131
1655078400.0,85993.87,81488.44,82305.3,85993.87,22471.5,26877.0,21900.0,26564.7,1622521.56
1655164800.0,84982.78,81918.23,84263.4,82725.93,22122.7,23424.2,20823.0,22471.4,1247609.796
1655251200.0,90704.54,82256.87,83658.18,83843.67,22567.5,22800.0,20100.2,22122.7,1509301.169
1655337600.0,89926.43,83837.79,87859.73,84168.33,20387.4,23000.0,20222.0,22567.5,882634.22
1655424000.0,93450.45,88252.38,93450.45,90017.85,20457.3,21388.0,20228.0,20387.4,776153.257
1655510400.0,97906.02,89657.6,89657.6,94190.27,18959.7,20768.4,17593.2,20457.3,1268591.388
1655596800.0,98601.11,90426.22,91113.19,90426.22,20564.2,20821.0,17935.9,18959.7,1089275.674
1655683200.0,95518.7,90763.36,91377.58,91098.04,20570.1,21099.9,19630.0,20564.3,935816.13
1655769600.0,98251.75,91896.77,94601.86,91896.77,20713.1,21740.0,20337.8,20570.0,787173.936
1655856000.0,96910.95,93156,93876.64,93530.57,19977.4,20888.0,19745.7,20713.1,812184.193
1655942400.0,98093.21,92680.81,94761.12,94112.32,21096.6,21250.0,19874.0,19977.5,698753.04
1656028800.0,99686.34,95531.8,95531.8,95869.12,21231.2,21563.5,20732.5,21096.6,645450.778
1656115200.0,101800.86,94732.35,99669.49,95134.51,21481.9,21627.6,20894.0,21231.2,434117.447
1656201600.0,102788.45,96167.29,96167.29,100852.91,21029.1,21888.0,20952.0,21481.9,442787.736
1656288000.0,100346.48,96223.11,96309.41,96720.99,20730.0,21560.0,20500.0,21029.1,539335.009
1656374400.0,103895.05,96146.88,98768.05,96146.88,20268.6,21198.0,20188.0,20730.0,582916.108
1656460800.0,104888.89,98711.74,98843.69,99033.99,20109.9,20430.0,19817.2,20268.7,608905.99
1656547200.0,102761.62,97469.43,97993.97,98207.56,19923.5,20165.0,18563.0,20109.9,859981.415
1656633600.0,93484.13,90255.65,90873.42,93484.13,19272.0,20926.4,18948.8,19923.3,915399.363
1656720000.0,93733.9,90767.54,93733.9,90767.54,19240.9,19456.0,18959.0,19272.0,382851.525
1656806400.0,96393.43,91609.44,94770.48,93971.56,19305.9,19645.4,18780.1,19241.0,449508.331
1656892800.0,105291.08,94488.01,102468.66,94488.01,20226.6,20350.0,19046.3,19306.0,633310.187
1656979200.0,103985,96065.94,100006.23,102254.53,20170.0,20749.2,19291.6,20226.3,854238.867
1657065600.0,102369.02,100056.4,101960.68,100056.4,20554.1,20667.6,19753.0,20170.1,682076.458
1657152000.0,115762.12,102776.68,115540.11,102776.68,21613.4,21830.0,20244.9,20554.2,699841.616
1657238400.0,117379.11,106336.9,109681.79,116374.16,21587.9,22579.9,21175.2,21614.5,848144.495
1657324800.0,111224.35,108632.84,109868.4,109532.92,21580.0,22000.0,21309.6,21587.8,393372.366
1657411200.0,110882.88,104269.64,104269.64,109344.8,20853.8,21594.2,20600.0,21580.0,468176.539
1657497600.0,105674.9,103594.79,104174.27,104424.77,19954.3,20853.9,19870.0,20853.8,561245.987
1657584000.0,111461.98,104889.98,106770.32,105030.91,19322.9,20048.9,19228.3,19954.3,640560.723
1657670400.0,110311.53,106566.33,108422.81,106566.33,20220.1,20401.6,18901.0,19322.9,975938.165
1657756800.0,110348.65,104691.23,109526.82,104691.23,20578.6,20900.0,19600.0,20220.1,765989.53
1657843200.0,114739.39,107751.44,112462.34,109456.11,20823.1,21200.0,20364.3,20578.6,626763.692
1657929600.0,115700.92,111446.87,111980.8,112338.15,21183.5,21580.0,20471.0,20823.1,539206.87
1658016000.0,118671.63,111421.31,112592.43,111480.3,20794.4,21674.1,20742.0,21183.6,485537.728
1658102400.0,121440.4,109930.26,109930.26,112548.76,22423.9,22800.0,20764.4,20794.4,982867.734
1658188800.0,125802.02,106969.46,119809.32,109225.78,23385.9,23817.9,21575.0,22423.5,1124029.082
1658275200.0,122560.32,112514.84,112912.07,119220.32,23221.5,24277.0,22912.4,23385.9,946647.815
1658361600.0,117280.06,111529.57,112874.48,112353.86,23144.5,23441.1,22340.2,23221.5,723543.466
1658448000.0,118444.53,112478.19,117276.03,112587.08,22675.1,23750.0,22500.0,23144.5,633907.934
1658534400.0,122716.83,117090.72,118165.83,117090.72,22440.2,22990.0,21933.5,22675.0,505887.673
1658620800.0,117862.46,115363.31,115582.54,117862.46,22570.6,22999.0,22256.4,22440.1,462958.953
1658707200.0,115930.98,110747.78,110747.78,115586.56,21300.0,22656.8,21232.0,22570.6,695770.655
1658793600.0,114623.59,107634.17,113302.02,109872.13,21241.0,21334.4,20689.6,21300.0,552498.903
1658880000.0,115706.69,110079.88,113353.56,111245.76,22941.1,23100.0,21031.0,21241.0,753370.303
1658966400.0,114352.75,110539.64,113765.9,113894.78,23836.2,24194.6,22583.1,22941.1,756741.836
1659052800.0,117290.58,113430.14,114379.32,113430.14,23771.1,24500.0,23426.3,23836.2,642337.051
1659139200.0,124741.02,113016.12,116942.15,113354.73,23629.9,24700.0,23505.0,23771.0,493824.816
1659225600.0,117333.55,113060.09,114054.43,116941.3,23290.1,24187.3,23222.0,23630.0,385969.85
1659312000.0,118032.83,113423.83,114502.35,113423.83,23257.6,23497.0,22836.2,23290.1,498378.292
1659398400.0,115415.11,110586.27,112422.8,112124.31,22975.1,23448.7,22603.0,23257.6,625227.912
1659484800.0,122979.11,111016.27,115667.31,112133.66,22801.5,23650.0,22665.3,22975.1,569261.768
1659571200.0,114745.66,111398.33,112394.69,114745.66,22608.9,23211.3,22370.0,22801.5,548268.816
1659657600.0,113196.19,106953.43,106953.43,112004,23298.1,23450.0,22580.6,22608.9,593992.13
1659744000.0,111187.25,106828.23,110123.08,106828.23,22943.3,23341.8,22883.6,23298.0,227659.394
1659830400.0,111816.37,109766.91,111816.37,110106.2,23167.8,23400.0,22830.9,22943.2,271512.062
1659916800.0,124592.81,109815.77,118222.9,109890.8,23804.4,24243.0,23153.1,23167.9,565084.219
1660003200.0,117778.88,114832.79,115976.68,117778.88,23140.2,23913.4,22850.0,23804.3,498286.943
1660089600.0,117196.33,110503.28,112315.82,115884.93,23940.9,24235.2,22608.0,23140.1,760738.204
1660176000.0,123085.45,112007.74,116946.94,112007.74,23917.2,24972.0,23840.6,23941.0,760455.245
1660262400.0,118878.31,114177.18,117169.05,116989.98,24387.5,24438.8,23560.0,23917.3,477734.045
1660348800.0,121962.43,116161.81,120361.67,116161.81,24429.0,24879.0,24267.5,24387.5,431093.659
1660435200.0,124354.67,113382.31,113382.31,119898.95,24294.1,25065.0,24138.0,24429.0,437314.32
1660521600.0,119082.66,109591.22,109824.12,114185.59,24085.2,25200.0,23762.0,24294.1,739390.721
1660608000.0,111053.62,107319.78,109105.79,108433.94,23843.0,24234.0,23650.0,24085.2,460919.994
1660694400.0,116908.7,108333.85,116908.7,109268.01,23333.1,24437.0,23170.0,23843.0,640600.903
1660780800.0,118217.4,115980.44,116576.94,117196.24,23185.1,23595.0,23101.0,23333.1,347699.006
1660867200.0,119066.1,107146.47,108492.46,116316.98,20824.9,23200.0,20760.0,23185.0,906609.825
1660953600.0,113043.61,108424.29,108722.62,109087.12,21127.8,21368.9,20742.9,20825.0,490507.042
1661040000.0,111688.14,108396.94,110049.68,108396.94,21505.6,21804.6,21055.0,21127.7,424282.424
1661126400.0,111373.97,107185.51,109395.98,109425.04,21387.0,21550.0,20858.6,21505.6,588764.597
1661212800.0,113518.3,107815.55,110678.7,108769.07,21518.2,21667.2,20874.8,21387.0,609745.27
1661299200.0,115012.53,109576.67,111831.33,110071.44,21354.9,21925.6,21132.3,21518.2,502728.198
1661385600.0,114286.96,109315.55,111642.4,111424.8,21548.3,21810.9,21295.3,21355.0,415757.992
1661472000.0,120973.03,111320.09,120973.03,111690.6,20228.7,21867.6,20100.0,21548.3,896474.356
1661558400.0,119325.52,116741.88,119047.64,117182.79,20023.9,20367.7,19744.0,20228.7,469598.024
1661644800.0,120482.34,117822.77,119194.49,119342.26,19547.5,20155.0,19508.0,20024.0,386405.195
1661731200.0,123278.16,118027.61,120719.29,118027.61,20275.5,20440.0,19539.4,19547.5,598076.669
1661817600.0,127159.2,117562.91,121636.7,120095.08,19803.1,20574.0,19524.4,20275.5,767714.993
1661904000.0,121630.87,112248.24,112248.24,121372.87,20041.5,20496.0,19787.9,19803.2,711639.339
1661990400.0,125953.43,111332.05,118105.2,112589.97,20122.5,20198.3,19555.0,20041.4,691594.721
1662076800.0,120458.73,114923.25,115338.08,117919.22,19941.0,20434.3,19736.0,20122.6,669047.816
1662163200.0,126805.52,114630.91,126517.25,114846.49,19820.7,20050.0,19628.7,19941.0,285240.989
1662249600.0,134668.71,124117.57,124138.91,126310.83,19992.7,20022.4,19570.0,19820.7,396798.184
1662336000.0,133491.22,122067.29,127642.35,122304.16,19784.9,20046.7,19620.2,19992.7,446706.41
1662422400.0,136427.98,122543.04,131434.4,128408.82,18781.5,20174.7,18600.0,19784.9,945489.142
1662508800.0,135906.16,122791.12,122992.62,131636.35,19287.0,19455.0,18500.0,18781.4,595636.693
1662595200.0,122769.88,119257.49,119257.49,122041.91,19309.3,19450.0,19003.8,19287.0,537268.644
1662681600.0,139030.74,119472.68,138141.97,119472.68,21352.0,21666.0,19283.0,19309.3,992497.1
1662768000.0,141074.8,136083.2,137427.95,136083.2,21639.5,21825.0,21112.2,21352.0,491543.206
1662854400.0,141959.38,137178.47,141539.99,138016.62,21820.3,21883.4,21336.0,21639.5,420979.326
1662940800.0,146494.26,136006.52,144866.6,142664.32,22386.0,22474.0,21540.0,21820.3,818601.932
1663027200.0,146052.32,122000.24,122455.42,145393.68,20162.5,22850.0,19840.0,22386.0,1218769.927
1663113600.0,122893.35,117612.57,117612.57,122080.12,20217.0,20528.5,19600.0,20162.6,661802.597
1663200000.0,118876.89,116575.08,118173.51,117434.29,19690.8,20315.0,19453.0,20217.0,665862.067
1663286400.0,122279.58,118537.69,122121.74,118537.69,19792.5,19878.0,19300.0,19690.8,544608.804
1663372800.0,126002.14,122212.67,124953.83,122385.28,20102.0,20182.6,19739.4,19792.4,334678.558
1663459200.0,126565.53,122025.76,124160.78,124934.74,19404.5,20105.3,19325.8,20102.0,499916.474
1663545600.0,125017.37,114182.02,116203.67,124798.3,19528.6,19686.3,18215.0,19404.5,993776.352
1663632000.0,120817.95,115669.72,116044.21,115717.22,18866.8,19625.0,18690.1,19528.6,794623.932
1663718400.0,122384.94,112446.25,113895.21,115846.46,18447.5,20154.1,18084.3,18866.7,1168068.979
1663804800.0,121690.84,114668.33,121219.21,114668.33,19392.5,19504.8,18345.2,18447.5,852898.391
1663891200.0,126944.8,117966.3,117966.3,122071.32,19280.7,19492.0,18518.5,19392.5,838493.746
1663977600.0,122803.56,117262.13,120124.41,117262.13,18911.0,19304.5,18798.0,19280.7,377158.215
1664064000.0,121696.67,118644.75,121452,120208.32,18799.7,19196.0,18621.0,18910.9,410461.603
1664150400.0,128400.4,121048.25,127245.43,121930.76,19216.3,19311.5,18671.0,18799.7,777807.518
1664236800.0,148707.93,127692.36,128441.7,128304.37,19070.1,20375.0,18801.5,19216.3,1300566.158
1664323200.0,134753.88,128300.16,130413.18,128831.46,19407.3,19787.6,18460.0,19070.1,1141222.772
1664409600.0,132247.18,126536.22,130554.6,130822,19582.5,19648.8,18827.2,19407.4,991678.224
1664496000.0,149993.82,126564.32,126564.32,132495.77,19411.7,20172.7,19066.0,19582.5,1071462.934
1664582400.0,127213.07,125155.1,126113.02,125456.88,19304.0,19474.0,19140.0,19411.6,294457.009
1664668800.0,130085.13,125209.08,129859.39,126171.28,19049.4,19389.0,18896.0,19304.0,414970.451
1664755200.0,135376.77,126357.11,135376.77,126610.74,19622.0,19723.7,18950.8,19049.3,621816.329
1664841600.0,166242.24,135573.38,166242.24,135574.75,20333.0,20500.0,19480.1,19621.9,796678.762
1664928000.0,167250.46,158824,159263.76,166109.08,20150.0,20356.1,19707.0,20332.9,719577.149
1665014400.0,167664.07,156996.55,157799.15,159174.94,19954.0,20443.9,19843.3,20149.9,782034.669
1665100800.0,156749.81,146816.03,146816.03,156621.29,19520.9,20067.0,19304.4,19954.0,673407.102
1665187200.0,146534.58,142919.37,145092.14,146534.58,19406.2,19619.6,19200.0,19520.9,253257.201
1665273600.0,147062.7,144437.33,145405.55,144437.33,19430.0,19550.0,19310.0,19406.3,267178.795
1665360000.0,153600.43,144935.79,151403.15,145405.58,19124.0,19513.0,19000.0,19430.0,560920.904
1665446400.0,157681.03,151202.94,155696.4,151688.5,19055.0,19260.0,18850.0,19124.1,603358.324
1665532800.0,157721.23,151706.74,151706.74,156139.89,19148.0,19240.0,18924.3,19055.0,406770.288
1665619200.0,159316.46,149834.54,152343.5,151050.97,19365.5,19498.6,17917.8,19148.1,1104615.001
1665705600.0,156914.56,146766.6,146841.28,153088.73,19164.6,19947.9,19059.6,19365.4,861453.21
1665792000.0,150677.88,146129.73,149518.45,146417.85,19060.4,19218.8,18966.0,19164.6,241520.185
1665878400.0,149245.49,142929.44,143130.32,148589.08,19251.9,19415.9,19058.0,19060.4,267921.192
1665964800.0,157428.05,142991.25,156117.07,142991.25,19540.6,19666.0,19148.0,19251.8,502319.759
1666051200.0,165481.08,152095.6,152717.44,156452.75,19320.9,19706.4,19081.0,19540.7,634343.154
1666137600.0,156798.81,152649.72,153595.58,152649.72,19116.7,19349.8,19050.0,19320.9,404370.458
1666224000.0,155859.55,151025.3,155859.55,154013.4,19034.7,19350.0,18882.4,19116.6,537627.048
1666310400.0,160977.24,150281.5,150300.46,156767.99,19150.9,19240.0,18600.0,19034.8,581878.905
1666396800.0,151184.54,148807.15,150559.93,150110.76,19195.1,19250.0,19103.5,19151.0,174055.042
1666483200.0,160175.12,150104.09,160135.03,150580.05,19560.7,19690.0,19050.0,19195.1,358611.542
1666569600.0,161105.74,146191.16,146376.13,161041.45,19318.1,19593.3,19146.0,19560.6,476676.536
1666656000.0,169915.26,146234.44,164111.18,146293.73,20068.3,20415.0,19228.0,19318.1,777306.534
1666742400.0,170201.72,164610.42,167239.71,164610.42,20758.3,21030.0,20041.1,20068.3,841864.982
1666828800.0,166932.49,152304.6,152304.6,166690.46,20285.5,20863.7,20170.0,20758.4,614910.045
1666915200.0,151942.79,146245.19,146740.75,151942.79,20582.8,20740.0,19951.0,20285.6,595538.882
1667001600.0,153727.13,147033.13,153087.9,147033.13,20796.7,21088.0,20547.8,20582.7,482217.17
1667088000.0,152876.19,145073.18,145073.18,152876.19,20615.6,20925.2,20503.0,20796.7,295389.69
1667174400.0,145496.99,134526.3,134526.3,144061.94,20482.0,20838.7,20225.4,20615.5,478797.266
1667260800.0,137842.52,133583.61,135154.31,134366.02,20472.1,20687.0,20320.0,20482.1,314676.187
1667347200.0,135160.2,130193.73,130220.43,135160.2,20140.1,20796.0,20050.0,20472.1,651535.761
1667433600.0,132354.12,127474.51,129625.51,129815.54,20199.7,20400.0,20026.0,20140.2,372121.061
1667520000.0,147777.41,129361.14,141313.19,129505.71,21137.6,21297.0,20171.6,20199.8,824515.215
1667606400.0,149633.28,141342.82,148327.66,142073.56,21289.9,21473.7,21071.1,21137.6,303983.372
1667692800.0,148182.82,141653.97,141653.97,147881.11,20900.0,21355.8,20863.3,21289.8,277148.646
1667779200.0,139570.65,129752.86,129752.86,139297.35,20578.6,21062.6,20374.0,20900.0,554408.316
1667865600.0,132842.44,121101.83,121119.49,130210.41,18534.0,20685.0,16830.0,20578.5,2046476.313
1667952000.0,134236.47,118978.63,131357.46,120003.52,15905.0,18574.9,15462.6,18533.9,2065606.412
1668038400.0,134098.51,122684.34,122684.34,132261.75,17588.0,18230.0,15730.0,15905.0,1497093.602
1668124800.0,125126.62,119706.61,119817,122334.43,17058.3,17678.0,16343.0,17588.0,955344.602
1668211200.0,119054.98,117631.86,117678.96,117631.86,16806.9,17110.8,16623.8,17058.4,304455.717
1668297600.0,118575.03,115949.3,118575.03,117560.63,16321.2,16950.0,16210.3,16806.9,349742.836
1668384000.0,122281.11,115350.57,116258.36,119211.2,16605.2,17188.0,15805.5,16321.3,934392.484
1668470400.0,121160.77,115335.65,117464.67,115436.23,16888.3,17127.2,16516.7,16605.3,649349.458
1668556800.0,125945.2,117744.17,125138.61,117744.17,16650.6,17007.4,16358.0,16888.3,537241.645
1668643200.0,126345.85,123207.73,124265.66,123207.73,16682.1,16741.7,16403.3,16650.7,408989.285
1668729600.0,125735.18,121112.07,121112.07,124497.3,16689.7,16984.4,16541.1,16682.1,388612.842
1668816000.0,121316.9,119764.73,119764.73,120831.5,16692.9,16814.5,16543.8,16689.7,171822.915
1668902400.0,121032.05,118765.02,120150,119623.04,16272.6,16743.9,16167.1,16693.0,327599.214
1668988800.0,129344,121296.05,129033.18,121296.05,15773.0,16304.3,15443.2,16272.7,790219.365
1669075200.0,129732.8,127589.05,127589.05,129027.91,16220.6,16309.0,15610.3,15772.9,579333.644
1669161600.0,129898.84,123505.72,123505.72,127681.47,16595.8,16703.4,16155.5,16220.5,546714.91
1669248000.0,125986.07,122503.09,123909.77,123272.07,16592.4,16800.0,16450.0,16595.8,351024.418
1669334400.0,127098.79,123864.29,126229.25,123864.29,16516.1,16639.9,16331.7,16592.5,306560.116
1669420800.0,126107.04,125076.5,126088.58,125437.43,16449.2,16699.1,16369.1,16516.2,253401.659
1669507200.0,127638.81,124791.79,127494.59,126145.55,16422.6,16594.2,16396.0,16449.2,189370.345
1669593600.0,127131.25,123464.06,124946.87,126737.76,16204.5,16475.0,15984.1,16422.5,497137.869
1669680000.0,129331.6,124361.58,127677.69,124980.27,16433.2,16543.0,16088.0,16204.6,391410.854
1669766400.0,127557.71,123949.27,125779.75,127494.72,17153.3,17248.3,16421.5,16433.3,620324.95
1669852800.0,131332.56,127080.39,129845.68,127080.39,16970.5,17348.5,16851.2,17153.4,411051.309
1669939200.0,130546.64,128223.52,128788.77,129845.68,17083.0,17096.3,16760.0,16970.5,335039.215
1670025600.0,130485.2,128058.99,129638.94,128788.77,16879.5,17160.0,16850.1,17083.0,185257.242
1670112000.0,139719.11,129352.29,135962.08,129638.94,17099.5,17206.2,16874.1,16879.5,292090.868
1670198400.0,138220.13,122732.63,122844.58,135962.08,16958.3,17430.0,16860.6,17099.5,519961.39
1670284800.0,122844.58,110520.22,110521.61,122844.58,17078.6,17100.0,16899.9,16958.2,321330.613
1670371200.0,110907.72,104194.92,107670.22,110521.61,16828.0,17130.0,16655.0,17078.7,337778.925
1670457600.0,111072.77,106842.28,110651.3,107670.22,17216.0,17294.9,16710.4,16828.0,402157.335
1670544000.0,113092.39,108933.69,108933.69,110651.3,17122.0,17365.4,17052.0,17216.0,290231.183
1670630400.0,111523.42,108878.68,109872.59,108933.69,17120.0,17228.6,17081.0,17122.0,141895.207
1670716800.0,111360.19,108423.17,109047.28,109872.59,17077.3,17265.0,17060.0,17120.1,171004.111
1670803200.0,109150.35,102972.47,104583.51,109047.28,17200.0,17237.9,16865.0,17077.3,335856.258
1670889600.0,111368.99,104393.04,107207.88,104583.51,17777.1,18100.0,17076.0,17200.0,596851.291
1670976000.0,113055.58,106274.09,111787.37,107207.88,17803.9,18400.0,17659.4,17777.1,627511.699
1671062400.0,112279.23,107690.67,108230.49,111787.37,17351.8,17849.5,17258.0,17804.0,437284.037
1671148800.0,108300.59,97593.44,98131.3,108230.49,16624.1,17528.0,16521.1,17351.9,622150.245
1671235200.0,100559.74,97512.23,99333.57,98131.3,16768.0,16790.0,16571.8,16624.1,248465.273
1671321600.0,100959.03,98341.01,98436.52,99333.57,16730.3,16872.0,16656.0,16768.1,185898.213
1671408000.0,102037.75,96942.38,97353.28,98436.52,16429.2,16809.6,16210.0,16730.4,344728.552
1671494400.0,98498.94,94221.88,95126.92,97353.28,16887.2,17049.6,16390.3,16429.2,476171.098
1671580800.0,97260.19,94585.11,95780.26,95126.92,16819.6,16924.2,16694.2,16887.3,227752.335
1671667200.0,102263.04,95780.26,99463.28,95780.26,16815.5,16861.9,16556.1,16819.7,306610.961
1671753600.0,100502.23,96462.56,98291.97,99463.28,16776.4,16960.0,16690.0,16815.5,264553.42
1671840000.0,99331.25,97954.68,98004.05,98291.97,16828.9,16859.9,16774.4,16776.3,82410.79
1671926400.0,98476.48,96768.35,97401.08,98004.05,16824.4,16850.0,16700.0,16829.0,144075.843
1672012800.0,98143.83,96380.02,96540.24,97401.08,16912.9,16936.8,16781.1,16824.5,148128.699
1672099200.0,103244.02,96016.58,103196.12,96540.24,16698.2,16968.0,16580.0,16912.8,262828.564
1672185600.0,106555.35,101760.25,106392.65,103196.12,16539.0,16778.3,16455.6,16698.2,344649.858
1672272000.0,107850.03,105752.82,106936.42,106392.65,16630.3,16659.0,16485.1,16538.9,208591.531
1672358400.0,110080.44,106790.25,107691.79,106936.42,16601.2,16666.6,16320.0,16630.3,295630.49
1672444800.0,108422.33,105190.46,105692.78,107691.79,16537.6,16640.0,16461.8,16601.2,134462.156
1672531200.0,108930.81,105561.14,108854.59,105692.78,16610.3,16618.8,16488.0,16537.5,105502.965
1672617600.0,108882,105155.14,105155.14,108854.59,16666.0,16799.0,16541.2,16610.4,215161.176
1672704000.0,108286.83,105046.4,105095.11,105155.14,16667.2,16774.0,16600.3,16665.9,203070.205
1672790400.0,105336.93,101441.85,101527.77,105095.11,16842.1,16984.6,16645.7,16667.3,349747.838
1672876800.0,104790.51,100961.28,103940.72,101527.77,16823.8,16872.8,16740.4,16842.2,176369.347
1672963200.0,105450.2,102646.02,103606.14,103940.72,16943.8,17030.0,16664.8,16823.8,316973.629
1673049600.0,105848.08,103606.14,105490.97,103606.14,16936.5,16973.6,16900.1,16943.9,77973.105
1673136000.0,106390.29,102727.5,102822.73,105490.97,17124.7,17181.1,16905.0,16936.5,157717.318
1673222400.0,108411.79,102822.73,103305.96,102822.73,17169.7,17387.8,17098.2,17124.6,400277.809
1673308800.0,113091.77,103031.62,113090.62,103305.96,17428.8,17485.4,17140.4,17169.6,297320.371
1673395200.0,114415.85,106209.4,106927,113090.62,17935.7,18013.2,17306.4,17428.8,386277.106
1673481600.0,113387.07,104050.11,108920.99,106927,18838.0,19120.0,17902.4,17935.6,1040334.76
1673568000.0,116864.28,108920.99,111319.66,108920.99,19924.2,19997.8,18711.0,18838.1,806807.832
1673654400.0,111352.05,90925.08,93682.13,111319.66,20962.8,21544.0,19882.6,19924.3,1010666.683
1673740800.0,97004.65,92042.77,94267.26,93682.13,20882.7,21073.8,20556.0,20962.8,428486.559
1673827200.0,99739.54,91958.29,97971.75,94267.26,21188.3,21498.0,20606.6,20882.7,666148.201
1673913600.0,102453.1,95944.51,101982.73,97971.75,21130.9,21640.0,20827.8,21188.2,547390.593
1674000000.0,106211.32,99528.03,101713.36,101982.73,20680.0,21672.0,20386.0,21130.8,813785.517
1674086400.0,105539.05,100683.11,105068.19,101713.36,21068.3,21183.9,20659.9,20680.1,374733.617
1674172800.0,111328.64,95597.41,98669.82,105068.19,22661.1,22750.0,20856.4,21068.3,723645.2
1674259200.0,100714.03,92382.8,95498.7,98669.82,22781.9,23390.0,22422.0,22661.0,764681.1
1674345600.0,97125.86,93581.59,94282.09,95498.7,22704.6,23080.2,22287.0,22781.8,482529.811
1674432000.0,96539.2,92023.12,92121.03,94282.09,22913.1,23193.1,22500.0,22704.7,525802.84
1674518400.0,94629.84,91321.77,92273.67,92121.03,22627.4,23158.7,22450.0,22913.3,505615.816
1674604800.0,95176.49,85528.43,85901.01,92273.67,23060.6,23837.4,22310.5,22627.5,692786.607
1674691200.0,90207.3,85596.69,88639.93,85901.01,23001.9,23278.7,22843.8,23060.6,427760.786
1674777600.0,92397,86459.85,90142.17,88639.93,23068.0,23500.0,22516.6,23001.9,509920.307
1674864000.0,90939.29,89321.37,90402.88,90142.17,23015.9,23185.0,22870.8,23068.1,186400.943
1674950400.0,105147.69,89375.11,103276.93,90402.88,23740.3,23962.7,22961.5,23016.0,562028.231
1675036800.0,104910.57,93246.05,93416.2,103276.93,22819.9,23804.6,22484.2,23740.2,572537.407
1675123200.0,101123.5,93324.39,97518.54,93416.2,23119.4,23330.0,22715.3,22819.9,403726.966
1675209600.0,100555.86,95534.08,100274.53,97518.54,23730.0,23852.4,22747.0,23119.5,571429.711
1675296000.0,100666.38,96931.11,97798.21,100274.53,23493.1,24281.4,23365.0,23730.1,615740.338
1675382400.0,100907.13,96641.07,96641.07,97798.21,23424.7,23719.9,23201.0,23493.0,470831.438
1675468800.0,99698.45,95658.72,98604.73,96641.07,23322.6,23591.4,23250.0,23424.7,197118.393
1675555200.0,103586.95,98604.73,102608.5,98604.73,22929.2,23436.0,22741.0,23322.6,356665.034
1675641600.0,106054.31,102041.56,103065.56,102608.5,22757.7,23159.4,22600.0,22929.3,417160.143
1675728000.0,105508.95,100417.44,101400.65,103065.56,23234.1,23368.6,22742.4,22757.8,447273.494
1675814400.0,107919.73,100456.57,104903.59,101400.65,22955.9,23450.0,22662.9,23234.1,383465.481
1675900800.0,107958.57,98953.83,99817.78,104903.59,21793.4,23007.8,21684.7,22955.9,732295.35
1675987200.0,104399.6,99817.78,101858.94,99817.78,21618.6,21933.8,21405.0,21793.3,439986.497
1676073600.0,105340.24,101274.97,101867.6,101858.94,21851.3,21891.9,21594.4,21618.6,189249.667
1676160000.0,102299.47,97795.83,98993.02,101867.6,21771.1,22080.9,21618.0,21851.2,276787.093
1676246400.0,104515.52,98597.8,100152.33,98993.02,21766.2,21888.0,21338.0,21771.0,511595.693
1676332800.0,104631.03,99121.24,103429.88,100152.33,22187.4,22320.0,21485.2,21766.1,598791.509
1676419200.0,111704.29,102243.91,108680.47,103429.88,24332.6,24420.0,22038.5,22187.4,824676.471
1676505600.0,114655.6,106531.32,108299.9,108680.47,23526.6,25290.0,23518.0,24332.7,959463.159
1676592000.0,110047.87,101936.89,107854.72,108299.9,24581.5,25043.2,23350.0,23526.6,922717.148
1676678400.0,110850.65,107650.74,110174.71,107854.72,24636.9,24887.5,24430.6,24581.3,261555.556
1676764800.0,116699.32,106924.79,106962.86,110174.71,24265.9,25200.0,24179.4,24636.8,543506.628
1676851200.0,114604.06,104369.24,111204.95,106962.86,24849.9,25140.0,23827.0,24265.9,646401.072
1676937600.0,118037.7,108101.32,109683.31,111204.95,24443.4,25347.6,24150.0,24849.9,729290.575
1677024000.0,112481.84,105148.38,105258.41,109683.31,24171.3,24468.5,23572.0,24443.3,730414.101
1677110400.0,107908.15,103798.4,104264.61,105258.41,23928.8,24588.0,23590.0,24171.3,751339.414
1677196800.0,110336.41,103338.53,105788.58,104264.61,23175.6,24138.6,22800.0,23928.7,731577.942
1677283200.0,112431.79,105654.35,109621.68,105788.58,23146.2,23210.5,22700.0,23175.5,310795.648
1677369600.0,110410.51,105787.21,106768.94,109621.68,23545.3,23675.0,23050.0,23146.2,371395.056
1677456000.0,108567.81,100300.74,100739.6,106768.94,23480.0,23888.0,23088.0,23545.2,576754.966
1677542400.0,104602.15,100214.9,103324.96,100739.6,23129.6,23592.8,23010.0,23480.0,456919.838
1677628800.0,108521.35,102950.39,103708.81,103324.96,23619.8,24022.7,23008.4,23129.7,617250.311
1677715200.0,110500.77,103375.16,108424.91,103708.81,23457.1,23790.5,23183.0,23619.8,419256.601
1677801600.0,108704.89,99609.67,101615.51,108424.91,22342.8,23468.5,21883.2,23457.1,608518.137
1677888000.0,101824.12,98316.8,99547,101615.51,22335.7,22400.0,22147.5,22342.8,175309.211
1677974400.0,101275.7,96405.71,99444.75,99547,22419.4,22650.0,22174.9,22335.8,282261.745
1678060800.0,107426.48,99003.97,103611.47,99444.75,22397.1,22594.5,22240.1,22419.3,298976.397
1678147200.0,105135.12,102088.93,104658.7,103611.47,22187.1,22550.0,21908.0,22397.1,548494.099
1678233600.0,109671.6,103302.64,107107.95,104658.7,21695.4,22276.4,21540.5,22187.1,547867.967
1678320000.0,115515.38,98742.81,99050.22,107107.95,20348.3,21823.0,20003.5,21695.3,951903.36
1678406400.0,101472.02,93896.17,96751.87,99050.22,20140.3,20351.8,19521.6,20348.4,1238135.265
1678492800.0,97795.62,90201.75,92235.73,96751.87,20447.3,20674.5,19752.5,20140.3,753479.558
1678579200.0,97293.64,85834.67,87568.7,92235.73,21986.2,22184.0,20262.2,20447.3,881522.402
1678665600.0,100576.95,87568.7,99048.07,87568.7,24119.5,24517.2,21804.0,21986.2,1534982.176
1678752000.0,115046.89,95566.48,96712.29,99048.07,24682.5,26489.9,23951.0,24119.5,1572562.635
1678838400.0,104788.13,92802.72,93299.95,96712.29,24288.0,25200.0,23888.0,24682.5,1102056.429
1678924800.0,106759.07,93299.95,103835.37,93299.95,24990.4,25167.9,24120.5,24287.9,735446.946
1679011200.0,119006.09,102367.04,106755.16,103835.37,27384.0,27763.4,24875.3,24990.5,1341159.064
1679097600.0,110144.66,102978.5,106578.02,106755.16,26907.0,27726.4,26555.5,27383.9,740232.316
1679184000.0,112533.63,106307.71,112007.18,106578.02,27955.7,28397.0,26815.9,26907.0,759367.078
1679270400.0,118943.39,107159.08,111135.42,112007.18,27704.1,28483.2,27120.6,27955.8,937223.448
1679356800.0,116308.39,109521.35,110475.43,111135.42,28091.1,28460.0,27288.0,27704.1,685487.714
1679443200.0,115105.68,102259.72,102321.64,110475.43,27233.8,28881.0,26590.0,28091.1,1080393.27
1679529600.0,108760.08,101366.71,104108.36,102321.64,28284.1,28777.0,27101.0,27233.8,808174.047
1679616000.0,107116.79,98025.19,98124.71,104108.36,27438.9,28369.1,26960.0,28284.0,696075.37
1679702400.0,100918.39,97101.08,97229.22,98124.71,27447.3,27788.0,27131.8,27439.0,335674.055
1679788800.0,103877.03,96961.36,102443.61,97229.22,27954.3,28186.9,27400.0,27447.2,399756.985
1679875200.0,105607.92,98600.12,98844.47,102443.61,27112.0,28019.4,26480.0,27954.3,642434.822
1679961600.0,102794.14,98788.26,102253.78,98844.47,27249.7,27500.0,26610.0,27112.0,585080.772
1680048000.0,110821.47,100392.88,109417.08,102253.78,28338.5,28649.9,27223.6,27249.7,655852.971
1680134400.0,110068.87,101175.58,101867.16,109417.08,28015.0,29184.8,27654.1,28338.6,770966.1
1680220800.0,108669.68,100342.33,107684.86,101867.16,28454.9,28675.3,27500.0,28015.0,611557.29
1680307200.0,108125.54,105608.07,105946.33,107684.86,28443.8,28845.3,28180.0,28454.8,256487.222
1680393600.0,108372.4,103605.1,104922.32,105946.33,28161.2,28516.5,27820.0,28443.7,316658.67
1680480000.0,105241.22,93685.73,94326.54,104922.32,27786.1,28540.0,27166.0,28161.3,741665.563
1680566400.0,100164.07,94199.69,97209.34,94326.54,28155.2,28450.0,27650.2,27786.1,432370.612
1680652800.0,102054.87,95292.47,96117.27,97209.34,28154.0,28800.0,27775.0,28155.1,543712.838
1680739200.0,101774.25,95964.72,98536.33,96117.27,28022.8,28175.0,27684.2,28154.0,355916.782
1680825600.0,102609.74,98441.57,101973.74,98536.33,27890.7,28096.0,27755.0,28022.9,219250.178
1680912000.0,102240.58,100963.39,101806.74,101973.74,27924.9,28153.6,27850.1,27890.7,159129.56
1680998400.0,103984.47,99106.76,103684.39,101806.74,28309.4,28539.1,27762.8,27924.9,305861.88
1681084800.0,121989.02,103341.5,118583.37,103684.39,29623.1,29840.0,28153.6,28309.4,580061.925
1681171200.0,119470.7,111911.54,114101.4,118583.37,30185.1,30564.0,29573.9,29623.1,628978.491
1681257600.0,115356.07,110981.48,113825.96,114101.4,29875.0,30480.0,29620.0,30185.1,563668.43
1681344000.0,116687.08,110724.11,112053.99,113825.96,30362.7,30648.9,29836.7,29874.9,436182.494
1681430400.0,112204.44,99686.57,99957.16,112053.99,30453.1,31059.0,29925.0,30362.7,615391.615
1681516800.0,102065.3,99698.15,101319.12,99957.16,30280.4,30599.9,30186.0,30453.0,180234.082
1681603200.0,102238.86,99746.72,100077.65,101319.12,30286.6,30560.0,30102.0,30280.4,210226.019
1681689600.0,101924.65,97354.44,100617.89,100077.65,29420.0,30307.4,29219.9,30286.6,455518.548
1681776000.0,101321.73,97872.52,99077.68,100617.89,30365.8,30480.0,29078.1,29420.1,533189.27
1681862400.0,102810.83,94510.63,96417.72,99077.68,28795.1,30410.0,28557.3,30365.8,643866.11
1681948800.0,100708.83,96182.72,99071.82,96417.72,28229.9,29078.0,27983.0,28795.0,639179.286
1682035200.0,106222.77,99071.82,102377.22,99071.82,27252.5,28368.9,27100.0,28229.9,687832.833
1682121600.0,107227.3,102377.22,104767.34,102377.22,27807.2,27888.0,27126.0,27252.6,345549.021
1682208000.0,106634.48,103126.36,103424.45,104767.34,27576.0,27807.3,27279.7,27807.2,332082.355
1682294400.0,106318.95,101342.6,102573.04,103424.45,27497.5,28000.0,26919.3,27575.9,581268.268
1682380800.0,104456.61,100344.66,101865.37,102573.04,28286.7,28379.9,27176.6,27497.4,508254.515
1682467200.0,109129.24,89962.48,92530.63,101865.37,28395.9,30048.2,27200.0,28286.7,1284924.668
1682553600.0,99839.88,89702.82,99128.75,92530.63,29459.0,29898.0,28365.3,28396.0,952584.739
1682640000.0,103610.78,98939.07,100399.45,99128.75,29300.0,29591.1,28870.0,29459.0,508350.155
1682726400.0,103417.24,100036.39,100323.92,100399.45,29212.7,29443.9,29000.4,29300.0,218013.244
1682812800.0,105280.87,98481.44,98481.44,100323.92,29223.0,29950.0,29067.4,29212.7,417798.846
1682899200.0,104295.33,95110.68,101951.27,98481.44,28054.4,29325.5,27650.0,29223.0,624974.488
1682985600.0,107098.36,101146.1,101412.38,101951.27,28656.5,28888.0,27854.0,28054.5,513546.269
1683072000.0,101899.02,94896.71,96975.36,101412.38,29018.4,29258.4,28080.0,28656.4,676466.23
1683158400.0,103074.41,96940.63,101258.78,96975.36,28826.0,29380.0,28660.0,29018.4,426425.584
1683244800.0,106851.31,99039.19,105092.19,101258.78,29491.5,29693.0,28618.3,28826.0,578485.177
1683331200.0,105629.89,98030.39,98695.39,105092.19,28837.8,29840.0,28333.0,29491.5,475628.901
1683417600.0,100703.6,97705.57,100024.99,98695.39,28419.4,29137.0,28370.0,28837.9,308410.643
1683504000.0,106700.06,99490.66,105639.12,100024.99,27659.8,28624.6,27250.0,28419.5,658188.777
1683590400.0,111341.84,105128.59,108501.25,105639.12,27610.2,27815.6,27316.8,27659.8,367664.686
1683676800.0,109442.28,100861.55,101867.76,108501.25,27582.9,28297.0,26666.6,27610.2,722502.676
1683763200.0,110064.82,101379.65,108759.58,101867.76,26956.4,27630.0,26688.8,27583.0,538822.363
1683849600.0,113409.92,106832.23,106886.18,108759.58,26785.1,27090.0,25751.0,26956.4,615645.508
1683936000.0,109062.43,105548.35,107539.65,106886.18,26762.7,27051.5,26674.9,26785.2,242694.929
1684022400.0,109281.95,105995.2,107815.12,107539.65,26901.9,27200.0,26557.0,26762.8,247579.427
1684108800.0,108877.73,106442.47,107244.88,107815.12,27152.5,27650.0,26694.4,26901.9,450263.076
1684195200.0,109790.21,104693.02,108801.71,107244.88,27024.8,27284.7,26832.0,27152.5,373172.951
1684281600.0,112909.11,107201.6,107824.65,108801.71,27395.8,27500.0,26527.5,27024.7,490065.218
1684368000.0,110295.77,104394.9,104896.17,107824.65,26809.3,27482.7,26335.3,27395.7,544971.979
1684454400.0,106667.75,104119.28,104121.33,104896.17,26870.1,27180.0,26611.2,26809.4,324097.956
1684540800.0,106198.69,103778.13,104806.25,104121.33,27089.5,27144.4,26813.5,26870.1,137515.354
1684627200.0,107202.62,103945.79,106079.54,104806.25,26732.8,27288.0,26642.0,27089.6,238776.425
1684713600.0,109541.07,105059.01,105283.77,106079.54,26840.2,27097.8,26500.0,26732.8,328030.52
1684800000.0,106088.06,103167.69,105000.3,105283.77,27209.9,27527.5,26782.6,26840.2,369176.618
1684886400.0,115903.64,103326.44,114971.52,105000.3,26313.8,27212.9,26060.0,27209.9,535191.677
1684972800.0,117927.75,110989.93,111996.09,114971.52,26461.8,26644.0,25850.0,26313.9,394535.225
1685059200.0,112057.16,106056.27,106119.9,111996.09,26689.9,26925.0,26313.9,26461.7,324475.546
1685145600.0,109122.95,106103.91,108501.61,106119.9,26841.6,26890.0,26528.6,26689.8,163681.935
1685232000.0,114607.99,106481.93,111022.91,108501.61,28055.7,28252.8,26746.0,26841.6,440115.394
1685318400.0,113193.63,108841.23,111672.26,111096,27722.0,28442.0,27513.5,28055.8,411290.549
1685404800.0,112299.22,110246.28,111176.22,111672.26,27680.1,28038.6,27530.0,27722.1,334379.313
1685491200.0,114095.54,108210.75,111661,111176.22,27201.1,27825.0,26826.0,27680.0,471381.89
1685577600.0,115315.33,108696.49,113543.48,111661,26805.3,27347.9,26600.0,27201.1,404787.572
1685664000.0,114671.04,112393.22,112593.16,113543.48,27227.8,27290.0,26477.6,26805.3,391110.093
1685750400.0,114532.15,111986.18,114458.29,112593.16,27054.9,27340.2,26900.0,27227.8,182464.1
1685836800.0,115186.71,108719.63,108783.3,114458.29,27102.4,27460.0,26935.3,27054.9,218271.544
1685923200.0,121120.59,108783.3,119538.07,108783.3,25714.7,27125.0,25360.1,27102.4,700502.548
1686009600.0,122500.74,108846.53,109365.86,119538.07,27221.5,27358.1,25321.6,25714.6,731445.649
1686096000.0,110474.67,102960.81,103184.79,109365.86,26325.9,27394.4,26111.0,27221.5,660044.537
1686182400.0,106454.75,103152.87,103394.47,103184.79,26485.9,26800.0,26195.4,26325.9,333104.839
1686268800.0,104573.64,101479.37,102597.69,103394.47,26468.1,26775.0,26236.0,26486.0,283719.198
1686355200.0,108339.32,97025.37,101885.4,102597.69,25826.6,26525.0,25300.0,26468.2,608917.569
1686441600.0,103209.77,99119.56,99327.18,101885.4,25909.9,26199.0,25621.3,25826.6,279365.563
1686528000.0,102773.58,98773.49,102410.65,99327.18,25894.8,26097.7,25600.0,25910.0,298900.468
1686614400.0,103828.68,100252.94,103288.66,102410.65,25918.0,26430.5,25708.0,25894.8,434536.754
1686700800.0,104772.8,99598.64,103675.34,103288.66,25115.9,26099.3,24796.8,25918.0,464681.602
1686787200.0,111992.36,103675.34,104074.78,103675.34,25586.1,25750.0,24777.0,25115.9,473971.375
1686873600.0,107118.41,102662.11,104680.41,104074.78,26336.0,26526.9,25142.1,25586.0,533144.956
1686960000.0,105696.11,101316.7,103284.04,104680.41,26508.9,26900.0,26170.8,26335.9,305738.396
1687046400.0,107193.3,102990.74,104260,103284.04,26329.7,26709.4,26230.9,26508.8,241977.484
1687132800.0,110500.87,103803.95,109052.03,104260,26828.5,27077.0,26241.2,26329.6,400533.758
1687219200.0,122075.1,108690.68,121466.02,109052.03,28290.6,28397.8,26633.9,26828.6,758176.297
1687305600.0,126284.37,115264.97,116976.7,121466.02,29988.5,30822.0,28236.4,28290.7,1123474.427
1687392000.0,118842.22,114116.16,117898.14,116976.7,29875.0,30488.0,29500.1,29988.5,561051.742
1687478400.0,122842.69,115000.63,115000.63,117898.14,30673.4,31500.0,29792.0,29875.0,699073.071
1687564800.0,115354.69,112810.8,113491.65,115000.63,30524.2,30796.5,30222.0,30673.5,279539.288
1687651200.0,116303.05,113237.15,113873.82,113491.65,30458.0,31053.2,30252.6,30524.2,301533.154
1687737600.0,116942.37,112149.81,114992.63,113873.82,30260.1,30667.3,29890.1,30458.0,415099.356
1687824000.0,117877.81,114577.83,116044.1,114992.63,30683.2,30998.5,30213.0,30260.1,406073.348
1687910400.0,116398.93,110057.85,112186.7,116044.1,30066.3,30701.8,29804.6,30683.2,416656.434
1687996800.0,120264.18,112039.86,118226.32,112186.7,30439.9,30837.0,30036.1,30066.3,382072.846
1688083200.0,125118.44,105367.73,105968.31,118226.32,30460.2,31300.0,29500.0,30439.9,809331.305
1688169600.0,109499.67,105246.52,109281.26,105968.31,30573.6,30668.2,30311.3,30460.2,135520.246
1688256000.0,110383.83,107088.41,108566.7,109281.26,30612.7,30800.0,30149.9,30573.6,231866.188
1688342400.0,120513.51,108562.27,117966.72,108566.7,31149.0,31395.2,30559.4,30612.7,370293.236
1688428800.0,120088.59,113756.92,114033.78,117966.72,30756.1,31319.4,30600.0,31149.0,300832.26
1688515200.0,114661.2,111271.91,112591.08,114033.78,30488.4,30875.2,30175.8,30756.1,294896.578
1688601600.0,125065.07,102815.43,103058.24,112591.08,29874.4,31568.0,29818.0,30488.4,721267.219
1688688000.0,103580.21,101284.36,103526.16,103058.24,30327.9,30443.6,29680.0,29874.3,337801.654
1688774400.0,104200.22,101944.22,103597.88,103526.16,30269.3,30380.0,30026.8,30328.0,138734.493
1688860800.0,104917.76,101862.03,102281.53,103597.88,30147.8,30443.4,30042.0,30269.2,162296.263
1688947200.0,114371.34,101475.59,106065.48,102281.53,30396.9,31040.0,29928.8,30147.8,429115.537
1689033600.0,108294.41,105548.62,107991.64,106065.48,30608.4,30804.9,30261.4,30396.9,298904.747
1689120000.0,114766.17,107571.01,111144.95,107991.64,30368.9,30980.5,30186.0,30608.3,425058.257
1689206400.0,118153.64,108540.09,111394.05,111144.95,31441.7,31850.0,30233.0,30368.9,696023.51
1689292800.0,112274.17,96176.34,101185.13,111394.05,30293.3,31640.0,29876.6,31441.6,538692.246
1689379200.0,101573.74,99976.49,100110.5,101185.13,30276.4,30380.0,30220.2,30293.3,111622.474
1689465600.0,102109.71,99458.12,100936.04,100110.5,30216.8,30441.6,30050.0,30276.5,173805.94
1689552000.0,107457.15,100936.04,104806.59,100936.04,30126.1,30329.7,29630.0,30216.9,344113.427
1689638400.0,109931.95,104748.17,106822.54,104806.59,29845.6,30227.5,29400.0,30126.0,337396.417
1689724800.0,107501.56,104408.67,104806.92,106822.54,29895.5,30178.5,29745.0,29845.7,298418.854
1689811200.0,110352.29,102832.15,109709.93,104806.92,29791.0,30420.0,29468.8,29895.5,410263.764
1689897600.0,110500.97,106406.68,106634.71,109709.93,29891.4,30056.2,29705.9,29791.0,221145.074
1689984000.0,107793.26,104775.07,105746.39,106634.71,29783.5,29986.0,29602.2,29891.5,143375.956
1690070400.0,105746.39,100340.27,100350.05,105746.39,30070.8,30368.2,29718.9,29783.5,224713.846
1690156800.0,112425.79,100136.42,111779.4,100350.05,29163.8,30091.7,28830.0,30070.9,434182.417
1690243200.0,112549.08,107892.36,108310.56,111779.4,29216.3,29379.5,29033.0,29163.8,196438.618
1690329600.0,109817.74,104190.28,109254.77,108310.56,29336.0,29670.5,29083.0,29216.2,318527.582
1690416000.0,112631.88,108362.3,109907.27,109254.77,29209.7,29558.4,29065.5,29336.0,223376.534
1690502400.0,111011.27,107665.73,107957.29,109907.27,29299.9,29535.7,29112.8,29209.8,221299.867
1690588800.0,110217.09,107597.2,108183.07,107957.29,29339.1,29397.9,29237.5,29300.0,87100.719
1690675200.0,109486.68,105742.25,106297.75,108183.07,29271.1,29442.5,29006.0,29339.1,169901.253
1690761600.0,110525.62,104720.82,108880.09,106297.75,29220.8,29525.8,29100.0,29271.2,230381.722
1690848000.0,112356.14,105849.93,108920.79,108880.09,29701.2,29735.0,28550.0,29220.8,442328.643
1690934400.0,114587.53,108920.79,112350.92,108920.79,29170.1,30059.9,28906.3,29701.2,491725.492
1691020800.0,114504.94,111573.01,111573.01,112350.92,29180.2,29440.0,28955.4,29170.2,251967.942
1691107200.0,114878.09,110647.18,114692.27,111573.01,29101.1,29323.8,28780.0,29180.1,229395.673
1691193600.0,114911.28,112600.77,112647.23,114692.27,29057.7,29145.0,28960.0,29101.1,82508.624
1691280000.0,112649.98,110301.99,111132.82,112647.23,29075.9,29199.0,28978.5,29057.7,103094.44
1691366400.0,114773.78,110372.49,111607.4,111132.82,29202.7,29274.5,28682.3,29075.9,297752.439
1691452800.0,125788.02,110405.32,124059.35,111607.4,29759.0,30250.0,29132.4,29202.7,459269.801
1691539200.0,128428,117530.81,117858.23,124059.35,29572.8,30149.7,29362.0,29758.9,362009.701
1691625600.0,119599.69,117594.07,118608.82,117858.23,29443.7,29729.8,29303.7,29572.9,234546.038
1691712000.0,119934.95,117733.23,118245.12,118608.82,29415.5,29565.1,29220.0,29443.7,179044.008
1691798400.0,118249.1,117124.3,117197.27,118245.12,29420.7,29470.0,29360.0,29415.5,56238.035
1691884800.0,117310.99,114281.52,114756.68,117197.27,29293.3,29463.0,29256.6,29420.8,84190.505
1691971200.0,115390.55,106656.78,107363.63,114756.68,29419.5,29686.7,29070.0,29293.3,295035.383
1692057600.0,114212.89,107163.79,114166.03,107363.63,29188.8,29492.1,29050.0,29419.5,191289.959
1692144000.0,118245.39,113400.68,117037.32,114166.03,28714.4,29257.4,28705.1,29188.9,272023.138
1692230400.0,121871.69,106500.78,106500.78,117037.32,26609.7,28775.9,24581.0,28714.4,868508.22
1692316800.0,106500.78,95773.14,95776.67,106500.78,26042.1,26818.0,25600.0,26609.7,522375.316
1692403200.0,95867.86,87531.56,87644.95,95776.67,26088.3,26269.4,25783.4,26042.0,202219.153
1692489600.0,90389.97,87272.68,89721.39,87644.95,26175.9,26285.0,25948.5,26088.4,141089.85
1692576000.0,91746.6,89378.79,91016.86,89721.39,26115.4,26280.0,25800.0,26175.9,232505.265
1692662400.0,92698.07,86514.27,87032.97,91016.86,26044.4,26128.2,25280.0,26115.4,313113.576
1692748800.0,89996.72,83412.17,83906.15,87032.97,26419.2,26806.0,25800.0,26044.5,412969.028
1692835200.0,87898.57,83304.09,85603.69,83906.15,26164.6,26568.3,25835.0,26419.2,286753.337
1692921600.0,87534.55,84078.16,84132.14,85603.69,26051.7,26300.0,25754.4,26164.6,274830.494
1693008000.0,85774.67,82905.26,85656.57,84132.14,26004.3,26129.4,25969.0,26051.7,63925.862
1693094400.0,87366.09,85439.46,86575.33,85656.57,26087.7,26173.6,25955.6,26004.3,86505.398
1693180800.0,89428.58,85459.06,86262.88,86575.33,26106.5,26244.6,25850.4,26087.6,219992.051
1693267200.0,94763.7,86190.58,92243.81,86262.88,27700.1,28168.0,25905.2,26106.5,700233.946
1693353600.0,92338.3,88773.61,89218.83,92243.81,27290.4,27758.2,26950.0,27700.1,315313.916
1693440000.0,90600.78,81279.58,82453.63,89218.83,25928.0,27674.3,25617.8,27290.4,502906.277
1693526400.0,86720.66,81946.89,83652.47,82453.63,25795.6,26151.6,25312.0,25928.0,361184.924
1693612800.0,84617.56,80479.51,80654.69,83652.47,25855.8,25975.0,25740.6,25795.6,107642.864
1693699200.0,82082.04,80209.65,80412,80654.69,25962.1,26135.2,25777.0,25855.8,133016.832
1693785600.0,82564.37,80169.69,81050.74,80412,25814.0,26099.3,25610.0,25962.1,173147.873
1693872000.0,85510,80637.64,83814.56,81050.74,25779.7,25900.0,25531.2,25814.0,186639.945
1693958400.0,87756.23,83141.63,83244.57,83814.56,25747.4,26052.0,25326.0,25779.7,251122.66
1694044800.0,86406.79,81350.6,82788.59,83244.57,26240.7,26451.0,25602.3,25747.4,257349.902
1694131200.0,86373.72,82767.92,83475.77,82788.59,25899.8,26437.5,25630.0,26240.7,249269.761
1694217600.0,84412.96,82862.54,83499.25,83475.77,25892.6,25940.6,25781.5,25899.9,67909.81
1694304000.0,83608.18,81142.06,81776.87,83499.25,25828.4,26037.3,25508.7,25892.6,162972.413
1694390400.0,90231.52,81319.09,89427.83,81776.87,25150.4,25895.0,24888.0,25828.4,427216.374
1694476800.0,90248.9,83366.56,87290.88,89427.83,25825.8,26580.0,25116.4,25150.4,592049.678
1694563200.0,91710.95,85504.08,89882.4,87290.88,26209.9,26400.0,25750.0,25825.8,335252.718
1694649600.0,93140.55,86588.96,91668.79,89882.4,26510.3,26880.0,26106.6,26209.9,380666.471
1694736000.0,91993.32,86623.2,86657.43,91668.79,26591.1,26890.0,26206.6,26510.3,251656.77
1694822400.0,88864.74,86375.12,86518.2,86657.43,26546.9,26763.5,26430.0,26591.1,140482.465
1694908800.0,87497.91,84348.33,84768.77,86518.2,26514.2,26614.3,26377.4,26547.0,114239.394
1694995200.0,97735.23,83781.92,89525.93,84768.77,26749.9,27397.0,26358.6,26514.2,472539.032
1695081600.0,96767.08,89141.08,92721.68,89525.93,27196.0,27480.0,26653.2,26749.9,433511.747
1695168000.0,92772.72,89207.16,90352.84,92721.68,27107.7,27381.0,26740.0,27195.9,348921.447
1695254400.0,95934.87,90248.6,92453.98,90352.84,26552.6,27149.0,26360.1,27107.7,317992.869
1695340800.0,94146.15,91545.36,92618.11,92453.98,26566.7,26737.7,26452.9,26552.6,173534.648
1695427200.0,92618.11,91122.52,91363.41,92618.11,26563.1,26620.6,26492.2,26566.7,57836.484
1695513600.0,92296.97,89801.01,90396.62,91363.41,26232.4,26739.9,26081.0,26563.0,146632.773
1695600000.0,93669.58,88797.19,89736.21,90396.62,26290.5,26440.0,25965.0,26232.4,268385.836
1695686400.0,92143.2,89667.45,91207.18,89736.21,26208.8,26388.0,26073.8,26290.5,180491.169
1695772800.0,97952.9,87913.3,88292.95,91207.18,26359.6,26849.9,26050.0,26208.7,353002.84
1695859200.0,96631.91,87026.15,93787.08,88292.95,27011.8,27308.7,26325.2,26359.6,429587.858
1695945600.0,93978.93,88442.74,88442.74,93787.08,26890.9,27231.5,26625.0,27011.7,277397.643
1696032000.0,90480.75,88417.45,90181.6,88442.74,26950.9,27085.0,26870.4,26890.9,92317.154
1696118400.0,94197.98,85084.14,87479.59,90181.6,27981.4,28365.2,26939.0,26951.0,240382.946
1696204800.0,95443.11,87479.59,88279.95,87479.59,27477.6,28613.0,27255.0,27981.4,593277.72
1696291200.0,90858.96,87600.63,87753.45,88279.95,27412.0,27665.0,27123.0,27477.7,283077.899
1696377600.0,90735.45,85873.43,90053.35,87753.45,27759.8,27830.0,27163.9,27412.0,280784.322
1696464000.0,94201.36,89911.88,91610.19,90053.35,27398.4,28110.0,27333.5,27759.7,370190.087
1696550400.0,96495.19,89527.25,94045.17,91610.19,27916.3,28450.0,27156.0,27398.3,438445.904
1696636800.0,94045.17,90369.47,90899.68,94045.17,27943.0,28018.7,27822.1,27916.3,117049.145
1696723200.0,93062.74,90883.41,92103.92,90899.68,27901.2,28082.0,27671.0,27943.0,178380.307
1696809600.0,95185.28,90168.55,90826.11,92103.92,27578.3,27977.0,27250.0,27901.2,314316.581
1696896000.0,94315.22,89527.25,93003.6,90826.11,27381.2,27727.3,27281.0,27578.4,239779.496
1696982400.0,99486.81,92318.16,98100.86,93003.6,26864.5,27467.6,26525.0,27381.3,388186.571
1697068800.0,98615.24,96346.29,96999.85,98100.86,26744.0,26939.0,26534.8,26864.5,220279.04
1697155200.0,98132.98,94470.53,97295.68,96999.85,26849.8,27120.8,26670.1,26744.0,243222.154
1697241600.0,99461.33,97173.89,98458.7,97295.68,26836.3,26986.4,26773.1,26849.7,82164.781
1697328000.0,99535.32,94812.47,97563.4,98458.7,27139.8,27456.1,26790.4,26836.4,160000.462
1697414400.0,99625.66,86697.51,89077.6,97563.4,28486.3,30720.0,27095.4,27139.8,823003.782
1697500800.0,91772.33,88123.66,91208.65,89077.6,28381.9,28605.0,28055.0,28486.3,314189.758
1697587200.0,92315.46,86447.71,86464.71,91208.65,28307.1,29100.0,28126.6,28382.0,297176.628
1697673600.0,95100.08,86379.72,93918.5,86464.71,28696.9,28933.4,28076.0,28307.2,333673.207
1697760000.0,97884.33,90387.03,90454.43,93918.5,29653.0,30243.0,28560.0,28697.0,551005.327
1697846400.0,97583.87,89635.71,96361.47,90454.43,29895.4,30374.6,29443.5,29653.0,258195.956
1697932800.0,96667.76,92780.61,93092.51,96361.47,29981.5,30229.7,29606.6,29895.4,198602.758
1698019200.0,99705.68,88583.12,88631.24,93092.51,33074.0,35981.9,29869.4,29981.4,987741.536
1698105600.0,89221.54,82949.15,84731.31,88631.24,33917.0,35300.0,32833.5,33074.0,921993.063
1698192000.0,88366.01,83241.09,83907.45,84731.31,34487.7,35154.3,33660.6,33917.0,465367.144
1698278400.0,86158.21,83387.94,84789.21,83907.45,34154.0,34828.7,33750.0,34487.8,339552.964
1698364800.0,86866.25,83865.22,84510.71,84789.21,33893.1,34253.3,33350.0,34154.0,278052.978
1698451200.0,86662.65,84223.84,84706.82,84510.71,34086.6,34535.8,33867.4,33893.2,138314.932
1698537600.0,90873.28,83942.8,88057.66,84706.82,34528.6,34773.8,33933.0,34086.7,175897.55
1698624000.0,88681.68,84918.31,86800.53,88057.66,34483.8,34888.2,34050.0,34528.6,281841.348
1698710400.0,88361.56,85198.65,88250.47,86800.53,34651.4,34744.7,34016.8,34483.8,272450.567
1698796800.0,93527.41,83398.5,86819.25,88250.47,35437.4,35734.0,34076.0,34651.4,469214.787
1698883200.0,88704.22,80755.65,81442.9,86819.25,34940.1,35999.9,34300.0,35437.5,410221.727
1698969600.0,85589.49,81292.53,81467.15,81442.9,34700.4,34944.9,34123.0,34940.1,306048.199
1699056000.0,84342.2,81378.05,83556.75,81467.15,35069.7,35270.0,34571.6,34700.5,140746.874
1699142400.0,87928.3,83267.37,86055.28,83556.75,35025.5,35455.2,34356.0,35069.7,231363.339
1699228800.0,88715.03,86014.51,86157.7,86055.28,35057.4,35299.9,34743.2,35025.5,202227.215
1699315200.0,92463.58,86005.17,88760.28,86157.7,35406.5,35921.7,34520.3,35057.5,343525.95
1699401600.0,90400.43,86630.94,90400.43,88760.28,35626.7,36150.0,35073.0,35406.5,334779.449
1699488000.0,96747.27,79495.16,79525.28,90400.43,36719.5,38499.9,35304.0,35626.7,778877.937
1699574400.0,82127.51,78353.28,79820.26,79525.28,37330.4,37570.0,36350.0,36719.6,299373.892
1699660800.0,81291.98,79597.93,80358.96,79820.26,37162.1,37422.2,36588.0,37330.3,159239.284
1699747200.0,82171.47,80247.93,80853.26,80358.96,37085.5,37258.4,36753.6,37162.1,118890.045
1699833600.0,83243.07,79334.65,80453.8,80853.26,36486.2,37464.8,36350.0,37085.6,257075.648
1699920000.0,83494.95,76558.17,78834.47,80453.8,35559.0,36779.9,34446.3,36486.2,397265.8
1700006400.0,83268.73,78754.85,83075.96,78834.47,37885.6,38000.0,35388.0,35559.1,423818.57
1700092800.0,85945.88,80908.92,80908.92,83075.96,36176.0,37956.5,35486.1,37885.5,434444.366
1700179200.0,81038.94,76849.81,77910.14,80908.92,36621.9,37020.5,35868.3,36176.0,319943.051
1700265600.0,81651.59,76823.33,79409.05,77910.14,36580.9,36900.0,36196.0,36621.9,121720.922
1700352000.0,82220.91,78867.34,80908.95,79409.05,37375.9,37528.2,36380.0,36580.9,154713.007
1700438400.0,83981.83,80214,83375.78,80908.95,37462.5,37784.7,36600.0,37375.8,310504.037
1700524800.0,87024.89,79599.65,79599.65,83375.78,35737.0,37675.0,35720.0,37462.6,450731.16
1700611200.0,80898.7,77144.8,80863.79,79599.65,37413.4,37880.0,35610.7,35737.0,338189.618
1700697600.0,83442.85,80764.82,81963.98,80863.79,37294.3,37650.0,36856.3,37413.5,185369.931
1700784000.0,85255.81,79969.39,80036.65,81963.98,37706.3,38425.0,37257.3,37294.4,351031.723
1700870400.0,80140.04,78658.15,79570.56,80036.65,37766.6,37886.5,37570.9,37706.3,82589.329
1700956800.0,82383.57,78768.25,79126.76,79570.56,37437.9,37807.6,37126.0,37766.7,173758.644
1701043200.0,81386.54,78663.16,79262.9,79126.76,37234.3,37560.0,36700.0,37437.9,266112.699
1701129600.0,84925.91,78511.91,81109.41,79262.9,37812.1,38395.0,36856.0,37234.4,318426.327
1701216000.0,86337.15,80539.76,82651.7,81109.41,37837.1,38500.0,37551.8,37812.0,261631.881
1701302400.0,84388.21,82070.57,82619.48,82651.7,37716.8,38132.0,37442.9,37837.2,191188.871
1701388800.0,90739.14,81471.19,89045.2,82619.48,38660.0,38989.0,37600.0,37716.9,342361.994
1701475200.0,89045.2,81436.67,81673.03,89045.2,39435.0,39900.0,38613.5,38659.9,213210.311
1701561600.0,83686.33,79898.66,79999.12,81673.03,39979.7,40410.1,39255.2,39435.1,221917.905
1701648000.0,85972.72,79999.12,83196.05,79999.12,41993.1,42440.0,39970.4,39979.8,602492.859
1701734400.0,88797.44,82467.12,82594.22,83196.05,44081.7,44528.1,41393.5,41993.1,575038.041
1701820800.0,87815.15,82252.98,85262.79,82594.22,43774.8,44349.8,43377.0,44081.7,383957.738
1701907200.0,86804.58,83343.27,83409.05,85262.79,43296.0,44066.7,42815.0,43775.1,346421.958
1701993600.0,85845.48,82012.12,82103.85,83409.05,44209.5,44779.3,43100.0,43296.0,281880.593
1702080000.0,83090.39,80367.11,80803.91,82103.85,43734.3,44389.2,43555.0,44209.6,189339.656
1702166400.0,84564.18,80803.91,83140.07,80803.91,43810.0,44099.2,43552.5,43734.2,144548.259
1702252800.0,83171.66,74819.56,75529.17,83140.07,41271.0,43833.4,40228.3,43810.1,620753.439
1702339200.0,80248.12,75275.3,77355.31,75529.17,41515.0,42125.0,40711.0,41271.1,356541.118
1702425600.0,80829.21,77076.27,78625.69,77355.31,42875.0,43517.6,40556.0,41514.9,396710.296
1702512000.0,80026.73,74650.35,76351.03,78625.69,43032.4,43450.1,41140.0,42875.0,361628.325
1702598400.0,77179.95,75052.79,75813.7,76351.03,41968.0,43098.0,41668.0,43032.3,257177.013
1702684800.0,77343.83,74845.51,75326.01,75813.7,42287.4,42756.7,41638.1,41968.0,160549.459
1702771200.0,78215.76,75310.18,76347.57,75326.01,41396.5,42476.0,41248.3,42287.4,224722.851
1702857600.0,80471.08,74819.18,75531.64,76347.57,42671.7,42795.3,40553.8,41396.6,375385.675
1702944000.0,80000.34,74847.24,76749.07,75531.64,42298.3,43550.0,41835.4,42671.8,315311.844
1703030400.0,82202.82,76749.07,79731.84,76749.07,43708.9,44384.6,42218.3,42298.2,377008.923
1703116800.0,82873.34,79475.89,80532.73,79731.84,43896.3,44287.2,43317.2,43708.9,276922.155
1703203200.0,82890.96,77259.91,77331.08,80532.73,43999.2,44484.0,43430.4,43896.4,238341.933
1703289600.0,79893.9,77118.87,78624.42,77331.08,43725.2,44023.0,43304.2,43999.2,120792.199
1703376000.0,79611.49,75384.35,77213.72,78624.42,43008.4,43994.8,42550.0,43725.2,179967.251
1703462400.0,78760.29,76205.27,77532.15,77213.72,43611.9,43850.0,42755.4,43008.4,184210.274
1703548800.0,81300.67,75947.08,79602.17,77532.15,42538.5,43635.1,41597.0,43611.9,295583.678
1703635200.0,79604.85,75600.18,76074.77,79602.17,43453.8,43700.0,42145.7,42538.6,251351.538
1703721600.0,76392.04,74541.29,75584.59,76074.77,42600.1,43850.0,42320.5,43453.8,257515.182
1703808000.0,76589.71,74140.93,75711.32,75584.59,42095.1,43171.9,41283.2,42600.1,337421.865
1703894400.0,77851.87,75356.78,75458.85,75711.32,42174.2,42654.6,41550.0,42095.1,183890.67
1703980800.0,77143.32,73921.74,74001.36,75458.85,42314.0,42951.0,42001.0,42174.3,173508.289
1704067200.0,77879.3,73315.11,76601.28,74001.36,44230.2,44266.0,42207.9,42314.0,206424.144
1704153600.0,81491.88,76012.41,79785.33,76601.28,44979.8,45950.0,44200.9,44230.3,459798.523
1704240000.0,80820.14,67252.25,68680.72,79785.33,42849.5,45582.3,40333.0,44979.7,595855.225
1704326400.0,72791.53,68330.03,71338.93,68680.72,44143.8,44840.8,42625.0,42849.5,333923.098
1704412800.0,71363.54,67090.16,67287.05,71338.93,44145.4,44500.0,42300.0,44143.8,374967.791
1704499200.0,69223.81,66908.64,68338.43,67287.05,43956.7,44214.6,43391.3,44145.3,138542.797
1704585600.0,73885.16,68338.43,70528.96,68338.43,43916.9,44486.9,43557.5,43956.6,180710.714
1704672000.0,76713.43,69533.15,74597.29,70528.96,46972.7,47312.0,43158.1,43916.9,495087.983
1704758400.0,75527.09,70003.75,70790.91,74597.29,46114.0,48100.0,44417.2,46972.6,513362.773
1704844800.0,72929.95,68206.86,68565.25,70790.91,46662.9,47699.3,44291.5,46113.9,668657.474
1704931200.0,73241.67,67205.9,71404.04,68565.25,46337.8,49027.5,45600.0,46663.0,596698.379
1705017600.0,83392.35,71404.04,74727.99,71404.04,42788.9,46536.2,41370.0,46337.9,575943.258
1705104000.0,76725.94,74004.12,75148.15,74727.99,42846.4,43273.4,42445.7,42789.0,207737.326
1705190400.0,77185.9,75121.77,77077.01,75148.15,41734.9,43096.1,41713.5,42846.4,181096.968
1705276800.0,77292.77,73437.97,73897.82,77077.01,42515.0,43376.0,41720.0,41734.9,240059.141
1705363200.0,77378.37,73803.69,74126.74,73897.82,43133.0,43589.0,42050.0,42515.0,287207.233
1705449600.0,76746.29,73968.52,75755.55,74126.74,42783.4,43198.0,42200.0,43133.0,209396.081
1705536000.0,78504.21,74958.55,77720.96,75755.55,41323.1,42932.3,40673.6,42783.3,335080.756
1705622400.0,80865.07,74254.89,74494.92,77720.96,41662.2,42197.0,40300.0,41323.2,345941.73
1705708800.0,75264.05,73904.01,74617.62,74494.92,41691.8,41883.5,41453.6,41662.1,95866.062
1705795200.0,75011.38,74394.93,74647.99,74617.62,41580.0,41880.9,41500.0,41691.8,67035.552
1705881600.0,79803.39,74396.51,76234.08,74647.99,39567.0,41692.3,39402.0,41579.9,459024.106
1705968000.0,79078.28,75143.18,75791.86,76234.08,39890.0,40172.7,38545.0,39567.1,414373.386
1706054400.0,77226.69,75024.64,76310.36,75791.86,40078.7,40560.6,39493.3,39889.9,272754.171
1706140800.0,79501.49,75956.81,77933.77,76310.36,39953.3,40300.0,39535.3,40078.8,203728.679
1706227200.0,80614.48,77856.07,79315.22,77933.77,41806.4,42239.3,39813.1,39953.3,355418.478
1706313600.0,79441.28,77849.56,78265.55,79315.22,42102.2,42187.1,41360.1,41806.4,118437.114
1706400000.0,78374.07,74972.06,75159.44,78265.55,42021.2,42836.0,41600.0,42102.2,205736.453
1706486400.0,77686.57,75091.01,77046.08,75159.44,43287.7,43340.8,41768.3,42021.2,249502.11
1706572800.0,79314.83,73805.34,73831.72,77046.08,42918.3,43888.0,42665.6,43287.6,257582.784
1706659200.0,75306,71311.59,71954.34,73831.72,42560.5,43748.6,42257.6,42918.3,313069.11
1706745600.0,75976.88,71715.35,73886.69,71954.34,43072.6,43288.0,41866.8,42560.5,274321.107
1706832000.0,76268.3,73501.29,74296.67,73886.69,43182.0,43480.0,42512.7,43072.6,205767.574
1706918400.0,76043.52,74292.06,75696.18,74296.67,42992.4,43372.2,42858.3,43182.0,89735.22
1707004800.0,77899.34,75280.38,77285.48,75696.18,42570.3,43112.1,42176.7,42992.4,127421.548
1707091200.0,81081.79,77100.85,79774.34,77285.48,42692.9,43580.0,42235.1,42570.3,240655.549
1707177600.0,81966.65,79558.75,80318.37,79774.34,43079.1,43378.8,42559.8,42692.9,196157.643
1707264000.0,82877.86,78569.86,82819.67,80318.37,44326.2,44388.0,42763.4,43079.1,252057.708
1707350400.0,87306.12,82664.53,85120.75,82819.67,45269.1,45600.0,44306.8,44326.3,299738.288
1707436800.0,85781.1,82626.23,83207.32,85120.75,47116.1,48230.3,45218.1,45269.2,519919.419
1707523200.0,86808.38,83058.33,86798.81,83207.32,47732.6,48189.6,46836.4,47116.1,179626.604
1707609600.0,89872.5,86400.35,89342.95,86798.81,48303.4,48600.0,47539.4,47732.6,209951.626
1707696000.0,94597.38,88281.52,92357.54,89342.95,49943.6,50413.2,47702.0,48303.4,450895.202
1707782400.0,94202.51,88164.1,88189.74,92357.54,49696.4,50428.8,48301.0,49943.6,382348.085
1707868800.0,93000.64,87009.87,90522.38,88189.74,51823.2,52100.0,49215.7,49696.4,395191.791
1707955200.0,91554.65,86487,87212.3,90522.38,51898.5,52859.0,51334.9,51823.1,392724.603
1708041600.0,90429.16,87020.56,87551.71,87212.3,52148.6,52623.0,51611.7,51898.4,259819.793
1708128000.0,89782.07,87002.73,87482.52,87551.71,51679.4,52192.8,50647.5,52148.7,222342.005
1708214400.0,87482.52,84672.33,85531.82,87482.52,52175.9,52450.0,51178.0,51679.5,166636.426
1708300800.0,88325.8,85531.82,87685.24,85531.82,51813.8,52532.9,51688.8,52175.9,196387.978
1708387200.0,91207.55,87103.65,87205.74,87685.24,52297.4,53090.9,50788.0,51813.7,388913.064
1708473600.0,90935.06,86254.36,86254.36,87205.74,51877.8,52402.3,50528.4,52297.3,308127.301
1708560000.0,88659.17,84503.84,84874.69,86254.36,51316.9,52130.8,50967.5,51877.9,244144.647
1708646400.0,90603.33,84610.36,88241.56,84874.69,50771.9,51576.3,50512.7,51316.9,215474.562
1708732800.0,89040.06,86666.4,87056.15,88241.56,51602.1,51736.6,50611.4,50771.9,104944.457
1708819200.0,88236.06,86116.6,86417.27,87056.15,51764.9,52050.0,51300.4,51602.1,122177.26
1708905600.0,88716.95,84596.98,84940.31,86417.27,54511.6,54991.8,50922.5,51764.9,393466.231
1708992000.0,85772.74,79156.73,80696.9,84940.31,57074.5,57780.0,54495.0,54511.7,511475.535
1709078400.0,84598.37,71616.51,75348.04,80696.9,62487.9,64300.0,56730.1,57074.5,1010118.442
1709164800.0,76665.24,71332.06,71959.23,75348.04,61203.3,63762.8,60452.0,62487.9,584713.883
1709251200.0,75311.32,71959.23,73878.32,71959.23,62430.6,63199.0,60844.8,61203.3,299231.827
1709337600.0,74110.76,72299.65,72911.44,73878.32,62039.9,62513.1,61605.0,62430.6,159283.629
1709424000.0,75944.64,72291.04,75620.84,72911.44,63178.5,63330.9,61339.5,62039.9,200312.503
1709510400.0,82514.56,75571.29,81113.59,75620.84,68296.4,68600.0,62299.0,63178.5,632882.144
1709596800.0,83281.48,70786.48,71725.16,81113.59,63747.4,69350.0,59112.0,68296.5,1053025.132
1709683200.0,76463.92,71293.45,73266.85,71725.16,66128.1,67729.5,62829.3,63747.5,534011.813
1709769600.0,75641.7,73207.63,73484.12,73266.85,66870.0,68101.3,65609.3,66128.0,296092.788
1709856000.0,78342.1,73218.57,73989.35,73484.12,68180.2,70330.8,66120.0,66870.0,459387.207
1709942400.0,74488.49,72975.62,73649.37,73989.35,68360.1,68608.7,67908.7,68180.2,94899.005
1710028800.0,78867.85,73626.95,77405.35,73649.37,69001.8,69999.8,68155.0,68360.2,233596.523
1710115200.0,80851.71,76260.67,79401.43,77405.35,72153.8,72890.0,67000.0,69001.8,474396.897
1710201600.0,81633.04,78066.72,78116.84,79401.43,71503.2,73370.0,68600.0,72153.9,472072.331
1710288000.0,81836.11,77866.78,80394.21,78116.84,73127.6,73755.0,71388.1,71503.3,288446.338
1710374400.0,84816.82,80394.21,83992.78,80394.21,71455.5,73881.4,68600.0,73127.6,513901.237
1710460800.0,84389.52,75924.7,79342.09,83992.78,69552.2,72500.0,65580.0,71455.6,705810.685
1710547200.0,79937.95,76386.56,76567.35,79342.09,65351.0,70097.6,64750.0,69552.1,333426.129
1710633600.0,79152.36,76263.95,78538.19,76567.35,68447.9,68972.4,64559.8,65351.0,314890.309
1710720000.0,80880.98,77501.1,79106.59,78538.19,67660.0,69044.4,66601.6,68447.9,317885.916
1710806400.0,81747.35,77760.8,77961.49,79106.59,61974.1,68178.6,61582.8,67660.0,700466.795
1710892800.0,79864.88,76122.76,76951.39,77961.49,67876.4,68140.0,60800.0,61974.1,637362.465
1710979200.0,78389.33,75341.92,75343.47,76951.39,65539.9,68293.9,64550.1,67876.4,347218.385
1711065600.0,77176.7,73064.01,73064.01,75343.47,63826.0,66691.9,62294.0,65539.9,401149.333
1711152000.0,75519.95,71963.5,73938.86,73064.01,64020.3,66050.0,63020.2,63826.1,239124.0
1711238400.0,77464.01,73474.21,77032.31,73938.86,67260.9,67700.0,63822.0,64020.4,244179.435
1711324800.0,80046.64,76544.38,78817.6,77032.31,69920.5,71228.3,66427.6,67260.9,395156.191
1711411200.0,79868.2,77049.03,79656.65,78817.6,70044.1,71649.0,69320.0,69920.6,307861.116
1711497600.0,84484.45,79335.89,83133.99,79656.65,69532.6,71888.0,68364.8,70044.2,407286.574
1711584000.0,84541.58,81320.12,83102.58,83133.99,70838.7,71636.2,68941.0,69532.6,241970.822
1711670400.0,84344.47,81053.65,81095.53,83102.58,69903.6,70976.9,69000.0,70838.8,187970.841
1711756800.0,81192.57,80261.96,80261.96,81095.53,69642.1,70388.0,69577.2,69903.6,91126.75
1711843200.0,83286.04,80163.29,82708.62,80261.96,71363.0,71495.5,69608.0,69642.0,132458.79
1711929600.0,85828.76,81352.76,84161.13,82708.62,69700.0,71388.0,68103.3,71363.0,282812.126
1712016000.0,84376.65,77737.49,78034.87,84161.13,65505.3,69731.6,64603.2,69700.0,499041.572
1712102400.0,80537.6,77653.59,80095.55,78034.87,65971.9,66940.0,64500.0,65502.4,275041.23
1712188800.0,82458.95,78339.05,78510.59,80095.55,68489.9,69329.7,65100.0,65971.8,326385.338
1712275200.0,78511.23,74846.3,75171.8,78510.59,67825.7,68787.1,65966.0,68489.8,313547.293
1712361600.0,76839.68,74820.24,76493.58,75171.8,68901.6,69708.0,67450.0,67825.8,127343.726
1712448000.0,81159.54,76493.58,80046.68,76493.58,69362.7,70395.0,68820.6,68901.5,171783.436
1712534400.0,83064.27,78582.78,80240.88,80046.68,71678.4,72890.4,69040.4,69362.7,297237.449
1712620800.0,81976.8,79631.49,80187.16,80240.88,69189.3,71820.6,68216.0,71678.3,334059.403
1712707200.0,80459.5,78412.07,79460,80187.16,70681.7,71412.2,67546.2,69189.2,337774.756
1712793600.0,83737.49,79321.5,81697.86,79460,70055.7,71387.4,69592.6,70681.8,256194.153
1712880000.0,84985.92,79254.76,80082.93,81697.86,67136.4,71297.0,65102.0,70055.6,415528.149
1712966400.0,80089.28,66270.65,66895.91,80082.93,63939.7,67975.4,59652.5,67136.4,515005.203
1713052800.0,68208,65695.28,67004.72,66895.91,65615.9,65822.1,62139.3,63939.7,395770.133
1713139200.0,69287.69,65969.33,65969.33,67004.72,63392.7,66874.9,62242.5,65615.9,381532.225
1713225600.0,67883.25,64139.49,64172.47,65969.33,63765.0,64356.3,61521.0,63392.8,405931.439
1713312000.0,69853.15,64157.4,67052.98,64172.47,61254.5,64483.3,59625.0,63764.9,444032.992
1713398400.0,69230.18,66445.87,67625.09,67052.98,63445.0,64100.0,60763.8,61254.5,363302.394
1713484800.0,67974.1,64234.35,65864.34,67625.09,63787.4,65480.0,59541.0,63445.0,574264.058
1713571200.0,67264.89,65457.6,67260.22,65864.34,64897.2,65400.0,63045.1,63787.4,197142.262
1713657600.0,68053.39,66426.09,66885.53,67260.22,64912.6,65678.7,64214.2,64897.2,160533.948
1713744000.0,69113.95,66127.56,69047.38,66885.53,66778.0,67222.0,64470.5,64912.7,246268.411
1713830400.0,70352.15,67968.05,68074.65,69047.38,66386.3,67158.9,65750.0,66777.9,178665.564
1713916800.0,70387.51,67872.09,70078.67,68074.65,64250.0,67068.2,63575.0,66386.2,280545.061
1714003200.0,70505.53,66663.27,67298.24,70078.67,64478.8,65270.6,62721.3,64250.0,275211.062
1714089600.0,68545.59,66236.09,67291.46,67298.24,63748.8,64783.1,63291.5,64478.8,202149.813
1714176000.0,68196.28,66148.54,67163.23,67291.46,63421.0,63901.4,62332.8,63748.7,167349.109
1714262400.0,68159.34,65748.76,65756.11,67163.23,63088.3,64350.0,62700.0,63420.9,126056.151
1714348800.0,68763.86,65639.63,66574.27,65756.11,63842.4,64200.0,61726.2,63088.4,228411.163
1714435200.0,74226.5,66172.58,72521.57,66574.27,60651.2,64700.0,59150.0,63842.4,408747.703
1714521600.0,73492.36,67926.47,68411.83,72521.57,58307.6,60816.7,56537.7,60651.2,564108.4
1714608000.0,70587.03,67157,67560.58,68411.83,59036.7,59637.3,56951.6,58307.7,299229.302
1714694400.0,72350.85,67276.61,72116.46,67560.58,62853.7,63333.0,58781.3,59036.7,353606.459
1714780800.0,75456.67,71680.65,73775.18,72116.46,63864.2,64547.9,62520.0,62853.7,205205.199
1714867200.0,73775.18,70873.41,72613.42,73775.18,63988.0,64644.3,62833.0,63864.3,185495.653
1714953600.0,76114.53,70784.92,70800.01,72613.42,63142.8,65500.0,62655.3,63987.9,305110.067
1715040000.0,73088.19,70650.32,70978.33,70800.01,62296.0,64392.2,62203.6,63142.7,238974.646
1715126400.0,72734.97,69548.82,69706.16,70978.33,61157.9,62994.9,60843.6,62296.0,241651.579
1715212800.0,71667.95,68645.4,69750.21,69706.16,63050.1,63447.2,60550.0,61157.9,242451.302
1715299200.0,74107.74,69129.76,71759.45,69750.21,60778.1,63446.5,60117.4,63050.0,307214.96
1715385600.0,71775.52,70563.58,70978.98,71759.45,60809.2,61491.4,60432.6,60778.0,113294.787
1715472000.0,71151.63,68768.94,69757.31,70978.98,61455.8,61849.4,60557.3,60809.2,104043.897
1715558400.0,72725.49,68004.05,71129.54,69757.31,62912.1,63440.0,60750.0,61455.7,261927.073
1715644800.0,71428.7,67507.47,67744.08,71129.54,61550.5,63099.6,60950.0,62912.2,244345.274
1715731200.0,73610.6,67744.08,73610.6,67744.08,66175.4,66440.0,61316.1,61550.5,365031.68
1715817600.0,75616.21,72065.26,72377.87,73610.6,65217.7,66800.0,64567.0,66175.4,242455.324
1715904000.0,75523.07,70998.62,74095.69,72377.87,66980.0,67400.6,65061.2,65217.7,227063.919
1715990400.0,75766.17,74008.85,75167.22,74095.69,66884.9,67340.5,66503.2,66980.0,96931.548
1716076800.0,77500.94,74891.56,75131.6,75167.22,66239.4,67750.0,65835.8,66884.9,148170.35
1716163200.0,80058.12,70148,70546.09,75131.6,71466.5,71674.6,66010.0,66239.4,366028.078
1716249600.0,78866.78,70546.09,78456.22,70546.09,70168.8,72132.8,69165.6,71466.5,263674.327
1716336000.0,79700.41,77310.08,77763.21,78456.22,69219.1,70715.4,68736.8,70168.7,194160.494
1716422400.0,79159.9,70438.53,70839.94,77763.21,67999.9,70133.3,66156.6,69219.2,300093.622
1716508800.0,72440.76,69752.06,70215.54,70839.94,68584.1,69273.5,66639.0,67999.9,186681.082
1716595200.0,73070.59,69579.86,72346.87,70215.54,69314.4,69622.8,68523.7,68584.0,85113.605
1716681600.0,72498.99,71028.21,71075.8,72346.87,68524.3,69590.3,68155.0,69314.5,84069.824
1716768000.0,73344.65,70551.22,71581.74,71075.8,69461.6,70750.0,68268.7,68524.4,170291.356
1716854400.0,74141.82,70787.24,71916.76,71581.74,68440.5,69628.0,67273.0,69461.5,227838.44
1716940800.0,76481.54,71820.18,76215.29,71916.76,67686.7,68983.0,67129.0,68440.4,158236.599
1717027200.0,76334.95,74166.63,74249.84,76215.29,68402.5,69568.9,67167.0,67686.8,194573.899
1717113600.0,77181.88,73752.97,76505.84,74249.84,67577.9,69080.0,66700.5,68402.6,195751.752
1717200000.0,77195.54,75288.93,75473.29,76505.84,67799.2,67936.0,67480.0,67577.9,50943.058
1717286400.0,78306.42,75126.19,76089.3,75473.29,67805.9,68545.9,67296.3,67799.2,102194.718
1717372800.0,80992.45,75578.47,78539.21,76089.3,68851.4,70372.9,67642.6,67805.9,227676.93
1717459200.0,83213.3,77993.32,81175.06,78539.21,70580.0,71146.4,68595.5,68851.3,216100.016
1717545600.0,84896.04,81039.58,82457.73,81175.06,71133.3,71824.4,70423.6,70580.0,203992.034
1717632000.0,84942.78,81654.05,81925.57,82457.73,70830.0,71714.8,70101.9,71133.3,158483.564
1717718400.0,86722.46,81700.22,82373.71,81925.57,69377.0,72144.0,68405.0,70830.0,299412.37
1717804800.0,83481.85,82161.43,83481.85,82373.71,69346.5,69613.6,69192.3,69377.0,65739.857
1717891200.0,84075.03,83019.2,83579.08,83481.85,69667.1,69879.0,69160.0,69346.6,68024.1
1717977600.0,85784.03,83426.04,85576.76,83579.08,69558.7,70222.7,69201.2,69667.1,127381.604
1718064000.0,85862.29,82156.56,82657.35,85576.76,67320.7,69600.0,66000.0,69558.8,311984.942
1718150400.0,85061.64,79095.96,81188.83,82657.35,68270.3,70028.0,66920.0,67320.6,329918.46
1718236800.0,82773.48,79230.03,82146.49,81188.83,66786.9,68607.7,66251.1,68270.3,248355.461
1718323200.0,84261.52,78762.12,79469.83,82146.49,66039.7,67366.5,65052.4,66786.8,239411.231
1718409600.0,80507.16,78989.9,80503.44,79469.83,66213.7,66482.6,65801.0,66039.7,72423.755
1718496000.0,82331.01,80416.87,80880.57,80503.44,66653.6,66960.3,66012.1,66213.7,80361.551
1718582400.0,82039.03,78534.93,79693.14,80880.57,66472.1,67280.6,65094.9,66653.5,248420.787
1718668800.0,80558.01,77660.47,77777.15,79693.14,65150.0,66558.9,64009.8,66472.1,335559.394
1718755200.0,79474.76,75282.97,75442.14,77777.15,64933.6,65711.9,64600.0,65149.9,150032.669
1718841600.0,78114.35,73827.09,74372.62,75442.14,64854.0,66467.0,64526.0,64933.6,220954.676
1718928000.0,78171.86,74292.59,76733.96,74372.62,64124.0,65055.5,63361.2,64854.0,210109.601
1719014400.0,78251.83,76574.23,78032.76,76733.96,64240.0,64520.0,63915.8,64124.1,53855.862
1719100800.0,78141.61,77227.36,77587.7,78032.76,63194.9,64500.0,63137.9,64240.1,72052.293
1719187200.0,81483.11,75522.27,75522.27,77587.7,60273.6,63357.0,58218.0,63194.9,445903.184
1719273600.0,80176.46,74043.44,75580.15,75522.27,61777.8,62448.1,60230.5,60273.5,264647.317
1719360000.0,76626.87,74085.43,74874.62,75580.15,60860.1,62465.1,60696.0,61777.9,170601.18
1719446400.0,76227.78,74201.64,74905.83,74874.62,61682.0,62379.7,60605.0,60860.1,160172.482
1719532800.0,78897.8,73862.95,78520.96,74905.83,60429.8,62204.0,60038.0,61682.1,195508.125
1719619200.0,80614.77,77199.38,80544.66,78520.96,60982.4,61232.0,60400.1,60429.8,79680.289
1719705600.0,85813.39,80355.51,85679.23,80544.66,62766.0,63058.4,60705.0,60982.5,147777.915
1719792000.0,85717.19,81848.83,81848.83,85679.23,62883.6,63849.0,62502.2,62766.1,193937.938
1719878400.0,86792.03,81814.32,84470.64,81848.83,62123.6,63284.0,61800.0,62883.7,163101.243
1719964800.0,88755.78,83745.43,88024.27,84470.64,60208.0,62278.2,59299.3,62123.5,295303.265
1720051200.0,92080.33,86334.46,88549.01,88024.27,57045.9,60500.0,56560.0,60208.0,445656.277
1720137600.0,88626.07,82487.59,83117.4,88549.01,56604.9,57533.4,53329.5,57045.9,577193.595
1720224000.0,84105.24,79481.43,80176.81,83117.4,58216.0,58472.0,56000.0,56604.9,178580.022
1720310400.0,81997.4,79668.28,81289.35,80176.81,55830.9,58443.0,55688.0,58216.0,210361.981
1720396800.0,82811.23,77551.77,78836.32,81289.35,56686.4,58200.0,54243.1,55831.0,464106.957
1720483200.0,82182.11,76763.99,82173.01,78836.32,58023.2,58290.6,56256.2,56686.4,257237.048
1720569600.0,84280.83,79221.33,82670.57,82173.01,57707.0,59449.6,57125.0,58023.1,254248.937
1720656000.0,85414.85,80777.49,85087.79,82670.57,57315.5,59780.0,57030.0,57707.0,293106.959
1720742400.0,86058.24,82942.4,83286.71,85087.79,57870.0,58500.0,56500.1,57315.7,238100.616
1720828800.0,85452.1,82121.36,85449.27,83286.71,59174.0,59850.0,57728.6,57870.0,157884.322
1720915200.0,88148.42,84943.63,84970.02,85449.27,60766.0,61412.4,59164.0,59173.9,208060.883
1721001600.0,86667.43,83494.06,85223.44,84970.02,64680.6,64870.7,60622.6,60766.0,352222.181
1721088000.0,86098.01,82358.25,83122.79,85223.44,65010.0,65388.0,62350.0,64680.6,375258.616
1721174400.0,84652.53,79200.79,79402.46,83122.79,64055.7,66100.0,63823.0,65010.0,276656.393
1721260800.0,79704.72,78116.06,78585.8,79402.46,63959.9,65173.8,63206.4,64055.8,215648.157
1721347200.0,84679.69,77663.21,84274.85,78585.8,66627.9,67362.8,63266.2,63960.0,311859.805
1721433600.0,84327.95,81405.89,82807.22,84274.85,67095.6,67648.7,66159.1,66627.9,123564.406
1721520000.0,83957.13,79575.58,80649.8,82807.22,68138.0,68351.2,65750.0,67095.6,207228.372
1721606400.0,82097.74,80417.44,80886.01,80649.8,67499.2,68459.7,66538.6,68138.0,192991.391
1721692800.0,83050.02,80227.22,82275.28,80886.01,65916.4,67729.3,65416.5,67499.2,270430.68
1721779200.0,83534.16,80509.61,81113.75,82275.28,65350.8,67087.3,65040.5,65916.3,215079.421
1721865600.0,86269.01,79602.27,83326.98,81113.75,65773.0,66144.0,63456.7,65350.7,319685.441
1721952000.0,87750.45,83049.99,84650.51,83326.98,67882.5,68200.0,65688.2,65773.0,235384.526
1722038400.0,87908.07,84484.81,86090.44,84650.51,67873.8,69381.7,66624.5,67882.5,330982.647
1722124800.0,86375.31,85136.58,85822.43,86090.44,68215.5,68300.0,67037.0,67873.7,116913.935
1722211200.0,94163.31,84579.36,84869.85,85822.43,66750.0,70081.0,66365.8,68215.5,372537.818
1722297600.0,84891.94,82710.16,82994.33,84869.85,66159.3,66966.6,65254.5,66750.1,246551.044
1722384000.0,83478.97,81263.44,82569.05,82994.33,64601.8,66826.3,64500.4,66159.3,246389.446
1722470400.0,90343.53,81869.88,87198.82,82569.05,65328.9,65650.0,62271.2,64601.8,372654.59
1722556800.0,91011.99,85577.33,87795.29,87198.82,61483.7,65577.0,61200.2,65329.0,421628.42
1722643200.0,88780.23,84884.66,85280.56,87795.29,60684.6,62166.0,59800.0,61483.7,290469.956
1722729600.0,92370.91,85279.28,88101.15,85280.56,58144.5,61089.5,57040.0,60684.5,339512.415
1722816000.0,88365.59,73654.96,75207.86,88101.15,54003.1,58286.9,48888.0,58144.5,1281982.025
1722902400.0,78286.81,74291.85,76846.52,75207.86,55991.2,56999.9,53925.3,54003.5,435953.439
1722988800.0,81170.23,75509.53,76975.18,76846.52,55102.9,57699.0,54519.8,55991.3,377442.54
1723075200.0,79191.51,73493.46,74961.97,76975.18,61659.8,62737.2,54672.4,55102.9,470117.508
1723161600.0,76431.28,71568.24,71915.91,74961.97,60808.6,61726.0,59500.0,61659.8,308674.339
1723248000.0,72004.38,70337.8,71070.06,71915.91,60889.9,61450.0,60208.5,60808.6,115593.354
1723334400.0,73245.13,69944.92,70088.23,71070.06,58693.1,62000.0,58255.4,60889.8,202539.076
1723420800.0,72799.73,68271,68489.17,70088.23,59323.6,60666.0,57615.0,58693.1,367126.29
1723507200.0,72479.66,68302.46,72128.26,68489.17,60550.5,61545.0,58360.0,59323.7,255934.721
1723593600.0,79338.24,72080.24,78048.23,72128.26,58648.1,61839.7,58367.2,60550.4,295662.808
1723680000.0,83887.52,77987.37,83845.67,78048.23,57511.0,59820.0,55969.0,58648.1,360815.946
1723766400.0,84596.96,80997.98,82133.08,83845.67,58854.9,59780.2,57062.1,57511.1,268756.529
1723852800.0,83269.9,82015.15,82618.48,82133.08,59468.5,59690.2,58769.4,58854.9,77085.532
1723939200.0,84736.88,82322.97,82690.11,82618.48,58390.0,60250.0,58352.0,59468.5,149660.264
1724025600.0,84777.35,79509.61,79747.84,82690.11,59398.5,59585.4,57750.0,58390.1,214043.139
1724112000.0,86776.37,79685.48,82713.25,79747.84,58982.9,61386.0,58501.1,59398.4,287049.13
1724198400.0,85606.2,82123.11,85606.2,82713.25,61120.0,61793.9,58728.9,58982.7,270583.679
1724284800.0,85950.85,83143.86,83677.26,85606.2,60349.9,61392.0,59677.6,61120.0,211098.959
1724371200.0,90065.89,82319.98,86681.74,83677.26,64019.9,65000.0,60301.5,60349.9,382490.709
1724457600.0,88752.66,86313.84,87051.74,86681.74,64116.5,64472.5,63522.7,64020.0,132741.902
1724544000.0,88960.36,86916.82,87948.77,87051.74,64190.2,65175.4,63731.3,64116.6,115546.888
1724630400.0,88020.04,84285.87,84294.9,87948.77,62807.6,64455.8,62750.2,64190.1,195977.222
1724716800.0,87476.27,80179.76,81453.79,84294.9,59384.5,63196.0,57928.2,62807.7,339269.805
1724803200.0,82631.22,78680.84,79137.69,81453.79,59010.0,60197.8,57820.0,59384.4,313788.567
1724889600.0,84470.28,79115.22,81439.37,79137.69,59323.2,61144.9,58655.0,59010.0,233896.685
1724976000.0,83366.57,79812.02,79856.02,81439.37,59096.3,59914.9,57525.0,59323.3,268276.469
1725062400.0,81356.5,79856.02,80996.06,79856.02,58941.9,59436.0,58700.0,59096.4,68866.674
1725148800.0,83902.43,80870.89,82150.91,80996.06,57268.1,59052.7,57123.0,58941.9,222909.914
1725235200.0,84750.13,80916.98,82500.25,82150.91,59112.1,59412.3,57093.0,57268.1,201218.384
1725321600.0,87931.31,81885.63,83165.32,82500.25,57451.9,59790.0,57320.0,59112.2,230196.497
1725408000.0,83219.14,78718.73,81104.8,83165.32,57944.8,58500.0,55555.0,57452.0,326983.311
1725494400.0,85987.88,81087.15,83700.76,81104.8,56145.7,58318.9,55600.0,57944.8,294703.592
1725580800.0,87882.75,82944.13,85488.33,83700.76,53927.7,57000.0,52510.8,56145.7,479063.113
1725667200.0,85550.15,83180.9,83352.46,85488.33,54134.9,54820.2,53725.0,53927.7,127686.594
1725753600.0,85269.91,82743.09,84700.14,83352.46,54839.6,55300.0,53596.5,54134.9,162078.536
1725840000.0,90656.81,84681.62,87581.68,84700.14,57010.0,58153.2,54557.0,54839.6,313094.361
1725926400.0,87808.31,85824.2,86216.3,87581.68,57609.1,58033.2,56361.0,57010.1,228317.676
1726012800.0,87890.72,85614.72,85817.5,86216.3,57306.0,57954.4,55515.2,57609.2,338231.445
1726099200.0,88599.06,85423.73,85500.05,85817.5,58097.0,58606.6,57283.1,57305.6,261449.688
1726185600.0,89405.48,85474.09,89405.48,85500.05,60456.2,60597.0,57594.0,58097.1,277429.492
1726272000.0,90349.34,87236.67,87432.21,89405.48,59964.0,60572.9,59360.1,60456.2,102580.577
1726358400.0,88682.14,85938.29,86300.93,87432.21,59100.5,60369.4,58654.0,59963.9,130524.206
1726444800.0,86480.91,84431.78,84511.53,86300.93,58187.0,59182.2,57446.3,59100.5,250699.432
1726531200.0,89717.83,83409.15,85407.6,84511.53,60281.0,61345.0,57588.8,58187.0,318442.066
1726617600.0,85721.94,81768.84,83777.53,85407.6,61735.3,61765.0,59138.0,60281.0,355729.312
1726704000.0,89019.62,83402.82,87180.81,83777.53,62926.9,63830.1,61534.0,61735.3,302382.412
1726790400.0,89422.31,85995.02,86594.9,87180.81,63175.7,64126.7,62320.0,62926.9,257172.835
1726876800.0,87655.39,86550.25,86611.76,86594.9,63320.6,63546.9,62714.2,63175.8,78248.362
1726963200.0,87137.3,84094.91,85731.9,86611.76,63558.4,64000.0,62339.0,63320.6,149129.884
1727049600.0,89922.77,84412.01,88984.87,85731.9,63302.0,64724.8,62534.4,63558.5,234343.564
1727136000.0,91473.93,88540.96,91142.01,88984.87,64243.1,64666.0,62688.2,63302.1,236987.628
1727222400.0,92343.72,87860.98,88401.72,91142.01,63118.4,64800.0,62910.0,64243.2,184950.772
1727308800.0,91012.22,86013.03,88244.15,88401.72,65139.2,65800.0,62634.4,63118.3,321186.356
1727395200.0,90067.97,85641.26,85845.49,88244.15,65749.6,66450.0,64788.0,65139.1,226404.021
1727481600.0,86710.23,85260.54,85269.97,85845.49,65822.6,66237.0,65368.1,65749.5,92773.553
1727568000.0,86132.97,84448.68,85611.56,85269.97,65568.1,66059.3,65400.0,65822.7,88131.799
1727654400.0,90677.76,85188.23,86794.06,85611.56,63309.1,65588.8,62825.0,65568.2,296848.373
1727740800.0,90760.74,83743.48,84308.09,86794.06,60776.8,64092.6,60128.2,63309.0,429817.835
1727827200.0,85931.84,82018.08,82501.46,84308.09,60622.6,62355.0,59934.9,60776.7,327001.805
1727913600.0,85380.65,82098.38,84455.58,82501.46,60727.2,61452.6,59815.0,60622.7,286137.212
1728000000.0,87642.43,84415.83,84720.24,84455.58,62054.4,62457.1,60434.1,60727.1,234795.836
1728086400.0,85474.05,83878.39,84277.21,84720.24,62023.1,62344.0,61648.0,62054.3,74330.781
1728172800.0,87003.7,84193.07,86182.28,84277.21,62789.3,62961.5,61778.9,62023.1,96413.453
1728259200.0,88317.2,83236.47,83237.51,86182.28,62190.7,64448.2,62091.8,62789.2,298949.375
1728345600.0,87040.16,83237.51,85922.61,83237.51,62131.7,63178.7,61836.0,62190.6,226276.359
1728432000.0,89410.36,84552.57,86900.7,85922.61,60606.4,62520.9,60251.9,62131.8,217302.173
1728518400.0,88826.48,85281.24,85845.55,86900.7,60293.2,61297.0,58900.0,60606.3,262947.653
1728604800.0,89040.81,83243.62,87530.07,85845.55,62509.0,63400.0,60057.8,60293.3,263691.142
1728691200.0,89708.13,87333.47,89356.26,87530.07,63176.0,63462.6,62458.0,62509.0,102784.406
1728777600.0,89405.64,85772.92,85774.87,89356.26,62839.8,63260.0,62020.0,63176.0,129696.156
1728864000.0,89169.45,84266.74,86442.97,85774.87,66064.9,66533.0,62420.0,62839.7,338251.601
1728950400.0,87581.74,82710.37,82777.22,86442.97,67044.1,67953.7,64771.7,66064.9,422005.511
1729036800.0,88071.97,82604.98,86460.73,82777.22,67592.0,68400.0,66724.2,67044.0,254153.501
1729123200.0,86852.19,81444.82,81689.88,86460.73,67401.5,67925.9,66600.0,67592.0,220272.837
1729209600.0,89370.25,81689.88,86390.15,81689.88,68407.8,69000.0,67165.0,67401.5,245301.761
1729296000.0,87259.44,85912.44,86747.85,86390.15,68357.1,68684.9,68000.0,68407.8,68632.108
1729382400.0,88008.68,86269.58,86607.14,86747.85,69020.1,69425.8,68069.8,68357.1,105939.492
1729468800.0,90179.5,86131.59,86947.83,86607.14,67368.8,69566.0,66865.9,69020.2,253437.333
1729555200.0,87788.38,85929.53,86930.44,86947.83,67406.4,67825.0,66536.5,67368.7,218518.977
1729641600.0,87942.14,83880.87,84243.06,86930.44,66647.2,67449.0,65222.3,67406.5,248215.058
1729728000.0,86258.56,83506.87,85470.82,84243.06,68173.8,68842.5,66482.0,66647.3,212340.722
1729814400.0,86047.77,79943.1,80095.98,85470.82,66662.8,68748.0,65557.2,68173.8,348511.871
1729900800.0,81827.33,79904.24,80972.17,80095.98,67071.8,67450.0,66414.1,66662.7,94169.992
1729987200.0,82258.98,80886.17,82208.52,80972.17,67992.6,68306.1,66909.4,67071.9,88468.808
1730073600.0,89114.89,81988.44,89114.89,82208.52,69940.0,70331.0,67584.2,67992.7,256128.622
1730160000.0,93435.77,88841.82,90244.82,89114.89,72739.5,73660.0,69733.0,69939.9,382502.06
1730246400.0,90926.43,87785.98,89315.34,90244.82,72349.0,72984.9,71444.2,72739.5,227108.808
1730332800.0,91639.79,88894.98,89547.08,89315.34,70321.9,72720.3,69705.0,72349.0,256485.328
1730419200.0,90871.01,83657.37,84093.33,89547.08,69495.5,71650.0,68822.5,70321.9,352591.088
1730505600.0,85988.7,83928.88,85854.96,84093.33,69366.6,69913.1,69022.8,69495.4,79314.105
1730592000.0,86690.75,82464.73,82985.13,85854.96,68762.5,69393.7,67446.6,69366.6,226477.376
1730678400.0,85972.03,82565.64,84137.89,82985.13,67834.3,69495.3,66810.0,68762.5,244912.166
1730764800.0,84755.58,82456.89,82909.61,84137.89,69353.1,70537.4,67454.2,67834.4,273070.87
1730851200.0,91371.31,82137.4,89444.32,82909.61,75579.9,76420.0,69272.7,69353.1,677440.286
1730937600.0,90319.7,88300.11,88614.62,89444.32,75859.4,76900.0,74450.0,75579.9,280675.033
1731024000.0,92124.95,88268.17,89973.35,88614.62,76482.2,77182.9,75576.3,75859.4,230370.324
1731110400.0,89984.08,87267.91,87462.86,89973.35,76675.1,76920.0,75683.2,76482.2,117754.034
1731196800.0,89111.73,84423.26,85951.32,87462.86,80410.0,81699.8,76501.1,76675.1,417426.899
1731283200.0,91081.89,84950.31,84950.31,85951.32,88728.9,89800.0,80261.2,80409.9,614141.662
1731369600.0,88449.91,83273.47,84314.81,84950.31,87972.0,90070.1,85159.9,88729.0,639481.584
1731456000.0,87677.32,83026.29,83026.29,84314.81,90413.3,93421.1,86180.0,87972.0,555288.297
1731542400.0,86582.42,82967.82,85965.52,83026.29,87382.7,91846.1,86714.0,90413.3,364621.68
1731628800.0,86406.17,83569.38,84835.88,85965.52,91074.6,91921.5,87111.0,87382.6,314431.908
1731715200.0,85533.33,83887.88,84679.91,84835.88,90643.3,91849.8,90120.0,91074.6,129023.447
1731801600.0,86400.62,84033.82,84050.43,84679.91,89899.9,91539.6,88736.1,90643.2,167504.792
1731888000.0,86528.24,82858.02,84964.76,84050.43,90507.4,92700.0,89422.1,89900.0,333557.11
1731974400.0,90441.67,83035.62,85473.22,84964.76,92335.9,93985.9,90405.6,90507.4,303532.031
1732060800.0,92607.04,84053.86,89561.55,85473.22,94288.0,94849.0,91500.0,92335.9,290044.227
1732147200.0,91738.43,88783.45,89315.71,89561.55,98366.8,99100.0,94008.7,94288.0,418383.136
1732233600.0,92949.81,88937.28,90665.47,89315.71,98921.4,99660.0,97199.9,98366.8,265774.067
1732320000.0,91187.81,89929.43,90280.16,90665.47,97725.5,98937.3,97173.5,98921.5,120358.422
1732406400.0,90316.05,87497.22,87506.41,90280.16,97960.4,98666.0,95822.1,97725.6,173118.84
1732492800.0,91974.33,87030.77,90386.93,87506.41,93064.0,98999.0,92666.0,97960.5,329375.021
1732579200.0,90918.75,87089.71,87582.17,90386.93,92021.4,95064.0,90866.4,93064.0,344929.233
1732665600.0,89448.5,86144.67,86144.67,87582.17,95905.2,97250.0,91864.0,92021.5,237005.987
1732752000.0,87560.7,85653.06,85986.47,86144.67,95694.4,96627.6,94700.1,95905.2,154007.026
1732838400.0,90056.94,85448,87999.15,85986.47,97516.3,98713.3,95404.5,95694.4,190520.949
1732924800.0,88183.85,86596.19,86886.8,87999.15,96475.1,97522.1,96150.0,97516.2,93074.218
1733011200.0,87583,86204.09,86611.76,86886.8,97265.1,97933.0,95736.5,96475.2,113222.99
1733097600.0,89258.43,86203.06,86360.44,86611.76,95890.5,98266.0,94400.0,97265.0,257613.911
1733184000.0,88323.57,86336.56,87478.36,86360.44,95913.3,96375.0,93605.0,95890.6,206601.98
1733270400.0,92672.04,86897.04,92672.04,87478.36,98669.8,99099.9,94650.8,95913.3,275949.205
1733356800.0,98008.33,91796.34,92222.65,92672.04,97001.5,104630.4,90200.0,98669.8,580277.391
1733443200.0,92647.76,88985.5,89424.86,92222.65,99802.5,101988.8,96429.5,97001.6,282369.608
1733529600.0,90260.92,88563.67,88606.1,89424.86,99899.2,100499.0,98876.9,99802.5,95858.658
1733616000.0,90028.99,88425.92,89369.93,88606.1,101200.0,101457.9,98709.4,99899.2,109755.676
1733702400.0,90806.74,88485.29,89931.81,89369.93,97349.1,101300.0,94039.7,101200.1,326973.59
1733788800.0,90138.95,87430.69,87743.4,89931.81,96602.4,98320.6,94265.5,97349.1,291490.744
1733875200.0,94331.88,87659.74,92932.68,87743.4,101115.3,101880.0,95650.0,96602.3,221807.705
1733961600.0,94701.2,91619.49,91664.94,92932.68,99982.4,102538.4,99280.2,101115.3,215219.075
1734048000.0,93017.44,90031.02,92006.98,91664.94,101371.9,101869.5,99149.6,99982.3,152437.318
1734134400.0,93491.53,91912.09,92605.91,92006.98,101381.0,102638.0,100559.8,101371.9,107680.549
1734220800.0,99444.13,92327.4,98889.58,92605.91,104460.4,105374.6,101200.1,101381.0,157733.916
1734307200.0,99550.59,93016.44,93131.38,98889.58,106023.2,107777.0,103264.6,104460.5,274395.756
1734393600.0,96511.65,92333.57,92348.22,93131.38,106074.6,108366.8,105252.0,106023.2,197773.912
1734480000.0,93175.02,90216.66,92463.7,92348.22,100181.1,106484.6,99951.1,106074.6,328581.935
1734566400.0,93623.49,90468.85,91563.65,92463.7,97434.4,102756.7,95681.2,100181.2,372968.463
1734652800.0,95944.78,88679.36,89105.58,91563.65,97764.4,98243.0,92272.6,97434.3,396188.795
1734739200.0,89442.98,86585.67,87817.16,89105.58,97261.8,99485.0,96375.0,97764.5,161258.48
1734825600.0,88590.2,86637.71,86862.42,87817.16,95153.5,97437.9,94200.0,97261.7,148114.735
1734912000.0,91068.65,86797.91,90258.83,86862.42,94861.1,96499.0,92464.4,95153.4,247211.855
1734998400.0,92573.96,89716.41,91743.75,90258.83,98627.2,99450.0,93525.6,94861.0,211610.632
1735084800.0,92438.04,91099.44,91863.89,91743.75,99379.7,99580.7,97570.0,98626.9,124696.892
1735171200.0,92108.86,88764.24,89323.62,91863.89,95751.0,99950.0,95153.0,99379.6,194857.651
1735257600.0,90427.89,88303.81,89655.86,89323.62,94258.9,97564.5,93440.0,95750.9,206008.243
1735344000.0,90868.91,89461.17,90694.42,89655.86,95259.1,95700.0,94100.0,94258.9,67991.349
1735430400.0,91392.47,89580.66,89932.06,90694.42,93700.0,95300.0,92961.8,95259.1,95047.934
1735516800.0,93148.2,89818.8,90900.25,89932.06,92759.3,95031.6,91510.0,93699.9,222343.593
1735603200.0,93410.72,90201.41,91235.02,90900.25,93548.9,96254.3,92000.0,92759.3,178648.116
1735689600.0,92641.65,90769.4,92288.42,91235.02,94580.9,95161.2,92796.5,93548.8,91236.66
