t,shortLiquidationUsd,longLiquidationUsd,high,close,volume,open,low
1569369600.0,0,0,8725.24,8430.07,48222.102,8493.32,8200.0
1569456000.0,0,0,8464.4,8060.15,60065.945,8428.15,7700.67
1569542400.0,0,0,8260.0,8176.52,40034.653,8061.98,7851.94
1569628800.0,0,0,8311.0,8195.38,33820.919,8178.26,8001.14
1569715200.0,0,0,8226.35,8041.96,35966.056,8199.0,7888.98
1569801600.0,0,0,8331.89,8285.84,54412.52,8042.08,7709.01
1569888000.0,0,0,8499.0,8290.0,39212.804,8285.31,8171.0
1569974400.0,0,0,8365.92,8352.14,30329.179,8290.0,8149.35
1570060800.0,0,0,8386.0,8220.27,33430.23,8353.4,8020.0
1570147200.0,0,0,8227.42,8130.56,28421.111,8219.95,7979.95
1570233600.0,0,0,8175.0,8122.14,30262.006,8130.0,8010.0
1570320000.0,0,0,8148.43,7852.79,41909.039,8122.01,7760.0
1570406400.0,0,0,8330.0,8186.88,62760.299,7851.01,7764.42
1570492800.0,0,0,8322.01,8167.62,44715.165,8188.55,8103.88
1570579200.0,0,0,8700.0,8559.77,65453.643,8168.33,8113.0
1570665600.0,0,0,8640.89,8556.02,44285.668,8559.77,8419.34
1570752000.0,0,0,8788.0,8255.58,69157.964,8557.0,8210.0
1570838400.0,0,0,8397.45,8300.22,37761.514,8255.54,8248.34
1570924800.0,0,0,8456.0,8274.66,43820.913,8300.31,8137.3
1571011200.0,0,0,8381.77,8346.05,61999.821,8274.33,8205.02
1571097600.0,0,0,8408.62,8160.01,86246.749,8346.31,8080.0
1571184000.0,0,0,8184.0,7992.21,70434.452,8160.55,7900.24
1571270400.0,0,0,8124.63,8069.2,58354.602,7994.76,7930.0
1571356800.0,0,0,8117.3,7943.94,75251.352,8069.41,7812.0
1571443200.0,0,0,8108.54,7947.13,78024.395,7945.57,7852.12
1571529600.0,0,0,8300.5,8218.23,78663.915,7947.78,7871.17
1571616000.0,0,0,8334.57,8201.74,59928.516,8218.23,8150.0
1571702400.0,0,0,8290.0,8020.89,69506.88,8201.0,8000.0
1571788800.0,0,0,8047.78,7465.0,108484.139,8020.68,7172.76
1571875200.0,0,0,7495.81,7411.35,66719.534,7465.18,7337.44
1571961600.0,0,0,8800.0,8650.0,165118.926,7410.07,7359.0
1572048000.0,0,0,10408.48,9232.22,248161.161,8650.0,8626.89
1572134400.0,0,0,9803.83,9533.32,163544.019,9234.75,9066.07
1572220800.0,0,0,9930.13,9217.36,155599.975,9534.37,9156.03
1572307200.0,0,0,9569.1,9415.02,124703.014,9215.78,9070.0
1572393600.0,0,0,9418.65,9165.3,98464.858,9415.02,8975.72
1572480000.0,0,0,9438.64,9150.0,98836.044,9163.4,8933.0
1572566400.0,0,0,9280.0,9231.01,87256.949,9149.88,9050.27
1572652800.0,0,0,9375.0,9287.8,56602.055,9231.7,9194.98
1572739200.0,0,0,9366.69,9197.88,75612.722,9288.96,9073.0
1572825600.0,0,0,9550.0,9395.46,90433.357,9197.86,9126.01
1572912000.0,0,0,9457.13,9313.2,113738.226,9395.47,9164.33
1572998400.0,0,0,9450.0,9343.6,73767.911,9313.1,9259.48
1573084800.0,0,0,9381.93,9219.64,77389.569,9344.29,9091.2
1573171200.0,0,0,9259.3,8775.03,151851.16,9221.63,8669.85
1573257600.0,0,0,8878.0,8811.15,66846.392,8775.6,8727.0
1573344000.0,0,0,9187.0,9041.31,91099.197,8811.3,8760.0
1573430400.0,0,0,9072.91,8728.93,113373.762,9041.31,8611.11
1573516800.0,0,0,8889.06,8817.0,107520.546,8729.89,8552.12
1573603200.0,0,0,8838.0,8774.76,58585.811,8817.94,8712.0
1573689600.0,0,0,8798.06,8642.25,87099.995,8774.78,8581.39
1573776000.0,0,0,8780.0,8473.27,145602.497,8642.47,8380.0
1573862400.0,0,0,8540.54,8491.06,48657.04,8473.3,8435.0
1573948800.0,0,0,8631.0,8504.04,72152.266,8491.18,8355.78
1574035200.0,0,0,8504.71,8183.26,123477.142,8504.13,8050.0
1574121600.0,0,0,8212.87,8131.7,110854.03,8183.3,8000.0
1574208000.0,0,0,8230.0,8094.05,87352.38,8131.12,8037.5
1574294400.0,0,0,8131.51,7621.9,180289.189,8094.57,7432.0
1574380800.0,0,0,7765.03,7262.72,371213.951,7621.89,6762.73
1574467200.0,0,0,7345.84,7305.99,139643.311,7261.89,7073.38
1574553600.0,0,0,7324.92,6900.86,183676.078,7306.19,6855.91
1574640000.0,0,0,7386.29,7102.03,333987.914,6899.77,6510.19
1574726400.0,0,0,7340.06,7150.0,193962.094,7103.34,7011.9
1574812800.0,0,0,7669.2,7506.77,297842.994,7149.97,6850.0
1574899200.0,0,0,7643.0,7415.79,175000.609,7506.78,7356.0
1574985600.0,0,0,7850.0,7736.66,185819.186,7417.0,7394.57
1575072000.0,0,0,7800.0,7542.93,141966.392,7737.23,7444.18
1575158400.0,0,0,7541.08,7387.38,196291.252,7541.08,7222.29
1575244800.0,0,0,7416.75,7291.0,143966.953,7388.0,7137.74
1575331200.0,0,0,7404.42,7290.86,84699.47,7291.74,7231.35
1575417600.0,0,0,7800.0,7191.0,274879.481,7290.85,7070.0
1575504000.0,0,0,7480.0,7384.99,176315.108,7189.42,7142.54
1575590400.0,0,0,7602.44,7522.1,136218.707,7384.66,7295.73
1575676800.0,0,0,7616.91,7487.2,83208.782,7521.13,7467.44
1575763200.0,0,0,7559.39,7508.2,84380.338,7487.19,7376.0
1575849600.0,0,0,7676.48,7337.49,136440.176,7507.87,7269.05
1575936000.0,0,0,7403.71,7220.98,126662.794,7338.2,7152.0
1576022400.0,0,0,7267.0,7205.77,97320.727,7220.92,7117.74
1576108800.0,0,0,7295.12,7194.77,140594.105,7206.78,7080.0
1576195200.0,0,0,7298.0,7252.98,80178.833,7194.08,7190.0
1576281600.0,0,0,7266.14,7061.34,97837.512,7252.98,7007.86
1576368000.0,0,0,7196.0,7115.0,87933.233,7060.79,7004.77
1576454400.0,0,0,7147.34,6887.54,117597.89,7115.45,6831.0
1576540800.0,0,0,6940.0,6618.96,166411.289,6887.48,6550.0
1576627200.0,0,0,7479.99,7277.44,328489.593,6618.96,6427.0
1576713600.0,0,0,7367.87,7146.29,158849.566,7278.11,7042.82
1576800000.0,0,0,7217.08,7184.39,86449.566,7146.29,7078.17
1576886400.0,0,0,7185.0,7131.01,44340.865,7184.39,7108.0
1576972800.0,0,0,7517.61,7502.92,129797.395,7131.02,7122.0
1577059200.0,0,0,7691.0,7314.01,215298.787,7502.92,7262.0
1577145600.0,0,0,7434.55,7252.04,149081.004,7314.03,7156.08
1577232000.0,0,0,7267.63,7201.45,96965.072,7251.57,7123.19
1577318400.0,0,0,7438.8,7197.46,133973.533,7201.67,7151.0
1577404800.0,0,0,7270.0,7248.4,112284.61,7197.84,7078.89
1577491200.0,0,0,7359.15,7311.48,91292.882,7248.4,7235.0
1577577600.0,0,0,7527.0,7383.67,102543.974,7310.29,7283.6
1577664000.0,0,0,7400.0,7240.43,94375.362,7383.68,7215.58
1577750400.0,0,0,7319.0,7189.0,89203.437,7240.8,7141.0
1577836800.0,0,0,7260.43,7197.57,56801.329,7189.43,7170.15
1577923200.0,0,0,7209.59,6962.04,115295.677,7197.57,6922.0
1578009600.0,0,0,7407.28,7341.72,208493.458,6962.34,6863.44
1578096000.0,0,0,7400.0,7350.71,92586.033,7341.6,7269.21
1578182400.0,0,0,7495.0,7354.36,117765.972,7350.54,7303.0
1578268800.0,0,0,7808.65,7757.39,168150.317,7354.36,7345.0
1578355200.0,0,0,8215.33,8152.49,280809.162,7757.74,7733.0
1578441600.0,0,0,8468.42,8059.84,321225.114,8150.9,7870.11
1578528000.0,0,0,8060.0,7818.59,187263.143,8059.77,7750.01
1578614400.0,0,0,8210.62,8207.09,253783.948,7817.91,7670.0
1578700800.0,0,0,8292.19,8020.56,164741.715,8207.2,8003.87
1578787200.0,0,0,8195.0,8186.7,108629.964,8020.58,7956.28
1578873600.0,0,0,8200.0,8113.0,74581.364,8186.22,8053.78
1578960000.0,0,0,8893.0,8825.0,290777.981,8112.99,8109.02
1579046400.0,0,0,8921.2,8825.3,237633.837,8825.0,8570.52
1579132800.0,0,0,8868.21,8725.08,167958.963,8825.35,8596.25
1579219200.0,0,0,9039.0,8918.72,205717.686,8724.99,8680.0
1579305600.0,0,0,8995.0,8925.0,114708.682,8918.73,8816.0
1579392000.0,0,0,9205.3,8705.85,225314.525,8925.0,8440.91
1579478400.0,0,0,8750.37,8650.0,125161.675,8705.98,8526.06
1579564800.0,0,0,8790.1,8742.43,107577.153,8650.0,8448.6
1579651200.0,0,0,8820.0,8684.57,94305.496,8742.78,8585.85
1579737600.0,0,0,8694.0,8409.6,163407.064,8684.47,8326.0
1579824000.0,0,0,8528.0,8441.96,144785.391,8410.0,8247.0
1579910400.0,0,0,8455.0,8344.64,96961.714,8442.82,8272.0
1579996800.0,0,0,8624.45,8611.21,117898.916,8344.37,8300.0
1580083200.0,0,0,9015.48,8913.61,172235.328,8611.21,8565.0
1580169600.0,0,0,9436.06,9398.98,244467.546,8913.61,8905.0
1580256000.0,0,0,9460.52,9311.0,169460.643,9399.72,9242.0
1580342400.0,0,0,9599.0,9525.67,190137.536,9311.23,9210.42
1580428800.0,0,0,9550.72,9364.51,146644.026,9525.67,9220.0
1580515200.0,0,0,9477.76,9392.74,109040.285,9364.5,9306.0
1580601600.0,0,0,9489.92,9338.2,148402.977,9392.99,9160.01
1580688000.0,0,0,9647.61,9300.64,159049.385,9340.49,9250.0
1580774400.0,0,0,9368.0,9198.35,147843.902,9300.63,9105.0
1580860800.0,0,0,9799.08,9630.0,212311.697,9198.32,9179.88
1580947200.0,0,0,9884.0,9778.12,200556.367,9630.0,9550.0
1581033600.0,0,0,9900.0,9821.52,129740.767,9777.97,9736.66
1581120000.0,0,0,9956.0,9906.43,129267.269,9821.52,9680.55
1581206400.0,0,0,10184.34,10167.38,143407.013,9906.09,9892.15
1581292800.0,0,0,10213.56,9865.56,184242.737,10167.37,9750.0
1581379200.0,0,0,10409.96,10229.06,190119.815,9865.56,9729.36
1581465600.0,0,0,10479.98,10339.99,159674.258,10230.74,10229.71
1581552000.0,0,0,10540.0,10239.63,213052.717,10339.64,10101.0
1581638400.0,0,0,10390.0,10356.82,130975.746,10240.02,10123.37
1581724800.0,0,0,10389.75,9914.99,152146.127,10356.27,9752.3
1581811200.0,0,0,10060.45,9921.86,141547.956,9914.31,9626.64
1581897600.0,0,0,9971.0,9716.0,185338.179,9921.87,9461.89
1581984000.0,0,0,10270.0,10174.32,166119.369,9716.0,9598.0
1582070400.0,0,0,10286.0,9593.65,187495.927,10174.53,9293.07
1582156800.0,0,0,9700.0,9601.99,143105.587,9593.31,9382.59
1582243200.0,0,0,9759.59,9681.39,98954.288,9601.51,9547.0
1582329600.0,0,0,9710.7,9659.2,58419.547,9681.39,9565.0
1582416000.0,0,0,10018.9,9943.12,97134.358,9658.95,9657.0
1582502400.0,0,0,10000.0,9662.95,157965.671,9943.12,9487.38
1582588800.0,0,0,9686.78,9326.0,168641.725,9662.88,9247.0
1582675200.0,0,0,9384.0,8792.22,267005.172,9326.0,8610.0
1582761600.0,0,0,8978.0,8828.0,200638.488,8793.96,8533.9
1582848000.0,0,0,8908.86,8699.57,196066.11,8827.12,8450.0
1582934400.0,0,0,8799.83,8531.98,103524.685,8699.86,8530.0
1583020800.0,0,0,8762.24,8537.84,174332.916,8532.5,8409.0
1583107200.0,0,0,8972.0,8919.7,160294.484,8537.84,8504.95
1583193600.0,0,0,8922.34,8765.0,160123.605,8919.7,8657.41
1583280000.0,0,0,8853.88,8756.93,105462.12,8765.0,8669.23
1583366400.0,0,0,9172.3,9062.81,161840.623,8755.98,8755.98
1583452800.0,0,0,9179.75,9139.48,115011.583,9062.62,8994.14
1583539200.0,0,0,9204.0,8897.18,125804.999,9139.77,8850.0
1583625600.0,0,0,8897.71,8038.46,237407.028,8895.62,7997.7
1583712000.0,0,0,8182.31,7932.15,334399.107,8038.99,7635.21
1583798400.0,0,0,8156.31,7897.66,257068.702,7932.45,7733.0
1583884800.0,0,0,7988.0,7938.39,220537.381,7898.21,7593.29
1583971200.0,0,0,7969.0,4764.65,784747.02,7938.39,4347.0
1584057600.0,0,0,5971.0,5570.26,935489.242,4762.28,3621.81
1584144000.0,0,0,5638.42,5167.01,316242.586,5569.84,5040.0
1584230400.0,0,0,5954.47,5357.32,356311.765,5167.21,5089.12
1584316800.0,0,0,5361.26,5026.26,621555.792,5354.81,4413.62
1584403200.0,0,0,5529.98,5307.38,429908.098,5027.11,4913.49
1584489600.0,0,0,5435.0,5389.64,402005.703,5306.42,4982.75
1584576000.0,0,0,6400.0,6159.6,499391.19,5389.94,5246.5
1584662400.0,0,0,6911.0,6203.77,571898.016,6159.41,5650.0
1584748800.0,0,0,6457.17,6183.69,387679.649,6204.47,5854.01
1584835200.0,0,0,6408.91,5810.17,391002.795,6183.84,5730.35
1584921600.0,0,0,6619.9,6463.84,489746.087,5810.3,5670.0
1585008000.0,0,0,6840.0,6741.33,437968.553,6463.21,6369.0
1585094400.0,0,0,6960.71,6673.41,400684.542,6740.86,6436.26
1585180800.0,0,0,6777.5,6733.76,281245.628,6673.57,6500.0
1585267200.0,0,0,6840.0,6353.64,258213.519,6733.76,6230.0
1585353600.0,0,0,6354.74,6230.95,341944.185,6353.64,6004.0
1585440000.0,0,0,6260.0,5876.27,251335.919,6231.81,5857.6
1585526400.0,0,0,6606.15,6391.08,387321.998,5876.27,5850.0
1585612800.0,0,0,6516.63,6407.1,262522.644,6389.52,6320.0
1585699200.0,0,0,6693.0,6641.51,390529.602,6407.1,6140.0
1585785600.0,0,0,7290.0,6791.63,531321.428,6641.22,6542.73
1585872000.0,0,0,7049.11,6729.8,411944.927,6791.65,6600.0
1585958400.0,0,0,7020.0,6851.1,319849.757,6729.8,6629.99
1586044800.0,0,0,6893.44,6768.9,239224.508,6851.4,6668.02
1586131200.0,0,0,7370.0,7325.73,461331.013,6768.9,6760.0
1586217600.0,0,0,7457.0,7192.9,419572.04,7325.73,7070.43
1586304000.0,0,0,7417.83,7357.66,332599.575,7192.9,7145.14
1586390400.0,0,0,7365.69,7278.65,293638.581,7357.15,7105.98
1586476800.0,0,0,7290.0,6857.82,440148.453,7278.83,6741.0
1586563200.0,0,0,6944.28,6874.18,224157.844,6858.0,6757.29
1586649600.0,0,0,7173.98,6900.52,321594.822,6874.17,6775.66
1586736000.0,0,0,6900.99,6834.0,421954.773,6900.19,6558.0
1586822400.0,0,0,6975.6,6864.11,280445.427,6834.01,6751.0
1586908800.0,0,0,6929.0,6616.89,281136.689,6864.11,6602.59
1586995200.0,0,0,7190.92,7098.15,559868.603,6616.88,6465.33
1587081600.0,0,0,7140.0,7022.44,277339.601,7098.15,6981.0
1587168000.0,0,0,7290.0,7242.42,225807.171,7022.0,7008.11
1587254400.0,0,0,7258.42,7118.03,216975.114,7242.49,7055.0
1587340800.0,0,0,7208.55,6825.29,445104.981,7118.04,6735.95
1587427200.0,0,0,6940.0,6838.0,288024.528,6825.28,6759.16
1587513600.0,0,0,7154.9,7120.06,306482.163,6838.0,6812.57
1587600000.0,0,0,7802.38,7483.35,472510.047,7120.06,7020.0
1587686400.0,0,0,7612.91,7504.11,278378.368,7483.36,7388.0
1587772800.0,0,0,7722.33,7534.01,243266.807,7504.62,7433.0
1587859200.0,0,0,7709.57,7694.17,269921.936,7534.01,7476.86
1587945600.0,0,0,7795.6,7774.0,290336.169,7693.63,7623.98
1588032000.0,0,0,7780.0,7735.75,217652.761,7774.0,7662.49
1588118400.0,0,0,8988.66,8784.2,871197.569,7735.76,7710.0
1588204800.0,0,0,9479.77,8624.76,944211.711,8784.05,8400.0
1588291200.0,0,0,9065.0,8830.52,417820.386,8623.61,8619.84
1588377600.0,0,0,9020.0,8975.18,295769.728,8830.52,8755.01
1588464000.0,0,0,9200.0,8900.0,451322.713,8975.18,8727.24
1588550400.0,0,0,8954.94,8873.98,440135.307,8899.99,8526.0
1588636800.0,0,0,9118.17,9022.78,409920.13,8873.99,8766.12
1588723200.0,0,0,9405.0,9148.27,507753.8,9022.76,8916.01
1588809600.0,0,0,10080.0,9995.0,738920.219,9148.29,9022.0
1588896000.0,0,0,10045.03,9807.49,458034.211,9994.74,9726.0
1588982400.0,0,0,9923.98,9550.67,411941.957,9809.63,9528.23
1589068800.0,0,0,9580.0,8719.53,842909.031,9550.25,7940.0
1589155200.0,0,0,9164.0,8561.09,805164.964,8723.23,8151.12
1589241600.0,0,0,8981.0,8808.71,369716.041,8560.73,8520.43
1589328000.0,0,0,9397.0,9305.91,379719.0,8808.71,8790.04
1589414400.0,0,0,9950.0,9786.8,602528.438,9305.91,9250.66
1589500800.0,0,0,9843.5,9310.73,504107.096,9787.62,9100.0
1589587200.0,0,0,9585.0,9374.99,287768.201,9311.21,9210.03
1589673600.0,0,0,9880.0,9678.57,300859.34,9374.99,9317.16
1589760000.0,0,0,9958.67,9731.1,363732.37,9677.31,9450.0
1589846400.0,0,0,9900.0,9773.64,376313.845,9731.11,9462.0
1589932800.0,0,0,9838.0,9508.11,334423.59,9772.66,9281.42
1590019200.0,0,0,9573.0,9060.0,461439.193,9508.0,8812.2
1590105600.0,0,0,9259.38,9166.4,276008.073,9060.0,8920.0
1590192000.0,0,0,9300.0,9176.41,201589.66,9166.43,9076.9
1590278400.0,0,0,9294.44,8711.37,339643.378,9176.32,8674.0
1590364800.0,0,0,8977.0,8895.65,302980.106,8711.37,8623.38
1590451200.0,0,0,9011.82,8837.05,275619.158,8895.66,8693.18
1590537600.0,0,0,9230.0,9197.32,272253.998,8837.88,8811.0
1590624000.0,0,0,9621.65,9569.59,327412.374,9197.32,9110.97
1590710400.0,0,0,9598.0,9422.26,238691.299,9569.58,9317.42
1590796800.0,0,0,9753.0,9695.0,255234.058,9422.11,9326.01
1590883200.0,0,0,9698.0,9446.43,219829.356,9694.38,9371.76
1590969600.0,0,0,10497.25,10232.48,333740.457,9446.49,9420.85
1591056000.0,0,0,10262.3,9514.9,354168.517,10232.41,9264.15
1591142400.0,0,0,9694.75,9663.59,185389.412,9514.9,9382.33
1591228800.0,0,0,9884.0,9788.33,264515.319,9663.58,9440.0
1591315200.0,0,0,9855.0,9617.29,237103.042,9788.32,9580.52
1591401600.0,0,0,9738.77,9664.0,152526.703,9616.64,9528.0
1591488000.0,0,0,9823.13,9743.92,253986.313,9664.01,9373.0
1591574400.0,0,0,9816.0,9778.87,162086.419,9743.92,9631.0
1591660800.0,0,0,9890.0,9771.66,204422.819,9778.87,9550.03
1591747200.0,0,0,10015.99,9884.99,193628.149,9771.66,9681.21
1591833600.0,0,0,9970.1,9278.03,404046.613,9884.99,9055.07
1591920000.0,0,0,9550.0,9458.91,211611.34,9277.72,9238.0
1592006400.0,0,0,9497.85,9468.54,113449.075,9458.77,9340.0
1592092800.0,0,0,9477.0,9339.61,143978.523,9468.55,9240.97
1592179200.0,0,0,9490.83,9422.01,413865.727,9339.7,8888.43
1592265600.0,0,0,9595.0,9519.12,225713.247,9422.01,9370.0
1592352000.0,0,0,9569.0,9458.45,227477.39,9519.13,9231.03
1592438400.0,0,0,9483.85,9381.59,158349.247,9458.45,9272.41
1592524800.0,0,0,9453.0,9307.0,219510.059,9381.99,9239.0
1592611200.0,0,0,9394.29,9354.04,154462.29,9307.0,9165.0
1592697600.0,0,0,9420.47,9293.51,110599.558,9353.84,9279.0
1592784000.0,0,0,9795.0,9686.99,260561.647,9293.39,9273.0
1592870400.0,0,0,9723.23,9631.66,164673.499,9686.99,9585.0
1592956800.0,0,0,9678.0,9298.4,300450.251,9631.65,9210.0
1593043200.0,0,0,9350.9,9246.75,272566.502,9298.78,9005.0
1593129600.0,0,0,9297.16,9159.99,249348.67,9246.75,9038.52
1593216000.0,0,0,9195.75,9008.0,237840.165,9159.99,8816.4
1593302400.0,0,0,9188.0,9114.0,153842.891,9008.0,8932.68
1593388800.0,0,0,9233.0,9189.48,176660.525,9114.01,9022.0
1593475200.0,0,0,9205.0,9138.87,143469.832,9189.99,9063.97
1593561600.0,0,0,9293.0,9233.29,161642.185,9138.88,9090.0
1593648000.0,0,0,9262.99,9087.72,230747.519,9233.29,8936.0
1593734400.0,0,0,9124.52,9057.52,96947.338,9087.72,9036.06
1593820800.0,0,0,9194.0,9137.18,100215.438,9058.07,9042.84
1593907200.0,0,0,9146.35,9071.86,139545.566,9137.18,8900.0
1593993600.0,0,0,9379.0,9339.6,199643.828,9071.87,9058.1
1594080000.0,0,0,9380.0,9258.51,127833.975,9339.59,9201.23
1594166400.0,0,0,9470.0,9436.08,170243.001,9258.51,9233.47
1594252800.0,0,0,9440.81,9236.28,188355.856,9436.08,9164.33
1594339200.0,0,0,9317.24,9288.39,140849.874,9236.29,9121.42
1594425600.0,0,0,9301.74,9233.5,74976.521,9288.39,9178.91
1594512000.0,0,0,9349.0,9300.69,127841.882,9233.5,9155.0
1594598400.0,0,0,9345.0,9241.2,136117.659,9300.7,9200.0
1594684800.0,0,0,9279.0,9254.17,129704.278,9241.18,9116.0
1594771200.0,0,0,9272.56,9197.3,104107.708,9254.17,9156.0
1594857600.0,0,0,9223.0,9132.0,148089.45,9197.75,9044.02
1594944000.0,0,0,9187.0,9151.69,80940.584,9132.0,9087.0
1595030400.0,0,0,9210.0,9171.8,63233.596,9151.7,9121.98
1595116800.0,0,0,9239.59,9210.51,75554.579,9171.79,9108.0
1595203200.0,0,0,9221.0,9161.13,72429.691,9210.68,9131.01
1595289600.0,0,0,9439.6,9388.01,179211.347,9161.28,9152.62
1595376000.0,0,0,9543.0,9518.25,126598.902,9388.0,9272.0
1595462400.0,0,0,9678.32,9604.41,166990.147,9518.25,9439.86
1595548800.0,0,0,9650.0,9539.7,133975.068,9604.41,9470.0
1595635200.0,0,0,9735.1,9701.49,133377.589,9539.7,9526.31
1595721600.0,0,0,10300.0,9939.69,261998.786,9701.54,9655.2
1595808000.0,0,0,11488.0,11047.58,744752.4,9939.68,9928.61
1595894400.0,0,0,11270.0,10919.94,499486.679,11047.58,10580.0
1595980800.0,0,0,11364.8,11113.03,356188.761,10919.94,10844.34
1596067200.0,0,0,11195.52,11111.96,230327.988,11113.01,10826.55
1596153600.0,0,0,11450.42,11343.68,307399.731,11111.97,10971.78
1596240000.0,0,0,11887.45,11811.42,386322.642,11343.67,11201.0
1596326400.0,0,0,12154.25,11079.72,492803.351,11811.43,10490.0
1596412800.0,0,0,11483.0,11227.07,238654.591,11080.7,10923.0
1596499200.0,0,0,11427.38,11200.05,200044.934,11227.07,11025.0
1596585600.0,0,0,11798.56,11752.5,263510.011,11200.06,11103.0
1596672000.0,0,0,11916.02,11770.56,236459.595,11752.5,11571.78
1596758400.0,0,0,11920.0,11596.06,273935.127,11769.97,11318.93
1596844800.0,0,0,11819.0,11765.72,154707.303,11596.26,11513.69
1596931200.0,0,0,11811.0,11685.99,125463.463,11765.72,11526.9
1597017600.0,0,0,12100.0,11896.89,290418.014,11685.99,11384.9
1597104000.0,0,0,11944.0,11392.64,336861.638,11896.86,11127.0
1597190400.0,0,0,11630.0,11568.36,213799.491,11392.64,11140.0
1597276800.0,0,0,11798.0,11790.0,248214.725,11568.37,11272.0
1597363200.0,0,0,11868.42,11767.89,159019.959,11790.0,11644.6
1597449600.0,0,0,11993.58,11859.04,222262.987,11767.89,11682.0
1597536000.0,0,0,11945.0,11921.23,165733.721,11858.91,11688.0
1597622400.0,0,0,12499.42,12298.06,331435.112,11921.32,11780.0
1597708800.0,0,0,12403.0,11960.79,291349.888,12298.06,11810.0
1597795200.0,0,0,12037.05,11763.87,313267.066,11962.03,11574.78
1597881600.0,0,0,11888.0,11857.92,130981.044,11763.88,11676.03
1597968000.0,0,0,11882.68,11538.53,195106.536,11858.53,11491.0
1598054400.0,0,0,11689.08,11670.47,126696.73,11538.53,11385.06
1598140800.0,0,0,11724.0,11654.0,95608.033,11670.48,11522.15
1598227200.0,0,0,11831.96,11753.3,108781.125,11654.0,11595.0
1598313600.0,0,0,11770.0,11327.17,267234.771,11753.29,11130.0
1598400000.0,0,0,11548.68,11466.22,170305.024,11327.18,11255.95
1598486400.0,0,0,11593.0,11335.53,253778.342,11466.22,11130.82
1598572800.0,0,0,11544.88,11526.85,129477.627,11335.83,11283.19
1598659200.0,0,0,11582.0,11466.66,83715.229,11526.85,11419.34
1598745600.0,0,0,11724.12,11714.14,113266.672,11466.27,11457.88
1598832000.0,0,0,11784.21,11658.11,127272.378,11714.13,11575.78
1598918400.0,0,0,12061.07,11930.18,211680.828,11658.11,11531.34
1599004800.0,0,0,11961.0,11396.96,280411.964,11930.17,11156.0
1599091200.0,0,0,11475.0,10141.08,487812.737,11396.44,9901.16
1599177600.0,0,0,10635.77,10448.0,432563.841,10141.4,9878.65
1599264000.0,0,0,10567.87,10168.71,399307.282,10448.0,9808.58
1599350400.0,0,0,10348.97,10258.13,190207.654,10168.23,10003.0
1599436800.0,0,0,10420.55,10378.76,258476.949,10258.13,9879.68
1599523200.0,0,0,10443.79,10129.02,317802.322,10379.3,9842.01
1599609600.0,0,0,10346.0,10219.29,151222.689,10130.0,9981.13
1599696000.0,0,0,10484.6,10335.91,187667.873,10219.29,10211.67
1599782400.0,0,0,10397.85,10387.81,135929.303,10335.91,10200.8
1599868800.0,0,0,10477.7,10438.28,97429.037,10387.81,10271.0
1599955200.0,0,0,10580.0,10327.72,159021.843,10438.29,10209.01
1600041600.0,0,0,10746.06,10664.1,205260.236,10327.72,10241.57
1600128000.0,0,0,10923.42,10776.78,247657.23,10664.1,10592.0
1600214400.0,0,0,11089.08,10948.17,252881.019,10776.88,10661.9
1600300800.0,0,0,11040.0,10935.33,186484.361,10948.16,10740.0
1600387200.0,0,0,11035.0,10926.29,136028.351,10935.97,10810.1
1600473600.0,0,0,11177.0,11073.74,126239.232,10926.3,10880.0
1600560000.0,0,0,11073.9,10914.28,150450.562,11073.2,10751.0
1600646400.0,0,0,10980.69,10414.73,333047.145,10915.52,10281.0
1600732800.0,0,0,10574.08,10523.32,179900.686,10414.73,10353.1
1600819200.0,0,0,10531.94,10237.91,203027.542,10523.32,10132.21
1600905600.0,0,0,10837.27,10724.92,241646.573,10237.91,10191.0
1600992000.0,0,0,10754.29,10683.51,170930.773,10724.91,10551.56
1601078400.0,0,0,10827.8,10726.5,109340.491,10683.5,10642.23
1601164800.0,0,0,10793.5,10768.0,123440.716,10726.5,10584.0
1601251200.0,0,0,11024.0,10691.45,187105.377,10768.0,10627.19
1601337600.0,0,0,10863.94,10836.98,146888.319,10691.94,10631.49
1601424000.0,0,0,10845.99,10773.0,132834.116,10836.99,10660.05
1601510400.0,0,0,10935.14,10612.63,253619.622,10773.0,10442.0
1601596800.0,0,0,10660.0,10565.15,224747.037,10612.62,10371.03
1601683200.0,0,0,10596.0,10537.96,76315.911,10565.44,10491.11
1601769600.0,0,0,10694.0,10660.16,90912.105,10537.96,10514.0
1601856000.0,0,0,10792.0,10785.0,130589.137,10660.16,10608.9
1601942400.0,0,0,10792.0,10593.65,184895.25,10784.99,10510.66
1602028800.0,0,0,10675.0,10658.75,106700.522,10593.65,10540.29
1602115200.0,0,0,10958.0,10919.45,207938.861,10658.75,10523.0
1602201600.0,0,0,11110.0,11050.47,154336.818,10919.45,10818.44
1602288000.0,0,0,11494.0,11294.79,199398.012,11050.46,11050.46
1602374400.0,0,0,11450.73,11369.59,146323.076,11294.78,11273.77
1602460800.0,0,0,11732.0,11530.36,254217.203,11369.59,11157.0
1602547200.0,0,0,11562.0,11419.36,199115.115,11530.37,11308.0
1602633600.0,0,0,11550.0,11417.13,192936.97,11419.36,11280.5
1602720000.0,0,0,11649.48,11502.0,215260.399,11417.12,11250.0
1602806400.0,0,0,11538.92,11318.92,212339.085,11502.0,11175.0
1602892800.0,0,0,11424.09,11356.25,95892.966,11319.51,11250.0
1602979200.0,0,0,11529.93,11501.1,92472.191,11356.25,11342.54
1603065600.0,0,0,11830.0,11745.0,230161.648,11501.5,11404.01
1603152000.0,0,0,12045.78,11900.03,312811.802,11744.99,11673.0
1603238400.0,0,0,13240.0,12796.07,591963.069,11900.03,11876.0
1603324800.0,0,0,13188.27,12968.87,343851.666,12796.06,12675.5
1603411200.0,0,0,13043.0,12925.82,237042.526,12970.39,12725.04
1603497600.0,0,0,13177.59,13110.88,176146.631,12925.82,12871.07
1603584000.0,0,0,13369.0,13023.81,206012.652,13110.88,12715.0
1603670400.0,0,0,13240.0,13047.24,316503.296,13024.21,12729.0
1603756800.0,0,0,13787.83,13629.38,411509.506,13047.24,13041.3
1603843200.0,0,0,13863.0,13256.17,476993.789,13629.89,12876.0
1603929600.0,0,0,13637.22,13446.65,355352.336,13255.79,12965.0
1604016000.0,0,0,13665.65,13549.12,349890.573,13446.65,13100.0
1604102400.0,0,0,14140.0,13783.73,357853.23,13549.12,13403.36
1604188800.0,0,0,13891.52,13752.86,198395.231,13783.73,13605.9
1604275200.0,0,0,13823.75,13540.54,327991.768,13752.87,13195.0
1604361600.0,0,0,14070.0,14016.55,348730.51,13541.55,13276.33
1604448000.0,0,0,14280.0,14134.31,451433.42,14016.55,13512.0
1604534400.0,0,0,15777.0,15598.75,717489.697,14134.32,14088.01
1604620800.0,0,0,15984.2,15590.96,559380.06,15598.74,15177.0
1604707200.0,0,0,15774.0,14824.34,457582.681,15590.95,14350.0
1604793600.0,0,0,15678.0,15473.2,290616.393,14824.33,14710.0
1604880000.0,0,0,15869.0,15328.72,474181.983,15473.2,14822.0
1604966400.0,0,0,15474.17,15294.68,244073.495,15328.72,15071.0
1605052800.0,0,0,16000.0,15690.24,330772.852,15294.68,15274.89
1605139200.0,0,0,16345.0,16289.02,471759.126,15690.24,15437.7
1605225600.0,0,0,16479.99,16320.54,306656.359,16289.01,15955.6
1605312000.0,0,0,16326.82,16064.51,266206.937,16320.54,15700.0
1605398400.0,0,0,16161.23,15952.27,210318.453,16064.51,15768.0
1605484800.0,0,0,16882.0,16707.07,342459.329,15951.93,15862.0
1605571200.0,0,0,17890.1,17670.01,524094.697,16707.0,16550.0
1605657600.0,0,0,18520.0,17788.32,732937.097,17670.01,17215.03
1605744000.0,0,0,18200.0,17811.68,406500.977,17788.32,17347.27
1605830400.0,0,0,18831.6,18664.31,407926.802,17811.68,17748.92
1605916800.0,0,0,18986.0,18721.99,342412.49,18662.85,18302.08
1606003200.0,0,0,18780.0,18435.2,373779.417,18721.99,17645.98
1606089600.0,0,0,18812.65,18382.07,364221.378,18434.17,18013.97
1606176000.0,0,0,19440.0,19179.64,477968.289,18382.07,18000.0
1606262400.0,0,0,19554.19,18741.67,426276.99,19178.53,18509.12
1606348800.0,0,0,18940.69,17155.34,850692.856,18741.66,16181.0
1606435200.0,0,0,17465.0,17144.1,398072.933,17155.37,16444.83
1606521600.0,0,0,17880.0,17717.74,268833.749,17144.11,16865.78
1606608000.0,0,0,18343.0,18181.09,256024.006,17717.74,17523.0
1606694400.0,0,0,19944.0,19720.0,500482.574,18180.43,18178.82
1606780800.0,0,0,19956.0,18772.7,553885.333,19722.09,18050.0
1606867200.0,0,0,19365.0,19207.01,335717.482,18770.33,18329.58
1606953600.0,0,0,19640.0,19434.3,245020.576,19207.01,18865.0
1607040000.0,0,0,19537.16,18664.2,276271.939,19432.66,18570.0
1607126400.0,0,0,19203.46,19147.62,165912.647,18662.72,18510.0
1607212800.0,0,0,19449.1,19375.02,176004.606,19147.63,18855.35
1607299200.0,0,0,19446.36,19172.88,169402.371,19375.0,18908.66
1607385600.0,0,0,19319.38,18319.32,280714.132,19172.87,18133.33
1607472000.0,0,0,18639.7,18537.98,353123.689,18319.33,17650.0
1607558400.0,0,0,18550.0,18253.51,233960.241,18537.97,17916.0
1607644800.0,0,0,18290.44,18031.47,317866.07,18254.0,17555.0
1607731200.0,0,0,18950.0,18800.0,196962.282,18031.71,18012.21
1607817600.0,0,0,19432.0,19175.07,239760.089,18800.0,18705.46
1607904000.0,0,0,19355.35,19270.7,181555.823,19175.06,19004.72
1607990400.0,0,0,19598.0,19424.91,248744.054,19270.71,19039.64
1608076800.0,0,0,21600.0,21346.8,459302.012,19424.9,19274.55
1608163200.0,0,0,23888.04,22816.99,823435.821,21346.81,21231.5
1608249600.0,0,0,23330.0,23124.35,305997.222,22816.99,22363.94
1608336000.0,0,0,24281.61,23847.28,337535.438,23124.35,22735.81
1608422400.0,0,0,24376.0,23472.96,322289.774,23847.28,23076.25
1608508800.0,0,0,24145.0,22730.1,476456.589,23472.96,21920.0
1608595200.0,0,0,23850.0,23826.99,326124.313,22736.05,22387.0
1608681600.0,28509538.20254,23251310.60383,24235.42,23238.27,394754.939,23826.74,22572.52
1608768000.0,7818523.40664,18303023.92715,23819.81,23737.44,237754.257,23237.73,22700.0
1608854400.0,22673567.96303,42981798.07798,24827.64,24730.0,284523.431,23738.75,23450.0
1608940800.0,23590568.39401,102510561.44298,26926.0,26508.83,367265.555,24729.99,24507.24
1609027200.0,126102912.92037,85911485.16456,28459.84,26305.64,540264.148,26508.84,25850.0
1609113600.0,31281974.148,18876906.47661,27538.82,27102.66,267563.468,26301.76,26117.1
1609200000.0,28670299.26474,15617625.99746,27441.73,27402.83,260759.449,27101.45,25913.01
1609286400.0,36756186.05137,43881921.83794,29063.72,28906.99,374737.655,27402.83,27401.0
1609372800.0,55964513.16036,21940064.81036,29376.7,28951.68,313648.835,28906.99,27848.0
1609459200.0,22943027.24342,15278571.21235,29668.86,29337.16,210716.398,28948.19,28627.12
1609545600.0,90141934.96233,194408589.00357,33480.0,32199.91,545541.08,29337.15,28958.24
1609632000.0,92589526.65052,74771706.37884,34832.25,33054.53,487486.989,32198.41,32000.02
1609718400.0,217331987.09426,34963282.50255,33653.56,32031.07,506128.023,33053.93,27800.0
1609804800.0,49277016.33606,63741572.85285,34500.0,33999.52,433720.833,32029.55,29900.0
1609891200.0,58575400.67147,72749570.8576,37037.51,36823.68,444019.83,33999.51,33356.46
1609977600.0,118819266.57904,98822929.6444,40565.62,39498.92,520147.908,36825.77,36337.36
1610064000.0,113064969.36678,83348478.4221,42125.51,40637.23,518080.826,39498.32,36539.77
1610150400.0,44750870.65111,24053486.40596,41539.88,40136.04,260882.805,40638.91,38733.28
1610236800.0,221510575.57428,41378332.19402,41412.12,38221.67,436759.048,40136.05,35268.0
1610323200.0,308626307.96246,128326980.73767,38322.18,35408.46,906275.651,38200.01,30448.0
1610409600.0,94508780.32332,63484513.84938,36693.44,34056.9,449065.693,35406.92,32600.0
1610496000.0,50037449.50589,81568011.66188,37880.0,37421.07,398188.088,34065.53,32420.0
1610582400.0,53475888.24775,61425405.92579,40189.39,39163.31,353142.386,37416.34,36764.33
1610668800.0,170786539.95679,50827262.72413,39790.0,36755.24,437610.113,39163.31,34478.0
1610755200.0,65449137.3394,33633086.8979,38000.0,36025.66,301102.477,36755.25,35366.0
1610841600.0,64782382.6872,40226102.56467,36898.0,35869.83,287686.129,36025.65,33863.5
1610928000.0,45771936.4989,32983619.45514,37547.94,36686.86,253386.703,35875.72,34808.47
1611014400.0,43456068.7316,18425393.02277,37961.0,35891.03,257889.419,36690.0,35850.0
1611100800.0,109655651.35649,29695799.15838,36461.44,35500.0,329192.419,35891.74,33403.0
1611187200.0,182327538.74049,54274234.73427,35636.17,30879.97,550562.277,35499.23,30069.9
1611273600.0,63082006.63511,77037855.9711,33831.52,32986.34,453568.538,30875.77,28880.0
1611360000.0,39091314.36006,22486715.5982,33495.0,32086.48,256776.411,32990.08,31405.0
1611446400.0,45211827.76208,25838886.54636,33125.75,32275.63,212107.044,32086.48,30914.2
1611532800.0,60886288.15167,49649839.37165,34880.0,32253.68,316687.524,32274.88,31921.47
1611619200.0,54501993.71864,36485641.34182,32950.0,32474.14,346861.707,32253.68,30810.0
1611705600.0,93504957.10886,42993515.53402,32562.2,30381.04,431022.839,32474.81,29240.0
1611792000.0,16292609.97941,60971346.47992,33778.95,33399.75,311528.373,30382.96,29843.33
1611878400.0,172229485.00722,172162507.37081,38641.1,34269.35,713579.785,33399.99,31960.0
1611964800.0,36462702.40677,21386652.04316,34988.88,34289.85,267861.872,34267.04,32849.06
1612051200.0,49168634.47185,9561886.6634,34393.22,33126.21,211293.891,34284.76,32193.04
1612137600.0,24909002.8305,24004615.28764,34720.0,33546.09,240632.325,33125.11,32322.47
1612224000.0,13402279.66844,35727305.19144,36041.0,35504.06,239856.23,33546.08,33450.0
1612310400.0,20529149.68309,32967299.83636,37700.0,37652.51,240308.078,35504.07,35410.0
1612396800.0,68551254.59889,35698147.68097,38833.0,36976.93,306715.022,37651.92,36233.0
1612483200.0,21047828.69268,20054194.90713,38411.82,38362.65,196277.444,36975.19,36586.68
1612569600.0,61540723.29051,60054640.49678,40992.4,39249.54,310826.315,38357.17,38269.0
1612656000.0,107057175.40815,26324655.86932,39757.87,38849.25,296721.925,39249.53,37403.27
1612742400.0,66371424.10368,286730738.25531,47146.0,46451.32,440167.093,38849.24,38037.0
1612828800.0,89371697.03483,78146260.81881,48266.36,46492.54,381477.426,46451.32,45057.65
1612915200.0,134357720.58269,27634076.01873,47475.0,44850.0,334979.017,46492.53,43770.0
1613001600.0,58692810.15196,78327939.70518,48810.0,48060.21,330540.045,44850.0,44038.97
1613088000.0,58831606.06831,26727804.71348,49278.98,47361.03,259186.288,48060.21,46121.0
1613174400.0,41396631.25351,10728829.29114,48290.0,47221.62,199965.397,47364.0,46252.1
1613260800.0,41395497.15602,58871890.15027,49875.16,48655.21,241935.666,47221.63,47093.16
1613347200.0,152700479.83442,32777856.37312,49100.0,47981.58,248960.404,48655.21,45349.21
1613433600.0,93496982.60823,74287928.51101,50953.44,49197.94,343592.011,47981.6,47101.02
1613520000.0,29876645.00282,93262217.15016,52800.0,52194.62,312007.458,49197.93,49029.62
1613606400.0,34873003.97128,14152475.11033,52640.0,51619.7,185489.89,52194.62,50948.0
1613692800.0,39976821.15251,149664609.01806,56582.0,56004.1,257911.872,51612.46,50800.0
1613779200.0,149158602.39218,53592300.89142,57699.0,55917.41,240296.308,56005.85,53905.0
1613865600.0,28879951.98229,36877781.34959,58472.14,57487.43,196820.573,55908.45,55564.5
1613952000.0,539701131.56346,94042789.3875,57591.87,54121.1,480660.187,57475.5,47751.42
1614038400.0,383935157.95992,171353533.98526,54260.12,48930.0,748737.462,54125.55,44893.82
1614124800.0,85233428.13218,61754591.49442,51435.58,49702.03,333415.219,48930.01,47000.0
1614211200.0,138975865.73127,60220366.02504,52134.96,47089.37,349943.016,49702.05,46685.43
1614297600.0,142746057.01467,85676939.44419,48438.01,46313.13,440670.32,47087.97,44100.0
1614384000.0,59717088.4077,39153527.53426,48476.05,46102.63,256027.074,46313.12,44926.77
1614470400.0,118537636.49691,74711603.03014,46678.0,45163.36,370358.825,46097.09,43002.05
1614556800.0,33452605.77319,105099851.50646,49800.0,49592.7,315659.931,45162.64,44972.49
1614643200.0,83050311.33917,34104932.0135,50221.77,48450.57,273100.435,49594.99,47058.06
1614729600.0,59984698.2422,98069036.39236,52681.51,50373.75,350311.234,48454.21,48110.66
1614816000.0,156005493.98045,55663528.4383,51800.0,48385.77,387428.957,50373.75,47500.0
1614902400.0,98909564.35451,59035782.63799,49470.0,48770.57,354602.756,48385.77,46320.0
1614988800.0,46117771.01444,32576138.16197,49253.63,48908.21,215092.91,48772.68,47090.0
1615075200.0,34489438.45362,69127571.87204,51480.0,50995.27,248398.116,48908.21,48908.21
1615161600.0,52102782.46357,47860234.67074,52450.0,52429.43,308339.866,50991.35,49310.0
1615248000.0,34099977.48163,100278780.26993,54950.0,54917.78,285604.798,52429.43,51880.0
1615334400.0,111154767.30624,111761351.68399,57500.92,55947.98,401159.493,54917.78,53061.0
1615420800.0,107086721.16469,68302200.9862,58283.0,57844.52,364681.318,55949.3,54356.44
1615507200.0,128076561.45382,39324625.40459,58186.33,57291.03,335495.042,57842.64,55074.3
1615593600.0,41448906.09203,171627129.75968,61950.0,61267.41,320322.173,57291.04,56136.0
1615680000.0,101747414.69962,20476164.49677,61798.0,59037.12,231991.901,61267.41,59005.0
1615766400.0,437847961.06885,45063788.59791,60740.0,55646.61,448820.83,59037.11,54517.28
1615852800.0,143128693.95474,54183261.57945,56988.0,56954.19,339718.202,55646.61,53335.0
1615939200.0,76524113.45565,82086362.73933,59078.79,58959.0,339397.712,56953.23,54154.93
1616025600.0,94217150.85307,51247462.36039,60510.0,57700.01,305100.026,58959.01,57072.0
1616112000.0,69565625.76222,25936615.49663,59550.0,58089.11,259039.479,57700.01,56301.27
1616198400.0,51753134.85393,25443522.69233,59948.0,58145.61,203680.149,58089.11,57881.0
1616284800.0,171068781.80889,33387656.5518,58638.7,57415.18,237518.696,58144.44,55403.55
1616371200.0,266323425.03544,28177971.67681,58500.0,54129.56,293062.947,57415.19,53635.81
1616457600.0,96854842.87793,38533065.14317,55890.68,54400.0,276199.041,54129.56,52981.4
1616544000.0,250710278.28529,60158149.16232,57234.79,52311.54,394172.526,54400.0,51666.0
1616630400.0,176826471.05325,68116415.78804,53255.2,51325.21,416848.091,52307.89,50452.08
1616716800.0,24449094.6924,77459558.18809,55123.0,55030.0,271957.842,51325.21,51260.0
1616803200.0,36624509.93098,91496485.08605,56658.76,55828.0,234435.346,55030.0,54001.0
1616889600.0,50906148.77219,21534295.05585,56588.31,55805.08,200603.768,55828.0,54694.91
1616976000.0,37382694.61676,96959308.2746,58490.11,57677.64,277215.268,55804.16,54931.15
1617062400.0,22397040.47201,40659735.40263,59560.0,58794.16,232824.065,57676.14,57110.0
1617148800.0,149748878.6618,50337556.99959,59920.0,58807.24,337038.349,58794.17,56812.0
1617235200.0,51252237.26296,13638208.22938,59592.22,58794.01,196332.114,58810.99,58002.0
1617321600.0,46569148.15238,26527447.27351,60397.85,59031.36,189391.958,58797.56,58490.03
1617408000.0,143960165.22988,14115712.23138,59925.0,57134.65,198636.171,59028.99,56900.0
1617494400.0,55931000.94185,21455831.88396,58553.0,58234.61,152454.122,57134.65,56517.23
1617580800.0,29493143.41726,28051137.96208,59385.0,59243.39,174338.646,58234.61,56808.94
1617667200.0,46712315.38401,8473290.79238,59626.18,58059.99,165562.029,59243.4,57500.0
1617753600.0,170948046.19644,17347157.78915,58720.0,56018.18,265271.707,58060.0,55536.07
1617840000.0,11791160.80498,27295070.8488,58200.0,58122.26,161389.858,56018.17,55759.13
1617926400.0,15107073.47405,21523145.60439,58950.0,58176.03,141690.144,58122.93,57700.0
1618012800.0,89878145.41192,105852041.15711,61800.0,59832.43,240907.592,58176.04,57943.95
1618099200.0,19140652.68226,11127388.91628,60816.88,60090.2,148499.824,59832.43,59304.02
1618185600.0,39041211.2775,20678250.25517,61449.91,59911.18,196147.561,60093.26,59500.0
1618272000.0,24484635.3761,110716661.11102,63850.0,63649.71,279389.492,59911.19,59873.01
1618358400.0,153140576.62846,57406413.00509,64986.11,63019.1,323454.88,63645.05,61404.0
1618444800.0,16199285.32048,12492797.26141,63905.83,63232.55,178604.198,63018.34,62157.89
1618531200.0,148406018.32009,12616087.35597,63600.0,61424.67,255765.893,63232.56,60100.0
1618617600.0,82269280.31532,7092169.71958,62610.0,60090.14,194112.299,61424.67,59620.0
1618704000.0,1112616792.14481,87332852.14297,60450.0,56140.05,522006.276,60090.14,50050.0
1618790400.0,87298347.37525,38699569.80899,57532.7,55634.39,285041.716,56140.05,54200.0
1618876800.0,78563112.36729,54150687.17776,57060.0,56410.56,324494.085,55634.38,53330.82
1618963200.0,82842722.7995,20166431.6109,56756.78,53800.0,252601.972,56411.25,53610.0
1619049600.0,238660984.89625,72192617.25167,55470.51,51714.61,453489.185,53794.72,50534.34
1619136000.0,318886941.17216,129540513.53432,52152.0,51122.62,554666.026,51714.62,47546.16
1619222400.0,69729613.70708,56029516.99577,51183.51,50092.4,299663.131,51122.63,48690.0
1619308800.0,152700353.40306,50858511.34733,50577.9,49063.94,310306.501,50094.27,46930.43
1619395200.0,47833225.54969,173856759.17943,54364.89,53984.33,390494.148,49063.94,48763.0
1619481600.0,13089597.49821,29183830.83178,55500.0,55006.25,225440.361,53984.34,53225.14
1619568000.0,11524382.61818,15644722.46999,56574.13,54861.77,263170.559,55006.25,53852.0
1619654400.0,10159764.4566,5759147.82469,55222.02,53558.8,257045.19,54861.76,52350.0
1619740800.0,4310366.6466,18706657.06949,57935.0,57684.16,294683.751,53558.57,53043.62
1619827200.0,6072353.32942,8347428.84546,58488.17,57836.34,207854.398,57688.29,57051.23
1619913600.0,8412483.63586,4498855.22572,57959.97,56630.33,203712.515,57836.35,56100.0
1620000000.0,10078160.05892,9559476.50617,59056.59,57214.83,271733.972,56630.34,56500.65
1620086400.0,20127112.7945,11312997.83263,57253.76,53263.32,388988.754,57214.84,53094.59
1620172800.0,7563174.57278,14532750.13977,57940.0,57497.77,317811.705,53263.32,52880.38
1620259200.0,13149332.35779,9823691.35583,58450.0,56435.35,275471.204,57497.76,55297.91
1620345600.0,13533344.16858,13243689.15409,58800.0,57350.88,256159.504,56435.35,55300.0
1620432000.0,9261170.53717,13468786.30857,59590.96,58924.98,264906.729,57350.89,56961.25
1620518400.0,9046382.40898,7712700.41606,59335.19,58292.53,245954.014,58926.36,56316.0
1620604800.0,26213969.00668,14396250.58658,59654.0,55869.67,396237.133,58292.53,53250.0
1620691200.0,11584516.94597,10329084.66376,56908.66,56710.43,267226.104,55869.41,54541.33
1620777600.0,18522564.3536,13020746.56302,58049.99,49595.76,472329.152,56712.7,48503.74
1620864000.0,32922449.37132,28150093.2655,51358.0,49707.9,652476.689,49596.75,45596.32
1620950400.0,11717258.2916,12195216.86375,51533.0,49873.27,319069.002,49706.27,48870.41
1621036800.0,24580993.93263,18994784.43442,50709.43,46793.41,442023.496,49873.26,46584.32
1621123200.0,26000168.69902,22217977.86557,49829.39,46429.28,604537.63,46794.62,43866.0
1621209600.0,40916212.13226,27520732.80211,46655.0,43566.18,809129.365,46429.28,42151.0
1621296000.0,22446127.88448,20479330.51694,45846.61,42882.53,590358.592,43565.11,42268.0
1621382400.0,79305480.7229,45201021.15003,43615.93,36689.14,1373851.849,42882.54,28688.0
1621468800.0,19622171.81331,22071389.94968,42460.0,40500.3,775185.113,36689.14,34882.0
1621555200.0,19243582.16062,15782381.33481,42270.42,37211.02,930671.747,40500.0,33400.0
1621641600.0,9587068.4142,9104202.07425,38851.34,37432.58,588166.784,37210.01,35201.11
1621728000.0,17188457.16932,12175712.07176,38261.71,34651.6,996815.017,37436.0,31096.7
1621814400.0,9280040.4781,9861511.46048,39917.09,38779.66,707903.071,34656.53,34366.0
1621900800.0,7482116.45496,7274543.27094,39790.05,38326.84,598836.411,38783.58,36439.32
1621987200.0,6531516.48638,6288690.06796,40900.0,39224.2,577032.81,38326.84,37804.76
1622073600.0,7240314.52009,5559949.44574,40438.82,38527.38,543338.566,39224.21,37133.22
1622160000.0,11682360.78854,8703787.11066,38888.35,35670.99,832363.425,38527.38,34689.57
1622246400.0,7487367.39851,7322234.39972,37375.0,34611.94,733902.825,35670.99,33650.0
1622332800.0,4426892.76326,5693876.12534,36501.0,35651.81,511834.746,34611.95,33356.0
1622419200.0,5833589.03469,7425379.66789,37500.0,37243.38,635082.121,35651.8,34150.0
1622505600.0,6717802.27995,5636097.39294,37893.76,36693.41,590822.54,37244.36,35500.0
1622592000.0,2896255.72325,4621378.96428,38232.99,37569.99,441719.806,36694.37,35905.0
1622678400.0,3575852.33578,5440689.57193,39470.0,39247.4,507429.005,37570.0,37150.15
1622764800.0,7986375.82533,6562531.03127,39297.35,36828.03,700625.866,39247.4,35552.51
1622851200.0,7227769.5283,5491962.83345,37900.49,35498.62,631028.448,36828.03,34800.0
1622937600.0,3074065.07982,4140759.33874,36521.16,35801.71,443601.064,35497.93,35201.86
1623024000.0,2089496.78309,1737135.60032,36820.0,33550.96,636735.873,35801.71,33200.0
1623110400.0,7315479.42254,7261650.9154,34061.57,33372.58,976693.026,33550.97,30969.0
1623196800.0,14020875.55774,17991743.2944,37511.31,37368.45,1031014.087,33372.58,32390.0
1623283200.0,14531691.20801,14087320.36486,38489.0,36669.66,803185.699,37369.99,35750.0
1623369600.0,9062724.94044,8362563.14457,37679.54,37300.42,586122.898,36669.65,35900.0
1623456000.0,12372812.47779,8254460.8347,37432.95,35537.05,623532.476,37300.41,34585.9
1623542400.0,7672032.76957,10918442.16869,39374.18,38993.65,647035.314,35535.95,34739.06
1623628800.0,10089394.55572,9524984.65908,41000.0,40489.1,704979.881,38993.66,38720.0
1623715200.0,9001361.48803,10229821.66989,41413.0,40132.86,632066.994,40489.1,39500.0
1623801600.0,11683625.1052,7524833.14871,40495.0,38344.97,673235.496,40132.86,38105.0
1623888000.0,8667750.49774,7566548.77207,39565.0,38060.71,603849.861,38344.97,37334.76
1623974400.0,15665678.34884,11870340.65134,38198.0,35811.41,790379.249,38060.71,35100.0
1624060800.0,12777519.88036,12701899.09631,36471.8,35483.0,642185.382,35811.41,34704.08
1624147200.0,12553195.95142,13874319.57339,36155.0,35588.64,829896.441,35483.01,33312.0
1624233600.0,31631962.60039,19399046.11211,35746.28,31606.0,1397330.662,35588.63,31250.51
1624320000.0,29801826.68156,23167919.3218,33274.0,32496.0,1531824.85,31606.0,28780.01
1624406400.0,15336519.69442,18478990.71677,34867.77,33649.0,960700.369,32496.0,31711.5
1624492800.0,10834828.39715,11241652.39492,35406.74,34644.64,774899.165,33650.0,32300.0
1624579200.0,25841262.47011,17356151.87606,35500.0,31568.07,1093051.375,34644.65,31250.0
1624665600.0,20302353.01631,15991241.91422,32720.52,32255.56,1091384.749,31569.18,30120.0
1624752000.0,12579476.27266,14463640.86828,34762.0,34687.71,897147.453,32250.15,31960.0
1624838400.0,9775593.15439,7035277.66754,35279.38,34487.22,706158.545,34687.71,33855.0
1624924800.0,9114184.98791,11421803.63982,36623.0,35911.26,806140.329,34486.58,34206.0
1625011200.0,9880999.92323,8770076.95688,36089.96,35031.39,719742.983,35910.64,34042.74
1625097600.0,9340239.07427,8558491.10594,35044.98,33489.96,758966.493,35031.39,32672.04
1625184000.0,9719236.73189,10145188.05243,33960.0,33760.94,664923.202,33489.96,32684.0
1625270400.0,5695130.4489,6566852.99211,34948.16,34652.94,510614.258,33760.94,33296.98
1625356800.0,3541402.74773,5535403.67647,35955.55,35280.16,451001.556,34653.32,34340.75
1625443200.0,10851358.19741,6250307.03129,35281.55,33672.72,736706.409,35280.17,33032.0
1625529600.0,7502969.05369,10273773.27223,35120.0,34206.01,644229.007,33672.72,33500.0
1625616000.0,4424365.97324,5465884.02322,35089.56,33845.64,456218.909,34206.0,33756.48
1625702400.0,9950439.15431,7057047.51513,33910.0,32852.04,650317.664,33845.63,32066.0
1625788800.0,4926056.98184,7644223.15974,34100.0,33805.01,485662.879,32855.0,32250.0
1625875200.0,6900464.75847,4636305.03025,34248.58,33497.98,410271.979,33805.01,33010.0
1625961600.0,3383781.10231,4672345.03892,34629.62,34253.81,343905.35,33497.98,33306.03
1626048000.0,9005420.77798,4708836.43773,34662.73,33070.87,502747.758,34253.88,32650.0
1626134400.0,10216908.00829,4897021.34264,33336.0,32709.09,466567.713,33070.86,32186.99
1626220800.0,6435850.23612,7390551.50886,33176.47,32803.01,521140.41,32708.66,31556.02
1626307200.0,9286304.04231,4321237.16181,33170.0,31866.43,539111.667,32803.0,31140.0
1626393600.0,13238679.80115,6933666.41423,32245.0,31382.95,516577.743,31865.53,31018.59
1626480000.0,6254059.5826,5392153.29474,31945.0,31496.65,422650.418,31382.96,31150.02
1626566400.0,4726402.65477,6288317.85334,32435.93,31767.0,412189.401,31496.65,31075.1
1626652800.0,8045725.23145,3318149.57287,31890.0,30823.62,486305.627,31765.23,30358.77
1626739200.0,8898687.34206,6945043.30621,31050.0,29775.9,602688.19,30823.62,29242.24
1626825600.0,5089690.02713,14498227.02772,32883.9,32120.0,787077.39,29775.89,29472.41
1626912000.0,5804463.97462,6591800.94436,32583.48,32268.11,397258.936,32120.0,31700.0
1626998400.0,4313387.5161,13215807.54911,33650.0,33634.46,404650.016,32268.12,31970.82
1627084800.0,3988057.7531,7093135.4212,34471.0,34230.0,376046.028,33631.74,33379.81
1627171200.0,4478880.03141,10592506.02811,35400.0,35370.66,404114.844,34230.0,33812.0
1627257600.0,18530360.96882,31361151.70308,48168.6,37218.09,1162332.857,35370.67,35185.49
1627344000.0,10773705.17361,17764685.39108,39546.34,39442.33,675104.157,37218.09,36384.31
1627430400.0,12514576.43977,17828263.31021,40894.0,40003.08,736196.234,39448.06,38753.0
1627516800.0,6903304.1437,6467161.51725,40665.0,40012.9,463917.872,40003.08,39203.83
1627603200.0,6277288.51634,10321611.50827,42316.6,42203.25,561474.309,40012.89,38320.0
1627689600.0,7094237.92073,6013195.64564,42494.0,41448.11,381521.899,42202.6,41030.19
1627776000.0,11414848.28685,7897440.8993,42614.98,39846.78,487529.044,41448.1,39350.4
1627862400.0,9399689.22731,8898103.87721,40450.0,39147.48,451872.128,39846.78,38658.0
1627948800.0,13808628.96754,9047825.21472,39774.93,38203.26,517219.517,39147.47,37600.0
1628035200.0,6891665.52197,11918323.38031,39975.32,39731.31,479560.473,38201.33,37500.0
1628121600.0,15510979.72802,16155313.03632,41350.0,40882.4,746249.712,39731.31,37291.0
1628208000.0,10224564.37458,14833873.01875,43400.0,42825.43,653451.154,40882.39,39849.82
1628294400.0,10571312.6476,19485720.23819,44753.01,44601.11,583750.891,42825.43,42395.2
1628380800.0,14989379.41543,13134157.16386,45350.0,43787.71,553684.698,44601.11,43265.0
1628467200.0,10695659.05977,19426682.50616,46483.0,46259.7,626220.503,43787.71,42785.0
1628553600.0,9545391.95952,9564226.70118,46800.0,45589.99,460478.861,46259.7,44670.05
1628640000.0,6760912.16104,9623448.64145,46754.27,45522.12,390660.571,45589.99,45354.0
1628726400.0,15356396.19472,7534254.44589,46226.67,44385.09,468276.056,45522.13,43800.0
1628812800.0,3065354.94886,16415748.93847,47980.69,47792.52,438025.46,44385.09,44208.88
1628899200.0,8060992.47207,7126048.74448,48300.0,47083.74,374368.796,47792.52,46000.0
1628985600.0,8975583.22436,8230070.01416,47388.75,47006.02,370950.807,47083.75,45480.0
1629072000.0,11812258.98969,6474875.96784,48074.23,45926.23,412537.605,47006.02,45682.03
1629158400.0,18362758.6035,10340272.44833,47194.0,44704.84,474316.4,45926.23,44412.01
1629244800.0,10351238.44427,8919409.90962,46050.0,44714.09,395836.158,44704.85,44227.32
1629331200.0,9121070.98574,18570520.35645,47100.0,46772.0,439402.162,44714.09,43938.38
1629417600.0,3321483.5834,13851496.83984,49500.0,49332.74,401499.081,46772.0,46650.0
1629504000.0,5831535.57011,7006761.27113,49833.0,48848.29,347594.451,49332.99,48250.0
1629590400.0,6567422.17645,6052770.79582,49556.2,49273.28,294672.223,48846.11,48075.81
1629676800.0,6546929.89376,9851306.00401,50600.0,49523.91,355733.496,49273.28,49075.01
1629763200.0,17972437.72045,6393723.51906,49888.88,47719.36,398682.002,49523.23,47600.0
1629849600.0,5604165.87797,11967211.38796,49297.8,48992.65,389100.384,47719.37,47130.57
1629936000.0,13281493.32561,7573125.98567,49380.0,46853.06,475183.123,48992.65,46280.0
1630022400.0,6065883.16544,11159009.8938,49220.0,49083.98,403667.012,46854.22,46359.97
1630108800.0,4238270.2927,3044357.35401,49333.0,48931.99,222793.024,49082.13,48395.65
1630195200.0,3424462.68842,6559116.68999,49769.2,48795.41,315105.499,48931.99,47741.31
1630281600.0,7629228.03223,5321193.97977,48916.25,47024.7,351830.754,48795.42,46876.49
1630368000.0,8390144.61692,10921444.42497,48298.0,47150.32,365548.209,47024.69,46731.03
1630454400.0,3788248.34558,11255593.3247,49160.79,48842.94,350108.374,47150.32,46550.99
1630540800.0,4049263.04183,8793753.04663,50420.0,49299.14,361863.055,48842.93,48631.2
1630627200.0,6447615.16428,9102872.50459,51111.0,50027.08,430326.386,49299.14,48333.0
1630713600.0,4814539.01303,5060021.62432,50582.08,49940.74,274956.842,50027.09,49360.0
1630800000.0,2179675.24496,7413377.29162,51950.0,51799.57,288984.124,49942.2,49462.59
1630886400.0,3399142.15114,8140709.63425,52830.0,52683.97,297734.284,51799.56,51040.0
1630972800.0,53688581.89848,15116891.63969,52950.0,46864.39,764140.139,52683.98,42088.0
1631059200.0,9578829.54892,9656865.26278,47347.0,46062.29,435803.011,46864.38,44431.0
1631145600.0,4665052.22032,4959022.01527,47400.0,46413.88,309015.75,46060.02,45500.0
1631232000.0,7886702.22476,4894479.39202,47037.5,44860.83,343533.069,46413.88,44120.0
1631318400.0,3347177.02287,4228646.16615,45999.0,45193.78,194144.115,44860.83,44737.4
1631404800.0,3320263.18951,4884027.54482,46512.2,46046.73,223534.63,45194.19,44746.51
1631491200.0,11451117.33502,8819129.77645,46933.89,44975.96,448942.068,46048.02,43323.93
1631577600.0,2578814.69882,6908889.70123,47272.98,47087.18,277925.721,44975.96,44692.9
1631664000.0,2427769.48826,4172147.3291,48440.93,48106.12,244226.37,47087.18,46675.0
1631750400.0,7128966.00972,4394146.53752,48488.0,47745.55,260044.727,48106.13,47038.21
1631836800.0,6790947.56773,4699350.12418,48150.0,47303.11,226193.34,47745.55,46750.0
1631923200.0,2337671.40244,5870946.38795,48850.0,48285.15,207900.413,47303.11,47044.32
1632009600.0,5828275.01368,3088617.08405,48364.64,47256.91,212631.933,48284.61,46840.0
1632096000.0,18932365.61881,11313617.75426,47345.0,43026.6,600764.629,47256.92,42467.86
1632182400.0,20073778.72223,13936323.13476,43629.6,40726.1,683242.002,43026.61,39503.58
1632268800.0,5891628.89877,10054184.75841,43989.98,43520.0,400849.752,40727.83,40551.49
1632355200.0,4309815.1542,7628490.41233,44976.48,44828.29,330253.525,43520.0,43056.0
1632441600.0,13581086.94314,10445180.19265,45134.33,42798.49,608595.52,44828.29,40650.0
1632528000.0,4600044.37566,5373009.46225,42950.0,42651.58,277084.795,42798.49,41630.26
1632614400.0,7041783.65636,6489799.29358,43940.0,43150.0,354393.916,42646.84,40725.01
1632700800.0,5106800.53135,4891268.79634,44350.0,42122.69,285311.606,43150.01,42059.13
1632787200.0,8008342.57233,3796493.47811,42749.0,41006.32,359745.538,42122.69,40854.0
1632873600.0,5095014.38046,5176320.6187,42576.8,41499.71,293307.589,41002.96,40708.73
1632960000.0,5561015.84195,9312956.58804,44100.0,43796.57,389185.646,41499.7,41387.78
1633046400.0,4805668.47246,13273239.67386,48450.0,48123.94,449491.768,43799.49,43260.01
1633132800.0,3722052.89442,3456880.77769,48338.68,47626.61,182565.988,48123.93,47410.0
1633219200.0,4351784.538,4774704.37854,49304.12,48187.3,212410.375,47626.62,47071.26
1633305600.0,7503545.37035,7813856.08519,49544.48,49198.22,324424.837,48187.99,46885.29
1633392000.0,4133380.65332,7886323.52679,51888.0,51455.12,314043.813,49199.78,49009.21
1633478400.0,7008056.3,14180254.04693,56416.02,55321.6,418731.748,51460.22,50410.0
1633564800.0,11111493.17059,8968293.93006,55337.8,53814.99,262974.545,55327.45,53374.34
1633651200.0,5336748.50776,5975552.93551,56208.73,53975.0,255210.035,53814.99,53647.3
1633737600.0,3197530.87407,3309961.86837,55589.0,54960.77,167495.393,53974.99,53656.66
1633824000.0,7742339.99696,6568298.60681,56789.0,54700.0,289072.818,54960.79,54101.0
1633910400.0,4805914.5188,14754803.8011,57880.0,57500.01,314868.05,54700.0,54458.0
1633996800.0,9631355.77128,8039777.36942,57756.52,56011.84,349147.775,57500.01,53750.0
1634083200.0,6005263.16455,12900224.93294,57822.38,57393.65,327714.318,56011.83,54271.24
1634169600.0,5413757.22372,7260317.68167,58586.67,57378.19,254719.751,57393.65,56800.0
1634256000.0,8576515.9344,19363506.15858,63997.61,61702.33,493366.513,57377.12,56900.0
1634342400.0,4892571.60295,5169858.47576,62444.23,60925.56,213251.899,61702.33,60220.0
1634428800.0,4740931.26923,7300078.36884,61796.47,61571.45,240132.514,60925.56,58850.0
1634515200.0,7471472.86782,12828716.23968,62800.0,62037.92,333278.481,61571.45,59897.61
1634601600.0,5175227.18008,11056545.89297,64500.0,64316.7,379243.718,62037.92,61300.0
1634688000.0,5637009.98122,9057596.6932,67150.0,66064.24,324737.868,64314.75,63518.81
1634774400.0,12560698.21174,14317799.33768,66750.0,62260.33,478610.458,66064.25,62000.0
1634860800.0,8769980.39023,6916297.52243,63796.2,60734.27,350359.527,62260.33,60011.9
1634947200.0,5442143.04836,5790897.97919,61780.0,61325.11,222553.478,60734.28,59622.0
1635033600.0,7039449.31089,5540584.38113,61550.0,60902.82,245816.821,61325.09,59504.46
1635120000.0,2069664.91285,17750495.81123,63795.98,63127.04,234201.1,60902.82,60701.0
1635206400.0,9887502.62336,5233485.35702,63362.06,60358.75,252256.924,63129.25,59838.05
1635292800.0,19904775.4877,10082617.14263,61550.0,58449.36,329112.396,60358.74,57865.0
1635379200.0,9590566.71446,12790827.74773,62641.26,60622.03,333323.116,58449.36,57550.0
1635465600.0,3361627.05463,6658768.08118,63069.71,62308.22,218355.773,60622.02,60222.0
1635552000.0,5492204.84993,3953508.31038,62415.85,61895.19,156041.523,62308.21,60631.23
1635638400.0,8956440.91797,5519153.40566,62462.99,61348.61,183599.524,61895.19,60008.0
1635724800.0,9146694.18403,6295950.49499,62543.58,60942.87,246158.361,61347.14,59400.0
1635811200.0,4575380.3803,8001587.81646,64349.55,63266.69,217592.062,60942.87,60659.58
1635897600.0,5380343.38172,5902203.44466,63613.0,62946.45,211190.183,63266.69,60300.0
1635984000.0,9157375.14588,3098573.23627,63149.0,61431.86,184677.079,62946.45,60703.0
1636070400.0,6060825.66096,5261465.0941,62671.48,61006.0,157569.637,61433.9,60762.0
1636156800.0,8857921.45355,3603945.44981,61645.75,61511.3,154919.118,61006.0,60100.0
1636243200.0,1816527.57684,4479397.16744,63377.58,63316.4,142878.208,61511.3,61368.26
1636329600.0,3729678.29211,17415551.01809,67932.89,67606.96,274932.146,63316.4,63308.7
1636416000.0,8297132.19511,7570181.61862,68675.16,67009.98,231843.834,67606.96,66300.0
1636502400.0,22176179.41016,14090361.56824,69198.7,64920.13,347835.573,67010.65,62400.51
1636588800.0,4611285.1141,4788636.51145,65646.98,64831.3,178279.275,64920.13,64147.12
1636675200.0,10384968.7639,5899178.19478,65500.0,64156.08,264576.325,64831.2,62313.0
1636761600.0,2088490.0693,3352177.04127,65073.24,64427.0,124466.493,64156.08,63430.01
1636848000.0,3724291.78309,6598624.96431,65569.99,65568.39,146424.701,64426.99,63640.0
1636934400.0,13786672.29784,3398179.2942,66395.05,63654.49,210026.602,65568.38,63351.58
1637020800.0,30003724.70266,12046921.40749,63655.77,60106.03,475025.706,63654.49,58397.14
1637107200.0,11784684.70438,8973892.7153,60848.85,60366.96,287388.873,60106.03,58336.68
1637193600.0,21979971.15852,9101065.85564,60999.0,56921.05,412021.672,60366.97,56505.48
1637280000.0,5930280.52376,7643953.02598,58333.0,58069.51,245356.121,56921.04,55604.0
1637366400.0,3278671.70062,6067333.98351,59873.84,59716.29,173697.342,58069.52,57372.0
1637452800.0,6459624.13964,2971433.03904,60052.82,58661.39,143887.271,59716.28,58518.88
1637539200.0,16055179.81191,6905329.7303,59624.56,56268.31,326184.881,58648.87,55600.0
1637625600.0,7960639.41613,6758391.14551,57888.0,57574.23,267790.325,56268.31,55250.0
1637712000.0,10482317.92242,5845990.74378,57775.27,57165.08,194683.757,57574.24,55900.0
1637798400.0,3589737.65698,9800869.7033,59449.62,58988.21,191912.653,57165.09,57029.0
1637884800.0,48085595.0713,8013990.27859,59186.41,53755.65,378650.919,58988.36,53500.0
1637971200.0,4464180.19257,3370593.55948,55300.0,54738.77,155119.117,53755.66,53640.69
1638057600.0,12073082.67046,11609514.21641,57474.76,57315.73,213600.615,54738.77,53245.0
1638144000.0,4500362.15979,7327627.5353,58924.21,57827.98,215111.466,57315.72,56715.0
1638230400.0,22604083.53947,14616682.96124,59224.99,56975.0,337624.148,57827.97,55900.0
1638316800.0,10491101.97527,6452940.37503,59100.0,57209.29,273959.104,56978.06,56500.0
1638403200.0,10841929.68682,6763550.65932,57428.49,56513.57,249985.255,57209.28,55800.0
1638489600.0,26620528.53249,6821802.52771,57670.0,53612.0,374132.016,56513.56,50604.0
1638576000.0,61109568.01047,20896348.6142,53889.69,49135.66,598774.989,53611.86,40888.89
1638662400.0,12251646.93346,9008964.39262,49699.49,49376.6,286434.382,49135.66,47755.0
1638748800.0,9326585.14378,15178866.79982,50888.0,50424.72,357711.029,49373.83,47000.0
1638835200.0,6122094.34428,5075044.30947,51929.0,50577.2,224670.618,50424.72,50012.0
1638921600.0,6364214.31231,6799323.05065,51210.6,50455.61,238229.884,50577.2,48533.33
1639008000.0,13184140.01769,5076140.61214,50773.03,47539.76,273086.086,50459.61,47312.89
1639094400.0,8373296.36564,7754870.58949,50188.42,47136.35,302974.429,47539.34,46828.23
1639180800.0,3899757.68498,6192621.64485,49499.05,49381.15,210959.992,47132.31,46724.35
1639267200.0,2917135.99077,3504063.99606,50768.0,50057.01,183434.285,49379.51,48616.16
1639353600.0,9735384.14487,6077028.61205,50180.0,46679.93,348551.322,50057.02,45600.0
1639440000.0,5574036.36433,6529082.61396,48657.92,48324.04,266213.627,46679.93,46255.6
1639526400.0,6524652.77938,7765762.93748,49479.75,48870.48,345239.891,48324.0,46518.73
1639612800.0,7250050.66583,2683809.03028,49439.79,47624.5,215874.187,48870.48,47500.0
1639699200.0,9584013.9533,5774506.23108,47988.27,46125.33,326458.135,47629.1,45373.11
1639785600.0,3489018.53797,4040134.93065,47336.99,46815.99,191006.415,46125.33,45438.43
1639872000.0,4610650.11966,4975557.88125,48461.17,46668.63,241698.541,46815.99,46399.37
1639958400.0,6248431.7813,5767523.72533,47533.42,46898.14,273804.259,46668.65,45530.67
1640044800.0,2678431.88612,6809286.2631,49298.78,48875.15,260008.358,46896.82,46650.0
1640131200.0,3841259.08948,5677526.62837,49599.0,48569.69,208463.689,48875.88,48420.02
1640217600.0,3826150.02869,9348976.6576,51377.74,50817.92,255885.48,48569.69,48020.0
1640304000.0,7091937.47596,6481459.26776,51805.0,50808.55,220208.725,50817.94,50379.25
1640390400.0,2228372.53774,2184790.12671,51190.0,50403.64,147662.438,50809.37,50105.0
1640476800.0,5425114.88193,3916609.07039,51300.0,50765.73,184800.616,50403.64,49350.0
1640563200.0,5058109.2543,3817521.2332,52134.0,50707.72,216225.263,50765.73,50450.0
1640649600.0,13125869.43685,3896359.10502,50713.56,47522.03,336083.34,50707.72,47290.0
1640736000.0,5888046.03912,4568681.62294,48125.97,46436.54,274795.378,47522.02,46000.0
1640822400.0,4619001.14916,4907519.9258,47911.68,47095.02,229931.288,46436.53,45880.0
1640908800.0,9412471.96284,6185509.69745,48575.0,46210.56,287186.003,47095.02,45650.0
1640995200.0,2828019.7387,3994411.0526,47943.77,47704.35,179433.584,46210.57,46210.55
1641081600.0,5400391.75118,3758861.8687,48000.0,47280.0,184795.093,47704.35,46605.68
1641168000.0,8106730.09688,3247987.50696,47575.22,46445.81,244781.793,47280.01,45665.4
1641254400.0,17874013.11564,5107865.42895,47524.36,45833.42,292149.75,46445.8,45445.57
1641340800.0,22284798.40738,8257332.97906,47075.29,43421.69,485477.569,45833.41,42270.0
1641427200.0,5184851.62512,5100046.1717,43766.0,43080.01,299509.851,43421.7,42385.83
1641513600.0,11400293.24284,7255900.79007,43135.0,41553.86,473214.849,43080.01,40456.56
1641600000.0,7306228.30557,4682124.75424,42335.0,41688.05,283737.224,41553.87,40500.0
1641686400.0,4089682.51575,4371805.75373,42773.85,41851.22,223134.952,41688.05,41170.0
1641772800.0,10001108.02939,7406704.74281,42219.84,41801.55,453644.116,41851.22,39610.0
1641859200.0,4029945.27091,7766550.23081,43118.0,42700.68,323760.691,41801.55,41255.0
1641945600.0,2914005.01769,4523285.56095,44300.0,43880.72,281339.294,42700.69,42415.0
1642032000.0,7133131.37934,3403709.94899,44396.68,42534.32,289289.18,43880.72,42301.16
1642118400.0,4301435.57918,4306507.95098,43450.0,43042.4,272517.077,42538.72,41666.0
1642204800.0,2411009.82095,2664206.69714,43800.0,43070.51,184649.157,43042.4,42530.64
1642291200.0,2902400.2658,2558491.55492,43464.71,43060.66,177450.475,43070.51,42531.69
1642377600.0,7364580.75211,3081820.27641,43159.32,42176.34,232748.345,43060.66,41523.68
1642464000.0,5331229.02203,4858262.58108,42680.0,42337.58,267472.465,42176.34,41260.0
1642550400.0,9087343.61226,3576096.4126,42545.0,41657.89,333952.095,42337.58,41115.64
1642636800.0,10502649.05388,6660373.60067,43495.0,40661.69,399818.052,41656.9,40550.0
1642723200.0,29218650.07087,14303905.36907,41095.76,36425.98,790320.909,40662.06,35380.92
1642809600.0,18504708.46144,13280117.37315,36817.74,35043.73,676272.904,36426.46,33950.0
1642896000.0,6723924.17301,6350292.57558,36496.92,36230.01,369372.903,35043.73,34588.8
1642982400.0,17204508.54848,14700246.12662,37528.0,36648.31,823000.702,36230.0,32853.83
1643068800.0,7459995.79898,9634979.74291,37561.03,36934.26,409535.517,36648.3,35693.0
1643155200.0,10880358.07881,10407847.80879,38886.58,36787.43,554457.384,36934.26,36232.42
1643241600.0,10297423.95681,7906025.12035,37200.0,37131.0,422006.922,36787.42,35471.53
1643328000.0,5610406.42225,8064155.73049,38000.0,37696.21,367509.143,37131.0,36149.02
1643414400.0,3109028.63459,3248840.64201,38750.94,38150.01,238657.764,37696.22,37252.0
1643500800.0,3076000.18218,2466566.26902,38420.3,37870.01,195029.125,38150.0,37334.83
1643587200.0,4260981.50379,6155206.96954,38741.73,38439.04,318440.392,37870.0,36620.0
1643673600.0,5081817.39371,5619095.84524,39260.26,38680.51,353354.121,38439.04,37969.0
1643760000.0,8247535.43237,3233015.54309,38834.18,36892.03,337570.934,38680.51,36529.81
1643846400.0,6024043.89358,4424276.14936,37395.0,37289.86,318656.228,36892.05,36204.3
1643932800.0,4301209.62751,10617820.91866,41741.76,41550.0,520105.77,37287.33,37011.0
1644019200.0,5721147.38546,4896934.94917,41922.0,41374.69,242184.07,41550.0,40920.0
1644105600.0,2250233.51814,4443234.4331,42656.8,42361.35,215323.95,41374.68,41100.0
1644192000.0,4878332.93154,11553402.67822,44541.16,43829.99,418053.774,42361.34,41609.76
1644278400.0,10446999.61621,11274512.91236,45600.0,44021.57,468015.421,43829.99,42641.0
1644364800.0,6838878.63804,6845894.9677,44826.0,44358.08,300270.062,44021.58,43089.08
1644451200.0,11411854.268,9770115.60004,45847.5,43471.29,563922.075,44358.09,43136.96
1644537600.0,8848454.50288,6309160.72134,43900.0,42366.0,414646.193,43471.3,41914.23
1644624000.0,3940295.91732,3889592.14025,42980.0,42199.87,256269.325,42365.99,41540.0
1644710400.0,3050875.85412,1953928.68089,42755.97,42041.13,192068.012,42199.88,41850.0
1644796800.0,4833817.78546,4013158.77884,42888.0,42525.14,303990.933,42041.12,41526.0
1644883200.0,1653117.97482,7579723.28769,44777.0,44529.6,276735.421,42525.14,42406.23
1644969600.0,4653966.54395,3859371.9895,44536.8,43860.7,255790.287,44529.7,43277.8
1645056000.0,7969784.50914,3837927.79288,44150.0,40491.7,433958.984,43860.8,40020.1
1645142400.0,7300002.74234,4434584.89208,40944.1,39966.8,377679.782,40491.8,39422.0
1645228800.0,2723788.63258,1820454.72564,40438.7,40052.6,185624.675,39966.8,39610.3
1645315200.0,5314572.7649,2382743.23749,40100.1,38368.1,329740.444,40052.6,37905.0
1645401600.0,9550773.47953,8025188.59059,39510.0,36986.4,646391.815,38367.9,36762.0
1645488000.0,4926526.40051,6512247.71902,38450.0,38212.0,465313.497,36986.4,36310.1
1645574400.0,5764581.24258,2672867.06403,39250.0,37227.8,408056.255,38212.1,36963.2
1645660800.0,11368265.12745,12971029.33329,40376.1,38315.1,919820.907,37227.9,34303.7
1645747200.0,5444414.87997,4866048.35711,39750.0,39205.4,416316.366,38316.2,37999.2
1645833600.0,3910536.03356,2172748.90511,40441.1,39099.3,251892.201,39205.4,38561.7
1645920000.0,6686989.63656,4574198.03175,39868.6,37672.0,423197.247,39099.3,36934.6
1646006400.0,5808501.70476,8819206.42687,44341.0,43155.0,615391.161,37672.1,37414.4
1646092800.0,5638754.28191,5179255.93108,44935.0,44394.1,448483.646,43155.0,42765.4
1646179200.0,5363610.73795,4262294.00456,45350.0,43885.7,407603.721,44393.6,43321.0
1646265600.0,6302389.43555,3914471.47631,44080.0,42449.5,365565.832,43885.8,41831.0
1646352000.0,11048831.67016,4573561.00519,42525.3,39127.7,469138.374,42449.6,38521.0
1646438400.0,1944893.48166,2479851.91287,39580.0,39375.1,198747.893,39127.7,38547.6
1646524800.0,4703342.94989,2754537.67913,39690.0,38401.1,311705.26,39375.0,38056.0
1646611200.0,6724477.57132,5372689.27719,39550.0,37963.8,490254.516,38401.1,37134.0
1646697600.0,5727763.07394,6572630.69296,39340.5,38709.9,421462.367,37963.7,37853.0
1646784000.0,4141900.67722,5610265.53465,42647.5,41937.5,462059.811,38709.9,38638.7
1646870400.0,6179242.41482,4325817.45833,42034.3,39407.2,520645.186,41939.5,38512.0
1646956800.0,5838218.43511,3747947.83564,40242.0,38713.0,467078.892,39407.1,38200.1
1647043200.0,1892548.48857,964981.8792,39578.4,38792.6,172494.825,38713.1,38630.0
1647129600.0,2986975.31184,1170213.89245,39300.0,37743.7,236623.694,38792.7,37500.0
1647216000.0,3222747.18153,3201692.59257,39989.0,39653.8,360058.358,37743.0,37522.1
1647302400.0,2564771.42064,2487694.56812,39901.8,39271.0,345019.243,39651.6,38073.8
1647388800.0,6451691.17622,6402132.81433,41804.0,41105.8,650589.661,39270.9,38700.0
1647475200.0,1925495.39131,2424498.27258,41498.4,40898.1,243988.794,41105.9,40442.8
1647561600.0,2452504.00928,3226631.96276,42322.8,41751.5,299134.443,40898.0,40084.2
1647648000.0,1492336.10524,1499191.21957,42446.6,42188.2,186459.954,41751.6,41500.0
1647734400.0,3152273.51952,1859958.83593,42269.3,41261.0,235774.129,42188.2,40900.0
1647820800.0,2812468.6237,2871521.01877,41544.4,40982.0,308396.46,41261.0,40430.0
1647907200.0,3201391.17314,3414329.8481,43517.7,42349.8,374297.674,40982.0,40852.0
1647993600.0,2848875.73608,2873330.32832,43051.0,42867.9,282631.74,42349.9,41731.3
1648080000.0,1933863.91408,3997311.7427,44200.0,43973.4,331440.057,42867.8,42525.0
1648166400.0,3906901.80494,3833816.32934,45142.0,44290.6,348620.122,43973.2,43575.1
1648252800.0,949320.82619,1222242.87787,44785.0,44489.2,140712.587,44290.6,44041.0
1648339200.0,1842468.63849,3933013.30315,47047.0,46820.8,269280.228,44489.3,44416.0
1648425600.0,4598448.88158,5129885.4619,48200.0,47121.9,317565.782,46820.9,46651.2
1648512000.0,4315044.97124,3633238.63296,48100.0,47418.5,259040.835,47121.8,46911.0
1648598400.0,3851829.19245,3386340.59771,47688.6,47053.2,235009.892,47418.5,46535.0
1648684800.0,8462146.80636,2905401.97148,47619.4,45506.0,299837.61,47053.1,45185.0
1648771200.0,5792487.0144,6825153.14314,46700.0,46266.2,360734.553,45505.9,44206.2
1648857600.0,5330436.93036,3184115.73223,47236.8,45794.6,226413.357,46266.2,45600.0
1648944000.0,2748367.68835,5061389.48098,47448.0,46392.4,212589.013,45792.3,45501.0
1649030400.0,4586750.99384,4710838.26797,46895.5,46580.9,272796.541,46392.3,45094.0
1649116800.0,4593417.65641,1784926.98384,47188.0,45477.4,257524.639,46580.9,45300.0
1649203200.0,15051341.10884,3462603.30236,45494.2,43159.7,384359.375,45477.5,43100.0
1649289600.0,3129682.82756,2970393.21437,43888.0,43417.1,229567.98,43159.8,42685.0
1649376000.0,5564138.8663,4210940.07537,43968.1,42229.2,310095.829,43417.1,42074.0
1649462400.0,1308404.93701,1482039.25892,42796.7,42727.7,119722.654,42229.1,42100.3
1649548800.0,4171420.84151,1502738.82952,43399.4,42140.4,181904.47,42727.8,41838.0
1649635200.0,11052549.34458,3279335.86552,42399.9,39505.6,439530.02,42140.3,39136.7
1649721600.0,4770333.11415,4123915.73017,40700.0,40060.7,349883.631,39505.6,39224.0
1649808000.0,3197698.49273,6397202.38836,41580.0,41129.8,324910.931,40060.7,39569.8
1649894400.0,3264415.03504,1194505.93924,41474.8,39915.9,261966.391,41129.8,39522.0
1649980800.0,1799440.26835,1763275.60159,40888.0,40529.5,194680.671,39915.9,39734.2
1650067200.0,1032155.72318,1595266.51991,40700.0,40361.0,127705.057,40529.6,39944.9
1650153600.0,4698482.10921,851526.65914,40574.1,39649.1,170331.824,40360.9,39510.0
1650240000.0,5160594.80338,5321231.78257,41310.0,40785.6,362435.319,39649.1,38465.7
1650326400.0,1206164.28549,4111976.11156,41788.0,41472.9,214404.271,40785.7,40543.7
1650412800.0,2582675.34501,3363590.39909,42166.8,41327.7,257382.427,41472.9,40800.0
1650499200.0,11609728.24323,3289684.778,42966.0,40449.8,393149.956,41326.0,39630.0
1650585600.0,4482264.01139,2902881.0473,40786.1,39674.2,314935.753,40449.7,39133.0
1650672000.0,1633647.9516,1076177.60853,40000.0,39415.1,125046.817,39674.3,39259.0
1650758400.0,2791033.75313,1202242.20957,39930.6,39433.4,180371.762,39413.8,38884.1
1650844800.0,5759479.07763,6611255.66285,40650.0,40411.0,448877.893,39433.4,38111.0
1650931200.0,8233070.36581,3896494.01966,40800.0,38093.7,453132.198,40411.0,37671.8
1651017600.0,3188264.54615,5164716.95185,39470.0,39209.0,385645.365,38093.7,37844.5
1651104000.0,3937885.03555,5927116.47534,40376.6,39732.5,413543.408,39209.0,38861.8
1651190400.0,9623641.32807,2166042.1171,39924.8,38572.2,308116.375,39732.5,38160.0
1651276800.0,6633235.90648,1379059.60022,38782.6,37614.5,181810.382,38572.2,37550.0
1651363200.0,3411600.98749,3968803.49646,38680.6,38440.5,236549.462,37614.4,37350.0
1651449600.0,4501615.60512,2894001.78584,39222.0,38525.6,336845.365,38440.2,38032.2
1651536000.0,2435248.61702,1043949.46176,38674.7,37712.9,248986.222,38525.5,37500.1
1651622400.0,2120593.2856,6155767.72845,40071.7,39684.0,424498.818,37713.0,37655.2
1651708800.0,8635694.72357,3341909.6401,39845.0,36534.7,547209.0,39684.1,35388.0
1651795200.0,6346604.37851,5125898.76783,36679.3,35995.3,431979.24,36533.7,35200.0
1651881600.0,2806648.87702,1536891.42258,36138.0,35466.7,200264.833,35995.2,34700.0
1651968000.0,4581619.46863,3278548.84885,35504.0,34032.0,426872.584,35466.7,33665.0
1652054400.0,19515190.3075,10055750.71703,34243.3,30056.6,1078779.712,34032.1,30003.6
1652140800.0,14204641.17646,15390202.88278,32650.0,31002.1,863178.961,30056.0,29701.4
1652227200.0,28244792.93423,16111272.75591,32197.6,29074.7,1101875.972,31002.1,27651.0
1652313600.0,15556978.45655,26224899.19813,30257.0,29020.7,964475.589,29077.9,26631.0
1652400000.0,9467153.49828,7883127.33264,31072.6,29274.3,507620.105,29020.8,28730.4
1652486400.0,3399554.77397,4325091.82549,30352.2,30079.8,315756.895,29274.2,28602.3
1652572800.0,3057733.25217,4896583.50414,31462.0,31324.4,336773.139,30079.5,29448.0
1652659200.0,5584547.46238,4215554.41983,31327.4,29866.7,507243.166,31324.3,29052.3
1652745600.0,4094898.97652,4327008.16663,30794.0,30437.0,398624.519,29866.4,29420.0
1652832000.0,5852128.31263,2026551.86858,30700.0,28700.6,426700.457,30437.0,28629.6
1652918400.0,3425677.4002,6398818.20375,30550.0,30319.9,448856.724,28700.6,28670.5
1653004800.0,4955639.88879,4102645.44294,30784.4,29188.9,485439.171,30319.9,28702.0
1653091200.0,1022038.70123,1564405.31355,29650.0,29427.4,202804.089,29188.9,28927.0
1653177600.0,1330085.88041,2108995.02524,30500.0,30284.0,297116.44,29427.4,29223.6
1653264000.0,5847976.69541,3915959.26002,30658.0,29097.7,475720.75,30284.0,28840.7
1653350400.0,3033062.5151,2536660.36619,29887.3,29643.1,382124.449,29097.8,28637.6
1653436800.0,3530412.04813,2653177.25914,30246.7,29536.7,413459.484,29643.0,29330.0
1653523200.0,6518378.70606,4656243.11427,29877.0,29194.0,602137.086,29536.7,27952.1
1653609600.0,6284555.37738,3383775.97116,29387.0,28623.2,506638.884,29194.0,28259.6
1653696000.0,370402.38433,1059263.94403,29265.7,29018.8,193644.283,28623.3,28520.0
1653782400.0,858406.36942,1466886.5437,29595.2,29452.8,215139.934,29018.8,28825.0
1653868800.0,2693750.04169,5742231.57448,32307.6,31726.5,502712.176,29452.6,29301.1
1653955200.0,2614816.32879,3046836.38675,32427.5,31797.8,383688.265,31726.5,31222.0
1654041600.0,6691225.5434,3243823.28588,31986.1,29796.9,556992.756,31797.9,29300.0
1654128000.0,3115426.53736,3212372.12044,30750.0,30437.1,370924.687,29796.9,29566.1
1654214400.0,4226324.26232,1973053.20837,30693.2,29682.8,357110.377,30437.1,29220.0
1654300800.0,1147427.17168,991648.16638,29988.0,29848.4,187520.534,29682.8,29456.0
1654387200.0,1857369.15288,1417398.12632,30250.0,29909.9,205385.831,29848.5,29524.0
1654473600.0,1940768.26398,4898049.61378,31780.0,31361.2,436522.874,29910.0,29876.2
1654560000.0,8227493.72197,8170605.90487,31599.0,31118.1,691714.985,31361.2,29190.0
1654646400.0,4959140.05839,3462471.8077,31325.0,30192.5,455686.637,31118.0,29825.0
1654732800.0,2756716.69687,1996179.60663,30691.9,30093.3,307312.175,30192.6,29914.5
1654819200.0,4358152.93329,2769828.74036,30374.1,29077.7,445928.659,30093.4,28805.0
1654905600.0,7282173.02514,2813205.30199,29427.9,28416.7,391367.814,29077.7,28080.0
1654992000.0,7285337.50749,3517472.95793,28530.3,26564.7,560834.131,28416.6,26538.7
1655078400.0,22305824.51785,12389233.29511,26877.0,22471.5,1622521.56,26564.7,21900.0
1655164800.0,15756273.90036,14425203.33877,23424.2,22122.7,1247609.796,22471.4,20823.0
1655251200.0,14654150.52278,14494723.35474,22800.0,22567.5,1509301.169,22122.7,20100.2
1655337600.0,11103653.10359,6291231.47306,23000.0,20387.4,882634.22,22567.5,20222.0
1655424000.0,6709146.40005,7201989.65011,21388.0,20457.3,776153.257,20387.4,20228.0
1655510400.0,12883090.97853,7639145.7518,20768.4,18959.7,1268591.388,20457.3,17593.2
1655596800.0,8477863.75226,10215712.37033,20821.0,20564.2,1089275.674,18959.7,17935.9
1655683200.0,9565649.69451,8659868.67564,21099.9,20570.1,935816.13,20564.3,19630.0
1655769600.0,5242885.60502,4846090.57382,21740.0,20713.1,787173.936,20570.0,20337.8
1655856000.0,6694484.47,4051325.16964,20888.0,19977.4,812184.193,20713.1,19745.7
1655942400.0,2887786.86816,4668054.23444,21250.0,21096.6,698753.04,19977.5,19874.0
1656028800.0,4092102.00705,5003805.98583,21563.5,21231.2,645450.778,21096.6,20732.5
1656115200.0,2534368.21345,3185740.44344,21627.6,21481.9,434117.447,21231.2,20894.0
1656201600.0,2067464.72818,1938584.76128,21888.0,21029.1,442787.736,21481.9,20952.0
1656288000.0,3385219.05681,1883256.63922,21560.0,20730.0,539335.009,21029.1,20500.0
1656374400.0,4015978.63801,1860741.24833,21198.0,20268.6,582916.108,20730.0,20188.0
1656460800.0,3055929.01102,2437415.29867,20430.0,20109.9,608905.99,20268.7,19817.2
1656547200.0,3840174.33705,4546604.15971,20165.0,19923.5,859981.415,20109.9,18563.0
1656633600.0,5689620.71527,3793893.63747,20926.4,19272.0,915399.363,19923.3,18948.8
1656720000.0,1552313.85388,2832816.63869,19456.0,19240.9,382851.525,19272.0,18959.0
1656806400.0,2820757.90472,1808257.82004,19645.4,19305.9,449508.331,19241.0,18780.1
1656892800.0,2689468.3108,3107542.95596,20350.0,20226.6,633310.187,19306.0,19046.3
1656979200.0,5386558.91158,5264672.31289,20749.2,20170.0,854238.867,20226.3,19291.6
1657065600.0,6381135.76398,4468235.70744,20667.6,20554.1,682076.458,20170.1,19753.0
1657152000.0,1951575.21938,6459382.89272,21830.0,21613.4,699841.616,20554.2,20244.9
1657238400.0,6537958.34195,4207001.44218,22579.9,21587.9,848144.495,21614.5,21175.2
1657324800.0,2413489.57792,1541295.47474,22000.0,21580.0,393372.366,21587.8,21309.6
1657411200.0,2826502.66154,1535364.37199,21594.2,20853.8,468176.539,21580.0,20600.0
1657497600.0,3925780.23687,3073131.21455,20853.9,19954.3,561245.987,20853.8,19870.0
1657584000.0,5886322.45581,2412909.91795,20048.9,19322.9,640560.723,19954.3,19228.3
1657670400.0,4207931.03044,7366347.55409,20401.6,20220.1,975938.165,19322.9,18901.0
1657756800.0,4154040.33867,6705931.68915,20900.0,20578.6,765989.53,20220.1,19600.0
1657843200.0,3505539.88165,4785437.37764,21200.0,20823.1,626763.692,20578.6,20364.3
1657929600.0,4377932.26146,3509306.5884,21580.0,21183.5,539206.87,20823.1,20471.0
1658016000.0,3074914.85328,2760859.91321,21674.1,20794.4,485537.728,21183.6,20742.0
1658102400.0,8009777.25601,12117307.28761,22800.0,22423.9,982867.734,20794.4,20764.4
1658188800.0,7529993.4322,9095390.23623,23817.9,23385.9,1124029.082,22423.5,21575.0
1658275200.0,9269257.98348,8231819.22606,24277.0,23221.5,946647.815,23385.9,22912.4
1658361600.0,5452901.77304,5374044.14438,23441.1,23144.5,723543.466,23221.5,22340.2
1658448000.0,4618463.63183,4067638.70001,23750.0,22675.1,633907.934,23144.5,22500.0
1658534400.0,3484170.32456,1916364.03297,22990.0,22440.2,505887.673,22675.0,21933.5
1658620800.0,3659434.60985,2876987.90045,22999.0,22570.6,462958.953,22440.1,22256.4
1658707200.0,7536015.14463,2368502.27863,22656.8,21300.0,695770.655,22570.6,21232.0
1658793600.0,4901806.60144,2918296.55077,21334.4,21241.0,552498.903,21300.0,20689.6
1658880000.0,2369935.19562,6947459.43674,23100.0,22941.1,753370.303,21241.0,21031.0
1658966400.0,5118407.85124,8517330.44192,24194.6,23836.2,756741.836,22941.1,22583.1
1659052800.0,4673125.54851,5142400.94979,24500.0,23771.1,642337.051,23836.2,23426.3
1659139200.0,2802732.4281,3412109.31075,24700.0,23629.9,493824.816,23771.0,23505.0
1659225600.0,4042816.92588,2105372.63752,24187.3,23290.1,385969.85,23630.0,23222.0
1659312000.0,4440461.10354,2804235.38686,23497.0,23257.6,498378.292,23290.1,22836.2
1659398400.0,6578953.12485,3261203.20757,23448.7,22975.1,625227.912,23257.6,22603.0
1659484800.0,4970313.88859,3679808.81052,23650.0,22801.5,569261.768,22975.1,22665.3
1659571200.0,3508598.29857,2479361.70724,23211.3,22608.9,548268.816,22801.5,22370.0
1659657600.0,2954428.53699,4087840.23168,23450.0,23298.1,593992.13,22608.9,22580.6
1659744000.0,1272002.61344,499475.23136,23341.8,22943.3,227659.394,23298.0,22883.6
1659830400.0,1086354.53386,2035621.26052,23400.0,23167.8,271512.062,22943.2,22830.9
1659916800.0,3245753.56621,3852982.40972,24243.0,23804.4,565084.219,23167.9,23153.1
1660003200.0,5367639.98117,2220299.93637,23913.4,23140.2,498286.943,23804.3,22850.0
1660089600.0,4097980.60714,4652914.32797,24235.2,23940.9,760738.204,23140.1,22608.0
1660176000.0,5633928.14092,5600187.59551,24972.0,23917.2,760455.245,23941.0,23840.6
1660262400.0,2713862.74505,3064783.27613,24438.8,24387.5,477734.045,23917.3,23560.0
1660348800.0,2849015.41619,3337011.52158,24879.0,24429.0,431093.659,24387.5,24267.5
1660435200.0,3393195.80837,3773469.82229,25065.0,24294.1,437314.32,24429.0,24138.0
1660521600.0,6647108.63377,6414776.86869,25200.0,24085.2,739390.721,24294.1,23762.0
1660608000.0,4153947.90326,1789365.78888,24234.0,23843.0,460919.994,24085.2,23650.0
1660694400.0,5034738.76762,3337289.41862,24437.0,23333.1,640600.903,23843.0,23170.0
1660780800.0,3232597.74079,1390076.86852,23595.0,23185.1,347699.006,23333.1,23101.0
1660867200.0,9872581.82065,3946701.5757,23200.0,20824.9,906609.825,23185.0,20760.0
1660953600.0,2671635.08339,2654486.35295,21368.9,21127.8,490507.042,20825.0,20742.9
1661040000.0,2186497.39216,3352872.84313,21804.6,21505.6,424282.424,21127.7,21055.0
1661126400.0,3384861.55562,2777890.39789,21550.0,21387.0,588764.597,21505.6,20858.6
1661212800.0,2103918.15698,3514647.40711,21667.2,21518.2,609745.27,21387.0,20874.8
1661299200.0,3002525.88634,4284084.97543,21925.6,21354.9,502728.198,21518.2,21132.3
1661385600.0,1879256.12962,1682304.29444,21810.9,21548.3,415757.992,21355.0,21295.3
1661472000.0,7550656.82214,2725147.85604,21867.6,20228.7,896474.356,21548.3,20100.0
1661558400.0,2275479.6009,2637271.01942,20367.7,20023.9,469598.024,20228.7,19744.0
1661644800.0,3027045.5716,1480359.38444,20155.0,19547.5,386405.195,20024.0,19508.0
1661731200.0,1470596.37231,3619176.42476,20440.0,20275.5,598076.669,19547.5,19539.4
1661817600.0,6177119.54068,3280189.05652,20574.0,19803.1,767714.993,20275.5,19524.4
1661904000.0,4107764.27635,3166920.51498,20496.0,20041.5,711639.339,19803.2,19787.9
1661990400.0,2753461.23649,2748712.46042,20198.3,20122.5,691594.721,20041.4,19555.0
1662076800.0,5262357.19984,2283624.77694,20434.3,19941.0,669047.816,20122.6,19736.0
1662163200.0,868323.34153,462966.94299,20050.0,19820.7,285240.989,19941.0,19628.7
1662249600.0,1243021.54462,1249702.75305,20022.4,19992.7,396798.184,19820.7,19570.0
1662336000.0,2795483.43048,1592427.72062,20046.7,19784.9,446706.41,19992.7,19620.2
1662422400.0,7685135.0877,3742322.05921,20174.7,18781.5,945489.142,19784.9,18600.0
1662508800.0,3728182.76184,3951405.22355,19455.0,19287.0,595636.693,18781.4,18500.0
1662595200.0,3342348.6685,3502869.24036,19450.0,19309.3,537268.644,19287.0,19003.8
1662681600.0,3064490.64522,7606172.27753,21666.0,21352.0,992497.1,19309.3,19283.0
1662768000.0,2751634.90312,4195959.05183,21825.0,21639.5,491543.206,21352.0,21112.2
1662854400.0,2183374.13419,1994163.44612,21883.4,21820.3,420979.326,21639.5,21336.0
1662940800.0,3426312.60744,5904369.30157,22474.0,22386.0,818601.932,21820.3,21540.0
1663027200.0,12092771.65999,4242027.61542,22850.0,20162.5,1218769.927,22386.0,19840.0
1663113600.0,4421243.08854,3803863.16579,20528.5,20217.0,661802.597,20162.6,19600.0
1663200000.0,5330593.23733,3089864.6085,20315.0,19690.8,665862.067,20217.0,19453.0
1663286400.0,2127497.80918,2543793.62897,19878.0,19792.5,544608.804,19690.8,19300.0
1663372800.0,1719260.28374,2403089.22072,20182.6,20102.0,334678.558,19792.4,19739.4
1663459200.0,4729847.05718,1529636.13653,20105.3,19404.5,499916.474,20102.0,19325.8
1663545600.0,5131781.03461,5472141.84957,19686.3,19528.6,993776.352,19404.5,18215.0
1663632000.0,5451282.60616,2866657.64195,19625.0,18866.8,794623.932,19528.6,18690.1
1663718400.0,6043593.04432,5637081.41718,20154.1,18447.5,1168068.979,18866.7,18084.3
1663804800.0,3753661.59066,8053808.63332,19504.8,19392.5,852898.391,18447.5,18345.2
1663891200.0,6305852.96816,5746145.06406,19492.0,19280.7,838493.746,19392.5,18518.5
1663977600.0,3645471.83608,1553733.9858,19304.5,18911.0,377158.215,19280.7,18798.0
1664064000.0,1971355.05869,1587817.50409,19196.0,18799.7,410461.603,18910.9,18621.0
1664150400.0,3789748.21992,3682018.55449,19311.5,19216.3,777807.518,18799.7,18671.0
1664236800.0,8200714.96285,5561177.83326,20375.0,19070.1,1300566.158,19216.3,18801.5
1664323200.0,6741263.97937,6501757.49043,19787.6,19407.3,1141222.772,19070.1,18460.0
1664409600.0,5028098.62028,4508940.02148,19648.8,19582.5,991678.224,19407.4,18827.2
1664496000.0,4881624.47299,3482192.17555,20172.7,19411.7,1071462.934,19582.5,19066.0
1664582400.0,814490.41781,391806.01795,19474.0,19304.0,294457.009,19411.6,19140.0
1664668800.0,2183214.73349,1662137.68249,19389.0,19049.4,414970.451,19304.0,18896.0
1664755200.0,1433716.7074,4543449.95269,19723.7,19622.0,621816.329,19049.3,18950.8
1664841600.0,3905081.75615,3819094.99958,20500.0,20333.0,796678.762,19621.9,19480.1
1664928000.0,2902386.04331,2870401.46288,20356.1,20150.0,719577.149,20332.9,19707.0
1665014400.0,2320801.51071,2385953.99725,20443.9,19954.0,782034.669,20149.9,19843.3
1665100800.0,3765416.85538,1652597.56011,20067.0,19520.9,673407.102,19954.0,19304.4
1665187200.0,1092121.99315,717343.89,19619.6,19406.2,253257.201,19520.9,19200.0
1665273600.0,350360.63867,464217.68444,19550.0,19430.0,267178.795,19406.3,19310.0
1665360000.0,3911406.53654,1639816.40792,19513.0,19124.0,560920.904,19430.0,19000.0
1665446400.0,3018703.38915,1674131.90483,19260.0,19055.0,603358.324,19124.1,18850.0
1665532800.0,321284.74031,1140405.58026,19240.0,19148.0,406770.288,19055.0,18924.3
1665619200.0,4777741.97559,4313166.96382,19498.6,19365.5,1104615.001,19148.1,17917.8
1665705600.0,4387939.50067,3489570.35771,19947.9,19164.6,861453.21,19365.4,19059.6
1665792000.0,706032.05509,507730.4449,19218.8,19060.4,241520.185,19164.6,18966.0
1665878400.0,1151489.59146,1222454.6244,19415.9,19251.9,267921.192,19060.4,19058.0
1665964800.0,905462.91767,1452910.32899,19666.0,19540.6,502319.759,19251.8,19148.0
1666051200.0,2752564.66202,2184027.88657,19706.4,19320.9,634343.154,19540.7,19081.0
1666137600.0,1988656.10445,706093.51212,19349.8,19116.7,404370.458,19320.9,19050.0
1666224000.0,2725084.39868,1693525.98843,19350.0,19034.7,537627.048,19116.6,18882.4
1666310400.0,1809686.36805,2220971.54906,19240.0,19150.9,581878.905,19034.8,18600.0
1666396800.0,525815.99086,434783.65024,19250.0,19195.1,174055.042,19151.0,19103.5
1666483200.0,554609.4441,3354015.69386,19690.0,19560.7,358611.542,19195.1,19050.0
1666569600.0,1281494.17399,2307385.01922,19593.3,19318.1,476676.536,19560.6,19146.0
1666656000.0,2215670.19912,5565981.25593,20415.0,20068.3,777306.534,19318.1,19228.0
1666742400.0,3403975.54234,3072679.7697,21030.0,20758.3,841864.982,20068.3,20041.1
1666828800.0,3483552.57489,2574883.71335,20863.7,20285.5,614910.045,20758.4,20170.0
1666915200.0,3225887.14641,2358018.15107,20740.0,20582.8,595538.882,20285.6,19951.0
1667001600.0,2625002.17243,6040366.83234,21088.0,20796.7,482217.17,20582.7,20547.8
1667088000.0,2019518.16835,1742802.86668,20925.2,20615.6,295389.69,20796.7,20503.0
1667174400.0,2422047.36596,2284752.16021,20838.7,20482.0,478797.266,20615.5,20225.4
1667260800.0,1181542.60447,1136230.91718,20687.0,20472.1,314676.187,20482.1,20320.0
1667347200.0,4005836.06049,2441103.66026,20796.0,20140.1,651535.761,20472.1,20050.0
1667433600.0,3579205.61959,1449728.30537,20400.0,20199.7,372121.061,20140.2,20026.0
1667520000.0,2302912.19622,6323055.29409,21297.0,21137.6,824515.215,20199.8,20171.6
1667606400.0,1133567.18686,2145311.03854,21473.7,21289.9,303983.372,21137.6,21071.1
1667692800.0,4082242.68591,464833.3508,21355.8,20900.0,277148.646,21289.8,20863.3
1667779200.0,6113353.39777,1167300.16551,21062.6,20578.6,554408.316,20900.0,20374.0
1667865600.0,25213372.4477,12083214.71634,20685.0,18534.0,2046476.313,20578.5,16830.0
1667952000.0,23042526.70896,12366323.42691,18574.9,15905.0,2065606.412,18533.9,15462.6
1668038400.0,9869855.21331,18187865.62908,18230.0,17588.0,1497093.602,15905.0,15730.0
1668124800.0,6083563.35847,6942427.33934,17678.0,17058.3,955344.602,17588.0,16343.0
1668211200.0,2433805.12291,1054268.90043,17110.8,16806.9,304455.717,17058.4,16623.8
1668297600.0,2654677.9101,1386672.1917,16950.0,16321.2,349742.836,16806.9,16210.3
1668384000.0,5981639.00132,4781242.92541,17188.0,16605.2,934392.484,16321.3,15805.5
1668470400.0,3669763.64331,2978901.41054,17127.2,16888.3,649349.458,16605.3,16516.7
1668556800.0,2556621.69492,1971301.00235,17007.4,16650.6,537241.645,16888.3,16358.0
1668643200.0,2383951.8829,1442601.85351,16741.7,16682.1,408989.285,16650.7,16403.3
1668729600.0,1396244.7746,1148888.2348,16984.4,16689.7,388612.842,16682.1,16541.1
1668816000.0,772662.55629,578759.14516,16814.5,16692.9,171822.915,16689.7,16543.8
1668902400.0,2237016.13866,856921.7043,16743.9,16272.6,327599.214,16693.0,16167.1
1668988800.0,3281419.04235,3856189.09745,16304.3,15773.0,790219.365,16272.7,15443.2
1669075200.0,2216794.95935,2787824.36094,16309.0,16220.6,579333.644,15772.9,15610.3
1669161600.0,2466925.53506,3195303.67586,16703.4,16595.8,546714.91,16220.5,16155.5
1669248000.0,1348089.66288,1104818.17348,16800.0,16592.4,351024.418,16595.8,16450.0
1669334400.0,1189948.87046,741295.9577,16639.9,16516.1,306560.116,16592.5,16331.7
1669420800.0,795086.56562,727912.20751,16699.1,16449.2,253401.659,16516.2,16369.1
1669507200.0,490964.65027,659198.39564,16594.2,16422.6,189370.345,16449.2,16396.0
1669593600.0,3757964.12739,2513260.98791,16475.0,16204.5,497137.869,16422.5,15984.1
1669680000.0,645079.70959,1842844.99821,16543.0,16433.2,391410.854,16204.6,16088.0
1669766400.0,1549817.62567,3170602.80828,17248.3,17153.3,620324.95,16433.3,16421.5
1669852800.0,1406188.80585,627063.00357,17348.5,16970.5,411051.309,17153.4,16851.2
1669939200.0,1166724.51406,1731087.59996,17096.3,17083.0,335039.215,16970.5,16760.0
1670025600.0,1313083.55227,169072.49784,17160.0,16879.5,185257.242,17083.0,16850.1
1670112000.0,493315.96107,1166132.28497,17206.2,17099.5,292090.868,16879.5,16874.1
1670198400.0,1637486.41169,1663916.70224,17430.0,16958.3,519961.39,17099.5,16860.6
1670284800.0,1088867.10028,791935.54907,17100.0,17078.6,321330.613,16958.2,16899.9
1670371200.0,1182605.29634,493978.12731,17130.0,16828.0,337778.925,17078.7,16655.0
1670457600.0,1034338.80721,1555876.8756,17294.9,17216.0,402157.335,16828.0,16710.4
1670544000.0,441455.09621,527407.68015,17365.4,17122.0,290231.183,17216.0,17052.0
1670630400.0,182523.1147,66224.53102,17228.6,17120.0,141895.207,17122.0,17081.0
1670716800.0,1172963.34199,260403.26592,17265.0,17077.3,171004.111,17120.1,17060.0
1670803200.0,1378541.97329,1767108.43003,17237.9,17200.0,335856.258,17077.3,16865.0
1670889600.0,1908809.28398,9111020.28616,18100.0,17777.1,596851.291,17200.0,17076.0
1670976000.0,1779456.06896,2741456.18521,18400.0,17803.9,627511.699,17777.1,17659.4
1671062400.0,2044716.1101,527502.13743,17849.5,17351.8,437284.037,17804.0,17258.0
1671148800.0,4751535.92574,1195155.44223,17528.0,16624.1,622150.245,17351.9,16521.1
1671235200.0,595256.85456,1488036.79581,16790.0,16768.0,248465.273,16624.1,16571.8
1671321600.0,672749.81957,1038545.06484,16872.0,16730.3,185898.213,16768.1,16656.0
1671408000.0,2551811.69602,513153.50605,16809.6,16429.2,344728.552,16730.4,16210.0
1671494400.0,808660.68769,1972946.31011,17049.6,16887.2,476171.098,16429.2,16390.3
1671580800.0,981827.35476,189855.32429,16924.2,16819.6,227752.335,16887.3,16694.2
1671667200.0,760378.92251,689976.52111,16861.9,16815.5,306610.961,16819.7,16556.1
1671753600.0,647985.46515,727497.8779,16960.0,16776.4,264553.42,16815.5,16690.0
1671840000.0,285.94728,60877.2208,16859.9,16828.9,82410.79,16776.3,16774.4
1671926400.0,225796.17406,355673.47388,16850.0,16824.4,144075.843,16829.0,16700.0
1672012800.0,200813.5314,765261.48128,16936.8,16912.9,148128.699,16824.5,16781.1
1672099200.0,731142.02049,504796.50925,16968.0,16698.2,262828.564,16912.8,16580.0
1672185600.0,1611614.00324,616319.23225,16778.3,16539.0,344649.858,16698.2,16455.6
1672272000.0,1751132.13522,456136.68221,16659.0,16630.3,208591.531,16538.9,16485.1
1672358400.0,614228.23195,603009.03066,16666.6,16601.2,295630.49,16630.3,16320.0
1672444800.0,412195.70506,372011.7605,16640.0,16537.6,134462.156,16601.2,16461.8
1672531200.0,43312.23488,274726.3593,16618.8,16610.3,105502.965,16537.5,16488.0
1672617600.0,364504.39332,1462672.2698,16799.0,16666.0,215161.176,16610.4,16541.2
1672704000.0,656198.0279,372521.02364,16774.0,16667.2,203070.205,16665.9,16600.3
1672790400.0,596147.39754,2571795.00107,16984.6,16842.1,349747.838,16667.3,16645.7
1672876800.0,111107.79987,414768.56399,16872.8,16823.8,176369.347,16842.2,16740.4
1672963200.0,849226.92083,2272051.24297,17030.0,16943.8,316973.629,16823.8,16664.8
1673049600.0,23001.46513,107725.83115,16973.6,16936.5,77973.105,16943.9,16900.1
1673136000.0,690489.56443,2346049.58037,17181.1,17124.7,157717.318,16936.5,16905.0
1673222400.0,1536813.13605,4808273.19338,17387.8,17169.7,400277.809,17124.6,17098.2
1673308800.0,327594.9889,2313085.1066,17485.4,17428.8,297320.371,17169.6,17140.4
1673395200.0,692666.76203,4043010.39668,18013.2,17935.7,386277.106,17428.8,17306.4
1673481600.0,4395496.13973,6354721.25287,19120.0,18838.0,1040334.76,17935.6,17902.4
1673568000.0,2508252.17748,7963705.12518,19997.8,19924.2,806807.832,18838.1,18711.0
1673654400.0,6499734.14621,15136990.24432,21544.0,20962.8,1010666.683,19924.3,19882.6
1673740800.0,2425891.61923,2406604.62812,21073.8,20882.7,428486.559,20962.8,20556.0
1673827200.0,3137605.91716,3795771.8693,21498.0,21188.3,666148.201,20882.7,20606.6
1673913600.0,3871942.94507,2989862.98246,21640.0,21130.9,547390.593,21188.2,20827.8
1674000000.0,5198078.28313,4551322.09579,21672.0,20680.0,813785.517,21130.8,20386.0
1674086400.0,1269079.7714,3171757.54131,21183.9,21068.3,374733.617,20680.1,20659.9
1674172800.0,1701642.38043,7025551.51967,22750.0,22661.1,723645.2,21068.3,20856.4
1674259200.0,3429666.3712,5091275.84974,23390.0,22781.9,764681.1,22661.0,22422.0
1674345600.0,2430503.75281,4157830.37603,23080.2,22704.6,482529.811,22781.8,22287.0
1674432000.0,1688679.15173,4800623.74291,23193.1,22913.1,525802.84,22704.7,22500.0
1674518400.0,4789767.40313,2290938.3865,23158.7,22627.4,505615.816,22913.3,22450.0
1674604800.0,3187215.25101,8087890.029,23837.4,23060.6,692786.607,22627.5,22310.5
1674691200.0,1922839.25714,2412493.78642,23278.7,23001.9,427760.786,23060.6,22843.8
1674777600.0,2714945.32665,3338339.7184,23500.0,23068.0,509920.307,23001.9,22516.6
1674864000.0,1058879.74248,436170.88682,23185.0,23015.9,186400.943,23068.1,22870.8
1674950400.0,1183863.46055,6231388.19359,23962.7,23740.3,562028.231,23016.0,22961.5
1675036800.0,5062912.56913,2442000.85852,23804.6,22819.9,572537.407,23740.2,22484.2
1675123200.0,1827199.88735,2350455.60026,23330.0,23119.4,403726.966,22819.9,22715.3
1675209600.0,2125001.27718,3883950.57033,23852.4,23730.0,571429.711,23119.5,22747.0
1675296000.0,4545051.958,3603684.2094,24281.4,23493.1,615740.338,23730.1,23365.0
1675382400.0,2050336.01544,2185636.91783,23719.9,23424.7,470831.438,23493.0,23201.0
1675468800.0,1160537.092,945667.89549,23591.4,23322.6,197118.393,23424.7,23250.0
1675555200.0,2438633.83911,1136958.1598,23436.0,22929.2,356665.034,23322.6,22741.0
1675641600.0,2699808.84717,1936433.13104,23159.4,22757.7,417160.143,22929.3,22600.0
1675728000.0,1477923.02453,2916359.73828,23368.6,23234.1,447273.494,22757.8,22742.4
1675814400.0,3299310.33513,1642767.85299,23450.0,22955.9,383465.481,23234.1,22662.9
1675900800.0,8654293.87521,2578421.72965,23007.8,21793.4,732295.35,22955.9,21684.7
1675987200.0,1684295.26109,2835235.76842,21933.8,21618.6,439986.497,21793.3,21405.0
1676073600.0,149140.62715,681044.91693,21891.9,21851.3,189249.667,21618.6,21594.4
1676160000.0,1529733.19488,923799.26039,22080.9,21771.1,276787.093,21851.2,21618.0
1676246400.0,8130027.3812,3542152.04952,21888.0,21766.2,511595.693,21771.0,21338.0
1676332800.0,2714705.09671,4005031.93831,22320.0,22187.4,598791.509,21766.1,21485.2
1676419200.0,1900982.8034,7125882.95173,24420.0,24332.6,824676.471,22187.4,22038.5
1676505600.0,8543615.39449,6181389.83043,25290.0,23526.6,959463.159,24332.7,23518.0
1676592000.0,6297843.34758,9392598.28666,25043.2,24581.5,922717.148,23526.6,23350.0
1676678400.0,1281379.63384,1711835.93493,24887.5,24636.9,261555.556,24581.3,24430.6
1676764800.0,2605669.20214,5165153.42803,25200.0,24265.9,543506.628,24636.8,24179.4
1676851200.0,4406296.01339,4012007.68417,25140.0,24849.9,646401.072,24265.9,23827.0
1676937600.0,6597558.56377,6011681.00317,25347.6,24443.4,729290.575,24849.9,24150.0
1677024000.0,7705467.98258,4536648.09112,24468.5,24171.3,730414.101,24443.3,23572.0
1677110400.0,5671416.63443,4792370.04112,24588.0,23928.8,751339.414,24171.3,23590.0
1677196800.0,6611162.59671,3326265.16866,24138.6,23175.6,731577.942,23928.7,22800.0
1677283200.0,3721094.60101,1266289.50851,23210.5,23146.2,310795.648,23175.5,22700.0
1677369600.0,1695805.33994,2758025.58344,23675.0,23545.3,371395.056,23146.2,23050.0
1677456000.0,3903667.60777,2421140.63145,23888.0,23480.0,576754.966,23545.2,23088.0
1677542400.0,4295775.28978,1689317.90955,23592.8,23129.6,456919.838,23480.0,23010.0
1677628800.0,6193339.75912,4084032.8128,24022.7,23619.8,617250.311,23129.7,23008.4
1677715200.0,2725307.2129,1800734.95532,23790.5,23457.1,419256.601,23619.8,23183.0
1677801600.0,5334097.2142,2497797.40443,23468.5,22342.8,608518.137,23457.1,21883.2
1677888000.0,1856076.89009,525680.72683,22400.0,22335.7,175309.211,22342.8,22147.5
1677974400.0,928819.66865,1380756.04244,22650.0,22419.4,282261.745,22335.8,22174.9
1678060800.0,2642541.94352,470519.70963,22594.5,22397.1,298976.397,22419.3,22240.1
1678147200.0,2631063.69333,1667967.6934,22550.0,22187.1,548494.099,22397.1,21908.0
1678233600.0,3864176.89213,1459937.97602,22276.4,21695.4,547867.967,22187.1,21540.5
1678320000.0,7502481.74577,2540067.96383,21823.0,20348.3,951903.36,21695.3,20003.5
1678406400.0,8880671.75717,6504053.73732,20351.8,20140.3,1238135.265,20348.4,19521.6
1678492800.0,5422799.59589,7243704.19725,20674.5,20447.3,753479.558,20140.3,19752.5
1678579200.0,3088089.9212,6200024.26086,22184.0,21986.2,881522.402,20447.3,20262.2
1678665600.0,8661674.04641,9362353.13427,24517.2,24119.5,1534982.176,21986.2,21804.0
1678752000.0,12673022.93073,10241572.87348,26489.9,24682.5,1572562.635,24119.5,23951.0
1678838400.0,9208288.1181,8970962.44354,25200.0,24288.0,1102056.429,24682.5,23888.0
1678924800.0,3136763.35132,4582088.06702,25167.9,24990.4,735446.946,24287.9,24120.5
1679011200.0,6255297.98395,10229447.16837,27763.4,27384.0,1341159.064,24990.5,24875.3
1679097600.0,7543879.57668,5098635.68887,27726.4,26907.0,740232.316,27383.9,26555.5
1679184000.0,3162929.86112,4982700.78378,28397.0,27955.7,759367.078,26907.0,26815.9
1679270400.0,7203485.69386,5411787.55591,28483.2,27704.1,937223.448,27955.8,27120.6
1679356800.0,3900909.43595,5398642.26122,28460.0,28091.1,685487.714,27704.1,27288.0
1679443200.0,6214540.65274,5565569.34511,28881.0,27233.8,1080393.27,28091.1,26590.0
1679529600.0,5503528.47827,6087434.81552,28777.0,28284.1,808174.047,27233.8,27101.0
1679616000.0,5880500.67264,2892476.35726,28369.1,27438.9,696075.37,28284.0,26960.0
1679702400.0,2582882.94028,1352882.75835,27788.0,27447.3,335674.055,27439.0,27131.8
1679788800.0,996460.05341,2064223.13303,28186.9,27954.3,399756.985,27447.2,27400.0
1679875200.0,5448167.6963,2140040.38089,28019.4,27112.0,642434.822,27954.3,26480.0
1679961600.0,3205544.64148,4205029.24324,27500.0,27249.7,585080.772,27112.0,26610.0
1680048000.0,1772266.76431,4795465.31821,28649.9,28338.5,655852.971,27249.7,27223.6
1680134400.0,4061614.23442,4238259.37714,29184.8,28015.0,770966.1,28338.6,27654.1
1680220800.0,2302168.95052,3407641.38366,28675.3,28454.9,611557.29,28015.0,27500.0
1680307200.0,1131435.22152,1057345.14993,28845.3,28443.8,256487.222,28454.8,28180.0
1680393600.0,2206935.59474,1773720.48526,28516.5,28161.2,316658.67,28443.7,27820.0
1680480000.0,4894731.39805,5238199.20503,28540.0,27786.1,741665.563,28161.3,27166.0
1680566400.0,2348602.22101,1973369.63376,28450.0,28155.2,432370.612,27786.1,27650.2
1680652800.0,2828851.75931,3106371.6429,28800.0,28154.0,543712.838,28155.1,27775.0
1680739200.0,2454631.45386,1278478.68049,28175.0,28022.8,355916.782,28154.0,27684.2
1680825600.0,773707.10161,456877.0958,28096.0,27890.7,219250.178,28022.9,27755.0
1680912000.0,718263.96829,421674.25949,28153.6,27924.9,159129.56,27890.7,27850.1
1680998400.0,770785.89662,1754866.03103,28539.1,28309.4,305861.88,27924.9,27762.8
1681084800.0,1785693.59203,6887615.97784,29840.0,29623.1,580061.925,28309.4,28153.6
1681171200.0,4007022.93873,6179018.82985,30564.0,30185.1,628978.491,29623.1,29573.9
1681257600.0,3327975.71728,3255266.86214,30480.0,29875.0,563668.43,30185.1,29620.0
1681344000.0,1335804.79525,2648950.85572,30648.9,30362.7,436182.494,29874.9,29836.7
1681430400.0,5547897.15068,5800869.61446,31059.0,30453.1,615391.615,30362.7,29925.0
1681516800.0,606669.0372,466797.28058,30599.9,30280.4,180234.082,30453.0,30186.0
1681603200.0,1066394.82501,4398959.90718,30560.0,30286.6,210226.019,30280.4,30102.0
1681689600.0,4412590.15262,1053537.283,30307.4,29420.0,455518.548,30286.6,29219.9
1681776000.0,4989776.94948,8014333.21106,30480.0,30365.8,533189.27,29420.1,29078.1
1681862400.0,6130620.40813,2002147.02634,30410.0,28795.1,643866.11,30365.8,28557.3
1681948800.0,5199100.25614,3245314.76963,29078.0,28229.9,639179.286,28795.0,27983.0
1682035200.0,5769565.18719,3065172.92093,28368.9,27252.5,687832.833,28229.9,27100.0
1682121600.0,1001822.50533,1779011.85219,27888.0,27807.2,345549.021,27252.6,27126.0
1682208000.0,1862696.4557,1382350.35829,27807.3,27576.0,332082.355,27807.2,27279.7
1682294400.0,3910003.22561,6377349.81103,28000.0,27497.5,581268.268,27575.9,26919.3
1682380800.0,1357484.92531,3904047.90751,28379.9,28286.7,508254.515,27497.4,27176.6
1682467200.0,10233478.44633,9935709.62162,30048.2,28395.9,1284924.668,28286.7,27200.0
1682553600.0,4525948.90943,7722710.77496,29898.0,29459.0,952584.739,28396.0,28365.3
1682640000.0,1601921.47033,2268933.69916,29591.1,29300.0,508350.155,29459.0,28870.0
1682726400.0,486961.49309,786126.96515,29443.9,29212.7,218013.244,29300.0,29000.4
1682812800.0,2207764.33481,5157198.40621,29950.0,29223.0,417798.846,29212.7,29067.4
1682899200.0,9868385.89189,2388405.48922,29325.5,28054.4,624974.488,29223.0,27650.0
1682985600.0,1678865.13281,3100314.3137,28888.0,28656.5,513546.269,28054.5,27854.0
1683072000.0,3088836.52875,3869179.28758,29258.4,29018.4,676466.23,28656.4,28080.0
1683158400.0,1559411.42187,1303804.3163,29380.0,28826.0,426425.584,29018.4,28660.0
1683244800.0,1753903.5121,6767258.22834,29693.0,29491.5,578485.177,28826.0,28618.3
1683331200.0,4204628.08197,2150367.16467,29840.0,28837.8,475628.901,29491.5,28333.0
1683417600.0,1829780.2846,1373832.40196,29137.0,28419.4,308410.643,28837.9,28370.0
1683504000.0,8055017.001,2967917.53569,28624.6,27659.8,658188.777,28419.5,27250.0
1683590400.0,2039129.89263,1818165.04679,27815.6,27610.2,367664.686,27659.8,27316.8
1683676800.0,6049692.72874,10045897.87648,28297.0,27582.9,722502.676,27610.2,26666.6
1683763200.0,4551594.85367,1824954.05923,27630.0,26956.4,538822.363,27583.0,26688.8
1683849600.0,3709972.25028,3877927.43951,27090.0,26785.1,615645.508,26956.4,25751.0
1683936000.0,1091114.23671,715828.47657,27051.5,26762.7,242694.929,26785.2,26674.9
1684022400.0,837969.06479,1202662.74443,27200.0,26901.9,247579.427,26762.8,26557.0
1684108800.0,1599005.06792,2327214.29728,27650.0,27152.5,450263.076,26901.9,26694.4
1684195200.0,1467449.58412,1431226.06494,27284.7,27024.8,373172.951,27152.5,26832.0
1684281600.0,2011552.60642,4530098.60957,27500.0,27395.8,490065.218,27024.7,26527.5
1684368000.0,3847602.47443,2366305.00808,27482.7,26809.3,544971.979,27395.7,26335.3
1684454400.0,2236716.55747,1295175.05888,27180.0,26870.1,324097.956,26809.4,26611.2
1684540800.0,208566.35041,509004.99889,27144.4,27089.5,137515.354,26870.1,26813.5
1684627200.0,1222865.96555,226739.70442,27288.0,26732.8,238776.425,27089.6,26642.0
1684713600.0,1847147.62618,1589536.66026,27097.8,26840.2,328030.52,26732.8,26500.0
1684800000.0,1114267.21003,2134355.63836,27527.5,27209.9,369176.618,26840.2,26782.6
1684886400.0,4667067.34248,2301798.97672,27212.9,26313.8,535191.677,27209.9,26060.0
1684972800.0,4082764.86535,1776969.59834,26644.0,26461.8,394535.225,26313.9,25850.0
1685059200.0,1081841.71802,1720181.32769,26925.0,26689.9,324475.546,26461.7,26313.9
1685145600.0,492789.71647,717649.08119,26890.0,26841.6,163681.935,26689.8,26528.6
1685232000.0,682897.36804,4497772.81411,28252.8,28055.7,440115.394,26841.6,26746.0
1685318400.0,3395877.6425,3293564.29161,28442.0,27722.0,411290.549,28055.8,27513.5
1685404800.0,2165641.17602,1770645.90816,28038.6,27680.1,334379.313,27722.1,27530.0
1685491200.0,3128851.20337,1937151.38259,27825.0,27201.1,471381.89,27680.0,26826.0
1685577600.0,2532607.62451,1220139.42917,27347.9,26805.3,404787.572,27201.1,26600.0
1685664000.0,1133751.5334,2483711.57644,27290.0,27227.8,391110.093,26805.3,26477.6
1685750400.0,862926.82432,302649.22276,27340.2,27054.9,182464.1,27227.8,26900.0
1685836800.0,597622.29081,827097.48991,27460.0,27102.4,218271.544,27054.9,26935.3
1685923200.0,12523263.27657,2291418.56654,27125.0,25714.7,700502.548,27102.4,25360.1
1686009600.0,2106893.94318,6098563.7617,27358.1,27221.5,731445.649,25714.6,25321.6
1686096000.0,7730729.25748,3833225.33747,27394.4,26325.9,660044.537,27221.5,26111.0
1686182400.0,1819422.00269,1328121.46438,26800.0,26485.9,333104.839,26325.9,26195.4
1686268800.0,1076791.22781,1747611.95413,26775.0,26468.1,283719.198,26486.0,26236.0
1686355200.0,7141637.46577,9568612.07599,26525.0,25826.6,608917.569,26468.2,25300.0
1686441600.0,1378800.68603,1456032.36399,26199.0,25909.9,279365.563,25826.6,25621.3
1686528000.0,1278385.98469,1429425.52105,26097.7,25894.8,298900.468,25910.0,25600.0
1686614400.0,2476516.67409,1719797.09667,26430.5,25918.0,434536.754,25894.8,25708.0
1686700800.0,2022670.63401,1560661.69149,26099.3,25115.9,464681.602,25918.0,24796.8
1686787200.0,2342276.89494,2325478.23408,25750.0,25586.1,473971.375,25115.9,24777.0
1686873600.0,1384071.48794,3534802.22462,26526.9,26336.0,533144.956,25586.0,25142.1
1686960000.0,680350.31285,920673.62494,26900.0,26508.9,305738.396,26335.9,26170.8
1687046400.0,854070.56632,479425.35466,26709.4,26329.7,241977.484,26508.8,26230.9
1687132800.0,3728529.96121,1717188.21805,27077.0,26828.5,400533.758,26329.6,26241.2
1687219200.0,6302010.80554,4609903.95257,28397.8,28290.6,758176.297,26828.6,26633.9
1687305600.0,4200868.83304,11832267.63612,30822.0,29988.5,1123474.427,28290.7,28236.4
1687392000.0,2969070.3752,2908558.16314,30488.0,29875.0,561051.742,29988.5,29500.1
1687478400.0,2801849.89393,6062638.84587,31500.0,30673.4,699073.071,29875.0,29792.0
1687564800.0,1651798.29734,6524871.65073,30796.5,30524.2,279539.288,30673.5,30222.0
1687651200.0,2532922.79187,3301210.60155,31053.2,30458.0,301533.154,30524.2,30252.6
1687737600.0,3422255.93818,2891210.68044,30667.3,30260.1,415099.356,30458.0,29890.1
1687824000.0,1423487.01684,2816529.68244,30998.5,30683.2,406073.348,30260.1,30213.0
1687910400.0,4182393.42728,1689317.451,30701.8,30066.3,416656.434,30683.2,29804.6
1687996800.0,1039665.45255,3339157.41642,30837.0,30439.9,382072.846,30066.3,30036.1
1688083200.0,4276573.42412,6633454.47285,31300.0,30460.2,809331.305,30439.9,29500.0
1688169600.0,371665.77285,525314.57021,30668.2,30573.6,135520.246,30460.2,30311.3
1688256000.0,1128219.37223,1594271.496,30800.0,30612.7,231866.188,30573.6,30149.9
1688342400.0,1047742.66329,2504578.93938,31395.2,31149.0,370293.236,30612.7,30559.4
1688428800.0,1989713.76394,625388.4457,31319.4,30756.1,300832.26,31149.0,30600.0
1688515200.0,2281366.80067,1228372.0837,30875.2,30488.4,294896.578,30756.1,30175.8
1688601600.0,5929562.78089,3556863.70416,31568.0,29874.4,721267.219,30488.4,29818.0
1688688000.0,1251523.56871,1334166.50541,30443.6,30327.9,337801.654,29874.3,29680.0
1688774400.0,1095593.60194,325682.83813,30380.0,30269.3,138734.493,30328.0,30026.8
1688860800.0,809878.19085,568402.84266,30443.4,30147.8,162296.263,30269.2,30042.0
1688947200.0,1982464.38157,3470143.11858,31040.0,30396.9,429115.537,30147.8,29928.8
1689033600.0,987417.27727,2107404.75306,30804.9,30608.4,298904.747,30396.9,30261.4
1689120000.0,2082687.3552,1013355.35305,30980.5,30368.9,425058.257,30608.3,30186.0
1689206400.0,3466501.12446,8747273.89028,31850.0,31441.7,696023.51,30368.9,30233.0
1689292800.0,5384918.97704,1947860.34242,31640.0,30293.3,538692.246,31441.6,29876.6
1689379200.0,381375.8046,239153.24152,30380.0,30276.4,111622.474,30293.3,30220.2
1689465600.0,1167739.79901,820807.26587,30441.6,30216.8,173805.94,30276.5,30050.0
1689552000.0,6264920.92499,1953610.74203,30329.7,30126.1,344113.427,30216.9,29630.0
1689638400.0,2226067.57491,1343385.14625,30227.5,29845.6,337396.417,30126.0,29400.0
1689724800.0,1672965.3078,1501785.16768,30178.5,29895.5,298418.854,29845.7,29745.0
1689811200.0,2034905.17413,1775553.67709,30420.0,29791.0,410263.764,29895.5,29468.8
1689897600.0,701884.23565,897674.69685,30056.2,29891.4,221145.074,29791.0,29705.9
1689984000.0,757697.59218,264552.96227,29986.0,29783.5,143375.956,29891.5,29602.2
1690070400.0,1818793.00573,1677356.34254,30368.2,30070.8,224713.846,29783.5,29718.9
1690156800.0,2856952.53545,1370304.08334,30091.7,29163.8,434182.417,30070.9,28830.0
1690243200.0,572430.15565,785590.24185,29379.5,29216.3,196438.618,29163.8,29033.0
1690329600.0,1741369.89569,1664788.29377,29670.5,29336.0,318527.582,29216.2,29083.0
1690416000.0,1441586.64254,324960.47412,29558.4,29209.7,223376.534,29336.0,29065.5
1690502400.0,779786.22042,1004458.49966,29535.7,29299.9,221299.867,29209.8,29112.8
1690588800.0,137091.34519,231287.58749,29397.9,29339.1,87100.719,29300.0,29237.5
1690675200.0,1222271.87903,615667.0086,29442.5,29271.1,169901.253,29339.1,29006.0
1690761600.0,1028381.62523,722366.67304,29525.8,29220.8,230381.722,29271.2,29100.0
1690848000.0,1631787.41337,5754820.76289,29735.0,29701.2,442328.643,29220.8,28550.0
1690934400.0,3401764.70589,2594245.16758,30059.9,29170.1,491725.492,29701.2,28906.3
1691020800.0,1193998.19762,1496470.08794,29440.0,29180.2,251967.942,29170.2,28955.4
1691107200.0,1621232.93252,480342.55315,29323.8,29101.1,229395.673,29180.1,28780.0
1691193600.0,594044.3518,258277.42293,29145.0,29057.7,82508.624,29101.1,28960.0
1691280000.0,420383.97908,446301.43934,29199.0,29075.9,103094.44,29057.7,28978.5
1691366400.0,2615507.30008,1670770.87722,29274.5,29202.7,297752.439,29075.9,28682.3
1691452800.0,1083620.06301,7129882.14859,30250.0,29759.0,459269.801,29202.7,29132.4
1691539200.0,2164852.89952,1100605.88198,30149.7,29572.8,362009.701,29758.9,29362.0
1691625600.0,871201.63837,519865.18257,29729.8,29443.7,234546.038,29572.9,29303.7
1691712000.0,583759.41818,291407.8434,29565.1,29415.5,179044.008,29443.7,29220.0
1691798400.0,50466.45624,324473.00935,29470.0,29420.7,56238.035,29415.5,29360.0
1691884800.0,1173083.22846,348034.97345,29463.0,29293.3,84190.505,29420.8,29256.6
1691971200.0,3507287.23682,1523951.80765,29686.7,29419.5,295035.383,29293.3,29070.0
1692057600.0,1916672.46547,400285.1817,29492.1,29188.8,191289.959,29419.5,29050.0
1692144000.0,3265260.87201,421656.16261,29257.4,28714.4,272023.138,29188.9,28705.1
1692230400.0,20790432.97214,6900748.07482,28775.9,26609.7,868508.22,28714.4,24581.0
1692316800.0,5005878.45881,3545350.64618,26818.0,26042.1,522375.316,26609.7,25600.0
1692403200.0,1585750.46424,1251050.73789,26269.4,26088.3,202219.153,26042.0,25783.4
1692489600.0,632847.74753,589642.33562,26285.0,26175.9,141089.85,26088.4,25948.5
1692576000.0,2660643.8203,1029363.91863,26280.0,26115.4,232505.265,26175.9,25800.0
1692662400.0,2106570.42464,1380885.69937,26128.2,26044.4,313113.576,26115.4,25280.0
1692748800.0,2815841.66584,7100094.92539,26806.0,26419.2,412969.028,26044.5,25800.0
1692835200.0,2287069.56915,706975.57384,26568.3,26164.6,286753.337,26419.2,25835.0
1692921600.0,2651504.75681,1208248.74878,26300.0,26051.7,274830.494,26164.6,25754.4
1693008000.0,31516.7749,114338.48922,26129.4,26004.3,63925.862,26051.7,25969.0
1693094400.0,223548.10524,531495.74372,26173.6,26087.7,86505.398,26004.3,25955.6
1693180800.0,987024.03724,1186605.26058,26244.6,26106.5,219992.051,26087.6,25850.4
1693267200.0,3928636.97427,5388618.73094,28168.0,27700.1,700233.946,26106.5,25905.2
1693353600.0,2052984.77496,909244.12631,27758.2,27290.4,315313.916,27700.1,26950.0
1693440000.0,3747431.82888,1243771.11042,27674.3,25928.0,502906.277,27290.4,25617.8
1693526400.0,3115190.84605,2385305.42441,26151.6,25795.6,361184.924,25928.0,25312.0
1693612800.0,657051.9699,495960.88095,25975.0,25855.8,107642.864,25795.6,25740.6
1693699200.0,431639.67455,570331.58068,26135.2,25962.1,133016.832,25855.8,25777.0
1693785600.0,1289025.92783,803731.07991,26099.3,25814.0,173147.873,25962.1,25610.0
1693872000.0,1092249.74982,859993.9882,25900.0,25779.7,186639.945,25814.0,25531.2
1693958400.0,1890471.96952,1277444.77284,26052.0,25747.4,251122.66,25779.7,25326.0
1694044800.0,683056.53074,2116562.32724,26451.0,26240.7,257349.902,25747.4,25602.3
1694131200.0,1221008.21387,787605.96187,26437.5,25899.8,249269.761,26240.7,25630.0
1694217600.0,39274.7177,46140.2907,25940.6,25892.6,67909.81,25899.9,25781.5
1694304000.0,3931266.91964,508469.55584,26037.3,25828.4,162972.413,25892.6,25508.7
1694390400.0,3327751.54495,1631951.85087,25895.0,25150.4,427216.374,25828.4,24888.0
1694476800.0,2267615.68349,3382956.83419,26580.0,25825.8,592049.678,25150.4,25116.4
1694563200.0,1213570.47796,1634452.18459,26400.0,26209.9,335252.718,25825.8,25750.0
1694649600.0,1348760.79715,2813402.07739,26880.0,26510.3,380666.471,26209.9,26106.6
1694736000.0,1646704.31623,2336905.99588,26890.0,26591.1,251656.77,26510.3,26206.6
1694822400.0,1153515.45067,1123803.65828,26763.5,26546.9,140482.465,26591.1,26430.0
1694908800.0,1292830.78476,423967.62207,26614.3,26514.2,114239.394,26547.0,26377.4
1694995200.0,2733871.1314,5364235.93615,27397.0,26749.9,472539.032,26514.2,26358.6
1695081600.0,3062047.85953,4429790.65161,27480.0,27196.0,433511.747,26749.9,26653.2
1695168000.0,2690808.24781,2086785.07342,27381.0,27107.7,348921.447,27195.9,26740.0
1695254400.0,3762835.8665,857905.02484,27149.0,26552.6,317992.869,27107.7,26360.1
1695340800.0,506667.03183,613796.07352,26737.7,26566.7,173534.648,26552.6,26452.9
1695427200.0,78147.392,38846.90367,26620.6,26563.1,57836.484,26566.7,26492.2
1695513600.0,897719.20457,434823.96285,26739.9,26232.4,146632.773,26563.0,26081.0
1695600000.0,1594928.26287,1828231.83997,26440.0,26290.5,268385.836,26232.4,25965.0
1695686400.0,961721.28245,564865.44502,26388.0,26208.8,180491.169,26290.5,26073.8
1695772800.0,1411237.20398,2555257.61405,26849.9,26359.6,353002.84,26208.7,26050.0
1695859200.0,1797854.38076,4448310.34315,27308.7,27011.8,429587.858,26359.6,26325.2
1695945600.0,2043668.68873,1478715.97681,27231.5,26890.9,277397.643,27011.7,26625.0
1696032000.0,219116.71294,1086114.94818,27085.0,26950.9,92317.154,26890.9,26870.4
1696118400.0,473318.68484,6899023.67033,28365.2,27981.4,240382.946,26951.0,26939.0
1696204800.0,6089212.0084,3920837.90686,28613.0,27477.6,593277.72,27981.4,27255.0
1696291200.0,1706553.55438,1362356.82988,27665.0,27412.0,283077.899,27477.7,27123.0
1696377600.0,1082525.59187,2614256.53666,27830.0,27759.8,280784.322,27412.0,27163.9
1696464000.0,3053127.58748,2035890.82241,28110.0,27398.4,370190.087,27759.7,27333.5
1696550400.0,1988859.31168,5128488.35609,28450.0,27916.3,438445.904,27398.3,27156.0
1696636800.0,367601.9529,209390.38284,28018.7,27943.0,117049.145,27916.3,27822.1
1696723200.0,620645.34586,551241.40876,28082.0,27901.2,178380.307,27943.0,27671.0
1696809600.0,2867847.00447,1689814.70835,27977.0,27578.3,314316.581,27901.2,27250.0
1696896000.0,2145079.45747,946045.25673,27727.3,27381.2,239779.496,27578.4,27281.0
1696982400.0,4849661.77898,1399070.69805,27467.6,26864.5,388186.571,27381.3,26525.0
1697068800.0,1907706.23996,742960.30983,26939.0,26744.0,220279.04,26864.5,26534.8
1697155200.0,1495126.94134,1543336.61159,27120.8,26849.8,243222.154,26744.0,26670.1
1697241600.0,96345.95611,315290.7611,26986.4,26836.3,82164.781,26849.7,26773.1
1697328000.0,876714.74844,1634483.44744,27456.1,27139.8,160000.462,26836.4,26790.4
1697414400.0,4086624.53666,11539713.77268,30720.0,28486.3,823003.782,27139.8,27095.4
1697500800.0,4502955.79637,3071596.52419,28605.0,28381.9,314189.758,28486.3,28055.0
1697587200.0,2047376.13398,1230820.73371,29100.0,28307.1,297176.628,28382.0,28126.6
1697673600.0,1756955.03196,5206061.02644,28933.4,28696.9,333673.207,28307.2,28076.0
1697760000.0,2568241.45052,4422723.18766,30243.0,29653.0,551005.327,28697.0,28560.0
1697846400.0,1830671.48793,2435331.17273,30374.6,29895.4,258195.956,29653.0,29443.5
1697932800.0,1481479.8869,1564799.00638,30229.7,29981.5,198602.758,29895.4,29606.6
1698019200.0,6843130.40045,28823548.01272,35981.9,33074.0,987741.536,29981.4,29869.4
1698105600.0,9468615.39629,12816488.02833,35300.0,33917.0,921993.063,33074.0,32833.5
1698192000.0,4005431.17236,6991814.71854,35154.3,34487.7,465367.144,33917.0,33660.6
1698278400.0,6663363.23814,4357677.45577,34828.7,34154.0,339552.964,34487.8,33750.0
1698364800.0,3466268.77848,2149839.33281,34253.3,33893.1,278052.978,34154.0,33350.0
1698451200.0,752110.49238,1174688.28066,34535.8,34086.6,138314.932,33893.2,33867.4
1698537600.0,1058343.39075,2211331.56044,34773.8,34528.6,175897.55,34086.7,33933.0
1698624000.0,5352238.72725,3085288.00586,34888.2,34483.8,281841.348,34528.6,34050.0
1698710400.0,2453969.77525,2895120.90099,34744.7,34651.4,272450.567,34483.8,34016.8
1698796800.0,3156191.70282,8718868.38802,35734.0,35437.4,469214.787,34651.4,34076.0
1698883200.0,4912628.95225,3892500.28201,35999.9,34940.1,410221.727,35437.5,34300.0
1698969600.0,6280212.48498,3159379.3981,34944.9,34700.4,306048.199,34940.1,34123.0
1699056000.0,725794.84666,3004457.3471,35270.0,35069.7,140746.874,34700.5,34571.6
1699142400.0,2667017.17157,4211937.95585,35455.2,35025.5,231363.339,35069.7,34356.0
1699228800.0,2659554.13249,3061042.65049,35299.9,35057.4,202227.215,35025.5,34743.2
1699315200.0,3651238.64587,4353299.83372,35921.7,35406.5,343525.95,35057.5,34520.3
1699401600.0,1750332.58038,4050337.91235,36150.0,35626.7,334779.449,35406.5,35073.0
1699488000.0,6746384.8604,15694918.7891,38499.9,36719.5,778877.937,35626.7,35304.0
1699574400.0,3197153.34912,6056844.70913,37570.0,37330.4,299373.892,36719.6,36350.0
1699660800.0,2871919.66601,2521863.4306,37422.2,37162.1,159239.284,37330.3,36588.0
1699747200.0,3854836.09645,1789403.37494,37258.4,37085.5,118890.045,37162.1,36753.6
1699833600.0,5509096.59961,3471983.5674,37464.8,36486.2,257075.648,37085.6,36350.0
1699920000.0,4806956.23313,3789771.39661,36779.9,35559.0,397265.8,36486.2,34446.3
1700006400.0,2680802.90707,12657055.84941,38000.0,37885.6,423818.57,35559.1,35388.0
1700092800.0,12285577.81679,4202448.7466,37956.5,36176.0,434444.366,37885.5,35486.1
1700179200.0,4531523.4924,7170744.35346,37020.5,36621.9,319943.051,36176.0,35868.3
1700265600.0,2140148.94352,1594865.23851,36900.0,36580.9,121720.922,36621.9,36196.0
1700352000.0,1144857.5631,4137550.30375,37528.2,37375.9,154713.007,36580.9,36380.0
1700438400.0,2930920.19855,4141960.35428,37784.7,37462.5,310504.037,37375.8,36600.0
1700524800.0,13612909.47954,4501580.89898,37675.0,35737.0,450731.16,37462.6,35720.0
1700611200.0,2012435.00966,9012926.06983,37880.0,37413.4,338189.618,35737.0,35610.7
1700697600.0,2261462.0912,1699838.68434,37650.0,37294.3,185369.931,37413.5,36856.3
1700784000.0,2605992.85465,6735193.86178,38425.0,37706.3,351031.723,37294.4,37257.3
1700870400.0,213725.81099,771497.60004,37886.5,37766.6,82589.329,37706.3,37570.9
1700956800.0,1938529.95408,1063395.60557,37807.6,37437.9,173758.644,37766.7,37126.0
1701043200.0,3840785.86438,1639782.38382,37560.0,37234.3,266112.699,37437.9,36700.0
1701129600.0,3217631.55702,7502802.18449,38395.0,37812.1,318426.327,37234.4,36856.0
1701216000.0,3298618.36443,3360055.66749,38500.0,37837.1,261631.881,37812.0,37551.8
1701302400.0,1817202.84841,1817361.93669,38132.0,37716.8,191188.871,37837.2,37442.9
1701388800.0,1978149.03337,5822708.9521,38989.0,38660.0,342361.994,37716.9,37600.0
1701475200.0,1089481.35221,5179837.82773,39900.0,39435.0,213210.311,38659.9,38613.5
1701561600.0,2100177.70414,5041275.1477,40410.1,39979.7,221917.905,39435.1,39255.2
1701648000.0,4820851.51297,18514502.70526,42440.0,41993.1,602492.859,39979.8,39970.4
1701734400.0,4917269.35488,15968120.26888,44528.1,44081.7,575038.041,41993.1,41393.5
1701820800.0,8998718.43126,6522746.64295,44349.8,43774.8,383957.738,44081.7,43377.0
1701907200.0,6600867.48758,5889639.41911,44066.7,43296.0,346421.958,43775.1,42815.0
1701993600.0,1685416.15665,17073537.4437,44779.3,44209.5,281880.593,43296.0,43100.0
1702080000.0,3293069.7044,3268356.70749,44389.2,43734.3,189339.656,44209.6,43555.0
1702166400.0,927912.91878,2060632.68695,44099.2,43810.0,144548.259,43734.2,43552.5
1702252800.0,18065223.49903,7409836.53305,43833.4,41271.0,620753.439,43810.1,40228.3
1702339200.0,6083637.64901,5591086.1547,42125.0,41515.0,356541.118,41271.1,40711.0
1702425600.0,3840597.85393,6868000.35653,43517.6,42875.0,396710.296,41514.9,40556.0
1702512000.0,4210281.38358,10073905.15513,43450.1,43032.4,361628.325,42875.0,41140.0
1702598400.0,5169926.91567,2207009.42435,43098.0,41968.0,257177.013,43032.3,41668.0
1702684800.0,2198447.64506,2748604.17615,42756.7,42287.4,160549.459,41968.0,41638.1
1702771200.0,7468492.49474,1816009.85356,42476.0,41396.5,224722.851,42287.4,41248.3
1702857600.0,14612928.36908,8180371.80401,42795.3,42671.7,375385.675,41396.6,40553.8
1702944000.0,6381379.20037,7305340.62703,43550.0,42298.3,315311.844,42671.8,41835.4
1703030400.0,3178748.5099,10491092.47864,44384.6,43708.9,377008.923,42298.2,42218.3
1703116800.0,3000436.05061,5959699.08707,44287.2,43896.3,276922.155,43708.9,43317.2
1703203200.0,3794129.53714,4036227.19508,44484.0,43999.2,238341.933,43896.4,43430.4
1703289600.0,1002780.68065,1764940.64597,44023.0,43725.2,120792.199,43999.2,43304.2
1703376000.0,4435422.1387,2571492.31356,43994.8,43008.4,179967.251,43725.2,42550.0
1703462400.0,2380402.14834,4938899.48105,43850.0,43611.9,184210.274,43008.4,42755.4
1703548800.0,6229072.40247,3675803.2918,43635.1,42538.5,295583.678,43611.9,41597.0
1703635200.0,3251900.41929,6608456.50358,43700.0,43453.8,251351.538,42538.6,42145.7
1703721600.0,7560201.62672,3484223.4491,43850.0,42600.1,257515.182,43453.8,42320.5
1703808000.0,5621432.16235,2858716.24068,43171.9,42095.1,337421.865,42600.1,41283.2
1703894400.0,3989240.04693,2265066.7191,42654.6,42174.2,183890.67,42095.1,41550.0
1703980800.0,3404759.31611,5790935.75858,42951.0,42314.0,173508.289,42174.3,42001.0
1704067200.0,1525373.99103,20239441.13206,44266.0,44230.2,206424.144,42314.0,42207.9
1704153600.0,6458477.44098,9501063.79951,45950.0,44979.8,459798.523,44230.3,44200.9
1704240000.0,22906265.1908,8258491.05786,45582.3,42849.5,595855.225,44979.7,40333.0
1704326400.0,3064648.08433,6408790.50508,44840.8,44143.8,333923.098,42849.5,42625.0
1704412800.0,5388821.02111,5480542.54353,44500.0,44145.4,374967.791,44143.8,42300.0
1704499200.0,2424572.42611,3215697.54411,44214.6,43956.7,138542.797,44145.3,43391.3
1704585600.0,3990530.14074,2248761.63438,44486.9,43916.9,180710.714,43956.6,43557.5
1704672000.0,4534955.55455,10215052.62788,47312.0,46972.7,495087.983,43916.9,43158.1
1704758400.0,13682456.33015,7097834.98928,48100.0,46114.0,513362.773,46972.6,44417.2
1704844800.0,12202747.58017,11266657.68296,47699.3,46662.9,668657.474,46113.9,44291.5
1704931200.0,10012608.35197,18660942.60917,49027.5,46337.8,596698.379,46663.0,45600.0
1705017600.0,17903035.60164,7566705.35589,46536.2,42788.9,575943.258,46337.9,41370.0
1705104000.0,3093056.8985,2626887.05463,43273.4,42846.4,207737.326,42789.0,42445.7
1705190400.0,4711694.62061,1963944.67596,43096.1,41734.9,181096.968,42846.4,41713.5
1705276800.0,2979683.72918,5132810.88651,43376.0,42515.0,240059.141,41734.9,41720.0
1705363200.0,3132514.18757,12193064.67951,43589.0,43133.0,287207.233,42515.0,42050.0
1705449600.0,6829544.4949,1821827.556,43198.0,42783.4,209396.081,43133.0,42200.0
1705536000.0,18371703.7077,4701035.45403,42932.3,41323.1,335080.756,42783.3,40673.6
1705622400.0,9574292.4264,6212414.51086,42197.0,41662.2,345941.73,41323.2,40300.0
1705708800.0,777893.1419,1276341.44015,41883.5,41691.8,95866.062,41662.1,41453.6
1705795200.0,945971.08427,842060.13474,41880.9,41580.0,67035.552,41691.8,41500.0
1705881600.0,15766768.40073,4721136.41903,41692.3,39567.0,459024.106,41579.9,39402.0
1705968000.0,11272729.71029,10701827.75428,40172.7,39890.0,414373.386,39567.1,38545.0
1706054400.0,4152877.91563,11290172.99517,40560.6,40078.7,272754.171,39889.9,39493.3
1706140800.0,2217901.934,2444858.90048,40300.0,39953.3,203728.679,40078.8,39535.3
1706227200.0,2264983.36572,7853225.25841,42239.3,41806.4,355418.478,39953.3,39813.1
1706313600.0,1866773.24681,1922011.64742,42187.1,42102.2,118437.114,41806.4,41360.1
1706400000.0,3671451.17,4762463.14394,42836.0,42021.2,205736.453,42102.2,41600.0
1706486400.0,2090662.44404,6221485.80648,43340.8,43287.7,249502.11,42021.2,41768.3
1706572800.0,5831173.8408,6902172.06327,43888.0,42918.3,257582.784,43287.6,42665.6
1706659200.0,7592591.63426,5660466.14418,43748.6,42560.5,313069.11,42918.3,42257.6
1706745600.0,14519619.81815,5808399.93548,43288.0,43072.6,274321.107,42560.5,41866.8
1706832000.0,2390336.17203,3593538.34276,43480.0,43182.0,205767.574,43072.6,42512.7
1706918400.0,907126.38411,649976.92377,43372.2,42992.4,89735.22,43182.0,42858.3
1707004800.0,2639907.18725,973667.7207,43112.1,42570.3,127421.548,42992.4,42176.7
1707091200.0,4037565.15468,4389774.92507,43580.0,42692.9,240655.549,42570.3,42235.1
1707177600.0,6447823.79167,3100589.30228,43378.8,43079.1,196157.643,42692.9,42559.8
1707264000.0,1998856.94874,6935446.62171,44388.0,44326.2,252057.708,43079.1,42763.4
1707350400.0,1817522.81459,8877018.52597,45600.0,45269.1,299738.288,44326.3,44306.8
1707436800.0,3806903.47029,11600796.89505,48230.3,47116.1,519919.419,45269.2,45218.1
1707523200.0,2209429.21265,3922021.62357,48189.6,47732.6,179626.604,47116.1,46836.4
1707609600.0,3489845.60542,4633928.94076,48600.0,48303.4,209951.626,47732.6,47539.4
1707696000.0,6189707.20125,16567084.77983,50413.2,49943.6,450895.202,48303.4,47702.0
1707782400.0,5328468.98605,7568172.67482,50428.8,49696.4,382348.085,49943.6,48301.0
1707868800.0,4574145.5019,19282934.32638,52100.0,51823.2,395191.791,49696.4,49215.7
1707955200.0,8184157.18968,16070041.23799,52859.0,51898.5,392724.603,51823.1,51334.9
1708041600.0,3226908.64964,5227551.77188,52623.0,52148.6,259819.793,51898.4,51611.7
1708128000.0,4623169.8159,4642659.04028,52192.8,51679.4,222342.005,52148.7,50647.5
1708214400.0,2687821.86762,8264005.49553,52450.0,52175.9,166636.426,51679.5,51178.0
1708300800.0,6526982.9521,7817376.49029,52532.9,51813.8,196387.978,52175.9,51688.8
1708387200.0,17324658.37112,10013801.8796,53090.9,52297.4,388913.064,51813.7,50788.0
1708473600.0,8370346.4294,4876254.46013,52402.3,51877.8,308127.301,52297.3,50528.4
1708560000.0,4887090.85066,4709066.1054,52130.8,51316.9,244144.647,51877.9,50967.5
1708646400.0,5025779.25862,2463814.96949,51576.3,50771.9,215474.562,51316.9,50512.7
1708732800.0,719420.08975,3419554.63052,51736.6,51602.1,104944.457,50771.9,50611.4
1708819200.0,2247971.34971,4220021.22893,52050.0,51764.9,122177.26,51602.1,51300.4
1708905600.0,3286971.70833,24077421.18237,54991.8,54511.6,393466.231,51764.9,50922.5
1708992000.0,15235178.6347,17628242.52984,57780.0,57074.5,511475.535,54511.7,54495.0
1709078400.0,13792583.7289,50568262.76545,64300.0,62487.9,1010118.442,57074.5,56730.1
1709164800.0,16590279.15231,12809175.87276,63762.8,61203.3,584713.883,62487.9,60452.0
1709251200.0,3645132.9765,20244364.92954,63199.0,62430.6,299231.827,61203.3,60844.8
1709337600.0,4200354.0741,4141135.88156,62513.1,62039.9,159283.629,62430.6,61605.0
1709424000.0,3928055.67614,7751970.6545,63330.9,63178.5,200312.503,62039.9,61339.5
1709510400.0,9444493.47236,35329849.99494,68600.0,68296.4,632882.144,63178.5,62299.0
1709596800.0,31462173.95826,27895746.89167,69350.0,63747.4,1053025.132,68296.5,59112.0
1709683200.0,15702706.12227,18429869.54243,67729.5,66128.1,534011.813,63747.5,62829.3
1709769600.0,5130300.65015,8285959.80655,68101.3,66870.0,296092.788,66128.0,65609.3
1709856000.0,8465167.94123,10174911.90757,70330.8,68180.2,459387.207,66870.0,66120.0
1709942400.0,2300447.6334,2615366.70183,68608.7,68360.1,94899.005,68180.2,67908.7
1710028800.0,5553708.36795,15370943.13979,69999.8,69001.8,233596.523,68360.2,68155.0
1710115200.0,7688770.7895,13061807.83903,72890.0,72153.8,474396.897,69001.8,67000.0
1710201600.0,8908161.85151,9386395.47783,73370.0,71503.2,472072.331,72153.9,68600.0
1710288000.0,3025472.76085,10133371.98825,73755.0,73127.6,288446.338,71503.3,71388.1
1710374400.0,14718741.10735,12081765.03087,73881.4,71455.5,513901.237,73127.6,68600.0
1710460800.0,22240783.68161,19782615.12091,72500.0,69552.2,705810.685,71455.6,65580.0
1710547200.0,14857076.18261,6954579.02098,70097.6,65351.0,333426.129,69552.1,64750.0
1710633600.0,5674688.4755,11953558.40459,68972.4,68447.9,314890.309,65351.0,64559.8
1710720000.0,8978040.37409,10731091.02562,69044.4,67660.0,317885.916,68447.9,66601.6
1710806400.0,22752906.00804,12769440.42684,68178.6,61974.1,700466.795,67660.0,61582.8
1710892800.0,20262277.92138,20156020.56988,68140.0,67876.4,637362.465,61974.1,60800.0
1710979200.0,8375152.32453,8046442.06904,68293.9,65539.9,347218.385,67876.4,64550.1
1711065600.0,9253263.88913,14329436.42621,66691.9,63826.0,401149.333,65539.9,62294.0
1711152000.0,4898374.54584,5147449.2923,66050.0,64020.3,239124.0,63826.1,63020.2
1711238400.0,2517314.51421,12923647.59194,67700.0,67260.9,244179.435,64020.4,63822.0
1711324800.0,5844473.53831,13405259.38078,71228.3,69920.5,395156.191,67260.9,66427.6
1711411200.0,6242127.80426,6288185.9204,71649.0,70044.1,307861.116,69920.6,69320.0
1711497600.0,5870863.80389,9684664.03889,71888.0,69532.6,407286.574,70044.2,68364.8
1711584000.0,3021165.77555,16001251.7129,71636.2,70838.7,241970.822,69532.6,68941.0
1711670400.0,7519293.02546,3620091.36578,70976.9,69903.6,187970.841,70838.8,69000.0
1711756800.0,1155508.48654,2012692.2294,70388.0,69642.1,91126.75,69903.6,69577.2
1711843200.0,996646.62707,7096102.40112,71495.5,71363.0,132458.79,69642.0,69608.0
1711929600.0,7039859.89964,6828174.43507,71388.0,69700.0,282812.126,71363.0,68103.3
1712016000.0,10481249.96975,13384960.31888,69731.6,65505.3,499041.572,69700.0,64603.2
1712102400.0,4309138.9044,16315709.10179,66940.0,65971.9,275041.23,65502.4,64500.0
1712188800.0,4471412.98328,12042845.22956,69329.7,68489.9,326385.338,65971.8,65100.0
1712275200.0,8142704.64866,7968361.44567,68787.1,67825.7,313547.293,68489.8,65966.0
1712361600.0,1324851.63161,6856554.31722,69708.0,68901.6,127343.726,67825.8,67450.0
1712448000.0,2919180.9335,11557622.30142,70395.0,69362.7,171783.436,68901.5,68820.6
1712534400.0,4845306.21634,14901457.95831,72890.4,71678.4,297237.449,69362.7,69040.4
1712620800.0,9044529.04737,5616016.04865,71820.6,69189.3,334059.403,71678.3,68216.0
1712707200.0,5849873.37915,10965142.22251,71412.2,70681.7,337774.756,69189.2,67546.2
1712793600.0,4338050.17379,11181313.89088,71387.4,70055.7,256194.153,70681.8,69592.6
1712880000.0,12331849.46412,6134374.91649,71297.0,67136.4,415528.149,70055.6,65102.0
1712966400.0,31697633.14711,15488818.68101,67975.4,63939.7,515005.203,67136.4,59652.5
1713052800.0,8512081.01084,9111952.93795,65822.1,65615.9,395770.133,63939.7,62139.3
1713139200.0,8376493.29613,6904121.96962,66874.9,63392.7,381532.225,65615.9,62242.5
1713225600.0,8717176.37756,7566372.34277,64356.3,63765.0,405931.439,63392.8,61521.0
1713312000.0,9815304.63003,7632232.52714,64483.3,61254.5,444032.992,63764.9,59625.0
1713398400.0,7308016.2503,8485310.81887,64100.0,63445.0,363302.394,61254.5,60763.8
1713484800.0,12143291.30363,11594358.71734,65480.0,63787.4,574264.058,63445.0,59541.0
1713571200.0,2329309.88783,4042559.50697,65400.0,64897.2,197142.262,63787.4,63045.1
1713657600.0,1745847.6887,2431171.15965,65678.7,64912.6,160533.948,64897.2,64214.2
1713744000.0,3395074.89163,4440248.07675,67222.0,66778.0,246268.411,64912.7,64470.5
1713830400.0,3077873.4658,2861838.54446,67158.9,66386.3,178665.564,66777.9,65750.0
1713916800.0,7084051.13452,3296398.78841,67068.2,64250.0,280545.061,66386.2,63575.0
1714003200.0,13787008.99864,6287420.58013,65270.6,64478.8,275211.062,64250.0,62721.3
1714089600.0,3764846.11332,2179297.22404,64783.1,63748.8,202149.813,64478.8,63291.5
1714176000.0,3458447.55897,2298026.11856,63901.4,63421.0,167349.109,63748.7,62332.8
1714262400.0,2346267.449,2734635.49643,64350.0,63088.3,126056.151,63420.9,62700.0
1714348800.0,4539780.38438,4663850.95164,64200.0,63842.4,228411.163,63088.4,61726.2
1714435200.0,14134144.49102,7071272.71742,64700.0,60651.2,408747.703,63842.4,59150.0
1714521600.0,12937274.35701,10019282.92741,60816.7,58307.6,564108.4,60651.2,56537.7
1714608000.0,4169809.51353,4919001.3649,59637.3,59036.7,299229.302,58307.7,56951.6
1714694400.0,4005593.41774,10439979.60749,63333.0,62853.7,353606.459,59036.7,58781.3
1714780800.0,2282076.6911,5828927.43456,64547.9,63864.2,205205.199,62853.7,62520.0
1714867200.0,2924179.97701,4730890.05309,64644.3,63988.0,185495.653,63864.3,62833.0
1714953600.0,6646550.47681,5091513.18268,65500.0,63142.8,305110.067,63987.9,62655.3
1715040000.0,13407021.12098,4299599.45122,64392.2,62296.0,238974.646,63142.7,62203.6
1715126400.0,7527576.22052,5625557.3087,62994.9,61157.9,241651.579,62296.0,60843.6
1715212800.0,2285020.60998,7684338.53761,63447.2,63050.1,242451.302,61157.9,60550.0
1715299200.0,11819454.75811,5675792.58321,63446.5,60778.1,307214.96,63050.0,60117.4
1715385600.0,1048146.65273,1395102.61405,61491.4,60809.2,113294.787,60778.0,60432.6
1715472000.0,1682160.83733,7210427.68618,61849.4,61455.8,104043.897,60809.2,60557.3
1715558400.0,5436260.63404,6529785.81344,63440.0,62912.1,261927.073,61455.7,60750.0
1715644800.0,4996555.55648,1839267.89443,63099.6,61550.5,244345.274,62912.2,60950.0
1715731200.0,2627759.11307,10097347.9721,66440.0,66175.4,365031.68,61550.5,61316.1
1715817600.0,4599166.56212,3940628.87745,66800.0,65217.7,242455.324,66175.4,64567.0
1715904000.0,5486179.58676,7196961.01622,67400.6,66980.0,227063.919,65217.7,65061.2
1715990400.0,1431509.25494,1899920.11435,67340.5,66884.9,96931.548,66980.0,66503.2
1716076800.0,2485802.99936,1558782.29645,67750.0,66239.4,148170.35,66884.9,65835.8
1716163200.0,4356028.92333,16555760.46721,71674.6,71466.5,366028.078,66239.4,66010.0
1716249600.0,4073071.77934,4911675.25683,72132.8,70168.8,263674.327,71466.5,69165.6
1716336000.0,3535307.27471,2107824.03819,70715.4,69219.1,194160.494,70168.7,68736.8
1716422400.0,7674495.2494,4206014.37432,70133.3,67999.9,300093.622,69219.2,66156.6
1716508800.0,2260732.81109,3318216.84101,69273.5,68584.1,186681.082,67999.9,66639.0
1716595200.0,662001.05587,2326259.34763,69622.8,69314.4,85113.605,68584.0,68523.7
1716681600.0,955977.85946,2072915.69812,69590.3,68524.3,84069.824,69314.5,68155.0
1716768000.0,2307150.21826,6065297.67383,70750.0,69461.6,170291.356,68524.4,68268.7
1716854400.0,6800177.13544,5159545.8884,69628.0,68440.5,227838.44,69461.5,67273.0
1716940800.0,5665262.1852,2293454.71111,68983.0,67686.7,158236.599,68440.4,67129.0
1717027200.0,5950619.86276,5386655.07792,69568.9,68402.5,194573.899,67686.8,67167.0
1717113600.0,7361814.80895,4888536.05176,69080.0,67577.9,195751.752,68402.6,66700.5
1717200000.0,237014.30845,787536.55365,67936.0,67799.2,50943.058,67577.9,67480.0
1717286400.0,3192179.78643,2447741.75523,68545.9,67805.9,102194.718,67799.2,67296.3
1717372800.0,3192788.66538,7541887.09805,70372.9,68851.4,227676.93,67805.9,67642.6
1717459200.0,1863161.14967,6903707.87139,71146.4,70580.0,216100.016,68851.3,68595.5
1717545600.0,1776483.65714,6372060.25641,71824.4,71133.3,203992.034,70580.0,70423.6
1717632000.0,6695149.86285,2067431.1389,71714.8,70830.0,158483.564,71133.3,70101.9
1717718400.0,8302909.93359,5632936.59391,72144.0,69377.0,299412.37,70830.0,68405.0
1717804800.0,709874.50541,329825.77322,69613.6,69346.5,65739.857,69377.0,69192.3
1717891200.0,481099.50279,1105983.71208,69879.0,69667.1,68024.1,69346.6,69160.0
1717977600.0,2712404.47773,1634142.77491,70222.7,69558.7,127381.604,69667.1,69201.2
1718064000.0,5386675.54048,3039702.02744,69600.0,67320.7,311984.942,69558.8,66000.0
1718150400.0,8220185.45783,6549945.72869,70028.0,68270.3,329918.46,67320.6,66920.0
1718236800.0,23245926.19779,2473055.50607,68607.7,66786.9,248355.461,68270.3,66251.1
1718323200.0,8083469.04046,2806428.33062,67366.5,66039.7,239411.231,66786.8,65052.4
1718409600.0,660509.03674,543550.02229,66482.6,66213.7,72423.755,66039.7,65801.0
1718496000.0,706081.57879,1673547.06751,66960.3,66653.6,80361.551,66213.7,66012.1
1718582400.0,6437334.53452,8777110.53643,67280.6,66472.1,248420.787,66653.5,65094.9
1718668800.0,18789846.05379,4548444.3492,66558.9,65150.0,335559.394,66472.1,64009.8
1718755200.0,3050593.40414,1328625.99128,65711.9,64933.6,150032.669,65149.9,64600.0
1718841600.0,3333459.37963,3526895.46608,66467.0,64854.0,220954.676,64933.6,64526.0
1718928000.0,6464070.22786,3661571.62488,65055.5,64124.0,210109.601,64854.0,63361.2
1719014400.0,381050.16736,266270.66357,64520.0,64240.0,53855.862,64124.1,63915.8
1719100800.0,2483331.00164,214687.98349,64500.0,63194.9,72052.293,64240.1,63137.9
1719187200.0,37022854.85524,7152793.47492,63357.0,60273.6,445903.184,63194.9,58218.0
1719273600.0,3433325.35201,5788127.64368,62448.1,61777.8,264647.317,60273.5,60230.5
1719360000.0,2311063.83375,1652372.88003,62465.1,60860.1,170601.18,61777.9,60696.0
1719446400.0,2000399.01947,3127096.59925,62379.7,61682.0,160172.482,60860.1,60605.0
1719532800.0,14671124.98822,3317772.76843,62204.0,60429.8,195508.125,61682.1,60038.0
1719619200.0,310586.00299,695734.0016,61232.0,60982.4,79680.289,60429.8,60400.1
1719705600.0,1290615.04353,3262597.77376,63058.4,62766.0,147777.915,60982.5,60705.0
1719792000.0,3787313.30285,6405410.16505,63849.0,62883.6,193937.938,62766.1,62502.2
1719878400.0,2933392.69904,1427406.09294,63284.0,62123.6,163101.243,62883.7,61800.0
1719964800.0,10893428.53101,3290363.3654,62278.2,60208.0,295303.265,62123.5,59299.3
1720051200.0,67357064.79952,6624180.76473,60500.0,57045.9,445656.277,60208.0,56560.0
1720137600.0,11884051.54682,10402086.91096,57533.4,56604.9,577193.595,57045.9,53329.5
1720224000.0,1881046.623,7451712.42045,58472.0,58216.0,178580.022,56604.9,56000.0
1720310400.0,9699808.68184,3741508.04915,58443.0,55830.9,210361.981,58216.0,55688.0
1720396800.0,16975847.25237,19762151.0871,58200.0,56686.4,464106.957,55831.0,54243.1
1720483200.0,3534289.58509,5218936.31477,58290.6,58023.2,257237.048,56686.4,56256.2
1720569600.0,5658164.85259,8052971.60293,59449.6,57707.0,254248.937,58023.1,57125.0
1720656000.0,6469291.71171,2999935.91811,59780.0,57315.5,293106.959,57707.0,57030.0
1720742400.0,5376540.5916,4925984.36601,58500.0,57870.0,238100.616,57315.7,56500.1
1720828800.0,868582.55913,3983818.14959,59850.0,59174.0,157884.322,57870.0,57728.6
1720915200.0,1498946.15588,4174605.75983,61412.4,60766.0,208060.883,59173.9,59164.0
1721001600.0,3516047.97837,20704869.01393,64870.7,64680.6,352222.181,60766.0,60622.6
1721088000.0,8389442.10185,7397207.30317,65388.0,65010.0,375258.616,64680.6,62350.0
1721174400.0,11439146.11366,5896134.58849,66100.0,64055.7,276656.393,65010.0,63823.0
1721260800.0,6424155.16171,4696000.87841,65173.8,63959.9,215648.157,64055.8,63206.4
1721347200.0,8210966.51674,16789240.91942,67362.8,66627.9,311859.805,63960.0,63266.2
1721433600.0,1919075.39989,2637825.58234,67648.7,67095.6,123564.406,66627.9,66159.1
1721520000.0,14290973.2107,6257013.85036,68351.2,68138.0,207228.372,67095.6,65750.0
1721606400.0,3929488.8334,4043176.77196,68459.7,67499.2,192991.391,68138.0,66538.6
1721692800.0,7669260.18866,3998262.32608,67729.3,65916.4,270430.68,67499.2,65416.5
1721779200.0,6210383.21554,3461449.59927,67087.3,65350.8,215079.421,65916.3,65040.5
1721865600.0,18470053.07749,7206000.80447,66144.0,65773.0,319685.441,65350.7,63456.7
1721952000.0,2999842.74914,5549630.0902,68200.0,67882.5,235384.526,65773.0,65688.2
1722038400.0,9600860.2226,6178219.44921,69381.7,67873.8,330982.647,67882.5,66624.5
1722124800.0,2779791.06388,2067160.43895,68300.0,68215.5,116913.935,67873.7,67037.0
1722211200.0,5775749.67069,7570817.87691,70081.0,66750.0,372537.818,68215.5,66365.8
1722297600.0,5506447.15592,2846960.26568,66966.6,66159.3,246551.044,66750.1,65254.5
1722384000.0,5304419.7892,3276836.62989,66826.3,64601.8,246389.446,66159.3,64500.4
1722470400.0,12520527.1561,10002067.96209,65650.0,65328.9,372654.59,64601.8,62271.2
1722556800.0,16071247.53399,6499031.27028,65577.0,61483.7,421628.42,65329.0,61200.2
1722643200.0,12241698.31901,4579799.48219,62166.0,60684.6,290469.956,61483.7,59800.0
1722729600.0,12897140.1526,4360208.55491,61089.5,58144.5,339512.415,60684.5,57040.0
1722816000.0,52119106.88637,30924280.66114,58286.9,54003.1,1281982.025,58144.5,48888.0
1722902400.0,7890752.26345,13082454.92021,56999.9,55991.2,435953.439,54003.5,53925.3
1722988800.0,7777121.10956,7574570.24415,57699.0,55102.9,377442.54,55991.3,54519.8
1723075200.0,5043963.53555,27772501.36,62737.2,61659.8,470117.508,55102.9,54672.4
1723161600.0,6974087.52408,4633261.4911,61726.0,60808.6,308674.339,61659.8,59500.0
1723248000.0,1863960.37153,1932067.2361,61450.0,60889.9,115593.354,60808.6,60208.5
1723334400.0,6598851.21062,3601438.50148,62000.0,58693.1,202539.076,60889.8,58255.4
1723420800.0,8778060.31995,12098540.59537,60666.0,59323.6,367126.29,58693.1,57615.0
1723507200.0,3387578.13313,6269706.19949,61545.0,60550.5,255934.721,59323.7,58360.0
1723593600.0,7406733.20537,2685921.80946,61839.7,58648.1,295662.808,60550.4,58367.2
1723680000.0,18533869.42598,5245907.90304,59820.0,57511.0,360815.946,58648.1,55969.0
1723766400.0,2908913.4132,5276439.95253,59780.2,58854.9,268756.529,57511.1,57062.1
1723852800.0,666692.76747,1161744.60835,59690.2,59468.5,77085.532,58854.9,58769.4
1723939200.0,2766521.29671,2575707.06522,60250.0,58390.0,149660.264,59468.5,58352.0
1724025600.0,1707980.08638,2991709.7821,59585.4,59398.5,214043.139,58390.1,57750.0
1724112000.0,5169539.82875,8375226.86017,61386.0,58982.9,287049.13,59398.4,58501.1
1724198400.0,2936858.26899,5642853.98021,61793.9,61120.0,270583.679,58982.7,58728.9
1724284800.0,2727669.26528,2954797.47494,61392.0,60349.9,211098.959,61120.0,59677.6
1724371200.0,2720787.53812,7502565.50342,65000.0,64019.9,382490.709,60349.9,60301.5
1724457600.0,2029771.85345,2608605.28446,64472.5,64116.5,132741.902,64020.0,63522.7
1724544000.0,1195217.27569,1385316.65758,65175.4,64190.2,115546.888,64116.6,63731.3
1724630400.0,4576163.31844,1350113.9379,64455.8,62807.6,195977.222,64190.1,62750.2
1724716800.0,24417021.14675,5059442.90317,63196.0,59384.5,339269.805,62807.7,57928.2
1724803200.0,9820317.99169,7390746.86266,60197.8,59010.0,313788.567,59384.4,57820.0
1724889600.0,4156759.6946,5217384.81252,61144.9,59323.2,233896.685,59010.0,58655.0
1724976000.0,4484037.75529,5127986.66145,59914.9,59096.3,268276.469,59323.3,57525.0
1725062400.0,944079.96383,601106.94796,59436.0,58941.9,68866.674,59096.4,58700.0
1725148800.0,12489907.78789,3212379.33812,59052.7,57268.1,222909.914,58941.9,57123.0
1725235200.0,11513700.93877,4127412.14926,59412.3,59112.1,201218.384,57268.1,57093.0
1725321600.0,5581822.43267,2834935.99985,59790.0,57451.9,230196.497,59112.2,57320.0
1725408000.0,9480524.71272,7981897.03625,58500.0,57944.8,326983.311,57452.0,55555.0
1725494400.0,5106444.96027,2238553.28995,58318.9,56145.7,294703.592,57944.8,55600.0
1725580800.0,15072774.34776,5939327.58095,57000.0,53927.7,479063.113,56145.7,52510.8
1725667200.0,1263573.82164,1464384.24182,54820.2,54134.9,127686.594,53927.7,53725.0
1725753600.0,1328907.51384,3394182.38491,55300.0,54839.6,162078.536,54134.9,53596.5
1725840000.0,2814089.38446,8343294.66256,58153.2,57010.0,313094.361,54839.6,54557.0
1725926400.0,3999985.09725,3948213.37524,58033.2,57609.1,228317.676,57010.1,56361.0
1726012800.0,9485596.86869,4732488.51507,57954.4,57306.0,338231.445,57609.2,55515.2
1726099200.0,2863605.07505,3688967.02886,58606.6,58097.0,261449.688,57305.6,57283.1
1726185600.0,1701828.80722,19474419.05652,60597.0,60456.2,277429.492,58097.1,57594.0
1726272000.0,1315581.49595,694133.64357,60572.9,59964.0,102580.577,60456.2,59360.1
1726358400.0,2479385.81861,1557310.66073,60369.4,59100.5,130524.206,59963.9,58654.0
1726444800.0,5755514.6533,2623385.19974,59182.2,58187.0,250699.432,59100.5,57446.3
1726531200.0,5931161.71232,12558265.3074,61345.0,60281.0,318442.066,58187.0,57588.8
1726617600.0,4722355.84059,10339096.88596,61765.0,61735.3,355729.312,60281.0,59138.0
1726704000.0,3388808.27974,6828920.48086,63830.1,62926.9,302382.412,61735.3,61534.0
1726790400.0,6110228.4796,3992814.99536,64126.7,63175.7,257172.835,62926.9,62320.0
1726876800.0,522596.31604,3589521.69105,63546.9,63320.6,78248.362,63175.8,62714.2
1726963200.0,2572061.63455,2415950.70396,64000.0,63558.4,149129.884,63320.6,62339.0
1727049600.0,9334728.56223,7961188.0439,64724.8,63302.0,234343.564,63558.5,62534.4
1727136000.0,2921557.63521,3667924.56346,64666.0,64243.1,236987.628,63302.1,62688.2
1727222400.0,4189796.1894,1566992.41564,64800.0,63118.4,184950.772,64243.2,62910.0
1727308800.0,4823470.70599,7217753.5695,65800.0,65139.2,321186.356,63118.3,62634.4
1727395200.0,2083454.70019,6468727.34341,66450.0,65749.6,226404.021,65139.1,64788.0
1727481600.0,2423580.23254,1424896.65933,66237.0,65822.6,92773.553,65749.5,65368.1
1727568000.0,1017598.08692,1794916.56948,66059.3,65568.1,88131.799,65822.7,65400.0
1727654400.0,11397479.21312,3111078.25024,65588.8,63309.1,296848.373,65568.2,62825.0
1727740800.0,50484747.28295,6567745.71979,64092.6,60776.8,429817.835,63309.0,60128.2
1727827200.0,8043474.55645,6717464.16964,62355.0,60622.6,327001.805,60776.7,59934.9
1727913600.0,7995069.29158,5230452.51951,61452.6,60727.2,286137.212,60622.7,59815.0
1728000000.0,2851737.6482,14961799.96149,62457.1,62054.4,234795.836,60727.1,60434.1
1728086400.0,2742000.98433,702779.52162,62344.0,62023.1,74330.781,62054.3,61648.0
1728172800.0,1192835.15321,4352296.15874,62961.5,62789.3,96413.453,62023.1,61778.9
1728259200.0,8976894.66536,11677700.76933,64448.2,62190.7,298949.375,62789.2,62091.8
1728345600.0,4954763.83848,3783641.54274,63178.7,62131.7,226276.359,62190.6,61836.0
1728432000.0,6067017.08918,1373199.69962,62520.9,60606.4,217302.173,62131.8,60251.9
1728518400.0,22446792.66355,3753565.74447,61297.0,60293.2,262947.653,60606.3,58900.0
1728604800.0,2166410.99918,9281482.2987,63400.0,62509.0,263691.142,60293.3,60057.8
1728691200.0,1694681.85657,4936559.66161,63462.6,63176.0,102784.406,62509.0,62458.0
1728777600.0,5557345.44686,1675094.99939,63260.0,62839.8,129696.156,63176.0,62020.0
1728864000.0,2335034.68343,17810922.33657,66533.0,66064.9,338251.601,62839.7,62420.0
1728950400.0,6896735.63699,12028232.0631,67953.7,67044.1,422005.511,66064.9,64771.7
1729036800.0,4092381.9415,9946843.22563,68400.0,67592.0,254153.501,67044.0,66724.2
1729123200.0,4156606.6571,2485017.17092,67925.9,67401.5,220272.837,67592.0,66600.0
1729209600.0,1988727.29856,5477893.73784,69000.0,68407.8,245301.761,67401.5,67165.0
1729296000.0,1465075.26046,2445832.45549,68684.9,68357.1,68632.108,68407.8,68000.0
1729382400.0,646301.62108,4528272.45989,69425.8,69020.1,105939.492,68357.1,68069.8
1729468800.0,6866353.71247,4673674.06964,69566.0,67368.8,253437.333,69020.2,66865.9
1729555200.0,9752780.58599,2903847.62902,67825.0,67406.4,218518.977,67368.7,66536.5
1729641600.0,7652058.06554,2744653.5842,67449.0,66647.2,248215.058,67406.5,65222.3
1729728000.0,2038207.63417,6827195.73861,68842.5,68173.8,212340.722,66647.3,66482.0
1729814400.0,15056627.65982,4867298.55296,68748.0,66662.8,348511.871,68173.8,65557.2
1729900800.0,609629.62593,2129142.10159,67450.0,67071.8,94169.992,66662.7,66414.1
1729987200.0,339987.32475,2896679.06447,68306.1,67992.6,88468.808,67071.9,66909.4
1730073600.0,2986823.72229,6843037.60306,70331.0,69940.0,256128.622,67992.7,67584.2
1730160000.0,3405071.21766,33805574.86246,73660.0,72739.5,382502.06,69939.9,69733.0
1730246400.0,3561557.19753,2962588.55467,72984.9,72349.0,227108.808,72739.5,71444.2
1730332800.0,19299168.88336,3043688.63164,72720.3,70321.9,256485.328,72349.0,69705.0
1730419200.0,9823001.49515,7209388.14462,71650.0,69495.5,352591.088,70321.9,68822.5
1730505600.0,1668771.0515,1469743.13994,69913.1,69366.6,79314.105,69495.4,69022.8
1730592000.0,23345183.10416,5592230.14042,69393.7,68762.5,226477.376,69366.6,67446.6
1730678400.0,8155119.85267,4332300.81086,69495.3,67834.3,244912.166,68762.5,66810.0
1730764800.0,4942640.40452,6973274.02591,70537.4,69353.1,273070.87,67834.4,67454.2
1730851200.0,11098180.225,133474959.95819,76420.0,75579.9,677440.286,69353.1,69272.7
1730937600.0,6131678.25466,22303022.89506,76900.0,75859.4,280675.033,75579.9,74450.0
1731024000.0,3312384.56924,4886280.68721,77182.9,76482.2,230370.324,75859.4,75576.3
1731110400.0,5044227.35042,20435535.58095,76920.0,76675.1,117754.034,76482.2,75683.2
1731196800.0,7640564.52864,19517151.55274,81699.8,80410.0,417426.899,76675.1,76501.1
1731283200.0,6402988.90435,51493053.76422,89800.0,88728.9,614141.662,80409.9,80261.2
1731369600.0,19449242.55058,23380323.50997,90070.1,87972.0,639481.584,88729.0,85159.9
1731456000.0,29660238.57951,68842508.81209,93421.1,90413.3,555288.297,87972.0,86180.0
1731542400.0,15670134.57923,10864899.57847,91846.1,87382.7,364621.68,90413.3,86714.0
1731628800.0,9244917.53466,26360276.84394,91921.5,91074.6,314431.908,87382.6,87111.0
1731715200.0,2779881.70646,9095551.74574,91849.8,90643.3,129023.447,91074.6,90120.0
1731801600.0,5983044.34653,5847727.42086,91539.6,89899.9,167504.792,90643.2,88736.1
1731888000.0,8504005.05769,13150943.38009,92700.0,90507.4,333557.11,89900.0,89422.1
1731974400.0,5847705.12486,11254830.84432,93985.9,92335.9,303532.031,90507.4,90405.6
1732060800.0,4329650.54815,13663291.76334,94849.0,94288.0,290044.227,92335.9,91500.0
1732147200.0,7946489.11573,31545510.26488,99100.0,98366.8,418383.136,94288.0,94008.7
1732233600.0,6868162.99006,13290632.79624,99660.0,98921.4,265774.067,98366.8,97199.9
1732320000.0,18234950.31382,10781092.48097,98937.3,97725.5,120358.422,98921.5,97173.5
1732406400.0,22309037.60093,7325925.45332,98666.0,97960.4,173118.84,97725.6,95822.1
1732492800.0,28242268.92763,11617968.66349,98999.0,93064.0,329375.021,97960.5,92666.0
1732579200.0,15476685.94196,11370845.17126,95064.0,92021.4,344929.233,93064.0,90866.4
1732665600.0,3762545.22763,17042953.58527,97250.0,95905.2,237005.987,92021.5,91864.0
1732752000.0,3588111.78796,4736416.51557,96627.6,95694.4,154007.026,95905.2,94700.1
1732838400.0,5670526.72302,15574537.82646,98713.3,97516.3,190520.949,95694.4,95404.5
1732924800.0,2858339.99125,3811231.51967,97522.1,96475.1,93074.218,97516.2,96150.0
1733011200.0,2583294.04356,7263142.37004,97933.0,97265.1,113222.99,96475.2,95736.5
1733097600.0,10944718.77435,9865918.74101,98266.0,95890.5,257613.911,97265.0,94400.0
1733184000.0,8619141.02846,7403245.13019,96375.0,95913.3,206601.98,95890.6,93605.0
1733270400.0,7327536.68478,17333752.9023,99099.9,98669.8,275949.205,95913.3,94650.8
1733356800.0,21990436.55882,20899369.44864,104630.4,97001.5,580277.391,98669.8,90200.0
1733443200.0,4141781.02749,14714564.61273,101988.8,99802.5,282369.608,97001.6,96429.5
1733529600.0,2622622.8673,2008729.57733,100499.0,99899.2,95858.658,99802.5,98876.9
1733616000.0,2091084.80038,5320444.30038,101457.9,101200.0,109755.676,99899.2,98709.4
1733702400.0,45779548.08813,13483494.37576,101300.0,97349.1,326973.59,101200.1,94039.7
1733788800.0,12010162.87147,8146201.56582,98320.6,96602.4,291490.744,97349.1,94265.5
1733875200.0,3199358.75583,15345868.82083,101880.0,101115.3,221807.705,96602.3,95650.0
1733961600.0,12446722.18349,6099890.72336,102538.4,99982.4,215219.075,101115.3,99280.2
1734048000.0,2303289.88881,5901810.70636,101869.5,101371.9,152437.318,99982.3,99149.6
1734134400.0,3958014.10153,2260149.68158,102638.0,101381.0,107680.549,101371.9,100559.8
1734220800.0,1912451.6255,6926737.19676,105374.6,104460.4,157733.916,101381.0,101200.1
1734307200.0,12840278.72976,33265718.27195,107777.0,106023.2,274395.756,104460.5,103264.6
1734393600.0,6830204.50976,7343233.76457,108366.8,106074.6,197773.912,106023.2,105252.0
1734480000.0,14958800.61738,7655857.28765,106484.6,100181.1,328581.935,106074.6,99951.1
1734566400.0,44045711.26082,15599751.06773,102756.7,97434.4,372968.463,100181.2,95681.2
1734652800.0,39755295.09228,18565323.41234,98243.0,97764.4,396188.795,97434.3,92272.6
1734739200.0,7065039.63061,7664355.28065,99485.0,97261.8,161258.48,97764.5,96375.0
1734825600.0,15054666.19904,3954342.83717,97437.9,95153.5,148114.735,97261.7,94200.0
1734912000.0,8183743.61084,7598494.48847,96499.0,94861.1,247211.855,95153.4,92464.4
1734998400.0,4294868.11641,13443395.54949,99450.0,98627.2,211610.632,94861.0,93525.6
1735084800.0,3646267.66713,5722957.2691,99580.7,99379.7,124696.892,98626.9,97570.0
1735171200.0,8237262.69215,3938939.64018,99950.0,95751.0,194857.651,99379.6,95153.0
1735257600.0,10236909.08475,6400776.12103,97564.5,94258.9,206008.243,95750.9,93440.0
1735344000.0,1057756.70546,6282445.63873,95700.0,95259.1,67991.349,94258.9,94100.0
1735430400.0,3245747.81765,1748563.05888,95300.0,93700.0,95047.934,95259.1,92961.8
1735516800.0,9027380.55777,6447926.09361,95031.6,92759.3,222343.593,93699.9,91510.0
1735603200.0,4444236.07542,4793944.08142,96254.3,93548.9,178648.116,92759.3,92000.0
1735689600.0,3056016.89746,3785636.77364,95161.2,94580.9,91236.66,93548.8,92796.5
1735776000.0,3645115.39762,9091954.98271,97822.4,96967.5,181645.495,94580.9,94357.4
1735862400.0,9928282.6611,4382371.2303,98949.0,98145.7,125220.674,96967.6,96061.5
1735948800.0,1366154.48064,13365332.16712,98760.9,98173.2,71914.634,98145.7,97438.2
1736035200.0,1299663.01753,2140464.81751,98852.6,98340.2,74949.289,98173.2,97227.0
1736121600.0,3008574.63786,7132724.84296,102444.0,102180.4,207493.329,98340.2,97872.6
1736208000.0,19549093.2456,4893528.8184,102762.1,96920.3,258711.309,102180.5,96153.0
1736294400.0,17284543.50322,16878439.25348,97242.2,95014.1,262012.113,96920.2,92500.0
1736380800.0,11840186.86508,4901690.46545,95358.7,92505.9,257760.902,95014.0,91055.8
1736467200.0,4524782.22805,13201948.32727,95882.5,94675.5,261942.954,92506.0,92173.6
1736553600.0,1513533.43083,2322118.65433,94988.0,94562.5,64661.763,94675.6,93802.1
1736640000.0,11837321.0139,943961.8025,95444.0,94499.9,77298.133,94562.4,93661.1
1736726400.0,12633365.36499,14932676.95793,95934.5,94485.3,361150.49,94499.9,88909.0
1736812800.0,5467578.22491,7667287.43147,97353.9,96514.9,212859.661,94485.4,94305.4
1736899200.0,3188035.24523,10926456.92158,100658.9,100460.0,222417.566,96514.9,96450.2
1736985600.0,12024242.21341,5908053.05182,100850.0,99937.4,216802.52,100460.0,97293.6
1737072000.0,4720305.5704,21375893.16602,105784.0,104042.5,249449.969,99937.4,99902.0
1737158400.0,10631085.01249,8360494.2221,104962.1,104524.3,167940.092,104042.6,102242.8
1737244800.0,32916002.50505,15223397.15328,106450.0,101311.5,280949.178,104524.3,99600.0
1737331200.0,30557428.4738,25655703.97249,110000.0,102247.6,530508.18,101311.5,99501.0
1737417600.0,5130682.33454,12316952.27626,107241.6,106114.5,273296.828,102247.7,100097.2
1737504000.0,3245938.13979,2982726.46102,106390.0,103664.9,151243.528,106115.4,103211.6
1737590400.0,10507771.45982,12490420.68312,106840.2,103864.1,418154.019,103664.9,101211.0
1737676800.0,4554001.75541,3697460.5266,107076.5,104808.1,165746.95,103864.0,102680.0
1737763200.0,1284126.16209,1954796.24948,105274.7,104702.0,65630.163,104808.0,104040.6
1737849600.0,6680891.16929,1136630.30497,105496.9,102560.1,75787.087,104702.0,102450.3
1737936000.0,36732103.47586,9527944.35389,103216.5,102021.3,325689.874,102560.0,97680.0
1738022400.0,6189186.78706,5990152.02462,103797.0,101279.6,169917.261,102021.3,100235.0
1738108800.0,3689197.27119,6057204.17507,104755.0,103698.2,169989.952,101279.7,101269.7
1738195200.0,1428483.4712,4708712.03102,106450.0,104676.9,136967.4,103698.1,103224.5
1738281600.0,8668877.41842,3155895.6602,106000.0,102379.7,172237.817,104676.9,101509.0
1738368000.0,11985422.54599,1910089.65081,102734.9,100603.6,90863.091,102379.8,100215.0
1738454400.0,26424543.71507,7656308.02111,101426.0,97664.5,232934.693,100603.6,96029.6
1738540800.0,42977546.78995,21483610.07115,102456.0,101293.7,455088.034,97664.5,91130.3
1738627200.0,16047665.96614,11725683.24597,101729.3,97709.9,262746.203,101293.6,96100.0
1738713600.0,7259234.24955,4565070.32583,99124.2,96553.2,151379.666,97710.0,96106.1
1738800000.0,5397693.9452,3066957.41706,99093.0,96515.1,161521.013,96553.2,95613.5
1738886400.0,7210685.51968,8881548.916,100112.4,96454.5,223373.629,96515.0,95555.0
1738972800.0,1545841.5739,2673102.03847,96850.0,96411.9,69050.432,96454.5,95600.0
1739059200.0,4679127.3478,2953804.96932,97301.7,96423.6,101177.286,96412.0,94650.1
1739145600.0,2259353.07259,5241878.5881,98328.0,97379.2,132932.545,96423.6,95200.1
1739232000.0,4570456.76716,4407217.97464,98482.2,95731.4,154832.904,97379.2,94814.3
1739318400.0,4899504.35396,8906327.39993,98090.9,97816.3,202448.079,95731.4,94003.9
1739404800.0,4834007.43384,3543712.1352,98053.8,96560.6,142240.526,97816.3,95160.1
1739491200.0,2950117.75243,7613162.69852,98792.8,97445.1,144452.957,96560.6,96225.7
1739577600.0,650451.65424,753618.22862,97941.2,97538.0,47418.593,97445.2,97170.0
1739664000.0,2685092.21305,426111.91735,97665.8,96067.0,56684.873,97538.0,96002.0
1739750400.0,5261902.93812,1982883.73385,97000.0,95743.2,105576.986,96067.0,95150.6
1739836800.0,15592594.47581,2670240.74205,96737.3,95622.0,179173.362,95743.1,93321.6
1739923200.0,1593712.71295,2030209.97709,96878.7,96598.0,124996.873,95622.0,95012.5
1740009600.0,1834003.83401,12269917.57452,98662.1,98252.9,129180.172,96597.9,96366.0
1740096000.0,18557616.20868,17157859.36957,99431.5,96127.9,250618.273,98252.8,94830.4
1740182400.0,243247.66697,3846706.71322,96988.0,96503.3,65792.15,96128.0,95701.9
1740268800.0,1639654.9554,1168675.90875,96602.9,96218.4,69298.691,96503.3,95180.2
1740355200.0,21907676.64922,4294625.76658,96470.0,91514.5,217488.75,96218.4,91300.0
1740441600.0,49747414.91154,14194492.41232,92500.0,88639.1,472296.502,91514.5,86020.4
1740528000.0,15262529.16773,14885680.88237,89367.1,84208.5,401141.821,88639.1,82222.0
1740614400.0,9950292.40408,6952971.86304,87066.0,84668.1,269408.53,84208.6,82667.0
1740700800.0,39070093.0779,15152328.46799,85084.5,84299.6,536343.231,84668.2,78200.2
1740787200.0,4225434.90349,4881527.82394,86516.5,86007.7,146996.671,84299.6,83779.0
1740873600.0,9181985.65489,51657829.55694,94971.0,94222.8,364711.538,86007.7,85015.0
1740960000.0,25739197.88752,10062189.59054,94373.4,86192.7,436032.402,94222.0,85029.0
1741046400.0,14684009.89754,15263712.69054,88931.0,87245.9,432434.798,86193.3,81200.0
1741132800.0,11515775.45136,6751731.0958,91000.0,90566.1,279001.09,87245.9,86328.0
1741219200.0,8085354.48932,6015504.32627,92780.3,89887.8,303058.632,90566.1,87790.5
1741305600.0,24529444.62762,15680668.96332,91257.7,86753.8,452474.195,89887.9,84600.0
1741392000.0,2531344.69012,1672595.79759,86876.5,86184.7,96106.187,86753.8,85108.0
1741478400.0,49202297.29103,3422097.72072,86470.6,80688.8,221609.348,86184.7,79933.4
1741564800.0,20216681.65974,11711550.98568,84031.5,78567.8,416386.797,80690.7,77410.1
1741651200.0,9809703.0028,9917456.40661,83600.0,82896.0,390779.169,78567.8,76560.0
1741737600.0,8580395.59661,9561419.51661,84487.0,83640.7,306171.124,82896.0,80578.5
1741824000.0,7825055.16339,5254352.76085,84307.1,81085.4,247960.052,83640.7,79903.4
1741910400.0,1837817.76553,5690890.81182,85270.2,83939.8,233544.708,81085.5,80772.0
1741996800.0,909204.74367,1174338.1684,84625.0,84302.9,76674.97,83939.9,83564.5
1742083200.0,15349254.40772,2706197.21533,85136.0,82541.6,174630.7,84303.0,81925.6
1742169600.0,2954715.26689,4671507.72811,84727.1,83962.9,182662.082,82541.6,82384.0
1742256000.0,4161771.11257,3613837.33027,83979.8,82666.1,188897.749,83963.0,81113.5
1742342400.0,2465662.07604,19409381.7871,86990.0,86809.8,251961.741,82666.2,82501.8
1742428800.0,7657878.66926,3086203.54094,87500.0,84183.6,242943.492,86809.8,83613.6
1742515200.0,2822986.49739,2135022.65648,84813.6,84050.3,144422.271,84183.6,83122.0
1742601600.0,855600.96103,887367.00696,84509.0,83804.9,52218.652,84050.3,83589.5
1742688000.0,370705.5335,4063371.38196,86110.9,86044.2,90899.873,83804.9,83761.2
1742774400.0,7642019.18625,6465363.26302,88752.0,87463.4,210907.484,86044.1,85478.3
1742860800.0,2637422.94939,2754552.01564,88500.0,87369.8,173505.289,87463.4,86260.0
1742947200.0,4138932.86118,2867834.60891,88270.2,86873.8,187956.695,87369.9,85816.3
1743033600.0,2524799.82127,3712499.1553,87722.4,87191.2,163451.689,86873.9,85724.5
1743120000.0,11888486.2032,3580919.287,87470.0,84380.8,222284.56,87191.2,83531.7
1743206400.0,7034942.12488,2135486.97919,84589.7,82604.7,135513.705,84380.8,81601.0
1743292800.0,10682886.24332,3233961.58346,83490.0,82352.8,109565.925,82604.8,81501.4
1743379200.0,6559828.15474,5647071.79482,83895.8,82517.5,212064.576,82353.1,81222.0
1743465600.0,3042421.3124,5567346.94173,85595.5,85120.9,197263.176,82517.5,82383.3
