longShortRatio,shortAccount,time,longAccount,high,volume,open,low,close
1.39,41.86,1602892800,58.14,11424.09,95892.966,11319.51,11250.0,11356.25
1.39,41.86,1602979200,58.14,11529.93,92472.191,11356.25,11342.54,11501.1
1.26,44.27,1603065600,55.73,11830.0,230161.648,11501.5,11404.01,11745.0
1.24,44.75,1603152000,55.25,12045.78,312811.802,11744.99,11673.0,11900.03
0.94,51.65,1603238400,48.35,13240.0,591963.069,11900.03,11876.0,12796.07
1.44,41.01,1603324800,58.99,13188.27,343851.666,12796.06,12675.5,12968.87
1.44,41.01,1603411200,58.99,13043.0,237042.526,12970.39,12725.04,12925.82
1.3,43.51,1603497600,56.49,13177.59,176146.631,12925.82,12871.07,13110.88
1.32,43.1,1603584000,56.9,13369.0,206012.652,13110.88,12715.0,13023.81
1.32,43.1,1603670400,56.9,13240.0,316503.296,13024.21,12729.0,13047.24
1.3,43.54,1603756800,56.46,13787.83,411509.506,13047.24,13041.3,13629.38
1.2,45.43,1603843200,54.57,13863.0,476993.789,13629.89,12876.0,13256.17
1.49,40.15,1603929600,59.85,13637.22,355352.336,13255.79,12965.0,13446.65
1.12,47.17,1604016000,52.83,13665.65,349890.573,13446.65,13100.0,13549.12
1.1,47.61,1604102400,52.39,14140.0,357853.23,13549.12,13403.36,13783.73
1.1,47.61,1604188800,52.39,13891.52,198395.231,13783.73,13605.9,13752.86
1.23,44.91,1604275200,55.09,13823.75,327991.768,13752.87,13195.0,13540.54
1.23,44.91,1604361600,55.09,14070.0,348730.51,13541.55,13276.33,14016.55
1.06,48.47,1604448000,51.53,14280.0,451433.42,14016.55,13512.0,14134.31
1.05,48.76,1604534400,51.24,15777.0,717489.697,14134.32,14088.01,15598.75
1.35,42.62,1604620800,57.38,15984.2,559380.06,15598.74,15177.0,15590.96
1.52,39.67,1604707200,60.33,15774.0,457582.681,15590.95,14350.0,14824.34
1.42,41.33,1604793600,58.67,15678.0,290616.393,14824.33,14710.0,15473.2
1.44,41.02,1604880000,58.98,15869.0,474181.983,15473.2,14822.0,15328.72
1.55,39.25,1604966400,60.75,15474.17,244073.495,15328.72,15071.0,15294.68
1.63,38.05,1605052800,61.95,16000.0,330772.852,15294.68,15274.89,15690.24
1.42,41.27,1605139200,58.73,16345.0,471759.126,15690.24,15437.7,16289.02
1.35,42.61,1605225600,57.39,16479.99,306656.359,16289.01,15955.6,16320.54
1.5,40.06,1605312000,59.94,16326.82,266206.937,16320.54,15700.0,16064.51
1.52,39.64,1605398400,60.36,16161.23,210318.453,16064.51,15768.0,15952.27
1.42,41.34,1605484800,58.66,16882.0,342459.329,15951.93,15862.0,16707.07
1.25,44.43,1605571200,55.57,17890.1,524094.697,16707.0,16550.0,17670.01
1.37,42.2,1605657600,57.8,18520.0,732937.097,17670.01,17215.03,17788.32
1.69,37.24,1605744000,62.76,18200.0,406500.977,17788.32,17347.27,17811.68
1.69,37.24,1605830400,62.76,18831.6,407926.802,17811.68,17748.92,18664.31
1.76,36.19,1605916800,63.81,18986.0,342412.49,18662.85,18302.08,18721.99
1.89,34.66,1606003200,65.34,18780.0,373779.417,18721.99,17645.98,18435.2
1.61,38.35,1606089600,61.65,18812.65,364221.378,18434.17,18013.97,18382.07
1.61,38.35,1606176000,61.65,19440.0,477968.289,18382.07,18000.0,19179.64
1.8,35.73,1606262400,64.27,19554.19,426276.99,19178.53,18509.12,18741.67
2.23,31.0,1606348800,69.0,18940.69,850692.856,18741.66,16181.0,17155.34
1.72,36.81,1606435200,63.19,17465.0,398072.933,17155.37,16444.83,17144.1
1.72,36.71,1606521600,63.29,17880.0,268833.749,17144.11,16865.78,17717.74
1.54,39.43,1606608000,60.57,18343.0,256024.006,17717.74,17523.0,18181.09
1.38,41.99,1606694400,58.01,19944.0,500482.574,18180.43,18178.82,19720.0
1.48,40.31,1606780800,59.69,19956.0,553885.333,19722.09,18050.0,18772.7
1.52,39.64,1606867200,60.36,19365.0,335717.482,18770.33,18329.58,19207.01
1.63,38.09,1606953600,61.91,19640.0,245020.576,19207.01,18865.0,19434.3
1.54,39.34,1607040000,60.66,19537.16,276271.939,19432.66,18570.0,18664.2
1.47,40.49,1607126400,59.51,19203.46,165912.647,18662.72,18510.0,19147.62
1.32,43.11,1607212800,56.89,19449.1,176004.606,19147.63,18855.35,19375.02
1.18,45.86,1607299200,54.14,19446.36,169402.371,19375.0,18908.66,19172.88
1.5,40.05,1607385600,59.95,19319.38,280714.132,19172.87,18133.33,18319.32
1.37,42.23,1607472000,57.77,18639.7,353123.689,18319.33,17650.0,18537.98
1.21,45.35,1607558400,54.65,18550.0,233960.241,18537.97,17916.0,18253.51
1.34,42.66,1607644800,57.34,18290.44,317866.07,18254.0,17555.0,18031.47
1.34,42.66,1607731200,57.34,18950.0,196962.282,18031.71,18012.21,18800.0
1.14,46.68,1607817600,53.32,19432.0,239760.089,18800.0,18705.46,19175.07
1.13,47.03,1607904000,52.97,19355.35,181555.823,19175.06,19004.72,19270.7
1.16,46.4,1607990400,53.6,19598.0,248744.054,19270.71,19039.64,19424.91
0.95,51.36,1608076800,48.64,21600.0,459302.012,19424.9,19274.55,21346.8
1.15,46.45,1608163200,53.55,23888.04,823435.821,21346.81,21231.5,22816.99
1.42,41.3,1608249600,58.7,23330.0,305997.222,22816.99,22363.94,23124.35
1.53,39.5,1608336000,60.5,24281.61,337535.438,23124.35,22735.81,23847.28
1.6,38.45,1608422400,61.55,24376.0,322289.774,23847.28,23076.25,23472.96
1.59,38.66,1608508800,61.34,24145.0,476456.589,23472.96,21920.0,22730.1
1.34,42.82,1608595200,57.18,23850.0,326124.313,22736.05,22387.0,23826.99
1.43,41.09,1608681600,58.91,24235.42,394754.939,23826.74,22572.52,23238.27
1.4,41.63,1608768000,58.37,23819.81,237754.257,23237.73,22700.0,23737.44
1.39,41.87,1608854400,58.13,24827.64,284523.431,23738.75,23450.0,24730.0
1.41,41.46,1608940800,58.54,26926.0,367265.555,24729.99,24507.24,26508.83
1.58,38.84,1609027200,61.16,28459.84,540264.148,26508.84,25850.0,26305.64
1.66,37.59,1609113600,62.41,27538.82,267563.468,26301.76,26117.1,27102.66
1.82,35.47,1609200000,64.53,27441.73,260759.449,27101.45,25913.01,27402.83
1.98,33.53,1609286400,66.47,29063.72,374737.655,27402.83,27401.0,28906.99
1.61,38.39,1609372800,61.61,29376.7,313648.835,28906.99,27848.0,28951.68
1.6,38.45,1609459200,61.55,29668.86,210716.398,28948.19,28627.12,29337.16
1.57,38.98,1609545600,61.02,33480.0,545541.08,29337.15,28958.24,32199.91
1.55,39.15,1609632000,60.85,34832.25,487486.989,32198.41,32000.02,33054.53
2.01,33.19,1609718400,66.81,33653.56,506128.023,33053.93,27800.0,32031.07
1.89,34.55,1609804800,65.45,34500.0,433720.833,32029.55,29900.0,33999.52
1.9,34.45,1609891200,65.55,37037.51,444019.83,33999.51,33356.46,36823.68
1.92,34.31,1609977600,65.69,40565.62,520147.908,36825.77,36337.36,39498.92
2.12,32.07,1610064000,67.93,42125.51,518080.826,39498.32,36539.77,40637.23
2.51,28.51,1610150400,71.49,41539.88,260882.805,40638.91,38733.28,40136.04
2.89,25.69,1610236800,74.31,41412.12,436759.048,40136.05,35268.0,38221.67
2.61,27.68,1610323200,72.32,38322.18,906275.651,38200.01,30448.0,35408.46
2.45,29.01,1610409600,70.99,36693.44,449065.693,35406.92,32600.0,34056.9
2.1,32.29,1610496000,67.71,37880.0,398188.088,34065.53,32420.0,37421.07
2.49,28.68,1610582400,71.32,40189.39,353142.386,37416.34,36764.33,39163.31
1.94,34.07,1610668800,65.93,39790.0,437610.113,39163.31,34478.0,36755.24
2.28,30.47,1610755200,69.53,38000.0,301102.477,36755.25,35366.0,36025.66
2.14,31.85,1610841600,68.15,36898.0,287686.129,36025.65,33863.5,35869.83
2.24,30.91,1610928000,69.09,37547.94,253386.703,35875.72,34808.47,36686.86
2.82,26.2,1611014400,73.8,37961.0,257889.419,36690.0,35850.0,35891.03
2.34,29.92,1611100800,70.08,36461.44,329192.419,35891.74,33403.0,35500.0
2.41,29.37,1611187200,70.63,35636.17,550562.277,35499.23,30069.9,30879.97
2.04,32.9,1611273600,67.1,33831.52,453568.538,30875.77,28880.0,32986.34
1.96,33.84,1611360000,66.16,33495.0,256776.411,32990.08,31405.0,32086.48
1.73,36.69,1611446400,63.31,33125.75,212107.044,32086.48,30914.2,32275.63
1.8,35.66,1611532800,64.34,34880.0,316687.524,32274.88,31921.47,32253.68
2.07,32.61,1611619200,67.39,32950.0,346861.707,32253.68,30810.0,32474.14
1.91,34.39,1611705600,65.61,32562.2,431022.839,32474.81,29240.0,30381.04
1.93,34.11,1611792000,65.89,33778.95,311528.373,30382.96,29843.33,33399.75
1.47,40.45,1611878400,59.55,38641.1,713579.785,33399.99,31960.0,34269.35
2.73,26.79,1611964800,73.21,34988.88,267861.872,34267.04,32849.06,34289.85
2.89,25.69,1612051200,74.31,34393.22,211293.891,34284.76,32193.04,33126.21
2.48,28.78,1612137600,71.22,34720.0,240632.325,33125.11,32322.47,33546.09
2.6,27.82,1612224000,72.18,36041.0,239856.23,33546.08,33450.0,35504.06
2.33,30.04,1612310400,69.96,37700.0,240308.078,35504.07,35410.0,37652.51
1.9,34.49,1612396800,65.51,38833.0,306715.022,37651.92,36233.0,36976.93
1.79,35.82,1612483200,64.18,38411.82,196277.444,36975.19,36586.68,38362.65
1.98,33.51,1612569600,66.49,40992.4,310826.315,38357.17,38269.0,39249.54
2.11,32.2,1612656000,67.8,39757.87,296721.925,39249.53,37403.27,38849.25
2.26,30.72,1612742400,69.28,47146.0,440167.093,38849.24,38037.0,46451.32
2.22,31.04,1612828800,68.96,48266.36,381477.426,46451.32,45057.65,46492.54
2.23,30.99,1612915200,69.01,47475.0,334979.017,46492.53,43770.0,44850.0
2.57,28.0,1613001600,72.0,48810.0,330540.045,44850.0,44038.97,48060.21
2.6,27.82,1613088000,72.18,49278.98,259186.288,48060.21,46121.0,47361.03
2.77,26.55,1613174400,73.45,48290.0,199965.397,47364.0,46252.1,47221.62
2.78,26.49,1613260800,73.51,49875.16,241935.666,47221.63,47093.16,48655.21
2.51,28.46,1613347200,71.54,49100.0,248960.404,48655.21,45349.21,47981.58
2.0,33.3,1613433600,66.7,50953.44,343592.011,47981.6,47101.02,49197.94
2.36,29.73,1613520000,70.27,52800.0,312007.458,49197.93,49029.62,52194.62
1.88,34.67,1613606400,65.33,52640.0,185489.89,52194.62,50948.0,51619.7
2.22,31.02,1613692800,68.98,56582.0,257911.872,51612.46,50800.0,56004.1
2.22,31.02,1613779200,68.98,57699.0,240296.308,56005.85,53905.0,55917.41
2.2,31.26,1613865600,68.74,58472.14,196820.573,55908.45,55564.5,57487.43
2.27,30.57,1613952000,69.43,57591.87,480660.187,57475.5,47751.42,54121.1
2.48,28.71,1614038400,71.29,54260.12,748737.462,54125.55,44893.82,48930.0
1.93,34.08,1614124800,65.92,51435.58,333415.219,48930.01,47000.0,49702.03
2.12,32.06,1614211200,67.94,52134.96,349943.016,49702.05,46685.43,47089.37
2.43,29.15,1614297600,70.85,48438.01,440670.32,47087.97,44100.0,46313.13
2.41,29.36,1614384000,70.64,48476.05,256027.074,46313.12,44926.77,46102.63
2.13,31.92,1614470400,68.08,46678.0,370358.825,46097.09,43002.05,45163.36
1.91,34.41,1614556800,65.59,49800.0,315659.931,45162.64,44972.49,49592.7
2.16,31.7,1614643200,68.3,50221.77,273100.435,49594.99,47058.06,48450.57
2.11,32.12,1614729600,67.88,52681.51,350311.234,48454.21,48110.66,50373.75
2.29,30.44,1614816000,69.56,51800.0,387428.957,50373.75,47500.0,48385.77
2.66,27.3,1614902400,72.7,49470.0,354602.756,48385.77,46320.0,48770.57
2.25,30.82,1614988800,69.18,49253.63,215092.91,48772.68,47090.0,48908.21
2.12,32.03,1615075200,67.97,51480.0,248398.116,48908.21,48908.21,50995.27
1.95,33.94,1615161600,66.06,52450.0,308339.866,50991.35,49310.0,52429.43
1.93,34.13,1615248000,65.87,54950.0,285604.798,52429.43,51880.0,54917.78
2.02,33.12,1615334400,66.88,57500.92,401159.493,54917.78,53061.0,55947.98
2.0,33.33,1615420800,66.67,58283.0,364681.318,55949.3,54356.44,57844.52
1.93,34.09,1615507200,65.91,58186.33,335495.042,57842.64,55074.3,57291.03
1.9,34.44,1615593600,65.56,61950.0,320322.173,57291.04,56136.0,61267.41
2.11,32.15,1615680000,67.85,61798.0,231991.901,61267.41,59005.0,59037.12
2.48,28.72,1615766400,71.28,60740.0,448820.83,59037.11,54517.28,55646.61
3.16,24.03,1615852800,75.97,56988.0,339718.202,55646.61,53335.0,56954.19
3.02,24.88,1615939200,75.12,59078.79,339397.712,56953.23,54154.93,58959.0
2.72,26.88,1616025600,73.12,60510.0,305100.026,58959.01,57072.0,57700.01
3.11,24.31,1616112000,75.69,59550.0,259039.479,57700.01,56301.27,58089.11
2.66,27.36,1616198400,72.64,59948.0,203680.149,58089.11,57881.0,58145.61
2.83,26.08,1616284800,73.92,58638.7,237518.696,58144.44,55403.55,57415.18
2.96,25.23,1616371200,74.77,58500.0,293062.947,57415.19,53635.81,54129.56
3.41,22.7,1616457600,77.3,55890.68,276199.041,54129.56,52981.4,54400.0
2.77,26.54,1616544000,73.46,57234.79,394172.526,54400.0,51666.0,52311.54
3.1,24.38,1616630400,75.62,53255.2,416848.091,52307.89,50452.08,51325.21
2.53,28.3,1616716800,71.7,55123.0,271957.842,51325.21,51260.0,55030.0
2.56,28.12,1616803200,71.88,56658.76,234435.346,55030.0,54001.0,55828.0
2.1,32.26,1616889600,67.74,56588.31,200603.768,55828.0,54694.91,55805.08
2.22,31.1,1616976000,68.9,58490.11,277215.268,55804.16,54931.15,57677.64
2.1,32.29,1617062400,67.71,59560.0,232824.065,57676.14,57110.0,58794.16
2.24,30.85,1617148800,69.15,59920.0,337038.349,58794.17,56812.0,58807.24
2.28,30.5,1617235200,69.5,59592.22,196332.114,58810.99,58002.0,58794.01
2.23,30.98,1617321600,69.02,60397.85,189391.958,58797.56,58490.03,59031.36
2.71,26.95,1617408000,73.05,59925.0,198636.171,59028.99,56900.0,57134.65
2.32,30.14,1617494400,69.86,58553.0,152454.122,57134.65,56517.23,58234.61
2.48,28.71,1617580800,71.29,59385.0,174338.646,58234.61,56808.94,59243.39
2.48,28.78,1617667200,71.22,59626.18,165562.029,59243.4,57500.0,58059.99
3.08,24.54,1617753600,75.46,58720.0,265271.707,58060.0,55536.07,56018.18
3.18,23.93,1617840000,76.07,58200.0,161389.858,56018.17,55759.13,58122.26
2.53,28.35,1617926400,71.65,58950.0,141690.144,58122.93,57700.0,58176.03
2.56,28.06,1618012800,71.94,61800.0,240907.592,58176.04,57943.95,59832.43
2.99,25.08,1618099200,74.92,60816.88,148499.824,59832.43,59304.02,60090.2
2.97,25.19,1618185600,74.81,61449.91,196147.561,60093.26,59500.0,59911.18
3.3,23.28,1618272000,76.72,63850.0,279389.492,59911.19,59873.01,63649.71
2.22,31.08,1618358400,68.92,64986.11,323454.88,63645.05,61404.0,63019.1
3.16,24.06,1618444800,75.94,63905.83,178604.198,63018.34,62157.89,63232.55
3.08,24.52,1618531200,75.48,63600.0,255765.893,63232.56,60100.0,61424.67
3.79,20.87,1618617600,79.13,62610.0,194112.299,61424.67,59620.0,60090.14
4.55,18.01,1618704000,81.99,60450.0,522006.276,60090.14,50050.0,56140.05
2.9,25.67,1618790400,74.33,57532.7,285041.716,56140.05,54200.0,55634.39
2.55,28.2,1618876800,71.8,57060.0,324494.085,55634.38,53330.82,56410.56
2.67,27.24,1618963200,72.76,56756.78,252601.972,56411.25,53610.0,53800.0
2.51,28.48,1619049600,71.52,55470.51,453489.185,53794.72,50534.34,51714.61
2.49,28.64,1619136000,71.36,52152.0,554666.026,51714.62,47546.16,51122.62
2.1,32.25,1619222400,67.75,51183.51,299663.131,51122.63,48690.0,50092.4
1.54,39.33,1619308800,60.67,50577.9,310306.501,50094.27,46930.43,49063.94
1.59,38.65,1619395200,61.35,54364.89,390494.148,49063.94,48763.0,53984.33
1.59,38.6,1619481600,61.4,55500.0,225440.361,53984.34,53225.14,55006.25
1.79,35.9,1619568000,64.1,56574.13,263170.559,55006.25,53852.0,54861.77
2.13,31.94,1619654400,68.06,55222.02,257045.19,54861.76,52350.0,53558.8
2.38,29.62,1619740800,70.38,57935.0,294683.751,53558.57,53043.62,57684.16
2.13,31.97,1619827200,68.03,58488.17,207854.398,57688.29,57051.23,57836.34
2.22,31.07,1619913600,68.93,57959.97,203712.515,57836.35,56100.0,56630.33
2.79,26.39,1620000000,73.61,59056.59,271733.972,56630.34,56500.65,57214.83
3.06,24.64,1620086400,75.36,57253.76,388988.754,57214.84,53094.59,53263.32
2.73,26.79,1620172800,73.21,57940.0,317811.705,53263.32,52880.38,57497.77
2.38,29.58,1620259200,70.42,58450.0,275471.204,57497.76,55297.91,56435.35
3.22,23.71,1620345600,76.29,58800.0,256159.504,56435.35,55300.0,57350.88
2.67,27.27,1620432000,72.73,59590.96,264906.729,57350.89,56961.25,58924.98
2.34,29.96,1620518400,70.04,59335.19,245954.014,58926.36,56316.0,58292.53
2.88,25.76,1620604800,74.24,59654.0,396237.133,58292.53,53250.0,55869.67
3.29,23.31,1620691200,76.69,56908.66,267226.104,55869.41,54541.33,56710.43
2.43,29.16,1620777600,70.84,58049.99,472329.152,56712.7,48503.74,49595.76
2.43,29.16,1620864000,70.84,51358.0,652476.689,49596.75,45596.32,49707.9
2.86,25.91,1620950400,74.09,51533.0,319069.002,49706.27,48870.41,49873.27
3.25,23.52,1621036800,76.48,50709.43,442023.496,49873.26,46584.32,46793.41
2.78,26.43,1621123200,73.57,49829.39,604537.63,46794.62,43866.0,46429.28
3.11,24.35,1621209600,75.65,46655.0,809129.365,46429.28,42151.0,43566.18
3.03,24.81,1621296000,75.19,45846.61,590358.592,43565.11,42268.0,42882.53
3.94,20.24,1621382400,79.76,43615.93,1373851.849,42882.54,28688.0,36689.14
1.71,36.93,1621468800,63.07,42460.0,775185.113,36689.14,34882.0,40500.3
1.59,38.56,1621555200,61.44,42270.42,930671.747,40500.0,33400.0,37211.02
1.26,44.24,1621641600,55.76,38851.34,588166.784,37210.01,35201.11,37432.58
1.37,42.14,1621728000,57.86,38261.71,996815.017,37436.0,31096.7,34651.6
1.64,37.86,1621814400,62.14,39917.09,707903.071,34656.53,34366.0,38779.66
1.75,36.33,1621900800,63.67,39790.05,598836.411,38783.58,36439.32,38326.84
1.61,38.28,1621987200,61.72,40900.0,577032.81,38326.84,37804.76,39224.2
2.26,30.66,1622073600,69.34,40438.82,543338.566,39224.21,37133.22,38527.38
1.59,38.68,1622160000,61.32,38888.35,832363.425,38527.38,34689.57,35670.99
1.69,37.15,1622246400,62.85,37375.0,733902.825,35670.99,33650.0,34611.94
1.87,34.91,1622332800,65.09,36501.0,511834.746,34611.95,33356.0,35651.81
1.45,40.85,1622419200,59.15,37500.0,635082.121,35651.8,34150.0,37243.38
1.41,41.5,1622505600,58.5,37893.76,590822.54,37244.36,35500.0,36693.41
2.01,33.18,1622592000,66.82,38232.99,441719.806,36694.37,35905.0,37569.99
1.24,44.6,1622678400,55.4,39470.0,507429.005,37570.0,37150.15,39247.4
1.67,37.51,1622764800,62.49,39297.35,700625.866,39247.4,35552.51,36828.03
1.58,38.7,1622851200,61.3,37900.49,631028.448,36828.03,34800.0,35498.62
1.62,38.24,1622937600,61.76,36521.16,443601.064,35497.93,35201.86,35801.71
1.78,36.04,1623024000,63.96,36820.0,636735.873,35801.71,33200.0,33550.96
1.59,38.69,1623110400,61.31,34061.57,976693.026,33550.97,30969.0,33372.58
1.43,41.21,1623196800,58.79,37511.31,1031014.087,33372.58,32390.0,37368.45
0.93,51.96,1623283200,48.04,38489.0,803185.699,37369.99,35750.0,36669.66
1.03,49.23,1623369600,50.77,37679.54,586122.898,36669.65,35900.0,37300.42
0.85,53.97,1623456000,46.03,37432.95,623532.476,37300.41,34585.9,35537.05
1.11,47.51,1623542400,52.49,39374.18,647035.314,35535.95,34739.06,38993.65
0.99,50.32,1623628800,49.68,41000.0,704979.881,38993.66,38720.0,40489.1
1.09,47.8,1623715200,52.2,41413.0,632066.994,40489.1,39500.0,40132.86
1.26,44.32,1623801600,55.68,40495.0,673235.496,40132.86,38105.0,38344.97
1.61,38.32,1623888000,61.68,39565.0,603849.861,38344.97,37334.76,38060.71
2.25,30.77,1623974400,69.23,38198.0,790379.249,38060.71,35100.0,35811.41
2.0,33.37,1624060800,66.63,36471.8,642185.382,35811.41,34704.08,35483.0
1.81,35.62,1624147200,64.38,36155.0,829896.441,35483.01,33312.0,35588.64
2.0,33.33,1624233600,66.67,35746.28,1397330.662,35588.63,31250.51,31606.0
1.98,33.54,1624320000,66.46,33274.0,1531824.85,31606.0,28780.01,32496.0
1.31,43.23,1624406400,56.77,34867.77,960700.369,32496.0,31711.5,33649.0
1.61,38.33,1624492800,61.67,35406.74,774899.165,33650.0,32300.0,34644.64
1.22,44.96,1624579200,55.04,35500.0,1093051.375,34644.65,31250.0,31568.07
1.74,36.45,1624665600,63.55,32720.52,1091384.749,31569.18,30120.0,32255.56
1.6,38.48,1624752000,61.52,34762.0,897147.453,32250.15,31960.0,34687.71
1.21,45.23,1624838400,54.77,35279.38,706158.545,34687.71,33855.0,34487.22
1.18,45.9,1624924800,54.1,36623.0,806140.329,34486.58,34206.0,35911.26
1.08,48.14,1625011200,51.86,36089.96,719742.983,35910.64,34042.74,35031.39
1.52,39.71,1625097600,60.29,35044.98,758966.493,35031.39,32672.04,33489.96
1.26,44.18,1625184000,55.82,33960.0,664923.202,33489.96,32684.0,33760.94
1.35,42.49,1625270400,57.51,34948.16,510614.258,33760.94,33296.98,34652.94
1.31,43.37,1625356800,56.63,35955.55,451001.556,34653.32,34340.75,35280.16
1.46,40.69,1625443200,59.31,35281.55,736706.409,35280.17,33032.0,33672.72
1.38,42.1,1625529600,57.9,35120.0,644229.007,33672.72,33500.0,34206.01
1.38,42.1,1625616000,57.9,35089.56,456218.909,34206.0,33756.48,33845.64
1.38,42.1,1625702400,57.9,33910.0,650317.664,33845.63,32066.0,32852.04
1.8,35.73,1625788800,64.27,34100.0,485662.879,32855.0,32250.0,33805.01
1.28,43.94,1625875200,56.06,34248.58,410271.979,33805.01,33010.0,33497.98
1.15,46.59,1625961600,53.41,34629.62,343905.35,33497.98,33306.03,34253.81
0.96,51.13,1626048000,48.87,34662.73,502747.758,34253.88,32650.0,33070.87
2.11,32.11,1626134400,67.89,33336.0,466567.713,33070.86,32186.99,32709.09
2.12,32.04,1626220800,67.96,33176.47,521140.41,32708.66,31556.02,32803.01
2.05,32.84,1626307200,67.16,33170.0,539111.667,32803.0,31140.0,31866.43
2.7,27.04,1626393600,72.96,32245.0,516577.743,31865.53,31018.59,31382.95
1.73,36.59,1626480000,63.41,31945.0,422650.418,31382.96,31150.02,31496.65
1.77,36.09,1626566400,63.91,32435.93,412189.401,31496.65,31075.1,31767.0
2.08,32.51,1626652800,67.49,31890.0,486305.627,31765.23,30358.77,30823.62
2.02,33.14,1626739200,66.86,31050.0,602688.19,30823.62,29242.24,29775.9
1.43,41.17,1626825600,58.83,32883.9,787077.39,29775.89,29472.41,32120.0
1.43,41.11,1626912000,58.89,32583.48,397258.936,32120.0,31700.0,32268.11
1.24,44.62,1626998400,55.38,33650.0,404650.016,32268.12,31970.82,33634.46
1.19,45.62,1627084800,54.38,34471.0,376046.028,33631.74,33379.81,34230.0
1.09,47.96,1627171200,52.04,35400.0,404114.844,34230.0,33812.0,35370.66
0.94,51.46,1627257600,48.54,48168.6,1162332.857,35370.67,35185.49,37218.09
1.32,43.1,1627344000,56.9,39546.34,675104.157,37218.09,36384.31,39442.33
1.36,42.38,1627430400,57.62,40894.0,736196.234,39448.06,38753.0,40003.08
0.92,52.13,1627516800,47.87,40665.0,463917.872,40003.08,39203.83,40012.9
0.95,51.24,1627603200,48.76,42316.6,561474.309,40012.89,38320.0,42203.25
1.0,49.91,1627689600,50.09,42494.0,381521.899,42202.6,41030.19,41448.11
1.0,49.95,1627776000,50.05,42614.98,487529.044,41448.1,39350.4,39846.78
1.19,45.7,1627862400,54.3,40450.0,451872.128,39846.78,38658.0,39147.48
1.52,39.71,1627948800,60.29,39774.93,517219.517,39147.47,37600.0,38203.26
1.68,37.39,1628035200,62.61,39975.32,479560.473,38201.33,37500.0,39731.31
1.55,39.29,1628121600,60.71,41350.0,746249.712,39731.31,37291.0,40882.4
1.04,48.99,1628208000,51.01,43400.0,653451.154,40882.39,39849.82,42825.43
0.92,52.13,1628294400,47.87,44753.01,583750.891,42825.43,42395.2,44601.11
0.93,51.91,1628380800,48.09,45350.0,553684.698,44601.11,43265.0,43787.71
0.93,51.92,1628467200,48.08,46483.0,626220.503,43787.71,42785.0,46259.7
0.86,53.67,1628553600,46.33,46800.0,460478.861,46259.7,44670.05,45589.99
1.24,44.69,1628640000,55.31,46754.27,390660.571,45589.99,45354.0,45522.12
1.13,46.99,1628726400,53.01,46226.67,468276.056,45522.13,43800.0,44385.09
1.34,42.72,1628812800,57.28,47980.69,438025.46,44385.09,44208.88,47792.52
1.03,49.16,1628899200,50.84,48300.0,374368.796,47792.52,46000.0,47083.74
1.44,40.91,1628985600,59.09,47388.75,370950.807,47083.75,45480.0,47006.02
1.51,39.9,1629072000,60.1,48074.23,412537.605,47006.02,45682.03,45926.23
1.9,34.54,1629158400,65.46,47194.0,474316.4,45926.23,44412.01,44704.84
2.03,33.01,1629244800,66.99,46050.0,395836.158,44704.85,44227.32,44714.09
1.95,33.95,1629331200,66.05,47100.0,439402.162,44714.09,43938.38,46772.0
1.36,42.34,1629417600,57.66,49500.0,401499.081,46772.0,46650.0,49332.74
1.03,49.29,1629504000,50.71,49833.0,347594.451,49332.99,48250.0,48848.29
0.99,50.24,1629590400,49.76,49556.2,294672.223,48846.11,48075.81,49273.28
1.1,47.71,1629676800,52.29,50600.0,355733.496,49273.28,49075.01,49523.91
1.33,42.88,1629763200,57.12,49888.88,398682.002,49523.23,47600.0,47719.36
1.71,36.96,1629849600,63.04,49297.8,389100.384,47719.37,47130.57,48992.65
1.69,37.17,1629936000,62.83,49380.0,475183.123,48992.65,46280.0,46853.06
1.89,34.56,1630022400,65.44,49220.0,403667.012,46854.22,46359.97,49083.98
1.41,41.43,1630108800,58.57,49333.0,222793.024,49082.13,48395.65,48931.99
1.35,42.64,1630195200,57.36,49769.2,315105.499,48931.99,47741.31,48795.41
1.31,43.31,1630281600,56.69,48916.25,351830.754,48795.42,46876.49,47024.7
1.88,34.78,1630368000,65.22,48298.0,365548.209,47024.69,46731.03,47150.32
2.13,31.99,1630454400,68.01,49160.79,350108.374,47150.32,46550.99,48842.94
1.61,38.36,1630540800,61.64,50420.0,361863.055,48842.93,48631.2,49299.14
1.29,43.68,1630627200,56.32,51111.0,430326.386,49299.14,48333.0,50027.08
1.28,43.92,1630713600,56.08,50582.08,274956.842,50027.09,49360.0,49940.74
1.44,41.05,1630800000,58.95,51950.0,288984.124,49942.2,49462.59,51799.57
0.94,51.46,1630886400,48.54,52830.0,297734.284,51799.56,51040.0,52683.97
1.05,48.88,1630972800,51.12,52950.0,764140.139,52683.98,42088.0,46864.39
1.97,33.66,1631059200,66.34,47347.0,435803.011,46864.38,44431.0,46062.29
1.85,35.1,1631145600,64.9,47400.0,309015.75,46060.02,45500.0,46413.88
1.94,34.07,1631232000,65.93,47037.5,343533.069,46413.88,44120.0,44860.83
2.18,31.43,1631318400,68.57,45999.0,194144.115,44860.83,44737.4,45193.78
1.94,34.05,1631404800,65.95,46512.2,223534.63,45194.19,44746.51,46046.73
1.91,34.36,1631491200,65.64,46933.89,448942.068,46048.02,43323.93,44975.96
2.2,31.23,1631577600,68.77,47272.98,277925.721,44975.96,44692.9,47087.18
1.24,44.69,1631664000,55.31,48440.93,244226.37,47087.18,46675.0,48106.12
1.19,45.62,1631750400,54.38,48488.0,260044.727,48106.13,47038.21,47745.55
1.36,42.3,1631836800,57.7,48150.0,226193.34,47745.55,46750.0,47303.11
1.66,37.63,1631923200,62.37,48850.0,207900.413,47303.11,47044.32,48285.15
1.43,41.14,1632009600,58.86,48364.64,212631.933,48284.61,46840.0,47256.91
1.85,35.08,1632096000,64.92,47345.0,600764.629,47256.92,42467.86,43026.6
2.12,32.03,1632182400,67.97,43629.6,683242.002,43026.61,39503.58,40726.1
1.79,35.82,1632268800,64.18,43989.98,400849.752,40727.83,40551.49,43520.0
1.52,39.71,1632355200,60.29,44976.48,330253.525,43520.0,43056.0,44828.29
1.17,46.09,1632441600,53.91,45134.33,608595.52,44828.29,40650.0,42798.49
1.48,40.31,1632528000,59.69,42950.0,277084.795,42798.49,41630.26,42651.58
1.31,43.35,1632614400,56.65,43940.0,354393.916,42646.84,40725.01,43150.0
1.25,44.49,1632700800,55.51,44350.0,285311.606,43150.01,42059.13,42122.69
1.44,40.97,1632787200,59.03,42749.0,359745.538,42122.69,40854.0,41006.32
1.83,35.31,1632873600,64.69,42576.8,293307.589,41002.96,40708.73,41499.71
2.07,32.6,1632960000,67.4,44100.0,389185.646,41499.7,41387.78,43796.57
1.03,49.38,1633046400,50.62,48450.0,449491.768,43799.49,43260.01,48123.94
0.78,56.06,1633132800,43.94,48338.68,182565.988,48123.93,47410.0,47626.61
0.91,52.37,1633219200,47.63,49304.12,212410.375,47626.62,47071.26,48187.3
0.99,50.34,1633305600,49.66,49544.48,324424.837,48187.99,46885.29,49198.22
0.8,55.48,1633392000,44.52,51888.0,314043.813,49199.78,49009.21,51455.12
0.73,57.79,1633478400,42.21,56416.02,418731.748,51460.22,50410.0,55321.6
0.94,51.44,1633564800,48.56,55337.8,262974.545,55327.45,53374.34,53814.99
1.12,47.1,1633651200,52.9,56208.73,255210.035,53814.99,53647.3,53975.0
1.36,42.41,1633737600,57.59,55589.0,167495.393,53974.99,53656.66,54960.77
1.19,45.57,1633824000,54.43,56789.0,289072.818,54960.79,54101.0,54700.0
1.22,45.11,1633910400,54.89,57880.0,314868.05,54700.0,54458.0,57500.01
0.96,50.97,1633996800,49.03,57756.52,349147.775,57500.01,53750.0,56011.84
1.23,44.89,1634083200,55.11,57822.38,327714.318,56011.83,54271.24,57393.65
0.98,50.53,1634169600,49.47,58586.67,254719.751,57393.65,56800.0,57378.19
1.12,47.22,1634256000,52.78,63997.61,493366.513,57377.12,56900.0,61702.33
1.03,49.22,1634342400,50.78,62444.23,213251.899,61702.33,60220.0,60925.56
1.31,43.39,1634428800,56.61,61796.47,240132.514,60925.56,58850.0,61571.45
1.43,41.18,1634515200,58.82,62800.0,333278.481,61571.45,59897.61,62037.92
1.39,41.88,1634601600,58.12,64500.0,379243.718,62037.92,61300.0,64316.7
0.99,50.26,1634688000,49.74,67150.0,324737.868,64314.75,63518.81,66064.24
1.13,46.92,1634774400,53.08,66750.0,478610.458,66064.25,62000.0,62260.33
1.96,33.78,1634860800,66.22,63796.2,350359.527,62260.33,60011.9,60734.27
2.29,30.36,1634947200,69.64,61780.0,222553.478,60734.28,59622.0,61325.11
2.18,31.46,1635033600,68.54,61550.0,245816.821,61325.09,59504.46,60902.82
2.41,29.34,1635120000,70.66,63795.98,234201.1,60902.82,60701.0,63127.04
1.97,33.66,1635206400,66.34,63362.06,252256.924,63129.25,59838.05,60358.75
2.85,26.0,1635292800,74.0,61550.0,329112.396,60358.74,57865.0,58449.36
2.78,26.46,1635379200,73.54,62641.26,333323.116,58449.36,57550.0,60622.03
2.66,27.35,1635465600,72.65,63069.71,218355.773,60622.02,60222.0,62308.22
2.37,29.68,1635552000,70.32,62415.85,156041.523,62308.21,60631.23,61895.19
2.77,26.53,1635638400,73.47,62462.99,183599.524,61895.19,60008.0,61348.61
3.35,23.0,1635724800,77.0,62543.58,246158.361,61347.14,59400.0,60942.87
3.27,23.43,1635811200,76.57,64349.55,217592.062,60942.87,60659.58,63266.69
2.24,30.88,1635897600,69.12,63613.0,211190.183,63266.69,60300.0,62946.45
2.91,25.59,1635984000,74.41,63149.0,184677.079,62946.45,60703.0,61431.86
3.58,21.84,1636070400,78.16,62671.48,157569.637,61433.9,60762.0,61006.0
3.76,20.99,1636156800,79.01,61645.75,154919.118,61006.0,60100.0,61511.3
3.24,23.57,1636243200,76.43,63377.58,142878.208,61511.3,61368.26,63316.4
2.57,28.05,1636329600,71.95,67932.89,274932.146,63316.4,63308.7,67606.96
1.85,35.1,1636416000,64.9,68675.16,231843.834,67606.96,66300.0,67009.98
2.02,33.07,1636502400,66.93,69198.7,347835.573,67010.65,62400.51,64920.13
2.43,29.15,1636588800,70.85,65646.98,178279.275,64920.13,64147.12,64831.3
2.78,26.45,1636675200,73.55,65500.0,264576.325,64831.2,62313.0,64156.08
3.4,22.73,1636761600,77.27,65073.24,124466.493,64156.08,63430.01,64427.0
3.34,23.05,1636848000,76.95,65569.99,146424.701,64426.99,63640.0,65568.39
3.35,22.99,1636934400,77.01,66395.05,210026.602,65568.38,63351.58,63654.49
3.94,20.23,1637020800,79.77,63655.77,475025.706,63654.49,58397.14,60106.03
4.06,19.78,1637107200,80.22,60848.85,287388.873,60106.03,58336.68,60366.96
4.21,19.19,1637193600,80.81,60999.0,412021.672,60366.97,56505.48,56921.05
4.23,19.14,1637280000,80.86,58333.0,245356.121,56921.04,55604.0,58069.51
3.88,20.5,1637366400,79.5,59873.84,173697.342,58069.52,57372.0,59716.29
3.52,22.12,1637452800,77.88,60052.82,143887.271,59716.28,58518.88,58661.39
3.57,21.88,1637539200,78.12,59624.56,326184.881,58648.87,55600.0,56268.31
4.52,18.13,1637625600,81.87,57888.0,267790.325,56268.31,55250.0,57574.23
3.94,20.26,1637712000,79.74,57775.27,194683.757,57574.24,55900.0,57165.08
4.12,19.54,1637798400,80.46,59449.62,191912.653,57165.09,57029.0,58988.21
3.34,23.04,1637884800,76.96,59186.41,378650.919,58988.36,53500.0,53755.65
5.69,14.94,1637971200,85.06,55300.0,155119.117,53755.66,53640.69,54738.77
5.09,16.42,1638057600,83.58,57474.76,213600.615,54738.77,53245.0,57315.73
4.33,18.77,1638144000,81.23,58924.21,215111.466,57315.72,56715.0,57827.98
3.1,24.38,1638230400,75.62,59224.99,337624.148,57827.97,55900.0,56975.0
4.02,19.91,1638316800,80.09,59100.0,273959.104,56978.06,56500.0,57209.29
4.31,18.82,1638403200,81.18,57428.49,249985.255,57209.28,55800.0,56513.57
4.63,17.75,1638489600,82.25,57670.0,374132.016,56513.56,50604.0,53612.0
5.78,14.74,1638576000,85.26,53889.69,598774.989,53611.86,40888.89,49135.66
2.81,26.25,1638662400,73.75,49699.49,286434.382,49135.66,47755.0,49376.6
2.03,33.06,1638748800,66.94,50888.0,357711.029,49373.83,47000.0,50424.72
1.81,35.62,1638835200,64.38,51929.0,224670.618,50424.72,50012.0,50577.2
1.63,37.99,1638921600,62.01,51210.6,238229.884,50577.2,48533.33,50455.61
1.91,34.36,1639008000,65.64,50773.03,273086.086,50459.61,47312.89,47539.76
2.36,29.74,1639094400,70.26,50188.42,302974.429,47539.34,46828.23,47136.35
2.28,30.46,1639180800,69.54,49499.05,210959.992,47132.31,46724.35,49381.15
1.74,36.52,1639267200,63.48,50768.0,183434.285,49379.51,48616.16,50057.01
1.42,41.28,1639353600,58.72,50180.0,348551.322,50057.02,45600.0,46679.93
2.46,28.89,1639440000,71.11,48657.92,266213.627,46679.93,46255.6,48324.04
2.0,33.36,1639526400,66.64,49479.75,345239.891,48324.0,46518.73,48870.48
1.86,34.94,1639612800,65.06,49439.79,215874.187,48870.48,47500.0,47624.5
2.23,30.98,1639699200,69.02,47988.27,326458.135,47629.1,45373.11,46125.33
3.23,23.63,1639785600,76.37,47336.99,191006.415,46125.33,45438.43,46815.99
2.87,25.85,1639872000,74.15,48461.17,241698.541,46815.99,46399.37,46668.63
2.82,26.17,1639958400,73.83,47533.42,273804.259,46668.65,45530.67,46898.14
2.49,28.66,1640044800,71.34,49298.78,260008.358,46896.82,46650.0,48875.15
1.33,42.97,1640131200,57.03,49599.0,208463.689,48875.88,48420.02,48569.69
1.66,37.57,1640217600,62.43,51377.74,255885.48,48569.69,48020.0,50817.92
1.66,37.57,1640304000,62.43,51805.0,220208.725,50817.94,50379.25,50808.55
1.7,37.04,1640390400,62.96,51190.0,147662.438,50809.37,50105.0,50403.64
2.01,33.2,1640476800,66.8,51300.0,184800.616,50403.64,49350.0,50765.73
2.17,31.54,1640563200,68.46,52134.0,216225.263,50765.73,50450.0,50707.72
1.94,33.97,1640649600,66.03,50713.56,336083.34,50707.72,47290.0,47522.03
3.1,24.4,1640736000,75.6,48125.97,274795.378,47522.02,46000.0,46436.54
3.21,23.77,1640822400,76.23,47911.68,229931.288,46436.53,45880.0,47095.02
2.88,25.78,1640908800,74.22,48575.0,287186.003,47095.02,45650.0,46210.56
3.72,21.19,1640995200,78.81,47943.77,179433.584,46210.57,46210.55,47704.35
2.84,26.02,1641081600,73.98,48000.0,184795.093,47704.35,46605.68,47280.0
2.89,25.7,1641168000,74.3,47575.22,244781.793,47280.01,45665.4,46445.81
4.37,18.63,1641254400,81.37,47524.36,292149.75,46445.8,45445.57,45833.42
4.17,19.35,1641340800,80.65,47075.29,485477.569,45833.41,42270.0,43421.69
3.78,20.91,1641427200,79.09,43766.0,299509.851,43421.7,42385.83,43080.01
3.74,21.12,1641513600,78.88,43135.0,473214.849,43080.01,40456.56,41553.86
3.17,24.0,1641600000,76.0,42335.0,283737.224,41553.87,40500.0,41688.05
2.98,25.13,1641686400,74.87,42773.85,223134.952,41688.05,41170.0,41851.22
2.83,26.09,1641772800,73.91,42219.84,453644.116,41851.22,39610.0,41801.55
2.64,27.46,1641859200,72.54,43118.0,323760.691,41801.55,41255.0,42700.68
1.97,33.7,1641945600,66.3,44300.0,281339.294,42700.69,42415.0,43880.72
2.36,29.76,1642032000,70.24,44396.68,289289.18,43880.72,42301.16,42534.32
2.79,26.41,1642118400,73.59,43450.0,272517.077,42538.72,41666.0,43042.4
2.23,30.98,1642204800,69.02,43800.0,184649.157,43042.4,42530.64,43070.51
2.23,30.98,1642291200,69.02,43464.71,177450.475,43070.51,42531.69,43060.66
2.39,29.53,1642377600,70.47,43159.32,232748.345,43060.66,41523.68,42176.34
3.18,23.93,1642464000,76.07,42680.0,267472.465,42176.34,41260.0,42337.58
2.68,27.16,1642550400,72.84,42545.0,333952.095,42337.58,41115.64,41657.89
2.73,26.8,1642636800,73.2,43495.0,399818.052,41656.9,40550.0,40661.69
3.19,23.85,1642723200,76.15,41095.76,790320.909,40662.06,35380.92,36425.98
2.55,28.19,1642809600,71.81,36817.74,676272.904,36426.46,33950.0,35043.73
1.89,34.6,1642896000,65.4,36496.92,369372.903,35043.73,34588.8,36230.01
1.82,35.44,1642982400,64.56,37528.0,823000.702,36230.0,32853.83,36648.31
1.29,43.61,1643068800,56.39,37561.03,409535.517,36648.3,35693.0,36934.26
1.19,45.67,1643155200,54.33,38886.58,554457.384,36934.26,36232.42,36787.43
1.26,44.35,1643241600,55.65,37200.0,422006.922,36787.42,35471.53,37131.0
1.27,44.13,1643328000,55.87,38000.0,367509.143,37131.0,36149.02,37696.21
0.96,51.14,1643414400,48.86,38750.94,238657.764,37696.22,37252.0,38150.01
0.95,51.31,1643500800,48.69,38420.3,195029.125,38150.0,37334.83,37870.01
0.95,51.35,1643587200,48.65,38741.73,318440.392,37870.0,36620.0,38439.04
0.73,57.83,1643673600,42.17,39260.26,353354.121,38439.04,37969.0,38680.51
0.83,54.6,1643760000,45.4,38834.18,337570.934,38680.51,36529.81,36892.03
1.25,44.5,1643846400,55.5,37395.0,318656.228,36892.05,36204.3,37289.86
1.25,44.47,1643932800,55.53,41741.76,520105.77,37287.33,37011.0,41550.0
0.76,56.81,1644019200,43.19,41922.0,242184.07,41550.0,40920.0,41374.69
0.73,57.75,1644105600,42.25,42656.8,215323.95,41374.68,41100.0,42361.35
0.82,54.97,1644192000,45.03,44541.16,418053.774,42361.34,41609.76,43829.99
0.89,52.81,1644278400,47.19,45600.0,468015.421,43829.99,42641.0,44021.57
1.11,47.46,1644364800,52.54,44826.0,300270.062,44021.58,43089.08,44358.08
1.11,47.5,1644451200,52.5,45847.5,563922.075,44358.09,43136.96,43471.29
1.29,43.64,1644537600,56.36,43900.0,414646.193,43471.3,41914.23,42366.0
1.52,39.64,1644624000,60.36,42980.0,256269.325,42365.99,41540.0,42199.87
1.67,37.43,1644710400,62.57,42755.97,192068.012,42199.88,41850.0,42041.13
1.72,36.83,1644796800,63.17,42888.0,303990.933,42041.12,41526.0,42525.14
1.34,42.71,1644883200,57.29,44777.0,276735.421,42525.14,42406.23,44529.6
1.19,45.68,1644969600,54.32,44536.8,255790.287,44529.7,43277.8,43860.7
1.36,42.36,1645056000,57.64,44150.0,433958.984,43860.8,40020.1,40491.7
1.99,33.49,1645142400,66.51,40944.1,377679.782,40491.8,39422.0,39966.8
1.89,34.61,1645228800,65.39,40438.7,185624.675,39966.8,39610.3,40052.6
2.08,32.43,1645315200,67.57,40100.1,329740.444,40052.6,37905.0,38368.1
2.02,33.11,1645401600,66.89,39510.0,646391.815,38367.9,36762.0,36986.4
1.92,34.2,1645488000,65.8,38450.0,465313.497,36986.4,36310.1,38212.0
1.92,34.2,1645574400,65.8,39250.0,408056.255,38212.1,36963.2,37227.8
1.65,37.81,1645660800,62.19,40376.1,919820.907,37227.9,34303.7,38315.1
1.23,44.83,1645747200,55.17,39750.0,416316.366,38316.2,37999.2,39205.4
1.1,47.73,1645833600,52.27,40441.1,251892.201,39205.4,38561.7,39099.3
1.14,46.79,1645920000,53.21,39868.6,423197.247,39099.3,36934.6,37672.0
1.43,41.2,1646006400,58.8,44341.0,615391.161,37672.1,37414.4,43155.0
1.04,48.97,1646092800,51.03,44935.0,448483.646,43155.0,42765.4,44394.1
0.94,51.46,1646179200,48.54,45350.0,407603.721,44393.6,43321.0,43885.7
0.99,50.27,1646265600,49.73,44080.0,365565.832,43885.8,41831.0,42449.5
1.42,41.35,1646352000,58.65,42525.3,469138.374,42449.6,38521.0,39127.7
1.82,35.48,1646438400,64.52,39580.0,198747.893,39127.7,38547.6,39375.1
2.2,31.28,1646524800,68.72,39690.0,311705.26,39375.0,38056.0,38401.1
2.11,32.15,1646611200,67.85,39550.0,490254.516,38401.1,37134.0,37963.8
2.19,31.39,1646697600,68.61,39340.5,421462.367,37963.7,37853.0,38709.9
1.83,35.31,1646784000,64.69,42647.5,462059.811,38709.9,38638.7,41937.5
1.24,44.6,1646870400,55.4,42034.3,520645.186,41939.5,38512.0,39407.2
1.24,44.6,1646956800,55.4,40242.0,467078.892,39407.1,38200.1,38713.0
1.24,44.6,1647043200,55.4,39578.4,172494.825,38713.1,38630.0,38792.6
1.24,44.6,1647129600,55.4,39300.0,236623.694,38792.7,37500.0,37743.7
1.24,44.6,1647216000,55.4,39989.0,360058.358,37743.0,37522.1,39653.8
1.85,35.1,1647302400,64.9,39901.8,345019.243,39651.6,38073.8,39271.0
1.29,43.69,1647388800,56.31,41804.0,650589.661,39270.9,38700.0,41105.8
1.21,45.25,1647475200,54.75,41498.4,243988.794,41105.9,40442.8,40898.1
1.37,42.21,1647561600,57.79,42322.8,299134.443,40898.0,40084.2,41751.5
1.37,42.21,1647648000,57.79,42446.6,186459.954,41751.6,41500.0,42188.2
1.05,48.68,1647734400,51.32,42269.3,235774.129,42188.2,40900.0,41261.0
1.3,43.47,1647820800,56.53,41544.4,308396.46,41261.0,40430.0,40982.0
1.65,37.73,1647907200,62.27,43517.7,374297.674,40982.0,40852.0,42349.8
1.29,43.67,1647993600,56.33,43051.0,282631.74,42349.9,41731.3,42867.9
1.37,42.18,1648080000,57.82,44200.0,331440.057,42867.8,42525.0,43973.4
0.76,56.92,1648166400,43.08,45142.0,348620.122,43973.2,43575.1,44290.6
0.75,57.24,1648252800,42.76,44785.0,140712.587,44290.6,44041.0,44489.2
0.82,54.85,1648339200,45.15,47047.0,269280.228,44489.3,44416.0,46820.8
0.85,53.97,1648425600,46.03,48200.0,317565.782,46820.9,46651.2,47121.9
0.88,53.21,1648512000,46.79,48100.0,259040.835,47121.8,46911.0,47418.5
1.02,49.48,1648598400,50.52,47688.6,235009.892,47418.5,46535.0,47053.2
1.2,45.52,1648684800,54.48,47619.4,299837.61,47053.1,45185.0,45506.0
1.54,39.32,1648771200,60.68,46700.0,360734.553,45505.9,44206.2,46266.2
1.81,35.65,1648857600,64.35,47236.8,226413.357,46266.2,45600.0,45794.6
1.81,35.65,1648944000,64.35,47448.0,212589.013,45792.3,45501.0,46392.4
1.86,34.95,1649030400,65.05,46895.5,272796.541,46392.3,45094.0,46580.9
1.67,37.42,1649116800,62.58,47188.0,257524.639,46580.9,45300.0,45477.4
1.67,37.42,1649203200,62.58,45494.2,384359.375,45477.5,43100.0,43159.7
1.67,37.42,1649289600,62.58,43888.0,229567.98,43159.8,42685.0,43417.1
1.67,37.42,1649376000,62.58,43968.1,310095.829,43417.1,42074.0,42229.2
1.67,37.42,1649462400,62.58,42796.7,119722.654,42229.1,42100.3,42727.7
2.62,27.64,1649548800,72.36,43399.4,181904.47,42727.8,41838.0,42140.4
2.62,27.64,1649635200,72.36,42399.9,439530.02,42140.3,39136.7,39505.6
2.58,27.96,1649721600,72.04,40700.0,349883.631,39505.6,39224.0,40060.7
3.03,24.81,1649808000,75.19,41580.0,324910.931,40060.7,39569.8,41129.8
2.27,30.59,1649894400,69.41,41474.8,261966.391,41129.8,39522.0,39915.9
2.89,25.69,1649980800,74.31,40888.0,194680.671,39915.9,39734.2,40529.5
2.59,27.87,1650067200,72.13,40700.0,127705.057,40529.6,39944.9,40361.0
2.56,28.09,1650153600,71.91,40574.1,170331.824,40360.9,39510.0,39649.1
2.88,25.78,1650240000,74.22,41310.0,362435.319,39649.1,38465.7,40785.6
2.3,30.3,1650326400,69.7,41788.0,214404.271,40785.7,40543.7,41472.9
2.05,32.76,1650412800,67.24,42166.8,257382.427,41472.9,40800.0,41327.7
1.95,33.87,1650499200,66.13,42966.0,393149.956,41326.0,39630.0,40449.8
2.51,28.5,1650585600,71.5,40786.1,314935.753,40449.7,39133.0,39674.2
3.32,23.16,1650672000,76.84,40000.0,125046.817,39674.3,39259.0,39415.1
3.12,24.26,1650758400,75.74,39930.6,180371.762,39413.8,38884.1,39433.4
3.12,24.29,1650844800,75.71,40650.0,448877.893,39433.4,38111.0,40411.0
2.64,27.46,1650931200,72.54,40800.0,453132.198,40411.0,37671.8,38093.7
3.39,22.8,1651017600,77.2,39470.0,385645.365,38093.7,37844.5,39209.0
3.39,22.8,1651104000,77.2,40376.6,413543.408,39209.0,38861.8,39732.5
3.39,22.8,1651190400,77.2,39924.8,308116.375,39732.5,38160.0,38572.2
2.71,26.98,1651276800,73.02,38782.6,181810.382,38572.2,37550.0,37614.5
3.18,23.95,1651363200,76.05,38680.6,236549.462,37614.4,37350.0,38440.5
3.01,24.97,1651449600,75.03,39222.0,336845.365,38440.2,38032.2,38525.6
2.45,28.96,1651536000,71.04,38674.7,248986.222,38525.5,37500.1,37712.9
3.55,21.96,1651622400,78.04,40071.7,424498.818,37713.0,37655.2,39684.0
1.75,36.32,1651708800,63.68,39845.0,547209.0,39684.1,35388.0,36534.7
3.84,20.65,1651795200,79.35,36679.3,431979.24,36533.7,35200.0,35995.3
3.33,23.11,1651881600,76.89,36138.0,200264.833,35995.2,34700.0,35466.7
3.4,22.75,1651968000,77.25,35504.0,426872.584,35466.7,33665.0,34032.0
2.93,25.48,1652054400,74.52,34243.3,1078779.712,34032.1,30003.6,30056.6
2.93,25.48,1652140800,74.52,32650.0,863178.961,30056.0,29701.4,31002.1
2.93,25.48,1652227200,74.52,32197.6,1101875.972,31002.1,27651.0,29074.7
2.41,29.3,1652313600,70.7,30257.0,964475.589,29077.9,26631.0,29020.7
1.57,38.95,1652400000,61.05,31072.6,507620.105,29020.8,28730.4,29274.3
1.42,41.25,1652486400,58.75,30352.2,315756.895,29274.2,28602.3,30079.8
1.74,36.46,1652572800,63.54,31462.0,336773.139,30079.5,29448.0,31324.4
1.45,40.81,1652659200,59.19,31327.4,507243.166,31324.3,29052.3,29866.7
1.49,40.11,1652745600,59.89,30794.0,398624.519,29866.4,29420.0,30437.0
1.49,40.13,1652832000,59.87,30700.0,426700.457,30437.0,28629.6,28700.6
1.93,34.12,1652918400,65.88,30550.0,448856.724,28700.6,28670.5,30319.9
1.12,47.24,1653004800,52.76,30784.4,485439.171,30319.9,28702.0,29188.9
2.36,29.79,1653091200,70.21,29650.0,202804.089,29188.9,28927.0,29427.4
1.86,34.99,1653177600,65.01,30500.0,297116.44,29427.4,29223.6,30284.0
1.2,45.46,1653264000,54.54,30658.0,475720.75,30284.0,28840.7,29097.7
2.19,31.34,1653350400,68.66,29887.3,382124.449,29097.8,28637.6,29643.1
2.36,29.76,1653436800,70.24,30246.7,413459.484,29643.0,29330.0,29536.7
1.77,36.07,1653523200,63.93,29877.0,602137.086,29536.7,27952.1,29194.0
1.52,39.72,1653609600,60.28,29387.0,506638.884,29194.0,28259.6,28623.2
2.18,31.45,1653696000,68.55,29265.7,193644.283,28623.3,28520.0,29018.8
1.73,36.7,1653782400,63.3,29595.2,215139.934,29018.8,28825.0,29452.8
1.43,41.13,1653868800,58.87,32307.6,502712.176,29452.6,29301.1,31726.5
1.26,44.18,1653955200,55.82,32427.5,383688.265,31726.5,31222.0,31797.8
1.22,45.01,1654041600,54.99,31986.1,556992.756,31797.9,29300.0,29796.9
1.96,33.75,1654128000,66.25,30750.0,370924.687,29796.9,29566.1,30437.1
1.55,39.22,1654214400,60.78,30693.2,357110.377,30437.1,29220.0,29682.8
2.24,30.86,1654300800,69.14,29988.0,187520.534,29682.8,29456.0,29848.4
2.01,33.21,1654387200,66.79,30250.0,205385.831,29848.5,29524.0,29909.9
1.77,36.15,1654473600,63.85,31780.0,436522.874,29910.0,29876.2,31361.2
0.84,54.44,1654560000,45.56,31599.0,691714.985,31361.2,29190.0,31118.1
1.01,49.82,1654646400,50.18,31325.0,455686.637,31118.0,29825.0,30192.5
1.62,38.17,1654732800,61.83,30691.9,307312.175,30192.6,29914.5,30093.3
2.05,32.75,1654819200,67.25,30374.1,445928.659,30093.4,28805.0,29077.7
2.72,26.89,1654905600,73.11,29427.9,391367.814,29077.7,28080.0,28416.7
2.64,27.46,1654992000,72.54,28530.3,560834.131,28416.6,26538.7,26564.7
2.37,29.71,1655078400,70.29,26877.0,1622521.56,26564.7,21900.0,22471.5
1.71,36.86,1655164800,63.14,23424.2,1247609.796,22471.4,20823.0,22122.7
1.66,37.54,1655251200,62.46,22800.0,1509301.169,22122.7,20100.2,22567.5
1.68,37.38,1655337600,62.62,23000.0,882634.22,22567.5,20222.0,20387.4
2.4,29.39,1655424000,70.61,21388.0,776153.257,20387.4,20228.0,20457.3
2.74,26.71,1655510400,73.29,20768.4,1268591.388,20457.3,17593.2,18959.7
1.55,39.16,1655596800,60.84,20821.0,1089275.674,18959.7,17935.9,20564.2
1.23,44.85,1655683200,55.15,21099.9,935816.13,20564.3,19630.0,20570.1
1.05,48.87,1655769600,51.13,21740.0,787173.936,20570.0,20337.8,20713.1
1.07,48.24,1655856000,51.76,20888.0,812184.193,20713.1,19745.7,19977.4
1.26,44.33,1655942400,55.67,21250.0,698753.04,19977.5,19874.0,21096.6
0.99,50.39,1656028800,49.61,21563.5,645450.778,21096.6,20732.5,21231.2
0.96,51.07,1656115200,48.93,21627.6,434117.447,21231.2,20894.0,21481.9
0.89,53.03,1656201600,46.97,21888.0,442787.736,21481.9,20952.0,21029.1
1.1,47.61,1656288000,52.39,21560.0,539335.009,21029.1,20500.0,20730.0
1.23,44.83,1656374400,55.17,21198.0,582916.108,20730.0,20188.0,20268.6
1.59,38.69,1656460800,61.31,20430.0,608905.99,20268.7,19817.2,20109.9
1.66,37.56,1656547200,62.44,20165.0,859981.415,20109.9,18563.0,19923.5
1.69,37.16,1656633600,62.84,20926.4,915399.363,19923.3,18948.8,19272.0
1.61,38.31,1656720000,61.69,19456.0,382851.525,19272.0,18959.0,19240.9
1.66,37.6,1656806400,62.4,19645.4,449508.331,19241.0,18780.1,19305.9
1.64,37.85,1656892800,62.15,20350.0,633310.187,19306.0,19046.3,20226.6
1.13,46.87,1656979200,53.13,20749.2,854238.867,20226.3,19291.6,20170.0
0.93,51.9,1657065600,48.1,20667.6,682076.458,20170.1,19753.0,20554.1
0.92,52.18,1657152000,47.82,21830.0,699841.616,20554.2,20244.9,21613.4
0.65,60.68,1657238400,39.32,22579.9,848144.495,21614.5,21175.2,21587.9
0.81,55.35,1657324800,44.65,22000.0,393372.366,21587.8,21309.6,21580.0
0.97,50.72,1657411200,49.28,21594.2,468176.539,21580.0,20600.0,20853.8
1.27,44.09,1657497600,55.91,20853.9,561245.987,20853.8,19870.0,19954.3
1.44,40.91,1657584000,59.09,20048.9,640560.723,19954.3,19228.3,19322.9
1.61,38.27,1657670400,61.73,20401.6,975938.165,19322.9,18901.0,20220.1
1.33,42.93,1657756800,57.07,20900.0,765989.53,20220.1,19600.0,20578.6
1.01,49.88,1657843200,50.12,21200.0,626763.692,20578.6,20364.3,20823.1
0.86,53.88,1657929600,46.12,21580.0,539206.87,20823.1,20471.0,21183.5
0.82,54.82,1658016000,45.18,21674.1,485537.728,21183.6,20742.0,20794.4
0.86,53.85,1658102400,46.15,22800.0,982867.734,20794.4,20764.4,22423.9
0.94,51.68,1658188800,48.32,23817.9,1124029.082,22423.5,21575.0,23385.9
0.65,60.77,1658275200,39.23,24277.0,946647.815,23385.9,22912.4,23221.5
0.82,54.92,1658361600,45.08,23441.1,723543.466,23221.5,22340.2,23144.5
0.96,51.05,1658448000,48.95,23750.0,633907.934,23144.5,22500.0,22675.1
1.12,47.19,1658534400,52.81,22990.0,505887.673,22675.0,21933.5,22440.2
1.23,44.78,1658620800,55.22,22999.0,462958.953,22440.1,22256.4,22570.6
1.05,48.83,1658707200,51.17,22656.8,695770.655,22570.6,21232.0,21300.0
1.53,39.52,1658793600,60.48,21334.4,552498.903,21300.0,20689.6,21241.0
1.5,40.06,1658880000,59.94,23100.0,753370.303,21241.0,21031.0,22941.1
0.87,53.44,1658966400,46.56,24194.6,756741.836,22941.1,22583.1,23836.2
0.74,57.41,1659052800,42.59,24500.0,642337.051,23836.2,23426.3,23771.1
0.71,58.47,1659139200,41.53,24700.0,493824.816,23771.0,23505.0,23629.9
0.77,56.37,1659225600,43.63,24187.3,385969.85,23630.0,23222.0,23290.1
0.91,52.36,1659312000,47.64,23497.0,498378.292,23290.1,22836.2,23257.6
1.0,49.99,1659398400,50.01,23448.7,625227.912,23257.6,22603.0,22975.1
1.17,46.14,1659484800,53.86,23650.0,569261.768,22975.1,22665.3,22801.5
1.33,42.89,1659571200,57.11,23211.3,548268.816,22801.5,22370.0,22608.9
1.71,36.85,1659657600,63.15,23450.0,593992.13,22608.9,22580.6,23298.1
1.29,43.66,1659744000,56.34,23341.8,227659.394,23298.0,22883.6,22943.3
1.38,42.07,1659830400,57.93,23400.0,271512.062,22943.2,22830.9,23167.8
1.35,42.58,1659916800,57.42,24243.0,565084.219,23167.9,23153.1,23804.4
1.02,49.52,1660003200,50.48,23913.4,498286.943,23804.3,22850.0,23140.2
2.08,32.49,1660089600,67.51,24235.2,760738.204,23140.1,22608.0,23940.9
1.19,45.7,1660176000,54.3,24972.0,760455.245,23941.0,23840.6,23917.2
1.12,47.19,1660262400,52.81,24438.8,477734.045,23917.3,23560.0,24387.5
1.23,44.94,1660348800,55.06,24879.0,431093.659,24387.5,24267.5,24429.0
0.93,51.8,1660435200,48.2,25065.0,437314.32,24429.0,24138.0,24294.1
1.23,44.94,1660521600,55.06,25200.0,739390.721,24294.1,23762.0,24085.2
1.58,38.77,1660608000,61.23,24234.0,460919.994,24085.2,23650.0,23843.0
1.84,35.25,1660694400,64.75,24437.0,640600.903,23843.0,23170.0,23333.1
2.28,30.5,1660780800,69.5,23595.0,347699.006,23333.1,23101.0,23185.1
1.99,33.41,1660867200,66.59,23200.0,906609.825,23185.0,20760.0,20824.9
2.01,33.21,1660953600,66.79,21368.9,490507.042,20825.0,20742.9,21127.8
2.17,31.55,1661040000,68.45,21804.6,424282.424,21127.7,21055.0,21505.6
2.04,32.91,1661126400,67.09,21550.0,588764.597,21505.6,20858.6,21387.0
2.15,31.74,1661212800,68.26,21667.2,609745.27,21387.0,20874.8,21518.2
2.15,31.74,1661299200,68.26,21925.6,502728.198,21518.2,21132.3,21354.9
2.15,31.74,1661385600,68.26,21810.9,415757.992,21355.0,21295.3,21548.3
1.65,37.77,1661472000,62.23,21867.6,896474.356,21548.3,20100.0,20228.7
1.95,33.96,1661558400,66.04,20367.7,469598.024,20228.7,19744.0,20023.9
2.01,33.25,1661644800,66.75,20155.0,386405.195,20024.0,19508.0,19547.5
2.13,31.97,1661731200,68.03,20440.0,598076.669,19547.5,19539.4,20275.5
1.84,35.24,1661817600,64.76,20574.0,767714.993,20275.5,19524.4,19803.1
2.4,29.39,1661904000,70.61,20496.0,711639.339,19803.2,19787.9,20041.5
1.87,34.79,1661990400,65.21,20198.3,691594.721,20041.4,19555.0,20122.5
2.16,31.7,1662076800,68.3,20434.3,669047.816,20122.6,19736.0,19941.0
2.38,29.55,1662163200,70.45,20050.0,285240.989,19941.0,19628.7,19820.7
2.91,25.59,1662249600,74.41,20022.4,396798.184,19820.7,19570.0,19992.7
2.47,28.84,1662336000,71.16,20046.7,446706.41,19992.7,19620.2,19784.9
2.91,25.58,1662422400,74.42,20174.7,945489.142,19784.9,18600.0,18781.5
3.03,24.79,1662508800,75.21,19455.0,595636.693,18781.4,18500.0,19287.0
1.91,34.36,1662595200,65.64,19450.0,537268.644,19287.0,19003.8,19309.3
1.72,36.72,1662681600,63.28,21666.0,992497.1,19309.3,19283.0,21352.0
0.81,55.23,1662768000,44.77,21825.0,491543.206,21352.0,21112.2,21639.5
0.73,57.97,1662854400,42.03,21883.4,420979.326,21639.5,21336.0,21820.3
0.67,59.88,1662940800,40.12,22474.0,818601.932,21820.3,21540.0,22386.0
0.66,60.27,1663027200,39.73,22850.0,1218769.927,22386.0,19840.0,20162.5
1.66,37.59,1663113600,62.41,20528.5,661802.597,20162.6,19600.0,20217.0
2.14,31.86,1663200000,68.14,20315.0,665862.067,20217.0,19453.0,19690.8
2.74,26.75,1663286400,73.25,19878.0,544608.804,19690.8,19300.0,19792.5
2.34,29.9,1663372800,70.1,20182.6,334678.558,19792.4,19739.4,20102.0
2.19,31.32,1663459200,68.68,20105.3,499916.474,20102.0,19325.8,19404.5
2.86,25.94,1663545600,74.06,19686.3,993776.352,19404.5,18215.0,19528.6
1.98,33.55,1663632000,66.45,19625.0,794623.932,19528.6,18690.1,18866.8
2.34,29.91,1663718400,70.09,20154.1,1168068.979,18866.7,18084.3,18447.5
2.86,25.94,1663804800,74.06,19504.8,852898.391,18447.5,18345.2,19392.5
1.73,36.7,1663891200,63.3,19492.0,838493.746,19392.5,18518.5,19280.7
2.09,32.36,1663977600,67.64,19304.5,377158.215,19280.7,18798.0,18911.0
2.09,32.36,1664064000,67.64,19196.0,410461.603,18910.9,18621.0,18799.7
2.46,28.94,1664150400,71.06,19311.5,777807.518,18799.7,18671.0,19216.3
1.65,37.77,1664236800,62.23,20375.0,1300566.158,19216.3,18801.5,19070.1
2.5,28.54,1664323200,71.46,19787.6,1141222.772,19070.1,18460.0,19407.3
1.25,44.53,1664409600,55.47,19648.8,991678.224,19407.4,18827.2,19582.5
1.39,41.8,1664496000,58.2,20172.7,1071462.934,19582.5,19066.0,19411.7
1.7,37.08,1664582400,62.92,19474.0,294457.009,19411.6,19140.0,19304.0
2.01,33.23,1664668800,66.77,19389.0,414970.451,19304.0,18896.0,19049.4
2.61,27.73,1664755200,72.27,19723.7,621816.329,19049.3,18950.8,19622.0
1.32,43.05,1664841600,56.95,20500.0,796678.762,19621.9,19480.1,20333.0
0.72,58.02,1664928000,41.98,20356.1,719577.149,20332.9,19707.0,20150.0
0.92,52.07,1665014400,47.93,20443.9,782034.669,20149.9,19843.3,19954.0
1.2,45.49,1665100800,54.51,20067.0,673407.102,19954.0,19304.4,19520.9
2.22,31.09,1665187200,68.91,19619.6,253257.201,19520.9,19200.0,19406.2
2.23,30.96,1665273600,69.04,19550.0,267178.795,19406.3,19310.0,19430.0
2.41,29.29,1665360000,70.71,19513.0,560920.904,19430.0,19000.0,19124.0
3.0,25.0,1665446400,75.0,19260.0,603358.324,19124.1,18850.0,19055.0
3.07,24.55,1665532800,75.45,19240.0,406770.288,19055.0,18924.3,19148.0
2.45,29.03,1665619200,70.97,19498.6,1104615.001,19148.1,17917.8,19365.5
1.83,35.37,1665705600,64.63,19947.9,861453.21,19365.4,19059.6,19164.6
2.01,33.2,1665792000,66.8,19218.8,241520.185,19164.6,18966.0,19060.4
2.23,30.97,1665878400,69.03,19415.9,267921.192,19060.4,19058.0,19251.9
2.29,30.36,1665964800,69.64,19666.0,502319.759,19251.8,19148.0,19540.6
1.42,41.27,1666051200,58.73,19706.4,634343.154,19540.7,19081.0,19320.9
1.9,34.48,1666137600,65.52,19349.8,404370.458,19320.9,19050.0,19116.7
2.49,28.66,1666224000,71.34,19350.0,537627.048,19116.6,18882.4,19034.7
2.89,25.69,1666310400,74.31,19240.0,581878.905,19034.8,18600.0,19150.9
2.24,30.83,1666396800,69.17,19250.0,174055.042,19151.0,19103.5,19195.1
1.83,35.32,1666483200,64.68,19690.0,358611.542,19195.1,19050.0,19560.7
1.32,43.1,1666569600,56.9,19593.3,476676.536,19560.6,19146.0,19318.1
1.84,35.23,1666656000,64.77,20415.0,777306.534,19318.1,19228.0,20068.3
0.8,55.46,1666742400,44.54,21030.0,841864.982,20068.3,20041.1,20758.3
0.75,57.14,1666828800,42.86,20863.7,614910.045,20758.4,20170.0,20285.5
0.95,51.29,1666915200,48.71,20740.0,595538.882,20285.6,19951.0,20582.8
0.95,51.38,1667001600,48.62,21088.0,482217.17,20582.7,20547.8,20796.7
0.74,57.44,1667088000,42.56,20925.2,295389.69,20796.7,20503.0,20615.6
0.83,54.64,1667174400,45.36,20838.7,478797.266,20615.5,20225.4,20482.0
1.16,46.35,1667260800,53.65,20687.0,314676.187,20482.1,20320.0,20472.1
1.16,46.3,1667347200,53.7,20796.0,651535.761,20472.1,20050.0,20140.1
1.57,38.87,1667433600,61.13,20400.0,372121.061,20140.2,20026.0,20199.7
1.62,38.17,1667520000,61.83,21297.0,824515.215,20199.8,20171.6,21137.6
0.81,55.21,1667606400,44.79,21473.7,303983.372,21137.6,21071.1,21289.9
0.75,57.3,1667692800,42.7,21355.8,277148.646,21289.8,20863.3,20900.0
0.9,52.54,1667779200,47.46,21062.6,554408.316,20900.0,20374.0,20578.6
1.69,37.17,1667865600,62.83,20685.0,2046476.313,20578.5,16830.0,18534.0
1.69,37.17,1667952000,62.83,18574.9,2065606.412,18533.9,15462.6,15905.0
2.51,28.53,1668038400,71.47,18230.0,1497093.602,15905.0,15730.0,17588.0
2.01,33.19,1668124800,66.81,17678.0,955344.602,17588.0,16343.0,17058.3
2.22,31.08,1668211200,68.92,17110.8,304455.717,17058.4,16623.8,16806.9
1.96,33.84,1668297600,66.16,16950.0,349742.836,16806.9,16210.3,16321.2
2.44,29.07,1668384000,70.93,17188.0,934392.484,16321.3,15805.5,16605.2
2.4,29.41,1668470400,70.59,17127.2,649349.458,16605.3,16516.7,16888.3
1.53,39.49,1668556800,60.51,17007.4,537241.645,16888.3,16358.0,16650.6
2.29,30.44,1668643200,69.56,16741.7,408989.285,16650.7,16403.3,16682.1
1.7,37.08,1668729600,62.92,16984.4,388612.842,16682.1,16541.1,16689.7
2.01,33.24,1668816000,66.76,16814.5,171822.915,16689.7,16543.8,16692.9
1.92,34.31,1668902400,65.69,16743.9,327599.214,16693.0,16167.1,16272.6
2.27,30.61,1668988800,69.39,16304.3,790219.365,16272.7,15443.2,15773.0
2.64,27.46,1669075200,72.54,16309.0,579333.644,15772.9,15610.3,16220.6
1.99,33.42,1669161600,66.58,16703.4,546714.91,16220.5,16155.5,16595.8
1.54,39.35,1669248000,60.65,16800.0,351024.418,16595.8,16450.0,16592.4
1.39,41.79,1669334400,58.21,16639.9,306560.116,16592.5,16331.7,16516.1
1.44,40.97,1669420800,59.03,16699.1,253401.659,16516.2,16369.1,16449.2
1.49,40.19,1669507200,59.81,16594.2,189370.345,16449.2,16396.0,16422.6
1.56,39.01,1669593600,60.99,16475.0,497137.869,16422.5,15984.1,16204.5
1.91,34.32,1669680000,65.68,16543.0,391410.854,16204.6,16088.0,16433.2
1.54,39.34,1669766400,60.66,17248.3,620324.95,16433.3,16421.5,17153.3
1.25,44.45,1669852800,55.55,17348.5,411051.309,17153.4,16851.2,16970.5
1.21,45.24,1669939200,54.76,17096.3,335039.215,16970.5,16760.0,17083.0
1.24,44.66,1670025600,55.34,17160.0,185257.242,17083.0,16850.1,16879.5
1.31,43.29,1670112000,56.71,17206.2,292090.868,16879.5,16874.1,17099.5
1.2,45.53,1670198400,54.47,17430.0,519961.39,17099.5,16860.6,16958.3
1.5,40.07,1670284800,59.93,17100.0,321330.613,16958.2,16899.9,17078.6
1.42,41.27,1670371200,58.73,17130.0,337778.925,17078.7,16655.0,16828.0
1.61,38.37,1670457600,61.63,17294.9,402157.335,16828.0,16710.4,17216.0
1.01,49.66,1670544000,50.34,17365.4,290231.183,17216.0,17052.0,17122.0
1.02,49.48,1670630400,50.52,17228.6,141895.207,17122.0,17081.0,17120.0
1.06,48.53,1670716800,51.47,17265.0,171004.111,17120.1,17060.0,17077.3
1.17,45.99,1670803200,54.01,17237.9,335856.258,17077.3,16865.0,17200.0
1.14,46.74,1670889600,53.26,18100.0,596851.291,17200.0,17076.0,17777.1
0.85,53.97,1670976000,46.03,18400.0,627511.699,17777.1,17659.4,17803.9
0.81,55.15,1671062400,44.85,17849.5,437284.037,17804.0,17258.0,17351.8
1.37,42.24,1671148800,57.76,17528.0,622150.245,17351.9,16521.1,16624.1
1.8,35.7,1671235200,64.3,16790.0,248465.273,16624.1,16571.8,16768.0
2.0,33.3,1671321600,66.7,16872.0,185898.213,16768.1,16656.0,16730.3
1.97,33.66,1671408000,66.34,16809.6,344728.552,16730.4,16210.0,16429.2
2.0,33.35,1671494400,66.65,17049.6,476171.098,16429.2,16390.3,16887.2
1.62,38.22,1671580800,61.78,16924.2,227752.335,16887.3,16694.2,16819.6
1.64,37.85,1671667200,62.15,16861.9,306610.961,16819.7,16556.1,16815.5
1.95,33.92,1671753600,66.08,16960.0,264553.42,16815.5,16690.0,16776.4
1.78,35.99,1671840000,64.01,16859.9,82410.79,16776.3,16774.4,16828.9
1.68,37.3,1671926400,62.7,16850.0,144075.843,16829.0,16700.0,16824.4
1.71,36.85,1672012800,63.15,16936.8,148128.699,16824.5,16781.1,16912.9
1.72,36.76,1672099200,63.24,16968.0,262828.564,16912.8,16580.0,16698.2
2.21,31.16,1672185600,68.84,16778.3,344649.858,16698.2,16455.6,16539.0
2.32,30.13,1672272000,69.87,16659.0,208591.531,16538.9,16485.1,16630.3
2.19,31.34,1672358400,68.66,16666.6,295630.49,16630.3,16320.0,16601.2
2.26,30.67,1672444800,69.33,16640.0,134462.156,16601.2,16461.8,16537.6
2.22,31.04,1672531200,68.96,16618.8,105502.965,16537.5,16488.0,16610.3
2.13,32.0,1672617600,68.0,16799.0,215161.176,16610.4,16541.2,16666.0
1.96,33.8,1672704000,66.2,16774.0,203070.205,16665.9,16600.3,16667.2
2.02,33.11,1672790400,66.89,16984.6,349747.838,16667.3,16645.7,16842.1
1.55,39.22,1672876800,60.78,16872.8,176369.347,16842.2,16740.4,16823.8
1.51,39.84,1672963200,60.16,17030.0,316973.629,16823.8,16664.8,16943.8
1.43,41.18,1673049600,58.82,16973.6,77973.105,16943.9,16900.1,16936.5
1.32,43.18,1673136000,56.82,17181.1,157717.318,16936.5,16905.0,17124.7
1.42,41.33,1673222400,58.67,17387.8,400277.809,17124.6,17098.2,17169.7
1.04,48.92,1673308800,51.08,17485.4,297320.371,17169.6,17140.4,17428.8
0.9,52.56,1673395200,47.44,18013.2,386277.106,17428.8,17306.4,17935.7
0.9,52.59,1673481600,47.41,19120.0,1040334.76,17935.6,17902.4,18838.0
0.79,55.79,1673568000,44.21,19997.8,806807.832,18838.1,18711.0,19924.2
0.8,55.65,1673654400,44.35,21544.0,1010666.683,19924.3,19882.6,20962.8
0.91,52.38,1673740800,47.62,21073.8,428486.559,20962.8,20556.0,20882.7
0.9,52.61,1673827200,47.39,21498.0,666148.201,20882.7,20606.6,21188.3
0.76,56.93,1673913600,43.07,21640.0,547390.593,21188.2,20827.8,21130.9
0.76,56.92,1674000000,43.08,21672.0,813785.517,21130.8,20386.0,20680.0
0.8,55.44,1674086400,44.56,21183.9,374733.617,20680.1,20659.9,21068.3
0.77,56.57,1674172800,43.43,22750.0,723645.2,21068.3,20856.4,22661.1
0.83,54.55,1674259200,45.45,23390.0,764681.1,22661.0,22422.0,22781.9
0.84,54.48,1674345600,45.52,23080.2,482529.811,22781.8,22287.0,22704.6
1.0,49.91,1674432000,50.09,23193.1,525802.84,22704.7,22500.0,22913.1
0.98,50.41,1674518400,49.59,23158.7,505615.816,22913.3,22450.0,22627.4
1.04,49.07,1674604800,50.93,23837.4,692786.607,22627.5,22310.5,23060.6
1.16,46.33,1674691200,53.67,23278.7,427760.786,23060.6,22843.8,23001.9
1.25,44.49,1674777600,55.51,23500.0,509920.307,23001.9,22516.6,23068.0
1.08,48.02,1674864000,51.98,23185.0,186400.943,23068.1,22870.8,23015.9
1.21,45.2,1674950400,54.8,23962.7,562028.231,23016.0,22961.5,23740.3
0.85,54.05,1675036800,45.95,23804.6,572537.407,23740.2,22484.2,22819.9
1.25,44.51,1675123200,55.49,23330.0,403726.966,22819.9,22715.3,23119.4
1.09,47.79,1675209600,52.21,23852.4,571429.711,23119.5,22747.0,23730.0
0.83,54.55,1675296000,45.45,24281.4,615740.338,23730.1,23365.0,23493.1
1.01,49.81,1675382400,50.19,23719.9,470831.438,23493.0,23201.0,23424.7
1.31,43.28,1675468800,56.72,23591.4,197118.393,23424.7,23250.0,23322.6
1.4,41.64,1675555200,58.36,23436.0,356665.034,23322.6,22741.0,22929.2
1.59,38.62,1675641600,61.38,23159.4,417160.143,22929.3,22600.0,22757.7
1.54,39.43,1675728000,60.57,23368.6,447273.494,22757.8,22742.4,23234.1
1.32,43.1,1675814400,56.9,23450.0,383465.481,23234.1,22662.9,22955.9
1.61,38.26,1675900800,61.74,23007.8,732295.35,22955.9,21684.7,21793.4
1.52,39.75,1675987200,60.25,21933.8,439986.497,21793.3,21405.0,21618.6
1.64,37.85,1676073600,62.15,21891.9,189249.667,21618.6,21594.4,21851.3
1.76,36.26,1676160000,63.74,22080.9,276787.093,21851.2,21618.0,21771.1
1.75,36.35,1676246400,63.65,21888.0,511595.693,21771.0,21338.0,21766.2
1.69,37.18,1676332800,62.82,22320.0,598791.509,21766.1,21485.2,22187.4
1.33,42.89,1676419200,57.11,24420.0,824676.471,22187.4,22038.5,24332.6
0.93,51.85,1676505600,48.15,25290.0,959463.159,24332.7,23518.0,23526.6
0.79,56.02,1676592000,43.98,25043.2,922717.148,23526.6,23350.0,24581.5
0.9,52.73,1676678400,47.27,24887.5,261555.556,24581.3,24430.6,24636.9
0.9,52.55,1676764800,47.45,25200.0,543506.628,24636.8,24179.4,24265.9
0.99,50.15,1676851200,49.85,25140.0,646401.072,24265.9,23827.0,24849.9
0.94,51.66,1676937600,48.34,25347.6,729290.575,24849.9,24150.0,24443.4
1.42,41.27,1677024000,58.73,24468.5,730414.101,24443.3,23572.0,24171.3
1.69,37.13,1677110400,62.87,24588.0,751339.414,24171.3,23590.0,23928.8
1.77,36.08,1677196800,63.92,24138.6,731577.942,23928.7,22800.0,23175.6
2.18,31.44,1677283200,68.56,23210.5,310795.648,23175.5,22700.0,23146.2
2.06,32.69,1677369600,67.31,23675.0,371395.056,23146.2,23050.0,23545.3
1.85,35.12,1677456000,64.88,23888.0,576754.966,23545.2,23088.0,23480.0
1.82,35.5,1677542400,64.5,23592.8,456919.838,23480.0,23010.0,23129.6
1.85,35.07,1677628800,64.93,24022.7,617250.311,23129.7,23008.4,23619.8
1.65,37.68,1677715200,62.32,23790.5,419256.601,23619.8,23183.0,23457.1
1.93,34.1,1677801600,65.9,23468.5,608518.137,23457.1,21883.2,22342.8
2.18,31.46,1677888000,68.54,22400.0,175309.211,22342.8,22147.5,22335.7
2.1,32.29,1677974400,67.71,22650.0,282261.745,22335.8,22174.9,22419.4
2.05,32.83,1678060800,67.17,22594.5,298976.397,22419.3,22240.1,22397.1
1.97,33.67,1678147200,66.33,22550.0,548494.099,22397.1,21908.0,22187.1
2.17,31.59,1678233600,68.41,22276.4,547867.967,22187.1,21540.5,21695.4
2.15,31.75,1678320000,68.25,21823.0,951903.36,21695.3,20003.5,20348.3
2.22,31.06,1678406400,68.94,20351.8,1238135.265,20348.4,19521.6,20140.3
1.95,33.87,1678492800,66.13,20674.5,753479.558,20140.3,19752.5,20447.3
1.72,36.79,1678579200,63.21,22184.0,881522.402,20447.3,20262.2,21986.2
1.41,41.57,1678665600,58.43,24517.2,1534982.176,21986.2,21804.0,24119.5
0.85,53.97,1678752000,46.03,26489.9,1572562.635,24119.5,23951.0,24682.5
1.02,49.62,1678838400,50.38,25200.0,1102056.429,24682.5,23888.0,24288.0
1.06,48.58,1678924800,51.42,25167.9,735446.946,24287.9,24120.5,24990.4
0.95,51.28,1679011200,48.72,27763.4,1341159.064,24990.5,24875.3,27384.0
0.79,55.96,1679097600,44.04,27726.4,740232.316,27383.9,26555.5,26907.0
0.71,58.57,1679184000,41.43,28397.0,759367.078,26907.0,26815.9,27955.7
0.76,56.95,1679270400,43.05,28483.2,937223.448,27955.8,27120.6,27704.1
0.77,56.46,1679356800,43.54,28460.0,685487.714,27704.1,27288.0,28091.1
0.73,57.84,1679443200,42.16,28881.0,1080393.27,28091.1,26590.0,27233.8
0.86,53.91,1679529600,46.09,28777.0,808174.047,27233.8,27101.0,28284.1
0.71,58.66,1679616000,41.34,28369.1,696075.37,28284.0,26960.0,27438.9
0.94,51.47,1679702400,48.53,27788.0,335674.055,27439.0,27131.8,27447.3
0.94,51.65,1679788800,48.35,28186.9,399756.985,27447.2,27400.0,27954.3
0.83,54.77,1679875200,45.23,28019.4,642434.822,27954.3,26480.0,27112.0
1.1,47.55,1679961600,52.45,27500.0,585080.772,27112.0,26610.0,27249.7
0.97,50.76,1680048000,49.24,28649.9,655852.971,27249.7,27223.6,28338.5
0.7,58.98,1680134400,41.02,29184.8,770966.1,28338.6,27654.1,28015.0
0.92,52.0,1680220800,48.0,28675.3,611557.29,28015.0,27500.0,28454.9
0.72,58.12,1680307200,41.88,28845.3,256487.222,28454.8,28180.0,28443.8
0.74,57.43,1680393600,42.57,28516.5,316658.67,28443.7,27820.0,28161.2
0.92,52.06,1680480000,47.94,28540.0,741665.563,28161.3,27166.0,27786.1
1.1,47.68,1680566400,52.32,28450.0,432370.612,27786.1,27650.2,28155.2
0.88,53.18,1680652800,46.82,28800.0,543712.838,28155.1,27775.0,28154.0
1.06,48.54,1680739200,51.46,28175.0,355916.782,28154.0,27684.2,28022.8
1.14,46.65,1680825600,53.35,28096.0,219250.178,28022.9,27755.0,27890.7
1.23,44.76,1680912000,55.24,28153.6,159129.56,27890.7,27850.1,27924.9
1.21,45.34,1680998400,54.66,28539.1,305861.88,27924.9,27762.8,28309.4
0.9,52.54,1681084800,47.46,29840.0,580061.925,28309.4,28153.6,29623.1
0.6,62.33,1681171200,37.67,30564.0,628978.491,29623.1,29573.9,30185.1
0.64,60.94,1681257600,39.06,30480.0,563668.43,30185.1,29620.0,29875.0
0.8,55.46,1681344000,44.54,30648.9,436182.494,29874.9,29836.7,30362.7
0.68,59.38,1681430400,40.62,31059.0,615391.615,30362.7,29925.0,30453.1
0.87,53.52,1681516800,46.48,30599.9,180234.082,30453.0,30186.0,30280.4
0.87,53.46,1681603200,46.54,30560.0,210226.019,30280.4,30102.0,30286.6
0.96,50.94,1681689600,49.06,30307.4,455518.548,30286.6,29219.9,29420.0
1.28,43.89,1681776000,56.11,30480.0,533189.27,29420.1,29078.1,30365.8
0.97,50.66,1681862400,49.34,30410.0,643866.11,30365.8,28557.3,28795.1
1.55,39.22,1681948800,60.78,29078.0,639179.286,28795.0,27983.0,28229.9
1.85,35.05,1682035200,64.95,28368.9,687832.833,28229.9,27100.0,27252.5
1.76,36.22,1682121600,63.78,27888.0,345549.021,27252.6,27126.0,27807.2
2.01,33.18,1682208000,66.82,27807.3,332082.355,27807.2,27279.7,27576.0
1.79,35.79,1682294400,64.21,28000.0,581268.268,27575.9,26919.3,27497.5
1.82,35.5,1682380800,64.5,28379.9,508254.515,27497.4,27176.6,28286.7
1.47,40.45,1682467200,59.55,30048.2,1284924.668,28286.7,27200.0,28395.9
1.4,41.71,1682553600,58.29,29898.0,952584.739,28396.0,28365.3,29459.0
0.94,51.68,1682640000,48.32,29591.1,508350.155,29459.0,28870.0,29300.0
1.05,48.76,1682726400,51.24,29443.9,218013.244,29300.0,29000.4,29212.7
1.1,47.7,1682812800,52.3,29950.0,417798.846,29212.7,29067.4,29223.0
1.1,47.7,1682899200,52.3,29325.5,624974.488,29223.0,27650.0,28054.4
1.68,37.35,1682985600,62.65,28888.0,513546.269,28054.5,27854.0,28656.5
1.31,43.26,1683072000,56.74,29258.4,676466.23,28656.4,28080.0,29018.4
1.16,46.37,1683158400,53.63,29380.0,426425.584,29018.4,28660.0,28826.0
1.21,45.32,1683244800,54.68,29693.0,578485.177,28826.0,28618.3,29491.5
0.85,54.06,1683331200,45.94,29840.0,475628.901,29491.5,28333.0,28837.8
1.4,41.67,1683417600,58.33,29137.0,308410.643,28837.9,28370.0,28419.4
1.35,42.57,1683504000,57.43,28624.6,658188.777,28419.5,27250.0,27659.8
2.19,31.33,1683590400,68.67,27815.6,367664.686,27659.8,27316.8,27610.2
2.11,32.14,1683676800,67.86,28297.0,722502.676,27610.2,26666.6,27582.9
1.97,33.72,1683763200,66.28,27630.0,538822.363,27583.0,26688.8,26956.4
2.05,32.74,1683849600,67.26,27090.0,615645.508,26956.4,25751.0,26785.1
2.07,32.53,1683936000,67.47,27051.5,242694.929,26785.2,26674.9,26762.7
1.83,35.35,1684022400,64.65,27200.0,247579.427,26762.8,26557.0,26901.9
1.8,35.69,1684108800,64.31,27650.0,450263.076,26901.9,26694.4,27152.5
1.58,38.76,1684195200,61.24,27284.7,373172.951,27152.5,26832.0,27024.8
1.72,36.74,1684281600,63.26,27500.0,490065.218,27024.7,26527.5,27395.8
1.54,39.43,1684368000,60.57,27482.7,544971.979,27395.7,26335.3,26809.3
2.09,32.41,1684454400,67.59,27180.0,324097.956,26809.4,26611.2,26870.1
1.96,33.83,1684540800,66.17,27144.4,137515.354,26870.1,26813.5,27089.5
1.83,35.28,1684627200,64.72,27288.0,238776.425,27089.6,26642.0,26732.8
1.99,33.44,1684713600,66.56,27097.8,328030.52,26732.8,26500.0,26840.2
1.93,34.14,1684800000,65.86,27527.5,369176.618,26840.2,26782.6,27209.9
1.48,40.4,1684886400,59.6,27212.9,535191.677,27209.9,26060.0,26313.8
2.61,27.69,1684972800,72.31,26644.0,394535.225,26313.9,25850.0,26461.8
2.17,31.52,1685059200,68.48,26925.0,324475.546,26461.7,26313.9,26689.9
1.59,38.55,1685145600,61.45,26890.0,163681.935,26689.8,26528.6,26841.6
1.68,37.36,1685232000,62.64,28252.8,440115.394,26841.6,26746.0,28055.7
1.2,45.37,1685318400,54.63,28442.0,411290.549,28055.8,27513.5,27722.0
1.37,42.23,1685404800,57.77,28038.6,334379.313,27722.1,27530.0,27680.1
1.44,40.98,1685491200,59.02,27825.0,471381.89,27680.0,26826.0,27201.1
2.28,30.48,1685577600,69.52,27347.9,404787.572,27201.1,26600.0,26805.3
2.4,29.43,1685664000,70.57,27290.0,391110.093,26805.3,26477.6,27227.8
2.05,32.79,1685750400,67.21,27340.2,182464.1,27227.8,26900.0,27054.9
2.03,33.05,1685836800,66.95,27460.0,218271.544,27054.9,26935.3,27102.4
1.9,34.44,1685923200,65.56,27125.0,700502.548,27102.4,25360.1,25714.7
3.22,23.69,1686009600,76.31,27358.1,731445.649,25714.6,25321.6,27221.5
1.6,38.45,1686096000,61.55,27394.4,660044.537,27221.5,26111.0,26325.9
2.01,33.26,1686182400,66.74,26800.0,333104.839,26325.9,26195.4,26485.9
2.09,32.35,1686268800,67.65,26775.0,283719.198,26486.0,26236.0,26468.1
1.99,33.48,1686355200,66.52,26525.0,608917.569,26468.2,25300.0,25826.6
2.78,26.43,1686441600,73.57,26199.0,279365.563,25826.6,25621.3,25909.9
2.33,30.06,1686528000,69.94,26097.7,298900.468,25910.0,25600.0,25894.8
2.32,30.17,1686614400,69.83,26430.5,434536.754,25894.8,25708.0,25918.0
2.34,29.95,1686700800,70.05,26099.3,464681.602,25918.0,24796.8,25115.9
3.03,24.79,1686787200,75.21,25750.0,473971.375,25115.9,24777.0,25586.1
2.33,30.03,1686873600,69.97,26526.9,533144.956,25586.0,25142.1,26336.0
1.31,43.36,1686960000,56.64,26900.0,305738.396,26335.9,26170.8,26508.9
1.41,41.46,1687046400,58.54,26709.4,241977.484,26508.8,26230.9,26329.7
1.31,43.36,1687132800,56.64,27077.0,400533.758,26329.6,26241.2,26828.5
1.27,44.04,1687219200,55.96,28397.8,758176.297,26828.6,26633.9,28290.6
0.81,55.28,1687305600,44.72,30822.0,1123474.427,28290.7,28236.4,29988.5
0.78,56.13,1687392000,43.87,30488.0,561051.742,29988.5,29500.1,29875.0
0.72,58.25,1687478400,41.75,31500.0,699073.071,29875.0,29792.0,30673.4
0.77,56.51,1687564800,43.49,30796.5,279539.288,30673.5,30222.0,30524.2
0.84,54.28,1687651200,45.72,31053.2,301533.154,30524.2,30252.6,30458.0
0.94,51.67,1687737600,48.33,30667.3,415099.356,30458.0,29890.1,30260.1
1.03,49.39,1687824000,50.61,30998.5,406073.348,30260.1,30213.0,30683.2
0.92,52.1,1687910400,47.9,30701.8,416656.434,30683.2,29804.6,30066.3
1.12,47.28,1687996800,52.72,30837.0,382072.846,30066.3,30036.1,30439.9
0.9,52.64,1688083200,47.36,31300.0,809331.305,30439.9,29500.0,30460.2
1.09,47.78,1688169600,52.22,30668.2,135520.246,30460.2,30311.3,30573.6
1.0,50.08,1688256000,49.92,30800.0,231866.188,30573.6,30149.9,30612.7
0.99,50.35,1688342400,49.65,31395.2,370293.236,30612.7,30559.4,31149.0
0.76,56.85,1688428800,43.15,31319.4,300832.26,31149.0,30600.0,30756.1
0.92,51.99,1688515200,48.01,30875.2,294896.578,30756.1,30175.8,30488.4
1.1,47.65,1688601600,52.35,31568.0,721267.219,30488.4,29818.0,29874.4
1.31,43.27,1688688000,56.73,30443.6,337801.654,29874.3,29680.0,30327.9
1.28,43.92,1688774400,56.08,30380.0,138734.493,30328.0,30026.8,30269.3
1.32,43.06,1688860800,56.94,30443.4,162296.263,30269.2,30042.0,30147.8
1.34,42.79,1688947200,57.21,31040.0,429115.537,30147.8,29928.8,30396.9
1.08,48.09,1689033600,51.91,30804.9,298904.747,30396.9,30261.4,30608.4
0.98,50.5,1689120000,49.5,30980.5,425058.257,30608.3,30186.0,30368.9
1.24,44.64,1689206400,55.36,31850.0,696023.51,30368.9,30233.0,31441.7
0.78,56.24,1689292800,43.76,31640.0,538692.246,31441.6,29876.6,30293.3
1.65,37.71,1689379200,62.29,30380.0,111622.474,30293.3,30220.2,30276.4
1.59,38.65,1689465600,61.35,30441.6,173805.94,30276.5,30050.0,30216.8
1.6,38.5,1689552000,61.5,30329.7,344113.427,30216.9,29630.0,30126.1
1.77,36.09,1689638400,63.91,30227.5,337396.417,30126.0,29400.0,29845.6
1.9,34.53,1689724800,65.47,30178.5,298418.854,29845.7,29745.0,29895.5
1.86,34.94,1689811200,65.06,30420.0,410263.764,29895.5,29468.8,29791.0
2.1,32.23,1689897600,67.77,30056.2,221145.074,29791.0,29705.9,29891.4
1.81,35.57,1689984000,64.43,29986.0,143375.956,29891.5,29602.2,29783.5
1.85,35.13,1690070400,64.87,30368.2,224713.846,29783.5,29718.9,30070.8
1.51,39.84,1690156800,60.16,30091.7,434182.417,30070.9,28830.0,29163.8
2.16,31.69,1690243200,68.31,29379.5,196438.618,29163.8,29033.0,29216.3
1.95,33.92,1690329600,66.08,29670.5,318527.582,29216.2,29083.0,29336.0
1.55,39.24,1690416000,60.76,29558.4,223376.534,29336.0,29065.5,29209.7
1.68,37.32,1690502400,62.68,29535.7,221299.867,29209.8,29112.8,29299.9
1.51,39.92,1690588800,60.08,29397.9,87100.719,29300.0,29237.5,29339.1
1.56,39.12,1690675200,60.88,29442.5,169901.253,29339.1,29006.0,29271.1
1.64,37.89,1690761600,62.11,29525.8,230381.722,29271.2,29100.0,29220.8
1.85,35.13,1690848000,64.87,29735.0,442328.643,29220.8,28550.0,29701.2
1.69,37.12,1690934400,62.88,30059.9,491725.492,29701.2,28906.3,29170.1
2.0,33.34,1691020800,66.66,29440.0,251967.942,29170.2,28955.4,29180.2
1.89,34.56,1691107200,65.44,29323.8,229395.673,29180.1,28780.0,29101.1
2.18,31.47,1691193600,68.53,29145.0,82508.624,29101.1,28960.0,29057.7
2.17,31.57,1691280000,68.43,29199.0,103094.44,29057.7,28978.5,29075.9
2.13,31.91,1691366400,68.09,29274.5,297752.439,29075.9,28682.3,29202.7
2.01,33.21,1691452800,66.79,30250.0,459269.801,29202.7,29132.4,29759.0
1.03,49.17,1691539200,50.83,30149.7,362009.701,29758.9,29362.0,29572.8
1.4,41.66,1691625600,58.34,29729.8,234546.038,29572.9,29303.7,29443.7
1.64,37.83,1691712000,62.17,29565.1,179044.008,29443.7,29220.0,29415.5
1.82,35.41,1691798400,64.59,29470.0,56238.035,29415.5,29360.0,29420.7
1.86,34.96,1691884800,65.04,29463.0,84190.505,29420.8,29256.6,29293.3
1.98,33.56,1691971200,66.44,29686.7,295035.383,29293.3,29070.0,29419.5
1.93,34.12,1692057600,65.88,29492.1,191289.959,29419.5,29050.0,29188.8
2.19,31.36,1692144000,68.64,29257.4,272023.138,29188.9,28705.1,28714.4
2.39,29.48,1692230400,70.52,28775.9,868508.22,28714.4,24581.0,26609.7
2.24,30.91,1692316800,69.09,26818.0,522375.316,26609.7,25600.0,26042.1
2.16,31.65,1692403200,68.35,26269.4,202219.153,26042.0,25783.4,26088.3
2.52,28.45,1692489600,71.55,26285.0,141089.85,26088.4,25948.5,26175.9
2.51,28.49,1692576000,71.51,26280.0,232505.265,26175.9,25800.0,26115.4
2.23,30.93,1692662400,69.07,26128.2,313113.576,26115.4,25280.0,26044.4
2.48,28.73,1692748800,71.27,26806.0,412969.028,26044.5,25800.0,26419.2
1.97,33.68,1692835200,66.32,26568.3,286753.337,26419.2,25835.0,26164.6
2.48,28.72,1692921600,71.28,26300.0,274830.494,26164.6,25754.4,26051.7
2.38,29.59,1693008000,70.41,26129.4,63925.862,26051.7,25969.0,26004.3
2.33,29.99,1693094400,70.01,26173.6,86505.398,26004.3,25955.6,26087.7
2.32,30.12,1693180800,69.88,26244.6,219992.051,26087.6,25850.4,26106.5
2.34,29.95,1693267200,70.05,28168.0,700233.946,26106.5,25905.2,27700.1
1.18,45.85,1693353600,54.15,27758.2,315313.916,27700.1,26950.0,27290.4
1.18,45.85,1693440000,54.15,27674.3,502906.277,27290.4,25617.8,25928.0
2.24,30.85,1693526400,69.15,26151.6,361184.924,25928.0,25312.0,25795.6
2.44,29.05,1693612800,70.95,25975.0,107642.864,25795.6,25740.6,25855.8
2.33,30.05,1693699200,69.95,26135.2,133016.832,25855.8,25777.0,25962.1
2.25,30.8,1693785600,69.2,26099.3,173147.873,25962.1,25610.0,25814.0
2.39,29.54,1693872000,70.46,25900.0,186639.945,25814.0,25531.2,25779.7
2.47,28.83,1693958400,71.17,26052.0,251122.66,25779.7,25326.0,25747.4
2.61,27.72,1694044800,72.28,26451.0,257349.902,25747.4,25602.3,26240.7
1.99,33.43,1694131200,66.57,26437.5,249269.761,26240.7,25630.0,25899.8
2.08,32.46,1694217600,67.54,25940.6,67909.81,25899.9,25781.5,25892.6
2.0,33.38,1694304000,66.62,26037.3,162972.413,25892.6,25508.7,25828.4
2.14,31.83,1694390400,68.17,25895.0,427216.374,25828.4,24888.0,25150.4
2.61,27.72,1694476800,72.28,26580.0,592049.678,25150.4,25116.4,25825.8
1.71,36.92,1694563200,63.08,26400.0,335252.718,25825.8,25750.0,26209.9
1.44,41.06,1694649600,58.94,26880.0,380666.471,26209.9,26106.6,26510.3
1.27,44.07,1694736000,55.93,26890.0,251656.77,26510.3,26206.6,26591.1
1.35,42.59,1694822400,57.41,26763.5,140482.465,26591.1,26430.0,26546.9
1.44,40.95,1694908800,59.05,26614.3,114239.394,26547.0,26377.4,26514.2
1.4,41.68,1694995200,58.32,27397.0,472539.032,26514.2,26358.6,26749.9
1.28,43.93,1695081600,56.07,27480.0,433511.747,26749.9,26653.2,27196.0
1.2,45.39,1695168000,54.61,27381.0,348921.447,27195.9,26740.0,27107.7
1.37,42.27,1695254400,57.73,27149.0,317992.869,27107.7,26360.1,26552.6
1.7,37.03,1695340800,62.97,26737.7,173534.648,26552.6,26452.9,26566.7
1.71,36.87,1695427200,63.13,26620.6,57836.484,26566.7,26492.2,26563.1
1.77,36.17,1695513600,63.83,26739.9,146632.773,26563.0,26081.0,26232.4
1.81,35.62,1695600000,64.38,26440.0,268385.836,26232.4,25965.0,26290.5
1.84,35.24,1695686400,64.76,26388.0,180491.169,26290.5,26073.8,26208.8
1.92,34.26,1695772800,65.74,26849.9,353002.84,26208.7,26050.0,26359.6
1.82,35.51,1695859200,64.49,27308.7,429587.858,26359.6,26325.2,27011.8
0.99,50.22,1695945600,49.78,27231.5,277397.643,27011.7,26625.0,26890.9
1.25,44.48,1696032000,55.52,27085.0,92317.154,26890.9,26870.4,26950.9
1.24,44.7,1696118400,55.3,28365.2,240382.946,26951.0,26939.0,27981.4
1.09,47.96,1696204800,52.04,28613.0,593277.72,27981.4,27255.0,27477.6
1.11,47.39,1696291200,52.61,27665.0,283077.899,27477.7,27123.0,27412.0
1.43,41.18,1696377600,58.82,27830.0,280784.322,27412.0,27163.9,27759.8
1.34,42.67,1696464000,57.33,28110.0,370190.087,27759.7,27333.5,27398.4
1.39,41.87,1696550400,58.13,28450.0,438445.904,27398.3,27156.0,27916.3
0.93,51.92,1696636800,48.08,28018.7,117049.145,27916.3,27822.1,27943.0
0.96,51.15,1696723200,48.85,28082.0,178380.307,27943.0,27671.0,27901.2
1.03,49.22,1696809600,50.78,27977.0,314316.581,27901.2,27250.0,27578.3
1.28,43.95,1696896000,56.05,27727.3,239779.496,27578.4,27281.0,27381.2
1.52,39.76,1696982400,60.24,27467.6,388186.571,27381.3,26525.0,26864.5
2.12,32.02,1697068800,67.98,26939.0,220279.04,26864.5,26534.8,26744.0
1.86,35.02,1697155200,64.98,27120.8,243222.154,26744.0,26670.1,26849.8
1.83,35.39,1697241600,64.61,26986.4,82164.781,26849.7,26773.1,26836.3
1.83,35.4,1697328000,64.6,27456.1,160000.462,26836.4,26790.4,27139.8
1.54,39.4,1697414400,60.6,30720.0,823003.782,27139.8,27095.4,28486.3
1.13,47.0,1697500800,53.0,28605.0,314189.758,28486.3,28055.0,28381.9
0.97,50.71,1697587200,49.29,29100.0,297176.628,28382.0,28126.6,28307.1
1.13,47.0,1697673600,53.0,28933.4,333673.207,28307.2,28076.0,28696.9
0.91,52.41,1697760000,47.59,30243.0,551005.327,28697.0,28560.0,29653.0
0.77,56.53,1697846400,43.47,30374.6,258195.956,29653.0,29443.5,29895.4
0.68,59.51,1697932800,40.49,30229.7,198602.758,29895.4,29606.6,29981.5
0.71,58.35,1698019200,41.65,35981.9,987741.536,29981.4,29869.4,33074.0
0.91,52.34,1698105600,47.66,35300.0,921993.063,33074.0,32833.5,33917.0
0.87,53.59,1698192000,46.41,35154.3,465367.144,33917.0,33660.6,34487.7
0.8,55.6,1698278400,44.4,34828.7,339552.964,34487.8,33750.0,34154.0
0.91,52.37,1698364800,47.63,34253.3,278052.978,34154.0,33350.0,33893.1
0.96,51.07,1698451200,48.93,34535.8,138314.932,33893.2,33867.4,34086.6
0.96,51.0,1698537600,49.0,34773.8,175897.55,34086.7,33933.0,34528.6
0.85,54.08,1698624000,45.92,34888.2,281841.348,34528.6,34050.0,34483.8
0.99,50.21,1698710400,49.79,34744.7,272450.567,34483.8,34016.8,34651.4
0.89,52.97,1698796800,47.03,35734.0,469214.787,34651.4,34076.0,35437.4
0.82,55.04,1698883200,44.96,35999.9,410221.727,35437.5,34300.0,34940.1
0.99,50.33,1698969600,49.67,34944.9,306048.199,34940.1,34123.0,34700.4
1.05,48.76,1699056000,51.24,35270.0,140746.874,34700.5,34571.6,35069.7
0.89,52.96,1699142400,47.04,35455.2,231363.339,35069.7,34356.0,35025.5
0.87,53.51,1699228800,46.49,35299.9,202227.215,35025.5,34743.2,35057.4
0.91,52.27,1699315200,47.73,35921.7,343525.95,35057.5,34520.3,35406.5
0.76,56.96,1699401600,43.04,36150.0,334779.449,35406.5,35073.0,35626.7
0.76,56.78,1699488000,43.22,38499.9,778877.937,35626.7,35304.0,36719.5
1.0,50.01,1699574400,49.99,37570.0,299373.892,36719.6,36350.0,37330.4
0.92,51.98,1699660800,48.02,37422.2,159239.284,37330.3,36588.0,37162.1
0.98,50.47,1699747200,49.53,37258.4,118890.045,37162.1,36753.6,37085.5
0.98,50.58,1699833600,49.42,37464.8,257075.648,37085.6,36350.0,36486.2
1.09,47.84,1699920000,52.16,36779.9,397265.8,36486.2,34446.3,35559.0
1.31,43.29,1700006400,56.71,38000.0,423818.57,35559.1,35388.0,37885.6
0.81,55.21,1700092800,44.79,37956.5,434444.366,37885.5,35486.1,36176.0
1.39,41.93,1700179200,58.07,37020.5,319943.051,36176.0,35868.3,36621.9
1.21,45.2,1700265600,54.8,36900.0,121720.922,36621.9,36196.0,36580.9
1.12,47.24,1700352000,52.76,37528.2,154713.007,36580.9,36380.0,37375.9
0.94,51.54,1700438400,48.46,37784.7,310504.037,37375.8,36600.0,37462.5
0.84,54.5,1700524800,45.5,37675.0,450731.16,37462.6,35720.0,35737.0
1.07,48.35,1700611200,51.65,37880.0,338189.618,35737.0,35610.7,37413.4
0.78,56.32,1700697600,43.68,37650.0,185369.931,37413.5,36856.3,37294.3
0.84,54.37,1700784000,45.63,38425.0,351031.723,37294.4,37257.3,37706.3
0.78,56.28,1700870400,43.72,37886.5,82589.329,37706.3,37570.9,37766.6
0.82,55.06,1700956800,44.94,37807.6,173758.644,37766.7,37126.0,37437.9
0.97,50.65,1701043200,49.35,37560.0,266112.699,37437.9,36700.0,37234.3
1.21,45.36,1701129600,54.64,38395.0,318426.327,37234.4,36856.0,37812.1
0.68,59.55,1701216000,40.45,38500.0,261631.881,37812.0,37551.8,37837.1
0.81,55.32,1701302400,44.68,38132.0,191188.871,37837.2,37442.9,37716.8
0.93,51.8,1701388800,48.2,38989.0,342361.994,37716.9,37600.0,38660.0
0.59,62.78,1701475200,37.22,39900.0,213210.311,38659.9,38613.5,39435.0
0.66,60.15,1701561600,39.85,40410.1,221917.905,39435.1,39255.2,39979.7
0.7,58.82,1701648000,41.18,42440.0,602492.859,39979.8,39970.4,41993.1
0.71,58.39,1701734400,41.61,44528.1,575038.041,41993.1,41393.5,44081.7
0.79,56.02,1701820800,43.98,44349.8,383957.738,44081.7,43377.0,43774.8
0.9,52.57,1701907200,47.43,44066.7,346421.958,43775.1,42815.0,43296.0
1.02,49.44,1701993600,50.56,44779.3,281880.593,43296.0,43100.0,44209.5
0.91,52.46,1702080000,47.54,44389.2,189339.656,44209.6,43555.0,43734.3
0.97,50.8,1702166400,49.2,44099.2,144548.259,43734.2,43552.5,43810.0
1.07,48.42,1702252800,51.58,43833.4,620753.439,43810.1,40228.3,41271.0
1.35,42.6,1702339200,57.4,42125.0,356541.118,41271.1,40711.0,41515.0
1.43,41.1,1702425600,58.9,43517.6,396710.296,41514.9,40556.0,42875.0
1.12,47.28,1702512000,52.72,43450.1,361628.325,42875.0,41140.0,43032.4
1.08,48.02,1702598400,51.98,43098.0,257177.013,43032.3,41668.0,41968.0
1.29,43.76,1702684800,56.24,42756.7,160549.459,41968.0,41638.1,42287.4
1.22,44.97,1702771200,55.03,42476.0,224722.851,42287.4,41248.3,41396.5
1.37,42.2,1702857600,57.8,42795.3,375385.675,41396.6,40553.8,42671.7
1.18,45.82,1702944000,54.18,43550.0,315311.844,42671.8,41835.4,42298.3
1.24,44.65,1703030400,55.35,44384.6,377008.923,42298.2,42218.3,43708.9
0.88,53.29,1703116800,46.71,44287.2,276922.155,43708.9,43317.2,43896.3
0.93,51.8,1703203200,48.2,44484.0,238341.933,43896.4,43430.4,43999.2
1.03,49.35,1703289600,50.65,44023.0,120792.199,43999.2,43304.2,43725.2
1.03,49.16,1703376000,50.84,43994.8,179967.251,43725.2,42550.0,43008.4
1.14,46.83,1703462400,53.17,43850.0,184210.274,43008.4,42755.4,43611.9
1.14,46.69,1703548800,53.31,43635.1,295583.678,43611.9,41597.0,42538.5
1.65,37.7,1703635200,62.3,43700.0,251351.538,42538.6,42145.7,43453.8
1.26,44.3,1703721600,55.7,43850.0,257515.182,43453.8,42320.5,42600.1
1.55,39.19,1703808000,60.81,43171.9,337421.865,42600.1,41283.2,42095.1
1.89,34.66,1703894400,65.34,42654.6,183890.67,42095.1,41550.0,42174.2
1.44,40.92,1703980800,59.08,42951.0,173508.289,42174.3,42001.0,42314.0
1.51,39.89,1704067200,60.11,44266.0,206424.144,42314.0,42207.9,44230.2
1.08,48.01,1704153600,51.99,45950.0,459798.523,44230.3,44200.9,44979.8
1.03,49.31,1704240000,50.69,45582.3,595855.225,44979.7,40333.0,42849.5
1.65,37.81,1704326400,62.19,44840.8,333923.098,42849.5,42625.0,44143.8
1.17,45.99,1704412800,54.01,44500.0,374967.791,44143.8,42300.0,44145.4
1.22,45.01,1704499200,54.99,44214.6,138542.797,44145.3,43391.3,43956.7
1.24,44.67,1704585600,55.33,44486.9,180710.714,43956.6,43557.5,43916.9
1.16,46.36,1704672000,53.64,47312.0,495087.983,43916.9,43158.1,46972.7
0.79,55.87,1704758400,44.13,48100.0,513362.773,46972.6,44417.2,46114.0
1.16,46.24,1704844800,53.76,47699.3,668657.474,46113.9,44291.5,46662.9
1.61,38.35,1704931200,61.65,49027.5,596698.379,46663.0,45600.0,46337.8
1.71,36.89,1705017600,63.11,46536.2,575943.258,46337.9,41370.0,42788.9
2.7,27.02,1705104000,72.98,43273.4,207737.326,42789.0,42445.7,42846.4
2.83,26.09,1705190400,73.91,43096.1,181096.968,42846.4,41713.5,41734.9
2.65,27.37,1705276800,72.63,43376.0,240059.141,41734.9,41720.0,42515.0
2.62,27.65,1705363200,72.35,43589.0,287207.233,42515.0,42050.0,43133.0
2.16,31.69,1705449600,68.31,43198.0,209396.081,43133.0,42200.0,42783.4
2.51,28.47,1705536000,71.53,42932.3,335080.756,42783.3,40673.6,41323.1
2.91,25.6,1705622400,74.4,42197.0,345941.73,41323.2,40300.0,41662.2
2.44,29.06,1705708800,70.94,41883.5,95866.062,41662.1,41453.6,41691.8
2.36,29.75,1705795200,70.25,41880.9,67035.552,41691.8,41500.0,41580.0
2.39,29.46,1705881600,70.54,41692.3,459024.106,41579.9,39402.0,39567.0
2.62,27.63,1705968000,72.37,40172.7,414373.386,39567.1,38545.0,39890.0
2.35,29.83,1706054400,70.17,40560.6,272754.171,39889.9,39493.3,40078.7
2.11,32.17,1706140800,67.83,40300.0,203728.679,40078.8,39535.3,39953.3
2.03,32.99,1706227200,67.01,42239.3,355418.478,39953.3,39813.1,41806.4
1.46,40.61,1706313600,59.39,42187.1,118437.114,41806.4,41360.1,42102.2
1.5,39.98,1706400000,60.02,42836.0,205736.453,42102.2,41600.0,42021.2
1.57,38.95,1706486400,61.05,43340.8,249502.11,42021.2,41768.3,43287.7
1.34,42.81,1706572800,57.19,43888.0,257582.784,43287.6,42665.6,42918.3
1.19,45.77,1706659200,54.23,43748.6,313069.11,42918.3,42257.6,42560.5
1.42,41.35,1706745600,58.65,43288.0,274321.107,42560.5,41866.8,43072.6
1.38,42.11,1706832000,57.89,43480.0,205767.574,43072.6,42512.7,43182.0
1.3,43.44,1706918400,56.56,43372.2,89735.22,43182.0,42858.3,42992.4
1.34,42.76,1707004800,57.24,43112.1,127421.548,42992.4,42176.7,42570.3
1.55,39.26,1707091200,60.74,43580.0,240655.549,42570.3,42235.1,42692.9
1.78,35.94,1707177600,64.06,43378.8,196157.643,42692.9,42559.8,43079.1
1.25,44.43,1707264000,55.57,44388.0,252057.708,43079.1,42763.4,44326.2
1.05,48.88,1707350400,51.12,45600.0,299738.288,44326.3,44306.8,45269.1
0.81,55.34,1707436800,44.66,48230.3,519919.419,45269.2,45218.1,47116.1
0.72,58.1,1707523200,41.9,48189.6,179626.604,47116.1,46836.4,47732.6
0.65,60.66,1707609600,39.34,48600.0,209951.626,47732.6,47539.4,48303.4
0.68,59.55,1707696000,40.45,50413.2,450895.202,48303.4,47702.0,49943.6
0.61,62.16,1707782400,37.84,50428.8,382348.085,49943.6,48301.0,49696.4
0.79,55.79,1707868800,44.21,52100.0,395191.791,49696.4,49215.7,51823.2
0.59,62.96,1707955200,37.04,52859.0,392724.603,51823.1,51334.9,51898.5
0.69,59.15,1708041600,40.85,52623.0,259819.793,51898.4,51611.7,52148.6
0.67,59.83,1708128000,40.17,52192.8,222342.005,52148.7,50647.5,51679.4
0.76,56.84,1708214400,43.16,52450.0,166636.426,51679.5,51178.0,52175.9
0.73,57.81,1708300800,42.19,52532.9,196387.978,52175.9,51688.8,51813.8
0.8,55.6,1708387200,44.4,53090.9,388913.064,51813.7,50788.0,52297.4
0.79,55.91,1708473600,44.09,52402.3,308127.301,52297.3,50528.4,51877.8
1.02,49.51,1708560000,50.49,52130.8,244144.647,51877.9,50967.5,51316.9
0.96,50.92,1708646400,49.08,51576.3,215474.562,51316.9,50512.7,50771.9
1.19,45.75,1708732800,54.25,51736.6,104944.457,50771.9,50611.4,51602.1
0.99,50.27,1708819200,49.73,52050.0,122177.26,51602.1,51300.4,51764.9
0.94,51.64,1708905600,48.36,54991.8,393466.231,51764.9,50922.5,54511.6
0.68,59.53,1708992000,40.47,57780.0,511475.535,54511.7,54495.0,57074.5
0.76,56.95,1709078400,43.05,64300.0,1010118.442,57074.5,56730.1,62487.9
1.0,50.04,1709164800,49.96,63762.8,584713.883,62487.9,60452.0,61203.3
1.15,46.45,1709251200,53.55,63199.0,299231.827,61203.3,60844.8,62430.6
1.07,48.29,1709337600,51.71,62513.1,159283.629,62430.6,61605.0,62039.9
1.29,43.61,1709424000,56.39,63330.9,200312.503,62039.9,61339.5,63178.5
1.16,46.33,1709510400,53.67,68600.0,632882.144,63178.5,62299.0,68296.4
1.11,47.32,1709596800,52.68,69350.0,1053025.132,68296.5,59112.0,63747.4
1.62,38.22,1709683200,61.78,67729.5,534011.813,63747.5,62829.3,66128.1
1.23,44.76,1709769600,55.24,68101.3,296092.788,66128.0,65609.3,66870.0
1.2,45.53,1709856000,54.47,70330.8,459387.207,66870.0,66120.0,68180.2
1.21,45.18,1709942400,54.82,68608.7,94899.005,68180.2,67908.7,68360.1
1.24,44.66,1710028800,55.34,69999.8,233596.523,68360.2,68155.0,69001.8
1.09,47.88,1710115200,52.12,72890.0,474396.897,69001.8,67000.0,72153.8
0.89,52.99,1710201600,47.01,73370.0,472072.331,72153.9,68600.0,71503.2
1.34,42.72,1710288000,57.28,73755.0,288446.338,71503.3,71388.1,73127.6
1.02,49.53,1710374400,50.47,73881.4,513901.237,73127.6,68600.0,71455.5
1.61,38.26,1710460800,61.74,72500.0,705810.685,71455.6,65580.0,69552.2
1.68,37.29,1710547200,62.71,70097.6,333426.129,69552.1,64750.0,65351.0
2.05,32.82,1710633600,67.18,68972.4,314890.309,65351.0,64559.8,68447.9
1.54,39.4,1710720000,60.6,69044.4,317885.916,68447.9,66601.6,67660.0
1.59,38.64,1710806400,61.36,68178.6,700466.795,67660.0,61582.8,61974.1
2.25,30.76,1710892800,69.24,68140.0,637362.465,61974.1,60800.0,67876.4
1.32,43.11,1710979200,56.89,68293.9,347218.385,67876.4,64550.1,65539.9
1.87,34.79,1711065600,65.21,66691.9,401149.333,65539.9,62294.0,63826.0
2.36,29.74,1711152000,70.26,66050.0,239124.0,63826.1,63020.2,64020.3
1.62,38.24,1711238400,61.76,67700.0,244179.435,64020.4,63822.0,67260.9
1.41,41.5,1711324800,58.5,71228.3,395156.191,67260.9,66427.6,69920.5
1.05,48.69,1711411200,51.31,71649.0,307861.116,69920.6,69320.0,70044.1
1.18,45.94,1711497600,54.06,71888.0,407286.574,70044.2,68364.8,69532.6
1.53,39.57,1711584000,60.43,71636.2,241970.822,69532.6,68941.0,70838.7
1.09,47.91,1711670400,52.09,70976.9,187970.841,70838.8,69000.0,69903.6
1.52,39.65,1711756800,60.35,70388.0,91126.75,69903.6,69577.2,69642.1
1.4,41.72,1711843200,58.28,71495.5,132458.79,69642.0,69608.0,71363.0
1.16,46.36,1711929600,53.64,71388.0,282812.126,71363.0,68103.3,69700.0
1.51,39.78,1712016000,60.22,69731.6,499041.572,69700.0,64603.2,65505.3
2.2,31.21,1712102400,68.79,66940.0,275041.23,65502.4,64500.0,65971.9
2.14,31.84,1712188800,68.16,69329.7,326385.338,65971.8,65100.0,68489.9
1.48,40.29,1712275200,59.71,68787.1,313547.293,68489.8,65966.0,67825.7
1.63,38.05,1712361600,61.95,69708.0,127343.726,67825.8,67450.0,68901.6
1.34,42.81,1712448000,57.19,70395.0,171783.436,68901.5,68820.6,69362.7
1.25,44.53,1712534400,55.47,72890.4,297237.449,69362.7,69040.4,71678.4
1.06,48.54,1712620800,51.46,71820.6,334059.403,71678.3,68216.0,69189.3
1.77,36.1,1712707200,63.9,71412.2,337774.756,69189.2,67546.2,70681.7
1.4,41.63,1712793600,58.37,71387.4,256194.153,70681.8,69592.6,70055.7
1.31,43.38,1712880000,56.62,71297.0,415528.149,70055.6,65102.0,67136.4
2.01,33.25,1712966400,66.75,67975.4,515005.203,67136.4,59652.5,63939.7
1.92,34.2,1713052800,65.8,65822.1,395770.133,63939.7,62139.3,65615.9
1.72,36.81,1713139200,63.19,66874.9,381532.225,65615.9,62242.5,63392.7
2.16,31.69,1713225600,68.31,64356.3,405931.439,63392.8,61521.0,63765.0
1.93,34.18,1713312000,65.82,64483.3,444032.992,63764.9,59625.0,61254.5
2.42,29.28,1713398400,70.72,64100.0,363302.394,61254.5,60763.8,63445.0
1.6,38.43,1713484800,61.57,65480.0,574264.058,63445.0,59541.0,63787.4
1.42,41.32,1713571200,58.68,65400.0,197142.262,63787.4,63045.1,64897.2
1.46,40.66,1713657600,59.34,65678.7,160533.948,64897.2,64214.2,64912.6
1.41,41.48,1713744000,58.52,67222.0,246268.411,64912.7,64470.5,66778.0
1.21,45.34,1713830400,54.66,67158.9,178665.564,66777.9,65750.0,66386.3
1.36,42.47,1713916800,57.53,67068.2,280545.061,66386.2,63575.0,64250.0
1.9,34.43,1714003200,65.57,65270.6,275211.062,64250.0,62721.3,64478.8
1.68,37.31,1714089600,62.69,64783.1,202149.813,64478.8,63291.5,63748.8
2.02,33.15,1714176000,66.85,63901.4,167349.109,63748.7,62332.8,63421.0
2.18,31.46,1714262400,68.54,64350.0,126056.151,63420.9,62700.0,63088.3
2.2,31.29,1714348800,68.71,64200.0,228411.163,63088.4,61726.2,63842.4
1.89,34.62,1714435200,65.38,64700.0,408747.703,63842.4,59150.0,60651.2
3.46,22.42,1714521600,77.58,60816.7,564108.4,60651.2,56537.7,58307.6
2.96,25.26,1714608000,74.74,59637.3,299229.302,58307.7,56951.6,59036.7
1.93,34.11,1714694400,65.89,63333.0,353606.459,59036.7,58781.3,62853.7
1.25,44.44,1714780800,55.56,64547.9,205205.199,62853.7,62520.0,63864.2
1.14,46.82,1714867200,53.18,64644.3,185495.653,63864.3,62833.0,63988.0
1.13,46.99,1714953600,53.01,65500.0,305110.067,63987.9,62655.3,63142.8
1.33,42.84,1715040000,57.16,64392.2,238974.646,63142.7,62203.6,62296.0
1.56,39.09,1715126400,60.91,62994.9,241651.579,62296.0,60843.6,61157.9
1.91,34.4,1715212800,65.6,63447.2,242451.302,61157.9,60550.0,63050.1
1.77,36.05,1715299200,63.95,63446.5,307214.96,63050.0,60117.4,60778.1
2.45,29.03,1715385600,70.97,61491.4,113294.787,60778.0,60432.6,60809.2
2.26,30.7,1715472000,69.3,61849.4,104043.897,60809.2,60557.3,61455.8
1.97,33.63,1715558400,66.37,63440.0,261927.073,61455.7,60750.0,62912.1
1.25,44.45,1715644800,55.55,63099.6,244345.274,62912.2,60950.0,61550.5
1.92,34.2,1715731200,65.8,66440.0,365031.68,61550.5,61316.1,66175.4
0.95,51.32,1715817600,48.68,66800.0,242455.324,66175.4,64567.0,65217.7
1.04,48.98,1715904000,51.02,67400.6,227063.919,65217.7,65061.2,66980.0
0.95,51.37,1715990400,48.63,67340.5,96931.548,66980.0,66503.2,66884.9
0.94,51.58,1716076800,48.42,67750.0,148170.35,66884.9,65835.8,66239.4
1.01,49.72,1716163200,50.28,71674.6,366028.078,66239.4,66010.0,71466.5
0.9,52.75,1716249600,47.25,72132.8,263674.327,71466.5,69165.6,70168.8
1.19,45.62,1716336000,54.38,70715.4,194160.494,70168.7,68736.8,69219.1
1.31,43.21,1716422400,56.79,70133.3,300093.622,69219.2,66156.6,67999.9
1.87,34.79,1716508800,65.21,69273.5,186681.082,67999.9,66639.0,68584.1
1.42,41.37,1716595200,58.63,69622.8,85113.605,68584.0,68523.7,69314.4
1.4,41.68,1716681600,58.32,69590.3,84069.824,69314.5,68155.0,68524.3
1.48,40.39,1716768000,59.61,70750.0,170291.356,68524.4,68268.7,69461.6
1.38,42.06,1716854400,57.94,69628.0,227838.44,69461.5,67273.0,68440.5
1.74,36.44,1716940800,63.56,68983.0,158236.599,68440.4,67129.0,67686.7
2.09,32.37,1717027200,67.63,69568.9,194573.899,67686.8,67167.0,68402.5
1.56,39.08,1717113600,60.92,69080.0,195751.752,68402.6,66700.5,67577.9
2.18,31.5,1717200000,68.5,67936.0,50943.058,67577.9,67480.0,67799.2
2.07,32.59,1717286400,67.41,68545.9,102194.718,67799.2,67296.3,67805.9
1.94,34.0,1717372800,66.0,70372.9,227676.93,67805.9,67642.6,68851.4
1.4,41.75,1717459200,58.25,71146.4,216100.016,68851.3,68595.5,70580.0
0.97,50.75,1717545600,49.25,71824.4,203992.034,70580.0,70423.6,71133.3
0.93,51.74,1717632000,48.26,71714.8,158483.564,71133.3,70101.9,70830.0
1.08,48.17,1717718400,51.83,72144.0,299412.37,70830.0,68405.0,69377.0
1.52,39.65,1717804800,60.35,69613.6,65739.857,69377.0,69192.3,69346.5
1.47,40.5,1717891200,59.5,69879.0,68024.1,69346.6,69160.0,69667.1
1.5,40.07,1717977600,59.93,70222.7,127381.604,69667.1,69201.2,69558.7
1.41,41.58,1718064000,58.42,69600.0,311984.942,69558.8,66000.0,67320.7
2.19,31.4,1718150400,68.6,70028.0,329918.46,67320.6,66920.0,68270.3
1.69,37.25,1718236800,62.75,68607.7,248355.461,68270.3,66251.1,66786.9
2.22,31.05,1718323200,68.95,67366.5,239411.231,66786.8,65052.4,66039.7
2.31,30.19,1718409600,69.81,66482.6,72423.755,66039.7,65801.0,66213.7
2.16,31.68,1718496000,68.32,66960.3,80361.551,66213.7,66012.1,66653.6
2.17,31.6,1718582400,68.4,67280.6,248420.787,66653.5,65094.9,66472.1
2.09,32.37,1718668800,67.63,66558.9,335559.394,66472.1,64009.8,65150.0
2.36,29.73,1718755200,70.27,65711.9,150032.669,65149.9,64600.0,64933.6
2.54,28.26,1718841600,71.74,66467.0,220954.676,64933.6,64526.0,64854.0
2.43,29.18,1718928000,70.82,65055.5,210109.601,64854.0,63361.2,64124.0
2.77,26.53,1719014400,73.47,64520.0,53855.862,64124.1,63915.8,64240.0
2.46,28.94,1719100800,71.06,64500.0,72052.293,64240.1,63137.9,63194.9
2.53,28.31,1719187200,71.69,63357.0,445903.184,63194.9,58218.0,60273.6
3.29,23.31,1719273600,76.69,62448.1,264647.317,60273.5,60230.5,61777.8
2.6,27.81,1719360000,72.19,62465.1,170601.18,61777.9,60696.0,60860.1
2.6,27.79,1719446400,72.21,62379.7,160172.482,60860.1,60605.0,61682.0
2.58,27.94,1719532800,72.06,62204.0,195508.125,61682.1,60038.0,60429.8
3.12,24.27,1719619200,75.73,61232.0,79680.289,60429.8,60400.1,60982.4
2.52,28.4,1719705600,71.6,63058.4,147777.915,60982.5,60705.0,62766.0
2.18,31.42,1719792000,68.58,63849.0,193937.938,62766.1,62502.2,62883.6
1.86,35.02,1719878400,64.98,63284.0,163101.243,62883.7,61800.0,62123.6
2.63,27.55,1719964800,72.45,62278.2,295303.265,62123.5,59299.3,60208.0
3.25,23.53,1720051200,76.47,60500.0,445656.277,60208.0,56560.0,57045.9
3.2,23.82,1720137600,76.18,57533.4,577193.595,57045.9,53329.5,56604.9
2.35,29.84,1720224000,70.16,58472.0,178580.022,56604.9,56000.0,58216.0
2.23,30.95,1720310400,69.05,58443.0,210361.981,58216.0,55688.0,55830.9
2.12,32.01,1720396800,67.99,58200.0,464106.957,55831.0,54243.1,56686.4
2.41,29.34,1720483200,70.66,58290.6,257237.048,56686.4,56256.2,58023.2
1.69,37.14,1720569600,62.86,59449.6,254248.937,58023.1,57125.0,57707.0
2.08,32.5,1720656000,67.5,59780.0,293106.959,57707.0,57030.0,57315.5
1.95,33.93,1720742400,66.07,58500.0,238100.616,57315.7,56500.1,57870.0
1.92,34.3,1720828800,65.7,59850.0,157884.322,57870.0,57728.6,59174.0
1.41,41.52,1720915200,58.48,61412.4,208060.883,59173.9,59164.0,60766.0
1.3,43.57,1721001600,56.43,64870.7,352222.181,60766.0,60622.6,64680.6
1.14,46.76,1721088000,53.24,65388.0,375258.616,64680.6,62350.0,65010.0
1.08,48.1,1721174400,51.9,66100.0,276656.393,65010.0,63823.0,64055.7
1.19,45.65,1721260800,54.35,65173.8,215648.157,64055.8,63206.4,63959.9
1.38,41.98,1721347200,58.02,67362.8,311859.805,63960.0,63266.2,66627.9
0.88,53.09,1721433600,46.91,67648.7,123564.406,66627.9,66159.1,67095.6
0.98,50.64,1721520000,49.36,68351.2,207228.372,67095.6,65750.0,68138.0
1.0,49.93,1721606400,50.07,68459.7,192991.391,68138.0,66538.6,67499.2
1.05,48.69,1721692800,51.31,67729.3,270430.68,67499.2,65416.5,65916.4
1.36,42.3,1721779200,57.7,67087.3,215079.421,65916.3,65040.5,65350.8
1.46,40.74,1721865600,59.26,66144.0,319685.441,65350.7,63456.7,65773.0
1.34,42.75,1721952000,57.25,68200.0,235384.526,65773.0,65688.2,67882.5
0.93,51.85,1722038400,48.15,69381.7,330982.647,67882.5,66624.5,67873.8
0.92,52.06,1722124800,47.94,68300.0,116913.935,67873.7,67037.0,68215.5
1.03,49.22,1722211200,50.78,70081.0,372537.818,68215.5,66365.8,66750.0
1.49,40.15,1722297600,59.85,66966.6,246551.044,66750.1,65254.5,66159.3
1.78,35.99,1722384000,64.01,66826.3,246389.446,66159.3,64500.4,64601.8
2.11,32.16,1722470400,67.84,65650.0,372654.59,64601.8,62271.2,65328.9
2.01,33.2,1722556800,66.8,65577.0,421628.42,65329.0,61200.2,61483.7
2.35,29.85,1722643200,70.15,62166.0,290469.956,61483.7,59800.0,60684.6
2.53,28.31,1722729600,71.69,61089.5,339512.415,60684.5,57040.0,58144.5
2.55,28.15,1722816000,71.85,58286.9,1281982.025,58144.5,48888.0,54003.1
1.89,34.56,1722902400,65.44,56999.9,435953.439,54003.5,53925.3,55991.2
1.6,38.54,1722988800,61.46,57699.0,377442.54,55991.3,54519.8,55102.9
1.68,37.33,1723075200,62.67,62737.2,470117.508,55102.9,54672.4,61659.8
1.06,48.47,1723161600,51.53,61726.0,308674.339,61659.8,59500.0,60808.6
1.38,42.1,1723248000,57.9,61450.0,115593.354,60808.6,60208.5,60889.9
1.34,42.76,1723334400,57.24,62000.0,202539.076,60889.8,58255.4,58693.1
1.5,40.03,1723420800,59.97,60666.0,367126.29,58693.1,57615.0,59323.6
1.8,35.74,1723507200,64.26,61545.0,255934.721,59323.7,58360.0,60550.5
1.36,42.38,1723593600,57.62,61839.7,295662.808,60550.4,58367.2,58648.1
2.13,32.0,1723680000,68.0,59820.0,360815.946,58648.1,55969.0,57511.0
2.35,29.86,1723766400,70.14,59780.2,268756.529,57511.1,57062.1,58854.9
1.43,41.11,1723852800,58.89,59690.2,77085.532,58854.9,58769.4,59468.5
1.43,41.14,1723939200,58.86,60250.0,149660.264,59468.5,58352.0,58390.0
1.52,39.74,1724025600,60.26,59585.4,214043.139,58390.1,57750.0,59398.5
1.81,35.58,1724112000,64.42,61386.0,287049.13,59398.4,58501.1,58982.9
1.93,34.18,1724198400,65.82,61793.9,270583.679,58982.7,58728.9,61120.0
1.13,46.97,1724284800,53.03,61392.0,211098.959,61120.0,59677.6,60349.9
1.57,38.96,1724371200,61.04,65000.0,382490.709,60349.9,60301.5,64019.9
0.9,52.55,1724457600,47.45,64472.5,132741.902,64020.0,63522.7,64116.5
0.96,50.95,1724544000,49.05,65175.4,115546.888,64116.6,63731.3,64190.2
0.94,51.58,1724630400,48.42,64455.8,195977.222,64190.1,62750.2,62807.6
1.13,46.93,1724716800,53.07,63196.0,339269.805,62807.7,57928.2,59384.5
2.09,32.4,1724803200,67.6,60197.8,313788.567,59384.4,57820.0,59010.0
2.38,29.55,1724889600,70.45,61144.9,233896.685,59010.0,58655.0,59323.2
2.01,33.2,1724976000,66.8,59914.9,268276.469,59323.3,57525.0,59096.3
2.34,29.95,1725062400,70.05,59436.0,68866.674,59096.4,58700.0,58941.9
2.09,32.35,1725148800,67.65,59052.7,222909.914,58941.9,57123.0,57268.1
2.47,28.84,1725235200,71.16,59412.3,201218.384,57268.1,57093.0,59112.1
2.02,33.16,1725321600,66.84,59790.0,230196.497,59112.2,57320.0,57451.9
2.41,29.3,1725408000,70.7,58500.0,326983.311,57452.0,55555.0,57944.8
1.95,33.95,1725494400,66.05,58318.9,294703.592,57944.8,55600.0,56145.7
2.91,25.58,1725580800,74.42,57000.0,479063.113,56145.7,52510.8,53927.7
3.66,21.46,1725667200,78.54,54820.2,127686.594,53927.7,53725.0,54134.9
2.81,26.23,1725753600,73.77,55300.0,162078.536,54134.9,53596.5,54839.6
2.74,26.75,1725840000,73.25,58153.2,313094.361,54839.6,54557.0,57010.0
1.63,38.02,1725926400,61.98,58033.2,228317.676,57010.1,56361.0,57609.1
1.58,38.83,1726012800,61.17,57954.4,338231.445,57609.2,55515.2,57306.0
1.58,38.81,1726099200,61.19,58606.6,261449.688,57305.6,57283.1,58097.0
1.44,41.02,1726185600,58.98,60597.0,277429.492,58097.1,57594.0,60456.2
1.0,50.04,1726272000,49.96,60572.9,102580.577,60456.2,59360.1,59964.0
1.1,47.68,1726358400,52.32,60369.4,130524.206,59963.9,58654.0,59100.5
1.21,45.2,1726444800,54.8,59182.2,250699.432,59100.5,57446.3,58187.0
1.9,34.46,1726531200,65.54,61345.0,318442.066,58187.0,57588.8,60281.0
1.09,47.89,1726617600,52.11,61765.0,355729.312,60281.0,59138.0,61735.3
1.28,43.84,1726704000,56.16,63830.1,302382.412,61735.3,61534.0,62926.9
0.84,54.42,1726790400,45.58,64126.7,257172.835,62926.9,62320.0,63175.7
0.91,52.39,1726876800,47.61,63546.9,78248.362,63175.8,62714.2,63320.6
0.93,51.75,1726963200,48.25,64000.0,149129.884,63320.6,62339.0,63558.4
0.88,53.31,1727049600,46.69,64724.8,234343.564,63558.5,62534.4,63302.0
1.02,49.48,1727136000,50.52,64666.0,236987.628,63302.1,62688.2,64243.1
0.8,55.46,1727222400,44.54,64800.0,184950.772,64243.2,62910.0,63118.4
1.11,47.47,1727308800,52.53,65800.0,321186.356,63118.3,62634.4,65139.2
0.72,58.08,1727395200,41.92,66450.0,226404.021,65139.1,64788.0,65749.6
0.78,56.06,1727481600,43.94,66237.0,92773.553,65749.5,65368.1,65822.6
0.82,54.86,1727568000,45.14,66059.3,88131.799,65822.7,65400.0,65568.1
0.86,53.73,1727654400,46.27,65588.8,296848.373,65568.2,62825.0,63309.1
1.28,43.85,1727740800,56.15,64092.6,429817.835,63309.0,60128.2,60776.8
1.58,38.79,1727827200,61.21,62355.0,327001.805,60776.7,59934.9,60622.6
1.67,37.42,1727913600,62.58,61452.6,286137.212,60622.7,59815.0,60727.2
1.63,38.1,1728000000,61.9,62457.1,234795.836,60727.1,60434.1,62054.4
1.32,43.12,1728086400,56.88,62344.0,74330.781,62054.3,61648.0,62023.1
1.35,42.6,1728172800,57.4,62961.5,96413.453,62023.1,61778.9,62789.3
1.29,43.69,1728259200,56.31,64448.2,298949.375,62789.2,62091.8,62190.7
1.38,42.09,1728345600,57.91,63178.7,226276.359,62190.6,61836.0,62131.7
1.52,39.7,1728432000,60.3,62520.9,217302.173,62131.8,60251.9,60606.4
1.82,35.41,1728518400,64.59,61297.0,262947.653,60606.3,58900.0,60293.2
2.1,32.29,1728604800,67.71,63400.0,263691.142,60293.3,60057.8,62509.0
1.1,47.63,1728691200,52.37,63462.6,102784.406,62509.0,62458.0,63176.0
1.05,48.68,1728777600,51.32,63260.0,129696.156,63176.0,62020.0,62839.8
1.26,44.27,1728864000,55.73,66533.0,338251.601,62839.7,62420.0,66064.9
0.71,58.56,1728950400,41.44,67953.7,422005.511,66064.9,64771.7,67044.1
0.72,58.12,1729036800,41.88,68400.0,254153.501,67044.0,66724.2,67592.0
0.65,60.73,1729123200,39.27,67925.9,220272.837,67592.0,66600.0,67401.5
0.71,58.55,1729209600,41.45,69000.0,245301.761,67401.5,67165.0,68407.8
0.62,61.63,1729296000,38.37,68684.9,68632.108,68407.8,68000.0,68357.1
0.7,58.7,1729382400,41.3,69425.8,105939.492,68357.1,68069.8,69020.1
0.67,59.76,1729468800,40.24,69566.0,253437.333,69020.2,66865.9,67368.8
0.83,54.73,1729555200,45.27,67825.0,218518.977,67368.7,66536.5,67406.4
0.83,54.68,1729641600,45.32,67449.0,248215.058,67406.5,65222.3,66647.2
1.07,48.31,1729728000,51.69,68842.5,212340.722,66647.3,66482.0,68173.8
0.84,54.28,1729814400,45.72,68748.0,348511.871,68173.8,65557.2,66662.8
1.03,49.21,1729900800,50.79,67450.0,94169.992,66662.7,66414.1,67071.8
0.93,51.85,1729987200,48.15,68306.1,88468.808,67071.9,66909.4,67992.6
0.81,55.18,1730073600,44.82,70331.0,256128.622,67992.7,67584.2,69940.0
0.57,63.7,1730160000,36.3,73660.0,382502.06,69939.9,69733.0,72739.5
0.56,64.03,1730246400,35.97,72984.9,227108.808,72739.5,71444.2,72349.0
0.62,61.82,1730332800,38.18,72720.3,256485.328,72349.0,69705.0,70321.9
0.9,52.51,1730419200,47.49,71650.0,352591.088,70321.9,68822.5,69495.5
1.11,47.51,1730505600,52.49,69913.1,79314.105,69495.4,69022.8,69366.6
1.12,47.22,1730592000,52.78,69393.7,226477.376,69366.6,67446.6,68762.5
1.24,44.62,1730678400,55.38,69495.3,244912.166,68762.5,66810.0,67834.3
1.47,40.42,1730764800,59.58,70537.4,273070.87,67834.4,67454.2,69353.1
1.24,44.66,1730851200,55.34,76420.0,677440.286,69353.1,69272.7,75579.9
0.66,60.33,1730937600,39.67,76900.0,280675.033,75579.9,74450.0,75859.4
0.65,60.59,1731024000,39.41,77182.9,230370.324,75859.4,75576.3,76482.2
0.6,62.68,1731110400,37.32,76920.0,117754.034,76482.2,75683.2,76675.1
0.61,62.2,1731196800,37.8,81699.8,417426.899,76675.1,76501.1,80410.0
0.66,60.2,1731283200,39.8,89800.0,614141.662,80409.9,80261.2,88728.9
0.81,55.23,1731369600,44.77,90070.1,639481.584,88729.0,85159.9,87972.0
0.76,56.7,1731456000,43.3,93421.1,555288.297,87972.0,86180.0,90413.3
0.9,52.58,1731542400,47.42,91846.1,364621.68,90413.3,86714.0,87382.7
1.14,46.75,1731628800,53.25,91921.5,314431.908,87382.6,87111.0,91074.6
0.79,55.94,1731715200,44.06,91849.8,129023.447,91074.6,90120.0,90643.3
0.81,55.21,1731801600,44.79,91539.6,167504.792,90643.2,88736.1,89899.9
0.99,50.19,1731888000,49.81,92700.0,333557.11,89900.0,89422.1,90507.4
0.91,52.31,1731974400,47.69,93985.9,303532.031,90507.4,90405.6,92335.9
0.79,55.82,1732060800,44.18,94849.0,290044.227,92335.9,91500.0,94288.0
0.61,62.24,1732147200,37.76,99100.0,418383.136,94288.0,94008.7,98366.8
0.71,58.39,1732233600,41.61,99660.0,265774.067,98366.8,97199.9,98921.4
0.74,57.53,1732320000,42.47,98937.3,120358.422,98921.5,97173.5,97725.5
0.89,52.81,1732406400,47.19,98666.0,173118.84,97725.6,95822.1,97960.4
0.95,51.29,1732492800,48.71,98999.0,329375.021,97960.5,92666.0,93064.0
1.31,43.29,1732579200,56.71,95064.0,344929.233,93064.0,90866.4,92021.4
1.45,40.82,1732665600,59.18,97250.0,237005.987,92021.5,91864.0,95905.2
0.97,50.86,1732752000,49.14,96627.6,154007.026,95905.2,94700.1,95694.4
1.07,48.25,1732838400,51.75,98713.3,190520.949,95694.4,95404.5,97516.3
0.86,53.64,1732924800,46.36,97522.1,93074.218,97516.2,96150.0,96475.1
0.98,50.49,1733011200,49.51,97933.0,113222.99,96475.2,95736.5,97265.1
0.91,52.33,1733097600,47.67,98266.0,257613.911,97265.0,94400.0,95890.5
1.12,47.26,1733184000,52.74,96375.0,206601.98,95890.6,93605.0,95913.3
1.07,48.31,1733270400,51.69,99099.9,275949.205,95913.3,94650.8,98669.8
0.82,54.82,1733356800,45.18,104630.4,580277.391,98669.8,90200.0,97001.5
1.36,42.46,1733443200,57.54,101988.8,282369.608,97001.6,96429.5,99802.5
0.96,51.02,1733529600,48.98,100499.0,95858.658,99802.5,98876.9,99899.2
1.1,47.72,1733616000,52.28,101457.9,109755.676,99899.2,98709.4,101200.0
1.03,49.23,1733702400,50.77,101300.0,326973.59,101200.1,94039.7,97349.1
1.41,41.58,1733788800,58.42,98320.6,291490.744,97349.1,94265.5,96602.4
1.38,42.08,1733875200,57.92,101880.0,221807.705,96602.3,95650.0,101115.3
0.74,57.37,1733961600,42.63,102538.4,215219.075,101115.3,99280.2,99982.4
0.85,54.18,1734048000,45.82,101869.5,152437.318,99982.3,99149.6,101371.9
0.71,58.58,1734134400,41.42,102638.0,107680.549,101371.9,100559.8,101381.0
0.76,56.7,1734220800,43.3,105374.6,157733.916,101381.0,101200.1,104460.4
0.63,61.42,1734307200,38.58,107777.0,274395.756,104460.5,103264.6,106023.2
0.62,61.57,1734393600,38.43,108366.8,197773.912,106023.2,105252.0,106074.6
0.68,59.64,1734480000,40.36,106484.6,328581.935,106074.6,99951.1,100181.1
1.2,45.55,1734566400,54.45,102756.7,372968.463,100181.2,95681.2,97434.4
1.55,39.23,1734652800,60.77,98243.0,396188.795,97434.3,92272.6,97764.4
1.42,41.38,1734739200,58.62,99485.0,161258.48,97764.5,96375.0,97261.8
1.37,42.12,1734825600,57.88,97437.9,148114.735,97261.7,94200.0,95153.5
1.54,39.44,1734912000,60.56,96499.0,247211.855,95153.4,92464.4,94861.1
2.01,33.27,1734998400,66.73,99450.0,211610.632,94861.0,93525.6,98627.2
1.1,47.57,1735084800,52.43,99580.7,124696.892,98626.9,97570.0,99379.7
1.1,47.59,1735171200,52.41,99950.0,194857.651,99379.6,95153.0,95751.0
1.54,39.43,1735257600,60.57,97564.5,206008.243,95750.9,93440.0,94258.9
1.78,35.97,1735344000,64.03,95700.0,67991.349,94258.9,94100.0,95259.1
1.73,36.57,1735430400,63.43,95300.0,95047.934,95259.1,92961.8,93700.0
1.86,35.01,1735516800,64.99,95031.6,222343.593,93699.9,91510.0,92759.3
2.04,32.9,1735603200,67.1,96254.3,178648.116,92759.3,92000.0,93548.9
1.82,35.44,1735689600,64.56,95161.2,91236.66,93548.8,92796.5,94580.9
