o,c,t,h,l,volume,close,open,high,low
3592941969,3527345802,1582761600.0,3592941969,3519642109,200638.488,8828.0,8793.96,8978.0,8533.9
3512645211,3030810420,1582848000.0,3512645211,2989640750,196066.11,8699.57,8827.12,8908.86,8450.0
3043305844,3039152135,1582934400.0,3068482521,3025077245,103524.685,8531.98,8699.86,8799.83,8530.0
3039667141,3061279586,1583020800.0,3099737456,2998977064,174332.916,8537.84,8532.5,8762.24,8409.0
3073924322,3087582321,1583107200.0,3092824330,3045062034,160294.484,8919.7,8537.84,8972.0,8504.95
3070808130,3030927997,1583193600.0,3078001429,3005264467,160123.605,8765.0,8919.7,8922.34,8657.41
3013832153,3388922515,1583280000.0,3411555483,2983559630,105462.12,8756.93,8765.0,8853.88,8669.23
3336546980,3431167376,1583366400.0,3451266481,3301587669,161840.623,9062.81,8755.98,9172.3,8755.98
3452220729,3750641979,1583452800.0,3769240195,3375907594,115011.583,9139.48,9062.62,9179.75,8994.14
3751811122,3748308280,1583539200.0,3763001868,3735239095,125804.999,8897.18,9139.77,9204.0,8850.0
3741212132,3732738524,1583625600.0,3763539975,3715779927,237407.028,8038.46,8895.62,8897.71,7997.7
3643109525,3341576044,1583712000.0,3643109525,3287878770,334399.107,7932.15,8038.99,8182.31,7635.21
3375249060,3271734618,1583798400.0,3375249060,3271734618,257068.702,7897.66,7932.45,8156.31,7733.0
3216263693,3256716007,1583884800.0,3274099516,3186072374,220537.381,7938.39,7898.21,7988.0,7593.29
3280148459,2215858643,1583971200.0,3363376095,2215858643,784747.02,4764.65,7938.39,7969.0,4347.0
2170335588,1817811605,1584057600.0,2484929290,1817811605,935489.242,5570.26,4762.28,5971.0,3621.81
1812511702,1801345085,1584144000.0,1813966485,1765407172,316242.586,5167.01,5569.84,5638.42,5040.0
1798612573,1604441279,1584230400.0,1798612573,1604441279,356311.765,5357.32,5167.21,5954.47,5089.12
1604231924,1570912492,1584316800.0,1665476150,1570912492,621555.792,5026.26,5354.81,5361.26,4413.62
1582037047,1574203357,1584403200.0,1582037047,1536975762,429908.098,5307.38,5027.11,5529.98,4913.49
1584383295,1650389915,1584489600.0,1677454778,1568641632,402005.703,5389.64,5306.42,5435.0,4982.75
1641724773,1666766269,1584576000.0,1674571751,1608521490,499391.19,6159.6,5389.94,6400.0,5246.5
1679258281,1598480905,1584662400.0,1679258281,1587808060,571898.016,6203.77,6159.41,6911.0,5650.0
1591102842,1578484057,1584748800.0,1591102842,1506308472,387679.649,6183.69,6204.47,6457.17,5854.01
1578964664,1844957790,1584835200.0,1844957790,1578964664,391002.795,5810.17,6183.84,6408.91,5730.35
1852114981,1582360145,1584921600.0,1852114981,1582360145,489746.087,6463.84,5810.3,6619.9,5670.0
1584826353,1599821464,1585008000.0,1599821464,1557461233,437968.553,6741.33,6463.21,6840.0,6369.0
1589890682,1633261648,1585094400.0,1644028474,1545700515,400684.542,6673.41,6740.86,6960.71,6436.26
1626168986,1642090389,1585180800.0,1649067820,1603931597,281245.628,6733.76,6673.57,6777.5,6500.0
1649470263,1702086262,1585267200.0,1707199035,1629015334,258213.519,6353.64,6733.76,6840.0,6230.0
1698671113,1766771446,1585353600.0,1766771446,1655694959,341944.185,6230.95,6353.64,6354.74,6004.0
1765774657,1777790815,1585440000.0,1783481814,1738294611,251335.919,5876.27,6231.81,6260.0,5857.6
1773745077,1784954705,1585526400.0,1804194512,1634285337,387321.998,6391.08,5876.27,6606.15,5850.0
1774490130,1770494278,1585612800.0,1778720369,1716026293,262522.644,6407.1,6389.52,6516.63,6320.0
1764284964,1794065124,1585699200.0,1801609352,1719985485,390529.602,6641.51,6407.1,6693.0,6140.0
1795982187,1734614451,1585785600.0,1805716067,1432962988,531321.428,6791.63,6641.22,7290.0,6542.73
1756781249,1699206051,1585872000.0,1785865375,1647141307,411944.927,6729.8,6791.65,7049.11,6600.0
1713326141,1770364781,1585958400.0,1770364781,1701358517,319849.757,6851.1,6729.8,7020.0,6629.99
1780428896,1760430914,1586044800.0,1795250025,1735523947,239224.508,6768.9,6851.4,6893.44,6668.02
1762420393,1853141765,1586131200.0,1864038944,1738295531,461331.013,7325.73,6768.9,7370.0,6760.0
1869204892,1897856570,1586217600.0,1906300609,1846435341,419572.04,7192.9,7325.73,7457.0,7070.43
1909343455,1880270906,1586304000.0,1917103465,1847646239,332599.575,7357.66,7192.9,7417.83,7145.14
1879012604,1928423835,1586390400.0,1942954635,1868866857,293638.581,7278.65,7357.15,7365.69,7105.98
1928785601,1934812353,1586476800.0,1938321172,1903212790,440148.453,6857.82,7278.83,7290.0,6741.0
1932673473,1985876190,1586563200.0,1985876190,1923910563,224157.844,6874.18,6858.0,6944.28,6757.29
1987631779,2102630935,1586649600.0,2102630935,1987631779,321594.822,6900.52,6874.17,7173.98,6775.66
2125353483,2079203999,1586736000.0,2157953979,2023571228,421954.773,6834.0,6900.19,6900.99,6558.0
2081636972,2081567971,1586822400.0,2093040820,2046199354,280445.427,6864.11,6834.01,6975.6,6751.0
2096016070,2169313579,1586908800.0,2622111239,2060654497,281136.689,6616.89,6864.11,6929.0,6602.59
2181631672,1994380676,1586995200.0,2188755683,1991376680,559868.603,7098.15,6616.88,7190.92,6465.33
1990819625,2072207142,1587081600.0,2076023524,1922743680,277339.601,7022.44,7098.15,7140.0,6981.0
2075219531,2167047977,1587168000.0,2167047977,2070980953,225807.171,7242.42,7022.0,7290.0,7008.11
2172225335,2119527619,1587254400.0,2172225335,2073700368,216975.114,7118.03,7242.49,7258.42,7055.0
2117515128,2187484099,1587340800.0,2192408571,2090852767,445104.981,6825.29,7118.04,7208.55,6735.95
2186502186,2289385517,1587427200.0,2295141097,2174449546,288024.528,6838.0,6825.28,6940.0,6759.16
2288678831,2343447492,1587513600.0,2357183989,2254983218,306482.163,7120.06,6838.0,7154.9,6812.57
2338676861,2155150061,1587600000.0,2338676861,2155150061,472510.047,7483.35,7120.06,7802.38,7020.0
2155117800,2138001583,1587686400.0,2160608369,2071157683,278378.368,7504.11,7483.36,7612.91,7388.0
2141224763,2187275242,1587772800.0,2187275242,2100453066,243266.807,7534.01,7504.62,7722.33,7433.0
2146508747,2252968557,1587859200.0,2264321884,2146468747,269921.936,7694.17,7534.01,7709.57,7476.86
2212244540,2244066653,1587945600.0,2244066653,2196239929,290336.169,7774.0,7693.63,7795.6,7623.98
2244988628,2312150089,1588032000.0,2312302955,2224895750,217652.761,7735.75,7774.0,7780.0,7662.49
2308552825,2492239524,1588118400.0,2492239524,2291777822,871197.569,8784.2,7735.76,8988.66,7710.0
2505899291,2407282949,1588204800.0,2595095085,1810493958,944211.711,8624.76,8784.05,9479.77,8400.0
2410492650,2418027707,1588291200.0,2453282672,2362360748,417820.386,8830.52,8623.61,9065.0,8619.84
2412605561,2505603075,1588377600.0,2509093056,2401270339,295769.728,8975.18,8830.52,9020.0,8755.01
2516665470,2522818534,1588464000.0,2599130982,2478413861,451322.713,8900.0,8975.18,9200.0,8727.24
2550358839,2565164821,1588550400.0,2588857697,2543797417,440135.307,8873.98,8899.99,8954.94,8526.0
2580260375,2578522168,1588636800.0,2646862627,2531508705,409920.13,9022.78,8873.99,9118.17,8766.12
2575462710,2783848288,1588723200.0,4150445411,2544265452,507753.8,9148.27,9022.76,9405.0,8916.01
2790707622,2789442167,1588809600.0,2790707622,2705087566,738920.219,9995.0,9148.29,10080.0,9022.0
2769210069,3088199735,1588896000.0,3088199735,2769210069,458034.211,9807.49,9994.74,10045.03,9726.0
3068379538,3232751023,1588982400.0,3232751023,3053134713,411941.957,9550.67,9809.63,9923.98,9528.23
3230286743,2713786823,1589068800.0,3230286743,2646760952,842909.031,8719.53,9550.25,9580.0,7940.0
2690053529,2679468382,1589155200.0,2690053529,2583846765,805164.964,8561.09,8723.23,9164.0,8151.12
2681503594,2658879309,1589241600.0,2681503594,2527176934,369716.041,8808.71,8560.73,8981.0,8520.43
2671951248,2821111320,1589328000.0,2821111320,2637138762,379719.0,9305.91,8808.71,9397.0,8790.04
2852174216,2858830548,1589414400.0,2979211779,2841028661,602528.438,9786.8,9305.91,9950.0,9250.66
2872652829,2901818901,1589500800.0,2901818901,2704926346,504107.096,9310.73,9787.62,9843.5,9100.0
2878858923,2814059284,1589587200.0,2878858923,2783490468,287768.201,9374.99,9311.21,9585.0,9210.03
2800066885,3007252460,1589673600.0,3007252460,2761712976,300859.34,9678.57,9374.99,9880.0,9317.16
3022230940,3011589279,1589760000.0,3101051590,2928171214,363732.37,9731.1,9677.31,9958.67,9450.0
3005706637,2914068388,1589846400.0,3025217953,2914068388,376313.845,9773.64,9731.11,9900.0,9462.0
2900328408,3042647334,1589932800.0,3047738411,2890245934,334423.59,9508.11,9772.66,9838.0,9281.42
2994109220,2959552360,1590019200.0,3044786154,2959552360,461439.193,9060.0,9508.0,9573.0,8812.2
2972506674,2917706613,1590105600.0,2976001205,2879794172,276008.073,9166.4,9060.0,9259.38,8920.0
2932330258,2950796780,1590192000.0,2966293459,2932330258,201589.66,9176.41,9166.43,9300.0,9076.9
2947439772,2979942678,1590278400.0,2989383012,2920285704,339643.378,8711.37,9176.32,9294.44,8674.0
2981828671,3041631524,1590364800.0,3073129977,2981828671,302980.106,8895.65,8711.37,8977.0,8623.38
3036167847,3047111755,1590451200.0,3066260998,3000202169,275619.158,8837.05,8895.66,9011.82,8693.18
3037120154,3161981205,1590537600.0,3161981205,3017131249,272253.998,9197.32,8837.88,9230.0,8811.0
3137550873,3144959047,1590624000.0,3144959047,3058765997,327412.374,9569.59,9197.32,9621.65,9110.97
3150242855,3099674421,1590710400.0,3150242855,3086032005,238691.299,9422.26,9569.58,9598.0,9317.42
3108378370,3216446735,1590796800.0,3216446735,3107292448,255234.058,9695.0,9422.11,9753.0,9326.01
3217376699,3162038141,1590883200.0,3228763642,3162038141,219829.356,9446.43,9694.38,9698.0,9371.76
3165962003,3309491176,1590969600.0,3309491176,3141010057,333740.457,10232.48,9446.49,10497.25,9420.85
3283953342,3242513592,1591056000.0,3769952767,3242513592,354168.517,9514.9,10232.41,10262.3,9264.15
3143028717,3003589337,1591142400.0,3143028717,2991436705,185389.412,9663.59,9514.9,9694.75,9382.33
3001030553,3585848495,1591228800.0,3590339561,3000316854,264515.319,9788.33,9663.58,9884.0,9440.0
3592216766,3610992044,1591315200.0,3642867084,3561702895,237103.042,9617.29,9788.32,9855.0,9580.52
3619218591,3586887079,1591401600.0,3619218591,3564398516,152526.703,9664.0,9616.64,9738.77,9528.0
3586830596,3701491115,1591488000.0,3701491115,3566067203,253986.313,9743.92,9664.01,9823.13,9373.0
3716960964,3595703081,1591574400.0,3727024879,3452788929,162086.419,9778.87,9743.92,9816.0,9631.0
3610178589,3585391044,1591660800.0,3651807474,3545583772,204422.819,9771.66,9778.87,9890.0,9550.03
3594869205,3659360468,1591747200.0,3707877609,3593117355,193628.149,9884.99,9771.66,10015.99,9681.21
3661340016,3830081856,1591833600.0,3830081856,3653858402,404046.613,9278.03,9884.99,9970.1,9055.07
3802395625,3646793783,1591920000.0,3802395625,3574028450,211611.34,9458.91,9277.72,9550.0,9238.0
3664398584,3612800076,1592006400.0,3664398584,3601567610,113449.075,9468.54,9458.77,9497.85,9340.0
3608423317,3655426519,1592092800.0,3655426519,3077169973,143978.523,9339.61,9468.55,9477.0,9240.97
3632396161,3701537030,1592179200.0,3720605708,3620962232,413865.727,9422.01,9339.7,9490.83,8888.43
3695663930,3696616224,1592265600.0,3749901749,3654568118,225713.247,9519.12,9422.01,9595.0,9370.0
3698651980,3736962211,1592352000.0,3736962211,3682200410,227477.39,9458.45,9519.13,9569.0,9231.03
3752108557,3706343558,1592438400.0,3756180393,3685852275,158349.247,9381.59,9458.45,9483.85,9272.41
3693716576,3650257993,1592524800.0,3761023872,3650257993,219510.059,9307.0,9381.99,9453.0,9239.0
3650062079,3676139820,1592611200.0,3725745525,3620481722,154462.29,9354.04,9307.0,9394.29,9165.0
3691541033,3677078972,1592697600.0,3726932953,3665619133,110599.558,9293.51,9353.84,9420.47,9279.0
3668628356,3858885643,1592784000.0,3873118370,3642739816,260561.647,9686.99,9293.39,9795.0,9273.0
3871263056,3960589582,1592870400.0,3960589582,3855146470,164673.499,9631.66,9686.99,9723.23,9585.0
3978646937,3926893409,1592956800.0,4052183501,3913988835,300450.251,9298.4,9631.65,9678.0,9210.0
3891504438,3741576977,1593043200.0,3895859027,3734676855,272566.502,9246.75,9298.78,9350.9,9005.0
3735506129,3526051845,1593129600.0,3746447677,3039710069,249348.67,9159.99,9246.75,9297.16,9038.52
3491345808,3477499507,1593216000.0,3509541641,3460755958,237840.165,9008.0,9159.99,9195.75,8816.4
3479812279,3534515731,1593302400.0,3580961824,3479812279,153842.891,9114.0,9008.0,9188.0,8932.68
3526413507,3574577430,1593388800.0,3589846784,3513415324,176660.525,9189.48,9114.01,9233.0,9022.0
3548770969,3523857567,1593475200.0,3548770969,3497554724,143469.832,9138.87,9189.99,9205.0,9063.97
3518782932,3566348172,1593561600.0,3566348172,3481505509,161642.185,9233.29,9138.88,9293.0,9090.0
3591126259,3625097090,1593648000.0,3646667579,3566953136,230747.519,9087.72,9233.29,9262.99,8936.0
3651739070,3505433698,1593734400.0,3681278503,3503307918,96947.338,9057.52,9087.72,9124.52,9036.06
3508595394,3529846533,1593820800.0,3544600986,3506453502,100215.438,9137.18,9058.07,9194.0,9042.84
3554244931,3635390058,1593907200.0,3635390058,3448647665,139545.566,9071.86,9137.18,9146.35,8900.0
3618901423,3679826581,1593993600.0,3679826581,3494374681,199643.828,9339.6,9071.87,9379.0,9058.1
3688240742,3728627864,1594080000.0,3763771109,3688240742,127833.975,9258.51,9339.59,9380.0,9201.23
3728581229,3875064143,1594166400.0,3875064143,3708320067,170243.001,9436.08,9258.51,9470.0,9233.47
3878520702,3822655385,1594252800.0,3921590032,3822655385,188355.856,9236.28,9436.08,9440.81,9164.33
3813242147,3732520654,1594339200.0,3825522616,3720638163,140849.874,9288.39,9236.29,9317.24,9121.42
3718180428,3674696790,1594425600.0,3718180428,3661214506,74976.521,9233.5,9288.39,9301.74,9178.91
3673433350,3678122124,1594512000.0,3708325398,3663643314,127841.882,9300.69,9233.5,9349.0,9155.0
3679985617,3859857566,1594598400.0,3859857566,3643475959,136117.659,9241.2,9300.7,9345.0,9200.0
3852076947,3869113688,1594684800.0,3902488976,3790574474,129704.278,9254.17,9241.18,9279.0,9116.0
3859634146,3825941147,1594771200.0,3859634146,3795969356,104107.708,9197.3,9254.17,9272.56,9156.0
3844856147,4056849801,1594857600.0,4072220067,3844856147,148089.45,9132.0,9197.75,9223.0,9044.02
4047837699,3908809856,1594944000.0,4047837699,3908809856,80940.584,9151.69,9132.0,9187.0,9087.0
3910230837,3903357821,1595030400.0,3925449387,3901694732,63233.596,9171.8,9151.7,9210.0,9121.98
3904740037,3931084720,1595116800.0,3931084720,3866467373,75554.579,9210.51,9171.79,9239.59,9108.0
3937555976,3894506973,1595203200.0,3964888530,3894506973,72429.691,9161.13,9210.68,9221.0,9131.01
3898815615,4306466972,1595289600.0,4306466972,3893791473,179211.347,9388.01,9161.28,9439.6,9152.62
4293575347,4248110517,1595376000.0,4319536479,4237975175,126598.902,9518.25,9388.0,9543.0,9272.0
4254714664,4457932201,1595462400.0,4508131307,4248532259,166990.147,9604.41,9518.25,9678.32,9439.86
4478079416,4417828248,1595548800.0,4521188478,4369810612,133975.068,9539.7,9604.41,9650.0,9470.0
4427834663,4541092194,1595635200.0,4541092194,4389892734,133377.589,9701.49,9539.7,9735.1,9526.31
4542125878,4617929018,1595721600.0,4728862876,4542125878,261998.786,9939.69,9701.54,10300.0,9655.2
4617816818,4846499590,1595808000.0,4846499590,4602304226,744752.4,11047.58,9939.68,11488.0,9928.61
4788739195,5091455715,1595894400.0,5091455715,4332865577,499486.679,10919.94,11047.58,11270.0,10580.0
5094821386,5134837684,1595980800.0,5177139025,4972288501,356188.761,11113.03,10919.94,11364.8,10844.34
5159096323,5130071853,1596067200.0,5211052805,5098785072,230327.988,11111.96,11113.01,11195.52,10826.55
5149018713,5288308222,1596153600.0,5293041204,5131451338,307399.731,11343.68,11111.97,11450.42,10971.78
5390744108,5558842743,1596240000.0,5587537799,5317924059,386322.642,11811.42,11343.67,11887.45,11201.0
5557025279,5049908310,1596326400.0,5741311039,5001464181,492803.351,11079.72,11811.43,12154.25,10490.0
5045318083,5075877431,1596412800.0,5092110016,4972033129,238654.591,11227.07,11080.7,11483.0,10923.0
5105476999,5080866061,1596499200.0,5105476999,4990389700,200044.934,11200.05,11227.07,11427.38,11025.0
5075246406,5165537420,1596585600.0,5165537420,4929489595,263510.011,11752.5,11200.06,11798.56,11103.0
5205399372,5398198548,1596672000.0,5404719081,5140524539,236459.595,11770.56,11752.5,11916.02,11571.78
5408202009,5308009304,1596758400.0,5438947230,5303535359,273935.127,11596.06,11769.97,11920.0,11318.93
5326973576,5181332982,1596844800.0,5326973576,5116099049,154707.303,11765.72,11596.26,11819.0,11513.69
5199330721,5210859674,1596931200.0,5212012788,5120528930,125463.463,11685.99,11765.72,11811.0,11526.9
5218390006,5426208908,1597017600.0,5568874464,5201594649,290418.014,11896.89,11685.99,12100.0,11384.9
5408953109,5518155376,1597104000.0,5518155376,5337564971,336861.638,11392.64,11896.86,11944.0,11127.0
5415306887,5221422647,1597190400.0,5415306887,5194403469,213799.491,11568.36,11392.64,11630.0,11140.0
5209961703,5171039658,1597276800.0,5220966695,5133318269,248214.725,11790.0,11568.37,11798.0,11272.0
5160124877,5233703610,1597363200.0,5267570704,5155040925,159019.959,11767.89,11790.0,11868.42,11644.6
5242075882,5370358331,1597449600.0,5445605810,5242075882,222262.987,11859.04,11767.89,11993.58,11682.0
5389179184,5421530799,1597536000.0,5470942546,5389179184,165733.721,11921.23,11858.91,11945.0,11688.0
5445207663,5688195440,1597622400.0,5688195440,5408484045,331435.112,12298.06,11921.32,12499.42,11780.0
5797657477,5602776586,1597708800.0,5820994901,5602776586,291349.888,11960.79,12298.06,12403.0,11810.0
5568317098,5293508776,1597795200.0,5592437483,5293508776,313267.066,11763.87,11962.03,12037.05,11574.78
5301077849,5228806038,1597881600.0,5326943425,5170912209,130981.044,11857.92,11763.88,11888.0,11676.03
5228865518,5211770690,1597968000.0,5228865518,5114545262,195106.536,11538.53,11858.53,11882.68,11491.0
5209399814,5082993705,1598054400.0,5236791338,5075274780,126696.73,11670.47,11538.53,11689.08,11385.06
5077563517,5021620072,1598140800.0,5077563517,5008360056,95608.033,11654.0,11670.48,11724.0,11522.15
5036084541,5131513500,1598227200.0,5169779125,5019163834,108781.125,11753.3,11654.0,11831.96,11595.0
5124164048,5161424095,1598313600.0,5193143065,5097695216,267234.771,11327.17,11753.29,11770.0,11130.0
5186477779,4927325739,1598400000.0,5186477779,4927325739,170305.024,11466.22,11327.18,11548.68,11255.95
4872798759,4809038945,1598486400.0,4872798759,4644565104,253778.342,11335.53,11466.22,11593.0,11130.82
4817404155,4744978780,1598572800.0,4892895043,4741523455,129477.627,11526.85,11335.83,11544.88,11283.19
4762561722,4789558925,1598659200.0,4840394912,4732980476,83715.229,11466.66,11526.85,11582.0,11419.34
4791046120,4868422662,1598745600.0,4870027098,4772764791,113266.672,11714.14,11466.27,11724.12,11457.88
4856553357,4943868940,1598832000.0,4943868940,4855455181,127272.378,11658.11,11714.13,11784.21,11575.78
4944023301,5154839457,1598918400.0,5165258828,4869109522,211680.828,11930.18,11658.11,12061.07,11531.34
5221987602,4845805015,1599004800.0,5236555769,4845805015,280411.964,11396.96,11930.17,11961.0,11156.0
4842367949,4411151056,1599091200.0,4842367949,4411151056,487812.737,10141.08,11396.44,11475.0,9901.16
4356214222,3786597119,1599177600.0,4356214222,3786597119,432563.841,10448.0,10141.4,10635.77,9878.65
3746585925,3738410725,1599264000.0,3751203727,3699106232,399307.282,10168.71,10448.0,10567.87,9808.58
3710097548,3691930010,1599350400.0,3710097548,3635432350,190207.654,10258.13,10168.23,10348.97,10003.0
3673693108,3765629574,1599436800.0,3775613083,3673693108,258476.949,10378.76,10258.13,10420.55,9879.68
3776441639,3820398813,1599523200.0,3826074911,3684318145,317802.322,10129.02,10379.3,10443.79,9842.01
3823155584,3711642686,1599609600.0,3823155584,3685273517,151222.689,10219.29,10130.0,10346.0,9981.13
3719639526,3747680283,1599696000.0,3771663517,3671865608,187667.873,10335.91,10219.29,10484.6,10211.67
3755584870,3767227181,1599782400.0,3816005919,3725375004,135929.303,10387.81,10335.91,10397.85,10200.8
3763366071,3767070885,1599868800.0,3808850665,3763366071,97429.037,10438.28,10387.81,10477.7,10271.0
3779228369,3807252962,1599955200.0,3855679043,3779228369,159021.843,10327.72,10438.29,10580.0,10209.01
3800938545,3973780681,1600041600.0,3973780681,3800938545,205260.236,10664.1,10327.72,10746.06,10241.57
4004319355,3981091787,1600128000.0,4034621747,3928523840,247657.23,10776.78,10664.1,10923.42,10592.0
3993983541,4131681574,1600214400.0,4137193080,3938749268,252881.019,10948.17,10776.88,11089.08,10661.9
4169594289,4101491112,1600300800.0,4200868475,4101491112,186484.361,10935.33,10948.16,11040.0,10740.0
4105151513,4087920444,1600387200.0,4109297004,4055072719,136028.351,10926.29,10935.97,11035.0,10810.1
4068911441,4187243509,1600473600.0,4190974378,4055704601,126239.232,11073.74,10926.3,11177.0,10880.0
4188818668,4128853512,1600560000.0,4188818668,4080488439,150450.562,10914.28,11073.2,11073.9,10751.0
4112583230,3912209440,1600646400.0,4115552337,3912209440,333047.145,10414.73,10915.52,10980.69,10281.0
3927123793,3910429162,1600732800.0,3927123793,3887995979,179900.686,10523.32,10414.73,10574.08,10353.1
3897627986,3873920451,1600819200.0,3897627986,3839790976,203027.542,10237.91,10523.32,10531.94,10132.21
3874095706,3788160209,1600905600.0,3874759804,3788160209,241646.573,10724.92,10237.91,10837.27,10191.0
3810297479,3616780767,1600992000.0,3810298442,3575607409,170930.773,10683.51,10724.91,10754.29,10551.56
3633433143,3724820892,1601078400.0,3724820892,3621770613,109340.491,10726.5,10683.5,10827.8,10642.23
3728484353,3731224887,1601164800.0,3766937751,3699692166,123440.716,10768.0,10726.5,10793.5,10584.0
3711525309,3796016184,1601251200.0,3815215777,3709827237,187105.377,10691.45,10768.0,11024.0,10627.19
3797604189,3754716879,1601337600.0,3800113309,3679117782,146888.319,10836.98,10691.94,10863.94,10631.49
3755004414,3680989786,1601424000.0,3755004414,3620671419,132834.116,10773.0,10836.99,10845.99,10660.05
3682011527,3764206460,1601510400.0,3778415536,3649346604,253619.622,10612.63,10773.0,10935.14,10442.0
3693648298,3607259134,1601596800.0,3721924869,3605050689,224747.037,10565.15,10612.62,10660.0,10371.03
3614849238,3627334971,1601683200.0,3627334971,3584117722,76315.911,10537.96,10565.44,10596.0,10491.11
3626495389,3638453933,1601769600.0,3638453933,3606766648,90912.105,10660.16,10537.96,10694.0,10514.0
3643509785,3731848035,1601856000.0,3731848035,3637924760,130589.137,10785.0,10660.16,10792.0,10608.9
3734100963,3848778623,1601942400.0,3849266660,3732385157,184895.25,10593.65,10784.99,10792.0,10510.66
3818508966,3792350620,1602028800.0,3818721265,3767854674,106700.522,10658.75,10593.65,10675.0,10540.29
3796483387,3933952999,1602115200.0,3933952999,3792514672,207938.861,10919.45,10658.75,10958.0,10523.0
3954396886,4114232849,1602201600.0,4114232849,3937747301,154336.818,11050.47,10919.45,11110.0,10818.44
4132819042,4146751140,1602288000.0,4149454670,4095795591,199398.012,11294.79,11050.46,11494.0,11050.46
4133675807,4179759150,1602374400.0,4188818480,4130337072,146323.076,11369.59,11294.78,11450.73,11273.77
4210207495,4245678571,1602460800.0,4245678571,4128386493,254217.203,11530.36,11369.59,11732.0,11157.0
4272120738,4178529519,1602547200.0,4305298642,4150313729,199115.115,11419.36,11530.37,11562.0,11308.0
4180051899,4173874910,1602633600.0,4224535778,4133720256,192936.97,11417.13,11419.36,11550.0,11280.5
4125567982,4171157859,1602720000.0,4178203085,3796915433,215260.399,11502.0,11417.12,11649.48,11250.0
4183607053,4074471438,1602806400.0,4234330379,4063807122,212339.085,11318.92,11502.0,11538.92,11175.0
4077889587,4011680078,1602892800.0,4083373175,4011680078,95892.966,11356.25,11319.51,11424.09,11250.0
4008208468,4074400684,1602979200.0,4074400684,4004852643,92472.191,11501.1,11356.25,11529.93,11342.54
4070576225,4322518134,1603065600.0,4322518134,4070576225,230161.648,11745.0,11501.5,11830.0,11404.01
4377797099,4674821809,1603152000.0,4674821809,4337611629,312811.802,11900.03,11744.99,12045.78,11673.0
4708814182,4939595738,1603238400.0,5025675284,4663138255,591963.069,12796.07,11900.03,13240.0,11876.0
4950386905,5087290578,1603324800.0,5093727750,4897161757,343851.666,12968.87,12796.06,13188.27,12675.5
5097821296,5183829155,1603411200.0,5184717245,5032824987,237042.526,12925.82,12970.39,13043.0,12725.04
5189158864,5290592326,1603497600.0,5290592326,5092460463,176146.631,13110.88,12925.82,13177.59,12871.07
5346678466,5186989723,1603584000.0,5437980505,5156018394,206012.652,13023.81,13110.88,13369.0,12715.0
5169964406,5379038030,1603670400.0,5379038030,5169964406,316503.296,13047.24,13024.21,13240.0,12729.0
5271244199,5471812235,1603756800.0,5471812235,5126222335,411509.506,13629.38,13047.24,13787.83,13041.3
5522041592,5084599129,1603843200.0,5554900298,5084599129,476993.789,13256.17,13629.89,13863.0,12876.0
5150530449,5269748831,1603929600.0,5269748831,5079898675,355352.336,13446.65,13255.79,13637.22,12965.0
5282095066,5186201272,1604016000.0,5378873156,5123804024,349890.573,13549.12,13446.65,13665.65,13100.0
5266333570,5558997871,1604102400.0,5579700252,5264310694,357853.23,13783.73,13549.12,14140.0,13403.36
5561039671,5516498823,1604188800.0,5590807604,5497249869,198395.231,13752.86,13783.73,13891.52,13605.9
5525944575,5370174288,1604275200.0,5557685769,5302782157,327991.768,13540.54,13752.87,13823.75,13195.0
5395421628,5230526916,1604361600.0,5404992231,5145358743,348730.51,14016.55,13541.55,14070.0,13276.33
5225326658,5156036531,1604448000.0,5396584600,5094745502,451433.42,14134.31,14016.55,14280.0,13512.0
5218432994,5725855969,1604534400.0,5785014549,5218432994,717489.697,15598.75,14134.32,15777.0,14088.01
5728225660,5702300795,1604620800.0,5757953775,5580630875,559380.06,15590.96,15598.74,15984.2,15177.0
5674454539,5727361099,1604707200.0,5778189136,5651395720,457582.681,14824.34,15590.95,15774.0,14350.0
5763131263,5597578686,1604793600.0,5763131263,5414452539,290616.393,15473.2,14824.33,15678.0,14710.0
5612450934,5621107461,1604880000.0,5788744794,5559169815,474181.983,15328.72,15473.2,15869.0,14822.0
5600151382,5576140133,1604966400.0,5670236884,5576140133,244073.495,15294.68,15328.72,15474.17,15071.0
5560968004,5904194409,1605052800.0,5904194409,5556674551,330772.852,15690.24,15294.68,16000.0,15274.89
5928422073,6028782656,1605139200.0,6078250937,5791352446,471759.126,16289.02,15690.24,16345.0,15437.7
6053471891,5990380828,1605225600.0,6248993347,5990380828,306656.359,16320.54,16289.01,16479.99,15955.6
5978322557,5908360911,1605312000.0,5996398607,5818926549,266206.937,16064.51,16320.54,16326.82,15700.0
5892834476,5838212828,1605398400.0,5892834476,5786322864,210318.453,15952.27,16064.51,16161.23,15768.0
5839472341,6212958403,1605484800.0,6212958403,5813355466,342459.329,16707.07,15951.93,16882.0,15862.0
6223149474,6344332217,1605571200.0,6344332217,6212584130,524094.697,17670.01,16707.0,17890.1,16550.0
6416208294,6457462938,1605657600.0,6605879153,6219595887,732937.097,17788.32,17670.01,18520.0,17215.03
6409668406,6555357646,1605744000.0,6555357646,6334962298,406500.977,17811.68,17788.32,18200.0,17347.27
6585634329,6917601432,1605830400.0,6917601432,6496093510,407926.802,18664.31,17811.68,18831.6,17748.92
6957861473,6873365015,1605916800.0,6962421445,6837473063,342412.49,18721.99,18662.85,18986.0,18302.08
6918984286,6960281481,1606003200.0,7051141494,6897369428,373779.417,18435.2,18721.99,18780.0,17645.98
6983566459,7208235669,1606089600.0,7227809963,6919117741,364221.378,18382.07,18434.17,18812.65,18013.97
7244329241,7346884566,1606176000.0,7346884566,6960446816,477968.289,19179.64,18382.07,19440.0,18000.0
7334874818,7434232634,1606262400.0,7434232634,7168335427,426276.99,18741.67,19178.53,19554.19,18509.12
7396097604,6170498362,1606348800.0,7396097604,6170498362,850692.856,17155.34,18741.66,18940.69,16181.0
6192886421,6025923153,1606435200.0,6192886421,5949523914,398072.933,17144.1,17155.37,17465.0,16444.83
6013095567,6155907905,1606521600.0,6157190416,6013095567,268833.749,17717.74,17144.11,17880.0,16865.78
6197045701,6358858390,1606608000.0,6366590452,6170451674,256024.006,18181.09,17717.74,18343.0,17523.0
6367681509,7001804893,1606694400.0,7001804893,6367681509,500482.574,19720.0,18180.43,19944.0,18178.82
6973369373,7255927767,1606780800.0,7550932844,6969079487,553885.333,18772.7,19722.09,19956.0,18050.0
7205941824,6788472269,1606867200.0,7205941824,6739785785,335717.482,19207.01,18770.33,19365.0,18329.58
6750966517,7098172870,1606953600.0,7098172870,6727203534,245020.576,19434.3,19207.01,19640.0,18865.0
7163977512,6896900697,1607040000.0,7163977512,6896900697,276271.939,18664.2,19432.66,19537.16,18570.0
6891356531,6921576391,1607126400.0,6936713575,6801798736,165912.647,19147.62,18662.72,19203.46,18510.0
6935515069,6934385854,1607212800.0,6992674893,6901629670,176004.606,19375.02,19147.63,19449.1,18855.35
6954482590,7125775958,1607299200.0,7189542483,6935678641,169402.371,19172.88,19375.0,19446.36,18908.66
7112249844,7222167975,1607385600.0,7225221217,7086123250,280714.132,18319.32,19172.87,19319.38,18133.33
7189336074,6975476191,1607472000.0,7203667953,6897113525,353123.689,18537.98,18319.33,18639.7,17650.0
6926677821,6872597093,1607558400.0,6949683932,6832098172,233960.241,18253.51,18537.97,18550.0,17916.0
6889906682,6819505581,1607644800.0,6909363017,6747499968,317866.07,18031.47,18254.0,18290.44,17555.0
6833841804,6788175626,1607731200.0,6833841804,6714133210,196962.282,18800.0,18031.71,18950.0,18012.21
6800915635,7224271959,1607817600.0,7224271959,6800915635,239760.089,19175.07,18800.0,19432.0,18705.46
7171320510,7245333199,1607904000.0,7245333199,7112445120,181555.823,19270.7,19175.06,19355.35,19004.72
7265871257,7409114123,1607990400.0,7497288482,7259985893,248744.054,19424.91,19270.71,19598.0,19039.64
7463911056,7931301294,1608076800.0,7931301294,7429964738,459302.012,21346.8,19424.9,21600.0,19274.55
7949913740,8197999941,1608163200.0,8356790130,7949913740,823435.821,22816.99,21346.81,23888.04,21231.5
8301061152,8409129867,1608249600.0,8409129867,8076238747,305997.222,23124.35,22816.99,23330.0,22363.94
8436071012,8681299462,1608336000.0,8681299462,8430037883,337535.438,23847.28,23124.35,24281.61,22735.81
8838500971,8718827231,1608422400.0,8930444625,8655154632,322289.774,23472.96,23847.28,24376.0,23076.25
8822189598,8466302895,1608508800.0,8900011704,8369899205,476456.589,22730.1,23472.96,24145.0,21920.0
8472580222,8663498912,1608595200.0,8663498912,8241319522,326124.313,23826.99,22736.05,23850.0,22387.0
8673089927,8667241125,1608681600.0,8781575938,8596868180,394754.939,23238.27,23826.74,24235.42,22572.52
8579637817,8262113700,1608768000.0,8579637817,8215484571,237754.257,23737.44,23237.73,23819.81,22700.0
8138102634,8537545233,1608854400.0,8798133517,8138102634,284523.431,24730.0,23738.75,24827.64,23450.0
8507256451,9019163416,1608940800.0,9019163416,8505574775,367265.555,26508.83,24729.99,26926.0,24507.24
9122240165,9296196780,1609027200.0,9497147589,9078564409,540264.148,26305.64,26508.84,28459.84,25850.0
9355796634,9425697665,1609113600.0,9425697665,9102049474,267563.468,27102.66,26301.76,27538.82,26117.1
9414133529,9079706772,1609200000.0,9430373294,9079706772,260759.449,27402.83,27101.45,27441.73,25913.01
9031831095,9427722097,1609286400.0,9518129883,9031831095,374737.655,28906.99,27402.83,29063.72,27401.0
9410938577,9563436946,1609372800.0,9747861301,9388087809,313648.835,28951.68,28906.99,29376.7,27848.0
9535793280,9744374758,1609459200.0,9750608678,9402007065,210716.398,29337.16,28948.19,29668.86,28627.12
9697616507,10430896957,1609545600.0,10430896957,9548522324,545541.08,32199.91,29337.15,33480.0,28958.24
10542617119,10826878387,1609632000.0,10826878387,10262377339,487486.989,33054.53,32198.41,34832.25,32000.02
10765443938,10122418086,1609718400.0,10774179030,9792775318,506128.023,32031.07,33053.93,33653.56,27800.0
10063501295,10004801839,1609804800.0,10202249484,9735253959,433720.833,33999.52,32029.55,34500.0,29900.0
10001680536,10993796812,1609891200.0,11069746867,10001680536,444019.83,36823.68,33999.51,37037.51,33356.46
11033240100,11903787508,1609977600.0,11903787508,11033240100,520147.908,39498.92,36825.77,40565.62,36337.36
12002254603,12462566454,1610064000.0,12462566454,11554073528,518080.826,40637.23,39498.32,42125.51,36539.77
12273668163,12668733050,1610150400.0,12751990147,10006720357,260882.805,40136.04,40638.91,41539.88,38733.28
12520724315,12711828416,1610236800.0,12882086975,12402820695,436759.048,38221.67,40136.05,41412.12,35268.0
12743010051,11316965185,1610323200.0,12743010051,11210122607,906275.651,35408.46,38200.01,38322.18,30448.0
11114775537,11712977828,1610409600.0,11993557469,11114775537,449065.693,34056.9,35406.92,36693.44,32600.0
11656625324,11636936833,1610496000.0,11879483030,11282616128,398188.088,37421.07,34065.53,37880.0,32420.0
11643800697,13277105243,1610582400.0,13277105243,11607718701,353142.386,39163.31,37416.34,40189.39,36764.33
13159049227,12813385348,1610668800.0,13159049227,12753815868,437610.113,36755.24,39163.31,39790.0,34478.0
12588967160,12417066200,1610755200.0,12588967160,12064265871,301102.477,36025.66,36755.25,38000.0,35366.0
12524096598,12013192067,1610841600.0,12524096598,12013192067,287686.129,35869.83,36025.65,36898.0,33863.5
12098908764,12462339582,1610928000.0,12586795249,11867180417,253386.703,36686.86,35875.72,37547.94,34808.47
12454585074,13030780862,1611014400.0,13123194673,12257146828,257889.419,35891.03,36690.0,37961.0,35850.0
13134344471,11981400782,1611100800.0,13166141836,11961485365,329192.419,35500.0,35891.74,36461.44,33403.0
11916815235,11286862725,1611187200.0,11965298356,11286862725,550562.277,30879.97,35499.23,35636.17,30069.9
11333376971,10804884811,1611273600.0,11412434460,10552494246,453568.538,32986.34,30875.77,33831.52,28880.0
10823876080,10474224815,1611360000.0,10853006079,10412525785,256776.411,32086.48,32990.08,33495.0,31405.0
10474730289,10548970803,1611446400.0,10655332289,10385634103,212107.044,32275.63,32086.48,33125.75,30914.2
10534988971,11231657710,1611532800.0,11231657710,10410437873,316687.524,32253.68,32274.88,34880.0,31921.47
11301159827,10427417593,1611619200.0,11325056076,10374220248,346861.707,32474.14,32253.68,32950.0,30810.0
10472882063,10366240220,1611705600.0,10613592145,10366240220,431022.839,30381.04,32474.81,32562.2,29240.0
10347872639,10552734076,1611792000.0,10552734076,10238730350,311528.373,33399.75,30382.96,33778.95,29843.33
10504048904,11851601708,1611878400.0,12139897150,10504048904,713579.785,34269.35,33399.99,38641.1,31960.0
11918668154,10933549751,1611964800.0,11918668154,10715435687,267861.872,34289.85,34267.04,34988.88,32849.06
10983832702,10956126275,1612051200.0,11068994826,10895003197,211293.891,33126.21,34284.76,34393.22,32193.04
10968923240,10905232819,1612137600.0,11082149108,10714857615,240632.325,33546.09,33125.11,34720.0,32322.47
10882323394,11318951329,1612224000.0,11361611547,10691073537,239856.23,35504.06,33546.08,36041.0,33450.0
11228545554,11552446818,1612310400.0,11554683256,9729545046,240308.078,37652.51,35504.07,37700.0,35410.0
11649681424,11955759602,1612396800.0,12117680779,11649681424,306715.022,36976.93,37651.92,38833.0,36233.0
11915331545,12588649905,1612483200.0,12601301586,11858308983,196277.444,38362.65,36975.19,38411.82,36586.68
12604709936,13559066418,1612569600.0,13559066418,12380714990,310826.315,39249.54,38357.17,40992.4,38269.0
13717079120,13262607267,1612656000.0,13717079120,13119761117,296721.925,38849.25,39249.53,39757.87,37403.27
13110666668,14791705194,1612742400.0,14791705194,13006350440,440167.093,46451.32,38849.24,47146.0,38037.0
15081716110,15772503476,1612828800.0,16096304199,14826241765,381477.426,46492.54,46451.32,48266.36,45057.65
15835303885,15364491149,1612915200.0,15835303885,15364491149,334979.017,44850.0,46492.53,47475.0,43770.0
15408565244,16380776900,1613001600.0,16380776900,15245202451,330540.045,48060.21,44850.0,48810.0,44038.97
16466809118,16090288526,1613088000.0,16653295634,16090288526,259186.288,47361.03,48060.21,49278.98,46121.0
16196026467,16370354558,1613174400.0,16577546743,16075411781,199965.397,47221.62,47364.0,48290.0,46252.1
16383962594,17544707794,1613260800.0,17692128342,16294493847,241935.666,48655.21,47221.63,49875.16,47093.16
17337189949,16657658158,1613347200.0,17375740201,16385115012,248960.404,47981.58,48655.21,49100.0,45349.21
16698392678,17613950392,1613433600.0,17742937610,16543290764,343592.011,49197.94,47981.6,50953.44,47101.02
17490839545,18766911793,1613520000.0,18855939034,17231130267,312007.458,52194.62,49197.93,52800.0,49029.62
18740704590,18995900870,1613606400.0,18995900870,18691900955,185489.89,51619.7,52194.62,52640.0,50948.0
18882799560,18887416018,1613692800.0,18887416018,18394658530,257911.872,56004.1,51612.46,56582.0,50800.0
18987752658,18277531868,1613779200.0,19120076979,18277531868,240296.308,55917.41,56005.85,57699.0,53905.0
18442700918,19217958395,1613865600.0,19463008873,18442700918,196820.573,57487.43,55908.45,58472.14,55564.5
19196547773,17577564695,1613952000.0,19235800581,17342038575,480660.187,54121.1,57475.5,57591.87,47751.42
17591555871,16174942603,1614038400.0,17591555871,15865159838,748737.462,48930.0,54125.55,54260.12,44893.82
16233105399,16117647880,1614124800.0,16535497049,16117647880,333415.219,49702.03,48930.01,51435.58,47000.0
16188215967,15914322221,1614211200.0,16637860241,15914322221,349943.016,47089.37,49702.05,52134.96,46685.43
15788314588,14923381661,1614297600.0,15788314588,14923381661,440670.32,46313.13,47087.97,48438.01,44100.0
14957205316,15089832490,1614384000.0,15446129510,14957205316,256027.074,46102.63,46313.12,48476.05,44926.77
15139232110,15072628027,1614470400.0,15188281449,14835542382,370358.825,45163.36,46097.09,46678.0,43002.05
15069157991,15903995138,1614556800.0,16030864136,15069157991,315659.931,49592.7,45162.64,49800.0,44972.49
16032702366,15697935772,1614643200.0,16131109149,15622730565,273100.435,48450.57,49594.99,50221.77,47058.06
15787985285,16154614080,1614729600.0,16848369534,15431638159,350311.234,50373.75,48454.21,52681.51,48110.66
16122790247,15652486976,1614816000.0,16261966292,15573347235,387428.957,48385.77,50373.75,51800.0,47500.0
15664470012,15445383336,1614902400.0,15664470012,15204689125,354602.756,48770.57,48385.77,49470.0,46320.0
15418297551,15363751126,1614988800.0,15432547899,15193537746,215092.91,48908.21,48772.68,49253.63,47090.0
15400111403,16169465655,1615075200.0,16410297920,15400111403,248398.116,50995.27,48908.21,51480.0,48908.21
16270433208,17161357699,1615161600.0,17265431400,16201468340,308339.866,52429.43,50991.35,52450.0,49310.0
17485395591,18786526843,1615248000.0,19029093875,17485395591,285604.798,54917.78,52429.43,54950.0,51880.0
18829657665,20131908969,1615334400.0,20332674061,18638011974,401159.493,55947.98,54917.78,57500.92,53061.0
19953958910,21204905677,1615420800.0,21204905677,19567741826,364681.318,57844.52,55949.3,58283.0,54356.44
21244244102,20542740216,1615507200.0,21244244102,20488135235,335495.042,57291.03,57842.64,58186.33,55074.3
20590355266,23280175419,1615593600.0,23436582845,20265279952,320322.173,61267.41,57291.04,61950.0,56136.0
23294929695,22890210066,1615680000.0,23405993444,22839310660,231991.901,59037.12,61267.41,61798.0,59005.0
22667817277,21056554507,1615766400.0,23485836016,21056554507,448820.83,55646.61,59037.11,60740.0,54517.28
20861652732,20420184925,1615852800.0,20861652732,20040666632,339718.202,56954.19,55646.61,56988.0,53335.0
20550851601,21002399863,1615939200.0,21002399863,20311226490,339397.712,58959.0,56953.23,59078.79,54154.93
21098752780,21141080873,1616025600.0,21736281451,21098752780,305100.026,57700.01,58959.01,60510.0,57072.0
21135032882,21068242040,1616112000.0,21288750037,20667375893,259039.479,58089.11,57700.01,59550.0,56301.27
20930231609,21639858197,1616198400.0,21984012624,20930231609,203680.149,58145.61,58089.11,59948.0,57881.0
21561518882,21455827271,1616284800.0,21749885221,21205110257,237518.696,57415.18,58144.44,58638.7,55403.55
21355294883,20868510045,1616371200.0,21534688040,20868510045,293062.947,54129.56,57415.19,58500.0,53635.81
20834498674,20471247606,1616457600.0,21029801388,20471247606,276199.041,54400.0,54129.56,55890.68,52981.4
20440365832,20002591984,1616544000.0,21033875005,20002591984,394172.526,52311.54,54400.0,57234.79,51666.0
19911347012,19316067076,1616630400.0,20193934022,19316067076,416848.091,51325.21,52307.89,53255.2,50452.08
19293758779,19093930058,1616716800.0,19485558243,18756145806,271957.842,55030.0,51325.21,55123.0,51260.0
19320673684,19766608217,1616803200.0,19894223155,19177384202,234435.346,55828.0,55030.0,56658.76,54001.0
19639829167,19429313636,1616889600.0,19797133099,19370670459,200603.768,55805.08,55828.0,56588.31,54694.91
19454486588,21087079107,1616976000.0,21372725522,19408542435,277215.268,57677.64,55804.16,58490.11,54931.15
21035916103,22599349424,1617062400.0,22760441909,21016464921,232824.065,58794.16,57676.14,59560.0,57110.0
22643085344,22570718933,1617148800.0,22833974781,22019065583,337038.349,58807.24,58794.17,59920.0,56812.0
22602488861,22668881724,1617235200.0,22879590966,22602488861,196332.114,58794.01,58810.99,59592.22,58002.0
22632372922,23403606781,1617321600.0,23582401262,22632372922,189391.958,59031.36,58797.56,60397.85,58490.03
23366095115,23292576803,1617408000.0,23771777456,23292576803,198636.171,57134.65,59028.99,59925.0,56900.0
23171818359,23154472639,1617494400.0,23337202918,23033767839,152454.122,58234.61,57134.65,58553.0,56517.23
23161873501,23528433409,1617580800.0,23697550994,23050442700,174338.646,59243.39,58234.61,59385.0,56808.94
23594597502,23579523660,1617667200.0,23763461247,23424437585,165562.029,58059.99,59243.4,59626.18,57500.0
23584730497,23018114884,1617753600.0,23584730497,22984372621,265271.707,56018.18,58060.0,58720.0,55536.07
22883728427,22687012441,1617840000.0,23064937675,22593303130,161389.858,58122.26,56018.17,58200.0,55759.13
22761834207,22869984524,1617926400.0,23012719773,22638054523,141690.144,58176.03,58122.93,58950.0,57700.0
22847633632,24049675916,1618012800.0,24739848209,22847633632,240907.592,59832.43,58176.04,61800.0,57943.95
24181299081,24659826127,1618099200.0,24659826127,24181299081,148499.824,60090.2,59832.43,60816.88,59304.02
24674639329,25294519112,1618185600.0,25501974643,24616917452,196147.561,59911.18,60093.26,61449.91,59500.0
25368158410,27561901048,1618272000.0,27688074701,25368158410,279389.492,63649.71,59911.19,63850.0,59873.01
27616361581,27052343902,1618358400.0,27857148845,26950723914,323454.88,63019.1,63645.05,64986.11,61404.0
26993219132,26872831949,1618444800.0,26993219132,26578502043,178604.198,63232.55,63018.34,63905.83,62157.89
26774178231,26014479348,1618531200.0,26883913137,26014479348,255765.893,61424.67,63232.56,63600.0,60100.0
25924476701,25856037303,1618617600.0,26025535580,25628507375,194112.299,60090.14,61424.67,62610.0,59620.0
25733444938,22226712712,1618704000.0,25835289937,22060770800,522006.276,56140.05,60090.14,60450.0,50050.0
22185171172,21367375425,1618790400.0,22406446630,21367375425,285041.716,55634.39,56140.05,57532.7,54200.0
21302716255,21141596658,1618876800.0,21313852597,20953520175,324494.085,56410.56,55634.38,57060.0,53330.82
21114995347,20401179265,1618963200.0,21114995347,20380606122,252601.972,53800.0,56411.25,56756.78,53610.0
20408503260,19796995040,1619049600.0,20505470407,19756864494,453489.185,51714.61,53794.72,55470.51,50534.34
19773570686,18919004922,1619136000.0,19868648478,18919004922,554666.026,51122.62,51714.62,52152.0,47546.16
19031233865,18799702157,1619222400.0,19031233865,18558973865,299663.131,50092.4,51122.63,51183.51,48690.0
18753589857,18674023365,1619308800.0,18975504469,18592985426,310306.501,49063.94,50094.27,50577.9,46930.43
18709827231,18576728663,1619395200.0,19287244640,18576728663,390494.148,53984.33,49063.94,54364.89,48763.0
18649593344,18939573045,1619481600.0,19010308044,18486090184,225440.361,55006.25,53984.34,55500.0,53225.14
18930305826,18662143641,1619568000.0,19038576287,18640695455,263170.559,54861.77,55006.25,56574.13,53852.0
18659995184,18726768628,1619654400.0,18812473788,18620129436,257045.19,53558.8,54861.76,55222.02,52350.0
18734720273,19807917211,1619740800.0,19860256598,18694277957,294683.751,57684.16,53558.57,57935.0,53043.62
19922147614,19887875765,1619827200.0,20078240148,19806275850,207854.398,57836.34,57688.29,58488.17,57051.23
19922600930,19884786917,1619913600.0,19965595380,19695670737,203712.515,56630.33,57836.35,57959.97,56100.0
19930052580,19948355514,1620000000.0,20388577192,19928121992,271733.972,57214.83,56630.34,59056.59,56500.65
19953606757,19493437544,1620086400.0,19953606757,19493437544,388988.754,53263.32,57214.84,57253.76,53094.59
19363947019,19633374250,1620172800.0,19924960062,19363947019,317811.705,57497.77,53263.32,57940.0,52880.38
19676262630,19710688711,1620259200.0,19966792061,19562603789,275471.204,56435.35,57497.76,58450.0,55297.91
19682405090,19629762775,1620345600.0,19911631485,19475624455,256159.504,57350.88,56435.35,58800.0,55300.0
19686192630,20130686615,1620432000.0,20474769421,19685577250,264906.729,58924.98,57350.89,59590.96,56961.25
20183769746,20029066607,1620518400.0,20274548668,20029066607,245954.014,58292.53,58926.36,59335.19,56316.0
20069804594,20590491862,1620604800.0,20918965558,20069804594,396237.133,55869.67,58292.53,59654.0,53250.0
20273867453,20319602762,1620691200.0,20431557729,20065687563,267226.104,56710.43,55869.41,56908.66,54541.33
20337757766,20294621374,1620777600.0,20513093606,20232809637,472329.152,49595.76,56712.7,58049.99,48503.74
18825249053,18569717145,1620864000.0,19163080692,18436233366,652476.689,49707.9,49596.75,51358.0,45596.32
18701009886,18530935146,1620950400.0,18848094409,18424925151,319069.002,49873.27,49706.27,51533.0,48870.41
18520028836,18712006029,1621036800.0,18847215238,18479906574,442023.496,46793.41,49873.26,50709.43,46584.32
18661093670,18330721350,1621123200.0,18822122189,18281789369,604537.63,46429.28,46794.62,49829.39,43866.0
18407895271,17442706033,1621209600.0,18570093968,17442706033,809129.365,43566.18,46429.28,46655.0,42151.0
17533271118,17409454454,1621296000.0,17810664198,17409454454,590358.592,42882.53,43565.11,45846.61,42268.0
17461066196,12493364737,1621382400.0,17461066196,12442436017,1373851.849,36689.14,42882.54,43615.93,28688.0
12093533678,12612572640,1621468800.0,12844630334,11860124287,775185.113,40500.3,36689.14,42460.0,34882.0
12444942424,11982380767,1621555200.0,12650753040,11876929931,930671.747,37211.02,40500.0,42270.42,33400.0
12058272932,11694871226,1621641600.0,12105290035,11692584002,588166.784,37432.58,37210.01,38851.34,35201.11
11646973714,10940210333,1621728000.0,11779239270,10713124889,996815.017,34651.6,37436.0,38261.71,31096.7
11040519775,11544195725,1621814400.0,11830254884,11040519775,707903.071,38779.66,34656.53,39917.09,34366.0
11649304377,11532378661,1621900800.0,11763688223,11310305731,598836.411,38326.84,38783.58,39790.05,36439.32
11514409006,11724081163,1621987200.0,12045259289,11514409006,577032.81,39224.2,38326.84,40900.0,37804.76
11764579892,11257929438,1622073600.0,11964107992,11257929438,543338.566,38527.38,39224.21,40438.82,37133.22
11261366480,11390123505,1622160000.0,11433557964,11122598252,832363.425,35670.99,38527.38,38888.35,34689.57
11391379907,11045978149,1622246400.0,11445839724,10898609995,733902.825,34611.94,35670.99,37375.0,33650.0
10979010060,11053903772,1622332800.0,11167478521,10847652956,511834.746,35651.81,34611.95,36501.0,33356.0
11057294645,11514320843,1622419200.0,11679974742,10946861310,635082.121,37243.38,35651.8,37500.0,34150.0
11574875913,11215272177,1622505600.0,11620095683,11190572710,590822.54,36693.41,37244.36,37893.76,35500.0
11224372643,11659239114,1622592000.0,11954180767,11173842265,441719.806,37569.99,36694.37,38232.99,35905.0
11696943225,11956047655,1622678400.0,12044043848,11350316852,507429.005,39247.4,37570.0,39470.0,37150.15
11993595811,11534641659,1622764800.0,11993595811,11528245208,700625.866,36828.03,39247.4,39297.35,35552.51
11486514653,11265922297,1622851200.0,11701741049,11250373189,631028.448,35498.62,36828.03,37900.49,34800.0
11336139811,11485945419,1622937600.0,11646038104,11336139811,443601.064,35801.71,35497.93,36521.16,35201.86
11524338104,11702289562,1623024000.0,11940114922,11524338104,636735.873,33550.96,35801.71,36820.0,33200.0
11631261652,11095297422,1623110400.0,11805464319,11061285923,976693.026,33372.58,33550.97,34061.57,30969.0
11084715915,12297462746,1623196800.0,12348184656,11013308430,1031014.087,37368.45,33372.58,37511.31,32390.0
12386628333,11720109812,1623283200.0,12386628333,11665684346,803185.699,36669.66,37369.99,38489.0,35750.0
11691660149,12235416924,1623369600.0,12428451510,11637440687,586122.898,37300.42,36669.65,37679.54,35900.0
12175669055,11658901335,1623456000.0,12175669055,11617905112,623532.476,35537.05,37300.41,37432.95,34585.9
11607877496,12724442806,1623542400.0,12724442806,11588353209,647035.314,38993.65,35535.95,39374.18,34739.06
12786336124,13133099645,1623628800.0,13465624890,12770470417,704979.881,40489.1,38993.66,41000.0,38720.0
13184176964,13177531522,1623715200.0,13467297497,13089156021,632066.994,40132.86,40489.1,41413.0,39500.0
13166485828,12936181345,1623801600.0,13490214469,12869694300,673235.496,38344.97,40132.86,40495.0,38105.0
12944558395,12992282039,1623888000.0,13386843993,12915335239,603849.861,38060.71,38344.97,39565.0,37334.76
13011446623,12426445748,1623974400.0,13011446623,12426445748,790379.249,35811.41,38060.71,38198.0,35100.0
12411530130,12597512263,1624060800.0,12880551812,12384207446,642185.382,35483.0,35811.41,36471.8,34704.08
12567052980,12371863521,1624147200.0,12764086198,12371863521,829896.441,35588.64,35483.01,36155.0,33312.0
12357203198,11283494946,1624233600.0,12371677100,11283494946,1397330.662,31606.0,35588.63,35746.28,31250.51
11292336264,11243672113,1624320000.0,11552364070,11087990972,1531824.85,32496.0,31606.0,33274.0,28780.01
11260672050,11358950734,1624406400.0,11759327520,11260672050,960700.369,33649.0,32496.0,34867.77,31711.5
11397904149,11487181586,1624492800.0,11743601897,11254812500,774899.165,34644.64,33650.0,35406.74,32300.0
11467094292,10545370706,1624579200.0,11539477765,10524089195,1093051.375,31568.07,34644.65,35500.0,31250.0
10552820208,10586792589,1624665600.0,10741063593,10475936270,1091384.749,32255.56,31569.18,32720.52,30120.0
10744209765,11335482364,1624752000.0,11335482364,10744209765,897147.453,34687.71,32250.15,34762.0,31960.0
11402615953,11159963653,1624838400.0,11700451544,11159963653,706158.545,34487.22,34687.71,35279.38,33855.0
11200572923,12036890181,1624924800.0,12337768518,11200572923,806140.329,35911.26,34486.58,36623.0,34206.0
12039980854,11314076730,1625011200.0,12039980854,11230519077,719742.983,35031.39,35910.64,36089.96,34042.74
11381844459,11235774905,1625097600.0,11415832554,11156665457,758966.493,33489.96,35031.39,35044.98,32672.04
11215863459,11426060317,1625184000.0,11538045579,11107873338,664923.202,33760.94,33489.96,33960.0,32684.0
11408014073,11602653043,1625270400.0,11778867183,11350932552,510614.258,34652.94,33760.94,34948.16,33296.98
11599412131,11807964046,1625356800.0,12005101418,11557465412,451001.556,35280.16,34653.32,35955.55,34340.75
11795306099,11528673467,1625443200.0,11796191064,11520318730,736706.409,33672.72,35280.17,35281.55,33032.0
11432853732,11494698154,1625529600.0,11802794977,11432853732,644229.007,34206.01,33672.72,35120.0,33500.0
11537629600,11455691133,1625616000.0,11862364703,11455691133,456218.909,33845.64,34206.0,35089.56,33756.48
11526115614,11534133777,1625702400.0,11801030760,11526115614,650317.664,32852.04,33845.63,33910.0,32066.0
11610098974,11670629131,1625788800.0,11851408363,11473588915,485662.879,33805.01,32855.0,34100.0,32250.0
11619752077,11626969104,1625875200.0,11869133917,11585301430,410271.979,33497.98,33805.01,34248.58,33010.0
11568282436,11918262991,1625961600.0,11957285922,11563201542,343905.35,34253.81,33497.98,34629.62,33306.03
11842790544,11732712650,1626048000.0,11988394350,11647219962,502747.758,33070.87,34253.88,34662.73,32650.0
11698857692,11598480488,1626134400.0,11795107618,11598480488,466567.713,32709.09,33070.86,33336.0,32186.99
11595519415,11601620223,1626220800.0,11770903980,11533966162,521140.41,32803.01,32708.66,33176.47,31556.02
11542267167,11914126923,1626307200.0,11925762672,11491116342,539111.667,31866.43,32803.0,33170.0,31140.0
11874412316,11615510183,1626393600.0,11987819397,11615510183,516577.743,31382.95,31865.53,32245.0,31018.59
11610774630,11780625740,1626480000.0,11901391191,11610774630,422650.418,31496.65,31382.96,31945.0,31150.02
11774459726,11746238055,1626566400.0,11999143633,11746238055,412189.401,31767.0,31496.65,32435.93,31075.1
11829018101,12239166763,1626652800.0,12326445139,11753737562,486305.627,30823.62,31765.23,31890.0,30358.77
12241446560,11904479989,1626739200.0,12241446560,11891181609,602688.19,29775.9,30823.62,31050.0,29242.24
11936323234,12187097730,1626825600.0,12609165514,11874322578,787077.39,32120.0,29775.89,32883.9,29472.41
12180458307,12132341302,1626912000.0,12360562184,12043842197,397258.936,32268.11,32120.0,32583.48,31700.0
12182894117,12755936301,1626998400.0,12755936301,12182894117,404650.016,33634.46,32268.12,33650.0,31970.82
12874273618,13247735835,1627084800.0,13426770217,11506031036,376046.028,34230.0,33631.74,34471.0,33379.81
13303819588,13750043691,1627171200.0,13750043691,13274643858,404114.844,35370.66,34230.0,35400.0,33812.0
13922624218,13058101082,1627257600.0,14283441853,13058101082,1162332.857,37218.09,35370.67,48168.6,35185.49
12949127416,13344596079,1627344000.0,13579794814,12804517319,675104.157,39442.33,37218.09,39546.34,36384.31
13462144107,13678747792,1627430400.0,14229397166,12578658771,736196.234,40003.08,39448.06,40894.0,38753.0
13735457415,13777042443,1627516800.0,14036705394,13570472437,463917.872,40012.9,40003.08,40665.0,39203.83
13731417157,13967535491,1627603200.0,13967535491,13422227970,561474.309,42203.25,40012.89,42316.6,38320.0
14282115035,14180238777,1627689600.0,14309265001,14062963514,381521.899,41448.11,42202.6,42494.0,41030.19
14098945351,13499751249,1627776000.0,14363325506,13499751249,487529.044,39846.78,41448.1,42614.98,39350.4
13200426082,13072179733,1627862400.0,13257752869,12968796218,451872.128,39147.48,39846.78,40450.0,38658.0
13083828916,13150890028,1627948800.0,13181456545,12960795755,517219.517,38203.26,39147.47,39774.93,37600.0
13109113390,13290900018,1628035200.0,13465326271,13101499947,479560.473,39731.31,38201.33,39975.32,37500.0
13329474631,13189605572,1628121600.0,13334282632,12852421493,746249.712,40882.4,39731.31,41350.0,37291.0
13236254911,14275143430,1628208000.0,14368398784,13212486786,653451.154,42825.43,40882.39,43400.0,39849.82
14321280854,14818242401,1628294400.0,14947634990,14321280854,583750.891,44601.11,42825.43,44753.01,42395.2
15024443893,14791700103,1628380800.0,15454471851,14748865301,553684.698,43787.71,44601.11,45350.0,43265.0
14601252185,15592178491,1628467200.0,15917708901,14495944832,626220.503,46259.7,43787.71,46483.0,42785.0
15630945875,15602312189,1628553600.0,15735917527,15482200813,460478.861,45589.99,46259.7,46800.0,44670.05
15644837398,15740144795,1628640000.0,16070693171,15564179710,390660.571,45522.12,45589.99,46754.27,45354.0
15706424115,15351699162,1628726400.0,15971670696,14918495931,468276.056,44385.09,45522.13,46226.67,43800.0
15410142127,16489316130,1628812800.0,16652165007,15358841106,438025.46,47792.52,44385.09,47980.69,44208.88
16612379202,16331280899,1628899200.0,16666082554,16301722051,374368.796,47083.74,47792.52,48300.0,46000.0
16390912600,16275163533,1628985600.0,16414036562,15620670566,370950.807,47006.02,47083.75,47388.75,45480.0
16169195868,16353435016,1629072000.0,16443520893,16148165945,412537.605,45926.23,47006.02,48074.23,45682.03
16375979209,16069469599,1629158400.0,16574692861,15975314100,474316.4,44704.84,45926.23,47194.0,44412.01
16069954075,15706785557,1629244800.0,16223099412,15678400540,395836.158,44714.09,44704.85,46050.0,44227.32
15676660654,16104237457,1629331200.0,16157382959,15676660654,439402.162,46772.0,44714.09,47100.0,43938.38
16110304427,17208714078,1629417600.0,17208714078,16110304427,401499.081,49332.74,46772.0,49500.0,46650.0
17244485560,17224902606,1629504000.0,17400897341,16978666759,347594.451,48848.29,49332.99,49833.0,48250.0
17108572357,17095832700,1629590400.0,17404048995,17031867384,294672.223,49273.28,48846.11,49556.2,48075.81
17160685962,17642461679,1629676800.0,18288610067,17160685962,355733.496,49523.91,49273.28,50600.0,49075.01
17596856444,17691629154,1629763200.0,17821319163,17546188630,398682.002,47719.36,49523.23,49888.88,47600.0
17601302948,17553540571,1629849600.0,17714779357,17492233784,389100.384,48992.65,47719.37,49297.8,47130.57
17562766318,17148832003,1629936000.0,17610479873,17148832003,475183.123,46853.06,48992.65,49380.0,46280.0
17018085171,17060293721,1630022400.0,17085384472,16793472813,403667.012,49083.98,46854.22,49220.0,46359.97
17054015398,17110119901,1630108800.0,17396119515,17054015398,222793.024,48931.99,49082.13,49333.0,48395.65
17159242813,17113036776,1630195200.0,17346821911,16924923413,315105.499,48795.41,48931.99,49769.2,47741.31
17058237215,16916504470,1630281600.0,17465790099,16894015696,351830.754,47024.7,48795.42,48916.25,46876.49
16921114110,17105368125,1630368000.0,17325834532,16898965423,365548.209,47150.32,47024.69,48298.0,46731.03
17079646103,16966890609,1630454400.0,17288897048,16902356184,350108.374,48842.94,47150.32,49160.79,46550.99
17517937009,18178675642,1630540800.0,18322319243,17517937009,361863.055,49299.14,48842.93,50420.0,48631.2
18065401625,18130745910,1630627200.0,18506144934,17689813862,430326.386,50027.08,49299.14,51111.0,48333.0
18144680923,17836199940,1630713600.0,18231173608,17836199940,274956.842,49940.74,50027.09,50582.08,49360.0
17797450305,19196882346,1630800000.0,19196882346,17797450305,288984.124,51799.57,49942.2,51950.0,49462.59
19266095215,19694463868,1630886400.0,19710662574,19266095215,297734.284,52683.97,51799.56,52830.0,51040.0
19790555667,15378075184,1630972800.0,19994511155,15245450470,764140.139,46864.39,52683.98,52950.0,42088.0
15379445019,15189839307,1631059200.0,15496928868,15052909135,435803.011,46062.29,46864.38,47347.0,44431.0
15080549939,15055599093,1631145600.0,15343468646,14953580649,309015.75,46413.88,46060.02,47400.0,45500.0
15085080206,14959852898,1631232000.0,15484079814,13666135086,343533.069,44860.83,46413.88,47037.5,44120.0
15019559556,14851392737,1631318400.0,15099341841,14851392737,194144.115,45193.78,44860.83,45999.0,44737.4
14891033121,15056893282,1631404800.0,15191326995,14891033121,223534.63,46046.73,45194.19,46512.2,44746.51
15040441024,14836403058,1631491200.0,15376185217,14789748655,448942.068,44975.96,46048.02,46933.89,43323.93
14803796349,15167665986,1631577600.0,15226053962,14734425868,277925.721,47087.18,44975.96,47272.98,44692.9
15171451307,16012029346,1631664000.0,16128343034,15171451307,244226.37,48106.12,47087.18,48440.93,46675.0
16022446132,15571033505,1631750400.0,16206105600,15490347648,260044.727,47745.55,48106.13,48488.0,47038.21
15556805785,15576264865,1631836800.0,15814857750,15024877608,226193.34,47303.11,47745.55,48150.0,46750.0
15679963881,16103131943,1631923200.0,16592284120,15679963881,207900.413,48285.15,47303.11,48850.0,47044.32
16117760424,15857634140,1632009600.0,16226173987,15857634140,212631.933,47256.91,48284.61,48364.64,46840.0
15928623171,14701633631,1632096000.0,15928901530,14701633631,600764.629,43026.6,47256.92,47345.0,42467.86
14678393296,13533731687,1632182400.0,14678393296,13533731687,683242.002,40726.1,43026.61,43629.6,39503.58
13588374203,14162072755,1632268800.0,14315627736,13582787573,400849.752,43520.0,40727.83,43989.98,40551.49
14160374824,14213849825,1632355200.0,14371791345,13490508765,330253.525,44828.29,43520.0,44976.48,43056.0
14252298019,13471696889,1632441600.0,14252298019,13126093531,608595.52,42798.49,44828.29,45134.33,40650.0
13386194941,13464086163,1632528000.0,13614435784,13253974822,277084.795,42651.58,42798.49,42950.0,41630.26
13446226264,13394301065,1632614400.0,13598928294,13210178983,354393.916,43150.0,42646.84,43940.0,40725.01
13420645498,13390250042,1632700800.0,13730165267,13353362369,285311.606,42122.69,43150.01,44350.0,42059.13
13174879545,13245971711,1632787200.0,13382326890,13171937058,359745.538,41006.32,42122.69,42749.0,40854.0
13049053511,13201492768,1632873600.0,13234112771,12942093644,293307.589,41499.71,41002.96,42576.8,40708.73
13230797980,13553565384,1632960000.0,13677619886,13202702367,389185.646,43796.57,41499.7,44100.0,41387.78
13595673447,14921619295,1633046400.0,14994391167,13546516563,449491.768,48123.94,43799.49,48450.0,43260.01
15015794448,15304418034,1633132800.0,15335671196,14961226480,182565.988,47626.61,48123.93,48338.68,47410.0
15229132135,15336579177,1633219200.0,15611782830,15061978347,212410.375,48187.3,47626.62,49304.12,47071.26
15428230324,15813321867,1633305600.0,15908308455,15278648244,324424.837,49198.22,48187.99,49544.48,46885.29
15903095186,17075703699,1633392000.0,17153023549,15903095186,314043.813,51455.12,49199.78,51888.0,49009.21
17122566962,17875970385,1633478400.0,17920225467,17030884656,418731.748,55321.6,51460.22,56416.02,50410.0
17954037388,18278090466,1633564800.0,18449261059,17864770328,262974.545,53814.99,55327.45,55337.8,53374.34
18236953958,18275378742,1633651200.0,18825811743,18232563633,255210.035,53975.0,53814.99,56208.73,53647.3
18263584715,18734388660,1633737600.0,18968952167,18263584715,167495.393,54960.77,53974.99,55589.0,53656.66
18720194863,19066181411,1633824000.0,19340167889,18665876878,289072.818,54700.0,54960.79,56789.0,54101.0
19108858210,20292106520,1633910400.0,20474800242,19108858210,314868.05,57500.01,54700.0,57880.0,54458.0
20332103929,20093001366,1633996800.0,20578249432,19812559712,349147.775,56011.84,57500.01,57756.52,53750.0
19915784630,20380446778,1634083200.0,20401378325,19853573909,327714.318,57393.65,56011.83,57822.38,54271.24
20394471798,20665902752,1634169600.0,20942813286,20394471798,254719.751,57378.19,57393.65,58586.67,56800.0
20594935418,22396491637,1634256000.0,22793673145,20541238169,493366.513,61702.33,57377.12,63997.61,56900.0
22415624820,22603603871,1634342400.0,22871123660,22290715385,213251.899,60925.56,61702.33,62444.23,60220.0
22626670658,22850077997,1634428800.0,22973809858,22272318623,240132.514,61571.45,60925.56,61796.47,58850.0
22920875588,22982689273,1634515200.0,23281029732,22830659548,333278.481,62037.92,61571.45,62800.0,59897.61
22996793737,24365137207,1634601600.0,24429566370,22955795931,379243.718,64316.7,62037.92,64500.0,61300.0
24470228739,25988191368,1634688000.0,26463679154,24412078103,324737.868,66064.24,64314.75,67150.0,63518.81
26001757630,25719814855,1634774400.0,27333595883,25719814855,478610.458,62260.33,66064.25,66750.0,62000.0
25757530006,25746292995,1634860800.0,26279233021,25746292995,350359.527,60734.27,62260.33,63796.2,60011.9
25409041694,25317248451,1634947200.0,25522257875,25246538174,222553.478,61325.11,60734.28,61780.0,59622.0
25369955196,25356141623,1635033600.0,25475365462,25143015080,245816.821,60902.82,61325.09,61550.0,59504.46
25400038721,26252263715,1635120000.0,26252263715,25317823081,234201.1,63127.04,60902.82,63795.98,60701.0
26397028675,26143524077,1635206400.0,26414895514,25948083414,252256.924,60358.75,63129.25,63362.06,59838.05
26203351341,24351798809,1635292800.0,26206992668,24351798809,329112.396,58449.36,60358.74,61550.0,57865.0
24233003252,24248991573,1635379200.0,24264875477,23518069163,333323.116,60622.03,58449.36,62641.26,57550.0
24070171632,24280562546,1635465600.0,24484814094,23565318923,218355.773,62308.22,60622.02,63069.71,60222.0
24280711200,24041347314,1635552000.0,24280711200,23986702811,156041.523,61895.19,62308.21,62415.85,60631.23
24129495219,24685662080,1635638400.0,24730903810,24129495219,183599.524,61348.61,61895.19,62462.99,60008.0
24669987139,24842282387,1635724800.0,24911424411,24303810665,246158.361,60942.87,61347.14,62543.58,59400.0
24407807018,25494436736,1635811200.0,25892044883,24288635655,217592.062,63266.69,60942.87,64349.55,60659.58
25551187353,24843097836,1635897600.0,25633638890,24746194139,211190.183,62946.45,63266.69,63613.0,60300.0
24869638193,24386195626,1635984000.0,24900789153,24368595827,184677.079,61431.86,62946.45,63149.0,60703.0
24423853577,24181162176,1636070400.0,24423853577,24115307890,157569.637,61006.0,61433.9,62671.48,60762.0
24224685295,24285187008,1636156800.0,24383138216,24184117118,154919.118,61511.3,61006.0,61645.75,60100.0
24322590251,24534806745,1636243200.0,24596718054,24322590251,142878.208,63316.4,61511.3,63377.58,61368.26
25979588818,26972610094,1636329600.0,26972610094,25979588818,274932.146,67606.96,63316.4,67932.89,63308.7
27378352678,27422140969,1636416000.0,27780821706,27294903956,231843.834,67009.98,67606.96,68675.16,66300.0
27287760787,28232380897,1636502400.0,30225792832,27287760787,347835.573,64920.13,67010.65,69198.7,62400.51
28087369127,25347636671,1636588800.0,28087369127,25321306769,178279.275,64831.3,64920.13,65646.98,64147.12
25248161100,24944679046,1636675200.0,25284297421,24944679046,264576.325,64156.08,64831.2,65500.0,62313.0
24962055645,24996578083,1636761600.0,25302118932,24867204179,124466.493,64427.0,64156.08,65073.24,63430.01
25055737275,25430536060,1636848000.0,25430536060,25055737275,146424.701,65568.39,64426.99,65569.99,63640.0
25687582396,25940824766,1636934400.0,26142889105,25687582396,210026.602,63654.49,65568.38,66395.05,63351.58
25906340467,24336848267,1637020800.0,25906340467,24144172433,475025.706,60106.03,63654.49,63655.77,58397.14
24193426306,24098096093,1637107200.0,24614422718,24098096093,287388.873,60366.96,60106.03,60848.85,58336.68
24219754567,23494341542,1637193600.0,24622050521,23494341542,412021.672,56921.05,60366.97,60999.0,56505.48
23617162226,23471082925,1637280000.0,23792455203,23213324441,245356.121,58069.51,56921.04,58333.0,55604.0
23528528909,23791105145,1637366400.0,23791105145,23390798277,173697.342,59716.29,58069.52,59873.84,57372.0
23815638924,23598509370,1637452800.0,23937397389,23527068436,143887.271,58661.39,59716.28,60052.82,58518.88
23477715962,23219509693,1637539200.0,23644344522,22932242761,326184.881,56268.31,58648.87,59624.56,55600.0
23160155508,23179562093,1637625600.0,23428981840,23102378686,267790.325,57574.23,56268.31,57888.0,55250.0
23214349702,23352407697,1637712000.0,23352407697,23055402457,194683.757,57165.08,57574.24,57775.27,55900.0
23324252053,24261006662,1637798400.0,24265313776,23208952083,191912.653,58988.21,57165.09,59449.62,57029.0
24309116098,23468250663,1637884800.0,24411213418,23098448255,378650.919,53755.65,58988.36,59186.41,53500.0
23286058192,22889704072,1637971200.0,23286058192,22873947348,155119.117,54738.77,53755.66,55300.0,53640.69
22931980718,22804595735,1638057600.0,22932900002,22673841656,213600.615,57315.73,54738.77,57474.76,53245.0
22779762322,23401973462,1638144000.0,23490578791,22779762322,215111.466,57827.98,57315.72,58924.21,56715.0
23409599972,23698513121,1638230400.0,23900668621,23163767121,337624.148,56975.0,57827.97,59224.99,55900.0
23552715653,23465921793,1638316800.0,23674261146,22825719823,273959.104,57209.29,56978.06,59100.0,56500.0
23465425124,22897034130,1638403200.0,23474872817,22786809275,249985.255,56513.57,57209.28,57428.49,55800.0
22762114117,22673294612,1638489600.0,22778591309,22507693458,374132.016,53612.0,56513.56,57670.0,50604.0
23031305195,16830996814,1638576000.0,23031305195,16755381160,598774.989,49135.66,53611.86,53889.69,40888.89
16918618093,16863282329,1638662400.0,17103835684,16783122139,286434.382,49376.6,49135.66,49699.49,47755.0
16467758615,16474335594,1638748800.0,16700211360,16442094685,357711.029,50424.72,49373.83,50888.0,47000.0
16694034199,17644888344,1638835200.0,17685225703,16683701034,224670.618,50577.2,50424.72,51929.0,50012.0
17755486113,17329748580,1638921600.0,17755486113,16813750839,238229.884,50455.61,50577.2,51210.6,48533.33
17240289278,16986825462,1639008000.0,17240289278,16942206558,273086.086,47539.76,50459.61,50773.03,47312.89
17012015755,16877358904,1639094400.0,17171301989,16773065786,302974.429,47136.35,47539.34,50188.42,46828.23
16743721719,16829940752,1639180800.0,16869030037,16521196391,210959.992,49381.15,47132.31,49499.05,46724.35
16886819061,17753062314,1639267200.0,17753062314,16886819061,183434.285,50057.01,49379.51,50768.0,48616.16
17690496623,17227092496,1639353600.0,17951948912,17227092496,348551.322,46679.93,50057.02,50180.0,45600.0
17122699196,17108854991,1639440000.0,17343422449,16947826080,266213.627,48324.04,46679.93,48657.92,46255.6
16952854734,17158630086,1639526400.0,17426471909,16884866944,345239.891,48870.48,48324.0,49479.75,46518.73
16985675896,17549466562,1639612800.0,17750500676,16985675896,215874.187,47624.5,48870.48,49439.79,47500.0
17525623787,17332769055,1639699200.0,18786888363,17332769055,326458.135,46125.33,47629.1,47988.27,45373.11
17295183564,17316889525,1639785600.0,17538375695,17288605531,191006.415,46815.99,46125.33,47336.99,45438.43
17371907770,17549761261,1639872000.0,17843247122,17371907770,241698.541,46668.63,46815.99,48461.17,46399.37
17481483144,17937401155,1639958400.0,18064546130,17428591960,273804.259,46898.14,46668.65,47533.42,45530.67
17937401155,19286319158,1640044800.0,19565065101,17904535248,260008.358,48875.15,46896.82,49298.78,46650.0
19286319158,19033951141,1640131200.0,19587182522,18944747729,208463.689,48569.69,48875.88,49599.0,48420.02
19033951141,19874328439,1640217600.0,20084010892,18843507989,255885.48,50817.92,48569.69,51377.74,48020.0
19935263879,19843210929,1640304000.0,20323474109,19768502939,220208.725,50808.55,50817.94,51805.0,50379.25
19843210929,19884794302,1640390400.0,20074957855,19801253107,147662.438,50403.64,50809.37,51190.0,50105.0
19884794302,19912663898,1640476800.0,20030252768,19702988945,184800.616,50765.73,50403.64,51300.0,49350.0
19912663898,20027945056,1640563200.0,20835573448,19808354098,216225.263,50707.72,50765.73,52134.0,50450.0
20027945056,19112686967,1640649600.0,20037400110,19010889838,336083.34,47522.03,50707.72,50713.56,47290.0
19112686967,18642867300,1640736000.0,19844301007,18552468921,274795.378,46436.54,47522.02,48125.97,46000.0
18642867300,18410966608,1640822400.0,18985302554,18338170214,229931.288,47095.02,46436.53,47911.68,45880.0
18410966608,18010537402,1640908800.0,18602873331,17758167347,287186.003,46210.56,47095.02,48575.0,45650.0
18010537402,18179242002,1640995200.0,18299114274,17969552094,179433.584,47704.35,46210.57,47943.77,46210.55
18179242002,18110740673,1641081600.0,18321217102,17931327445,184795.093,47280.0,47704.35,48000.0,46605.68
18110740673,18495500703,1641168000.0,18559806054,17729115717,244781.793,46445.81,47280.01,47575.22,45665.4
18495500703,18505201381,1641254400.0,18939078009,18065580234,292149.75,45833.42,46445.8,47524.36,45445.57
18505201381,17276859809,1641340800.0,18684029672,17025425525,485477.569,43421.69,45833.41,47075.29,42270.0
17276859809,17455680906,1641427200.0,17631389387,17165886392,299509.851,43080.01,43421.7,43766.0,42385.83
17455680906,16668916930,1641513600.0,17473043119,16436122988,473214.849,41553.86,43080.01,43135.0,40456.56
16668916930,16641928413,1641600000.0,17001610995,16544065968,283737.224,41688.05,41553.87,42335.0,40500.0
16641928413,16717682052,1641686400.0,17017802698,16573289282,223134.952,41851.22,41688.05,42773.85,41170.0
16717682052,16603917881,1641772800.0,16875357618,16287957390,453644.116,41801.55,41851.22,42219.84,39610.0
16603917881,16905188206,1641859200.0,17086774422,16430881668,323760.691,42700.68,41801.55,43118.0,41255.0
16905188206,17212669747,1641945600.0,17460850620,16752945292,281339.294,43880.72,42700.69,44300.0,42415.0
17212669747,16901233417,1642032000.0,20035356536,14119019560,289289.18,42534.32,43880.72,44396.68,42301.16
16901233417,16935540962,1642118400.0,17212986103,16791616754,272517.077,43042.4,42538.72,43450.0,41666.0
16935540962,17070374914,1642204800.0,17345394088,16819692610,184649.157,43070.51,43042.4,43800.0,42530.64
16906151528,16889909825,1642291200.0,17187605983,16845521308,177450.475,43060.66,43070.51,43464.71,42531.69
16889909825,16873525875,1642377600.0,17147113395,16671520526,232748.345,42176.34,43060.66,43159.32,41523.68
16873525875,16909096440,1642464000.0,17000455204,16728679523,267472.465,42337.58,42176.34,42680.0,41260.0
16909096440,17109144314,1642550400.0,17729734032,16137413828,333952.095,41657.89,42337.58,42545.0,41115.64
17109144314,16813774852,1642636800.0,18139605030,16546591049,399818.052,40661.69,41656.9,43495.0,40550.0
16813774852,14647040075,1642723200.0,16914482036,14434048589,790320.909,36425.98,40662.06,41095.76,35380.92
14647040075,14225253038,1642809600.0,14705229766,13964599489,676272.904,35043.73,36426.46,36817.74,33950.0
14225253038,14868754500,1642896000.0,15128899199,14127719121,369372.903,36230.01,35043.73,36496.92,34588.8
14868754500,14801908942,1642982400.0,14922215000,13654983985,823000.702,36648.31,36230.0,37528.0,32853.83
14801908942,15097739173,1643068800.0,15329277081,13794519630,409535.517,36934.26,36648.3,37561.03,35693.0
15097739173,14807453335,1643155200.0,15809703827,14698464718,554457.384,36787.43,36934.26,38886.58,36232.42
14807453335,14730225327,1643241600.0,14983814874,14300750989,422006.922,37131.0,36787.42,37200.0,35471.53
14730225327,15160918536,1643328000.0,15217012953,14447607185,367509.143,37696.21,37131.0,38000.0,36149.02
15160918536,15419754601,1643414400.0,15774503171,14899516477,238657.764,38150.01,37696.22,38750.94,37252.0
15419754601,15274043462,1643500800.0,15651388607,15111790436,195029.125,37870.01,38150.0,38420.3,37334.83
15274043462,16051046732,1643587200.0,16116378172,14862339903,318440.392,38439.04,37870.0,38741.73,36620.0
16051046732,15724547400,1643673600.0,16382846456,15537883321,353354.121,38680.51,38439.04,39260.26,37969.0
15724547400,14889687896,1643760000.0,15922936834,14706290555,337570.934,36892.03,38680.51,38834.18,36529.81
14889687896,15381720690,1643846400.0,15462864056,14805620014,318656.228,37289.86,36892.05,37395.0,36204.3
15381720690,16567053715,1643932800.0,16716088329,15072920924,520105.77,41550.0,37287.33,41741.76,37011.0
16567053715,16540627517,1644019200.0,16924195347,16309214975,242184.07,41374.69,41550.0,41922.0,40920.0
16540627517,17080846595,1644105600.0,17198446771,16379942042,215323.95,42361.35,41374.68,42656.8,41100.0
17080846595,17558336174,1644192000.0,17927927792,16684706998,418053.774,43829.99,42361.34,44541.16,41609.76
17558336174,17276888298,1644278400.0,17962835131,16860035932,468015.421,44021.57,43829.99,45600.0,42641.0
17276888298,17078556564,1644364800.0,17393140619,16770491700,300270.062,44358.08,44021.58,44826.0,43089.08
17078556564,16830651976,1644451200.0,17802361587,15636021505,563922.075,43471.29,44358.09,45847.5,43136.96
16830651976,16324006178,1644537600.0,17059010749,15388621775,414646.193,42366.0,43471.3,43900.0,41914.23
16324006178,16463832885,1644624000.0,16930484954,16266927808,256269.325,42199.87,42365.99,42980.0,41540.0
16463832885,16517078125,1644710400.0,16951845293,16393921734,192068.012,42041.13,42199.88,42755.97,41850.0
16517078125,16864586845,1644796800.0,17306831427,15109972144,303990.933,42525.14,42041.12,42888.0,41526.0
16864586845,17768767586,1644883200.0,18222110296,16092189280,276735.421,44529.6,42525.14,44777.0,42406.23
17768767586,17413008440,1644969600.0,17906299141,16090448548,255790.287,43860.7,44529.7,44536.8,43277.8
17413008440,16556483614,1645056000.0,18446700574,15719227765,433958.984,40491.7,43860.8,44150.0,40020.1
16556483614,16120978462,1645142400.0,16686350580,16031022637,377679.782,39966.8,40491.8,40944.1,39422.0
16120978462,16288482077,1645228800.0,16447572540,16103096904,185624.675,40052.6,39966.8,40438.7,39610.3
16288482077,15731318675,1645315200.0,16479573259,15724785786,329740.444,38368.1,40052.6,40100.1,37905.0
15731318675,15362719430,1645401600.0,16141662230,15176311618,646391.815,36986.4,38367.9,39510.0,36762.0
15362719430,15763118746,1645488000.0,15862812095,15070754064,465313.497,38212.0,36986.4,38450.0,36310.1
15763118746,15511272452,1645574400.0,16394589068,15422581507,408056.255,37227.8,38212.1,39250.0,36963.2
15511272452,15303771531,1645660800.0,15938384812,13571980709,919820.907,38315.1,37227.9,40376.1,34303.7
15303771531,15983122664,1645747200.0,16352797470,15218012452,416316.366,39205.4,38316.2,39750.0,37999.2
15983122664,15844118727,1645833600.0,16035665222,15580545162,251892.201,39099.3,39205.4,40441.1,38561.7
15844118727,15388384934,1645920000.0,16346607788,14980476391,423197.247,37672.0,39099.3,39868.6,36934.6
15388384934,16813268091,1646006400.0,17128093956,14962419208,615391.161,43155.0,37672.1,44341.0,37414.4
16813268091,17560845295,1646092800.0,18179668537,15363195582,448483.646,44394.1,43155.0,44935.0,42765.4
17560845295,17519100455,1646179200.0,18109568218,17072656756,407603.721,43885.7,44393.6,45350.0,43321.0
17519100455,17252257829,1646265600.0,17784816441,15469384798,365565.832,42449.5,43885.8,44080.0,41831.0
17252257829,15972097300,1646352000.0,17276189291,15864298440,469138.374,39127.7,42449.6,42525.3,38521.0
15972097300,16139391821,1646438400.0,16330004774,14190701190,198747.893,39375.1,39127.7,39580.0,38547.6
16139391821,15780794023,1646524800.0,16469069984,15627336124,311705.26,38401.1,39375.0,39690.0,38056.0
15780794023,15427307834,1646611200.0,16212393953,15257685164,490254.516,37963.8,38401.1,39550.0,37134.0
15427307834,15554635586,1646697600.0,16154503396,15164538635,421462.367,38709.9,37963.7,39340.5,37853.0
15554635586,17074562980,1646784000.0,17464465074,15500765053,462059.811,41937.5,38709.9,42647.5,38638.7
17074562980,16051646378,1646870400.0,17144242876,14359373867,520645.186,39407.2,41939.5,42034.3,38512.0
16051646378,16056425703,1646956800.0,16650920362,15738542103,467078.892,38713.0,39407.1,40242.0,38200.1
16056425703,16327258685,1647043200.0,16660963649,16000630918,172494.825,38792.6,38713.1,39578.4,38630.0
16327258685,16514460746,1647129600.0,16757361648,15843291211,236623.694,37743.7,38792.7,39300.0,37500.0
16514460746,16750371120,1647216000.0,16995324788,16203024368,360058.358,39653.8,37743.0,39989.0,37522.1
16750371120,16605655879,1647302400.0,17119805871,15912583162,345019.243,39271.0,39651.6,39901.8,38073.8
16605655879,17176411304,1647388800.0,17283868704,15898290716,650589.661,41105.8,39270.9,41804.0,38700.0
17176411304,16877896115,1647475200.0,17877309958,16407414478,243988.794,40898.1,41105.9,41498.4,40442.8
16877896115,17724683461,1647561600.0,18173080733,16403254350,299134.443,41751.5,40898.0,42322.8,40084.2
17724683461,18165430949,1647648000.0,18311334914,17724683461,186459.954,42188.2,41751.6,42446.6,41500.0
18165430949,17756107574,1647734400.0,18298500238,17530622155,235774.129,41261.0,42188.2,42269.3,40900.0
17756107574,17712692600,1647820800.0,18731736328,17313176066,308396.46,40982.0,41261.0,41544.4,40430.0
17712692600,18216880285,1647907200.0,18919267001,17486551843,374297.674,42349.8,40982.0,43517.7,40852.0
18216880285,18491659015,1647993600.0,18575588243,17767733413,282631.74,42867.9,42349.9,43051.0,41731.3
18491659015,19528865674,1648080000.0,20006010776,18136162136,331440.057,43973.4,42867.8,44200.0,42525.0
19528865674,19093871011,1648166400.0,19975006651,18781628982,348620.122,44290.6,43973.2,45142.0,43575.1
19093871011,19323481890,1648252800.0,19546048651,18960740644,140712.587,44489.2,44290.6,44785.0,44041.0
19323481890,20129606341,1648339200.0,20129655167,19096820211,269280.228,46820.8,44489.3,47047.0,44416.0
20129606341,19906950876,1648425600.0,21050409822,19719066748,317565.782,47121.9,46820.9,48200.0,46651.2
19906950876,21074911175,1648512000.0,21651104764,19906950876,259040.835,47418.5,47121.8,48100.0,46911.0
21074911175,19729526755,1648598400.0,21383082483,19414372400,235009.892,47053.2,47418.5,47688.6,46535.0
19729526755,18900252070,1648684800.0,20339636475,17359702596,299837.61,45506.0,47053.1,47619.4,45185.0
18900252070,19000404137,1648771200.0,19221576822,18607809139,360734.553,46266.2,45505.9,46700.0,44206.2
19000404137,18901219711,1648857600.0,19405083700,18598914053,226413.357,45794.6,46266.2,47236.8,45600.0
18901219711,19440985202,1648944000.0,19676582710,18782165272,212589.013,46392.4,45792.3,47448.0,45501.0
19440985202,19560789171,1649030400.0,19730836700,19027073682,272796.541,46580.9,46392.3,46895.5,45094.0
19560789171,19641231477,1649116800.0,20300282804,19186387181,257524.639,45477.4,46580.9,47188.0,45300.0
19641231477,19343875963,1649203200.0,19695534740,18933353152,384359.375,43159.7,45477.5,45494.2,43100.0
19343875963,21017528416,1649289600.0,21017528416,16810685950,229567.98,43417.1,43159.8,43888.0,42685.0
21017528416,19820682919,1649376000.0,21174081991,19708448488,310095.829,42229.2,43417.1,43968.1,42074.0
19820682919,19859187341,1649462400.0,19993553951,17542275144,119722.654,42727.7,42229.1,42796.7,42100.3
19859187341,19677723243,1649548800.0,20173661866,19565121892,181904.47,42140.4,42727.8,43399.4,41838.0
19677723243,18258734146,1649635200.0,19908929535,18155345277,439530.02,39505.6,42140.3,42399.9,39136.7
18258734146,18399083843,1649721600.0,18866686206,18054440196,349883.631,40060.7,39505.6,40700.0,39224.0
18399083843,18378481203,1649808000.0,18811533954,17983019865,324910.931,41129.8,40060.7,41580.0,39569.8
18378481203,17768771154,1649894400.0,18799921416,17521008062,261966.391,39915.9,41129.8,41474.8,39522.0
17768771154,17500592949,1649980800.0,18023128751,17204953355,194680.671,40529.5,39915.9,40888.0,39734.2
17500592949,17568454233,1650067200.0,17737987287,17338196204,127705.057,40361.0,40529.6,40700.0,39944.9
17568454233,17654329252,1650153600.0,17745641356,17427337723,170331.824,39649.1,40360.9,40574.1,39510.0
17654329252,17279740891,1650240000.0,17845004906,17058779556,362435.319,40785.6,39649.1,41310.0,38465.7
17279740891,17531550120,1650326400.0,17853373711,17062693938,214404.271,41472.9,40785.7,41788.0,40543.7
17531550120,17462099599,1650412800.0,18179197226,17313685513,257382.427,41327.7,41472.9,42166.8,40800.0
17462099599,17405083374,1650499200.0,18457462568,16924048415,393149.956,40449.8,41326.0,42966.0,39630.0
17405083374,17659309386,1650585600.0,17864929886,17248274643,314935.753,39674.2,40449.7,40786.1,39133.0
17659309386,17621448910,1650672000.0,17790068360,17460052608,125046.817,39415.1,39674.3,40000.0,39259.0
17621448910,17490700664,1650758400.0,17798226957,17267950285,180371.762,39433.4,39413.8,39930.6,38884.1
17490700664,17691764312,1650844800.0,17731693648,16908849858,448877.893,40411.0,39433.4,40650.0,38111.0
17691764312,17403350332,1650931200.0,17903934598,17122745755,453132.198,38093.7,40411.0,40800.0,37671.8
17403350332,17289466783,1651017600.0,18030052653,17105231166,385645.365,39209.0,38093.7,39470.0,37844.5
17289466783,17155648925,1651104000.0,17555223654,16719891280,413543.408,39732.5,39209.0,40376.6,38861.8
17155648925,16973487209,1651190400.0,17516743935,16666875031,308116.375,38572.2,39732.5,39924.8,38160.0
16973487209,16603708317,1651276800.0,17015972321,16388674554,181810.382,37614.5,38572.2,38782.6,37550.0
16603708317,16711294191,1651363200.0,16881551940,16458853263,236549.462,38440.5,37614.4,38680.6,37350.0
16711294191,16785987955,1651449600.0,16851636851,14607818696,336845.365,38525.6,38440.2,39222.0,38032.2
16785987955,17466615928,1651536000.0,17494131778,16634903023,248986.222,37712.9,38525.5,38674.7,37500.1
17466615928,17565087941,1651622400.0,17659625060,17027744390,424498.818,39684.0,37713.0,40071.7,37655.2
17565087941,17157818819,1651708800.0,17816013501,16100261902,547209.0,36534.7,39684.1,39845.0,35388.0
17157818819,16620824768,1651795200.0,17234215795,14462884192,431979.24,35995.3,36533.7,36679.3,35200.0
16620824768,16457848472,1651881600.0,18252752434,16305013433,200264.833,35466.7,35995.2,36138.0,34700.0
16457848472,16013979824,1651968000.0,16523323970,15878889063,426872.584,34032.0,35466.7,35504.0,33665.0
16013979824,14596708437,1652054400.0,16112160020,14484751762,1078779.712,30056.6,34032.1,34243.3,30003.6
14596708437,14439630024,1652140800.0,15298010174,14121282236,863178.961,31002.1,30056.0,32650.0,29701.4
14439630024,14343035387,1652227200.0,14983377708,13603653052,1101875.972,29074.7,31002.1,32197.6,27651.0
14343035387,13747497944,1652313600.0,14870161221,13302768924,964475.589,29020.7,29077.9,30257.0,26631.0
13747497944,13857369267,1652400000.0,14585624527,13622231131,507620.105,29274.3,29020.8,31072.6,28730.4
13857369267,13833568940,1652486400.0,14033996323,13534917375,315756.895,30079.8,29274.2,30352.2,28602.3
13833568940,14112954415,1652572800.0,14112954415,13315641150,336773.139,31324.4,30079.5,31462.0,29448.0
14112954415,13763824313,1652659200.0,14116173731,13343612406,507243.166,29866.7,31324.3,31327.4,29052.3
13763824313,14021803078,1652745600.0,14388255998,12893803906,398624.519,30437.0,29866.4,30794.0,29420.0
14021803078,13764707934,1652832000.0,14109730965,13686131107,426700.457,28700.6,30437.0,30700.0,28629.6
13764707934,15539729593,1652918400.0,15621146268,13752786129,448856.724,30319.9,28700.6,30550.0,28670.5
15539729593,15017106497,1653004800.0,15954713920,14818773907,485439.171,29188.9,30319.9,30784.4,28702.0
15017106497,14247500888,1653091200.0,15098438773,14173226057,202804.089,29427.4,29188.9,29650.0,28927.0
14247500888,15017669601,1653177600.0,15044495643,14147612703,297116.44,30284.0,29427.4,30500.0,29223.6
15017669601,14559648102,1653264000.0,15496797104,14311685037,475720.75,29097.7,30284.0,30658.0,28840.7
14559648102,14712232619,1653350400.0,14933684533,14511674603,382124.449,29643.1,29097.8,29887.3,28637.6
14712232619,14577958606,1653436800.0,15025657932,14435750758,413459.484,29536.7,29643.0,30246.7,29330.0
14577958606,14525687660,1653523200.0,14867130251,14132909626,602137.086,29194.0,29536.7,29877.0,27952.1
14525687660,14311641772,1653609600.0,14861949294,14234963287,506638.884,28623.2,29194.0,29387.0,28259.6
14311641772,14338637663,1653696000.0,14488477877,12961501764,193644.283,29018.8,28623.3,29265.7,28520.0
14338637663,15135164755,1653782400.0,15351421370,14199725927,215139.934,29452.8,29018.8,29595.2,28825.0
15135164755,15878172150,1653868800.0,16625485654,14970608073,502712.176,31726.5,29452.6,32307.6,29301.1
15878172150,16047721649,1653955200.0,16571680017,15727062167,383688.265,31797.8,31726.5,32427.5,31222.0
16047721649,14983473591,1654041600.0,16253673122,14689029491,556992.756,29796.9,31797.9,31986.1,29300.0
14983473591,15158661591,1654128000.0,15371375869,14741762887,370924.687,30437.1,29796.9,30750.0,29566.1
15158661591,14971557113,1654214400.0,15458894830,14844252550,357110.377,29682.8,30437.1,30693.2,29220.0
14971557113,15010667754,1654300800.0,15085834221,14747408811,187520.534,29848.4,29682.8,29988.0,29456.0
15010667754,15166921665,1654387200.0,15180812687,14900196786,205385.831,29909.9,29848.5,30250.0,29524.0
15166921665,16474933039,1654473600.0,16551175489,15097321851,436522.874,31361.2,29910.0,31780.0,29876.2
16474933039,15629743943,1654560000.0,16474933039,14698512487,691714.985,31118.1,31361.2,31599.0,29190.0
15629743943,14693263013,1654646400.0,15817018618,14554203150,455686.637,30192.5,31118.0,31325.0,29825.0
14693263013,14960267743,1654732800.0,15043735670,14580655265,307312.175,30093.3,30192.6,30691.9,29914.5
14960267743,15153887237,1654819200.0,15301484910,14580326408,445928.659,29077.7,30093.4,30374.1,28805.0
15153887237,15149774162,1654905600.0,15318552669,14980090222,391367.814,28416.7,29077.7,29427.9,28080.0
15149774162,14539338594,1654992000.0,15201500300,14430573652,560834.131,26564.7,28416.6,28530.3,26538.7
14539338594,12002109134,1655078400.0,14621266491,11837589013,1622521.56,22471.5,26564.7,26877.0,21900.0
12002109134,11986417016,1655164800.0,12428037040,11519783849,1247609.796,22122.7,22471.4,23424.2,20823.0
11986417016,11904269815,1655251200.0,12067088573,11443028187,1509301.169,22567.5,22122.7,22800.0,20100.2
11904269815,11090978459,1655337600.0,12065915264,10471058116,882634.22,20387.4,22567.5,23000.0,20222.0
11090978459,11078093548,1655424000.0,11382707975,10905492069,776153.257,20457.3,20387.4,21388.0,20228.0
11078093548,10428448970,1655510400.0,11217093362,10170204320,1268591.388,18959.7,20457.3,20768.4,17593.2
10428448970,10814117760,1655596800.0,10941466413,10184421427,1089275.674,20564.2,18959.7,20821.0,17935.9
10814117760,10775497539,1655683200.0,11159474181,10491534359,935816.13,20570.1,20564.3,21099.9,19630.0
10775497539,10883384700,1655769600.0,11461050011,10763515710,787173.936,20713.1,20570.0,21740.0,20337.8
10883384700,10709933099,1655856000.0,11047434295,10640666336,812184.193,19977.4,20713.1,20888.0,19745.7
10709933099,11020468787,1655942400.0,11197154235,10702843754,698753.04,21096.6,19977.5,21250.0,19874.0
11020468787,10434296057,1656028800.0,11091123865,10416088690,645450.778,21231.2,21096.6,21563.5,20732.5
10434296057,10902335694,1656115200.0,10925128537,10383026737,434117.447,21481.9,21231.2,21627.6,20894.0
10902335694,10622187747,1656201600.0,11187914991,10598876762,442787.736,21029.1,21481.9,21888.0,20952.0
10622187747,10625381777,1656288000.0,10968412283,10561270658,539335.009,20730.0,21029.1,21560.0,20500.0
10625381777,10827074988,1656374400.0,11257918750,10581378085,582916.108,20268.6,20730.0,21198.0,20188.0
10827074988,10733807105,1656460800.0,10999475419,10685083094,608905.99,20109.9,20268.7,20430.0,19817.2
10733807105,10596083168,1656547200.0,10818182223,10402792453,859981.415,19923.5,20109.9,20165.0,18563.0
10596083168,10343939738,1656633600.0,10736641499,10212448848,915399.363,19272.0,19923.3,20926.4,18948.8
10343939738,10448951275,1656720000.0,10484707240,10258753390,382851.525,19240.9,19272.0,19456.0,18959.0
10448951275,10540134052,1656806400.0,10658125262,10307221040,449508.331,19305.9,19241.0,19645.4,18780.1
10540134052,11384658708,1656892800.0,11405316529,10429098934,633310.187,20226.6,19306.0,20350.0,19046.3
11384658708,11397434348,1656979200.0,11557495022,10908424673,854238.867,20170.0,20226.3,20749.2,19291.6
11397434348,11700857326,1657065600.0,11703131782,11169778151,682076.458,20554.1,20170.1,20667.6,19753.0
11700857326,12872717114,1657152000.0,12909936716,11586481284,699841.616,21613.4,20554.2,21830.0,20244.9
12872717114,12286906783,1657238400.0,13118801329,12094039460,848144.495,21587.9,21614.5,22579.9,21175.2
12286906783,12200821097,1657324800.0,12390105912,11988548763,393372.366,21580.0,21587.8,22000.0,21309.6
12200821097,11878601729,1657411200.0,12294772871,11744707841,468176.539,20853.8,21580.0,21594.2,20600.0
11878601729,11521668585,1657497600.0,11909988742,11400183401,561245.987,19954.3,20853.8,20853.9,19870.0
11521668585,11334091545,1657584000.0,11729536349,11254313157,640560.723,19322.9,19954.3,20048.9,19228.3
11334091545,11804496578,1657670400.0,11903193178,11322861910,975938.165,20220.1,19322.9,20401.6,18901.0
11804496578,12304037137,1657756800.0,12416666519,11679207705,765989.53,20578.6,20220.1,20900.0,19600.0
12304037137,12365609565,1657843200.0,12639423256,12084985263,626763.692,20823.1,20578.6,21200.0,20364.3
12365609565,12585756869,1657929600.0,12852579859,12171777057,539206.87,21183.5,20823.1,21580.0,20471.0
12585756869,12546169752,1658016000.0,13082158511,12475221730,485537.728,20794.4,21183.6,21674.1,20742.0
12546169752,13112591946,1658102400.0,13726904794,12540187625,982867.734,22423.9,20794.4,22800.0,20764.4
13112591946,14023056195,1658188800.0,14429850745,12558920894,1124029.082,23385.9,22423.5,23817.9,21575.0
14023056195,13783717274,1658275200.0,14915641048,12740650285,946647.815,23221.5,23385.9,24277.0,22912.4
13783717274,13461193750,1658361600.0,13903086736,13304850886,723543.466,23144.5,23221.5,23441.1,22340.2
13461193750,13213659496,1658448000.0,13944089260,13093379559,633907.934,22675.1,23144.5,23750.0,22500.0
13213659496,13126882291,1658534400.0,13420111323,12940192982,505887.673,22440.2,22675.0,22990.0,21933.5
13126882291,13226699317,1658620800.0,13498848247,12989060590,462958.953,22570.6,22440.1,22999.0,22256.4
13226699317,12426877669,1658707200.0,13249962008,12338624865,695770.655,21300.0,22570.6,22656.8,21232.0
12426877669,12460557171,1658793600.0,12504448562,12150611191,552498.903,21241.0,21300.0,21334.4,20689.6
12460557171,14018219071,1658880000.0,14018219071,12454709444,753370.303,22941.1,21241.0,23100.0,21031.0
14018219071,14157949185,1658966400.0,14460038595,13642692762,756741.836,23836.2,22941.1,24194.6,22583.1
14157949185,14170836345,1659052800.0,14591166538,14100799790,642337.051,23771.1,23836.2,24500.0,23426.3
14170836345,14226797002,1659139200.0,15129185247,14114549467,493824.816,23629.9,23771.0,24700.0,23505.0
14226797002,13888758946,1659225600.0,14338601674,13877998444,385969.85,23290.1,23630.0,24187.3,23222.0
13888758946,13609385268,1659312000.0,14002805076,13512901857,498378.292,23257.6,23290.1,23497.0,22836.2
13609385268,13256511200,1659398400.0,13685002167,13256511200,625227.912,22975.1,23257.6,23448.7,22603.0
13256511200,13384520082,1659484800.0,14028993956,13075686515,569261.768,22801.5,22975.1,23650.0,22665.3
13384520082,13149802077,1659571200.0,13506538983,13020398075,548268.816,22608.9,22801.5,23211.3,22370.0
13149802077,13168701692,1659657600.0,13540998298,13058277415,593992.13,23298.1,22608.9,23450.0,22580.6
13168701692,13270726787,1659744000.0,13425826613,13136266031,227659.394,22943.3,23298.0,23341.8,22883.6
13270726787,13420759779,1659830400.0,13535134788,13170298293,271512.062,23167.8,22943.2,23400.0,22830.9
13420759779,14230408832,1659916800.0,14920797137,13411858172,565084.219,23804.4,23167.9,24243.0,23153.1
14230408832,13887653202,1660003200.0,14351997487,13767308116,498286.943,23140.2,23804.3,23913.4,22850.0
13887653202,13659444171,1660089600.0,14111074503,13506809207,760738.204,23940.9,23140.1,24235.2,22608.0
13659444171,13817615551,1660176000.0,14693571928,13659444171,760455.245,23917.2,23941.0,24972.0,23840.6
13817615551,13926250282,1660262400.0,13931351433,13547314111,477734.045,24387.5,23917.3,24438.8,23560.0
13926250282,14204887842,1660348800.0,14464486465,13922375132,431093.659,24429.0,24387.5,24879.0,24267.5
14204887842,14045110450,1660435200.0,14932267798,13950294465,437314.32,24294.1,24429.0,25065.0,24138.0
14045110450,13740844960,1660521600.0,14649178641,13669452717,739390.721,24085.2,24294.1,25200.0,23762.0
13740844960,13743655344,1660608000.0,13895278258,13628156636,460919.994,23843.0,24085.2,24234.0,23650.0
13743655344,14050612291,1660694400.0,14179210299,13743655344,640600.903,23333.1,23843.0,24437.0,23170.0
14050612291,14094459368,1660780800.0,14286628728,14029066150,347699.006,23185.1,23333.1,23595.0,23101.0
14094459368,12873070356,1660867200.0,14159871083,12813401258,906609.825,20824.9,23185.0,23200.0,20760.0
12873070356,13031558267,1660953600.0,13261074299,12868209031,490507.042,21127.8,20825.0,21368.9,20742.9
13031558267,12936948753,1661040000.0,13223202988,12862744867,424282.424,21505.6,21127.7,21804.6,21055.0
12936948753,13228819204,1661126400.0,13234504900,12860864664,588764.597,21387.0,21505.6,21550.0,20858.6
13228819204,13345078694,1661212800.0,13606416399,13150226699,609745.27,21518.2,21387.0,21667.2,20874.8
13345078694,13189719162,1661299200.0,13599724250,13051189135,502728.198,21354.9,21518.2,21925.6,21132.3
13189719162,13221252807,1661385600.0,13452704350,13040632084,415757.992,21548.3,21355.0,21810.9,21295.3
13221252807,13038571525,1661472000.0,13484516339,12952524182,896474.356,20228.7,21548.3,21867.6,20100.0
13142499783,13331745589,1661558400.0,13501234800,13058115653,469598.024,20023.9,20228.7,20367.7,19744.0
13331745589,13093323560,1661644800.0,13488675117,13093323560,386405.195,19547.5,20024.0,20155.0,19508.0
13164662163,13388259803,1661731200.0,13495215984,13148750820,598076.669,20275.5,19547.5,20440.0,19539.4
13388259803,13122956254,1661817600.0,13410639620,13054212895,767714.993,19803.1,20275.5,20574.0,19524.4
13122956254,12640041384,1661904000.0,13233765200,12600328548,711639.339,20041.5,19803.2,20496.0,19787.9
12640041384,12956991578,1661990400.0,13193327665,12519211947,691594.721,20122.5,20041.4,20198.3,19555.0
12956991578,12751074702,1662076800.0,13118753199,12618345770,669047.816,19941.0,20122.6,20434.3,19736.0
12751074702,13117516601,1662163200.0,13126502583,12722991353,285240.989,19820.7,19941.0,20050.0,19628.7
13117516601,13229937502,1662249600.0,13512794807,13102765963,396798.184,19992.7,19820.7,20022.4,19570.0
13229937502,13233937542,1662336000.0,13408220423,12985590291,446706.41,19784.9,19992.7,20046.7,19620.2
13233937542,12956954347,1662422400.0,13479266547,12859107554,945489.142,18781.5,19784.9,20174.7,18600.0
12956954347,12861447077,1662508800.0,13155443569,12835331356,595636.693,19287.0,18781.4,19455.0,18500.0
12861447077,12762349952,1662595200.0,12965947470,12549518189,537268.644,19309.3,19287.0,19450.0,19003.8
12762349952,14205125475,1662681600.0,14306022610,11016978298,992497.1,21352.0,19309.3,21666.0,19283.0
14205125475,14441896941,1662768000.0,14478192536,14146218784,491543.206,21639.5,21352.0,21825.0,21112.2
14441896941,14687150307,1662854400.0,14687150307,14227512749,420979.326,21820.3,21639.5,21883.4,21336.0
14687150307,14774806968,1662940800.0,14874216709,14062212402,818601.932,22386.0,21820.3,22474.0,21540.0
14774806968,12783986762,1663027200.0,15099676366,12733298317,1218769.927,20162.5,22386.0,22850.0,19840.0
12783986762,12614948051,1663113600.0,12916646226,12380787769,661802.597,20217.0,20162.6,20528.5,19600.0
12614948051,12352158149,1663200000.0,12681628149,12302463530,665862.067,19690.8,20217.0,20315.0,19453.0
12352158149,12613570036,1663286400.0,12613570036,12287138056,544608.804,19792.5,19690.8,19878.0,19300.0
12613570036,12928141978,1663372800.0,12994896736,12276002878,334678.558,20102.0,19792.4,20182.6,19739.4
12928141978,12692555611,1663459200.0,12996965344,11382569182,499916.474,19404.5,20102.0,20105.3,19325.8
12692555611,12442995859,1663545600.0,12762967960,12028689764,993776.352,19528.6,19404.5,19686.3,18215.0
12442995859,12415194335,1663632000.0,12606296078,12336092934,794623.932,18866.8,19528.6,19625.0,18690.1
12415194335,12092390536,1663718400.0,12695138285,10678916083,1168068.979,18447.5,18866.7,20154.1,18084.3
12092390536,12607868574,1663804800.0,12635580089,12059679536,852898.391,19392.5,18447.5,19504.8,18345.2
12607868574,12609246739,1663891200.0,12817073134,12455285782,838493.746,19280.7,19392.5,19492.0,18518.5
12609246739,12619198334,1663977600.0,12799729618,12496960519,377158.215,18911.0,19280.7,19304.5,18798.0
12619198334,12609133539,1664064000.0,12735439187,12448925337,410461.603,18799.7,18910.9,19196.0,18621.0
12609133539,12995846427,1664150400.0,13010290076,12537079156,777807.518,19216.3,18799.7,19311.5,18671.0
12995846427,12794709859,1664236800.0,14092016950,12722792740,1300566.158,19070.1,19216.3,20375.0,18801.5
12794709859,13095229912,1664323200.0,13262093133,12387648068,1141222.772,19407.3,19070.1,19787.6,18460.0
13095229912,13060295653,1664409600.0,13350637605,12820575230,991678.224,19582.5,19407.4,19648.8,18827.2
13060295653,12280229809,1664496000.0,13594264376,12279411566,1071462.934,19411.7,19582.5,20172.7,19066.0
12280229809,12343954635,1664582400.0,12493779358,12227889461,294457.009,19304.0,19411.6,19474.0,19140.0
12343954635,12299628721,1664668800.0,12475164358,12243480195,414970.451,19049.4,19304.0,19389.0,18896.0
12299628721,12964699653,1664755200.0,12972807271,12275473570,621816.329,19622.0,19049.3,19723.7,18950.8
12964699653,14530482252,1664841600.0,14543912334,12865066339,796678.762,20333.0,19621.9,20500.0,19480.1
14530482252,14095249136,1664928000.0,14541910801,13969041349,719577.149,20150.0,20332.9,20356.1,19707.0
14095249136,14044493247,1665014400.0,14506558618,13983475645,782034.669,19954.0,20149.9,20443.9,19843.3
14044493247,13672095967,1665100800.0,14095264052,13610363936,673407.102,19520.9,19954.0,20067.0,19304.4
13672095967,13714684210,1665187200.0,13851631163,13489441761,253257.201,19406.2,19520.9,19619.6,19200.0
13714684210,13910020893,1665273600.0,13985734000,13705128298,267178.795,19430.0,19406.3,19550.0,19310.0
13910020893,14114593973,1665360000.0,14357856336,13892211756,560920.904,19124.0,19430.0,19513.0,19000.0
14114593973,14552716374,1665446400.0,14746515789,13921625710,603358.324,19055.0,19124.1,19260.0,18850.0
14552716374,14460346978,1665532800.0,14755082134,14456940291,406770.288,19148.0,19055.0,19240.0,18924.3
14460346978,14787081768,1665619200.0,14942187255,12653288487,1104615.001,19365.5,19148.1,19498.6,17917.8
14787081768,14153964610,1665705600.0,14968783623,14060682370,861453.21,19164.6,19365.4,19947.9,19059.6
14153964610,14165945979,1665792000.0,14306992596,13921376999,241520.185,19060.4,19164.6,19218.8,18966.0
14165945979,14033580240,1665878400.0,14283417085,13954214862,267921.192,19251.9,19060.4,19415.9,19058.0
14033580240,14761101866,1665964800.0,14837833070,13954285257,502319.759,19540.6,19251.8,19666.0,19148.0
14761101866,14484812950,1666051200.0,15143138931,14397170907,634343.154,19320.9,19540.7,19706.4,19081.0
14484812950,14572681642,1666137600.0,14763265386,14365873884,404370.458,19116.7,19320.9,19349.8,19050.0
14572681642,14728190883,1666224000.0,14736129879,14432813050,537627.048,19034.7,19116.6,19350.0,18882.4
14728190883,14627796216,1666310400.0,15005936528,14552895373,581878.905,19150.9,19034.8,19240.0,18600.0
14627796216,14534459537,1666396800.0,14628659306,14442514450,174055.042,19195.1,19151.0,19250.0,19103.5
14534459537,14959032390,1666483200.0,14964068329,14331651698,358611.542,19560.7,19195.1,19690.0,19050.0
14959032390,14399079468,1666569600.0,14993491635,14398244426,476676.536,19318.1,19560.6,19593.3,19146.0
14399079468,15397171427,1666656000.0,15639407827,14347748636,777306.534,20068.3,19318.1,20415.0,19228.0
15397171427,15615458610,1666742400.0,16055164740,15378847908,841864.982,20758.3,20068.3,21030.0,20041.1
15615458610,14525433937,1666828800.0,15675408226,14511281022,614910.045,20285.5,20758.4,20863.7,20170.0
14525433937,14301956434,1666915200.0,14574438631,13964189626,595538.882,20582.8,20285.6,20740.0,19951.0
14301956434,14366351107,1667001600.0,14779736895,14274609566,482217.17,20796.7,20582.7,21088.0,20547.8
14366351107,13890219917,1667088000.0,14464471705,13877864491,295389.69,20615.6,20796.7,20925.2,20503.0
13890219917,13551571119,1667174400.0,14045944447,13479491483,478797.266,20482.0,20615.5,20838.7,20225.4
13551571119,13523220987,1667260800.0,13722584694,13455363235,314676.187,20472.1,20482.1,20687.0,20320.0
13523220987,13153355041,1667347200.0,13604205615,13016375508,651535.761,20140.1,20472.1,20796.0,20050.0
13153355041,13125119997,1667433600.0,13426800383,11570413396,372121.061,20199.7,20140.2,20400.0,20026.0
13125119997,14339200328,1667520000.0,14493322422,13106498638,824515.215,21137.6,20199.8,21297.0,20171.6
14339200328,14847763132,1667606400.0,15011743227,14332445677,303983.372,21289.9,21137.6,21473.7,21071.1
14847763132,14059467998,1667692800.0,14956626188,14054782677,277148.646,20900.0,21289.8,21355.8,20863.3
14059467998,13281722058,1667779200.0,14072193147,12311319739,554408.316,20578.6,20900.0,21062.6,20374.0
13281722058,13281722058,1667865600.0,13281722058,13281722058,2046476.313,18534.0,20578.5,20685.0,16830.0
11326499990,10724242208,1667952000.0,11783430636,10500291359,2065606.412,15905.0,18533.9,18574.9,15462.6
10724242208,10901886219,1668038400.0,11502519603,9567678320,1497093.602,17588.0,15905.0,18230.0,15730.0
10901886219,10431859025,1668124800.0,10958628979,10253574628,955344.602,17058.3,17588.0,17678.0,16343.0
10431859025,9975554451,1668211200.0,10480190014,9911683167,304455.717,16806.9,17058.4,17110.8,16623.8
9975554451,9620656418,1668297600.0,10001287326,9458092880,349742.836,16321.2,16806.9,16950.0,16210.3
9620656418,9466657815,1668384000.0,9874092613,9398708272,934392.484,16605.2,16321.3,17188.0,15805.5
9466657815,9681064488,1668470400.0,9847196691,8478705136,649349.458,16888.3,16605.3,17127.2,16516.7
9681064488,9634499731,1668556800.0,10202581415,9145400604,537241.645,16650.6,16888.3,17007.4,16358.0
9634499731,9870336832,1668643200.0,9935424190,9616054719,408989.285,16682.1,16650.7,16741.7,16403.3
9870336832,9864111261,1668729600.0,10019696772,9764897536,388612.842,16689.7,16682.1,16984.4,16541.1
9864111261,9859601361,1668816000.0,9926915670,9807840254,171822.915,16692.9,16689.7,16814.5,16543.8
9859601361,9798916045,1668902400.0,9921089877,9573603697,327599.214,16272.6,16693.0,16743.9,16167.1
9798916045,9706497592,1668988800.0,9873309104,9603263524,790219.365,15773.0,16272.7,16304.3,15443.2
9706497592,9904732284,1669075200.0,10068745151,9636172311,579333.644,16220.6,15772.9,16309.0,15610.3
9904732284,9892689515,1669161600.0,10092029611,9840271421,546714.91,16595.8,16220.5,16703.4,16155.5
9892689515,9844395024,1669248000.0,9988466133,9796849885,351024.418,16592.4,16595.8,16800.0,16450.0
9844395024,9841010145,1669334400.0,9987958890,9795700916,306560.116,16516.1,16592.5,16639.9,16331.7
9841010145,9904053519,1669420800.0,9985549489,9841010145,253401.659,16449.2,16516.2,16699.1,16369.1
9904053519,9946129996,1669507200.0,10027931790,9868134002,189370.345,16422.6,16449.2,16594.2,16396.0
9946129996,9894937581,1669593600.0,10005091377,9699230628,497137.869,16204.5,16422.5,16475.0,15984.1
9894937581,9991987757,1669680000.0,10299433970,8754259818,391410.854,16433.2,16204.6,16543.0,16088.0
9991987757,10259551376,1669766400.0,10352482788,8399970838,620324.95,17153.3,16433.3,17248.3,16421.5
10259551376,10200649602,1669852800.0,10328917095,10056334169,411051.309,16970.5,17153.4,17348.5,16851.2
10200649602,10127907932,1669939200.0,10237374433,9877669958,335039.215,17083.0,16970.5,17096.3,16760.0
10127907932,9909620804,1670025600.0,10148840566,9875769519,185257.242,16879.5,17083.0,17160.0,16850.1
9909620804,10182865917,1670112000.0,10295476751,9908407214,292090.868,17099.5,16879.5,17206.2,16874.1
10182865917,10161634001,1670198400.0,10609301795,10081503890,519961.39,16958.3,17099.5,17430.0,16860.6
10161634001,9903120624,1670284800.0,10181635647,9895597605,321330.613,17078.6,16958.2,17100.0,16899.9
9903120624,9781222231,1670371200.0,9936038870,9606061639,337778.925,16828.0,17078.7,17130.0,16655.0
9781222231,9930261732,1670457600.0,10015877413,9732725321,402157.335,17216.0,16828.0,17294.9,16710.4
9930261732,9625562279,1670544000.0,10064313953,9625355911,290231.183,17122.0,17216.0,17365.4,17052.0
9625562279,9653956708,1670630400.0,9722810345,9606847304,141895.207,17120.0,17122.0,17228.6,17081.0
9653956708,9629687281,1670716800.0,9758336855,9596484883,171004.111,17077.3,17120.1,17265.0,17060.0
9629687281,9708250098,1670803200.0,9754437875,9487188187,335856.258,17200.0,17077.3,17237.9,16865.0
9708250098,10200353386,1670889600.0,10252063277,9600318069,596851.291,17777.1,17200.0,18100.0,17076.0
10200353386,10257093824,1670976000.0,10535163642,10064550626,627511.699,17803.9,17777.1,18400.0,17659.4
10257093824,10128603231,1671062400.0,10308574290,10045101039,437284.037,17351.8,17804.0,17849.5,17258.0
10128603231,9494734640,1671148800.0,10168843310,9426644383,622150.245,16624.1,17351.9,17528.0,16521.1
9494734640,9546465003,1671235200.0,9649858401,9441032019,248465.273,16768.0,16624.1,16790.0,16571.8
9546465003,9335306904,1671321600.0,9603025268,8322062403,185898.213,16730.3,16768.1,16872.0,16656.0
9335306904,9403707791,1671408000.0,9620438800,9216791796,344728.552,16429.2,16730.4,16809.6,16210.0
9403707791,9509691466,1671494400.0,9651596903,9278224686,476171.098,16887.2,16429.2,17049.6,16390.3
9509691466,9428718873,1671580800.0,9560100092,9383779798,227752.335,16819.6,16887.3,16924.2,16694.2
9428718873,9536639737,1671667200.0,9627228011,9274832254,306610.961,16815.5,16819.7,16861.9,16556.1
9536639737,9565500335,1671753600.0,9682982632,9459362598,264553.42,16776.4,16815.5,16960.0,16690.0
9565500335,9506727550,1671840000.0,9583761502,9492201766,82410.79,16828.9,16776.3,16859.9,16774.4
9506727550,9469438992,1671926400.0,9554094926,9405715393,144075.843,16824.4,16829.0,16850.0,16700.0
9469438992,9481138009,1672012800.0,9554483505,9448418760,148128.699,16912.9,16824.5,16936.8,16781.1
9481138009,9608593507,1672099200.0,9615917140,9354267519,262828.564,16698.2,16912.8,16968.0,16580.0
9608593507,9747026428,1672185600.0,9786649670,9518549379,344649.858,16539.0,16698.2,16778.3,16455.6
9747026428,9807215295,1672272000.0,9952226478,9738732369,208591.531,16630.3,16538.9,16659.0,16485.1
9807215295,9466891512,1672358400.0,9830425270,9314929573,295630.49,16601.2,16630.3,16666.6,16320.0
9466891512,9197245053,1672444800.0,9467197672,9178310396,134462.156,16537.6,16601.2,16640.0,16461.8
9197245053,9308484255,1672531200.0,9312356591,9187728555,105502.965,16610.3,16537.5,16618.8,16488.0
9308484255,9526363369,1672617600.0,9581088051,9188558277,215161.176,16666.0,16610.4,16799.0,16541.2
9526363369,9365175316,1672704000.0,9526363369,9314683608,203070.205,16667.2,16665.9,16774.0,16600.3
9365175316,9375169774,1672790400.0,9554637107,9240503367,349747.838,16842.1,16667.3,16984.6,16645.7
9375169774,9094019197,1672876800.0,9393597012,9086172301,176369.347,16823.8,16842.2,16872.8,16740.4
9094019197,9534523877,1672963200.0,9621377420,8926615176,316973.629,16943.8,16823.8,17030.0,16664.8
9534523877,9100379534,1673049600.0,9614235245,9086901464,77973.105,16936.5,16943.9,16973.6,16900.1
9100379534,9231531486,1673136000.0,9301536580,9081454011,157717.318,17124.7,16936.5,17181.1,16905.0
9231531486,9179549928,1673222400.0,9531338529,9176111439,400277.809,17169.7,17124.6,17387.8,17098.2
9179549928,9787475236,1673308800.0,9809799584,9148492135,297320.371,17428.8,17169.6,17485.4,17140.4
9787475236,9806092606,1673395200.0,9902134764,9555500319,386277.106,17935.7,17428.8,18013.2,17306.4
9806092606,10121069692,1673481600.0,10147013420,9599327461,1040334.76,18838.0,17935.6,19120.0,17902.4
10121069692,10607799715,1673568000.0,10719314791,10015554650,806807.832,19924.2,18838.1,19997.8,18711.0
10607799715,10307317559,1673654400.0,10662782847,9990616648,1010666.683,20962.8,19924.3,21544.0,19882.6
10307317559,10353830298,1673740800.0,10477473313,10081467913,428486.559,20882.7,20962.8,21073.8,20556.0
10353830298,10633253724,1673827200.0,10772431647,10046625536,666148.201,21188.3,20882.7,21498.0,20606.6
10633253724,10814900380,1673913600.0,10884743703,10406421995,547390.593,21130.9,21188.2,21640.0,20827.8
10814900380,10696967177,1674000000.0,11180960266,10517999836,813785.517,20680.0,21130.8,21672.0,20386.0
10696967177,10910099200,1674086400.0,10977873096,10660823630,374733.617,21068.3,20680.1,21183.9,20659.9
10910099200,11177350561,1674172800.0,11289273546,10902506697,723645.2,22661.1,21068.3,22750.0,20856.4
11177350561,11142113327,1674259200.0,11498481156,10914429164,764681.1,22781.9,22661.0,23390.0,22422.0
11142113327,11069752966,1674345600.0,11389416232,10875670225,482529.811,22704.6,22781.8,23080.2,22287.0
11069752966,11150323832,1674432000.0,11465873349,10907201385,525802.84,22913.1,22704.7,23193.1,22500.0
11150323832,11162201258,1674518400.0,11394860134,11050497765,505615.816,22627.4,22913.3,23158.7,22450.0
11162201258,11006716650,1674604800.0,11475045017,10904272196,692786.607,23060.6,22627.5,23837.4,22310.5
11006716650,10608113239,1674691200.0,11118702523,10551190332,427760.786,23001.9,23060.6,23278.7,22843.8
10608113239,10735250477,1674777600.0,10913176777,10346539312,509920.307,23068.0,23001.9,23500.0,22516.6
10735250477,10773260769,1674864000.0,10963609221,10730722811,186400.943,23015.9,23068.1,23185.0,22870.8
10773260769,11555794022,1674950400.0,11640222317,10731009874,562028.231,23740.3,23016.0,23962.7,22961.5
11555794022,10926227545,1675036800.0,11573800475,10816952283,572537.407,22819.9,23740.2,23804.6,22484.2
10926227545,11140929379,1675123200.0,11493573081,10898901171,403726.966,23119.4,22819.9,23330.0,22715.3
11140929379,11284962939,1675209600.0,11287815813,10668780023,571429.711,23730.0,23119.5,23852.4,22747.0
11284962939,11168901229,1675296000.0,11551974913,11134156481,615740.338,23493.1,23730.1,24281.4,23365.0
11168901229,11152900046,1675382400.0,11566055519,11075860915,470831.438,23424.7,23493.0,23719.9,23201.0
11152900046,11141922790,1675468800.0,11414424293,11057914311,197118.393,23322.6,23424.7,23591.4,23250.0
11141922790,11190252676,1675555200.0,11321042453,10986871551,356665.034,22929.2,23322.6,23436.0,22741.0
11190252676,11118505768,1675641600.0,11305143394,11012158045,417160.143,22757.7,22929.3,23159.4,22600.0
11118505768,11193580240,1675728000.0,11373959892,10979346605,447273.494,23234.1,22757.8,23368.6,22742.4
11193580240,11309917955,1675814400.0,11520536197,11125235689,383465.481,22955.9,23234.1,23450.0,22662.9
11309917955,10532538306,1675900800.0,11347902415,10496511889,732295.35,21793.4,22955.9,23007.8,21684.7
10532538306,10483157355,1675987200.0,10768857485,10418924942,439986.497,21618.6,21793.3,21933.8,21405.0
10483157355,10493667235,1676073600.0,10615649338,10410046134,189249.667,21851.3,21618.6,21891.9,21594.4
10493667235,10354942028,1676160000.0,10601089318,10246824307,276787.093,21771.1,21851.2,22080.9,21618.0
10354942028,10379278899,1676246400.0,10536334871,10349761832,511595.693,21766.2,21771.0,21888.0,21338.0
10379278899,10684854998,1676332800.0,10736716071,10171340923,598791.509,22187.4,21766.1,22320.0,21485.2
10684854998,11633242538,1676419200.0,11633242538,10604460574,824676.471,24332.6,22187.4,24420.0,22038.5
11633242538,11042524207,1676505600.0,12153662016,11042524207,959463.159,23526.6,24332.7,25290.0,23518.0
11042524207,11674809004,1676592000.0,11886145681,10905778589,922717.148,24581.5,23526.6,25043.2,23350.0
11674809004,11860221724,1676678400.0,11911824236,11656203267,261555.556,24636.9,24581.3,24887.5,24430.6
11860221724,11785679401,1676764800.0,12429283154,11767344748,543506.628,24265.9,24636.8,25200.0,24179.4
11785679401,12184021879,1676851200.0,12368521565,11560110629,646401.072,24849.9,24265.9,25140.0,23827.0
12184021879,12072482770,1676937600.0,12660107086,11870889311,729290.575,24443.4,24849.9,25347.6,24150.0
12072482770,11898803029,1677024000.0,12107415959,11839210458,730414.101,24171.3,24443.3,24468.5,23572.0
11898803029,11686239522,1677110400.0,12153117422,11686239522,751339.414,23928.8,24171.3,24588.0,23590.0
11686239522,11222896489,1677196800.0,11772124092,11152115410,731577.942,23175.6,23928.7,24138.6,22800.0
11222896489,11376188711,1677283200.0,11514104585,11217380505,310795.648,23146.2,23175.5,23210.5,22700.0
11376188711,11335456345,1677369600.0,11481641937,11256508979,371395.056,23545.3,23146.2,23675.0,23050.0
11335456345,11198496450,1677456000.0,11758360545,11143630199,576754.966,23480.0,23545.2,23888.0,23088.0
11198496450,11207293707,1677542400.0,11545636562,11158517925,456919.838,23129.6,23480.0,23592.8,23010.0
11207293707,11251037884,1677628800.0,11623181605,11149196002,617250.311,23619.8,23129.7,24022.7,23008.4
11251037884,11471751644,1677715200.0,11535329194,11246282768,419256.601,23457.1,23619.8,23790.5,23183.0
11471751644,10459543928,1677801600.0,11490279791,10284450564,608518.137,22342.8,23457.1,23468.5,21883.2
10459543928,10211900733,1677888000.0,10478600559,10166552868,175309.211,22335.7,22342.8,22400.0,22147.5
10211900733,10116214003,1677974400.0,10257312232,10027707348,282261.745,22419.4,22335.8,22650.0,22174.9
10116214003,10214005792,1678060800.0,10424768824,10039323719,298976.397,22397.1,22419.3,22594.5,22240.1
10214005792,10012776649,1678147200.0,10255043970,9915444178,548494.099,22187.1,22397.1,22550.0,21908.0
10012776649,9890556640,1678233600.0,10248852140,9704621068,547867.967,21695.4,22187.1,22276.4,21540.5
9890556640,9038595435,1678320000.0,10264546458,9038595435,951903.36,20348.3,21695.3,21823.0,20003.5
9038595435,9057131660,1678406400.0,9160231405,8843386387,1238135.265,20140.3,20348.4,20351.8,19521.6
9057131660,8814020587,1678492800.0,9117643311,8624950884,753479.558,20447.3,20140.3,20674.5,19752.5
8814020587,8765137914,1678579200.0,9002216035,8577666521,881522.402,21986.2,20447.3,22184.0,20262.2
8765137914,10198922092,1678665600.0,10345499055,8753946395,1534982.176,24119.5,21986.2,24517.2,21804.0
10198922092,10184977757,1678752000.0,11444503782,9978158968,1572562.635,24682.5,24119.5,26489.9,23951.0
10184977757,10032656306,1678838400.0,10680507313,9998810781,1102056.429,24288.0,24682.5,25200.0,23888.0
10032656306,10233985873,1678924800.0,10475151224,10016982348,735446.946,24990.4,24287.9,25167.9,24120.5
10233985873,11223719582,1679011200.0,11508912947,8010066201,1341159.064,27384.0,24990.5,27763.4,24875.3
11223719582,11265822659,1679097600.0,11693571996,11007005237,740232.316,26907.0,27383.9,27726.4,26555.5
11265822659,12000162912,1679184000.0,12150768852,11265822659,759367.078,27955.7,26907.0,28397.0,26815.9
12000162912,11750676403,1679270400.0,12425230970,11560316042,937223.448,27704.1,27955.8,28483.2,27120.6
11750676403,11822941001,1679356800.0,12174539001,11625127211,685487.714,28091.1,27704.1,28460.0,27288.0
11822941001,11353777845,1679443200.0,12297271157,11275381399,1080393.27,27233.8,28091.1,28881.0,26590.0
11353777845,11633279216,1679529600.0,12050459159,11347044775,808174.047,28284.1,27233.8,28777.0,27101.0
11633279216,11204189314,1679616000.0,11717276698,11144556399,696075.37,27438.9,28284.0,28369.1,26960.0
11204189314,11111173296,1679702400.0,11349184174,11050226639,335674.055,27447.3,27439.0,27788.0,27131.8
11111173296,11503813481,1679788800.0,11576565293,11092131056,399756.985,27954.3,27447.2,28186.9,27400.0
11503813481,11236699546,1679875200.0,11790641144,11120239383,642434.822,27112.0,27954.3,28019.4,26480.0
11236699546,11248184611,1679961600.0,11282857118,11081069464,585080.772,27249.7,27112.0,27500.0,26610.0
11248184611,11994269908,1680048000.0,12161524763,11246839368,655852.971,28338.5,27249.7,28649.9,27223.6
11994269908,11415532329,1680134400.0,12164757465,11415532329,770966.1,28015.0,28338.6,29184.8,27654.1
11415532329,11548129456,1680220800.0,11600653076,11072556173,611557.29,28454.9,28015.0,28675.3,27500.0
11548129456,11559698851,1680307200.0,11637299452,11452881849,256487.222,28443.8,28454.8,28845.3,28180.0
11559698851,11428352873,1680393600.0,11668067778,11330779631,316658.67,28161.2,28443.7,28516.5,27820.0
11428352873,10866993563,1680480000.0,11517139710,10803100102,741665.563,27786.1,28161.3,28540.0,27166.0
10866993563,11135679280,1680566400.0,11319132962,10850740244,432370.612,28155.2,27786.1,28450.0,27650.2
11135679280,11102246298,1680652800.0,11547377214,11065916328,543712.838,28154.0,28155.1,28800.0,27775.0
11102246298,11216599969,1680739200.0,11968789746,11048243643,355916.782,28022.8,28154.0,28175.0,27684.2
11216599969,11354537561,1680825600.0,11427766871,11199373552,219250.178,27890.7,28022.9,28096.0,27755.0
11354537561,11394761729,1680912000.0,11480188500,11315280110,159129.56,27924.9,27890.7,28153.6,27850.1
11394761729,11593744581,1680998400.0,11611334129,11292278893,305861.88,28309.4,27924.9,28539.1,27762.8
11593744581,12762578881,1681084800.0,12895674516,11562346860,580061.925,29623.1,28309.4,29840.0,28153.6
12762578881,12952721127,1681171200.0,13168228397,12651370863,628978.491,30185.1,29623.1,30564.0,29573.9
12952721127,13191157841,1681257600.0,13516830765,12810638179,563668.43,29875.0,30185.1,30480.0,29620.0
13191157841,13401684091,1681344000.0,13640260991,13083417972,436182.494,30362.7,29874.9,30648.9,29836.7
13401684091,12832496525,1681430400.0,13454761229,12736225296,615391.615,30453.1,30362.7,31059.0,29925.0
12832496525,12810176038,1681516800.0,12910598624,12666592224,180234.082,30280.4,30453.0,30599.9,30186.0
12810176038,12664548860,1681603200.0,12902099579,12636607394,210226.019,30286.6,30280.4,30560.0,30102.0
12664548860,12368906764,1681689600.0,12846370455,12270477711,455518.548,29420.0,30286.6,30307.4,29219.9
12368906764,12629403379,1681776000.0,12736914194,12125064876,533189.27,30365.8,29420.1,30480.0,29078.1
12629403379,11903095243,1681862400.0,12644624673,11774769434,643866.11,28795.1,30365.8,30410.0,28557.3
11903095243,11877099516,1681948800.0,12084378415,11705312809,639179.286,28229.9,28795.0,29078.0,27983.0
11877099516,11346937518,1682035200.0,11989770884,11252309744,687832.833,27252.5,28229.9,28368.9,27100.0
11346937518,11587002562,1682121600.0,11669315408,11346937518,345549.021,27807.2,27252.6,27888.0,27126.0
11587002562,11345564483,1682208000.0,11596464832,11265103957,332082.355,27576.0,27807.2,27807.3,27279.7
11345564483,11305264730,1682294400.0,11499231655,11174067536,581268.268,27497.5,27575.9,28000.0,26919.3
11305264730,11684405983,1682380800.0,11696072201,11205664978,508254.515,28286.7,27497.4,28379.9,27176.6
11684405983,10885415761,1682467200.0,12517756723,10601454303,1284924.668,28395.9,28286.7,30048.2,27200.0
10885415761,11512404881,1682553600.0,11759773340,10784455035,952584.739,29459.0,28396.0,29898.0,28365.3
11512404881,11739632868,1682640000.0,11843059565,11480807389,508350.155,29300.0,29459.0,29591.1,28870.0
11739632868,11663025341,1682726400.0,11871460771,9703420918,218013.244,29212.7,29300.0,29443.9,29000.4
11663025341,11538058580,1682812800.0,12115156877,11538058580,417798.846,29223.0,29212.7,29950.0,29067.4
11538058580,11316480686,1682899200.0,11589189701,10989130867,624974.488,28054.4,29223.0,29325.5,27650.0
11316480686,11587636428,1682985600.0,11726182332,11305933917,513546.269,28656.5,28054.5,28888.0,27854.0
11587636428,11366025076,1683072000.0,11598579438,10989438693,676466.23,29018.4,28656.4,29258.4,28080.0
11366025076,11598162131,1683158400.0,11871560273,11358842781,426425.584,28826.0,29018.4,29380.0,28660.0
11598162131,12085301960,1683244800.0,12135219248,11342738724,578485.177,29491.5,28826.0,29693.0,28618.3
12085301960,11552367948,1683331200.0,12150808235,9885881618,475628.901,28837.8,29491.5,29840.0,28333.0
11552367948,11508834582,1683417600.0,11763986452,11424215799,308410.643,28419.4,28837.9,29137.0,28370.0
11508834582,11597082333,1683504000.0,11798025348,11337832953,658188.777,27659.8,28419.5,28624.6,27250.0
11597082333,11575291785,1683590400.0,11793539060,11541399564,367664.686,27610.2,27659.8,27815.6,27316.8
11575291785,11153687551,1683676800.0,12070915217,10921359382,722502.676,27582.9,27610.2,28297.0,26666.6
11153687551,11606107748,1683763200.0,11769995897,11043777428,538822.363,26956.4,27583.0,27630.0,26688.8
11606107748,11294346030,1683849600.0,11710130215,11200872184,615645.508,26785.1,26956.4,27090.0,25751.0
11294346030,11378948414,1683936000.0,11481382988,11261316296,242694.929,26762.7,26785.2,27051.5,26674.9
11378948414,11468212111,1684022400.0,11604796217,11170686805,247579.427,26901.9,26762.8,27200.0,26557.0
11468212111,11651089149,1684108800.0,12043012459,9980433432,450263.076,27152.5,26901.9,27650.0,26694.4
11651089149,11700197187,1684195200.0,11775012910,11395834708,373172.951,27024.8,27152.5,27284.7,26832.0
11700197187,11715469271,1684281600.0,11860924203,11556928752,490065.218,27395.8,27024.7,27500.0,26527.5
11715469271,11282566365,1684368000.0,11859166570,11093166877,544971.979,26809.3,27395.7,27482.7,26335.3
11282566365,11315966638,1684454400.0,11540390583,9524353355,324097.956,26870.1,26809.4,27180.0,26611.2
11315966638,11455200557,1684540800.0,11462871743,11220438972,137515.354,27089.5,26870.1,27144.4,26813.5
11455200557,11376629727,1684627200.0,11537975233,11339089005,238776.425,26732.8,27089.6,27288.0,26642.0
11376629727,11465003553,1684713600.0,11651406276,11277855211,328030.52,26840.2,26732.8,27097.8,26500.0
11465003553,11767393275,1684800000.0,11913090200,11391635384,369176.618,27209.9,26840.2,27527.5,26782.6
11767393275,11487134600,1684886400.0,11901943824,11217445981,535191.677,26313.8,27209.9,27212.9,26060.0
11487134600,11661614682,1684972800.0,11823186667,11130595829,394535.225,26461.8,26313.9,26644.0,25850.0
11661614682,11334706605,1685059200.0,11670676332,11302967135,324475.546,26689.9,26461.7,26925.0,26313.9
11334706605,11332644219,1685145600.0,11369669300,11147675920,163681.935,26841.6,26689.8,26890.0,26528.6
11332644219,11992706860,1685232000.0,12052103693,11217301079,440115.394,28055.7,26841.6,28252.8,26746.0
12011141657,11915612970,1685318400.0,12109965809,11749692336,411290.549,27722.0,28055.8,28442.0,27513.5
11915612970,11975717043,1685404800.0,12156288738,11840369479,334379.313,27680.1,27722.1,28038.6,27530.0
11975717043,11655986066,1685491200.0,12027884921,11500687922,471381.89,27201.1,27680.0,27825.0,26826.0
11655986066,11484636460,1685577600.0,11725780270,11162928423,404787.572,26805.3,27201.1,27347.9,26600.0
11484636460,11683326607,1685664000.0,11776187376,11326847811,391110.093,27227.8,26805.3,27290.0,26477.6
11683326607,11645584253,1685750400.0,11729356162,11508088180,182464.1,27054.9,27227.8,27340.2,26900.0
11645584253,11470242755,1685836800.0,11749187039,11442806971,218271.544,27102.4,27054.9,27460.0,26935.3
11470242755,11602861612,1685923200.0,12057647656,11164078449,700502.548,25714.7,27102.4,27125.0,25360.1
11602861612,11663459957,1686009600.0,12046914414,11580774639,731445.649,27221.5,25714.6,27358.1,25321.6
11663459957,10979867825,1686096000.0,11890322026,10448689940,660044.537,26325.9,27221.5,27394.4,26111.0
10979867825,11159294980,1686182400.0,11310951923,9265631047,333104.839,26485.9,26325.9,26800.0,26195.4
11159294980,11137488878,1686268800.0,11422815933,11101603713,283719.198,26468.1,26486.0,26775.0,26236.0
11137488878,10953146952,1686355200.0,11243824855,10663758172,608917.569,25826.6,26468.2,26525.0,25300.0
10953146952,10886805796,1686441600.0,11055050569,10809777301,279365.563,25909.9,25826.6,26199.0,25621.3
10886805796,11049971044,1686528000.0,11275493287,10750120242,298900.468,25894.8,25910.0,26097.7,25600.0
11049971044,11307198654,1686614400.0,11364889391,11015776084,434536.754,25918.0,25894.8,26430.5,25708.0
11307198654,11011451842,1686700800.0,11579752886,10458901150,464681.602,25115.9,25918.0,26099.3,24796.8
11011451842,11201144414,1686787200.0,11450930717,11005771068,473971.375,25586.1,25115.9,25750.0,24777.0
11201144414,11625699569,1686873600.0,11692063546,11068742515,533144.956,26336.0,25586.0,26526.9,25142.1
11625699569,11455633783,1686960000.0,11693385802,11375680191,305738.396,26508.9,26335.9,26900.0,26170.8
11455633783,11463950061,1687046400.0,11785096417,11356347727,241977.484,26329.7,26508.8,26709.4,26230.9
11463950061,11772398348,1687132800.0,11862912440,11374792093,400533.758,26828.5,26329.6,27077.0,26241.2
11772398348,13143502629,1687219200.0,13158880908,10874939622,758176.297,28290.6,26828.6,28397.8,26633.9
13143502629,13747183010,1687305600.0,14205662521,12910553935,1123474.427,29988.5,28290.7,30822.0,28236.4
13747183010,13982258542,1687392000.0,14228462455,13660521818,561051.742,29875.0,29988.5,30488.0,29500.1
13982258542,14489781480,1687478400.0,14956955097,13963099561,699073.071,30673.4,29875.0,31500.0,29792.0
14489781480,14526100279,1687564800.0,14798323659,11854766597,279539.288,30524.2,30673.5,30796.5,30222.0
14526100279,14606108441,1687651200.0,14787840367,14394719671,301533.154,30458.0,30524.2,31053.2,30252.6
14606108441,14500885194,1687737600.0,14785286582,14289888858,415099.356,30260.1,30458.0,30667.3,29890.1
14500885194,14713308450,1687824000.0,15073481114,14485938752,406073.348,30683.2,30260.1,30998.5,30213.0
14713308450,14434864173,1687910400.0,14730336681,14211158848,416656.434,30066.3,30683.2,30701.8,29804.6
14434864173,14643085716,1687996800.0,15024449201,14366705650,382072.846,30439.9,30066.3,30837.0,30036.1
14643085716,13851610209,1688083200.0,15249787602,13747147007,809331.305,30460.2,30439.9,31300.0,29500.0
13851610209,13912262761,1688169600.0,13975814621,13635485631,135520.246,30573.6,30460.2,30668.2,30311.3
13912262761,13838959076,1688256000.0,13996816943,11106514988,231866.188,30612.7,30573.6,30800.0,30149.9
13838959076,14586560710,1688342400.0,14827431200,13838959076,370293.236,31149.0,30612.7,31395.2,30559.4
14586560710,14384404625,1688428800.0,14923187621,14339741949,300832.26,30756.1,31149.0,31319.4,30600.0
14384404625,14472359643,1688515200.0,14713918263,14235219863,294896.578,30488.4,30756.1,30875.2,30175.8
14472359643,13491745423,1688601600.0,14947017528,13442226547,721267.219,29874.4,30488.4,31568.0,29818.0
13491745423,13588455881,1688688000.0,13743225426,13387103930,337801.654,30327.9,29874.3,30443.6,29680.0
13588455881,13682304332,1688774400.0,13724795901,13530899466,138734.493,30269.3,30328.0,30380.0,30026.8
13682304332,13603952095,1688860800.0,13696530065,13470522266,162296.263,30147.8,30269.2,30443.4,30042.0
13603952095,13515499455,1688947200.0,14195907718,13452950739,429115.537,30396.9,30147.8,31040.0,29928.8
13515499455,13922280441,1689033600.0,14066622965,13503447367,298904.747,30608.4,30396.9,30804.9,30261.4
13922280441,14419526703,1689120000.0,14454209085,11377182778,425058.257,30368.9,30608.3,30980.5,30186.0
14419526703,14225008029,1689206400.0,14700527544,11850333568,696023.51,31441.7,30368.9,31850.0,30233.0
14225008029,14377974421,1689292800.0,15055782833,13726792049,538692.246,30293.3,31441.6,31640.0,29876.6
14377974421,14053775166,1689379200.0,14399351975,14043156145,111622.474,30276.4,30293.3,30380.0,30220.2
14053775166,14040607340,1689465600.0,14172986761,13964530254,173805.94,30216.8,30276.5,30441.6,30050.0
14040607340,14138207050,1689552000.0,14487041391,14038673751,344113.427,30126.1,30216.9,30329.7,29630.0
14138207050,14328099879,1689638400.0,14612926995,14138207050,337396.417,29845.6,30126.0,30227.5,29400.0
14328099879,14115512242,1689724800.0,14351100891,14027035105,298418.854,29895.5,29845.7,30178.5,29745.0
14115512242,13706487232,1689811200.0,14167812730,13358469186,410263.764,29791.0,29895.5,30420.0,29468.8
13706487232,13612327832,1689897600.0,13825345625,13568088656,221145.074,29891.4,29791.0,30056.2,29705.9
13612327832,13467718409,1689984000.0,13730130348,13363278336,143375.956,29783.5,29891.5,29986.0,29602.2
13467718409,13428703509,1690070400.0,13569550645,13362191378,224713.846,30070.8,29783.5,30368.2,29718.9
13428703509,13631152501,1690156800.0,13730734860,13165139211,434182.417,29163.8,30070.9,30091.7,28830.0
13631152501,13652064816,1690243200.0,13774908909,13587515738,196438.618,29216.3,29163.8,29379.5,29033.0
13652064816,13679424235,1690329600.0,13816444050,13412458552,318527.582,29336.0,29216.2,29670.5,29083.0
13679424235,13680751738,1690416000.0,13975794203,13623459656,223376.534,29209.7,29336.0,29558.4,29065.5
13680751738,13655180606,1690502400.0,13916683349,13624048470,221299.867,29299.9,29209.8,29535.7,29112.8
13655180606,13628309622,1690588800.0,13707367943,13588174619,87100.719,29339.1,29300.0,29397.9,29237.5
13628309622,13547984801,1690675200.0,13830523708,13423409805,169901.253,29271.1,29339.1,29442.5,29006.0
13547984801,13736963425,1690761600.0,13845181665,13420027391,230381.722,29220.8,29271.2,29525.8,29100.0
13736963425,13701049141,1690848000.0,13883123545,13241225978,442328.643,29701.2,29220.8,29735.0,28550.0
13701049141,13401172934,1690934400.0,14074138975,13258337670,491725.492,29170.1,29701.2,30059.9,28906.3
13401172934,13410827280,1691020800.0,13697525979,11447207248,251967.942,29180.2,29170.2,29440.0,28955.4
13410827280,13634764689,1691107200.0,13754235868,13324769166,229395.673,29101.1,29180.1,29323.8,28780.0
13634764689,13576403506,1691193600.0,13664285795,13568751130,82508.624,29057.7,29101.1,29145.0,28960.0
13576403506,13401844781,1691280000.0,13585470350,13329670400,103094.44,29075.9,29057.7,29199.0,28978.5
13401844781,13511911062,1691366400.0,13661348252,13381274663,297752.439,29202.7,29075.9,29274.5,28682.3
13511911062,14522184887,1691452800.0,14799734827,11358629429,459269.801,29759.0,29202.7,30250.0,29132.4
14522184887,14389605109,1691539200.0,15118273265,14338935169,362009.701,29572.8,29758.9,30149.7,29362.0
14389605109,14311402446,1691625600.0,14452899784,14132621397,234546.038,29443.7,29572.9,29729.8,29303.7
14311402446,14159480258,1691712000.0,14391269010,14109235850,179044.008,29415.5,29443.7,29565.1,29220.0
14159480258,14074247652,1691798400.0,14175028285,14025620393,56238.035,29420.7,29415.5,29470.0,29360.0
14074247652,13960133247,1691884800.0,14100102041,13919096788,84190.505,29293.3,29420.8,29463.0,29256.6
13960133247,13834308963,1691971200.0,14280936513,13763783028,295035.383,29419.5,29293.3,29686.7,29070.0
13834308963,14115482236,1692057600.0,14198793304,13805200061,191289.959,29188.8,29419.5,29492.1,29050.0
14115482236,14061509195,1692144000.0,14213953228,13965806445,272023.138,28714.4,29188.9,29257.4,28705.1
14061509195,11662185481,1692230400.0,14349669219,10936114885,868508.22,26609.7,28714.4,28775.9,24581.0
11662185481,11330843103,1692316800.0,11743741466,11284278268,522375.316,26042.1,26609.7,26818.0,25600.0
11330843103,11158723992,1692403200.0,11360163868,11085714363,202219.153,26088.3,26042.0,26269.4,25783.4
11158723992,11309889840,1692489600.0,11379045095,11128748714,141089.85,26175.9,26088.4,26285.0,25948.5
11309889840,11229201316,1692576000.0,11327143563,11135954820,232505.265,26115.4,26175.9,26280.0,25800.0
11229201316,11430427476,1692662400.0,11886920983,11162852098,313113.576,26044.4,26115.4,26128.2,25280.0
11430427476,11418571848,1692748800.0,12081302984,11354787221,412969.028,26419.2,26044.5,26806.0,25800.0
11418571848,11271995108,1692835200.0,11499670619,11199810992,286753.337,26164.6,26419.2,26568.3,25835.0
11271995108,11022763522,1692921600.0,11304494373,10975228236,274830.494,26051.7,26164.6,26300.0,25754.4
11022763522,10815771666,1693008000.0,11133482352,10768079551,63925.862,26004.3,26051.7,26129.4,25969.0
10815771666,11112526003,1693094400.0,11169659549,10744438835,86505.398,26087.7,26004.3,26173.6,25955.6
11112526003,11148453986,1693180800.0,11408342133,11067241404,219992.051,26106.5,26087.6,26244.6,25850.4
11148453986,12373683366,1693267200.0,12674583956,11137089375,700233.946,27700.1,26106.5,28168.0,25905.2
12373683366,12030286181,1693353600.0,12385238273,11967869271,315313.916,27290.4,27700.1,27758.2,26950.0
12030286181,11007879255,1693440000.0,12035990164,10935688407,502906.277,25928.0,27290.4,27674.3,25617.8
11007879255,10924966811,1693526400.0,11262033049,10862252384,361184.924,25795.6,25928.0,26151.6,25312.0
10924966811,10757722996,1693612800.0,11041873560,10715087746,107642.864,25855.8,25795.6,25975.0,25740.6
10757722996,10907306336,1693699200.0,10925412979,10712819916,133016.832,25962.1,25855.8,26135.2,25777.0
10907306336,10892015388,1693785600.0,11061387652,10777893734,173147.873,25814.0,25962.1,26099.3,25610.0
10892015388,10999943378,1693872000.0,11151879251,10848607555,186639.945,25779.7,25814.0,25900.0,25531.2
10999943378,11044892350,1693958400.0,11329694378,10894095634,251122.66,25747.4,25779.7,26052.0,25326.0
11044892350,11257094088,1694044800.0,11309174239,10998629044,257349.902,26240.7,25747.4,26451.0,25602.3
11257094088,11166082181,1694131200.0,11641650593,11045769979,249269.761,25899.8,26240.7,26437.5,25630.0
11166082181,10787723574,1694217600.0,11230446093,10703402053,67909.81,25892.6,25899.9,25940.6,25781.5
10787723574,10967762378,1694304000.0,11024131447,10677267796,162972.413,25828.4,25892.6,26037.3,25508.7
10967762378,11298448681,1694390400.0,11355473565,10851143954,427216.374,25150.4,25828.4,25895.0,24888.0
11298448681,11316345469,1694476800.0,11793052743,11045085675,592049.678,25825.8,25150.4,26580.0,25116.4
11316345469,11638016733,1694563200.0,11790566081,11281690079,335252.718,26209.9,25825.8,26400.0,25750.0
11638016733,11964749489,1694649600.0,12172626281,10937161125,380666.471,26510.3,26209.9,26880.0,26106.6
11964749489,11746091687,1694736000.0,12166196261,11737089930,251656.77,26591.1,26510.3,26890.0,26206.6
11746091687,11512917169,1694822400.0,11814544190,11430052339,140482.465,26546.9,26591.1,26763.5,26430.0
11512917169,11399398930,1694908800.0,11523728866,11262947048,114239.394,26514.2,26547.0,26614.3,26377.4
11399398930,11953480816,1694995200.0,12860762178,11323133485,472539.032,26749.9,26514.2,27397.0,26358.6
11953480816,12339796356,1695081600.0,12720566665,11830660481,433511.747,27196.0,26749.9,27480.0,26653.2
12339796356,12198739482,1695168000.0,12440403033,12040775084,348921.447,27107.7,27195.9,27381.0,26740.0
12198739482,11116003905,1695254400.0,12576832991,11032990444,317992.869,26552.6,27107.7,27149.0,26360.1
11116003905,11750852007,1695340800.0,11971959102,10973967220,173534.648,26566.7,26552.6,26737.7,26452.9
11750852007,11375919820,1695427200.0,11759769559,11308275537,57836.484,26563.1,26566.7,26620.6,26492.2
11375919820,11454708954,1695513600.0,11520527332,11247356630,146632.773,26232.4,26563.0,26739.9,26081.0
11454708954,11743469439,1695600000.0,11945190858,11454403880,268385.836,26290.5,26232.4,26440.0,25965.0
11743469439,11688678970,1695686400.0,11810445352,11604967289,180491.169,26208.8,26290.5,26388.0,26073.8
11688678970,11573315787,1695772800.0,12437841227,11476836358,353002.84,26359.6,26208.7,26849.9,26050.0
11573315787,12169913789,1695859200.0,12464760676,11399840857,429587.858,27011.8,26359.6,27308.7,26325.2
12169913789,11816870598,1695945600.0,12336106691,11734677349,277397.643,26890.9,27011.7,27231.5,26625.0
11816870598,11383467486,1696032000.0,11839927487,11321077070,92317.154,26950.9,26890.9,27085.0,26870.4
11383467486,12000644759,1696118400.0,12000644759,11322502599,240382.946,27981.4,26951.0,28365.2,26939.0
12000644759,11895209349,1696204800.0,12956051963,11736282944,593277.72,27477.6,27981.4,28613.0,27255.0
11895209349,12088858361,1696291200.0,12288587049,11879993259,283077.899,27412.0,27477.7,27665.0,27123.0
12088858361,12245847887,1696377600.0,12262037939,11705718263,280784.322,27759.8,27412.0,27830.0,27163.9
12245847887,12175078533,1696464000.0,12762876303,12115030018,370190.087,27398.4,27759.7,28110.0,27333.5
12175078533,12648769906,1696550400.0,12726731701,12064608666,438445.904,27916.3,27398.3,28450.0,27156.0
12648769906,12385742431,1696636800.0,12794860521,12297468252,117049.145,27943.0,27916.3,28018.7,27822.1
12385742431,12690742434,1696723200.0,12699595710,12323166794,178380.307,27901.2,27943.0,28082.0,27671.0
12690742434,12467020391,1696809600.0,12737111109,12347831552,314316.581,27578.3,27901.2,27977.0,27250.0
12467020391,12325029557,1696896000.0,12479773177,12240895457,239779.496,27381.2,27578.4,27727.3,27281.0
12325029557,12400421591,1696982400.0,12505512369,12075641817,388186.571,26864.5,27381.3,27467.6,26525.0
12400421591,12191995400,1697068800.0,12424263099,12083049959,220279.04,26744.0,26864.5,26939.0,26534.8
12191995400,12195554213,1697155200.0,12366795068,12063287003,243222.154,26849.8,26744.0,27120.8,26670.1
12195554213,11800918244,1697241600.0,12277681554,11701459979,82164.781,26836.3,26849.7,26986.4,26773.1
11800918244,12314042232,1697328000.0,12316099996,11608183735,160000.462,27139.8,26836.4,27456.1,26790.4
12314042232,12211707785,1697414400.0,13023941280,11943458908,823003.782,28486.3,27139.8,30720.0,27095.4
12211707785,12604635698,1697500800.0,12699868163,12082063995,314189.758,28381.9,28486.3,28605.0,28055.0
12604635698,12435539561,1697587200.0,12958323641,12338575611,297176.628,28307.1,28382.0,29100.0,28126.6
12435539561,12885321471,1697673600.0,13030234335,12316424839,333673.207,28696.9,28307.2,28933.4,28076.0
12885321471,13401355276,1697760000.0,13880178885,12841474565,551005.327,29653.0,28697.0,30243.0,28560.0
13401355276,14044585109,1697846400.0,14591620982,13335423618,258195.956,29895.4,29653.0,30374.6,29443.5
14044585109,13872367513,1697932800.0,14113596256,13744854132,198602.758,29981.5,29895.4,30229.7,29606.6
13872367513,14354324276,1698019200.0,15134089646,13867667090,987741.536,33074.0,29981.4,35981.9,29869.4
14354324276,14835053677,1698105600.0,15390622919,14310895676,921993.063,33917.0,33074.0,35300.0,32833.5
14835053677,15201625465,1698192000.0,15741897516,14766246076,465367.144,34487.7,33917.0,35154.3,33660.6
15201625465,15432308719,1698278400.0,15587846980,15193603999,339552.964,34154.0,34487.8,34828.7,33750.0
15432308719,15089940256,1698364800.0,15863609872,14904687185,278052.978,33893.1,34154.0,34253.3,33350.0
15089940256,15171081229,1698451200.0,15535416534,15033713576,138314.932,34086.6,33893.2,34535.8,33867.4
15171081229,15832123253,1698537600.0,15971927358,15020676022,175897.55,34528.6,34086.7,34773.8,33933.0
15832123253,15589325072,1698624000.0,16020876607,15448710344,281841.348,34483.8,34528.6,34888.2,34050.0
15589325072,14860103183,1698710400.0,15651906625,14631228885,272450.567,34651.4,34483.8,34744.7,34016.8
14860103183,15889076780,1698796800.0,16100476711,14728271672,469214.787,35437.4,34651.4,35734.0,34076.0
15889076780,15623821704,1698883200.0,16481299945,15485995122,410221.727,34940.1,35437.5,35999.9,34300.0
15623821704,15447863421,1698969600.0,15754677160,15234096375,306048.199,34700.4,34940.1,34944.9,34123.0
15447863421,15542510631,1699056000.0,15700795013,15257186754,140746.874,35069.7,34700.5,35270.0,34571.6
15542510631,15915905199,1699142400.0,16106924276,15494470528,231363.339,35025.5,35069.7,35455.2,34356.0
15915905199,15929805552,1699228800.0,16248875894,14899509704,202227.215,35057.4,35025.5,35299.9,34743.2
15929805552,16384613440,1699315200.0,16634529093,15841183402,343525.95,35406.5,35057.5,35921.7,34520.3
16384613440,16806673614,1699401600.0,16933340978,16340044320,334779.449,35626.7,35406.5,36150.0,35073.0
16806673614,16485923207,1699488000.0,18134168915,16412837685,778877.937,36719.5,35626.7,38499.9,35304.0
16485923207,16543975508,1699574400.0,16849664785,16202371889,299373.892,37330.4,36719.6,37570.0,36350.0
16543975508,16563753168,1699660800.0,16836218403,16368796486,159239.284,37162.1,37330.3,37422.2,36588.0
16563753168,16498453165,1699747200.0,16718169719,16413326153,118890.045,37085.5,37162.1,37258.4,36753.6
16498453165,16413344602,1699833600.0,16840113406,16356965080,257075.648,36486.2,37085.6,37464.8,36350.0
16413344602,15704638406,1699920000.0,16873332664,15380501445,397265.8,35559.0,36486.2,36779.9,34446.3
15704638406,16788741262,1700006400.0,16941247574,15670767426,423818.57,37885.6,35559.1,38000.0,35388.0
16788741262,16345908302,1700092800.0,17103201496,16295699202,434444.366,36176.0,37885.5,37956.5,35486.1
16345908302,15952821006,1700179200.0,16452689831,15834214187,319943.051,36621.9,36176.0,37020.5,35868.3
15952821006,15973963947,1700265600.0,16230082774,15770137060,121720.922,36580.9,36621.9,36900.0,36196.0
15973963947,16486476401,1700352000.0,16531638160,15872669965,154713.007,37375.9,36580.9,37528.2,36380.0
16486476401,16722712879,1700438400.0,16912441844,16425905978,310504.037,37462.5,37375.8,37784.7,36600.0
16722712879,15901191266,1700524800.0,17008664666,15898744477,450731.16,35737.0,37462.6,37675.0,35720.0
15901191266,16592210763,1700611200.0,17053314726,15887702171,338189.618,37413.4,35737.0,37880.0,35610.7
16592210763,16834101268,1700697600.0,17052756116,16592210763,185369.931,37294.3,37413.5,37650.0,36856.3
16834101268,16786975429,1700784000.0,17631709713,16667857866,351031.723,37706.3,37294.4,38425.0,37257.3
16786975429,16722751996,1700870400.0,16975769411,16630112899,82589.329,37766.6,37706.3,37886.5,37570.9
16722751996,16846807700,1700956800.0,17113677646,16547141871,173758.644,37437.9,37766.7,37807.6,37126.0
16846807700,16895959161,1701043200.0,16951515661,16686157540,266112.699,37234.3,37437.9,37560.0,36700.0
16895959161,17155300302,1701129600.0,17586745095,16411632132,318426.327,37812.1,37234.4,38395.0,36856.0
17155300302,17220527209,1701216000.0,17961778936,17070049962,261631.881,37837.1,37812.0,38500.0,37551.8
17220527209,16886880874,1701302400.0,17307418221,16814275462,191188.871,37716.8,37837.2,38132.0,37442.9
16886880874,18239361401,1701388800.0,18403287925,16857155049,342361.994,38660.0,37716.9,38989.0,37600.0
18239361401,18180221233,1701475200.0,18718051433,18057370337,213210.311,39435.0,38659.9,39900.0,38613.5
18180221233,18277947201,1701561600.0,18573147430,18043204287,221917.905,39979.7,39435.1,40410.1,39255.2
18277947201,19644419180,1701648000.0,20002435242,18277947201,602492.859,41993.1,39979.8,42440.0,39970.4
19644419180,20224758711,1701734400.0,20718675423,19109492818,575038.041,44081.7,41993.1,44528.1,41393.5
20224758711,19801517457,1701820800.0,20287142850,19712226364,383957.738,43774.8,44081.7,44349.8,43377.0
19801517457,19614574098,1701907200.0,20676096830,19301259487,346421.958,43296.0,43775.1,44066.7,42815.0
19614574098,19703224523,1701993600.0,20253464779,19614574098,281880.593,44209.5,43296.0,44779.3,43100.0
19703224523,19509871749,1702080000.0,20058929483,19434595646,189339.656,43734.3,44209.6,44389.2,43555.0
19509871749,19500617871,1702166400.0,19823157868,19458119698,144548.259,43810.0,43734.2,44099.2,43552.5
19500617871,18557601128,1702252800.0,19642128762,17767905349,620753.439,41271.0,43810.1,43833.4,40228.3
18557601128,18604728351,1702339200.0,18847320687,17740740667,356541.118,41515.0,41271.1,42125.0,40711.0
18604728351,18384969847,1702425600.0,18625507339,17766458822,396710.296,42875.0,41514.9,43517.6,40556.0
18384969847,18465153986,1702512000.0,19042996385,18060256646,361628.325,43032.4,42875.0,43450.1,41140.0
18465153986,17827604132,1702598400.0,18476947054,17751897873,257177.013,41968.0,43032.3,43098.0,41668.0
17827604132,17851192703,1702684800.0,18189166107,17711678788,160549.459,42287.4,41968.0,42756.7,41638.1
17851192703,17585402561,1702771200.0,18079358051,17541469659,224722.851,41396.5,42287.4,42476.0,41248.3
17585402561,17941250215,1702857600.0,18043183540,17436447785,375385.675,42671.7,41396.6,42795.3,40553.8
17941250215,18165089226,1702944000.0,18736433574,17874694872,315311.844,42298.3,42671.8,43550.0,41835.4
18165089226,19112901975,1703030400.0,19661974849,18147432359,377008.923,43708.9,42298.2,44384.6,42218.3
19112901975,19544884892,1703116800.0,20037305528,19003442786,276922.155,43896.3,43708.9,44287.2,43317.2
19544884892,19308475702,1703203200.0,19946172802,19121365489,238341.933,43999.2,43896.4,44484.0,43430.4
19308475702,19148114977,1703289600.0,19315606187,19091578381,120792.199,43725.2,43999.2,44023.0,43304.2
19148114977,18901542360,1703376000.0,19261826118,18655368693,179967.251,43008.4,43725.2,43994.8,42550.0
18901542360,19161668648,1703462400.0,19397785627,18780176010,184210.274,43611.9,43008.4,43850.0,42755.4
19161668648,19128014483,1703548800.0,19859064636,18812884870,295583.678,42538.5,43611.9,43635.1,41597.0
19128014483,19236619753,1703635200.0,19446268836,18796619302,251351.538,43453.8,42538.6,43700.0,42145.7
19236619753,18999774346,1703721600.0,19291345128,18895092540,257515.182,42600.1,43453.8,43850.0,42320.5
18999774346,18141311103,1703808000.0,19087759301,17945723325,337421.865,42095.1,42600.1,43171.9,41283.2
18141311103,18215255448,1703894400.0,18550838871,18105827399,183890.67,42174.2,42095.1,42654.6,41550.0
18215255448,18084869062,1703980800.0,18511269786,18033575373,173508.289,42314.0,42174.3,42951.0,42001.0
18084869062,19032671907,1704067200.0,19048312748,18048968398,206424.144,44230.2,42314.0,44266.0,42207.9
19032671907,19678118314,1704153600.0,20124648778,19011054831,459798.523,44979.8,44230.3,45950.0,44200.9
19678118314,18561679444,1704240000.0,20437273568,17602289576,595855.225,42849.5,44979.7,45582.3,40333.0
18561679444,18447544262,1704326400.0,18756807779,18201723961,333923.098,44143.8,42849.5,44840.8,42625.0
18447544262,18186470013,1704412800.0,18507635134,17524823779,374967.791,44145.4,44143.8,44500.0,42300.0
18186470013,18298752076,1704499200.0,18457257066,18040291682,138542.797,43956.7,44145.3,44214.6,43391.3
18298752076,18429875368,1704585600.0,19002900964,18298752076,180710.714,43916.9,43956.6,44486.9,43557.5
18429875368,19979541681,1704672000.0,20074103569,18151778852,495087.983,46972.7,43916.9,47312.0,43158.1
19979541681,19730970174,1704758400.0,20622848728,19358753853,513362.773,46114.0,46972.6,48100.0,44417.2
19730970174,20049330109,1704844800.0,20516189999,19442875469,668657.474,46662.9,46113.9,47699.3,44291.5
20049330109,20608123633,1704931200.0,21596870291,19750624157,596698.379,46337.8,46663.0,49027.5,45600.0
20608123633,19415813712,1705017600.0,20708084118,19248749628,575943.258,42788.9,46337.9,46536.2,41370.0
19415813712,18569889708,1705104000.0,19485160107,18469670034,207737.326,42846.4,42789.0,43273.4,42445.7
18569889708,18365153370,1705190400.0,18757836205,18329463484,181096.968,41734.9,42846.4,43096.1,41713.5
18365153370,18252385850,1705276800.0,18719399956,18220043873,240059.141,42515.0,41734.9,43376.0,41720.0
18252385850,18450436077,1705363200.0,18706672059,18252385850,287207.233,43133.0,42515.0,43589.0,42050.0
18450436077,18321993964,1705449600.0,18518263895,18088944819,209396.081,42783.4,43133.0,43198.0,42200.0
18321993964,18009378600,1705536000.0,18396831300,17774960616,335080.756,41323.1,42783.3,42932.3,40673.6
18009378600,17824619219,1705622400.0,18217031779,17644607748,345941.73,41662.2,41323.2,42197.0,40300.0
17824619219,17714723298,1705708800.0,17831318226,17590151025,95866.062,41691.8,41662.1,41883.5,41453.6
17714723298,17528371792,1705795200.0,17728876273,17383928035,67035.552,41580.0,41691.8,41880.9,41500.0
17528371792,17079626098,1705881600.0,17941435837,17040360114,459024.106,39567.0,41579.9,41692.3,39402.0
17079626098,17001317204,1705968000.0,17239953576,16828163786,414373.386,39890.0,39567.1,40172.7,38545.0
17001317204,17297242081,1706054400.0,17457245862,16875468702,272754.171,40078.7,39889.9,40560.6,39493.3
17297242081,17322355194,1706140800.0,17575187169,17136927157,203728.679,39953.3,40078.8,40300.0,39535.3
17322355194,17803627180,1706227200.0,18064813380,17111784824,355418.478,41806.4,39953.3,42239.3,39813.1
17803627180,17911129860,1706313600.0,18004765424,17694509477,118437.114,42102.2,41806.4,42187.1,41360.1
17911129860,17665622887,1706400000.0,18146852256,17512312301,205736.453,42021.2,42102.2,42836.0,41600.0
17665622887,18270173527,1706486400.0,18284556148,17611825262,249502.11,43287.7,42021.2,43340.8,41768.3
18270173527,18077841957,1706572800.0,18829812763,18022282344,257582.784,42918.3,43287.6,43888.0,42665.6
18077841957,17275440032,1706659200.0,18121727061,17192576517,313069.11,42560.5,42918.3,43748.6,42257.6
17275440032,17497886396,1706745600.0,17710942175,17025966180,274321.107,43072.6,42560.5,43288.0,41866.8
17497886396,17489688215,1706832000.0,18415308614,17276711388,205767.574,43182.0,43072.6,43480.0,42512.7
17489688215,17401896863,1706918400.0,17682653886,17285740647,89735.22,42992.4,43182.0,43372.2,42858.3
17401896863,17432665159,1707004800.0,18133584411,17221795256,127421.548,42570.3,42992.4,43112.1,42176.7
17432665159,17913421571,1707091200.0,18586741268,17393204257,240655.549,42692.9,42570.3,43580.0,42235.1
17913421571,18039199150,1707177600.0,18228967466,17688804574,196157.643,43079.1,42692.9,43378.8,42559.8
18039199150,19033427675,1707264000.0,19033427675,17858103007,252057.708,44326.2,43079.1,44388.0,42763.4
19033427675,20008920504,1707350400.0,20420594619,19001096044,299738.288,45269.1,44326.3,45600.0,44306.8
20008920504,20531590062,1707436800.0,21158524876,19997515678,519919.419,47116.1,45269.2,48230.3,45218.1
20531590062,21304485703,1707523200.0,21350115318,20495351499,179626.604,47732.6,47116.1,48189.6,46836.4
21304485703,21794667823,1707609600.0,21882464906,21255112820,209951.626,48303.4,47732.6,48600.0,47539.4
21794667823,23051071309,1707696000.0,23328434322,21561468590,450895.202,49943.6,48303.4,50413.2,47702.0
23051071309,22673644401,1707782400.0,23536905760,22384804336,382348.085,49696.4,49943.6,50428.8,48301.0
22673644401,23846063051,1707868800.0,24265092473,22403674944,395191.791,51823.2,49696.4,52100.0,49215.7
23846063051,23797260155,1707955200.0,24676690916,23591725150,392724.603,51898.5,51823.1,52859.0,51334.9
23797260155,23840352588,1708041600.0,24412860674,23716222475,259819.793,52148.6,51898.4,52623.0,51611.7
23840352588,23800184345,1708128000.0,23950534053,23497886938,222342.005,51679.4,52148.7,52192.8,50647.5
23800184345,23722978573,1708214400.0,23878311476,23457722357,166636.426,52175.9,51679.5,52450.0,51178.0
23722978573,23964205628,1708300800.0,24312455100,23722978573,196387.978,51813.8,52175.9,52532.9,51688.8
23964205628,23791877656,1708387200.0,24738983923,23461302340,388913.064,52297.4,51813.7,53090.9,50788.0
23791877656,23674257957,1708473600.0,23929198030,23351718008,308127.301,51877.8,52297.3,52402.3,50528.4
23674257957,23351088240,1708560000.0,23848819302,23259633946,244144.647,51316.9,51877.9,52130.8,50967.5
23351088240,23291367217,1708646400.0,23593179789,23215943307,215474.562,50771.9,51316.9,51576.3,50512.7
23291367217,23544281178,1708732800.0,23619384189,23291367217,104944.457,51602.1,50771.9,51736.6,50611.4
23544281178,23445011766,1708819200.0,23768882842,23313070409,122177.26,51764.9,51602.1,52050.0,51300.4
23445011766,24859462280,1708905600.0,25006390474,23296878579,393466.231,54511.6,51764.9,54991.8,50922.5
24859462280,25699035255,1708992000.0,26276390241,24609212636,511475.535,57074.5,54511.7,57780.0,54495.0
25699035255,26899740948,1709078400.0,27465279812,25202326948,1010118.442,62487.9,57074.5,64300.0,56730.1
26899740948,26085574028,1709164800.0,28001816018,26006137081,584713.883,61203.3,62487.9,63762.8,60452.0
26085574028,27085987925,1709251200.0,27441063051,26045726114,299231.827,62430.6,61203.3,63199.0,60844.8
27085987925,27368125380,1709337600.0,27391874116,26876365491,159283.629,62039.9,62430.6,62513.1,61605.0
27368125380,28531751514,1709424000.0,28626078343,27185312042,200312.503,63178.5,62039.9,63330.9,61339.5
28531751514,32010371637,1709510400.0,32134660346,28497637198,632882.144,68296.4,63178.5,68600.0,62299.0
32010371637,31331041561,1709596800.0,33533604111,29247499195,1053025.132,63747.4,68296.5,69350.0,59112.0
31331041561,30703687964,1709683200.0,33391146285,30644775576,534011.813,66128.1,63747.5,67729.5,62829.3
30703687964,31289109174,1709769600.0,31961680211,30509685681,296092.788,66870.0,66128.0,68101.3,65609.3
31289109174,31817000529,1709856000.0,33394755524,31229311719,459387.207,68180.2,66870.0,70330.8,66120.0
31817000529,32116944576,1709942400.0,32126067807,31652576371,94899.005,68360.1,68180.2,68608.7,67908.7
32116944576,33289560926,1710028800.0,34035021004,32101329491,233596.523,69001.8,68360.2,69999.8,68155.0
33289560926,35563681175,1710115200.0,36116610201,32486934907,474396.897,72153.8,69001.8,72890.0,67000.0
35563681175,35808228880,1710201600.0,36715405629,35039444173,472072.331,71503.2,72153.9,73370.0,68600.0
35808228880,36442820711,1710288000.0,37298274421,34487516296,288446.338,73127.6,71503.3,73755.0,71388.1
36442820711,37245702291,1710374400.0,38477893749,35647218810,513901.237,71455.5,73127.6,73881.4,68600.0
37245702291,35811657077,1710460800.0,37670824254,34527148797,705810.685,69552.2,71455.6,72500.0,65580.0
35811657077,34285531162,1710547200.0,36072947151,34090137390,333426.129,65351.0,69552.1,70097.6,64750.0
34285531162,35648887825,1710633600.0,35785515658,34132911274,314890.309,68447.9,65351.0,68972.4,64559.8
35648887825,34431037353,1710720000.0,35648887825,34224175139,317885.916,67660.0,68447.9,69044.4,66601.6
34431037353,32953077342,1710806400.0,34956198167,32809616185,700466.795,61974.1,67660.0,68178.6,61582.8
32953077342,36174669610,1710892800.0,36202235758,32668207624,637362.465,67876.4,61974.1,68140.0,60800.0
36174669610,35157140091,1710979200.0,36894587148,34874458991,347218.385,65539.9,67876.4,68293.9,64550.1
35157140091,33772001933,1711065600.0,35331070902,33264730233,401149.333,63826.0,65539.9,66691.9,62294.0
33772001933,33809899462,1711152000.0,34810659954,33328990502,239124.0,64020.3,63826.1,66050.0,63020.2
33809899462,35402415804,1711238400.0,35485938207,33695222706,244179.435,67260.9,64020.4,67700.0,63822.0
35402415804,37405979067,1711324800.0,38129984660,35090534038,395156.191,69920.5,67260.9,71228.3,66427.6
37405979067,38019327472,1711411200.0,38533216114,37324538276,307861.116,70044.1,69920.6,71649.0,69320.0
38019327472,38124492930,1711497600.0,39411178900,37642537798,407286.574,69532.6,70044.2,71888.0,68364.8
38124492930,39029501032,1711584000.0,39488309948,37763083130,241970.822,70838.7,69532.6,71636.2,68941.0
39029501032,37525177731,1711670400.0,39077849826,37343056382,187970.841,69903.6,70838.8,70976.9,69000.0
37525177731,37162151031,1711756800.0,37963172891,37162151031,91126.75,69642.1,69903.6,70388.0,69577.2
37162151031,38796540798,1711843200.0,38815556627,37154074170,132458.79,71363.0,69642.0,71495.5,69608.0
38796540798,38266422511,1711929600.0,38796540798,37702015008,282812.126,69700.0,71363.0,71388.0,68103.3
38266422511,35598926398,1712016000.0,38266422511,35417496424,499041.572,65505.3,69700.0,69731.6,64603.2
35598926398,34695353980,1712102400.0,35946397869,34354203064,275041.23,65971.9,65502.4,66940.0,64500.0
34695353980,35444669889,1712188800.0,36353516732,34128861041,326385.338,68489.9,65971.8,69329.7,65100.0
35444669889,34473372701,1712275200.0,35458029715,33812020002,313547.293,67825.7,68489.8,68787.1,65966.0
34473372701,35016804641,1712361600.0,35307776685,34233463493,127343.726,68901.6,67825.8,69708.0,67450.0
35016804641,35857556375,1712448000.0,36475053238,35016804641,171783.436,69362.7,68901.5,70395.0,68820.6
35857556375,37837726095,1712534400.0,38508664391,35687586464,297237.449,71678.4,69362.7,72890.4,69040.4
37837726095,36691253087,1712620800.0,37891577647,36183807526,334059.403,69189.3,71678.3,71820.6,68216.0
36691253087,36794323682,1712707200.0,36923698410,35568095546,337774.756,70681.7,69189.2,71412.2,67546.2
36794323682,36722728013,1712793600.0,37983906301,36636356883,256194.153,70055.7,70681.8,71387.4,69592.6
36722728013,35725996547,1712880000.0,37987534626,34839102833,415528.149,67136.4,70055.6,71297.0,65102.0
35725996547,31848404823,1712966400.0,35962769020,31131269329,515005.203,63939.7,67136.4,67975.4,59652.5
31848404823,32559568372,1713052800.0,32598120979,31148505606,395770.133,65615.9,63939.7,65822.1,62139.3
32559568372,31468503769,1713139200.0,33310111809,31278936667,381532.225,63392.7,65615.9,66874.9,62242.5
31468503769,31180181163,1713225600.0,31661798005,30740386782,405931.439,63765.0,63392.8,64356.3,61521.0
31180181163,30712202373,1713312000.0,31780388103,30460564183,444032.992,61254.5,63764.9,64483.3,59625.0
30712202373,31552793356,1713398400.0,31970694327,27655401472,363302.394,63445.0,61254.5,64100.0,60763.8
31552793356,31737955650,1713484800.0,32876660804,30025916124,574264.058,63787.4,63445.0,65480.0,59541.0
31737955650,31288289106,1713571200.0,31885517520,30708919480,197142.262,64897.2,63787.4,65400.0,63045.1
31288289106,30584883408,1713657600.0,31394231819,30428557439,160533.948,64912.6,64897.2,65678.7,64214.2
30584883408,31770404079,1713744000.0,31918330050,30429459654,246268.411,66778.0,64912.7,67222.0,64470.5
31770404079,31309506198,1713830400.0,32032004368,31165990919,178665.564,66386.3,66777.9,67158.9,65750.0
31309506198,31212452886,1713916800.0,32080358573,30863277313,280545.061,64250.0,66386.2,67068.2,63575.0
31212452886,31274108068,1714003200.0,31718248624,31020032585,275211.062,64478.8,64250.0,65270.6,62721.3
31274108068,30578871178,1714089600.0,31441343910,30551134521,202149.813,63748.8,64478.8,64783.1,63291.5
30578871178,30641668627,1714176000.0,30773068332,26971289790,167349.109,63421.0,63748.7,63901.4,62332.8
30641668627,29907250086,1714262400.0,30983017181,29844457875,126056.151,63088.3,63420.9,64350.0,62700.0
29907250086,30546920425,1714348800.0,30614461180,29650502668,228411.163,63842.4,63088.4,64200.0,61726.2
30546920425,30100219133,1714435200.0,30885072160,29556957282,408747.703,60651.2,63842.4,64700.0,59150.0
30100219133,28054328599,1714521600.0,30191903824,27474363812,564108.4,58307.6,60651.2,60816.7,56537.7
28054328599,27858804983,1714608000.0,28406807822,27412504204,299229.302,59036.7,58307.7,59637.3,56951.6
27858804983,29872811157,1714694400.0,29908358454,26414741431,353606.459,62853.7,59036.7,63333.0,58781.3
29872811157,30505421514,1714780800.0,31031906097,29691244519,205205.199,63864.2,62853.7,64547.9,62520.0
30505421514,30288036562,1714867200.0,30604372503,29901537636,185495.653,63988.0,63864.3,64644.3,62833.0
30288036562,29858815354,1714953600.0,31500229233,29668229857,305110.067,63142.8,63987.9,65500.0,62655.3
29858815354,29693761241,1715040000.0,31099060387,26512047013,238974.646,62296.0,63142.7,64392.2,62203.6
29693761241,29324330290,1715126400.0,30180984922,29216143472,241651.579,61157.9,62296.0,62994.9,60843.6
29324330290,29752729270,1715212800.0,30056070037,29241572222,242451.302,63050.1,61157.9,63447.2,60550.0
29752729270,29610026897,1715299200.0,30496050002,29296024909,307214.96,60778.1,63050.0,63446.5,60117.4
29610026897,29127581012,1715385600.0,29673648597,29084231958,113294.787,60809.2,60778.0,61491.4,60432.6
29127581012,29221470393,1715472000.0,29497981565,28913243080,104043.897,61455.8,60809.2,61849.4,60557.3
29221470393,30128552711,1715558400.0,30684669712,28999790700,261927.073,62912.1,61455.7,63440.0,60750.0
30128552711,29517947392,1715644800.0,30552567713,29431511855,244345.274,61550.5,62912.2,63099.6,60950.0
29517947392,32187691525,1715731200.0,32238066612,29484682159,365031.68,66175.4,61550.5,66440.0,61316.1
32187691525,31921311959,1715817600.0,33188751757,31822713023,242455.324,65217.7,66175.4,66800.0,64567.0
31921311959,32643408879,1715904000.0,33288272246,31831649377,227063.919,66980.0,65217.7,67400.6,65061.2
32643408879,33127684515,1715990400.0,33428914196,32454506922,96931.548,66884.9,66980.0,67340.5,66503.2
33127684515,32635059607,1716076800.0,33681035342,32585720861,148170.35,66239.4,66884.9,67750.0,65835.8
32635059607,34825134639,1716163200.0,34847255749,32598056312,366028.078,71466.5,66239.4,71674.6,66010.0
34825134639,35134231443,1716249600.0,35818628060,34649663864,263674.327,70168.8,71466.5,72132.8,69165.6
35134231443,34700127499,1716336000.0,35421551310,34491366147,194160.494,69219.1,70168.7,70715.4,68736.8
34700127499,34073472727,1716422400.0,35321847316,33670283297,300093.622,67999.9,69219.2,70133.3,66156.6
34073472727,33605455965,1716508800.0,34185439430,33119125876,186681.082,68584.1,67999.9,69273.5,66639.0
33605455965,34304365306,1716595200.0,34767957089,33551190091,85113.605,69314.4,68584.0,69622.8,68523.7
34304365306,34065516630,1716681600.0,34500955979,33931861908,84069.824,68524.3,69314.5,69590.3,68155.0
34065516630,34801437884,1716768000.0,35611924250,34051550243,170291.356,69461.6,68524.4,70750.0,68268.7
34801437884,34784949671,1716854400.0,35194081297,34434270642,227838.44,68440.5,69461.5,69628.0,67273.0
34784949671,34779127013,1716940800.0,35137313705,34531068567,158236.599,67686.7,68440.4,68983.0,67129.0
34779127013,34120656877,1717027200.0,34948887433,34003889491,194573.899,68402.5,67686.8,69568.9,67167.0
34120656877,34433674829,1717113600.0,35098499259,34074474860,195751.752,67577.9,68402.6,69080.0,66700.5
34433674829,34202856630,1717200000.0,34468958822,34114836084,50943.058,67799.2,67577.9,67936.0,67480.0
34202856630,34207857895,1717286400.0,34750844498,34018782151,102194.718,67805.9,67799.2,68545.9,67296.3
34207857895,35044459200,1717372800.0,36209404579,34156779763,227676.93,68851.4,67805.9,70372.9,67642.6
35044459200,36912122275,1717459200.0,37524264622,34969572647,216100.016,70580.0,68851.3,71146.4,68595.5
36912122275,37646219376,1717545600.0,38484828506,36888191059,203992.034,71133.3,70580.0,71824.4,70423.6
37646219376,37693743240,1717632000.0,39077261391,37229135934,158483.564,70830.0,71133.3,71714.8,70101.9
37693743240,36954663680,1717718400.0,38880127034,36611403256,299412.37,69377.0,70830.0,72144.0,68405.0
36954663680,36420609979,1717804800.0,37016344366,36375684273,65739.857,69346.5,69377.0,69613.6,69192.3
36420609979,36683539530,1717891200.0,36823129118,36304816187,68024.1,69667.1,69346.6,69879.0,69160.0
36683539530,36995913615,1717977600.0,38064299034,36535900851,127381.604,69558.7,69667.1,70222.7,69201.2
36995913615,35983963393,1718064000.0,37033400808,32190115175,311984.942,67320.7,69558.8,69600.0,66000.0
35983963393,35565897115,1718150400.0,37126910827,35196833655,329918.46,68270.3,67320.6,70028.0,66920.0
35565897115,34780186445,1718236800.0,37042569220,34392954926,248355.461,66786.9,68270.3,68607.7,66251.1
34780186445,34502758900,1718323200.0,35527175203,34330814203,239411.231,66039.7,66786.8,67366.5,65052.4
34502758900,34498329732,1718409600.0,34776866732,34446846809,72423.755,66213.7,66039.7,66482.6,65801.0
34498329732,34945289644,1718496000.0,35028270013,34369038509,80361.551,66653.6,66213.7,66960.3,66012.1
34945289644,34484853713,1718582400.0,35051340201,34303425183,248420.787,66472.1,66653.5,67280.6,65094.9
34484853713,34138455378,1718668800.0,34544899338,33533604341,335559.394,65150.0,66472.1,66558.9,64009.8
34138455378,34196039393,1718755200.0,34542856097,33938545188,150032.669,64933.6,65149.9,65711.9,64600.0
34196039393,34083792965,1718841600.0,34921034838,33992595489,220954.676,64854.0,64933.6,66467.0,64526.0
34083792965,34094144405,1718928000.0,34417145607,33843937457,210109.601,64124.0,64854.0,65055.5,63361.2
34094144405,33863716209,1719014400.0,34238741657,33808088063,53855.862,64240.0,64124.1,64520.0,63915.8
33863716209,33648576859,1719100800.0,34046998284,33574168245,72052.293,63194.9,64240.1,64500.0,63137.9
33648576859,32494407960,1719187200.0,33980340899,32081612811,445903.184,60273.6,63194.9,63357.0,58218.0
32494407960,32581368871,1719273600.0,32989482975,32295739697,264647.317,61777.8,60273.5,62448.1,60230.5
32581368871,32069440781,1719360000.0,32949014045,31818397705,170601.18,60860.1,61777.9,62465.1,60696.0
32069440781,32351992943,1719446400.0,32648713016,31801779877,160172.482,61682.0,60860.1,62379.7,60605.0
32351992943,31592468317,1719532800.0,32449192219,31387735017,195508.125,60429.8,61682.1,62204.0,60038.0
31592468317,31677706730,1719619200.0,31870862103,31370840878,79680.289,60982.4,60429.8,61232.0,60400.1
31677706730,32940543156,1719705600.0,33007742572,31471608041,147777.915,62766.0,60982.5,63058.4,60705.0
32940543156,32598799287,1719792000.0,33231048000,32528620802,193937.938,62883.6,62766.1,63849.0,62502.2
32598799287,33354680672,1719878400.0,33458214031,32556440373,163101.243,62123.6,62883.7,63284.0,61800.0
33354680672,31635794426,1719964800.0,33440764397,31329620596,295303.265,60208.0,62123.5,62278.2,59299.3
31635794426,29547810294,1720051200.0,31791323669,29540752353,445656.277,57045.9,60208.0,60500.0,56560.0
29547810294,28007763431,1720137600.0,29643195571,26975894695,577193.595,56604.9,57045.9,57533.4,53329.5
28007763431,28581565874,1720224000.0,28612100291,27689146926,178580.022,58216.0,56604.9,58472.0,56000.0
28581565874,27764300500,1720310400.0,28597803682,27698800791,210361.981,55830.9,58216.0,58443.0,55688.0
27764300500,27610394686,1720396800.0,28600128748,27019784382,464106.957,56686.4,55831.0,58200.0,54243.1
27610394686,28824179195,1720483200.0,28908750962,27471995378,257237.048,58023.2,56686.4,58290.6,56256.2
28824179195,28914184913,1720569600.0,29499203584,28436176463,254248.937,57707.0,58023.1,59449.6,57125.0
28914184913,29162752974,1720656000.0,29700068816,28524811426,293106.959,57315.5,57707.0,59780.0,57030.0
29162752974,29164385590,1720742400.0,29775734048,28829085565,238100.616,57870.0,57315.7,58500.0,56500.1
29164385590,30271782754,1720828800.0,30413106429,29094562243,157884.322,59174.0,57870.0,59850.0,57728.6
30271782754,31282834263,1720915200.0,31582943518,30271782754,208060.883,60766.0,59173.9,61412.4,59164.0
31282834263,33241640600,1721001600.0,33283498910,31237506210,352222.181,64680.6,60766.0,64870.7,60622.6
33241640600,33834950237,1721088000.0,34038418350,32745485496,375258.616,65010.0,64680.6,65388.0,62350.0
33834950237,33276209545,1721174400.0,34546800285,33212190980,276656.393,64055.7,65010.0,66100.0,63823.0
33276209545,33885904194,1721260800.0,34382340805,33204328150,215648.157,63959.9,64055.8,65173.8,63206.4
33885904194,36231596520,1721347200.0,36410425243,33562598908,311859.805,66627.9,63960.0,67362.8,63266.2
36231596520,36700874548,1721433600.0,36888968146,35914596331,123564.406,67095.6,66627.9,67648.7,66159.1
36700874548,37118348664,1721520000.0,37208427672,36231974346,207228.372,68138.0,67095.6,68351.2,65750.0
37118348664,36745251183,1721606400.0,37347758768,36527045333,192991.391,67499.2,68138.0,68459.7,66538.6
36745251183,35886184638,1721692800.0,36821206967,35165019795,270430.68,65916.4,67499.2,67729.3,65416.5
35886184638,35370059441,1721779200.0,36578708354,35228915432,215079.421,65350.8,65916.3,67087.3,65040.5
35370059441,35366583677,1721865600.0,35457075596,34563562558,319685.441,65773.0,65350.7,66144.0,63456.7
35366583677,36275807155,1721952000.0,36561447805,35355953316,235384.526,67882.5,65773.0,68200.0,65688.2
36275807155,37212176298,1722038400.0,38243583066,36220143158,330982.647,67873.8,67882.5,69381.7,66624.5
37212176298,37495001116,1722124800.0,37566232831,36766654597,116913.935,68215.5,67873.7,68300.0,67037.0
37495001116,37461633110,1722211200.0,39991067992,37403828446,372537.818,66750.0,68215.5,70081.0,66365.8
37461633110,36941002415,1722297600.0,37497943053,36423770224,246551.044,66159.3,66750.1,66966.6,65254.5
36941002415,35109870854,1722384000.0,36953632585,34905706469,246389.446,64601.8,66159.3,66826.3,64500.4
35109870854,35235604605,1722470400.0,35531617735,31259477888,372654.59,65328.9,64601.8,65650.0,62271.2
35235604605,33106764559,1722556800.0,35289446712,32902975028,421628.42,61483.7,65329.0,65577.0,61200.2
33106764559,32256170277,1722643200.0,33196798345,31924832302,290469.956,60684.6,61483.7,62166.0,59800.0
32256170277,31221153939,1722729600.0,32809106554,31173482775,339512.415,58144.5,60684.5,61089.5,57040.0
31221153939,26646516636,1722816000.0,31245321389,25497318848,1281982.025,54003.1,58144.5,58286.9,48888.0
26646516636,27007490825,1722902400.0,28326936351,26646516636,435953.439,55991.2,54003.5,56999.9,53925.3
27007490825,26883450332,1722988800.0,28322084860,26673518461,377442.54,55102.9,55991.3,57699.0,54519.8
26883450332,29070918134,1723075200.0,29489907465,26714573651,470117.508,61659.8,55102.9,62737.2,54672.4
29070918134,28381997251,1723161600.0,29072346516,27563622582,308674.339,60808.6,61659.8,61726.0,59500.0
28381997251,28375608949,1723248000.0,28555108504,28029482933,115593.354,60889.9,60808.6,61450.0,60208.5
28375608949,27642668219,1723334400.0,28741771514,27466231537,202539.076,58693.1,60889.8,62000.0,58255.4
27642668219,28380950817,1723420800.0,29345416417,27316915050,367126.29,59323.6,58693.1,60666.0,57615.0
28380950817,29412385482,1723507200.0,29934468168,27616321494,255934.721,60550.5,59323.7,61545.0,58360.0
29412385482,29354463741,1723593600.0,30312431466,29201696163,295662.808,58648.1,60550.4,61839.7,58367.2
29354463741,29242841194,1723680000.0,30113807958,28633665458,360815.946,57511.0,58648.1,59820.0,55969.0
29242841194,29734463384,1723766400.0,30269049363,29067096567,268756.529,58854.9,57511.1,59780.2,57062.1
29734463384,30135205493,1723852800.0,30612136793,29692042893,77085.532,59468.5,58854.9,59690.2,58769.4
30135205493,29814271394,1723939200.0,30745787045,29807048191,149660.264,58390.0,59468.5,60250.0,58352.0
29814271394,30310831315,1724025600.0,30378023936,29661545562,214043.139,59398.5,58390.1,59585.4,57750.0
30310831315,30214858164,1724112000.0,31739476885,30201076593,287049.13,58982.9,59398.4,61386.0,58501.1
30214858164,31916477423,1724198400.0,32170108960,30146560159,270583.679,61120.0,58982.7,61793.9,58728.9
31916477423,31859319160,1724284800.0,32421101863,30998338212,211098.959,60349.9,61120.0,61392.0,59677.6
31859319160,34015970133,1724371200.0,34485952803,31816056266,382490.709,64019.9,60349.9,65000.0,60301.5
34015970133,34474883525,1724457600.0,34757507304,33774581335,132741.902,64116.5,64020.0,64472.5,63522.7
34474883525,34710977640,1724544000.0,35090622198,34385322773,115546.888,64190.2,64116.6,65175.4,63731.3
34710977640,33519210937,1724630400.0,34841439288,33482022514,195977.222,62807.6,64190.1,64455.8,62750.2
33519210937,31227451058,1724716800.0,33916921678,30594317206,339269.805,59384.5,62807.7,63196.0,57928.2
31227451058,30543047501,1724803200.0,31488307263,30306760196,313788.567,59010.0,59384.4,60197.8,57820.0
30543047501,30719385591,1724889600.0,31854665544,30499160207,233896.685,59323.2,59010.0,61144.9,58655.0
30719385591,30330354639,1724976000.0,30778559981,30134556608,268276.469,59096.3,59323.3,59914.9,57525.0
30330354639,30175086942,1725062400.0,30479871018,30093569335,68866.674,58941.9,59096.4,59436.0,58700.0
30175086942,29480189557,1725148800.0,30315183151,29408828995,222909.914,57268.1,58941.9,59052.7,57123.0
29480189557,30386498718,1725235200.0,30571046365,29396984171,201218.384,59112.1,57268.1,59412.3,57093.0
30386498718,30083814553,1725321600.0,30752645992,30024719809,230196.497,57451.9,59112.2,59790.0,57320.0
30083814553,29861899997,1725408000.0,30204877286,28787743450,326983.311,57944.8,57452.0,58500.0,55555.0
29861899997,29065263442,1725494400.0,29995820834,28785385937,294703.592,56145.7,57944.8,58318.9,55600.0
29065263442,28405856584,1725580800.0,29459979866,27984311089,479063.113,53927.7,56145.7,57000.0,52510.8
28405856584,28299490367,1725667200.0,28851081080,28179546100,127686.594,54134.9,53927.7,54820.2,53725.0
28299490367,28682030538,1725753600.0,28704686898,28232063969,162078.536,54839.6,54134.9,55300.0,53596.5
28682030538,29801333911,1725840000.0,30309764569,28613473141,313094.361,57010.0,54839.6,58153.2,54557.0
29801333911,30170816776,1725926400.0,30294239829,29575929913,228317.676,57609.1,57010.1,58033.2,56361.0
30170816776,30018050234,1726012800.0,30467674964,29475335747,338231.445,57306.0,57609.2,57954.4,55515.2
30018050234,30216015489,1726099200.0,30881443614,30018050234,261449.688,58097.0,57305.6,58606.6,57283.1
30216015489,31717099580,1726185600.0,31815071889,30163032173,277429.492,60456.2,58097.1,60597.0,57594.0
31717099580,31731990682,1726272000.0,32041760221,31499192043,102580.577,59964.0,60456.2,60572.9,59360.1
31731990682,30935738874,1726358400.0,31980154038,30643394348,130524.206,59100.5,59963.9,60369.4,58654.0
30935738874,30923264729,1726444800.0,31316143250,30514085769,250699.432,58187.0,59100.5,59182.2,57446.3
30923264729,31511732250,1726531200.0,32478200172,30527524642,318442.066,60281.0,58187.0,61345.0,57588.8
31511732250,32939140877,1726617600.0,32939140877,31363932047,355729.312,61735.3,60281.0,61765.0,59138.0
32939140877,34394122235,1726704000.0,34985373890,32917982351,302382.412,62926.9,61735.3,63830.1,61534.0
34394122235,34920989061,1726790400.0,35423647211,34225187882,257172.835,63175.7,62926.9,64126.7,62320.0
34920989061,34713430440,1726876800.0,34990111549,34587572674,78248.362,63320.6,63175.8,63546.9,62714.2
34713430440,34580513489,1726963200.0,34759033901,33820660040,149129.884,63558.4,63320.6,64000.0,62339.0
34580513489,35056605234,1727049600.0,35786982707,34082589037,234343.564,63302.0,63558.5,64724.8,62534.4
35056605234,35590876429,1727136000.0,35769037174,34459597972,236987.628,64243.1,63302.1,64666.0,62688.2
35590876429,34691723149,1727222400.0,35936960182,34610517391,184950.772,63118.4,64243.2,64800.0,62910.0
34691723149,35521531122,1727308800.0,36255656519,34521494716,321186.356,65139.2,63118.3,65800.0,62634.4
35521531122,35632633005,1727395200.0,36542788758,35351187891,226404.021,65749.6,65139.1,66450.0,64788.0
35632633005,35275335955,1727481600.0,35913673851,35125692727,92773.553,65822.6,65749.5,66237.0,65368.1
35275335955,35246503878,1727568000.0,35438865734,34966535199,88131.799,65568.1,65822.7,66059.3,65400.0
35246503878,34680603590,1727654400.0,35373992098,34525421073,296848.373,63309.1,65568.2,65588.8,62825.0
34680603590,32732384478,1727740800.0,35048351795,32449187820,429817.835,60776.8,63309.0,64092.6,60128.2
32732384478,31859767619,1727827200.0,33309443995,31601966808,327001.805,60622.6,60776.7,62355.0,59934.9
31859767619,32242652133,1727913600.0,32445779141,31715534364,286137.212,60727.2,60622.7,61452.6,59815.0
32242652133,32758169018,1728000000.0,33196458898,32039465568,234795.836,62054.4,60727.1,62457.1,60434.1
32758169018,32376452415,1728086400.0,33089053951,32305792413,74330.781,62023.1,62054.3,62344.0,61648.0
32376452415,33481908122,1728172800.0,33620347077,32215146768,96413.453,62789.3,62023.1,62961.5,61778.9
33481908122,33009189423,1728259200.0,34642774711,33008216085,298949.375,62190.7,62789.2,64448.2,62091.8
33009189423,33206146251,1728345600.0,33927716726,33004274289,226276.359,62131.7,62190.6,63178.7,61836.0
33206146251,32990869649,1728432000.0,33884339946,32939330534,217302.173,60606.4,62131.8,62520.9,60251.9
32990869649,33005714632,1728518400.0,33498267809,32681551732,262947.653,60293.2,60606.3,61297.0,58900.0
33005714632,34410146547,1728604800.0,35034526024,32849509928,263691.142,62509.0,60293.3,63400.0,60057.8
34410146547,34906431676,1728691200.0,35539620377,34239382610,102784.406,63176.0,62509.0,63462.6,62458.0
34906431676,34617489575,1728777600.0,34972592682,34319802464,129696.156,62839.8,63176.0,63260.0,62020.0
34617489575,37334776440,1728864000.0,37618797474,34455323926,338251.601,66064.9,62839.7,66533.0,62420.0
37334776440,37766387444,1728950400.0,38936095510,36767529128,422005.511,67044.1,66064.9,67953.7,64771.7
37766387444,39341488960,1729036800.0,40020459466,37608734724,254153.501,67592.0,67044.0,68400.0,66724.2
39341488960,38988636894,1729123200.0,39722411264,38659483094,220272.837,67401.5,67592.0,67925.9,66600.0
38988636894,40383184792,1729209600.0,41242881217,38906173438,245301.761,68407.8,67401.5,69000.0,67165.0
40383184792,39618711817,1729296000.0,40468747789,39450258978,68632.108,68357.1,68407.8,68684.9,68000.0
39618711817,40371782319,1729382400.0,40475732022,39457652855,105939.492,69020.1,68357.1,69425.8,68069.8
40371782319,39906529593,1729468800.0,40843584048,39895044922,253437.333,67368.8,69020.2,69566.0,66865.9
39906529593,39574273196,1729555200.0,40056400282,39118533982,218518.977,67406.4,67368.7,67825.0,66536.5
39574273196,38888082463,1729641600.0,39609293334,38326504686,248215.058,66647.2,67406.5,67449.0,65222.3
38888082463,39415485017,1729728000.0,39797633575,38503448101,212340.722,68173.8,66647.3,68842.5,66482.0
39415485017,37702669132,1729814400.0,39687092276,37188594063,348511.871,66662.8,68173.8,68748.0,65557.2
37702669132,37238287255,1729900800.0,38058153255,36931691212,94169.992,67071.8,66662.7,67450.0,66414.1
37238287255,38403941644,1729987200.0,38489394543,37134656627,88468.808,67992.6,67071.9,68306.1,66909.4
38403941644,41010576282,1730073600.0,41011410477,38300286620,256128.622,69940.0,67992.7,70331.0,67584.2
41010576282,43608588250,1730160000.0,44591776113,40919537391,382502.06,72739.5,69939.9,73660.0,69733.0
43608588250,43408093594,1730246400.0,43765793632,42865888653,227108.808,72349.0,72739.5,72984.9,71444.2
43408093594,42367107080,1730332800.0,43951096559,42122303140,256485.328,70321.9,72349.0,72720.3,69705.0
42367107080,40549730046,1730419200.0,42453245171,40249976139,352591.088,69495.5,70321.9,71650.0,68822.5
40549730046,39408759566,1730505600.0,40787372897,39307094788,79314.105,69366.6,69495.4,69913.1,69022.8
39408759566,39994137850,1730592000.0,40391287340,39005714636,226477.376,68762.5,69366.6,69393.7,67446.6
39994137850,39565264479,1730678400.0,40278508701,39167259474,244912.166,67834.3,68762.5,69495.3,66810.0
39565264479,40083603145,1730764800.0,41139724020,39382243070,273070.87,69353.1,67834.4,70537.4,67454.2
40083603145,45427344528,1730851200.0,45798761545,40062237244,677440.286,75579.9,69353.1,76420.0,69272.7
45427344528,46474497419,1730937600.0,47085866742,44353582168,280675.033,75859.4,75579.9,76900.0,74450.0
46474497419,46740978656,1731024000.0,47615217944,46268931807,230370.324,76482.2,75859.4,77182.9,75576.3
46740978656,46052075821,1731110400.0,46915702611,45790566599,117754.034,76675.1,76482.2,76920.0,75683.2
46052075821,48637818396,1731196800.0,49601913912,45940466412,417426.899,80410.0,76675.1,81699.8,76501.1
48637818396,52999658915,1731283200.0,53717998111,48545274456,614141.662,88728.9,80409.9,89800.0,80261.2
52999658915,53379478004,1731369600.0,54894218826,51615734218,639481.584,87972.0,88729.0,90070.1,85159.9
53379478004,54853195411,1731456000.0,57688864054,52420698822,555288.297,90413.3,87972.0,93421.1,86180.0
54853195411,54185583535,1731542400.0,56666390824,53974449233,364621.68,87382.7,90413.3,91846.1,86714.0
54185583535,55253248280,1731628800.0,55607414805,53870759285,314431.908,91074.6,87382.6,91921.5,87111.0
55253248280,54445505004,1731715200.0,55895125918,54365440052,129023.447,90643.3,91074.6,91849.8,90120.0
54445505004,54630034935,1731801600.0,55261013536,53839176169,167504.792,89899.9,90643.2,91539.6,88736.1
54630034935,56085766361,1731888000.0,57421177385,54531994619,333557.11,90507.4,89900.0,92700.0,89422.1
56085766361,57578464991,1731974400.0,59571089332,55862753053,303532.031,92335.9,90507.4,93985.9,90405.6
57578464991,60462354350,1732060800.0,61739260454,56769860334,290044.227,94288.0,92335.9,94849.0,91500.0
60462354350,64026794410,1732147200.0,64470161749,60410155385,418383.136,98366.8,94288.0,99100.0,94008.7
64026794410,63541829455,1732233600.0,64552591493,63241087138,265774.067,98921.4,98366.8,99660.0,97199.9
63541829455,62617277019,1732320000.0,63548068343,62318517730,120358.422,97725.5,98921.5,98937.3,97173.5
62617277019,62915610412,1732406400.0,63139993172,61720649065,173118.84,97960.4,97725.6,98666.0,95822.1
62915610412,61911532745,1732492800.0,63723229404,61673219594,329375.021,93064.0,97960.5,98999.0,92666.0
61911532745,59214523627,1732579200.0,63053869284,58688019011,344929.233,92021.4,93064.0,95064.0,90866.4
59214523627,61022984095,1732665600.0,62107260327,59150432838,237005.987,95905.2,92021.5,97250.0,91864.0
61022984095,60583599925,1732752000.0,61389463134,60155153793,154007.026,95694.4,95905.2,96627.6,94700.1
60583599925,61821431357,1732838400.0,62813354972,59238839659,190520.949,97516.3,95694.4,98713.3,95404.5
61821431357,59519652356,1732924800.0,61822887566,59477829413,93074.218,96475.1,97516.2,97522.1,96150.0
59519652356,60199537368,1733011200.0,60502232855,59260998391,113222.99,97265.1,96475.2,97933.0,95736.5
60199537368,59921443097,1733097600.0,60882214141,59248827794,257613.911,95890.5,97265.0,98266.0,94400.0
59921443097,58198110514,1733184000.0,60140174106,57403581103,206601.98,95913.3,95890.6,96375.0,93605.0
58198110514,61179658641,1733270400.0,61422409758,58009952731,275949.205,98669.8,95913.3,99099.9,94650.8
61179658641,60481503743,1733356800.0,66108682994,57501794674,580277.391,97001.5,98669.8,104630.4,90200.0
60481503743,61299990828,1733443200.0,63410371978,60313258234,282369.608,99802.5,97001.6,101988.8,96429.5
61299990828,61184962893,1733529600.0,61903786048,60780981544,95858.658,99899.2,99802.5,100499.0,98876.9
61184962893,61882768952,1733616000.0,62046507692,60603777728,109755.676,101200.0,99899.2,101457.9,98709.4
61882768952,60293027773,1733702400.0,62445943371,58887516760,326973.59,97349.1,101200.1,101300.0,94039.7
60293027773,58845265481,1733788800.0,60578566505,57704655049,291490.744,96602.4,97349.1,98320.6,94265.5
58845265481,61681118567,1733875200.0,62073811904,58394150780,221807.705,101115.3,96602.3,101880.0,95650.0
61681118567,62588125502,1733961600.0,64122621770,61422659677,215219.075,99982.4,101115.3,102538.4,99280.2
62588125502,62771939935,1734048000.0,63443399544,62222730280,152437.318,101371.9,99982.3,101869.5,99149.6
62771939935,63032285525,1734134400.0,63933025879,62574813681,107680.549,101381.0,101371.9,102638.0,100559.8
63032285525,66220854457,1734220800.0,66753480298,62838668673,157733.916,104460.4,101381.0,105374.6,101200.1
66220854457,67193715093,1734307200.0,69193743200,66164536559,274395.756,106023.2,104460.5,107777.0,103264.6
67193715093,68129566978,1734393600.0,70183762329,67044828903,197773.912,106074.6,106023.2,108366.8,105252.0
68129566978,66892279138,1734480000.0,69822635576,66381101951,328581.935,100181.1,106074.6,106484.6,99951.1
66892279138,64584021604,1734566400.0,68492660347,58023665693,372968.463,97434.4,100181.2,102756.7,95681.2
64584021604,62289956890,1734652800.0,65107438192,60917259891,396188.795,97764.4,97434.3,98243.0,92272.6
62289956890,60278995767,1734739200.0,63000182113,59967206806,161258.48,97261.8,97764.5,99485.0,96375.0
60278995767,60173484913,1734825600.0,60872122057,59565816364,148114.735,95153.5,97261.7,97437.9,94200.0
60173484913,61196064769,1734912000.0,61630741022,59482921598,247211.855,94861.1,95153.4,96499.0,92464.4
61196064769,61459559609,1734998400.0,62571111632,59260140871,211610.632,98627.2,94861.0,99450.0,93525.6
61459559609,61182463470,1735084800.0,61812840734,60697545866,124696.892,99379.7,98626.9,99580.7,97570.0
61182463470,61386468679,1735171200.0,61981787106,59980617996,194857.651,95751.0,99379.6,99950.0,95153.0
61386468679,59557979785,1735257600.0,61808938002,58621054005,206008.243,94258.9,95750.9,97564.5,93440.0
59557979785,58983940217,1735344000.0,59800019799,58724266913,67991.349,95259.1,94258.9,95700.0,94100.0
58983940217,58562391160,1735430400.0,59080032042,58081702967,95047.934,93700.0,95259.1,95300.0,92961.8
58562391160,59228588148,1735516800.0,60708862808,58417931560,222343.593,92759.3,93699.9,95031.6,91510.0
59228588148,56776367904,1735603200.0,59477443868,56372022319,178648.116,93548.9,92759.3,96254.3,92000.0
56776367904,57528728999,1735689600.0,58149433999,56636244264,91236.66,94580.9,93548.8,95161.2,92796.5
