start_time,date,inflow_mean,inflow_mean_ma7,inflow_top10,inflow_total
2021-01-01,2021-01-01,0.61117896,0.58767556,3943.18462537,15594.84225608
2021-01-02,2021-01-02,0.59991196,0.61128153,2704.43977217,19354.95952004
2021-01-03,2021-01-03,0.59635094,0.60752803,4189.55573147,22709.04388902
2021-01-04,2021-01-04,0.64970831,0.60927297,3341.97444251,24338.07324683
2021-01-05,2021-01-05,0.43136387,0.59746685,2246.85698769,15126.63693287
2021-01-06,2021-01-06,0.6395038,0.59422712,4414.2644584,26261.22362691
2021-01-07,2021-01-07,0.64393241,0.59599289,5070.52826396,29311.15921589
2021-01-08,2021-01-08,0.59805302,0.59411776,3451.42091588,23135.681259
2021-01-09,2021-01-09,0.42953263,0.56977785,3273.12098782,14401.37006573
2021-01-10,2021-01-10,0.57360181,0.56652798,4695.05174974,20212.58051873
2021-01-11,2021-01-11,0.73892229,0.57927283,3531.58147817,27687.41821757
2021-01-12,2021-01-12,0.74944286,0.62471269,4736.58524363,24222.74279274
2021-01-13,2021-01-13,0.5638663,0.61390733,4246.00427097,17771.37402074
2021-01-14,2021-01-14,0.72380135,0.62531718,8304.01873632,24810.46270721
2021-01-15,2021-01-15,0.47543323,0.60780007,2928.68503572,15854.27205858
2021-01-16,2021-01-16,0.3057789,0.59012096,2069.89466727,9489.54240601
2021-01-17,2021-01-17,0.41727401,0.56778842,2772.20367958,11278.08183516
2021-01-18,2021-01-18,0.40709232,0.52038414,2273.01499074,12401.66041858
2021-01-19,2021-01-19,0.92816099,0.5459153,17093.52118489,29596.26949657
2021-01-20,2021-01-20,0.82570128,0.5833203,11143.77637657,25669.40129064
2021-01-21,2021-01-21,0.84840558,0.6011209,6960.50115687,26328.57042755
2021-01-22,2021-01-22,0.74485028,0.63960905,3723.58985059,24245.62161749
2021-01-23,2021-01-23,0.30161362,0.63901401,2510.86907443,8968.48106642
2021-01-24,2021-01-24,0.30742516,0.62332132,996.29782982,7689.93293739
2021-01-25,2021-01-25,0.56068431,0.64526303,3407.99921687,16367.49624817
2021-01-26,2021-01-26,0.52243682,0.58730244,3755.28621851,15916.0377579
2021-01-27,2021-01-27,0.58632431,0.55310573,4507.82471783,18351.3647015
2021-01-28,2021-01-28,0.77083226,0.54202382,5464.25188678,26490.4213366
2021-01-29,2021-01-29,0.90673362,0.56515001,5632.34600129,43322.82551007
2021-01-30,2021-01-30,0.32889115,0.5690468,2306.25865635,11617.7508766
2021-01-31,2021-01-31,0.28180113,0.56538623,1613.32625355,9567.14834093
2021-02-01,2021-02-01,0.43131235,0.54690452,1428.79067193,13735.57320692
2021-02-02,2021-02-02,0.46681236,0.53895817,3809.84567734,19160.31346359
2021-02-03,2021-02-03,0.51118803,0.52822441,3935.26723836,20425.02881422
2021-02-04,2021-02-04,0.45747387,0.48345893,3836.67953944,20552.0137449
2021-02-05,2021-02-05,0.35861541,0.40515633,2698.17786906,15383.88367555
2021-02-06,2021-02-06,0.45172977,0.4227047,2102.02107719,19291.57164049
2021-02-07,2021-02-07,0.37573534,0.43612388,2825.10242712,13415.25447168
2021-02-08,2021-02-08,0.72634213,0.47827099,6678.96554467,30526.70722207
2021-02-09,2021-02-09,0.52341087,0.48635649,3738.82181185,25321.57108874
2021-02-10,2021-02-10,0.50231432,0.48508882,6066.35180231,23661.01375886
2021-02-11,2021-02-11,0.45355977,0.48452966,3390.00255051,18846.31572036
2021-02-12,2021-02-12,0.34737595,0.48292402,4899.5626613,16297.49005152
2021-02-13,2021-02-13,0.26001509,0.45553621,2499.61266428,11805.98507052
2021-02-14,2021-02-14,0.31487425,0.44684177,2077.18343807,12886.54362638
2021-02-15,2021-02-15,0.33815924,0.39138707,2096.30012735,13776.26943197
2021-02-16,2021-02-16,0.43651601,0.37897352,2709.01533131,17133.68994957
2021-02-17,2021-02-17,0.38511948,0.3622314,2631.15786708,17082.35957508
2021-02-18,2021-02-18,0.31654531,0.3426579,2002.27484404,13736.80043841
2021-02-19,2021-02-19,0.46952188,0.36010732,3408.80188897,22528.59884182
2021-02-20,2021-02-20,0.50182707,0.39465189,5767.07591905,24594.54462554
2021-02-21,2021-02-21,0.32951772,0.39674382,1838.56142599,12968.16986385
2021-02-22,2021-02-22,0.52574133,0.42354126,4049.88973529,22070.09512825
2021-02-23,2021-02-23,0.6242077,0.45035436,6832.60640169,28749.75811665
2021-02-24,2021-02-24,0.42653715,0.45627117,6187.35222203,20632.88163269
2021-02-25,2021-02-25,0.38772888,0.46644025,4143.78746633,17462.92095863
2021-02-26,2021-02-26,0.52292247,0.4740689,6431.94244062,22619.01163559
2021-02-27,2021-02-27,0.2637086,0.44005198,2184.52253329,11535.66879538
2021-02-28,2021-02-28,0.39258002,0.44906088,3501.40513574,13699.86512675
2021-03-01,2021-03-01,0.40716069,0.43212079,2788.82087359,15718.84557259
2021-03-02,2021-03-02,0.33724438,0.39112603,3872.0130016,14401.68418665
2021-03-03,2021-03-03,0.49423457,0.40079709,4711.3069429,22167.90325032
2021-03-04,2021-03-04,0.47505582,0.41327236,5089.42104084,18271.59680607
2021-03-05,2021-03-05,0.45412169,0.40344368,7930.53018207,19025.88239936
2021-03-06,2021-03-06,0.27205322,0.40463577,4276.61757299,9921.78110702
2021-03-07,2021-03-07,0.29441799,0.39061262,2964.77791919,10297.85816721
2021-03-08,2021-03-08,0.4340639,0.39445594,4622.7720792,16598.60367354
2021-03-09,2021-03-09,0.43899857,0.40899225,5254.71526922,19742.64366465
2021-03-10,2021-03-10,0.32890236,0.38537336,2687.16635547,15845.52892954
2021-03-11,2021-03-11,0.38256157,0.3721599,3436.78375638,15979.59671171
2021-03-12,2021-03-12,0.29193243,0.34899001,2865.12027534,13371.96507693
2021-03-13,2021-03-13,0.34607624,0.35956472,2714.00435314,14939.07311132
2021-03-14,2021-03-14,0.27516354,0.35681409,3549.76914614,12236.79791232
2021-03-15,2021-03-15,0.47811916,0.3631077,6544.96942547,19964.8218434
2021-03-16,2021-03-16,0.37394873,0.35381486,4085.8879461,16235.35796055
2021-03-17,2021-03-17,0.53076505,0.38265239,10840.24380244,22422.70037433
2021-03-18,2021-03-18,0.2825053,0.36835864,3225.22351304,13280.29185418
2021-03-19,2021-03-19,0.34709688,0.37623927,5368.66168512,15260.80845589
2021-03-20,2021-03-20,0.21643256,0.35771875,2560.58023547,9282.14300783
2021-03-21,2021-03-21,0.21035175,0.34845992,893.87255389,6955.91153698
2021-03-22,2021-03-22,0.41133744,0.33891967,6251.27697112,16822.87842465
2021-03-23,2021-03-23,0.33610228,0.33351304,3397.23798288,14931.34385899
2021-03-24,2021-03-24,0.46740507,0.32446161,5762.33699707,20685.01137002
2021-03-25,2021-03-25,0.31883516,0.32965159,2222.4811897,14456.30487701
2021-03-26,2021-03-26,0.5242513,0.35495937,7475.59241707,23102.18181807
2021-03-27,2021-03-27,0.19574654,0.35200422,1496.82107439,8287.32114037
2021-03-28,2021-03-28,0.21158353,0.35218019,1874.24015005,7300.90126967
2021-03-29,2021-03-29,0.44779152,0.35738791,5615.48353173,18869.93484421
2021-03-30,2021-03-30,0.28237985,0.34971328,2817.06500356,13196.17495695
2021-03-31,2021-03-31,0.35080635,0.33305632,4092.24903864,16299.16461108
2021-04-01,2021-04-01,0.31189046,0.33206422,3930.22939812,14841.61928103
2021-04-02,2021-04-02,0.28664041,0.29811981,2864.32339865,13395.27946666
2021-04-03,2021-04-03,0.19766067,0.29839326,1140.86300224,9176.98968915
2021-04-04,2021-04-04,0.20462467,0.29739913,2016.57284774,8105.18327491
2021-04-05,2021-04-05,0.28814333,0.27459225,1721.71349451,14029.69895801
2021-04-06,2021-04-06,0.29157771,0.27590623,2018.36930792,14463.42054321
2021-04-07,2021-04-07,0.26924771,0.26425499,1040.25334266,13554.7375541
2021-04-08,2021-04-08,0.32574958,0.26623487,3232.49173266,14594.88425626
2021-04-09,2021-04-09,0.33643489,0.27334837,3990.2899804,16834.86559538
2021-04-10,2021-04-10,0.34239958,0.29402535,3633.18563996,16984.73141233
2021-04-11,2021-04-11,0.21470335,0.29546516,1527.06129902,8547.340467
2021-04-12,2021-04-12,0.37544622,0.30793701,4363.66967584,17975.98934956
2021-04-13,2021-04-13,0.50884533,0.33897524,5791.70177623,26375.4888748
2021-04-14,2021-04-14,0.42204593,0.36080355,3802.37550728,22167.9624564
2021-04-15,2021-04-15,0.31872167,0.35979957,4491.51637277,18054.3079567
2021-04-16,2021-04-16,0.46900113,0.3787376,4113.04666919,19734.62959897
2021-04-17,2021-04-17,0.26639686,0.36788007,2179.30602238,10579.95117364
2021-04-18,2021-04-18,0.5747135,0.41931009,7578.79421149,28814.41073225
2021-04-19,2021-04-19,0.49180195,0.43593234,4747.49744863,19287.48873838
2021-04-20,2021-04-20,0.38280208,0.41792616,4640.32708408,20833.23773331
2021-04-21,2021-04-21,0.44851401,0.42170731,3638.98646939,20289.87681023
2021-04-22,2021-04-22,0.52859328,0.45168897,8575.76002678,26797.56480869
2021-04-23,2021-04-23,0.64124283,0.47629493,5541.70419165,34437.94596207
2021-04-24,2021-04-24,0.26081272,0.4754972,2888.49617303,13122.79199258
2021-04-25,2021-04-25,0.20734636,0.42301618,1422.44012743,7767.19448771
2021-04-26,2021-04-26,0.48370281,0.42185916,4403.61671626,20696.19213167
2021-04-27,2021-04-27,0.4439804,0.43059892,5600.7289067,22446.76106333
2021-04-28,2021-04-28,0.33077674,0.41377931,3259.54739144,16361.8711972
2021-04-29,2021-04-29,0.32378688,0.38452125,2854.18112854,15004.28407082
2021-04-30,2021-04-30,0.37575008,0.34659371,3619.46677776,18823.20011395
2021-05-01,2021-05-01,0.17910622,0.33492136,1236.98666796,9077.46139362
2021-05-02,2021-05-02,0.16337262,0.32863939,994.01772796,6599.92692843
2021-05-03,2021-05-03,0.30673951,0.30335892,2552.66220036,14988.21261188
2021-05-04,2021-05-04,0.31782365,0.28533653,2165.56573558,16711.80308181
2021-05-05,2021-05-05,0.35384695,0.28863227,4256.73573589,20259.50721559
2021-05-06,2021-05-06,0.37672766,0.29619524,3886.21265046,21525.46522609
2021-05-07,2021-05-07,0.3441311,0.29167824,4076.84570187,20368.08712994
2021-05-08,2021-05-08,0.27421362,0.30526502,2671.97891338,15307.15257755
2021-05-09,2021-05-09,0.38972733,0.3376014,3642.15877139,18422.02126287
2021-05-10,2021-05-10,0.3579274,0.34491396,2976.9918217,20750.12529609
2021-05-11,2021-05-11,0.29727143,0.34197793,2547.77203567,18240.27768894
2021-05-12,2021-05-12,0.55870508,0.37124337,8530.4024492,33101.59963623
2021-05-13,2021-05-13,0.6885136,0.41578422,6207.98040251,37995.6231724
2021-05-14,2021-05-14,0.66537106,0.46167565,11360.4367711,34949.28041433
2021-05-15,2021-05-15,0.28416406,0.46309714,2574.10731102,13730.23884295
2021-05-16,2021-05-16,0.41789682,0.46712135,3764.44704836,18276.71724831
2021-05-17,2021-05-17,0.92098038,0.54755749,9465.79869644,43180.16505365
2021-05-18,2021-05-18,0.70777088,0.60620027,8923.93157145,29591.90045816
2021-05-19,2021-05-19,1.45010191,0.73354267,17725.23642904,80065.92691778
2021-05-20,2021-05-20,1.01964244,0.78084679,8071.52125381,46869.90403458
2021-05-21,2021-05-21,0.86179752,0.80890772,7346.54858797,37526.97309977
2021-05-22,2021-05-22,0.52926341,0.84392191,4733.08623459,22452.94178468
2021-05-23,2021-05-23,0.76074412,0.89290009,3155.75562851,29412.6498945
2021-05-24,2021-05-24,0.71202038,0.86304867,7586.0028223,30377.63764572
2021-05-25,2021-05-25,0.82421025,0.87968286,9878.32104344,33937.68122964
2021-05-26,2021-05-26,0.45719498,0.73783901,4203.68050532,18967.64799144
2021-05-27,2021-05-27,0.36049197,0.64367466,3213.27434475,13850.46190457
2021-05-28,2021-05-28,0.73331695,0.62532029,7053.06658165,28223.90288769
2021-05-29,2021-05-29,0.45282763,0.6144009,4281.61105613,16061.79599233
2021-05-30,2021-05-30,0.35007555,0.55573396,2590.99861209,10611.84027759
2021-05-31,2021-05-31,0.30869943,0.49811668,2389.12587227,10903.57264216
2021-06-01,2021-06-01,0.28585402,0.42120865,1651.77277368,10926.19830179
2021-06-02,2021-06-02,0.48123603,0.42464308,6710.85098125,20324.04107577
2021-06-03,2021-06-03,0.27093205,0.41184881,2126.02468477,11952.16754548
2021-06-04,2021-06-04,0.42668077,0.36804364,4753.97077745,16915.75926533
2021-06-05,2021-06-05,0.29602289,0.34564296,2054.99979615,9539.92982052
2021-06-06,2021-06-06,0.30395804,0.33905475,2473.22147464,8472.22232907
2021-06-07,2021-06-07,0.43860875,0.35761322,3311.20312,16197.82095697
2021-06-08,2021-06-08,0.44473384,0.38031034,2521.10651138,18144.25110667
2021-06-09,2021-06-09,0.53360591,0.38779175,4095.26799,18460.09659447
2021-06-10,2021-06-10,0.46524032,0.41555007,4364.67115603,20457.08211155
2021-06-11,2021-06-11,0.34021707,0.40319812,2715.37870812,12516.24571464
2021-06-12,2021-06-12,0.27640839,0.40039605,2123.9227363,10070.93985373
2021-06-13,2021-06-13,0.3345818,0.40477087,2731.93169098,9738.00329449
2021-06-14,2021-06-14,0.34814591,0.39184761,2157.53848179,13896.59203599
2021-06-15,2021-06-15,0.40774935,0.38656411,5708.98917336,15646.15823974
2021-06-16,2021-06-16,0.43401244,0.37233647,5995.99898365,17609.62075051
2021-06-17,2021-06-17,0.40209569,0.36331581,4749.99894678,14705.44346853
2021-06-18,2021-06-18,0.81889347,0.43169815,18012.38892707,28508.95734988
2021-06-19,2021-06-19,0.27040992,0.43084123,2858.281992,8430.5701899
2021-06-20,2021-06-20,0.40670191,0.4411441,2533.11952048,10828.0316709
2021-06-21,2021-06-21,0.65469324,0.48493657,3437.24298843,21679.511829
2021-06-22,2021-06-22,0.69620578,0.52614464,5101.10362414,24864.29320724
2021-06-23,2021-06-23,0.54083673,0.54140525,4831.68802782,21608.59068757
2021-06-24,2021-06-24,0.38240498,0.53859229,2693.01267133,15026.22138907
2021-06-25,2021-06-25,0.66292976,0.51631176,5327.00890901,24878.42801858
2021-06-26,2021-06-26,0.4504782,0.5420358,5679.78605059,13392.26653853
2021-06-27,2021-06-27,0.32225839,0.52997244,1682.39720508,6857.01407547
2021-06-28,2021-06-28,0.33202114,0.48387643,2799.86055568,12146.66122807
2021-06-29,2021-06-29,0.39308812,0.4405739,3594.02580328,14117.36670738
2021-06-30,2021-06-30,0.31238041,0.40793729,2638.58266996,11305.98427957
2021-07-01,2021-07-01,0.20822589,0.38305456,1529.99861567,8120.18489067
2021-07-02,2021-07-02,0.27652919,0.32785448,2373.52524748,9267.04614443
2021-07-03,2021-07-03,0.15655966,0.28586611,1486.9725992,6390.76515462
2021-07-04,2021-07-04,0.25725902,0.27658049,2174.60681072,7479.54876435
2021-07-05,2021-07-05,0.23411958,0.26259455,1379.99015818,7484.10070229
2021-07-06,2021-07-06,0.28346877,0.24693465,1928.2479873,10065.40892057
2021-07-07,2021-07-07,0.26430192,0.24006629,2137.55024665,9733.71097229
2021-07-08,2021-07-08,0.30006404,0.25318603,1770.7597432,10783.7015886
2021-07-09,2021-07-09,0.35187899,0.26395028,6031.40490473,13152.88485021
2021-07-10,2021-07-10,0.14773243,0.26268925,735.55125218,4664.3560401
2021-07-11,2021-07-11,0.18700468,0.25265292,1384.99935855,4872.03286323
2021-07-12,2021-07-12,0.37129716,0.27224971,3305.04431776,12418.40484851
2021-07-13,2021-07-13,0.26432197,0.26951446,2002.3111726,9027.65271339
2021-07-14,2021-07-14,0.25234278,0.26780601,2351.03609497,8719.70461153
2021-07-15,2021-07-15,0.47595086,0.2929327,2920.04398647,17184.68174865
2021-07-16,2021-07-16,0.36257434,0.2944606,4599.27614688,13204.59484955
2021-07-17,2021-07-17,0.19242748,0.30084561,1056.97877324,5923.68743561
2021-07-18,2021-07-18,0.1595187,0.29691904,701.7826927,4072.67186305
2021-07-19,2021-07-19,0.42038099,0.30393102,4644.10943593,14567.46258483
2021-07-20,2021-07-20,0.32597684,0.31273886,2494.18428229,12016.15819102
2021-07-21,2021-07-21,0.32460479,0.323062,2182.78175824,11939.61356682
2021-07-22,2021-07-22,0.35541807,0.30584303,3095.43786614,12946.81389774
2021-07-23,2021-07-23,0.19613494,0.28206597,1751.43260364,7407.62442658
2021-07-24,2021-07-24,0.20389072,0.28370358,898.80814349,7096.21265985
2021-07-25,2021-07-25,0.24904105,0.29649249,1859.66729768,6948.49446015
2021-07-26,2021-07-26,0.5467725,0.31454842,5882.90928109,24522.19990342
2021-07-27,2021-07-27,0.52500937,0.34298163,6479.39244861,20884.87287903
2021-07-28,2021-07-28,0.90857263,0.42640561,22819.78473843,36063.97352012
2021-07-29,2021-07-29,0.38621388,0.43080501,5194.3007081,15358.56736764
2021-07-30,2021-07-30,0.43596697,0.46506673,6517.00710777,17501.89385007
2021-07-31,2021-07-31,0.16447561,0.459436,1055.09012558,5846.94356397
2021-08-01,2021-08-01,0.29495824,0.4659956,2555.72617465,8440.82004941
2021-08-02,2021-08-02,0.29284522,0.42972027,2567.7015499,10501.13669533
2021-08-03,2021-08-03,0.49899172,0.42600347,11458.89813167,19264.57335367
2021-08-04,2021-08-04,0.25732354,0.33296788,1794.57315663,9756.93671174
2021-08-05,2021-08-05,0.37631367,0.33155357,3096.88879591,14792.51397724
2021-08-06,2021-08-06,0.60759165,0.35607138,12493.21777371,25755.2022957
2021-08-07,2021-08-07,0.2950035,0.37471822,2737.13064027,10698.89190867
2021-08-08,2021-08-08,0.39971446,0.38968339,3434.44894428,12233.26097919
2021-08-09,2021-08-09,0.61150808,0.43520666,11881.47548891,23402.41436287
2021-08-10,2021-08-10,0.54452757,0.44171178,10853.24841189,21637.34735307
2021-08-11,2021-08-11,0.29386143,0.44693148,3320.74094818,12392.13658984
2021-08-12,2021-08-12,0.27090454,0.43187303,2444.73530616,10283.26536357
2021-08-13,2021-08-13,0.25838101,0.3819858,3803.01574658,10506.5468825
2021-08-14,2021-08-14,0.19380544,0.36752893,1857.6283606,6816.33115744
2021-08-15,2021-08-15,0.24266334,0.34509306,1807.78022498,6777.34441799
2021-08-16,2021-08-16,0.32479257,0.3041337,2836.29495014,12960.52255873
2021-08-17,2021-08-17,0.2255627,0.25856729,2148.99998306,8977.39535274
2021-08-18,2021-08-18,0.40610585,0.27460221,5736.80005757,15399.53369367
2021-08-19,2021-08-19,0.22484222,0.26802188,1866.77822989,8861.93124587
2021-08-20,2021-08-20,0.41841356,0.29088367,7439.08759204,19161.66746656
2021-08-21,2021-08-21,0.94786351,0.39860625,10796.94663,34602.705469
2021-08-22,2021-08-22,0.18620617,0.39054094,1072.02631413,5365.71707313
2021-08-23,2021-08-23,0.25682127,0.38083075,1784.97617989,10634.19841801
2021-08-24,2021-08-24,0.25692139,0.38531057,1442.88397072,10162.01190923
2021-08-25,2021-08-25,0.27583494,0.36670044,2430.28904317,10999.74580646
2021-08-26,2021-08-26,0.42673721,0.39554258,4237.58160326,16367.50581509
2021-08-27,2021-08-27,0.24278409,0.37045265,2410.90892002,9758.46359448
2021-08-28,2021-08-28,0.19695488,0.26317999,1999.11391241,6660.22615253
2021-08-29,2021-08-29,0.18465414,0.26295827,847.18199025,5102.91702774
2021-08-30,2021-08-30,0.29471966,0.26837233,3111.44910327,10806.19087058
2021-08-31,2021-08-31,0.31225465,0.27627708,3532.48065158,12772.77631472
2021-09-01,2021-09-01,0.37493045,0.29043358,7282.11229735,16367.96369574
2021-09-02,2021-09-02,0.25126021,0.26536544,2023.46098429,11582.59311566
2021-09-03,2021-09-03,0.24414638,0.26556005,2808.32115608,11144.0612916
2021-09-04,2021-09-04,0.19893396,0.26584278,2360.81236061,7342.65240207
2021-09-05,2021-09-05,0.18351017,0.26567935,892.80500082,5713.58929085
2021-09-06,2021-09-06,0.23027292,0.25647268,1713.3486321,9189.73167992
2021-09-07,2021-09-07,0.50717313,0.28431817,5589.02004509,22980.52166282
2021-09-08,2021-09-08,0.39158842,0.28669788,3944.58125189,16382.10167466
2021-09-09,2021-09-09,0.35933843,0.30213763,3347.91087683,15073.52839971
2021-09-10,2021-09-10,0.39898312,0.32425716,4210.78373298,15867.15987412
2021-09-11,2021-09-11,0.22463255,0.32792839,2471.58881162,7590.33369929
2021-09-12,2021-09-12,0.19475503,0.3295348,1411.92776799,5429.18604374
2021-09-13,2021-09-13,0.38002067,0.35092734,3257.98719456,13826.6722125
2021-09-14,2021-09-14,0.29037748,0.31995653,2566.21557207,11321.23730305
2021-09-15,2021-09-15,0.22938832,0.29678509,1972.25808927,9201.91255601
2021-09-16,2021-09-16,0.27299067,0.28444969,3016.21634073,11111.81220135
2021-09-17,2021-09-17,0.23235249,0.26064532,2213.49016433,9105.8940584
2021-09-18,2021-09-18,0.20571664,0.25794304,2209.2000616,6868.26138933
2021-09-19,2021-09-19,0.20814452,0.25985583,1322.27189226,5547.46787675
2021-09-20,2021-09-20,0.38489738,0.2605525,2043.13148148,14191.16646465
2021-09-21,2021-09-21,0.35952209,0.2704303,2856.27573025,12195.70835378
2021-09-22,2021-09-22,0.29420118,0.27968928,2549.30327063,10963.11261138
2021-09-23,2021-09-23,0.30066096,0.28364218,2849.69934496,10956.38601711
2021-09-24,2021-09-24,0.3589916,0.30173348,2977.03936572,13877.53835236
2021-09-25,2021-09-25,0.16148927,0.29541529,1316.4618732,4914.28006127
2021-09-26,2021-09-26,0.33356218,0.31333209,1921.39709319,8739.66255359
2021-09-27,2021-09-27,0.24400328,0.29320437,2504.23212525,8276.10316778
2021-09-28,2021-09-28,0.34041519,0.29047481,2753.64956191,11249.70068919
2021-09-29,2021-09-29,0.48932477,0.31834961,7937.2632268,15747.93921587
2021-09-30,2021-09-30,0.30781657,0.31937184,3324.28817476,12004.84627488
2021-10-01,2021-10-01,0.21647393,0.29901217,1537.94032209,8967.43255783
2021-10-02,2021-10-02,0.18083595,0.30177598,1526.91791166,6656.75200129
2021-10-03,2021-10-03,0.25545244,0.29061745,2494.45887165,7480.92476509
2021-10-04,2021-10-04,0.22320475,0.28764623,1731.46323908,7658.60123618
2021-10-05,2021-10-05,0.28261025,0.27938838,2926.95898971,12681.00434324
2021-10-06,2021-10-06,0.3887805,0.26502491,3818.29515509,15992.09727212
2021-10-07,2021-10-07,0.21367296,0.25157583,1826.50114664,10645.18684077
2021-10-08,2021-10-08,0.23829811,0.25469357,1880.21593486,9570.05218579
2021-10-09,2021-10-09,0.20851674,0.25864796,2045.96397135,7355.0110583
2021-10-10,2021-10-10,0.22107225,0.25373651,968.00952748,6484.49130877
2021-10-11,2021-10-11,0.34333292,0.27089768,2622.83513823,13402.34392809
2021-10-12,2021-10-12,0.26600064,0.26852487,2023.53397966,10133.29426039
2021-10-13,2021-10-13,0.27940471,0.25289976,2775.02941032,10979.76674222
2021-10-14,2021-10-14,0.24329487,0.25713146,3295.55149993,9924.48437053
2021-10-15,2021-10-15,0.39180831,0.27906149,4040.87712188,18283.7349723
2021-10-16,2021-10-16,0.32444873,0.2956232,3660.33981605,13456.83535105
2021-10-17,2021-10-17,0.20189652,0.29288381,1624.04715196,6040.74397245
2021-10-18,2021-10-18,0.27623218,0.28329799,1826.55217246,10843.77052803
2021-10-19,2021-10-19,0.6386887,0.33653915,16175.62754648,27259.23371329
2021-10-20,2021-10-20,0.32361059,0.34285427,3499.05323131,14261.19503434
2021-10-21,2021-10-21,0.42164236,0.36833248,6707.16034565,19546.91814664
2021-10-22,2021-10-22,0.22109689,0.34394514,2398.38451055,8789.48591193
2021-10-23,2021-10-23,0.20350308,0.32666719,2242.99977953,6645.79999919
2021-10-24,2021-10-24,0.22150859,0.32946891,2644.99984317,6499.06216786
2021-10-25,2021-10-25,0.17943998,0.31564146,1761.55429026,7091.46784481
2021-10-26,2021-10-26,0.28322504,0.26486093,3658.71936761,11711.92197369
2021-10-27,2021-10-27,0.32500998,0.26506085,3298.0162492,14205.21115678
2021-10-28,2021-10-28,0.42792486,0.26595835,6147.70634369,19065.764154
2021-10-29,2021-10-29,0.26468568,0.27218532,3180.01479786,12247.53584369
2021-10-30,2021-10-30,0.23587828,0.27681034,2684.85089054,9293.13234367
2021-10-31,2021-10-31,0.20683439,0.27471403,1549.6119928,6668.54758112
2021-11-01,2021-11-01,0.24491437,0.28406751,2951.80236856,10307.46608717
2021-11-02,2021-11-02,0.37688755,0.29744787,7406.4619017,17039.83987191
2021-11-03,2021-11-03,0.23257471,0.28424283,2635.5324494,10080.71822856
2021-11-04,2021-11-04,0.2624222,0.2605996,2749.07966567,11132.73678875
2021-11-05,2021-11-05,0.23259864,0.25601573,2482.70214317,9679.82484775
2021-11-06,2021-11-06,0.16505192,0.24589768,1700.7601819,5808.67208478
2021-11-07,2021-11-07,0.17050956,0.24070842,1515.31182202,5627.66817025
2021-11-08,2021-11-08,0.38287128,0.26041655,3394.80076319,16800.77462685
2021-11-09,2021-11-09,0.26387133,0.24427138,2753.36864252,12967.16495305
2021-11-10,2021-11-10,0.23486032,0.24459789,1774.61533958,10500.6050448
2021-11-11,2021-11-11,0.23830837,0.24115306,2482.00002809,9514.70004577
2021-11-12,2021-11-12,0.22429811,0.23996727,3011.44817402,8599.36539848
2021-11-13,2021-11-13,0.08615478,0.22869625,578.95201578,3010.24800299
2021-11-14,2021-11-14,0.17874534,0.22987279,2086.99981854,5405.43772553
2021-11-15,2021-11-15,0.26918424,0.21363178,3552.53628329,10286.87555819
2021-11-16,2021-11-16,0.43500441,0.23807937,5260.17127299,17863.02128356
2021-11-17,2021-11-17,0.34366141,0.25362238,7294.68782061,13571.18919643
2021-11-18,2021-11-18,0.72997652,0.32386069,18079.61746293,29688.1452083
2021-11-19,2021-11-19,0.49319634,0.36227472,7631.6386726,19815.64252825
2021-11-20,2021-11-20,0.30744841,0.3938881,4709.89699193,11127.78770389
2021-11-21,2021-11-21,0.30683943,0.41218725,4140.31237002,9635.37186554
2021-11-22,2021-11-22,0.31198546,0.41830171,3327.32346839,11629.88188692
2021-11-23,2021-11-23,0.30997398,0.40044022,4764.03546784,12042.79912761
2021-11-24,2021-11-24,0.24465124,0.38629591,3057.09584828,10109.233693
2021-11-25,2021-11-25,0.23674139,0.31583375,3744.90919,9780.4972004
2021-11-26,2021-11-26,0.74495242,0.3517989,18309.57111505,30598.17570851
2021-11-27,2021-11-27,0.24336344,0.34264391,3754.67181371,8267.54288843
2021-11-28,2021-11-28,0.17820534,0.32426761,1668.93338592,5292.34210899
2021-11-29,2021-11-29,0.27128945,0.31845389,2950.54149935,11038.49652422
2021-11-30,2021-11-30,0.24393352,0.30901954,3316.13054587,9855.15804609
2021-12-01,2021-12-01,0.28031153,0.31411387,3673.13186466,11458.29435502
2021-12-02,2021-12-02,0.2194928,0.31164979,2177.99089235,9446.53129688
2021-12-03,2021-12-03,0.27455469,0.24445011,2833.71373,11302.59289158
2021-12-04,2021-12-04,0.4585695,0.27519383,2367.28497724,17676.47861546
2021-12-05,2021-12-05,0.39847276,0.30666061,3399.99073738,12152.62220459
2021-12-06,2021-12-06,0.58515708,0.35149884,5321.05635805,22647.33436202
2021-12-07,2021-12-07,0.25225648,0.35268783,2128.56004579,9941.68019999
2021-12-08,2021-12-08,0.21658649,0.34358426,1775.94973429,7963.66875371
2021-12-09,2021-12-09,0.26743817,0.3504336,2288.3597954,10337.0201504
2021-12-10,2021-12-10,0.2216557,0.3428766,1841.81406849,8394.76619666
2021-12-11,2021-12-11,0.41854624,0.33715899,9773.32077348,13939.26405377
2021-12-12,2021-12-12,0.1271377,0.29839684,724.70417528,3815.02081871
2021-12-13,2021-12-13,0.2505804,0.25060017,2624.35342289,9075.77149228
2021-12-14,2021-12-14,0.28830107,0.2557494,3333.77163258,10862.31924874
2021-12-15,2021-12-15,0.24754906,0.26017262,2874.0,9734.37155963
2021-12-16,2021-12-16,0.20611165,0.25141169,2321.25487422,7651.27658373
2021-12-17,2021-12-17,0.28973866,0.26113783,2413.55147423,10568.79712379
2021-12-18,2021-12-18,0.47767433,0.2695847,10972.59532978,17403.10877757
2021-12-19,2021-12-19,0.15398544,0.27342009,841.29868397,4418.45825214
2021-12-20,2021-12-20,0.16860337,0.26170908,1218.49234734,6227.87116262
2021-12-21,2021-12-21,0.21441048,0.25115328,2633.41605662,8945.84829625
2021-12-22,2021-12-22,0.1669651,0.23964129,1657.2250507,6909.6837338
2021-12-23,2021-12-23,0.18939737,0.23725354,2199.94043027,8007.53139792
2021-12-24,2021-12-24,0.18784751,0.22269766,1816.85618905,7714.89726745
2021-12-25,2021-12-25,0.53933976,0.231507,3994.9988017,16915.85238194
2021-12-26,2021-12-26,0.16219282,0.23267949,1544.11327461,4487.71309678
2021-12-27,2021-12-27,0.36718769,0.26104868,4385.46110381,13323.40517686
2021-12-28,2021-12-28,0.4225562,0.29078378,6238.75866478,15233.57355512
2021-12-29,2021-12-29,0.18469803,0.29331705,1647.3775378,6945.38478116
2021-12-30,2021-12-30,0.18858552,0.29320108,1777.78914316,6432.46343293
2021-12-31,2021-12-31,0.26451402,0.30415343,3685.98193291,10970.98361082
2022-01-01,2022-01-01,0.15447009,0.24917205,1762.29605122,4049.89673147
2022-01-02,2022-01-02,0.15161064,0.24766031,1579.20845386,3969.01500945
2022-01-03,2022-01-03,0.13403352,0.21435257,1161.85337833,4316.14753472
2022-01-04,2022-01-04,0.40441143,0.21176046,6819.91240465,14879.91418628
2022-01-05,2022-01-05,0.23824735,0.21941037,1363.53700022,8752.25463443
2022-01-06,2022-01-06,0.47989373,0.26102583,5251.97080402,17818.45419475
2022-01-07,2022-01-07,0.28639728,0.26415201,2079.0406438,10660.56600106
2022-01-08,2022-01-08,0.18159615,0.26802716,1149.99991312,5933.2909476
2022-01-09,2022-01-09,0.17117315,0.2708218,1298.79373077,4892.29988983
2022-01-10,2022-01-10,0.29213235,0.29340735,2952.35977563,10525.82054434
2022-01-11,2022-01-11,0.30481262,0.27917895,3405.68373622,11309.46255378
2022-01-12,2022-01-12,0.21101819,0.27528907,2021.62256853,7880.68544219
2022-01-13,2022-01-13,0.28278872,0.24713121,3196.77533795,10509.84265957
2022-01-14,2022-01-14,0.17098764,0.23064412,1460.73238406,6572.42305033
2022-01-15,2022-01-15,0.11131468,0.22060391,832.98958238,3759.76475732
2022-01-16,2022-01-16,0.10023791,0.2104703,641.02971611,2902.48889743
2022-01-17,2022-01-17,0.24846021,0.20423142,2785.06469715,8325.404641
2022-01-18,2022-01-18,0.22797273,0.1932543,2674.53715698,7972.20654057
2022-01-19,2022-01-19,0.2561282,0.19969858,2580.94106206,9484.93958127
2022-01-20,2022-01-20,0.23158395,0.19238362,1885.85756019,8847.20148692
2022-01-21,2022-01-21,0.53401884,0.24424522,5009.82041706,21339.92671267
2022-01-22,2022-01-22,0.39115408,0.28422227,2118.41152158,15163.4788777
2022-01-23,2022-01-23,0.29320624,0.31178918,1802.19461267,8095.42425222
2022-01-24,2022-01-24,0.50137059,0.34791923,3813.02731592,18305.54146183
2022-01-25,2022-01-25,0.29481046,0.35746748,2068.64998144,10840.77031863
2022-01-26,2022-01-26,0.34219796,0.36976316,2861.65508485,12554.9010512
2022-01-27,2022-01-27,0.32967044,0.38377552,3543.52397325,11667.6962844
2022-01-28,2022-01-28,0.32713857,0.35422119,5424.83372002,12431.59285589
2022-01-29,2022-01-29,0.37388375,0.351754,5596.25249685,12277.96862367
2022-01-30,2022-01-30,0.51636744,0.38363417,2159.49958718,14106.12584465
2022-01-31,2022-01-31,0.29140367,0.3536389,3131.1311297,10270.52242584
2022-02-01,2022-02-01,0.17710747,0.33682419,1658.68309988,6682.97341467
2022-02-02,2022-02-02,0.17396757,0.31279127,1774.79045165,6487.77261332
2022-02-03,2022-02-03,0.39304441,0.3218447,5715.77171625,14177.11171513
2022-02-04,2022-02-04,0.29855201,0.3177609,3132.26707231,11222.27155654
2022-02-05,2022-02-05,0.12825256,0.28267073,927.79693944,4966.96518492
2022-02-06,2022-02-06,0.30361393,0.25227737,3778.4701182,8790.23039555
2022-02-07,2022-02-07,0.22632231,0.24298004,1783.7379674,8353.78289432
2022-02-08,2022-02-08,0.31958361,0.26333377,3572.26094553,12131.39367844
2022-02-09,2022-02-09,0.16204262,0.26163021,1590.60843619,6102.20099341
2022-02-10,2022-02-10,0.27199817,0.24433789,2511.00588158,10177.3555415
2022-02-11,2022-02-11,0.21454504,0.23233689,1935.78870071,8057.88258078
2022-02-12,2022-02-12,0.23433605,0.24749168,3009.05843322,7587.33247054
2022-02-13,2022-02-13,0.13019349,0.22271733,1237.08610589,3527.33211465
2022-02-14,2022-02-14,0.14170167,0.21062866,1166.76689602,4746.01413408
2022-02-15,2022-02-15,0.26582743,0.20294921,3177.20519558,9896.22361302
2022-02-16,2022-02-16,0.16884809,0.20392142,1574.57387038,6041.72222946
2022-02-17,2022-02-17,0.20660162,0.19457906,2130.05153622,7096.55907567
2022-02-18,2022-02-18,0.17095639,0.18835211,1498.11282262,6118.01622719
2022-02-19,2022-02-19,0.15911128,0.17760571,1755.10864857,4935.63201404
2022-02-20,2022-02-20,0.15209473,0.18073446,684.04268959,4013.32360079
2022-02-21,2022-02-21,0.22425133,0.19252727,1769.86805599,6979.1499348
2022-02-22,2022-02-22,0.26372471,0.19222688,2907.67810192,8880.92953254
2022-02-23,2022-02-23,0.1780658,0.19354369,1230.07505198,5947.5756546
2022-02-24,2022-02-24,0.49885688,0.23529445,5389.13705421,18134.44521563
2022-02-25,2022-02-25,0.35177901,0.26112625,5752.855139,13428.10846487
2022-02-26,2022-02-26,0.16722934,0.26228597,1945.54785501,5250.66667166
2022-02-27,2022-02-27,0.33911493,0.28900314,3877.73175512,9211.71785953
2022-02-28,2022-02-28,0.31721089,0.30228308,3797.12955248,12075.58397056
2022-03-01,2022-03-01,0.39972042,0.32171104,4861.67540292,16620.77488277
2022-03-02,2022-03-02,0.33027334,0.34345497,4314.50947224,13761.8294425
2022-03-03,2022-03-03,0.34134037,0.32095261,4284.07812009,13159.01245242
2022-03-04,2022-03-04,0.22177891,0.30238117,1591.7511561,8526.73376632
2022-03-05,2022-03-05,0.12201771,0.29592237,941.79986177,3943.00239899
2022-03-06,2022-03-06,0.131901,0.26632038,587.04176735,3528.21992733
2022-03-07,2022-03-07,0.25587125,0.25755757,2335.39605738,8775.61641482
2022-03-08,2022-03-08,0.20121387,0.22919949,1899.08367847,7202.85273012
2022-03-09,2022-03-09,0.20832126,0.21177777,1249.35973952,8359.51556466
2022-03-10,2022-03-10,0.30233878,0.20620611,3304.32468012,10444.89766578
2022-03-11,2022-03-11,0.19591182,0.20251081,1518.31722936,6874.74169344
2022-03-12,2022-03-12,0.11959848,0.20216521,1087.43958969,3580.89801563
2022-03-13,2022-03-13,0.11831585,0.20022447,790.66587467,3053.73214321
2022-03-14,2022-03-14,0.27547624,0.20302519,3078.68148761,9035.89609194
2022-03-15,2022-03-15,0.30224868,0.21745873,2868.32244051,10476.84584003
2022-03-16,2022-03-16,0.24569667,0.22279807,2262.62947788,9142.61888866
2022-03-17,2022-03-17,0.30918405,0.22377597,4250.53354055,11723.33151745
2022-03-18,2022-03-18,0.36889559,0.24848794,5732.87683299,13718.48908971
2022-03-19,2022-03-19,0.1719251,0.25596317,1870.23172966,5683.15615483
2022-03-20,2022-03-20,0.14062508,0.2591502,1191.78454261,3683.95519518
2022-03-21,2022-03-21,0.21921327,0.25111263,1643.39607097,7150.0791819
2022-03-22,2022-03-22,0.51508549,0.28151789,4919.82569538,18377.73533011
2022-03-23,2022-03-23,0.19602062,0.27442131,1587.76179557,6705.66933022
2022-03-24,2022-03-24,0.30771384,0.27421128,3275.04987279,10949.68942491
2022-03-25,2022-03-25,0.26973275,0.26004516,3018.9994398,10648.50943961
2022-03-26,2022-03-26,0.20541536,0.26482949,2241.60407181,6300.70532704
2022-03-27,2022-03-27,0.16212767,0.26790129,1081.60630291,4394.47048192
2022-03-28,2022-03-28,0.26261157,0.27410104,2033.96565922,9954.02883017
2022-03-29,2022-03-29,0.34250204,0.24944626,3177.87725171,12423.57667243
2022-03-30,2022-03-30,0.25778255,0.2582694,2829.37058401,8914.12069952
2022-03-31,2022-03-31,0.33788949,0.2625802,4899.69870138,12309.31416101
2022-04-01,2022-04-01,0.24640909,0.25924825,2442.48577545,9551.55574044
2022-04-02,2022-04-02,0.11013931,0.24563739,888.78164869,3704.97635127
2022-04-03,2022-04-03,0.0956039,0.23613399,574.42281412,2584.26900361
2022-04-04,2022-04-04,0.1835726,0.22484271,1632.25659795,6243.67140109
2022-04-05,2022-04-05,0.2376068,0.20985768,2235.40614194,8306.49607622
2022-04-06,2022-04-06,0.39581956,0.22957725,4056.49778544,13584.13134587
2022-04-07,2022-04-07,0.28762958,0.22239726,4127.00412694,9635.87847209
2022-04-08,2022-04-08,0.19838574,0.21553678,1819.2823881,6829.62749946
2022-04-09,2022-04-09,0.11799991,0.21665973,824.78714378,3435.80325677
2022-04-10,2022-04-10,0.15184189,0.22469373,1624.58033483,3777.37065703
2022-04-11,2022-04-11,0.31570482,0.24356976,2661.56728918,10408.78787702
2022-04-12,2022-04-12,0.18609791,0.23621134,1011.6037901,6024.73367067
2022-04-13,2022-04-13,0.19531718,0.20756815,1715.30536156,6387.84845921
2022-04-14,2022-04-14,0.14918358,0.18779015,1140.44950303,4754.33163048
2022-04-15,2022-04-15,0.12377817,0.17713192,813.00925572,4037.89146244
2022-04-16,2022-04-16,0.14079591,0.18038849,1419.68038076,4055.0629942
2022-04-17,2022-04-17,0.09767758,0.17265074,446.02074622,2298.06037838
2022-04-18,2022-04-18,0.2944425,0.16961326,2645.99947738,8375.1225044
2022-04-19,2022-04-19,0.19951193,0.17152955,2703.89750986,6528.62893479
2022-04-20,2022-04-20,0.35582143,0.19445873,3662.98795611,12030.67835386
2022-04-21,2022-04-21,0.18618837,0.19974513,1490.89420033,6216.82974687
2022-04-22,2022-04-22,0.22261374,0.21386449,1695.96550475,7094.25472658
2022-04-23,2022-04-23,0.12737548,0.21194729,1388.60183543,3538.49090214
2022-04-24,2022-04-24,0.12324843,0.21560027,747.47553052,2944.89792751
2022-04-25,2022-04-25,0.4116814,0.23234868,1718.99901416,13787.62167242
2022-04-26,2022-04-26,0.22459003,0.23593127,2065.81668123,7357.12010834
2022-04-27,2022-04-27,0.28341482,0.22558747,3944.2109963,9155.43222975
2022-04-28,2022-04-28,0.24053369,0.23335108,1862.16971086,8120.89835918
2022-04-29,2022-04-29,0.27373216,0.24065372,2975.27337493,9787.84072961
2022-04-30,2022-04-30,0.15616484,0.24476648,1332.77137949,5137.19858555
2022-05-01,2022-05-01,0.19657708,0.255242,1557.24013977,5235.24082584
2022-05-02,2022-05-02,0.27041341,0.23506086,2298.1955494,8518.29267222
2022-05-03,2022-05-03,0.35536163,0.25374252,4208.03945149,11532.19565992
2022-05-04,2022-05-04,0.27303549,0.25225976,1664.16596916,8112.15738501
2022-05-05,2022-05-05,0.38242427,0.27252984,3835.74201432,14917.60610901
2022-05-06,2022-05-06,0.47912102,0.30187111,5730.3770416,16163.14768851
2022-05-07,2022-05-07,0.24848244,0.31505933,2341.22661752,6925.45418153
2022-05-08,2022-05-08,0.79485886,0.40052816,12404.0,20364.28406382
2022-05-09,2022-05-09,1.61649346,0.59282531,34365.18918433,53885.80932435
2022-05-10,2022-05-10,1.47879657,0.75331602,36390.41914565,48298.9749215
2022-05-11,2022-05-11,0.90743811,0.84394496,13583.83248057,31552.53045456
2022-05-12,2022-05-12,0.78871538,0.90198655,5174.00485561,29670.68387651
2022-05-13,2022-05-13,0.41068729,0.8922103,3466.146218,14282.06108925
2022-05-14,2022-05-14,0.19447933,0.88449557,1601.04723721,7727.8306622
2022-05-15,2022-05-15,0.23702771,0.80480541,1678.48371251,6075.96837446
2022-05-16,2022-05-16,0.40265865,0.63140043,4892.65841745,11755.2165111
2022-05-17,2022-05-17,0.3240659,0.46643891,2754.27628314,9782.25330059
2022-05-18,2022-05-18,0.46411696,0.40310732,4260.45841426,13338.25745258
2022-05-19,2022-05-19,0.31466818,0.33538629,2627.17389008,9717.8973067
2022-05-20,2022-05-20,0.36627098,0.3290411,3196.84544347,11568.66875514
2022-05-21,2022-05-21,0.17225295,0.3258659,1135.65438278,4480.64380718
2022-05-22,2022-05-22,0.16598944,0.31571758,911.52019568,3728.78681968
2022-05-23,2022-05-23,0.34789321,0.30789395,2731.9529339,9995.31979786
2022-05-24,2022-05-24,0.30925625,0.30577828,2473.75967361,8136.22276558
2022-05-25,2022-05-25,0.35345754,0.28996979,4549.88305961,11417.73895695
2022-05-26,2022-05-26,0.409567,0.30352677,3899.09800127,12309.12654659
2022-05-27,2022-05-27,0.35528589,0.30195747,2601.03683188,11308.39471088
2022-05-28,2022-05-28,0.156507,0.29970805,994.75550906,4090.62339406
2022-05-29,2022-05-29,0.19423237,0.30374275,1252.75619228,4405.38440609
2022-05-30,2022-05-30,0.48157686,0.32284042,6700.22533334,14312.46418693
2022-05-31,2022-05-31,0.51377552,0.35205745,5263.37853513,16089.39426368
2022-06-01,2022-06-01,0.4110925,0.36029102,4873.41212332,13248.27794761
2022-06-02,2022-06-02,0.25285819,0.33790405,2691.70795491,7839.61544143
2022-06-03,2022-06-03,0.25820174,0.32403488,2293.9295,8193.25768981
2022-06-04,2022-06-04,0.68038639,0.3988748,15351.58338735,17974.44753719
2022-06-05,2022-06-05,0.1281906,0.38944026,782.33642447,2818.52661351
2022-06-06,2022-06-06,0.38711937,0.37594633,4435.03832423,11795.52708437
2022-06-07,2022-06-07,0.39486195,0.35895868,3880.998385,11531.15345201
2022-06-08,2022-06-08,0.30664894,0.34403817,3564.69358621,9083.24823614
2022-06-09,2022-06-09,0.25601184,0.34448869,2568.30573034,7522.65180227
2022-06-10,2022-06-10,0.28878757,0.34885809,1959.26315934,8777.40930177
2022-06-11,2022-06-11,0.29152978,0.29330715,1097.73740715,7784.42825024
2022-06-12,2022-06-12,0.29941407,0.31776765,1452.06622412,6799.39409059
2022-06-13,2022-06-13,1.57298298,0.48717673,21590.29158206,46107.27714127
2022-06-14,2022-06-14,0.81505871,0.54720484,6330.9999,24463.17214812
2022-06-15,2022-06-15,1.06399807,0.65539757,5620.65990667,33146.73193687
2022-06-16,2022-06-16,0.83683108,0.73837175,8790.81668805,22867.24610365
2022-06-17,2022-06-17,0.63589774,0.78795892,4190.64846937,18146.61389235
2022-06-18,2022-06-18,0.91888944,0.87758173,5779.07163698,26853.62505929
2022-06-19,2022-06-19,0.6985464,0.93460063,3716.68181663,14800.80111575
2022-06-20,2022-06-20,0.45700128,0.77517467,3926.99881187,11409.03703393
2022-06-21,2022-06-21,0.44803884,0.72274326,3275.48689658,12260.58288507
2022-06-22,2022-06-22,0.64667685,0.66312595,8501.91410253,18192.95971099
2022-06-23,2022-06-23,0.4167032,0.60310768,3266.38986883,11741.02924175
2022-06-24,2022-06-24,0.46910344,0.57927992,5254.70002195,13994.76288882
2022-06-25,2022-06-25,0.18507254,0.47444894,755.8998675,4599.97787763
2022-06-26,2022-06-26,0.25204174,0.41066256,2054.06760847,5204.91399276
2022-06-27,2022-06-27,0.30500323,0.38894855,2332.15184632,7845.29302848
2022-06-28,2022-06-28,0.34453362,0.37416209,2956.4161008,9329.62597173
2022-06-29,2022-06-29,0.36595247,0.33405861,2682.51182424,10175.6743673
2022-06-30,2022-06-30,0.44572091,0.33820399,3031.56606516,13471.46886026
2022-07-01,2022-07-01,0.46775509,0.33801137,6343.46042427,15238.99299222
2022-07-02,2022-07-02,0.20333603,0.34062044,1240.18443972,5501.05295089
2022-07-03,2022-07-03,0.26939657,0.3430997,2060.20646717,5724.6770692
2022-07-04,2022-07-04,0.30228856,0.34271189,2274.7179024,7634.5998892
2022-07-05,2022-07-05,0.39244866,0.3495569,3947.26800814,10553.33692126
2022-07-06,2022-07-06,0.25643064,0.33391092,2042.79117112,7490.59530359
2022-07-07,2022-07-07,0.32606426,0.31681712,2485.14201389,10047.01817282
2022-07-08,2022-07-08,0.48589879,0.31940907,4469.01944832,15191.62578832
2022-07-09,2022-07-09,0.20666824,0.3198851,1342.11131264,5075.97855673
2022-07-10,2022-07-10,0.27113797,0.32013387,2296.5939984,5424.65729678
2022-07-11,2022-07-11,0.53553601,0.35345494,5121.50299948,12423.36445934
2022-07-12,2022-07-12,0.38072293,0.35177983,2823.66774709,10808.34323482
2022-07-13,2022-07-13,0.41100815,0.37386234,3137.16515249,9756.5113649
2022-07-14,2022-07-14,0.37913304,0.38144359,4210.53644404,11804.68629625
2022-07-15,2022-07-15,0.30287215,0.35529693,2418.21697759,9318.77033597
2022-07-16,2022-07-16,0.21485636,0.35646666,1475.27512375,5519.01541688
2022-07-17,2022-07-17,0.99676392,0.46012751,17410.14351909,20919.08445127
2022-07-18,2022-07-18,0.43965227,0.44642983,3349.0996,11771.24993391
2022-07-19,2022-07-19,0.42843133,0.45324532,2602.0928438,12985.75346664
2022-07-20,2022-07-20,0.60325053,0.48070851,6975.37035379,17775.98330664
2022-07-21,2022-07-21,0.34619085,0.47600249,3038.75717493,10401.99635203
2022-07-22,2022-07-22,0.3315638,0.48010129,2836.80809457,10172.70902233
2022-07-23,2022-07-23,0.2367472,0.48322856,2034.80037659,5996.33306313
2022-07-24,2022-07-24,0.25666738,0.37750048,1842.02301315,5324.30811047
2022-07-25,2022-07-25,0.39747216,0.37147475,3129.54342023,10424.89972682
2022-07-26,2022-07-26,0.35326912,0.36073729,2544.91642293,9788.38087067
2022-07-27,2022-07-27,0.3740736,0.32799773,2317.41425495,10561.21989644
2022-07-28,2022-07-28,0.41855961,0.33833612,4203.4666941,13728.75529663
2022-07-29,2022-07-29,0.53143943,0.36688979,7354.10770454,17470.00849371
2022-07-30,2022-07-30,0.22023824,0.36453136,1240.70904679,5995.10522374
2022-07-31,2022-07-31,0.21242436,0.35821093,1309.94014394,4524.42653898
2022-08-01,2022-08-01,0.36548973,0.35364201,2916.522549,9464.35663408
2022-08-02,2022-08-02,0.2958661,0.34544158,2026.92914092,8656.74636034
2022-08-03,2022-08-03,0.2603116,0.32918987,2169.30053335,8691.80444192
2022-08-04,2022-08-04,0.29097501,0.3109635,2891.1659362,10070.64492999
2022-08-05,2022-08-05,0.28411698,0.27563172,2246.42187662,8766.997561
2022-08-06,2022-08-06,0.1344969,0.26338295,1024.74228652,3728.11963237
2022-08-07,2022-08-07,0.18906704,0.26004619,1412.95389256,3878.14306523
2022-08-08,2022-08-08,0.33345137,0.25546929,2204.67944394,9115.56016579
2022-08-09,2022-08-09,0.34935644,0.26311076,2935.3694408,9284.84615379
2022-08-10,2022-08-10,0.5660808,0.30679208,6963.29932775,16193.87337956
2022-08-11,2022-08-11,0.35242046,0.31557,3121.86996577,11513.5764212
2022-08-12,2022-08-12,0.23598702,0.30869429,1686.04522251,7377.19009208
2022-08-13,2022-08-13,0.2429467,0.32418712,1732.41966776,6562.23322155
2022-08-14,2022-08-14,0.19590203,0.32516355,773.74865988,4171.53793033
2022-08-15,2022-08-15,0.37521987,0.33113047,2000.07840613,9437.53008197
2022-08-16,2022-08-16,0.3509146,0.33135307,4569.33381169,10224.2479304
2022-08-17,2022-08-17,0.36693641,0.30290387,3121.26603183,10094.78765785
2022-08-18,2022-08-18,0.35508354,0.30328431,4049.01290041,10035.01585843
2022-08-19,2022-08-19,0.56517153,0.35031067,5779.44107294,17357.54795457
2022-08-20,2022-08-20,0.20099057,0.34431694,1102.35298493,4920.45009866
2022-08-21,2022-08-21,0.18447173,0.34268404,1279.2679796,3656.22976674
2022-08-22,2022-08-22,0.37857317,0.34316308,3378.23528223,9443.88640967
2022-08-23,2022-08-23,0.25199253,0.32903135,1240.30965746,6535.6783722
2022-08-24,2022-08-24,0.30894694,0.32074714,2085.75113609,8052.70207791
2022-08-25,2022-08-25,0.28599856,0.31087786,2754.41760367,7771.15291725
2022-08-26,2022-08-26,0.38100017,0.28456767,3247.62405999,10953.37393581
2022-08-27,2022-08-27,0.40758372,0.31408097,3544.85882705,10051.82959321
2022-08-28,2022-08-28,0.38021813,0.34204475,4007.9643928,7358.74162827
2022-08-29,2022-08-29,0.39365417,0.34419917,3333.62913651,9798.44582246
2022-08-30,2022-08-30,0.44681432,0.37203086,3938.555665,11928.15520905
2022-08-31,2022-08-31,0.52534932,0.40294548,5497.52442,14520.12976232
2022-09-01,2022-09-01,0.31297953,0.40679991,2585.43014654,9133.68154967
2022-09-02,2022-09-02,0.59145554,0.43686496,8459.50875028,18292.53693488
2022-09-03,2022-09-03,0.20535515,0.40797517,1885.01627103,5403.92064928
2022-09-04,2022-09-04,0.46720889,0.42040242,4850.0508815,9399.77567556
2022-09-05,2022-09-05,0.60166514,0.45011827,7533.75897491,14341.89200076
2022-09-06,2022-09-06,0.46994096,0.45342208,3727.99988672,12478.34236612
2022-09-07,2022-09-07,0.38746782,0.43372472,2289.79016132,10380.65039843
2022-09-08,2022-09-08,0.54735536,0.46720698,7070.43894644,15139.84923593
2022-09-09,2022-09-09,0.44743181,0.44663216,5249.71573129,14817.599392
2022-09-10,2022-09-10,0.30095039,0.46028862,3503.20689468,7910.1799845
2022-09-11,2022-09-11,0.32480505,0.43994522,3255.7326276,6763.74033316
2022-09-12,2022-09-12,0.53482102,0.43039606,4192.06133391,14244.42303009
2022-09-13,2022-09-13,0.59460803,0.44820564,5081.63258251,15618.56915748
2022-09-14,2022-09-14,0.38613595,0.44801537,2821.82381519,10301.7209404
2022-09-15,2022-09-15,0.40661948,0.42791025,2892.02018409,11204.80629105
2022-09-16,2022-09-16,0.3490708,0.41385867,2005.33258051,9848.68365492
2022-09-17,2022-09-17,0.35316498,0.4213179,4612.73940582,9055.15021372
2022-09-18,2022-09-18,0.29760835,0.41743266,2076.29293503,6115.8514949
2022-09-19,2022-09-19,0.5072062,0.41348768,3979.72383211,12219.61167278
2022-09-20,2022-09-20,0.37436766,0.38202477,2474.15045706,9570.33485337
2022-09-21,2022-09-21,0.55720705,0.4064635,6110.36075751,14642.28686087
2022-09-22,2022-09-22,0.4564906,0.41358795,2689.5082567,11580.25342872
2022-09-23,2022-09-23,0.50340645,0.4356359,5494.02199764,15037.75741964
2022-09-24,2022-09-24,0.21598898,0.41603933,1819.43405594,5171.64024324
2022-09-25,2022-09-25,0.26529606,0.41142329,2538.52840598,5279.39161496
2022-09-26,2022-09-26,0.34541666,0.38831049,2198.16053798,8726.95195101
2022-09-27,2022-09-27,0.6756806,0.4313552,3910.14064809,19086.62566538
2022-09-28,2022-09-28,0.72954137,0.45597439,11205.56662323,19500.6408893
2022-09-29,2022-09-29,0.5568089,0.47030557,7098.00543259,15506.01417423
2022-09-30,2022-09-30,0.46340041,0.46459043,4460.51721355,14819.08172874
2022-10-01,2022-10-01,0.22689317,0.46614817,2388.23552723,5815.04504998
2022-10-02,2022-10-02,0.18748183,0.45503185,892.36833452,3949.30485273
2022-10-03,2022-10-03,0.30942688,0.44989045,2315.80335678,8489.12638335
2022-10-04,2022-10-04,0.33468782,0.4011772,2476.58094385,9619.26257315
2022-10-05,2022-10-05,0.36065196,0.34847871,2789.67658427,9858.42134565
2022-10-06,2022-10-06,0.3085172,0.31300847,2083.41040161,8567.21404846
2022-10-07,2022-10-07,0.43491279,0.30893881,3980.339952,12331.95205245
2022-10-08,2022-10-08,0.29645582,0.31887633,3705.39247788,7252.7917197
2022-10-09,2022-10-09,0.22282665,0.32392559,1430.0910017,4485.94616367
2022-10-10,2022-10-10,0.30096595,0.32271688,1681.1112613,7244.55139575
2022-10-11,2022-10-11,0.43018083,0.33635874,2210.10625432,10757.53198553
2022-10-12,2022-10-12,0.31810213,0.3302802,1903.12720422,8004.08573652
2022-10-13,2022-10-13,0.5095387,0.35899755,3306.73896218,14658.40918809
2022-10-14,2022-10-14,0.45228555,0.36147938,3813.95814949,13937.17913191
2022-10-15,2022-10-15,0.18807847,0.3459969,1717.24357633,4708.35653015
2022-10-16,2022-10-16,0.17639129,0.33936327,795.21052116,3545.81779557
2022-10-17,2022-10-17,0.31366184,0.34117697,2078.41293356,7997.43605959
2022-10-18,2022-10-18,0.4116892,0.33853531,2595.79965405,10593.99812426
2022-10-19,2022-10-19,0.37766977,0.34704497,3137.18236489,9520.29959725
2022-10-20,2022-10-20,0.35787892,0.32537929,2380.86060848,9146.31159132
2022-10-21,2022-10-21,0.28123941,0.30094413,1561.9294598,7967.51234685
2022-10-22,2022-10-22,0.23224043,0.30725298,1825.67270601,5441.16103052
2022-10-23,2022-10-23,0.20636237,0.31153456,768.69606116,4089.89582055
2022-10-24,2022-10-24,0.34673945,0.31625994,3045.84471479,8402.88376309
2022-10-25,2022-10-25,0.45991097,0.32314876,2336.22692132,11358.88115999
2022-10-26,2022-10-26,0.50545294,0.3414035,3102.79773159,16048.63618614
2022-10-27,2022-10-27,0.45031705,0.35460895,3436.30088239,12069.39755703
2022-10-28,2022-10-28,0.31104727,0.35886721,2811.99851016,10393.02238989
2022-10-29,2022-10-29,0.3247298,0.37207998,2506.96085031,8631.31815933
2022-10-30,2022-10-30,0.27163122,0.3814041,886.53760957,5814.26615983
2022-10-31,2022-10-31,0.45283466,0.39656056,3748.93891431,13502.17117255
2022-11-01,2022-11-01,0.471389,0.39820028,3115.87520722,13113.57060636
2022-11-02,2022-11-02,0.49149275,0.39620596,3536.31802623,12892.34627792
2022-11-03,2022-11-03,0.43133206,0.39349382,3340.21506726,12654.41998096
2022-11-04,2022-11-04,0.43295969,0.41090988,4045.45562,13550.33947053
2022-11-05,2022-11-05,0.34712132,0.41410867,2450.94610402,9320.20750366
2022-11-06,2022-11-06,0.38876449,0.430842,2647.11270433,8445.51969869
2022-11-07,2022-11-07,0.89822154,0.49446869,4464.18808205,23556.75807363
2022-11-08,2022-11-08,1.2485844,0.60549661,5247.38797247,37140.39147955
2022-11-09,2022-11-09,1.27544918,0.71749038,5733.16300412,39986.60711371
2022-11-10,2022-11-10,1.14240295,0.81907194,5247.96084689,34040.18078556
2022-11-11,2022-11-11,0.86133193,0.88026797,4833.30426246,25212.04704041
2022-11-12,2022-11-12,0.71463045,0.93276928,2878.96698367,17300.48855276
2022-11-13,2022-11-13,0.63754363,0.96830915,3436.23442589,14343.45661644
2022-11-14,2022-11-14,1.06853734,0.99263998,8899.72386108,25821.2047822
2022-11-15,2022-11-15,0.53877783,0.89123904,2674.47113706,15289.97591628
2022-11-16,2022-11-16,0.71436918,0.81108476,4638.3146997,19333.6874537
2022-11-17,2022-11-17,0.49236948,0.71822283,2337.12124019,12749.90772079
2022-11-18,2022-11-18,4.90583198,1.29600856,130881.08538361,148156.12567298
2022-11-19,2022-11-19,0.2868368,1.23489518,1409.76591141,7437.67812855
2022-11-20,2022-11-20,0.37803483,1.19782249,1837.1823038,7884.67249384
2022-11-21,2022-11-21,0.73824672,1.15063812,3250.64545182,19223.94456304
2022-11-22,2022-11-22,0.82687527,1.19179489,3477.54769418,20836.430054
2022-11-23,2022-11-23,0.71833334,1.1923612,3911.23991082,20020.66853718
2022-11-24,2022-11-24,0.45659665,1.1872508,2092.23728537,11544.58967747
2022-11-25,2022-11-25,0.55445363,0.56562532,3453.16304713,14604.30867764
2022-11-26,2022-11-26,0.45167301,0.58917335,3895.00774196,10308.53301226
2022-11-27,2022-11-27,0.49622006,0.60605695,4982.15818374,9981.46650351
2022-11-28,2022-11-28,0.44189781,0.5637214,1830.52451377,10884.38500091
2022-11-29,2022-11-29,0.60444335,0.53194541,3366.7907332,15994.17540746
2022-11-30,2022-11-30,0.67504568,0.52576146,5569.05873052,19014.01163705
2022-12-01,2022-12-01,0.5868041,0.54436252,3837.04663544,17234.43642728
2022-12-02,2022-12-02,0.38488756,0.5201388,2250.68392964,11276.82068689
2022-12-03,2022-12-03,0.26396518,0.49332339,1441.66290333,6786.54483702
2022-12-04,2022-12-04,0.25344981,0.45864193,1048.72063089,5118.16554151
2022-12-05,2022-12-05,0.60252335,0.48158843,3500.899,15587.2790586
2022-12-06,2022-12-06,0.40031616,0.45242741,1763.49578377,10245.6918131
2022-12-07,2022-12-07,0.4455053,0.41963592,1899.63351867,11464.63331298
2022-12-08,2022-12-08,0.459512,0.40145134,1743.8105554,12061.73044858
2022-12-09,2022-12-09,0.39476613,0.40286256,2214.1629895,11072.79522298
2022-12-10,2022-12-10,0.26907111,0.40359198,1371.57688434,6458.24486632
2022-12-11,2022-12-11,0.26983613,0.40593288,1295.06151875,5239.94786734
2022-12-12,2022-12-12,0.44866144,0.38395261,1786.31782496,10998.03779694
2022-12-13,2022-12-13,0.61799125,0.41504905,2721.17426937,16906.38673941
2022-12-14,2022-12-14,0.60911807,0.4384223,2673.73460979,16409.64092245
2022-12-15,2022-12-15,0.45671073,0.43802212,1801.26848491,12438.97338223
2022-12-16,2022-12-16,0.46497108,0.4480514,2629.91148515,12449.60067927
2022-12-17,2022-12-17,0.4071917,0.46778291,3010.3772204,10594.72085685
2022-12-18,2022-12-18,0.49513277,0.49996815,4651.04951258,9353.55313056
2022-12-19,2022-12-19,0.55254286,0.51480835,2820.42106535,13124.55044016
2022-12-20,2022-12-20,0.52978348,0.50220724,2751.26249568,13700.73048274
2022-12-21,2022-12-21,0.38749731,0.47054713,1968.88758765,10107.47986794
2022-12-22,2022-12-22,0.41188443,0.46414338,2057.36097599,11204.49215224
2022-12-23,2022-12-23,0.43667839,0.46010156,2667.21026323,12591.6213719
2022-12-24,2022-12-24,0.29125258,0.44353883,2127.16874314,6596.87096054
2022-12-25,2022-12-25,0.20136253,0.40157165,640.10977586,3861.32791028
2022-12-26,2022-12-26,0.28099991,0.3627798,1123.00529836,5352.20533976
2022-12-27,2022-12-27,0.61689052,0.37522367,4693.39759092,13192.2037738
2022-12-28,2022-12-28,0.46164111,0.38581564,1721.18954228,11481.0143253
2022-12-29,2022-12-29,0.48170409,0.39578988,2415.3894707,12170.25382972
2022-12-30,2022-12-30,0.46228196,0.39944753,3326.64350462,13608.194065
2022-12-31,2022-12-31,0.42848609,0.41905232,3787.16084554,11180.48759323
2023-01-01,2023-01-01,0.41641814,0.44977455,2590.6862023,7204.03379823
2023-01-02,2023-01-02,0.39617999,0.46622884,1243.43669265,7808.31149949
2023-01-03,2023-01-03,0.36939118,0.43087179,1803.94986961,8678.47644851
2023-01-04,2023-01-04,1.02903997,0.51192877,14912.57756755,26545.1151917
2023-01-05,2023-01-05,0.37562524,0.49677465,2463.56311222,9648.30981018
2023-01-06,2023-01-06,0.40987522,0.48928798,2562.99463848,11269.92892648
2023-01-07,2023-01-07,0.30414546,0.47152503,2348.14751354,7225.27947055
2023-01-08,2023-01-08,0.26432262,0.4497971,1086.72294513,5174.37952851
2023-01-09,2023-01-09,0.48910577,0.46307221,1798.83383798,12398.83116136
2023-01-10,2023-01-10,0.45540985,0.47536059,1508.04498766,11719.06170316
2023-01-11,2023-01-11,0.44669798,0.39216888,1689.23452306,11262.59626888
2023-01-12,2023-01-12,0.66597275,0.43364709,3194.94767201,20290.85761402
2023-01-13,2023-01-13,0.54543961,0.45301343,2117.41650557,16946.26317775
2023-01-14,2023-01-14,0.70842197,0.51076722,3842.80282677,22223.19731024
2023-01-15,2023-01-15,0.53998477,0.55014753,3047.63679486,11716.04960841
2023-01-16,2023-01-16,0.42307995,0.54071527,1511.29601302,10504.65201207
2023-01-17,2023-01-17,0.40201838,0.53308792,1142.54322347,10152.17016935
2023-01-18,2023-01-18,0.53647797,0.54591363,2593.3984873,14314.30515477
2023-01-19,2023-01-19,0.81620871,0.56737591,11724.9576825,21488.32661554
2023-01-20,2023-01-20,0.45438885,0.55436866,1982.22905008,13092.30583062
2023-01-21,2023-01-21,0.46336983,0.51936121,3299.1302317,13135.14465893
2023-01-22,2023-01-22,0.42331897,0.50269467,1933.58166713,8906.20780044
2023-01-23,2023-01-23,0.47356512,0.50990683,2688.012322,11457.90809215
2023-01-24,2023-01-24,0.38902285,0.50805033,1500.31646001,9815.04658665
2023-01-25,2023-01-25,0.47061107,0.49864077,2058.14931182,12524.37227445
2023-01-26,2023-01-26,0.40941101,0.44052681,1745.20760102,10648.78028723
2023-01-27,2023-01-27,0.43552706,0.43783227,2423.15197834,12018.80476716
2023-01-28,2023-01-28,0.31961736,0.41729621,2783.15579591,7600.18116157
2023-01-29,2023-01-29,0.37995571,0.41110145,1590.99591959,8004.90691849
2023-01-30,2023-01-30,0.68103018,0.44073932,8215.11361663,17104.75397857
2023-01-31,2023-01-31,0.36092281,0.43672503,1565.61040401,9687.88993464
2023-02-01,2023-02-01,0.38616548,0.42466137,2222.27250726,11418.14094241
2023-02-02,2023-02-02,0.48157137,0.43497,2056.24028208,14393.20506228
2023-02-03,2023-02-03,0.36323221,0.42464216,2312.45799518,10601.29516128
2023-02-04,2023-02-04,0.26745709,0.41719069,2025.4971124,6960.30325733
2023-02-05,2023-02-05,0.28915198,0.40421873,1330.48584937,5969.54262089
2023-02-06,2023-02-06,0.41031511,0.36554515,1499.57350169,10077.7493504
2023-02-07,2023-02-07,0.3299652,0.36112263,2326.90209623,8592.95362305
2023-02-08,2023-02-08,0.31910434,0.35154247,1515.4515418,8093.44340383
2023-02-09,2023-02-09,0.44509376,0.34633138,3002.92781102,12338.88927477
2023-02-10,2023-02-10,0.56814387,0.37560448,2257.40125337,16703.99802127
2023-02-11,2023-02-11,0.24499963,0.37239627,1064.02595168,5830.01115986
2023-02-12,2023-02-12,0.28526933,0.37184161,1376.54107322,5778.70080074
2023-02-13,2023-02-13,0.45694921,0.37850362,2315.16659557,11178.34849072
2023-02-14,2023-02-14,0.47584992,0.39934429,2016.627596,11905.76493507
2023-02-15,2023-02-15,0.56329474,0.43422864,2635.47021193,15509.75747473
2023-02-16,2023-02-16,0.51864203,0.44473553,2933.03709459,18571.01519127
2023-02-17,2023-02-17,0.46211335,0.42958832,1551.87383297,13231.69156722
2023-02-18,2023-02-18,0.27334034,0.43363699,1730.50024157,7269.48630551
2023-02-19,2023-02-19,0.29847899,0.43552408,1176.38199016,7224.68384283
2023-02-20,2023-02-20,0.44395338,0.43366754,1245.20662512,10171.41587764
2023-02-21,2023-02-21,0.48802809,0.43540727,1905.8113034,12801.46489025
2023-02-22,2023-02-22,0.41365354,0.41402996,1630.32710174,10687.56639456
2023-02-23,2023-02-23,0.43521452,0.40211174,1674.49730945,11430.90946544
2023-02-24,2023-02-24,0.47960685,0.40461082,2176.62900056,12857.3004494
2023-02-25,2023-02-25,0.34749636,0.41520453,1248.61195605,7307.84847758
2023-02-26,2023-02-26,0.26451541,0.41035259,866.27393515,5201.43109911
2023-02-27,2023-02-27,0.46067059,0.41274077,1555.04943886,10862.15192002
2023-02-28,2023-02-28,0.42777614,0.40413334,2776.05522116,11194.47390745
2023-03-01,2023-03-01,0.43919917,0.40778272,3120.54237356,12732.38405563
2023-03-02,2023-03-02,0.31889124,0.39116511,1028.32041179,8621.86257065
2023-03-03,2023-03-03,0.51962883,0.39688253,2686.67174102,15556.64800741
2023-03-04,2023-03-04,0.33177557,0.39463671,2334.46230212,7979.53433423
2023-03-05,2023-03-05,0.40573069,0.41481032,2760.66847073,9280.2780628
2023-03-06,2023-03-06,0.46999605,0.41614253,2136.1448371,11227.7356938
2023-03-07,2023-03-07,0.46367474,0.4212709,1517.32146142,13176.70879804
2023-03-08,2023-03-08,0.4670995,0.42525666,1687.37223835,11557.44287213
2023-03-09,2023-03-09,0.6290197,0.46956073,3624.88085129,17220.6724058
2023-03-10,2023-03-10,0.6760054,0.49190024,3238.27192961,19345.2465727
2023-03-11,2023-03-11,0.93437036,0.57798521,5793.07705564,22808.91496739
2023-03-12,2023-03-12,0.85501705,0.64216897,3472.48499024,17294.42988272
2023-03-13,2023-03-13,1.53510861,0.79432791,19809.13542976,45402.37213589
2023-03-14,2023-03-14,0.98752293,0.86916336,6911.95897287,31103.02235811
2023-03-15,2023-03-15,0.6396249,0.89380985,4590.2824584,17781.57223734
2023-03-16,2023-03-16,0.64521385,0.8961233,2485.53809055,16781.36701998
2023-03-17,2023-03-17,0.77297751,0.90997646,3407.79383488,25216.07225355
2023-03-18,2023-03-18,0.61561379,0.86443981,3320.63313545,15953.6314358
2023-03-19,2023-03-19,0.49674141,0.81325757,1566.96101148,10725.64061618
2023-03-20,2023-03-20,0.73942998,0.6995892,3626.23744989,19908.41270094
2023-03-21,2023-03-21,0.54054314,0.63573494,2384.54738221,14108.71639652
2023-03-22,2023-03-22,0.63986787,0.63576965,2816.95442263,16991.69120488
2023-03-23,2023-03-23,0.58326055,0.62691918,2467.27588145,15204.43594298
2023-03-24,2023-03-24,0.42359296,0.5770071,1996.44827363,11172.68794331
2023-03-25,2023-03-25,0.27299205,0.52806114,1082.7096962,6420.22696162
2023-03-26,2023-03-26,0.24177352,0.49163715,758.39046038,4717.48490271
2023-03-27,2023-03-27,0.36314415,0.43788203,973.8059467,8436.56497951
2023-03-28,2023-03-28,0.5673675,0.44171409,4979.68636155,14128.58557017
2023-03-29,2023-03-29,0.41124556,0.40905376,1413.76770323,11323.64643203
2023-03-30,2023-03-30,0.62712314,0.41531984,5939.074404,17586.41418929
2023-03-31,2023-03-31,0.41216378,0.4136871,2686.17737981,11804.37066966
2023-04-01,2023-04-01,0.21778606,0.40580053,1172.0091052,5945.34164913
2023-04-02,2023-04-02,0.22573592,0.40350944,831.38931663,4589.88844702
2023-04-03,2023-04-03,0.38153294,0.40613641,1525.58595273,9257.13361938
2023-04-04,2023-04-04,0.26580198,0.36305563,1029.00270185,7979.37536122
2023-04-05,2023-04-05,0.41539974,0.36364908,1815.61063636,11463.78650383
2023-04-06,2023-04-06,0.27450123,0.31327452,1632.02571556,7788.69779074
2023-04-07,2023-04-07,0.23484743,0.28794361,1477.65794046,6487.6602028
2023-04-08,2023-04-08,0.19595748,0.28482525,1209.84215656,4799.58655222
2023-04-09,2023-04-09,0.21802587,0.28372381,757.2125358,4111.09587756
2023-04-10,2023-04-10,0.44969243,0.29346088,1683.49985329,10295.70819335
2023-04-11,2023-04-11,0.4812939,0.32424544,3376.68612307,15488.51892148
2023-04-12,2023-04-12,0.39614025,0.32149408,1703.1391318,10950.50501259
2023-04-13,2023-04-13,0.31904086,0.32785689,1524.69698796,9207.83838236
2023-04-14,2023-04-14,0.31113242,0.33875474,1407.15819546,9492.33890218
2023-04-15,2023-04-15,0.17511774,0.33577764,785.36018713,4473.38262754
2023-04-16,2023-04-16,0.33387053,0.35232688,2859.21155158,6513.81413289
2023-04-17,2023-04-17,0.39668459,0.34475433,1694.05328025,9764.39121105
2023-04-18,2023-04-18,0.3087501,0.32010521,976.41915717,7944.14006807
2023-04-19,2023-04-19,0.47048491,0.33072588,2485.13958589,11968.6655464
2023-04-20,2023-04-20,0.45387787,0.34998831,3059.82148544,12158.02660382
2023-04-21,2023-04-21,0.71612438,0.4078443,7978.40709874,20373.7385173
2023-04-22,2023-04-22,0.25926807,0.41986578,1509.49516931,5957.20242762
2023-04-23,2023-04-23,0.2148812,0.4028673,648.30007081,4005.38555435
2023-04-24,2023-04-24,0.38388341,0.40103856,1258.92083948,8787.47514176
2023-04-25,2023-04-25,0.44024285,0.41982324,1629.84546065,10785.0693781
2023-04-26,2023-04-26,0.49921145,0.42392703,1566.11789312,13310.97398276
2023-04-27,2023-04-27,0.4665201,0.42573307,2425.63353301,12310.99892736
2023-04-28,2023-04-28,0.30819049,0.3674568,1251.1065588,8876.81072862
2023-04-29,2023-04-29,0.19618167,0.35844445,692.16472264,4786.63656883
2023-04-30,2023-04-30,0.36331355,0.37964907,2255.97771301,7545.65919622
2023-05-01,2023-05-01,0.42800705,0.38595245,2161.17520745,10074.42984896
2023-05-02,2023-05-02,0.30017308,0.36594248,1137.19808374,6541.97211153
2023-05-03,2023-05-03,0.33658594,0.34271027,1213.7363634,9457.05506924
2023-05-04,2023-05-04,0.33254157,0.32357048,1141.76734635,8274.96449855
2023-05-05,2023-05-05,0.36733417,0.33201958,1539.87045179,9185.92547678
2023-05-06,2023-05-06,0.30730091,0.34789375,1312.63295942,6833.14305791
2023-05-07,2023-05-07,0.23165196,0.32908495,943.63967419,3144.67536141
2023-05-08,2023-05-08,0.40836623,0.32627912,1180.2429847,6475.46326709
2023-05-09,2023-05-09,0.55497112,0.36267884,1638.32815863,11061.68435146
2023-05-10,2023-05-10,0.4493018,0.37878111,1632.33114784,10095.8114582
2023-05-11,2023-05-11,0.66520864,0.42630498,4831.53115019,13672.03325085
2023-05-12,2023-05-12,0.6062119,0.46043037,2052.56936669,13414.86310256
2023-05-13,2023-05-13,0.28831997,0.4577188,1091.09255611,5138.1501668
2023-05-14,2023-05-14,0.29204466,0.46634633,822.5761458,4942.27183225
2023-05-15,2023-05-15,0.42123299,0.46818444,1199.71235526,8020.27622099
2023-05-16,2023-05-16,0.46525121,0.45536731,1546.7053576,9271.5260682
2023-05-17,2023-05-17,0.53663828,0.46784395,1572.25323998,11145.97711121
2023-05-18,2023-05-18,0.51021235,0.44570162,3225.22191889,10032.81573701
2023-05-19,2023-05-19,0.36128386,0.4107119,1764.23078793,7994.85062105
2023-05-20,2023-05-20,0.23805124,0.40353066,663.51843014,4277.30475072
2023-05-21,2023-05-21,0.28780132,0.40292446,925.08294296,4428.68666945
2023-05-22,2023-05-22,0.40645271,0.400813,1741.99866082,7772.59518028
2023-05-23,2023-05-23,0.50792742,0.4069096,2126.73205072,10376.95714076
2023-05-24,2023-05-24,0.51849712,0.404318,1357.48872625,10490.23382067
2023-05-25,2023-05-25,0.46694883,0.3981375,1315.72749882,9779.30938334
2023-05-26,2023-05-26,0.42115847,0.40669102,1947.50268912,9843.73696098
2023-05-27,2023-05-27,0.32603245,0.41925976,847.71245101,6273.51643497
2023-05-28,2023-05-28,0.50724307,0.45060858,996.38122041,8345.16305056
2023-05-29,2023-05-29,0.52951023,0.46818823,1355.98207889,9905.01838195
2023-05-30,2023-05-30,0.47262731,0.46314535,1280.69878638,9444.98408522
2023-05-31,2023-05-31,0.66417676,0.48395673,3868.36595958,14245.9274023
2023-06-01,2023-06-01,0.47244288,0.4847416,1544.69943878,11372.17265276
2023-06-02,2023-06-02,0.52144473,0.4990682,1428.81610025,13077.31228105
2023-06-03,2023-06-03,0.61177602,0.53988871,4524.99818768,12968.42810259
2023-06-04,2023-06-04,0.52908614,0.54300915,1909.99920164,9457.41480366
2023-06-05,2023-06-05,0.68477375,0.56518966,2269.35517546,13626.99754771
2023-06-06,2023-06-06,0.84238297,0.61801189,2659.82327962,17023.71736423
2023-06-07,2023-06-07,0.56275462,0.60352302,1891.26833292,15619.8170958
2023-06-08,2023-06-08,0.68146696,0.6333836,3259.99791201,15756.8789981
2023-06-09,2023-06-09,0.58883742,0.64301113,2342.66480787,13909.51757349
2023-06-10,2023-06-10,0.84596558,0.67646678,3059.37665961,18942.86122906
2023-06-11,2023-06-11,0.7533956,0.70851099,2778.65045848,12421.23327886
2023-06-12,2023-06-12,0.85059751,0.73220009,4712.71509848,17403.22506928
2023-06-13,2023-06-13,0.78113434,0.72345029,2449.99937704,16723.30517665
2023-06-14,2023-06-14,0.83496783,0.76233789,4597.47845625,18052.83937915
2023-06-15,2023-06-15,0.96471812,0.80280234,2541.85528544,22110.37463561
2023-06-16,2023-06-16,0.91129221,0.84886731,2340.92872078,21840.02920489
2023-06-17,2023-06-17,0.75268039,0.83554086,1999.9391,15536.07589026
2023-06-18,2023-06-18,0.94610892,0.86307133,2279.94649628,15641.07265722
2023-06-19,2023-06-19,0.77555031,0.8523503,2199.97476248,14863.4216239
2023-06-20,2023-06-20,0.93090676,0.87374636,4153.95971332,20045.21516788
2023-06-21,2023-06-21,1.12309285,0.91490708,2535.64971478,29769.82222426
2023-06-22,2023-06-22,0.86516816,0.90068566,2336.45910361,22788.52945128
2023-06-23,2023-06-23,0.86580037,0.89418682,2532.57683434,22333.32055868
2023-06-24,2023-06-24,0.95957119,0.92374265,2935.75459567,21206.52321094
2023-06-25,2023-06-25,1.03929646,0.93705516,2203.20896327,18614.83890823
2023-06-26,2023-06-26,0.85779962,0.94880506,1829.94013457,18729.19696388
2023-06-27,2023-06-27,0.83671965,0.93534976,2321.83937582,18704.86769189
2023-06-28,2023-06-28,0.81351897,0.89112492,1965.34319156,16712.12021537
2023-06-29,2023-06-29,0.8716614,0.89205252,1689.49041024,21565.77470708
2023-06-30,2023-06-30,0.96562222,0.90631279,2592.82034613,26275.5462286
2023-07-01,2023-07-01,0.70233015,0.86956407,1591.4524284,16172.5564068
2023-07-02,2023-07-02,0.71497214,0.82323202,1518.99750463,13319.93099046
2023-07-03,2023-07-03,0.73275032,0.80536784,3484.99978238,17525.18932954
2023-07-04,2023-07-04,0.8465945,0.80677853,2487.3198992,18752.91469789
2023-07-05,2023-07-05,0.9074801,0.82020155,3668.99990632,20549.88686058
2023-07-06,2023-07-06,0.81744895,0.81245691,2329.34450543,19538.66469638
2023-07-07,2023-07-07,0.72246238,0.77771979,1661.23909315,17892.50323195
2023-07-08,2023-07-08,0.69016396,0.77598176,2018.61698398,14062.09073034
2023-07-09,2023-07-09,0.8548561,0.79596519,1646.85234948,14396.63151998
2023-07-10,2023-07-10,0.89692077,0.81941811,3178.04899956,19100.82476599
2023-07-11,2023-07-11,0.81231357,0.81452083,2464.99835778,17372.95042693
2023-07-12,2023-07-12,0.79569786,0.79855194,1834.03299173,18481.67408873
2023-07-13,2023-07-13,0.94926938,0.81738343,3491.05812646,22432.1847492
2023-07-14,2023-07-14,0.77801987,0.82532022,2956.74480802,21015.87269034
2023-07-15,2023-07-15,0.44626916,0.7904781,1601.91525039,9332.38073813
2023-07-16,2023-07-16,0.63877388,0.75960921,2154.02702967,10903.87013041
2023-07-17,2023-07-17,0.60127285,0.7173738,1499.99749,12466.19004862
2023-07-18,2023-07-18,0.69585307,0.70073658,2154.66524579,14896.82253601
2023-07-19,2023-07-19,0.85720671,0.70952356,5848.57930951,18585.95597398
2023-07-20,2023-07-20,0.63460665,0.66457174,1667.45715492,13928.9814316
2023-07-21,2023-07-21,0.44601852,0.61714298,1493.85537472,10624.16117346
2023-07-22,2023-07-22,0.38454791,0.60832566,1186.92674405,7181.43217329
2023-07-23,2023-07-23,0.54720328,0.59524414,1621.05980645,9197.93993209
2023-07-24,2023-07-24,0.77581609,0.62017889,3575.16848519,15626.48771869
2023-07-25,2023-07-25,0.76051193,0.62941587,3776.98565952,15706.09231687
2023-07-26,2023-07-26,0.88721046,0.63370212,3068.49451102,18665.13371797
2023-07-27,2023-07-27,1.06143358,0.6946774,8200.99514458,24441.63097071
2023-07-28,2023-07-28,0.79777144,0.74492781,2920.29502124,18529.03935543
2023-07-29,2023-07-29,0.75707135,0.79814545,2457.25492906,14940.8030158
2023-07-30,2023-07-30,0.68975713,0.81851028,2865.36246068,11991.42774905
2023-07-31,2023-07-31,0.70469796,0.80835055,3170.99550616,14783.85845493
2023-08-01,2023-08-01,0.70678346,0.80067505,2892.39497754,16593.15526586
2023-08-02,2023-08-02,0.73895279,0.77949539,2942.67388874,17122.27515038
2023-08-03,2023-08-03,0.54068621,0.70510291,2273.69396214,12774.79299675
2023-08-04,2023-08-04,0.5015574,0.66278661,2376.77260767,11074.38731455
2023-08-05,2023-08-05,0.55719111,0.63423229,3286.5684926,12902.87447458
2023-08-06,2023-08-06,0.6150022,0.62355302,2888.0188568,10145.69127977
2023-08-07,2023-08-07,0.86562334,0.64654236,4302.8948662,17188.68257638
2023-08-08,2023-08-08,0.62747761,0.63521295,2124.06056817,13503.94554426
2023-08-09,2023-08-09,0.60213933,0.61566817,2494.75411278,13301.85989749
2023-08-10,2023-08-10,0.54707281,0.61658054,2440.1593538,11621.4676022
2023-08-11,2023-08-11,0.52804198,0.62036405,2656.49967361,12103.77816396
2023-08-12,2023-08-12,0.50314156,0.61264269,2668.59230844,10190.12606418
2023-08-13,2023-08-13,0.56812505,0.60594595,2391.73641899,8851.38835675
2023-08-14,2023-08-14,0.72331277,0.58561587,3352.79400132,14356.31195796
2023-08-15,2023-08-15,0.70387292,0.59652949,3042.05696522,14506.11710256
2023-08-16,2023-08-16,0.71442165,0.61256982,3223.29105842,15654.4071025
2023-08-17,2023-08-17,0.94229274,0.66902981,5126.79596354,21866.84524929
2023-08-18,2023-08-18,0.72165365,0.69668862,3102.96741921,17531.85366795
2023-08-19,2023-08-19,0.4798269,0.69335795,2094.15328064,9230.43014058
2023-08-20,2023-08-20,0.52670687,0.68744107,1739.36832173,8074.41635916
2023-08-21,2023-08-21,0.61255034,0.67161787,1796.96762161,11656.83299891
2023-08-22,2023-08-22,0.65201858,0.6642101,2661.55711062,13489.61242586
2023-08-23,2023-08-23,0.96946608,0.70064502,9020.61106507,19477.54295803
2023-08-24,2023-08-24,0.60584962,0.65258172,2732.25317402,12808.87277076
2023-08-25,2023-08-25,0.47075725,0.61673938,2022.35722106,11001.12627316
2023-08-26,2023-08-26,0.41733173,0.6078115,1800.10768808,8288.20810084
2023-08-27,2023-08-27,0.50166423,0.60423398,2652.51458115,7605.22975837
2023-08-28,2023-08-28,0.40892255,0.57514429,1299.6872662,7834.13826772
2023-08-29,2023-08-29,0.66966736,0.57766555,3561.12788676,14709.24359881
2023-08-30,2023-08-30,0.5419373,0.51659001,1746.80892171,11011.62399459
2023-08-31,2023-08-31,0.58341872,0.51338559,3249.35525131,14094.81280572
2023-09-01,2023-09-01,0.72535785,0.54975711,4984.65387035,18561.1821512
2023-09-02,2023-09-02,0.40353129,0.54778561,1697.7469018,8459.6300246
2023-09-03,2023-09-03,0.4441112,0.53956375,1651.9040372,7228.79808246
2023-09-04,2023-09-04,0.43830225,0.54376085,1489.1075616,7952.11768391
2023-09-05,2023-09-05,0.46401396,0.5143818,1684.11744572,8868.69876291
2023-09-06,2023-09-06,0.45954875,0.502612,1713.58879216,9498.41318985
2023-09-07,2023-09-07,0.50541411,0.49146849,2053.33270341,10622.79380426
2023-09-08,2023-09-08,0.42940823,0.44918997,1924.08641685,9309.99986511
2023-09-09,2023-09-09,0.36205591,0.44326492,2060.9444056,7182.10301503
2023-09-10,2023-09-10,0.47085577,0.44708557,1896.72436678,7344.87922064
2023-09-11,2023-09-11,0.55701302,0.46404425,1933.19419509,10887.93351392
2023-09-12,2023-09-12,0.5986475,0.48327761,1955.46953864,12090.88357215
2023-09-13,2023-09-13,0.45102713,0.48206024,1516.851432,9188.77575762
2023-09-14,2023-09-14,0.52774041,0.48524971,1978.71073502,11172.79232422
2023-09-15,2023-09-15,0.4143858,0.48310365,1810.88844582,9686.68245084
2023-09-16,2023-09-16,0.40011422,0.48854055,1528.87906795,7399.31224199
2023-09-17,2023-09-17,0.35511106,0.47200559,1232.97713798,5254.22319146
2023-09-18,2023-09-18,0.57637562,0.47477168,1554.95534104,10264.67349322
2023-09-19,2023-09-19,0.55315202,0.46827232,2747.6145558,11289.2796501
2023-09-20,2023-09-20,0.56615108,0.4847186,2861.80823915,11833.12379884
2023-09-21,2023-09-21,0.53381894,0.48558696,2394.61375262,10751.64720558
2023-09-22,2023-09-22,0.51828557,0.50042979,4442.20388952,10700.00566709
2023-09-23,2023-09-23,0.28005852,0.48327897,1042.07810262,5296.74671304
2023-09-24,2023-09-24,0.49193893,0.50282581,1826.88646889,7527.6494304
2023-09-25,2023-09-25,0.62384237,0.50960678,2144.91940704,12010.83715828
2023-09-26,2023-09-26,0.56646098,0.51150806,2046.17494832,11141.15446384
2023-09-27,2023-09-27,0.59617712,0.51579749,1990.58080191,12151.87826486
2023-09-28,2023-09-28,0.76873658,0.54935715,5812.0852494,16602.40386725
2023-09-29,2023-09-29,0.39758266,0.53211388,1857.05054128,9844.94187917
2023-09-30,2023-09-30,0.31512753,0.53712374,1135.8661348,6402.13083526
2023-10-01,2023-10-01,0.38369408,0.52166019,1981.00005741,6669.75425851
2023-10-02,2023-10-02,0.68377411,0.53022187,2535.65437472,15159.95583056
2023-10-03,2023-10-03,0.45769443,0.51468379,1530.79655244,9775.43754759
2023-10-04,2023-10-04,0.41422772,0.48869102,1620.14908726,8635.81959611
2023-10-05,2023-10-05,0.48902173,0.44873175,1407.22102556,10602.48022422
2023-10-06,2023-10-06,0.47574061,0.45989717,2123.36246872,10773.62188433
2023-10-07,2023-10-07,0.33812417,0.46318241,1109.17892274,6533.23517908
2023-10-08,2023-10-08,0.34499553,0.45765404,1301.76825129,5148.3683208
2023-10-09,2023-10-09,0.63322952,0.45043339,2078.29287266,11177.76752294
2023-10-10,2023-10-10,0.46716157,0.45178584,1613.00755331,9044.24794584
2023-10-11,2023-10-11,0.69968179,0.49256499,3924.89592325,13934.86255274
2023-10-12,2023-10-12,0.67119879,0.51859028,3125.64996339,13745.47999369
2023-10-13,2023-10-13,0.44400473,0.51405659,1524.60402949,9847.58081821
2023-10-14,2023-10-14,0.30720463,0.50963951,1009.69830213,5729.36630626
2023-10-15,2023-10-15,0.48593795,0.52977414,1892.2392945,7236.58801847
2023-10-16,2023-10-16,0.8254198,0.55722989,3446.35845517,16987.96489002
2023-10-17,2023-10-17,0.58803271,0.5744972,1544.33672581,11912.3665987
2023-10-18,2023-10-18,0.53111349,0.55041601,3200.90989801,10681.75457255
2023-10-19,2023-10-19,0.49576244,0.52535368,1944.64827414,10156.68504106
2023-10-20,2023-10-20,0.70319052,0.56238022,2404.13371333,16893.44905411
2023-10-21,2023-10-21,0.5404416,0.59569979,1793.20446683,10648.8612078
2023-10-22,2023-10-22,0.53746581,0.60306091,1483.81106482,8309.22134764
2023-10-23,2023-10-23,0.76673376,0.59467719,2559.9905869,16289.25863092
2023-10-24,2023-10-24,1.11799035,0.67038542,4849.49537442,26732.26724498
2023-10-25,2023-10-25,0.69006139,0.69309227,2880.62312127,15304.18154555
2023-10-26,2023-10-26,0.57013246,0.70371656,1746.50899401,12124.43692212
2023-10-27,2023-10-27,0.6074132,0.69003408,3462.33075164,13728.75309675
2023-10-28,2023-10-28,0.45888256,0.67838279,1712.91886168,8562.74853739
2023-10-29,2023-10-29,0.3945245,0.6579626,1049.00047679,6076.46631909
2023-10-30,2023-10-30,0.62899592,0.63828577,2200.85449383,11889.28093223
2023-10-31,2023-10-31,0.52697245,0.55385464,1404.41854946,10870.38777034
2023-11-01,2023-11-01,0.67835487,0.55218228,3872.71643813,14453.02895158
2023-11-02,2023-11-02,0.68254588,0.56824134,5122.72832918,15932.66856863
2023-11-03,2023-11-03,0.45325372,0.54621856,1602.54350817,9424.95791915
2023-11-04,2023-11-04,0.34162938,0.5294681,1435.21460145,6660.74795481
2023-11-05,2023-11-05,0.41126147,0.5318591,1476.49688208,6887.39585406
2023-11-06,2023-11-06,0.56055061,0.5220812,1970.53219642,9997.42019364
2023-11-07,2023-11-07,0.31051515,0.49115873,2174.31548606,6198.81403089
2023-11-08,2023-11-08,0.20214895,0.42312931,1593.33811385,3748.65006474
2023-11-09,2023-11-09,0.63250539,0.41598067,3839.07668351,12708.93088653
2023-11-10,2023-11-10,1.59085022,0.57849445,6706.42007106,35720.9508682
2023-11-11,2023-11-11,0.4997575,0.60108418,2108.79821179,8553.34957242
2023-11-12,2023-11-12,0.70250611,0.64269056,2227.00203326,8614.1299444
2023-11-13,2023-11-13,0.56034855,0.6426617,2015.92592235,9274.32881485
2023-11-14,2023-11-14,0.67296776,0.69444064,2851.8142301,11784.33849401
2023-11-15,2023-11-15,0.71335116,0.76746953,3037.95392566,11598.37650322
2023-11-16,2023-11-16,0.47868202,0.74549476,1758.30130022,7574.18559788
2023-11-17,2023-11-17,0.53971542,0.59533265,3405.60042763,10444.57286261
2023-11-18,2023-11-18,0.37583596,0.57762957,2127.04909367,5180.89874183
2023-11-19,2023-11-19,0.4723613,0.54475174,2015.60667618,5628.65730199
2023-11-20,2023-11-20,0.69304331,0.56370813,1971.43464938,10582.07824074
2023-11-21,2023-11-21,0.71623673,0.56988941,3674.94603502,11274.99852861
2023-11-22,2023-11-22,0.7103634,0.56946259,3647.51045777,11487.99684562
2023-11-23,2023-11-23,0.49642249,0.57199694,1605.21142611,7663.2739823
2023-11-24,2023-11-24,0.57104607,0.57647275,2342.68557924,10427.30122756
2023-11-25,2023-11-25,0.44493187,0.5863436,1929.8629226,6261.08126175
2023-11-26,2023-11-26,0.58714594,0.6027414,2052.99952823,6719.88527958
2023-11-27,2023-11-27,0.74051557,0.60952315,3229.32038604,10376.84464341
2023-11-28,2023-11-28,0.63989888,0.59861775,2540.44098309,11241.74355029
2023-11-29,2023-11-29,0.56467815,0.57780557,2728.9506129,10648.70062954
2023-11-30,2023-11-30,0.5921441,0.59148008,2606.80704064,10410.4853925
2023-12-01,2023-12-01,0.58573711,0.5935788,2325.08183741,12564.64667239
2023-12-02,2023-12-02,0.55712357,0.60960619,2409.73034077,8976.93215573
2023-12-03,2023-12-03,0.48806257,0.59545142,1696.79784163,6875.82554674
2023-12-04,2023-12-04,0.90002673,0.61823873,3842.32780986,17765.62757002
2023-12-05,2023-12-05,0.58625516,0.61057534,2191.5889025,9200.10227663
2023-12-06,2023-12-06,0.93558446,0.66356196,3114.66273781,18528.3145748
2023-12-07,2023-12-07,0.9032576,0.70800674,6792.9808369,15222.60036395
2023-12-08,2023-12-08,0.63187593,0.714598,3429.26028773,11551.95571726
2023-12-09,2023-12-09,0.66542538,0.73006969,3482.59022822,10391.28273272
2023-12-10,2023-12-10,0.55962051,0.74029225,2266.58751924,6857.03007136
2023-12-11,2023-12-11,1.16437058,0.77805566,5777.73697974,18452.94492557
2023-12-12,2023-12-12,0.7042273,0.79490882,4124.06800264,13101.4446137
2023-12-13,2023-12-13,0.82757515,0.77947892,3796.30794681,12571.69406581
2023-12-14,2023-12-14,0.41937895,0.7103534,1743.6118435,5989.15079735
2023-12-15,2023-12-15,0.46868328,0.68704016,1800.47961573,7663.44030796
2023-12-16,2023-12-16,0.20749715,0.62162185,1245.95391659,2305.7083513
2023-12-17,2023-12-17,0.73867062,0.64720043,2477.38727465,8226.57464519
2023-12-18,2023-12-18,0.92019608,0.61231836,3238.28441962,13442.2244009
2023-12-19,2023-12-19,0.65282787,0.60497559,3604.3893235,9014.24717022
2023-12-20,2023-12-20,0.86823107,0.61078357,3028.02261155,12390.5255616
2023-12-21,2023-12-21,0.54297427,0.62844005,2060.62511519,7630.96035176
2023-12-22,2023-12-22,0.29764261,0.60400567,1344.38108072,5184.33902191
2023-12-23,2023-12-23,0.19827614,0.60268838,898.37685674,2749.69350379
2023-12-24,2023-12-24,0.28199825,0.53744947,1421.88979935,3256.51578268
2023-12-25,2023-12-25,1.78462542,0.66093938,2380.04942296,17721.33046522
2023-12-26,2023-12-26,0.54937447,0.64616032,2131.73531831,6033.77983414
2023-12-27,2023-12-27,0.51006552,0.59499381,2648.35885628,5743.84779377
2023-12-28,2023-12-28,0.33451315,0.56521365,1473.10838105,4452.70459042
2023-12-29,2023-12-29,0.29965766,0.56550152,1467.28567887,4244.35115526
2023-12-30,2023-12-30,1.61277603,0.76757293,3056.83005219,20745.13812004
2023-12-31,2023-12-31,1.25596442,0.90671095,5174.61716507,13077.10157247
2024-01-01,2024-01-01,0.47020214,0.7189362,1903.72626075,4918.31436745
2024-01-02,2024-01-02,1.25624497,0.8199177,3091.00559481,18388.91391795
2024-01-03,2024-01-03,1.10675403,0.90515891,5752.43280711,15889.66760968
2024-01-04,2024-01-04,0.83829058,0.97712712,2607.51807427,12577.71184653
2024-01-05,2024-01-05,0.83322927,1.05335163,3040.41348548,11876.84998281
2024-01-06,2024-01-06,0.72195617,0.92609165,3725.85383128,8989.79823027
2024-01-07,2024-01-07,0.62940989,0.83658386,2169.97397351,6308.57534374
2024-01-08,2024-01-08,1.16566512,0.93593572,4294.79057314,15291.19502585
2024-01-09,2024-01-09,0.85795703,0.87903744,2475.02837852,12922.54882016
2024-01-10,2024-01-10,1.15623348,0.88610593,3527.9150114,16127.14463637
2024-01-11,2024-01-11,1.43785078,0.97175739,6815.06566282,21518.87479201
2024-01-12,2024-01-12,1.39881925,1.05255596,5356.94970814,20492.70194165
2024-01-13,2024-01-13,0.7232425,1.05273972,2136.05390985,7070.41869404
2024-01-14,2024-01-14,0.75071927,1.07006963,2098.30601641,6170.16164293
2024-01-15,2024-01-15,1.0455472,1.05290993,3593.21872045,12078.16127099
2024-01-16,2024-01-16,0.7372951,1.03567251,1968.11513224,7418.66334194
2024-01-17,2024-01-17,0.81616323,0.98709105,2460.3698799,9803.75275254
2024-01-18,2024-01-18,0.83353517,0.90076025,2701.46080094,10639.24294011
2024-01-19,2024-01-19,0.93393218,0.83434781,2678.65010745,12188.74889878
2024-01-20,2024-01-20,0.58425737,0.81449279,1998.89391991,6581.65925866
2024-01-21,2024-01-21,0.42976744,0.76864253,1787.45226563,4640.62876442
2024-01-22,2024-01-22,1.03798278,0.7675619,3345.30038275,12074.85373312
2024-01-23,2024-01-23,0.99104326,0.80381163,2449.62365975,12006.48913495
2024-01-24,2024-01-24,0.76522677,0.796535,2541.82040115,9484.98584531
2024-01-25,2024-01-25,0.87840049,0.80294433,2453.6978031,10794.66358904
2024-01-26,2024-01-26,0.89055417,0.79674747,3672.1341918,11747.30008978
2024-01-27,2024-01-27,0.52947006,0.78892071,1998.47398313,5868.11666033
2024-01-28,2024-01-28,0.72530641,0.83114056,2295.69402821,6410.983388
2024-01-29,2024-01-29,0.99218492,0.82459801,3736.58836271,10911.05761206
2024-01-30,2024-01-30,0.97198327,0.82187516,4629.13325539,12288.78450501
2024-01-31,2024-01-31,0.74837538,0.81946781,2249.90272536,10008.02399148
2024-02-01,2024-02-01,0.94785384,0.82938972,3996.81362686,13640.56465031
2024-02-02,2024-02-02,0.63903932,0.79345903,2409.60589183,9286.51934791
2024-02-03,2024-02-03,0.52413576,0.79269699,1790.83159909,5445.2464173
2024-02-04,2024-02-04,0.67308071,0.78523617,2061.82083604,6170.13086601
2024-02-05,2024-02-05,0.86261608,0.76672634,3240.28678879,10222.86316925
2024-02-06,2024-02-06,0.6875281,0.72608988,2058.78742218,8838.17375003
2024-02-07,2024-02-07,0.72190609,0.72230856,2115.21639174,8763.93988821
2024-02-08,2024-02-08,0.93005714,0.71976617,3146.51762297,11951.23423899
2024-02-09,2024-02-09,0.92488225,0.76060088,3290.63762279,14239.48704837
2024-02-10,2024-02-10,0.59007041,0.77002011,2111.51708568,7518.67715479
2024-02-11,2024-02-11,0.94284539,0.80855792,4583.92914554,9716.02176948
2024-02-12,2024-02-12,0.82050826,0.80254252,2570.23604498,11917.88251331
2024-02-13,2024-02-13,0.64193671,0.79602946,1840.45401962,8609.65518303
2024-02-14,2024-02-14,0.93538838,0.82652693,5042.56010528,13058.02181792
2024-02-15,2024-02-15,0.67754628,0.79045395,1882.67273523,9227.50280351
2024-02-16,2024-02-16,0.63317831,0.74878196,1802.09784895,8402.90935893
2024-02-17,2024-02-17,0.71328771,0.76638443,2743.70581139,7646.44422704
2024-02-18,2024-02-18,0.73760082,0.73706378,2854.6750703,6733.5579304
2024-02-19,2024-02-19,0.67272292,0.71595159,2214.9059728,7739.00444228
2024-02-20,2024-02-20,0.97528203,0.76357235,3890.19386691,10728.10237466
2024-02-21,2024-02-21,1.17864885,0.79832385,5807.58504202,13284.55116787
2024-02-22,2024-02-22,0.8650713,0.82511313,3381.32023904,10117.87389942
2024-02-23,2024-02-23,0.86608161,0.85838503,3321.95376562,10088.98471493
2024-02-24,2024-02-24,0.54550306,0.8344158,1605.88163649,5693.96094371
2024-02-25,2024-02-25,0.70413638,0.82963516,1412.21845105,5390.16396385
2024-02-26,2024-02-26,0.83013497,0.8521226,1951.11260717,7787.49613602
2024-02-27,2024-02-27,1.39806661,0.9125204,3523.4756439,17038.23773752
2024-02-28,2024-02-28,1.29784395,0.92954827,3566.03290629,21483.21096971
2024-02-29,2024-02-29,1.38158746,1.00333629,3941.00953644,16443.65396407
2024-03-01,2024-03-01,1.2536936,1.05870943,3206.8465388,12741.28803783
2024-03-02,2024-03-02,0.860808,1.103753,2535.63234589,7933.20648344
2024-03-03,2024-03-03,1.03552471,1.15109419,2048.49556332,6857.24466013
2024-03-04,2024-03-04,1.34092506,1.2240642,2862.46172445,13251.02140486
2024-03-05,2024-03-05,1.88322709,1.29337284,4896.12712087,24178.75254439
2024-03-06,2024-03-06,1.64572279,1.34306982,2845.64237676,14660.09862168
2024-03-07,2024-03-07,1.43367546,1.35051096,3613.13247109,11746.10306295
2024-03-08,2024-03-08,1.61476043,1.40209193,3907.68911286,12792.13213464
2024-03-09,2024-03-09,1.26873747,1.46036757,2622.18800535,8407.92323512
2024-03-10,2024-03-10,1.90472506,1.58453905,4940.78268125,12123.57497892
2024-03-11,2024-03-11,2.18675394,1.70537175,5558.55927323,19969.43701242
2024-03-12,2024-03-12,1.57516533,1.66136293,3676.8814108,12958.88518005
2024-03-13,2024-03-13,1.44964008,1.63335111,3059.60829835,12071.15294613
2024-03-14,2024-03-14,2.03723341,1.71957367,5366.75392274,15014.4102551
2024-03-15,2024-03-15,1.81549078,1.74824944,4966.34585922,13694.24693419
2024-03-16,2024-03-16,1.81323388,1.82603464,2976.04798331,11004.51642452
2024-03-17,2024-03-17,1.44465053,1.76030971,2449.94207143,8228.72942122
2024-03-18,2024-03-18,1.70078505,1.69088558,2781.9570312,8645.09042837
2024-03-19,2024-03-19,3.37081643,1.94740717,7378.75758426,22297.95070293
2024-03-20,2024-03-20,2.20780109,2.05571588,3442.58328102,12619.79101249
2024-03-21,2024-03-21,2.69691104,2.14995554,5174.68263473,13597.82547447
2024-03-22,2024-03-22,2.02429907,2.1797853,3573.11447841,10141.73834152
2024-03-23,2024-03-23,1.4329796,2.12546326,2417.71391302,5645.93961942
2024-03-24,2024-03-24,1.44074922,2.12490593,2145.04194253,5499.33978913
2024-03-25,2024-03-25,2.20113074,2.19638388,3701.98120329,11736.42910324
2024-03-26,2024-03-26,2.3559935,2.05140918,3889.62365265,12877.86046638
2024-03-27,2024-03-27,2.60221731,2.10775435,3726.34309048,12514.06305133
2024-03-28,2024-03-28,2.22341129,2.04011153,3470.16297695,11252.68455172
2024-03-29,2024-03-29,1.81671316,2.0104564,2780.81255112,9152.60089222
2024-03-30,2024-03-30,1.53145256,2.02452397,1635.40746356,6311.11600337
2024-03-31,2024-03-31,1.4365592,2.02392539,1771.94463066,5006.40881699
2024-04-01,2024-04-01,2.02069604,1.99814901,3301.91405129,9291.16040247
2024-04-02,2024-04-02,2.72848401,2.05136194,4693.91996913,13077.62384231
2024-04-03,2024-04-03,1.49143687,1.89267902,2592.39951341,6259.56053668
2024-04-04,2024-04-04,1.93672505,1.85172384,2457.78400376,9083.24046887
2024-04-05,2024-04-05,2.93674541,2.01172845,7162.84254724,13188.92363542
2024-04-06,2024-04-06,1.18927352,1.96284573,1579.21689834,4547.78195526
2024-04-07,2024-04-07,1.50933493,1.97324226,1752.50471828,5321.91495337
2024-04-08,2024-04-08,2.58677666,2.05411092,3461.91780284,11759.48668981
2024-04-09,2024-04-09,2.77265858,2.06042157,5481.45373357,11603.57615824
2024-04-10,2024-04-10,2.36960843,2.18587465,3909.29177223,8416.84914527
2024-04-11,2024-04-11,1.64547617,2.14426767,2383.47658468,5563.35492936
2024-04-12,2024-04-12,2.82471539,2.12826338,3594.27726337,12324.23322857
2024-04-13,2024-04-13,2.41420147,2.30325309,3378.50085733,10216.9006097
2024-04-14,2024-04-14,3.05282968,2.52375234,3808.65590455,10596.37180256
2024-04-15,2024-04-15,2.29654355,2.48229047,3105.64312309,7629.11768198
2024-04-16,2024-04-16,2.74427988,2.47823637,4204.86245027,10875.58117005
2024-04-17,2024-04-17,2.73962503,2.53109588,3928.71043121,9322.94396501
2024-04-18,2024-04-18,7.09586783,3.30972326,19255.38910797,24956.16717192
2024-04-19,2024-04-19,2.57761776,3.2744236,3036.17615086,8910.82458599
2024-04-20,2024-04-20,1.59321276,3.1571395,1290.038632,2569.85218531
2024-04-21,2024-04-21,1.75004742,2.97102775,1610.013523,3302.3394822
2024-04-22,2024-04-22,1.94422362,2.92069633,2061.0869111,4790.5670114
2024-04-23,2024-04-23,1.63328394,2.76198262,2048.50029103,3304.13341062
2024-04-24,2024-04-24,4.19745021,2.97024336,4155.09787828,13792.82139338
2024-04-25,2024-04-25,2.1867499,2.2689408,2325.00519288,6940.74418681
2024-04-26,2024-04-26,1.47281616,2.111112,1954.65584498,5496.54989859
2024-04-27,2024-04-27,1.37010562,2.07923955,1588.82243745,4572.04244424
2024-04-28,2024-04-28,1.9700777,2.11067245,1679.52050015,6351.53051064
2024-04-29,2024-04-29,1.82447448,2.09356543,2649.37272659,6710.41713631
2024-04-30,2024-04-30,3.36298218,2.34066518,5798.50744577,13969.82799607
2024-05-01,2024-05-01,2.64293937,2.1185922,3407.90011831,11058.05834352
2024-05-02,2024-05-02,2.96731655,2.23010172,3007.58420278,10228.34015943
2024-05-03,2024-05-03,2.19902445,2.33384576,2213.50863232,7201.80507904
2024-05-04,2024-05-04,2.11424761,2.44015176,2269.0359683,5513.95777444
2024-05-05,2024-05-05,1.47012061,2.36872932,1388.12792644,3282.77931799
2024-05-06,2024-05-06,2.25973218,2.43090899,2443.05885532,6334.02930479
2024-05-07,2024-05-07,2.08259825,2.247997,2129.0163464,6072.85651153
2024-05-08,2024-05-08,2.72765617,2.2600994,2969.90023769,7460.13962827
2024-05-09,2024-05-09,2.5990717,2.207493,2675.25902495,6913.53072596
2024-05-10,2024-05-10,3.15733615,2.34439467,2959.05781459,8079.62321378
2024-05-11,2024-05-11,1.90494804,2.31449473,1924.91649537,4307.08752919
2024-05-12,2024-05-12,2.79989155,2.50446201,2741.71540461,5235.79719189
2024-05-13,2024-05-13,3.51808292,2.6842264,3507.47880469,9217.37725767
2024-05-14,2024-05-14,2.73197034,2.77699384,2516.19936751,6961.06043339
2024-05-15,2024-05-15,2.85137586,2.79466808,2617.26423009,8428.66705087
2024-05-16,2024-05-16,2.96301748,2.84666033,2965.3627303,8551.26845502
2024-05-17,2024-05-17,2.396149,2.73791931,2697.91443853,6910.49370656
2024-05-18,2024-05-18,2.15022211,2.77295847,1781.28486858,5166.98372278
2024-05-19,2024-05-19,2.32528328,2.70515728,2232.31837025,4752.87901845
2024-05-20,2024-05-20,2.8660247,2.61200611,2561.59369907,8004.8069789
2024-05-21,2024-05-21,4.72387151,2.89656342,4955.6121454,17317.71294339
2024-05-22,2024-05-22,2.83455224,2.89416005,2380.59305219,7894.22797474
2024-05-23,2024-05-23,3.65182174,2.99256065,4054.98938114,10809.3923458
2024-05-24,2024-05-24,2.86386249,3.05937687,3042.04914501,7549.14153248
2024-05-25,2024-05-25,1.81160402,3.01100285,1743.67417789,4041.68857019
2024-05-26,2024-05-26,2.20919061,2.99441819,2010.9734664,4301.29411872
2024-05-27,2024-05-27,3.2093379,3.04346293,3611.08533858,7827.57514321
2024-05-28,2024-05-28,3.33518544,2.84507921,3510.5741408,7690.9376163
2024-05-29,2024-05-29,3.49719019,2.93974177,4429.48448144,7865.18074382
2024-05-30,2024-05-30,2.293142,2.74564466,2358.7207783,5985.10061671
2024-05-31,2024-05-31,3.38565786,2.82018686,3468.74037112,9060.02043165
2024-06-01,2024-06-01,1.61635801,2.79229457,1372.14891555,3302.2194134
2024-06-02,2024-06-02,1.46943484,2.68661518,1460.89723803,2730.20993969
2024-06-03,2024-06-03,3.07774689,2.66781646,2775.53798874,8119.09628488
2024-06-04,2024-06-04,2.18298089,2.50321581,1937.47730102,5880.95051007
2024-06-05,2024-06-05,3.53933463,2.50923645,2660.90917649,9481.87746311
2024-06-06,2024-06-06,3.28350496,2.65071687,3186.41341524,8586.36546057
2024-06-07,2024-06-07,1.12538673,2.32782099,1187.63311161,2057.20693347
2024-06-08,2024-06-08,4.11304069,2.68448995,4173.86526182,9998.80191043
2024-06-09,2024-06-09,1.64137956,2.70905348,1350.94549819,3391.09016385
2024-06-10,2024-06-10,1.97692958,2.55179386,1470.30991365,4649.73837273
2024-06-11,2024-06-11,4.09731338,2.82526993,4838.80957594,10993.09180602
2024-06-12,2024-06-12,3.88589755,2.87477892,3769.57881613,8642.23615449
2024-06-13,2024-06-13,3.98825806,2.97545794,3936.63182368,8614.63740562
2024-06-14,2024-06-14,4.25162003,3.42206269,3349.60195502,9298.29299571
2024-06-15,2024-06-15,2.59463516,3.20514762,1995.77478566,4727.42525959
2024-06-16,2024-06-16,1.97574995,3.25291482,1544.06667345,3265.91466894
2024-06-17,2024-06-17,4.71347243,3.64384951,4270.91222135,9327.96193078
2024-06-18,2024-06-18,3.85813151,3.60968067,3455.64571679,9521.8685744
2024-06-19,2024-06-19,3.12809883,3.50142371,2294.69152561,5765.08614312
2024-06-20,2024-06-20,3.61009832,3.44740089,3097.34433868,7021.64122782
2024-06-21,2024-06-21,3.55816304,3.34833561,3393.89610218,6692.9046861
2024-06-22,2024-06-22,2.49390702,3.33394587,1619.33190927,4007.70858788
2024-06-23,2024-06-23,2.23175209,3.37051761,1494.39734365,3155.69745664
2024-06-24,2024-06-24,5.57125283,3.49305766,5111.34059395,12646.74393463
2024-06-25,2024-06-25,4.68500652,3.61118266,3584.87033354,8311.20155954
2024-06-26,2024-06-26,5.62753047,3.96824433,4651.24741114,10118.29978994
2024-06-27,2024-06-27,4.71455435,4.12602376,4562.60679222,8990.65514665
2024-06-28,2024-06-28,5.49580364,4.40282956,3957.27459404,10211.20316505
2024-06-29,2024-06-29,3.21517242,4.50586747,1771.7666182,4867.77104542
2024-06-30,2024-06-30,3.10528711,4.63065819,1780.8023887,4347.40195578
2024-07-01,2024-07-01,5.2147191,4.5797248,4552.43338887,10053.97843021
2024-07-02,2024-07-02,4.45083375,4.54627155,3570.4128986,8558.95330625
2024-07-03,2024-07-03,3.75746873,4.27911987,3190.01454438,7518.69493086
2024-07-04,2024-07-04,6.19179597,4.49015439,6013.84764036,12742.71611118
2024-07-05,2024-07-05,5.85187815,4.54102218,5214.68524492,14401.47211827
2024-07-06,2024-07-06,3.72093454,4.61327391,2727.66540234,6154.4257338
2024-07-07,2024-07-07,3.5240084,4.67309123,2722.14022977,4838.4635373
2024-07-08,2024-07-08,5.87673155,4.76766444,4509.38416412,10284.2802153
2024-07-09,2024-07-09,5.30508422,4.88970022,3935.45156456,8535.88050469
2024-07-10,2024-07-10,4.04277736,4.9304586,2658.88374379,6698.88208348
2024-07-11,2024-07-11,4.81399388,4.73362973,3172.44584094,8544.83914317
2024-07-12,2024-07-12,3.57530333,4.40840475,2877.87163411,5902.82579884
2024-07-13,2024-07-13,3.538721,4.38237425,2607.90654412,5134.68416673
2024-07-14,2024-07-14,2.98845992,4.30586732,2012.35063544,4892.10889067
2024-07-15,2024-07-15,4.44455604,4.10127082,2936.48143053,8506.88025117
2024-07-16,2024-07-16,4.30657229,3.95862626,2624.59581095,8384.89624222
2024-07-17,2024-07-17,5.05478058,4.10319815,3438.44643729,9230.0293438
2024-07-18,2024-07-18,4.46614481,4.05350542,3178.54003802,7409.33424395
2024-07-19,2024-07-19,4.71085564,4.21572718,2897.42565323,8785.74577415
2024-07-20,2024-07-20,2.94868168,4.13143585,1968.82792374,4909.55499163
2024-07-21,2024-07-21,2.87390175,4.1150704,2125.93342789,4040.70586488
2024-07-22,2024-07-22,4.28419095,4.0921611,2957.29918934,7664.41760262
2024-07-23,2024-07-23,5.55054871,4.26987202,4810.38774241,10818.01944536
2024-07-24,2024-07-24,3.97569599,4.11571708,3156.76402253,7080.71455055
2024-07-25,2024-07-25,8.0037896,4.6210949,7586.400159,14935.07138758
2024-07-26,2024-07-26,4.18933166,4.54659148,2762.47575717,7775.39955239
2024-07-27,2024-07-27,3.06901892,4.56378251,2416.09478483,5637.78775171
2024-07-28,2024-07-28,3.1285402,4.60015943,1852.96692964,4564.5401507
2024-07-29,2024-07-29,4.85538537,4.68175864,4299.58949728,10691.55858739
2024-07-30,2024-07-30,4.85763522,4.58277099,3055.05677543,8534.86508548
2024-07-31,2024-07-31,3.18532099,4.46986028,2517.14062163,6087.14841474
2024-08-01,2024-08-01,4.67879047,3.9948604,4357.90296085,10054.72072078
2024-08-02,2024-08-02,5.56280959,4.19107154,4006.23453837,10652.78037102
2024-08-03,2024-08-03,3.81588701,4.29776698,2862.99449983,7093.73395571
2024-08-04,2024-08-04,4.30001378,4.46512035,3018.89082071,7580.92429242
2024-08-05,2024-08-05,7.56670235,4.85245134,4778.12148878,26203.49022557
2024-08-06,2024-08-06,5.74686361,4.97948397,3636.41271425,10700.66004003
2024-08-07,2024-08-07,6.88582276,5.50812708,5934.50637629,12532.19742208
2024-08-08,2024-08-08,5.99957582,5.6968107,4429.22978365,11873.16055034
2024-08-09,2024-08-09,4.7798034,5.58495268,3846.27677832,8790.05845908
2024-08-10,2024-08-10,2.76782048,5.43522889,1891.02851731,4063.16046641
2024-08-11,2024-08-11,2.94005517,5.24094908,2274.72244738,3830.89189002
2024-08-12,2024-08-12,6.05382263,5.02482341,3775.034298,9795.0850101
2024-08-13,2024-08-13,3.95361024,4.76864436,2611.20078925,6428.57024818
2024-08-14,2024-08-14,4.77236411,4.46672169,3038.15484458,8151.19790485
2024-08-15,2024-08-15,4.98416963,4.32166367,3166.69885355,8338.51579268
2024-08-16,2024-08-16,5.7160313,4.45541051,4173.17187844,9677.24099404
2024-08-17,2024-08-17,2.78989743,4.45856436,1535.22191928,3769.15142797
2024-08-18,2024-08-18,2.96620076,4.46229944,1820.21326989,3844.19618224
2024-08-19,2024-08-19,4.54570863,4.24685459,2459.70634221,6877.65715312
2024-08-20,2024-08-20,4.83460203,4.37271056,3134.55189234,8504.06496894
2024-08-21,2024-08-21,4.23020525,4.29525929,2509.49434334,7318.25507709
2024-08-22,2024-08-22,4.60813176,4.24153959,2540.45335005,7658.71497821
2024-08-23,2024-08-23,4.99235602,4.13815741,2890.73682737,9630.25476791
2024-08-24,2024-08-24,4.0273475,4.31493599,2458.32560001,6596.7952091
2024-08-25,2024-08-25,2.91018501,4.30693374,1755.10457922,3992.77383142
2024-08-26,2024-08-26,4.65017823,4.32185797,3165.60251508,7961.10512966
2024-08-27,2024-08-27,4.54515083,4.2805078,3294.516052,8463.07084905
2024-08-28,2024-08-28,6.51780022,4.60730708,4338.60967913,11738.55820495
2024-08-29,2024-08-29,4.8512734,4.6420416,3159.28841097,8659.52302416
2024-08-30,2024-08-30,4.83998192,4.62027387,3231.06397489,9423.4447968
2024-08-31,2024-08-31,3.9122806,4.60383574,3611.24742292,6110.98229459
2024-09-01,2024-09-01,2.55300194,4.55280959,1774.73755626,3936.72898722
2024-09-02,2024-09-02,4.69173392,4.55874612,4701.22351103,8177.69223001
2024-09-03,2024-09-03,4.32180118,4.52683903,3917.59625508,7787.88572712
2024-09-04,2024-09-04,3.87196104,4.148862,2660.59545426,6981.14576413
2024-09-05,2024-09-05,4.17268135,4.05192028,3466.86315835,8140.90131861
2024-09-06,2024-09-06,6.29116218,4.25923174,5036.96150303,12425.04531454
2024-09-07,2024-09-07,3.19096284,4.15618635,1978.60059884,4818.35388849
2024-09-08,2024-09-08,1.5997425,4.02000643,992.90733389,2266.83512927
2024-09-09,2024-09-09,4.42879682,3.98244399,3463.69691458,7772.53841307
2024-09-10,2024-09-10,3.48364434,3.8627073,2100.99535533,6225.27242762
2024-09-11,2024-09-11,4.79279939,3.99425563,3244.00095497,7984.8037763
2024-09-12,2024-09-12,4.20725336,3.99919449,3048.7267223,7400.55865201
2024-09-13,2024-09-13,6.18769034,3.9844128,5688.39813579,10593.32585578
2024-09-14,2024-09-14,3.54532615,4.03503613,2219.78627378,5094.63367967
2024-09-15,2024-09-15,3.26144197,4.27242177,2442.26822889,4657.33913545
2024-09-16,2024-09-16,5.54014983,4.43118648,3427.64639629,9002.74348154
2024-09-17,2024-09-17,3.94947445,4.49773364,2666.19227635,7286.78035473
2024-09-18,2024-09-18,4.36350337,4.43640564,3546.87965326,7479.04476769
2024-09-19,2024-09-19,5.2875728,4.59073699,4184.50847873,11632.66014936
2024-09-20,2024-09-20,4.72366011,4.38158981,3179.9998277,10014.1594267
2024-09-21,2024-09-21,3.07457532,4.31433969,1973.04062286,4725.62226525
2024-09-22,2024-09-22,3.36001258,4.32842121,2189.13469986,4257.13593411
2024-09-23,2024-09-23,4.45027971,4.17272548,2716.30258077,7498.72131735
2024-09-24,2024-09-24,4.51178699,4.25305584,3802.36452748,7688.08503939
2024-09-25,2024-09-25,3.50256029,4.13006397,2749.39624711,6087.44978319
2024-09-26,2024-09-26,4.33926301,3.99459114,3095.37468343,7736.90594852
2024-09-27,2024-09-27,4.32443931,3.9375596,3116.8394277,8238.05688879
2024-09-28,2024-09-28,2.14741537,3.80510818,1214.17000641,3079.39363745
2024-09-29,2024-09-29,2.12086503,3.6280871,1432.73820461,2750.76193762
2024-09-30,2024-09-30,6.0678347,3.85916639,3502.18920489,10922.10245819
2024-10-01,2024-10-01,8.11074343,4.37330302,6293.42812872,15272.52987061
2024-10-02,2024-10-02,5.78173814,4.69889986,4993.94051248,9372.19752592
2024-10-03,2024-10-03,4.78422415,4.76246573,3023.09317766,7764.7957876
2024-10-04,2024-10-04,3.46677928,4.63994287,2456.59793257,5598.84854335
2024-10-05,2024-10-05,1.60621842,4.56262902,926.46270831,2076.84041963
2024-10-06,2024-10-06,2.90567249,4.67474437,1744.35451374,3518.76938783
2024-10-07,2024-10-07,5.58575046,4.6058752,3621.12944902,8981.8867331
2024-10-08,2024-10-08,5.76239737,4.27039719,2915.4777391,9271.69737129
2024-10-09,2024-10-09,4.80125241,4.1303278,3424.66879125,7989.28400251
2024-10-10,2024-10-10,5.75895293,4.26957477,4336.20637603,8753.60845624
2024-10-11,2024-10-11,4.82790252,4.46402094,3351.47970724,6995.6307567
2024-10-12,2024-10-12,2.90293085,4.64926558,1438.28960424,3585.11959921
2024-10-13,2024-10-13,2.43730375,4.58235576,1236.37108896,2815.08583027
2024-10-14,2024-10-14,6.44809415,4.70554771,3614.25984723,11845.14896125
2024-10-15,2024-10-15,5.6385687,4.6878579,3111.35572284,10983.93183598
2024-10-16,2024-10-16,5.78893498,4.82895541,4970.33719613,10958.45392368
2024-10-17,2024-10-17,3.12643453,4.45288135,3185.39173469,10082.75137325
2024-10-18,2024-10-18,5.96231881,4.61494082,3857.40621862,9456.23762518
2024-10-19,2024-10-19,3.07191923,4.63908202,1632.20677731,4521.8651026
2024-10-20,2024-10-20,2.63691801,4.66759834,1508.8657761,3359.43354111
2024-10-21,2024-10-21,6.98384721,4.7441345,3254.18680989,11104.3170713
2024-10-22,2024-10-22,6.81479379,4.91216665,4563.27525141,9029.60176755
2024-10-23,2024-10-23,6.22507544,4.97447243,4168.73017442,9219.33671934
2024-10-24,2024-10-24,3.62875407,5.04623237,2336.2059668,4833.50042735
2024-10-25,2024-10-25,6.14168415,5.07185599,4257.19005267,10195.19569238
2024-10-26,2024-10-26,4.18419078,5.23075192,2009.52094141,5075.42341445
2024-10-27,2024-10-27,4.48009959,5.49406358,3255.61395353,4954.99015087
2024-10-28,2024-10-28,5.98336544,5.35113761,3520.23501355,10040.08720137
2024-10-29,2024-10-29,6.225662,5.26697592,5064.46110351,16915.12364362
2024-10-30,2024-10-30,5.11669687,5.10863613,3632.4719163,11062.29863107
2024-10-31,2024-10-31,6.74009728,5.55311373,5588.77765317,12792.70463577
2024-11-01,2024-11-01,7.84758243,5.79681348,6568.59727723,13709.72650132
2024-11-02,2024-11-02,2.79813472,5.59880548,1543.6855095,3525.64974147
2024-11-03,2024-11-03,5.36523845,5.72525388,3241.11558121,6754.83520985
2024-11-04,2024-11-04,7.60525609,5.95695255,4146.61168853,11286.2000303
2024-11-05,2024-11-05,5.66709738,5.8771576,3221.71634567,9401.71455115
2024-11-06,2024-11-06,5.76110003,5.9692152,3309.39179078,19812.4229939
2024-11-07,2024-11-07,6.24789161,5.8989001,3298.48836214,15632.22480819
2024-11-08,2024-11-08,5.44141116,5.55516135,3727.67679558,11911.24902647
2024-11-09,2024-11-09,3.44344221,5.64734813,1885.39306423,5664.46244039
2024-11-10,2024-11-10,3.82190023,5.42687124,3488.15454995,13537.17060556
2024-11-11,2024-11-11,3.13385508,4.78809967,3569.43749721,17170.39197888
2024-11-12,2024-11-12,4.96520371,4.68782915,8391.78369081,29905.42192027
2024-11-13,2024-11-13,3.80255693,4.40803728,5780.78285896,20298.04890261
2024-11-14,2024-11-14,4.30464592,4.13043075,4706.17906725,17089.44431008
2024-11-15,2024-11-15,5.21938606,4.09871288,4828.99103755,15099.68387611
2024-11-16,2024-11-16,3.76920829,4.14525089,3694.79568763,10105.24742003
2024-11-17,2024-11-17,2.86826759,4.00901765,1899.71942287,6281.50601156
2024-11-18,2024-11-18,5.55994244,4.35560156,5376.08688637,14200.0929814
2024-11-19,2024-11-19,5.42971567,4.42196041,5204.94049516,12607.79978915
2024-11-20,2024-11-20,4.06010026,4.45875232,2957.28624584,10791.74648055
2024-11-21,2024-11-21,3.24487317,4.30735621,3839.96699729,17230.27655068
2024-11-22,2024-11-22,3.16041672,4.01321773,2970.48042714,12429.91897745
2024-11-23,2024-11-23,4.03233175,4.0508068,4562.55272153,13355.08276127
2024-11-24,2024-11-24,2.9634476,4.06440394,2672.4756423,7630.87757095
2024-11-25,2024-11-25,5.49031092,4.05445658,5682.18575585,14950.11663006
2024-11-26,2024-11-26,7.49622895,4.34967277,6878.60844222,18365.76091553
2024-11-27,2024-11-27,4.83596638,4.46051078,5574.65473586,10895.43224423
2024-11-28,2024-11-28,3.61660181,4.51361488,2504.34258943,6824.52761438
2024-11-29,2024-11-29,3.79138556,4.60375328,3056.59754315,7912.62166962
