start_time,date,long_liquidations,long_liquidations_usd,short_liquidations,short_liquidations_usd
2021-01-01,2021-01-01,793.88143664,22997192.24342,520.24239973,15291992.21235
2021-01-02,2021-01-02,2852.30751259,90339329.96233,6167.09237052,194520105.00357
2021-01-03,2021-01-03,2778.84338087,92782626.65052,2214.84813397,74839925.37883998
2021-01-04,2021-01-04,8034.88489537,241818568.38067,1184.46143396,37139274.81021
2021-01-05,2021-01-05,1564.21652685,49374291.33606,1959.07196029,63825003.88473
2021-01-06,2021-01-06,1702.43142928,58699992.67147,2052.11323453,72844457.85759999
2021-01-07,2021-01-07,3119.49967407,119078909.13094,2554.50070917,98922484.6444
2021-01-08,2021-01-08,3224.05036917,126266045.56726998,2113.87060246,85195902.22522
2021-01-09,2021-01-09,1120.95093134,44833405.65111,593.13986659,24076775.40596
2021-01-10,2021-01-10,5905.14060678,223240874.39603,1101.13727097,42545818.84734
2021-01-11,2021-01-11,9685.65168471,324846282.40813,3958.86968957,134317398.69311
2021-01-12,2021-01-12,2763.8032564,94669380.40513998,1822.0647073,63530963.84938
2021-01-13,2021-01-13,1469.68724989,50108971.50589,2296.06431596,81655550.66188
2021-01-14,2021-01-14,1436.5439425,55264954.29334001,1606.40739774,62546273.37488
2021-01-15,2021-01-15,4717.73103586,171380768.44228998,1390.70005376,50947731.20083
2021-01-16,2021-01-16,1804.6763206,65764884.76739,916.107341,33985845.74312
2021-01-17,2021-01-17,1858.92076163,64991716.81575,1128.94818374,40380076.42227
2021-01-18,2021-01-18,1279.00050019,45867078.57489999,904.16829259,33068407.46994
2021-01-19,2021-01-19,1189.44594909,43570235.97135,496.13359124,18469446.44817
2021-01-20,2021-01-20,3182.68489743,110061894.66193,862.88726918,30244119.01322
2021-01-21,2021-01-21,6482.76132867,207660059.68503,1759.86591709,56800263.48887
2021-01-22,2021-01-22,3019.47348872,91382337.02891,2623.73310448,82988703.36701001
2021-01-23,2021-01-23,1223.45887535,39261843.12836,693.32551284,22517011.8719
2021-01-24,2021-01-24,1430.1352878,45293449.92238,798.03471137,25879246.59706
2021-01-25,2021-01-25,1849.97586541,61118665.48458,1510.16437366,50880208.55415
2021-01-26,2021-01-26,1992.93325572,62855618.08570001,1140.80185403,36699843.87059
2021-01-27,2021-01-27,3081.68153218,93646732.78158,1403.50199083,43251073.701
2021-01-28,2021-01-28,530.16664563,16705461.00734,1948.41928039,62906376.09392
2021-01-29,2021-01-29,4972.87514273,175342525.71017,4880.6497242,174555895.79735
2021-01-30,2021-01-30,1085.93776953,36548368.44857,624.9752146,21422700.38616
2021-01-31,2021-01-31,1495.08113091,49303943.60985,286.65643557,9572056.6634
2021-02-01,2021-02-01,744.11718533,24948414.2219,705.93831554,24026436.57124
2021-02-02,2021-02-02,386.292265,13435531.58984,1017.99220252,35796664.50534
2021-02-03,2021-02-03,455.27902617,16498335.17295,897.33481745,32986723.17266
2021-02-04,2021-02-04,1839.05335709,68256752.85846,922.99228935,34933545.08617
2021-02-05,2021-02-05,563.88728508,21101417.15448,529.82035207,20074139.35533
2021-02-06,2021-02-06,1559.39479141,61700723.28351,1514.55511426,60233676.83228
2021-02-07,2021-02-07,2809.92307813,107427390.90555002,679.68099202,26355218.01542
2021-02-08,2021-02-08,1550.60803055,66493288.42199,6669.10329778,287472052.55231
2021-02-09,2021-02-09,1932.32336985,89577766.93333,1661.63930488,78334512.22841
2021-02-10,2021-02-10,2985.15704632,134627775.96539003,601.72237456,27669204.93373
2021-02-11,2021-02-11,1261.45511439,58851269.60276,1668.68788469,78544919.74148001
2021-02-12,2021-02-12,1253.45165225,59013606.09401003,557.14291173,26781896.23178
2021-02-13,2021-02-13,886.11469005,41492491.97101,227.28368529,10739473.29114
2021-02-14,2021-02-14,852.62999936,41509146.01522,1207.87421803,59082882.13667
2021-02-15,2021-02-15,3262.77700028,153135491.56652004,688.71123303,32994392.17542
2021-02-16,2021-02-16,1928.08193579,93721834.31343,1498.68381041,74570763.26530997
2021-02-17,2021-02-17,591.38804412,29970780.44602,1814.25703969,93455219.83696
2021-02-18,2021-02-18,679.27183663,35026755.83828,272.51206447,14186608.11033
2021-02-19,2021-02-19,757.18286027,40067629.58691,2752.0114334,150197013.94146
2021-02-20,2021-02-20,2700.30383746,149524516.64428,948.21760114,53731652.17172
2021-02-21,2021-02-21,508.62282511,28968408.24189,641.27317948,36920174.45539001
2021-02-22,2021-02-22,10476.06277575,542121161.8581601,1775.7998042,94260249.3883
2021-02-23,2021-02-23,8067.67894157,385058161.36651,3554.53478343,171643790.52543
2021-02-24,2021-02-24,1733.70711264,85475469.26768,1236.24495963,61854579.35592
2021-02-25,2021-02-25,2857.79246825,139325600.45187,1195.42618331,60366983.31074
2021-02-26,2021-02-26,3549.24874009,162655267.48675,1845.75916168,86367428.42866
2021-02-27,2021-02-27,1291.1536795,59846415.49330001,832.23618214,39263048.18866
2021-02-28,2021-02-28,2694.08287141,119077387.48041,1669.54782527,74951050.70564
2021-03-01,2021-03-01,702.55110132,33535138.59179,2205.89371923,105641747.10726
2021-03-02,2021-03-02,1731.8994716,83324837.17006999,700.23796373,34190221.2594
2021-03-03,2021-03-03,1179.88503327,60133694.9075,1929.84872624,98332812.03496
2021-03-04,2021-03-04,3195.94230504,156572716.75025,1117.74923412,55745387.3062
2021-03-05,2021-03-05,2103.17372512,99248295.27636,1192.85087531,57502555.33617
2021-03-06,2021-03-06,965.53527179,46218266.82414,672.26542551,32629254.11157
2021-03-07,2021-03-07,689.22894196,34614230.10862,1373.57288719,69348497.96494
2021-03-08,2021-03-08,1038.72585457,52240660.81407,931.5347968,47947556.39214
2021-03-09,2021-03-09,649.56585233,34913591.66775,1869.40465505,100638634.07625
2021-03-10,2021-03-10,2024.68427323,111374220.16454,2015.84397248,112749627.7186
2021-03-11,2021-03-11,1929.72785827,107393652.95119,1203.79546492,68404318.5167
2021-03-12,2021-03-12,2287.27123036,128424826.15331995,692.02921703,39370234.03629
2021-03-13,2021-03-13,704.15821668,41581863.19753,2876.88924747,172241437.79068
2021-03-14,2021-03-14,1701.90124844,101954935.56632,338.27716564,20502220.89497
2021-03-15,2021-03-15,7776.15639174,439600906.2035501,789.66346072,45148858.24841
2021-03-16,2021-03-16,2639.78465099,143780210.37513998,975.21264855,54277603.09725
2021-03-17,2021-03-17,1386.28617249,76697486.41775,1441.514726,82234305.39073
2021-03-18,2021-03-18,1626.79145361,94549967.69817,869.15798732,51375874.55009
2021-03-19,2021-03-19,1284.51784724,73706072.59779005,532.04008966,31171820.46811
2021-03-20,2021-03-20,886.72273559,51868894.93152999,429.19023387,25489900.11253
2021-03-21,2021-03-21,3039.67600836,171705817.4841898,584.81053907,33493637.6267
2021-03-22,2021-03-22,4837.85606703,267408612.08154008,494.62462913,28251233.48981
2021-03-23,2021-03-23,1804.54022948,97231844.78813,703.55504392,38596859.37017
2021-03-24,2021-03-24,4710.92490582,251936489.74299005,1091.49115495,60263962.47982001
2021-03-25,2021-03-25,3452.61798034,177515696.90936002,1311.68685895,68213482.91894
2021-03-26,2021-03-26,462.93351052,24497204.27469,1444.92605757,77642068.11969
2021-03-27,2021-03-27,670.00119583,36709181.85548,1647.52093704,91629818.64355
2021-03-28,2021-03-28,921.52818526,51031641.47268999,385.57074228,21578441.36265
2021-03-29,2021-03-29,654.55950861,37462072.49496,1693.57351754,97182629.1185
2021-03-30,2021-03-30,384.10477622,22450252.47201,692.20730076,40719428.96753
2021-03-31,2021-03-31,2593.12581044,150153011.87759992,854.56438846,50443371.08669
2021-04-01,2021-04-01,878.56595246,51359944.10966,232.02977282,13701724.95628
2021-04-02,2021-04-02,791.74018793,46696232.71048,444.76240444,26593868.16841
2021-04-03,2021-04-03,2488.97672633,144335527.83407998,238.98535678,14145815.23138
2021-04-04,2021-04-04,985.86390508,56111893.73045003,370.81333927,21486665.27856
2021-04-05,2021-04-05,513.71918519,29582546.43306,479.01964899,28073900.32838
2021-04-06,2021-04-06,806.5138031,46821742.73580999,144.05581954,8493358.79238
2021-04-07,2021-04-07,3038.26627489,171625222.58104002,304.07386531,17378457.57475
2021-04-08,2021-04-08,208.23951116,11823692.80498,476.0454798,27330477.4128
2021-04-09,2021-04-09,260.96209137,15162492.47405,368.54578691,21573220.75429
2021-04-10,2021-04-10,1515.84477651,90145840.82232,1755.24011672,106050018.92371
2021-04-11,2021-04-11,321.71424438,19197937.27896,185.0743869,11140872.87628
2021-04-12,2021-04-12,651.87276459,39104430.06999999,341.12683782,20717962.47917
2021-04-13,2021-04-13,393.67674315,24566674.533,1773.61978127,111062385.17531998
2021-04-14,2021-04-14,2445.52321874,153581665.76316002,902.55030655,57819231.91309
2021-04-15,2021-04-15,259.15594044,16244012.32048,197.57678441,12516359.29011
2021-04-16,2021-04-16,2435.41592668,148835176.89029,205.41300965,12638063.35597
2021-04-17,2021-04-17,1366.91152326,82564705.60682002,115.4061126,7104330.71958
2021-04-18,2021-04-18,20200.6918195,1119658559.6340797,1595.0622661,87869645.33716999
2021-04-19,2021-04-19,1577.80199518,87504013.94274999,688.97087853,38735612.93339
2021-04-20,2021-04-20,1444.94348253,78816783.04049,974.41752816,54220354.67816
2021-04-21,2021-04-21,1517.60295002,83076251.42580001,364.46613245,20227851.7321
2021-04-22,2021-04-22,4577.30751917,239841822.51814997,1348.86710259,72306067.58017
2021-04-23,2021-04-23,6484.7768099,319952608.5872598,2605.96896252,129899727.11742
2021-04-24,2021-04-24,1409.51595164,69851155.22008,1118.37734812,56109832.59847
2021-04-25,2021-04-25,3170.36827849,153073406.11966005,1037.47551517,50902804.01383
2021-04-26,2021-04-26,905.97855765,47922651.45579,3337.36807346,174125932.58872998
2021-04-27,2021-04-27,243.11511135,13133884.49821,535.38633729,29237534.97298
2021-04-28,2021-04-28,212.60249731,11608268.51158,284.52910727,15738756.25939
2021-04-29,2021-04-29,191.18578395,10254467.7223,107.57892006,5780044.66449
2021-04-30,2021-04-30,78.75840517,4329826.6466,338.24229007,18904314.60789
2021-05-01,2021-05-01,106.06285836,6109732.91252,144.40177257,8381774.31796
2021-05-02,2021-05-02,149.5522459,8474547.74136,79.58958377,4529684.57292
2021-05-03,2021-05-03,176.47751272,10165991.14772,166.11811056,9621453.37667
2021-05-04,2021-05-04,384.3171216,21115450.81586,227.12384209,12496008.60457
2021-05-05,2021-05-05,136.61773631,7595573.09368,263.30534659,14748884.42917
2021-05-06,2021-05-06,233.28638576,13210019.83939,172.64070625,9879705.61753
2021-05-07,2021-05-07,239.77352708,13569452.44698,231.80864129,13284867.23279
2021-05-08,2021-05-08,158.97043554,9295374.66827,231.10639429,13582622.32267
2021-05-09,2021-05-09,157.77376571,9121778.42088,133.14084484,7734840.26776
2021-05-10,2021-05-10,477.54756269,26899854.5513,259.51329447,14926256.92412
2021-05-11,2021-05-11,209.99134466,11639471.56487,185.21571275,10352309.61716
2021-05-12,2021-05-12,847.26237318,44452754.96296,292.22029904,16007802.04517
2021-05-13,2021-05-13,723.76752477,35525906.17758,576.76453145,28517747.38658
2021-05-14,2021-05-14,236.31767426,11787534.8696,245.27550885,12335083.40665
2021-05-15,2021-05-15,511.6021906,24785620.39843,389.02613587,19039544.63442
2021-05-16,2021-05-16,571.05649317,26610288.69162,475.37947712,22297334.25047
2021-05-17,2021-05-17,948.09707881,41494527.57476,630.92939279,27797149.25291
2021-05-18,2021-05-18,516.83301853,22588055.37428,465.88188802,20548407.73614
2021-05-19,2021-05-19,2201.75316225,80787368.7961,1147.47414029,44021757.8421
2021-05-20,2021-05-20,520.7399598,19955528.18523,579.84338127,22664593.60138
2021-05-21,2021-05-21,522.59954242,19705548.96272,419.87444514,16016599.21871
2021-05-22,2021-05-22,261.11162129,9699574.5409,248.23040114,9280926.75675
2021-05-23,2021-05-23,519.70162091,17695523.63142,362.29413405,12397791.29176
2021-05-24,2021-05-24,252.5791607,9362256.9274,280.63775441,10437849.00908
2021-05-25,2021-05-25,201.81632383,7629814.57966,193.14680903,7339423.56364
2021-05-26,2021-05-26,170.21486457,6658301.44218,168.89391047,6641374.00446
2021-05-27,2021-05-27,190.80795809,7367664.34709,146.03935836,5657883.36664
2021-05-28,2021-05-28,330.7391762,12026212.42634,242.71943486,8824514.07054
2021-05-29,2021-05-29,219.62296658,7669165.22731,212.02176411,7447353.39012
2021-05-30,2021-05-30,126.8937987,4488526.82476,165.7461356,5873615.70234
2021-05-31,2021-05-31,164.73330979,5893801.47289,208.45251572,7583728.08295
2021-06-01,2021-06-01,186.99811286,6827868.73455,155.36866902,5703819.72734
2021-06-02,2021-06-02,78.57676523,2919355.81325,125.33631565,4675764.22928
2021-06-03,2021-06-03,101.82857512,3921026.42812,149.24184539,5770991.80054
2021-06-04,2021-06-04,220.50689847,8191311.79473,178.36968969,6598989.09267
2021-06-05,2021-06-05,206.55004716,7444008.0459,152.89754324,5561782.01815
2021-06-06,2021-06-06,86.79910534,3109662.54752,115.6471785,4165175.61194
2021-06-07,2021-06-07,203.98059002,7136095.7151,129.66206319,4587881.52421
2021-06-08,2021-06-08,397.54805783,12906481.4106,419.86505745,13722884.24742
2021-06-09,2021-06-09,444.82666413,15331588.11685,542.99309085,19076444.73157
2021-06-10,2021-06-10,398.06519063,14674459.19361,384.69265806,14286480.47206
2021-06-11,2021-06-11,247.62281183,9113886.40264,227.37675575,8428236.60067
2021-06-12,2021-06-12,352.31771572,12539259.05959,233.23051464,8312726.8582
2021-06-13,2021-06-13,212.72547219,7707915.57897,307.04928414,11352230.99939
2021-06-14,2021-06-14,256.83972709,10185802.11872,246.42240354,9855604.90098
2021-06-15,2021-06-15,227.03491717,9103034.05575,276.32912577,11148770.06703
2021-06-16,2021-06-16,300.2983439,11714282.10705,192.75148338,7586265.9019
2021-06-17,2021-06-17,233.75507788,8918364.47406,196.93322311,7642937.49469
2021-06-18,2021-06-18,444.77399827,16265636.51622,322.58247971,11953253.7529
2021-06-19,2021-06-19,363.94914386,12905013.00952,357.03624429,12843224.48291
2021-06-20,2021-06-20,376.02343797,12980614.0978,403.43643306,14094658.30681
2021-06-21,2021-06-21,1033.08013693,33848095.83432,657.55294482,21742950.51469
2021-06-22,2021-06-22,945.07349206,29565818.06404,729.33628138,23133389.04515
2021-06-23,2021-06-23,463.60888949,15378285.7707,553.62792651,18779047.28392
2021-06-24,2021-06-24,325.80408864,10947856.45979,341.00525998,11518993.55522
2021-06-25,2021-06-25,802.14067591,26416737.9521,525.92719827,17497785.93382
2021-06-26,2021-06-26,660.7548258,20547774.48045,513.75194596,16190236.08879
2021-06-27,2021-06-27,383.96371578,12585145.15235,450.98923582,15061322.93632
2021-06-28,2021-06-28,289.02680094,9885331.1511,208.47534081,7237415.45768
2021-06-29,2021-06-29,258.09883168,9103110.91366,329.02392296,11765379.29447
2021-06-30,2021-06-30,289.93075736,10031068.30544,252.6700975,8839084.15709
2021-07-01,2021-07-01,286.18869538,9594040.51857,255.83665651,8629022.78824
2021-07-02,2021-07-02,294.77138683,9739095.02365,306.29324646,10279015.40285
2021-07-03,2021-07-03,166.9314304,5686323.58207,199.36389176,6867127.15305
2021-07-04,2021-07-04,100.68749424,3539420.4377,163.76946729,5796189.55038
2021-07-05,2021-07-05,328.97149679,11169525.71164,184.32619336,6299825.2542
2021-07-06,2021-07-06,222.71774801,7554119.66273,302.30919832,10381423.51592
2021-07-07,2021-07-07,131.03353764,4487986.2544,159.12942458,5512560.07235
2021-07-08,2021-07-08,315.7094405,10355476.64841,215.70325971,7122394.81166
2021-07-09,2021-07-09,154.53082407,5051265.66934,233.37044956,7772312.24095
2021-07-10,2021-07-10,206.46842145,6915202.07328,138.03881734,4690442.43124
2021-07-11,2021-07-11,100.57777294,3378661.77046,139.74404751,4769435.84876
2021-07-12,2021-07-12,273.06694795,9113973.60199,140.27634409,4741005.66093
2021-07-13,2021-07-13,321.05273862,10424880.83199,149.32509679,4926865.41087
2021-07-14,2021-07-14,207.10842354,6648517.4568,228.35239124,7475237.47265
2021-07-15,2021-07-15,295.92381494,9411256.6031,134.99131084,4353068.17073
2021-07-16,2021-07-16,424.59123183,13306911.331,219.37704019,7014224.42327
2021-07-17,2021-07-17,200.03272784,6260427.38566,171.55534953,5449309.85642
2021-07-18,2021-07-18,150.2798014,4730053.93014,198.09113858,6361191.56859
2021-07-19,2021-07-19,267.66158108,8267047.5335,106.75861971,3336206.31909
2021-07-20,2021-07-20,314.38813136,9341057.40802,234.00236212,7001248.71156
2021-07-21,2021-07-21,162.31781731,5114223.81065,476.40698848,15081019.22686
2021-07-22,2021-07-22,181.73987086,5790898.49609,205.2980533,6648933.92367
2021-07-23,2021-07-23,133.87661447,4312523.00707,412.71487075,13648808.44889
2021-07-24,2021-07-24,118.49252587,3988480.16978,217.12373227,7406109.91672
2021-07-25,2021-07-25,131.68830983,4479050.16323,314.85866247,10939722.41687
2021-07-26,2021-07-26,559.19197331,21226338.84656,963.62690905,36626219.72660001
2021-07-27,2021-07-27,290.22185336,10834392.34907,475.9754624,18140396.81422
2021-07-28,2021-07-28,319.30853024,12615060.35757,451.32131534,18149139.35287
2021-07-29,2021-07-29,174.57409467,6913072.33245,162.50986648,6530075.15659
2021-07-30,2021-07-30,161.61170001,6341020.9896,267.17537151,10777901.29854
2021-07-31,2021-07-31,171.83787248,7108904.97767,144.7958263,6076102.35107
2021-08-01,2021-08-01,292.52007688,11922487.55978,194.37207537,8086528.00354
2021-08-02,2021-08-02,242.7871578,9517242.06122,225.13577373,8970727.66794
2021-08-03,2021-08-03,371.92189803,14181525.7953,235.29134317,9115588.36505
2021-08-04,2021-08-04,180.52261013,6884853.36366,309.61753391,12136002.37611
2021-08-05,2021-08-05,407.36747846,15818116.49906,418.25698867,16684174.57736
2021-08-06,2021-08-06,248.94782223,10229443.00236,362.36578501,15125840.18331
2021-08-07,2021-08-07,240.89610489,10410081.44778,457.93906437,20105161.9754
2021-08-08,2021-08-08,344.51987637,15102745.07639,305.23606285,13637851.50836
2021-08-09,2021-08-09,242.57323882,10787437.54975,441.29040989,20027017.8835
2021-08-10,2021-08-10,211.62720603,9586275.44843,210.49573543,9656451.89913
2021-08-11,2021-08-11,147.88894755,6773125.87694,208.99311607,9702880.99892
2021-08-12,2021-08-12,350.68073327,15623123.33615,167.97959354,7579620.43087
2021-08-13,2021-08-13,66.86771047,3064039.87496,366.37221335,16951910.21981
2021-08-14,2021-08-14,174.45023853,8111829.1736,152.31822528,7217741.85419
2021-08-15,2021-08-15,197.75006301,9056303.59469,178.2970422,8330802.20048
2021-08-16,2021-08-16,260.06807114,12033246.52277,141.03330207,6667905.91842
2021-08-17,2021-08-17,418.14890359,18923634.01452,225.17246908,10442459.68687
2021-08-18,2021-08-18,237.25186532,10608422.31073,198.96123425,9038956.78105
2021-08-19,2021-08-19,210.10786555,9317375.60523,428.10696447,19671298.22983
2021-08-20,2021-08-20,69.75934793,3319326.28712,311.0742551,15045540.99564
2021-08-21,2021-08-21,121.71421301,5920942.16211,150.2163295,7418787.66453
2021-08-22,2021-08-22,137.40499223,6646193.02731,125.31801911,6177714.25357
2021-08-23,2021-08-23,133.71631735,6591732.2281,209.45209452,10541102.31427
2021-08-24,2021-08-24,383.09729707,18525785.21811,131.15383815,6436042.62293
2021-08-25,2021-08-25,126.77076135,6045733.56678,252.98898316,12321503.20755
2021-08-26,2021-08-26,298.99030709,14136899.85934,161.33206805,7665861.11997
2021-08-27,2021-08-27,130.38780766,6123896.18364,250.35381221,12064880.38838
2021-08-28,2021-08-28,87.14370362,4221960.55057,63.71860505,3133984.34179
2021-08-29,2021-08-29,72.97755491,3525293.8864,136.56420464,6703731.45941
2021-08-30,2021-08-30,167.77312749,7978253.01341,111.09381314,5393238.81248
2021-08-31,2021-08-31,180.99996537,8504410.74961,230.04618539,11013121.16586
2021-09-01,2021-09-01,80.98501291,3835456.44898,240.51007585,11650678.23677
2021-09-02,2021-09-02,83.61603429,4128348.78003,212.75580934,10658301.33888
2021-09-03,2021-09-03,136.50423324,6745045.10842,190.40835046,9554847.19964
2021-09-04,2021-09-04,97.14346595,4823593.38736,100.92212006,5089025.68553
2021-09-05,2021-09-05,43.68026328,2177633.3811,156.85303603,8005641.74522
2021-09-06,2021-09-06,67.12631873,3437436.74968,181.73147301,9497804.32388
2021-09-07,2021-09-07,660.86339926,32146569.26579,268.16263597,13191618.98192
2021-09-08,2021-09-08,238.3662512,10866435.62689,211.96439268,9842595.71558
2021-09-09,2021-09-09,102.36979718,4715311.28136,108.58348568,5075332.99737
2021-09-10,2021-09-10,183.17353392,8300265.08905,107.15060495,4919244.86434
2021-09-11,2021-09-11,74.29799093,3344616.7456,95.06781995,4329364.33888
2021-09-12,2021-09-12,78.92590629,3557293.30546,109.09619723,5014000.10575
2021-09-13,2021-09-13,269.55100256,12010403.62635,201.35703109,9099727.4632
2021-09-14,2021-09-14,56.09618671,2577392.62191,160.99576068,7480513.9059
2021-09-15,2021-09-15,51.63100128,2441002.23206,95.11668413,4562949.79832
2021-09-16,2021-09-16,152.20225239,7218566.06111,91.80465479,4418989.44407
2021-09-17,2021-09-17,146.53593333,6906512.57341,98.60244083,4714425.79924
2021-09-18,2021-09-18,48.91119309,2344936.53856,126.22785446,6092139.2582
2021-09-19,2021-09-19,125.44980643,5932332.59379,64.6685678,3103124.90332
2021-09-20,2021-09-20,473.03874606,20825257.59669,259.21975783,11499190.73016
2021-09-21,2021-09-21,553.28413185,22835487.84394,343.83731106,14570354.55378
2021-09-22,2021-09-22,139.93099354,5907261.567,249.84967707,10675110.3822
2021-09-23,2021-09-23,99.50449936,4340832.24403,177.05478192,7870471.93862
2021-09-24,2021-09-24,344.79313043,14627693.3756,253.14067382,10756085.07093
2021-09-25,2021-09-25,110.97887712,4675617.77531,127.69634811,5461882.76821
2021-09-26,2021-09-26,175.74298236,7368075.27418,160.94127887,6877038.56668
2021-09-27,2021-09-27,123.33484693,5304439.71813,116.10179133,5081952.13267
2021-09-28,2021-09-28,205.12337026,8507957.90067,91.79612005,3867783.57047
2021-09-29,2021-09-29,126.55311997,5229717.59871,125.72232912,5277346.77096
2021-09-30,2021-09-30,129.90507047,5586374.20448,226.40444766,9824409.06931
2021-10-01,2021-10-01,102.16142654,4722186.98761,298.72995826,13906146.12735
2021-10-02,2021-10-02,77.78774392,3695865.63216,74.54511933,3589722.03032
2021-10-03,2021-10-03,93.25638516,4454929.7463,103.40506004,5007048.7111
2021-10-04,2021-10-04,159.52883365,7614068.68982,165.85824359,8065812.80934
2021-10-05,2021-10-05,82.69347471,4124992.32861,173.44536042,8805041.68828
2021-10-06,2021-10-06,136.01882059,7134143.92239,287.59791982,15442239.9176
2021-10-07,2021-10-07,208.52583292,11236830.3123,165.10235914,9047085.05557
2021-10-08,2021-10-08,100.35249651,5439956.15728,114.06998064,6283216.72478
2021-10-09,2021-10-09,58.99376632,3209276.08885,61.1297829,3364038.0817
2021-10-10,2021-10-10,143.56645864,7854369.15785,122.03313233,6802338.95449
2021-10-11,2021-10-11,85.40526528,4816310.25224,276.9110675,15753720.50862
2021-10-12,2021-10-12,195.89866239,10936024.71558,145.17394221,8218551.56603
2021-10-13,2021-10-13,109.7193922,6054093.98909,237.9779723,13459418.35789
2021-10-14,2021-10-14,95.33587086,5457485.05397,146.77091587,8556469.46651
2021-10-15,2021-10-15,146.1751978,8674872.1509,367.15800213,22301621.17187
2021-10-16,2021-10-16,84.94588641,5162667.90399,84.26148683,5202332.63896
2021-10-17,2021-10-17,91.09187677,5472580.97551,122.26520748,7460594.42439
2021-10-18,2021-10-18,126.71567916,7747255.51694,210.54867924,13109840.02509
2021-10-19,2021-10-19,86.09967847,5337700.78583,197.9318628,12573273.47601
2021-10-20,2021-10-20,87.7163846,5692757.24268,159.78751892,10582695.80248
2021-10-21,2021-10-21,208.124835,13290679.2656,227.03012166,14758174.65547
2021-10-22,2021-10-22,164.65219393,10075776.84567,111.92774271,6982714.8261
2021-10-23,2021-10-23,91.52792172,5515702.71639,95.27344816,5857881.66349
2021-10-24,2021-10-24,120.58862704,7251264.11067,93.63965837,5713660.86184
2021-10-25,2021-10-25,34.25455215,2132297.8101,291.03631374,18499496.14083
2021-10-26,2021-10-26,185.42280568,11313605.56124,84.72377475,5319505.96752
2021-10-27,2021-10-27,352.31442866,20679454.50158,171.19127075,10238879.06853
2021-10-28,2021-10-28,162.2420031,9621835.73318,206.71654303,12557088.23337
2021-10-29,2021-10-29,56.09312456,3413450.04209,109.278133,6788342.63389
2021-10-30,2021-10-30,91.71331227,5614690.60647,64.81950278,4017844.81247
2021-10-31,2021-10-31,151.43928114,9096615.77963,91.00058715,5618521.93246
2021-11-01,2021-11-01,154.13876133,9305509.80599,104.5733017,6448021.68186
2021-11-02,2021-11-02,263.90341252,4612682.03118,137.30204606,8683864.5133
2021-11-03,2021-11-03,90.57140431,5631565.05483,95.44442677,6010450.03143
2021-11-04,2021-11-04,153.76983909,9414373.66441,50.14277369,3115901.39479
2021-11-05,2021-11-05,100.64034483,6149438.01834,85.19233341,5309348.45901
2021-11-06,2021-11-06,153.66532579,9154653.75242,59.05097248,3623668.868
2021-11-07,2021-11-07,29.43361746,1812673.53894,76.16559863,4780298.33976
2021-11-08,2021-11-08,56.95407293,3727959.4436,298.92454545,19726615.18506
2021-11-09,2021-11-09,126.38815873,8439902.40612,119.61495583,8121533.89444
2021-11-10,2021-11-10,370.92646074,24207572.42034,217.80296504,14590787.44358
2021-11-11,2021-11-11,71.62363173,4619267.14052,73.65118516,4817112.44562
2021-11-12,2021-11-12,172.58970746,10951917.21227,94.99733381,6112547.37166
2021-11-13,2021-11-13,32.79259855,2086302.24605,52.60107056,3406020.78724
2021-11-14,2021-11-14,58.54034154,3750342.2639,103.67260759,6773021.11031
2021-11-15,2021-11-15,224.65774155,14241929.24005,55.64699222,3657060.54337
2021-11-16,2021-11-16,546.27811191,32743494.46822,203.06160898,12395826.15258
2021-11-17,2021-11-17,204.26931993,12084864.03726,151.59846828,9127479.35822
2021-11-18,2021-11-18,405.28178995,23382174.63111,156.81989726,9236850.02569
2021-11-19,2021-11-19,125.32224536,7060624.11166,137.07522561,7892398.7016
2021-11-20,2021-11-20,58.20058335,3381489.97495,114.95580164,6799642.80904
2021-11-21,2021-11-21,111.15524337,6534838.45792,51.25394779,3057524.62614
2021-11-22,2021-11-22,324.67298044,18387293.25186,122.18809073,7033668.14115
2021-11-23,2021-11-23,143.99858532,8103313.96063,120.09421627,6872773.51935
2021-11-24,2021-11-24,188.91935459,10634828.8067,107.99552482,6185989.76544
2021-11-25,2021-11-25,66.58575529,3855589.64332,176.36328269,10362628.97088
2021-11-26,2021-11-26,930.718027,50872927.65114,147.72825886,8160082.87462
2021-11-27,2021-11-27,102.15805495,5543092.42053,104.0433922,5730004.44719
2021-11-28,2021-11-28,227.5905087,12229492.17612,229.13299891,12811520.39419
2021-11-29,2021-11-29,79.45417287,4547421.64683,139.46550586,8110135.31291
2021-11-30,2021-11-30,430.73795627,24391636.92637,261.91883045,15189924.38988
2021-12-01,2021-12-01,189.84726892,10826976.05529,114.16915985,6626782.87242
2021-12-02,2021-12-02,205.07768439,11509767.87725,119.81679676,6840503.48116
2021-12-03,2021-12-03,547.42553791,29097041.50558999,126.79253577,7015479.09538
2021-12-04,2021-12-04,1435.46041059,66656943.88574999,445.54173225,21569916.48589
2021-12-05,2021-12-05,257.91513721,12483466.10902,186.60827786,9201959.21823
2021-12-06,2021-12-06,196.94314577,9523564.9841,328.39295345,16183196.21306
2021-12-07,2021-12-07,123.40607591,6219092.81728,104.29896621,5356114.14366
2021-12-08,2021-12-08,135.48688754,6707702.65877,137.37612459,6934209.23361
2021-12-09,2021-12-09,293.56621251,14180633.78138,105.07300891,5142698.63493
2021-12-10,2021-12-10,184.05759775,8789570.16436,167.9530301,8170347.45568
2021-12-11,2021-12-11,83.031453,3969145.5782,130.98746893,6387735.5534
2021-12-12,2021-12-12,59.4731336,2936664.21184,79.28132752,3967929.48654
2021-12-13,2021-12-13,217.42651766,10354060.84666,128.5703381,6112708.55808
2021-12-14,2021-12-14,121.00036759,5645834.19248,149.50994163,7110660.80065
2021-12-15,2021-12-15,144.79416254,6892294.09407,173.33584155,8398778.22763
2021-12-16,2021-12-16,155.24220121,7455346.83521,55.37945035,2706823.63034
2021-12-17,2021-12-17,235.83562003,10910233.46519,127.13074137,5960218.89463
2021-12-18,2021-12-18,79.1118333,3650473.86061,88.66092421,4150102.73305
2021-12-19,2021-12-19,100.45995739,4707206.87364,108.97231028,5204021.8915
2021-12-20,2021-12-20,139.07661088,6403615.08531,130.01373412,6094814.42453
2021-12-21,2021-12-21,55.92979176,2692786.13711,153.01035584,7463344.92569
2021-12-22,2021-12-22,79.99295203,3887800.86418,116.31709655,5746628.1811
2021-12-23,2021-12-23,80.22980405,3912780.22481,218.6333524,10931056.24591
2021-12-24,2021-12-24,142.78535741,7224864.71349,130.66358061,6730162.54517
2021-12-25,2021-12-25,45.16596391,2275058.64712,42.98177703,2196294.69488
2021-12-26,2021-12-26,113.58832349,5650193.50591,83.34450387,4235775.39337
2021-12-27,2021-12-27,104.93322382,5315730.00973,78.42197715,4047354.55322
2021-12-28,2021-12-28,323.32638337,15731368.63,79.74444366,3915060.75822
2021-12-29,2021-12-29,140.30835559,6570559.21795,98.96329813,4726528.02939
2021-12-30,2021-12-30,105.23513663,4903488.2285,107.57399986,5093676.34058
2021-12-31,2021-12-31,222.28762934,10287465.81995,134.32770184,6388068.72603
2022-01-01,2022-01-01,60.17015275,2824227.09506,86.7745658,4114386.35584
2022-01-02,2022-01-02,119.31649606,5584731.93899,81.56976888,3884205.12168
2022-01-03,2022-01-03,179.59515773,8311664.49318,69.60206778,3273345.27174
2022-01-04,2022-01-04,389.82698928,18039754.80082,113.12164054,5304304.4405
2022-01-05,2022-01-05,561.0237776,24434174.48902,187.60706326,8511796.87401
2022-01-06,2022-01-06,134.43615433,5742444.38237,121.35309075,5258831.7298
2022-01-07,2022-01-07,302.79215267,12585763.53501,177.11346744,7448946.56171
2022-01-08,2022-01-08,199.3410816,8142129.80319,118.02122932,4929298.68263
2022-01-09,2022-01-09,98.60713864,4107110.82291,108.9211719,4602632.10408
2022-01-10,2022-01-10,271.73160025,11071281.587,189.88840575,7850450.20122
2022-01-11,2022-01-11,98.32331202,4100407.16991,204.81577069,8730397.45398
2022-01-12,2022-01-12,67.94823,2921641.98606,113.83463081,4971036.95257
2022-01-13,2022-01-13,173.74270472,7453463.30628,79.14140351,3461351.25112
2022-01-14,2022-01-14,111.95758346,4727334.5196,103.31231311,4450191.97545
2022-01-15,2022-01-15,59.65469484,2552779.50344,63.24585177,2748915.15745
2022-01-16,2022-01-16,91.72095564,3920327.15194,59.69565992,2585266.17447
2022-01-17,2022-01-17,183.2721072,7693402.76495,72.97825213,3107310.63789
2022-01-18,2022-01-18,131.03284679,5437709.10027,123.38591026,5213594.31408
2022-01-19,2022-01-19,221.56600134,9208097.94241,86.86971874,3660509.88548
2022-01-20,2022-01-20,266.44710223,11112010.78028,159.20163612,6790546.50062
2022-01-21,2022-01-21,864.76327223,32844332.0116,382.88865713,14740160.70701
2022-01-22,2022-01-22,568.84898932,19984214.22687,395.70155825,14096583.34962
2022-01-23,2022-01-23,193.31027029,6766397.07723,196.01348741,7006959.07818
2022-01-24,2022-01-24,541.60861245,18660643.51175,483.27513618,17062984.05825
2022-01-25,2022-01-25,212.52273627,7703713.13814,268.74149236,9906687.33552
2022-01-26,2022-01-26,312.00950748,11629624.83096,291.77840295,11056975.49654
2022-01-27,2022-01-27,295.3161039,10605650.02461,228.6672437,8376259.78172
2022-01-28,2022-01-28,154.7575624,5666376.99794,231.08958477,8657928.12976
2022-01-29,2022-01-29,84.17007009,3166563.18308,95.62541343,3654669.32492
2022-01-30,2022-01-30,84.15610768,3162076.20065,65.72108526,2510333.46785
2022-01-31,2022-01-31,119.99858377,4473495.97164,177.96149983,6758950.7842
2022-02-01,2022-02-01,137.30479275,5260615.57677,152.3347123,5922599.36958
2022-02-02,2022-02-02,240.56944551,9005077.24718,85.870721,3248258.21563
2022-02-03,2022-02-03,169.47878288,6154881.44623,125.06781515,4627847.91386
2022-02-04,2022-02-04,111.8090459,4318952.85833,360.2948101,14177003.9859
2022-02-05,2022-02-05,139.42706493,5741573.5602,124.45305175,5198291.98741
2022-02-06,2022-02-06,55.56227113,2296230.68816,115.6410032,4884360.6579
2022-02-07,2022-02-07,114.79489889,4930764.34652,322.3942399,14011516.9302
2022-02-08,2022-02-08,259.93246043,11324416.34014,300.70222576,13323455.87791
2022-02-09,2022-02-09,157.86550558,6881349.41633,159.60971378,7073590.44244
2022-02-10,2022-02-10,274.49412282,12083382.07639,239.18147323,10711805.47729
2022-02-11,2022-02-11,222.34847685,9488425.59385,150.10466285,6490157.92271
2022-02-12,2022-02-12,95.67289834,4011085.78971,94.25676065,4012526.06208
2022-02-13,2022-02-13,72.9759348,3066508.28646,46.47216372,1977100.2062
2022-02-14,2022-02-14,117.09463176,4898453.16743,98.01522717,4168225.45128
2022-02-15,2022-02-15,38.35114409,1674890.94707,192.06619724,8454268.67786
2022-02-16,2022-02-16,108.44471257,4741765.41875,89.54754563,3962706.62467
2022-02-17,2022-02-17,211.55370808,8839258.92604,91.72048437,3862249.53435
2022-02-18,2022-02-18,188.28407374,7522378.89256,114.04813739,4611314.21669
2022-02-19,2022-02-19,69.0496333,2741660.52724,45.85290777,1845438.91438
2022-02-20,2022-02-20,163.95302499,6320969.97173,63.82640647,2467366.39413
2022-02-21,2022-02-21,272.63605256,10340796.1911,221.50542075,8526279.20877
2022-02-22,2022-02-22,139.43981368,5169284.48381,182.56073251,6885498.54012
2022-02-23,2022-02-23,166.08339737,6258021.27812,79.24999888,3044163.22108
2022-02-24,2022-02-24,347.32035695,12424136.19165,402.9287829,14625120.10697
2022-02-25,2022-02-25,142.73618626,5507512.94254,133.72467001,5234954.01072
2022-02-26,2022-02-26,103.60474691,4037786.34611,59.71314551,2359755.85302
2022-02-27,2022-02-27,192.56102864,7357105.02284,122.90598563,4757660.48294
2022-02-28,2022-02-28,150.70469944,5959627.44041,249.25321394,10101023.50608
2022-03-01,2022-03-01,133.83011484,5808248.80061,125.35750781,5526216.58859
2022-03-02,2022-03-02,125.75563865,5504417.17108,101.7879633,4523339.79591
2022-03-03,2022-03-03,160.11510245,6829779.7927,92.2170703,3985013.11188
2022-03-04,2022-03-04,308.27769954,12413706.41221,112.69995227,4606878.82452
2022-03-05,2022-03-05,49.9899628,1944547.76682,63.92573114,2515876.20493
2022-03-06,2022-03-06,129.52667254,4987797.39019,75.86304114,2969453.90319
2022-03-07,2022-03-07,198.55074312,7526327.33541,150.77665559,5798210.12935
2022-03-08,2022-03-08,152.99195876,5875527.03691,177.14915119,6889400.93455
2022-03-09,2022-03-09,99.65964443,4149674.75462,158.90898486,6565280.62404
2022-03-10,2022-03-10,187.35533759,7392173.34765,113.30024008,4500808.94438
2022-03-11,2022-03-11,138.946827,5376087.10549,89.14296925,3519671.07205
2022-03-12,2022-03-12,48.3576951,1874555.69664,25.01164025,982427.43296
2022-03-13,2022-03-13,86.5968608,3308453.97617,31.14328926,1212930.91328
2022-03-14,2022-03-14,83.87753166,3230071.95493,88.27572296,3443297.34476
2022-03-15,2022-03-15,68.71207712,2671537.12879,68.85836281,2712744.25525
2022-03-16,2022-03-16,166.59943069,6655167.81478,179.59850359,7276498.36369
2022-03-17,2022-03-17,46.44538851,1888749.08995,58.47286111,2411014.46069
2022-03-18,2022-03-18,61.01972036,2481705.60589,80.5020065,3345099.76523
2022-03-19,2022-03-19,36.15326644,1505028.50758,36.60978167,1543255.16397
2022-03-20,2022-03-20,79.14492917,3268533.00237,44.85890759,1869902.11349
2022-03-21,2022-03-21,71.81613775,2928475.65349,70.48693293,2913159.20752
2022-03-22,2022-03-22,76.55763048,3229561.70016,91.02407298,3883456.97666
2022-03-23,2022-03-23,69.21294582,2901607.55087,70.78447406,3021494.02062
2022-03-24,2022-03-24,44.87822248,1933915.98081,100.0784532,4368570.00401
2022-03-25,2022-03-25,90.8861237,4003901.127,98.08064761,4384436.43564
2022-03-26,2022-03-26,21.55215568,949620.94438,27.52646922,1229340.85283
2022-03-27,2022-03-27,40.48939979,1844972.74629,108.02662662,4953680.9859
2022-03-28,2022-03-28,102.57363379,4836501.76068,124.45254698,5914964.47662
2022-03-29,2022-03-29,93.01106337,4387311.69786,77.0328655,3685864.58619
2022-03-30,2022-03-30,84.69096357,3972450.38349,72.04027206,3426816.28848
2022-03-31,2022-03-31,196.41685904,9040970.31757,62.49614188,2924224.57423
2022-04-01,2022-04-01,168.46375369,7552722.89792,153.179501,7011378.48746
2022-04-02,2022-04-02,119.69676477,5511140.81888,72.22756455,3377141.93964
2022-04-03,2022-04-03,60.15339454,2771090.78819,113.82247373,5319623.20541
2022-04-04,2022-04-04,105.04354327,4781857.13078,106.59407069,4938870.51973
2022-04-05,2022-04-05,107.04721628,4895443.41251,39.75137984,1846459.77809
2022-04-06,2022-04-06,427.50693998,18753378.22419,78.86326389,3529941.76415
2022-04-07,2022-04-07,76.50664448,3292988.30225,70.04167568,3061035.9022
2022-04-08,2022-04-08,143.20464946,6114553.07853,99.48827971,4329897.12292
2022-04-09,2022-04-09,30.99674344,1304012.54944,34.97027905,1492470.36533
2022-04-10,2022-04-10,101.44497143,4292712.86063,36.80553375,1584749.16135
2022-04-11,2022-04-11,328.92986688,13277077.6038,83.8321887,3442390.3904
2022-04-12,2022-04-12,123.25815554,4881139.30247,105.8714659,4255012.3013
2022-04-13,2022-04-13,79.48455118,3189365.70041,163.24353034,6674760.04
2022-04-14,2022-04-14,89.57718706,3602021.5398,29.31698321,1202169.26567
2022-04-15,2022-04-15,44.95546486,1799188.64826,46.06648634,1864347.73685
2022-04-16,2022-04-16,25.68321367,1030802.72088,39.43763241,1609249.55102
2022-04-17,2022-04-17,119.7506869,4765210.1455,21.13605256,855466.3721
2022-04-18,2022-04-18,169.69398249,6650091.51388,147.65225074,5926380.81499
2022-04-19,2022-04-19,29.52827354,1205558.46679,111.25043878,4610235.71692
2022-04-20,2022-04-20,65.54636863,2699899.02338,83.01814732,3468317.64057
2022-04-21,2022-04-21,308.97562377,12729892.14687,88.18905951,3712894.42886
2022-04-22,2022-04-22,116.87595793,4636312.43179,72.64633661,2923928.61588
2022-04-23,2022-04-23,41.76077951,1641692.40609,27.21720876,1084712.10116
2022-04-24,2022-04-24,71.31474218,2797352.98249,30.48094251,1212796.44471
2022-04-25,2022-04-25,153.95581356,5955921.97937,174.32828413,6941688.00371
2022-04-26,2022-04-26,253.37875544,9779813.60337,102.18241712,3994655.38639
2022-04-27,2022-04-27,83.98044946,3243917.00451,136.71673545,5339332.20966
2022-04-28,2022-04-28,103.31883984,4068343.78242,161.65101204,6449839.23597
2022-04-29,2022-04-29,254.81373422,9810036.39885,55.87205089,2187541.49954
2022-04-30,2022-04-30,190.91634132,7232629.67442,36.59920185,1406068.81723
2022-05-01,2022-05-01,93.4029707,3525368.77291,109.01891558,4192801.16781
2022-05-02,2022-05-02,118.50173796,4554375.72941,80.38355026,3128603.71665
2022-05-03,2022-05-03,68.74582437,2596207.66456,27.32264122,1048369.88809
2022-05-04,2022-05-04,54.63423788,2122244.48545,169.05061981,6649338.27283
2022-05-05,2022-05-05,259.25832862,9663471.25131,91.97776142,3412224.4078
2022-05-06,2022-05-06,184.56169251,6587673.91811,146.13559105,5297094.23463
2022-05-07,2022-05-07,86.81758095,3066047.50932,44.72829039,1600003.0453
2022-05-08,2022-05-08,149.9395943,5147895.08277,99.49704398,3445637.76151
2022-05-09,2022-05-09,694.78067765,22031981.41677,336.07821107,10765159.30148
2022-05-10,2022-05-10,499.63879307,15442206.10446,520.90887383,16459404.8484
2022-05-11,2022-05-11,1015.53240718,30202722.04773,574.27450754,17512453.22037
2022-05-12,2022-05-12,953.88991557,26006428.65868,1007.58816208,28303286.38346
2022-05-13,2022-05-13,330.84929813,9878209.7076,274.8640936,8366024.94578
2022-05-14,2022-05-14,130.12178859,3790888.99456,157.03201133,4644248.74872
2022-05-15,2022-05-15,107.50190262,3217347.54746,166.8108873,5087823.26136
2022-05-16,2022-05-16,203.49221702,6077658.06528,154.1929397,4616642.202
2022-05-17,2022-05-17,146.06512468,4367663.18083,152.22383841,4632420.80915
2022-05-18,2022-05-18,228.01262239,6664531.83744,72.31308259,2136695.3275
2022-05-19,2022-05-19,122.60480963,3602568.56293,253.00564042,7542858.06264
2022-05-20,2022-05-20,196.81852557,5797328.09358,141.15301011,4225983.92897
2022-05-21,2022-05-21,35.42378715,1032379.14162,57.18976792,1687717.68337
2022-05-22,2022-05-22,44.99279944,1339575.28874,83.08958639,2502364.16547
2022-05-23,2022-05-23,222.79178281,6589735.68797,131.93056269,4003526.53557
2022-05-24,2022-05-24,117.34190604,3392170.9725,94.97449144,2796547.69978
2022-05-25,2022-05-25,121.63966973,3592498.88703,98.20266149,2942968.10182
2022-05-26,2022-05-26,243.86054115,7081045.34355,177.11283536,5191963.32443
2022-05-27,2022-05-27,231.13139987,6620217.20485,124.37985469,3615825.47794
2022-05-28,2022-05-28,12.90499586,370518.41711,37.8172093,1097578.42426
2022-05-29,2022-05-29,29.77728835,862458.99508,55.22702398,1622298.68885
2022-05-30,2022-05-30,87.83480233,2696466.54451,234.92755046,7235791.37747
2022-05-31,2022-05-31,85.8493436,2709981.43963,102.17190772,3259274.68094
2022-06-01,2022-06-01,269.41197215,8243418.33539,109.72411684,3376120.20905
2022-06-02,2022-06-02,105.29868243,3140405.18111,115.51779577,3493113.18243
2022-06-03,2022-06-03,163.29495319,4852032.03627,70.48665547,2113547.21814
2022-06-04,2022-06-04,38.93093787,1147635.83517,33.72773023,1010389.33824
2022-06-05,2022-06-05,64.32332538,1909128.39046,48.08176308,1447329.77381
2022-06-06,2022-06-06,63.98684211,1996263.37427,180.17584868,5625221.73028
2022-06-07,2022-06-07,323.7369425,9807163.21414,302.29505803,9349993.07971
2022-06-08,2022-06-08,178.30024566,5378452.66655,121.65512507,3728089.47829
2022-06-09,2022-06-09,95.60461826,2870891.52435,71.94079094,2192205.8491
2022-06-10,2022-06-10,159.86714524,4687956.74513,96.40303064,2866769.64579
2022-06-11,2022-06-11,281.7861169,7988304.80245,100.76377764,2912005.32578
2022-06-12,2022-06-12,340.18549081,9308794.52642,136.99924635,3793305.80172
2022-06-13,2022-06-13,1150.6948044,27456403.73654,560.37953926,13611453.97039
2022-06-14,2022-06-14,763.75029457,16653344.22987,564.42726461,12526713.72991
2022-06-15,2022-06-15,766.15768566,16100135.20523,765.80111448,16424477.86201
2022-06-16,2022-06-16,587.53268533,12457397.22163,305.67187984,6533851.28741
2022-06-17,2022-06-17,349.82311611,7189772.82492,360.38619353,7540183.29436
2022-06-18,2022-06-18,803.1197744,14997938.33591,469.11453802,8875237.5299
2022-06-19,2022-06-19,465.44979922,8926328.83054,623.19129996,12165239.48502
2022-06-20,2022-06-20,510.19781899,10299008.73131,470.03749178,9646205.78595
2022-06-21,2022-06-21,280.16517483,5849192.44966,258.78468175,5474514.54516
2022-06-22,2022-06-22,374.70003932,7552827.53643,210.39696274,4293598.13801
2022-06-23,2022-06-23,146.52671094,2988083.21475,250.26061184,5191586.89568
2022-06-24,2022-06-24,199.3331987,4183075.82223,264.00885895,5615938.63941
2022-06-25,2022-06-25,126.50447264,2667308.70177,156.12693002,3345847.13857
2022-06-26,2022-06-26,104.55221053,2212690.19413,92.12623022,1980367.51933
2022-06-27,2022-06-27,176.86869534,3679417.6583,93.97652236,1983234.04378
2022-06-28,2022-06-28,222.82602522,4567147.65625,94.2365644,1966970.88141
2022-06-29,2022-06-29,167.53529707,3349201.05297,123.57799811,2501036.77752
2022-06-30,2022-06-30,233.20355854,4472080.52642,256.50231484,4967013.40783
2022-07-01,2022-07-01,355.73684515,6935097.6725,216.09250178,4278836.17333
2022-07-02,2022-07-02,89.48714792,1707843.01255,149.2541512,2902496.51905
2022-07-03,2022-07-03,153.70555387,2908702.92474,104.85159591,2028667.45675
2022-07-04,2022-07-04,144.42378493,2817938.27402,186.70236524,3716806.84162
2022-07-05,2022-07-05,288.77337631,5712953.21613,297.61106118,6019113.02313
2022-07-06,2022-07-06,325.32301811,6505801.55494,230.0456374,4691871.72643
2022-07-07,2022-07-07,93.45677701,1953298.68775,364.11314951,7805351.43253
2022-07-08,2022-07-08,324.77614753,7011943.78979,214.05716339,4690997.68761
2022-07-09,2022-07-09,118.19396711,2532974.64179,75.79968835,1650068.09282
2022-07-10,2022-07-10,146.37821987,3076657.11715,76.47087084,1620614.99891
2022-07-11,2022-07-11,222.59020333,4508890.48042,157.29897238,3240834.3413
2022-07-12,2022-07-12,343.52035637,6694273.96646,124.8251806,2477016.39058
2022-07-13,2022-07-13,228.19489082,4430096.04968,407.22905809,8043212.20232
2022-07-14,2022-07-14,216.46600604,4346866.03203,368.91636928,7547995.27203
2022-07-15,2022-07-15,173.07227052,3582022.24644,248.18579038,5197378.46146
2022-07-16,2022-07-16,226.28606935,4737120.33689,190.91103909,4043571.48106
2022-07-17,2022-07-17,152.28042323,3206647.86833,136.95542655,2924499.9989
2022-07-18,2022-07-18,393.18754748,8590656.58327,630.51677816,13945487.48545
2022-07-19,2022-07-19,317.74421499,7138175.40675,433.3190768,9892823.38241
2022-07-20,2022-07-20,417.39456884,9745523.66348,390.12741854,9264717.21075
2022-07-21,2022-07-21,262.9278326,5981347.80083,244.19528514,5638067.39358
2022-07-22,2022-07-22,214.25446078,4922966.86861,206.35952957,4829850.60155
2022-07-23,2022-07-23,186.10184217,4136204.47621,89.24526178,2015839.95592
2022-07-24,2022-07-24,163.32415556,3677716.57178,135.11111532,3081378.35781
2022-07-25,2022-07-25,378.1697402,8197610.90355,113.36584147,2496157.54157
2022-07-26,2022-07-26,255.3237805,5306672.83356,143.55556415,3036127.23854
2022-07-27,2022-07-27,110.26565092,2410517.24735,371.12999838,8271889.73218
2022-07-28,2022-07-28,229.58675102,5330453.84448,452.84560862,10709419.24228
2022-07-29,2022-07-29,203.19069077,4823074.16612,229.92418402,5526830.08915
2022-07-30,2022-07-30,126.96837878,3029637.61167,155.65669965,3782161.61366
2022-07-31,2022-07-31,178.26563549,4141166.25156,93.59285439,2235029.58988
2022-08-01,2022-08-01,276.23912604,6345439.77234,126.86583122,2961303.52886
2022-08-02,2022-08-02,299.57315311,6824393.97,147.88832048,3425942.03149
2022-08-03,2022-08-03,231.33007198,5297381.93648,166.22108279,3895193.34681
2022-08-04,2022-08-04,165.51329125,3754372.20088,108.70843207,2504333.06763
2022-08-05,2022-08-05,133.0317315,3057296.47186,202.58953348,4700530.5276
2022-08-06,2022-08-06,55.88479193,1283953.43132,21.75624123,507560.79584
2022-08-07,2022-08-07,48.27383792,1107593.53305,92.24043483,2153354.82503
2022-08-08,2022-08-08,139.14291216,3306547.48818,188.28962317,4513098.70766
2022-08-09,2022-08-09,262.60794917,6100504.13354,95.48902461,2241095.91993
2022-08-10,2022-08-10,180.99029158,4227723.86491,216.61857087,5146943.84195
2022-08-11,2022-08-11,248.82919604,6002381.89133,253.91122,6242472.42987
2022-08-12,2022-08-12,125.9726278,2987391.85582,135.62609705,3281480.06317
2022-08-13,2022-08-13,119.24732413,2904041.99125,150.9341854,3729654.83955
2022-08-14,2022-08-14,146.55363253,3564994.73562,161.52307149,4008555.08262
2022-08-15,2022-08-15,309.01851081,7438273.52831,288.7267707,7118801.65864
2022-08-16,2022-08-16,176.91346227,4205280.33794,74.97824482,1803143.44763
2022-08-17,2022-08-17,232.36160562,5449886.22331,142.5949807,3440117.75738
2022-08-18,2022-08-18,145.5257084,3376015.26648,60.18563638,1417837.90793
2022-08-19,2022-08-19,687.82771357,15015146.67334,188.3911015,4076500.30004
2022-08-20,2022-08-20,138.67435696,2907219.06277,132.1486743,2809562.88252
2022-08-21,2022-08-21,104.06327825,2215354.57806,165.20397268,3565240.17161
2022-08-22,2022-08-22,169.73778886,3574918.33178,134.97726333,2877376.48876
2022-08-23,2022-08-23,102.50618807,2175584.31753,178.37666887,3835971.21803
2022-08-24,2022-08-24,145.8234078,3109348.95156,206.79430678,4483827.04669
2022-08-25,2022-08-25,90.99458207,1949057.50818,81.34301587,1768652.09391
2022-08-26,2022-08-26,402.0966606,8358633.58684,133.81453597,2852136.8604
2022-08-27,2022-08-27,124.61124154,2487952.66862,131.49310496,2653133.26248
2022-08-28,2022-08-28,166.27447478,3278477.65819,76.72879061,1543965.66121
2022-08-29,2022-08-29,74.99717338,1492829.23672,197.7175063,3986640.98946
2022-08-30,2022-08-30,338.01962641,6696186.22111,174.65422604,3519990.95361
2022-08-31,2022-08-31,211.17461631,4235934.95981,170.89135972,3471386.59764
2022-09-01,2022-09-01,149.18366012,2947577.18813,146.5018407,2937435.98133
2022-09-02,2022-09-02,275.02919616,5462065.52837,125.63131963,2542876.34609
2022-09-03,2022-09-03,47.81666527,941052.40073,23.37719593,465679.23199
2022-09-04,2022-09-04,65.00322091,1275279.30028,64.95559808,1296109.97882
2022-09-05,2022-09-05,153.35867511,3017210.12975,85.38669806,1700711.26312
2022-09-06,2022-09-06,436.66475772,8407232.63312,196.68356383,3912228.87022
2022-09-07,2022-09-07,212.27266878,3970398.04585,234.12738805,4500698.9365
2022-09-08,2022-09-08,179.66504997,3432422.27382,185.79710264,3607354.61634
2022-09-09,2022-09-09,149.13091299,3103123.66779,460.73906297,9612146.51588
2022-09-10,2022-09-10,131.2090382,2794370.61861,209.95940078,4538864.90054
2022-09-11,2022-09-11,106.64780549,2287519.01795,99.33647725,2159813.96715
2022-09-12,2022-09-12,165.47386425,3625705.21243,289.56189918,6442345.52385
2022-09-13,2022-09-13,735.89726729,15414321.59877,211.75404501,4555714.81599
2022-09-14,2022-09-14,237.76110314,4766615.69226,206.92287457,4198444.07036
2022-09-15,2022-09-15,306.1043652,6050903.94947,157.11690854,3143177.1568
2022-09-16,2022-09-16,117.01858074,2285102.39394,134.21734627,2655500.41541
2022-09-17,2022-09-17,86.59229031,1718942.40043,136.65482242,2742798.23313
2022-09-18,2022-09-18,267.05724125,5227869.86232,79.25254571,1571432.84235
2022-09-19,2022-09-19,313.47075506,5915065.59532,333.91062907,6421256.22248
2022-09-20,2022-09-20,303.35154873,5748367.15711,159.0453315,3058156.08386
2022-09-21,2022-09-21,404.05699966,7603110.63572,382.57816285,7396593.36159
2022-09-22,2022-09-22,203.99798308,3851208.97214,460.5751739,8848649.88918
2022-09-23,2022-09-23,355.36529772,6678105.17647,316.56724677,6069110.21349
2022-09-24,2022-09-24,194.015164,3679403.70246,81.47059198,1562986.47574
2022-09-25,2022-09-25,109.89826187,2064435.09243,85.84212524,1637854.03147
2022-09-26,2022-09-26,208.75756725,3936209.85122,206.18250988,3946521.93993
2022-09-27,2022-09-27,465.70196867,9049117.74851,333.04810606,6590464.55207
2022-09-28,2022-09-28,373.88776948,7054492.47036,376.5423493,7264475.28238
2022-09-29,2022-09-29,282.34968495,5416525.52248,246.62058427,4802049.67415
2022-09-30,2022-09-30,269.41020728,5228398.47732,197.29442227,3906254.438
2022-10-01,2022-10-01,47.6673839,914408.95759,20.57975109,399250.5761
2022-10-02,2022-10-02,119.63189063,2278818.24521,86.50147491,1672207.22078
2022-10-03,2022-10-03,74.7949898,1432275.20736,251.12740667,4885618.87142
2022-10-04,2022-10-04,196.53414726,3901767.12019,229.27808591,4614178.732
2022-10-05,2022-10-05,157.02719995,3137241.53407,153.91492115,3109985.37215
2022-10-06,2022-10-06,127.66197552,2552872.89356,127.61929604,2592551.75766
2022-10-07,2022-10-07,213.52735049,4153210.91673,83.97557478,1659557.20219
2022-10-08,2022-10-08,58.52596112,1129119.43386,36.92727672,720636.30084
2022-10-09,2022-10-09,18.11900425,349898.47744,23.96156909,469027.64559
2022-10-10,2022-10-10,224.25505447,4292736.80811,85.00970615,1651225.19718
2022-10-11,2022-10-11,185.03989863,3501663.52884,88.04273084,1691563.47766
2022-10-12,2022-10-12,17.0881396,324538.78757,59.98393504,1152201.93009
2022-10-13,2022-10-13,332.76625745,6193732.37576,262.33160556,4977294.31923
2022-10-14,2022-10-14,244.12742308,4727044.77792,284.12382827,5609834.61373
2022-10-15,2022-10-15,43.50312623,825778.35448,26.57214862,510464.75765
2022-10-16,2022-10-16,60.1413254,1150403.1546,70.26211224,1359289.52906
2022-10-17,2022-10-17,46.72063573,902560.43411,76.7321169,1501223.97429
2022-10-18,2022-10-18,159.18999839,3065741.89006,115.83648475,2260299.77254
2022-10-19,2022-10-19,106.14890493,2025985.03486,37.7888746,729664.69419
2022-10-20,2022-10-20,152.28709712,2890384.45408,90.26614242,1738459.35398
2022-10-21,2022-10-21,104.26098486,1967721.7371,122.09825429,2334800.64599
2022-10-22,2022-10-22,27.53872526,525018.82782,22.69781764,437337.75692
2022-10-23,2022-10-23,30.5101313,589966.53706,190.68142191,3727328.2986
2022-10-24,2022-10-24,74.09087485,1424535.26908,119.24983782,2323320.97703
2022-10-25,2022-10-25,112.64776365,2242445.05659,379.05525409,7563653.01937
2022-10-26,2022-10-26,165.32971608,3398747.09014,176.04779378,3647179.70469
2022-10-27,2022-10-27,187.24922521,3825651.84328,126.60768718,2625738.71331
2022-10-28,2022-10-28,167.50195239,3379759.15665,135.19620982,2775349.77655
2022-10-29,2022-10-29,129.18457226,2674575.88301,335.11678881,7015100.30546
2022-10-30,2022-10-30,102.17650255,2103074.46045,87.33658248,1819471.57276
2022-10-31,2022-10-31,137.50387264,2801679.6998,113.89281289,2348481.64925
2022-11-01,2022-11-01,58.29682413,1188607.89933,59.52598382,1227450.46102
2022-11-02,2022-11-02,213.13399044,4309460.31178,122.38967475,2523539.01126
2022-11-03,2022-11-03,183.48148539,3674147.83269,72.01626342,1464155.31854
2022-11-04,2022-11-04,118.0918105,2445417.40264,350.05898391,7298905.30644
2022-11-05,2022-11-05,53.40989856,1131475.89612,118.42427619,2537715.61997
2022-11-06,2022-11-06,198.38862885,4160799.2843,22.1842949,472181.18515
2022-11-07,2022-11-07,318.27388198,6556183.07578,57.74565562,1206345.92819
2022-11-08,2022-11-08,1617.0547214,30277909.4686,787.22214671,15094222.81039
2022-11-09,2022-11-09,1807.36429881,29969824.21091,814.95217663,13984519.10547
2022-11-10,2022-11-10,626.97750302,10567731.96572,1148.43858003,19785895.68634
2022-11-11,2022-11-11,389.57681319,6592572.92776,476.23047544,8166418.74458
2022-11-12,2022-11-12,151.91594855,2538383.31169,63.00624133,1067050.04956
2022-11-13,2022-11-13,170.7765477,2812774.3792,83.97895173,1398357.22752
2022-11-14,2022-11-14,505.24846958,8201158.37199,383.07723482,6369954.68344
2022-11-15,2022-11-15,226.44701655,3779673.99596,191.30411099,3236349.35498
2022-11-16,2022-11-16,160.26128586,2647517.8876,119.64118367,2004789.93398
2022-11-17,2022-11-17,146.01349413,2404139.6285,91.42867513,1524372.95974
2022-11-18,2022-11-18,90.85767146,1507293.00539,78.94774973,1334394.83431
2022-11-19,2022-11-19,47.15990199,779837.16286,34.84662491,584809.7329
2022-11-20,2022-11-20,161.25895,2647224.04979,53.50697394,883446.45792
2022-11-21,2022-11-21,263.86783043,4189924.27052,244.91816024,3938147.64126
2022-11-22,2022-11-22,141.28744423,2236641.52462,189.83902043,3056088.38313
2022-11-23,2022-11-23,155.32437183,2543623.53203,223.22146844,3696510.66918
2022-11-24,2022-11-24,81.9282291,1351764.34384,86.24952855,1444261.61732
2022-11-25,2022-11-25,74.13970274,1216211.20739,46.00506955,763055.17687
2022-11-26,2022-11-26,48.74128553,800696.1175,84.201514,1404097.80465
2022-11-27,2022-11-27,31.66989237,519716.777,40.92383507,679760.73086
2022-11-28,2022-11-28,250.60742575,4035306.27034,159.48916933,2595584.41039
2022-11-29,2022-11-29,39.68946042,645568.86275,126.84482947,2087906.25708
2022-11-30,2022-11-30,94.55492023,1586622.44519,270.93233219,4601985.42613
2022-12-01,2022-12-01,89.99766889,1524208.74872,37.17165772,636957.42308
2022-12-02,2022-12-02,71.27366596,1198852.19421,104.54757991,1785484.2984
2022-12-03,2022-12-03,81.15618324,1369402.43627,12.01309306,205734.72884
2022-12-04,2022-12-04,29.16883157,493327.52076,72.29947401,1236516.9091
2022-12-05,2022-12-05,104.58941399,1779632.98778,111.04095502,1924003.91538
2022-12-06,2022-12-06,64.49843783,1087931.16961,46.55332079,795458.01289
2022-12-07,2022-12-07,81.10365774,1361398.05538,30.86144943,523545.81112
2022-12-08,2022-12-08,60.50518624,1031325.20528,103.37387984,1769057.5962
2022-12-09,2022-12-09,26.20244329,447513.45584,31.7945458,549616.10795
2022-12-10,2022-12-10,10.66734073,181890.27871,3.86136489,66564.92521
2022-12-11,2022-12-11,71.89956822,1225535.16064,29.63961412,509675.16712
2022-12-12,2022-12-12,98.03881675,1653061.25938,112.19629473,1924753.13805
2022-12-13,2022-12-13,112.40558707,1958479.7214,540.8692558,9740202.58941
2022-12-14,2022-12-14,105.57567521,1877116.52559,189.07659639,3426607.86651
2022-12-15,2022-12-15,132.73733567,2314779.76856,29.95435496,529663.67899
2022-12-16,2022-12-16,380.51984093,6402806.86356,76.30254171,1298840.42531
2022-12-17,2022-12-17,37.20350459,616575.42724,89.20521016,1496034.36558
2022-12-18,2022-12-18,40.32614301,670658.58636,64.87584936,1093846.56131
2022-12-19,2022-12-19,162.29889012,2679825.10513,30.98852819,515743.07354
2022-12-20,2022-12-20,48.80186385,817222.51977,129.95941031,2187549.53805
2022-12-21,2022-12-21,58.99304953,985654.6776,11.28792871,190750.27447
2022-12-22,2022-12-22,51.02975855,847752.96186,48.23063739,809761.75288
2022-12-23,2022-12-23,38.6041298,645774.67763,44.50648991,754492.66059
2022-12-24,2022-12-24,0.01705887,286.04792,3.61500981,61136.49285
2022-12-25,2022-12-25,14.24323702,237713.91221,21.209,357962.52041
2022-12-26,2022-12-26,11.96551939,200530.08677,60.36998283,1023880.80245
2022-12-27,2022-12-27,45.81522248,763965.46018,30.21905283,511000.62427
2022-12-28,2022-12-28,102.21298257,1690039.01244,37.07531943,620028.68317
2022-12-29,2022-12-29,106.55232081,1757952.37891,30.37905907,506760.58477
2022-12-30,2022-12-30,41.30430355,676976.7477,36.54710697,606113.56555
2022-12-31,2022-12-31,24.9849784,411199.53657,22.39514012,373720.77926
2023-01-01,2023-01-01,2.59605987,43153.61077,16.64317016,277349.54148
2023-01-02,2023-01-02,35.96053847,594227.58739,96.24294424,1613910.91997
2023-01-03,2023-01-03,39.71136988,658116.60272,22.45118914,376125.12191
2023-01-04,2023-01-04,35.62213878,596859.22366,164.1547277,2774118.11852
2023-01-05,2023-01-05,6.63271519,110902.13839,24.62839467,416595.96773
2023-01-06,2023-01-06,51.25847501,855893.47885,135.87764469,2303105.23532
2023-01-07,2023-01-07,1.36,22913.18283,6.555,111516.27272
2023-01-08,2023-01-08,47.863,807663.79516,170.15132564,2904723.88491
2023-01-09,2023-01-09,90.44971508,1551319.12899,334.03939309,5790235.46992
2023-01-10,2023-01-10,19.29749256,331120.07312,207.96266768,3640314.69792
2023-01-11,2023-01-11,29.993,518793.35561,259.10055966,4528539.05283
2023-01-12,2023-01-12,237.62667058,4346367.7798,411.54581505,7562468.33227
2023-01-13,2023-01-13,131.85978109,2515490.2464,470.30123654,9164291.07864
2023-01-14,2023-01-14,344.32538303,7131621.71575,897.13139673,18763197.72572
2023-01-15,2023-01-15,127.13642149,2627729.01399,122.27917815,2560064.99309
2023-01-16,2023-01-16,159.80302738,3335754.43307,197.33862562,4187844.02943
2023-01-17,2023-01-17,184.27902045,3884744.20186,150.30511453,3210681.85114
2023-01-18,2023-01-18,297.17145337,6189290.82876,230.34828864,4879228.43608
2023-01-19,2023-01-19,60.99791479,1268053.55762,159.68333151,3365425.87165
2023-01-20,2023-01-20,80.11235853,1732758.28355,391.64638756,8557646.86899
2023-01-21,2023-01-21,166.40445549,3790202.04763,261.55935407,6035298.80684
2023-01-22,2023-01-22,125.5735184,2837048.67463,191.54374544,4393153.14955
2023-01-23,2023-01-23,85.27501282,1933097.74251,223.87707147,5142841.51064
2023-01-24,2023-01-24,253.27747426,5739138.27117,106.71731692,2459465.7819
2023-01-25,2023-01-25,177.50736986,4032135.21193,416.19345366,9621509.75133
2023-01-26,2023-01-26,97.74875567,2237669.05453,122.99075479,2855219.45377
2023-01-27,2023-01-27,135.12446877,3091279.04177,174.90208427,4062535.08331
2023-01-28,2023-01-28,49.31855184,1127998.87218,19.06521843,441750.11442
2023-01-29,2023-01-29,55.76943839,1301257.15969,298.73906211,7074203.95203
2023-01-30,2023-01-30,291.04913424,6715292.24384,107.42972051,2494960.06287
2023-01-31,2023-01-31,86.62037639,1975965.20361,114.98588054,2660469.10186
2023-02-01,2023-02-01,95.68344079,2206350.42078,197.14856392,4630599.42835
2023-02-02,2023-02-02,217.21639807,5136812.50999,189.02466287,4542978.05018
2023-02-03,2023-02-03,103.15330392,2403468.7686,99.94043338,2360204.19016
2023-02-04,2023-02-04,52.03330292,1210220.10888,44.44507483,1047371.2933
2023-02-05,2023-02-05,131.59847913,3024609.68953,49.56825872,1149036.11271
2023-02-06,2023-02-06,139.71214077,3174558.84779,94.58990858,2181524.80417
2023-02-07,2023-02-07,72.88975102,1665829.47124,154.54570403,3587353.97347
2023-02-08,2023-02-08,172.43989399,3928903.62969,79.21863369,1837985.40681
2023-02-09,2023-02-09,537.9556104,11887353.19764,118.5746379,2669698.63873
2023-02-10,2023-02-10,107.77035611,2326173.31839,133.05286839,2913145.13342
2023-02-11,2023-02-11,6.89087418,148693.90864,38.84699256,848605.14991
2023-02-12,2023-02-12,78.93046986,1712316.88875,48.09579413,1058523.22978
2023-02-13,2023-02-13,400.16925339,8527920.5027,170.0029104,3709846.32692
2023-02-14,2023-02-14,134.80621995,2942418.94294,208.89553436,4605066.41182
2023-02-15,2023-02-15,85.20144232,1969311.00907,416.59930026,9774749.19691
2023-02-16,2023-02-16,423.06339894,10213757.49894,313.53746297,7803198.22542
2023-02-17,2023-02-17,309.5255817,7439713.26786,475.11713824,11598270.21296
2023-02-18,2023-02-18,53.13288379,1301719.82481,75.49436874,1872968.62886
2023-02-19,2023-02-19,124.79039684,3053489.89965,224.89776222,5590244.23083
2023-02-20,2023-02-20,225.35785698,5494166.36928,185.31413027,4594164.61881
2023-02-21,2023-02-21,312.69228677,7643238.61202,254.67299929,6332415.24006
2023-02-22,2023-02-22,383.0037336,9119155.38432,203.83906786,4921426.12951
2023-02-23,2023-02-23,284.01281236,6772669.11172,219.61837954,5328440.16854
2023-02-24,2023-02-24,318.25978625,7399096.95544,149.62398608,3531010.70077
2023-02-25,2023-02-25,176.47880257,4032633.70039,58.38989859,1350389.7073
2023-02-26,2023-02-26,77.51593087,1800680.23291,147.51671251,3469707.0582
2023-02-27,2023-02-27,176.88759007,4110825.62012,117.33567524,2772475.45837
2023-02-28,2023-02-28,215.70130076,4984854.95382,81.60481319,1919229.53912
2023-03-01,2023-03-01,273.82334857,6388864.32166,220.67661107,5231280.19342
2023-03-02,2023-03-02,124.98332496,2910039.5134,84.38586656,1990238.28951
2023-03-03,2023-03-03,332.57680793,7486051.55996,118.21350731,2652258.90466
2023-03-04,2023-03-04,86.03213104,1903945.52099,23.6410769,530533.97049
2023-03-05,2023-03-05,44.8325811,997632.6755,67.14623042,1512996.36181
2023-03-06,2023-03-06,140.09934271,3118401.01782,22.04664333,497693.96423
2023-03-07,2023-03-07,142.92614386,3153472.9027,82.900541,1853216.12771
2023-03-08,2023-03-08,204.39338016,4466977.41566,72.01793487,1597394.72815
2023-03-09,2023-03-09,1.966,42412.60712,8.08750352,176732.77744
2023-03-10,2023-03-10,260.32234563,5154515.74121,302.49459859,6078583.98575
2023-03-11,2023-03-11,297.37303593,5930835.1041,406.56544599,8288362.39383
2023-03-12,2023-03-12,160.37205543,3333558.03267,352.82186544,7489467.40865
2023-03-13,2023-03-13,427.61707259,9683762.25576,473.93235448,11020070.22304
2023-03-14,2023-03-14,599.0101951,14841869.19233,551.18946329,13923529.70693
2023-03-15,2023-03-15,421.40742868,10278823.39641,400.12834353,9921749.11553
2023-03-16,2023-03-16,138.27605947,3401885.63487,207.68479956,5162934.97125
2023-03-17,2023-03-17,253.60452564,6710907.63957,483.87428468,12932757.96828
2023-03-18,2023-03-18,300.08851746,8102615.07994,208.90287114,5742782.07995
2023-03-19,2023-03-19,124.6925427,3423618.32807,220.75381389,6155858.23812
2023-03-20,2023-03-20,316.12914586,8705272.74059,228.4899614,6403045.14272
2023-03-21,2023-03-21,155.46789871,4295510.94888,210.39105295,5923223.48262
2023-03-22,2023-03-22,41.8288346,1178678.02132,97.65023011,2794631.51702
2023-03-23,2023-03-23,196.66781179,5490829.77981,260.53491084,7364536.8858
2023-03-24,2023-03-24,235.44021724,6500783.35553,111.89521938,3130081.60781
2023-03-25,2023-03-25,103.89231596,2827539.39532,56.03772333,1548628.51066
2023-03-26,2023-03-26,40.068542,1109621.4698,87.15176175,2432443.20746
2023-03-27,2023-03-27,251.71646134,6800803.60716,84.78932989,2316085.17805
2023-03-28,2023-03-28,127.08553561,3407940.09701,169.32270417,4611288.27386
2023-03-29,2023-03-29,66.78064101,1872668.09348,205.4772687,5805297.82602
2023-03-30,2023-03-30,165.28590444,4658199.75511,164.37027334,4697266.39764
2023-03-31,2023-03-31,87.25269093,2435989.11522,130.69902629,3709667.5034
2023-04-01,2023-04-01,43.42800554,1230394.00398,39.44636607,1131845.23706
2023-04-02,2023-04-02,85.80942493,2401639.77697,64.63355211,1828472.79936
2023-04-03,2023-04-03,207.7561174,5751903.60175,209.96478599,5904802.70163
2023-04-04,2023-04-04,86.52021999,2417544.91014,77.39249582,2189797.18051
2023-04-05,2023-04-05,113.04087154,3173855.53123,122.4462399,3491847.64162
2023-04-06,2023-04-06,93.63484493,2601156.50022,47.22905632,1328954.36573
2023-04-07,2023-04-07,28.92731652,802205.78162,16.36032561,459146.4039
2023-04-08,2023-04-08,25.72975471,715845.04282,15.28753873,431517.39124
2023-04-09,2023-04-09,28.37967865,792192.48669,73.09220731,2073794.18599
2023-04-10,2023-04-10,62.3644711,1787171.16436,274.94700647,8007487.17784
2023-04-11,2023-04-11,137.79435009,4136067.08851,241.85666551,7313277.00048
2023-04-12,2023-04-12,118.16518951,3528962.17707,112.48264126,3408099.29898
2023-04-13,2023-04-13,50.27454592,1515260.90604,103.56086245,3152890.38614
2023-04-14,2023-04-14,198.88794689,6021906.51597,219.53275323,6759886.35002
2023-04-15,2023-04-15,20.24993544,611000.7622,16.7945518,513333.90207
2023-04-16,2023-04-16,39.51143858,1189190.32165,145.59069298,4469270.33763
2023-04-17,2023-04-17,182.84955296,5401160.02794,36.21251337,1078699.76704
2023-04-18,2023-04-18,173.55719192,5108389.24677,293.53705569,8905610.06518
2023-04-19,2023-04-19,243.21622352,7101490.0072,72.56392976,2132551.61207
2023-04-20,2023-04-20,202.34036007,5735759.34436,120.49412717,3460194.69949
2023-04-21,2023-04-21,296.02632101,8130821.74934,111.44839842,3133885.62302
2023-04-22,2023-04-22,37.01284394,1007802.415,71.22547568,1972158.82459
2023-04-23,2023-04-23,74.72384534,2046909.50044,51.48982183,1427829.73778
2023-04-24,2023-04-24,153.91911023,4206045.72701,243.27855955,6739137.19205
2023-04-25,2023-04-25,50.31565631,1376173.88534,160.7947921,4496237.61009
2023-04-26,2023-04-26,441.48278572,12580753.26612,412.69679115,11851200.97304
2023-04-27,2023-04-27,177.09316388,5136299.34856,289.04317254,8484787.78682
2023-04-28,2023-04-28,64.61638922,1875853.84104,81.75097903,2402924.3484
2023-04-29,2023-04-29,18.3854615,534989.4934,27.53151346,810505.99727
2023-04-30,2023-04-30,82.34958859,2411110.09305,180.34384863,5402663.65288
2023-05-01,2023-05-01,378.41237876,10707955.40748,86.64721564,2461118.52582
2023-05-02,2023-05-02,66.09624686,1868219.57868,118.07198333,3377937.2431
2023-05-03,2023-05-03,119.37803738,3386835.64861,162.07782458,4674008.47147
2023-05-04,2023-05-04,60.02329425,1727778.18331,45.98458419,1339111.09543
2023-05-05,2023-05-05,60.56441161,1765045.2255,245.04069772,7235221.72527
2023-05-06,2023-05-06,165.53142274,4779940.13713,80.07213759,2341900.1315
2023-05-07,2023-05-07,79.57654787,2271718.76411,50.15541499,1458710.98918
2023-05-08,2023-05-08,332.35383762,9126034.46625,109.73657,3071149.98873
2023-05-09,2023-05-09,75.98193418,2082363.97149,67.21806733,1866287.1398
2023-05-10,2023-05-10,245.07823082,6657953.23892,378.09926711,10610308.28511
2023-05-11,2023-05-11,181.13593763,4871216.97432,67.66478372,1842370.45941
2023-05-12,2023-05-12,191.43770677,5021800.81296,161.19292005,4299170.25972
2023-05-13,2023-05-13,40.75436858,1087261.74431,29.10213955,785401.99751
2023-05-14,2023-05-14,33.28290767,890324.46443,47.68159679,1291300.33571
2023-05-15,2023-05-15,63.74877108,1725808.7679,115.53700798,3176972.48179
2023-05-16,2023-05-16,59.43888988,1599087.82385,52.869996,1441635.21092
2023-05-17,2023-05-17,81.55977326,2184505.93588,194.15295824,5285578.97863
2023-05-18,2023-05-18,165.83121311,4442003.88187,94.99807229,2574614.37339
2023-05-19,2023-05-19,86.52627022,2310294.55968,49.62255668,1342529.19441
2023-05-20,2023-05-20,7.95856236,214075.13292,19.73392381,535470.70627
2023-05-21,2023-05-21,48.23271839,1293676.22783,11.73568295,316136.98411
2023-05-22,2023-05-22,70.30739535,1869600.16648,62.93059362,1694063.58667
2023-05-23,2023-05-23,42.08286123,1140641.82081,85.95532823,2354092.70201
2023-05-24,2023-05-24,200.74613461,5316789.24218,88.05922187,2339209.572
2023-05-25,2023-05-25,162.80622053,4209763.90824,73.63586637,1949555.22303
2023-05-26,2023-05-26,40.94445767,1082821.95622,72.73615647,1952040.5742
2023-05-27,2023-05-27,18.70300381,496210.25988,26.97902732,725201.2806
2023-05-28,2023-05-28,25.19198684,691176.70526,226.92241234,6273503.71843
2023-05-29,2023-05-29,128.2768775,3544834.52202,122.03072062,3464321.89493
2023-05-30,2023-05-30,80.08354692,2211316.26902,67.58914136,1888506.33972
2023-05-31,2023-05-31,126.93108564,3429472.5112,71.94509586,1968918.57483
2023-06-01,2023-06-01,100.17224291,2682812.69451,48.14004581,1304556.77821
2023-06-02,2023-06-02,46.32284249,1236764.18319,98.13382705,2667597.67805
2023-06-03,2023-06-03,32.95104033,887695.56401,11.5292495,314764.22099
2023-06-04,2023-06-04,23.07737897,623848.93497,33.18523642,908361.58513
2023-06-05,2023-06-05,481.53657401,12551970.03445,83.69238147,2169544.55292
2023-06-06,2023-06-06,83.04201843,2138209.98597,264.93272573,7061997.65619
2023-06-07,2023-06-07,322.43337273,8541959.58692,149.71096456,4015194.1131
2023-06-08,2023-06-08,70.49013086,1852517.41663,57.61072395,1533627.2383
2023-06-09,2023-06-09,43.07253327,1135363.13041,66.97878291,1792054.48981
2023-06-10,2023-06-10,389.69059227,10029151.70371,381.39760263,9941795.75695
2023-06-11,2023-06-11,55.0574078,1415612.65816,57.76922308,1504542.50527
2023-06-12,2023-06-12,52.25090207,1343048.99947,58.50211069,1522824.39066
2023-06-13,2023-06-13,99.68744577,2576928.82386,73.13100967,1918629.69656
2023-06-14,2023-06-14,99.02856687,2505808.94069,63.08935076,1615279.91588
2023-06-15,2023-06-15,102.40371047,2561039.5146,112.81753715,2866884.66389
2023-06-16,2023-06-16,61.65371845,1576509.48131,147.6397283,3852047.24591
2023-06-17,2023-06-17,27.78655723,730398.36161,41.54208561,1105609.9039
2023-06-18,2023-06-18,33.22034167,874360.08034,18.73329373,499088.04458
2023-06-19,2023-06-19,145.81499533,3818513.53953,70.31756651,1886273.71453
2023-06-20,2023-06-20,229.20374875,6316572.2014,209.44415153,5790594.12034
2023-06-21,2023-06-21,147.94687817,4372520.51741,469.39954588,14006882.46908
2023-06-22,2023-06-22,109.66591185,3273440.93461,104.92548478,3174449.95286
2023-06-23,2023-06-23,101.8303492,3106141.11911,231.01567398,7153392.20847
2023-06-24,2023-06-24,58.20574242,1767212.70783,223.60378576,6919080.59468
2023-06-25,2023-06-25,86.65852928,2639550.15995,111.338622,3442560.21931
2023-06-26,2023-06-26,122.80449501,3697368.36647,99.44849246,3032470.3897
2023-06-27,2023-06-27,52.60773929,1599986.16758,99.5398085,3063845.56496
2023-06-28,2023-06-28,151.45626082,4567178.07505,59.29553239,1801412.60148
2023-06-29,2023-06-29,36.13207433,1097090.74584,113.72619654,3486444.68793
2023-06-30,2023-06-30,172.57697957,5200251.35582,264.64683747,8132549.15809
2023-07-01,2023-07-01,12.23117607,370455.10171,17.24447378,529269.98137
2023-07-02,2023-07-02,38.43504285,1164462.82947,53.1163329,1630523.90806
2023-07-03,2023-07-03,35.21496201,1086473.74619,86.96393808,2710206.58944
2023-07-04,2023-07-04,65.52316875,2016235.42033,21.56416688,672279.57995
2023-07-05,2023-07-05,83.37936251,2527815.76962,40.5162222,1241530.00437
2023-07-06,2023-07-06,221.71397626,6704114.71281,131.61146067,4077117.75983
2023-07-07,2023-07-07,47.66019983,1423169.81134,45.05033289,1365123.42219
2023-07-08,2023-07-08,36.44922605,1094019.07086,10.765,326945.30705
2023-07-09,2023-07-09,28.74717797,865369.73901,22.13412318,674110.97589
2023-07-10,2023-07-10,77.22320669,2326404.5996,130.4873684,3996041.51638
2023-07-11,2023-07-11,32.49545612,986003.714,70.96119002,2180500.4141
2023-07-12,2023-07-12,78.23110454,2376524.1819,35.27675454,1088972.2532
2023-07-13,2023-07-13,115.87218849,3577737.73122,336.28368501,10539215.89349
2023-07-14,2023-07-14,199.7495389,6090528.50036,67.94748996,2103083.92866
2023-07-15,2023-07-15,12.623,380728.46441,7.94656046,242059.39279
2023-07-16,2023-07-16,39.63815012,1191730.94772,27.11696626,824566.82668
2023-07-17,2023-07-17,219.72876467,6525857.88586,75.33891271,2280044.65352
2023-07-18,2023-07-18,80.04357643,2366321.0707,45.13801897,1356961.81641
2023-07-19,2023-07-19,56.95613295,1695664.95907,50.57818003,1524438.9848
2023-07-20,2023-07-20,72.34127922,2154262.07352,61.22939942,1849340.89346
2023-07-21,2023-07-21,23.613057,700693.36986,30.72382569,923036.53473
2023-07-22,2023-07-22,33.30830509,988006.54896,8.89823782,266565.37731
2023-07-23,2023-07-23,61.65010849,1835040.96496,59.55363593,1797336.23378
2023-07-24,2023-07-24,113.24225621,3317477.15829,47.06378919,1382860.6778
2023-07-25,2023-07-25,20.23000403,587133.34756,28.20649859,828511.98035
2023-07-26,2023-07-26,62.30849033,1814533.84618,58.30885172,1723164.61266
2023-07-27,2023-07-27,53.24261154,1548941.97256,11.08106369,326844.82063
2023-07-28,2023-07-28,27.13706425,790636.53261,35.1467143,1036149.6502
2023-07-29,2023-07-29,4.68981483,136998.83402,7.94276413,234031.67136
2023-07-30,2023-07-30,42.57273502,1236359.43635,21.00335384,618761.28979
2023-07-31,2023-07-31,36.27706988,1055459.42407,26.36272275,778150.87131
2023-08-01,2023-08-01,94.45542153,2716349.63161,216.15864381,6405536.91648
2023-08-02,2023-08-02,124.62691161,3652239.55191,102.42469196,3054656.02912
2023-08-03,2023-08-03,41.21979296,1196393.05787,53.57725221,1574857.56679
2023-08-04,2023-08-04,58.2272789,1685513.96118,16.48839892,482529.43956
2023-08-05,2023-08-05,20.85358904,603324.31052,8.95403422,261234.41437
2023-08-06,2023-08-06,14.48959373,418774.99507,15.34015736,448954.29789
2023-08-07,2023-08-07,99.79400027,2866279.79478,63.13895459,1846870.69719
2023-08-08,2023-08-08,37.96682495,1123201.98427,281.42549864,8430649.94259
2023-08-09,2023-08-09,79.35545705,2340124.71345,38.34970169,1149016.84351
2023-08-10,2023-08-10,29.94131459,879181.3742,17.87751144,532387.00651
2023-08-11,2023-08-11,20.54899724,600857.78847,9.89797705,292771.34722
2023-08-12,2023-08-12,1.715,50299.23641,11.02938072,325738.05941
2023-08-13,2023-08-13,40.04682673,1170263.11058,11.99450762,354121.10144
2023-08-14,2023-08-14,122.12507526,3556448.7183,56.02718023,1659607.30061
2023-08-15,2023-08-15,80.26712301,2338285.33555,14.45357783,424708.07036
2023-08-16,2023-08-16,142.84236655,4117010.66363,15.20721674,443720.6817
2023-08-17,2023-08-17,975.76411256,26110871.80447,322.39693074,8608603.29986
2023-08-18,2023-08-18,205.48799316,5351640.40155,145.84512578,3848969.47101
2023-08-19,2023-08-19,65.37465902,1690634.72566,50.9370731,1338338.33838
2023-08-20,2023-08-20,24.27990259,630879.7395,22.64986045,594569.49103
2023-08-21,2023-08-21,104.27445111,2688030.50151,41.36604673,1083671.79906
2023-08-22,2023-08-22,97.82030033,2513979.05847,58.2894429,1513438.30337
2023-08-23,2023-08-23,109.78973815,2859898.02399,283.82947538,7513329.27613
2023-08-24,2023-08-24,92.62066402,2411382.02076,28.18462964,742540.54313
2023-08-25,2023-08-25,105.07363355,2718493.86909,47.04293008,1232642.76581
2023-08-26,2023-08-26,1.211,31410.93187,4.41363375,115606.54503
2023-08-27,2023-08-27,8.62725061,223803.64461,22.65776024,594605.39073
2023-08-28,2023-08-28,42.13205616,1090638.44842,46.00846643,1206316.71852
2023-08-29,2023-08-29,149.18583918,4057254.41701,223.69271013,6103708.8099
2023-08-30,2023-08-30,85.55340646,2329478.54856,33.53760085,919731.53103
2023-08-31,2023-08-31,232.30487506,6120231.72107,48.81985998,1297581.99977
2023-09-01,2023-09-01,135.05531659,3456855.41964,95.17014746,2465025.62178
2023-09-02,2023-09-02,26.04084632,669536.37606,19.55353383,508199.11398
2023-09-03,2023-09-03,16.69296909,430492.86617,22.49320672,585617.40714
2023-09-04,2023-09-04,50.66283869,1300777.48368,31.039942,808112.77776
2023-09-05,2023-09-05,44.277616,1133096.87966,33.435484,865172.7296
2023-09-06,2023-09-06,78.30444446,1997390.05035,52.46293758,1355715.87427
2023-09-07,2023-09-07,27.21908566,702050.03416,87.20022677,2282408.1922
2023-09-08,2023-09-08,49.59034915,1282650.30777,30.10668192,791855.69531
2023-09-09,2023-09-09,1.517,39161.02328,1.782,46299.5974
2023-09-10,2023-09-10,155.47274589,3975538.7977,20.90181862,542369.16991
2023-09-11,2023-09-11,141.08707372,3568370.34022,65.06168805,1656861.59486
2023-09-12,2023-09-12,88.93485381,2301718.91546,152.1126252,3954101.65155
2023-09-13,2023-09-13,46.92699907,1217264.63623,64.30065458,1688585.2703
2023-09-14,2023-09-14,51.23647447,1350497.50451,122.5518147,3264036.06979
2023-09-15,2023-09-15,62.78249487,1649807.27362,89.19558018,2390477.4943
2023-09-16,2023-09-16,43.67736207,1152910.95703,42.1501603,1131681.49238
2023-09-17,2023-09-17,49.03623018,1293056.63452,15.98714971,425789.2265
2023-09-18,2023-09-18,105.19839267,2822543.40644,213.72015427,5842107.29926
2023-09-19,2023-09-19,115.54968149,3116697.74807,171.40157184,4688533.76898
2023-09-20,2023-09-20,100.91251932,2718135.01074,80.4583361,2192904.64008
2023-09-21,2023-09-21,154.73559674,4118492.95468,32.41547201,867961.86612
2023-09-22,2023-09-22,19.11342394,505163.64446,23.03932163,616328.22722
2023-09-23,2023-09-23,2.944,77853.59633,1.472,39283.47812
2023-09-24,2023-09-24,36.64027438,961935.52447,16.3720847,436789.25147
2023-09-25,2023-09-25,66.42884116,1727201.14567,71.19658476,1877474.82323
2023-09-26,2023-09-26,37.02558245,965045.82037,27.58609728,727752.98382
2023-09-27,2023-09-27,8.33247965,219046.58972,76.10215868,2033571.08532
2023-09-28,2023-09-28,0.08961758,2372.0,0.23678123,6398.0
2023-09-29,2023-09-29,0.20455619,5492.0,0.14085229,3825.0
2023-09-30,2023-09-30,0.00022349,6.0,0.01607569,437.0
2023-10-01,2023-10-01,16.71215639,457287.91091,194.41019006,5451241.4197
2023-10-02,2023-10-02,229.88189068,6364940.31729,149.03984988,4201402.26915
2023-10-03,2023-10-03,63.21517611,1722117.16166,49.63427082,1368881.6702
2023-10-04,2023-10-04,42.68731523,1165179.9964,101.27158798,2805729.69628
2023-10-05,2023-10-05,114.7210453,3143111.3962,75.20641386,2099590.19951
2023-10-06,2023-10-06,76.59768762,2110392.33585,189.00013804,5284126.60532
2023-10-07,2023-10-07,13.19464826,366169.70468,7.49621338,210164.94463
2023-10-08,2023-10-08,23.38970077,647953.99396,19.7679062,554083.41029
2023-10-09,2023-10-09,112.18314182,3074774.73729,61.61627002,1707477.09416
2023-10-10,2023-10-10,80.78552918,2203816.31087,34.4069409,950592.93331
2023-10-11,2023-10-11,189.80726707,5089213.78779,52.16164522,1413916.62561
2023-10-12,2023-10-12,71.76274893,1906073.90161,28.09675299,756172.71263
2023-10-13,2023-10-13,56.18005491,1499717.86043,66.60837221,1800771.49274
2023-10-14,2023-10-14,3.59544955,96127.43218,11.70707387,316511.57332
2023-10-15,2023-10-15,32.70830923,878191.50706,69.61804533,1890810.1772
2023-10-16,2023-10-16,151.98490156,4279034.1536,461.99400274,13136313.20674
2023-10-17,2023-10-17,161.69325238,4527956.21022,111.26030642,3181768.4765
2023-10-18,2023-10-18,72.68481355,2057076.41458,47.91437935,1372277.17585
2023-10-19,2023-10-19,62.04235781,1756170.94447,182.98221691,5278938.71088
2023-10-20,2023-10-20,95.34635454,2798955.38049,202.22656475,5991798.79324
2023-10-21,2023-10-21,61.58321855,1826119.02461,87.65681243,2631560.62668
2023-10-22,2023-10-22,50.43328866,1497002.52737,53.77465963,1616809.05947
2023-10-23,2023-10-23,223.44648471,7134626.89963,958.91348475,31006976.99883
2023-10-24,2023-10-24,292.66350179,9905779.38156,403.00522881,13865139.96326
2023-10-25,2023-10-25,119.72522398,4093249.10967,208.84802156,7245058.75152
2023-10-26,2023-10-26,200.45057245,6798406.97513,117.48448034,4059734.92643
2023-10-27,2023-10-27,109.36011811,3683520.07912,63.27892356,2162568.4673
2023-10-28,2023-10-28,23.13142986,786231.71659,39.00296139,1338386.45952
2023-10-29,2023-10-29,30.98813988,1054912.77502,70.52434034,2440742.49649
2023-10-30,2023-10-30,161.56363824,5520842.12843,91.04837928,3160820.37378
2023-10-31,2023-10-31,72.53703637,2475795.52599,84.73539539,2935104.8772
2023-11-01,2023-11-01,95.58955196,3296324.39327,264.63040168,9261547.9177
2023-11-02,2023-11-02,148.21281745,5165578.79071,116.50025357,4125035.95678
2023-11-03,2023-11-03,185.45256539,6358911.80604,91.9660042,3195240.00464
2023-11-04,2023-11-04,21.16027599,732872.30442,87.12799651,3058368.81855
2023-11-05,2023-11-05,77.3632882,2696551.61095,122.04315352,4305652.66809
2023-11-06,2023-11-06,76.51581074,2658906.04463,87.19078112,3075500.11415
2023-11-07,2023-11-07,108.04442996,3762814.03882,124.96455261,4434685.85751
2023-11-08,2023-11-08,50.25468675,1774709.317,116.90299002,4186785.54949
2023-11-09,2023-11-09,196.32981215,7171977.96118,479.01479965,17712887.07405
2023-11-10,2023-11-10,87.95447832,3225164.39748,166.40544979,6199898.92449
2023-11-11,2023-11-11,81.12892061,2995172.65222,71.92215251,2686203.82478
2023-11-12,2023-11-12,107.39576006,3935028.70177,48.47174113,1806585.56834
2023-11-13,2023-11-13,154.94248367,5657640.63499,95.81235009,3560667.37386
2023-11-14,2023-11-14,143.08278209,5127521.2317,108.14373088,3938402.2189
2023-11-15,2023-11-15,74.25458456,2723516.7601,363.77204713,13441204.50487
2023-11-16,2023-11-16,354.052124,12845605.46116,115.18569608,4226480.7992
2023-11-17,2023-11-17,128.93431645,4651303.9407,199.40009108,7325164.66315
2023-11-18,2023-11-18,60.31998264,2187179.41427,44.07325022,1622800.52765
2023-11-19,2023-11-19,31.32679721,1140501.94859,116.44982175,4332348.21857
2023-11-20,2023-11-20,80.74330882,2997174.87848,116.94727733,4399158.10055
2023-11-21,2023-11-21,377.61957937,13754975.11521,122.79769977,4570485.22097
2023-11-22,2023-11-22,55.73792914,2043421.59923,254.96624395,9467216.45863
2023-11-23,2023-11-23,64.00661986,2367803.46119,45.7031296,1717244.90695
2023-11-24,2023-11-24,68.99691265,2598333.55675,189.26601947,7212877.0604
2023-11-25,2023-11-25,5.68142694,212996.96931,20.45765798,776680.56479
2023-11-26,2023-11-26,53.25491476,1982750.59147,28.36802099,1068888.19393
2023-11-27,2023-11-27,105.58096548,3891318.90106,44.20573773,1647406.74841
2023-11-28,2023-11-28,86.01843748,3205150.16681,199.59571979,7575077.64482
2023-11-29,2023-11-29,87.32294366,3287731.17092,88.36831137,3376818.70097
2023-11-30,2023-11-30,48.29284439,1812556.46482,47.98760171,1825592.99054
2023-12-01,2023-12-01,51.5304355,1973041.39856,155.1578387,5982281.09747
2023-12-02,2023-12-02,27.78070719,1086351.30682,141.52027543,5557554.22963
2023-12-03,2023-12-03,53.16708799,2095494.60061,132.05376112,5272617.6326
2023-12-04,2023-12-04,116.33775615,4816645.36385,469.21138069,19511805.61853
2023-12-05,2023-12-05,117.01074915,4985094.51592,413.96569602,17969234.34466
2023-12-06,2023-12-06,206.95361132,9003552.28972,148.56454588,6557288.09641
2023-12-07,2023-12-07,178.6545866,7703819.39243,135.34323102,5914755.38226
2023-12-08,2023-12-08,38.50037977,1683621.70089,393.55288944,17401346.13761
2023-12-09,2023-12-09,75.28096941,3289547.83084,74.2795931,3296544.36824
2023-12-10,2023-12-10,21.25460648,926160.79873,46.89173383,2068982.67216
2023-12-11,2023-12-11,438.59456346,18270124.01887,178.46280737,7460146.81443
2023-12-12,2023-12-12,147.5092407,6073340.45729,134.26909949,5615501.17014
2023-12-13,2023-12-13,92.76004872,3836948.71954,163.21167733,6910163.32314
2023-12-14,2023-12-14,98.99318034,4210187.77142,235.82927937,10138140.18734
2023-12-15,2023-12-15,122.74738309,5157036.04748,52.10006308,2215914.03795
2023-12-16,2023-12-16,52.17058363,2191662.97436,64.80030203,2759864.16101
2023-12-17,2023-12-17,176.87461993,7369329.78976,43.119287,1823367.29056
2023-12-18,2023-12-18,356.69619279,14503005.16342,196.07970405,8222843.63036
2023-12-19,2023-12-19,150.91187456,6371600.75752,170.37691872,7355208.65372
2023-12-20,2023-12-20,73.3140399,3174528.3623,240.67011728,10565672.12532
2023-12-21,2023-12-21,68.82944042,2993753.09767,135.85675329,5985596.63645
2023-12-22,2023-12-22,86.86784085,3777532.77336,91.73742373,4053978.34929
2023-12-23,2023-12-23,23.18070466,1007034.58391,40.31103365,1772394.62462
2023-12-24,2023-12-24,102.35493729,4426424.34101,58.92387368,2582361.04447
2023-12-25,2023-12-25,55.16337393,2372140.26059,113.52257932,4965438.85479
2023-12-26,2023-12-26,147.11103549,6233691.70029,86.39265748,3691691.53121
2023-12-27,2023-12-27,76.1383555,3239684.01826,153.28767459,6638788.49268
2023-12-28,2023-12-28,176.83867778,7538148.32291,80.44867642,3500283.7254
2023-12-29,2023-12-29,133.47518835,5619782.50773,67.19056533,2870486.94677
2023-12-30,2023-12-30,94.98557591,3976172.96288,53.60513495,2274614.806
2023-12-31,2023-12-31,80.29130374,3393887.22944,135.86038672,5820806.48377
2024-01-01,2024-01-01,35.67105973,1520409.53803,465.81249957,20390918.39574
2024-01-02,2024-01-02,143.24071155,6442683.16386,210.53969273,9549646.29594
2024-01-03,2024-01-03,535.15805005,22803604.65781,192.21675607,8292144.16964
2024-01-04,2024-01-04,70.24222869,3055724.5913,146.9652068,6442721.60297
2024-01-05,2024-01-05,123.6867524,5379228.73293,125.11038819,5504277.74947
2024-01-06,2024-01-06,55.55988646,2418829.84966,73.2613954,3238457.1575
2024-01-07,2024-01-07,90.99263172,3979449.30487,50.90912557,2258067.50729
2024-01-08,2024-01-08,101.77427439,4524606.37238,225.24086594,10281477.63479
2024-01-09,2024-01-09,296.47085684,13655102.29067,152.21989885,7129524.82273
2024-01-10,2024-01-10,267.54756313,12175819.20524,244.93170546,11320826.20547
2024-01-11,2024-01-11,215.04338296,9990511.00857,391.25596934,18764444.09321
2024-01-12,2024-01-12,409.04384295,17888638.93054,170.56264999,7598967.44891
2024-01-13,2024-01-13,72.46789806,3084124.1803,61.08732457,2637595.63899
2024-01-14,2024-01-14,111.51135064,4702154.06679,46.014208,1972060.86013
2024-01-15,2024-01-15,70.3062794,2976717.37994,120.62213273,5163014.02099
2024-01-16,2024-01-16,73.2770091,3123901.19054,282.56291779,12289981.80377
2024-01-17,2024-01-17,160.58561187,6809764.2505,42.67717963,1831099.89367
2024-01-18,2024-01-18,441.6392883,18275329.11652,112.3566047,4721384.19154
2024-01-19,2024-01-19,234.57334519,9547329.28962,150.29325955,6245198.02075
2024-01-20,2024-01-20,18.73601517,775216.71747,30.58433667,1281881.54999
2024-01-21,2024-01-21,22.74614396,942505.1628,20.12999976,845928.4908
2024-01-22,2024-01-22,389.37130815,15717336.87145,116.2415995,4741441.34879
2024-01-23,2024-01-23,289.09107423,11251390.71936,271.48200513,10760874.91486
2024-01-24,2024-01-24,104.18374606,4138584.94488,281.51671793,11372469.09837
2024-01-25,2024-01-25,55.80922314,2211794.32907,61.02222016,2455713.26544
2024-01-26,2024-01-26,55.29314583,2257214.57938,191.50905636,7907520.27199
2024-01-27,2024-01-27,44.82840161,1859381.56471,45.81988243,1930675.19495
2024-01-28,2024-01-28,87.54836763,3671925.01344,112.26410539,4788454.87967
2024-01-29,2024-01-29,49.43001156,2084706.47909,145.72486821,6252069.203
2024-01-30,2024-01-30,135.15999085,5812158.4462,158.3956776,6943388.02794
2024-01-31,2024-01-31,178.21569468,7582542.31621,131.27148778,5685399.76035
2024-02-01,2024-02-01,345.27459325,14416281.68431,136.37023491,5837423.48963
2024-02-02,2024-02-02,55.78627503,2382516.6022,83.37653675,3611136.93398
2024-02-03,2024-02-03,21.10324492,903736.24791,15.03915268,652626.09033
2024-02-04,2024-02-04,62.02141614,2639504.95769,22.64853446,977862.12027
2024-02-05,2024-02-05,94.74045408,4027617.66498,101.92794839,4409733.97471
2024-02-06,2024-02-06,149.73088533,6397212.95526,72.02561442,3114867.13308
2024-02-07,2024-02-07,46.54314111,1992584.10679,159.6163413,6976159.8644
2024-02-08,2024-02-08,40.46466963,1812156.87331,197.09895904,8932049.62709
2024-02-09,2024-02-09,81.36718017,3805616.42906,247.76874788,11670419.74079
2024-02-10,2024-02-10,46.83943629,2203416.55174,82.50637192,3940258.05016
2024-02-11,2024-02-11,72.72679251,3479153.83567,96.07645847,4657008.31732
2024-02-12,2024-02-12,126.98141587,6176410.68422,336.96510868,16675583.30154
2024-02-13,2024-02-13,108.79595241,5321366.09482,152.96972288,7604069.39896
2024-02-14,2024-02-14,89.68192619,4556676.10798,376.78889373,19440187.91817
2024-02-15,2024-02-15,157.61606639,8161110.18768,307.57986129,16178981.77486
2024-02-16,2024-02-16,62.30667571,3220614.79908,100.19192515,5250158.49241
2024-02-17,2024-02-17,90.28840091,4606797.44888,90.18686132,4666105.46392
2024-02-18,2024-02-18,52.10436101,2679185.7048,158.59463729,8317668.9945
2024-02-19,2024-02-19,125.9236626,6483692.91365,149.37886389,7866451.23646
2024-02-20,2024-02-20,338.94029729,17251186.46104,192.54497127,10066341.64334
2024-02-21,2024-02-21,163.4765206,8346034.51628,94.94788961,4896966.78543
2024-02-22,2024-02-22,95.16877694,4870284.16968,91.06534632,4730670.10427
2024-02-23,2024-02-23,98.80164235,5010698.92909,48.1233488,2474020.47141
2024-02-24,2024-02-24,14.14817851,716432.92508,66.75989977,3435283.17174
2024-02-25,2024-02-25,43.64825971,2238619.06403,81.51158705,4241034.23698
2024-02-26,2024-02-26,63.02199662,3280428.04267,448.62586332,24281269.30638
2024-02-27,2024-02-27,269.37330286,15162092.43044,312.09026769,17727678.96583
2024-02-28,2024-02-28,230.24867531,13787026.62469,837.27902081,50917316.87784
2024-02-29,2024-02-29,269.25460155,16542801.18819,205.38314229,12868364.8809
2024-03-01,2024-03-01,59.15322645,3635559.13387,325.95569378,20377107.47255
2024-03-02,2024-03-02,67.9088289,4181902.90537,66.61254155,4158583.89531
2024-03-03,2024-03-03,63.50381861,3919436.71854,122.97328844,7722947.24276
2024-03-04,2024-03-04,145.38453839,9432011.56422,533.76511034,35572704.42086
2024-03-05,2024-03-05,487.1291569,31484985.92141,425.26457477,28037793.73926
2024-03-06,2024-03-06,240.0529772,15664915.93879,280.56551527,18533230.32368
2024-03-07,2024-03-07,77.13872076,5116362.49326,123.5956923,8324241.85
2024-03-08,2024-03-08,125.93302392,8496434.79958,149.66914087,10240372.48015
2024-03-09,2024-03-09,34.01132942,2305314.53792,38.2382961,2627146.29837
2024-03-10,2024-03-10,80.68755416,5553740.12871,220.68831938,15483180.90698
2024-03-11,2024-03-11,110.73159138,7692674.01051,184.1759201,13239007.25865
2024-03-12,2024-03-12,125.9036654,8918147.55582,131.23518818,9433123.26788
2024-03-13,2024-03-13,42.14493243,3044070.06092,139.0707796,10180646.22411
2024-03-14,2024-03-14,207.95954197,14739449.71625,168.0214748,12139463.20639
2024-03-15,2024-03-15,328.58093271,22247696.02917,286.78215957,19904727.5751
2024-03-16,2024-03-16,222.64516115,14848510.27724,102.26881222,6985477.8318
2024-03-17,2024-03-17,85.75360695,5662779.00101,178.14184133,12009398.37885
2024-03-18,2024-03-18,133.38181298,8963607.91889,157.96160364,10780485.08706
2024-03-19,2024-03-19,355.32676132,22773811.68535,198.53877338,12836914.4758
2024-03-20,2024-03-20,319.97597427,20181241.36476,315.11632851,20277073.44329
2024-03-21,2024-03-21,126.8931017,8356114.56611,120.4871136,8089090.00786
2024-03-22,2024-03-22,145.43565042,9255948.37653,223.9452505,14432842.55487
2024-03-23,2024-03-23,76.27597557,4886709.0155,79.62410927,5170973.70439
2024-03-24,2024-03-24,38.81924706,2514481.78277,195.82751469,12996678.90581
2024-03-25,2024-03-25,85.93788308,5864755.15257,200.64093424,13980646.58804
2024-03-26,2024-03-26,89.21606388,6237557.45366,89.16226805,6318501.3977
2024-03-27,2024-03-27,84.76194839,5875159.45492,138.27766409,9731806.1517
2024-03-28,2024-03-28,43.04725132,3012386.15427,227.87040478,16123409.65518
2024-03-29,2024-03-29,108.53107702,7498302.94303,51.66057635,3637993.5731
2024-03-30,2024-03-30,16.56599903,1152414.1035,28.72826847,2024464.53542
2024-03-31,2024-03-31,2.76081813,192835.89708,52.08669974,3684481.85685
2024-04-01,2024-04-01,39.12974688,2687066.25601,84.41776557,5889300.38214
2024-04-02,2024-04-02,158.84960552,10495240.47174,205.12412816,13632615.63129
2024-04-03,2024-04-03,65.62249473,4300437.88271,248.30858032,16435451.70544
2024-04-04,2024-04-04,66.73153995,4468230.61315,178.72372187,12105404.98916
2024-04-05,2024-04-05,121.42202982,8120755.02237,118.09741066,8005204.29884
2024-04-06,2024-04-06,19.54537362,1321561.63157,99.51945159,6901508.2343
2024-04-07,2024-04-07,42.15450876,2911931.67899,164.93338103,11653472.82937
2024-04-08,2024-04-08,67.96306538,4827614.73819,210.13284099,15015006.30431
2024-04-09,2024-04-09,129.50211837,9048225.1942,80.10666763,5639893.44221
2024-04-10,2024-04-10,85.26131679,5842538.5449,157.58218116,11023189.22449
2024-04-11,2024-04-11,61.99144282,4332720.18226,159.52813004,11434726.06194
2024-04-12,2024-04-12,182.20746701,12338550.79833,91.88341362,6296529.46367
2024-04-13,2024-04-13,497.85431005,31601327.38157,237.54541972,15597013.74231
2024-04-14,2024-04-14,133.80527714,8505345.98306,142.01168936,9155046.56461
2024-04-15,2024-04-15,78.0857711,5055215.77911,60.29889504,3971430.99698
2024-04-16,2024-04-16,98.47113283,6116728.18009,89.31132143,5645629.32114
2024-04-17,2024-04-17,159.98084155,9802172.7593,123.63077034,7670785.94632
2024-04-18,2024-04-18,117.63432079,7293648.15822,135.99107304,8541616.66741
2024-04-19,2024-04-19,194.1693338,12113025.68455,184.14637955,11656173.40099
2024-04-20,2024-04-20,36.49402102,2321502.99551,62.93990814,4062741.58897
2024-04-21,2024-04-21,27.02243317,1743171.20874,37.42816077,2442826.83993
2024-04-22,2024-04-22,52.2399572,3422776.99483,67.4888738,4473728.46478
2024-04-23,2024-04-23,46.51718165,3070198.85161,42.97450535,2874556.8166
2024-04-24,2024-04-24,109.97969944,7075489.78816,50.12045962,3310472.1028
2024-04-25,2024-04-25,217.01382583,13690994.62576,97.95469767,6323293.21589
2024-04-26,2024-04-26,58.94902394,3756257.35476,33.92661972,2190259.9721
2024-04-27,2024-04-27,54.96255567,3450812.99596,36.4213962,2311721.38142
2024-04-28,2024-04-28,37.15806649,2338475.49282,42.88091274,2749397.86031
2024-04-29,2024-04-29,72.86767049,4527030.52796,74.02014715,4689398.29714
2024-04-30,2024-04-30,231.31268975,14129570.18355,115.04357604,7109106.97566
2024-05-01,2024-05-01,224.56727872,12958745.32854,173.11751353,10075777.4606
2024-05-02,2024-05-02,71.90784981,4160834.2552,84.27575818,4952336.37259
2024-05-03,2024-05-03,66.68984255,3989003.8956,170.6265797,10528993.23619
2024-05-04,2024-05-04,36.00428051,2275855.571,91.53286396,5859648.14156
2024-05-05,2024-05-05,46.08096453,2915410.32874,74.02615906,4753757.9751
2024-05-06,2024-05-06,104.63623121,6634425.21934,79.26941214,5115604.2927
2024-05-07,2024-05-07,211.80245168,13323171.45253,67.40664285,4319733.58836
2024-05-08,2024-05-08,122.06199358,7519339.66539,90.41629293,5662969.68751
2024-05-09,2024-05-09,37.32360234,2282008.58676,123.71814208,7722977.24652
2024-05-10,2024-05-10,192.24540237,11763627.48256,92.18285809,5709198.46115
2024-05-11,2024-05-11,17.24818462,1045255.44713,22.82180165,1401313.62082
2024-05-12,2024-05-12,27.48453901,1676989.9417,117.64154345,7268160.223
2024-05-13,2024-05-13,87.91904458,5416985.00278,104.41323276,6562009.58757
2024-05-14,2024-05-14,81.17501827,4981142.2518,29.69466367,1847319.27284
2024-05-15,2024-05-15,41.34986901,2622179.43429,156.10958282,10152426.98792
2024-05-16,2024-05-16,70.39562547,4595884.81819,59.78315816,3959766.07449
2024-05-17,2024-05-17,82.86334564,5455484.01587,108.88166974,7260244.54319
2024-05-18,2024-05-18,21.46398409,1428565.77859,28.33891472,1909032.84952
2024-05-19,2024-05-19,37.62456228,2489272.47882,23.28432161,1566249.25725
2024-05-20,2024-05-20,64.22473396,4342110.22349,240.58290224,16650868.43069
2024-05-21,2024-05-21,58.21708857,4076051.14584,69.24142,4932929.48964
2024-05-22,2024-05-22,51.02546903,3539494.72123,30.1057277,2117831.18572
2024-05-23,2024-05-23,113.0900937,7662894.61748,61.45419233,4226659.09771
2024-05-24,2024-05-24,33.53054188,2255488.74175,48.89081294,3341799.31618
2024-05-25,2024-05-25,9.59298326,659479.8088,33.69201465,2338352.47954
2024-05-26,2024-05-26,13.90993117,954426.86728,30.0340643,2085533.88929
2024-05-27,2024-05-27,32.53453418,2245204.75802,87.31106011,6098321.06069
2024-05-28,2024-05-28,100.24876977,6792123.61902,75.42060975,5184660.0259
2024-05-29,2024-05-29,83.8293802,5649043.65964,33.62732466,2304275.24283
2024-05-30,2024-05-30,87.92314504,5922380.48855,78.65926075,5414133.29106
2024-05-31,2024-05-31,109.45451624,7349981.20224,72.192648,4914150.14454
2024-06-01,2024-06-01,3.5,236099.51111,11.613,790797.23818
2024-06-02,2024-06-02,47.20243352,3185584.09709,35.95867058,2458433.09902
2024-06-03,2024-06-03,46.27102706,3183014.56995,109.24947852,7583959.18998
2024-06-04,2024-06-04,26.7396168,1857563.42539,98.27792931,6938335.44471
2024-06-05,2024-06-05,25.05983341,1771149.85919,89.35720197,6400028.4769
2024-06-06,2024-06-06,95.23624781,6674847.77696,29.02313594,2077250.90391
2024-06-07,2024-06-07,119.316909,8318068.68987,79.89790227,5659018.55305
2024-06-08,2024-06-08,10.23495894,707355.73279,4.744,331110.12621
2024-06-09,2024-06-09,6.94184272,479522.39064,15.88535001,1111225.77745
2024-06-10,2024-06-10,39.0318976,2702632.95077,23.36048949,1641280.19569
2024-06-11,2024-06-11,80.75278359,5425436.67785,45.26553821,3055517.20431
2024-06-12,2024-06-12,120.36681337,8191075.19303,95.35564241,6579597.94325
2024-06-13,2024-06-13,345.0446337,23110425.47277,36.53114426,2483390.54391
2024-06-14,2024-06-14,5.97029189,395668.71074,14.46938971,973537.15805
2024-06-15,2024-06-15,0.00135567,89.0,0.00279258,186.0
2024-06-16,2024-06-16,0.05410935,3580.0,0.00703071,471.0
2024-06-17,2024-06-17,0.10880099,7108.0,0.06152776,4112.0
2024-06-18,2024-06-18,0.15328596,9910.0,0.03241839,2113.0
2024-06-19,2024-06-19,0.01801124,1163.0,0.01701965,1120.0
2024-06-20,2024-06-20,0.06996483,4530.0,0.04029914,2661.0
2024-06-21,2024-06-21,0.13723461,8747.0,0.00863631,556.0
2024-06-22,2024-06-22,0.0,0.0,0.00052674,34.0
2024-06-23,2024-06-23,0.26714937,16846.0,1.545e-05,1.0
2024-06-24,2024-06-24,1.42371627,85775.0,0.02641722,1613.0
2024-06-25,2024-06-25,0.05768537,3510.0,0.10497459,6488.0
2024-06-26,2024-06-26,0.07626827,4627.0,0.02459885,1531.0
2024-06-27,2024-06-27,0.02641827,1610.0,0.02528242,1569.0
2024-06-28,2024-06-28,0.25847431,15633.0,0.08400207,5231.0
2024-06-29,2024-06-29,0.00093977,57.0,0.01833019,1119.0
2024-06-30,2024-06-30,0.05386476,3288.0,0.05808627,3631.0
2024-07-01,2024-07-01,0.16226562,10166.0,0.02467478,1572.0
2024-07-02,2024-07-02,38.75243994,2402563.11786,19.71233397,1239827.68624
2024-07-03,2024-07-03,180.44698195,10888393.9867,54.5646274,3308865.60593
2024-07-04,2024-07-04,1174.80933502,66955218.78786,113.59129367,6654663.03853
2024-07-05,2024-07-05,215.24178229,11879505.47926,187.73541,10463494.98048
2024-07-06,2024-07-06,33.22110157,1873866.44225,130.22591641,7490029.27451
2024-07-07,2024-07-07,170.85232568,9687740.48497,65.25599619,3759035.60854
2024-07-08,2024-07-08,304.95937713,16942837.7267,346.62471722,19912749.23301
2024-07-09,2024-07-09,62.16738411,3520619.51371,90.86215204,5244227.0999
2024-07-10,2024-07-10,97.87034905,5635999.25925,137.2627659,8093251.90179
2024-07-11,2024-07-11,111.96263263,6450382.48543,51.64879426,3015050.40428
2024-07-12,2024-07-12,94.2160489,5361875.8258,85.23982542,4948990.81941
2024-07-13,2024-07-13,14.82512011,865577.46308,67.80309642,4002838.4658
2024-07-14,2024-07-14,25.16874741,1499597.84011,69.49104265,4197098.44564
2024-07-15,2024-07-15,56.26487976,3506552.83599,326.49787154,20875289.86804
2024-07-16,2024-07-16,131.7155954,8363132.06234,115.23537064,7434975.93672
2024-07-17,2024-07-17,177.22902179,11391449.66108,90.45356868,5923832.86627
2024-07-18,2024-07-18,100.616809,6405536.0416,72.87226089,4719064.8948
2024-07-19,2024-07-19,128.349561,8172203.29593,254.38499657,16911091.64927
2024-07-20,2024-07-20,28.85238425,1913819.61819,39.35618916,2649167.3673
2024-07-21,2024-07-21,214.4748795,14188130.69127,92.61937555,6285933.06403
2024-07-22,2024-07-22,58.47835675,3922542.914,59.03697187,4012748.78904
2024-07-23,2024-07-23,116.02392812,7660270.14388,59.94733447,4016709.50997
2024-07-24,2024-07-24,94.52442391,6198070.39779,52.2044871,3477005.74253
2024-07-25,2024-07-25,288.27946791,18385480.90487,110.86872089,7245518.0916
2024-07-26,2024-07-26,44.68694049,2989871.42326,82.6420421,5586498.93248
2024-07-27,2024-07-27,142.55313018,9581521.59941,90.32972341,6206733.53469
2024-07-28,2024-07-28,41.17864236,2770268.96578,30.44970243,2076115.37724
2024-07-29,2024-07-29,85.77510946,5811646.83288,109.60666627,7607438.117
2024-07-30,2024-07-30,83.61506734,5503819.00238,42.88384066,2858650.07305
2024-07-31,2024-07-31,81.49725969,5327064.79827,49.51825175,3290906.7856
2024-08-01,2024-08-01,197.81692802,12533091.51685,155.4801618,10055044.71602
2024-08-02,2024-08-02,255.42773139,16070305.34276,102.06151662,6534490.07087
2024-08-03,2024-08-03,201.81351587,12225806.01074,74.90731952,4599470.3728
2024-08-04,2024-08-04,220.86038697,12920886.10878,74.00306168,4388609.07939
2024-08-05,2024-08-05,993.70819652,52069950.37662,571.8199722,30818681.47315
2024-08-06,2024-08-06,142.81379515,7894304.96635,234.62617501,13150939.84953
2024-08-07,2024-08-07,139.91165653,7769289.58173,134.92793689,7622227.36436
2024-08-08,2024-08-08,87.80866906,5034540.49133,461.54161031,27998290.93648
2024-08-09,2024-08-09,115.43305341,6953535.62926,76.3107451,4652541.66405
2024-08-10,2024-08-10,30.8054247,1856377.07012,31.74300306,1941482.32727
2024-08-11,2024-08-11,110.7590136,6583791.84089,60.07635898,3617149.06358
2024-08-12,2024-08-12,149.42247292,8752981.11923,203.9332762,12157009.14214
2024-08-13,2024-08-13,56.77873944,3377248.48896,104.0398514,6300861.79852
2024-08-14,2024-08-14,124.1411749,7391695.53109,44.64812861,2702010.21647
2024-08-15,2024-08-15,319.24377438,18502535.22377,90.00866973,5270667.93926
2024-08-16,2024-08-16,50.25509424,2913344.99329,90.25642964,5309062.34762
2024-08-17,2024-08-17,11.27443981,664927.30241,19.70504867,1172722.9766
2024-08-18,2024-08-18,47.35433694,2783848.00182,43.08769287,2587715.34185
2024-08-19,2024-08-19,29.38599651,1705836.78058,50.98868598,3007175.29736
2024-08-20,2024-08-20,87.25635061,5187953.51354,139.58658918,8415697.61152
2024-08-21,2024-08-21,49.14889347,2932172.81498,93.56384022,5671849.4327
2024-08-22,2024-08-22,45.2581153,2728948.73722,48.59908578,2968778.57753
2024-08-23,2024-08-23,44.26575827,2717799.8491,120.52403304,7548724.5835
2024-08-24,2024-08-24,32.00156731,2034982.84571,40.72043466,2619962.4483
2024-08-25,2024-08-25,18.65914494,1190819.83161,21.61928341,1396403.14573
2024-08-26,2024-08-26,72.5258012,4581467.6577,21.24347181,1358274.90117
2024-08-27,2024-08-27,402.19714138,24327503.33978,83.7014679,5088909.60082
2024-08-28,2024-08-28,166.92995057,9787691.76258,125.0175583,7433228.85854
2024-08-29,2024-08-29,69.57482037,4151430.10335,86.71375187,5242753.84856
2024-08-30,2024-08-30,76.26068278,4472179.0455,86.50967859,5152557.05518
2024-08-31,2024-08-31,16.03895167,940978.21104,10.16,603590.58138
2024-09-01,2024-09-01,215.81630623,12430508.96154,55.24110377,3226585.76494
2024-09-02,2024-09-02,200.78273508,11422181.41295,70.7833332,4146635.77087
2024-09-03,2024-09-03,95.85171998,5563449.00666,48.53206436,2847473.15683
2024-09-04,2024-09-04,167.81169178,9450536.59951,139.47287831,8034309.27089
2024-09-05,2024-09-05,89.97189827,5096532.02261,39.49841202,2248032.55263
2024-09-06,2024-09-06,280.20052162,15053413.4262,107.83076186,5969650.41491
2024-09-07,2024-09-07,23.39545104,1260477.89517,26.97600342,1470945.15246
2024-09-08,2024-09-08,24.56705629,1325466.65062,62.20133689,3409890.82301
2024-09-09,2024-09-09,50.47621767,2803924.74667,149.505619,8410538.65631
2024-09-10,2024-09-10,70.44983231,3986907.66698,68.86419472,3965232.33678
2024-09-11,2024-09-11,167.5140695,9438360.67202,83.52121178,4759997.02691
2024-09-12,2024-09-12,49.56710024,2855640.14738,63.52332712,3705969.79602
2024-09-13,2024-09-13,29.07912077,1695251.48829,328.47878888,19630129.02504
2024-09-14,2024-09-14,21.97718118,1311391.36448,11.58511562,700120.10275
2024-09-15,2024-09-15,41.79094739,2475763.5625,26.00521235,1563730.72468
2024-09-16,2024-09-16,99.29218746,5748195.59995,44.86935636,2635408.77768
2024-09-17,2024-09-17,99.39124307,5903915.06601,209.21986919,12640285.04979
2024-09-18,2024-09-18,78.96554177,4709484.19505,170.85469501,10394409.03598
2024-09-19,2024-09-19,53.06487109,3309177.20451,109.30652109,6875316.82153
2024-09-20,2024-09-20,97.10990551,6088095.06555,63.11812705,4012978.00048
2024-09-21,2024-09-21,8.2924946,520624.69322,56.78811782,3612741.189
2024-09-22,2024-09-22,41.01221375,2566050.02647,38.22937811,2426097.64515
2024-09-23,2024-09-23,147.67306027,9283327.16488,124.91939942,8035132.28276
2024-09-24,2024-09-24,46.35133551,2910724.75719,57.52871865,3687106.7584
2024-09-25,2024-09-25,66.08144311,4173616.63325,24.44008346,1573485.08901
2024-09-26,2024-09-26,75.3092596,4809898.56347,111.78255676,7257918.00215
2024-09-27,2024-09-27,31.81910946,2076502.32822,98.33772515,6504486.78279
2024-09-28,2024-09-28,36.98014639,2413522.39848,21.63925473,1431232.03291
2024-09-29,2024-09-29,15.53382091,1013669.71257,27.26413037,1801457.6641
2024-09-30,2024-09-30,177.90208606,11366682.89626,48.58189836,3126345.92388
2024-10-01,2024-10-01,817.61619833,50195104.21738,105.16814906,6597086.78004
2024-10-02,2024-10-02,130.74766412,7939364.83344,109.63134634,6748765.32496
2024-10-03,2024-10-03,132.75106658,7961528.57953,86.02533753,5253820.2187
2024-10-04,2024-10-04,46.58427469,2846452.34671,241.25456857,15067931.16446
2024-10-05,2024-10-05,44.35530829,2730513.80896,11.32265876,705524.54581
2024-10-06,2024-10-06,19.1270555,1188153.9335,69.58047046,4372560.93831
2024-10-07,2024-10-07,142.68578666,8948389.33274,183.766082,11737089.40039
2024-10-08,2024-10-08,79.63006733,4940270.73096,60.43912246,3800559.73651
2024-10-09,2024-10-09,98.93931138,6057927.74411,22.15968702,1378715.14053
2024-10-10,2024-10-10,378.73886769,22343461.19376,62.02986515,3770547.80579
2024-10-11,2024-10-11,34.78384829,2158012.27427,150.31840275,9329817.17612
2024-10-12,2024-10-12,26.98253718,1687315.70194,78.32908276,4957692.74147
2024-10-13,2024-10-13,88.86688031,5538315.17774,26.69723022,1682060.73654
2024-10-14,2024-10-14,36.37364108,2325601.04964,273.35586536,17939731.16104
2024-10-15,2024-10-15,104.81630924,6891650.10166,180.97674483,12095508.05728
2024-10-16,2024-10-16,60.85360151,4076796.43358,146.14098964,9982911.66831
2024-10-17,2024-10-17,62.09538063,4146735.0303,36.94081995,2496680.58994
2024-10-18,2024-10-18,29.23128578,1982050.25176,80.45655012,5521517.26626
2024-10-19,2024-10-19,21.52238947,1458721.95763,35.76801452,2457590.63617
2024-10-20,2024-10-20,9.45761676,644047.44713,65.81258692,4548936.8683
2024-10-21,2024-10-21,101.35742751,6847378.16386,68.41121458,4696014.37701
2024-10-22,2024-10-22,145.79205194,9693786.76768,43.06682713,2916057.57775
2024-10-23,2024-10-23,115.72932377,7638420.1288,41.37413021,2756262.63569
2024-10-24,2024-10-24,30.36720803,2030423.03846,100.91092065,6863747.62665
2024-10-25,2024-10-25,225.71274055,15021429.38253,72.20476042,4890664.69047
2024-10-26,2024-10-26,9.12481746,607470.45042,31.75064153,2138228.93844
2024-10-27,2024-10-27,5.05006676,338714.02217,42.81093492,2913152.25948
2024-10-28,2024-10-28,43.73397854,2976843.56655,99.27004242,6898337.25045
2024-10-29,2024-10-29,47.31911419,3396502.47868,471.62484363,34120010.69615
2024-10-30,2024-10-30,49.46893842,3549336.85499,40.9274388,2975766.87313
2024-10-31,2024-10-31,273.62586902,19182416.56838,42.84862569,3056677.7253
2024-11-01,2024-11-01,141.24542625,9798765.47654,102.89883489,7249654.55446
2024-11-02,2024-11-02,24.06595466,1662788.28062,21.08886017,1475991.16966
2024-11-03,2024-11-03,342.5477501,23247692.80739,81.65135518,5619987.07721
2024-11-04,2024-11-04,120.13274337,8140529.3216,63.18531478,4353410.55965
2024-11-05,2024-11-05,71.3683453,4923790.30056,101.00868497,7010699.46137
2024-11-06,2024-11-06,150.56004103,11074564.86228,1780.9805046,134419085.61085
2024-11-07,2024-11-07,81.5590935,6116470.73412,294.69706451,22443518.00323999
2024-11-08,2024-11-08,43.67528263,3304472.57194,64.04269668,4913305.81073
2024-11-09,2024-11-09,66.42629115,5028467.78176,266.22048718,20589275.64942
2024-11-10,2024-11-10,97.05105457,7664358.2894,246.45292022,19610111.23403
2024-11-11,2024-11-11,76.2037441,6394752.36669,604.16383605,51887608.62493
2024-11-12,2024-11-12,223.85478686,19440864.02689,265.30561466,23491268.54608
2024-11-13,2024-11-13,334.52797278,29545822.29544,754.10041022,69269734.03376001
2024-11-14,2024-11-14,177.61680069,15633281.68267,120.64833005,10912818.73163
2024-11-15,2024-11-15,104.15715027,9218266.38071,294.89041647,26507432.76364
2024-11-16,2024-11-16,30.66752182,2769891.90289,99.60429654,9140764.53783
2024-11-17,2024-11-17,66.75093189,5972713.10973,64.74645572,5881613.18941
2024-11-18,2024-11-18,94.04675702,8486671.986,144.02597603,13214318.48688
2024-11-19,2024-11-19,63.74789388,5829988.23088,121.60913265,11307839.60951
2024-11-20,2024-11-20,46.65027811,4341916.13733,145.67948048,13734293.49595
2024-11-21,2024-11-21,82.3456452,7932914.93396,323.52507383,31754182.36421
2024-11-22,2024-11-22,70.17483757,6856716.77655,134.81418589,13382482.71604
2024-11-23,2024-11-23,185.61540321,18195210.07953,109.4473947,10827718.19206
2024-11-24,2024-11-24,231.66346449,22160597.55372,75.14304998,7362129.75702
2024-11-25,2024-11-25,298.56521202,28206964.78378,120.74956966,11620652.83975
2024-11-26,2024-11-26,168.02066394,15462542.94341,121.92700719,11425557.2424
2024-11-27,2024-11-27,39.95853622,3774133.2137,179.69467568,17131416.42929
2024-11-28,2024-11-28,37.83994476,3591550.22567,49.56492825,4763385.93946
2024-11-29,2024-11-29,58.54032444,5657358.4717,159.68086151,15665284.76007
