start_time,average_cap,date,delta_cap,market_cap,realized_cap,thermo_cap
2021-01-01,46251113736.991295,2021-01-01,126618518394.93854,546430046878.96234,172869632131.92984,21111472915.570335
2021-01-02,46376785023.293236,2021-01-02,129514120214.91658,597068361598.3763,175890905238.2098,21142994112.57899
2021-01-03,46506382796.60261,2021-01-03,132541798416.91995,614533423211.5876,179048181213.52258,21178948011.945553
2021-01-04,46631467072.24168,2021-01-04,135129595521.84377,595000931473.9382,181761062594.08545,21216790867.113804
2021-01-05,46765073206.26335,2021-01-05,137676463801.8885,632627970891.2911,184441537008.15182,21252164623.33809
2021-01-06,46910558602.694336,2021-01-06,140767682740.6011,685009507348.981,187678241343.29544,21295171684.16462
2021-01-07,47067106973.15865,2021-01-07,146233334740.83698,733844808200.1105,193300441713.99564,21339779308.124542
2021-01-08,47228270224.24949,2021-01-08,151185415663.2406,754412616010.839,198413685887.49008,21382081957.971764
2021-01-09,47387903931.8397,2021-01-09,154468449554.96097,748020246545.2705,201856353486.8007,21421641922.724617
2021-01-10,47538764259.093994,2021-01-10,156080440857.21127,709815600905.4589,203619205116.30527,21464706111.61648
2021-01-11,47677984431.256256,2021-01-11,157030127429.88644,658993760395.7607,204708111861.1427,21502348844.315823
2021-01-12,47811354582.916435,2021-01-12,158273899169.51596,633573060674.4186,206085253752.4324,21540290350.21575
2021-01-13,47958639584.25852,2021-01-13,159277325626.3644,694981650480.0436,207235965210.62292,21577963172.72623
2021-01-14,48113241253.85589,2021-01-14,161390132758.92346,727432977464.6718,209503374012.77936,21618729730.241604
2021-01-15,48257750779.10624,2021-01-15,162487468969.6884,683377114254.4108,210745219748.79465,21660398137.801857
2021-01-16,48399104092.22129,2021-01-16,163136980189.20068,669788268545.9797,211536084281.42197,21697531434.851814
2021-01-17,48539709472.310005,2021-01-17,163538964127.28745,666781565722.3942,212078673599.59744,21729512372.9667
2021-01-18,48683642141.59976,2021-01-18,164621264133.2027,681699521677.9645,213304906274.8025,21765304921.00468
2021-01-19,48824396905.020035,2021-01-19,165526920902.89166,668004601190.7852,214351317807.91168,21803273528.167
2021-01-20,48963353357.9558,2021-01-20,165806010946.50903,660371746275.3494,214769364304.4648,21837540811.410324
2021-01-21,49082699628.60174,2021-01-21,165820629278.6983,574325636741.35,214903328907.30005,21867769989.36508
2021-01-22,49211008447.5829,2021-01-22,165865985448.28488,614026429602.6719,215076993895.86777,21899454753.213875
2021-01-23,49335489698.67293,2021-01-23,166068975818.36862,597426438248.0432,215404465517.04153,21933475820.76725
2021-01-24,49460768196.52885,2021-01-24,166148010779.1569,601187272754.0187,215608778975.68576,21963326946.146713
2021-01-25,49585795648.88183,2021-01-25,166539496805.51556,600331723263.7614,216125292454.3974,21995912248.749275
2021-01-26,49711818626.90628,2021-01-26,166593723456.71695,604969059802.6398,216305542083.62323,22030763666.224705
2021-01-27,49828975331.44332,2021-01-27,167711010818.862,566138572226.1748,217539986150.30533,22060837161.35154
2021-01-28,49958809629.0555,2021-01-28,168513589747.39597,622268393503.527,218472399376.45145,22092422540.896057
2021-01-29,50092116727.643005,2021-01-29,170457679725.52734,637843114399.9672,220549796453.17035,22131780478.37547
2021-01-30,50225549854.66608,2021-01-30,170886285327.3183,638665640026.4319,221111835181.9844,22165457289.006863
2021-01-31,50353922657.978165,2021-01-31,171431498429.68042,616606358067.5723,221785421087.6586,22198901298.76133
2021-02-01,50484047802.26825,2021-02-01,171745787240.35684,624596184410.1382,222229835042.6251,22228242947.85055
2021-02-02,50622461654.41177,2021-02-02,172642213315.6068,661442791163.7754,223264674970.01865,22266704578.83438
2021-02-03,50769796483.18765,2021-02-03,173506109679.88437,701105730699.9222,224275906163.072,22305891953.08851
2021-02-04,50914192617.73404,2021-02-04,174888236846.7577,688423126640.019,225802429464.49173,22349730004.586163
2021-02-05,51064160736.58513,2021-02-05,176657509968.60858,713323373582.9906,227721670705.19373,22394876601.403988
2021-02-06,51217979198.43443,2021-02-06,177781183478.05203,730634125186.8264,228999162676.48648,22439157803.58707
2021-02-07,51370105020.57219,2021-02-07,178684373082.29065,723461987225.1752,230054478102.8628,22480206207.932095
2021-02-08,51554119155.17043,2021-02-08,181194762329.8677,864712579944.8054,232748881485.03815,22527696231.627655
2021-02-09,51738303538.53324,2021-02-09,186245457513.52347,865833278002.1559,237983761052.0567,22578610114.962276
2021-02-10,51915480733.744514,2021-02-10,188825990976.2863,835215860762.782,240741471710.0308,22627289387.34463
2021-02-11,52105880937.14445,2021-02-11,190904765642.00815,894055580371.6536,243010646579.1526,22673276815.298157
2021-02-12,52293570812.39588,2021-02-12,193057863774.93027,882445889049.492,245351434587.32617,22725150289.199905
2021-02-13,52480504439.59405,2021-02-13,193953886099.2909,879474871164.2576,246434390538.88492,22778349370.454098
2021-02-14,52673343699.47334,2021-02-14,194775498923.29773,905987068665.3502,247448842622.77103,22828305472.29484
2021-02-15,52863113288.17724,2021-02-15,197371839915.47787,892783312891.6298,250234953203.6551,22879705482.004917
2021-02-16,53057983834.88031,2021-02-16,198864147199.98648,915749894089.364,251922131034.8668,22922532544.02134
2021-02-17,53265358237.03109,2021-02-17,201482321674.07956,971519210960.7008,254747679911.11063,22973877584.476875
2021-02-18,53470227088.949615,2021-02-18,204409380945.55243,960834372236.1016,257879608034.50204,23025998824.40084
2021-02-19,53693317935.29447,2021-02-19,209186658506.87787,1041985767243.006,262879976442.17233,23085355139.409817
2021-02-20,53916039527.65396,2021-02-20,212705293687.81873,1040795415272.5544,266621333215.4727,23145026050.23873
2021-02-21,54145432617.74277,2021-02-21,214822189260.22943,1070815607891.3378,268967621877.97223,23201834553.06279
2021-02-22,54360614831.64849,2021-02-22,216655560597.6692,1008263369075.71,271016175429.3177,23254704301.44135
2021-02-23,54553831386.90332,2021-02-23,219109219357.91397,911276037386.8042,273663050744.8173,23302472518.576416
2021-02-24,54750391207.020226,2021-02-24,221238897151.45895,926493193425.5126,275989288358.4792,23361449507.05207
2021-02-25,54935905390.40362,2021-02-25,222882347598.7852,877876822879.1143,277818252989.18884,23417795470.0465
2021-02-26,55117968283.05872,2021-02-26,224976064981.8512,862931022993.7914,280094033264.9099,23465229489.850845
2021-02-27,55299468663.54179,2021-02-27,224603236707.48056,860798157247.3529,279902705371.02234,23516361877.719337
2021-02-28,55476960775.35663,2021-02-28,224720975519.8009,843364445121.4352,280197936295.15753,23556771436.14801
2021-03-01,55672740244.246735,2021-03-01,225850802112.2491,924933582116.3378,281523542356.49585,23601408201.281223
2021-03-02,55863699580.92813,2021-03-02,227099334646.35947,903914113783.0094,282963034227.2876,23651258636.20465
2021-03-03,56062560936.43345,2021-03-03,228092314622.06943,939404702091.0406,284154875558.5029,23705787215.58395
2021-03-04,56252859331.07589,2021-03-04,228769168549.3147,901748626727.4364,285022027880.39056,23750851578.360256
2021-03-05,56444791158.47568,2021-03-05,229441834999.3906,909389832123.1538,285886626157.8663,23800689674.95036
2021-03-06,56637125902.7837,2021-03-06,229783884450.25284,911565064351.9232,286421010353.0365,23850412587.683475
2021-03-07,56838205680.98217,2021-03-07,230247281269.1591,950838899551.3884,287085486950.14124,23899905407.92973
2021-03-08,57045123926.810074,2021-03-08,231646724072.67355,977210563123.5172,288691847999.48364,23953720745.007263
2021-03-09,57262554896.26923,2021-03-09,233210006642.79453,1024395507050.6084,290472561539.0638,24006623680.08819
2021-03-10,57483884583.53827,2021-03-10,234964132341.4953,1042179663243.463,292448016925.03357,24064241301.637222
2021-03-11,57713283023.63406,2021-03-11,237926995058.25137,1078536341449.9244,295640278081.88544,24116969580.324036
2021-03-12,57940119180.236565,2021-03-12,240189011718.21564,1067587852217.9768,298129130898.4522,24176954289.855167
2021-03-13,58183354412.35117,2021-03-13,241846334446.6569,1141066607786.5754,300029688859.00806,24236375689.764175
2021-03-14,58417289311.82917,2021-03-14,243482554137.21057,1100129396687.3538,301899843449.03973,24301071969.41837
2021-03-15,58637136243.77204,2021-03-15,244384075288.30203,1037835371117.3252,303021211532.0741,24360760053.75225
2021-03-16,58862221305.931816,2021-03-16,246057710464.51016,1061616173227.7133,304919931770.44196,24418383515.71323
2021-03-17,59095551965.07348,2021-03-17,247434575786.8607,1098816969100.3258,306530127751.93414,24472093049.035637
2021-03-18,59323523892.36133,2021-03-18,248337712105.6247,1075394403814.3018,307661235997.986,24535674929.91258
2021-03-19,59553077642.72958,2021-03-19,249040149240.31284,1082903696784.4084,308593226883.0424,24596452404.623047
2021-03-20,59782729296.86926,2021-03-20,249854624041.8872,1083799455105.6938,309637353338.7565,24657945154.84695
2021-03-21,60009265467.446434,2021-03-21,250441266719.3173,1070360586241.6428,310450532186.7637,24717247189.608257
2021-03-22,60222049956.841644,2021-03-22,251488831528.9732,1009453657148.883,311710881485.8148,24775712104.095005
2021-03-23,60435796490.34554,2021-03-23,253136794972.13513,1014172828984.739,313572591462.48065,24835234702.40654
2021-03-24,60640960374.18447,2021-03-24,254324900030.8482,976287373947.308,314965860405.03265,24892101130.92635
2021-03-25,60841899012.23531,2021-03-25,255395680154.56467,957831979271.2042,316237579166.8,24946631187.37607
2021-03-26,61058258528.94793,2021-03-26,256257245524.38455,1027103500650.7942,317315504053.33246,24996294810.54532
2021-03-27,61277910936.4052,2021-03-27,257593550693.846,1042245562640.5529,318871461630.2512,25054777773.703396
2021-03-28,61497215537.11707,2021-03-28,258053300270.2592,1041130866917.0516,319550515807.3763,25113480276.15516
2021-03-29,61724206948.083305,2021-03-29,259262263119.7637,1075921831145.218,320986470067.847,25171780242.004436
2021-03-30,61955973129.91188,2021-03-30,260660808329.28268,1097719039721.8011,322616781459.1945,25230703766.791775
2021-03-31,62187552264.81345,2021-03-31,262055348050.8333,1097346285274.8644,324242900315.6468,25294378837.8874
2021-04-01,62418783502.65666,2021-04-01,263884959434.62335,1096253647899.63,326303742937.28,25353041648.911263
2021-04-02,62650988985.441956,2021-04-02,265035977549.87744,1101073908001.2705,327686966535.3194,25410213965.89431
2021-04-03,62875142823.83827,2021-04-03,265250493207.6852,1065515261970.571,328125636031.52344,25463349611.48696
2021-04-04,63104028419.82093,2021-04-04,265581429083.6195,1087138184846.2244,328685457503.4405,25519843598.95813
2021-04-05,63336641270.60915,2021-04-05,266232515974.5779,1104279148547.907,329569157245.1871,25581970140.61517
2021-04-06,63564458328.8831,2021-04-06,271534304666.21628,1083273611163.0798,335098762995.09937,25640791908.916363
2021-04-07,63783584893.74049,2021-04-07,272070527979.4968,1044813215760.2957,335854112873.2373,25702414803.63369
2021-04-08,64011550712.55863,2021-04-08,272768588653.82507,1084842487380.1644,336780139366.38367,25755480070.909416
2021-04-09,64239553189.00527,2021-04-09,273382047938.22757,1085462645193.5176,337621601127.23285,25817551536.8631
2021-04-10,64474505198.17809,2021-04-10,274311220763.83743,1117059506292.423,338785725962.01556,25881673758.199116
2021-04-11,64710166169.55701,2021-04-11,275371878380.8565,1120706978918.4712,340082044550.4135,25939633341.076218
2021-04-12,64945195423.93773,2021-04-12,276779679985.53015,1118346313558.3284,341724875409.46783,25999245884.23642
2021-04-13,65195577094.92106,2021-04-13,278998516656.80975,1187656608113.1924,344194093751.73083,26060688000.54648
2021-04-14,65443249814.76661,2021-04-14,281710185299.3123,1176007725602.1987,347153435114.0789,26122804313.480213
2021-04-15,65691968801.2675,2021-04-15,283612165219.5511,1181196623257.7678,349304134020.81854,26200188977.806427
2021-04-16,65933036671.01061,2021-04-16,284383387601.1359,1147363500338.6335,350316424272.14655,26248532789.444164
2021-04-17,66168337317.33891,2021-04-17,285110809255.8686,1121962337392.414,351279146573.2075,26293563443.134617
2021-04-18,66387687982.91905,2021-04-18,288832980474.839,1050833475106.5696,355220668457.75806,26349490978.840378
2021-04-19,66604596707.18603,2021-04-19,288885346055.75745,1040307859941.643,355489942762.9435,26395707817.42359
2021-04-20,66824766744.31328,2021-04-20,289363099190.2382,1055388233445.6716,356187865934.5515,26456908584.29416
2021-04-21,67033699119.49653,2021-04-21,289497146176.46844,1005348996067.4664,356530845295.96497,26506081257.65049
2021-04-22,67233835959.52962,2021-04-22,290424951841.16956,966248521388.1595,357658787800.6992,26570312903.943333
2021-04-23,67431644209.4974,2021-04-23,290081847116.82404,956184111314.7635,357513491326.3214,26625892935.581272
2021-04-24,67624886332.78503,2021-04-24,290576835295.9282,936054988387.3782,358201721628.71326,26679738912.040073
2021-04-25,67814039156.327965,2021-04-25,290446798064.27155,918055980981.8434,358260837220.5995,26729209681.620495
2021-04-26,68023600531.318634,2021-04-26,291368295021.6167,1010211542489.363,359391895552.93536,26775843994.607365
2021-04-27,68237269989.56941,2021-04-27,292817325466.22015,1029108823743.3024,361054595455.7895,26833104810.02549
2021-04-28,68450148810.82225,2021-04-28,293323909481.8558,1025979086806.0908,361774058292.6781,26889128129.007637
2021-04-29,68657510208.80696,2021-04-29,294395683314.5921,1001576439742.0162,363053193523.39905,26937998454.09471
2021-04-30,68882061589.31311,2021-04-30,295872377287.6171,1079363273866.9658,364754438876.93024,26995926962.39051
2021-05-01,69106929914.06187,2021-05-01,296346487894.4028,1081239259608.2908,365453417808.4646,27052026294.564087
2021-05-02,69326648714.70021,2021-05-02,296713607326.8604,1058500689188.4642,366040256041.5606,27122568944.91336
2021-05-03,69548672468.55055,2021-05-03,297615861872.56104,1069321636056.685,367164534341.1116,27193053577.748856
2021-05-04,69754209188.54303,2021-05-04,298070498150.27844,995491596034.6124,367824707338.8215,27261005366.697266
2021-05-05,69977367062.82141,2021-05-05,298934165020.604,1075303590686.9814,368911532083.4255,27321495458.017426
2021-05-06,70196009933.65813,2021-05-06,300014583418.31335,1055400785923.8918,370210593351.9715,27388128746.89524
2021-05-07,70418420620.63611,2021-05-07,302432865922.75726,1072823386830.37,372851286543.3934,27455122450.735073
2021-05-08,70647296377.87752,2021-05-08,303103951913.44366,1102419210022.123,373751248291.3212,27522795789.161816
2021-05-09,70873425240.30829,2021-05-09,303731973375.39075,1090488465940.7118,374605398615.69904,27594233790.026596
2021-05-10,71089340089.20749,2021-05-10,304408657441.11334,1044865308624.545,375497997530.3208,27665178670.70575
2021-05-11,71308808265.78531,2021-05-11,304564509522.4076,1061329752808.376,375873317788.1929,27729799753.84704
2021-05-12,71498320894.17941,2021-05-12,306070695137.9459,926579300208.381,377569016032.12537,27794034938.42218
2021-05-13,71688465646.69746,2021-05-13,305596083511.9212,929811733760.6729,377284549158.61865,27847796058.68854
2021-05-14,71879342911.0833,2021-05-14,305541610571.92267,933499314348.7136,377420953483.006,27893449361.791977
2021-05-15,72057362932.14711,2021-05-15,305435883707.93744,875817758035.2494,377493246640.0846,27934090543.860233
2021-05-16,72233928706.46199,2021-05-16,305095839468.53485,869604965512.4701,377329768174.9968,27975908118.88919
2021-05-17,72398314528.2779,2021-05-17,304006248032.69257,814929071670.6818,376404562560.97046,28012786519.217045
2021-05-18,72559850699.16798,2021-05-18,303553094896.76556,802380270780.6039,376112945595.93353,28043377176.82823
2021-05-19,72695897511.92471,2021-05-19,300781562928.8558,687491444359.5715,373477460440.7805,28078621039.79913
2021-05-20,72847865186.88942,2021-05-20,299215275779.7354,759741756027.4182,372063140966.6248,28111847416.938698
2021-05-21,72986249215.4082,2021-05-21,298403608980.3956,698620442148.8127,371389858195.80383,28143710822.927
2021-05-22,73125374539.58734,2021-05-22,297587778173.28284,702250090477.6567,370713152712.8702,28174805982.962776
2021-05-23,73252875133.58607,2021-05-23,296858610869.10297,649938061789.836,370111486002.689,28203732463.864315
2021-05-24,73397342930.78584,2021-05-24,297562929334.59283,726969657462.576,370960272265.3787,28236537221.535995
2021-05-25,73539808556.87216,2021-05-25,296897364503.1205,718196766597.4269,370437173059.9927,28269073201.412937
2021-05-26,73685947493.08737,2021-05-26,297057265253.3785,735110772803.1333,370743212746.4659,28302063818.63346
2021-05-27,73829110519.6421,2021-05-27,296640423922.9433,721928131732.942,370469534442.58545,28332946414.882553
2021-05-28,73960277089.6163,2021-05-28,295876296402.0906,667882505932.7241,369836573491.7069,28362819777.104427
2021-05-29,74086957763.8393,2021-05-29,295356839931.8433,647823731319.7828,369443797695.6826,28390001377.847015
2021-05-30,74217857369.75266,2021-05-30,295557688304.9185,667193072157.3064,369775545674.67114,28423241903.62274
2021-05-31,74355450868.67738,2021-05-31,295355122478.12427,697791594496.5912,369710573346.8016,28456796395.33832
2021-06-01,74490577721.79646,2021-06-01,295493195811.662,686885476057.4576,369983773533.4584,28491026462.08229
2021-06-02,74629312846.05035,2021-06-02,295380998163.3142,703515631088.9465,370010311009.36456,28531633338.96855
2021-06-03,74774892061.50055,2021-06-03,295558384737.0293,734831054912.7167,370333276798.52985,28568930501.23346
2021-06-04,74910537875.36118,2021-06-04,294902732622.3459,690064303733.3173,369813270497.7071,28600813679.385788
2021-06-05,75040679824.50743,2021-06-05,294565369123.9838,665364561151.8672,369606048948.4912,28631870311.61905
2021-06-06,75171909661.37228,2021-06-06,294283210222.1326,670561679517.2112,369455119883.5049,28666402715.555634
2021-06-07,75293863789.59985,2021-06-07,293834458810.83777,628721697686.3469,369128322600.4376,28697477530.830555
2021-06-08,75415105959.499,2021-06-08,292398740684.53516,625733315131.7139,367813846644.0341,28729174260.985695
2021-06-09,75552754079.23721,2021-06-09,292776480665.38367,700475217690.7219,368329234744.62085,28757501426.435795
2021-06-10,75687438995.77924,2021-06-10,292784564916.8051,687291645013.0923,368472003912.5843,28786500837.534504
2021-06-11,75824717291.19315,2021-06-11,292870867732.2835,699342735061.1567,368695585023.4766,28812284950.840385
2021-06-12,75954615767.04865,2021-06-12,292551223663.2634,666083391578.6401,368505839430.3121,28843020664.276104
2021-06-13,76098744239.17564,2021-06-13,292548864648.94147,731018521584.2307,368647608888.1171,28874075768.493473
2021-06-14,76249021738.87477,2021-06-14,293134881640.0543,759260257871.4261,369383903378.92914,28909026125.27153
2021-06-15,76397709694.24884,2021-06-15,293359044673.5879,752333154824.7789,369756754367.83673,28943506220.432472
2021-06-16,76538872699.25673,2021-06-16,293311691459.9564,718407056470.1178,369850564159.21313,28975280795.737053
2021-06-17,76678947503.93965,2021-06-17,292808345788.44946,713739159201.8197,369487293292.3891,29007861479.23461
2021-06-18,76809658327.62697,2021-06-18,292438312697.9946,671413195281.2466,369247971025.6216,29037700621.30588
2021-06-19,76938887190.13126,2021-06-19,292188079118.01263,664930211584.6875,369126966308.1439,29061575488.35008
2021-06-20,77068543629.617,2021-06-20,291933343189.62744,667134999729.2318,369001886819.2445,29085360492.428192
2021-06-21,77181772963.5224,2021-06-21,290931313675.4677,592601700900.8915,368113086638.9901,29108441296.779938
2021-06-22,77298662303.81401,2021-06-22,290226774251.5369,609495828651.4884,367525436555.35095,29128191021.411037
2021-06-23,77420283614.8768,2021-06-23,290107771429.29553,631283734194.8643,367528055044.1723,29151395269.13097
2021-06-24,77545861647.74529,2021-06-24,289945593786.5624,649553801363.6652,367491455434.3077,29175182189.911243
2021-06-25,77658734982.92044,2021-06-25,286407576916.67303,591909650040.9543,364066311899.5935,29199533071.70088
2021-06-26,77774447417.39491,2021-06-26,285799606797.4161,605076011317.5093,363574054214.811,29217971595.724026
2021-06-27,77900129693.40602,2021-06-27,285859117346.63367,650759943752.065,363759247040.0397,29230813484.02003
2021-06-28,78024872417.578,2021-06-28,285831805931.13116,646726951917.6332,363856678348.7092,29251612248.320644
2021-06-29,78155362135.88432,2021-06-29,285830577528.10266,673188477612.7163,363985939663.987,29273486226.64761
2021-06-30,78282260077.19414,2021-06-30,285438360971.562,657063770391.2322,363720621048.75616,29294821960.735264
2021-07-01,78402781097.97081,2021-07-01,284942514508.8481,628219677881.179,363345295606.8189,29317552409.979576
2021-07-02,78524419150.58061,2021-07-02,283814742577.9615,633558853209.1387,362339161728.5421,29338318551.087025
2021-07-03,78649627440.62901,2021-07-03,283766646369.31476,650100263221.5165,362416273809.9438,29367618983.60273
2021-07-04,78777284587.13744,2021-07-04,283776925318.67786,661532158398.0427,362554209905.8153,29394486108.09392
2021-07-05,78898346709.04733,2021-07-05,283580902423.91016,631667995349.684,362479249132.95746,29424236942.359627
2021-07-06,79021576830.64026,2021-07-06,283429950068.24066,641813542145.5037,362451526898.8809,29456149300.240585
2021-07-07,79143283658.04288,2021-07-07,283395858266.69995,635100071233.2146,362539141924.74286,29484013785.617622
2021-07-08,79260855864.70757,2021-07-08,282911814151.29266,616448268115.6816,362172670016.00024,29513539732.700542
2021-07-09,79382155403.06749,2021-07-09,282846990126.51086,633721045707.9204,362229145529.5784,29541596313.33569
2021-07-10,79502240309.2953,2021-07-10,282727976585.436,628410346676.6323,362230216894.7313,29576143018.19184
2021-07-11,79625337525.25652,2021-07-11,282658345584.30457,642425808899.8893,362283683109.5611,29603168431.51362
2021-07-12,79743576824.84251,2021-07-12,282710937006.7512,620451893831.6086,362454513831.5937,29630628556.98144
2021-07-13,79860325713.22636,2021-07-13,282389181531.5221,613869741180.9991,362249507244.7485,29659570491.781803
2021-07-14,79977398462.32506,2021-07-14,282029033331.4748,615585225588.8131,362006431793.7998,29694928416.112423
2021-07-15,80090581540.85565,2021-07-15,281462211616.70917,598016348896.8684,361552793157.5648,29721291861.894543
2021-07-16,80201792812.51033,2021-07-16,281065201336.84924,589215783175.9518,361266994149.3595,29751595273.076565
2021-07-17,80313507748.5413,2021-07-17,282399071576.0588,591744484898.3708,362712579324.6001,29780176673.45829
2021-07-18,80426251671.07104,2021-07-18,282150126605.08624,596680672934.7098,362576378276.1573,29809162833.89312
2021-07-19,80535016496.36363,2021-07-19,281871762441.8756,578677916336.4623,362406778938.2392,29842853859.33024
2021-07-20,80639495562.017,2021-07-20,281576020969.67004,559258095320.048,362215516531.687,29866093002.078827
2021-07-21,80753487775.44872,2021-07-21,281525508590.08704,603065809719.5851,362278996365.53577,29894771506.230907
2021-07-22,80868078914.23721,2021-07-22,281638108253.91254,606039267981.9502,362506187168.1497,29925946264.951023
2021-07-23,80988148483.2378,2021-07-23,280636912066.1879,631387052781.8574,361625060549.4257,29953939035.560165
2021-07-24,81110763443.04005,2021-07-24,280633783083.68176,643300354136.4678,361744546526.7218,29986969601.2101
2021-07-25,81237951683.26094,2021-07-25,280574283876.7237,664523221336.1997,361812235559.9846,30020194601.205887
2021-07-26,81372571338.77362,2021-07-26,282313754639.9834,698872931175.4471,363686325978.757,30056785718.79454
2021-07-27,81516293288.65886,2021-07-27,284620955675.2027,740912599362.1555,366137248963.8616,30097474025.568542
2021-07-28,81662221186.61107,2021-07-28,286280886125.4786,751325344889.2506,367943107312.0896,30137237410.643852
2021-07-29,81808104590.68457,2021-07-29,290490585163.87134,751412929288.0593,372298689754.5559,30177688842.41564
2021-07-30,81962877664.67445,2021-07-30,290707783925.6603,792526060352.2277,372670661590.3347,30219353151.17539
2021-07-31,82114586757.78636,2021-07-31,290859044081.581,778762742327.7042,372973630839.3674,30260945484.156418
2021-08-01,82259612718.18108,2021-08-01,290884134982.23724,748363848811.072,373143747700.4183,30301291651.632668
2021-08-02,82401697553.94792,2021-08-02,290880407218.2493,735139433066.8501,373282104772.1972,30337224431.919884
2021-08-03,82539828652.24477,2021-08-03,290646668940.774,717252225326.2278,373186497593.01874,30378395008.091923
2021-08-04,82684131995.40125,2021-08-04,290776660252.02454,745902297142.6062,373460792247.4258,30411939296.30394
2021-08-05,82833096714.85254,2021-08-05,290892511158.3233,767623912032.4536,373725607873.17584,30451955336.051777
2021-08-06,82990080859.95152,2021-08-06,291400830576.8149,804803180025.0627,374390911436.7664,30493592151.121815
2021-08-07,83154110203.69012,2021-08-07,291692211872.4426,837525062057.5197,374846322076.1327,30539525424.176464
2021-08-08,83314870688.71608,2021-08-08,291881255042.8928,822813101808.1006,375196125731.60895,30583690827.53257
2021-08-09,83485628446.94698,2021-08-09,292683949805.4124,869142074067.319,376169578252.35944,30626976552.960224
2021-08-10,83653524408.37392,2021-08-10,293207776811.8615,856310738895.1744,376861301220.2354,30674620388.215275
2021-08-11,83821094676.04434,2021-08-11,293617764230.9405,855147036762.9911,377438858906.98486,30717562273.78827
2021-08-12,83984079741.49757,2021-08-12,293743172804.4006,834367321088.1658,377727252545.8982,30760503760.20792
2021-08-13,84160899770.23965,2021-08-13,294297841253.3177,898417132127.5216,378458741023.5574,30802627120.045216
2021-08-14,84334702259.1869,2021-08-14,295037503449.7184,884868966350.2344,379372205708.9053,30851374644.045536
2021-08-15,84508070647.02759,2021-08-15,295084509685.3178,883216233429.0399,379592580332.3454,30904634940.04328
2021-08-16,84676897720.75069,2021-08-16,295423287653.1455,862632053436.7776,380100185373.8962,30952587170.959103
2021-08-17,84840674404.37239,2021-08-17,295539431467.7756,839687409216.8091,380380105872.14795,31002681586.839752
2021-08-18,85004498758.2265,2021-08-18,295912975920.0466,840234770025.7008,380917474678.2731,31041429308.812233
2021-08-19,85176598037.76482,2021-08-19,296278242148.09033,878726375988.925,381454840185.8551,31085556284.712803
2021-08-20,85359158711.48242,2021-08-20,296928591681.1792,927328985897.0742,382287750392.6616,31133995779.032795
2021-08-21,85539668866.9347,2021-08-21,297320272034.5141,918233015968.2462,382859940901.4488,31186630434.544544
2021-08-22,85721809978.89105,2021-08-22,297544632299.90826,926120900545.5712,383266442278.7993,31237370371.514805
2021-08-23,85904817687.4679,2021-08-23,298456027602.1465,930485392769.589,384360845289.6144,31299474449.16986
2021-08-24,86080347400.62825,2021-08-24,298575286539.53064,896325503348.8162,384655633940.1589,31347285588.411736
2021-08-25,86261112430.86922,2021-08-25,300132225078.7349,920853257053.432,386393337509.6041,31396210398.44681
2021-08-26,86433114734.54317,2021-08-26,300457297738.5574,880739753100.8438,386890412473.1005,31439940033.84345
2021-08-27,86614129009.26276,2021-08-27,300710652788.1823,922719063939.0592,387324781797.44507,31484026685.847095
2021-08-28,86794439483.67928,2021-08-28,300893157614.40576,919828831287.9836,387687597098.085,31527662597.57304
2021-08-29,86974166370.18623,2021-08-29,300954775765.809,917492108918.8412,387928942135.9953,31575599940.140778
2021-08-30,87146516834.77954,2021-08-30,301169122538.6314,883750364185.0559,388315639373.41095,31616772352.635586
2021-08-31,87319263634.31815,2021-08-31,301447263756.7907,885927717901.2665,388766527391.1088,31659980173.153694
2021-09-01,87498926446.39076,2021-09-01,301796359085.3344,918259769470.1748,389295285531.7251,31701690430.98394
2021-09-02,87680338066.03241,2021-09-02,302462915029.2329,926709078908.656,390143253095.2653,31748985400.49822
2021-09-03,87864641047.34595,2021-09-03,302889126409.4054,940450232603.7786,390753767456.75134,31795785800.38442
2021-09-04,88048581900.27621,2021-09-04,303147277354.4469,939142908408.6464,391195859254.7231,31845217765.65458
2021-09-05,88239987733.79056,2021-09-05,303295116157.0395,974066185238.158,391535103890.83,31897333123.647495
2021-09-06,88434963673.5006,2021-09-06,303739846427.5446,990978588591.2396,392174810101.0452,31953932222.00028
2021-09-07,88606293544.92552,2021-09-07,303344141412.90735,881863598242.3075,391950434957.8329,32002856777.52484
2021-09-08,88774207810.9944,2021-09-08,303228286600.1905,866385173976.0297,392002494411.1849,32044634198.417835
2021-09-09,88943450150.01653,2021-09-09,303766756106.6875,872873964500.4425,392710206256.704,32084998427.469345
2021-09-10,89106339968.05348,2021-09-10,303629187390.74225,843774866933.2888,392735527358.7957,32124749954.208916
2021-09-11,89270476952.73555,2021-09-11,303579017102.91583,849881263969.4768,392849494055.65137,32167203611.46964
2021-09-12,89438008532.44821,2021-09-12,303614443491.2636,865946880500.6267,393052452023.71185,32209539135.08709
2021-09-13,89601100982.9568,2021-09-13,303341839169.9687,845697701540.787,392942940152.9255,32254260448.20331
2021-09-14,89772988491.87401,2021-09-14,303729655277.12994,886815367340.9597,393502643769.004,32303456183.36577
2021-09-15,89948935129.21002,2021-09-15,304343455564.52716,905989439093.6376,394292390693.7372,32346832029.987587
2021-09-16,90123230104.22774,2021-09-16,304712344749.3106,898677619211.3932,394835574853.5383,32388038768.38619
2021-09-17,90295618944.52444,2021-09-17,304818806220.1254,890179837921.2357,395114425164.6499,32432445581.44815
2021-09-18,90472014575.44818,2021-09-18,304971400453.04944,909124137692.534,395443415028.4976,32480012663.863533
2021-09-19,90644055526.24524,2021-09-19,304966188658.7835,889258149126.2446,395610244185.0288,32528144873.105408
2021-09-20,90798862104.69098,2021-09-20,304205244167.5107,809565805828.205,395004106272.20166,32574563383.44171
2021-09-21,90944376896.06366,2021-09-21,303442430547.3621,766715068030.7617,394386807443.4258,32607639208.7701
2021-09-22,91101313871.68584,2021-09-22,303589075964.4009,820073565636.6832,394690389836.08673,32644126624.131287
2021-09-23,91263548523.1741,2021-09-23,303637021467.8315,845005739337.7156,394900569991.0056,32690160465.238194
2021-09-24,91417449289.05792,2021-09-24,303124755820.2639,806594308351.1626,394542205109.3219,32730447524.370354
2021-09-25,91570692250.60622,2021-09-25,303003793778.7323,803843977527.0634,394574486029.3385,32769444927.9448
2021-09-26,91725872631.89502,2021-09-26,305539101006.33044,813159465243.5674,397264973638.22546,32807011153.50126
2021-09-27,91876844849.78882,2021-09-27,305618212436.3238,793897658055.9272,397495057286.1126,32849691589.38176
2021-09-28,92023171892.45917,2021-09-28,305157959375.18384,772590247352.1544,397181131267.643,32889841403.977142
2021-09-29,92171459057.5851,2021-09-29,305075320891.6483,782003351223.4945,397246779949.2334,32924614265.544888
2021-09-30,92328983885.4158,2021-09-30,305479225297.2147,825292007781.6116,397808209182.6305,32971464091.197308
2021-10-01,92504014095.96432,2021-10-01,306408866763.4277,907094613988.879,398912880859.392,33012462837.389587
2021-10-02,92676929673.73346,2021-10-02,306936995118.88385,897598944189.0826,399613924792.6173,33069193716.432755
2021-10-03,92852069703.55489,2021-10-03,307086712473.2267,908304048551.99,399938782176.7816,33114657115.303505
2021-10-04,93031255630.40549,2021-10-04,307487287070.19556,927500116973.6588,400518542700.6011,33162318581.98505
2021-10-05,93219465336.23576,2021-10-05,308397909776.8751,969900275093.6812,401617375113.1109,33214472065.933475
2021-10-06,93423153138.79286,2021-10-06,311040400780.856,1042404625252.3676,404463553919.64886,33258517349.14169
2021-10-07,93620577379.21182,2021-10-07,312630161091.78156,1013617537731.6156,406250738470.9934,33307860781.67693
2021-10-08,93818541072.5677,2021-10-08,313230531686.0639,1016527315804.3152,407049072758.6316,33349819541.211456
2021-10-09,94020504950.49664,2021-10-09,313571245112.2573,1035576103855.1576,407591750062.754,33400906902.446552
2021-10-10,94221251939.82208,2021-10-10,314078837823.1356,1030304463164.2786,408300089762.9576,33457496076.76559
2021-10-11,94433248587.24988,2021-10-11,315011052351.48285,1083185612190.5824,409444300938.7327,33510396460.590424
2021-10-12,94639148728.1762,2021-10-12,315944269770.7607,1055163306149.4445,410583418498.9368,33558979165.457127
2021-10-13,94850516956.88338,2021-10-13,316721980649.4786,1081094672104.5918,411572497606.36194,33619266682.00848
2021-10-14,95061737319.19604,2021-10-14,317819231162.6647,1080827168232.4532,412880968481.8607,33669186074.9012
2021-10-15,95290292780.9814,2021-10-15,319676045306.1544,1162187188395.0632,414966338087.13586,33723475611.63362
2021-10-16,95515557232.4399,2021-10-16,320448274913.1139,1147275281092.1023,415963832145.55383,33775368325.93129
2021-10-17,95743365069.9682,2021-10-17,320732219960.63715,1159605966327.11,416475585030.60535,33836938419.145996
2021-10-18,95973067189.46448,2021-10-18,322157987327.291,1168911667356.5854,418131054516.7555,33895081885.994316
2021-10-19,96211845813.25829,2021-10-19,325053057544.2927,1211785576177.9453,421264903357.551,33956462146.192993
2021-10-20,96457512731.7758,2021-10-20,327657876401.47394,1244459022964.085,424115389133.2497,34018139112.611996
2021-10-21,96687710695.31236,2021-10-21,329438493958.5205,1172632992265.2373,426126204653.8329,34079001870.611088
2021-10-22,96911672495.41824,2021-10-22,329524217898.146,1143933087990.3835,426435890393.5643,34141372560.034466
2021-10-23,97138015918.70135,2021-10-23,329703819943.8223,1155519863190.659,426841835862.52374,34197773628.446236
2021-10-24,97362519504.41583,2021-10-24,330398204452.1676,1147365789890.9907,427760723956.58344,34256357628.477905
2021-10-25,97595899995.92116,2021-10-25,331987829052.31104,1189349839257.8438,429583729048.23224,34328451434.98921
2021-10-26,97818085199.09814,2021-10-26,332772748258.4364,1137422650864.1606,430590833457.53455,34387393035.770164
2021-10-27,98032653651.51074,2021-10-27,332389860360.943,1102213010942.4285,430422514012.45374,34446822932.76316
2021-10-28,98255785689.2487,2021-10-28,333177692349.4535,1142736854340.6792,431433478038.7022,34504751163.37711
2021-10-29,98485486322.46973,2021-10-29,334038165983.096,1173943851063.321,432523652305.56573,34571955720.074875
2021-10-30,98713639201.12527,2021-10-30,334244912942.1608,1167153569945.1155,432958552143.2861,34632302160.306465
2021-10-31,98939498001.0374,2021-10-31,334895353082.7324,1156862116789.4155,433834851083.76984,34685931897.889595
2021-11-01,99163684804.19908,2021-11-01,336765705016.665,1149478857616.5034,435929389820.8641,34743136408.971855
2021-11-02,99397127229.00284,2021-11-02,339200877123.686,1193308329859.5012,438598004352.6888,34806357934.34932
2021-11-03,99629131676.17915,2021-11-03,340734896972.20056,1187033975591.649,440364028648.3797,34870534912.607864
2021-11-04,99855045664.64462,2021-11-04,340791407656.61017,1158939823590.671,440646453321.2548,34926423703.16696
2021-11-05,100079105044.72208,2021-11-05,341735767406.3048,1150693538227.9768,441814872451.0269,34987450883.73275
2021-11-06,100305216220.83812,2021-11-06,342047248279.9682,1160766632205.0137,442352464500.8063,35046822480.24145
2021-11-07,100538416783.7729,2021-11-07,342252116795.9434,1194482257510.8408,442790533579.7163,35106443912.08312
2021-11-08,100788576995.93938,2021-11-08,344643252350.61505,1274540292481.0496,445431829346.5544,35163354160.26369
2021-11-09,101036220948.86696,2021-11-09,346247941971.2616,1263229292038.0288,447284162920.1286,35229091167.76022
2021-11-10,101275546393.03967,2021-11-10,347481746874.12067,1224669181339.8384,448757293267.1604,35292556768.09232
2021-11-11,101514383463.06248,2021-11-11,348157545235.20966,1222854427220.0574,449671928698.2721,35357685387.26101
2021-11-12,101750447750.21884,2021-11-12,353842104321.43585,1210308340236.4575,455592552071.6547,35415575069.96326
2021-11-13,101987452118.6367,2021-11-13,354047121257.71094,1215196970577.339,456034573376.3476,35477468751.73028
2021-11-14,102228861112.9876,2021-11-14,354152800411.60956,1236368316573.484,456381661524.5972,35540889580.793526
2021-11-15,102462501408.76962,2021-11-15,355215273046.95703,1200338251288.5356,457677774455.7267,35603597072.505936
2021-11-16,102681978986.89584,2021-11-16,355679471759.09326,1134226596180.0454,458361450745.9891,35661403213.71592
2021-11-17,102902472940.0023,2021-11-17,356102507280.2758,1139444546493.5918,459004980220.27814,35717933927.93807
2021-11-18,103109033580.485,2021-11-18,355444944659.91864,1074357165130.065,458553978240.4036,35771710925.403534
2021-11-19,103320314716.0178,2021-11-19,355278741490.14355,1096975495126.7568,458599056206.1613,35821403127.06071
2021-11-20,103538118215.58723,2021-11-20,355422098819.58624,1128085780190.3347,458960217035.17346,35875006778.44822
2021-11-21,103751518262.35468,2021-11-21,355394098963.3596,1107798738303.1274,459145617225.7143,35924001343.67338
2021-11-22,103955245689.77995,2021-11-22,354886427272.1527,1062696519153.0776,458841672961.9326,35976014317.831726
2021-11-23,104164014115.83997,2021-11-23,354804230892.29297,1086836995580.2563,458968245008.1329,36023673317.80093
2021-11-24,104371087737.32524,2021-11-24,354868219827.8733,1079273697690.0176,459239307565.19855,36079411687.0722
2021-11-25,104585439438.65338,2021-11-25,358042353729.9962,1113967600992.9363,462627793168.6496,36127915085.391495
2021-11-26,104778787629.11964,2021-11-26,357030298650.5402,1015448764725.1056,461809086279.65985,36174479596.323944
2021-11-27,104976033879.3256,2021-11-27,356780007288.49756,1034203118599.6426,461756041167.8231,36223482122.97291
2021-11-28,105183488043.10582,2021-11-28,356831318602.6347,1082707507775.5648,462014806645.74054,36271991595.91592
2021-11-29,105392830650.66562,2021-11-29,357573913069.88184,1092024540079.9662,462966743720.5475,36324155371.42773
2021-11-30,105598771783.92488,2021-11-30,357786685198.34534,1076405273968.0776,463385456982.2702,36372943520.94381
2021-12-01,105805571109.50565,2021-12-01,358422223280.28314,1080864391222.8032,464227794389.7888,36422894939.9506
2021-12-02,106009483815.44174,2021-12-02,358240211992.74493,1067661805010.1256,464249695808.18665,36478879959.638145
2021-12-03,106201779755.9427,2021-12-03,357783546383.29675,1013261731098.913,463985326139.23944,36538598060.59624
2021-12-04,106376347597.95222,2021-12-04,355456182949.2119,929987426198.8878,461832530547.1641,36586078084.77647
2021-12-05,106551808688.63226,2021-12-05,355127918678.8235,934552695607.7568,461679727367.45575,36638781842.28092
2021-12-06,106731359346.53052,2021-12-06,354394751719.5918,954210464626.3568,461126111066.1223,36691578991.87169
2021-12-07,106911371548.07095,2021-12-07,355596956700.90015,956748975020.4424,462508328248.9711,36741619529.427574
2021-12-08,107090848738.57845,2021-12-08,355239044389.9156,954582142314.9384,462329893128.494,36794841033.19452
2021-12-09,107258486586.7646,2021-12-09,354532066982.6577,899012043569.9849,461790553569.4224,36845366406.99433
2021-12-10,107424447389.06784,2021-12-10,354167183402.08264,891423277469.5338,461591630791.1505,36892956460.012794
2021-12-11,107599330888.0952,2021-12-11,354206466307.3314,933923863792.4456,461805797195.42664,36939130244.95822
2021-12-12,107776861497.91228,2021-12-12,354144624290.7101,946786523493.3842,461921485788.6224,36982844819.83885
2021-12-13,107940873122.62282,2021-12-13,353656877703.6213,883223823129.3041,461597750826.2441,37025638015.78111
2021-12-14,108111244547.38467,2021-12-14,353714702464.7097,913627340821.4618,461825947012.0944,37070111240.21826
2021-12-15,108283780032.8158,2021-12-15,353587715305.9836,924204090636.6049,461871495338.79944,37113033198.20362
2021-12-16,108451245254.98192,2021-12-16,353536126549.33453,900561746100.7731,461987371804.31647,37148514612.95546
2021-12-17,108612695931.589,2021-12-17,352963689042.07294,872435846959.6427,461576384973.6619,37192977082.38367
2021-12-18,108776921131.53612,2021-12-18,352785746838.3063,885890567281.3605,461562667969.8424,37230675520.84655
2021-12-19,108940422083.21718,2021-12-19,352686382524.24774,882790426389.6196,461626804607.46497,37274964866.71118
2021-12-20,109104774490.5697,2021-12-20,352175907947.20306,887149070897.3822,461280682437.7728,37317264379.67538
2021-12-21,109277009462.60815,2021-12-21,352451850546.3046,924809602064.7616,461728860008.9128,37366553020.53972
2021-12-22,109447961162.9586,2021-12-22,352460110937.7402,919075214022.5736,461908072100.6988,37399064680.916565
2021-12-23,109627790886.22484,2021-12-23,352744798268.2383,961481189998.4484,462372589154.46313,37459592138.65221
2021-12-24,109807532689.12634,2021-12-24,353032012827.4463,961424194836.422,462839545516.57263,37508393519.86284
2021-12-25,109985564170.85762,2021-12-25,352854723925.84216,953676756095.4076,462840288096.69977,37555529145.273735
2021-12-26,110165002739.038,2021-12-26,352749500589.7872,960703815914.029,462914503328.82513,37597988431.58196
2021-12-27,110344050606.73126,2021-12-27,353007237064.6037,959209991340.5012,463351287671.33496,37645884197.6882
2021-12-28,110510406305.83965,2021-12-28,352452800054.15076,899369131477.769,462963206359.9904,37687657325.016975
2021-12-29,110672383299.46898,2021-12-29,351991231141.42224,878929264083.4297,462663614440.8912,37731596556.22541
2021-12-30,110836915231.17062,2021-12-30,351892308081.9966,891376399223.7318,462729223313.1672,37767432171.20267
2021-12-31,110997691871.58524,2021-12-31,351820498682.5506,873882850638.9781,462818190554.13586,37811977279.53473
2022-01-01,111164531684.9968,2022-01-01,351779869185.2357,902986286136.182,462944400870.2325,37863331395.22801
2022-01-02,111329584334.04156,2022-01-02,351630972280.06555,894834509349.57,462960556614.10706,37910440286.12062
2022-01-03,111491197976.27832,2022-01-03,351280541758.81366,878832771316.3961,462771739735.092,37951997082.130936
2022-01-04,111650249768.3308,2022-01-04,350887577051.1754,866987210225.6154,462537826819.50616,37995284884.40962
2022-01-05,111799787562.86198,2022-01-05,350600619744.7454,822104311585.985,462400407307.6074,38039046878.150215
2022-01-06,111947799954.00777,2022-01-06,349609060396.94446,815154670287.5619,461556860350.9522,38078998891.71976
2022-01-07,112089711199.62569,2022-01-07,348607271107.6751,786451950375.9885,460696982307.3008,38116377536.58218
2022-01-08,112232060455.14365,2022-01-08,348280847028.0179,788818071931.9937,460512907483.1616,38154294369.064926
2022-01-09,112375088638.9974,2022-01-09,348076492319.01154,792331074679.7318,460451580958.0089,38191541690.14311
2022-01-10,112517897083.84404,2022-01-10,347673485796.5442,791572052329.6342,460191382880.38824,38228990620.5964
2022-01-11,112664285117.401,2022-01-11,347390368232.6436,808885772714.3601,460054653350.0446,38271252951.56117
2022-01-12,112815321592.6529,2022-01-12,347580152776.5646,831295834365.9093,460395474369.21747,38309338433.61539
2022-01-13,112960968552.8053,2022-01-13,347269687496.6107,805949204957.904,460230656049.416,38358358187.42513
2022-01-14,113108567368.07518,2022-01-14,347059955225.41833,815531329237.4321,460168522593.4935,38401254746.0511
2022-01-15,113256177987.09,2022-01-15,347020892834.69525,815882724497.7178,460277070821.7853,38446302743.13786
2022-01-16,113403715168.13934,2022-01-16,346927649026.1478,815828234144.0316,460331364194.2872,38493715686.36681
2022-01-17,113547721595.65706,2022-01-17,346364462140.3088,799306329435.0065,459912183735.9658,38536929321.84672
2022-01-18,113692263738.66914,2022-01-18,345997358618.20935,802146490905.2369,459689622356.8785,38573000902.66838
2022-01-19,113833998625.11723,2022-01-19,345303646377.918,789058997663.7748,459137645003.0352,38618715410.305016
2022-01-20,113971748815.288,2022-01-20,344989046507.6288,770351404978.961,458960795322.91675,38663655207.73803
2022-01-21,114092667445.64964,2022-01-21,342392480040.6598,690390859749.26,456485147486.30945,38696559745.4244
2022-01-22,114208061518.08595,2022-01-22,341329698862.9605,664291604822.014,455537760381.0465,38726643929.1025
2022-01-23,114328035250.01584,2022-01-23,341066118235.70483,686362789091.7542,455394153485.7207,38758103773.84936
2022-01-24,114449725002.6942,2022-01-24,340056504806.46796,694788155525.7968,454506229809.1622,38791428690.6754
2022-01-25,114572547099.1918,2022-01-25,339918452847.7107,700433947392.7192,454490999946.9025,38826491922.99112
2022-01-26,114694736265.20602,2022-01-26,339661456521.9577,697659247319.0232,454356192787.16376,38857349385.37642
2022-01-27,114818264474.58945,2022-01-27,339067431672.7571,704294879652.3002,453885696147.3465,38887559879.805305
2022-01-28,114943958423.89394,2022-01-28,338410796322.7603,714881178454.2042,453354754746.65424,38923676633.523994
2022-01-29,115071355410.42062,2022-01-29,337530488363.2046,723264569088.8376,452601843773.6253,38959370926.60552
2022-01-30,115197633998.53513,2022-01-30,337042189045.48193,718177892245.2709,452239823044.0171,38994412817.80463
2022-01-31,115326156483.17784,2022-01-31,336756686209.71075,729149543136.7295,452082842692.88855,39028541744.812454
2022-02-01,115455545644.36594,2022-02-01,339122044376.7263,733547568639.9456,454577590021.0923,39066228205.75886
2022-02-02,115577757666.19205,2022-02-02,338735207356.7854,699506797951.3258,454312965022.9774,39103047345.76862
2022-02-03,115701596813.02094,2022-02-03,338299280315.8973,707528879508.3241,454000877128.9182,39137236851.273384
2022-02-04,115842256763.63736,2022-02-04,338812972125.0092,788196820710.201,454655228888.6466,39169117434.602394
2022-02-05,115982154425.47884,2022-02-05,339048755467.6787,784832875689.6117,455030909893.1576,39200606211.12146
2022-02-06,116125937676.64165,2022-02-06,338981334260.9869,803697444737.1013,455107271937.6285,39241598782.716
2022-02-07,116275457475.41882,2022-02-07,339641749175.5901,831428655026.6455,455917206651.0089,39278893816.10667
2022-02-08,116425757769.35422,2022-02-08,339901994909.6733,835462363956.2812,456327752679.0275,39321724582.83303
2022-02-09,116577325655.08469,2022-02-09,340049199253.03815,841829658875.3894,456626524908.1228,39360869644.84055
2022-02-10,116725321364.99332,2022-02-10,340390572523.7742,825032788987.7488,457115893888.7675,39402444459.32564
2022-02-11,116868782005.4755,2022-02-11,340408213728.78955,803614867993.6299,457276995734.265,39441470140.3165
2022-02-12,117011595925.93423,2022-02-12,340464087293.5676,800804647082.3677,457475683219.50183,39491492888.37914
2022-02-13,117153684244.09093,2022-02-13,340393559904.56903,797614639896.3859,457547244148.6599,39533703402.437965
2022-02-14,117297627864.60388,2022-02-14,340231491397.16986,806787570121.784,457529119261.77374,39574535145.183014
2022-02-15,117449512057.12032,2022-02-15,340644657415.1686,845126678403.366,458094169472.2889,39623102057.24978
2022-02-16,117598664301.78,2022-02-16,340720110791.60913,832336220710.9739,458318775093.3891,39666455219.02108
2022-02-17,117734483747.5353,2022-02-17,340290264192.91815,768717087252.6674,458024747940.4534,39708893380.38808
2022-02-18,117868059389.53236,2022-02-18,339800568371.5389,758229687123.398,457668627761.0712,39743103334.085976
2022-02-19,118002060688.9646,2022-02-19,339624517045.35645,760538291466.6196,457626577734.32104,39780697983.439995
2022-02-20,118129250740.5482,2022-02-20,339207989097.08704,728132738135.4702,457337239837.63525,39815825436.48698
2022-02-21,118251010920.18416,2022-02-21,338801716564.0518,702334592633.975,457052727484.236,39845836133.160095
2022-02-22,118377545289.2402,2022-02-22,338401247123.6088,725489448020.089,456778792412.84906,39881710757.73451
2022-02-23,118500171894.17271,2022-02-23,338496662696.3044,706985248965.3523,456996834590.4771,39917843100.23431
2022-02-24,118627048594.2586,2022-02-24,337688973686.5164,727635209006.3865,456316022280.775,39948044765.06256
2022-02-25,118757353299.7515,2022-02-25,337531737594.3391,744350244371.1368,456289090894.0906,39981010389.83024
2022-02-26,118887089080.06197,2022-02-26,337353695978.25116,741878306130.8915,456240785058.3131,40011924529.14696
2022-02-27,119011285515.59636,2022-02-27,337251610238.55316,715526765387.4674,456262895754.14954,40045056233.32242
2022-02-28,119157020084.73756,2022-02-28,338217719663.2145,819265890238.9749,457374739747.952,40083147526.30935
2022-03-01,119307651194.10603,2022-03-01,338707532328.1562,843090131709.5969,458015183522.26227,40128445449.49696
2022-03-02,119456139681.94585,2022-03-02,338872894176.5362,833091812240.1335,458329033858.48206,40167222159.046165
2022-03-03,119598895795.91522,2022-03-03,339120722120.0537,805827535646.6597,458719617915.96893,40208020702.359215
2022-03-04,119728534116.5186,2022-03-04,338527579188.5256,743029579577.479,458256113305.0442,40244254826.1649
2022-03-05,119859109901.8651,2022-03-05,338311008672.0568,747798061633.2853,458170118573.92194,40274794089.98345
2022-03-06,119985731985.56764,2022-03-06,338152169879.5505,729037954594.7985,458137901865.11816,40307096881.76846
2022-03-07,120110665461.24084,2022-03-07,337891232782.6537,721165616924.9264,458001898243.89453,40342939986.01232
2022-03-08,120238463920.37788,2022-03-08,337839723309.22424,735204649287.8802,458078187229.6022,40379133950.83553
2022-03-09,120378889623.67712,2022-03-09,338075055026.29535,796247799602.846,458453944649.9725,40415463075.890366
2022-03-10,120509342204.7254,2022-03-10,337357728348.5727,748508067371.1423,457867070553.2981,40451913819.46203
2022-03-11,120636982862.5585,2022-03-11,337646108813.5635,735226750329.0382,458283091676.122,40485942131.62324
2022-03-12,120764866500.23466,2022-03-12,337605440204.3468,736652465548.6208,458370306704.5815,40524379509.17764
2022-03-13,120888672218.56651,2022-03-13,337446226132.2806,717260817423.1443,458334898350.8471,40561349193.24844
2022-03-14,121019889921.939,2022-03-14,337352881459.1737,753226784770.5564,458372771381.1127,40598747392.18632
2022-03-15,121149566379.7299,2022-03-15,337110487737.2969,746060416474.0398,458260054117.0268,40633035023.870094
2022-03-16,121286408168.62717,2022-03-16,337451090421.0503,780863830653.3712,458737498589.6775,40672402872.02079
2022-03-17,121422454884.97858,2022-03-17,337149991447.63696,777303674415.2303,458572446332.61554,40713474113.15365
2022-03-18,121561739627.28412,2022-03-18,337241107240.13983,793192767024.5371,458802846867.42395,40750461240.896736
2022-03-19,121702748741.42725,2022-03-19,337312115239.36487,801789706253.7219,459014863980.7921,40791371462.967575
2022-03-20,121839993531.87448,2022-03-20,337224310252.13544,783908862649.328,459064303784.0099,40831712424.114
2022-03-21,121976167733.7927,2022-03-21,337129688991.32733,779016691989.2183,459105856725.12006,40871415560.44502
2022-03-22,122117630630.01591,2022-03-22,337531267155.1484,804817567803.2769,459648897785.1643,40911394644.18446
2022-03-23,122261085017.7241,2022-03-23,337555480668.81134,814715414485.1534,459816565686.53546,40950181217.21336
2022-03-24,122408849573.3534,2022-03-24,337954842596.352,835816124151.5862,460363692169.70544,40989407959.85027
2022-03-25,122557838440.6573,2022-03-25,340154597825.81464,842025078651.2473,462712436266.472,41033146638.59067
2022-03-26,122707574480.87776,2022-03-26,340139517205.18225,845932648745.6025,462847091686.06,41078204600.14532
2022-03-27,122866348660.8539,2022-03-27,340392658122.35095,889904412125.5972,463259006783.2048,41115303277.03984
2022-03-28,123026235826.7686,2022-03-28,341853847728.10876,895601021526.6571,464880083554.8774,41162864671.31909
2022-03-29,123187267408.9692,2022-03-29,342650343338.1178,901452904184.4186,465837610747.087,41208232682.05532
2022-03-30,123346772457.0979,2022-03-30,342839633946.47864,894394175111.2694,466186406403.57654,41248604496.16452
2022-03-31,123500122508.98648,2022-03-31,342647741868.78656,864947623390.2316,466147864377.773,41289645026.423134
2022-04-01,123656459783.4265,2022-04-01,342907227879.68463,879703518975.3899,466563687663.11115,41330615029.749146
2022-04-02,123810890737.96042,2022-04-02,342858133481.8993,870793417818.5426,466669024219.85974,41370394804.529655
2022-04-03,123967544173.6178,2022-04-03,342872173016.66095,881856865884.11,466839717190.2788,41411131797.19132
2022-04-04,124124880703.15016,2022-04-04,342939991279.58484,885476347110.0544,467064871982.735,41457151779.154655
2022-04-05,124277867540.4884,2022-04-05,342986387308.0052,864734160257.6222,467264254848.4936,41499678704.61479
2022-04-06,124421669135.51749,2022-04-06,342342857536.57495,820565190671.3043,466764526672.0924,41542005405.50979
2022-04-07,124566461449.27788,2022-04-07,341998872359.57587,825650844677.1835,466565333808.85376,41579931483.98619
2022-04-08,124706563766.33864,2022-04-08,341737397976.6582,803222085291.6653,466443961742.9968,41616705192.35663
2022-04-09,124848622297.8949,2022-04-09,341562497031.2816,812980149156.3384,466411119329.1765,41657658225.61567
2022-04-10,124988290870.31992,2022-04-10,341456630641.21136,801682524269.5048,466444921511.53125,41695348876.29229
2022-04-11,125117551629.7688,2022-04-11,340637658524.05676,751515191919.1693,465755210153.8256,41731088089.550995
2022-04-12,125248909731.91035,2022-04-12,340955031972.35443,761941630811.9062,466203941704.2648,41769687014.00516
2022-04-13,125384419740.54929,2022-04-13,340947692448.6405,782336941622.1365,466332112189.18976,41805642417.17983
2022-04-14,125515147613.46616,2022-04-14,341206671868.6012,759414603387.3145,466721819482.0674,41841217648.476654
2022-04-15,125648185883.28416,2022-04-15,341133165748.016,770883794500.5936,466781351631.3002,41881304390.64977
2022-04-16,125780555257.72691,2022-04-16,340979938717.1981,767904390679.5793,466760493974.92505,41915376497.80546
2022-04-17,125910144443.20282,2022-04-17,340856111543.51843,754676872372.3038,466766255986.72125,41957150610.507256
2022-04-18,126044082448.01692,2022-04-18,340634977654.9184,776045219810.8732,466679060102.93536,41990708985.36453
2022-04-19,126180681055.51254,2022-04-19,340697235636.7812,789230321839.2349,466877916692.2937,42022933340.502655
2022-04-20,126316710973.22276,2022-04-20,340730656142.45776,786741961456.3314,467047367115.6805,42064745008.82776
2022-04-21,126449243440.93036,2022-04-21,341631171829.6837,770026906629.0865,468080415270.6141,42109224696.19845
2022-04-22,126578675703.74287,2022-04-22,341073869057.1748,755231176184.1464,467652544760.91766,42143569675.92344
2022-04-23,126707056085.6628,2022-04-23,340916310418.8274,750378951452.5474,467623366504.4902,42184307257.76997
2022-04-24,126835431851.78264,2022-04-24,340750380706.30615,750613279428.1262,467585812558.0888,42226933537.42903
2022-04-25,126967585046.09676,2022-04-25,340398799373.93256,769232109412.7955,467366384420.02936,42267260219.55004
2022-04-26,127090587704.3106,2022-04-26,339770915241.1947,725006509281.6324,466861502945.5053,42302472816.59053
2022-04-27,127217971985.0786,2022-04-27,339615436969.4865,746560345079.2498,466833408954.5651,42344169337.73844
2022-04-28,127347275746.17184,2022-04-28,339503348002.86475,756151465942.5061,466850623749.03656,42377326966.17687
2022-04-29,127472028681.02188,2022-04-29,339038302299.90814,734270303791.633,466510330980.93005,42414523376.29842
2022-04-30,127592998152.6438,2022-04-30,338792907886.9977,716109477593.278,466385906039.6415,42451039499.97469
2022-05-01,127717187874.37144,2022-05-01,338461830131.64044,732024373801.0659,466179018006.01184,42491094961.46065
2022-05-02,127841496706.54636,2022-05-02,337750632378.80084,732852582901.8735,465592129085.3472,42530193028.52825
2022-05-03,127962677603.27164,2022-05-03,337041834662.4637,717871282861.9048,465004512265.7353,42566396159.18496
2022-05-04,128091453106.0298,2022-05-04,337268435819.48956,755099376035.5513,465359888925.51935,42602278375.62579
2022-05-05,128207941495.99448,2022-05-05,336491713191.3319,695506400623.9341,464699654687.3264,42640825712.81193
2022-05-06,128322272036.73018,2022-05-06,335906060476.8797,685226335960.3942,464228332513.60986,42673509835.47984
2022-05-07,128434465356.58363,2022-05-07,335600176871.68964,675040319682.5934,464034642228.27325,42706076199.57456
2022-05-08,128541045664.8896,2022-05-08,335031709850.45703,647906888039.7653,463572755515.3466,42739991516.45381
2022-05-09,128632146342.77388,2022-05-09,332466384739.3669,572656850350.8716,461098531082.14075,42772220906.555084
2022-05-10,128726820159.42218,2022-05-10,331229555389.3818,590261676319.8455,459956375548.804,42802668709.21849
2022-05-11,128813540271.42578,2022-05-11,328629404540.1498,551660806401.0177,457442944811.5755,42830866486.4802
2022-05-12,128900152058.27086,2022-05-12,327024684949.9565,551305836501.6644,455924837008.22736,42855664479.236374
2022-05-13,128987829742.7298,2022-05-13,326285615695.662,556679574533.4644,455273445438.3918,42885285100.90689
2022-05-14,129078626249.81,2022-05-14,326762575540.013,572074784294.1189,455841201789.823,42911903876.37702
2022-05-15,129174259193.87073,2022-05-15,326644202903.9562,595863026210.1896,455818462097.8269,42935325979.27727
2022-05-16,129264191722.27464,2022-05-16,326139991504.0989,568224862861.7391,455404183226.3735,42966641629.37561
2022-05-17,129356324497.0263,2022-05-17,325713472695.8732,579148530834.7247,455069797192.89954,42995045146.59194
2022-05-18,129441653036.10422,2022-05-18,325054270510.2264,546100909353.56,454495923546.3306,43020292292.101845
2022-05-19,129533273898.85214,2022-05-19,324447711725.9138,577009567559.6633,453980985624.766,43043358034.28317
2022-05-20,129620451575.30447,2022-05-20,323787479628.08813,555483401045.003,453407931203.39264,43067715052.94812
2022-05-21,129708575990.25365,2022-05-21,323615694613.82495,560284467431.9252,453324270604.07855,43092813813.8756
2022-05-22,129800020377.56915,2022-05-22,323539974435.864,576688741188.3859,453339994813.4331,43115840961.41678
2022-05-23,129886765262.4949,2022-05-23,323072774340.5678,553895762779.5847,452959539603.0627,43146432788.29983
2022-05-24,129975593673.71086,2022-05-24,322752292622.0261,564257696108.5631,452727886295.737,43168865853.116104
2022-05-25,130063992275.60191,2022-05-25,322563176692.0852,562333155522.8169,452627168967.68713,43196191430.915985
2022-05-26,130151005871.62886,2022-05-26,322056906121.0047,555734504039.407,452207911992.63354,43222633699.07828
2022-05-27,130235776181.43835,2022-05-27,321137809607.9783,544932131769.53394,451373585789.4166,43248032458.81423
2022-05-28,130322116527.008,2022-05-28,321033427440.49,552785427399.32,451355543967.498,43275084704.14569
2022-05-29,130410155622.25552,2022-05-29,320957177043.4063,561273487763.5826,451367332665.66187,43302486442.24628
2022-05-30,130506993496.52164,2022-05-30,321042094341.014,604528388029.0972,451549087837.5356,43332329319.35791
2022-05-31,130604111794.33916,2022-05-31,321311982079.8215,606095297909.0394,451916093874.16064,43361673521.899765
2022-06-01,130693384194.14178,2022-06-01,320635970111.5461,567860326027.5104,451329354305.68787,43388642594.66832
2022-06-02,130785208867.16022,2022-06-02,319504487445.3723,580542457311.4781,450289696312.53253,43412709952.727486
2022-06-03,130873925163.39098,2022-06-03,319034282691.2621,565495060397.8859,449908207854.6531,43440033726.287384
2022-06-04,130963260173.86282,2022-06-04,318548065273.13104,568704811485.8489,449511325446.99384,43466212428.384605
2022-06-05,131052785734.1027,2022-06-05,318357252263.07153,569817556469.7942,449410037997.17426,43493692313.052864
2022-06-06,131147928041.13626,2022-06-06,318135459480.3443,597535517119.6543,449283387521.4806,43523373172.014824
2022-06-07,131242161599.56503,2022-06-07,317337512726.30566,593269298575.8353,448579674325.8707,43554083410.02574
2022-06-08,131332808870.22116,2022-06-08,317080255197.32025,575867024167.7834,448413064067.54144,43588288784.07573
2022-06-09,131422928208.40347,2022-06-09,316430862158.3149,573458281992.7562,447853790366.7184,43616189846.949066
2022-06-10,131509076193.1553,2022-06-10,315961642306.72955,554151089385.5647,447470718499.8848,43643849474.7619
2022-06-11,131592569628.0733,2022-06-11,315401827081.3273,541294854770.7297,446994396709.4006,43671948537.01031
2022-06-12,131668938608.53812,2022-06-12,314931856056.21844,506487894729.9313,446600794664.7566,43694135620.12986
2022-06-13,131729290219.57112,2022-06-13,310629698910.39233,427995348780.46765,442358989129.96344,43714869311.6664
2022-06-14,131788333111.36205,2022-06-14,307252508177.66284,421688931804.8248,439040841289.0249,43735691653.4206
2022-06-15,131849064285.6297,2022-06-15,304716964969.6413,430099861114.0844,436566029255.271,43758246147.816216
2022-06-16,131901300461.49492,2022-06-16,303073024281.81775,388485396311.4921,434974324743.3127,43774640336.83477
2022-06-17,131953785347.7062,2022-06-17,301607891270.7544,389812031303.6246,433561676618.4606,43789048347.72087
2022-06-18,132000451377.8877,2022-06-18,299458729164.3673,361317323689.7832,431459180542.255,43808172226.65195
2022-06-19,132053307467.7652,2022-06-19,299245465103.6852,391840989215.81946,431298772571.4504,43824407478.31584
2022-06-20,132106170259.07584,2022-06-20,298781011618.0217,391979652342.09094,430887181877.0976,43841503243.557594
2022-06-21,132159591693.25774,2022-06-21,298078699838.1675,394832783565.6704,430238291531.4252,43861509615.48858
2022-06-22,132210149202.85924,2022-06-22,297169361186.82837,380851981423.03217,429379510389.6876,43878218048.83915
2022-06-23,132265078641.51404,2022-06-23,296913776014.208,402462987384.5206,429178854655.7221,43898030855.860954
2022-06-24,132320470112.03935,2022-06-24,296457835290.4857,404846505096.5744,428778305402.5251,43915373387.21976
2022-06-25,132376817774.30511,2022-06-25,296515688613.4835,409663663784.1593,428892506387.78864,43935708743.68857
2022-06-26,132431415058.84483,2022-06-26,296407758007.3992,401159249563.36554,428839173066.2441,43954410058.2305
2022-06-27,132484800024.26584,2022-06-27,295833783053.0691,395298984791.7696,428318583077.33496,43972590176.872826
2022-06-28,132536391678.78992,2022-06-28,295401314914.03235,386573698555.43304,427937706592.8223,43991780961.27333
2022-06-29,132587333525.20842,2022-06-29,294882070212.5422,383475927136.2873,427469403737.75055,44011056960.499626
2022-06-30,132637726004.99852,2022-06-30,293237791277.26733,380871081450.9641,425875517282.2658,44032008650.75923
2022-07-01,132685368718.95796,2022-07-01,292631311537.0073,367421020397.1044,425316680255.9653,44048724225.91967
2022-07-02,132732887039.483,2022-07-02,292334798014.5876,366903170586.91113,425067685054.07056,44065565851.59383
2022-07-03,132780681036.94762,2022-07-03,292031716547.7838,368357294540.0859,424812397584.73145,44084309026.08971
2022-07-04,132831990540.78712,2022-07-04,291943015928.8833,385787844469.56287,424775006469.6704,44102015582.95011
2022-07-05,132883060459.22824,2022-07-05,291707428709.2882,384708828292.25073,424590489168.5164,44117154040.496025
2022-07-06,132935617382.45554,2022-07-06,290826990311.8343,392146362739.568,423762607694.2898,44133676829.741104
2022-07-07,132992274806.64584,2022-07-07,290711015884.3673,412483348337.3581,423703290691.0131,44154542227.7525
2022-07-08,133048814146.78134,2022-07-08,290536084474.996,412013918375.3829,423584898621.77734,44175179704.7608
2022-07-09,133105322330.71188,2022-07-09,289882538154.58997,411973210027.8457,422987860485.3018,44193635503.162384
2022-07-10,133159006431.52246,2022-07-10,289720601398.7653,398143728032.6208,422879607830.2878,44214134853.894
2022-07-11,133209170913.70007,2022-07-11,288328436391.7919,380871219424.58093,421537607305.49194,44230196292.736916
2022-07-12,133256840887.9979,2022-07-12,287971753715.87274,368651173970.6197,421228594603.8706,44249192568.014114
2022-07-13,133308002634.2703,2022-07-13,287791087924.7833,385995867473.6531,421099090559.0536,44263110537.36507
2022-07-14,133360555574.73668,2022-07-14,287364585349.49603,392972081478.70544,420725140924.2327,44279409100.51115
2022-07-15,133414032681.8274,2022-07-15,285770626812.6322,397644418817.0242,419184659494.45953,44298380985.19604
2022-07-16,133468907747.4695,2022-07-16,285726938191.80774,404661482150.76465,419195845939.2772,44318032721.06141
2022-07-17,133522229738.26936,2022-07-17,285640145591.3515,397092830261.95807,419162375329.62085,44334816857.859566
2022-07-18,133581850028.78668,2022-07-18,285623331537.6556,428344566346.44904,419205181566.44226,44353135515.0933
2022-07-19,133645180377.6926,2022-07-19,285017308369.9408,446813755717.5015,418662488747.63336,44373135890.46841
2022-07-20,133707830609.49644,2022-07-20,285216180924.12036,443575877111.25305,418924011533.6168,44392264851.947655
2022-07-21,133770178820.32507,2022-07-21,284365464122.5996,442206777789.5823,418135642942.9247,44412758469.80307
2022-07-22,133830702121.2303,2022-07-22,283694539333.5597,433299995000.2845,417525241454.79,44432359694.854935
2022-07-23,133890300292.3162,2022-07-23,283365271685.12646,428841648996.392,417255571977.4426,44454292232.82836
2022-07-24,133950392974.94458,2022-07-24,283240101430.37616,431409171985.5176,417190494405.32074,44476775170.39501
2022-07-25,134005554904.89224,2022-07-25,282716635248.6965,407112270075.69574,416722190153.5887,44496522157.67303
2022-07-26,134060490806.63889,2022-07-26,282238749300.9711,406103076256.0254,416299240107.6101,44517865487.55553
2022-07-27,134121978359.40897,2022-07-27,282314044494.3422,438669827229.66864,416436022853.7512,44540354454.45587
2022-07-28,134186868350.8593,2022-07-28,282509958660.5197,455651885995.7878,416696827011.37897,44561296174.36945
2022-07-29,134251476954.53848,2022-07-29,282485943269.33386,454387108184.9158,416737420223.8724,44583434306.80379
2022-07-30,134315553680.59962,2022-07-30,282463365645.788,451879808039.6184,416778919326.3876,44603100226.34553
2022-07-31,134378256644.15532,2022-07-31,282307650319.04395,445196846989.7331,416685906963.1993,44625897392.18483
2022-08-01,134440822681.78732,2022-08-01,282229529320.8336,444643237261.21674,416670352002.621,44645950334.9385
2022-08-02,134502296742.51146,2022-08-02,282020233743.3923,439352163873.5603,416522530485.90375,44668540336.48417
2022-08-03,134563109777.66048,2022-08-03,281925270016.6632,436195764116.7909,416488379794.3237,44689892738.23808
2022-08-04,134623136448.04582,2022-08-04,281519790233.4897,432415448229.6715,416142926681.5355,44709141284.78509
2022-08-05,134685808869.87628,2022-08-05,281466043074.0102,445666365992.5486,416151851943.8865,44731221899.69118
2022-08-06,134747066850.98526,2022-08-06,281436598623.05945,438770427094.9168,416183665474.04474,44754860125.90108
2022-08-07,134809165111.38068,2022-08-07,281386045252.58966,443064929714.33746,416195210363.9704,44778038949.98868
2022-08-08,134873687175.96284,2022-08-08,281417445372.78326,455225737826.2911,416291132548.7461,44799812460.35573
2022-08-09,134935650046.4504,2022-08-09,280834437168.42615,442643264887.71216,415770087214.8766,44821318076.54142
2022-08-10,135000701373.75546,2022-08-10,281040357409.53625,458110644098.0226,416041058783.29175,44843386976.54422
2022-08-11,135065682261.29388,2022-08-11,280989377386.1039,457890731552.09247,416055059647.39777,44865200615.7672
2022-08-12,135132426330.7588,2022-08-12,281001189862.7952,466783707501.9093,416133616193.554,44888701550.00321
2022-08-13,135199293086.68562,2022-08-13,280971072002.01556,467527070043.05273,416170365088.7012,44910300584.10235
2022-08-14,135265596257.5794,2022-08-14,280890409863.32184,464858658770.5839,416156006120.9013,44930864070.78045
2022-08-15,135331064979.01004,2022-08-15,280723400834.7903,460841547932.1296,416054465813.8003,44953104072.08735
2022-08-16,135395587630.05194,2022-08-16,280635425439.3567,456266731261.4373,416031013069.4086,44975567634.56364
2022-08-17,135458108992.80254,2022-08-17,280372216913.4631,446439367314.2165,415830325906.2656,44995098409.86125
2022-08-18,135520025052.52184,2022-08-18,280281551194.64484,443552422156.1682,415801576247.1667,45016528726.828186
2022-08-19,135572860319.8718,2022-08-19,279478264638.799,398481150653.1483,415051124958.6709,45041130149.50584
2022-08-20,135626853555.61688,2022-08-20,279324734858.66235,404351187858.97125,414951588414.2792,45061049776.16089
2022-08-21,135682258060.2394,2022-08-21,279242002371.47705,411485882071.0646,414924260431.7164,45080723230.74756
2022-08-22,135737206785.2102,2022-08-22,278924543705.9147,409326908414.7903,414661750491.1249,45100217582.84928
2022-08-23,135792638419.25882,2022-08-23,278756674444.23145,411842175981.4356,414549312863.4903,45123461038.94783
2022-08-24,135847436915.08792,2022-08-24,278574059813.7521,408798744639.8652,414421496728.84,45143251408.664246
2022-08-25,135902945952.6804,2022-08-25,278363111319.898,412448971238.4564,414266057272.5784,45164969031.930664
2022-08-26,135953404529.22366,2022-08-26,278088322385.75415,387388491444.24414,414041726914.97784,45188516625.12261
2022-08-27,136003034146.82433,2022-08-27,277740679492.6288,383357048268.45306,413743713639.4531,45206914977.51587
2022-08-28,136050816158.45108,2022-08-28,277698908127.9668,374244144117.87463,413749724286.4179,45227179960.07058
2022-08-29,136101386763.24068,2022-08-29,277612710534.43384,388246422244.3054,413714097297.6745,45247010910.33236
2022-08-30,136150111152.14526,2022-08-30,277074045220.78564,379138638619.1992,413224156372.9309,45267643345.01695
2022-08-31,136199742789.88008,2022-08-31,276873515553.6118,383762351811.0776,413073258343.4919,45286353279.16772
2022-09-01,136249690137.26823,2022-09-01,276535565275.17584,385437006256.8856,412785255412.4441,45303869986.17097
2022-09-02,136298914998.773,2022-09-02,276215473485.66815,381930973907.479,412514388484.4411,45320431875.60155
2022-09-03,136347653186.87366,2022-09-03,276112131687.48505,379599949997.3022,412459784874.3587,45338927162.848305
2022-09-04,136397027543.23602,2022-09-04,276116112388.41223,382873814504.13525,412513139931.64825,45359928146.086784
2022-09-05,136445592874.75552,2022-09-05,275966571135.94977,378932293151.5864,412412164010.70526,45379137582.82864
2022-09-06,136490292165.96648,2022-09-06,275437097006.1346,359718552473.58795,411927389172.1011,45396832793.386086
2022-09-07,136536901299.68877,2022-09-07,275132318842.28107,369349524242.47394,411669220141.96985,45414373895.482635
2022-09-08,136583603346.74487,2022-09-08,274879926314.05237,369907030439.06635,411463529660.7973,45429950284.154106
2022-09-09,136638128998.95192,2022-09-09,275055773875.43445,409102813077.55383,411693902874.3863,45449389277.6306
2022-09-10,136693733837.73473,2022-09-10,275043568743.6153,414606718074.0856,411737302581.3501,45470651778.29352
2022-09-11,136750004960.9016,2022-09-11,274941885102.88153,418049349672.14667,411691890063.78314,45495587304.299576
2022-09-12,136808440117.50069,2022-09-12,274968616353.0539,428984223112.9444,411777056470.55457,45517052213.959496
2022-09-13,136858327417.01822,2022-09-13,273896780314.5556,386344712304.2293,410755107731.57385,45535898362.328705
2022-09-14,136908402805.70029,2022-09-14,273381339110.91583,387385496993.39966,410289741916.61615,45552285598.19709
2022-09-15,136956451579.32169,2022-09-15,272841705300.5281,377344466007.2063,409798156879.8498,45570984828.26096
2022-09-16,137004869046.27782,2022-09-16,272643015383.01144,379285873694.7761,409647884429.2893,45587145643.96406
2022-09-17,137054464456.8034,2022-09-17,272547513643.0855,385279494137.237,409601978099.8889,45608682082.74922
2022-09-18,137101371916.24055,2022-09-18,272404744199.42133,371920113858.8162,409506116115.66187,45628034767.21604
2022-09-19,137148738512.7378,2022-09-19,271969169810.98672,374313287174.4123,409117908323.72455,45643703025.79292
2022-09-20,137193546593.9272,2022-09-20,271616000177.29175,361592417190.3263,408809546771.21893,45662218736.36464
2022-09-21,137236753321.06624,2022-09-21,271327031899.1967,353659249560.62714,408563785220.26294,45679233653.95226
2022-09-22,137283543473.64047,2022-09-22,271172451121.62927,371702207870.5517,408455994595.2698,45694646782.30947
2022-09-23,137329889280.90823,2022-09-23,270995069599.17673,369568729499.6133,408324958880.08496,45711029132.9491
2022-09-24,137374811775.98994,2022-09-24,270916636257.63895,362526357125.5474,408291448033.6289,45728645017.88036
2022-09-25,137419290072.8575,2022-09-25,270790304585.82663,360388992269.88104,408209594658.68414,45746283990.19748
2022-09-26,137465380628.8158,2022-09-26,270679878167.2279,368563428203.63,408145258796.0437,45764401948.57601
2022-09-27,137510869373.7608,2022-09-27,270471592609.13156,365636925273.0093,407982461982.89233,45780620065.37165
2022-09-28,137557604854.70932,2022-09-28,270099794507.26035,371982777292.4793,407657399361.96967,45798822144.95182
2022-09-29,137605026666.8721,2022-09-29,269899972152.2619,375520258287.577,407504998819.134,45816449946.31885
2022-09-30,137651776689.52014,2022-09-30,269622730311.8231,372243390337.4398,407274507001.34326,45837401243.760284
2022-10-01,137698092612.09418,2022-10-01,269525766655.01376,370157708011.16473,407223859267.108,45859497713.96993
2022-10-02,137743417674.69952,2022-10-02,269423650428.41724,365275231953.5289,407167068103.1168,45878538987.21658
2022-10-03,137790920904.05576,2022-10-03,269306537604.35724,376304635501.5908,407097458508.41296,45897366230.9736
2022-10-04,137841122583.80344,2022-10-04,269216501161.5691,389953958276.7127,407057623745.37256,45917870961.149734
2022-10-05,137890618288.2061,2022-10-05,269078301215.6824,386507541502.6667,406968919503.8885,45940070363.23648
2022-10-06,137939347207.9268,2022-10-06,268949993736.28073,382753439884.77216,406889340944.2075,45960299052.63022
2022-10-07,137986407864.04117,2022-10-07,268827389306.33,374466204838.80994,406813797170.3711,45981615317.1307
2022-10-08,138033026699.77283,2022-10-08,268537681662.11383,372339295087.1,406570708361.8867,46003062646.61086
2022-10-09,138079717636.54648,2022-10-09,268473621903.40152,372795056797.71545,406553339539.948,46022373727.42456
2022-10-10,138125211752.9761,2022-10-10,268270486132.7018,366869629161.0745,406395697885.6779,46042811452.43389
2022-10-11,138170410071.59268,2022-10-11,268081703092.0313,365472754394.359,406252113163.624,46061694174.02105
2022-10-12,138215965238.23773,2022-10-12,267602469757.8319,367358453462.9197,405818434996.0696,46078242957.446495
2022-10-13,138262346460.1963,2022-10-13,267432081571.16693,371606274133.64886,405694428031.3632,46095574223.919334
2022-10-14,138307959948.98605,2022-10-14,267318528445.41724,367835035539.1047,405626488394.4033,46114909518.974945
2022-10-15,138353144402.7881,2022-10-15,267228592315.56708,365766500388.3754,405581736718.3552,46133267188.3179
2022-10-16,138399051875.42432,2022-10-16,267136229959.74335,369497269126.1822,405535281835.16766,46150668583.83075
2022-10-17,138446036914.38992,2022-10-17,266745353869.52347,375015708106.2819,405191390783.9134,46169113867.914474
2022-10-18,138492171641.91153,2022-10-18,266964310531.82983,370826659440.74384,405456482173.7414,46186720304.61916
2022-10-19,138537498336.66663,2022-10-19,266725888275.11865,366848059818.0971,405263386611.7853,46205170393.47516
2022-10-20,138582526430.75262,2022-10-20,266566415312.20428,365434064435.9599,405148941742.9569,46222752453.13732
2022-10-21,138627991402.45676,2022-10-21,266431074119.24957,367725983819.5722,405059065521.7063,46241560636.90696
2022-10-22,138673600875.13065,2022-10-22,266141464466.7924,368545343151.48737,404815065341.92303,46258038005.78257
2022-10-23,138720606908.46545,2022-10-23,266081286558.6834,375678020949.3096,404801893467.14886,46276845166.434296
2022-10-24,138766650163.75958,2022-10-24,265983213519.7015,370916743356.71735,404749863683.4611,46293527179.43328
2022-10-25,138815548615.9778,2022-10-25,266046157441.7216,385410443152.47906,404861706057.6994,46308780520.72409
2022-10-26,138867091617.4419,2022-10-26,266192293202.99628,398849991002.30945,405059384820.4382,46329177298.447334
2022-10-27,138916765300.45288,2022-10-27,266184884215.83972,389520496090.9013,405101649516.2926,46346944023.00886
2022-10-28,138967562092.6195,2022-10-28,266086182558.5071,395288175365.3812,405053744651.1266,46367600525.05936
2022-10-29,139019189378.27145,2022-10-29,266071646138.0407,399582100063.72174,405090835516.3122,46386479894.34678
2022-10-30,139070086676.4548,2022-10-30,265945149504.37555,395999647906.0318,405015236180.8304,46404227894.486145
2022-10-31,139120466327.2773,2022-10-31,265807752830.83337,393487323330.0784,404928219158.11066,46426715259.57469
2022-11-01,139170753474.31735,2022-11-01,265664958118.8345,393120846026.4554,404835711593.15186,46445484554.95094
2022-11-02,139219828978.00705,2022-11-02,265533942955.5594,387100198114.6643,404753771933.5664,46461390662.074905
2022-11-03,139269052565.05716,2022-11-03,265440001927.4396,387946614342.1889,404709054492.4968,46482541253.95421
2022-11-04,139321834023.912,2022-11-04,265891004669.68237,406026545617.3923,405212838693.5944,46499645363.18958
2022-11-05,139375180137.70062,2022-11-05,265884426027.9541,408986439225.4971,405259606165.6547,46520116292.982025
2022-11-06,139427020610.6157,2022-11-06,265688611221.2594,401480611196.3238,405115631831.87506,46538580571.637085
2022-11-07,139477633664.05438,2022-11-07,264600993831.12225,395377231850.0078,404078627495.17664,46557617586.47223
2022-11-08,139520532960.08228,2022-11-08,263926424441.42004,356462272973.10016,403446957401.5023,46577946203.25428
2022-11-09,139553223138.05435,2022-11-09,261951121044.10065,304900143320.89026,401504344182.155,46594675655.92534
2022-11-10,139592627992.38358,2022-11-10,261161904216.40488,338941786043.8749,400754532208.78845,46610763729.66165
2022-11-11,139629760249.44623,2022-11-11,260471276881.9662,327518980986.4658,400101037131.4124,46625474766.68461
2022-11-12,139666059997.63834,2022-11-12,259473382435.63104,323379085597.9939,399139442433.26935,46643338846.080185
2022-11-13,139700466595.36063,2022-11-13,259190074833.7767,313866664265.4972,398890541429.1373,46657029865.758125
2022-11-14,139735969324.9975,2022-11-14,258492115907.94843,319486289476.5248,398228085232.9459,46670021262.69534
2022-11-15,139772482985.2851,2022-11-15,257753247172.3987,324677658681.65314,397525730157.6838,46686930534.12233
2022-11-16,139808115981.49533,2022-11-16,256830962956.05103,320289241786.33057,396639078937.5463,46703168599.01873
2022-11-17,139843832152.34332,2022-11-17,255163057527.81995,320781953668.33044,395006889680.16327,46718061353.29278
2022-11-18,139879601301.7201,2022-11-18,250839282182.7863,321121881193.8234,390718883484.50635,46733335828.02173
2022-11-19,139915373875.90784,2022-11-19,250594318563.00403,321210779859.3274,390509692438.91187,46749077665.13563
2022-11-20,139949505503.83337,2022-11-20,250309700660.719,312962727458.38043,390259206164.5524,46764848594.99683
2022-11-21,139981743793.02277,2022-11-21,249598439279.5889,303429869983.2037,389580183072.6116,46778176971.4306
2022-11-22,140015636371.2066,2022-11-22,249023787758.14447,311884900341.52625,389039424129.3511,46791155182.5355
2022-11-23,140050990057.4217,2022-11-23,249189763639.19275,319364886540.3956,389240753696.6144,46806144828.45116
2022-11-24,140086295787.36908,2022-11-24,248935076450.2332,319192263810.3813,389021372237.6023,46819990451.33358
2022-11-25,140121280795.42554,2022-11-25,248665338027.211,317635211673.95123,388786618822.63654,46833120006.68958
2022-11-26,140156046796.19165,2022-11-26,248404030429.9444,316593500684.1511,388560077226.1361,46844795299.16354
2022-11-27,140190651021.5877,2022-11-27,248293040891.9653,315841699132.02563,388483691913.553,46859149822.19033
2022-11-28,140224422397.8059,2022-11-28,247740884597.77136,311681699457.6292,387965306995.5773,46873601326.16441
2022-11-29,140259044560.03314,2022-11-29,247554169322.37372,316070384349.83795,387813213882.40686,46887415283.69875
2022-11-30,140296351080.31055,2022-11-30,247322334041.27567,329776167569.2352,387618685121.5862,46902452141.195984
2022-12-01,140332961887.8106,2022-12-01,247144703397.7829,326315863988.1388,387477665285.5935,46919273222.79797
2022-12-02,140370001796.4217,2022-12-02,246861482927.30917,328569777449.47095,387231484723.7309,46933010809.167435
2022-12-03,140406214593.27756,2022-12-03,246744330288.5482,324439648214.7616,387150544881.82574,46947297931.839035
2022-12-04,140443278871.19336,2022-12-04,246518779121.9726,328841003517.1315,386962057993.1659,46962478565.537315
2022-12-05,140479808389.5159,2022-12-05,245439939460.33212,326195879541.3122,385919747849.848,46978492944.084206
2022-12-06,140516783984.99817,2022-12-06,245068655812.9568,328537687012.41644,385585439797.95496,46993219276.29692
2022-12-07,140552793302.4948,2022-12-07,244968708008.56067,323696182090.3827,385521501311.0555,47011677574.29694
2022-12-08,140590245670.8196,2022-12-08,244759976957.46616,331110443339.10394,385350222628.28577,47029608552.13872
2022-12-09,140627336153.39636,2022-12-09,244415692677.60712,329343711503.82416,385043028831.0035,47046174619.39653
2022-12-10,140664412418.72726,2022-12-10,244388055637.41708,329345526687.6579,385052468056.14435,47062901239.27767
2022-12-11,140701320559.7629,2022-12-11,244243885260.40244,328563758431.3116,384945205820.16534,47078799715.82833
2022-12-12,140738662058.37845,2022-12-12,244119232628.96808,330844231510.11633,384857894687.34656,47094210087.32299
2022-12-13,140778151102.42038,2022-12-13,243888952656.8166,341856363363.9392,384667103759.237,47112503996.82581
2022-12-14,140817723982.03375,2022-12-14,243574259759.20023,342362399852.8421,384391983741.23395,47129292070.06325
2022-12-15,140855612242.77167,2022-12-15,243432179359.8992,333858412441.7853,384287791602.6709,47144904379.25841
2022-12-16,140890738428.4333,2022-12-16,243225092879.57288,319858654374.3585,384115831308.00616,47159110061.92015
2022-12-17,140926427001.06348,2022-12-17,243044284908.77164,322795393124.4458,383970711909.83514,47173805342.36949
2022-12-18,140961942623.34244,2022-12-18,242953486439.4643,321985069379.17706,383915429062.8067,47189166641.29268
2022-12-19,140996322630.31445,2022-12-19,242400823034.98535,316265598173.7333,383397145665.2998,47203644848.52263
2022-12-20,141032424291.94598,2022-12-20,242277844722.80704,325114796951.03033,383310269014.753,47218637479.86724
2022-12-21,141068231250.02982,2022-12-21,241976753715.06137,323683717477.5791,383044984965.0912,47233954190.49938
2022-12-22,141104024864.9074,2022-12-22,241813064392.76013,323687254355.5883,382917089257.66754,47248387060.82659
2022-12-23,141139639129.86172,2022-12-23,241632255100.34775,322843618926.80194,382771894230.2095,47262561208.66429
2022-12-24,141175455205.9905,2022-12-24,241525547010.84583,323944891691.13727,382701002216.8363,47272219029.30249
2022-12-25,141211254849.44507,2022-12-25,241296924288.63657,323932635041.5206,382508179138.0816,47287273882.18156
2022-12-26,141247366393.27423,2022-12-26,241223816319.53983,325596797641.1606,382471182712.8141,47301154492.132416
2022-12-27,141282675010.17432,2022-12-27,241008331119.8879,321568472901.9817,382291006130.06226,47313629375.05781
2022-12-28,141317378920.1022,2022-12-28,240463348552.8909,318550246921.84155,381780727472.9931,47331445279.82074
2022-12-29,141352389005.57132,2022-12-29,240057942266.38165,320183905581.778,381410331271.95294,47346411087.57409
2022-12-30,141387302763.0159,2022-12-30,239890374565.92712,319761689547.4128,381277677328.943,47363115816.37369
2022-12-31,141421907840.23935,2022-12-31,239071648974.77313,318253852452.0641,380493556815.0125,47379473003.590294
2023-01-01,141456823996.8992,2023-01-01,238988773973.20715,319913300685.4225,380445597970.1064,47395629067.61475
2023-01-02,141491966808.08997,2023-01-02,238939175061.26147,321142017615.3251,380431141869.35144,47412055577.728935
2023-01-03,141527088929.8552,2023-01-03,238749639698.37396,321106497515.4519,380276728628.2292,47428338095.95853
2023-01-04,141562852379.0793,2023-01-04,238510937170.0631,324457131711.23505,380073789549.14246,47443628232.68263
2023-01-05,141598553328.5557,2023-01-05,238356273824.35507,324208909900.2473,379954827152.9108,47460384122.75473
2023-01-06,141634683857.47595,2023-01-06,238115292506.5262,326478469813.5096,379749976364.0022,47479540715.20034
2023-01-07,141670753824.5864,2023-01-07,238006718281.5529,326240775528.73895,379677472106.1393,47495984981.936195
2023-01-08,141707527423.34677,2023-01-08,237945616041.0937,329914805878.88043,379653143464.4404,47512305864.98864
2023-01-09,141744491918.23904,2023-01-09,237904387341.90805,330965741271.80145,379648879260.1471,47528867305.75262
2023-01-10,141782417365.52536,2023-01-10,237678609799.3876,335960707471.39624,379461027164.91296,47547326275.2539
2023-01-11,141822228586.95013,2023-01-11,237338615453.21655,345695493503.2378,379160844040.1667,47563579906.07605
2023-01-12,141865412748.25372,2023-01-12,237473460924.3951,363054686945.2018,379338873672.64886,47581221678.9487
2023-01-13,141912658972.42606,2023-01-13,237644141612.91245,383955065407.31665,379556800585.3385,47600541637.08808
2023-01-14,141963738207.40317,2023-01-14,237883463481.93405,403693738230.16473,379847201689.3372,47623085093.97809
2023-01-15,142014496748.29233,2023-01-15,237916182607.6021,402152018805.17035,379930679355.8944,47644438738.73511
2023-01-16,142066414497.04266,2023-01-16,238057901081.6766,408196794591.2591,380124315578.7192,47663988210.486916
2023-01-17,142118148277.96722,2023-01-17,238272059551.33185,407357243078.295,380390207829.2991,47684929685.77001
2023-01-18,142168155906.52066,2023-01-18,238245939872.799,398607275128.5472,380414095779.3197,47703773259.40272
2023-01-19,142219618448.67377,2023-01-19,238094424776.06335,406170997151.8589,380314043224.7371,47723006873.67093
2023-01-20,142277069583.60352,2023-01-20,238229591271.35916,437001391773.2696,380506660854.9627,47741015961.669556
2023-01-21,142334876494.95145,2023-01-21,238446034671.35745,438942138621.1798,380780911166.3089,47761155539.627075
2023-01-22,142392405920.1134,2023-01-22,238545124556.04263,437633415851.34344,380937530476.15607,47782995214.83426
2023-01-23,142450682390.33963,2023-01-23,238603908685.7004,441583804061.4512,381054591076.04,47805886345.24675
2023-01-24,142507866030.3616,2023-01-24,238682080830.8543,436088673903.152,381189946861.2159,47824782448.38118
2023-01-25,142566662129.2066,2023-01-25,238754780425.3074,444484629698.35504,381321442554.5141,47849903898.28996
2023-01-26,142625222145.1054,2023-01-26,238546352339.36984,443389463801.398,381171574484.4753,47872532145.32692
2023-01-27,142683965832.66754,2023-01-27,238283974845.90524,444450288839.32086,380967940678.5728,47894983865.18602
2023-01-28,142742554859.4071,2023-01-28,238310461656.5883,443772974247.2127,381053016515.99536,47919426269.21673
2023-01-29,142803815532.6903,2023-01-29,238388088849.25217,457622415535.08954,381191904381.9424,47943231527.73069
2023-01-30,142861631853.52032,2023-01-30,238429131960.53015,440037520919.8244,381290763814.0505,47963567343.56466
2023-01-31,142920551940.6343,2023-01-31,238502404114.7593,445828719793.62665,381422956055.3936,47980512414.75475
2023-02-01,142981692663.35632,2023-02-01,238827619738.75272,457367288899.9268,381809312402.109,48000874305.53604
2023-02-02,143041914102.38806,2023-02-02,238956717501.4351,452760775042.728,381998631603.8232,48022975430.479774
2023-02-03,143101896319.34946,2023-02-03,239016605257.55588,451650420368.74536,382118501576.90533,48043055157.911674
2023-02-04,143161471314.63742,2023-02-04,239117925575.33844,449674822071.2495,382279396889.9759,48063411489.89026
2023-02-05,143219591481.74365,2023-02-05,239085150088.3207,442305971410.35925,382304741570.06433,48085797418.03961
2023-02-06,143277015251.16577,2023-02-06,239084909086.9041,438837156466.8222,382361924338.0699,48107409654.262535
2023-02-07,143336218386.21783,2023-02-07,239079032703.71896,448113957634.2424,382415251089.9368,48128333296.15977
2023-02-08,143394333880.3855,2023-02-08,239109661444.99295,442631013349.72253,382503995325.3785,48148669699.36795
2023-02-09,143448081769.3398,2023-02-09,239062119040.9972,420249709883.922,382510200810.33704,48171971636.91864
2023-02-10,143501196258.41815,2023-02-10,238866077719.30017,417093929500.9529,382367273977.7183,48192545025.688
2023-02-11,143555137008.15854,2023-02-11,238806965298.52075,421457879670.691,382362102306.6793,48213092557.06895
2023-02-12,143608796609.3263,2023-02-12,238751672436.7582,420116721426.76935,382360469046.08453,48235643137.845695
2023-02-13,143662383199.86743,2023-02-13,238643897188.84412,419847670848.8189,382306280388.71155,48257301534.288734
2023-02-14,143717587085.31012,2023-02-14,238603593050.63815,428293616542.50665,382321180135.9483,48278944533.81684
2023-02-15,143780729877.64722,2023-02-15,238724053043.36972,469344967167.657,382504782921.0169,48302891449.56392
2023-02-16,143840868195.70587,2023-02-16,239061113008.66177,453974174424.1638,382901981204.3676,48331177471.052895
2023-02-17,143904899429.59088,2023-02-17,239108525912.83987,474178003808.45966,383013425342.4307,48356623711.12931
2023-02-18,143969072527.98413,2023-02-18,239146956130.5434,475038087138.76575,383116028658.5275,48382959370.02913
2023-02-19,144031864119.2097,2023-02-19,239172951713.98828,468036474843.1493,383204815833.198,48408293424.41641
2023-02-20,144096732810.41122,2023-02-20,239225131270.93695,478884048101.471,383321864081.34814,48431384854.29535
2023-02-21,144160221025.48047,2023-02-21,239253110734.38577,471886387212.9847,383413331759.8662,48457586954.1079
2023-02-22,144222668867.54007,2023-02-22,239112690816.65637,466640877421.2313,383335359684.1964,48479046731.84547
2023-02-23,144284193299.8638,2023-02-23,239171757480.81256,461996361819.5253,383455950780.67633,48505296374.77825
2023-02-24,144342866546.79132,2023-02-24,239084659997.32617,447390186927.49005,383427526544.1175,48525684231.859665
2023-02-25,144401424603.4551,2023-02-25,238959041547.91937,446912345328.64874,383360466151.37445,48541467954.75177
2023-02-26,144461464713.94614,2023-02-26,238943985617.5164,454688715621.01654,383405450331.4625,48566241156.00007
2023-02-27,144521243127.9345,2023-02-27,238973865989.13968,453456086619.8265,383495109117.07416,48587292336.49473
2023-02-28,144579677244.61548,2023-02-28,238602771604.3496,446625626368.5748,383182448848.9651,48607916253.05096
2023-03-01,144639911144.59497,2023-03-01,238397300987.3384,456049174038.63513,383037212131.9334,48633596173.76282
2023-03-02,144699537039.05795,2023-03-02,238307040965.49295,453025037307.1574,383006578004.5509,48655244736.32724
2023-03-03,144755036104.89606,2023-03-03,238123580833.33453,431796204619.5577,382878616938.2306,48679418862.40582
2023-03-04,144810447814.3741,2023-03-04,238051206507.31955,431455220944.3848,382861654321.69366,48701078874.195724
2023-03-05,144866156372.43552,2023-03-05,237787073352.60193,433102235782.0577,382653229725.0375,48723193827.93505
2023-03-06,144921782810.96725,2023-03-06,237658404216.42325,432788602212.714,382580187027.3905,48742224200.06445
2023-03-07,144976592553.93918,2023-03-07,236335099237.2396,428671822176.6399,381311691791.1788,48765825899.849304
2023-03-08,145029542606.593,2023-03-08,236198522227.38452,419151965195.3653,381228064833.97754,48784737940.92161
2023-03-09,145077446099.7808,2023-03-09,235945894338.0306,393121733826.25793,381023340437.8114,48803754645.19224
2023-03-10,145124367057.04922,2023-03-10,235514946860.3393,388128004750.1654,380639313917.3885,48821613802.128624
2023-03-11,145172089455.3822,2023-03-11,235392894560.1605,392374112820.2698,380564984015.54266,48843019160.97887
2023-03-12,145225531392.18732,2023-03-12,235336977790.45648,422108205979.4752,380562509182.6438,48864174294.70347
2023-03-13,145287233369.253,2023-03-13,235807801935.1943,465026878523.6015,381095035304.4473,48887260818.50716
2023-03-14,145350925614.64142,2023-03-14,236370367777.46976,475467833462.8448,381721293392.1112,48910859599.30734
2023-03-15,145413094954.59152,2023-03-15,236558087449.6371,467698953255.8632,381971182404.2286,48934266053.14519
2023-03-16,145478033765.1636,2023-03-16,236707063633.08325,482185766581.468,382185097398.2469,48955738682.54985
2023-03-17,145551862731.45663,2023-03-17,237533281028.14304,528428881927.11536,383085143759.5997,48981044281.91131
2023-03-18,145623831129.79764,2023-03-18,237736539646.0382,518923913324.54706,383360370775.8358,49009673622.73888
2023-03-19,145699644615.54688,2023-03-19,237928838828.79144,539020008682.6381,383628483444.3383,49035843238.867874
2023-03-20,145774550050.15085,2023-03-20,238280118034.97192,534458850210.2037,384054668085.1228,49063469660.91144
2023-03-21,145850954348.9042,2023-03-21,238603906267.39737,542389264878.7201,384454860616.3016,49089591543.04758
2023-03-22,145924378126.26205,2023-03-22,238830019621.5064,527067206390.8388,384754397747.7684,49118425276.86847
2023-03-23,146001440212.6429,2023-03-23,239297050886.5393,546107792702.1161,385298491099.1822,49151306686.83416
2023-03-24,146075317252.62628,2023-03-24,239429347659.47284,529718785886.2829,385504664912.0991,49180829667.414764
2023-03-25,146149291719.59308,2023-03-25,239411303081.39594,530372673145.07794,385560594800.989,49206589235.55909
2023-03-26,146225186421.41965,2023-03-26,239509720891.2491,540498162410.40967,385734907312.6688,49232130900.18064
2023-03-27,146297902493.15176,2023-03-27,240010541464.3701,524130611213.3647,386308443957.52185,49258265432.40322
2023-03-28,146371099335.17776,2023-03-28,240050888519.65408,526775087344.22906,386421987854.83185,49281640859.99299
2023-03-29,146448346532.70206,2023-03-29,240321880872.88477,547979279264.02515,386770227405.58685,49308254372.05731
2023-03-30,146524378750.16782,2023-03-30,234470619234.80844,541815877354.6583,380994997984.97626,49336507393.78327
2023-03-31,146602017375.10486,2023-03-31,234755395540.30325,550322867047.7218,381357412915.40814,49362265362.20034
2023-04-01,146679573460.4048,2023-04-01,234872017774.4857,550048773105.2579,381551591234.8904,49388038201.60128
2023-04-02,146756049215.96365,2023-04-02,234871347796.2752,544582929633.1419,381627397012.2388,49415055818.04098
2023-04-03,146831127468.31833,2023-04-03,234938414136.35944,537463274469.7468,381769541604.67773,49438742490.00719
2023-04-04,146907597956.01697,2023-04-04,234997403122.98465,544860015939.69586,381905001079.0016,49468113296.093506
2023-04-05,146983988367.03485,2023-04-05,235286054791.92752,544596077715.1254,382270043158.96234,49493640919.339966
2023-04-06,147059889270.28787,2023-04-06,235259012754.6356,542199991605.5307,382318902024.92346,49522561112.78523
2023-04-07,147135390134.7969,2023-04-07,235123440612.44904,540268391633.29865,382258830747.2459,49548107717.61149
2023-04-08,147210918486.72916,2023-04-08,235109336336.82663,540562575349.93555,382320254823.5558,49574435082.72478
2023-04-09,147287768688.84943,2023-04-09,235093112578.3192,547600471533.3042,382380881267.16864,49600447236.32229
2023-04-10,147369532223.41235,2023-04-10,235264639597.2381,573357547296.2482,382634171820.65045,49623017347.22056
2023-04-11,147453384063.4438,2023-04-11,235909119388.4589,584405322467.374,383362503451.90265,49652927059.64774
2023-04-12,147535968181.20184,2023-04-12,235974185918.45435,577964389936.0887,383510154099.6562,49683667497.900826
2023-04-13,147620332818.79208,2023-04-13,236236279947.14832,587413188576.801,383856612765.9404,49711278470.59846
2023-04-14,147705014475.25616,2023-04-14,236597269930.08865,589235171278.9581,384302284405.3448,49738888614.59731
2023-04-15,147789053375.76212,2023-04-15,236601880532.8779,586051919514.2621,384390933908.64,49769527361.13286
2023-04-16,147873145013.47034,2023-04-16,236620002674.1032,586495127299.5444,384493147687.57355,49793504823.9285
2023-04-17,147953884925.04904,2023-04-17,236581083747.2089,569174003631.2279,384534968672.25793,49822909033.522095
2023-04-18,148038140162.35458,2023-04-18,236798314675.28094,587681968422.6536,384836454837.6355,49854556301.51988
2023-04-19,148116492262.07693,2023-04-19,237004895198.38232,557036100712.9146,385121387460.4592,49880878808.395065
2023-04-20,148192813116.3633,2023-04-20,236920375748.05276,546587672491.3375,385113188864.4161,49905346363.46006
2023-04-21,148265443552.91473,2023-04-21,236921561862.74625,527468952787.8343,385187005415.66095,49931335718.01735
2023-04-22,148340097346.46912,2023-04-22,236846627153.75433,538182207287.46454,385186724500.22345,49957306737.90214
2023-04-23,148413897258.73868,2023-04-23,236873946828.0998,533870839042.6675,385287844086.8384,49983020302.369934
2023-04-24,148487347962.8175,2023-04-24,236782525524.3059,532193826070.6294,385269873487.1234,50007799873.48439
2023-04-25,148563750331.744,2023-04-25,236707445858.67636,547766127972.5813,385271196190.42035,50030057153.71593
2023-04-26,148640540464.60718,2023-04-26,236939755436.02573,549945774807.7063,385580295900.63293,50054426005.22138
2023-04-27,148721233249.677,2023-04-27,237023757375.909,570502420809.6669,385744990625.586,50079308402.10034
2023-04-28,148801278439.36624,2023-04-28,237163414631.9291,567277530134.6427,385964693071.29535,50107601512.992424
2023-04-29,148880984010.38623,2023-04-29,237254637288.77423,565661414873.894,386135621299.1605,50133926910.03657
2023-04-30,148960619233.12704,2023-04-30,237239043436.37885,565452834167.5385,386199662669.50586,50162462592.393906
2023-05-01,149035952972.2026,2023-05-01,237122522337.5037,543106742076.5663,386158475309.7063,50196786687.49626
2023-05-02,149113368476.99826,2023-05-02,237136822063.74155,554151289567.8843,386250190540.7398,50222850990.70711
2023-05-03,149192190173.79642,2023-05-03,237670540231.779,561666129518.5824,386862730405.57544,50251543063.1359
2023-05-04,149270366821.7299,2023-05-04,237680261004.01883,558446942105.425,386950627825.7487,50281285101.85878
2023-05-05,149350833132.49405,2023-05-05,237746833175.0166,570591969982.8503,387097666307.5106,50307010516.05904
2023-05-06,149428218483.22336,2023-05-06,237718363009.47336,554617914901.9988,387146581492.6967,50339452834.64089
2023-05-07,149504261658.76688,2023-05-07,239660142831.2057,547742371980.12354,389164404489.9726,50376184977.626144
2023-05-08,149577908753.77158,2023-05-08,239730293371.87064,535341392388.28735,389308202125.6422,50417798598.926155
2023-05-09,149651368216.48114,2023-05-09,239588018357.0457,534505493352.0213,389239386573.52686,50455967252.75547
2023-05-10,149724556050.53442,2023-05-10,239540812196.60333,533228806489.6644,389265368247.13776,50494899651.60862
2023-05-11,149795657589.63504,2023-05-11,239402183825.95703,522438824016.0636,389197841415.5921,50525933889.53837
2023-05-12,149866035991.73575,2023-05-12,239306813690.18613,518789619803.5321,389172849681.9219,50553833137.220314
2023-05-13,149936340244.41696,2023-05-13,239257640118.0695,518541537051.9759,389193980362.48645,50581057342.06985
2023-05-14,150007173362.8246,2023-05-14,239252200257.29544,521456046292.452,389259373620.12,50612661926.23626
2023-05-15,150078884684.74026,2023-05-15,239642576498.1722,526204768132.53,389721461182.9125,50640235815.14058
2023-05-16,150150101879.1147,2023-05-16,239711919783.45068,523755503567.28827,389862021662.56537,50669177647.84673
2023-05-17,150222700686.3244,2023-05-17,239677021621.4504,531148642115.67706,389899722307.7748,50698700871.21303
2023-05-18,150293112182.37573,2023-05-18,239597627077.18445,519812643459.8315,389890739259.5602,50725535980.39598
2023-05-19,150363710174.63452,2023-05-19,239474658370.92075,520932571541.0322,389838368545.5552,50753666917.945206
2023-05-20,150435072307.58847,2023-05-20,239444733890.53537,525086270315.7,389879806198.12384,50778210161.61469
2023-05-21,150505083881.2256,2023-05-21,239411971216.4054,518135857049.866,389917055097.631,50805602046.83559
2023-05-22,150575485777.9109,2023-05-22,239879801093.27252,520326247169.0657,390455286871.1834,50831647067.04475
2023-05-23,150647252289.2625,2023-05-23,239918245630.88315,527636736419.3916,390565497920.1457,50859759509.17518
2023-05-24,150715684788.12073,2023-05-24,239800147915.74847,510260033789.07385,390515832703.8692,50884931013.08289
2023-05-25,150784627531.29944,2023-05-25,239956117274.39032,513078742935.5264,390740744805.68976,50912175967.73578
2023-05-26,150854431954.75043,2023-05-26,239928341486.15356,517746481613.1698,390782773440.904,50940182840.33965
2023-05-27,150924802830.58014,2023-05-27,239882082013.0008,520864497067.24713,390806884843.58093,50966057598.67041
2023-05-28,150999603064.86703,2023-05-28,239944574379.38068,544299234945.47986,390944177444.24774,50995084717.99217
2023-05-29,151073140570.348,2023-05-29,240027560103.61453,537806881894.70807,391100700673.9625,51025275612.614365
2023-05-30,151146505730.78595,2023-05-30,240141674795.2369,537047249634.4364,391288180526.0229,51054239222.4796
2023-05-31,151218075117.13995,2023-05-31,240088871601.41696,527744616725.4683,391306946718.5569,51080062534.32878
2023-06-01,151288140721.0096,2023-06-01,240099083493.07492,519973348283.2338,391387224214.08453,51104145609.772835
2023-06-02,151359788959.40103,2023-06-02,240115749169.6401,528444467613.3208,391475538129.04114,51133887920.16075
2023-06-03,151430773508.15927,2023-06-03,240058914544.43115,525093438171.53326,391489688052.5904,51156970992.09872
2023-06-04,151501924416.9044,2023-06-04,240016843633.08524,526111458960.0165,391518768049.9896,51183329088.84193
2023-06-05,151567924936.71262,2023-06-05,239861081974.59363,499126662246.84534,391429006911.3062,51207663815.642715
2023-06-06,151639468690.11078,2023-06-06,239814185706.69135,528460417838.20166,391453654396.8021,51234370808.81886
2023-06-07,151709271431.96838,2023-06-07,239797531246.3151,519430115537.9207,391506802678.2835,51259472409.68094
2023-06-08,151778095703.2564,2023-06-08,239759832336.90985,514413181119.7434,391537928040.16626,51286779354.81249
2023-06-09,151846736407.86404,2023-06-09,239724488250.18835,513583249690.1101,391571224658.0524,51316728392.18272
2023-06-10,151913110385.77084,2023-06-10,239546755496.19315,501770347932.4885,391459865881.964,51342873312.92028
2023-06-11,151979767981.42184,2023-06-11,239486994997.2061,503398612253.54065,391466762978.6279,51370082041.39998
2023-06-12,152046650204.76212,2023-06-12,239372800442.58063,504716613878.0596,391419450647.3428,51396555296.96788
2023-06-13,152113267629.34018,2023-06-13,239301916798.47552,503453564853.96295,391415184427.8157,51421388447.239395
2023-06-14,152176942815.01736,2023-06-14,239270116119.0842,488063547262.2595,391447058934.1016,51441932361.64612
2023-06-15,152242164154.3155,2023-06-15,239060984662.4272,496349950291.14777,391303148816.7427,51466185335.28732
2023-06-16,152310125418.46356,2023-06-16,239032941058.06393,510941716327.9507,391343066476.5275,51491975853.2038
2023-06-17,152378728662.80347,2023-06-17,239008758930.5561,514466652288.7836,391387487593.3595,51516206841.21875
2023-06-18,152446687433.43866,2023-06-18,239095810454.1571,511201037616.67255,391542497887.59576,51542043590.19104
2023-06-19,152516477305.7621,2023-06-19,238803230037.43185,521007003173.3284,391319707343.1939,51566409782.90473
2023-06-20,152591628567.8593,2023-06-20,238746674295.34317,549465443703.3456,391338302863.2025,51590563491.69558
2023-06-21,152672976777.44794,2023-06-21,239222837001.87357,582354219824.6064,391895813779.3215,51613812205.17584
2023-06-22,152754358291.08206,2023-06-22,239573123139.43213,582692894820.1237,392327481430.51416,51641124327.46486
2023-06-23,152838362784.66547,2023-06-23,239896587842.33017,596718106879.3241,392734950626.9956,51666018160.149475
2023-06-24,152921612306.73663,2023-06-24,240079466105.9608,592895336452.8693,393001078412.69745,51694988287.51805
2023-06-25,153006969389.6944,2023-06-25,240167350500.60892,604204509904.5227,393174319890.30334,51725210685.68604
2023-06-26,153089161661.09924,2023-06-26,240346148609.4191,587639700578.4246,393435310270.5183,51753851835.41417
2023-06-27,153173169525.7909,2023-06-27,240716758092.85297,597406758015.2286,393889927618.6438,51781582990.50398
2023-06-28,153256673002.10614,2023-06-28,241022072786.3921,594906559233.4609,394278745788.4982,51802975443.52611
2023-06-29,153339650480.93103,2023-06-29,240984950504.10123,592290513464.6547,394324600985.0323,51831931979.145935
2023-06-30,153422962858.11768,2023-06-30,241284143047.64648,594228750552.6512,394707105905.76416,51863230569.084206
2023-07-01,153506491931.4649,2023-07-01,241787383924.05905,595542348085.0775,395293875855.524,51889495748.19036
2023-07-02,153593216259.53052,2023-07-02,241818043315.05136,612625084710.787,395411259574.5819,51922962078.45162
2023-07-03,153679855120.03625,2023-07-03,241941387486.4625,612345982637.4155,395621242606.4987,51950253417.560646
2023-07-04,153763664347.96085,2023-07-04,242032577689.3747,597533526208.5837,395796242037.3355,51978364326.182274
2023-07-05,153846450150.15433,2023-07-05,242051803688.57233,592280058566.8468,395898253838.7266,52008952286.83139
2023-07-06,153927023293.06555,2023-07-06,241575732261.09375,580722961293.8768,395502755554.15936,52036028247.55723
2023-07-07,154007227948.44955,2023-07-07,241594617624.9703,578931492172.8888,395601845573.41986,52069712340.66821
2023-07-08,154089189125.68597,2023-07-08,241581241423.19525,588401467301.4338,395670430548.8812,52103919122.247826
2023-07-09,154165867565.0747,2023-07-09,241608567106.49957,560561596325.3752,395774434671.5743,52136404369.63065
2023-07-10,154248051029.0965,2023-07-10,241640890616.57968,589902593808.5743,395888941645.6762,52166051191.345566
2023-07-11,154330558807.7081,2023-07-11,241814717444.93857,591786801006.4529,396145276252.64667,52192470522.475685
2023-07-12,154408818410.49045,2023-07-12,241907341676.1825,569419491965.3351,396316160086.673,52220677184.47836
2023-07-13,154490786838.36084,2023-07-13,241917876001.79645,589251328262.7915,396408662840.1573,52244383183.18689
2023-07-14,154572380021.78696,2023-07-14,241958369426.26733,587424218097.3628,396530749448.05426,52271731755.32759
2023-07-15,154653526210.51617,2023-07-15,241873613370.4585,585215203607.7616,396527139580.9747,52298245300.02267
2023-07-16,154734311276.9854,2023-07-16,241848134033.938,583460659029.2085,396582445310.9234,52327764651.9024
2023-07-17,154815362435.56842,2023-07-17,241653695978.1966,585034912194.1964,396469058413.765,52353976881.54969
2023-07-18,154895184319.53537,2023-07-18,241790010740.58337,578669566300.1248,396685195060.1187,52384725710.67595
2023-07-19,154975474704.34305,2023-07-19,241902236024.40845,581317418033.0485,396877710728.75146,52412837911.76978
2023-07-20,155054458185.44678,2023-07-20,241924130640.23877,574535726327.3444,396978588825.68555,52437442641.30376
2023-07-21,155134459621.81906,2023-07-21,241703972981.834,580102089631.3718,396838432603.6531,52459001067.15614
2023-07-22,155214253508.70074,2023-07-22,241701907149.5857,579159174511.2179,396916160658.2864,52485403196.184296
2023-07-23,155295288754.84045,2023-07-23,241701244127.5657,585916586741.1377,396996532882.4062,52513689244.40708
2023-07-24,155372769133.21063,2023-07-24,241605994198.7697,567180980170.7578,396978763331.98035,52541858559.92516
2023-07-25,155450408844.07547,2023-07-25,241532473294.10175,568183111801.4889,396982882138.1773,52567726914.42787
2023-07-26,155528516583.1552,2023-07-26,241480041615.9239,570827365270.2859,397008558199.0791,52594618929.3208
2023-07-27,155606129318.9535,2023-07-27,241100711065.51303,568350658294.1895,396706840384.46655,52620557838.561874
2023-07-28,155684087354.7421,2023-07-28,239814190967.20377,570342879714.2784,395498278321.94586,52646753801.91525
2023-07-29,155762207213.88815,2023-07-29,239777034585.7124,571359857870.8962,395539241799.6005,52671434727.9028
2023-07-30,155839914710.82797,2023-07-30,239728990917.8904,569321505927.6276,395568905628.7183,52702708491.918655
2023-07-31,155917422372.02295,2023-07-31,239637064137.52457,568413195251.6566,395554486509.5475,52729055352.347305
2023-08-01,155996781005.8088,2023-08-01,239561333763.1575,578422788647.9554,395558114768.9663,52754778246.9259
2023-08-02,156074088281.705,2023-08-02,239426969120.99307,567658025152.9098,395501057402.69806,52783741407.4508
2023-08-03,156151299570.38223,2023-08-03,239381769246.52753,567301411776.767,395533068816.9097,52811944302.931366
2023-08-04,156228285919.04047,2023-08-04,239356888582.77963,566257578872.755,395585174501.82007,52834650828.39137
2023-08-05,156305153888.2341,2023-08-05,239302132735.23804,565780825782.7872,395607286623.4721,52863036930.65586
2023-08-06,156381824906.8817,2023-08-06,239282237316.0942,564885012261.3469,395664062222.9759,52893490128.87845
2023-08-07,156459014369.59048,2023-08-07,239220418671.3616,567801661144.6732,395679433040.9521,52920684814.1543
2023-08-08,156538300944.80975,2023-08-08,239195071765.2064,579135746863.5148,395733372710.0162,52944549227.70875
2023-08-09,156616864482.5239,2023-08-09,239247780614.75403,575439084036.5063,395864645097.2779,52975442218.69192
2023-08-10,156694862974.41852,2023-08-10,239201162307.17416,572582821756.5679,395896025281.59265,52999585271.774635
2023-08-11,156772718780.81802,2023-08-11,239215240933.2127,571977734309.3951,395987959714.0307,53028025791.16258
2023-08-12,156850358850.94116,2023-08-12,239223127389.50137,570982492887.7922,396073486240.4425,53059299508.544014
2023-08-13,156927719338.78012,2023-08-13,239218032289.97955,569645921959.5831,396145751628.7597,53084488217.019806
2023-08-14,157005559118.4528,2023-08-14,239216630494.8453,572358623451.8688,396222189613.2981,53116442103.588135
2023-08-15,157082470953.03308,2023-08-15,239194315025.8067,567560932108.1055,396276785978.8398,53148142542.60196
2023-08-16,157157703604.572,2023-08-16,239140171160.9811,558749597519.2336,396297874765.5531,53178509488.728195
2023-08-17,157225310401.52124,2023-08-17,238935757081.0096,518177999313.5611,396161067482.5308,53206525557.008354
2023-08-18,157290838617.877,2023-08-18,238527586461.32437,507211513957.6833,395818425079.2014,53229933472.06988
2023-08-19,157356475827.47137,2023-08-19,238414033924.9618,507924812270.88824,395770509752.4332,53253125320.01862
2023-08-20,157422425083.19138,2023-08-20,238349122462.10785,509723349139.49133,395771547545.2992,53279966339.96864
2023-08-21,157488132772.55228,2023-08-21,238121236105.11972,508564317027.905,395609368877.672,53307281742.139534
2023-08-22,157553480445.45694,2023-08-22,237926505665.9899,506771444447.84814,395479986111.4469,53330983826.234344
2023-08-23,157620242427.86697,2023-08-23,237799412188.57465,514463038409.6389,395419654616.44165,53354692360.47735
2023-08-24,157686132939.62656,2023-08-24,237584541462.68735,509936808806.2067,395270674402.3139,53377835347.25165
2023-08-25,157751532446.48947,2023-08-25,237382915347.56735,507442695642.51495,395134447794.0568,53400450174.607796
2023-08-26,157816701263.2488,2023-08-26,237297584198.53467,506339533292.3099,395114285461.7835,53423000526.57937
2023-08-27,157882143365.51437,2023-08-27,237285147571.25137,507931948384.0096,395167290936.76575,53442421567.84046
2023-08-28,157947611236.7776,2023-08-28,237159320650.64093,508200722494.88947,395106931887.4185,53462067387.48878
2023-08-29,158018909933.54202,2023-08-29,236893224553.28592,539538236320.05347,394912134486.82794,53488999495.039856
2023-08-30,158088734603.67694,2023-08-30,236880991447.9768,531790369165.6845,394969726051.6537,53511070895.87715
2023-08-31,158153524932.92682,2023-08-31,236771263632.9413,504976157407.6315,394924788565.86816,53535982579.46113
2023-09-01,158217805614.90527,2023-09-01,236563668883.107,502376576927.60394,394781474498.01227,53561089852.81205
2023-09-02,158282315573.42163,2023-09-02,236488240679.30463,503733143428.39386,394770556252.72626,53586223176.31507
2023-09-03,158347230797.82962,2023-09-03,236408526730.71597,506033172727.0047,394755757528.5456,53612326789.12396
2023-09-04,158411575193.70013,2023-09-04,236322631293.2647,503104503872.1495,394734206486.9648,53637023938.27658
2023-09-05,158475743837.81763,2023-09-05,236167196022.81247,502291339019.37744,394642939860.6301,53657598789.03258
2023-09-06,158539755537.08148,2023-09-06,236040990388.7617,501578451891.91974,394580745925.84314,53680078148.71541
2023-09-07,158605598634.1415,2023-09-07,235937263573.54852,511524598876.02875,394542862207.69006,53704466257.097176
2023-09-08,158670138934.24237,2023-09-08,235873486134.21527,504670687774.8232,394543625068.4576,53727042468.33704
2023-09-09,158734627993.0071,2023-09-09,235780455889.10675,504524961089.56146,394515083882.1139,53752303172.85686
2023-09-10,158798843813.65704,2023-09-10,235722817729.3906,503188289959.3427,394521661543.04767,53777231659.335655
2023-09-11,158860600787.7855,2023-09-11,235548802437.50363,490125010012.79767,394409403225.2891,53803380393.61265
2023-09-12,158924826351.5818,2023-09-12,235464565824.1421,503494976118.64514,394389392175.7238,53826972300.59128
2023-09-13,158990414590.5065,2023-09-13,235411656763.6073,510936904660.5843,394402071354.11383,53851755816.61938
2023-09-14,159057091744.74585,2023-09-14,235497466987.53745,516913378547.22766,394554558732.28326,53879351095.75564
2023-09-15,159123984118.78665,2023-09-15,235500318925.4424,518202247969.90765,394624303044.22906,53911368089.425026
2023-09-16,159190762266.85587,2023-09-16,235466391702.3407,517722639250.4948,394657153969.1966,53937809710.33454
2023-09-17,159257395926.70203,2023-09-17,235432530139.43692,517080149300.5848,394689926066.139,53963271749.24087
2023-09-18,159324821532.29868,2023-09-18,235529594247.0221,521467749191.849,394854415779.32074,53990665953.30492
2023-09-19,159393894712.67285,2023-09-19,235763729720.052,530455019682.72534,395157624432.72485,54015417239.92242
2023-09-20,159462603598.571,2023-09-20,235699989475.43643,528635447529.36536,395162593074.00745,54041455425.55816
2023-09-21,159529277017.26953,2023-09-21,235618436299.17328,517832229103.0956,395147713316.4428,54065802381.70415
2023-09-22,159595978727.58807,2023-09-22,235556017948.28256,518117671689.85547,395151996675.87067,54088478804.09926
2023-09-23,159662655745.82697,2023-09-23,235508086422.65512,518118305797.99976,395170742168.4821,54115759834.748184
2023-09-24,159728168281.8031,2023-09-24,235464973485.54465,511989074225.5581,395193141767.3477,54140985161.17297
2023-09-25,159793781536.36823,2023-09-25,235382267743.00732,512661864587.52704,395176049279.37555,54165612005.02542
2023-09-26,159859064895.30624,2023-09-26,235316329153.0427,511018252622.9381,395175394048.34894,54188646317.00851
2023-09-27,159924858906.01773,2023-09-27,235235865390.50513,513896636533.8511,395160724296.5229,54215321569.17237
2023-09-28,159993055580.5259,2023-09-28,235213831907.86716,526959361108.9902,395206887488.39307,54240394623.5653
2023-09-29,160060799748.00568,2023-09-29,235242462742.6695,524659909124.1096,395303262490.6752,54265953413.80626
2023-09-30,160128718670.8344,2023-09-30,235248123945.03107,525736280257.9045,395376842615.8655,54289795482.07799
2023-10-01,160200379723.43698,2023-10-01,235229683648.0891,546023486935.7217,395430063371.52606,54314259888.22215
2023-10-02,160270207190.58957,2023-10-02,235317091386.74377,536291117807.2078,395587298577.3333,54342543062.38995
2023-10-03,160339767607.65094,2023-10-03,235298857195.85272,534992173900.1757,395638624803.50366,54371510722.96427
2023-10-04,160410570483.1786,2023-10-04,235357713563.1833,541825660950.6711,395768284046.3619,54394759748.42361
2023-10-05,160480019750.087,2023-10-05,235283362081.54407,534672669852.63226,395763381831.6311,54419850452.15561
2023-10-06,160551376553.0782,2023-10-06,235355748411.1168,545093187872.5026,395907124964.19495,54448733371.10916
2023-10-07,160622823864.96725,2023-10-07,235423254771.42648,545723834947.12354,396046078636.39374,54479745263.54147
2023-10-08,160694098781.8914,2023-10-08,235400011396.20193,544937175919.9542,396094110178.0933,54506005764.325966
2023-10-09,160764221979.33633,2023-10-09,235465213809.8541,538868502602.366,396229435789.1904,54533517848.335304
2023-10-10,160833488733.16394,2023-10-10,235421202681.68463,534389092125.50006,396254691414.8486,54561853184.25703
2023-10-11,160900891154.7294,2023-10-11,235341730044.9858,524469553078.7552,396242621199.7152,54589489578.7934
2023-10-12,160967813036.94662,2023-10-12,235224769111.28476,522011367598.9966,396192582148.2314,54617753737.92502
2023-10-13,161035117966.80887,2023-10-13,235157079034.7136,524212519503.3455,396192197001.52246,54641469191.60527
2023-10-14,161102374077.20145,2023-10-14,235297103105.8574,524083601865.9964,396399477183.0589,54666367636.372
2023-10-15,161170752606.7632,2023-10-15,235272355893.58536,530278055181.20294,396443108500.3486,54694789030.02335
2023-10-16,161243965562.74768,2023-10-16,235397196543.80945,556520714922.8715,396641162106.5571,54719977422.38925
2023-10-17,161316765412.44467,2023-10-17,235457955500.92072,554435953776.2662,396774720913.36536,54749271656.93772
2023-10-18,161389253884.16006,2023-10-18,235544783913.64505,552899489618.9375,396934037797.80505,54775549469.53484
2023-10-19,161463121504.03082,2023-10-19,235336611668.94144,560496004045.8198,396799733172.9723,54800995089.90664
2023-10-20,161540397199.5267,2023-10-20,235565939464.10443,579060979963.7471,397106336663.6311,54826288551.818634
2023-10-21,161618516429.1419,2023-10-21,235615588076.89307,583774833269.7952,397234104506.035,54854702008.87408
2023-10-22,161696943885.67413,2023-10-22,235648400295.8277,585597346442.3287,397345344181.50183,54883674003.225586
2023-10-23,161786402584.6732,2023-10-23,236164622582.31943,645400129373.6558,397951025166.9926,54914527122.47682
2023-10-24,161878946017.45837,2023-10-24,237509344800.80972,662261287086.8589,399388290818.2681,54942651716.05096
2023-10-25,161973551113.8167,2023-10-25,238020668499.7446,673597912219.6581,399994219613.5613,54974918010.6318
2023-10-26,162066912768.2205,2023-10-26,238659726311.3621,667060101438.2931,400726639079.5825,55008135210.08378
2023-10-27,162159299293.33734,2023-10-27,238873891937.4092,661970400175.5714,401033191230.7465,55041680253.61804
2023-10-28,162252332873.9001,2023-10-28,239029469966.6871,665657037298.9093,401281802840.5872,55076423793.98768
2023-10-29,162346944149.3365,2023-10-29,239138503868.83783,674383166811.1814,401485448018.1744,55106258977.4322
2023-10-30,162441346323.61987,2023-10-30,239414343814.57285,673440315719.5189,401855690138.1927,55140467164.3436
2023-10-31,162536301400.40295,2023-10-31,239651084710.0104,676623087103.953,402187386110.4133,55174433999.86216
2023-11-01,162633974873.17044,2023-11-01,240279572258.00223,691535829909.1135,402913547131.17267,55207344506.3622
2023-11-02,162729941170.64105,2023-11-02,240619218211.53552,682483408271.5583,403349159382.1766,55239768733.41189
2023-11-03,162825070153.3082,2023-11-03,240864495466.22467,678138769261.1776,403689565619.5328,55270264223.33562
2023-11-04,162921377232.4424,2023-11-04,240962104473.2142,684713131981.6294,403883481705.6566,55309536438.58953
2023-11-05,163017489165.04092,2023-11-05,241027194008.0041,683848051916.4596,404044683173.04504,55347727677.30455
2023-11-06,163113738682.6016,2023-11-06,241218659913.64923,684786123861.3606,404332398596.2508,55378102500.78918
2023-11-07,163211267606.53122,2023-11-07,241470153945.1311,691915564229.1001,404681421551.6623,55410268186.486115
2023-11-08,163309559581.46927,2023-11-08,241752618440.55585,696248647695.4612,405062178022.0251,55447389094.187744
2023-11-09,163411664174.92465,2023-11-09,242738175619.6097,717124874483.4656,406149839794.5344,55489202817.3512
2023-11-10,163515943524.56873,2023-11-10,243198537345.5629,729127135994.0532,406714480870.1316,55530816275.374855
2023-11-11,163619533941.46033,2023-11-11,243318307164.9896,725597545578.4241,406937841106.4499,55572132100.17713
2023-11-12,163722890458.32663,2023-11-12,243381849686.9921,724535350974.9241,407104740145.3187,55613742659.56068
2023-11-13,163823970511.5656,2023-11-13,243543908914.00064,712385419439.4473,407367879425.5662,55645599680.237816
2023-11-14,163921777781.65308,2023-11-14,243632241134.30804,694819639816.372,407554018915.9611,55680524306.332146
2023-11-15,164027955940.2158,2023-11-15,243911356716.77496,740469178777.2402,407939312656.9908,55718939029.49287
2023-11-16,164127884540.70123,2023-11-16,244208329917.10437,706740185176.6074,408336214457.8056,55764849295.080246
2023-11-17,164229487838.8996,2023-11-17,244339469537.6238,716037000354.3252,408568957376.5234,55807901913.27444
2023-11-18,164330932996.4997,2023-11-18,244377675162.42773,715381029080.1405,408708608158.9274,55853452554.85291
2023-11-19,164435172452.59326,2023-11-19,244447688599.35977,730768137409.048,408882861051.95306,55899697979.28645
2023-11-20,164539677759.8908,2023-11-20,244781312344.70447,732421517614.722,409320990104.5953,55945008472.07619
2023-11-21,164637886119.87228,2023-11-21,245252754107.8641,698400322619.0928,409890640227.7364,55986639562.238106
2023-11-22,164741184884.93814,2023-11-22,245441540529.75223,726273271783.0636,410182725414.6904,56024695138.61078
2023-11-23,164844981386.69962,2023-11-23,245496361531.1789,729186561463.7286,410341342917.8785,56055467228.303345
2023-11-24,164950282113.98346,2023-11-24,245791242697.91284,737575637083.6174,410741524811.8963,56110463014.14263
2023-11-25,165055768360.6759,2023-11-25,245840039886.1935,738795464120.7914,410895808246.86945,56151446224.611465
2023-11-26,165160042241.8699,2023-11-26,245904190293.6612,732409955937.3214,411064232535.5311,56188795150.28313
2023-11-27,165263514314.13403,2023-11-27,245923047918.32935,728255059503.2341,411186562232.4634,56222293858.22398
2023-11-28,165369032569.7965,2023-11-28,246147079739.12857,739599379884.987,411516112308.92505,56259631433.66808
2023-11-29,165474662786.7202,2023-11-29,246411981890.077,740419933502.4282,411886644676.7973,56294313648.040695
2023-11-30,165579791722.8738,2023-11-30,246579496242.66333,737901720143.0194,412159287965.5372,56328607818.36941
2023-12-01,165688333304.98407,2023-12-01,247084872804.7594,756697247895.436,412773206109.74347,56372981122.77783
2023-12-02,165799626581.6292,2023-12-02,247255972731.49817,771902811190.9769,413055599313.1273,56406067999.0895
2023-12-03,165912733294.80286,2023-12-03,247458986850.16937,782004999951.7225,413371720144.9722,56452762111.6023
2023-12-04,166033014060.81396,2023-12-04,248628101496.23645,821322627289.2894,414661115557.0504,56499079343.39165
2023-12-05,166160762222.81723,2023-12-05,249458143409.6155,862260496978.5392,415618905632.43274,56545524647.17715
2023-12-06,166287328286.2633,2023-12-06,250789826415.04596,856072374067.5043,417077154701.30927,56595709382.42353
2023-12-07,166412126521.68866,2023-12-07,251424356677.25308,846687307825.174,417836483198.9417,56634645329.42135
2023-12-08,166540138884.71487,2023-12-08,251902927834.50815,864463542103.7526,418443066719.223,56678154859.64859
2023-12-09,166666428084.20538,2023-12-09,252215862365.45685,855321432905.9634,418882290449.66223,56727529201.88853
2023-12-10,166792945138.97244,2023-12-10,252327957483.64236,856816961838.4576,419120902622.6148,56770915822.39912
2023-12-11,166910274112.85162,2023-12-11,252581527234.16403,806939826623.7351,419491801347.0156,56818030704.65967
2023-12-12,167028444177.57877,2023-12-12,253332962571.4203,811764317328.9526,420361406748.9991,56860121866.53202
2023-12-13,167151575544.41187,2023-12-13,253556416975.20544,839079444352.6451,420707992519.6173,56907163648.9842
2023-12-14,167275201036.68942,2023-12-14,253905086241.89893,842023137887.5021,421180287278.5883,56960575587.79505
2023-12-15,167394890609.45508,2023-12-15,254458198777.65903,820780268337.1752,421853089387.11414,57021691242.98883
2023-12-16,167515742082.71722,2023-12-16,254660653521.98688,827364786094.1083,422176395604.7041,57085557305.8237
2023-12-17,167633316509.8191,2023-12-17,254659294755.6659,809707262913.0781,422292611265.485,57147907762.36755
2023-12-18,167755469811.7178,2023-12-18,255031270580.51593,834956804782.4515,422786740392.2337,57207609502.861725
2023-12-19,167876209843.54504,2023-12-19,255497803904.79465,827479003715.8438,423374013748.33966,57269401377.65641
2023-12-20,168001822464.2801,2023-12-20,256071680455.75266,854349182160.5363,424073502920.0327,57327038643.84538
2023-12-21,168128220725.8986,2023-12-21,256406010674.8244,858894720471.0275,424534231400.723,57384675430.57362
2023-12-22,168255022769.42786,2023-12-22,256820463249.2917,861354992700.4081,425075486018.71954,57444901641.50982
2023-12-23,168380798787.7448,2023-12-23,256998096360.98315,855998290926.4397,425378895148.728,57497461352.13647
2023-12-24,168503955401.44125,2023-12-24,257435180535.08847,841924319093.6688,425939135936.5297,57551913798.582344
2023-12-25,168629152560.1912,2023-12-25,257499018160.43604,853332413763.5293,426128170720.6272,57596888840.57767
2023-12-26,168750499696.0896,2023-12-26,258001945755.3159,832519333060.4937,426752445451.4055,57641249059.4934
2023-12-27,168875209566.31903,2023-12-27,259194256872.8569,851162909591.5317,428069466439.176,57687308222.42656
2023-12-28,168996677141.58685,2023-12-28,259429726285.741,833667249007.0793,428426403427.3279,57729699958.333885
2023-12-29,169116308841.65668,2023-12-29,259913587496.17868,823860603323.7002,429029896337.8353,57778711085.83918
2023-12-30,169236171514.52072,2023-12-30,260052786191.36295,825364442772.4467,429288957705.8837,57828027221.21303
2023-12-31,169356511023.7394,2023-12-31,260215853240.42383,828215323996.0338,429572364264.16327,57884421418.565445
2024-01-01,169483631258.13254,2024-01-01,260306537054.32248,865594034794.7927,429790168312.455,57935307312.44241
2024-01-02,169613480516.27853,2024-01-02,261116155449.4236,880797867381.8849,430729635965.70215,57978808595.90662
2024-01-03,169735722187.29547,2024-01-03,261520585262.44873,839375596018.0828,431256307449.7442,58028610167.6318
2024-01-04,169862648614.13397,2024-01-04,264702514191.3515,865292541262.3053,434565162805.4855,58080376179.737274
2024-01-05,169989516439.34457,2024-01-05,265163460326.7674,865225198593.4092,435152976766.11194,58123236974.58662
2024-01-06,170115677002.50757,2024-01-06,265263781042.80197,861601723698.9408,435379458045.3095,58165421448.862595
2024-01-07,170241649608.26013,2024-01-07,265359102860.0567,860823474343.7867,435600752468.3168,58201300312.79963
2024-01-08,170378385412.7451,2024-01-08,265871522293.0072,920100801403.8062,436249907705.7523,58241418991.1737
2024-01-09,170512070873.67282,2024-01-09,266781386108.55933,903643138601.3856,437293456982.2322,58290677016.7468
2024-01-10,170647628485.92923,2024-01-10,267249792240.5859,914181131712.3058,437897420726.51514,58332910526.052925
2024-01-11,170782031003.16336,2024-01-11,268013324015.66876,908114240549.6364,438795355018.8321,58388014579.73365
2024-01-12,170903676512.5608,2024-01-12,267988533251.05936,838372586576.2914,438892209763.6202,58440063172.70692
2024-01-13,171025513546.9006,2024-01-13,267919799825.7181,839667158003.7698,438945313372.6187,58488104780.93373
2024-01-14,171143279505.46234,2024-01-14,267885007991.5508,817560626050.7183,439028287497.0131,58531645205.3998
2024-01-15,171263850955.62567,2024-01-15,267896020935.2646,833201112352.4152,439159871890.89026,58566988632.71047
2024-01-16,171386603404.34018,2024-01-16,269869415149.6632,845420299295.6312,441256018554.00336,58605819284.478546
2024-01-17,171507959312.37662,2024-01-17,269969070879.6147,837994606248.469,441477030191.9913,58642562611.419266
2024-01-18,171624134021.22324,2024-01-18,270785276798.97937,809771809715.7174,442409410820.2026,58685069481.80726
2024-01-19,171741441646.30084,2024-01-19,270903776882.7287,816229533822.7167,442645218529.02954,58722601692.35843
2024-01-20,171858923024.79184,2024-01-20,270869495367.34665,817419097832.7513,442728418392.1384,58762802848.14423
2024-01-21,171975905616.1514,2024-01-21,270832553295.12305,814912227728.3102,442808458911.2745,58802286141.88205
2024-01-22,172085640314.6136,2024-01-22,270767877631.592,775297277761.346,442853517946.2056,58846101662.30259
2024-01-23,172196579944.70416,2024-01-23,270757163024.90747,782142666182.6357,442953742969.6116,58887571490.68049
2024-01-24,172308158821.90784,2024-01-24,271512553968.52695,785880404564.8976,443820712790.4348,58927423824.16704
2024-01-25,172419265570.8608,2024-01-25,271778003527.6492,783506384812.1818,444197269098.51,58975186854.05452
2024-01-26,172536962269.03235,2024-01-26,271992830114.17117,819986498910.7648,444529792383.2035,59016406957.420586
2024-01-27,172655725559.89673,2024-01-27,272094686423.77585,826091351895.7242,444750411983.67255,59063536254.63849
2024-01-28,172774130823.8714,2024-01-28,272155631441.6223,824358298476.3566,444929762265.4937,59107803178.25598
2024-01-29,172897016262.5137,2024-01-29,272414194967.561,849258470549.8922,445311211230.0747,59151865118.55439
2024-01-30,173018601429.0835,2024-01-30,273455990907.55923,842344943395.7886,446474592336.6427,59193180885.59957
2024-01-31,173138736213.01953,2024-01-31,274043212220.40973,834600856564.7208,447181948433.42926,59230531216.23618
2024-02-01,173260711581.3906,2024-02-01,274058959080.8282,844979065200.9364,447319670662.2188,59273584342.83086
2024-02-02,173383026363.84204,2024-02-02,274244536132.66364,847092848106.3884,447627562496.5057,59327016559.3257
2024-02-03,173504677095.84393,2024-02-03,274230491945.8928,843678559694.244,447735169041.7368,59375333012.43957
2024-02-04,173624761627.92938,2024-02-04,274247260580.268,835290533418.807,447872022208.1974,59421091256.27035
2024-02-05,173745088541.01453,2024-02-05,274413715355.06125,836866706553.2072,448158803896.07574,59465579365.715614
2024-02-06,173866945867.8828,2024-02-06,274898376749.1408,845544531565.8677,448765322617.0236,59513488326.49579
2024-02-07,173993174161.14844,2024-02-07,275133628613.2503,869889754934.6091,449126802774.39874,59559912682.87495
2024-02-08,174122785961.7304,2024-02-08,275654766948.1493,888802254370.6792,449777552909.8797,59601012378.86751
2024-02-09,174258979631.1262,2024-02-09,276399991072.59125,925367066348.785,450658970703.7174,59652074807.756
2024-02-10,174397302083.03476,2024-02-10,276660677080.0822,937383946810.7712,451057979163.117,59699031984.89055
2024-02-11,174537544873.82147,2024-02-11,276963358644.7065,948257021644.0122,451500903518.5279,59741643495.7862
2024-02-12,174683498801.34882,2024-02-12,277941562290.34204,980057270897.2324,452625061091.6908,59799415969.51354
2024-02-13,174828589915.78702,2024-02-13,278574533950.08154,975586450500.254,453403123865.8686,59843646566.74993
2024-02-14,174981270689.99545,2024-02-14,280820434116.96045,1017779144320.65,455801704806.95593,59890616709.15614
2024-02-15,175134202634.55783,2024-02-15,281711056327.42035,1019471468563.3716,456845258961.97815,59943739190.51026
2024-02-16,175287884123.3613,2024-02-16,282325039313.2744,1023917065296.0789,457612923436.6357,59989055042.4763
2024-02-17,175439727878.37653,2024-02-17,282522530186.2187,1014072786827.5566,457962258064.5952,60038949961.101074
2024-02-18,175593288655.45547,2024-02-18,282796056802.9863,1023863021239.5952,458389345458.44183,60079363545.030334
2024-02-19,175745488978.28998,2024-02-19,284182060616.9119,1016652272638.8856,459927549595.2019,60125202875.86267
2024-02-20,175899312086.0389,2024-02-20,284528496139.0667,1025925805506.5632,460427808225.1056,60172582975.93628
2024-02-21,176051661150.7733,2024-02-21,285023209923.8204,1018084941937.6924,461074871074.5937,60218605151.56593
2024-02-22,176201848758.32086,2024-02-22,285800053276.77124,1006438943281.4236,462001902035.0921,60263576339.93077
2024-02-23,176350169567.17148,2024-02-23,286550660658.92065,996415921702.126,462900830226.0921,60315909513.1983
2024-02-24,176501377729.8224,2024-02-24,286696545048.34216,1012682517189.3954,463197922778.16455,60361089249.74794
2024-02-25,176653111520.88574,2024-02-25,286847436915.2043,1015892709892.3104,463500548436.09,60415277892.06432
2024-02-26,176814713992.27277,2024-02-26,287773311824.1543,1070799585705.2472,464588025816.42706,60460549267.862526
2024-02-27,176985289601.32425,2024-02-27,290088730309.8416,1120780134483.202,467074019911.1659,60508820478.98854
2024-02-28,177175099649.38046,2024-02-28,296459850859.4002,1227583905592.5295,473634950508.7807,60567526191.69157
2024-02-29,177360165632.2717,2024-02-29,299015200431.5325,1201700380935.2288,476375366063.80414,60623779312.16905
2024-03-01,177549540813.55368,2024-03-01,302064479753.36426,1225930544390.5884,479614020566.9179,60686984635.60298
2024-03-02,177737457560.20438,2024-03-02,302379070543.6255,1218232483765.0327,480116528103.82983,60738803542.8736
2024-03-03,177929246704.9547,2024-03-03,302874122909.39636,1240057530332.402,480803369614.3511,60801893259.09169
2024-03-04,178139286758.14447,2024-03-04,306056714784.1887,1341551141376.1614,484196001542.3332,60860082734.565216
2024-03-05,178333135776.33136,2024-03-05,310051594752.7286,1252256696531.6467,488384730529.05994,60936045221.9024
2024-03-06,178535310433.387,2024-03-06,317459379671.73785,1298785085178.8044,495994690105.1249,60998098191.93857
2024-03-07,178739997298.96558,2024-03-07,320993223662.549,1313114606335.3848,499733220961.5146,61076739733.062965
2024-03-08,178949730856.61047,2024-03-08,323921267522.7925,1341502840882.2195,502870998379.4029,61145161933.07116
2024-03-09,179159789307.0426,2024-03-09,324791842487.5384,1343723838502.9185,503951631794.581,61217588640.4556
2024-03-10,179371976329.59872,2024-03-10,325794481938.01624,1355949016403.2896,505166458267.6149,61282103454.21051
2024-03-11,179595056963.2371,2024-03-11,330139180043.4109,1416800251121.4822,509734237006.64795,61360336336.31625
2024-03-12,179815780529.24533,2024-03-12,332631645517.7516,1404169401176.9824,512447426046.9969,61426249026.65571
2024-03-13,180042290750.56024,2024-03-13,341920924966.2795,1436720998605.7285,521963215716.8397,61501570908.264626
2024-03-14,180262640824.4255,2024-03-14,344009371800.2923,1402985200702.9004,524272012624.7178,61567624108.05953
2024-03-15,180476266116.66937,2024-03-15,344707229641.09344,1366096638069.8894,525183495757.7627,61624649906.25544
2024-03-16,180674865007.76248,2024-03-16,344997139584.0063,1283097309465.714,525672004591.7688,61688651271.12599
2024-03-17,180884368701.24255,2024-03-17,346188044278.29877,1344048874902.73,527072412979.5413,61751538575.88496
2024-03-18,181091083417.8583,2024-03-18,347043399605.2891,1328977904785.1992,528134483023.14746,61815349927.10542
2024-03-19,181277653667.60315,2024-03-19,346667582139.3577,1217488820750.3262,527945235806.9609,61881359983.588036
2024-03-20,181485092190.4416,2024-03-20,346996771212.22174,1333806086557.943,528481863402.6633,61942916390.84753
2024-03-21,181684165657.13895,2024-03-21,348222729069.0509,1287736346627.839,529906894726.1899,61995458239.46219
2024-03-22,181877180351.149,2024-03-22,349323508387.2114,1254459834964.818,531200688738.3604,62051942475.01149
2024-03-23,182070827510.58844,2024-03-23,354588910266.8582,1258361739674.918,536659737777.44666,62116974102.1077
2024-03-24,182275816322.0915,2024-03-24,354934129624.05,1321808619467.6196,537209945946.1415,62187627071.12019
2024-03-25,182490200084.43024,2024-03-25,360129668406.6772,1374463918687.9417,542619868491.1074,62246046857.99396
2024-03-26,182704849876.60785,2024-03-26,360926006992.5635,1376372344176.213,543630856869.1713,62307136780.95301
2024-03-27,182917531557.18207,2024-03-27,361587983764.1548,1365853038911.0618,544505515321.3369,62368513045.583694
2024-03-28,183134892106.67773,2024-03-28,363733035604.84625,1392311628951.0828,546867927711.524,62437544077.09475
2024-03-29,183348944245.07388,2024-03-29,364125297051.9699,1374335042281.1824,547474241297.04376,62502582912.943146
2024-03-30,183561958191.5087,2024-03-30,364377315415.35614,1368984570101.308,547939273606.86487,62572487504.94173
2024-03-31,183780898337.56332,2024-03-31,364627764487.6622,1402401751277.598,548408662825.22546,62634809049.16401
2024-04-01,183993966552.19897,2024-04-01,367281005533.5841,1370144717428.8806,551274972085.7831,62702034088.79164
2024-04-02,184192173351.8009,2024-04-02,368720827892.2032,1287807633535.2686,552913001244.0042,62764915433.77121
2024-04-03,184392134024.321,2024-04-03,369338765180.6811,1297973119288.788,553730899205.0021,62825357830.02063
2024-04-04,184600959830.0192,2024-04-04,369722961744.9571,1347760697568.9534,554323921574.9763,62884182161.17195
2024-04-05,184807393884.12717,2024-04-05,369918303909.6848,1334851509319.6775,554725697793.812,62948419728.48138
2024-04-06,185017420479.0312,2024-04-06,370325562116.4258,1355285607284.3552,555342982595.457,63015564507.601715
2024-04-07,185229047198.8716,2024-04-07,370565668095.07025,1364624756869.255,555794715293.9419,63090805639.68247
2024-04-08,185448630302.45047,2024-04-08,371656901819.1532,1409404849651.111,557105532121.6036,63163405460.26896
2024-04-09,185659311687.55887,2024-04-09,372127325708.21533,1360208033666.8064,557786637395.7742,63230703867.24964
2024-04-10,185875258251.702,2024-04-10,372367656348.6246,1389993299913.8413,558242914600.3265,63300790406.25209
2024-04-11,186088950661.4005,2024-04-11,372823886078.4896,1377851519549.9844,558912836739.89,63366332817.72526
2024-04-12,186292392960.82535,2024-04-12,373261935195.3247,1321093539152.8083,559554328156.1501,63436112215.6745
2024-04-13,186484659268.58276,2024-04-13,373001699915.6947,1259138390246.977,559486359184.2775,63511374036.97779
2024-04-14,186683037564.3435,2024-04-14,372861588400.19226,1293633927909.5334,559544625964.5358,63579329520.52749
2024-04-15,186873300686.44223,2024-04-15,373022161722.1044,1248731785119.332,559895462408.5466,63646765129.881065
2024-04-16,187064761017.4587,2024-04-16,373329102437.80426,1255796328751.283,560393863455.263,63717736791.35479
2024-04-17,187247281385.28003,2024-04-17,373121115116.7699,1206258494931.8074,560368396502.05,63778775354.85929
2024-04-18,187437566856.76224,2024-04-18,373555232537.0949,1249991639613.274,560992799393.8572,63842208672.03476
2024-04-19,187628961782.31015,2024-04-19,374109892734.8135,1256569620967.3997,561738854517.1237,63909697995.19004
2024-04-20,187824280531.4096,2024-04-20,374071446902.87067,1278874813000.8147,561895727434.2803,64016516627.81184
2024-04-21,188019511754.52188,2024-04-21,374131636366.4916,1278776355283.12,562151148121.0134,64067296426.41929
2024-04-22,188221279583.95676,2024-04-22,374531420461.8545,1315699910465.936,562752700045.8113,64115455393.71579
2024-04-23,188421534194.2175,2024-04-23,374689945729.3193,1307644550941.489,563111479923.5367,64179154517.32307
2024-04-24,188614135080.3284,2024-04-24,377286031100.7601,1265253088440.3704,565900166181.0885,64228354351.7188
2024-04-25,188807484312.4778,2024-04-25,377315733219.517,1269823041259.7466,566123217531.9949,64263867590.91535
2024-04-26,188998196198.083,2024-04-26,377269684773.9196,1255459060502.33,566267880972.0027,64296486736.67566
2024-04-27,189187817533.74985,2024-04-27,377357280344.63293,1249739947918.4946,566545097878.3828,64328287531.59806
2024-04-28,189376130088.5057,2024-04-28,377749750831.823,1242796561392.7913,567125880920.3287,64359533340.97937
2024-04-29,189567012695.0835,2024-04-29,377858806497.32385,1257555196497.7642,567425819192.4073,64388066843.18134
2024-04-30,189746552955.91537,2024-04-30,377955156178.148,1194453852570.8774,567701709134.0634,64418140947.92257
2024-05-01,189917795327.7556,2024-05-01,377105205798.32086,1148361350517.785,567023001126.0764,64444404862.50903
2024-05-02,190091661182.0333,2024-05-02,376840807836.1188,1163392713428.518,566932469018.1521,64472918562.340546
2024-05-03,190278864452.95135,2024-05-03,376974437167.7786,1238429978323.2195,567253301620.73,64499467350.970116
2024-05-04,190469572825.2021,2024-05-04,377129743442.375,1258436457428.9922,567599316267.577,64530325582.23034
2024-05-05,190660629918.19885,2024-05-05,377137526444.9128,1260771407793.2412,567798156363.1116,64565936788.53581
2024-05-06,190848660493.8832,2024-05-06,377480497403.9259,1244195945477.7085,568329157897.8092,64592892888.662735
2024-05-07,191033616963.2073,2024-05-07,377556356107.8891,1227344714586.0486,568589973071.0964,64619379954.33405
2024-05-08,191214549773.46667,2024-05-08,377811813403.61334,1205162018467.0994,569026363177.0801,64645940512.88705
2024-05-09,191402032866.2068,2024-05-09,377843522218.0725,1242244767674.694,569245555084.2793,64675835960.736595
2024-05-10,191581457945.5483,2024-05-10,377730116449.85126,1197438452734.172,569311574395.3995,64705933471.28174
2024-05-11,191760878941.38913,2024-05-11,377725559935.23474,1197774402620.6577,569486438876.6239,64738443215.36801
2024-05-12,191942511926.93283,2024-05-12,377806196626.27057,1210540294855.9983,569748708553.2034,64765004871.55963
2024-05-13,192129269126.1847,2024-05-13,378041077048.6472,1239650399729.8057,570170346174.8319,64795318954.24586
2024-05-14,192311158271.7172,2024-05-14,378190049627.3944,1212709264709.1853,570501207899.1116,64822987105.04609
2024-05-15,192509314777.58063,2024-05-15,379681704577.5652,1304365469177.386,572191019355.1459,64852511686.79301
2024-05-16,192704011479.47852,2024-05-16,380283437377.65247,1285341902530.275,572987448857.131,64883185257.733635
2024-05-17,192904891398.39697,2024-05-17,380769797790.1796,1320443876287.7085,573674689188.5765,64916713479.45054
2024-05-18,193105314038.58685,2024-05-18,380820996579.88904,1318278016064.587,573926310618.4758,64944683743.08079
2024-05-19,193303396759.88483,2024-05-19,380983163813.20215,1305537876847.9055,574286560573.087,64977945462.93246
2024-05-20,193519519759.48727,2024-05-20,381715337338.5285,1407266285526.9688,575234857098.0157,65012106390.39319
2024-05-21,193731057926.57516,2024-05-21,383117281662.5062,1381940942459.212,576848339589.0814,65044519641.10956
2024-05-22,193939084983.594,2024-05-22,383760168167.55585,1362635091315.3462,577699253151.1499,65079376061.22113
2024-05-23,194142802621.8496,2024-05-23,384241411643.7271,1338832211979.9563,578384214265.5767,65117704342.66401
2024-05-24,194348549665.95865,2024-05-24,384497929035.4726,1350646937558.889,578846478701.4312,65153244950.57344
2024-05-25,194556824814.42905,2024-05-25,384575752760.7218,1365271434366.4316,579132577575.1509,65189181329.64963
2024-05-26,194762258261.55875,2024-05-26,384819713605.1976,1349709098024.9358,579581971866.7563,65226721848.26238
2024-05-27,194970817011.9462,2024-05-27,385390028190.8624,1367696670440.553,580360845202.8086,65254839524.0524
2024-05-28,195175681865.22528,2024-05-28,395228466792.67303,1347335616706.7185,590404148657.8983,65284624446.53438
2024-05-29,195377713122.52716,2024-05-29,395345545297.82367,1331803535445.6477,590723258420.3508,65316333879.30626
2024-05-30,195582328659.85144,2024-05-30,395595109272.6925,1346749341646.209,591177437932.544,65345068308.278465
2024-05-31,195783960708.56088,2024-05-31,395756786813.9448,1330367498796.6162,591540747522.5056,65381186631.85005
2024-06-01,195986330875.407,2024-06-01,395758698512.10223,1334925629885.3792,591745029387.5093,65413993392.93005
2024-06-02,196188645770.7093,2024-06-02,395824587092.2423,1335019191427.3818,592013232862.9517,65446039936.9207
2024-06-03,196394569526.6394,2024-06-03,396774264193.4953,1355745315413.143,593168833720.1346,65482861289.89275
2024-06-04,196606535013.16556,2024-06-04,397389984670.7089,1390184189641.896,593996519683.8745,65514453333.788
2024-06-05,196820432555.07977,2024-06-05,398194811731.1878,1401491388615.9429,595015244286.2676,65545770429.06978
2024-06-06,197033084524.95737,2024-06-06,399656368164.1538,1394901630845.3276,596689452689.1112,65579954516.47695
2024-06-07,197240592403.95532,2024-06-07,400235061216.79895,1366339982678.5696,597475653620.7543,65633350388.53872
2024-06-08,197447976801.57248,2024-06-08,400288546412.95105,1366059057374.264,597736523214.5236,65681435260.219315
2024-06-09,197656448006.2927,2024-06-09,400330114624.07074,1372600157809.4604,597986562630.3634,65719770608.86081
2024-06-10,197864480756.4589,2024-06-10,400498238222.7839,1370545093443.2292,598362718979.2428,65754572904.948845
2024-06-11,198064697930.21133,2024-06-11,401555125634.9516,1326889123546.581,599619823565.163,65783500704.2886
2024-06-12,198268164481.95248,2024-06-12,401974827632.19824,1345616049750.1782,600242992114.1508,65817745102.47859
2024-06-13,198466270869.30975,2024-06-13,401944168546.2229,1315786295564.383,600410439415.5326,65852113036.46876
2024-06-14,198661800835.09268,2024-06-14,401938855090.84534,1301646337816.5144,600600655925.938,65882198104.42237
2024-06-15,198857870980.89804,2024-06-15,402026488907.9984,1305085633614.8027,600884359888.8965,65912893369.36903
2024-06-16,199055497321.09332,2024-06-16,401978407654.7741,1314260935043.051,601033904975.8674,65949171673.89355
2024-06-17,199252441740.48187,2024-06-17,402019856227.43945,1310806744769.486,601272297967.9214,65979919174.57799
2024-06-18,199444697492.624,2024-06-18,401815073468.89594,1284728418334.8655,601259770961.5199,66013323057.66153
2024-06-19,199636211217.0633,2024-06-19,401957567024.43353,1280922699401.422,601593778241.4968,66043342252.85258
2024-06-20,199827269244.58887,2024-06-20,401920215529.8595,1278731950681.507,601747484774.4484,66072589670.16585
2024-06-21,200015737210.4485,2024-06-21,402134467081.89526,1264482808385.5032,602150204292.3438,66102449173.16262
2024-06-22,200204528212.83072,2024-06-22,403712295994.57666,1266684900670.067,603916824207.4073,66134317112.97653
2024-06-23,200389603137.16043,2024-06-23,403575270821.3016,1246062925600.1028,603964873958.462,66157730318.93593
2024-06-24,200564416529.05884,2024-06-24,403045663995.9532,1188434894146.877,603610080525.012,66188151715.815636
2024-06-25,200744503207.806,2024-06-25,402802654554.49786,1218594411486.843,603547157762.3038,66213268342.559555
2024-06-26,200921238793.3345,2024-06-26,402686767199.1557,1200007503785.9087,603608005992.4901,66237800927.52491
2024-06-27,201100752838.12973,2024-06-27,403585554913.85583,1216073162110.2566,604686307751.9856,66263826085.06601
2024-06-28,201275639467.55057,2024-06-28,403534035717.4678,1190259528842.2744,604809675185.0183,66290731789.97218
2024-06-29,201452447994.174,2024-06-29,403443009145.6214,1201481474576.5098,604895457139.7954,66321598502.904655
2024-06-30,201635540305.37744,2024-06-30,403415539209.20514,1237388744783.2483,605051079514.5825,66345664200.56563
2024-07-01,201818924243.52545,2024-07-01,403776497728.7072,1239405246284.8694,605595421972.2327,66374628356.101326
2024-07-02,201999646912.31525,2024-07-02,403632319073.0224,1224709229593.813,605631965985.3376,66404188149.017136
2024-07-03,202173536905.29703,2024-07-03,403970659204.90326,1186390897182.2,606144196110.2003,66433067320.28989
2024-07-04,202336512877.82944,2024-07-04,403978916826.641,1124943493383.8003,606315429704.4705,66459615226.39594
2024-07-05,202498009894.08173,2024-07-05,403692091631.53503,1116894115914.5762,606190101525.6167,66481327433.32917
2024-07-06,202665064220.26715,2024-07-06,403647892926.1,1148693713408.2617,606312957146.3672,66511850739.132
2024-07-07,202823752894.3798,2024-07-07,403602601693.2815,1101636403068.366,606426354587.6613,66537832246.8156
2024-07-08,202985420019.1873,2024-07-08,402928051337.23706,1118829682053.4563,605913471356.4243,66566584679.403
2024-07-09,203151662502.0713,2024-07-09,403209092091.9366,1145081570522.8574,606360754594.0078,66594968157.83289
2024-07-10,203316729001.78647,2024-07-10,403361972561.1994,1138748582887.9912,606678701562.9858,66620394380.201126
2024-07-11,203480466514.23483,2024-07-11,403200457949.4119,1131544687071.4,606680924463.6467,66646639956.92971
2024-07-12,203646014541.5016,2024-07-12,403180711196.4949,1142137781116.85,606826725737.9965,66674265634.507675
2024-07-13,203816074767.1975,2024-07-13,403231683407.75226,1168057554463.2815,607047758174.9498,66703536458.65536
2024-07-14,203991595365.66785,2024-07-14,403392752847.4195,1199368909290.6638,607384348213.0873,66735683578.121056
2024-07-15,204180734357.4401,2024-07-15,404311576837.65955,1276977095689.4146,608492311195.0996,66766589825.00525
2024-07-16,204370934107.68472,2024-07-16,404808925148.616,1283374117245.731,609179859256.3008,66796842507.1829
2024-07-17,204557694987.66983,2024-07-17,405326809609.329,1264238928023.1077,609884504596.9988,66830073361.86148
2024-07-18,204744036680.2583,2024-07-18,405738227901.20544,1262233142119.9087,610482264581.4637,66856629679.46606
2024-07-19,204939683591.52136,2024-07-19,406910784644.0525,1315431551920.707,611850468235.5739,66887386440.17095
2024-07-20,205136873021.1992,2024-07-20,407165549393.11816,1324581265302.3196,612302422414.3174,66922497393.88624
2024-07-21,205337572413.9496,2024-07-21,407309116648.2536,1344908724450.708,612646689062.2032,66958628377.036766
2024-07-22,205536034963.59656,2024-07-22,407812740156.7259,1332604854408.5464,613348775120.3224,66997333887.35328
2024-07-23,205728856243.47388,2024-07-23,409610972293.2785,1300953725946.5942,615339828536.7523,67033259243.17172
2024-07-24,205919660765.48987,2024-07-24,409803192675.9485,1289880150338.3357,615722853441.4384,67062827663.13554
2024-07-25,206111877494.82443,2024-07-25,409707858179.02246,1298287333573.9346,615819735673.8469,67096451959.98323
2024-07-26,206311402393.54437,2024-07-26,410393242409.7295,1340211401818.997,616704644803.2739,67130769921.608574
2024-07-27,206510782299.38397,2024-07-27,410780693400.3921,1339786167091.5898,617291475699.7761,67164321032.123146
2024-07-28,206711284821.946,2024-07-28,410772718006.8522,1346568125587.0256,617484002828.7982,67196247855.26362
2024-07-29,206906680102.54205,2024-07-29,411582690553.6262,1317924245571.7644,618489370656.1683,67235138927.7467
2024-07-30,207099873056.7564,2024-07-30,411644585825.6565,1305788203673.5496,618744458882.4128,67266897539.016945
2024-07-31,207287653454.01184,2024-07-31,411607708617.9175,1275382553043.212,618895362071.9293,67296694655.83185
2024-08-01,207477813687.7628,2024-08-01,411652437086.9038,1289299383496.8867,619130250774.6666,67325341555.08915
2024-08-02,207654399528.3798,2024-08-02,411487117787.0249,1212427832639.1326,619141517315.4047,67350682871.99997
2024-08-03,207828379416.56107,2024-08-03,411340348015.1679,1197947923056.119,619168727431.729,67377222647.05044
2024-08-04,207993466957.1315,2024-08-04,411076583500.4586,1147671747884.15,619070050457.5901,67404476956.21323
2024-08-05,208144176505.4663,2024-08-05,408985448679.8303,1066133635175.6908,617129625185.2966,67430809894.74216
2024-08-06,208301819272.45145,2024-08-06,408540015229.8736,1105919734485.4983,616841834502.3251,67455892380.94437
2024-08-07,208456337336.5092,2024-08-07,408538382112.68665,1088436712145.4948,616994719449.1959,67477749802.918144
2024-08-08,208633499732.0095,2024-08-08,408884445604.0505,1217750504501.6753,617517945336.0599,67501779026.42416
2024-08-09,208807639885.43524,2024-08-09,409304716113.49176,1200884093951.9043,618112355998.927,67526761834.97156
2024-08-10,208982010838.87463,2024-08-10,409977238947.5801,1202547703536.8066,618959249786.4547,67551856654.830444
2024-08-11,209148663844.74945,2024-08-11,409824767407.6531,1158904144325.0022,618973431252.4025,67582660142.12848
2024-08-12,209317479835.29883,2024-08-12,409788416526.975,1171568625966.8694,619105896362.2738,67608414181.147675
2024-08-13,209490548503.0477,2024-08-13,409463285196.5712,1196155023339.2998,618953833699.6189,67636722781.79265
2024-08-14,209656968268.5219,2024-08-14,409265138189.4129,1158582471002.5312,618922106457.9348,67662041150.0802
2024-08-15,209819376729.65448,2024-08-15,408979861399.4937,1136034830568.753,618799238129.1482,67691798835.91721
2024-08-16,209986331493.8196,2024-08-16,408828698268.84326,1162296306291.6606,618815029762.6628,67718285704.8887
2024-08-17,210155361980.6376,2024-08-17,408701307424.7241,1174474289277.2473,618856669405.3617,67746324235.09976
2024-08-18,210320681323.7816,2024-08-18,408660659203.0885,1153632853303.507,618981340526.8701,67775662074.336494
2024-08-19,210489450554.1779,2024-08-19,408444598756.3504,1173655448425.6462,618934049310.5283,67800210555.527695
2024-08-20,210656672770.17496,2024-08-20,408362184186.4319,1165161081681.5093,619018856956.6068,67828838101.34128
2024-08-21,210831232275.4196,2024-08-21,408388895416.49176,1207391447717.17,619220127691.9114,67857069940.66273
2024-08-22,211003071348.30365,2024-08-22,408522433683.4509,1192204177516.1487,619525505031.7545,67893492570.516174
2024-08-23,211187531995.3309,2024-08-23,408984146018.1593,1264642287168.0676,620171678013.4902,67925733421.432144
2024-08-24,211372323294.79135,2024-08-24,409358212289.9108,1266900225812.952,620730535584.7021,67956860621.2552
2024-08-25,211557309833.6368,2024-08-25,409336205325.2141,1268385406257.4731,620893515158.8508,67983970335.94116
2024-08-26,211737369145.76273,2024-08-26,409480100909.1018,1240596278633.299,621217470054.8645,68011189558.88503
2024-08-27,211905612409.9325,2024-08-27,409147530326.0237,1173415867140.2134,621053142735.9562,68039179195.828285
2024-08-28,212072478749.8365,2024-08-28,408660442755.5517,1165880477640.838,620732921505.3881,68069465193.03777
2024-08-29,212240390570.22705,2024-08-29,409387718260.1745,1172192267743.3306,621628108830.4015,68094562025.65001
2024-08-30,212407416871.8199,2024-08-30,409242822010.2503,1167463809379.612,621650238882.0702,68121259830.626015
2024-08-31,212573952613.016,2024-08-31,409236324807.9931,1164991856513.757,621810277421.0092,68148784111.71345
2024-09-01,212734710352.01303,2024-09-01,408957105142.8419,1132268977414.896,621691815494.855,68175010243.13381
2024-09-02,212901708066.20505,2024-09-02,408736858779.69226,1168295630958.4946,621638566845.8972,68205842859.58621
2024-09-03,213062868601.18832,2024-09-03,408461346360.62085,1135223449775.7007,621524214961.8092,68233635428.52368
2024-09-04,213225695608.79123,2024-09-04,408309879389.24915,1145084660120.2805,621535574998.0404,68261100747.76702
2024-09-05,213382265233.36017,2024-09-05,407964249062.6289,1109586796265.6875,621346514295.989,68289262474.22153
2024-09-06,213531226259.4204,2024-09-06,407543057645.1055,1066333100454.428,621074283904.5259,68314739936.95893
2024-09-07,213680764644.6664,2024-09-07,407299261562.55725,1069937558563.4664,620980026207.2236,68341898046.68687
2024-09-08,213832726523.8997,2024-09-08,407107303930.6519,1084118408892.641,620940030454.5515,68370633517.94802
2024-09-09,213992045467.66757,2024-09-09,407363090202.4102,1126570955370.2356,621355135670.0778,68396257213.08503
2024-09-10,214153404841.4882,2024-09-10,407167322867.72943,1138581257459.8457,621320727709.2177,68421105845.85653
2024-09-11,214313675040.1446,2024-09-11,406927886172.9406,1132661913341.3804,621241561213.0852,68440669862.7501
2024-09-12,214476626135.30603,2024-09-12,407051155581.6967,1148349352505.3977,621527781717.0027,68468711607.29163
2024-09-13,214647861505.78052,2024-09-13,407599208075.7806,1196169005065.5068,622247069581.561,68491724147.52267
2024-09-14,214817157906.27304,2024-09-14,407622391257.781,1185393421929.9993,622439549164.0541,68518223538.47426
2024-09-15,214983380987.9677,2024-09-15,407595899207.5781,1168106531425.2424,622579280195.5459,68546926185.41063
2024-09-16,215146387376.92636,2024-09-16,407530943346.9929,1149988028054.7878,622677330723.9193,68570108564.86969
2024-09-17,215316577124.98837,2024-09-17,407793062046.38617,1191524972008.6326,623109639171.3745,68598407391.86408
2024-09-18,215491716330.4906,2024-09-18,408050344417.6747,1220265338296.8416,623542060748.1653,68624769590.77037
2024-09-19,215670893385.08783,2024-09-19,408755284508.1678,1243788832663.8618,624426177893.2556,68649301273.91639
2024-09-20,215850877374.44705,2024-09-20,409608315947.40155,1248778992307.1484,625459193321.8486,68678578850.81849
2024-09-21,216031371156.42477,2024-09-21,409736646651.6356,1252065679708.525,625768017808.0604,68705590020.86606
2024-09-22,216212503597.24332,2024-09-22,409730075191.53687,1256093846336.4895,625942578788.7802,68732683339.4921
2024-09-23,216392762169.41577,2024-09-23,410379695597.0555,1251437483583.6729,626772457766.4712,68762162091.70642
2024-09-24,216576185239.7498,2024-09-24,410614068339.06696,1269974878167.8645,627190253578.8168,68791394005.99632
2024-09-25,216755662920.9493,2024-09-25,411293890020.29376,1247675463731.1162,628049552941.243,68820512670.24051
2024-09-26,216942052498.67435,2024-09-26,411853903816.2821,1287750176529.0308,628795956314.9564,68847168404.65637
2024-09-27,217130482339.33813,2024-09-27,412360567395.6944,1299848346793.468,629491049735.0326,68875998259.68048
2024-09-28,217319159882.68228,2024-09-28,412716267250.7149,1301649001481.475,630035427133.3971,68903182833.3423
2024-09-29,217506860718.50833,2024-09-29,412721469257.4943,1296411265046.5266,630228329976.0027,68935512358.65639
2024-09-30,217686612262.0475,2024-09-30,412662545261.12463,1251078236068.7444,630349157523.1721,68963399326.00482
2024-10-01,217857720948.99612,2024-10-01,412517041550.6403,1201732670903.5996,630374762499.6365,68994689283.74953
2024-10-02,218028205519.76828,2024-10-02,412181803673.1514,1198484972030.51,630210009192.9198,69024798298.57222
2024-10-03,218198985085.8543,2024-10-03,411903916546.795,1200523049212.7212,630102901632.6493,69055273042.41985
2024-10-04,218374322789.29257,2024-10-04,412124245029.1844,1227092130669.4993,630498567818.4769,69088252715.50839
2024-10-05,218549532384.96887,2024-10-05,412096306776.9728,1226705545906.428,630645839161.9417,69118295227.90176
2024-10-06,218727264492.364,2024-10-06,412082374940.8163,1241575542551.4065,630809639433.1803,69148473253.92964
2024-10-07,218902908153.01416,2024-10-07,412330245363.1181,1229907818855.2507,631233153516.1322,69180008795.32475
2024-10-08,219078111916.392,2024-10-08,417450705930.20935,1227726177682.5735,636528817846.6013,69213636773.46962
2024-10-09,219248016607.84177,2024-10-09,417501097454.0325,1197559229975.501,636749114061.8743,69239126477.18364
2024-10-10,219416850497.88623,2024-10-10,417049213790.2562,1191731223264.2612,636466064288.1425,69269910582.46332
2024-10-11,219593311543.77505,2024-10-11,418537496297.2676,1236008935863.0464,638130807841.0426,69299669756.11491
2024-10-12,219772024072.44415,2024-10-12,418892698536.9551,1249334901735.5847,638664722609.3993,69330625139.72653
2024-10-13,219949474069.5048,2024-10-13,418928173594.03125,1242416357132.733,638877647663.536,69359232978.37213
2024-10-14,220137912934.39233,2024-10-14,419479767998.21027,1306111091281.1824,639617680932.6025,69389138851.94612
2024-10-15,220329682516.1083,2024-10-15,420839180270.9412,1325689551527.188,641168862787.0496,69423073357.7108
2024-10-16,220523274760.33847,2024-10-16,421577295352.9208,1336582562747.1614,642100570113.2593,69456266799.72643
2024-10-17,220716123990.74048,2024-10-17,422041218016.8558,1332684786488.6204,642757342007.5963,69493407335.64954
2024-10-18,220912363109.0339,2024-10-18,422629245465.3304,1352623358307.3962,643541608574.3643,69524089203.06775
2024-10-19,221108356921.64725,2024-10-19,422902176064.5586,1351600668075.2512,644010532986.2058,69562073682.55496
2024-10-20,221306539858.79645,2024-10-20,424230002478.3765,1364623904272.5415,645536542337.173,69600018819.96239
2024-10-21,221498905799.83475,2024-10-21,425845522300.7509,1331450385590.7766,647344428100.5857,69637682960.8678
2024-10-22,221691343195.19867,2024-10-22,426129880435.1328,1332247551840.4402,647821223630.3314,69668442974.17995
2024-10-23,221881081741.0904,2024-10-23,426229097485.9511,1317051968628.3538,648110179227.0415,69701460624.65915
2024-10-24,222076038951.60385,2024-10-24,426532560807.6821,1347564015245.4326,648608599759.2859,69735694599.75804
2024-10-25,222265519650.95312,2024-10-25,426833452500.30707,1316327077693.7556,649098972151.2603,69770471175.20486
2024-10-26,222456439900.0872,2024-10-26,426858186345.8717,1325020878649.4563,649314626245.9589,69801719086.90982
2024-10-27,222650476189.9406,2024-10-27,426893308205.0127,1343404086383.1963,649543784394.9532,69835993829.16496
2024-10-28,222851230067.9892,2024-10-28,427441106464.69025,1382606383554.576,650292336532.6794,69872743585.97919
2024-10-29,223061466281.0878,2024-10-29,429183661177.4016,1437806305564.9187,652245127458.4894,69908685394.94736
2024-10-30,223270320979.77563,2024-10-30,429943177427.4786,1430241624696.7212,653213498407.2542,69947484505.37553
2024-10-31,223471841598.4623,2024-10-31,430383922120.0004,1388261017607.6467,653855763718.4628,69987507619.61082
2024-11-01,223670785271.2298,2024-11-01,430745052128.7779,1373764157539.8752,654415837400.0077,70021164043.5044
2024-11-02,223869282235.34515,2024-11-02,430835883152.2271,1371578728750.3992,654705165387.5723,70052510625.22337
2024-11-03,224065674399.44513,2024-11-03,430804234356.6971,1359801559389.5645,654869908756.1422,70081159454.29552
2024-11-04,224258778625.0115,2024-11-04,431089903700.14954,1341173619300.9097,655348682325.161,70112377106.6136
2024-11-05,224457179110.3903,2024-11-05,431548880482.5757,1372203987026.61,656006059592.966,70144296742.83716
2024-11-06,224676932204.0707,2024-11-06,434934729360.39014,1496168332239.1365,659611661564.4608,70180355647.64732
2024-11-07,224897511199.86575,2024-11-07,436343536891.9705,1501388159865.7656,661241048091.8363,70217611478.87703
2024-11-08,225120233493.3068,2024-11-08,437757944133.05835,1514236867930.0674,662878177626.3651,70252041290.33472
2024-11-09,225343440575.76508,2024-11-09,438048399275.255,1517489240926.6228,663391839851.02,70286246422.67075
2024-11-10,225579239679.39575,2024-11-10,439573154420.82007,1590856049701.3018,665152394100.2158,70323691817.2239
2024-11-11,225843314931.2805,2024-11-11,443477276894.42975,1755103098595.5884,669320591825.7102,70360474253.77797
2024-11-12,226104910514.3965,2024-11-12,448386992202.32074,1741266527922.3262,674491902716.7173,70402381251.44316
2024-11-13,226374821980.31125,2024-11-13,452906578754.48914,1789971944024.481,679281400734.8004,70442893275.31602
2024-11-14,226633877398.43143,2024-11-14,457483458276.79987,1727600969986.7915,684117335675.2313,70480787235.89001
2024-11-15,226905562041.65048,2024-11-15,460438312163.26465,1801318069496.0454,687343874204.9152,70526301466.69388
2024-11-16,227175610507.02243,2024-11-16,461387697815.2725,1792376515802.7332,688563308322.2949,70572654327.94266
2024-11-17,227443120665.30457,2024-11-17,461848490653.79895,1778199508226.8,689291611319.1035,70615873248.6265
2024-11-18,227712712664.5295,2024-11-18,464035726723.8456,1790807124170.823,691748439388.3751,70661839758.0183
2024-11-19,227988670804.1868,2024-11-19,468529062824.20154,1828269922676.7249,696517733628.3883,70714393360.5731
2024-11-20,228271210840.2493,2024-11-20,472275683606.8656,1867003420002.7908,700546894447.1149,70759294900.91295
2024-11-21,228567527186.7036,2024-11-21,482530782231.65265,1947498652968.2932,711098309418.3563,70805267466.74196
2024-11-22,228865614483.4972,2024-11-22,487586272400.68506,1958368110479.6848,716451886884.1823,70851230357.04222
2024-11-23,229159444603.728,2024-11-23,490328862694.2548,1934255632303.0947,719488307297.9828,70894984013.41736
2024-11-24,229454062488.4464,2024-11-24,491515450346.2819,1939416265394.1875,720969512834.7283,70936660812.35733
2024-11-25,229731454892.18185,2024-11-25,493987753296.9135,1839994358576.4053,723719208189.0953,70988882545.32686
2024-11-26,230005396636.9213,2024-11-26,495512391433.7971,1820511166594.0967,725517788070.7184,71030945860.3306
2024-11-27,230292672006.3809,2024-11-27,497530030960.263,1898500742458.1096,727822702966.6439,71071079598.7508
2024-11-28,230578895541.93033,2024-11-28,499047352670.265,1892965190013.266,729626248212.1953,71114759569.78856
2024-11-29,230871301867.2165,2024-11-29,500914889111.278,1929459645454.363,731786190978.4945,71152646851.16371
2024-11-30,231160103071.5508,2024-11-30,501336898487.7545,1909095100253.892,732497001559.3053,71203221438.53438
2024-12-01,231451522096.26065,2024-12-01,501827647235.0204,1924887474685.411,733279169331.281,71253043641.26433
2024-12-02,231738071238.5757,2024-12-02,503976683754.2336,1897161686373.5935,735714754992.8093,71293047467.21349
2024-12-03,232024764297.5035,2024-12-03,506074160248.82825,1898571515844.794,738098924546.3318,71341425642.0862
2024-12-04,232320933522.82617,2024-12-04,508668798191.40027,1954248809548.8396,740989731714.2264,71386914100.90492
2024-12-05,232611230480.73752,2024-12-05,517383070162.7746,1920688040735.1812,749994300643.5121,71437383254.03119
2024-12-06,232911114827.0568,2024-12-06,522595437622.5813,1977038473020.0776,755506552449.6381,71480842764.10815
2024-12-07,233211038001.70148,2024-12-07,523169279434.081,1977864144909.793,756380317435.7825,71527011227.40211
2024-12-08,233515114306.6445,2024-12-08,523649013459.8639,2002631056465.203,757164127766.5084,71574110569.47977
2024-12-09,233806046359.77823,2024-12-09,529254876775.5438,1926739663544.9316,763060923135.322,71627124187.72552
2024-12-10,234094552451.74997,2024-12-10,531825984603.9799,1913200007727.146,765920537055.7299,71675291624.33853
2024-12-11,234398400778.2147,2024-12-11,534489473554.07214,2003099509129.4531,768887874332.2869,71721088432.42583
2024-12-12,234698183504.00305,2024-12-12,535881145532.4748,1980033213043.829,770579329036.4778,71769696215.24802
2024-12-13,235002627627.6489,2024-12-13,537446763287.3388,2007780759617.379,772449390914.9877,71824521785.30263
2024-12-14,235306890724.00876,2024-12-14,538031161915.0488,2007335163923.858,773338052639.0575,71876180208.61157
2024-12-15,235621281716.20496,2024-12-15,539103501057.4154,2066948811259.022,774724782773.6204,71921073708.5696
2024-12-16,235941234079.52237,2024-12-16,542725298889.0727,2099983702766.724,778666532968.5951,71971084738.68811
2024-12-17,236261266377.57745,2024-12-17,547087593003.315,2101089467144.5024,783348859380.8925,72017782321.26361
2024-12-18,236560920498.0847,2024-12-18,549372323507.3536,1982945134814.364,785933244005.4382,72065978119.41849
2024-12-19,236851056711.75195,2024-12-19,554115301543.36,1928055046178.329,790966358255.1119,72113597067.26804
2024-12-20,237142401067.27905,2024-12-20,555844115099.8629,1935679993790.209,792986516167.142,72160533995.78021
2024-12-21,237431844872.3739,2024-12-21,556060513100.594,1925178672380.3523,793492357972.9678,72205824289.26384
2024-12-22,237713930968.22104,2024-12-22,556303078096.2002,1882840041948.7495,794017009064.4213,72253224376.48184
2024-12-23,237994805110.28165,2024-12-23,562388988151.3278,1876333675749.913,800383793261.6095,72295014351.17271
2024-12-24,238288615840.16147,2024-12-24,564656348620.6494,1952380413958.9668,802944964460.8109,72335773028.48044
2024-12-25,238584843256.2486,2024-12-25,564937860559.7811,1967071816124.6611,803522703816.0297,72382648732.1319
2024-12-26,238868737070.49496,2024-12-26,565566882454.1202,1895673037012.213,804435619524.6151,72423261318.58083
2024-12-27,239147214440.34903,2024-12-27,566687579008.0509,1864619622278.6384,805834793448.4,72471053842.85313
2024-12-28,239429654274.72485,2024-12-28,566805281813.2574,1888313407360.671,806234936087.9822,72513875265.30962
2024-12-29,239705978119.50613,2024-12-29,567614226690.2059,1853160907797.476,807320204809.712,72560898016.03128
