start_time,date,range_001_01,range_001_01_percent,range_01_1,range_01_1_percent,range_0_001,range_0_001_percent,range_100_1k,range_100_1k_percent,range_10_100,range_10_100_percent,range_10k_inf,range_10k_inf_percent,range_1_10,range_1_10_percent,range_1k_10k,range_1k_10k_percent
2021-01-01,2021-01-01,8160006,7.06374089,2913189,2.52181337,103471445,89.5704583,20766,0.01797617,147035,0.12728142,50,4.328e-05,805172,0.69700027,1948,0.00168629
2021-01-02,2021-01-02,8155556,7.0658243,2912476,2.52331585,103379004,89.56567507,20566,0.01781801,146697,0.12709559,50,4.332e-05,806273,0.69854016,1948,0.00168771
2021-01-03,2021-01-03,8145991,7.05479356,2910334,2.52047977,103435075,89.57941407,20609,0.01784832,146191,0.12660796,50,4.33e-05,807256,0.6991199,1955,0.00169312
2021-01-04,2021-01-04,8139538,7.04920601,2909755,2.5199787,103441750,89.5852081,20701,0.017928,145963,0.12641052,50,4.33e-05,807729,0.69952964,1958,0.00169572
2021-01-05,2021-01-05,8160191,7.06041366,2914912,2.52205917,103525899,89.57335334,20673,0.01788683,145550,0.12593372,50,4.326e-05,807405,0.69858822,1990,0.0017218
2021-01-06,2021-01-06,8147056,7.04484291,2911177,2.51732462,103611843,89.59422373,20667,0.01787097,145737,0.12602028,50,4.324e-05,807140,0.69794224,2003,0.00173201
2021-01-07,2021-01-07,8164439,7.04849742,2913020,2.51485913,103779815,89.59485863,20683,0.01785598,145210,0.12536223,50,4.317e-05,807087,0.69677177,2029,0.00175167
2021-01-08,2021-01-08,8189072,7.05670846,2918400,2.51485125,103963440,89.58764634,20704,0.0178411,145323,0.12522811,50,4.309e-05,807584,0.69591339,2052,0.00176825
2021-01-09,2021-01-09,8198081,7.05666349,2920848,2.5141788,104080110,89.58905292,20706,0.01782311,145158,0.12494767,49,4.218e-05,808014,0.69551434,2065,0.00177749
2021-01-10,2021-01-10,8186181,7.04905228,2921457,2.51564229,104046368,89.59346088,20747,0.01786507,145393,0.1251967,49,4.219e-05,809389,0.69695813,2070,0.00178246
2021-01-11,2021-01-11,8187877,7.04676272,2918950,2.51214668,104110746,89.60121454,20792,0.0178943,144963,0.12476004,49,4.217e-05,807998,0.69539029,2079,0.00178926
2021-01-12,2021-01-12,8192386,7.04592556,2911214,2.50381234,104193306,89.6122665,20824,0.01790984,145054,0.12475483,50,4.3e-05,806351,0.69350847,2069,0.00177946
2021-01-13,2021-01-13,8204036,7.0544536,2912581,2.50445848,104204225,89.60271141,20820,0.01790262,145044,0.12471985,50,4.299e-05,807015,0.69393282,2068,0.00177822
2021-01-14,2021-01-14,8206026,7.04959918,2915746,2.50484712,104310444,89.61058863,20872,0.01793063,143602,0.12336502,51,4.381e-05,805325,0.6918353,2084,0.00179031
2021-01-15,2021-01-15,8214562,7.052729,2919051,2.50619274,104367873,89.60652122,20990,0.01802126,143644,0.1233276,52,4.465e-05,805267,0.69137343,2085,0.00179011
2021-01-16,2021-01-16,8215116,7.05173155,2921577,2.50783759,104388308,89.60534767,20967,0.01799776,143520,0.1231954,52,4.464e-05,806232,0.69205738,2083,0.00178802
2021-01-17,2021-01-17,8207286,7.04763725,2921017,2.50829181,104352604,89.60809933,20983,0.01801821,143445,0.12317693,52,4.465e-05,806962,0.69294228,2084,0.00178954
2021-01-18,2021-01-18,8195787,7.03752375,2921260,2.50841519,104367502,89.61784566,20978,0.0180133,143463,0.1231882,52,4.465e-05,807268,0.69318148,2082,0.00178776
2021-01-19,2021-01-19,8186328,7.02633027,2921398,2.50743767,104427409,89.63010823,21117,0.01812473,143795,0.12341934,51,4.377e-05,807102,0.69273613,2097,0.00179986
2021-01-20,2021-01-20,8210333,7.04029944,2925361,2.50847528,104509375,89.61601123,21151,0.01813683,143560,0.12310163,51,4.373e-05,807151,0.69212598,2106,0.00180588
2021-01-21,2021-01-21,8234118,7.05268289,2927882,2.50778812,104615224,89.60498261,21132,0.01809997,143582,0.12298079,51,4.368e-05,807475,0.69161811,2106,0.00180383
2021-01-22,2021-01-22,8247728,7.0559848,2932282,2.50858627,104735993,89.60232132,21121,0.01806915,143578,0.12283191,51,4.363e-05,806953,0.69035353,2115,0.0018094
2021-01-23,2021-01-23,8226979,7.04238583,2934388,2.51186887,104684494,89.61109504,21156,0.01810977,143615,0.12293604,51,4.366e-05,808114,0.6917546,2110,0.00180618
2021-01-24,2021-01-24,8174342,7.00479111,2925852,2.50723325,104621318,89.65253456,21153,0.01812652,143537,0.12300032,51,4.37e-05,808081,0.69246413,2108,0.0018064
2021-01-25,2021-01-25,8180639,7.00819791,2928157,2.50849643,104647333,89.64938069,21138,0.01810852,143298,0.12276067,51,4.369e-05,806833,0.69119849,2117,0.00181359
2021-01-26,2021-01-26,8162137,6.99534998,2926102,2.5078123,104618999,89.66359085,21175,0.01814801,143276,0.12279453,51,4.371e-05,805608,0.6904454,2118,0.00181523
2021-01-27,2021-01-27,8176393,6.99960745,2929557,2.50792116,104734258,89.66040309,21208,0.01815564,143308,0.12268243,51,4.366e-05,805285,0.68938453,2105,0.00180204
2021-01-28,2021-01-28,8190737,7.00752616,2935093,2.51109772,104787419,89.65012303,21178,0.01811869,143142,0.12246411,50,4.278e-05,805131,0.68882404,2108,0.00180348
2021-01-29,2021-01-29,8212074,7.01353153,2937011,2.50835772,104967462,89.64758526,21202,0.01810759,143617,0.12265627,50,4.27e-05,805481,0.687922,2104,0.00179692
2021-01-30,2021-01-30,8217251,7.01067057,2937151,2.5058743,105083564,89.65361401,21193,0.01808112,143574,0.12249231,50,4.266e-05,805741,0.68742998,2104,0.00179506
2021-01-31,2021-01-31,8210488,7.00651394,2938460,2.50756848,105060923,89.65494151,21210,0.0180998,143525,0.1224787,50,4.267e-05,806880,0.68856029,2103,0.00179462
2021-02-01,2021-02-01,8232068,7.01391675,2945232,2.50940736,105215234,89.64586931,21139,0.01801093,143443,0.12221683,50,4.26e-05,808361,0.6887427,2105,0.00179351
2021-02-02,2021-02-02,8251427,7.01922966,2950364,2.50978194,105376815,89.64074522,21138,0.01798143,143277,0.12188124,50,4.253e-05,809418,0.68854646,2106,0.00179151
2021-02-03,2021-02-03,8260854,7.01900318,2953060,2.50912769,105502870,89.64266644,21139,0.01796118,143228,0.12169659,50,4.248e-05,809389,0.68771388,2105,0.00178856
2021-02-04,2021-02-04,8263365,7.01112934,2946072,2.49962235,105676125,89.66189692,21134,0.01793134,143073,0.12139163,50,4.242e-05,808765,0.68620423,2100,0.00178176
2021-02-05,2021-02-05,8237524,6.98643138,2948758,2.5009087,105745676,89.68531195,21036,0.01784111,143291,0.12152835,50,4.241e-05,809031,0.68615758,2097,0.00177851
2021-02-06,2021-02-06,8225623,6.97545088,2948552,2.50041604,105773210,89.69725834,21034,0.01783715,143421,0.12162315,50,4.24e-05,808467,0.68559206,2099,0.00177998
2021-02-07,2021-02-07,8210553,6.96914617,2948846,2.50299082,105677685,89.69958951,20981,0.01780875,143420,0.1217354,50,4.244e-05,809261,0.68690357,2101,0.00178334
2021-02-08,2021-02-08,8207392,6.96547858,2940721,2.49574154,105705002,89.7100964,21004,0.01782575,143389,0.12169189,50,4.243e-05,809893,0.68734287,2098,0.00178054
2021-02-09,2021-02-09,8242853,6.97825313,2944583,2.49283173,105965038,89.70812146,21053,0.0178231,143440,0.12143376,50,4.233e-05,802884,0.67970735,2111,0.00178714
2021-02-10,2021-02-10,8245240,6.96684799,2947111,2.49017304,106186794,89.72294949,21123,0.01784796,143476,0.12123061,51,4.309e-05,803767,0.67914609,2085,0.00176173
2021-02-11,2021-02-11,8270205,6.97281824,2952715,2.48950842,106412640,89.71917835,21207,0.01788016,143529,0.12101292,51,4.3e-05,803926,0.67781027,2074,0.00174864
2021-02-12,2021-02-12,8297143,6.98054758,2955466,2.48649096,106638950,89.71742007,21126,0.01777371,143163,0.12044581,51,4.291e-05,802929,0.67551976,2091,0.0017592
2021-02-13,2021-02-13,8282745,6.96864391,2959645,2.49008174,106645177,89.72535841,21112,0.01776247,143239,0.12051338,51,4.291e-05,803282,0.67583708,2092,0.00176009
2021-02-14,2021-02-14,8260248,6.95538466,2961052,2.4932975,106569032,89.7344257,21094,0.0177618,143322,0.12068156,51,4.294e-05,803587,0.67664514,2091,0.00176069
2021-02-15,2021-02-15,8260232,6.9536867,2961564,2.49312467,106596981,89.73622158,21094,0.0177575,143210,0.12055805,50,4.209e-05,804025,0.67684999,2090,0.00175942
2021-02-16,2021-02-16,8281096,6.95849482,2964292,2.49085514,106790939,89.73500559,21094,0.01772501,143370,0.1204719,50,4.201e-05,804069,0.67564849,2091,0.00175704
2021-02-17,2021-02-17,8297721,6.96051327,2967234,2.48905352,106975084,89.73566256,21055,0.01766191,143296,0.12020333,50,4.194e-05,804806,0.6751086,2092,0.00175487
2021-02-18,2021-02-18,8314055,6.96250717,2968046,2.48555507,107158178,89.73835064,21116,0.01768334,143324,0.12002499,50,4.187e-05,804957,0.67410173,2072,0.00173517
2021-02-19,2021-02-19,8328464,6.96370929,2971964,2.48495921,107325301,89.73829935,21076,0.01762235,143493,0.11997933,50,4.181e-05,805678,0.67365451,2074,0.00173414
2021-02-20,2021-02-20,8331551,6.95802236,2974579,2.48419378,107461361,89.74542104,21092,0.0176148,143640,0.1199597,50,4.176e-05,805889,0.67303119,2054,0.00171538
2021-02-21,2021-02-21,8296086,6.93062622,2940437,2.456468,107502656,89.80870333,21082,0.0176121,143874,0.12019366,52,4.344e-05,795582,0.66463649,2055,0.00171677
2021-02-22,2021-02-22,8320223,6.94388888,2945868,2.45856151,107592126,89.79419992,21062,0.01757792,143607,0.11985148,51,4.256e-05,795804,0.66416183,2056,0.0017159
2021-02-23,2021-02-23,8352817,6.9570835,2946503,2.45415019,107799832,89.78676684,21139,0.01760673,143784,0.11975808,50,4.165e-05,795900,0.66290723,2024,0.00168579
2021-02-24,2021-02-24,8371678,6.96367014,2949344,2.45330252,107935750,89.78235415,21198,0.01763277,143847,0.1196538,50,4.159e-05,795452,0.66166727,2017,0.00167777
2021-02-25,2021-02-25,8381950,6.96698079,2950988,2.45282741,108014546,89.78045293,21073,0.01751564,143710,0.11945011,50,4.156e-05,795316,0.66105755,2014,0.00167401
2021-02-26,2021-02-26,8398273,6.96846947,2951705,2.44917809,108205251,89.78333859,21075,0.01748699,143795,0.11931394,50,4.149e-05,796017,0.66049534,2020,0.0016761
2021-02-27,2021-02-27,8383487,6.95639357,2954113,2.45124406,108213480,89.79265509,21072,0.01748498,143820,0.11933799,50,4.149e-05,796803,0.66116585,2021,0.00167697
2021-02-28,2021-02-28,8373337,6.95234481,2954754,2.45331922,108146734,89.79375665,21086,0.01750761,143914,0.11949116,50,4.151e-05,797140,0.66186183,2020,0.0016772
2021-03-01,2021-03-01,8407400,6.97277567,2960040,2.45494385,108242867,89.77248966,21067,0.01747216,143899,0.11934432,50,4.147e-05,797309,0.66125756,2020,0.00167531
2021-03-02,2021-03-02,8416966,6.97155289,2963406,2.45451172,108387761,89.77474885,21012,0.01740369,143902,0.11919026,50,4.141e-05,797896,0.6608764,2022,0.00167477
2021-03-03,2021-03-03,8434532,6.97883415,2965279,2.45350784,108493604,89.76892481,21002,0.01737731,143770,0.11895704,50,4.137e-05,798494,0.66068363,2023,0.00167385
2021-03-04,2021-03-04,8452124,6.98273903,2969581,2.45332524,108655157,89.7656738,20989,0.0173401,143840,0.1188337,51,4.213e-05,799345,0.66038046,2016,0.00166552
2021-03-05,2021-03-05,8460761,6.98310821,2974504,2.4550136,108760631,89.76583254,20886,0.01723831,143612,0.11853049,52,4.292e-05,797922,0.65856673,2020,0.00166721
2021-03-06,2021-03-06,8441181,6.97345326,2976425,2.45889297,108663567,89.76946535,20904,0.01726927,143677,0.11869487,52,4.296e-05,799536,0.66051503,2017,0.00166629
2021-03-07,2021-03-07,8435595,6.97675071,2980916,2.46539904,108526746,89.75822711,20907,0.01729136,143772,0.1189082,52,4.301e-05,800075,0.66171074,2019,0.00166984
2021-03-08,2021-03-08,8443441,6.98870519,2982961,2.46902122,108423731,89.74320908,20875,0.01727841,143851,0.11906665,51,4.221e-05,798598,0.6610061,2019,0.00167114
2021-03-09,2021-03-09,8457021,6.99154026,2985482,2.46814068,108552940,89.74226859,20879,0.01726097,143846,0.11891955,50,4.134e-05,798531,0.660157,2022,0.00167162
2021-03-10,2021-03-10,8460421,6.98570097,2987044,2.46637799,108697869,89.75094837,20859,0.01722311,143790,0.11872624,50,4.128e-05,798493,0.65930919,2026,0.00167285
2021-03-11,2021-03-11,8454877,6.97101652,2989411,2.46475892,108876480,89.76827707,20948,0.01727155,143799,0.11856177,50,4.122e-05,798585,0.65843054,1992,0.0016424
2021-03-12,2021-03-12,8460595,6.96819678,2991707,2.46398783,108999147,89.77235118,21002,0.01729737,143731,0.11837771,50,4.118e-05,799072,0.65812049,1976,0.00162745
2021-03-13,2021-03-13,8426336,6.93738794,2973354,2.44795724,109103820,89.82498745,21053,0.0173329,143928,0.11849567,50,4.116e-05,792142,0.65216915,1978,0.00162848
2021-03-14,2021-03-14,8409374,6.92772252,2974242,2.45020893,109043910,89.83141323,21042,0.0173346,143884,0.11853301,51,4.201e-05,792800,0.6531162,1978,0.0016295
2021-03-15,2021-03-15,8430129,6.94192439,2978246,2.45248424,109069838,89.81530037,21032,0.01731914,143898,0.11849511,51,4.2e-05,792753,0.65280512,1979,0.00162964
2021-03-16,2021-03-16,8444489,6.94540267,2982410,2.45296528,109196207,89.81142934,21127,0.01737648,143784,0.11825911,51,4.195e-05,793864,0.65293532,1933,0.00158985
2021-03-17,2021-03-17,8470111,6.95480104,2987118,2.45272008,109368958,89.80275967,21107,0.01733094,143844,0.11811019,51,4.188e-05,794853,0.65265313,1928,0.00158308
2021-03-18,2021-03-18,8471264,6.94253,2987090,2.44803632,109598615,89.82032348,21126,0.01731358,143838,0.11788083,51,4.18e-05,795933,0.65229802,1923,0.00157597
2021-03-19,2021-03-19,8471229,6.93325273,2987552,2.44515324,109761941,89.83434123,21125,0.01728969,143790,0.11768451,51,4.174e-05,794992,0.65065889,1928,0.00157797
2021-03-20,2021-03-20,8460230,6.92589562,2986047,2.44450208,109744439,89.84135529,21119,0.01728889,143756,0.11768463,51,4.175e-05,796024,0.6516583,1922,0.00157343
2021-03-21,2021-03-21,8441951,6.93193997,2988129,2.45364263,109390174,89.8235632,21191,0.01740057,143091,0.11749633,51,4.188e-05,796876,0.65433886,1920,0.00157657
2021-03-22,2021-03-22,8454336,6.93990648,2991873,2.45593726,109411884,89.81287746,21209,0.01740982,143153,0.11750993,51,4.186e-05,797627,0.65474767,1912,0.0015695
2021-03-23,2021-03-23,8467565,6.95094071,2995509,2.45898383,109390947,89.79795094,21141,0.01735444,143235,0.1175802,51,4.187e-05,798616,0.65557601,1915,0.001572
2021-03-24,2021-03-24,8482885,6.96274902,2999732,2.46217897,109384339,89.78262689,21147,0.01735745,143272,0.11759761,51,4.186e-05,799069,0.65587555,1916,0.00157265
2021-03-25,2021-03-25,8489534,6.9607723,3002306,2.46166261,109503820,89.78480522,21071,0.01727662,143632,0.11776732,52,4.264e-05,800216,0.65611627,1899,0.00155704
2021-03-26,2021-03-26,8509736,6.9668483,3006504,2.46139919,109663545,89.78060919,21114,0.01728585,143488,0.1174724,52,4.257e-05,799795,0.65478535,1902,0.00155715
2021-03-27,2021-03-27,8510725,6.97318345,3010117,2.46631139,109561128,89.76789217,21148,0.01732742,143411,0.11750247,52,4.261e-05,800886,0.6561985,1882,0.001542
2021-03-28,2021-03-28,8503430,6.9816515,3012659,2.47351189,109312140,89.74957944,21123,0.01734282,143531,0.11784461,52,4.269e-05,802009,0.65848103,1883,0.00154602
2021-03-29,2021-03-29,8515977,6.98887904,3016309,2.47541988,109349182,89.74052026,21149,0.01735653,143513,0.11777803,51,4.185e-05,802331,0.65845578,1887,0.00154862
2021-03-30,2021-03-30,8515980,6.97962536,3014126,2.47035224,109513106,89.75601767,21129,0.01731715,143326,0.11746878,51,4.18e-05,802386,0.6576288,1889,0.00154821
2021-03-31,2021-03-31,8515029,6.96867717,3011198,2.46435646,109695562,89.77455723,21120,0.01728455,143198,0.11719286,51,4.174e-05,801987,0.65634404,1889,0.00154595
2021-04-01,2021-04-01,8527084,6.97043206,3012821,2.46281895,109823550,89.77483903,21086,0.01723667,143343,0.11717518,50,4.087e-05,802392,0.65591226,1890,0.00154497
2021-04-02,2021-04-02,8535168,6.96758299,3015216,2.46143576,109978806,89.77989165,21111,0.01723371,143184,0.11688656,50,4.082e-05,802837,0.65538645,1889,0.00154206
2021-04-03,2021-04-03,8530606,6.95876378,3018728,2.46249974,110068436,89.78731939,21092,0.01720561,143336,0.11692503,50,4.079e-05,803816,0.65570555,1888,0.00154012
2021-04-04,2021-04-04,8516338,6.9566614,3022195,2.46871217,109910996,89.78196772,21067,0.0172088,143077,0.11687397,51,4.166e-05,804289,0.65699204,1888,0.00154223
2021-04-05,2021-04-05,8521293,6.9654399,3023557,2.47150339,109821650,89.76995654,21091,0.01724012,143110,0.11698038,51,4.169e-05,804113,0.65729471,1888,0.00154328
2021-04-06,2021-04-06,8542476,6.97149345,3027633,2.47084377,109994605,89.76632402,21019,0.01715355,143312,0.11695657,52,4.244e-05,803386,0.65564132,1893,0.00154487
2021-04-07,2021-04-07,8538367,6.96082994,3030242,2.47037861,110123774,89.77745541,21018,0.01713474,143359,0.11687219,52,4.239e-05,804358,0.65574591,1890,0.00154081
2021-04-08,2021-04-08,8547104,6.95983124,3030785,2.46794144,110259182,89.78307739,21041,0.0171335,143381,0.11675388,51,4.153e-05,802762,0.653682,1890,0.00153901
2021-04-09,2021-04-09,8552714,6.95569148,3032549,2.46629026,110405324,89.78967044,21078,0.01714217,143452,0.11666564,51,4.148e-05,802880,0.65296064,1891,0.0015379
2021-04-10,2021-04-10,8539829,6.94602032,3031848,2.46600697,110407867,89.80218314,21027,0.01710268,143431,0.11666213,51,4.148e-05,799684,0.65043707,1901,0.00154621
2021-04-11,2021-04-11,8531249,6.94728022,3034075,2.47074833,110267017,89.79410478,20951,0.0170611,143555,0.11690162,51,4.153e-05,801042,0.65231518,1900,0.00154723
2021-04-12,2021-04-12,8545734,6.9553794,3027213,2.46385096,110324521,89.79321158,20952,0.01705285,143460,0.1167622,51,4.151e-05,801264,0.65214938,1907,0.00155211
2021-04-13,2021-04-13,8555516,6.95250925,3031217,2.46327214,110501035,89.7969763,20974,0.0170442,143510,0.11662121,51,4.144e-05,802312,0.65198658,1906,0.00154888
2021-04-14,2021-04-14,8572239,6.951417,3033108,2.45961394,110742464,89.80349787,21005,0.01703342,143548,0.11640623,51,4.136e-05,802116,0.65045349,1895,0.0015367
2021-04-15,2021-04-15,8560437,6.9347638,3029610,2.45427071,110885284,89.82756999,21048,0.01705087,143386,0.11615622,51,4.131e-05,800666,0.6486152,1891,0.00153189
2021-04-16,2021-04-16,8603600,6.95195069,3036068,2.4532283,111151193,89.81328894,21048,0.01700738,143344,0.11582598,52,4.202e-05,800873,0.6471279,1892,0.00152879
2021-04-17,2021-04-17,8626776,6.95979629,3041462,2.4537505,111317286,89.80708827,20991,0.01693484,143436,0.1157194,53,4.276e-05,799665,0.64514316,1890,0.00152479
2021-04-18,2021-04-18,8638447,6.95861741,3041562,2.45010084,111493818,89.81276649,20936,0.01686479,143527,0.11561679,53,4.269e-05,800050,0.64447254,1885,0.00151844
2021-04-19,2021-04-19,8671457,6.97005175,3048334,2.45022788,111724134,89.80301651,20927,0.01682096,143589,0.11541576,54,4.34e-05,799842,0.64290697,1887,0.00151676
2021-04-20,2021-04-20,8698721,6.97785027,3047903,2.44493538,111949228,89.80227672,20937,0.01679503,143532,0.11513702,54,4.332e-05,799642,0.64144857,1887,0.00151369
2021-04-21,2021-04-21,8727014,6.98433856,3051711,2.44232252,112205861,89.79975525,21010,0.01681457,143772,0.11506253,54,4.322e-05,799885,0.64015798,1881,0.00150539
2021-04-22,2021-04-22,8722174,6.97758765,3054068,2.44320133,112259780,89.80587342,21017,0.01681323,143876,0.1150983,54,4.32e-05,799871,0.6398829,1875,0.00149997
2021-04-23,2021-04-23,8741104,6.98423203,3052761,2.43918745,112396197,89.80571777,20878,0.01668174,144158,0.11518373,54,4.315e-05,797796,0.63744721,1886,0.00150693
2021-04-24,2021-04-24,8731800,6.97887009,3052126,2.43940434,112368191,89.81000566,20887,0.01669388,144229,0.11527468,54,4.316e-05,798505,0.6382032,1883,0.00150498
2021-04-25,2021-04-25,8682899,6.95135326,3036060,2.43060821,112228838,89.84813698,20885,0.01672011,144207,0.11544921,54,4.323e-05,794639,0.63617191,1895,0.0015171
2021-04-26,2021-04-26,8700482,6.95784215,3038646,2.4300285,112345134,89.84326481,20913,0.01672429,143661,0.1148868,54,4.318e-05,794910,0.63569562,1894,0.00151465
2021-04-27,2021-04-27,8704271,6.95876756,3038702,2.42933853,112378641,89.84288769,20924,0.01672802,143511,0.11473215,54,4.317e-05,795519,0.63599029,1892,0.00151259
2021-04-28,2021-04-28,8713061,6.96537862,3042109,2.43191698,112372753,89.83281202,20946,0.01674461,143482,0.11470211,54,4.317e-05,796692,0.63689,1892,0.0015125
2021-04-29,2021-04-29,8702507,6.9505089,3041906,2.4295062,112499793,89.85121331,20965,0.0167443,143276,0.11443152,54,4.313e-05,796361,0.63603674,1898,0.00151589
2021-04-30,2021-04-30,8690658,6.94121328,3028078,2.41852058,112522389,89.87143442,20960,0.01674072,143571,0.11466991,54,4.313e-05,796127,0.63586524,1894,0.00151273
2021-05-01,2021-05-01,8673461,6.93048244,3028978,2.42028861,112483508,89.87934306,20915,0.01671202,143673,0.11480114,54,4.315e-05,796972,0.6368162,1894,0.00151339
2021-05-02,2021-05-02,8646309,6.94271358,3029118,2.43228627,111897744,89.8503612,20923,0.01680051,143628,0.11532876,54,4.336e-05,798220,0.6409455,1894,0.00152082
2021-05-03,2021-05-03,8638546,6.95327408,3033532,2.44172797,111600005,89.82824446,20917,0.01683636,143556,0.11555003,54,4.347e-05,798593,0.64279753,1896,0.00152611
2021-05-04,2021-05-04,8589865,6.92781934,3024596,2.4393695,111412789,89.85562343,20892,0.01684962,143282,0.11555849,54,4.355e-05,797506,0.64319724,1908,0.00153882
2021-05-05,2021-05-05,8598380,6.93530189,3029435,2.44348892,111388862,89.84429451,20883,0.01684386,143217,0.11551631,54,4.356e-05,797154,0.64297038,1910,0.00154057
2021-05-06,2021-05-06,8606571,6.94358323,3027556,2.44256244,111353709,89.83760741,20904,0.01686487,143108,0.11545624,54,4.357e-05,796182,0.6423413,1910,0.00154094
2021-05-07,2021-05-07,8585619,6.92939225,3024693,2.44120829,111329033,89.85287358,20938,0.01689891,143257,0.11562171,54,4.358e-05,796004,0.64244919,1874,0.00151249
2021-05-08,2021-05-08,8507394,6.8745406,3007817,2.43051634,111274423,89.91714021,20982,0.01695485,143431,0.11590179,54,4.364e-05,796218,0.64339714,1863,0.00150543
2021-05-09,2021-05-09,8445980,6.84586358,2994752,2.42738719,110968977,89.94556918,20998,0.01701987,143600,0.11639455,54,4.377e-05,797256,0.64621344,1861,0.00150843
2021-05-10,2021-05-10,8450560,6.85915414,2996456,2.43216468,110790486,89.92646882,21034,0.01707289,143303,0.11631624,54,4.383e-05,797442,0.64726806,1862,0.00151135
2021-05-11,2021-05-11,8454305,6.86334587,2997991,2.43381912,110764890,89.92078601,20959,0.01701487,143046,0.11612713,55,4.465e-05,797405,0.64734669,1867,0.00151566
2021-05-12,2021-05-12,8450104,6.86187294,2996961,2.43367012,110739173,89.92529965,20923,0.01699044,142839,0.11599183,55,4.466e-05,793815,0.64461428,1867,0.00151609
2021-05-13,2021-05-13,8424995,6.8421823,2999561,2.43603031,110750886,89.94400014,20903,0.01697593,143108,0.11622215,56,4.548e-05,791774,0.64302258,1873,0.00152112
2021-05-14,2021-05-14,8420573,6.83212376,2997764,2.43226852,110875565,89.96009922,20981,0.01702316,143226,0.11620798,55,4.462e-05,789682,0.64071711,1868,0.00151562
2021-05-15,2021-05-15,8411040,6.82338252,2999140,2.43302605,110901899,89.96819407,20991,0.01702876,143210,0.11617786,55,4.462e-05,789692,0.64063072,1868,0.0015154
2021-05-16,2021-05-16,8391359,6.8139073,2999775,2.43586155,110802903,89.97359182,20933,0.0169979,143479,0.11650706,56,4.547e-05,790104,0.6415761,1863,0.00151278
2021-05-17,2021-05-17,8409577,6.82315266,3002177,2.43583143,110882681,89.96522175,21025,0.01705874,143597,0.11650815,56,4.544e-05,789627,0.64066784,1866,0.00151399
2021-05-18,2021-05-18,8431461,6.83245439,3006267,2.43613558,111009868,89.95710943,21053,0.01706035,143771,0.11650517,55,4.457e-05,788771,0.63918245,1861,0.00150807
2021-05-19,2021-05-19,8468351,6.8536603,3004549,2.43166092,111132286,89.94229648,21086,0.01706546,143890,0.11645398,54,4.37e-05,787457,0.63730976,1865,0.00150939
2021-05-20,2021-05-20,8500003,6.86862485,3002110,2.42592472,111295323,89.93477079,20900,0.01688873,143692,0.11611366,56,4.525e-05,787250,0.63615565,1827,0.00147635
2021-05-21,2021-05-21,8523295,6.8760432,3004267,2.42364833,111475124,89.93092095,20891,0.01685351,143372,0.11566326,56,4.518e-05,787557,0.63535006,1829,0.00147552
2021-05-22,2021-05-22,8501608,6.85697779,3004188,2.4230299,111526308,89.95162051,20929,0.0168803,143522,0.11575777,56,4.517e-05,786329,0.6342142,1828,0.00147437
2021-05-23,2021-05-23,8490591,6.85418049,3002946,2.42418153,111431327,89.95491926,21032,0.01697846,143557,0.11588894,56,4.521e-05,783296,0.63232962,1829,0.00147649
2021-05-24,2021-05-24,8496978,6.86059759,3006228,2.42727715,111397595,89.94422159,21056,0.01700096,143517,0.11587795,56,4.522e-05,784611,0.63350762,1823,0.00147192
2021-05-25,2021-05-25,8510376,6.87130989,3008934,2.42942473,111382693,89.93080913,21056,0.01700069,143581,0.11592784,56,4.521e-05,785254,0.63401706,1815,0.00146544
2021-05-26,2021-05-26,8524222,6.88073632,3010379,2.42997239,111397993,89.92025504,21053,0.01699394,143777,0.11605653,56,4.52e-05,786023,0.63447632,1814,0.00146426
2021-05-27,2021-05-27,8518653,6.87412983,3013329,2.43160682,111437659,89.92465545,21058,0.01699276,143584,0.11586516,57,4.6e-05,787211,0.63524017,1814,0.00146381
2021-05-28,2021-05-28,8531375,6.8840606,3014785,2.43266327,111428807,89.91313361,21118,0.01704035,143564,0.11584338,57,4.599e-05,787876,0.63574584,1818,0.00146696
2021-05-29,2021-05-29,8500155,6.86293667,3009153,2.42955881,111392987,89.93753824,21068,0.01701008,143424,0.11579904,57,4.602e-05,787272,0.63563522,1828,0.00147591
2021-05-30,2021-05-30,8470233,6.86134597,3010724,2.43884896,111014167,89.92746801,21109,0.01709943,143405,0.11616579,57,4.617e-05,787044,0.63754813,1824,0.00147754
2021-05-31,2021-05-31,8427571,6.83630755,3012789,2.44392509,110883847,89.94716039,21119,0.01713139,143272,0.1162199,56,4.543e-05,786168,0.6377266,1829,0.00148365
2021-06-01,2021-06-01,8415404,6.83071561,3015048,2.44729017,110818288,89.95031138,20976,0.01702605,143447,0.11643477,56,4.545e-05,784414,0.63670252,1816,0.00147403
2021-06-02,2021-06-02,8401214,6.83007204,3003418,2.44173774,110647397,89.95481991,20987,0.01706214,143363,0.11655216,55,4.471e-05,785043,0.63822922,1823,0.00148207
2021-06-03,2021-06-03,8398252,6.8296834,2974323,2.4187991,110643840,89.97853325,21003,0.0170802,143244,0.11648986,55,4.473e-05,784389,0.63788614,1824,0.00148333
2021-06-04,2021-06-04,8407709,6.83696492,2952035,2.40053024,110664284,89.98977339,20992,0.01707023,143174,0.11642596,55,4.472e-05,784215,0.63770647,1825,0.00148405
2021-06-05,2021-06-05,8408794,6.83577193,2935024,2.38597291,110717140,90.00542981,21019,0.017087,143094,0.11632559,55,4.471e-05,784671,0.63788363,1826,0.00148441
2021-06-06,2021-06-06,8413178,6.84286229,2920396,2.37530546,110663892,90.00852871,21036,0.01710964,143159,0.11643844,54,4.392e-05,784672,0.63821334,1842,0.00149819
2021-06-07,2021-06-07,8422882,6.85132523,2920525,2.37560809,110649714,90.00448738,21025,0.01710212,143299,0.11656201,55,4.474e-05,778657,0.63337375,1840,0.00149669
2021-06-08,2021-06-08,8434663,6.86375834,2924944,2.38019098,110582203,89.98694052,21041,0.01712224,143340,0.1166438,55,4.476e-05,778860,0.63380206,1840,0.00149731
2021-06-09,2021-06-09,8460122,6.87677569,2930896,2.38236687,110688131,89.97239616,21050,0.01711041,143608,0.11673118,55,4.471e-05,778849,0.63308424,1834,0.00149076
2021-06-10,2021-06-10,8463679,6.87325596,2928309,2.37804592,110801767,89.9808352,21129,0.01715862,143699,0.1166963,54,4.385e-05,778829,0.63247804,1830,0.00148612
2021-06-11,2021-06-11,8474568,6.87604974,2927580,2.37536423,110899169,89.98077569,21118,0.01713461,143498,0.11643064,55,4.463e-05,779811,0.63271889,1826,0.00148157
2021-06-12,2021-06-12,8407143,6.83042387,2907606,2.36229851,110821328,90.03732231,21130,0.01716717,143906,0.11691712,55,4.469e-05,780776,0.63434523,1823,0.00148111
2021-06-13,2021-06-13,8398760,6.82871624,2908442,2.36474493,110735874,90.03517918,21125,0.01717594,144072,0.11713953,55,4.472e-05,781635,0.63551806,1822,0.0014814
2021-06-14,2021-06-14,8406323,6.83540764,2909742,2.36598959,110728282,90.03614829,21157,0.01720333,143995,0.11708621,55,4.472e-05,770644,0.62663139,1831,0.00148884
2021-06-15,2021-06-15,8418229,6.84209295,2909710,2.3649281,110780016,90.03879161,21177,0.01721205,143856,0.11692199,55,4.47e-05,760998,0.61851716,1835,0.00149143
2021-06-16,2021-06-16,8424480,6.84527744,2910875,2.36521981,110806018,90.03498555,21218,0.0172406,143910,0.11693349,55,4.469e-05,761569,0.61880984,1832,0.00148858
2021-06-17,2021-06-17,8434653,6.85091622,2914752,2.36746215,110839133,90.02736849,21257,0.01726567,144035,0.1169902,55,4.467e-05,761439,0.61846703,1829,0.00148558
2021-06-18,2021-06-18,8445342,6.85719672,2916528,2.36807535,110870677,90.02146309,21348,0.01733351,144065,0.1169736,55,4.466e-05,760432,0.61743288,1823,0.00148019
2021-06-19,2021-06-19,8457976,6.86574048,2919080,2.36955576,110886079,90.01149223,21373,0.01734948,144165,0.11702557,55,4.465e-05,760472,0.61731121,1824,0.00148063
2021-06-20,2021-06-20,8466397,6.8799016,2920716,2.37341087,110744453,89.9923473,21389,0.01738097,144152,0.11713974,55,4.469e-05,760870,0.61829261,1824,0.00148221
2021-06-21,2021-06-21,8493900,6.90284789,2925567,2.37755848,110702079,89.96569446,21402,0.01739304,144421,0.11736849,55,4.47e-05,759965,0.61761061,1824,0.00148233
2021-06-22,2021-06-22,8519788,6.91857646,2930364,2.3796305,110765020,89.9478086,21363,0.01734803,144718,0.11751966,55,4.466e-05,760524,0.61759089,1824,0.0014812
2021-06-23,2021-06-23,8526433,6.91895771,2931035,2.37845148,110846696,89.94893905,21441,0.01739876,144443,0.11721138,55,4.463e-05,760991,0.61752254,1817,0.00147444
2021-06-24,2021-06-24,8522482,6.91267419,2930951,2.37732498,110905636,89.95672012,21437,0.01738777,144651,0.11732794,55,4.461e-05,760738,0.61704254,1822,0.00147784
2021-06-25,2021-06-25,8510185,6.9044542,2929011,2.37635519,110887313,89.96471568,21420,0.0173784,144976,0.11762143,53,4.3e-05,761663,0.61794982,1827,0.00148228
2021-06-26,2021-06-26,8517009,6.90918438,2931583,2.37816439,110890692,89.95695989,21400,0.01736015,145115,0.11772047,53,4.299e-05,763155,0.61908806,1824,0.00147967
2021-06-27,2021-06-27,8511597,6.89988982,2933715,2.37820356,110980872,89.96617078,21369,0.01732269,144957,0.11750877,53,4.296e-05,764061,0.61938279,1824,0.00147862
2021-06-28,2021-06-28,8542943,6.91553487,2938874,2.37902625,111117858,89.95019883,21344,0.01727802,145041,0.11741107,53,4.29e-05,764705,0.61903071,1825,0.00147734
2021-06-29,2021-06-29,8557023,6.91976227,2941648,2.37880684,111228958,89.94692976,21356,0.01726984,144740,0.11704613,53,4.286e-05,765050,0.61866891,1822,0.00147339
2021-06-30,2021-06-30,8574203,6.92575535,2942751,2.37698752,111351743,89.94362856,21304,0.01720816,144669,0.11685542,53,4.281e-05,765154,0.61804805,1825,0.00147413
2021-07-01,2021-07-01,8592712,6.93206521,2944001,2.37503677,111486487,89.94035852,21266,0.01715609,144709,0.11674221,53,4.276e-05,764967,0.61712776,1823,0.00147068
2021-07-02,2021-07-02,8617607,6.94811161,2946075,2.37532971,111531063,89.92406758,21219,0.01710823,144807,0.11675343,53,4.273e-05,765401,0.6171193,1820,0.00146741
2021-07-03,2021-07-03,8577655,6.9256094,2942793,2.37601476,111399281,89.94391912,21205,0.01712094,145028,0.11709579,53,4.279e-05,766319,0.61872692,1821,0.00147028
2021-07-04,2021-07-04,8543739,6.91217727,2937267,2.37634953,111188872,89.95560303,21209,0.01715881,145092,0.11738439,53,4.288e-05,766113,0.61981164,1820,0.00147244
2021-07-05,2021-07-05,8538219,6.91701369,2932309,2.37553306,111032803,89.95030677,21226,0.01719569,145058,0.11751493,53,4.294e-05,766449,0.62091851,1820,0.00147443
2021-07-06,2021-07-06,8535576,6.91623737,2933629,2.37707151,111009312,89.94902652,21237,0.01720799,145131,0.11759727,53,4.295e-05,766820,0.62134168,1820,0.00147472
2021-07-07,2021-07-07,8539825,6.91811259,2934512,2.37724829,111032008,89.94703436,21181,0.01715873,145202,0.11762815,53,4.294e-05,766939,0.62129732,1824,0.00147762
2021-07-08,2021-07-08,8555268,6.92624071,2936565,2.37740723,111092257,89.93893732,21083,0.01706854,145331,0.11765821,54,4.372e-05,767269,0.62117163,1819,0.00147264
2021-07-09,2021-07-09,8545860,6.91957286,2936775,2.37790329,111084021,89.94460203,21091,0.01707736,145449,0.11776989,54,4.372e-05,767643,0.62155964,1817,0.00147122
2021-07-10,2021-07-10,8536055,6.91005478,2935852,2.37661287,111121757,89.95460173,21107,0.01708641,145470,0.11775998,54,4.371e-05,768820,0.62237044,1816,0.00147008
2021-07-11,2021-07-11,8509432,6.8960747,2937654,2.38068551,111010137,89.96301958,21083,0.01708574,145490,0.11790563,54,4.376e-05,769633,0.62371339,1816,0.00147169
2021-07-12,2021-07-12,8512799,6.89778523,2934524,2.37779798,111026610,89.96309091,21030,0.01704027,145677,0.11803975,54,4.376e-05,770998,0.62472738,1820,0.00147472
2021-07-13,2021-07-13,8519934,6.90687337,2937364,2.38123924,110957024,89.94977124,21027,0.017046,145792,0.11818952,54,4.378e-05,771413,0.62536305,1818,0.0014738
2021-07-14,2021-07-14,8526234,6.91030869,2939098,2.38206862,110978550,89.9454599,21036,0.01704917,145741,0.11811959,54,4.377e-05,771744,0.62548005,1814,0.0014702
2021-07-15,2021-07-15,8527048,6.91207051,2938796,2.38220369,110958447,89.94350794,21070,0.01707945,145925,0.11828758,54,4.377e-05,771442,0.62533499,1816,0.00147206
2021-07-16,2021-07-16,8533092,6.9134686,2940138,2.38208515,111013285,89.94241004,21040,0.0170465,146017,0.11830225,54,4.375e-05,771632,0.6251724,1816,0.00147131
2021-07-17,2021-07-17,8541667,6.91666514,2941532,2.38192285,111069291,89.93901226,21036,0.01703402,147277,0.11925842,54,4.373e-05,771345,0.62460115,1806,0.00146242
2021-07-18,2021-07-18,8538118,6.91567919,2942669,2.3834942,111037905,89.93814902,21019,0.01702491,147238,0.11925939,54,4.374e-05,771486,0.62488591,1807,0.00146363
2021-07-19,2021-07-19,8536691,6.91720187,2942806,2.38452852,110992737,89.93638966,21010,0.01702421,147265,0.11932747,54,4.376e-05,770114,0.62401626,1812,0.00146825
2021-07-20,2021-07-20,8545516,6.92442181,2942252,2.38410342,110983854,89.9300896,20988,0.01700655,147319,0.11937242,54,4.376e-05,769458,0.62349093,1816,0.0014715
2021-07-21,2021-07-21,8552881,6.93245433,2943754,2.38603111,110938196,89.91987339,21029,0.01704485,147464,0.11952551,54,4.377e-05,769306,0.62355348,1818,0.00147356
2021-07-22,2021-07-22,8556208,6.9319486,2942986,2.38430712,110992464,89.92231788,21058,0.01706048,147471,0.11947599,54,4.375e-05,769438,0.62337249,1819,0.00147369
2021-07-23,2021-07-23,8557148,6.92787619,2941787,2.38167391,111077995,89.92886384,21046,0.01703886,147368,0.11930929,53,4.291e-05,770410,0.62372476,1816,0.00147024
2021-07-24,2021-07-24,8560634,6.92991956,2942150,2.3817001,111087326,89.92631078,21039,0.01703128,147489,0.11939383,53,4.29e-05,771001,0.62413309,1814,0.00146845
2021-07-25,2021-07-25,8559417,6.93053788,2942764,2.38274842,111059492,89.92458438,21019,0.01701903,147188,0.11917774,53,4.291e-05,771175,0.62441841,1817,0.00147122
2021-07-26,2021-07-26,8554927,6.92804951,2944275,2.38436669,111045295,89.92797966,20996,0.01700322,147293,0.11928251,55,4.454e-05,767821,0.62180564,1813,0.00146822
2021-07-27,2021-07-27,8534756,6.91611014,2937581,2.38045865,110995116,89.94451006,20896,0.016933,146452,0.11867687,57,4.619e-05,767303,0.62178134,1831,0.00148374
2021-07-28,2021-07-28,8539650,6.91789209,2938854,2.38073865,111029099,89.94365405,20779,0.01683288,146586,0.11874797,54,4.374e-05,766083,0.62059681,1844,0.00149381
2021-07-29,2021-07-29,8543122,6.91734067,2940837,2.38118704,111085139,89.94530917,20526,0.01661984,146556,0.11866596,56,4.534e-05,764907,0.61934294,1839,0.00148903
2021-07-30,2021-07-30,8552374,6.91865145,2942388,2.38031651,111184171,89.94514579,20507,0.01658964,146624,0.11861506,56,4.53e-05,765354,0.61915178,1835,0.00148447
2021-07-31,2021-07-31,8558559,6.91979171,2943673,2.3800273,111244861,89.94402765,20507,0.01658038,146595,0.11852543,56,4.528e-05,766240,0.61952266,1830,0.0014796
2021-08-01,2021-08-01,8569085,6.92633318,2947032,2.38206594,111265429,89.93509018,20513,0.01658052,146713,0.11858712,56,4.526e-05,766824,0.61981863,1830,0.00147918
2021-08-02,2021-08-02,8571799,6.93525745,2948907,2.38589697,111140688,89.9215304,20551,0.01662737,146643,0.11864568,55,4.45e-05,766942,0.62051621,1831,0.00148142
2021-08-03,2021-08-03,8577505,6.9375199,2951655,2.38731022,111173220,89.91733919,20505,0.01658452,146867,0.11878661,55,4.448e-05,767716,0.62093173,1834,0.00148335
2021-08-04,2021-08-04,8566803,6.92916016,2950957,2.38684766,111179496,89.92625771,20553,0.01662406,146731,0.11868168,55,4.449e-05,767648,0.62090326,1831,0.00148098
2021-08-05,2021-08-05,8567897,6.92623463,2952659,2.38691117,111244019,89.92897291,20565,0.01662462,146778,0.11865442,55,4.446e-05,768284,0.62107601,1833,0.00148179
2021-08-06,2021-08-06,8567051,6.92326783,2952243,2.38578818,111286659,89.93378771,20615,0.01665954,146780,0.11861693,55,4.445e-05,767648,0.62035731,1829,0.00147806
2021-08-07,2021-08-07,8568857,6.92162406,2954867,2.38683858,111337397,89.93446916,20576,0.01662058,146936,0.11868978,55,4.443e-05,767841,0.6202352,1830,0.00147821
2021-08-08,2021-08-08,8564464,6.91830635,2954411,2.38654986,111338017,89.93797037,20551,0.01660094,146896,0.11866143,55,4.443e-05,768005,0.62038837,1830,0.00147826
2021-08-09,2021-08-09,8564299,6.92032791,2955639,2.38828549,111298099,89.93372846,20547,0.01660287,147106,0.11886808,55,4.444e-05,768097,0.62065595,1840,0.0014868
2021-08-10,2021-08-10,8566386,6.92011109,2955942,2.3878736,111329721,89.9345461,20550,0.01660073,147117,0.11884428,55,4.443e-05,768104,0.62049095,1843,0.00148882
2021-08-11,2021-08-11,8571535,6.92111487,2958637,2.38896143,111377989,89.93253323,20527,0.0165746,146788,0.11852447,56,4.522e-05,768784,0.62075724,1844,0.00148894
2021-08-12,2021-08-12,8570509,6.91762726,2960938,2.3899007,111423288,89.93453884,20522,0.01656419,146931,0.11859434,56,4.52e-05,769676,0.62123868,1847,0.00149079
2021-08-13,2021-08-13,8579996,6.9265786,2963237,2.39220321,111387511,89.92246039,20545,0.01658585,146904,0.11859471,56,4.521e-05,770529,0.62204338,1844,0.00148865
2021-08-14,2021-08-14,8594638,6.93321308,2964511,2.39144295,111464020,89.91696936,20560,0.01658556,146703,0.11834392,57,4.598e-05,770942,0.62191161,1844,0.00148754
2021-08-15,2021-08-15,8583534,6.93160712,2965990,2.39517632,111341111,89.91317998,20556,0.01659994,146783,0.11853417,56,4.522e-05,771925,0.62336572,1847,0.00149154
2021-08-16,2021-08-16,8586273,6.93712835,2967076,2.3971969,111278565,89.90556062,20552,0.01660463,146755,0.11856812,56,4.524e-05,771603,0.62340308,1848,0.00149306
2021-08-17,2021-08-17,8593915,6.95087311,2968797,2.40120262,111134393,89.88697974,20523,0.01659928,147008,0.11890203,56,4.529e-05,771384,0.62390567,1845,0.00149226
2021-08-18,2021-08-18,8592106,6.95032605,2970066,2.40254567,111118232,89.88575583,20560,0.01663139,146891,0.11882306,56,4.53e-05,771871,0.62438186,1843,0.00149084
2021-08-19,2021-08-19,8596680,6.95523979,2972803,2.40517941,111089155,89.87791931,20566,0.01663915,146800,0.11877018,55,4.45e-05,772151,0.62471737,1842,0.00149029
2021-08-20,2021-08-20,8595679,6.95462005,2973045,2.40544096,111086488,89.87821865,20586,0.01665579,146730,0.11871679,55,4.45e-05,772248,0.62481293,1842,0.00149033
2021-08-21,2021-08-21,8586977,6.9461004,2973822,2.40555741,111120456,89.88656236,20704,0.01674769,146644,0.11862195,55,4.449e-05,772490,0.62487568,1842,0.00149001
2021-08-22,2021-08-22,8585455,6.94804704,2975202,2.40777495,111063568,89.88165388,20710,0.01676021,146622,0.11865842,55,4.451e-05,772997,0.62557191,1840,0.00148908
2021-08-23,2021-08-23,8585377,6.95091844,2974646,2.40834173,111012043,89.87790011,20680,0.016743,146727,0.11879355,56,4.534e-05,772917,0.62577136,1836,0.00148647
2021-08-24,2021-08-24,8592326,6.95758904,2976346,2.41007991,110985065,89.86955007,20709,0.016769,146500,0.11862757,56,4.535e-05,772901,0.62585236,1836,0.00148669
2021-08-25,2021-08-25,8603403,6.9609763,2978721,2.41007033,111069100,89.86553032,20542,0.01662044,147054,0.11898076,56,4.531e-05,774062,0.62629023,1837,0.00148631
2021-08-26,2021-08-26,8613642,6.96251054,2979474,2.40834471,111176974,89.86568675,20508,0.01657686,147198,0.11898192,57,4.607e-05,774906,0.62636585,1840,0.00148729
2021-08-27,2021-08-27,8624572,6.96543679,2981934,2.40829026,111267622,89.86273031,20504,0.01655958,147240,0.11891499,57,4.603e-05,775777,0.62653841,1837,0.00148361
2021-08-28,2021-08-28,8630712,6.96590917,2982864,2.40749079,111339295,89.86273852,20493,0.01654005,147281,0.11887154,57,4.601e-05,776750,0.62692046,1838,0.00148346
2021-08-29,2021-08-29,8635892,6.97214461,2984673,2.40966096,111295074,89.85352646,20492,0.01654411,147340,0.11895422,56,4.521e-05,777412,0.62763973,1839,0.00148471
2021-08-30,2021-08-30,8641269,6.97594796,2987336,2.41162501,111296657,89.84787853,20490,0.01654122,147575,0.11913476,56,4.521e-05,777109,0.62734674,1834,0.00148056
2021-08-31,2021-08-31,8648834,6.97734145,2982131,2.40579785,111378348,89.85312523,20517,0.01655184,147334,0.11885991,56,4.518e-05,776954,0.62679817,1835,0.00148036
2021-09-01,2021-09-01,8644529,6.97112968,2981843,2.4046208,111431929,89.86104705,20558,0.0165784,147328,0.11880839,56,4.516e-05,776629,0.62628993,1836,0.00148059
2021-09-02,2021-09-02,8630733,6.95948505,2979768,2.4027682,111457006,89.87456412,20602,0.01661265,147166,0.1186689,56,4.516e-05,776799,0.62638029,1830,0.00147564
2021-09-03,2021-09-03,8618467,6.95046703,2975848,2.39990864,111458960,89.88742733,20665,0.01666554,147017,0.11856364,55,4.436e-05,775545,0.62544765,1830,0.00147583
2021-09-04,2021-09-04,8618014,6.9449041,2977178,2.39918567,111550871,89.89427275,20664,0.01665227,147057,0.11850721,55,4.432e-05,775520,0.62495977,1829,0.00147392
2021-09-05,2021-09-05,8617528,6.94432878,2977235,2.39916815,111554048,89.89445541,20666,0.01665344,147001,0.11845895,55,4.432e-05,776106,0.62541546,1831,0.00147549
2021-09-06,2021-09-06,8612928,6.94638181,2976638,2.40067768,111457438,89.89114034,20618,0.01662855,146975,0.11853628,55,4.436e-05,775086,0.62511184,1834,0.00147913
2021-09-07,2021-09-07,8622378,6.95213635,2977557,2.40077415,111479491,89.88478835,20598,0.01660796,146927,0.11846576,55,4.435e-05,776026,0.62570193,1837,0.00148115
2021-09-08,2021-09-08,8636129,6.95785331,2979761,2.40069827,111558530,89.87914463,20598,0.01659515,147084,0.11850088,55,4.431e-05,776606,0.62568665,1833,0.00147679
2021-09-09,2021-09-09,8645582,6.95782346,2981167,2.3991946,111683663,89.88119139,20561,0.01654716,146785,0.11813018,56,4.507e-05,777352,0.62560022,1824,0.00146793
2021-09-10,2021-09-10,8647607,6.95612548,2981250,2.39811419,111741358,89.88462442,20569,0.01654568,145571,0.11709715,56,4.505e-05,778194,0.62597839,1827,0.00146964
2021-09-11,2021-09-11,8649087,6.96085626,2982533,2.40036706,111674812,89.87680599,20550,0.01653881,145532,0.11712535,56,4.507e-05,778806,0.62678947,1829,0.00147199
2021-09-12,2021-09-12,8655544,6.96359551,2984486,2.40109152,111709431,89.87295218,20532,0.01651849,145516,0.11707116,56,4.505e-05,779659,0.62725461,1829,0.00147147
2021-09-13,2021-09-13,8661585,6.97020636,2986134,2.40302095,111670267,89.86401516,20534,0.01652425,145603,0.11717058,56,4.506e-05,779826,0.62754659,1828,0.00147104
2021-09-14,2021-09-14,8672605,6.97830101,2988442,2.40461174,111670063,89.85389204,20545,0.01653127,145482,0.11706024,55,4.426e-05,780572,0.6280773,1842,0.00148214
2021-09-15,2021-09-15,8667437,6.97524938,2990351,2.40652963,111653947,89.8551815,20547,0.01653551,145576,0.11715446,55,4.426e-05,780134,0.62782449,1840,0.00148077
2021-09-16,2021-09-16,8646689,6.96279188,2989778,2.40753449,111598820,89.86553791,20543,0.01654236,145825,0.11742635,56,4.509e-05,780678,0.62864507,1834,0.00147684
2021-09-17,2021-09-17,8636458,6.95471517,2988246,2.40635684,111607456,89.87458365,20556,0.01655321,145687,0.11731795,56,4.51e-05,781042,0.62895282,1832,0.00147526
2021-09-18,2021-09-18,8643875,6.95914342,2990404,2.4075603,111624697,89.86852254,20531,0.01652941,145700,0.11730239,56,4.509e-05,781800,0.62942353,1830,0.00147332
2021-09-19,2021-09-19,8650285,6.96030443,2990719,2.40643108,111688708,89.8684158,20531,0.01651992,145774,0.11729457,56,4.506e-05,782364,0.62951586,1831,0.00147328
2021-09-20,2021-09-20,8651453,6.96857317,2993016,2.41081481,111553692,89.85427826,20532,0.01653812,145945,0.11755579,56,4.511e-05,783040,0.63072313,1827,0.00147161
2021-09-21,2021-09-21,8662870,6.97449078,2995522,2.41169965,111596897,89.84684399,20553,0.01654725,146093,0.11761971,56,4.509e-05,784105,0.63128422,1825,0.00146931
2021-09-22,2021-09-22,8665077,6.9725461,2995666,2.41052899,111660649,89.85021398,20552,0.01653762,146228,0.1176656,56,4.506e-05,784162,0.63099332,1826,0.00146933
2021-09-23,2021-09-23,8668940,6.97122384,2995148,2.40858134,111735895,89.85365403,20571,0.0165424,146251,0.11760936,56,4.503e-05,784514,0.6308756,1826,0.0014684
2021-09-24,2021-09-24,8672493,6.97142534,2997395,2.40947043,111778012,89.85329424,20560,0.01652726,146154,0.1174866,56,4.502e-05,784073,0.63028086,1829,0.00147025
2021-09-25,2021-09-25,8684740,6.97396776,2999803,2.40888379,111893029,89.85166814,20559,0.01650916,146201,0.11740145,56,4.497e-05,784616,0.63005763,1827,0.00146711
2021-09-26,2021-09-26,8690956,6.9776318,3001495,2.40978403,111907804,89.84643938,20628,0.01656142,146297,0.11745619,54,4.335e-05,785456,0.63061219,1833,0.00147164
2021-09-27,2021-09-27,8692064,6.97757866,3003314,2.4109187,111920262,89.84430296,20620,0.01655276,146405,0.11752702,54,4.335e-05,786795,0.63160188,1837,0.00147466
2021-09-28,2021-09-28,8697752,6.98413627,3005384,2.41326855,111876003,89.83439055,20643,0.01657595,146460,0.11760471,54,4.336e-05,787699,0.63250793,1834,0.00147267
2021-09-29,2021-09-29,8705063,6.98674418,3007653,2.41396324,111924355,89.83126673,20665,0.01658587,146442,0.11753537,54,4.334e-05,787921,0.63239088,1832,0.00147038
2021-09-30,2021-09-30,8692193,6.98420526,3002873,2.41281819,111802627,89.83377326,20690,0.01662448,146618,0.11780804,54,4.339e-05,788125,0.63326099,1825,0.00146639
2021-10-01,2021-10-01,8699909,6.98473553,3004276,2.41198768,111894555,89.83471823,20674,0.01659815,146686,0.11776708,54,4.335e-05,788049,0.63268637,1823,0.0014636
2021-10-02,2021-10-02,8684694,6.97484584,3004062,2.41262033,111867606,89.84303948,20701,0.01662537,146615,0.11774934,54,4.337e-05,788939,0.63361218,1823,0.00146409
2021-10-03,2021-10-03,8691036,6.97728401,3005537,2.41288671,111906443,89.84004159,20713,0.01662868,146650,0.11773265,54,4.335e-05,789624,0.63392108,1821,0.00146192
2021-10-04,2021-10-04,8693222,6.98233854,3007543,2.41563869,111843403,89.83188319,20734,0.01665341,146742,0.11786221,54,4.337e-05,789496,0.63411798,1821,0.00146262
2021-10-05,2021-10-05,8673551,6.97010333,3005233,2.41501832,111802881,89.84528173,20767,0.01668845,146700,0.11788876,54,4.339e-05,788341,0.63351426,1819,0.00146176
2021-10-06,2021-10-06,8682241,6.97141319,3008432,2.41562317,111892181,89.84392698,20715,0.01663313,146854,0.11791655,55,4.416e-05,788345,0.63300232,1794,0.00144049
2021-10-07,2021-10-07,8664434,6.95585725,3005719,2.41300843,111935289,89.86229128,20741,0.01665099,146794,0.11784706,56,4.496e-05,788311,0.63286059,1793,0.00143943
2021-10-08,2021-10-08,8664552,6.95292763,3006302,2.41242712,111988457,89.86588533,20762,0.01666061,146604,0.11764336,56,4.494e-05,788792,0.63297141,1794,0.00143961
2021-10-09,2021-10-09,8654319,6.9530796,3006443,2.41544569,111847886,89.86117275,20787,0.01670076,146670,0.11783806,56,4.499e-05,789468,0.63427681,1794,0.00144134
2021-10-10,2021-10-10,8657099,6.95527518,3005110,2.41436155,111846402,89.85949027,20803,0.01671352,146682,0.11784706,56,4.499e-05,790155,0.6348253,1795,0.00144214
2021-10-11,2021-10-11,8633895,6.93862022,3003431,2.41370402,111835201,89.8762363,20829,0.0167392,146762,0.11794512,55,4.42e-05,790478,0.63526678,1797,0.00144416
2021-10-12,2021-10-12,8643232,6.9421036,3004644,2.41328127,111895327,89.87250976,20813,0.01671666,146756,0.11787204,55,4.418e-05,791884,0.63602837,1798,0.00144412
2021-10-13,2021-10-13,8644670,6.94349431,3004370,2.41314313,111889354,89.87076351,20832,0.01673249,146696,0.11782785,55,4.418e-05,792509,0.63655197,1796,0.00144257
2021-10-14,2021-10-14,8638359,6.93799805,3003748,2.41249498,111903303,89.87643343,20810,0.01671379,146633,0.11776999,55,4.417e-05,793240,0.63709989,1800,0.00144569
2021-10-15,2021-10-15,8644828,6.93802033,3003082,2.41016293,111989771,89.87886256,20811,0.01670214,146789,0.11780744,55,4.414e-05,793653,0.63695665,1799,0.00144381
2021-10-16,2021-10-16,8637027,6.93025691,3001107,2.40805575,112025778,89.88827084,20827,0.01671136,146928,0.11789344,55,4.413e-05,794282,0.63732327,1800,0.0014443
2021-10-17,2021-10-17,8636871,6.92894196,3002426,2.4087005,112045340,89.8885323,20797,0.01668442,146933,0.11787721,55,4.412e-05,794979,0.63777303,1803,0.00144646
2021-10-18,2021-10-18,8634369,6.92469792,2990200,2.39811754,112099742,89.90313601,20773,0.01665979,147179,0.11803643,55,4.411e-05,795343,0.63785901,1807,0.0014492
2021-10-19,2021-10-19,8627604,6.91946656,2988623,2.39692004,112103840,89.90894485,20746,0.0166386,147341,0.11816967,55,4.411e-05,795959,0.63837094,1802,0.00144523
2021-10-20,2021-10-20,8634689,6.91988275,2988271,2.39481526,112191302,89.91066795,20756,0.01663396,147381,0.11811187,55,4.408e-05,796593,0.6383936,1810,0.00145054
2021-10-21,2021-10-21,8623159,6.916181,2985927,2.39485455,112105489,89.91389967,20760,0.0166505,147343,0.11817605,54,4.331e-05,796388,0.63874081,1813,0.00145411
2021-10-22,2021-10-22,8623501,6.91488366,2986976,2.39515152,112131761,89.9145349,20775,0.01665875,147006,0.11787897,55,4.41e-05,797387,0.63939673,1810,0.00145138
2021-10-23,2021-10-23,8615921,6.90698508,2986260,2.39394642,112172233,89.92328735,20787,0.01666398,147112,0.11793288,55,4.409e-05,797963,0.63969,1809,0.00145019
2021-10-24,2021-10-24,8620042,6.90447346,2987333,2.39279129,112274537,89.92955733,20851,0.01670122,146698,0.11750203,56,4.485e-05,795871,0.63747604,1815,0.00145378
2021-10-25,2021-10-25,8616028,6.90506746,2989050,2.39548802,112212898,89.92979486,20922,0.01676733,146702,0.11757009,56,4.488e-05,790857,0.63380956,1819,0.00145779
2021-10-26,2021-10-26,8619702,6.9045694,2989969,2.39503042,112275131,89.93482999,20971,0.01679823,146922,0.11768773,56,4.486e-05,785978,0.62958553,1815,0.00145385
2021-10-27,2021-10-27,8627144,6.90524732,2989151,2.39254462,112364090,89.937276,20942,0.01676217,146783,0.1174865,56,4.482e-05,786079,0.62918504,1816,0.00145354
2021-10-28,2021-10-28,8628792,6.90425643,2990073,2.39248214,112402929,89.93827235,20839,0.01667415,146679,0.11736399,56,4.481e-05,786675,0.62945148,1818,0.00145466
2021-10-29,2021-10-29,8631281,6.89956156,2991337,2.39117621,112519801,89.94462049,20814,0.01663803,146513,0.11711766,57,4.556e-05,787353,0.62938404,1822,0.00145645
2021-10-30,2021-10-30,8638779,6.89820264,2992253,2.38936169,112644234,89.9482152,20870,0.01666503,146453,0.11694505,57,4.552e-05,787851,0.62911157,1820,0.0014533
2021-10-31,2021-10-31,8638542,6.89992019,2992670,2.39035524,112609612,89.94542544,20915,0.01670558,146364,0.11690629,57,4.553e-05,787731,0.62918963,1818,0.0014521
2021-11-01,2021-11-01,8646129,6.90640673,2994789,2.3921955,112591026,89.93613442,20860,0.01666268,147146,0.11753816,57,4.553e-05,788153,0.62956558,1817,0.00145139
2021-11-02,2021-11-02,8650406,6.91161605,2995826,2.39364477,112553362,89.92937715,20845,0.01665501,147131,0.11755668,57,4.554e-05,788060,0.62965463,1815,0.00145017
2021-11-03,2021-11-03,8653228,6.91238337,2997588,2.39453733,112575242,89.92750808,20776,0.01659631,147013,0.11743712,56,4.473e-05,788706,0.6300352,1825,0.00145785
2021-11-04,2021-11-04,8653212,6.91009108,2998632,2.39458137,112615054,89.92964465,20762,0.01657966,146924,0.11732733,56,4.472e-05,789261,0.63027063,1829,0.00146056
2021-11-05,2021-11-05,8650742,6.90734675,2995112,2.39150319,112635187,89.93567169,20771,0.01658499,147204,0.11753779,56,4.471e-05,788824,0.62985128,1828,0.0014596
2021-11-06,2021-11-06,8657571,6.90551213,2996910,2.39041624,112758192,89.93897508,20764,0.01656193,147353,0.11753273,56,4.467e-05,789215,0.62949917,1828,0.00145806
2021-11-07,2021-11-07,8660186,6.90686604,2998717,2.39160413,112766518,89.93608606,20766,0.01656177,147324,0.11749715,56,4.466e-05,789780,0.62988308,1827,0.00145711
2021-11-08,2021-11-08,8663615,6.90469366,2999463,2.39050017,112851063,89.9395944,20767,0.0165508,147674,0.11769264,56,4.463e-05,789825,0.62947161,1822,0.00145209
2021-11-09,2021-11-09,8649728,6.89763817,2996034,2.38915703,112795982,89.94801577,20766,0.01655964,147605,0.11770612,56,4.466e-05,789307,0.62942489,1823,0.00145373
2021-11-10,2021-11-10,8639425,6.88963141,2995881,2.38910759,112802697,89.95610295,20754,0.01655057,147735,0.11781336,56,4.466e-05,789118,0.62929329,1826,0.00145617
2021-11-11,2021-11-11,8636345,6.88739673,2996269,2.38949386,112801748,89.95823937,20764,0.01655908,147569,0.11768477,56,4.466e-05,788879,0.62912293,1829,0.00145861
2021-11-12,2021-11-12,8643097,6.89076515,2995568,2.38823602,112831829,89.95590765,20776,0.0165638,147560,0.11764317,56,4.465e-05,789435,0.62938218,1828,0.00145738
2021-11-13,2021-11-13,8651952,6.89183793,2997068,2.38735801,112929760,89.95583926,20748,0.01652712,147642,0.11760638,56,4.461e-05,790055,0.62932978,1829,0.00145692
2021-11-14,2021-11-14,8658722,6.89183185,2999382,2.38733111,113018413,89.95598868,20754,0.01651896,147737,0.11758994,56,4.457e-05,790561,0.62923991,1828,0.00145498
2021-11-15,2021-11-15,8661148,6.8985879,2998751,2.38849947,112928557,89.94738079,20789,0.0165584,147451,0.11744444,57,4.54e-05,790997,0.63002761,1828,0.001456
2021-11-16,2021-11-16,8661625,6.89609569,3000181,2.38864361,112977946,89.94925617,20784,0.01654752,147693,0.11758822,57,4.538e-05,791756,0.63036961,1826,0.0014538
2021-11-17,2021-11-17,8674524,6.91126372,3002407,2.39211127,112872515,89.92905181,20789,0.01656324,148108,0.11800226,57,4.541e-05,792632,0.63151463,1817,0.00144766
2021-11-18,2021-11-18,8683379,6.91367712,3001562,2.38983356,112948739,89.92940562,20846,0.01659751,148339,0.11810701,57,4.538e-05,792375,0.63088631,1818,0.00144749
2021-11-19,2021-11-19,8694841,6.91751815,3004227,2.39012937,113030489,89.92579153,20875,0.01660792,148506,0.11814971,56,4.455e-05,792261,0.63031398,1816,0.00144479
2021-11-20,2021-11-20,8702968,6.91757266,3006200,2.38948448,113136620,89.92688346,20893,0.01660685,148615,0.11812695,56,4.451e-05,792394,0.62983606,1818,0.00144504
2021-11-21,2021-11-21,8708570,6.92012204,3006459,2.38903324,113166823,89.92615613,20924,0.01662691,148764,0.11821287,56,4.45e-05,790753,0.62835888,1819,0.00144544
2021-11-22,2021-11-22,8720091,6.92594915,3007982,2.38909552,113216619,89.92251874,20891,0.01659272,148940,0.11829588,57,4.527e-05,788244,0.62606432,1811,0.00143839
2021-11-23,2021-11-23,8744095,6.93502742,3012516,2.38925596,113371949,89.91640361,20870,0.0165522,149270,0.1183875,57,4.521e-05,785378,0.62289099,1812,0.00143711
2021-11-24,2021-11-24,8765413,6.94910092,3016904,2.3917607,113401038,89.90280977,20889,0.01656052,149476,0.11850255,57,4.519e-05,781781,0.61978541,1810,0.00143494
2021-11-25,2021-11-25,8784066,6.9527563,3020989,2.39117059,113582978,89.90310017,20740,0.01641611,149808,0.1185759,56,4.433e-05,778855,0.61647863,1842,0.00145798
2021-11-26,2021-11-26,8804836,6.96162599,3026029,2.39255815,113693675,89.89296821,20748,0.0164046,149913,0.11853012,57,4.507e-05,779612,0.61640752,1847,0.00146035
2021-11-27,2021-11-27,8826728,6.96786804,3030260,2.39210405,113867876,89.88793283,20742,0.01637385,149975,0.1183911,57,4.5e-05,780119,0.61583027,1843,0.00145487
2021-11-28,2021-11-28,8840004,6.97393082,3033525,2.3931656,113931328,89.88109051,20757,0.01637532,149943,0.11829091,56,4.418e-05,780383,0.61564871,1843,0.00145395
2021-11-29,2021-11-29,8851762,6.97674069,3035825,2.39276246,114033769,89.87860673,20752,0.01635622,150121,0.11832167,56,4.414e-05,781189,0.61571392,1845,0.00145418
2021-11-30,2021-11-30,8877381,6.98666545,3041708,2.39388128,114188354,89.86837764,20553,0.0161756,149943,0.11800796,57,4.486e-05,781930,0.61539358,1847,0.00145362
2021-12-01,2021-12-01,8844915,6.96170792,3036276,2.38981004,114216976,89.89857178,20740,0.01632416,149650,0.11778741,57,4.486e-05,780473,0.6142993,1848,0.00145453
2021-12-02,2021-12-02,8788767,6.92547643,3023335,2.38236322,114143497,89.94414099,20928,0.01649109,149203,0.11757074,57,4.492e-05,777240,0.61245876,1845,0.00145384
2021-12-03,2021-12-03,8804708,6.93205489,3022190,2.37940736,114237544,89.94062335,20921,0.01647136,149251,0.11750715,57,4.488e-05,777886,0.61243921,1844,0.0014518
2021-12-04,2021-12-04,8834368,6.94942724,3028504,2.38232867,114308899,89.91943476,20758,0.01632898,149857,0.11788283,56,4.405e-05,779407,0.61310919,1836,0.00144426
2021-12-05,2021-12-05,8864663,6.98772246,3033432,2.39115473,114009230,89.86972845,20640,0.01626983,150087,0.11830865,56,4.414e-05,780606,0.61532605,1834,0.00144568
2021-12-06,2021-12-06,8874087,6.99526677,3036352,2.39349606,113993790,89.85904368,20608,0.01624488,150436,0.11858572,55,4.336e-05,781294,0.61587856,1828,0.00144098
2021-12-07,2021-12-07,8898788,7.01190764,3041672,2.39672224,114014363,89.83899634,20581,0.01621705,150415,0.11852132,56,4.413e-05,781963,0.6161572,1820,0.00143409
2021-12-08,2021-12-08,8905416,7.01206322,3039018,2.39290184,114103665,89.84443986,20724,0.01631793,150134,0.11821448,56,4.409e-05,780526,0.6145808,1826,0.00143778
2021-12-09,2021-12-09,8842116,6.97215178,3028940,2.38836828,113999443,89.89040847,20994,0.01655411,149630,0.11798568,57,4.495e-05,777484,0.61305874,1811,0.001428
2021-12-10,2021-12-10,8868591,6.9813798,3029598,2.38490808,114182970,89.88515545,20973,0.01651,149637,0.11779467,57,4.487e-05,778427,0.61277993,1813,0.0014272
2021-12-11,2021-12-11,8890042,6.98974823,3033325,2.38493565,114311775,89.87702504,20985,0.01649934,149780,0.11776373,57,4.482e-05,779096,0.61256009,1810,0.0014231
2021-12-12,2021-12-12,8912361,6.99755397,3035761,2.38353243,114463027,89.870822,20962,0.01645835,149589,0.11745003,57,4.475e-05,780382,0.61271813,1809,0.00142034
2021-12-13,2021-12-13,8932424,7.00793793,3040707,2.38558827,114534632,89.85820559,20917,0.01641044,149667,0.11742132,57,4.472e-05,781303,0.61297168,1810,0.00142004
2021-12-14,2021-12-14,8951026,7.01684651,3043808,2.38608775,114615115,89.84854576,20834,0.01633209,149467,0.11716947,57,4.468e-05,782682,0.61355642,1808,0.00141732
2021-12-15,2021-12-15,8966833,7.03151215,3047294,2.38959338,114554777,89.8303009,20805,0.01631464,148303,0.11629461,57,4.47e-05,783661,0.61452264,1807,0.00141699
2021-12-16,2021-12-16,8989529,7.03912098,3050388,2.38856231,114712478,89.82395082,20748,0.01624642,148139,0.11599811,57,4.463e-05,784968,0.61465787,1812,0.00141886
2021-12-17,2021-12-17,8945373,7.00756376,3041029,2.38226004,114713319,89.86331778,20933,0.01639835,147560,0.11559452,57,4.465e-05,783028,0.613403,1810,0.00141791
2021-12-18,2021-12-18,8916809,6.98150825,3035307,2.37652515,114816270,89.89659145,21099,0.01651968,147151,0.1152134,58,4.541e-05,781883,0.61218342,1805,0.00141324
2021-12-19,2021-12-19,8935149,6.98656648,3038590,2.37593251,114963842,89.89246004,21093,0.01649303,147139,0.11505084,58,4.535e-05,782741,0.61204038,1805,0.00141136
2021-12-20,2021-12-20,8952281,6.99927049,3041894,2.3782809,114955533,89.8770794,21116,0.01650938,146967,0.11490499,59,4.613e-05,783403,0.61249747,1805,0.00141123
2021-12-21,2021-12-21,8957221,6.99507656,3045342,2.37823768,115093127,89.88114005,21038,0.01642947,147371,0.11508831,58,4.529e-05,784397,0.61256913,1810,0.00141351
2021-12-22,2021-12-22,8975453,7.00432822,3047451,2.37819161,115164048,89.87254366,20878,0.01629292,146972,0.11469506,58,4.526e-05,784844,0.61248218,1821,0.00142109
2021-12-23,2021-12-23,8992226,7.00831123,3050164,2.3772199,115310439,89.8700104,20713,0.01614318,147063,0.11461715,60,4.676e-05,785543,0.61223215,1821,0.00141924
2021-12-24,2021-12-24,8975961,6.99870003,3045717,2.37479415,115276879,89.8832221,20790,0.01621029,146880,0.11452468,60,4.678e-05,783726,0.61108367,1819,0.0014183
2021-12-25,2021-12-25,8905320,6.95144779,3035441,2.36944991,115215425,89.93657853,20681,0.01614348,146741,0.11454528,62,4.84e-05,781927,0.61036826,1817,0.00141834
2021-12-26,2021-12-26,8910609,6.95091729,3036769,2.36889871,115294134,89.9377348,20683,0.01613423,146645,0.11439367,62,4.836e-05,782563,0.61045555,1817,0.00141739
2021-12-27,2021-12-27,8902365,6.94534039,3038275,2.37036496,115284913,89.94160123,20696,0.01614636,146653,0.11441398,62,4.837e-05,782736,0.61066559,1819,0.00141913
2021-12-28,2021-12-28,8911085,6.95419916,3040076,2.37247136,115235981,89.93000986,20614,0.01608714,146599,0.11440567,62,4.838e-05,783388,0.61135498,1824,0.00142345
2021-12-29,2021-12-29,8917765,6.96157165,3041206,2.37408964,115187762,89.92027245,20569,0.016057,146305,0.11421166,62,4.84e-05,784384,0.61232219,1828,0.00142701
2021-12-30,2021-12-30,8944925,6.98099939,3044983,2.37643406,115188739,89.89818441,20541,0.01603107,146031,0.11396879,61,4.761e-05,785331,0.61290567,1831,0.00142899
2021-12-31,2021-12-31,8931504,6.97732911,3041837,2.37629607,115079301,89.90044192,20496,0.01601156,146233,0.11423784,62,4.843e-05,786232,0.6142078,1827,0.00142726
2022-01-01,2022-01-01,8937242,6.97681214,3043472,2.37587081,115163747,89.90198855,20495,0.01599932,146069,0.11402802,62,4.84e-05,786308,0.61382731,1826,0.00142546
2022-01-02,2022-01-02,8944567,6.97753592,3044926,2.37530565,115245809,89.90169919,20494,0.01598709,146225,0.11406815,62,4.837e-05,787004,0.61393119,1826,0.00142444
2022-01-03,2022-01-03,8954571,6.98487855,3047478,2.37713942,115240714,89.89178731,20477,0.01597278,146343,0.11415266,62,4.836e-05,787910,0.61459736,1825,0.00142356
2022-01-04,2022-01-04,8961807,6.98822881,3049050,2.37758513,115273510,89.88786115,20492,0.01597923,146370,0.11413625,60,4.679e-05,788348,0.61473721,1828,0.00142544
2022-01-05,2022-01-05,8969487,6.99240493,3049100,2.37700794,115298691,89.88419681,20490,0.01597353,146494,0.11420334,60,4.677e-05,788558,0.61474161,1828,0.00142507
2022-01-06,2022-01-06,8971148,6.99013947,3048568,2.37538334,115362250,89.88796271,20495,0.01596929,146532,0.11417481,60,4.675e-05,789165,0.61490162,1825,0.001422
2022-01-07,2022-01-07,8972568,6.99045916,3048157,2.37479583,115375497,89.88816807,20477,0.01595347,146700,0.11429285,60,4.675e-05,789200,0.61485969,1828,0.00142418
2022-01-08,2022-01-08,8976891,6.99004904,3048976,2.37415067,115439296,89.88928794,20474,0.01594252,146808,0.1143152,60,4.672e-05,789533,0.61478683,1825,0.00142108
2022-01-09,2022-01-09,8987856,6.9915805,3050089,2.37263957,115555751,89.88988427,20465,0.01591956,146818,0.11420853,60,4.667e-05,789699,0.61430047,1826,0.00142043
2022-01-10,2022-01-10,8992305,6.99596318,3051349,2.37393252,115533146,89.88414379,20469,0.01592477,146732,0.11415668,60,4.668e-05,789736,0.61441021,1828,0.00142217
2022-01-11,2022-01-11,8996994,6.99604948,3052172,2.37336452,115593317,89.88519558,20455,0.01590578,146787,0.11414136,60,4.666e-05,789449,0.6138744,1829,0.00142223
2022-01-12,2022-01-12,9003227,6.9993347,3054291,2.3744825,115613464,89.88080938,20450,0.01589834,147000,0.11428149,60,4.665e-05,789434,0.61372581,1828,0.00142113
2022-01-13,2022-01-13,9003204,6.99388959,3056494,2.37435268,115711401,89.88719608,20443,0.01588058,147010,0.11420065,59,4.583e-05,789128,0.61301222,1831,0.00142236
2022-01-14,2022-01-14,9013538,6.999673,3057097,2.37405992,115741817,89.88200543,20444,0.01587626,146894,0.11407396,59,4.582e-05,789163,0.61284292,1832,0.00142268
2022-01-15,2022-01-15,9028892,7.00383257,3059722,2.37346737,115866815,89.87944173,20444,0.01585868,146966,0.1140035,59,4.577e-05,788860,0.61192928,1832,0.00142111
2022-01-16,2022-01-16,9037398,7.00465899,3060789,2.37234027,115964097,89.88084342,20454,0.01585338,146996,0.11393289,59,4.573e-05,788189,0.61090539,1832,0.00141994
2022-01-17,2022-01-17,9035057,7.0047011,3062133,2.37401119,115931131,89.87911427,20463,0.01586456,147059,0.11401194,59,4.574e-05,787887,0.61083322,1829,0.00141799
2022-01-18,2022-01-18,9045427,7.00785579,3062138,2.37236136,116010611,89.87808224,20461,0.01585196,147108,0.11397048,59,4.571e-05,787897,0.61041547,1829,0.001417
2022-01-19,2022-01-19,9051659,7.00958646,3064209,2.37291726,116058576,89.87552699,20433,0.01582327,147025,0.11385586,59,4.569e-05,788781,0.61083041,1826,0.00141405
2022-01-20,2022-01-20,9057027,7.00916219,3064113,2.37129303,116137838,89.87816229,20435,0.01581449,146980,0.11374667,58,4.489e-05,788696,0.61036565,1823,0.00141081
2022-01-21,2022-01-21,9068485,7.01477593,3065075,2.37093785,116184446,89.87254815,20455,0.01582263,147467,0.11407065,58,4.486e-05,789104,0.61039829,1812,0.00140164
2022-01-22,2022-01-22,9063165,7.01335482,3061724,2.36925586,116145499,89.87694638,20449,0.01582406,147522,0.11415704,58,4.488e-05,787013,0.60901478,1812,0.00140218
2022-01-23,2022-01-23,9075663,7.01834896,3062442,2.36823322,116218222,89.87332802,20467,0.01582744,147447,0.11402302,58,4.485e-05,787252,0.60879401,1811,0.00140047
2022-01-24,2022-01-24,9083692,7.02423498,3061884,2.36769286,116218059,89.86907036,20458,0.01581976,147883,0.11435493,58,4.485e-05,785465,0.60738417,1808,0.00139809
2022-01-25,2022-01-25,9099767,7.03151407,3064059,2.36764018,116294229,89.86213691,20460,0.01580972,147800,0.11420708,58,4.482e-05,785862,0.60724629,1813,0.00140093
2022-01-26,2022-01-26,9112655,7.03617037,3065775,2.36718226,116376890,89.85829328,20467,0.01580322,147686,0.11403305,57,4.401e-05,786233,0.60707547,1811,0.00139833
2022-01-27,2022-01-27,9122599,7.0407208,3067918,2.36778511,116421731,89.85300169,20477,0.01580392,148024,0.11424328,56,4.322e-05,786491,0.60700504,1810,0.00139694
2022-01-28,2022-01-28,9106897,7.0266555,3068125,2.36728903,116474352,89.86871664,20480,0.01580186,147694,0.11395702,56,4.321e-05,785586,0.60613864,1812,0.00139809
2022-01-29,2022-01-29,9063973,6.99187676,3054700,2.35637131,116564963,89.91728641,20838,0.01607427,147339,0.11365613,56,4.32e-05,782087,0.6032957,1810,0.00139622
2022-01-30,2022-01-30,8994302,6.94157686,3040947,2.34692668,116587600,89.97938767,20966,0.01618103,146498,0.11306348,59,4.553e-05,779274,0.60142414,1807,0.0013946
2022-01-31,2022-01-31,8992274,6.94685173,3042407,2.3503677,116459785,89.9693291,20611,0.01592273,146371,0.11307681,60,4.635e-05,780558,0.60300884,1808,0.00139674
2022-02-01,2022-02-01,8981524,6.94467091,3042893,2.35281791,116356416,89.96880903,20442,0.01580611,145524,0.11252169,68,5.258e-05,781067,0.60393462,1794,0.00138715
2022-02-02,2022-02-02,8979729,6.94279871,3044541,2.35392798,116364587,89.96885148,20424,0.01579109,145688,0.11264064,68,5.258e-05,781917,0.60454969,1795,0.00138783
2022-02-03,2022-02-03,8985377,6.94402529,3046368,2.35427589,116414829,89.96701158,20453,0.01580637,145635,0.11254877,68,5.255e-05,782718,0.60489544,1791,0.00138411
2022-02-04,2022-02-04,9001681,6.95026251,3049312,2.35439568,116513401,89.96083316,20458,0.01579577,145578,0.11240182,68,5.25e-05,783414,0.60487957,1786,0.00137898
2022-02-05,2022-02-05,9002452,6.94848257,3049385,2.35364749,116556457,89.9633244,20445,0.01578034,145681,0.11244291,68,5.249e-05,783700,0.60489362,1783,0.0013762
2022-02-06,2022-02-06,8985542,6.94031072,3048854,2.35489346,116483085,89.96995432,20466,0.01580766,145611,0.11246796,68,5.252e-05,783463,0.60513619,1783,0.00137717
2022-02-07,2022-02-07,8996613,6.94480828,3051937,2.35589964,116544788,89.96510232,20412,0.01575675,145558,0.11236144,68,5.249e-05,783275,0.60463807,1789,0.00138099
2022-02-08,2022-02-08,8976116,6.93107865,3050033,2.35514098,116528118,89.97940208,20422,0.01576924,145688,0.11249576,68,5.251e-05,783093,0.60468015,1788,0.00138064
2022-02-09,2022-02-09,8979618,6.9381047,3052591,2.35858541,116440499,89.96778852,20403,0.01576438,145661,0.11254502,68,5.254e-05,784027,0.60577871,1787,0.00138073
2022-02-10,2022-02-10,8977957,6.9446268,3052242,2.36096938,116303254,89.96286069,20480,0.01584168,145735,0.1127289,69,5.337e-05,777664,0.60153844,1785,0.00138073
2022-02-11,2022-02-11,8963245,6.93988674,3054732,2.36515839,116190512,89.96172629,20485,0.01586073,145914,0.11297545,68,5.265e-05,778753,0.6029577,1785,0.00138206
2022-02-12,2022-02-12,8957008,6.95982195,3056103,2.37466939,115735855,89.929689,20480,0.01591348,145846,0.11332603,68,5.284e-05,778788,0.60513799,1788,0.00138932
2022-02-13,2022-02-13,8965073,6.9620227,3057025,2.37399935,115801817,89.92842315,20476,0.01590108,145872,0.11328008,68,5.281e-05,778979,0.60493311,1787,0.00138773
2022-02-14,2022-02-14,8968714,6.9622919,3058900,2.37458288,115843856,89.92802535,20489,0.01590533,145686,0.11309408,68,5.279e-05,778914,0.60466045,1787,0.00138722
2022-02-15,2022-02-15,8971136,6.96715275,3060473,2.37682082,115785062,89.92085424,20514,0.01593156,145605,0.11307958,69,5.359e-05,778661,0.60472276,1783,0.00138471
2022-02-16,2022-02-16,8981326,6.96989117,3061504,2.37585738,115868974,89.91925456,20498,0.01590732,145663,0.11304069,69,5.355e-05,779098,0.6046132,1781,0.00138213
2022-02-17,2022-02-17,8986263,6.97022464,3062055,2.3750931,115928039,89.91996716,20506,0.01590555,145321,0.11271871,69,5.352e-05,779543,0.60465511,1782,0.00138221
2022-02-18,2022-02-18,9003343,6.9801032,3063605,2.37514877,115970952,89.90984939,20511,0.01590175,145218,0.11258447,69,5.349e-05,780336,0.60497815,1781,0.00138077
2022-02-19,2022-02-19,9006358,6.9823311,3065611,2.37666669,115967158,89.90549722,20525,0.01591235,145290,0.11263853,69,5.349e-05,781048,0.60552065,1780,0.00137998
2022-02-20,2022-02-20,9015703,6.98396721,3068101,2.3766884,116058739,89.90429558,20513,0.01589029,145321,0.11257215,69,5.345e-05,781201,0.60515327,1781,0.00137964
2022-02-21,2022-02-21,9022419,6.98711112,3070570,2.37790041,116087503,89.90009034,20497,0.01587322,145286,0.11251189,69,5.343e-05,781336,0.60507958,1782,0.00138001
2022-02-22,2022-02-22,9034596,6.99262172,3073871,2.37912322,116143878,89.8933615,20510,0.01587439,145223,0.1124001,69,5.34e-05,781910,0.60518488,1784,0.00138079
2022-02-23,2022-02-23,9043681,6.995183,3073363,2.37721085,116217359,89.89278746,20498,0.01585497,145324,0.11240644,69,5.337e-05,782331,0.60512401,1784,0.0013799
2022-02-24,2022-02-24,9053120,7.00031138,3076510,2.37890672,116244197,89.88564993,20514,0.01586242,145585,0.11257338,69,5.335e-05,782760,0.60526799,1778,0.00137484
2022-02-25,2022-02-25,9062898,7.00331582,3078946,2.37924241,116315471,89.88228471,20516,0.01585365,145493,0.1124291,70,5.409e-05,783499,0.60544551,1779,0.00137471
2022-02-26,2022-02-26,9063633,6.99997656,3081169,2.37963196,116384183,89.88520971,20521,0.01584867,145480,0.11235634,70,5.406e-05,784068,0.6055472,1781,0.00137549
2022-02-27,2022-02-27,9080847,7.00693295,3085618,2.3809143,116478913,89.87707136,20524,0.01583666,145471,0.11224785,70,5.401e-05,784806,0.60556939,1780,0.00137348
2022-02-28,2022-02-28,9093706,7.0144002,3090991,2.38422574,116504932,89.86569596,20542,0.015845,145564,0.11228031,71,5.477e-05,785671,0.60602474,1910,0.00147327
2022-03-01,2022-03-01,9106666,7.02837089,3094042,2.38792932,116414967,89.84710383,20513,0.01583159,145703,0.11245111,70,5.402e-05,786211,0.60678436,1911,0.00147488
2022-03-02,2022-03-02,9093311,7.0215769,3094671,2.38961039,116362872,89.8518542,20512,0.01583874,145759,0.11255065,70,5.405e-05,786146,0.60703792,1913,0.00147716
2022-03-03,2022-03-03,9092472,7.01959647,3096431,2.39051559,116385906,89.85258292,20533,0.01585195,145725,0.11250303,70,5.404e-05,786783,0.60741448,1919,0.00148151
2022-03-04,2022-03-04,9096991,7.02104164,3097840,2.39090746,116417619,89.85091335,20532,0.01584656,145648,0.11241087,70,5.403e-05,786926,0.6073481,1915,0.00147799
2022-03-05,2022-03-05,9105987,7.0220546,3100785,2.39116106,116514629,89.84990711,20519,0.01582317,145607,0.1122844,70,5.398e-05,787449,0.60723894,1915,0.00147675
2022-03-06,2022-03-06,9113077,7.02488926,3102324,2.3914516,116553865,89.84649139,20497,0.01580028,145780,0.11237569,70,5.396e-05,788035,0.60746317,1913,0.00147465
2022-03-07,2022-03-07,9122802,7.03079689,3105114,2.39306146,116570547,89.83904721,20470,0.0157759,145847,0.11240194,70,5.395e-05,788108,0.60738217,1921,0.00148048
2022-03-08,2022-03-08,9129098,7.03536988,3109419,2.39628414,116564914,89.83114053,20464,0.01577065,145743,0.11231733,70,5.395e-05,788394,0.60757847,1927,0.00148505
2022-03-09,2022-03-09,9136498,7.03601098,3112379,2.39684098,116648749,89.8311233,20444,0.01574391,145528,0.11207102,69,5.314e-05,787784,0.60667193,1928,0.00148475
2022-03-10,2022-03-10,9144017,7.04064902,3114471,2.39805954,116659764,89.82490437,20423,0.01572516,145729,0.11220744,69,5.313e-05,788229,0.60691529,1930,0.00148605
2022-03-11,2022-03-11,9155524,7.04428322,3118418,2.39931866,116740861,89.82071236,20329,0.01564118,145593,0.11201962,69,5.309e-05,788244,0.60647692,1943,0.00149495
2022-03-12,2022-03-12,9163199,7.04617068,3119739,2.39896716,116805592,89.81930191,20331,0.01563381,145391,0.11180045,69,5.306e-05,788826,0.60657884,1943,0.0014941
2022-03-13,2022-03-13,9167067,7.04470072,3121000,2.39842372,116881978,89.82137407,20326,0.01562011,145417,0.11174995,69,5.303e-05,789334,0.6065868,1941,0.00149162
2022-03-14,2022-03-14,9168451,7.04388812,3122694,2.39908652,116913522,89.82169053,20380,0.01565744,145470,0.11176091,69,5.301e-05,789267,0.6063738,1939,0.00148968
2022-03-15,2022-03-15,9168825,7.04118099,3123211,2.3984637,116968425,89.82567019,20403,0.01566844,145149,0.11146689,69,5.299e-05,789123,0.60600544,1942,0.00149136
2022-03-16,2022-03-16,9174593,7.04281961,3124375,2.39840716,117012886,89.8242187,20399,0.01565917,144926,0.11125155,68,5.22e-05,789546,0.60609011,1956,0.00150151
2022-03-17,2022-03-17,9172441,7.03708731,3122575,2.39563633,117093095,89.83370218,20403,0.01565316,144784,0.11107814,68,5.217e-05,788957,0.605287,1960,0.00150371
2022-03-18,2022-03-18,9185665,7.04474166,3123558,2.3955434,117125222,89.82658643,20396,0.01564226,144757,0.11101816,68,5.215e-05,788741,0.60490738,1967,0.00150855
2022-03-19,2022-03-19,9183232,7.03917411,3122553,2.39351399,117197221,89.83456412,20403,0.0156394,144740,0.11094678,68,5.212e-05,788758,0.60460249,1966,0.00150699
2022-03-20,2022-03-20,9192009,7.04138466,3122497,2.39193657,117271889,89.83416789,20399,0.01562631,144764,0.11089404,68,5.209e-05,789044,0.60443395,1964,0.00150449
2022-03-21,2022-03-21,9198207,7.04307004,3123330,2.39153478,117321559,89.8331552,20413,0.01563024,144709,0.11080373,68,5.207e-05,789147,0.60425011,1964,0.00150384
2022-03-22,2022-03-22,9205236,7.0434987,3124387,2.39066285,117405010,89.83387663,20442,0.01564145,144675,0.11069984,68,5.203e-05,789465,0.60406878,1960,0.00149972
2022-03-23,2022-03-23,9206370,7.04380565,3125941,2.39166152,117412011,89.83208222,20402,0.0156096,144674,0.11069027,68,5.203e-05,790221,0.60459911,1960,0.0014996
2022-03-24,2022-03-24,9204209,7.03850285,3127009,2.39123881,117480488,89.83789367,20416,0.01561221,144605,0.11058014,68,5.2e-05,790665,0.60462532,1955,0.001495
2022-03-25,2022-03-25,9205016,7.03647394,3128218,2.39126412,117527194,89.83982628,20453,0.01563463,144605,0.11053857,68,5.198e-05,791094,0.60472598,1942,0.0014845
2022-03-26,2022-03-26,9208488,7.03399161,3129748,2.39068793,117617123,89.84296399,20422,0.01559954,144679,0.11051444,68,5.194e-05,791646,0.60470637,1943,0.00148418
2022-03-27,2022-03-27,9214272,7.0336301,3131103,2.39009879,117698558,89.8441158,20407,0.0155775,144666,0.11042947,68,5.191e-05,792060,0.60461174,1945,0.0014847
2022-03-28,2022-03-28,9217006,7.03646556,3131772,2.39086378,117680564,89.83993666,20309,0.01550434,144910,0.11062749,67,5.115e-05,792568,0.60506388,1948,0.00148715
2022-03-29,2022-03-29,9224953,7.03775811,3132862,2.3900745,117759804,89.83948383,20320,0.01550222,145434,0.11095225,68,5.188e-05,792630,0.60470099,1935,0.00147622
2022-03-30,2022-03-30,9233034,7.04122055,3133670,2.38977367,117799595,89.83535951,20331,0.01550466,145453,0.11092417,69,5.262e-05,794237,0.6056945,1928,0.00147032
2022-03-31,2022-03-31,9249054,7.0481966,3135489,2.38938414,117878590,89.82880603,20367,0.01552057,145289,0.11071678,69,5.258e-05,795040,0.60585636,1925,0.00146694
2022-04-01,2022-04-01,9264057,7.0564514,3136381,2.3889879,117921459,89.82101951,20329,0.01548464,145200,0.11059914,69,5.256e-05,795502,0.60593552,1929,0.00146932
2022-04-02,2022-04-02,9263149,7.0549205,3136532,2.38881874,117936617,89.82187995,20341,0.01549194,145113,0.11051972,69,5.255e-05,796794,0.60684745,1929,0.00146915
2022-04-03,2022-04-03,9268742,7.05491009,3138411,2.38880394,118007239,89.82130052,20338,0.01548028,144979,0.11035088,69,5.252e-05,798309,0.60763351,1929,0.00146826
2022-04-04,2022-04-04,9280761,7.06115269,3141099,2.38986648,118045469,89.813441,20329,0.01546707,144924,0.11026364,69,5.25e-05,799497,0.60828744,1931,0.00146918
2022-04-05,2022-04-05,9294308,7.06640557,3142222,2.38901218,118124732,89.80951186,20347,0.0154697,145003,0.11024489,69,5.246e-05,799477,0.60783748,1928,0.00146585
2022-04-06,2022-04-06,9308539,7.07355726,3144495,2.38950124,118176564,89.80235165,20350,0.01546396,145117,0.11027438,69,5.243e-05,799230,0.60733475,1927,0.00146433
2022-04-07,2022-04-07,9315892,7.07674053,3146179,2.38996893,118212825,89.7993976,20345,0.01545491,145056,0.11019059,69,5.242e-05,798710,0.60673346,1924,0.00146155
2022-04-08,2022-04-08,9333562,7.08351359,3148623,2.38958222,118315606,89.79317894,20347,0.01544193,145283,0.11025952,68,5.161e-05,799168,0.606512,1924,0.00146018
2022-04-09,2022-04-09,9337169,7.08109991,3149801,2.38873855,118407033,89.79724266,20341,0.01542616,145466,0.11031816,68,5.157e-05,798631,0.60566387,1924,0.00145912
2022-04-10,2022-04-10,9339347,7.07908671,3150193,2.38779964,118472590,89.80046866,20329,0.01540908,145485,0.11027548,68,5.154e-05,798763,0.60545052,1924,0.00145836
2022-04-11,2022-04-11,9344919,7.07947589,3152060,2.38792147,118536251,89.80008607,20305,0.01538256,145569,0.11027942,68,5.152e-05,799052,0.60534172,1929,0.00146136
2022-04-12,2022-04-12,9355008,7.0865392,3154723,2.38974335,118534349,89.79129793,20304,0.01538054,145705,0.11037342,68,5.151e-05,798867,0.60515205,1930,0.001462
2022-04-13,2022-04-13,9359887,7.08677168,3156504,2.38992449,118591773,89.790915,20350,0.01540786,145617,0.11025287,67,5.073e-05,799340,0.60521458,1932,0.0014628
2022-04-14,2022-04-14,9370491,7.08990758,3158735,2.38996433,118669875,89.78808544,20302,0.01536091,145477,0.11007091,67,5.069e-05,799737,0.60509758,1933,0.00146255
2022-04-15,2022-04-15,9372749,7.08477567,3159466,2.3882116,118793461,89.79489611,20313,0.01535441,145503,0.10998439,67,5.064e-05,800735,0.6052683,1930,0.00145887
2022-04-16,2022-04-16,9381146,7.08399831,3160622,2.38668505,118916493,89.79758294,20304,0.01533219,145515,0.10988295,68,5.135e-05,801200,0.60501131,1928,0.00145589
2022-04-17,2022-04-17,9387252,7.08420458,3163311,2.38723135,118989406,89.79681112,20292,0.01531361,145589,0.10987052,68,5.132e-05,801766,0.60506252,1928,0.00145499
2022-04-18,2022-04-18,9396396,7.09100744,3164315,2.38795611,118980367,89.78875175,20318,0.01533302,145678,0.10993617,67,5.056e-05,802368,0.60550848,1930,0.00145648
2022-04-19,2022-04-19,9403323,7.09059808,3166920,2.38802356,119075949,89.78950266,20306,0.01531179,145498,0.10971311,67,5.052e-05,802788,0.6053442,1931,0.00145608
2022-04-20,2022-04-20,9413058,7.09427184,3169194,2.38850369,119132688,89.78587761,20316,0.01531141,145423,0.10959991,67,5.05e-05,802654,0.60493048,1930,0.00145457
2022-04-21,2022-04-21,9415463,7.09405026,3167631,2.38664137,119169368,89.78777634,20316,0.01530702,145306,0.10948034,67,5.048e-05,803296,0.60524078,1929,0.0014534
2022-04-22,2022-04-22,9432401,7.1022868,3170049,2.38694232,119233917,89.7792062,20319,0.01529954,145339,0.10943547,67,5.045e-05,803921,0.60532599,1930,0.00145323
2022-04-23,2022-04-23,9435759,7.10123523,3171179,2.38659,119296233,89.78086583,20301,0.01527828,145368,0.10940215,66,4.967e-05,804059,0.60512483,1932,0.001454
2022-04-24,2022-04-24,9444079,7.10398895,3172478,2.38638926,119352156,89.77862188,20297,0.01526773,145124,0.10916462,66,4.965e-05,804377,0.60506539,1931,0.00145253
2022-04-25,2022-04-25,9429161,7.09498287,3170780,2.385857,119328068,89.78853986,20307,0.01528003,145495,0.10947788,65,4.891e-05,803188,0.60435972,1932,0.00145374
2022-04-26,2022-04-26,9440395,7.09957385,3172098,2.38555103,119387672,89.78454755,20312,0.01527548,145553,0.10946197,65,4.888e-05,803264,0.60408829,1932,0.00145295
2022-04-27,2022-04-27,9453772,7.10537004,3175031,2.38632475,119451186,89.77843743,20346,0.01529187,145528,0.10937754,65,4.885e-05,803228,0.60369894,1930,0.00145057
2022-04-28,2022-04-28,9469576,7.11436989,3177923,2.38753242,119485969,89.76826213,20310,0.01525864,145500,0.10931227,65,4.883e-05,803637,0.60376208,1935,0.00145374
2022-04-29,2022-04-29,9478584,7.11944573,3179224,2.38794241,119507122,89.76282425,20336,0.01527454,145503,0.10928855,65,4.882e-05,803773,0.60372079,1937,0.0014549
2022-04-30,2022-04-30,9480704,7.12033293,3180784,2.38887756,119516546,89.76101333,20351,0.0152843,145352,0.10916432,65,4.882e-05,803990,0.60382399,1937,0.00145475
2022-05-01,2022-05-01,9495729,7.12478287,3183809,2.38885796,119626005,89.75712253,20348,0.0152674,145448,0.10913174,65,4.877e-05,804112,0.60333687,1935,0.00145186
2022-05-02,2022-05-02,9511201,7.13372339,3187693,2.39087788,119655967,89.74603424,20267,0.01520094,145672,0.10925894,64,4.8e-05,804504,0.60340529,1935,0.00145132
2022-05-03,2022-05-03,9535149,7.14488175,3191487,2.39144635,119755375,89.73514663,20266,0.01518573,146133,0.10950044,63,4.721e-05,803848,0.60233971,1938,0.00145218
2022-05-04,2022-05-04,9551240,7.15564804,3195374,2.39392704,119759812,89.72228355,20314,0.01521895,145883,0.10929339,63,4.72e-05,803718,0.60213366,1933,0.00144818
2022-05-05,2022-05-05,9550059,7.15933229,3194356,2.39469265,119676829,89.71737095,20334,0.01524366,145748,0.10926198,63,4.723e-05,803820,0.60259465,1943,0.0014566
2022-05-06,2022-05-06,9556649,7.16636591,3196512,2.3970091,119628967,89.70769474,20394,0.01529311,145836,0.1093599,63,4.724e-05,803827,0.60277597,1939,0.00145402
2022-05-07,2022-05-07,9547578,7.15637778,3197317,2.39654584,119697020,89.71878457,20403,0.01529305,145454,0.1090249,63,4.722e-05,803783,0.60247476,1937,0.00145188
2022-05-08,2022-05-08,9557169,7.16140164,3199079,2.39714183,119725438,89.71296295,20412,0.01529517,145567,0.10907663,63,4.721e-05,804225,0.60262388,1936,0.00145069
2022-05-09,2022-05-09,9572091,7.17241057,3201695,2.39904437,119709828,89.69910915,20305,0.01521463,145898,0.10932202,65,4.87e-05,805285,0.60340365,1931,0.00144691
2022-05-10,2022-05-10,9601437,7.18792893,3207127,2.4009532,119794331,89.6816942,20324,0.01521517,146035,0.10932626,64,4.791e-05,805988,0.60338723,1933,0.0014471
2022-05-11,2022-05-11,9626589,7.2050148,3215813,2.40687332,119791685,89.65801521,20278,0.01517706,146436,0.10959994,62,4.64e-05,806753,0.6038138,1950,0.00145948
2022-05-12,2022-05-12,9650370,7.22205271,3222846,2.41188303,119775716,89.6366185,20238,0.01514552,146198,0.10941028,62,4.64e-05,806265,0.60338498,1949,0.00145857
2022-05-13,2022-05-13,9645207,7.22058356,3224339,2.41380088,119732136,89.63373135,20163,0.0150944,146912,0.10998109,63,4.716e-05,808563,0.60530549,1945,0.00145606
2022-05-14,2022-05-14,9624927,7.20728639,3216209,2.40834443,119728978,89.65481329,20143,0.01508337,146562,0.10974777,63,4.718e-05,805564,0.60321813,1949,0.00145944
2022-05-15,2022-05-15,9597365,7.1951843,3221196,2.41494398,119591626,89.65833741,20147,0.01510429,146557,0.10987439,63,4.723e-05,807047,0.60504648,1950,0.00146192
2022-05-16,2022-05-16,9604752,7.21706104,3226773,2.42461416,119275300,89.62408616,20134,0.01512879,146670,0.11020861,63,4.734e-05,808339,0.60739017,1948,0.00146374
2022-05-17,2022-05-17,9599621,7.22092818,3230147,2.42974796,119133111,89.61308356,20133,0.01514424,146747,0.11038452,62,4.664e-05,809877,0.60919735,1951,0.00146756
2022-05-18,2022-05-18,9611620,7.22601975,3234179,2.43145706,119188723,89.60612944,20155,0.01515254,146463,0.11011094,62,4.661e-05,810879,0.60961916,1948,0.00146451
2022-05-19,2022-05-19,9610544,7.2207181,3233382,2.42934634,119272638,89.6134595,20206,0.01518143,146762,0.11026712,62,4.658e-05,811249,0.60951808,1947,0.00146285
2022-05-20,2022-05-20,9617736,7.2264247,3235794,2.4312605,119256891,89.60538558,20187,0.01516779,146879,0.11035966,62,4.658e-05,811712,0.60989152,1948,0.00146366
2022-05-21,2022-05-21,9625579,7.22808397,3238649,2.43198118,119323763,89.60314792,20176,0.01515065,146607,0.1100908,62,4.656e-05,812379,0.61003537,1949,0.00146355
2022-05-22,2022-05-22,9625846,7.22747423,3240661,2.43321926,119335928,89.60223801,20163,0.0151392,146559,0.11004242,62,4.655e-05,812924,0.6103762,1950,0.00146414
2022-05-23,2022-05-23,9625408,7.22871144,3241975,2.43473334,119306296,89.59940059,20096,0.01509216,146235,0.10982294,63,4.731e-05,813223,0.61073301,1943,0.0014592
2022-05-24,2022-05-24,9637874,7.23320498,3243983,2.43460269,119380653,89.59493913,20053,0.01504974,146146,0.10968228,63,4.728e-05,814145,0.61101418,1945,0.00145972
2022-05-25,2022-05-25,9632817,7.22981976,3246006,2.43625912,119375608,89.59623433,20046,0.01504534,146043,0.10961119,63,4.728e-05,814773,0.61152017,1949,0.0014628
2022-05-26,2022-05-26,9637273,7.22994063,3247189,2.43606088,119430635,89.59758647,20057,0.01504688,146259,0.10972439,63,4.726e-05,813282,0.61012909,1952,0.0014644
2022-05-27,2022-05-27,9654134,7.23805687,3249804,2.43649675,119494710,89.58954849,20052,0.01503372,145906,0.10939106,63,4.723e-05,813562,0.60995715,1959,0.00146873
2022-05-28,2022-05-28,9666089,7.24408687,3252031,2.43717962,119534004,89.58273702,20051,0.01502688,145903,0.10934453,63,4.721e-05,814099,0.61011272,1955,0.00146514
2022-05-29,2022-05-29,9668016,7.24609732,3253913,2.43878064,119518908,89.57842421,20069,0.01504155,146113,0.10951047,63,4.722e-05,814732,0.61063484,1953,0.00146376
2022-05-30,2022-05-30,9660348,7.24520739,3253614,2.44019244,119437209,89.57724388,20060,0.01504489,146030,0.10952169,63,4.725e-05,815039,0.61127473,1957,0.00146774
2022-05-31,2022-05-31,9676118,7.25689487,3253679,2.44019414,119424898,89.56628365,20107,0.01507985,145835,0.10937333,63,4.725e-05,814233,0.61065846,1958,0.00146846
2022-06-01,2022-06-01,9696719,7.26937682,3255923,2.44088038,119456009,89.55304804,20095,0.0150647,145919,0.10939166,63,4.723e-05,814646,0.61071882,1964,0.00147236
2022-06-02,2022-06-02,9693398,7.26611686,3256142,2.44078581,119472865,89.55619057,20085,0.0150556,145957,0.10940855,63,4.722e-05,815002,0.61092094,1967,0.00147445
2022-06-03,2022-06-03,9702973,7.27037001,3257958,2.44116521,119514791,89.55159952,20037,0.01501358,145859,0.10929113,63,4.721e-05,815475,0.61102973,1980,0.0014836
2022-06-04,2022-06-04,9712520,7.27383376,3260118,2.44154518,119570333,89.5477924,20027,0.01499848,145987,0.10933158,62,4.643e-05,815804,0.61096633,1984,0.00148584
2022-06-05,2022-06-05,9716858,7.27361855,3261618,2.4415058,119628232,89.54850702,20024,0.0149891,146042,0.10932071,63,4.716e-05,815609,0.61052953,1980,0.00148214
2022-06-06,2022-06-06,9712245,7.2725317,3261364,2.44211025,119589297,89.54849815,20036,0.01500296,146050,0.10936228,62,4.643e-05,815925,0.61096486,1981,0.00148337
2022-06-07,2022-06-07,9721384,7.2820846,3264673,2.44549799,119526291,89.53463452,19959,0.01495087,146162,0.10948688,62,4.644e-05,816719,0.61178705,2018,0.00151164
2022-06-08,2022-06-08,9724630,7.28343182,3266327,2.44637277,119540537,89.5319771,19963,0.01495164,146374,0.10962937,61,4.569e-05,817231,0.61207946,2019,0.00151217
2022-06-09,2022-06-09,9737960,7.29080365,3268669,2.44725013,119572180,89.52360519,19957,0.01494179,146231,0.10948304,61,4.567e-05,817894,0.61235665,2022,0.00151387
2022-06-10,2022-06-10,9754297,7.29830787,3272035,2.44818451,119638040,89.51493372,19960,0.01493436,146166,0.10936354,61,4.564e-05,818911,0.6127212,2017,0.00150915
2022-06-11,2022-06-11,9754560,7.29738,3275423,2.45034182,119653830,89.51295254,19962,0.01493356,146317,0.10945965,61,4.563e-05,819917,0.61337938,2015,0.00150742
2022-06-12,2022-06-12,9765008,7.30112725,3277945,2.45086267,119714349,89.50834406,19948,0.01491477,146381,0.10944654,61,4.561e-05,820871,0.61375102,2017,0.00150808
2022-06-13,2022-06-13,9766831,7.30158338,3284845,2.45571667,119719116,89.50079182,20010,0.01495927,145945,0.109107,62,4.635e-05,824372,0.61629211,2011,0.0015034
2022-06-14,2022-06-14,9765612,7.30642553,3292082,2.46306652,119605818,89.48655769,20084,0.01502643,146527,0.10962842,62,4.639e-05,825677,0.61775417,1998,0.00149486
2022-06-15,2022-06-15,9765802,7.30917192,3294005,2.46538368,119555019,89.48043263,20190,0.01511112,146510,0.10965477,61,4.566e-05,826648,0.61870109,2003,0.00149914
2022-06-16,2022-06-16,9781038,7.315987,3297615,2.46653867,119618767,89.47203193,20196,0.01510613,146542,0.10960998,61,4.563e-05,827794,0.6191705,2019,0.00151016
2022-06-17,2022-06-17,9811695,7.33132526,3305478,2.46986218,119716382,89.4524071,20152,0.01505763,147123,0.10993071,60,4.483e-05,829586,0.61986892,2012,0.00150337
2022-06-18,2022-06-18,9817829,7.33739634,3313037,2.47601232,119673571,89.43855325,19945,0.01490598,147298,0.11008379,62,4.634e-05,831628,0.62152073,1982,0.00148126
2022-06-19,2022-06-19,9835207,7.34693857,3318973,2.47928597,119712300,89.4255621,19948,0.01490123,147218,0.10997243,62,4.631e-05,832410,0.62181357,1981,0.00147981
2022-06-20,2022-06-20,9850382,7.3542457,3320282,2.47890585,119769387,89.41922243,19942,0.0148886,147024,0.10976738,62,4.629e-05,832361,0.62143654,1992,0.00148722
2022-06-21,2022-06-21,9865159,7.36368754,3328558,2.484548,119773793,89.4032004,19909,0.01486075,147018,0.1097392,63,4.703e-05,833878,0.62243468,1986,0.00148242
2022-06-22,2022-06-22,9884470,7.37547776,3333773,2.48755559,119796209,89.3881286,19874,0.01482935,146860,0.10958227,62,4.626e-05,834795,0.62289753,1987,0.00148264
2022-06-23,2022-06-23,9901010,7.38431115,3339834,2.49089471,119835749,89.37517059,19878,0.01482529,146731,0.10943402,62,4.624e-05,836447,0.62383382,1990,0.00148417
2022-06-24,2022-06-24,9915535,7.39158964,3346894,2.49496039,119876733,89.3627644,19895,0.01483084,146674,0.10933893,63,4.696e-05,838398,0.62498836,1986,0.00148047
2022-06-25,2022-06-25,9930975,7.4088648,3350013,2.49923028,119753096,89.34011997,19872,0.01482523,146699,0.10944273,63,4.7e-05,839088,0.62598985,1984,0.00148014
2022-06-26,2022-06-26,9954135,7.44119083,3354647,2.50775869,119453173,89.29694603,19880,0.01486125,146802,0.1097415,63,4.71e-05,840045,0.62797372,1981,0.00148089
2022-06-27,2022-06-27,9962349,7.45830175,3360402,2.51576131,119241391,89.26993779,19875,0.0148794,146935,0.11000273,62,4.642e-05,840965,0.62958753,1981,0.00148307
2022-06-28,2022-06-28,9975158,7.46853084,3366118,2.52025643,119209920,89.25402126,19886,0.01488891,146881,0.10997172,62,4.642e-05,842511,0.63079897,1984,0.00148545
2022-06-29,2022-06-29,9967344,7.46286797,3369202,2.52262887,119213243,89.25875269,19877,0.01488254,146930,0.11001117,63,4.717e-05,840523,0.62932635,1981,0.00148324
2022-06-30,2022-06-30,9989022,7.47678209,3378539,2.52883615,119224383,89.23944026,19837,0.01484799,147122,0.1101208,63,4.716e-05,839600,0.62844053,1984,0.00148502
2022-07-01,2022-07-01,10021760,7.49285733,3386487,2.5319369,119333164,89.22049352,19859,0.01484776,146994,0.10990136,62,4.635e-05,840535,0.62843341,1984,0.00148336
2022-07-02,2022-07-02,10024974,7.49208089,3393313,2.53596423,119377771,89.21598365,19857,0.01483996,147273,0.11006325,61,4.559e-05,842374,0.6295412,1982,0.00148123
2022-07-03,2022-07-03,10034210,7.49419634,3398311,2.53807822,119447866,89.21138387,19873,0.01484244,147206,0.10994295,61,4.556e-05,843569,0.63003183,1980,0.00147879
2022-07-04,2022-07-04,10041723,7.49785961,3403935,2.54161828,119468339,89.20349964,19888,0.01484979,147248,0.10994576,61,4.555e-05,844688,0.63070372,1979,0.00147766
2022-07-05,2022-07-05,10065343,7.51117377,3409726,2.54447807,119514431,89.18659394,19846,0.0148099,147535,0.1100967,61,4.552e-05,846018,0.6313335,1968,0.0014686
2022-07-06,2022-07-06,10076559,7.51622044,3414102,2.54661767,119557345,89.17918908,19826,0.01478844,147539,0.11005103,61,4.55e-05,846776,0.63161989,1968,0.00146795
2022-07-07,2022-07-07,10072631,7.51613927,3415615,2.54871225,119508661,89.17667487,19800,0.01477465,147435,0.11001515,62,4.626e-05,847193,0.63217054,1966,0.00146702
2022-07-08,2022-07-08,10084183,7.52230509,3418462,2.5500047,119537627,89.16919692,19771,0.01474819,147640,0.11013219,62,4.625e-05,847371,0.63209714,1970,0.00146952
2022-07-09,2022-07-09,10097661,7.52821459,3421222,2.55065934,119594379,89.16244549,19735,0.01471324,147635,0.11006786,62,4.622e-05,848224,0.63238529,1969,0.00146797
2022-07-10,2022-07-10,10109888,7.53418797,3424470,2.55201647,119634101,89.15487533,19750,0.01471828,147833,0.11016953,62,4.62e-05,848760,0.63252109,1966,0.00146512
2022-07-11,2022-07-11,10128392,7.54454521,3428786,2.55407087,119671983,89.14254959,19757,0.01471681,147880,0.11015444,61,4.544e-05,849064,0.63245989,1957,0.00145775
2022-07-12,2022-07-12,10125011,7.54285053,3431650,2.55648345,119657216,89.14128543,19812,0.01475939,148042,0.11028716,61,4.544e-05,849471,0.63283218,1955,0.00145642
2022-07-13,2022-07-13,10162744,7.56471215,3439087,2.55990933,119721623,89.11565774,19815,0.01474944,148271,0.11036659,61,4.541e-05,850537,0.63310338,1956,0.00145596
2022-07-14,2022-07-14,10160344,7.56225162,3438559,2.55928819,119738844,89.1205324,19853,0.01477641,148080,0.1102146,61,4.54e-05,848375,0.6314378,1953,0.0014536
2022-07-15,2022-07-15,10156754,7.56055155,3439775,2.56052241,119722821,89.12006336,19838,0.01476714,148406,0.11047144,63,4.69e-05,849206,0.63213756,1934,0.00143964
2022-07-16,2022-07-16,10154327,7.55588897,3441664,2.56096057,119773342,89.12398368,19832,0.0147571,148482,0.11048625,63,4.688e-05,849930,0.63243745,1934,0.0014391
2022-07-17,2022-07-17,10159983,7.55902101,3444718,2.56286804,119782709,89.11826067,19844,0.01476392,148560,0.11052855,63,4.687e-05,850904,0.63307204,1934,0.00143889
2022-07-18,2022-07-18,10172245,7.56578743,3448389,2.56480041,119808007,89.10932767,19853,0.01476602,148671,0.11057669,63,4.686e-05,851422,0.6332602,1929,0.00143473
2022-07-19,2022-07-19,10175423,7.57038518,3450932,2.56744948,119762363,89.10167346,19806,0.01473541,148570,0.11053419,63,4.687e-05,851785,0.6337172,1960,0.00145822
2022-07-20,2022-07-20,10165361,7.56174847,3453203,2.56874817,119791733,89.10996405,19837,0.01475623,148381,0.11037678,63,4.686e-05,850821,0.63290368,1957,0.00145576
2022-07-21,2022-07-21,10160552,7.55755463,3453766,2.5689574,119807056,89.11409244,19591,0.01457205,148146,0.11019298,67,4.984e-05,851196,0.63313098,1949,0.00144969
2022-07-22,2022-07-22,10176249,7.56215642,3456743,2.56876883,119913889,89.11020016,19576,0.01454728,148248,0.1101658,68,5.053e-05,851364,0.63266413,1947,0.00144685
2022-07-23,2022-07-23,10182655,7.56366166,3458884,2.56925412,119962761,89.10816839,19542,0.01451577,148196,0.11007978,68,5.051e-05,851944,0.63282279,1948,0.00144697
2022-07-24,2022-07-24,10194529,7.57001653,3460609,2.56969864,119992929,89.10156185,19536,0.01450659,148268,0.11009741,68,5.049e-05,851951,0.63262198,1948,0.0014465
2022-07-25,2022-07-25,10195349,7.57125921,3462663,2.57143911,119978233,89.0981075,19515,0.01449221,148415,0.11021579,68,5.05e-05,852374,0.63298907,1948,0.00144662
2022-07-26,2022-07-26,10204717,7.57939891,3464867,2.57347746,119945128,89.0874262,19510,0.01449076,148583,0.11035777,68,5.051e-05,852729,0.63335154,1948,0.00144685
2022-07-27,2022-07-27,10223343,7.59084366,3467382,2.57453503,119966012,89.07489862,19499,0.01447803,148604,0.11033864,68,5.049e-05,853074,0.6334084,1949,0.00144713
2022-07-28,2022-07-28,10224740,7.59237956,3463911,2.57212673,119958807,89.07539886,19443,0.0144374,148506,0.11027311,68,5.049e-05,853656,0.63388217,1955,0.00145169
2022-07-29,2022-07-29,10236523,7.59682661,3464758,2.57129943,120022362,89.07214625,19460,0.01444184,148506,0.1102107,68,5.046e-05,853725,0.63357458,1954,0.00145012
2022-07-30,2022-07-30,10246586,7.59911335,3465381,2.57000947,120102758,89.07107902,19469,0.01443868,148561,0.11017639,68,5.043e-05,854456,0.63368501,1952,0.00144765
2022-07-31,2022-07-31,10257113,7.60391933,3467632,2.57066428,120142485,89.06538942,19471,0.01443446,148679,0.1102204,68,5.041e-05,855055,0.63387907,1946,0.00144263
2022-08-01,2022-08-01,10265003,7.61038418,3469968,2.57260417,120121201,89.05681641,19460,0.01442748,148711,0.11025305,68,5.041e-05,855176,0.63402007,1948,0.00144423
2022-08-02,2022-08-02,10276230,7.61729237,3472378,2.57391266,120132802,89.04887069,19486,0.01444407,148830,0.11032077,68,5.041e-05,854862,0.63366953,1942,0.00143951
2022-08-03,2022-08-03,10268274,7.61062113,3472142,2.57347606,120155504,89.05664355,19494,0.01444853,148844,0.11031993,68,5.04e-05,854047,0.63300104,1942,0.00143937
2022-08-04,2022-08-04,10287066,7.62060435,3475171,2.57438839,120203212,89.04590675,19498,0.01444402,148998,0.11037693,67,4.963e-05,854203,0.63278909,1945,0.00144085
2022-08-05,2022-08-05,10298375,7.62328783,3476391,2.57336999,120291289,89.04464243,19490,0.01442731,149044,0.1103286,67,4.96e-05,854384,0.63245077,1950,0.00144347
2022-08-06,2022-08-06,10299669,7.62346649,3476842,2.5734408,120303246,89.04439204,19499,0.0144325,149074,0.11033953,67,4.959e-05,854451,0.63243572,1950,0.00144332
2022-08-07,2022-08-07,10309944,7.62845609,3478383,2.57369894,120337945,89.03954567,19493,0.01442311,149126,0.11034019,67,4.957e-05,854216,0.63204507,1948,0.00144135
2022-08-08,2022-08-08,10325829,7.63778458,3479785,2.57391907,120363336,89.0300654,19527,0.01444368,149128,0.11030664,67,4.956e-05,854414,0.63199091,1947,0.00144015
2022-08-09,2022-08-09,10325847,7.63938805,3480569,2.57503498,120333601,89.02660221,19497,0.0144245,149263,0.11042949,67,4.957e-05,855102,0.63263149,1946,0.00143971
2022-08-10,2022-08-10,10327291,7.64402785,3481616,2.57701363,120267276,89.01912492,19524,0.01445122,149451,0.11062026,67,4.959e-05,855569,0.63327288,1945,0.00143965
2022-08-11,2022-08-11,10336478,7.64760393,3482775,2.57678523,120313866,89.01608411,19539,0.01445623,149462,0.11058178,67,4.957e-05,855565,0.63300307,1941,0.00143608
2022-08-12,2022-08-12,10331563,7.64080325,3483478,2.57623847,120373667,89.02346197,19553,0.0144606,149478,0.11054784,67,4.955e-05,855917,0.63300136,1943,0.00143696
2022-08-13,2022-08-13,10337862,7.64066551,3484317,2.57524242,120451072,89.02482462,19480,0.01439758,149594,0.11056423,67,4.952e-05,856207,0.63281859,1945,0.00143754
2022-08-14,2022-08-14,10342089,7.64558459,3485679,2.57685402,120412896,89.01750722,19488,0.01440687,149527,0.11054066,67,4.953e-05,857090,0.63361997,1944,0.00143714
2022-08-15,2022-08-15,10351697,7.65329802,3487797,2.5786255,120389939,89.00763636,19484,0.01440506,149527,0.11054948,67,4.953e-05,857535,0.63399952,1943,0.00143651
2022-08-16,2022-08-16,10358532,7.66127303,3490626,2.58170162,120328181,88.99591644,19506,0.01442683,149600,0.11064564,68,5.029e-05,857954,0.63455129,1940,0.00143484
2022-08-17,2022-08-17,10303239,7.6188391,3492506,2.58257052,120408163,89.03709018,19540,0.01444906,149668,0.11067359,68,5.028e-05,858589,0.63489272,1940,0.00143455
2022-08-18,2022-08-18,10298878,7.61871912,3491786,2.58309078,120358425,89.03659545,19539,0.01445421,149797,0.11081414,68,5.03e-05,858168,0.63484012,1941,0.00143588
2022-08-19,2022-08-19,10314922,7.62687453,3493906,2.58340128,120405657,89.02819035,19539,0.01444718,149908,0.11084228,67,4.954e-05,858473,0.6347567,1945,0.00143814
2022-08-20,2022-08-20,10330223,7.63531775,3496336,2.58422653,120438159,89.0187572,19528,0.01443362,149914,0.11080506,67,4.952e-05,859087,0.63497199,1946,0.00143834
2022-08-21,2022-08-21,10332195,7.63463211,3497522,2.58437764,120472781,89.0193577,19509,0.01441553,149919,0.11077766,67,4.951e-05,859301,0.63495192,1946,0.00143793
2022-08-22,2022-08-22,10339716,7.63890143,3500185,2.58590934,120485141,89.01348118,19513,0.01441605,150079,0.11087719,67,4.95e-05,859415,0.63492909,1944,0.00143621
2022-08-23,2022-08-23,10334264,7.63635899,3502990,2.58848518,120460953,89.01292643,19501,0.01440999,150074,0.11089507,67,4.951e-05,859934,0.63543613,1947,0.00143871
2022-08-24,2022-08-24,10323840,7.62678222,3505472,2.58968286,120501825,89.0212534,19503,0.01440793,150221,0.11097642,67,4.95e-05,860106,0.63540709,1950,0.00144057
2022-08-25,2022-08-25,10325752,7.62696044,3506863,2.59029128,120520619,89.02073119,19513,0.01441298,150224,0.11096068,67,4.949e-05,859904,0.63515508,1948,0.00143886
2022-08-26,2022-08-26,10324822,7.62265009,3510108,2.59145631,120582179,89.02388419,19506,0.01440097,150119,0.11083044,67,4.947e-05,860495,0.63528962,1949,0.00143892
2022-08-27,2022-08-27,10326834,7.62236591,3511251,2.59169847,120610075,89.02381152,19501,0.01439393,150281,0.11092429,67,4.945e-05,860733,0.63531784,1949,0.00143858
2022-08-28,2022-08-28,10324824,7.6201533,3514175,2.59360859,120621573,89.02378172,19511,0.01439994,150299,0.11092697,67,4.945e-05,861255,0.63564233,1948,0.00143771
2022-08-29,2022-08-29,10321462,7.6202795,3517185,2.59671864,120575150,89.01998031,19535,0.01442258,150228,0.11091252,67,4.947e-05,861711,0.63619656,1951,0.00144041
2022-08-30,2022-08-30,10327140,7.62562495,3521402,2.60022532,120544401,89.01074176,19527,0.01441886,150289,0.11097434,67,4.947e-05,862026,0.63652541,1950,0.00143989
2022-08-31,2022-08-31,10331142,7.62941619,3520916,2.60015142,120526356,89.00717189,19564,0.01444776,150376,0.11105075,67,4.948e-05,861591,0.63627393,1948,0.00143857
2022-09-01,2022-09-01,10347768,7.63853624,3524361,2.60161991,120562632,88.99716674,19572,0.0144477,150371,0.11100117,67,4.946e-05,861222,0.63573859,1951,0.00144019
2022-09-02,2022-09-02,10365907,7.645585,3525170,2.60006065,120656009,88.99228715,19575,0.01443794,150266,0.11083174,67,4.942e-05,861354,0.63530912,1951,0.001439
2022-09-03,2022-09-03,10365840,7.64692475,3525998,2.60114389,120630056,88.9893111,19577,0.01444204,150340,0.11090646,67,4.943e-05,861840,0.63578307,1951,0.00143926
2022-09-04,2022-09-04,10369065,7.64965474,3527907,2.60267155,120618228,88.9846673,19571,0.01443827,150405,0.11095951,67,4.943e-05,862259,0.63612135,1949,0.00143785
2022-09-05,2022-09-05,10371325,7.65531517,3527440,2.60368516,120545661,88.97754412,19595,0.01446352,150435,0.11103956,67,4.945e-05,862272,0.63646293,1951,0.00144008
2022-09-06,2022-09-06,10375987,7.65745631,3532624,2.60706899,120558134,88.97164617,19634,0.01448985,150575,0.11112403,67,4.945e-05,862775,0.63672611,1950,0.0014391
2022-09-07,2022-09-07,10381476,7.66220661,3536070,2.60985036,120536617,88.96388755,19682,0.0145266,150832,0.11132386,67,4.945e-05,862688,0.63672003,1945,0.00143554
2022-09-08,2022-09-08,10391938,7.6667689,3537378,2.60974032,120579860,88.95914507,19726,0.01455308,150663,0.11115332,67,4.943e-05,863639,0.63715937,1939,0.00143052
2022-09-09,2022-09-09,10390240,7.66293375,3536075,2.60790015,120629006,88.96542156,19743,0.01456071,150619,0.11108342,67,4.941e-05,863199,0.63662021,1940,0.00143077
2022-09-10,2022-09-10,10391922,7.66242562,3534747,2.60632595,120658966,88.96721436,19735,0.01455149,150884,0.11125347,67,4.94e-05,863574,0.63675146,1937,0.00142824
2022-09-11,2022-09-11,10392288,7.6627069,3534334,2.60602531,120657940,88.96659036,19744,0.01455815,150922,0.11128166,67,4.94e-05,864398,0.63735998,1937,0.00142824
2022-09-12,2022-09-12,10392733,7.66689974,3535346,2.60808618,120588475,88.96021362,19790,0.01459943,151024,0.11141303,67,4.943e-05,863900,0.63731404,1931,0.00142453
2022-09-13,2022-09-13,10403769,7.67427837,3536180,2.60844216,120591296,88.95345274,19799,0.01460461,150558,0.11105821,70,5.164e-05,863176,0.63671665,1892,0.00139562
2022-09-14,2022-09-14,10414195,7.68067173,3539421,2.61039195,120599564,88.94452834,19758,0.01457191,150619,0.11108445,70,5.163e-05,864113,0.63730017,1898,0.00139981
2022-09-15,2022-09-15,10425805,7.68640109,3541128,2.61068859,120635844,88.93850238,19790,0.01459013,150817,0.11118949,69,5.087e-05,864277,0.63718626,1887,0.00139119
2022-09-16,2022-09-16,10452894,7.69756733,3543715,2.60961077,120761411,88.92935216,19819,0.01459482,150879,0.11110811,69,5.081e-05,864102,0.63632936,1883,0.00138665
2022-09-17,2022-09-17,10449930,7.69559532,3543748,2.60970653,120759946,88.9307082,19845,0.01461436,150815,0.11106402,69,5.081e-05,864819,0.6368748,1882,0.00138595
2022-09-18,2022-09-18,10457265,7.69939273,3544864,2.60998455,120779582,88.92663952,19845,0.01461132,150757,0.11099818,69,5.08e-05,865086,0.63693871,1880,0.00138419
2022-09-19,2022-09-19,10468470,7.70616712,3548619,2.61224907,120790098,88.91735672,19852,0.01461368,150968,0.11113225,69,5.079e-05,865397,0.63704571,1881,0.00138466
2022-09-20,2022-09-20,10468582,7.70859065,3549099,2.6133961,120747778,88.91320643,19866,0.01462842,151068,0.11123965,66,4.86e-05,865757,0.63750433,1882,0.00138582
2022-09-21,2022-09-21,10469352,7.70866238,3552007,2.61536939,120753041,88.91136958,19890,0.01464516,151127,0.11127594,66,4.86e-05,865457,0.63724248,1883,0.00138647
2022-09-22,2022-09-22,10476413,7.71064202,3555344,2.61673388,120798937,88.90804133,19939,0.01467511,151018,0.11114928,66,4.858e-05,865930,0.63732465,1882,0.00138515
2022-09-23,2022-09-23,10481103,7.71279369,3556060,2.61681973,120816447,88.90594151,20006,0.01472194,151077,0.11117396,66,4.857e-05,865797,0.63711936,1877,0.00138124
2022-09-24,2022-09-24,10489541,7.71607943,3557636,2.61698791,120857729,88.90263516,20002,0.01471342,151091,0.11114215,66,4.855e-05,865980,0.63701266,1877,0.00138072
2022-09-25,2022-09-25,10501118,7.72051579,3559356,2.61687034,120915809,88.8983833,20002,0.01470565,151065,0.11106434,66,4.852e-05,866463,0.63703134,1878,0.00138072
2022-09-26,2022-09-26,10498616,7.72205045,3560635,2.61895502,120857855,88.89461744,20009,0.01471723,151189,0.11120409,65,4.781e-05,866075,0.63702443,1881,0.00138353
2022-09-27,2022-09-27,10504072,7.72807896,3560195,2.6193145,120818637,88.88895339,20052,0.0147527,151012,0.11110288,65,4.782e-05,864956,0.63636733,1879,0.00138242
2022-09-28,2022-09-28,10499928,7.72333586,3562274,2.62026925,120850149,88.89263706,20023,0.01472813,151169,0.111194,65,4.781e-05,865190,0.63639988,1887,0.001388
2022-09-29,2022-09-29,10509420,7.72784558,3565150,2.62154607,120881483,88.88724919,19931,0.01465577,151016,0.11104593,67,4.927e-05,865228,0.6362243,1882,0.00138388
2022-09-30,2022-09-30,10521768,7.73439977,3565378,2.6208579,120913877,88.88204549,19865,0.01460247,150796,0.11084796,69,5.072e-05,864952,0.63581373,1880,0.00138196
2022-10-01,2022-10-01,10518136,7.73066568,3565712,2.62074263,120935814,88.88593442,19852,0.01459091,150591,0.11068203,69,5.071e-05,865254,0.63594818,1885,0.00138545
2022-10-02,2022-10-02,10513418,7.72734864,3567596,2.62217845,120935498,88.88743473,19853,0.01459193,150472,0.11059673,69,5.071e-05,865871,0.63641407,1884,0.00138474
2022-10-03,2022-10-03,10513186,7.73118792,3567647,2.62357666,120865432,88.88203515,19893,0.01462892,150234,0.1104791,68,5.001e-05,865752,0.6366568,1884,0.00138546
2022-10-04,2022-10-04,10514853,7.73330346,3567645,2.62387704,120848658,88.87992488,19937,0.01466296,149979,0.11030426,68,5.001e-05,865429,0.6364925,1883,0.00138488
2022-10-05,2022-10-05,10509858,7.72800354,3567194,2.62299337,120883106,88.88655501,19888,0.01462385,149816,0.1101612,69,5.074e-05,865253,0.63622917,1881,0.00138312
2022-10-06,2022-10-06,10514763,7.73006351,3567978,2.623045,120905586,88.8852995,19912,0.01463856,149194,0.10968189,69,5.073e-05,864894,0.63583797,1881,0.00138284
2022-10-07,2022-10-07,10518690,7.73668079,3570909,2.62646613,120832472,88.87440017,19777,0.01454633,149235,0.10976496,69,5.075e-05,865651,0.63670148,1889,0.00138939
2022-10-08,2022-10-08,10531956,7.74151818,3573531,2.62672529,120902480,88.86941299,19762,0.01452607,149286,0.10973273,69,5.072e-05,866122,0.6366433,1892,0.00139072
2022-10-09,2022-10-09,10548814,7.75083309,3575338,2.62701078,120937319,88.85974991,19771,0.01452691,149339,0.10972813,69,5.07e-05,866559,0.63671178,1890,0.00138869
2022-10-10,2022-10-10,10547152,7.7512606,3577168,2.62891455,120908094,88.85717633,19778,0.01453515,149446,0.10983011,69,5.071e-05,866559,0.63684724,1885,0.00138531
2022-10-11,2022-10-11,10552501,7.75515034,3579367,2.63051661,120900809,88.85134906,19785,0.01454022,149605,0.10994638,69,5.071e-05,866858,0.63706358,1882,0.0013831
2022-10-12,2022-10-12,10563280,7.75981988,3581903,2.63127761,120944266,88.84605156,19774,0.01452604,149545,0.10985624,69,5.069e-05,867181,0.63703399,1884,0.00138399
2022-10-13,2022-10-13,10563998,7.76260247,3583391,2.63313566,120902382,88.84109298,19766,0.01452439,149257,0.10967654,69,5.07e-05,867604,0.63752993,1888,0.00138733
2022-10-14,2022-10-14,10580231,7.77914993,3585395,2.63617356,120802855,88.82069978,19756,0.01452566,149446,0.10988067,69,5.073e-05,867906,0.63813076,1889,0.00138889
2022-10-15,2022-10-15,10581050,7.77883054,3586121,2.63639502,120817076,88.82063312,19751,0.01452027,149403,0.10983604,69,5.073e-05,868302,0.6383463,1888,0.00138799
2022-10-16,2022-10-16,10599558,7.78879264,3588621,2.63699909,120859300,88.81012083,19744,0.01450833,149301,0.10970972,69,5.07e-05,868823,0.6384306,1889,0.00138808
2022-10-17,2022-10-17,10594876,7.78631989,3590034,2.6383653,120845965,88.81135949,19714,0.01448809,149297,0.10972042,68,4.997e-05,868545,0.63830565,1893,0.00139119
2022-10-18,2022-10-18,10608220,7.80089545,3591057,2.64073145,120748797,88.79423138,19587,0.01440356,149179,0.10970076,68,5e-05,868400,0.63858947,1901,0.00139793
2022-10-19,2022-10-19,10592205,7.80110567,3589867,2.64391898,120557104,88.78970037,19340,0.01424381,149223,0.10990199,69,5.082e-05,868541,0.63967608,1904,0.00140229
2022-10-20,2022-10-20,10589972,7.79968356,3590438,2.64441495,120553991,88.78994034,19305,0.01421844,149240,0.10991764,69,5.082e-05,869462,0.64037265,1903,0.00140159
2022-10-21,2022-10-21,10601480,7.80578461,3592641,2.64523273,120581434,88.78314182,19298,0.01420896,149195,0.10985108,69,5.08e-05,869667,0.64032883,1903,0.00140116
2022-10-22,2022-10-22,10596683,7.80301968,3592416,2.6453271,120573090,88.78572604,19301,0.01421257,149146,0.1098258,69,5.081e-05,869729,0.64043744,1902,0.00140057
2022-10-23,2022-10-23,10623508,7.81544491,3596195,2.64562929,120669195,88.77326071,19321,0.01421397,149021,0.10963096,69,5.076e-05,870453,0.64037015,1902,0.00139925
2022-10-24,2022-10-24,10613780,7.80978593,3597184,2.64686445,120651890,88.77755458,19278,0.01418506,148964,0.10961005,69,5.077e-05,870530,0.64054964,1902,0.00139952
2022-10-25,2022-10-25,10622267,7.81117915,3598118,2.64590829,120727703,88.77819735,19301,0.01419316,148859,0.1094648,69,5.074e-05,869792,0.63960933,1900,0.00139718
2022-10-26,2022-10-26,10601104,7.80438454,3593269,2.6453144,120603121,88.78633139,19332,0.01423195,148694,0.10946644,70,5.153e-05,867739,0.63881732,1905,0.00140243
2022-10-27,2022-10-27,10602537,7.80411825,3592108,2.64401205,120625319,88.78764143,19380,0.01426487,148808,0.10953183,70,5.152e-05,868105,0.63897858,1904,0.00140146
2022-10-28,2022-10-28,10601806,7.80180727,3592426,2.64364537,120656773,88.79061635,19387,0.01426678,148888,0.10956581,70,5.151e-05,867850,0.63864576,1904,0.00140114
2022-10-29,2022-10-29,10614191,7.80518247,3592548,2.64179274,120743824,88.78939327,19401,0.01426659,148865,0.1094684,70,5.147e-05,868215,0.63844494,1904,0.00140011
2022-10-30,2022-10-30,10626225,7.81155543,3592961,2.64125915,120774053,88.7834776,19404,0.01426428,148877,0.10944253,70,5.146e-05,868632,0.63854916,1905,0.0014004
2022-10-31,2022-10-31,10623435,7.81221286,3592895,2.64212663,120729407,88.78143706,19394,0.01426187,149065,0.10961874,69,5.074e-05,868794,0.63888974,1907,0.00140236
2022-11-01,2022-11-01,10620768,7.81146827,3593646,2.64309057,120709622,88.78071548,19406,0.01427292,149074,0.10964243,69,5.075e-05,869290,0.63935407,1911,0.00140552
2022-11-02,2022-11-02,10634355,7.81674633,3595894,2.64314961,120775763,88.77581218,19410,0.01426725,149049,0.10955796,69,5.072e-05,869352,0.63901422,1907,0.00140173
2022-11-03,2022-11-03,10636727,7.81746095,3596627,2.64334049,120790220,88.77475444,19437,0.01428522,148979,0.10949209,69,5.071e-05,869747,0.63922043,1899,0.00139567
2022-11-04,2022-11-04,10643124,7.81669376,3597430,2.64208221,120878429,88.77747372,19473,0.01430167,148930,0.10937956,73,5.361e-05,869542,0.63862298,1896,0.00139249
2022-11-05,2022-11-05,10641041,7.81625974,3596594,2.6418386,120861888,88.77777174,19474,0.01430441,148969,0.10942354,73,5.362e-05,869873,0.63895565,1896,0.00139269
2022-11-06,2022-11-06,10660372,7.82845415,3597900,2.64212123,120875715,88.76519441,19464,0.01429341,149019,0.10943224,73,5.361e-05,870238,0.63906009,1894,0.00139086
2022-11-07,2022-11-07,10661658,7.82908232,3604124,2.64658494,120871738,88.75868899,19460,0.01428989,149355,0.10967455,73,5.361e-05,871876,0.6402371,1891,0.0013886
2022-11-08,2022-11-08,10675470,7.84030115,3614347,2.65445633,120827498,88.7383854,19523,0.01433812,149122,0.10951849,73,5.361e-05,873563,0.64156398,1883,0.00138292
2022-11-09,2022-11-09,10712058,7.86401552,3635804,2.66914342,120820267,88.69747112,19482,0.01430227,149587,0.10981592,71,5.212e-05,876974,0.64381066,1892,0.00138897
2022-11-10,2022-11-10,10742710,7.88254987,3655656,2.682367,120836466,88.6647289,19372,0.01421436,149647,0.10980469,72,5.283e-05,878889,0.64489187,1895,0.00139047
2022-11-11,2022-11-11,10777950,7.89964487,3674427,2.693153,120931211,88.63592993,19432,0.01424259,149031,0.10923153,72,5.277e-05,881864,0.64635783,1893,0.00138746
2022-11-12,2022-11-12,10779079,7.89942452,3687239,2.70218505,120932476,88.62510113,19386,0.01420699,149236,0.10936728,72,5.277e-05,884601,0.64827791,1889,0.00138435
2022-11-13,2022-11-13,10823663,7.92577062,3709261,2.71615551,120970120,88.58197295,19369,0.01418321,149278,0.10931079,72,5.272e-05,889257,0.65117022,1890,0.00138398
2022-11-14,2022-11-14,10857300,7.9454469,3728178,2.72830633,121000104,88.54870927,19379,0.01418169,149074,0.10909338,71,5.196e-05,892067,0.65282077,1899,0.0013897
2022-11-15,2022-11-15,10838562,7.9395997,3732569,2.73422837,120878180,88.54720412,19376,0.01419355,149356,0.10940813,71,5.201e-05,892693,0.6539267,1894,0.00138742
2022-11-16,2022-11-16,10796683,7.91830681,3734173,2.73864922,120756043,88.56270004,19370,0.01420599,149468,0.1096201,70,5.134e-05,893219,0.65508843,1879,0.00137806
2022-11-17,2022-11-17,10767957,7.90231946,3737318,2.74271905,120692934,88.57335895,19367,0.01421293,149810,0.10994161,72,5.284e-05,893914,0.65601989,1874,0.00137528
2022-11-18,2022-11-18,10752163,7.8919956,3737377,2.74320272,120686249,88.58267361,19399,0.0142387,150081,0.11015817,70,5.138e-05,894170,0.65631313,1862,0.00136669
2022-11-19,2022-11-19,10727822,7.89034649,3738502,2.74967986,120428578,88.57559415,19419,0.01428273,150114,0.11040931,70,5.149e-05,894986,0.65826499,1864,0.00137098
2022-11-20,2022-11-20,10686262,7.87599168,3734145,2.75214055,120193067,88.58472644,19365,0.0142724,150195,0.11069676,70,5.159e-05,896509,0.6607453,1866,0.00137528
2022-11-21,2022-11-21,10669813,7.86616246,3742288,2.7589467,120160052,88.58622825,19405,0.01430605,150507,0.11095907,71,5.234e-05,897913,0.66197313,1861,0.00137199
2022-11-22,2022-11-22,10661588,7.8608391,3750055,2.76493323,120146329,88.58445487,19484,0.01436565,150274,0.11079773,71,5.235e-05,899476,0.6631879,1857,0.00136917
2022-11-23,2022-11-23,10652741,7.86133728,3760119,2.77483172,120022211,88.57204749,19380,0.01430174,150487,0.11105396,70,5.166e-05,901136,0.66500575,1857,0.0013704
2022-11-24,2022-11-24,10668511,7.88379089,3766093,2.78305845,119814049,88.53990104,19410,0.01434356,150265,0.11104247,70,5.173e-05,901839,0.66643884,1858,0.00137302
2022-11-25,2022-11-25,10684192,7.89777973,3771241,2.78771017,119750954,88.52018544,19425,0.01435901,150219,0.11104224,70,5.174e-05,903001,0.66750045,1855,0.00137122
2022-11-26,2022-11-26,10694380,7.90777493,3775311,2.79158864,119693597,88.50536689,19417,0.01435757,150120,0.11100365,70,5.176e-05,904051,0.66848493,1855,0.00137165
2022-11-27,2022-11-27,10676004,7.89682595,3780651,2.79647169,119660502,88.51047241,19414,0.01436015,150285,0.1111628,70,5.178e-05,904833,0.66928682,1850,0.00136841
2022-11-28,2022-11-28,10654637,7.88493797,3786185,2.80195692,119608259,88.51579861,19421,0.01437246,150398,0.11130167,70,5.18e-05,905636,0.6702137,1847,0.00136687
2022-11-29,2022-11-29,10661208,7.88977151,3792616,2.80670574,119594529,88.50530895,19449,0.01439313,150347,0.11126352,70,5.18e-05,906886,0.67113627,1850,0.00136908
2022-11-30,2022-11-30,10676084,7.8987361,3798648,2.8104423,119608537,88.49277217,19459,0.01439681,150549,0.11138418,69,5.105e-05,906740,0.67085459,1842,0.00136281
2022-12-01,2022-12-01,10673048,7.8977833,3800971,2.81262159,119585587,88.49028428,19435,0.0143814,150736,0.1115408,68,5.032e-05,908109,0.6719775,1839,0.00136081
2022-12-02,2022-12-02,10696902,7.91088983,3806720,2.81525834,119632690,88.47431068,19503,0.01442344,150727,0.1114701,68,5.029e-05,908988,0.67224173,1833,0.00135559
2022-12-03,2022-12-03,10700846,7.91313098,3807851,2.81585435,119638583,88.4711151,19500,0.01441999,150795,0.11151086,68,5.029e-05,909501,0.6725637,1832,0.00135474
2022-12-04,2022-12-04,10702573,7.91569451,3811501,2.81901161,119610568,88.46477541,19455,0.01438905,150675,0.11144024,68,5.029e-05,910326,0.67328319,1833,0.0013557
2022-12-05,2022-12-05,10699920,7.91589949,3813389,2.82118035,119573565,88.46162613,19451,0.01439003,150921,0.11165275,68,5.031e-05,910834,0.67384339,1835,0.00135755
2022-12-06,2022-12-06,10704652,7.91980596,3818873,2.82538219,119555691,88.45293373,19470,0.01440482,151018,0.11173023,68,5.031e-05,911460,0.67434106,1827,0.0013517
2022-12-07,2022-12-07,10701208,7.91803782,3820173,2.8266224,119543252,88.45244297,19460,0.01439884,151097,0.11179969,68,5.031e-05,912663,0.67529761,1825,0.00135035
2022-12-08,2022-12-08,10710080,7.92285959,3822685,2.82785904,119560950,88.44608251,19433,0.0143757,151105,0.11178102,68,5.03e-05,913325,0.67563881,1829,0.00135302
2022-12-09,2022-12-09,10718364,7.92938362,3825773,2.83028471,119542375,88.43675684,19451,0.01438974,151135,0.1118088,68,5.031e-05,913733,0.67597438,1827,0.0013516
2022-12-10,2022-12-10,10713196,7.94025351,3828848,2.83781084,119293763,88.4164464,19450,0.01441567,151129,0.11201163,68,5.04e-05,914315,0.67765892,1825,0.00135263
2022-12-11,2022-12-11,10717118,7.9403501,3831158,2.83851832,119335012,88.41572652,19433,0.01439798,151253,0.11206388,68,5.038e-05,914478,0.67753994,1826,0.00135289
2022-12-12,2022-12-12,10725122,7.94602001,3837567,2.84317364,119323490,88.40429412,19387,0.01436343,151560,0.11228765,68,5.038e-05,915748,0.67845866,1825,0.0013521
2022-12-13,2022-12-13,10741829,7.95609384,3849976,2.85154142,119330250,88.38370699,19320,0.01430964,152196,0.11272621,69,5.111e-05,918397,0.68022426,1818,0.00134653
2022-12-14,2022-12-14,10741748,7.95568843,3852979,2.85364174,119332972,88.38188574,19306,0.01429865,152413,0.11288203,68,5.036e-05,918408,0.68020288,1823,0.00135017
2022-12-15,2022-12-15,10757018,7.96227182,3859154,2.85651964,119390059,88.37171251,19371,0.01433828,152380,0.11279064,69,5.107e-05,920001,0.6809785,1807,0.00133753
2022-12-16,2022-12-16,10789026,7.97669677,3867390,2.859294,119504679,88.35390586,19388,0.01433421,152458,0.11271743,69,5.101e-05,921998,0.68166473,1807,0.00133598
2022-12-17,2022-12-17,10772199,7.96402036,3870386,2.86142438,119520770,88.36318799,19393,0.01433749,152511,0.11275327,70,5.175e-05,923686,0.68289252,1802,0.00133224
2022-12-18,2022-12-18,10791937,7.97709699,3876809,2.86562842,119519094,88.34516042,19387,0.01433033,152701,0.11287229,70,5.174e-05,924721,0.68352781,1802,0.00133199
2022-12-19,2022-12-19,10807799,7.99352569,3880629,2.87014105,119418873,88.3230553,19426,0.01436761,152569,0.11284113,70,5.177e-05,925741,0.68468469,1802,0.00133277
2022-12-20,2022-12-20,10814788,7.99853058,3885568,2.87373497,119408987,88.31393032,19413,0.0143577,152756,0.11297711,69,5.103e-05,926301,0.6850848,1803,0.00133348
2022-12-21,2022-12-21,10827051,8.0070157,3888637,2.87579485,119402886,88.30297216,19424,0.01436479,152604,0.11285646,68,5.029e-05,927083,0.68561311,1802,0.00133265
2022-12-22,2022-12-22,10846789,8.01812734,3892182,2.87716585,119437280,88.29002942,19410,0.0143482,152766,0.11292718,68,5.027e-05,928037,0.68602043,1801,0.00133133
2022-12-23,2022-12-23,10869077,8.02743815,3893994,2.87593841,119533184,88.28212748,19448,0.01436347,152662,0.11274966,68,5.022e-05,928847,0.6860069,1795,0.00132571
2022-12-24,2022-12-24,10887429,8.03414683,3895301,2.87445458,119628422,88.2772514,19443,0.01434755,152811,0.11276363,68,5.018e-05,929170,0.68566125,1795,0.00132458
2022-12-25,2022-12-25,10886630,8.03412761,3896334,2.87542101,119617595,88.27552907,19443,0.01434857,152802,0.11276499,68,5.018e-05,930151,0.68643389,1795,0.00132468
2022-12-26,2022-12-26,10893426,8.03918286,3898474,2.87701457,119607550,88.26855444,19445,0.01435011,152902,0.11283935,68,5.018e-05,930485,0.68668379,1795,0.00132468
2022-12-27,2022-12-27,10911278,8.05093777,3898095,2.87622772,119613904,88.25768141,19448,0.0143498,152862,0.11278995,69,5.091e-05,930588,0.68663873,1794,0.00132371
2022-12-28,2022-12-28,10921882,8.05725698,3897498,2.87525016,119629287,88.25254732,19401,0.01431245,152710,0.11265675,69,5.09e-05,930709,0.68659976,1797,0.00132568
2022-12-29,2022-12-29,10924876,8.05903551,3901497,2.87804666,119629392,88.247914,19425,0.01432939,152728,0.11266401,69,5.09e-05,930809,0.68663688,1793,0.00132266
2022-12-30,2022-12-30,10920560,8.06171538,3900207,2.87918923,119537008,88.24394864,19508,0.01440109,152756,0.11276669,68,5.02e-05,930091,0.68660663,1791,0.00132214
2022-12-31,2022-12-31,10929421,8.06738506,3900009,2.87873203,119543478,88.23919108,19518,0.01440691,152781,0.11277296,68,5.019e-05,929562,0.68614198,1788,0.00131978
2023-01-01,2023-01-01,10939233,8.073706,3898036,2.87694728,119551134,88.23477001,19499,0.01439125,152819,0.11278813,68,5.019e-05,929509,0.68602455,1792,0.00132259
2023-01-02,2023-01-02,10940380,8.07725283,3900148,2.87946867,119502406,88.22830166,19518,0.01441009,152717,0.11275055,69,5.094e-05,929767,0.68644445,1789,0.00132081
2023-01-03,2023-01-03,10952511,8.08954487,3902885,2.88267807,119431276,88.21216119,19524,0.01442046,152796,0.11285541,69,5.096e-05,930092,0.68696767,1789,0.00132136
2023-01-04,2023-01-04,10936780,8.07830391,3903474,2.88324802,119439986,88.2227224,19448,0.014365,152922,0.11295376,70,5.17e-05,930142,0.68703675,1785,0.00131847
2023-01-05,2023-01-05,10941359,8.08091943,3904618,2.88381941,119446644,88.21927018,19353,0.01429347,152988,0.11299179,71,5.244e-05,930632,0.68733347,1787,0.00131982
2023-01-06,2023-01-06,10959136,8.09643699,3907973,2.88714887,119385214,88.19991496,19319,0.01427257,152966,0.11300887,70,5.171e-05,931049,0.68784433,1789,0.00132169
2023-01-07,2023-01-07,10971013,8.10040668,3910171,2.88706023,119451504,88.19657407,19324,0.0142678,153031,0.11298987,70,5.168e-05,930903,0.68732877,1789,0.0013209
2023-01-08,2023-01-08,10978481,8.10213751,3908432,2.88442942,119509058,88.19788659,19310,0.01425081,153137,0.11301536,70,5.166e-05,930768,0.68690836,1789,0.00132029
2023-01-09,2023-01-09,10983869,8.111016,3910076,2.88738777,119418552,88.18438981,19296,0.01424909,153054,0.11302242,70,5.169e-05,932446,0.68856288,1788,0.00132035
2023-01-10,2023-01-10,10976479,8.12355558,3910924,2.89442621,119124480,88.1625459,19253,0.01424891,153149,0.11334367,70,5.181e-05,933003,0.69050392,1789,0.00132402
2023-01-11,2023-01-11,10989952,8.13903065,3916036,2.90017072,119014091,88.14045184,19234,0.01424448,153006,0.11331446,70,5.184e-05,933598,0.69141182,1788,0.00132417
2023-01-12,2023-01-12,10982012,8.1371525,3913750,2.89990401,118957615,88.14197743,19276,0.01428261,153085,0.11342876,69,5.113e-05,933768,0.69187801,1789,0.00132556
2023-01-13,2023-01-13,10988916,8.14336076,3915233,2.90139217,118930994,88.13407894,19261,0.01427341,153223,0.11354625,69,5.113e-05,933764,0.6919679,1794,0.00132945
2023-01-14,2023-01-14,10987556,8.14083876,3911721,2.89825053,118962379,88.14094294,19312,0.01430854,153334,0.11360737,69,5.112e-05,932189,0.69067228,1793,0.00132846
2023-01-15,2023-01-15,10993347,8.13913391,3913252,2.89725068,119054381,88.14417938,19275,0.01427061,153359,0.11354226,69,5.109e-05,932295,0.69024237,1796,0.0013297
2023-01-16,2023-01-16,10985922,8.13552504,3910692,2.89602754,119034173,88.1496787,19327,0.01431243,153147,0.11341162,69,5.11e-05,931293,0.6896606,1800,0.00133297
2023-01-17,2023-01-17,10978413,8.13289817,3909825,2.89643035,118994150,88.1518399,19338,0.01432575,153327,0.1135859,69,5.112e-05,930792,0.68953833,1796,0.00133049
2023-01-18,2023-01-18,10945333,8.10855196,3908407,2.89543692,119027052,88.17795091,19333,0.01432233,153325,0.11358665,68,5.038e-05,929739,0.68877183,1794,0.00132904
2023-01-19,2023-01-19,10910055,8.0810786,3910947,2.89683875,119081627,88.20377053,19389,0.01436143,153463,0.11367006,68,5.037e-05,930073,0.68890514,1789,0.00132511
2023-01-20,2023-01-20,10925980,8.08567636,3914058,2.89656454,119182059,88.19964494,19314,0.01429316,153351,0.11348607,68,5.032e-05,930970,0.68895624,1795,0.00132837
2023-01-21,2023-01-21,10935842,8.08752413,3914100,2.8946448,119263888,88.20075968,19325,0.01429167,153423,0.11346289,69,5.103e-05,930219,0.68793684,1797,0.00132896
2023-01-22,2023-01-22,10915334,8.0737534,3912859,2.89422739,119261997,88.21461201,19341,0.01430597,153454,0.11350544,70,5.178e-05,930436,0.6882163,1795,0.00132771
2023-01-23,2023-01-23,10915156,8.07366372,3913971,2.89506496,119261326,88.2145744,19344,0.01430827,153694,0.11368355,69,5.104e-05,929227,0.68732562,1796,0.00132846
2023-01-24,2023-01-24,10924253,8.07784786,3914829,2.89478768,119294060,88.21099867,19340,0.0143008,153802,0.11372761,68,5.028e-05,929023,0.68695832,1797,0.00132878
2023-01-25,2023-01-25,10931521,8.07955888,3915441,2.89392813,119347378,88.21042996,19360,0.0143091,153888,0.11373963,69,5.1e-05,929033,0.68665438,1798,0.00132891
2023-01-26,2023-01-26,10936767,8.08029014,3916122,2.89330494,119394699,88.2110599,19400,0.01433309,153814,0.11364069,69,5.098e-05,928495,0.68598965,1801,0.00133061
2023-01-27,2023-01-27,10949882,8.08376465,3918162,2.8925882,119483273,88.20868194,19390,0.01431469,153847,0.11357775,69,5.094e-05,928807,0.68569298,1800,0.00132885
2023-01-28,2023-01-28,10955231,8.083889,3918479,2.89145426,119541887,88.21022081,19402,0.01431678,153932,0.11358676,69,5.092e-05,928518,0.68515547,1797,0.00132601
2023-01-29,2023-01-29,10963932,8.08779851,3918399,2.89049782,119574945,88.20722912,19356,0.0142784,153921,0.11354339,69,5.09e-05,928969,0.68527551,1798,0.00132634
2023-01-30,2023-01-30,10955587,8.0821392,3919151,2.89123019,119574221,88.21211487,19375,0.0142933,153930,0.11355701,69,5.09e-05,928928,0.68528737,1799,0.00132716
2023-01-31,2023-01-31,10976434,8.09109505,3921048,2.89033506,119659385,88.20491772,19398,0.01429891,154107,0.1135974,67,4.939e-05,928433,0.68437888,1801,0.00132758
2023-02-01,2023-02-01,10969530,8.08678785,3921127,2.89067282,119653191,88.20888146,19385,0.01429071,154369,0.11380154,67,4.939e-05,928085,0.68418852,1801,0.00132771
2023-02-02,2023-02-02,10979601,8.08931044,3920323,2.88832989,119727251,88.21002708,19373,0.01427322,154197,0.1136059,67,4.936e-05,927138,0.68307647,1802,0.00132764
2023-02-03,2023-02-03,10980055,8.08282344,3920777,2.88622855,119841530,88.21977007,19351,0.01424498,154132,0.11346225,68,5.006e-05,926586,0.68209413,1802,0.00132652
2023-02-04,2023-02-04,10984039,8.08470084,3920621,2.88573701,119855275,88.21837232,19357,0.01424754,154162,0.11346952,68,5.005e-05,926710,0.68209637,1802,0.00132635
2023-02-05,2023-02-05,10995204,8.0889081,3922008,2.8853273,119909991,88.21490689,19341,0.01422871,154251,0.11347876,68,5.003e-05,926732,0.68177452,1802,0.00132569
2023-02-06,2023-02-06,11003658,8.09095927,3923429,2.88488648,119969533,88.21326552,19337,0.01421844,154373,0.11351004,67,4.926e-05,927225,0.68178598,1802,0.00132501
2023-02-07,2023-02-07,11029741,8.10162919,3926449,2.88407804,120082350,88.2035827,19289,0.01416827,154292,0.11333145,67,4.921e-05,928267,0.68183605,1804,0.00132508
2023-02-08,2023-02-08,11035876,8.09903217,3928358,2.88295173,120193304,88.20771776,19292,0.01415805,154199,0.11316389,67,4.917e-05,928765,0.68160404,1803,0.00132319
2023-02-09,2023-02-09,11032278,8.08840438,3929790,2.88115751,120328805,88.22004249,19274,0.01413089,154304,0.11312923,67,4.912e-05,929903,0.68176595,1801,0.00132042
2023-02-10,2023-02-10,11028766,8.07648122,3930086,2.87804327,120489779,88.23593114,19328,0.0141541,154309,0.1130021,67,4.906e-05,929957,0.68101728,1805,0.00132182
2023-02-11,2023-02-11,11040751,8.07801015,3930403,2.87569526,120599625,88.23720373,19312,0.0141297,154525,0.11305884,67,4.902e-05,930125,0.68052972,1809,0.00132356
2023-02-12,2023-02-12,11050940,8.07976821,3931616,2.87455601,120684161,88.23684207,19327,0.01413071,154430,0.11290973,67,4.899e-05,930635,0.68042312,1807,0.00132117
2023-02-13,2023-02-13,11065716,8.08771181,3931924,2.87376508,120717244,88.2298335,19345,0.01413888,154455,0.11288809,67,4.897e-05,930789,0.68029517,1804,0.00131851
2023-02-14,2023-02-14,11084173,8.09256875,3936229,2.87384578,120840252,88.22562109,19291,0.01408438,154566,0.11284883,67,4.892e-05,930912,0.67966003,1811,0.00132221
2023-02-15,2023-02-15,11084335,8.08768115,3935096,2.87124142,120926339,88.23386091,19294,0.01407786,154461,0.11270241,67,4.889e-05,930674,0.67906596,1811,0.0013214
2023-02-16,2023-02-16,11071545,8.0795235,3932078,2.86945648,120923918,88.24492307,19354,0.01412369,154411,0.11268231,67,4.889e-05,928971,0.67792192,1809,0.00132013
2023-02-17,2023-02-17,11054511,8.06880514,3932860,2.87063634,120910941,88.25418171,19387,0.01415078,154527,0.1127909,67,4.89e-05,928971,0.67806581,1809,0.00132041
2023-02-18,2023-02-18,10945848,8.00122554,3933273,2.87515452,120818253,88.31605291,19385,0.0141701,154556,0.11297776,67,4.898e-05,928953,0.67904857,1808,0.00132162
2023-02-19,2023-02-19,10940725,8.00662668,3934118,2.87906095,120666163,88.30574936,19388,0.0141885,154576,0.1131216,67,4.903e-05,929029,0.67988076,1808,0.00132313
2023-02-20,2023-02-20,10941513,8.00901362,3935388,2.88064147,120633215,88.30159616,19355,0.01416755,154632,0.11318817,67,4.904e-05,929009,0.68001982,1809,0.00132416
2023-02-21,2023-02-21,10931893,8.0133171,3935473,2.88478794,120448968,88.29173275,19395,0.01421696,154629,0.11334645,67,4.911e-05,929337,0.68122438,1808,0.0013253
2023-02-22,2023-02-22,10932158,8.01441313,3936959,2.88620196,120430629,88.28822395,19420,0.01423689,154487,0.1132551,67,4.912e-05,930693,0.68229513,1807,0.00132472
2023-02-23,2023-02-23,10930434,8.02551198,3937783,2.89125982,120221102,88.27059331,19431,0.01426693,154517,0.11345186,67,4.919e-05,930956,0.68354089,1806,0.00132603
2023-02-24,2023-02-24,10948190,8.03448263,3939361,2.89095526,120271373,88.26283219,19456,0.01427806,154503,0.11338419,67,4.917e-05,930272,0.68269314,1806,0.00132536
2023-02-25,2023-02-25,10966410,8.03793323,3939389,2.88741217,120421314,88.26393334,19452,0.01425753,154510,0.11324956,67,4.911e-05,930261,0.68184354,1803,0.00132153
2023-02-26,2023-02-26,10956304,8.03254065,3939153,2.88796355,120397199,88.26839739,19468,0.01427283,154637,0.11337108,67,4.912e-05,930356,0.68208425,1802,0.00132112
2023-02-27,2023-02-27,10964108,8.03854899,3941539,2.88981597,120382372,88.26067705,19458,0.01426601,154583,0.11333553,67,4.912e-05,930194,0.68198982,1797,0.00131751
2023-02-28,2023-02-28,10987129,8.04648922,3944616,2.88886297,120507822,88.25461966,19482,0.01426776,154397,0.11307356,67,4.907e-05,930321,0.68132611,1791,0.00131165
2023-03-01,2023-03-01,11007513,8.05079972,3945070,2.88539005,120667258,88.25498795,19466,0.01423726,154213,0.11279005,67,4.9e-05,930327,0.68043311,1795,0.00131285
2023-03-02,2023-03-02,11033425,8.05758675,3946409,2.88201831,120846207,88.25263199,19490,0.01423333,154118,0.11255065,67,4.893e-05,930618,0.67961991,1794,0.00131014
2023-03-03,2023-03-03,11053966,8.06603351,3949258,2.88175731,120933433,88.24462847,19489,0.01422104,154102,0.1124476,67,4.889e-05,931285,0.67955483,1793,0.00130834
2023-03-04,2023-03-04,11070476,8.07028742,3950211,2.87967185,121047789,88.24285861,19492,0.01420951,154158,0.11237993,67,4.884e-05,931748,0.67923675,1793,0.00130708
2023-03-05,2023-03-05,11044511,8.05867844,3951168,2.88298797,120947973,88.25024693,19508,0.0142341,153674,0.11212894,67,4.889e-05,932444,0.68036207,1799,0.00131265
2023-03-06,2023-03-06,11064215,8.06597492,3956412,2.88428234,121043149,88.24222996,19514,0.01422599,153518,0.11191687,67,4.884e-05,932776,0.68000738,1802,0.00131368
2023-03-07,2023-03-07,11068269,8.06433636,3950143,2.87807261,121123624,88.25062398,19537,0.01423465,153561,0.11188448,67,4.882e-05,932591,0.67948543,1803,0.00131367
2023-03-08,2023-03-08,11071365,8.06016633,3950717,2.87619784,121229676,88.25753219,19528,0.01421676,153588,0.11181501,66,4.805e-05,932270,0.67871046,1804,0.00131335
2023-03-09,2023-03-09,11082266,8.05775666,3952376,2.8737159,121393478,88.26345675,19537,0.01420507,153656,0.11172107,66,4.799e-05,932198,0.6777878,1800,0.00130875
2023-03-10,2023-03-10,11106760,8.06486625,3957067,2.87331464,121545944,88.25722186,19505,0.01416302,153609,0.11153892,66,4.792e-05,933096,0.67754182,1798,0.00130557
2023-03-11,2023-03-11,11120209,8.06830794,3966091,2.8776117,121629118,88.24844738,19456,0.01411637,153577,0.11142835,66,4.789e-05,935473,0.67873583,1798,0.00130455
2023-03-12,2023-03-12,11122163,8.0692799,3971056,2.88105491,121628492,88.24311831,19470,0.01412575,153598,0.11143743,66,4.788e-05,936759,0.67963134,1798,0.00130447
2023-03-13,2023-03-13,11132070,8.07218993,3969871,2.87866971,121693518,88.24353334,19492,0.01413422,153569,0.11135738,67,4.858e-05,936068,0.67877032,1788,0.00129653
2023-03-14,2023-03-14,11111960,8.05520818,3964784,2.87412486,121761677,88.26666555,19513,0.01414523,154095,0.11170552,67,4.857e-05,933640,0.6768081,1785,0.00129397
2023-03-15,2023-03-15,11122604,8.05457435,3963056,2.86989712,121896798,88.2731078,19516,0.01413276,154411,0.11181868,67,4.852e-05,932292,0.67513104,1781,0.00128973
2023-03-16,2023-03-16,11137548,8.05491765,3965627,2.86802794,122058804,88.2755894,19366,0.01400591,154430,0.11168714,67,4.846e-05,932544,0.67443616,1780,0.00128733
2023-03-17,2023-03-17,11128591,8.04233364,3966946,2.86680527,122171356,88.28995571,19352,0.01398517,154289,0.11150051,68,4.914e-05,932764,0.67408348,1781,0.00128708
2023-03-18,2023-03-18,11131123,8.0408133,3964795,2.86405751,122228635,88.29456242,19366,0.01398946,154430,0.11155593,67,4.84e-05,932601,0.67368499,1783,0.00128799
2023-03-19,2023-03-19,11116732,8.02518993,3967233,2.86395303,122330384,88.31053638,19383,0.01399262,154548,0.11156849,67,4.837e-05,932846,0.6734233,1784,0.00128787
2023-03-20,2023-03-20,11120047,8.02365279,3968463,2.86343837,122393097,88.31255069,19393,0.01399299,154677,0.11160695,68,4.907e-05,933301,0.6734219,1784,0.00128724
2023-03-21,2023-03-21,11134752,8.02892438,3970801,2.86322147,122467741,88.30769038,19377,0.01397215,154661,0.11152125,68,4.903e-05,933804,0.67333711,1781,0.00128422
2023-03-22,2023-03-22,11114130,8.00843324,3968807,2.85977633,122589324,88.33335739,19402,0.01398037,154360,0.11122614,67,4.828e-05,932453,0.67189133,1786,0.00128693
2023-03-23,2023-03-23,11120144,8.00412282,3974075,2.86048314,122727531,88.33754593,19397,0.01396169,154343,0.11109391,67,4.823e-05,932853,0.67145443,1792,0.00128986
2023-03-24,2023-03-24,11152315,8.01506413,3979894,2.86031247,122899663,88.32683442,19442,0.01397278,154395,0.11096224,67,4.815e-05,934372,0.67152439,1783,0.00128143
2023-03-25,2023-03-25,11146861,8.00713179,3979412,2.85853357,122975300,88.33692586,19413,0.01394495,154506,0.11098639,68,4.885e-05,934317,0.67114853,1782,0.00128007
2023-03-26,2023-03-26,11147261,8.00669622,3981311,2.85963949,122985248,88.33609621,19401,0.01393507,154626,0.11106257,68,4.884e-05,934531,0.67124165,1782,0.00127995
2023-03-27,2023-03-27,11151887,8.01595827,3985298,2.86462573,122872725,88.32071527,19374,0.013926,154595,0.11112264,68,4.888e-05,935336,0.672318,1788,0.00128521
2023-03-28,2023-03-28,11147520,8.00963963,3988207,2.86557915,122928890,88.3260231,19313,0.01387664,154428,0.11095855,68,4.886e-05,936084,0.67258866,1789,0.00128542
2023-03-29,2023-03-29,11159539,8.01232251,3990087,2.86480149,123018319,88.32465632,19329,0.01387783,154382,0.11084314,68,4.882e-05,936192,0.67216686,1787,0.00128303
2023-03-30,2023-03-30,11161871,8.01018682,3990697,2.86387726,123081817,88.32823352,19309,0.01385688,154482,0.11086221,67,4.808e-05,935913,0.67164707,1795,0.00128816
2023-03-31,2023-03-31,11182895,8.02109323,3993968,2.86473133,123129931,88.31672439,19331,0.01386544,154567,0.11086542,67,4.806e-05,936043,0.67139038,1787,0.00128175
2023-04-01,2023-04-01,11193167,8.02531781,3994566,2.86403854,123173390,88.31330763,19338,0.01386503,154454,0.11074099,67,4.804e-05,936426,0.67140214,1785,0.00127982
2023-04-02,2023-04-02,11179122,8.01621485,3995623,2.86514204,123168980,88.32080073,19324,0.01385666,154663,0.11090422,67,4.804e-05,936804,0.6717542,1784,0.00127925
2023-04-03,2023-04-03,11197470,8.02510787,3997957,2.86529334,123221559,88.31158309,19324,0.01384931,154649,0.1108353,67,4.802e-05,937650,0.6720038,1785,0.00127929
2023-04-04,2023-04-04,11209315,8.02580613,3999330,2.86349765,123343951,88.31357113,19336,0.01384447,154537,0.11064762,67,4.797e-05,937588,0.6713077,1784,0.00127733
2023-04-05,2023-04-05,11223673,8.02495849,4002129,2.86153375,123520435,88.31746645,19213,0.01373735,154292,0.11031922,68,4.862e-05,937990,0.67066555,1777,0.00127056
2023-04-06,2023-04-06,11221052,8.01608553,4003785,2.8602205,123643317,88.32820707,19215,0.0137268,154417,0.11031228,69,4.929e-05,938055,0.67012693,1780,0.00127159
2023-04-07,2023-04-07,11233941,8.01338298,4004878,2.85675536,123837039,88.33530639,19242,0.01372568,154384,0.11012503,69,4.922e-05,938411,0.66938635,1779,0.00126899
2023-04-08,2023-04-08,11235438,8.00524947,4005893,2.85419873,123995292,88.34664441,19242,0.01370992,154404,0.11001285,69,4.916e-05,938762,0.66886792,1779,0.00126754
2023-04-09,2023-04-09,11221067,8.00480902,4006631,2.85822337,123836415,88.34158568,19240,0.0137253,154497,0.11021403,69,4.922e-05,939374,0.67012428,1779,0.00126909
2023-04-10,2023-04-10,11205141,7.99480271,4007796,2.85953906,123827711,88.35034912,19237,0.01372549,154518,0.11024769,69,4.923e-05,939063,0.67001597,1781,0.00127073
2023-04-11,2023-04-11,11153522,7.96023179,4007234,2.85994966,123840564,88.38460127,19061,0.01360377,154543,0.11029683,70,4.996e-05,938764,0.66999276,1785,0.00127395
2023-04-12,2023-04-12,11154329,7.96488684,4007979,2.86194707,123767854,88.37796979,19040,0.01359575,154408,0.11025695,72,5.141e-05,938318,0.67001759,1785,0.0012746
2023-04-13,2023-04-13,11157975,7.96698104,4008874,2.86240318,123771992,88.37527538,19001,0.01356703,154599,0.11038628,71,5.07e-05,938437,0.67005974,1788,0.00127666
2023-04-14,2023-04-14,11159227,7.96512487,4009207,2.86165291,123818770,88.37816133,19008,0.01356735,154712,0.11042883,70,4.996e-05,938308,0.66973639,1791,0.00127836
2023-04-15,2023-04-15,11154212,7.9763702,4008874,2.86674335,123563599,88.36025429,19024,0.01360405,154717,0.11063803,70,5.006e-05,938414,0.67105928,1791,0.00128074
2023-04-16,2023-04-16,11164815,7.99098602,4010673,2.87055646,123427760,88.34087304,19014,0.01360888,154889,0.11085861,70,5.01e-05,938603,0.67178573,1790,0.00128116
2023-04-17,2023-04-17,11170211,8.00385207,4011569,2.87443136,123263965,88.32299953,19089,0.01367795,154799,0.11091897,70,5.016e-05,938949,0.67279024,1786,0.00127973
2023-04-18,2023-04-18,11176483,8.02634218,4013255,2.88210145,122943309,88.29119744,19125,0.01373453,154651,0.11106194,70,5.027e-05,938848,0.67422957,1786,0.00128261
2023-04-19,2023-04-19,11190873,8.03819097,4014650,2.88364664,122901220,88.27760594,19124,0.01373641,154722,0.11113387,70,5.028e-05,938843,0.67435305,1786,0.00128285
2023-04-20,2023-04-20,11208588,8.04925304,4016268,2.8842132,122910454,88.26601047,19066,0.01369192,154789,0.11115904,71,5.099e-05,939018,0.67433949,1785,0.00128187
2023-04-21,2023-04-21,11216284,8.04718695,4017034,2.88204396,123033275,88.27092508,19094,0.0136991,154665,0.11096529,71,5.094e-05,939215,0.67384516,1789,0.00128353
2023-04-22,2023-04-22,11222648,8.04451256,4017302,2.87964448,123152078,88.27670958,19074,0.01367244,154802,0.11096371,72,5.161e-05,939113,0.67316611,1785,0.00127951
2023-04-23,2023-04-23,11232853,8.03804474,4018895,2.87585512,123379366,88.28824381,19070,0.01364618,154861,0.11081598,72,5.152e-05,939189,0.67206819,1781,0.00127445
2023-04-24,2023-04-24,11209207,8.0217277,4019719,2.87666123,123391172,88.30333688,19079,0.01365365,154924,0.11086941,72,5.153e-05,939617,0.67242506,1781,0.00127455
2023-04-25,2023-04-25,11217959,8.01735291,4021542,2.87415219,123565755,88.31109699,19060,0.01362197,154661,0.11053453,73,5.217e-05,940154,0.67191781,1779,0.00127143
2023-04-26,2023-04-26,11236103,8.01241559,4024217,2.86965143,123857571,88.32228872,19056,0.01358875,154083,0.10987591,73,5.206e-05,940768,0.67085752,1781,0.00127002
2023-04-27,2023-04-27,11245560,8.0032603,4025449,2.86483876,124125270,88.33769466,19071,0.01357248,154135,0.10969507,73,5.195e-05,940894,0.66961713,1784,0.00126964
2023-04-28,2023-04-28,11262833,7.9951267,4026865,2.85854331,124465239,88.35391196,19074,0.01354003,154119,0.10940417,73,5.182e-05,941239,0.66815561,1784,0.0012664
2023-04-29,2023-04-29,11270820,7.97837018,4026861,2.85052798,124853068,88.3807917,19054,0.01348792,154136,0.10910955,73,5.168e-05,941405,0.66640028,1781,0.00126073
2023-04-30,2023-04-30,11285104,7.96060347,4028791,2.8419417,125331448,88.40981523,19048,0.01343661,154091,0.10869704,73,5.149e-05,941579,0.66419743,1782,0.00125704
2023-05-01,2023-05-01,11290114,7.93609463,4028106,2.83145329,125827811,88.44741647,19060,0.01339774,154191,0.10838459,73,5.131e-05,941708,0.66194937,1782,0.00125261
2023-05-02,2023-05-02,11317373,7.9321868,4032035,2.82599635,126210816,88.45937731,19051,0.01335258,153295,0.1074423,73,5.116e-05,942155,0.66034312,1784,0.00125038
2023-05-03,2023-05-03,11338813,7.92807299,4035251,2.82143858,126530382,88.46976347,19067,0.0133316,153288,0.10717863,74,5.174e-05,942397,0.6589219,1775,0.00124108
2023-05-04,2023-05-04,11341773,7.91170155,4036152,2.81550601,126859868,88.49387255,19075,0.01330618,153216,0.10687917,75,5.232e-05,942474,0.65744333,1776,0.00123889
2023-05-05,2023-05-05,11370641,7.90994361,4038371,2.80927759,127226218,88.50443969,19090,0.01327989,153186,0.10656326,75,5.217e-05,941870,0.65520832,1776,0.00123547
2023-05-06,2023-05-06,11393418,7.89257153,4042085,2.80007676,127804991,88.53445325,19083,0.01321938,153179,0.10611181,75,5.195e-05,941613,0.65228432,1777,0.00123098
2023-05-07,2023-05-07,11422322,7.87479243,4045759,2.78923255,128465232,88.56667113,19246,0.0132686,153095,0.10554696,74,5.102e-05,941677,0.64921221,1777,0.0012251
2023-05-08,2023-05-08,11457085,7.86670572,4052108,2.78227326,129013384,88.58364286,19191,0.01317699,153525,0.1054139,73,5.012e-05,943047,0.64751839,1775,0.00121876
2023-05-09,2023-05-09,11481248,7.85436686,4056249,2.77489588,129521432,88.60612046,19165,0.01311085,153625,0.10509547,73,4.994e-05,943052,0.64514558,1776,0.00121497
2023-05-10,2023-05-10,11505677,7.84002699,4059793,2.76636366,130071696,88.63151703,19146,0.01304618,153616,0.10467473,73,4.974e-05,943803,0.64311218,1775,0.00120949
2023-05-11,2023-05-11,11526206,7.83029687,4062911,2.7601276,130492424,88.64967531,19148,0.01300814,153610,0.10435454,72,4.891e-05,943970,0.64128347,1774,0.00120516
2023-05-12,2023-05-12,11534747,7.81435278,4066077,2.75461266,130889704,88.67280079,19193,0.01300253,153539,0.10401684,72,4.878e-05,944651,0.63996516,1772,0.00120046
2023-05-13,2023-05-13,11545993,7.79377423,4067675,2.74576129,131410680,88.70481488,19185,0.01295026,153654,0.1037195,72,4.86e-05,944766,0.63773578,1771,0.00119546
2023-05-14,2023-05-14,11537232,7.76729488,4065944,2.73734515,131813953,88.74206937,19200,0.01292616,153643,0.1034382,72,4.847e-05,944222,0.63568547,1771,0.0011923
2023-05-15,2023-05-15,11555831,7.75994591,4069409,2.73268047,132171840,88.75573975,19180,0.01287971,153693,0.10320758,72,4.835e-05,944589,0.6343083,1772,0.00118993
2023-05-16,2023-05-16,11571894,7.74729667,4069525,2.72451662,132605577,88.77844412,19194,0.01285024,153594,0.10283004,72,4.82e-05,945231,0.6328251,1776,0.00118902
2023-05-17,2023-05-17,11558283,7.71532823,4068963,2.71609417,133063373,88.82180844,19199,0.01281562,153508,0.10246891,72,4.806e-05,944173,0.63024972,1778,0.00118684
2023-05-18,2023-05-18,11569835,7.70523716,4070136,2.71061456,133396525,88.83893866,19230,0.01280673,153361,0.10213481,71,4.728e-05,944533,0.6290367,1778,0.00118411
2023-05-19,2023-05-19,11581934,7.69248871,4071763,2.70438347,133788987,88.85996688,19256,0.01278945,153218,0.10176433,72,4.782e-05,944592,0.6273791,1777,0.00118025
2023-05-20,2023-05-20,11585845,7.67950946,4071367,2.69864662,134090109,88.87968557,19246,0.01275693,153262,0.1015875,72,4.772e-05,945315,0.62658835,1777,0.00117786
2023-05-21,2023-05-21,11585873,7.6634024,4071637,2.69315854,134406711,88.90246869,19253,0.01273478,153179,0.10131928,72,4.762e-05,945951,0.6256933,1777,0.00117539
2023-05-22,2023-05-22,11588307,7.64636378,4072027,2.68686356,134772638,88.92762483,19275,0.01271831,153205,0.10108993,71,4.685e-05,945866,0.62411494,1785,0.0011778
2023-05-23,2023-05-23,11584867,7.62633229,4071945,2.68056643,135129774,88.9560975,19306,0.01270916,153072,0.10076749,69,4.542e-05,945306,0.62229611,1801,0.0011856
2023-05-24,2023-05-24,11567884,7.60481863,4072946,2.67758698,135352051,88.98151116,19300,0.01268797,153079,0.10063535,69,4.536e-05,945418,0.62152529,1809,0.00118925
2023-05-25,2023-05-25,11567571,7.58933581,4071289,2.67112079,135659834,89.00468698,19399,0.01272744,153023,0.10039644,71,4.658e-05,945758,0.62049976,1808,0.00118621
2023-05-26,2023-05-26,11575242,7.57647432,4072267,2.66546707,136011269,89.0249972,19397,0.01269614,152791,0.10000802,71,4.647e-05,945892,0.61912541,1811,0.00118537
2023-05-27,2023-05-27,11581690,7.56681954,4073824,2.66160561,136283149,89.03968205,19395,0.01267159,152737,0.0997897,71,4.639e-05,946213,0.61820192,1811,0.0011832
2023-05-28,2023-05-28,11586805,7.55760499,4074045,2.65733503,136532183,89.05442941,19413,0.01266232,152692,0.09959483,71,4.631e-05,946167,0.61714653,1810,0.00118059
2023-05-29,2023-05-29,11586401,7.53965118,4073206,2.65056875,136893450,89.08105824,19436,0.01264764,152534,0.09925888,71,4.62e-05,945997,0.61559128,1810,0.00117783
2023-05-30,2023-05-30,11592918,7.5271168,4075168,2.64594863,137227808,89.10006433,19408,0.01260134,152515,0.09902582,71,4.61e-05,945686,0.61402047,1812,0.00117651
2023-05-31,2023-05-31,11595604,7.51705428,4075029,2.64170924,137466697,89.11520465,19369,0.01255629,152539,0.09888609,72,4.668e-05,946166,0.61336875,1811,0.00117401
2023-06-01,2023-06-01,11596187,7.5090108,4075578,2.63910535,137638684,89.12674177,19394,0.01255842,152521,0.09876366,72,4.662e-05,946047,0.61260457,1805,0.00116881
2023-06-02,2023-06-02,11594641,7.49248786,4075547,2.63362931,137959903,89.15005636,19395,0.0125331,152433,0.09850261,72,4.653e-05,946413,0.6115746,1810,0.00116963
2023-06-03,2023-06-03,11596831,7.48375533,4075104,2.62977716,138167468,89.16328305,19392,0.01251419,152578,0.0984628,72,4.646e-05,946797,0.61099425,1808,0.00116675
2023-06-04,2023-06-04,11576893,7.46813672,4073405,2.62771241,138246291,89.1812857,19385,0.01250507,152652,0.09847426,72,4.645e-05,946645,0.61067113,1811,0.00116826
2023-06-05,2023-06-05,11552016,7.44687303,4074150,2.62635351,138378491,89.20408805,19332,0.01246215,153051,0.09866255,72,4.641e-05,946807,0.61034814,1809,0.00116615
2023-06-06,2023-06-06,11522189,7.41476468,4080488,2.62587763,138670328,89.23719707,19312,0.01242767,153220,0.09860021,72,4.633e-05,947788,0.609921,1811,0.00116542
2023-06-07,2023-06-07,11515773,7.40069533,4085910,2.6258398,138879180,89.25171576,19254,0.01237372,153288,0.09851165,72,4.627e-05,948647,0.6096549,1809,0.00116257
2023-06-08,2023-06-08,11512592,7.3922578,4089405,2.62581493,139012710,89.26033245,19211,0.01233542,153638,0.09865126,72,4.623e-05,949074,0.60940227,1806,0.00115964
2023-06-09,2023-06-09,11494751,7.38083722,4088955,2.6255385,139029376,89.27145905,19205,0.01233163,153575,0.09861128,72,4.623e-05,950027,0.6100171,1805,0.001159
2023-06-10,2023-06-10,11486096,7.3729669,4091564,2.62638985,139083059,89.27792265,19189,0.01231749,153636,0.09861951,72,4.622e-05,951200,0.61057875,1805,0.00115864
2023-06-11,2023-06-11,11479556,7.36607092,4090209,2.62455879,139150849,89.28873407,19198,0.01231875,153593,0.09855581,72,4.62e-05,948397,0.6085566,1806,0.00115885
2023-06-12,2023-06-12,11459478,7.35400358,4082934,2.62018141,139160708,89.30497047,19190,0.01231499,153798,0.0986983,72,4.621e-05,948398,0.60862478,1808,0.00116027
2023-06-13,2023-06-13,11466811,7.34926395,4085390,2.61839228,139350780,89.31216043,19174,0.01228893,153969,0.09868121,72,4.615e-05,948654,0.60800764,1809,0.00115942
2023-06-14,2023-06-14,11474380,7.34542002,4086850,2.6162311,139526342,89.3189511,19139,0.01225199,154215,0.09872202,72,4.609e-05,948535,0.60721259,1820,0.00116509
2023-06-15,2023-06-15,11484447,7.33877588,4088648,2.61272235,139793180,89.33044993,19152,0.01223849,154245,0.09856543,72,4.601e-05,948390,0.6060389,1820,0.00116301
2023-06-16,2023-06-16,11506141,7.33362012,4092155,2.60819942,140173730,89.3419337,19134,0.01219536,154161,0.09825694,72,4.589e-05,948571,0.60458666,1823,0.00116192
2023-06-17,2023-06-17,11507632,7.32008253,4092843,2.60348511,140481148,89.36100818,19177,0.01219862,154526,0.09829503,71,4.516e-05,949096,0.60372638,1822,0.00115899
2023-06-18,2023-06-18,11516930,7.31410476,4087334,2.59576025,140732857,89.3758023,19141,0.01215595,154698,0.0982447,71,4.509e-05,949071,0.60273048,1821,0.00115647
2023-06-19,2023-06-19,11505582,7.30220053,4086314,2.59344414,140846252,89.39031303,19106,0.01212593,154972,0.09835544,72,4.57e-05,949099,0.60236077,1819,0.00115446
2023-06-20,2023-06-20,11516003,7.29431124,4088923,2.58995044,141146472,89.40309392,19139,0.01212277,154918,0.09812607,72,4.561e-05,949151,0.60119842,1818,0.00115153
2023-06-21,2023-06-21,11519635,7.28876141,4087965,2.58655778,141314763,89.41338778,19163,0.01212491,154760,0.09792053,72,4.556e-05,948364,0.60005364,1815,0.0011484
2023-06-22,2023-06-22,11516396,7.28078361,4087541,2.58418532,141447194,89.42436605,19150,0.01210683,154676,0.09778775,72,4.552e-05,948382,0.59957682,1816,0.00114809
2023-06-23,2023-06-23,11528475,7.27887212,4088184,2.58120598,141641583,89.42995236,19169,0.01210296,154523,0.09756305,71,4.483e-05,948887,0.59911021,1819,0.00114848
2023-06-24,2023-06-24,11529168,7.27848602,4088715,2.58124914,141659571,89.4311894,19153,0.01209149,154713,0.09767196,71,4.482e-05,947428,0.59812134,1815,0.00114583
2023-06-25,2023-06-25,11534260,7.27956142,4087963,2.58001621,141701325,89.43126808,19174,0.01210119,154846,0.0977272,71,4.481e-05,947730,0.59813623,1814,0.00114486
2023-06-26,2023-06-26,11540694,7.28058357,4087326,2.57853804,141761478,89.43190827,19149,0.01208037,155160,0.09788452,70,4.416e-05,947614,0.59781352,1819,0.00114754
2023-06-27,2023-06-27,11545153,7.27366102,4088603,2.5758959,141967858,89.44238976,19093,0.01202894,155227,0.0977959,70,4.41e-05,947653,0.59703901,1818,0.00114537
2023-06-28,2023-06-28,11559342,7.27251325,4089998,2.57320569,142172104,89.44700398,19085,0.01200725,155089,0.09757362,70,4.404e-05,948124,0.59650838,1818,0.00114379
2023-06-29,2023-06-29,11563765,7.26496923,4092176,2.57092156,142391159,89.45766267,19079,0.01198644,154983,0.09736852,70,4.398e-05,948514,0.5959067,1816,0.00114091
2023-06-30,2023-06-30,11531746,7.24098217,4092577,2.56979967,142507976,89.48321563,19099,0.01199259,155010,0.09733345,70,4.395e-05,948355,0.59548846,1822,0.00114407
2023-07-01,2023-07-01,11531011,7.24124429,4095256,2.57173887,142489657,89.48065489,19071,0.01197621,154798,0.09721005,70,4.396e-05,949055,0.59598756,1822,0.00114418
2023-07-02,2023-07-02,11515952,7.25548851,4096826,2.58115647,141982334,89.4542799,19086,0.01202491,154761,0.09750533,70,4.41e-05,949707,0.59835159,1824,0.00114919
2023-07-03,2023-07-03,11516659,7.2548609,4096807,2.58076278,142005212,89.45546276,19103,0.01203384,154739,0.09747705,70,4.41e-05,949620,0.5982083,1826,0.00115028
2023-07-04,2023-07-04,11506887,7.24882896,4096957,2.58090138,142011987,89.46125956,19113,0.01204034,154734,0.09747556,70,4.41e-05,949749,0.59829979,1826,0.0011503
2023-07-05,2023-07-05,11508153,7.23748099,4099842,2.5783919,142274057,89.47619855,19101,0.01201262,154792,0.09734874,70,4.402e-05,949872,0.5973748,1826,0.00114837
2023-07-06,2023-07-06,11500197,7.22474277,4099418,2.57536811,142452055,89.49233256,19086,0.01199035,154971,0.09735708,70,4.398e-05,950331,0.5970243,1816,0.00114086
2023-07-07,2023-07-07,11511615,7.21757544,4102571,2.57223819,142753553,89.5039087,19117,0.01198601,154950,0.09715086,70,4.389e-05,950519,0.59595831,1816,0.0011386
2023-07-08,2023-07-08,11515114,7.20808048,4103814,2.56885182,143006830,89.51754538,19105,0.0119591,154989,0.09701799,70,4.382e-05,951113,0.59536528,1815,0.00113613
2023-07-09,2023-07-09,11499015,7.18187049,4104628,2.56360277,143380230,89.55012601,19107,0.01193354,154981,0.09679555,70,4.372e-05,951855,0.59449434,1815,0.00113358
2023-07-10,2023-07-10,11504427,7.16997526,4102562,2.55686511,143718561,89.57060853,19115,0.01191316,154839,0.09650127,70,4.363e-05,951423,0.59296125,1816,0.0011318
2023-07-11,2023-07-11,11509501,7.16327581,4105021,2.55488032,143931891,89.58023749,19123,0.01190176,154675,0.09626653,70,4.357e-05,951612,0.59226366,1817,0.00113086
2023-07-12,2023-07-12,11517197,7.15321804,4106723,2.55064536,144255798,89.59586053,19167,0.01190444,154777,0.09613048,70,4.348e-05,951663,0.59106855,1818,0.00112914
2023-07-13,2023-07-13,11531410,7.15033023,4109959,2.54847968,144501797,89.60184122,19153,0.01187628,154626,0.0958796,70,4.341e-05,952178,0.59042104,1820,0.00112854
2023-07-14,2023-07-14,11545860,7.14868548,4111981,2.54595663,144724436,89.60696508,19099,0.01182526,154613,0.09572953,70,4.334e-05,952374,0.58966783,1820,0.00112686
2023-07-15,2023-07-15,11555328,7.13751424,4114276,2.54131285,145097677,89.62417474,19115,0.01180699,154495,0.09542873,70,4.324e-05,952911,0.58859565,1819,0.00112356
2023-07-16,2023-07-16,11566138,7.12384954,4116006,2.53514245,145547423,89.64599442,19115,0.01177337,154574,0.09520567,70,4.311e-05,952832,0.58687107,1819,0.00112036
2023-07-17,2023-07-17,11575340,7.11637534,4116498,2.53077187,145837333,89.658982,19114,0.01175105,154536,0.09500681,70,4.304e-05,953100,0.58595405,1815,0.00111584
2023-07-18,2023-07-18,11590410,7.10884725,4118011,2.5257356,146204897,89.67312456,19133,0.01173501,154405,0.09470257,70,4.293e-05,953302,0.58469703,1818,0.00111505
2023-07-19,2023-07-19,11599947,7.09952097,4118826,2.520847,146542988,89.68877327,19140,0.01171426,154249,0.09440509,70,4.284e-05,953518,0.58358207,1821,0.00111451
2023-07-20,2023-07-20,11611257,7.09487746,4121103,2.5181357,146795838,89.69730682,19120,0.01168298,154250,0.09425206,70,4.277e-05,953445,0.58258769,1824,0.00111453
2023-07-21,2023-07-21,11628190,7.09541238,4123531,2.51613991,147002372,89.69946745,19122,0.01166806,154197,0.09408956,70,4.271e-05,953909,0.58206632,1825,0.0011136
2023-07-22,2023-07-22,11632511,7.10827136,4124125,2.52012653,146761767,89.68162289,19122,0.01168487,154222,0.09424034,70,4.277e-05,953895,0.58289603,1825,0.0011152
2023-07-23,2023-07-23,11633408,7.0912723,4124079,2.51387789,147165449,89.7063244,19142,0.01166822,154200,0.09399431,70,4.267e-05,954307,0.58170837,1824,0.00111184
2023-07-24,2023-07-24,11636045,7.07948874,4124395,2.50932408,147472455,89.72374933,19135,0.01164193,154204,0.09381929,70,4.259e-05,954664,0.58082734,1819,0.0011067
2023-07-25,2023-07-25,11651383,7.07410891,4127598,2.50606111,147795379,89.73360568,19152,0.01162809,154219,0.09363369,70,4.25e-05,954984,0.57981622,1818,0.00110379
2023-07-26,2023-07-26,11664790,7.07291141,4128532,2.50332334,147998391,89.73839294,19154,0.01161397,154143,0.09346416,70,4.244e-05,955146,0.57914999,1817,0.00110173
2023-07-27,2023-07-27,11680073,7.07197629,4130308,2.50079261,148219461,89.74297626,19150,0.01159482,154183,0.09335374,69,4.178e-05,954895,0.57816375,1818,0.00110075
2023-07-28,2023-07-28,11692205,7.06694776,4131523,2.49715577,148495133,89.75273249,19162,0.01158181,154291,0.09325584,69,4.17e-05,954952,0.57718761,1815,0.00109701
2023-07-29,2023-07-29,11700295,7.05776483,4132947,2.49304552,148815264,89.76723554,19161,0.01155816,154365,0.09311491,69,4.162e-05,955126,0.57614399,1816,0.00109543
2023-07-30,2023-07-30,11704461,7.04145047,4133124,2.4865039,149253694,89.79161827,19156,0.01152433,154459,0.09292315,69,4.151e-05,955522,0.57484585,1816,0.00109251
2023-07-31,2023-07-31,11702009,7.030065,4134641,2.48391494,149488583,89.80632769,19165,0.01151351,154349,0.09272626,69,4.145e-05,955996,0.57432139,1814,0.00108977
2023-08-01,2023-08-01,11713114,7.02807585,4137543,2.48259908,149679768,89.81051183,19166,0.01149994,154294,0.09257913,69,4.14e-05,955977,0.57360313,1816,0.00108963
2023-08-02,2023-08-02,11716960,7.02789026,4137197,2.48151112,149735435,89.81205071,19180,0.01150426,154348,0.09257869,69,4.139e-05,955873,0.57333733,1811,0.00108625
2023-08-03,2023-08-03,11719140,7.02098423,4137425,2.47874807,149927620,89.82224427,19183,0.01149261,154380,0.09248968,69,4.134e-05,956287,0.57291541,1810,0.00108438
2023-08-04,2023-08-04,11731312,7.02158583,4136462,2.475812,150075662,89.82534451,19192,0.01148706,154224,0.09230826,69,4.13e-05,956231,0.5723365,1812,0.00108454
2023-08-05,2023-08-05,11724710,7.00507532,4137644,2.4720874,150380464,89.84669786,19188,0.01146411,154279,0.09217593,69,4.122e-05,956337,0.57137556,1812,0.0010826
2023-08-06,2023-08-06,11726075,6.98224539,4138801,2.46443283,150944315,89.8792006,19190,0.01142661,154251,0.09184815,69,4.109e-05,956806,0.56972638,1812,0.00107895
2023-08-07,2023-08-07,11732117,6.97603786,4140012,2.46169387,151172604,89.88879063,19157,0.01139095,154342,0.09177335,69,4.103e-05,957257,0.56919489,1812,0.00107743
2023-08-08,2023-08-08,11708018,6.957236,4141703,2.46111726,151303263,89.90868553,19174,0.01139373,154289,0.0916829,69,4.1e-05,957152,0.56876684,1812,0.00107674
2023-08-09,2023-08-09,11710015,6.95049743,4142939,2.45904782,151491884,89.91824101,19180,0.01138432,154293,0.09158085,69,4.096e-05,957173,0.56813151,1813,0.00107611
2023-08-10,2023-08-10,11712701,6.94170347,4143657,2.45579889,151739788,89.93080356,19172,0.01136257,154257,0.09142267,69,4.089e-05,958033,0.56779226,1815,0.00107569
2023-08-11,2023-08-11,11704449,6.9250649,4143229,2.45138663,152034461,89.95284699,19160,0.01133622,154409,0.09135777,69,4.082e-05,958136,0.56689161,1817,0.00107505
2023-08-12,2023-08-12,11708844,6.91794236,4144833,2.44889382,152265574,89.96314783,19144,0.01131086,154535,0.09130399,69,4.077e-05,958459,0.56628683,1817,0.00107354
2023-08-13,2023-08-13,11716941,6.9094142,4145518,2.44458865,152582642,89.9771257,19140,0.01128675,154560,0.09114316,69,4.069e-05,958681,0.56532879,1818,0.00107206
2023-08-14,2023-08-14,11717792,6.89788573,4146408,2.44085648,152876876,89.99367977,19136,0.01126475,154479,0.0909368,70,4.121e-05,958547,0.56426566,1817,0.00106961
2023-08-15,2023-08-15,11716027,6.88291802,4144134,2.43459106,153224451,90.01612365,19146,0.01124787,154505,0.09076842,70,4.112e-05,958746,0.56324299,1816,0.00106686
2023-08-16,2023-08-16,11716153,6.87117473,4145223,2.43104981,153515922,90.03251532,19158,0.0112356,154561,0.09064542,70,4.105e-05,958742,0.56227362,1815,0.00106444
2023-08-17,2023-08-17,11709893,6.85712523,4147355,2.42862446,153777080,90.04938768,19150,0.01121393,154518,0.09048326,70,4.099e-05,959830,0.56206103,1816,0.00106342
2023-08-18,2023-08-18,11718733,6.8492912,4149962,2.42554363,154089916,90.06150288,19172,0.01120553,154449,0.09027138,70,4.091e-05,959985,0.56108598,1811,0.00105848
2023-08-19,2023-08-19,11734510,6.84473724,4152353,2.42206664,154415902,90.07076354,19171,0.01118244,154546,0.09014665,70,4.083e-05,960066,0.5600063,1811,0.00105636
2023-08-20,2023-08-20,11739567,6.83072648,4154357,2.41723365,154833991,90.09094139,19172,0.01115533,154473,0.0898809,70,4.073e-05,960665,0.55896779,1811,0.00105374
2023-08-21,2023-08-21,11753011,6.82345123,4157573,2.41376415,155197477,90.10307367,19176,0.01113302,154386,0.08963195,70,4.064e-05,960872,0.55785392,1811,0.00105141
2023-08-22,2023-08-22,11762327,6.82582379,4159661,2.41390271,155262411,90.10069685,19163,0.01112053,154327,0.08955787,70,4.062e-05,961214,0.55780437,1815,0.00105327
2023-08-23,2023-08-23,11769094,6.82513832,4162269,2.41378492,155369297,90.10183305,19094,0.011073,154469,0.08957973,70,4.059e-05,961334,0.55749725,1816,0.00105314
2023-08-24,2023-08-24,11774200,6.82312415,4163699,2.41285482,155488320,90.10515453,19119,0.01107942,154477,0.0895191,70,4.056e-05,961481,0.55717622,1814,0.00105121
2023-08-25,2023-08-25,11770935,6.81035837,4167159,2.41101035,155763348,90.12064208,19107,0.01105482,154406,0.08933532,70,4.05e-05,961861,0.55650788,1816,0.00105069
2023-08-26,2023-08-26,11783281,6.80130517,4169765,2.40678672,156159557,90.13523504,19121,0.01103663,154362,0.08909769,70,4.04e-05,962320,0.55545073,1815,0.00104762
2023-08-27,2023-08-27,11791303,6.79513489,4171089,2.40373031,156424919,90.14512003,19103,0.01100875,154447,0.08900528,70,4.034e-05,962918,0.55491388,1816,0.00104653
2023-08-28,2023-08-28,11792394,6.78967818,4173289,2.40284452,156577043,90.15198548,19109,0.01100234,154585,0.08900503,70,4.03e-05,962896,0.5544043,1806,0.00103984
2023-08-29,2023-08-29,11801860,6.78465971,4175494,2.40041027,156833271,90.16039633,19149,0.01100839,154574,0.08886159,70,4.024e-05,962964,0.55358927,1799,0.00103421
2023-08-30,2023-08-30,11827787,6.78791018,4178372,2.39794763,157103406,90.16089049,19156,0.01099354,154525,0.08868116,70,4.017e-05,962727,0.5525044,1799,0.00103244
2023-08-31,2023-08-31,11820530,6.77243386,4178451,2.39399443,157401319,90.18123739,19166,0.01098093,154561,0.08855391,70,4.011e-05,962985,0.55173095,1795,0.00102842
2023-09-01,2023-09-01,11819608,6.76242804,4180808,2.39199246,157644130,90.19394589,19188,0.01097815,154616,0.08846144,70,4.005e-05,963280,0.55112756,1794,0.00102641
2023-09-02,2023-09-02,11825680,6.74830934,4182536,2.38675888,158091394,90.21465414,19177,0.01094333,154574,0.08820746,70,3.995e-05,963925,0.55006258,1795,0.00102431
2023-09-03,2023-09-03,11836288,6.73309009,4183775,2.37994665,158632757,90.23848052,19185,0.01091342,154591,0.08793932,70,3.982e-05,964346,0.54856966,1794,0.00102052
2023-09-04,2023-09-04,11845670,6.71928697,4184276,2.37347074,159123349,90.26044497,19163,0.01086994,154524,0.08765153,70,3.971e-05,964710,0.54721796,1795,0.00101819
2023-09-05,2023-09-05,11859808,6.71137404,4186364,2.36903116,159525456,90.27422745,19149,0.01083627,154602,0.08748808,70,3.961e-05,964827,0.54598817,1794,0.00101521
2023-09-06,2023-09-06,11875988,6.70870272,4187498,2.36550249,159819648,90.28154176,19143,0.01081381,154467,0.08725785,70,3.954e-05,965004,0.54512727,1796,0.00101455
2023-09-07,2023-09-07,11881559,6.6975149,4188383,2.36094923,160191670,90.2984277,19142,0.01079015,154541,0.0871132,70,3.946e-05,965341,0.54415298,1796,0.00101239
2023-09-08,2023-09-08,11900973,6.69922856,4191143,2.35925457,160413930,90.29930421,19164,0.01078769,154361,0.08689202,70,3.94e-05,965479,0.54348199,1797,0.00101156
2023-09-09,2023-09-09,11912300,6.6850962,4192888,2.35301828,160945483,90.32143554,19172,0.01075919,154331,0.08660944,70,3.928e-05,965861,0.54203417,1796,0.0010079
2023-09-10,2023-09-10,11926016,6.67421375,4195182,2.3477699,161425311,90.33922399,19172,0.01072932,154407,0.08641153,70,3.917e-05,966000,0.54060723,1796,0.0010051
2023-09-11,2023-09-11,11904291,6.66016947,4194631,2.34679691,161497845,90.35422743,19189,0.01073579,154335,0.08634678,70,3.916e-05,966402,0.54067908,1797,0.00100538
2023-09-12,2023-09-12,11911075,6.65449107,4195901,2.34417009,161744068,90.36333466,19181,0.01071606,154364,0.08624023,70,3.911e-05,966574,0.54000651,1794,0.00100227
2023-09-13,2023-09-13,11913859,6.64634774,4196433,2.34105112,162001962,90.37553442,19197,0.01070937,154309,0.08608389,70,3.905e-05,966601,0.53923472,1792,0.0009997
2023-09-14,2023-09-14,11921305,6.63551086,4197566,2.33640485,162398340,90.39244856,19189,0.01068078,154251,0.08585756,70,3.896e-05,966675,0.53806043,1793,0.000998
2023-09-15,2023-09-15,11936319,6.62337829,4199991,2.33054505,162936553,90.41233129,19162,0.01063286,154359,0.08565271,71,3.94e-05,966720,0.53642603,1792,0.00099437
2023-09-16,2023-09-16,11945221,6.60995491,4201087,2.32469501,163426560,90.43300186,19158,0.01060119,154320,0.08539384,71,3.929e-05,967413,0.5353234,1790,0.00099051
2023-09-17,2023-09-17,11956991,6.59695353,4202253,2.31848195,163948198,90.45408189,19160,0.01057102,154324,0.08514419,71,3.917e-05,967406,0.53374067,1790,0.00098759
2023-09-18,2023-09-18,11968918,6.58885779,4203378,2.3139485,164338326,90.46781503,19174,0.01055524,154266,0.08492303,71,3.909e-05,967991,0.53287649,1789,0.00098484
2023-09-19,2023-09-19,11977776,6.58372748,4206501,2.31215346,164602100,90.47550808,19191,0.01054856,154032,0.08466553,71,3.903e-05,968550,0.53237506,1788,0.0009828
2023-09-20,2023-09-20,11986209,6.57561131,4208567,2.3088118,164944137,90.48803774,19188,0.0105265,153987,0.08447697,71,3.895e-05,968860,0.53151474,1790,0.00098199
2023-09-21,2023-09-21,11971174,6.56086798,4210606,2.30764586,165137235,90.50437308,19196,0.01052047,153838,0.08431176,71,3.891e-05,969358,0.531262,1788,0.00097992
2023-09-22,2023-09-22,11983874,6.55663682,4211681,2.30430182,165434859,90.5129917,19184,0.01049598,153717,0.0841019,71,3.885e-05,969539,0.53045577,1786,0.00097716
2023-09-23,2023-09-23,11991943,6.54405584,4212935,2.29901709,165900341,90.53254303,19178,0.01046552,153212,0.08360846,71,3.875e-05,969930,0.52929505,1789,0.00097627
2023-09-24,2023-09-24,11957700,6.52404172,4213779,2.29900984,165970434,90.55236679,19180,0.01046448,153168,0.08356744,71,3.874e-05,970568,0.52953546,1788,0.00097552
2023-09-25,2023-09-25,11952652,6.53168589,4214036,2.3028161,165684686,90.54060354,19186,0.01048445,153323,0.0837854,71,3.88e-05,969154,0.52960711,1791,0.00097872
2023-09-26,2023-09-26,11955957,6.53898425,4213123,2.30425259,165528439,90.53126025,19153,0.01047521,153617,0.08401662,71,3.883e-05,969043,0.52999161,1793,0.00098063
2023-09-27,2023-09-27,11955532,6.55127981,4215077,2.30973819,165177095,90.51218859,19163,0.01050076,153542,0.0841365,71,3.891e-05,969277,0.53113528,1792,0.00098196
2023-09-28,2023-09-28,11950233,6.55062209,4214199,2.31004911,165120853,90.51240319,19167,0.01050655,153721,0.08426348,70,3.837e-05,968943,0.53113437,1793,0.00098285
2023-09-29,2023-09-29,11932885,6.54331919,4213168,2.31026303,165077056,90.51892043,19183,0.01051887,153694,0.0842771,70,3.838e-05,969616,0.53168257,1788,0.00098044
2023-09-30,2023-09-30,11936297,6.55109166,4213934,2.3127665,164908677,90.50812479,19180,0.01052671,153740,0.08437833,70,3.842e-05,969484,0.53208952,1793,0.00098407
2023-10-01,2023-10-01,11934040,6.55283287,4214841,2.31431675,164826801,90.50434554,19183,0.01053315,153792,0.08444527,70,3.844e-05,969798,0.53250401,1792,0.00098396
2023-10-02,2023-10-02,11923172,6.55094681,4214894,2.31578865,164724073,90.50432558,19225,0.01056279,153744,0.08447155,70,3.846e-05,969879,0.53288049,1794,0.00098568
2023-10-03,2023-10-03,11926189,6.56775731,4214797,2.32109048,164301190,90.48073459,19215,0.01058171,154027,0.08482273,70,3.855e-05,969652,0.53398777,1792,0.00098686
2023-10-04,2023-10-04,11923379,6.56979813,4215999,2.32302121,164203750,90.47649072,19174,0.0105649,154009,0.08485917,70,3.857e-05,969575,0.53423715,1797,0.00099015
2023-10-05,2023-10-05,11938866,6.57772057,4218876,2.32439056,164201570,90.46688726,19201,0.01057879,153941,0.08481382,69,3.802e-05,970286,0.53457926,1800,0.00099171
2023-10-06,2023-10-06,11902111,6.56185425,4218509,2.32574215,164115611,90.4799762,19215,0.01059359,154030,0.08491959,69,3.804e-05,972008,0.53588601,1796,0.00099017
2023-10-07,2023-10-07,11882610,6.56927559,4193627,2.31843774,163664744,90.48170453,19232,0.01063237,154149,0.08522095,69,3.815e-05,965359,0.53369666,1798,0.00099402
2023-10-08,2023-10-08,11883336,6.59196228,4193471,2.32621569,163052234,90.44885844,19219,0.01066123,154329,0.08560988,69,3.828e-05,965629,0.53565682,1798,0.00099739
2023-10-09,2023-10-09,11877977,6.61073577,4194212,2.33430552,162463702,90.41982539,19213,0.01069307,154223,0.08583343,69,3.84e-05,965885,0.53756717,1799,0.00100124
2023-10-10,2023-10-10,11882856,6.6383886,4195204,2.34366169,161782655,90.38030361,19214,0.01073395,154280,0.08618893,69,3.855e-05,966036,0.53967854,1801,0.00100613
2023-10-11,2023-10-11,11731403,6.56343754,4197223,2.34824522,161667289,90.44895599,19248,0.01076879,154245,0.08629636,69,3.86e-05,967427,0.54125212,1797,0.00100538
2023-10-12,2023-10-12,11553117,6.46732928,4198027,2.35001714,161742635,90.54204851,19249,0.01077541,154348,0.0864026,69,3.863e-05,968903,0.54238304,1796,0.00100538
2023-10-13,2023-10-13,11481648,6.42667856,4201238,2.35157933,161827864,90.58069569,19263,0.01078217,154317,0.0863766,69,3.862e-05,969824,0.54284429,1795,0.00100472
2023-10-14,2023-10-14,11488683,6.44497832,4202028,2.35727449,161422883,90.55580875,19371,0.01086684,153204,0.08594514,69,3.871e-05,969867,0.5440808,1795,0.00100697
2023-10-15,2023-10-15,11496764,6.4848285,4202620,2.3705166,160442863,90.4988961,19374,0.01092804,153163,0.08639264,69,3.892e-05,970446,0.54738672,1795,0.00101248
2023-10-16,2023-10-16,11493913,6.49467627,4202590,2.37468837,160133752,90.48414404,19420,0.01097334,152980,0.08644189,69,3.899e-05,969860,0.54802283,1795,0.00101427
2023-10-17,2023-10-17,11489050,6.50623166,4201511,2.37930933,159750798,90.46663562,19420,0.01099752,152786,0.08652248,69,3.907e-05,969887,0.54924554,1799,0.00101877
2023-10-18,2023-10-18,11490177,6.51460952,4204362,2.38375586,159536385,90.45267555,19405,0.01100209,152855,0.08666452,69,3.912e-05,970475,0.55023223,1801,0.00102112
2023-10-19,2023-10-19,11505171,6.52986579,4206604,2.38749685,159336681,90.43300114,19434,0.01102995,152731,0.08668389,69,3.916e-05,970581,0.55086219,1799,0.00102104
2023-10-20,2023-10-20,11502463,6.52626606,4208210,2.38765368,159393779,90.43682293,19473,0.01104859,152617,0.08659181,69,3.915e-05,970352,0.5505582,1797,0.00101958
2023-10-21,2023-10-21,11499046,6.52841582,4208561,2.38934919,159285555,90.43205302,19477,0.01105778,152688,0.08668639,69,3.917e-05,971188,0.55137784,1798,0.00102079
2023-10-22,2023-10-22,11495615,6.53226502,4209174,2.39181984,159131768,90.42499086,19473,0.01106533,152632,0.08673156,69,3.921e-05,971537,0.55206591,1799,0.00102226
2023-10-23,2023-10-23,11474689,6.53271295,4209098,2.39630277,158820419,90.41885213,19479,0.01108969,152670,0.08691733,69,3.928e-05,971453,0.5530628,1797,0.00102306
2023-10-24,2023-10-24,11455683,6.51571253,4206630,2.39262834,159008320,90.44004652,19383,0.01102458,152719,0.08686284,69,3.925e-05,971664,0.55265874,1806,0.00102721
2023-10-25,2023-10-25,11459478,6.50844533,4207533,2.38968114,159258067,90.45110272,19377,0.01100523,152816,0.08679231,69,3.919e-05,971751,0.55190893,1805,0.00102516
2023-10-26,2023-10-26,11446331,6.49609623,4206060,2.38705053,159405320,90.46674424,19403,0.01101172,152780,0.0867067,69,3.916e-05,971452,0.55132476,1809,0.00102666
2023-10-27,2023-10-27,11447677,6.49203514,4204708,2.38451103,159536275,90.47382311,19406,0.01100524,152772,0.08663777,69,3.913e-05,971460,0.55091985,1814,0.00102873
2023-10-28,2023-10-28,11442812,6.47434434,4204876,2.37911932,159947684,90.49841796,19401,0.01097709,152657,0.08637335,69,3.904e-05,971550,0.5497031,1813,0.0010258
2023-10-29,2023-10-29,11443633,6.46722698,4207333,2.37772196,160151402,90.50757464,19404,0.01096593,152600,0.08623999,69,3.899e-05,971809,0.54920578,1815,0.00102572
2023-10-30,2023-10-30,11440635,6.46103307,4207211,2.37599831,160278598,90.51642001,19421,0.0109679,152495,0.08612068,69,3.897e-05,971049,0.54839436,1818,0.00102671
2023-10-31,2023-10-31,11432715,6.45172022,4207317,2.37427699,160419045,90.52782262,19423,0.01096081,152460,0.08603637,69,3.894e-05,971288,0.54811814,1818,0.00102594
2023-11-01,2023-11-01,11425492,6.43625262,4207722,2.37031033,160738816,90.54801545,19422,0.01094088,152370,0.08583366,69,3.887e-05,972060,0.54758462,1817,0.00102356
2023-11-02,2023-11-02,11423673,6.42696788,4207330,2.36704734,160969080,90.56133762,19433,0.01093302,152498,0.0857955,69,3.882e-05,972015,0.54685644,1819,0.00102337
2023-11-03,2023-11-03,11419523,6.40894461,4206416,2.36075422,161409852,90.58756662,19400,0.0108878,152697,0.08569768,69,3.872e-05,971246,0.54508948,1819,0.00102087
2023-11-04,2023-11-04,11417624,6.38200447,4209773,2.35309817,162131252,90.62501747,19405,0.01084663,152648,0.08532425,69,3.857e-05,970826,0.5426537,1819,0.00101675
2023-11-05,2023-11-05,11420481,6.36355057,4208970,2.34525966,162693665,90.65374431,19419,0.01082037,152663,0.08506461,69,3.845e-05,970035,0.54050848,1819,0.00101356
2023-11-06,2023-11-06,11438562,6.36295756,4209199,2.34146168,162977368,90.65982914,19441,0.01081449,152712,0.08494949,69,3.838e-05,968836,0.53893683,1820,0.00101242
2023-11-07,2023-11-07,11456753,6.36041046,4210486,2.33752261,163316781,90.66807684,19464,0.01080577,152581,0.08470793,69,3.831e-05,968047,0.53742769,1820,0.0010104
2023-11-08,2023-11-08,11475596,6.35039428,4213178,2.33149908,163875727,90.6859634,19437,0.0107561,152858,0.08458895,69,3.818e-05,968137,0.5357501,1825,0.00100992
2023-11-09,2023-11-09,11495847,6.34116081,4216074,2.32560535,164435291,90.7032447,19492,0.01075187,152841,0.08430778,68,3.751e-05,967878,0.53388585,1824,0.00100613
2023-11-10,2023-11-10,11489756,6.32521596,4214206,2.31995902,164805425,90.72689665,19551,0.010763,152782,0.08410789,68,3.743e-05,966409,0.53201701,1822,0.00100303
2023-11-11,2023-11-11,11490801,6.30553875,4216154,2.31360046,165386486,90.75528301,19602,0.01075653,152025,0.08342321,68,3.731e-05,966495,0.53036091,1822,0.00099982
2023-11-12,2023-11-12,11506872,6.28817519,4218608,2.30534816,166126670,90.78345567,19617,0.01072013,151781,0.08294396,68,3.716e-05,966793,0.52832462,1821,0.00099512
2023-11-13,2023-11-13,11517974,6.28577409,4219983,2.30299702,166360589,90.78897732,19625,0.01071007,151611,0.08273959,68,3.711e-05,967080,0.52777046,1822,0.00099433
2023-11-14,2023-11-14,11529199,6.27788093,4221997,2.29896235,166756943,90.80251213,19644,0.01069655,151492,0.08249044,68,3.703e-05,966778,0.52643008,1819,0.00099048
2023-11-15,2023-11-15,11543919,6.26855203,4224447,2.29394938,167247713,90.81846388,19626,0.01065726,151363,0.08219278,68,3.693e-05,967113,0.52515945,1820,0.00098829
2023-11-16,2023-11-16,11579669,6.26383702,4229686,2.2879811,167915654,90.83129151,19634,0.0106207,151249,0.08181573,68,3.678e-05,967644,0.52343157,1822,0.00098558
2023-11-17,2023-11-17,11585830,6.25329756,4229484,2.2828077,168319634,90.84828241,19641,0.01060097,150941,0.0814684,68,3.67e-05,968108,0.52252341,1821,0.00098286
2023-11-18,2023-11-18,11602372,6.23988726,4231648,2.27582829,168964299,90.87091652,19669,0.01057821,150854,0.08113099,68,3.657e-05,968077,0.52064279,1821,0.00097935
2023-11-19,2023-11-19,11611083,6.22177901,4232092,2.26775928,169636114,90.89922224,19668,0.01053906,150817,0.08081503,68,3.644e-05,968321,0.51887316,1821,0.00097578
2023-11-20,2023-11-20,11610282,6.20575039,4232294,2.26218107,170105745,90.9223216,19664,0.0105105,150892,0.08065248,68,3.635e-05,968324,0.51757374,1822,0.00097387
2023-11-21,2023-11-21,11622765,6.19793883,4236713,2.25926344,170525008,90.93391885,19643,0.0104748,151104,0.0805775,67,3.573e-05,969167,0.51681659,1827,0.00097426
2023-11-22,2023-11-22,11638261,6.19023068,4239598,2.25498377,170989582,90.94700289,19601,0.0104255,151323,0.08048662,67,3.564e-05,969868,0.51585943,1834,0.00097548
2023-11-23,2023-11-23,11645670,6.18029764,4240987,2.25067016,171403105,90.96275309,19604,0.01040374,151295,0.08029148,67,3.556e-05,969624,0.51457451,1835,0.00097383
2023-11-24,2023-11-24,11651296,6.16632314,4241397,2.24471376,171915466,90.98441205,19617,0.01038209,151156,0.07999769,67,3.546e-05,969624,0.51316308,1838,0.00097274
2023-11-25,2023-11-25,11654689,6.14908787,4242792,2.23852398,172495440,91.00968865,19638,0.01036113,150881,0.07960577,67,3.535e-05,969904,0.5117275,1838,0.00096974
2023-11-26,2023-11-26,11662244,6.13569005,4244806,2.23325922,173023550,91.03041176,19651,0.0103387,150708,0.07928985,67,3.525e-05,969384,0.51000817,1838,0.000967
2023-11-27,2023-11-27,11669036,6.1272539,4247864,2.23049627,173385972,91.04264247,19640,0.0103127,150783,0.07917413,67,3.518e-05,969590,0.50911867,1841,0.00096668
2023-11-28,2023-11-28,11664390,6.11783853,4248727,2.22840849,173607096,91.05492713,19641,0.01030148,150867,0.07912801,67,3.514e-05,969319,0.50839668,1839,0.00096453
2023-11-29,2023-11-29,11664582,6.11540813,4251278,2.22882398,173682947,91.05702255,19660,0.01030718,150899,0.07911205,66,3.46e-05,969585,0.5083258,1842,0.00096571
2023-11-30,2023-11-30,11670233,6.11194306,4253153,2.22746443,173876539,91.06274957,19660,0.01029635,150825,0.07899018,66,3.457e-05,969139,0.50755819,1840,0.00096365
2023-12-01,2023-12-01,11666034,6.09970622,4252566,2.223498,174195267,91.0797923,19667,0.01028309,150904,0.07890171,66,3.451e-05,969326,0.5068221,1840,0.00096206
2023-12-02,2023-12-02,11672565,6.0900441,4254279,2.21962754,174597105,91.09429414,19675,0.01026523,151014,0.07879004,66,3.443e-05,969802,0.5059845,1840,0.00096
2023-12-03,2023-12-03,11688334,6.07513968,4255850,2.21202467,175309239,91.11889804,19672,0.01022474,151071,0.07852081,67,3.482e-05,970064,0.50420139,1839,0.00095584
2023-12-04,2023-12-04,11690756,6.06417894,4255481,2.2073849,175695780,91.13616343,19720,0.01022907,150984,0.07831777,67,3.475e-05,969200,0.50273928,1835,0.00095184
2023-12-05,2023-12-05,11710798,6.05344608,4258589,2.2013136,176345311,91.15491809,19658,0.01016145,151180,0.07814668,66,3.412e-05,969277,0.50103042,1837,0.00094957
2023-12-06,2023-12-06,11715199,6.03704097,4250952,2.19058775,176947565,91.1840849,19702,0.01015278,151177,0.07790408,65,3.35e-05,968819,0.49924888,1838,0.00094715
2023-12-07,2023-12-07,11725442,6.03442243,4250989,2.18774383,177191592,91.19049994,19710,0.01014362,151208,0.07781821,65,3.345e-05,968426,0.49839414,1835,0.00094437
2023-12-08,2023-12-08,11718384,6.02255244,4249354,2.18391523,177465940,91.2069386,19725,0.01013748,151166,0.07769033,65,3.341e-05,968576,0.49779046,1833,0.00094205
2023-12-09,2023-12-09,11715967,6.00551557,4248082,2.17753452,177981327,91.23187439,19742,0.0101196,151279,0.07754446,65,3.332e-05,968487,0.49643907,1832,0.00093907
2023-12-10,2023-12-10,11721449,5.99541691,4249106,2.17337993,178394877,91.24739285,19742,0.01009786,151288,0.07738247,65,3.325e-05,968462,0.4953597,1832,0.00093705
2023-12-11,2023-12-11,11718821,5.98640153,4248629,2.17035478,178648669,91.26026124,19692,0.01005939,151413,0.07734729,65,3.32e-05,968224,0.49460416,1837,0.00093841
2023-12-12,2023-12-12,11733730,5.98151049,4253227,2.16817005,179038817,91.26872373,19689,0.01003687,151471,0.07721546,66,3.364e-05,967839,0.49337586,1832,0.0009339
2023-12-13,2023-12-13,11755268,5.96429403,4258968,2.16088118,179938636,91.29582859,19699,0.00999472,151466,0.07684961,66,3.349e-05,968104,0.49118888,1832,0.00092951
2023-12-14,2023-12-14,11777579,5.94480097,4262181,2.15136046,180934332,91.32764825,19690,0.00993864,151587,0.07651441,66,3.331e-05,968348,0.48877924,1832,0.00092471
2023-12-15,2023-12-15,11797440,5.93621232,4266377,2.14674706,181531128,91.34247071,19715,0.00992015,151497,0.07622996,66,3.321e-05,968775,0.48746627,1829,0.00092031
2023-12-16,2023-12-16,11836542,5.93454515,4272941,2.1423454,182201455,91.35123772,19732,0.00989313,151423,0.07591969,66,3.309e-05,967560,0.48511031,1826,0.00091551
2023-12-17,2023-12-17,11847835,5.92306831,4272615,2.13600126,182767614,91.37070718,19725,0.00986109,151478,0.07572814,66,3.3e-05,967516,0.48368865,1825,0.00091237
2023-12-18,2023-12-18,11854632,5.91258373,4274989,2.13218179,183227910,91.38624971,19713,0.009832,151566,0.07559464,66,3.292e-05,967632,0.48261348,1828,0.00091173
2023-12-19,2023-12-19,11874420,5.9035497,4278400,2.12707206,183845988,91.40184763,19644,0.00976632,151723,0.07543141,66,3.281e-05,968274,0.48139224,1826,0.00090782
2023-12-20,2023-12-20,11893796,5.8963864,4279635,2.12164238,184397994,91.41587967,19634,0.00973362,151477,0.07509519,66,3.272e-05,968871,0.48032081,1834,0.00090921
2023-12-21,2023-12-21,11909288,5.88627378,4281257,2.11605016,184989484,91.43273298,19615,0.00969489,151707,0.07498256,66,3.262e-05,969789,0.47932702,1833,0.00090598
2023-12-22,2023-12-22,11902801,5.86984878,4279659,2.11050753,185452341,91.45554884,19643,0.00968692,151804,0.07486192,65,3.205e-05,970521,0.478611,1831,0.00090295
2023-12-23,2023-12-23,11896512,5.85346217,4279674,2.10573568,185918549,91.47783757,19631,0.00965908,151735,0.07465844,65,3.198e-05,970899,0.47771318,1833,0.00090189
2023-12-24,2023-12-24,11896164,5.83452728,4279590,2.09894421,186571730,91.50494632,19595,0.00961046,151852,0.0744765,65,3.188e-05,971677,0.47656337,1835,0.00089998
2023-12-25,2023-12-25,11885724,5.8163075,4277847,2.09337467,187043332,91.53010232,19616,0.00959914,151739,0.07425384,65,3.181e-05,971555,0.47543277,1835,0.00089796
2023-12-26,2023-12-26,11891078,5.80571154,4278139,2.08876277,187503424,91.54685498,19657,0.00959735,151405,0.07392213,66,3.222e-05,971289,0.47422309,1835,0.00089592
2023-12-27,2023-12-27,11909984,5.79847481,4279986,2.0837468,188064038,91.56054178,19658,0.00957066,151469,0.07374394,66,3.213e-05,971530,0.47299746,1833,0.00089241
2023-12-28,2023-12-28,11919195,5.7962258,4281236,2.08193679,188291860,91.56508788,19690,0.00957512,151571,0.07370798,66,3.21e-05,971728,0.47254491,1829,0.00088943
2023-12-29,2023-12-29,11938003,5.79215347,4283379,2.07823608,188739292,91.57368661,19681,0.00954895,151951,0.07372452,65,3.154e-05,972273,0.47173337,1825,0.00088546
2023-12-30,2023-12-30,11942599,5.78389018,4282897,2.07423911,189108864,91.5868398,19648,0.00951567,151988,0.07360893,65,3.148e-05,972501,0.47098952,1828,0.00088531
2023-12-31,2023-12-31,11952891,5.76870069,4284547,2.06780679,189819248,91.6105088,19596,0.00945742,151818,0.07327036,65,3.137e-05,972487,0.46934139,1830,0.00088319
2024-01-01,2024-01-01,11947373,5.75463145,4285610,2.06422835,190233352,91.62874799,19600,0.00944063,151871,0.07315095,65,3.131e-05,973474,0.46888836,1829,0.00088097
2024-01-02,2024-01-02,11922231,5.74150113,4284163,2.06316475,190297648,91.64343158,19639,0.00945774,151751,0.07308016,65,3.13e-05,972744,0.46845349,1827,0.00087985
2024-01-03,2024-01-03,11923516,5.73399798,4282239,2.05932124,190592077,91.65539634,19640,0.00944484,151714,0.072959,65,3.126e-05,973119,0.46797122,1826,0.00087812
2024-01-04,2024-01-04,11916650,5.72787266,4283733,2.05902474,190699489,91.66186722,19756,0.00949594,151490,0.07281538,63,3.028e-05,973689,0.46801464,1829,0.00087913
2024-01-05,2024-01-05,11931997,5.72392655,4285122,2.05562603,191094727,91.67050421,19740,0.00946952,151369,0.07261358,63,3.022e-05,973387,0.46694578,1843,0.00088411
2024-01-06,2024-01-06,11930914,5.71878194,4285390,2.05409334,191268292,91.67961942,19713,0.00944893,151483,0.07260955,63,3.02e-05,969140,0.46453275,1844,0.00088387
2024-01-07,2024-01-07,11930685,5.71222909,4283599,2.05092154,191508100,91.69114258,19725,0.00944403,151453,0.07251337,63,3.016e-05,966691,0.46283683,1843,0.0008824
2024-01-08,2024-01-08,11934759,5.70443966,4280164,2.04578385,191863568,91.70475467,19754,0.00944179,151498,0.07241128,63,3.011e-05,967134,0.46225965,1839,0.00087898
2024-01-09,2024-01-09,11920552,5.69184579,4276260,2.04183602,192095547,91.72211411,19737,0.00942406,151858,0.07250942,63,3.008e-05,966243,0.46136338,1837,0.00087713
2024-01-10,2024-01-10,11915600,5.68510181,4271097,2.03780097,192266723,91.73318131,19794,0.009444,151881,0.07246458,63,3.006e-05,966440,0.46110224,1834,0.00087503
2024-01-11,2024-01-11,11900868,5.67548821,4263172,2.03309392,192384493,91.74758695,19814,0.00944924,151929,0.07245448,63,3.004e-05,966712,0.46102205,1835,0.00087511
2024-01-12,2024-01-12,11855028,5.6566641,4256353,2.03093229,192323410,91.76772325,19832,0.0094629,152165,0.07260601,63,3.006e-05,967636,0.46171058,1825,0.0008708
2024-01-13,2024-01-13,11872555,5.64700893,4254834,2.0237502,192975436,91.78597282,19839,0.00943613,152191,0.07238745,63,2.997e-05,968271,0.46054409,1830,0.00087041
2024-01-14,2024-01-14,11888173,5.63718982,4257084,2.01864413,193601136,91.80269785,19861,0.00941778,152077,0.07211259,63,2.987e-05,968062,0.4590402,1830,0.00086776
2024-01-15,2024-01-15,11898582,5.63333475,4256941,2.01543122,193920636,91.81092811,19859,0.00940216,151917,0.07192448,63,2.983e-05,967550,0.45808257,1831,0.00086688
2024-01-16,2024-01-16,11905016,5.62601005,4256298,2.01141899,194304519,91.82341089,19861,0.00938581,152029,0.07184507,66,3.119e-05,967140,0.45704595,1803,0.00085205
2024-01-17,2024-01-17,11917808,5.62175602,4258275,2.00867333,194678162,91.83174701,19913,0.00939317,152058,0.07172737,65,3.066e-05,966312,0.45581959,1808,0.00085285
2024-01-18,2024-01-18,11920043,5.61247785,4256163,2.00398778,195068512,91.84679132,19941,0.0093891,152325,0.07172128,65,3.06e-05,965822,0.45475126,1807,0.00085081
2024-01-19,2024-01-19,11923892,5.60497464,4253346,1.99933851,195420418,91.85981277,19936,0.00937117,152461,0.0716662,65,3.055e-05,965738,0.45395723,1806,0.00084893
2024-01-20,2024-01-20,11926707,5.59348018,4253693,1.99493016,195905091,91.87709927,19942,0.00935255,152470,0.07150657,65,3.048e-05,965383,0.45275286,1808,0.00084793
2024-01-21,2024-01-21,11930799,5.5813362,4254491,1.99028956,196437668,91.89532637,19928,0.0093225,152585,0.07138065,65,3.041e-05,965070,0.45146852,1808,0.0008458
2024-01-22,2024-01-22,11925512,5.57549416,4254203,1.98895309,196572455,91.90285293,19941,0.00932295,152621,0.07135438,65,3.039e-05,964964,0.45114634,1809,0.00084576
2024-01-23,2024-01-23,11922839,5.57240886,4254657,1.98851032,196645162,91.90657045,19950,0.00932408,152515,0.07128134,65,3.038e-05,965024,0.45102582,1816,0.00084875
2024-01-24,2024-01-24,11882121,5.55319727,4254201,1.98823235,196692876,91.92587267,19975,0.00933546,152537,0.0712893,65,3.038e-05,965409,0.45119105,1822,0.00085153
2024-01-25,2024-01-25,11814046,5.53271748,4255386,1.99286921,196320776,91.94033862,19948,0.00934199,152513,0.07142442,65,3.044e-05,966054,0.45241942,1833,0.00085842
2024-01-26,2024-01-26,11817480,5.52551087,4259123,1.99144238,196653963,91.94968899,19872,0.00929157,152497,0.07130317,65,3.039e-05,966424,0.45187183,1841,0.0008608
2024-01-27,2024-01-27,11810252,5.51148978,4260246,1.98812881,197072273,91.96770892,19875,0.00927507,152587,0.07120777,65,3.033e-05,967065,0.45130018,1841,0.00085914
2024-01-28,2024-01-28,11808740,5.49486236,4261506,1.982971,197693109,91.99088333,19882,0.00925153,152583,0.07100017,65,3.025e-05,967385,0.45014518,1840,0.00085619
2024-01-29,2024-01-29,11808376,5.48421412,4262352,1.97958221,198104208,92.00637709,19894,0.00923945,152600,0.07087266,65,3.019e-05,966394,0.44882646,1847,0.00085781
2024-01-30,2024-01-30,11809006,5.47579235,4262342,1.9764322,198445431,92.01841141,19878,0.00921735,152503,0.07071508,66,3.06e-05,967332,0.44854827,1839,0.00085274
2024-01-31,2024-01-31,11790036,5.46098973,4258620,1.97253682,198706465,92.0382232,19866,0.00920167,152622,0.0706925,67,3.103e-05,966067,0.44746954,1847,0.00085551
2024-02-01,2024-02-01,11792511,5.45754256,4258706,1.97091775,198885172,92.04352588,19887,0.00920365,152656,0.07064879,66,3.054e-05,966452,0.4472714,1857,0.00085941
2024-02-02,2024-02-02,11798847,5.4575248,4258497,1.96975628,198995502,92.04483173,19937,0.00922181,152813,0.07068324,66,3.053e-05,966587,0.4470922,1858,0.00085941
2024-02-03,2024-02-03,11806487,5.44467915,4258969,1.964066,199638862,92.06545087,19930,0.00919092,152817,0.07047308,66,3.044e-05,965503,0.44525133,1861,0.00085822
2024-02-04,2024-02-04,11805687,5.44328542,4260049,1.96419426,199679968,92.06707397,19939,0.00919334,153021,0.07055388,66,3.043e-05,964727,0.44480973,1863,0.00085898
2024-02-05,2024-02-05,11806978,5.45067758,4262339,1.96770381,199406891,92.05595801,19959,0.00921405,153140,0.0706969,66,3.047e-05,963632,0.44485959,1862,0.00085959
2024-02-06,2024-02-06,11805556,5.45995736,4262198,1.97122603,199014439,92.04228506,19966,0.00923409,152696,0.07062045,66,3.052e-05,963886,0.44578811,1856,0.00085838
2024-02-07,2024-02-07,11805342,5.45523603,4262556,1.96972261,199197545,92.04897452,19970,0.00922812,152663,0.07054541,66,3.05e-05,963870,0.44540331,1860,0.0008595
2024-02-08,2024-02-08,11805445,5.45642802,4260512,1.96919109,199154788,92.04852216,19952,0.00922173,152733,0.07059256,66,3.05e-05,963131,0.44515518,1858,0.00085876
2024-02-09,2024-02-09,11804254,5.45833465,4259682,1.96969413,199059460,92.04589693,19941,0.0092208,152701,0.07060956,66,3.052e-05,963123,0.44535196,1863,0.00086146
2024-02-10,2024-02-10,11805429,5.45897099,4259697,1.96973463,199054448,92.04514777,19958,0.00922882,152689,0.07060521,66,3.052e-05,963254,0.44542012,1864,0.00086194
2024-02-11,2024-02-11,11797664,5.45601185,4258998,1.96963938,199037457,92.04794472,19960,0.00923081,152945,0.07073178,66,3.052e-05,963421,0.44554891,1864,0.00086204
2024-02-12,2024-02-12,11777408,5.44836386,4256076,1.96890951,198993298,92.05657919,19965,0.00923604,152747,0.07066251,66,3.053e-05,962690,0.44535142,1874,0.00086693
2024-02-13,2024-02-13,11754868,5.4377277,4253703,1.96773614,199027163,92.06870869,19961,0.00923383,152890,0.07072595,66,3.053e-05,961893,0.44496563,1884,0.00087153
2024-02-14,2024-02-14,11762650,5.435292,4253811,1.96560341,199259126,92.07377028,19980,0.00923237,152881,0.07064334,66,3.05e-05,962069,0.44455339,1893,0.00087472
2024-02-15,2024-02-15,11754589,5.43080399,4252903,1.96490771,199299492,92.07948288,19970,0.00922645,152833,0.07061124,66,3.049e-05,961134,0.44405894,1901,0.00087829
2024-02-16,2024-02-16,11760027,5.42984776,4254003,1.96416119,199430700,92.08128011,19927,0.00920071,152749,0.07052737,66,3.047e-05,961768,0.44406818,1915,0.0008842
2024-02-17,2024-02-17,11755916,5.43003092,4254265,1.96503535,199351118,92.07982899,19918,0.00920008,152644,0.07050592,66,3.049e-05,962295,0.44448188,1919,0.00088638
2024-02-18,2024-02-18,11750961,5.42254975,4253927,1.96299952,199563980,92.08996693,19929,0.00919635,152609,0.07042232,66,3.046e-05,962061,0.44394868,1920,0.000886
2024-02-19,2024-02-19,11743851,5.41611364,4252991,1.96142497,199697897,92.09811186,19875,0.0091661,152648,0.0703993,66,3.044e-05,962449,0.44386915,1918,0.00088456
2024-02-20,2024-02-20,11757852,5.41273264,4253450,1.95807769,200078008,92.10600413,19885,0.00915407,152724,0.07030656,66,3.038e-05,961895,0.44280881,1924,0.00088571
2024-02-21,2024-02-21,11763463,5.40738051,4254742,1.95580238,200390095,92.11449841,19787,0.00909561,152726,0.07020446,67,3.08e-05,961774,0.44210433,1922,0.0008835
2024-02-22,2024-02-22,11771179,5.40526677,4256118,1.95438819,200608455,92.11840333,19768,0.00907737,152550,0.0700502,67,3.077e-05,962336,0.4418999,1924,0.00088349
2024-02-23,2024-02-23,11760251,5.3965486,4256320,1.9531418,200767922,92.12846302,19781,0.00907711,152598,0.07002423,67,3.074e-05,962846,0.44183115,1925,0.00088334
2024-02-24,2024-02-24,11763852,5.3955471,4258071,1.95298467,200869805,92.12989883,19787,0.0090754,152467,0.06992972,67,3.073e-05,962924,0.44164971,1927,0.00088383
2024-02-25,2024-02-25,11761545,5.39145096,4258226,1.95195586,200994306,92.13508466,19794,0.0090735,152446,0.06988071,67,3.071e-05,963446,0.44164027,1927,0.00088333
2024-02-26,2024-02-26,11768699,5.38950178,4263041,1.95226907,201194499,92.1374665,19770,0.00905372,152513,0.06984367,67,3.068e-05,962875,0.44095074,1930,0.00088385
2024-02-27,2024-02-27,11773092,5.38453816,4259493,1.94812056,201476339,92.14716365,19818,0.00906396,152576,0.06978212,67,3.064e-05,962953,0.44041592,1935,0.00088499
2024-02-28,2024-02-28,11774006,5.37872166,4257127,1.94478423,201731713,92.15714121,19945,0.00911148,152460,0.06964833,68,3.106e-05,962521,0.43970867,1868,0.00085336
2024-02-29,2024-02-29,11774936,5.37084583,4251798,1.9393525,202074799,92.17142169,19954,0.00910152,152702,0.06965124,67,3.056e-05,961897,0.43874553,1866,0.00085113
2024-03-01,2024-03-01,11783842,5.36750884,4249431,1.93560457,202371447,92.17965841,20029,0.00912316,152487,0.06945742,68,3.097e-05,961069,0.43776439,1871,0.00085224
2024-03-02,2024-03-02,11787580,5.36246542,4245624,1.93144071,202647308,92.18933677,20016,0.00910578,152395,0.0693283,68,3.093e-05,961567,0.43744092,1871,0.00085116
2024-03-03,2024-03-03,11795607,5.35873623,4245294,1.92863417,202941872,92.19635431,20019,0.00909462,152362,0.06921795,68,3.089e-05,962100,0.43708138,1872,0.00085045
2024-03-04,2024-03-04,11803745,5.35425749,4245716,1.92588511,203271107,92.20513041,20037,0.00908892,152014,0.06895456,68,3.085e-05,960747,0.43580125,1877,0.00085142
2024-03-05,2024-03-05,11791991,5.34477804,4240669,1.92210412,203461025,92.21971235,19954,0.00904425,152189,0.06898041,69,3.127e-05,958605,0.43449244,1891,0.00085711
2024-03-06,2024-03-06,11796464,5.34066178,4236913,1.91819509,203715692,92.22904515,19975,0.00904336,151829,0.06873817,70,3.169e-05,957350,0.43342501,1899,0.00085974
2024-03-07,2024-03-07,11793285,5.33566959,4232747,1.91503381,203871439,92.23813706,20013,0.00905454,151741,0.06865261,70,3.167e-05,956078,0.4325611,1900,0.00085962
2024-03-08,2024-03-08,11802215,5.3308593,4231851,1.91145495,204230693,92.24752206,20031,0.00904766,151602,0.06847604,70,3.162e-05,955869,0.43174973,1901,0.00085865
2024-03-09,2024-03-09,11734029,5.29777599,4232294,1.91083093,204393796,92.28139333,20004,0.00903157,151705,0.06849302,70,3.16e-05,955916,0.43158482,1902,0.00085873
2024-03-10,2024-03-10,11721446,5.28694307,4231118,1.90844031,204623912,92.29535106,20059,0.00904759,151613,0.06838485,70,3.157e-05,955428,0.43094456,1900,0.00085699
2024-03-11,2024-03-11,11709017,5.28432676,4229847,1.90894707,204512987,92.29753877,20260,0.00914342,151462,0.06835541,69,3.114e-05,954617,0.43082252,1850,0.00083491
2024-03-12,2024-03-12,11693865,5.27843573,4228331,1.90860536,204490207,92.3038205,20300,0.00916312,151645,0.06845028,69,3.115e-05,954085,0.4306597,1848,0.00083416
2024-03-13,2024-03-13,11661421,5.26303822,4226461,1.90748844,204556748,92.32065145,20300,0.00916181,151462,0.0683579,69,3.114e-05,953733,0.43043924,1843,0.00083178
2024-03-14,2024-03-14,11633695,5.25013849,4227952,1.90802093,204600019,92.33338468,20301,0.00916158,151184,0.06822742,69,3.114e-05,953277,0.43020178,1848,0.00083398
2024-03-15,2024-03-15,11646664,5.24750357,4232490,1.90698439,204941377,92.33808134,20190,0.00909678,151414,0.06822087,69,3.109e-05,952699,0.42924664,1854,0.00083534
2024-03-16,2024-03-16,11643498,5.2446277,4232367,1.90640212,205005665,92.34152742,20178,0.00908886,151633,0.06830066,69,3.108e-05,952831,0.42918751,1853,0.00083465
2024-03-17,2024-03-17,11637270,5.24102952,4232469,1.90615969,205045761,92.34561772,20232,0.0091118,151161,0.06807776,69,3.108e-05,952863,0.429137,1855,0.00083543
2024-03-18,2024-03-18,11644887,5.2377244,4232750,1.90383796,205323281,92.35184154,20244,0.0091055,151146,0.06798358,70,3.149e-05,952987,0.42864162,1854,0.00083391
2024-03-19,2024-03-19,11648971,5.23227696,4231693,1.90071636,205630242,92.36132331,20261,0.00910047,151091,0.06786436,70,3.144e-05,952560,0.42785391,1855,0.0008332
2024-03-20,2024-03-20,11643919,5.22895794,4230595,1.89984174,205680532,92.36536697,20271,0.00910314,150952,0.06778832,70,3.144e-05,953248,0.42807698,1856,0.00083348
2024-03-21,2024-03-21,11654419,5.22699277,4231998,1.89804596,205953241,92.36977851,20289,0.00909959,150885,0.06767174,70,3.139e-05,953283,0.42754627,1859,0.00083376
2024-03-22,2024-03-22,11658984,5.2223856,4232600,1.89590013,206231892,92.37704273,20208,0.00905173,151056,0.06766221,70,3.135e-05,953477,0.42708906,1869,0.00083718
2024-03-23,2024-03-23,11652404,5.22125397,4234602,1.89745674,206158125,92.37612495,20195,0.00904905,151120,0.06771443,70,3.137e-05,954131,0.42753069,1872,0.00083881
2024-03-24,2024-03-24,11646924,5.22370533,4235609,1.89969243,205952704,92.37084721,20200,0.0090598,151175,0.06780277,70,3.14e-05,954328,0.42802102,1873,0.00084005
2024-03-25,2024-03-25,11651848,5.22303947,4237562,1.89952303,206064929,92.37034825,20176,0.00904406,153941,0.06900536,70,3.138e-05,955191,0.42817245,1865,0.000836
2024-03-26,2024-03-26,11657114,5.22002118,4237348,1.89747191,206290113,92.37610264,20177,0.0090352,153695,0.06882417,70,3.135e-05,955069,0.42767707,1868,0.00083648
2024-03-27,2024-03-27,11665827,5.21827856,4237901,1.89566911,206521367,92.37973626,20139,0.00900844,153812,0.06880214,70,3.131e-05,956015,0.42763814,1869,0.00083603
2024-03-28,2024-03-28,11668425,5.21439262,4238007,1.89388306,206734731,92.38573797,20163,0.00901045,153893,0.06877179,70,3.128e-05,956267,0.42733716,1870,0.00083567
2024-03-29,2024-03-29,11676131,5.20933274,4238955,1.89121954,207090913,92.39408788,20121,0.00897703,153941,0.06868113,70,3.123e-05,956705,0.42683614,1870,0.0008343
2024-03-30,2024-03-30,11672348,5.20005286,4239153,1.88855059,207421641,92.40672892,20133,0.00896929,153842,0.0685369,70,3.119e-05,956892,0.42629718,1870,0.00083309
2024-03-31,2024-03-31,11672930,5.19352252,4239672,1.88631578,207713735,92.41603952,20128,0.00895535,153913,0.068479,69,3.07e-05,957077,0.4258229,1875,0.00083423
2024-04-01,2024-04-01,11675233,5.19104233,4239652,1.88503416,207860942,92.41913618,20132,0.00895109,155172,0.06899258,69,3.068e-05,958079,0.4259811,1871,0.00083188
2024-04-02,2024-04-02,11676791,5.18849405,4238766,1.88346372,208000115,92.42328297,20132,0.0089455,155256,0.06898683,69,3.066e-05,958641,0.4259649,1871,0.00083136
2024-04-03,2024-04-03,11684163,5.1857393,4237819,1.8808557,208254802,92.42896663,20125,0.00893201,155261,0.06890892,69,3.062e-05,959233,0.42573287,1879,0.00083395
2024-04-04,2024-04-04,11681658,5.18453106,4237645,1.88074348,208261332,92.43014513,20149,0.00894249,155199,0.06888012,69,3.062e-05,959613,0.4258936,1878,0.00083349
2024-04-05,2024-04-05,11677941,5.18263014,4239212,1.88134774,208274458,92.43148977,20156,0.00894516,155315,0.06892826,69,3.062e-05,959442,0.42579707,1873,0.00083123
2024-04-06,2024-04-06,11680399,5.17814443,4239037,1.87924623,208514244,92.4383551,20164,0.00893909,155321,0.06885677,69,3.059e-05,960026,0.4255979,1872,0.00082989
2024-04-07,2024-04-07,11685496,5.17080717,4238667,1.87560115,208928144,92.45026009,20177,0.00892828,155331,0.06873364,69,3.053e-05,960029,0.42481079,1872,0.00082836
2024-04-08,2024-04-08,11695060,5.1665949,4238657,1.87253624,209288779,92.45872524,20214,0.00893006,155254,0.06858747,69,3.048e-05,959239,0.42376861,1872,0.000827
2024-04-09,2024-04-09,11704752,5.16170086,4237351,1.86863748,209682709,92.4683769,20203,0.00890936,155360,0.0685125,68,2.999e-05,959213,0.42300517,1877,0.00082774
2024-04-10,2024-04-10,11724087,5.15652159,4238336,1.8641171,210265988,92.47979026,20205,0.00888662,155288,0.06829921,68,2.991e-05,958408,0.42152976,1877,0.00082555
2024-04-11,2024-04-11,11750266,5.15514589,4239870,1.86014073,210806437,92.48624136,20193,0.00885919,155200,0.06809026,68,2.983e-05,958841,0.42066837,1879,0.00082437
2024-04-12,2024-04-12,11755117,5.14576084,4239417,1.85578978,211312269,92.50119742,20179,0.00883329,155113,0.06790017,68,2.977e-05,958696,0.41966578,1880,0.00082296
2024-04-13,2024-04-13,11757698,5.13518021,4238270,1.85106645,211831578,92.51754278,20180,0.00881362,155056,0.06772078,68,2.97e-05,958958,0.41882536,1880,0.00082109
2024-04-14,2024-04-14,11765226,5.1270521,4236134,1.84602316,212335571,92.53162964,20201,0.0088032,154911,0.06750714,68,2.963e-05,959509,0.41813499,1882,0.00082014
2024-04-15,2024-04-15,11784715,5.12047683,4235325,1.84025524,212991991,92.54534831,20180,0.00876824,154985,0.06734122,68,2.955e-05,959636,0.41696332,1881,0.0008173
2024-04-16,2024-04-16,11792496,5.11392664,4234777,1.83645082,213431584,92.5566108,20225,0.00877076,155030,0.06723022,68,2.949e-05,959661,0.41616601,1880,0.00081528
2024-04-17,2024-04-17,11803875,5.1078423,4236200,1.83311341,213915333,92.56670262,20200,0.00874106,154983,0.06706516,68,2.943e-05,960632,0.41569034,1885,0.00081569
2024-04-18,2024-04-18,11829250,5.10736791,4236531,1.82915421,214407576,92.57208814,20171,0.00870898,155115,0.06697207,69,2.979e-05,960877,0.41486589,1883,0.000813
2024-04-19,2024-04-19,11867454,5.11213073,4238061,1.8256251,214898899,92.57177366,20212,0.0087067,155129,0.06682476,69,2.972e-05,961304,0.41409992,1879,0.00080941
2024-04-20,2024-04-20,11866073,5.08847651,4239026,1.81780309,215951316,92.60546422,20202,0.00866314,155159,0.06653616,69,2.959e-05,961280,0.41222152,1879,0.00080576
2024-04-21,2024-04-21,11879843,5.07212237,4240188,1.81035662,216960758,92.63182301,20212,0.00862955,155047,0.06619762,69,2.946e-05,960387,0.41003912,1879,0.00080224
2024-04-22,2024-04-22,11895460,5.05702075,4241698,1.80323878,217952609,92.65643084,20224,0.00859767,155117,0.06594364,69,2.933e-05,959584,0.40794019,1879,0.0007988
2024-04-23,2024-04-23,11911884,5.03465295,4242762,1.79323726,219306073,92.69146397,20193,0.00853473,155190,0.06559229,69,2.916e-05,959869,0.4056963,1877,0.00079333
2024-04-24,2024-04-24,11899199,5.012449,4241008,1.78649305,220115762,92.72212622,20185,0.00850278,155118,0.0653423,69,2.907e-05,959699,0.40426606,1879,0.00079151
2024-04-25,2024-04-25,11894732,4.99731779,4242025,1.78219627,220748169,92.74263202,20176,0.00847652,154967,0.06510608,69,2.899e-05,960302,0.40345039,1885,0.00079194
2024-04-26,2024-04-26,11899706,4.98531495,4247186,1.77933471,221410367,92.75862892,20178,0.00845346,154941,0.06491166,70,2.933e-05,960852,0.40254355,1870,0.00078343
2024-04-27,2024-04-27,11890830,4.96921984,4246851,1.77477403,222014438,92.78061747,20172,0.00842995,154904,0.06473493,70,2.925e-05,960539,0.40141264,1871,0.0007819
2024-04-28,2024-04-28,11892463,4.96087312,4249011,1.77245071,222446139,92.79213825,20193,0.00842339,154951,0.06463693,70,2.92e-05,960503,0.40066835,1870,0.00078006
2024-04-29,2024-04-29,11888312,4.95201485,4248311,1.76961196,222795684,92.80438933,20192,0.00841087,154939,0.06453904,70,2.916e-05,960822,0.40022543,1871,0.00077936
2024-04-30,2024-04-30,11879648,4.93920854,4244067,1.76455834,223254948,92.82284668,20203,0.00839981,155040,0.06446108,70,2.91e-05,961395,0.39971979,1868,0.00077666
2024-05-01,2024-05-01,11873235,4.92911475,4243330,1.76159745,223624057,92.83642057,20186,0.00838012,154919,0.06431386,70,2.906e-05,961993,0.39936663,1873,0.00077757
2024-05-02,2024-05-02,11871369,4.92091672,4242197,1.75847437,223991175,92.84876233,20230,0.00838573,154756,0.06414942,70,2.902e-05,961371,0.39850725,1870,0.00077515
2024-05-03,2024-05-03,11873569,4.91522002,4240774,1.75552416,224314516,92.85794346,20262,0.00838772,154916,0.06412952,70,2.898e-05,961423,0.39799369,1866,0.00077246
2024-05-04,2024-05-04,11878045,4.90256569,4240293,1.75014617,225025059,92.87724828,20288,0.00837371,154874,0.06392297,70,2.889e-05,961727,0.39694493,1864,0.00076935
2024-05-05,2024-05-05,11872008,4.8876375,4239716,1.74546672,225647729,92.89787392,20294,0.00835492,154843,0.06374797,70,2.882e-05,962177,0.39612274,1864,0.0007674
2024-05-06,2024-05-06,11876263,4.88024964,4239864,1.74226478,226097753,92.90914814,20277,0.00833232,154871,0.06364032,70,2.876e-05,962634,0.39557007,1864,0.00076596
2024-05-07,2024-05-07,11873905,4.87492967,4238754,1.74025543,226318117,92.91677028,20277,0.00832489,154825,0.06356468,70,2.874e-05,962985,0.39536144,1863,0.00076487
2024-05-08,2024-05-08,11874713,4.86840704,4237981,1.7374918,226660577,92.92653625,20271,0.00831073,154742,0.06344128,70,2.87e-05,963505,0.39501877,1867,0.00076543
2024-05-09,2024-05-09,11877028,4.86006883,4237710,1.734067,227124618,92.93918286,20253,0.00828751,154748,0.06332274,70,2.864e-05,963536,0.39427804,1868,0.00076438
2024-05-10,2024-05-10,11887094,4.84923087,4237938,1.7288279,227868376,92.95681201,20260,0.00826488,154855,0.06317168,70,2.856e-05,963134,0.39290167,1869,0.00076244
2024-05-11,2024-05-11,11879338,4.83513917,4238116,1.7250019,228430040,92.97580664,20265,0.00824828,154759,0.06299015,70,2.849e-05,963157,0.39202506,1868,0.00076032
2024-05-12,2024-05-12,11877372,4.82663089,4239192,1.72268875,228823496,92.98745169,20274,0.00823879,154788,0.0629015,70,2.845e-05,962913,0.39130084,1868,0.0007591
2024-05-13,2024-05-13,11875751,4.82216252,4238135,1.72089965,229020407,92.99400295,20281,0.00823512,154651,0.06279622,70,2.842e-05,963218,0.39111579,1870,0.00075932
2024-05-14,2024-05-14,11866573,4.81740495,4239111,1.72092771,229081656,92.99897318,20264,0.00822646,154702,0.06280349,70,2.842e-05,962836,0.39087704,1869,0.00075875
2024-05-15,2024-05-15,11855926,4.80890023,4235467,1.71795423,229312496,93.01179123,20306,0.00823635,154560,0.06269132,70,2.839e-05,960622,0.38963935,1871,0.0007589
2024-05-16,2024-05-16,11846022,4.80251599,4233490,1.7163064,229446214,93.02018112,20299,0.00822945,154563,0.06266165,70,2.838e-05,960304,0.38931848,1871,0.00075853
2024-05-17,2024-05-17,11847015,4.79651081,4233490,1.71401661,229774788,93.02910934,20303,0.00822009,154709,0.06263716,70,2.834e-05,960111,0.38872094,1869,0.0007567
2024-05-18,2024-05-18,11846905,4.79367692,4232635,1.71267388,229919604,93.03360669,20323,0.0082234,154703,0.06259831,70,2.832e-05,959966,0.38843621,1869,0.00075626
2024-05-19,2024-05-19,11839435,4.78319082,4232806,1.71007475,230313026,93.04761185,20331,0.00821383,154764,0.06252543,70,2.828e-05,959394,0.38759996,1869,0.00075509
2024-05-20,2024-05-20,11835753,4.77453674,4232833,1.70752268,230688779,93.05973605,20348,0.00820837,154773,0.06243535,70,2.824e-05,958796,0.38677782,1871,0.00075476
2024-05-21,2024-05-21,11825601,4.76405924,4230854,1.70444099,231033381,93.07406133,20326,0.00818853,154834,0.06237639,70,2.82e-05,958379,0.38609237,1869,0.00075294
2024-05-22,2024-05-22,11831430,4.7596969,4231465,1.70228712,231377354,93.08140059,20374,0.00819631,154880,0.06230708,70,2.816e-05,957838,0.38533115,1871,0.00075269
2024-05-23,2024-05-23,11823298,4.74432084,4230324,1.69749712,232021133,93.10284626,20332,0.0081586,154843,0.06213367,70,2.809e-05,957614,0.38426064,1881,0.00075479
2024-05-24,2024-05-24,11833762,4.73599087,4231362,1.69343374,232669056,93.11650223,20313,0.00812947,154965,0.06201856,70,2.801e-05,957357,0.38314392,1882,0.0007532
2024-05-25,2024-05-25,11823578,4.71717073,4230036,1.68762806,233462152,93.14277193,20321,0.00810733,154564,0.06166532,70,2.793e-05,957176,0.38187786,1882,0.00075085
2024-05-26,2024-05-26,11824555,4.70262224,4230959,1.68265122,234256574,93.16377443,20367,0.00809995,154326,0.06137541,70,2.784e-05,957257,0.38070084,1881,0.00074807
2024-05-27,2024-05-27,11826401,4.69515417,4230652,1.67959495,234694726,93.17525432,20365,0.00808503,154289,0.06125368,70,2.779e-05,956869,0.3798829,1882,0.00074717
2024-05-28,2024-05-28,11827904,4.68737107,4231085,1.67676923,235143149,93.18668757,20356,0.00806704,154395,0.06118638,73,2.893e-05,956786,0.37917208,1811,0.0007177
2024-05-29,2024-05-29,11842582,4.67811085,4232232,1.67183562,235940308,93.20221852,20306,0.00802137,154727,0.06112097,73,2.884e-05,956772,0.37794845,1811,0.00071539
2024-05-30,2024-05-30,11845117,4.67006776,4232258,1.6686143,236429300,93.21485401,20186,0.00795855,154281,0.06082698,73,2.878e-05,956033,0.37692653,1834,0.00072307
2024-05-31,2024-05-31,11851706,4.65868633,4231973,1.66351028,237184114,93.23268655,20200,0.00794025,154306,0.06065483,73,2.869e-05,955979,0.37577766,1820,0.00071541
2024-06-01,2024-06-01,11857468,4.64655246,4232431,1.65855077,237966161,93.25112678,20206,0.00791807,154247,0.06044434,73,2.861e-05,956105,0.37466616,1819,0.00071281
2024-06-02,2024-06-02,11859204,4.63399521,4234110,1.6544825,238691482,93.26892299,20198,0.00789239,154249,0.06027294,73,2.852e-05,956350,0.37369467,1819,0.00071078
2024-06-03,2024-06-03,11860743,4.62171468,4238435,1.65156915,239398835,93.285312,20190,0.00786733,154323,0.06013425,73,2.845e-05,956374,0.37266533,1819,0.0007088
2024-06-04,2024-06-04,11868927,4.61368412,4238351,1.64752995,240015015,93.29853187,20224,0.00786146,154283,0.05997282,73,2.838e-05,956174,0.37168354,1821,0.00070786
2024-06-05,2024-06-05,11874657,4.6059328,4234961,1.64265341,240569899,93.31206687,20218,0.00784214,154229,0.05982223,73,2.832e-05,956346,0.37094675,1824,0.00070749
2024-06-06,2024-06-06,11872952,4.59426137,4236184,1.63919946,241187779,93.32807004,20185,0.00781062,154193,0.05966527,75,2.902e-05,956877,0.37026538,1806,0.00069884
2024-06-07,2024-06-07,11880946,4.59553905,4238766,1.63955081,241279029,93.3265078,20165,0.0077998,154128,0.05961657,75,2.901e-05,957240,0.37025956,1803,0.0006974
2024-06-08,2024-06-08,11876376,4.58788629,4239408,1.63769839,241614992,93.33673069,20178,0.00779483,154065,0.05951586,75,2.897e-05,956886,0.36964846,1803,0.00069651
2024-06-09,2024-06-09,11881850,4.5776395,4240263,1.63361727,242307575,93.35219071,20173,0.00777191,154076,0.05935981,75,2.889e-05,957001,0.36869726,1803,0.00069463
2024-06-10,2024-06-10,11885138,4.5689992,4239386,1.62974559,242867648,93.36551999,20166,0.00775241,154160,0.05926367,75,2.883e-05,957255,0.36799719,1803,0.00069313
2024-06-11,2024-06-11,11884982,4.56355361,4239008,1.62767939,243174847,93.37342291,20172,0.00774557,154166,0.05919612,75,2.88e-05,957563,0.36768167,1802,0.00069193
2024-06-12,2024-06-12,11891726,4.55586946,4235057,1.62250348,243760330,93.38764138,20191,0.00773543,154178,0.05906753,76,2.912e-05,956547,0.36646516,1797,0.00068845
2024-06-13,2024-06-13,11895560,4.54426685,4230674,1.61617541,244511251,93.40664683,20175,0.00770713,154237,0.05892065,76,2.903e-05,956950,0.36556801,1796,0.0006861
2024-06-14,2024-06-14,11894604,4.5323431,4230710,1.61207799,245179298,93.42359775,20174,0.00768714,154320,0.05880239,77,2.934e-05,957317,0.36477794,1796,0.00068435
2024-06-15,2024-06-15,11789402,4.4875838,4230184,1.61020086,245558275,93.47067287,20182,0.00768219,154481,0.05880251,77,2.931e-05,957177,0.3643452,1795,0.00068326
2024-06-16,2024-06-16,11772621,4.48224221,4231327,1.6110119,245512529,93.47507414,20211,0.00769502,154273,0.05873704,77,2.932e-05,957431,0.36452695,1795,0.00068342
2024-06-17,2024-06-17,11773900,4.48151136,4230864,1.610398,245583243,93.47659592,20240,0.00770397,154262,0.0587169,77,2.931e-05,957259,0.36436245,1792,0.00068209
2024-06-18,2024-06-18,11765802,4.47153115,4229670,1.60746383,245998063,93.49026954,20260,0.00769971,154394,0.05867663,77,2.926e-05,956858,0.36364885,1792,0.00068104
2024-06-19,2024-06-19,11771431,4.46384777,4230690,1.60432118,246570547,93.50208871,20248,0.00767825,154326,0.05852201,77,2.92e-05,956811,0.36283258,1794,0.0006803
2024-06-20,2024-06-20,11774406,4.45795491,4231094,1.60195141,246982237,93.51093169,20254,0.00766845,154385,0.05845232,77,2.915e-05,957002,0.36233435,1790,0.00067772
2024-06-21,2024-06-21,11774485,4.44968866,4230635,1.59879677,247475029,93.52314179,20085,0.00759031,154358,0.05833334,78,2.948e-05,957223,0.36174358,1789,0.00067608
2024-06-22,2024-06-22,11775007,4.44087101,4230699,1.59558194,248011579,93.53603191,20085,0.00757493,154402,0.05823176,78,2.942e-05,957205,0.36100394,1790,0.00067509
2024-06-23,2024-06-23,11775650,4.43519192,4231704,1.59383298,248363989,93.54404694,20090,0.00756672,154326,0.05812549,78,2.938e-05,957230,0.36053201,1791,0.00067456
2024-06-24,2024-06-24,11710673,4.40736337,4228154,1.59128438,248634904,93.57484146,20081,0.00755757,154353,0.05809143,78,2.936e-05,956964,0.36015762,1793,0.0006748
2024-06-25,2024-06-25,11717940,4.40403851,4228767,1.58932822,248992885,93.58080476,20089,0.00755019,154357,0.05801311,78,2.932e-05,956700,0.35956351,1789,0.00067237
2024-06-26,2024-06-26,11726879,4.40225278,4229215,1.58764097,249294988,93.58496445,20107,0.00754814,154361,0.05794689,78,2.928e-05,956172,0.35894553,1790,0.00067196
2024-06-27,2024-06-27,11731957,4.40461266,4230094,1.58813449,249261236,93.58193135,20100,0.00754629,154387,0.05796262,79,2.966e-05,956512,0.35911015,1792,0.00067278
2024-06-28,2024-06-28,11741291,4.40041933,4228988,1.58494671,249718988,93.59007129,20060,0.00751812,154428,0.05787677,79,2.961e-05,956471,0.35846769,1789,0.00067048
2024-06-29,2024-06-29,11747980,4.39509307,4230361,1.58264062,250186870,93.59860825,20044,0.00749876,154387,0.05775846,79,2.956e-05,956128,0.35770163,1790,0.00066967
2024-06-30,2024-06-30,11728383,4.38246265,4230169,1.58065759,250529921,93.61375911,20048,0.0074912,154373,0.05768348,79,2.952e-05,956070,0.35724797,1789,0.00066848
2024-07-01,2024-07-01,11734052,4.37742423,4229928,1.57798767,250962661,93.62239349,20076,0.00748941,154229,0.0575356,79,2.947e-05,955556,0.35647311,1788,0.00066702
2024-07-02,2024-07-02,11721701,4.3673419,4229780,1.57595689,251310902,93.63492825,20083,0.00748264,154371,0.05751648,79,2.943e-05,955694,0.35607822,1788,0.00066618
2024-07-03,2024-07-03,11729759,4.36591049,4230476,1.57461714,251574608,93.63808933,20047,0.00746165,154388,0.05746445,79,2.94e-05,955809,0.35575979,1794,0.00066774
2024-07-04,2024-07-04,11697655,4.34906638,4227452,1.57172265,251912452,93.65842769,20039,0.00745029,154178,0.05732178,79,2.937e-05,955687,0.35531448,1795,0.00066736
2024-07-05,2024-07-05,11705837,4.3466002,4228324,1.57005722,252244525,93.66319582,20037,0.00744012,154122,0.05722843,80,2.971e-05,955470,0.35478421,1789,0.00066429
2024-07-06,2024-07-06,11700428,4.33868593,4228783,1.56809318,252615822,93.67355738,20065,0.00744039,154080,0.05713507,80,2.967e-05,955721,0.35439501,1789,0.00066339
2024-07-07,2024-07-07,11700386,4.3302075,4229449,1.56528099,253142100,93.6856118,20068,0.00742699,154107,0.05703361,80,2.961e-05,955839,0.35374741,1789,0.00066209
2024-07-08,2024-07-08,11702693,4.32680418,4229652,1.56381749,253404983,93.69072066,20045,0.00741118,154290,0.05704521,81,2.995e-05,956134,0.35350877,1792,0.00066255
2024-07-09,2024-07-09,11712908,4.32240323,4231251,1.56145451,253904442,93.69811318,20079,0.00740973,154350,0.05695963,81,2.989e-05,956482,0.35296964,1789,0.00066019
2024-07-10,2024-07-10,11722888,4.31822949,4232399,1.55904161,254386008,93.70533633,20098,0.00740328,154388,0.05687019,80,2.947e-05,956757,0.3524299,1791,0.00065973
2024-07-11,2024-07-11,11730920,4.31324094,4233345,1.55652216,254877146,93.71358256,20133,0.00740253,154317,0.05673949,79,2.905e-05,956871,0.35182366,1794,0.00065962
2024-07-12,2024-07-12,11741277,4.30983827,4234443,1.55432535,255320718,93.71987394,20156,0.00739861,154370,0.05666417,79,2.9e-05,956811,0.35121398,1789,0.00065668
2024-07-13,2024-07-13,11743087,4.30121631,4236176,1.55161154,255905399,93.73212305,20159,0.00738377,154342,0.05653184,79,2.894e-05,956788,0.35044892,1790,0.00065563
2024-07-14,2024-07-14,11705723,4.28638235,4234835,1.5507049,256016741,93.74778808,20175,0.00738765,154367,0.05652585,79,2.893e-05,957258,0.35052716,1789,0.00065509
2024-07-15,2024-07-15,11703249,4.28361856,4228417,1.54768352,256145841,93.75439924,20190,0.00738994,154234,0.05645267,80,2.928e-05,955613,0.34977309,1786,0.00065371
2024-07-16,2024-07-16,11705368,4.28095298,4228789,1.54657648,256363259,93.75861213,20222,0.0073957,154242,0.05641025,80,2.926e-05,955283,0.34937147,1782,0.00065172
2024-07-17,2024-07-17,11709070,4.27749531,4228799,1.54484241,256667253,93.76431858,20196,0.0073779,154326,0.05637756,80,2.923e-05,955089,0.34890804,1782,0.00065099
2024-07-18,2024-07-18,11714112,4.2771445,4228349,1.54388652,256803726,93.76610397,20185,0.0073701,154320,0.05634648,81,2.958e-05,954378,0.34846966,1778,0.0006492
2024-07-19,2024-07-19,11720288,4.27574027,4230287,1.54327338,257030423,93.76862834,20218,0.00737584,154132,0.05622971,81,2.955e-05,954111,0.34807428,1778,0.00064864
2024-07-20,2024-07-20,11717942,4.26934659,4231660,1.54177442,257386834,93.77701326,20214,0.00736482,154237,0.05619512,81,2.951e-05,954125,0.34762848,1778,0.0006478
2024-07-21,2024-07-21,11719126,4.25844127,4231705,1.5376972,258116345,93.79311187,20220,0.00734745,154206,0.05603466,81,2.943e-05,954088,0.34669204,1778,0.00064608
2024-07-22,2024-07-22,11721402,4.24970386,4230382,1.53376454,258734516,93.80661729,20210,0.00732732,154217,0.05591281,81,2.937e-05,954326,0.34599981,1779,0.00064499
2024-07-23,2024-07-23,11728817,4.24136389,4232369,1.53050534,259442051,93.81919312,20212,0.00730904,153995,0.05568753,81,2.929e-05,954781,0.34526702,1783,0.00064477
2024-07-24,2024-07-24,11737532,4.23781704,4233940,1.52865722,259868887,93.82524355,20336,0.00734228,153653,0.05547617,80,2.888e-05,954969,0.34479002,1786,0.00064483
2024-07-25,2024-07-25,11740541,4.23094253,4235109,1.52620759,260385514,93.83521123,20304,0.00731696,153623,0.05536117,80,2.883e-05,955373,0.34428807,1786,0.00064362
2024-07-26,2024-07-26,11748361,4.23819955,4236386,1.52826843,260085991,93.82554136,20268,0.00731164,153510,0.05537845,80,2.886e-05,955311,0.34462668,1788,0.00064502
2024-07-27,2024-07-27,11750729,4.24291545,4235565,1.52936419,259832689,93.81955194,20293,0.00732733,153367,0.05537726,80,2.889e-05,954896,0.34479078,1784,0.00064416
2024-07-28,2024-07-28,11752725,4.23439932,4237954,1.52689606,260432431,93.83142283,20300,0.0073139,153285,0.05522718,80,2.882e-05,954977,0.34406948,1783,0.0006424
2024-07-29,2024-07-29,11754877,4.22764848,4244583,1.52656679,260917445,93.83911377,20224,0.00727357,153375,0.05516141,80,2.877e-05,955274,0.34356486,1786,0.00064234
2024-07-30,2024-07-30,11765785,4.22372317,4246167,1.52430407,261420939,93.84581448,20195,0.00724967,153568,0.05512838,82,2.944e-05,955787,0.3431118,1780,0.00063899
2024-07-31,2024-07-31,11773769,4.22054211,4247839,1.52272254,261810596,93.85122521,20221,0.00724862,153587,0.05505632,80,2.868e-05,955551,0.3425363,1786,0.00064023
2024-08-01,2024-08-01,11785275,4.22015313,4249228,1.52159308,262096190,93.85322416,20248,0.00725054,153741,0.05505265,80,2.865e-05,955230,0.34205539,1794,0.00064241
2024-08-02,2024-08-02,11792624,4.22059999,4251781,1.52171958,262230825,93.8528539,20230,0.00724035,153819,0.05505208,80,2.863e-05,955184,0.34186196,1798,0.00064351
2024-08-03,2024-08-03,11778267,4.21159225,4252154,1.52045618,262501634,93.86354097,20221,0.00723049,153936,0.05504338,80,2.861e-05,954953,0.34146557,1797,0.00064256
2024-08-04,2024-08-04,11735716,4.19357496,4250505,1.51885163,262731993,93.88317737,20219,0.00722494,153972,0.05501949,80,2.859e-05,955634,0.3414809,1797,0.00064213
2024-08-05,2024-08-05,11744377,4.19521504,4253601,1.51943103,262818631,93.8815803,20310,0.00725495,154075,0.05503721,80,2.858e-05,954096,0.34081313,1791,0.00063976
2024-08-06,2024-08-06,11756634,4.19767598,4255030,1.51924754,262931964,93.87918264,20340,0.00726234,154226,0.055066,80,2.856e-05,954769,0.34089782,1790,0.00063911
2024-08-07,2024-08-07,11754050,4.19594839,4256581,1.5195098,262986337,93.88058551,20271,0.00723632,154344,0.05509756,80,2.856e-05,955114,0.34095559,1788,0.00063828
2024-08-08,2024-08-08,11745187,4.18727503,4259212,1.51845109,263361101,93.89083055,20277,0.00722895,154350,0.0550273,80,2.852e-05,955157,0.34052289,1783,0.00063566
2024-08-09,2024-08-09,11738673,4.18199365,4259729,1.51756162,263565286,93.89718514,20251,0.00721458,154268,0.05495918,80,2.85e-05,955548,0.34042141,1785,0.00063592
2024-08-10,2024-08-10,11738564,4.17589203,4254596,1.51353552,263978141,93.90792737,20248,0.00720305,154436,0.05493926,80,2.846e-05,955301,0.33984002,1783,0.00063429
2024-08-11,2024-08-11,11741262,4.17250974,4255298,1.51221158,264267080,93.91298536,20257,0.00719876,154599,0.05494008,80,2.843e-05,955318,0.33949278,1782,0.00063327
2024-08-12,2024-08-12,11741501,4.17189687,4256026,1.51221735,264312709,93.91349238,20262,0.00719933,154641,0.05494581,80,2.842e-05,955742,0.33958666,1782,0.00063317
2024-08-13,2024-08-13,11744003,4.16918198,4257017,1.51126312,264552201,93.91740361,20168,0.00715974,154711,0.05492321,80,2.84e-05,956063,0.33940732,1782,0.00063262
2024-08-14,2024-08-14,11745784,4.16492519,4257627,1.50970748,264880024,93.92352905,20180,0.0071556,154730,0.05486555,80,2.837e-05,956479,0.33915688,1782,0.00063188
2024-08-15,2024-08-15,11750450,4.16045334,4258919,1.50794512,265289635,93.93045784,20194,0.00715004,154588,0.0547346,80,2.833e-05,956310,0.33859836,1786,0.00063236
2024-08-16,2024-08-16,11760504,4.15804125,4259374,1.50594335,265684323,93.9352918,20209,0.00714509,154645,0.05467625,80,2.828e-05,956679,0.33824322,1784,0.00063075
2024-08-17,2024-08-17,11760992,4.14914509,4237427,1.49491637,266323547,93.95593824,20200,0.00712633,154980,0.05467519,80,2.822e-05,956780,0.33754117,1784,0.00062938
2024-08-18,2024-08-18,11763849,4.1407143,4238107,1.49175582,266965899,93.96835306,20211,0.007114,154964,0.05454521,80,2.816e-05,957030,0.3368615,1784,0.00062794
2024-08-19,2024-08-19,11776975,4.14014138,4239156,1.49025579,267308592,93.97110573,20259,0.00712196,155091,0.05452153,80,2.812e-05,956347,0.33619939,1781,0.0006261
2024-08-20,2024-08-20,11796190,4.13855116,4239911,1.4875217,267862618,93.97637266,20287,0.00711745,154779,0.05430235,80,2.807e-05,956228,0.33548107,1783,0.00062554
2024-08-21,2024-08-21,11806051,4.13441468,4240573,1.48502554,268375819,93.98374838,20281,0.0071023,154809,0.05421327,80,2.802e-05,956163,0.33484307,1784,0.00062475
2024-08-22,2024-08-22,11824107,4.1312114,4241612,1.48197203,269015232,93.99092824,20282,0.00708631,154764,0.05407282,80,2.795e-05,956179,0.3340783,1783,0.00062296
2024-08-23,2024-08-23,11816006,4.11917113,4241012,1.47845678,269663891,94.00737564,20283,0.00707085,154733,0.05394138,80,2.789e-05,956180,0.33333337,1787,0.00062297
2024-08-24,2024-08-24,11803943,4.10514033,4242343,1.47538948,270361407,94.02548923,20270,0.00704944,154825,0.05384458,80,2.782e-05,955896,0.33243868,1784,0.00062043
2024-08-25,2024-08-25,11802950,4.09587399,4238960,1.47100903,270992023,94.03997977,20270,0.00703412,154852,0.05373693,80,2.776e-05,955905,0.33171931,1784,0.00061909
2024-08-26,2024-08-26,11803404,4.09059026,4237850,1.46867022,271375799,94.04805595,20279,0.00702789,154744,0.05362811,80,2.772e-05,956198,0.33138019,1788,0.00061965
2024-08-27,2024-08-27,11804115,4.08379452,4237220,1.46592403,271872581,94.05802615,20295,0.00702133,155085,0.05365377,80,2.768e-05,956553,0.33093255,1792,0.00061997
2024-08-28,2024-08-28,11811648,4.0797143,4239182,1.46420308,272336069,94.06421148,20325,0.00702021,155034,0.05354836,80,2.763e-05,957319,0.33065564,1793,0.0006193
2024-08-29,2024-08-29,11818239,4.07709312,4238393,1.4621741,272677808,94.06924455,20350,0.00702041,154965,0.05346031,80,2.76e-05,957616,0.33036137,1793,0.00061855
2024-08-30,2024-08-30,11824999,4.07477236,4238936,1.46069351,273001731,94.07357305,20331,0.00700585,155005,0.05341312,80,2.757e-05,957354,0.32989429,1800,0.00062026
2024-08-31,2024-08-31,11826470,4.06702467,4239615,1.45796834,273588534,94.0848213,20333,0.00699235,155093,0.05333519,80,2.751e-05,957314,0.32921232,1798,0.00061832
2024-09-01,2024-09-01,11827360,4.05979165,4240412,1.45553946,274126742,94.09517073,20336,0.00698042,155075,0.05323015,80,2.746e-05,957433,0.32864295,1798,0.00061717
2024-09-02,2024-09-02,11833958,4.05364383,4241195,1.45279322,274723827,94.10482487,20346,0.00696939,155031,0.05310484,80,2.74e-05,957602,0.32802021,1799,0.00061624
2024-09-03,2024-09-03,11834181,4.0454765,4240676,1.44966138,275318912,94.11687971,20370,0.00696342,155115,0.05302556,80,2.735e-05,957599,0.32735212,1796,0.00061396
2024-09-04,2024-09-04,11842227,4.04021293,4241940,1.44722279,275890032,94.12541032,20384,0.00695441,155044,0.05289637,80,2.729e-05,957480,0.32666348,1795,0.0006124
2024-09-05,2024-09-05,11854046,4.03635855,4243430,1.44490792,276449222,94.1322634,20388,0.00694221,154931,0.05275474,80,2.724e-05,957796,0.32613405,1797,0.00061189
2024-09-06,2024-09-06,11862139,4.03197914,4243679,1.44244012,276960202,94.13966211,20372,0.00692451,154947,0.05266698,80,2.719e-05,958182,0.32568914,1797,0.00061081
2024-09-07,2024-09-07,11870157,4.02714925,4245842,1.4404729,277501689,94.14708825,20390,0.00691765,154827,0.05252765,80,2.714e-05,958560,0.32520751,1797,0.00060966
2024-09-08,2024-09-08,11877331,4.01892519,4247001,1.43705512,278274818,94.1596791,20373,0.0068936,154775,0.05237112,80,2.707e-05,958834,0.32444007,1799,0.00060873
2024-09-09,2024-09-09,11883268,4.01797976,4249095,1.43670729,278484292,94.16132407,20372,0.0068882,154506,0.05224169,80,2.705e-05,958896,0.32422266,1802,0.00060929
2024-09-10,2024-09-10,11891482,4.01682104,4250671,1.4358332,278765325,94.16407664,20364,0.00687875,153275,0.05177473,80,2.702e-05,959112,0.32397823,1807,0.00061039
2024-09-11,2024-09-11,11903028,4.0173961,4251761,1.43501368,278998120,94.16477543,20368,0.00687441,153106,0.05167487,80,2.7e-05,958871,0.32362896,1806,0.00060954
2024-09-12,2024-09-12,11909403,4.01631619,4251467,1.43376085,279229946,94.16725203,20389,0.00687597,153125,0.05163974,80,2.698e-05,959320,0.3235202,1803,0.00060804
2024-09-13,2024-09-13,11916697,4.01680993,4253238,1.43365637,279366280,94.16713763,20376,0.00686822,153082,0.05159998,80,2.697e-05,959112,0.32329181,1807,0.00060909
2024-09-14,2024-09-14,11922533,4.01212257,4254907,1.43184409,279851218,94.17439968,20381,0.00685853,153073,0.05151151,80,2.692e-05,958732,0.32262861,1807,0.00060808
2024-09-15,2024-09-15,11905483,4.00046368,4255496,1.42992579,280307309,94.18846833,20378,0.00684739,153142,0.05145856,80,2.688e-05,958882,0.32220218,1807,0.00060719
2024-09-16,2024-09-16,11898503,3.99391239,4257069,1.42894956,280625756,94.19627697,20349,0.00683045,153227,0.05143296,80,2.685e-05,959180,0.32196327,1810,0.00060755
2024-09-17,2024-09-17,11888216,3.98708787,4257724,1.42796192,280887021,94.204314,20357,0.00682736,153255,0.05139889,80,2.683e-05,959432,0.32177576,1811,0.00060738
2024-09-18,2024-09-18,11876123,3.97971584,4259515,1.42737317,281145491,94.21249384,20359,0.00682235,153353,0.05138894,80,2.681e-05,959627,0.32157319,1808,0.00060586
2024-09-19,2024-09-19,11868016,3.97418004,4254501,1.42468235,281370200,94.22095764,20368,0.00682052,153299,0.05133443,80,2.679e-05,959773,0.32139413,1804,0.0006041
2024-09-20,2024-09-20,11870328,3.97224408,4252277,1.42296676,281574851,94.22520037,20323,0.00680082,153420,0.05133992,79,2.644e-05,958707,0.32081828,1803,0.00060335
2024-09-21,2024-09-21,11872863,3.96937434,4252870,1.42183339,281851557,94.22953328,20309,0.00678977,153492,0.05131595,79,2.641e-05,958725,0.32052407,1803,0.00060278
2024-09-22,2024-09-22,11856519,3.95870748,4251005,1.41934452,282263008,94.24323287,20310,0.00678119,153465,0.05123958,79,2.638e-05,958612,0.32006565,1804,0.00060233
2024-09-23,2024-09-23,11862319,3.95788197,4251670,1.41857659,282465725,94.24514714,20318,0.00677913,153287,0.05114446,79,2.636e-05,958611,0.31984211,1805,0.00060224
2024-09-24,2024-09-24,11862202,3.95615227,4250957,1.41773283,282594681,94.24789658,20298,0.00676957,153217,0.05109926,79,2.635e-05,958658,0.31972116,1805,0.00060198
2024-09-25,2024-09-25,11862626,3.95619585,4251573,1.41790321,282601388,94.24780302,20242,0.00675072,153049,0.05104197,80,2.668e-05,958540,0.3196739,1813,0.00060464
2024-09-26,2024-09-26,11869771,3.9560363,4252509,1.41730451,282786352,94.24891809,20270,0.00675572,152739,0.05090587,80,2.666e-05,958477,0.3194476,1816,0.00060525
2024-09-27,2024-09-27,11876827,3.95550123,4253278,1.41652702,282997740,94.25058639,20288,0.00675679,152615,0.05082745,80,2.664e-05,958344,0.31917034,1814,0.00060414
2024-09-28,2024-09-28,11883075,3.95219554,4254152,1.41488971,283399728,94.25600212,20297,0.00675059,152683,0.05078089,80,2.661e-05,958389,0.31875089,1815,0.00060365
2024-09-29,2024-09-29,11886564,3.9488013,4254651,1.41342539,283742370,94.26123812,20293,0.00674148,152737,0.05074032,80,2.658e-05,958510,0.31842386,1815,0.00060296
2024-09-30,2024-09-30,11894309,3.94647693,4255751,1.41203858,284106863,94.2653483,20308,0.0067381,152706,0.05066715,80,2.654e-05,958729,0.31810187,1816,0.00060254
2024-10-01,2024-10-01,11889875,3.94003034,4256728,1.41058148,284491162,94.27380953,20298,0.00672629,153043,0.05071492,80,2.651e-05,958150,0.31750881,1817,0.00060211
2024-10-02,2024-10-02,11882326,3.93580879,4255043,1.40940719,284633403,94.27974373,20317,0.00672964,153077,0.05070403,79,2.617e-05,956966,0.31697794,1819,0.00060251
2024-10-03,2024-10-03,11885148,3.93486864,4261454,1.41085847,284768403,94.27953769,20327,0.00672975,153107,0.05068981,79,2.615e-05,956544,0.31668726,1819,0.00060222
2024-10-04,2024-10-04,11894549,3.93889398,4263289,1.4117932,284687384,94.27456426,20306,0.00672436,153104,0.05070057,79,2.616e-05,956347,0.31669544,1818,0.00060203
2024-10-05,2024-10-05,11903094,3.93298669,4264229,1.4089745,285348673,94.28410239,20316,0.00671276,153181,0.05061363,79,2.61e-05,956317,0.31598356,1817,0.00060037
2024-10-06,2024-10-06,11903559,3.92524223,4260567,1.40493759,285960632,94.29656705,20351,0.00671082,153119,0.05049155,79,2.605e-05,956549,0.31542554,1817,0.00059916
2024-10-07,2024-10-07,11908346,3.9206165,4260215,1.40260194,286436160,94.30414055,20364,0.00670449,153104,0.05040684,78,2.568e-05,956481,0.31490479,1820,0.0005992
2024-10-08,2024-10-08,11911223,3.91575957,4261612,1.40098527,286881870,94.3110904,20342,0.00668734,153353,0.05041409,78,2.564e-05,956484,0.3144397,1819,0.00059799
2024-10-09,2024-10-09,11921479,3.91387683,4263746,1.39980758,287277734,94.31461204,20358,0.00668363,153367,0.0503511,78,2.561e-05,956569,0.31404604,1819,0.00059719
2024-10-10,2024-10-10,11927741,3.90795703,4264461,1.39719083,287892392,94.323904,20322,0.00665822,153387,0.0502551,78,2.556e-05,956575,0.31340838,1834,0.00060088
2024-10-11,2024-10-11,11940539,3.90544457,4266337,1.39540959,288401666,94.32880048,20430,0.00668213,153403,0.05017419,78,2.551e-05,956547,0.31286203,1839,0.00060149
2024-10-12,2024-10-12,11940591,3.89614961,4267720,1.39253372,289130636,94.34174699,20471,0.00667958,153398,0.05005293,78,2.545e-05,956841,0.31221199,1838,0.00059973
2024-10-13,2024-10-13,11920735,3.88305414,4268828,1.39052586,289671451,94.35743078,20494,0.00667571,153323,0.04994336,78,2.541e-05,957041,0.31174605,1838,0.00059871
2024-10-14,2024-10-14,11896475,3.87012741,4261228,1.38625057,290102322,94.37526215,20613,0.00670576,153319,0.0498773,78,2.537e-05,956471,0.31115642,1829,0.00059501
2024-10-15,2024-10-15,11896266,3.86567694,4260207,1.384349,290452600,94.38221361,20601,0.00669427,153166,0.0497711,78,2.535e-05,956071,0.31067409,1833,0.00059563
2024-10-16,2024-10-16,11902073,3.85953953,4258957,1.38107142,291088153,94.39248373,20613,0.00668427,153142,0.04966006,78,2.529e-05,955797,0.30994065,1835,0.00059504
2024-10-17,2024-10-17,11901535,3.85343836,4256929,1.37829393,291565827,94.40218777,20595,0.00666818,153183,0.04959707,78,2.525e-05,954965,0.30919531,1835,0.00059413
2024-10-18,2024-10-18,11895051,3.84794249,4256475,1.37693155,291845312,94.40934525,20612,0.0066678,153133,0.04953715,78,2.523e-05,955073,0.30895756,1833,0.00059296
2024-10-19,2024-10-19,11897297,3.84145591,4256479,1.37435221,292423303,94.41902859,20615,0.00665627,153189,0.04946239,78,2.519e-05,955223,0.30842695,1835,0.00059249
2024-10-20,2024-10-20,11899808,3.83531503,4256910,1.37200456,292981696,94.4281707,20624,0.00664713,153114,0.04934873,78,2.514e-05,955316,0.3078989,1830,0.00058981
2024-10-21,2024-10-21,11905709,3.8293924,4257299,1.36933201,293609279,94.43747892,20666,0.00664708,153061,0.04923106,80,2.573e-05,955434,0.30730901,1815,0.00058378
2024-10-22,2024-10-22,11917502,3.82521217,4258156,1.36675875,294244826,94.44503472,20667,0.00663358,153028,0.04911806,80,2.568e-05,955324,0.30663448,1815,0.00058257
2024-10-23,2024-10-23,11912560,3.81815354,4257865,1.36470937,294696493,94.45463084,20652,0.00661927,153048,0.04905417,80,2.564e-05,955414,0.30622447,1818,0.0005827
2024-10-24,2024-10-24,11919952,3.81425846,4260533,1.36332546,295198448,94.46037846,20623,0.00659914,153038,0.04897054,80,2.56e-05,955850,0.30586188,1814,0.00058046
2024-10-25,2024-10-25,11921793,3.81135779,4259462,1.36173591,295485092,94.46560652,20634,0.00659662,153161,0.04896507,79,2.526e-05,954451,0.30513483,1808,0.00057801
2024-10-26,2024-10-26,11925649,3.80845839,4260500,1.36059152,295819610,94.47005147,20636,0.00659011,153176,0.04891679,79,2.523e-05,954404,0.30478911,1808,0.00057739
2024-10-27,2024-10-27,11926730,3.80389448,4261125,1.35903721,296222115,94.47666451,20645,0.00658449,153194,0.04885948,79,2.52e-05,954287,0.30435895,1805,0.00057568
2024-10-28,2024-10-28,11929624,3.80106619,4260230,1.35741212,296530294,94.48170996,20666,0.00658469,153154,0.04879856,79,2.517e-05,953560,0.30382724,1808,0.00057607
2024-10-29,2024-10-29,11920433,3.79458695,4257314,1.35521488,296837132,94.49105643,20671,0.00658012,153259,0.04878637,79,2.515e-05,952402,0.30317457,1808,0.00057553
2024-10-30,2024-10-30,11893741,3.78128446,4256084,1.35310364,297265239,94.50722264,20705,0.00658258,153091,0.04867103,79,2.512e-05,951607,0.302537,1804,0.00057353
2024-10-31,2024-10-31,11886053,3.77657511,4255728,1.35217944,297461643,94.5129757,20695,0.00657546,153084,0.04863963,79,2.51e-05,951926,0.30245701,1802,0.00057255
2024-11-01,2024-11-01,11887247,3.77470654,4257865,1.35205324,297645424,94.5150824,20682,0.00656741,153233,0.048658,79,2.509e-05,952114,0.30233669,1797,0.00057062
2024-11-02,2024-11-02,11871198,3.7653057,4259056,1.35088706,298019935,94.52594074,20672,0.00655674,153315,0.04862844,79,2.506e-05,952415,0.30208692,1795,0.00056934
2024-11-03,2024-11-03,11855485,3.75934759,4250515,1.34782873,298125603,94.5349573,20685,0.00655917,153365,0.0486317,79,2.505e-05,952644,0.30208127,1795,0.00056919
2024-11-04,2024-11-04,11857725,3.7611791,4251731,1.34861635,298027789,94.53212077,20706,0.00656778,153322,0.04863256,79,2.506e-05,953018,0.30228997,1792,0.00056841
2024-11-05,2024-11-05,11866176,3.76316074,4253607,1.34896085,298075688,94.52975647,20793,0.00659415,153433,0.04865873,79,2.505e-05,953161,0.30227919,1781,0.00056481
2024-11-06,2024-11-06,11856953,3.75980614,4250211,1.34772984,298125514,94.53475432,20778,0.00658864,153273,0.04860243,79,2.505e-05,952155,0.30192565,1791,0.00056792
2024-11-07,2024-11-07,11859582,3.75948236,4248845,1.34688203,298221914,94.53621765,20789,0.0065901,153188,0.04856053,79,2.504e-05,951653,0.30167359,1794,0.0005687
2024-11-08,2024-11-08,11865552,3.75866882,4249024,1.34596975,298443512,94.53840176,20720,0.00656351,153048,0.04848125,77,2.439e-05,951227,0.30132161,1796,0.00056892
2024-11-09,2024-11-09,11872959,3.75660495,4228303,1.33783533,298827957,94.54918378,20731,0.00655929,153259,0.04849116,77,2.436e-05,950483,0.30073288,1796,0.00056825
2024-11-10,2024-11-10,11855070,3.74806923,4226097,1.33611224,299091248,94.55993964,20747,0.00655932,153201,0.04843564,77,2.434e-05,949818,0.30029208,1795,0.0005675
2024-11-11,2024-11-11,11832342,3.73943555,4216309,1.33250169,299247247,94.57263766,20774,0.00656531,153294,0.04844629,76,2.402e-05,948694,0.29982062,1800,0.00056886
2024-11-12,2024-11-12,11808467,3.72974275,4205274,1.32824949,299466442,94.5874508,20856,0.00658744,152798,0.04826175,76,2.4e-05,947002,0.29911367,1805,0.00057012
2024-11-13,2024-11-13,11811840,3.7261018,4201622,1.32542189,299868068,94.59482591,20887,0.0065889,152789,0.04819803,76,2.397e-05,945529,0.29827168,1800,0.00056782
2024-11-14,2024-11-14,11804479,3.72011374,4196429,1.32248049,300194019,94.60442056,20873,0.00657801,152863,0.0481739,76,2.395e-05,944459,0.29764083,1804,0.00056852
2024-11-15,2024-11-15,11780467,3.70932523,4193103,1.32028575,300496761,94.61765971,20938,0.00659277,152896,0.04814249,77,2.425e-05,944522,0.29740241,1802,0.0005674
2024-11-16,2024-11-16,11769644,3.70235006,4191644,1.31855589,300814753,94.62661054,20948,0.00658956,152851,0.04808199,77,2.422e-05,944855,0.29722088,1802,0.00056685
2024-11-17,2024-11-17,11769470,3.69815083,4191441,1.31701606,301171499,94.63277687,20967,0.00658816,152803,0.04801308,77,2.419e-05,944781,0.29686491,1801,0.0005659
2024-11-18,2024-11-18,11770467,3.69283097,4188721,1.31415675,301660046,94.64191705,20960,0.00657593,152587,0.04787219,76,2.384e-05,943653,0.29605886,1799,0.00056441
2024-11-19,2024-11-19,11774333,3.68682724,4189141,1.31172094,302280248,94.65122597,20981,0.00656966,152415,0.04772481,75,2.348e-05,943222,0.29534553,1796,0.00056237
2024-11-20,2024-11-20,11775972,3.6816272,4187484,1.30917049,302777704,94.6600953,20998,0.00656479,152111,0.04755582,75,2.345e-05,941665,0.29440113,1797,0.00056181
2024-11-21,2024-11-21,11764539,3.67613121,4184123,1.30743628,302960969,94.66790599,21079,0.00658667,151987,0.04749223,76,2.375e-05,940440,0.29386454,1790,0.00055933
2024-11-22,2024-11-22,11753832,3.66919779,4178464,1.30439255,303291511,94.67861568,21179,0.00661146,151822,0.04739433,76,2.372e-05,939262,0.29320974,1777,0.00055473
2024-11-23,2024-11-23,11711854,3.65465932,4169095,1.3009573,303469035,94.69687187,21173,0.00660699,151990,0.04742816,75,2.34e-05,938632,0.29289813,1778,0.00055482
2024-11-24,2024-11-24,11706549,3.65126852,4167823,1.29994253,303628506,94.70162437,21144,0.00659481,151969,0.04739908,75,2.339e-05,938098,0.29259244,1779,0.00055487
2024-11-25,2024-11-25,11700597,3.64773465,4166309,1.29887302,303784492,94.70672464,21171,0.00660019,151927,0.0473642,75,2.338e-05,937024,0.29212312,1786,0.0005568
2024-11-26,2024-11-26,11649270,3.6292136,4161745,1.29655005,304063813,94.72804095,21158,0.00659156,151707,0.0472628,75,2.337e-05,936508,0.2917597,1791,0.00055797
2024-11-27,2024-11-27,11652729,3.62751843,4161535,1.29549438,304306036,94.73109295,21214,0.00660396,151595,0.04719183,75,2.335e-05,936446,0.29151756,1791,0.00055754
2024-11-28,2024-11-28,11658307,3.62524271,4162104,1.29423914,304655734,94.7351086,21203,0.00659324,151478,0.04710328,75,2.332e-05,936244,0.29113247,1792,0.00055724
2024-11-29,2024-11-29,11622121,3.61276277,4160805,1.2933957,304802708,94.74861552,21222,0.00659691,151377,0.04705588,75,2.331e-05,936115,0.29099348,1790,0.00055643
