start_time,date,outflow_mean,outflow_mean_ma7,outflow_top10,outflow_total
2021-01-01,2021-01-01,17.98755004,19.38742003,4314.39752923,13580.60028026
2021-01-02,2021-01-02,20.12384479,20.44759837,4547.07416537,18433.44182689
2021-01-03,2021-01-03,17.42572952,20.2418876,3881.97233793,17059.78919645
2021-01-04,2021-01-04,25.51662089,21.33398131,6707.83095706,26869.00179737
2021-01-05,2021-01-05,18.71793423,21.24996997,3448.9262128,18306.13967938
2021-01-06,2021-01-06,29.22634022,22.1425942,6685.61883116,31593.67377272
2021-01-07,2021-01-07,25.1963516,22.02776733,7626.94039334,28270.30649688
2021-01-08,2021-01-08,16.96686152,21.88195468,5393.57487508,18493.8790569
2021-01-09,2021-01-09,14.49861619,21.0783506,2945.9972276,12976.26148726
2021-01-10,2021-01-10,13.45709318,20.51140255,3240.5281262,12891.89526689
2021-01-11,2021-01-11,26.44444323,20.6439486,6284.19170478,28797.99868241
2021-01-12,2021-01-12,18.71987006,20.64422514,6808.17185723,20891.37498297
2021-01-13,2021-01-13,20.09457054,19.33968662,4731.06351711,19130.03115338
2021-01-14,2021-01-14,23.85756248,19.14843103,9547.73499632,27746.34516732
2021-01-15,2021-01-15,15.48410874,18.9366092,3244.57080105,14013.11841103
2021-01-16,2021-01-16,13.23936512,18.75671619,3315.14120829,11319.65717609
2021-01-17,2021-01-17,11.9902414,18.54716594,4050.3732446,10599.37339542
2021-01-18,2021-01-18,12.37171479,16.53677616,2897.06353625,11159.28673715
2021-01-19,2021-01-19,33.75405669,18.68451711,10000.00314523,32943.95933267
2021-01-20,2021-01-20,20.43485987,18.73312987,9496.19411902,20945.73136269
2021-01-21,2021-01-21,27.1935116,19.20969403,9147.08906356,26839.99594765
2021-01-22,2021-01-22,22.89102489,20.26782491,6267.86333327,23852.44793356
2021-01-23,2021-01-23,12.12972304,20.10930461,2355.19021181,10176.83763199
2021-01-24,2021-01-24,9.72541696,19.78575826,1940.07569592,7906.76398676
2021-01-25,2021-01-25,16.9575634,20.44087949,4535.32241296,15855.32177873
2021-01-26,2021-01-26,15.62213199,17.85060454,3168.07833841,14341.1171638
2021-01-27,2021-01-27,21.08931622,17.9440983,5776.32951746,20772.97648092
2021-01-28,2021-01-28,22.9737997,17.34128231,4880.19982008,22996.77349481
2021-01-29,2021-01-29,28.85069471,18.19266372,9490.78201725,37101.99340094
2021-01-30,2021-01-30,11.69395225,18.13041075,3736.54743131,12664.55028661
2021-01-31,2021-01-31,12.72769865,18.55930813,3976.26998047,12027.67522111
2021-02-01,2021-02-01,14.65102891,18.2298032,5203.40053671,16204.03797247
2021-02-02,2021-02-02,16.86493771,18.40734688,4091.26702,19816.30180378
2021-02-03,2021-02-03,18.33380658,18.01370264,5210.27143614,21707.22699151
2021-02-04,2021-02-04,18.78893733,17.41586516,6416.7711276,24218.94022409
2021-02-05,2021-02-05,15.13168558,15.45600672,6215.43678418,17673.80875444
2021-02-06,2021-02-06,8.7467813,15.03498229,2488.76196074,9910.10321206
2021-02-07,2021-02-07,12.95716094,15.06776262,4710.56368076,13812.33356218
2021-02-08,2021-02-08,17.64255734,15.49512383,7453.63818495,22582.4733957
2021-02-09,2021-02-09,19.98698164,15.9411301,9905.81704333,27362.17787149
2021-02-10,2021-02-10,17.51244721,15.82379305,7213.48639521,22118.22082143
2021-02-11,2021-02-11,14.66655489,15.23488127,5446.27188826,16323.875594
2021-02-12,2021-02-12,13.82161378,15.04772816,5360.21917807,17138.80108595
2021-02-13,2021-02-13,9.65703423,15.17776429,3353.03514172,11009.01902627
2021-02-14,2021-02-14,9.22238749,14.64422523,3413.40242834,10199.9605639
2021-02-15,2021-02-15,13.48307711,14.05001376,5684.67811099,16152.72637499
2021-02-16,2021-02-16,10.3999741,12.68044126,3970.07285985,12604.76861474
2021-02-17,2021-02-17,12.53586417,11.96950082,4603.4678717,15005.4294106
2021-02-18,2021-02-18,14.34306822,11.92328844,4614.762084,17197.3387964
2021-02-19,2021-02-19,14.35597066,11.99962514,4619.3862616,18318.21855977
2021-02-20,2021-02-20,15.97079399,12.90159082,7265.39239542,21001.59410332
2021-02-21,2021-02-21,7.81819936,12.70099252,2714.38558511,9076.92945874
2021-02-22,2021-02-22,22.26049186,13.95490891,7174.7951062,26067.03596332
2021-02-23,2021-02-23,22.19560258,15.63999869,15517.18813549,35468.57292684
2021-02-24,2021-02-24,16.08277709,16.14670054,5562.9750962,20569.8718997
2021-02-25,2021-02-25,12.5968133,15.89723555,4089.73628343,15229.54727773
2021-02-26,2021-02-26,15.45573729,16.05434507,7290.62131767,20339.75027202
2021-02-27,2021-02-27,8.9414313,15.0501504,3465.87402021,9889.223017
2021-02-28,2021-02-28,10.25702029,15.39855339,2859.35839236,11498.11974911
2021-03-01,2021-03-01,16.10649761,14.51941135,6389.892666,19778.77906061
2021-03-02,2021-03-02,12.34026359,13.11150578,5291.69781806,14635.55261336
2021-03-03,2021-03-03,11.32172179,12.43135502,3873.75104138,15657.9412347
2021-03-04,2021-03-04,12.9806511,12.486189,5153.18393727,15317.16829493
2021-03-05,2021-03-05,15.34025562,12.46969161,8181.48515078,17349.82911043
2021-03-06,2021-03-06,7.66527084,12.28738298,2479.56789502,7274.34202786
2021-03-07,2021-03-07,10.67449077,12.34702162,4750.81838629,11389.68164659
2021-03-08,2021-03-08,14.86495675,12.16965864,6579.13533013,17793.35323537
2021-03-09,2021-03-09,12.27547458,12.16040306,7277.60338343,16903.32850029
2021-03-10,2021-03-10,11.43538825,12.17664113,4715.07191921,15117.58327147
2021-03-11,2021-03-11,11.98360316,12.03420571,3737.90145704,14823.7171037
2021-03-12,2021-03-12,11.20664005,11.4436892,3905.16542825,13560.03445525
2021-03-13,2021-03-13,9.29242753,11.67614016,4381.01998671,10955.77205206
2021-03-14,2021-03-14,6.71693253,11.11077469,2840.92296627,7590.13375767
2021-03-15,2021-03-15,16.69903458,11.37278581,8894.12057889,21641.94881231
2021-03-16,2021-03-16,13.61066622,11.56352747,6565.26410488,18115.79673776
2021-03-17,2021-03-17,16.67335408,12.31180831,9524.89468548,19757.9245904
2021-03-18,2021-03-18,8.98762142,11.88381092,3418.09246904,12690.52144184
2021-03-19,2021-03-19,13.43348863,12.20193214,8250.58325044,16227.65426784
2021-03-20,2021-03-20,11.04546828,12.45236653,6531.30142616,11995.37855488
2021-03-21,2021-03-21,4.73824926,12.1696975,1306.60228514,4923.04097877
2021-03-22,2021-03-22,11.1139219,11.37182426,4853.33174065,14236.93395881
2021-03-23,2021-03-23,11.18371578,11.02511705,3788.33947928,13823.07270725
2021-03-24,2021-03-24,13.1412727,10.520534,4958.50917642,17333.33868824
2021-03-25,2021-03-25,13.65379575,11.18713033,7484.23243665,19429.35135614
2021-03-26,2021-03-26,13.80050494,11.23956123,6695.49701309,18009.65894292
2021-03-27,2021-03-27,7.19101063,10.68892442,2570.10195903,7615.28026085
2021-03-28,2021-03-28,5.96568191,10.86427194,2089.16032387,6269.93168717
2021-03-29,2021-03-29,11.96487453,10.98583661,6547.27487819,14788.58492361
2021-03-30,2021-03-30,9.29065308,10.71539908,2917.37652756,11538.99112064
2021-03-31,2021-03-31,10.29547044,10.3088559,4439.6271845,14012.13526313
2021-04-01,2021-04-01,11.80714141,10.04504813,3482.15944653,14534.59107125
2021-04-02,2021-04-02,8.90034713,9.34502559,4008.34053689,11570.45126812
2021-04-03,2021-04-03,7.17122235,9.34219869,1700.25187917,8383.15892627
2021-04-04,2021-04-04,9.91330456,9.90614479,5486.61542618,10270.18352577
2021-04-05,2021-04-05,10.8166542,9.74211331,4749.48473119,13639.80095086
2021-04-06,2021-04-06,30.88200234,12.82659178,30414.24048445,39652.49100539
2021-04-07,2021-04-07,9.28976073,12.68291896,3419.73818727,13767.42540742
2021-04-08,2021-04-08,15.93656399,13.27283647,8982.23981568,18072.06356722
2021-04-09,2021-04-09,7.60309481,13.08751471,3333.43451942,11070.10604661
2021-04-10,2021-04-10,7.40833688,13.12138822,2491.31796889,9623.42960728
2021-04-11,2021-04-11,7.06087025,12.7138976,3208.65212489,8112.93991677
2021-04-12,2021-04-12,7.25193307,12.20465172,2480.29381173,11073.70179909
2021-04-13,2021-04-13,12.23191845,9.54035403,6425.79086385,18714.83523006
2021-04-14,2021-04-14,11.76035808,9.8932965,6127.40918901,19286.98725566
2021-04-15,2021-04-15,9.70654819,9.00329425,5621.36888203,16141.98963559
2021-04-16,2021-04-16,21.17237407,10.94176271,15791.32453732,29662.49606581
2021-04-17,2021-04-17,8.39217367,11.08231083,2391.91088337,9885.98058403
2021-04-18,2021-04-18,17.53221548,12.57821729,12849.65981767,36659.86256382
2021-04-19,2021-04-19,22.17796372,14.71050738,15184.60616353,29962.42898315
2021-04-20,2021-04-20,9.75760451,14.35703396,3887.82100682,17231.92956727
2021-04-21,2021-04-21,10.82211925,14.22299984,4095.42907513,17034.01569381
2021-04-22,2021-04-22,9.61343991,14.20969866,5195.30548277,17554.14126819
2021-04-23,2021-04-23,18.07280863,13.7669036,11115.10846063,34211.82674372
2021-04-24,2021-04-24,8.04690389,13.71757934,4309.96076977,12231.29391477
2021-04-25,2021-04-25,7.36896019,12.26568573,3978.32131959,10788.1577248
2021-04-26,2021-04-26,12.76020906,10.92029221,5609.0935683,20543.93658639
2021-04-27,2021-04-27,11.09207973,11.11093152,5117.27988702,18512.68107382
2021-04-28,2021-04-28,8.54064241,10.78500626,3132.64496877,12896.37003556
2021-04-29,2021-04-29,8.09845395,10.56857969,3125.47656848,13143.79076136
2021-04-30,2021-04-30,8.09910388,9.14376473,4045.47943932,13655.08913989
2021-05-01,2021-05-01,5.8918997,8.83590699,3199.61459856,9026.39033637
2021-05-02,2021-05-02,4.8190356,8.47163205,2009.94143432,6409.31734839
2021-05-03,2021-05-03,6.99517606,7.6480559,3407.82035351,11339.18040049
2021-05-04,2021-05-04,7.28619309,7.10435781,2006.82813216,12969.42369214
2021-05-05,2021-05-05,12.51019238,7.67143638,5979.50329167,20917.04165337
2021-05-06,2021-05-06,11.96139347,8.22328488,7683.36006812,20992.24554382
2021-05-07,2021-05-07,9.62469858,8.44122698,4649.51883295,17343.7068381
2021-05-08,2021-05-08,7.07541143,8.61030009,3345.39174169,11723.95674234
2021-05-09,2021-05-09,8.82530349,9.18262407,4662.62693513,13255.60584459
2021-05-10,2021-05-10,9.31919434,9.51462668,4067.27948673,18032.64104078
2021-05-11,2021-05-11,11.05370274,10.05284235,5067.1708799,19056.58352818
2021-05-12,2021-05-12,13.79522175,10.23641797,8352.56473425,24238.20461255
2021-05-13,2021-05-13,18.24550959,11.13414885,11035.17613897,37713.46832186
2021-05-14,2021-05-14,16.24875941,12.08044325,12203.37738671,29491.4983288
2021-05-15,2021-05-15,8.71555203,12.31474905,3022.725052,13726.99444978
2021-05-16,2021-05-16,11.11771479,12.64223638,7332.19460026,17365.87049882
2021-05-17,2021-05-17,12.4636873,13.09144966,9492.95387539,35384.40823563
2021-05-18,2021-05-18,13.78206408,13.48121556,8713.26004324,27812.20531475
2021-05-19,2021-05-19,26.19241329,15.25224293,11340.56977589,58749.58301632
2021-05-20,2021-05-20,18.44380547,15.28057091,12154.12951623,45058.21675241
2021-05-21,2021-05-21,18.69734921,15.63036945,12045.92799825,36310.25215927
2021-05-22,2021-05-22,12.82195448,16.21699837,5756.73568713,20066.35875961
2021-05-23,2021-05-23,12.36825744,16.39564732,4852.29029484,20976.56461157
2021-05-24,2021-05-24,22.39599322,17.81454817,8054.31174006,39215.38412243
2021-05-25,2021-05-25,16.99394545,18.27338837,10502.05037712,28549.82835414
2021-05-26,2021-05-26,10.83445099,16.07939375,5605.74342622,18451.07004272
2021-05-27,2021-05-27,9.77046606,14.84034526,2444.70638421,14919.50167416
2021-05-28,2021-05-28,15.18062682,14.33795635,8813.00225302,24911.40861871
2021-05-29,2021-05-29,9.5183805,13.86601721,4073.13272144,12611.85416285
2021-05-30,2021-05-30,9.2446428,13.41978655,2677.38521531,11324.68742865
2021-05-31,2021-05-31,10.84481485,11.76961821,2971.14448961,15269.4993045
2021-06-01,2021-06-01,8.71258355,10.58656651,2597.95633183,12241.1798832
2021-06-02,2021-06-02,12.35764066,10.80416503,7874.8357596,18598.24918632
2021-06-03,2021-06-03,9.08848257,10.70673882,3168.45549916,13360.06938443
2021-06-04,2021-06-04,11.9885539,10.2507284,4365.72145076,17695.10555887
2021-06-05,2021-06-05,6.20835673,9.77786787,2224.96053549,8524.07378848
2021-06-06,2021-06-06,6.63575307,9.40516933,2336.63039626,7352.4144063
2021-06-07,2021-06-07,9.58256913,9.22484852,4541.85911949,13444.34448372
2021-06-08,2021-06-08,11.25829871,9.58852211,3698.85215347,18305.99370643
2021-06-09,2021-06-09,14.61921493,9.91160415,4691.26255853,16651.28580258
2021-06-10,2021-06-10,7.60370867,9.69949359,4211.46496118,15321.47296734
2021-06-11,2021-06-11,6.79628762,8.95774127,2559.63613341,9711.89500346
2021-06-12,2021-06-12,6.44034971,8.99088312,2185.81575264,9177.49834125
2021-06-13,2021-06-13,7.50713578,9.11536636,2411.42050997,9331.36977009
2021-06-14,2021-06-14,7.73172173,8.85095959,3744.23452089,11968.70523342
2021-06-15,2021-06-15,7.64149034,8.33427268,3919.44405849,12035.3472844
2021-06-16,2021-06-16,9.7299714,7.63580932,5246.67438067,14809.01647676
2021-06-17,2021-06-17,12.41570239,8.323237,7120.08640234,17568.21888396
2021-06-18,2021-06-18,21.06633637,10.36181539,17983.0372023,29556.06992647
2021-06-19,2021-06-19,5.98003665,10.29605638,2212.02142055,7415.24545078
2021-06-20,2021-06-20,8.04395091,10.37274426,3601.01282988,9741.22454945
2021-06-21,2021-06-21,10.7829086,10.80862809,4645.21623002,16810.5545106
2021-06-22,2021-06-22,17.95021023,12.28130236,9168.8951129,27535.62248641
2021-06-23,2021-06-23,10.31611113,12.36503661,6191.23167743,19053.85726552
2021-06-24,2021-06-24,7.53371917,11.66761044,3260.80428322,10652.67890844
2021-06-25,2021-06-25,13.52945103,10.59091253,10195.77069133,20185.94093126
2021-06-26,2021-06-26,12.77077302,11.56101773,5398.29842075,16563.69261251
2021-06-27,2021-06-27,10.79466553,11.95397696,2894.07873436,11647.44411217
2021-06-28,2021-06-28,10.37185121,11.89525447,4107.87076646,15806.701242
2021-06-29,2021-06-29,8.49091052,10.54392594,3701.72505303,11785.38380482
2021-06-30,2021-06-30,8.90575967,10.34244716,3175.58724044,12957.88031306
2021-07-01,2021-07-01,7.14634248,10.28710764,2768.07480238,10397.92831315
2021-07-02,2021-07-02,7.6111509,9.44163619,2799.81116769,11005.72419757
2021-07-03,2021-07-03,5.65166565,8.42462085,1304.75559697,7347.16534055
2021-07-04,2021-07-04,4.31590973,7.49908431,1975.5260707,5122.98485177
2021-07-05,2021-07-05,3.85773141,6.56849577,1649.6679638,8575.73692606
2021-07-06,2021-07-06,5.09465874,6.08331694,2883.81582587,10326.87326706
2021-07-07,2021-07-07,13.29127021,6.70981845,8167.35776868,18302.07908193
2021-07-08,2021-07-08,7.96019277,6.82608277,2336.14765671,10555.21560948
2021-07-09,2021-07-09,8.16357179,6.90500004,3892.2318101,11061.63976905
2021-07-10,2021-07-10,3.97750613,6.6658344,1124.49049422,5031.54525417
2021-07-11,2021-07-11,5.58736453,6.8474708,1419.00752896,5956.13059003
2021-07-12,2021-07-12,8.69799674,7.53893727,5317.97215323,11646.61763835
2021-07-13,2021-07-13,6.27981681,7.70824557,2097.02558083,8948.7389481
2021-07-14,2021-07-14,7.63105751,6.89964375,2722.81344431,9943.26793698
2021-07-15,2021-07-15,9.7367267,7.15343432,4324.40618121,13018.00359823
2021-07-16,2021-07-16,8.78841421,7.24269752,3146.83035162,11407.36164533
2021-07-17,2021-07-17,6.69738166,7.63125117,2703.27905073,8063.64751938
2021-07-18,2021-07-18,6.94046009,7.82455053,3582.58249157,7905.18404788
2021-07-19,2021-07-19,9.15319428,7.88957875,3739.48056081,11981.53130745
2021-07-20,2021-07-20,9.54928751,8.35664599,3682.77648721,14448.07199602
2021-07-21,2021-07-21,9.1916599,8.57958919,3287.6774414,13759.91487049
2021-07-22,2021-07-22,7.67226541,8.28466615,4280.22123528,11193.83524031
2021-07-23,2021-07-23,7.08835563,8.04180064,2254.94999216,9654.34036277
2021-07-24,2021-07-24,5.72063336,7.90226517,1764.77233352,7602.72174113
2021-07-25,2021-07-25,9.00910724,8.19778619,5843.58968671,10693.81029896
2021-07-26,2021-07-26,17.55563719,9.39813518,6640.61648465,26175.45504479
2021-07-27,2021-07-27,10.07439202,9.47315011,5569.13467547,16854.45784509
2021-07-28,2021-07-28,40.22595527,13.90662087,45239.89624198,57241.53435602
2021-07-29,2021-07-29,26.10886337,16.54042058,25894.51049591,35586.38077661
2021-07-30,2021-07-30,13.26200973,17.42237117,6316.98322282,17121.25456028
2021-07-31,2021-07-31,5.74333716,17.42561457,1429.95536486,7018.35801554
2021-08-01,2021-08-01,13.79568391,18.10941124,2363.84850928,5435.49945932
2021-08-02,2021-08-02,7.26124562,16.63878387,2599.74353547,8698.97225724
2021-08-03,2021-08-03,16.21219466,17.51561282,9566.77131968,20800.24574891
2021-08-04,2021-08-04,7.44436843,12.83252898,3181.69548656,8933.24211959
2021-08-05,2021-08-05,11.24809146,10.70956157,4069.68421334,15331.1486572
2021-08-06,2021-08-06,15.21558875,10.98864428,11496.62415995,20328.02656685
2021-08-07,2021-08-07,8.91904736,11.44231717,3131.5498121,12067.47107462
2021-08-08,2021-08-08,8.89993721,10.74292478,3238.54091792,10893.52314903
2021-08-09,2021-08-09,16.07404742,12.00189647,13440.82132098,20558.70664813
2021-08-10,2021-08-10,6.7016647,10.64324933,2039.76272234,9884.95543304
2021-08-11,2021-08-11,18.37358545,12.20456605,18063.64903941,25098.31772763
2021-08-12,2021-08-12,6.07468427,11.46550788,2535.47610555,8486.3339267
2021-08-13,2021-08-13,7.57930375,10.37461002,3221.50345423,9299.80569701
2021-08-14,2021-08-14,5.7732239,9.92520667,1382.86166419,7505.19106437
2021-08-15,2021-08-15,6.08527066,9.52311145,2126.1364962,6815.50313854
2021-08-16,2021-08-16,7.05756114,8.23504198,3805.42722194,10487.53585867
2021-08-17,2021-08-17,7.35140765,8.3278624,3959.64376831,9975.86017871
2021-08-18,2021-08-18,9.81921183,7.10580903,6474.17094781,13324.67045674
2021-08-19,2021-08-19,7.51443812,7.31148815,2826.06893161,10467.61230809
2021-08-20,2021-08-20,12.39864966,7.99996614,6951.78040291,17519.29196938
2021-08-21,2021-08-21,15.52541987,9.39313699,10196.8999,21704.53698306
2021-08-22,2021-08-22,5.41802248,9.29781582,2118.86831614,5596.81722576
2021-08-23,2021-08-23,7.4352815,9.35177587,2403.34086649,10803.46401693
2021-08-24,2021-08-24,5.32232958,9.06190758,1841.75011218,7041.44203383
2021-08-25,2021-08-25,10.7328872,9.19243263,8320.81576708,14714.7883551
2021-08-26,2021-08-26,7.87627598,9.24412375,3561.02811785,10924.39478268
2021-08-27,2021-08-27,7.8965976,8.60097346,3007.07176449,10210.30070225
2021-08-28,2021-08-28,4.99008584,7.09592574,2489.65417593,5788.4995768
2021-08-29,2021-08-29,6.15676806,7.20146082,1335.53188095,5916.65410413
2021-08-30,2021-08-30,9.06624335,7.43445537,2448.34147375,10752.5646127
2021-08-31,2021-08-31,8.88042097,7.94275414,3440.86632274,12903.2516673
2021-09-01,2021-09-01,9.43526343,7.75737932,5569.53974917,15530.44360146
2021-09-02,2021-09-02,6.91560164,7.62014013,3086.35478304,11127.20304381
2021-09-03,2021-09-03,7.2529348,7.5281883,3559.4966673,11815.03078737
2021-09-04,2021-09-04,5.47161001,7.59697747,2597.71996141,6976.30276767
2021-09-05,2021-09-05,3.8351058,7.26531143,838.61037724,4632.80781016
2021-09-06,2021-09-06,9.87083942,7.38025372,5882.49292312,13888.27105693
2021-09-07,2021-09-07,10.00393417,7.54075561,5176.09179669,16766.59366908
2021-09-08,2021-09-08,10.39630119,7.67804672,3792.39644149,15750.39630097
2021-09-09,2021-09-09,10.81451102,8.23503377,4392.87993085,15032.1703215
2021-09-10,2021-09-10,9.94909565,8.62019961,6869.923692,13749.65018744
2021-09-11,2021-09-11,7.33385932,8.88623522,3716.24768184,9343.33677616
2021-09-12,2021-09-12,5.97598884,9.19207566,1767.88761455,6477.971898
2021-09-13,2021-09-13,13.50467669,9.71119527,7465.09757461,17934.21064103
2021-09-14,2021-09-14,9.77629466,9.67867534,3505.91193754,12885.15636047
2021-09-15,2021-09-15,7.6488853,9.28618735,3225.61077138,10555.46170811
2021-09-16,2021-09-16,6.5356151,8.67491651,2788.94415706,9176.00360012
2021-09-17,2021-09-17,5.19162847,7.99527834,2419.29720844,7372.11242983
2021-09-18,2021-09-18,4.47209004,7.58645416,2114.44283576,5536.44747542
2021-09-19,2021-09-19,3.8869651,7.28802219,1170.81101861,4170.71355392
2021-09-20,2021-09-20,7.25810713,6.39565511,2890.09878174,11199.259298
2021-09-21,2021-09-21,8.21541062,6.17267168,3039.38937352,11854.83752006
2021-09-22,2021-09-22,8.10409673,6.23770188,2782.68778646,12164.24918829
2021-09-23,2021-09-23,8.28204645,6.48719208,3374.16500458,11578.30094311
2021-09-24,2021-09-24,10.62938681,7.2640147,3598.76677291,15359.4639345
2021-09-25,2021-09-25,5.53744759,7.41620863,2018.84460157,6650.47455188
2021-09-26,2021-09-26,6.43973788,7.78089046,2307.15332782,7817.8417893
2021-09-27,2021-09-27,6.82183593,7.718566,2059.6776949,9284.51869444
2021-09-28,2021-09-28,7.35459035,7.59559168,2002.68518249,9362.39351506
2021-09-29,2021-09-29,5.06302456,7.1611528,2160.52781931,6713.57056381
2021-09-30,2021-09-30,6.12925867,6.85361168,2885.87819373,9592.28981213
2021-10-01,2021-10-01,8.17155758,6.50249322,2136.41530637,11154.17609963
2021-10-02,2021-10-02,5.64428692,6.51775598,1975.00021199,7935.86741497
2021-10-03,2021-10-03,7.12055219,6.61501517,3467.74854257,8395.13102743
2021-10-04,2021-10-04,8.76623739,6.89278681,2524.71836582,8722.40620252
2021-10-05,2021-10-05,10.20192986,7.2995496,5025.06042019,14690.77900186
2021-10-06,2021-10-06,11.2358143,8.1813767,3633.13463315,13629.04274333
2021-10-07,2021-10-07,7.32114315,8.35164591,3003.13170375,13954.09884539
2021-10-08,2021-10-08,7.64105966,8.2758605,4364.36935915,11278.20405361
2021-10-09,2021-10-09,5.81836302,8.30072851,2183.56464906,6801.66636954
2021-10-10,2021-10-10,4.64580042,7.94719254,1446.28802347,5152.19266312
2021-10-11,2021-10-11,5.23031021,7.44206009,2194.41987475,7369.5070808
2021-10-12,2021-10-12,6.91711041,6.97280017,2704.95545815,9988.30743261
2021-10-13,2021-10-13,8.20596406,6.53996442,3555.16064785,11521.1735374
2021-10-14,2021-10-14,7.37915042,6.54825117,2926.00307173,10161.09012447
2021-10-15,2021-10-15,10.86840604,7.00930065,7573.08437144,17237.29198108
2021-10-16,2021-10-16,6.08982856,7.04808145,3280.85080199,9006.85643778
2021-10-17,2021-10-17,5.66534836,7.19373115,3741.0231783,6503.81991802
2021-10-18,2021-10-18,6.67694702,7.40039355,2092.75362245,9154.09436261
2021-10-19,2021-10-19,20.20434139,9.29856941,20976.0018784,29518.54277129
2021-10-20,2021-10-20,8.23222167,9.30232049,4084.86405035,11245.21480803
2021-10-21,2021-10-21,12.93079063,10.09541195,7600.63235874,22111.65197403
2021-10-22,2021-10-22,9.4796818,9.89702278,3156.40422094,13262.0748342
2021-10-23,2021-10-23,5.4198922,9.80131758,2033.21358922,5869.74324731
2021-10-24,2021-10-24,5.5371772,9.78300742,1924.86048067,5797.42452682
2021-10-25,2021-10-25,5.51436246,9.61692391,1546.14879835,7262.4153598
2021-10-26,2021-10-26,7.10991015,7.74629087,2710.8887075,9505.94987713
2021-10-27,2021-10-27,10.26963426,8.03734981,5324.81215281,14562.34137617
2021-10-28,2021-10-28,11.07804503,7.77267187,5281.66735669,16052.08724333
2021-10-29,2021-10-29,9.21495134,7.73485323,5593.90899773,12983.86643317
2021-10-30,2021-10-30,6.34300531,7.86672654,2374.56754908,7795.55352733
2021-10-31,2021-10-31,6.31891078,7.97840276,1994.43560247,7159.32591094
2021-11-01,2021-11-01,6.63135425,8.13797302,2218.98907559,8892.64604816
2021-11-02,2021-11-02,13.02987113,8.98368173,10854.93144918,18333.02867538
2021-11-03,2021-11-03,10.58362064,9.02853693,5832.02874998,13917.46113691
2021-11-04,2021-11-04,8.31626295,8.63399663,3776.14629174,11235.27124502
2021-11-05,2021-11-05,5.88616898,8.15845629,2633.74916043,7846.26325516
2021-11-06,2021-11-06,4.39976116,7.88084998,2225.09260157,5086.1238956
2021-11-07,2021-11-07,3.99207064,7.54844425,1650.6933003,4519.02396546
2021-11-08,2021-11-08,8.52884494,7.81951435,4039.53114828,9526.71979369
2021-11-09,2021-11-09,5.30334151,6.7157244,2903.20354567,9662.68823606
2021-11-10,2021-11-10,6.94934451,6.1965421,4069.23768196,9888.91723824
2021-11-11,2021-11-11,6.81892926,5.98263729,3164.79574508,9260.10593456
2021-11-12,2021-11-12,6.48671074,6.06842897,1958.56426408,8062.98144674
2021-11-13,2021-11-13,3.54714787,5.94662707,1186.09132846,3756.42958983
2021-11-14,2021-11-14,5.24612182,6.12577724,2222.99163388,4905.1238984
2021-11-15,2021-11-15,6.72866951,5.86860932,3613.99513736,8397.37954719
2021-11-16,2021-11-16,12.14340327,6.845761,5114.55860815,17352.9232707
2021-11-17,2021-11-17,9.61004949,7.22586171,5030.39884976,12502.67439036
2021-11-18,2021-11-18,18.31711327,8.86845942,14086.52768532,26999.42496293
2021-11-19,2021-11-19,11.52695477,9.58849429,7235.96977168,17797.61817036
2021-11-20,2021-11-20,7.48811539,10.15148965,4759.67317773,9405.07293409
2021-11-21,2021-11-21,8.86847828,10.66896914,3806.20970908,9152.26958487
2021-11-22,2021-11-22,18.00314887,12.27960905,4554.86420733,13448.35220937
2021-11-23,2021-11-23,21.42446131,13.60547448,3133.1493861,8741.180216
2021-11-24,2021-11-24,20.60677212,15.17643486,2391.33128353,8304.52916295
2021-11-25,2021-11-25,52.09431595,20.00174953,8039.06289393,13492.42783143
2021-11-26,2021-11-26,26.85004591,22.19076255,8063.08019715,18284.88126158
2021-11-27,2021-11-27,6.53855374,22.05511088,1633.04952505,4714.29724476
2021-11-28,2021-11-28,7.2437039,21.82300026,1504.94631401,5200.9794008
2021-11-29,2021-11-29,15.61482683,21.48181139,3323.28972933,11383.20876053
2021-11-30,2021-11-30,15.73968181,20.66970004,2930.76394973,11521.44708291
2021-12-01,2021-12-01,6.73358116,18.68781561,4166.9779409,10618.85748854
2021-12-02,2021-12-02,8.21807998,12.4197819,2832.58096061,10987.57293843
2021-12-03,2021-12-03,13.63730932,10.53224811,2150.52705466,9873.41194457
2021-12-04,2021-12-04,28.61177948,13.68556607,4041.10815381,20714.92834183
2021-12-05,2021-12-05,17.56687991,15.1603055,3615.26850906,15968.29383633
2021-12-06,2021-12-06,9.91223248,14.34564916,4240.25252489,15126.06677162
2021-12-07,2021-12-07,15.02634358,14.2437437,17857.48778796,26942.23403597
2021-12-08,2021-12-08,3.99713854,13.85282333,2209.71376664,8274.07677467
2021-12-09,2021-12-09,2.51512202,13.03811505,1877.24298886,7341.6411898
2021-12-10,2021-12-10,5.46374378,11.87046283,2281.56329459,8927.75733244
2021-12-11,2021-12-11,3.41727654,8.27124812,1217.69163463,5166.92212822
2021-12-12,2021-12-12,1.79595601,6.01825899,1602.33408661,3735.58850931
2021-12-13,2021-12-13,4.83986474,5.29363503,2068.02073453,8116.45316791
2021-12-14,2021-12-14,6.08710097,4.01660037,3114.15158405,8899.34161209
2021-12-15,2021-12-15,6.92527615,4.43490574,1599.15204475,6752.14424875
2021-12-16,2021-12-16,8.15339318,5.24037305,1172.64363782,5642.14808184
2021-12-17,2021-12-17,6.14558998,5.33777965,3263.28332076,8603.8259714
2021-12-18,2021-12-18,13.80665983,6.82197727,11282.56458133,15242.55245767
2021-12-19,2021-12-19,4.04684261,7.14353249,509.74021774,2897.5393088
2021-12-20,2021-12-20,8.2106317,7.62507063,1295.69833155,5509.33386846
2021-12-21,2021-12-21,12.70511234,8.57050083,3281.97520273,8525.13038014
2021-12-22,2021-12-22,13.34794389,9.48802479,4675.92768333,9797.39081202
2021-12-23,2021-12-23,10.6251582,9.84113408,1791.79989179,7766.99064727
2021-12-24,2021-12-24,3.58285464,9.47502903,1849.05092305,5951.12155675
2021-12-25,2021-12-25,6.67037427,8.45555966,10651.22183598,13527.5190189
2021-12-26,2021-12-26,2.89646095,8.29121943,857.39578267,3901.53290261
2021-12-27,2021-12-27,6.47816491,8.04372417,4538.13018063,9872.72332115
2021-12-28,2021-12-28,5.64757348,7.03550433,4418.24850985,10826.39836756
2021-12-29,2021-12-29,6.24831655,6.02127186,3032.12422487,10484.67517026
2021-12-30,2021-12-30,6.18832999,5.38743926,2383.39530171,9455.76822642
2021-12-31,2021-12-31,5.22891574,5.62259084,2606.96446125,9134.91580288
2022-01-01,2022-01-01,3.90093006,5.22695595,2285.16067624,5059.50628856
2022-01-02,2022-01-02,2.66848363,5.19438777,1132.52965691,3527.7353577
2022-01-03,2022-01-03,3.89632205,4.82555307,1186.43246276,5357.44281359
2022-01-04,2022-01-04,33.10447941,8.7479682,47016.08814234,54655.49549852
2022-01-05,2022-01-05,4.94075982,8.56117439,2485.23451375,8389.41016643
2022-01-06,2022-01-06,6.02725577,8.53816378,4373.04695358,10993.71451793
2022-01-07,2022-01-07,5.27120231,8.54420472,3597.97439597,9314.21448251
2022-01-08,2022-01-08,3.42294017,8.47592045,1405.97843211,5117.29555519
2022-01-09,2022-01-09,3.23612843,8.55701257,1732.01949255,4734.45589408
2022-01-10,2022-01-10,6.84553691,8.97832897,5404.62763282,11438.89217604
2022-01-11,2022-01-11,7.87036642,5.37345569,7008.03781589,13804.62270401
2022-01-12,2022-01-12,5.10942048,5.39755007,3163.14101042,8880.17279192
2022-01-13,2022-01-13,4.9432441,5.24269126,2698.28324913,8517.20959106
2022-01-14,2022-01-14,4.4152804,5.1204167,2064.72093218,7797.38518837
2022-01-15,2022-01-15,2.55112511,4.99587169,1073.42060223,4125.16930518
2022-01-16,2022-01-16,2.73715023,4.92458909,1171.87900217,4278.16580806
2022-01-17,2022-01-17,4.16441021,4.54157099,2633.81274871,7191.93643255
2022-01-18,2022-01-18,4.59932234,4.07427898,2669.89714217,8669.7226144
2022-01-19,2022-01-19,5.37169432,4.11174667,3727.81417828,9867.80247182
2022-01-20,2022-01-20,4.81584247,4.09354644,2615.82601835,9265.68090472
2022-01-21,2022-01-21,9.33907952,4.79694631,4190.18317117,18724.85444543
2022-01-22,2022-01-22,8.22243576,5.60713355,6243.08814771,17892.02020668
2022-01-23,2022-01-23,5.75029891,6.03758336,4781.8678772,10183.77936341
2022-01-24,2022-01-24,7.95061767,6.57847014,3281.59509385,16410.07487118
2022-01-25,2022-01-25,5.8047205,6.75066988,3720.15317468,11800.99677298
2022-01-26,2022-01-26,7.3609687,7.03485193,4702.10035021,14574.71802486
2022-01-27,2022-01-27,9.06692012,7.64214874,5301.35165256,16828.20375152
2022-01-28,2022-01-28,6.48109205,7.23386482,4641.41562072,12411.29127516
2022-01-29,2022-01-29,6.63075094,7.00648127,4971.27075358,13288.0248845
2022-01-30,2022-01-30,5.36438795,6.95135113,5753.49458262,13947.40868254
2022-01-31,2022-01-31,5.26136801,6.56717261,3263.75321857,12059.05547114
2022-02-01,2022-02-01,3.33142818,6.21384514,2057.11257728,7189.22201923
2022-02-02,2022-02-02,3.9788145,5.73068025,3507.70706357,8188.4002422
2022-02-03,2022-02-03,5.20727254,5.17930202,5989.05740099,10362.47234949
2022-02-04,2022-02-04,5.82443188,5.08549343,3302.54195015,10728.60351403
2022-02-05,2022-02-05,2.74345553,4.53016551,1711.20155085,5909.40321817
2022-02-06,2022-02-06,3.10353208,4.2071861,3171.1364427,5291.52218974
2022-02-07,2022-02-07,4.97680494,4.16653424,3014.13377293,9883.93461028
2022-02-08,2022-02-08,6.29681455,4.59016086,4161.4855797,12946.25070475
2022-02-09,2022-02-09,4.19312771,4.62077703,1450.92576921,7241.53155386
2022-02-10,2022-02-10,5.71280599,4.6929961,2946.34105699,10105.95379295
2022-02-11,2022-02-11,5.32912336,4.62223774,2227.29955052,8851.67389654
2022-02-12,2022-02-12,4.18183152,4.82772002,2984.04124626,6289.47460819
2022-02-13,2022-02-13,2.86695809,4.79392374,1670.77588456,3830.25601489
2022-02-14,2022-02-14,3.53208186,4.58753473,2247.21162056,5411.14940215
2022-02-15,2022-02-15,4.53632886,4.33603677,3193.37760213,7961.25714442
2022-02-16,2022-02-16,4.68356436,4.40609915,1995.64053499,7554.58930789
2022-02-17,2022-02-17,4.68520588,4.25929913,1749.7188188,7468.21816529
2022-02-18,2022-02-18,3.8585187,4.04921275,1913.26076331,6644.36920529
2022-02-19,2022-02-19,2.67919325,3.83455014,1472.98058525,3895.54698083
2022-02-20,2022-02-20,3.36536774,3.90575152,1456.47189626,4627.38063928
2022-02-21,2022-02-21,4.7929545,4.08587618,2205.45512855,7246.94721008
2022-02-22,2022-02-22,5.03889181,4.15767089,2898.99935356,8389.75486122
2022-02-23,2022-02-23,4.44522939,4.12362304,1928.80785496,6543.37766847
2022-02-24,2022-02-24,9.86919972,4.86419359,4389.13122562,18583.70306547
2022-02-25,2022-02-25,7.01809448,5.31556156,5066.52039448,12169.37582841
2022-02-26,2022-02-26,3.96904338,5.49982586,1897.00233347,5540.78456363
2022-02-27,2022-02-27,7.14109148,6.03921497,3571.41765757,8776.40143284
2022-02-28,2022-02-28,7.54363401,6.43216918,4315.61790701,12394.19067252
2022-03-01,2022-03-01,9.51244936,7.07124883,5573.13296667,16684.83617463
2022-03-02,2022-03-02,6.78058906,7.40487164,4719.05971999,13032.2921651
2022-03-03,2022-03-03,6.75484214,6.95996342,4743.25317974,11395.4186927
2022-03-04,2022-03-04,4.14078615,6.54891937,1424.24123116,7043.47723959
2022-03-05,2022-03-05,3.50606991,6.4827803,1150.33847696,5083.80136461
2022-03-06,2022-03-06,3.06847269,5.90097762,1104.36286649,4078.00020309
2022-03-07,2022-03-07,5.14330103,5.55807291,2165.15116169,8476.1600903
2022-03-08,2022-03-08,4.44879656,4.83469393,1742.39236362,7362.75830455
2022-03-09,2022-03-09,5.34093447,4.62902899,2108.83689862,9293.22598176
2022-03-10,2022-03-10,6.82559018,4.63913586,3600.32307106,10750.30452948
2022-03-11,2022-03-11,3.69475243,4.57541675,1454.44638916,5301.96974186
2022-03-12,2022-03-12,2.79889074,4.47439116,839.10651697,3322.28330796
2022-03-13,2022-03-13,2.6097663,4.40886167,897.31454964,3494.47707375
2022-03-14,2022-03-14,5.07425642,4.39899816,2641.2737827,6789.35509207
2022-03-15,2022-03-15,4.17751831,4.36024412,3211.1744001,7214.57412008
2022-03-16,2022-03-16,3.97827797,4.16557891,2383.38062229,8131.60017924
2022-03-17,2022-03-17,5.23348673,3.93813556,4614.1495854,11094.99186775
2022-03-18,2022-03-18,6.87890882,4.39301504,6106.13008562,14253.0990715
2022-03-19,2022-03-19,3.56034829,4.50179469,3923.69430736,7718.83510082
2022-03-20,2022-03-20,2.18592303,4.44124565,1967.24614306,4592.62427759
2022-03-21,2022-03-21,3.48999631,4.21492278,2383.65442815,7573.29200163
2022-03-22,2022-03-22,6.91650835,4.60620707,6322.98240651,15354.64854476
2022-03-23,2022-03-23,4.86913148,4.73347186,5176.54533864,11033.45192316
2022-03-24,2022-03-24,6.5032497,4.91486657,4535.32136147,14599.79557042
2022-03-25,2022-03-25,5.10301629,4.66116764,4969.67920516,12497.28688707
2022-03-26,2022-03-26,3.33288359,4.62867268,4280.54228117,7132.37088654
2022-03-27,2022-03-27,2.64048227,4.69360971,2628.75588375,5090.84981593
2022-03-28,2022-03-28,5.9330553,5.04261814,5187.46259399,13230.71331085
2022-03-29,2022-03-29,5.77842846,4.8800353,5381.20687283,11984.46062471
2022-03-30,2022-03-30,6.02417864,5.04504204,6382.86756925,12620.65424997
2022-03-31,2022-03-31,4.26825181,4.72575662,3729.70142647,9462.71427179
2022-04-01,2022-04-01,4.41909845,4.62805407,4367.4775276,10269.98480014
2022-04-02,2022-04-02,2.61336976,4.52526638,2624.85170089,5341.7277893
2022-04-03,2022-04-03,1.09523429,4.30451667,586.10272559,2221.13514193
2022-04-04,2022-04-04,2.07801236,3.75379625,1065.9917898,4262.00334711
2022-04-05,2022-04-05,2.43820425,3.27662137,1813.77863017,4988.56590334
2022-04-06,2022-04-06,7.05299008,3.42359443,8326.28779406,14888.86205943
2022-04-07,2022-04-07,3.74708959,3.34914268,3226.36918325,8685.75367193
2022-04-08,2022-04-08,7.89326845,3.84545268,4793.14068896,10166.52976286
2022-04-09,2022-04-09,1.65701003,3.70882986,885.37167927,2634.64594942
2022-04-10,2022-04-10,3.49287563,4.05135006,4977.27325684,6964.79401277
2022-04-11,2022-04-11,4.02214628,4.32908347,3045.63722176,7975.91607211
2022-04-12,2022-04-12,4.36285577,4.60403369,4552.45935903,9733.53122391
2022-04-13,2022-04-13,2.76703787,3.9917548,2377.35769051,6466.56749081
2022-04-14,2022-04-14,2.40434794,3.79993457,1484.68320445,4342.25238358
2022-04-15,2022-04-15,2.67279629,3.05415283,2546.75345842,5500.61477228
2022-04-16,2022-04-16,1.73060138,3.06466588,1191.97075186,3530.42681369
2022-04-17,2022-04-17,1.37445879,2.7620349,591.85177245,2761.28771082
2022-04-18,2022-04-18,3.70793831,2.71714805,2408.24549839,7812.62602538
2022-04-19,2022-04-19,4.20592745,2.69472972,3695.37456357,8571.68013336
2022-04-20,2022-04-20,5.15118837,3.03532265,4281.13424104,11353.21917844
2022-04-21,2022-04-21,3.94345137,3.25519457,2053.45895618,8265.47407758
2022-04-22,2022-04-22,3.15837372,3.32456277,1422.4100297,6452.55750317
2022-04-23,2022-04-23,1.5418239,3.29759456,959.07355504,3180.78270692
2022-04-24,2022-04-24,1.77647507,3.35502546,730.45212903,3657.76216606
2022-04-25,2022-04-25,3.22970104,3.28670585,2061.35935663,6863.1147045
2022-04-26,2022-04-26,3.50274832,3.18625168,2572.20681142,7376.78795617
2022-04-27,2022-04-27,4.05194954,3.02921757,2760.76014299,8338.91214409
2022-04-28,2022-04-28,3.85490219,3.01656768,2157.11675135,8230.21616915
2022-04-29,2022-04-29,3.7627601,3.10290859,3849.26678282,9478.39268187
2022-04-30,2022-04-30,3.13486507,3.3304859,1066.24806099,4476.58731823
2022-05-01,2022-05-01,5.1136556,3.80722598,1312.77247562,3891.49191035
2022-05-02,2022-05-02,9.85787258,4.75410763,4073.03664671,7797.57720897
2022-05-03,2022-05-03,6.25566834,5.14738192,1437.17205894,4823.12028954
2022-05-04,2022-05-04,3.17254298,5.02175241,4768.96363193,8007.49847001
2022-05-05,2022-05-05,3.52043338,4.97397115,3143.81682059,11892.02396714
2022-05-06,2022-05-06,12.39664684,6.20738354,4776.11141695,15297.46220217
2022-05-07,2022-05-07,3.72896899,6.29225553,2920.60770646,6604.00407547
2022-05-08,2022-05-08,7.78493452,6.6738668,3583.19299362,10058.1353973
2022-05-09,2022-05-09,20.55156356,8.20153694,8433.50711094,31197.27347904
2022-05-10,2022-05-10,42.02487833,13.31142409,7779.69174882,33115.60412139
2022-05-11,2022-05-11,18.54068113,15.50687239,13696.99096792,40863.661204
2022-05-12,2022-05-12,13.76963053,16.97104341,10100.46252473,40276.16930426
2022-05-13,2022-05-13,3.52928013,15.70427674,3607.98232426,15532.3618375
2022-05-14,2022-05-14,2.70308025,15.55772121,2626.63698561,7125.31953535
2022-05-15,2022-05-15,3.75219701,14.98161585,1742.8179364,4754.03360725
2022-05-16,2022-05-16,3.39673151,12.53092556,5279.86927002,12924.56340865
2022-05-17,2022-05-17,5.33332434,7.28927499,2850.78891132,11045.31470106
2022-05-18,2022-05-18,7.8939486,5.7683132,2587.3431379,9851.64785252
2022-05-19,2022-05-19,8.35259589,4.9944511,3137.1737586,11033.77916579
2022-05-20,2022-05-20,7.03762823,5.49564369,4178.83578905,9395.23369269
2022-05-21,2022-05-21,4.4426163,5.74414884,2913.81214297,5433.31972964
2022-05-22,2022-05-22,3.54661556,5.71478006,1634.83011433,4259.48528849
2022-05-23,2022-05-23,6.66876611,6.18221358,2365.63741591,8729.4148411
2022-05-24,2022-05-24,5.88798847,6.26145131,2147.63630256,7189.2339264
2022-05-25,2022-05-25,5.76937327,5.95794055,2198.95836604,7869.42514324
2022-05-26,2022-05-26,7.29668684,5.8070964,2568.0293115,9405.42933385
2022-05-27,2022-05-27,7.44134135,5.8647697,3252.934556,10135.1069187
2022-05-28,2022-05-28,6.17487718,6.11223554,3969.92108128,6971.43633454
2022-05-29,2022-05-29,4.99936889,6.31977173,3175.52819181,5644.28747671
2022-05-30,2022-05-30,11.38442318,6.99343703,8059.14143196,15608.04418421
2022-05-31,2022-05-31,9.25544768,7.47450263,5080.60474301,11883.99482022
2022-06-01,2022-06-01,10.02659273,8.08267684,6188.88444168,12783.90573615
2022-06-02,2022-06-02,9.30255789,8.36922984,5535.34332182,11907.2740954
2022-06-03,2022-06-03,7.83987802,8.42616365,6272.03102599,10066.40337692
2022-06-04,2022-06-04,12.25468382,9.29470746,11652.23396086,13884.55677326
2022-06-05,2022-06-05,4.80774727,9.26733294,3151.94944673,5298.13748822
2022-06-06,2022-06-06,10.55865231,9.14936567,8632.50894625,13895.18643451
2022-06-07,2022-06-07,10.19668991,9.28382885,4465.24480393,12725.46901383
2022-06-08,2022-06-08,6.24326512,8.74335348,2685.98370086,7760.37854466
2022-06-09,2022-06-09,5.35210774,8.17900346,2008.7555639,6443.93771931
2022-06-10,2022-06-10,5.59185691,7.85785758,2102.00984301,7017.78042143
2022-06-11,2022-06-11,5.35917914,6.87278549,1976.04750255,6452.4516878
2022-06-12,2022-06-12,5.2596445,6.93734223,1631.9533702,6048.59116939
2022-06-13,2022-06-13,23.87586541,8.83980125,24618.23820751,47226.46178118
2022-06-14,2022-06-14,11.75758007,9.06278556,5477.44698524,25772.61550512
2022-06-15,2022-06-15,14.11444797,10.18724025,7260.97334845,26591.61996893
2022-06-16,2022-06-16,14.61958265,11.51116524,7422.54223999,19020.07703231
2022-06-17,2022-06-17,11.910653,12.41385039,5243.63285607,15567.22347696
2022-06-18,2022-06-18,14.24766521,13.68363412,6673.20494613,20402.65658572
2022-06-19,2022-06-19,9.55617359,14.29742399,2945.1763079,11304.95335953
2022-06-20,2022-06-20,11.33931836,12.50648869,5198.84174078,14264.86249807
2022-06-21,2022-06-21,11.99446225,12.540329,5161.78542314,16048.59049382
2022-06-22,2022-06-22,8.45309423,11.73156418,4030.05665981,11073.55344264
2022-06-23,2022-06-23,10.05297728,11.07919199,4890.55698695,12918.07579888
2022-06-24,2022-06-24,11.43027303,11.01056628,5333.3371916,14996.51821629
2022-06-25,2022-06-25,3.66205691,9.49833652,1091.48102178,4251.6480721
2022-06-26,2022-06-26,5.72477576,8.95099397,3966.40084659,6783.85927392
2022-06-27,2022-06-27,6.55153921,8.26702552,2244.0600327,8045.29014899
2022-06-28,2022-06-28,7.50573011,7.62577808,3235.84016965,10050.17261533
2022-06-29,2022-06-29,7.67579277,7.51473501,2619.4836533,10132.04645325
2022-06-30,2022-06-30,8.38953694,7.27710068,2213.85451393,11309.09580029
2022-07-01,2022-07-01,11.5875177,7.2995642,7817.7495236,15805.37414264
2022-07-02,2022-07-02,3.6627845,7.29966814,1010.99184201,4659.06188319
2022-07-03,2022-07-03,3.94630063,7.04560027,1169.94846481,4605.3328388
2022-07-04,2022-07-04,8.08737678,7.26500563,3642.82752945,10270.9685167
2022-07-05,2022-07-05,10.92683568,7.753735,7484.88514079,13953.5691603
2022-07-06,2022-07-06,6.86947355,7.63854654,3163.44749598,9253.18087628
2022-07-07,2022-07-07,8.67268544,7.67899633,3820.18367329,11855.56099527
2022-07-08,2022-07-08,12.80339327,7.85269284,8027.13925555,16926.08590285
2022-07-09,2022-07-09,4.19142011,7.92821221,2490.53860885,5063.235487
2022-07-10,2022-07-10,6.46049271,8.28738251,2977.56100071,7339.11972004
2022-07-11,2022-07-11,6.36982265,8.04201763,2643.6081042,7853.99132632
2022-07-12,2022-07-12,5.28702837,7.23633087,2058.88315598,7079.33099227
2022-07-13,2022-07-13,9.30785915,7.58467167,2871.08004974,8963.46835929
2022-07-14,2022-07-14,7.27736941,7.38534081,3749.73749697,11520.07578392
2022-07-15,2022-07-15,6.50321994,6.48531605,3118.69971009,8967.94029399
2022-07-16,2022-07-16,4.02978485,6.4622253,1678.69226285,4920.36730351
2022-07-17,2022-07-17,4.71705472,6.21316273,1854.03871086,5353.85710854
2022-07-18,2022-07-18,11.43189956,6.93631657,4884.49706414,15318.7454093
2022-07-19,2022-07-19,10.57449991,7.69166965,3900.77159738,14539.93737573
2022-07-20,2022-07-20,12.46898509,8.14325907,6355.05645755,16209.68062127
2022-07-21,2022-07-21,7.24076756,8.13803023,3376.29620805,9427.47935858
2022-07-22,2022-07-22,8.29724708,8.39431982,3810.0267146,10861.09642697
2022-07-23,2022-07-23,5.17473105,8.55788357,2962.08574326,6458.06434628
2022-07-24,2022-07-24,3.67947609,8.40965805,1414.13768484,4444.80712021
2022-07-25,2022-07-25,9.28935642,8.10358046,3590.66869307,11686.01038073
2022-07-26,2022-07-26,7.88048786,7.71872159,3603.21939443,10654.41958458
2022-07-27,2022-07-27,9.71949629,7.32593748,4326.96315005,12839.45459954
2022-07-28,2022-07-28,9.69640875,7.67674336,3934.5034221,13061.06258935
2022-07-29,2022-07-29,10.02807969,7.92400516,6627.9915243,14259.929315
2022-07-30,2022-07-30,4.25826632,7.79308163,1911.53334421,5186.56837393
2022-07-31,2022-07-31,3.68109865,7.79331343,1313.05790484,4262.71223426
2022-08-01,2022-08-01,6.55261866,7.40235089,3213.20690066,8852.58781381
2022-08-02,2022-08-02,5.86069453,7.11380898,2639.89637059,7824.02719651
2022-08-03,2022-08-03,6.72473715,6.68598625,3520.06956455,9132.19304454
2022-08-04,2022-08-04,5.42835563,6.07626438,2456.56112612,7653.98143133
2022-08-05,2022-08-05,9.05995727,5.93796117,5253.34808446,11859.48406085
2022-08-06,2022-08-06,3.09455677,5.77171695,1644.29786894,3790.83204054
2022-08-07,2022-08-07,3.05748296,5.682629,1637.22977912,3568.08261547
2022-08-08,2022-08-08,6.98827978,5.7448663,3436.20297097,9573.94330221
2022-08-09,2022-08-09,7.67968804,6.00472251,3609.56294061,9745.52412338
2022-08-10,2022-08-10,10.46512189,6.53906319,6228.54234498,14044.19357674
2022-08-11,2022-08-11,8.61366647,6.9941076,4622.48379825,11249.44840363
2022-08-12,2022-08-12,7.73129323,6.80429845,4210.66221435,10761.96017689
2022-08-13,2022-08-13,5.78826293,7.18911361,3740.68709065,6905.39767783
2022-08-14,2022-08-14,7.01443002,7.75439177,5785.86566907,8718.93651858
2022-08-15,2022-08-15,6.98797902,7.7543488,3617.5570868,8874.73335339
2022-08-16,2022-08-16,7.6346359,7.74791278,3195.10245901,7993.46378794
2022-08-17,2022-08-17,4.73103048,6.92875686,2013.91321946,6949.88376983
2022-08-18,2022-08-18,8.42149687,6.90130406,4410.06412564,11141.64036519
2022-08-19,2022-08-19,15.22986184,7.97252815,8835.44291081,21260.88712715
2022-08-20,2022-08-20,4.78963175,7.82986655,1494.4931068,5805.03368156
2022-08-21,2022-08-21,5.37452097,7.59559383,3269.98904724,6137.70294491
2022-08-22,2022-08-22,6.94114658,7.58890348,2796.10979366,9203.96036365
2022-08-23,2022-08-23,5.27598828,7.25195382,2439.34429062,6668.84918188
2022-08-24,2022-08-24,10.21319197,8.03511975,5048.38484733,12643.93165663
2022-08-25,2022-08-25,5.3736017,7.59970616,1710.36289498,6754.6173399
2022-08-26,2022-08-26,6.97006689,6.41973545,2894.05881345,8956.53595592
2022-08-27,2022-08-27,6.5093715,6.66541256,2131.13207245,7921.90512028
2022-08-28,2022-08-28,5.30956573,6.65613324,2396.45030623,5829.90317642
2022-08-29,2022-08-29,8.78509753,6.9195548,3672.05725046,11227.35464955
2022-08-30,2022-08-30,7.57519851,7.2480134,2511.72014984,9650.80290015
2022-08-31,2022-08-31,8.11084561,6.94767821,3802.01313162,11363.2947061
2022-09-01,2022-09-01,7.97890916,7.31986499,4237.41316087,10588.01245955
2022-09-02,2022-09-02,8.56040939,7.54705678,4377.50479293,11916.08987301
2022-09-03,2022-09-03,4.97367168,7.32767109,2526.75212323,6162.37920826
2022-09-04,2022-09-04,10.18625809,8.02434142,8912.51432407,11683.63802978
2022-09-05,2022-09-05,7.31631863,7.81451587,3372.13551852,9503.89790166
2022-09-06,2022-09-06,14.80767197,8.84772636,7601.00159086,18864.97408611
2022-09-07,2022-09-07,11.16190433,9.28359189,4725.21952997,14443.50419775
2022-09-08,2022-09-08,11.45357435,9.77997263,7509.816624,15256.16104049
2022-09-09,2022-09-09,9.06480567,9.85202925,4402.99411739,12527.5614355
2022-09-10,2022-09-10,5.5295908,9.93144626,3288.61878815,7005.99154479
2022-09-11,2022-09-11,4.34120616,9.09643884,2443.85453602,5209.44739791
2022-09-12,2022-09-12,6.75568662,9.01634856,3254.09506816,8687.81299177
2022-09-13,2022-09-13,11.35709206,8.52340857,4366.08507645,14741.50549122
2022-09-14,2022-09-14,8.65425968,8.16517362,2440.85139544,11259.19184045
2022-09-15,2022-09-15,9.20286877,7.84364425,2935.86254604,11807.28063274
2022-09-16,2022-09-16,7.08602207,7.56096088,2919.29777486,8992.16201227
2022-09-17,2022-09-17,5.26427571,7.52305872,2813.06855374,6764.59428867
2022-09-18,2022-09-18,3.33298439,7.37902704,1148.8668096,3632.95298334
2022-09-19,2022-09-19,14.14486355,8.43462375,3750.69327575,16648.50439252
2022-09-20,2022-09-20,8.97230677,8.09394013,5620.04462384,11125.66039739
2022-09-21,2022-09-21,10.8305876,8.40484412,4052.08149022,12996.7051255
2022-09-22,2022-09-22,6.58507048,8.03087294,1925.10249893,7776.9682327
2022-09-23,2022-09-23,8.16874601,8.18554779,2661.10475991,10194.5950183
2022-09-24,2022-09-24,3.23307548,7.89537633,1121.56050342,3540.21765028
2022-09-25,2022-09-25,3.55933736,7.92771246,1082.79251607,3918.83043366
2022-09-26,2022-09-26,7.65203327,7.00016528,2536.98661911,9343.13261765
2022-09-27,2022-09-27,10.1094259,7.16261087,2957.4926512,12717.6577766
2022-09-28,2022-09-28,10.95530158,7.18042715,3843.85036926,13025.85357438
2022-09-29,2022-09-29,8.34997635,7.43255656,2992.96443724,10003.27166838
2022-09-30,2022-09-30,12.59416017,8.06475859,7538.77469657,16145.71333562
2022-10-01,2022-10-01,10.45014931,9.09576913,6827.55600978,11913.17020798
2022-10-02,2022-10-02,4.97005457,9.29730016,2400.90630218,5452.1498632
2022-10-03,2022-10-03,7.85173208,9.32582857,3762.48447901,9634.0752604
2022-10-04,2022-10-04,12.48820226,9.66565376,3715.54613935,15085.74833005
2022-10-05,2022-10-05,9.3574562,9.43739013,6041.09422102,11060.51322371
2022-10-06,2022-10-06,10.84001646,9.79311015,3676.24032001,14644.86224214
2022-10-07,2022-10-07,8.32365139,9.18303747,2745.27702899,10104.91278618
2022-10-08,2022-10-08,5.74046548,8.51022549,2905.42219083,6366.17621188
2022-10-09,2022-10-09,3.74222457,8.33482121,1461.0941224,4120.18924976
2022-10-10,2022-10-10,5.08496465,7.93956872,1301.53191392,5929.06878349
2022-10-11,2022-10-11,6.2594968,7.04975365,1740.58726098,7423.76320741
2022-10-12,2022-10-12,6.81468882,6.68650117,1862.04700943,7850.52152349
2022-10-13,2022-10-13,12.462833,6.9183321,3485.62697389,15740.55807304
2022-10-14,2022-10-14,8.42961841,6.93347025,3836.19050776,10326.28255732
2022-10-15,2022-10-15,4.2340317,6.71826542,2275.17232883,4691.30712443
2022-10-16,2022-10-16,3.99745743,6.75472726,1446.25793668,4473.15486514
2022-10-17,2022-10-17,7.97534717,7.16763905,2873.67434294,9434.83570525
2022-10-18,2022-10-18,8.82612427,7.53430011,2949.93035244,10617.82749464
2022-10-19,2022-10-19,5.49307378,7.34549797,1349.20888758,6393.93788239
2022-10-20,2022-10-20,8.82210631,6.82539415,3959.76268339,10321.86438082
2022-10-21,2022-10-21,8.74070307,6.86983482,3156.18701673,10488.84368603
2022-10-22,2022-10-22,4.67082654,6.93223408,2367.2693514,5035.15100653
2022-10-23,2022-10-23,5.44800822,7.13945562,2620.44787574,6009.15306655
2022-10-24,2022-10-24,7.90380569,7.12923541,2864.91635802,9595.22010432
2022-10-25,2022-10-25,15.08650844,8.02357601,4185.51955033,16927.06246705
2022-10-26,2022-10-26,15.39851461,9.43863898,4076.44817832,19740.89573378
2022-10-27,2022-10-27,11.28863145,9.79099972,4221.22181106,13422.18279575
2022-10-28,2022-10-28,9.87349263,9.9528268,4391.7059953,12144.39593473
2022-10-29,2022-10-29,8.63366715,10.51894688,2653.77723786,10084.12322978
2022-10-30,2022-10-30,5.37704545,10.50880935,3018.08615826,5947.0122647
2022-10-31,2022-10-31,6.53457043,10.31320431,2548.45403095,8671.37495896
2022-11-01,2022-11-01,11.77010914,9.83943298,6617.51060117,13971.11954423
2022-11-02,2022-11-02,9.14250923,8.94571793,3296.57065706,10550.45564722
2022-11-03,2022-11-03,7.45689144,8.3983265,3089.28766156,9455.33834418
2022-11-04,2022-11-04,12.62712281,8.79170224,4163.83950044,15746.02214473
2022-11-05,2022-11-05,6.12710547,8.433622,3511.58153209,7144.20497498
2022-11-06,2022-11-06,5.25062781,8.41556233,2543.56863945,5854.45001341
2022-11-07,2022-11-07,8.31122428,8.66937003,3034.40842333,10920.94870383
2022-11-08,2022-11-08,21.94265716,10.12259117,8940.32824457,30390.58017026
2022-11-09,2022-11-09,37.04365836,14.10846962,12327.49393024,53157.64974467
2022-11-10,2022-11-10,36.77163262,18.29628979,11762.13674022,50119.73525867
2022-11-11,2022-11-11,27.59674319,20.43480698,8499.25563439,35434.21824991
2022-11-12,2022-11-12,18.98519811,22.27167736,5193.12710871,21889.9334206
2022-11-13,2022-11-13,16.5294754,23.8829413,3035.18438902,20446.96107052
2022-11-14,2022-11-14,19.71309451,25.51177991,6292.7577539,29944.19056267
2022-11-15,2022-11-15,4.60035591,23.0343083,3781.03941791,21341.05104904
2022-11-16,2022-11-16,3.71673389,18.27331909,3916.94935419,17639.6190653
2022-11-17,2022-11-17,4.67342471,13.68786082,5678.29025349,19109.63362271
2022-11-18,2022-11-18,28.33730803,13.79365579,87087.65335155,98160.43501478
2022-11-19,2022-11-19,3.55683714,11.58960423,1656.64140495,6889.5935491
2022-11-20,2022-11-20,6.52227151,10.16000367,2060.63392172,11211.784728
2022-11-21,2022-11-21,12.55019079,9.13673171,3074.39396285,16767.05489658
2022-11-22,2022-11-22,11.92600958,10.18325366,3073.84998567,14323.13750588
2022-11-23,2022-11-23,12.75144345,11.47392646,4596.93023814,16500.36782486
2022-11-24,2022-11-24,10.2024456,12.26378659,2063.24351058,11824.63444627
2022-11-25,2022-11-25,10.26318495,9.681769,3379.62993948,12787.92844584
2022-11-26,2022-11-26,7.84123729,10.29382617,2240.83324262,9072.3115465
2022-11-27,2022-11-27,7.44492786,10.42563422,2629.45339917,8204.31050611
2022-11-28,2022-11-28,11.26793725,10.24245514,2820.10560218,13882.09869695
2022-11-29,2022-11-29,10.47527189,10.0352069,2481.35751721,12853.15860847
2022-11-30,2022-11-30,14.80788765,10.32898464,4454.21269266,18598.70689035
2022-12-01,2022-12-01,11.46882953,10.50989663,3956.69704464,14244.28627837
2022-12-02,2022-12-02,11.91345055,10.74564886,3989.55055146,13474.11256862
2022-12-03,2022-12-03,5.68895175,10.4381795,2137.73589504,7384.25936824
2022-12-04,2022-12-04,6.62328642,10.32080215,1940.11285576,7338.60135113
2022-12-05,2022-12-05,11.44806038,10.34653402,3397.02380588,14161.25069039
2022-12-06,2022-12-06,9.80952435,10.25142723,3429.68507403,11997.04827847
2022-12-07,2022-12-07,9.03544373,9.42679239,2504.17468092,11258.1628908
2022-12-08,2022-12-08,11.45749673,9.42517342,3391.2501763,13909.40102555
2022-12-09,2022-12-09,8.60603449,8.95268541,3780.72822049,15353.16553159
2022-12-10,2022-12-10,1.99013142,8.4242825,2445.20953619,7634.14412541
2022-12-11,2022-12-11,6.22627062,8.36756596,1838.85703681,6923.61293046
2022-12-12,2022-12-12,16.62758666,9.10749829,3277.58203135,20368.7936591
2022-12-13,2022-12-13,38.32735668,13.18147433,6971.886294,57222.7435162
2022-12-14,2022-12-14,18.36721997,14.51458522,3119.66997395,22683.51666632
2022-12-15,2022-12-15,12.91718436,14.72311203,3447.65729642,15836.46802865
2022-12-16,2022-12-16,17.49266003,15.99262996,3590.59930428,21638.42045969
2022-12-17,2022-12-17,17.32542035,18.18338552,2912.07012538,20911.78236523
2022-12-18,2022-12-18,9.24408838,18.61450235,1728.53178579,8892.8130222
2022-12-19,2022-12-19,9.20466955,17.55408562,2424.65429761,12104.14045444
2022-12-20,2022-12-20,11.4598621,13.71587211,3045.39904261,13877.8930079
2022-12-21,2022-12-21,7.89536499,12.21989282,1993.06259499,9482.33335355
2022-12-22,2022-12-22,8.00743023,11.51849938,1981.62133097,9761.05744561
2022-12-23,2022-12-23,7.35567015,10.07035796,2442.58120142,9510.88150068
2022-12-24,2022-12-24,7.8675688,8.71923631,4317.64391559,8536.31215204
2022-12-25,2022-12-25,4.09700543,7.98393875,1991.72412104,4437.0568819
2022-12-26,2022-12-26,5.2843479,7.4238928,1545.57097493,5770.50790139
2022-12-27,2022-12-27,7.67756587,6.88356477,3299.64924762,8867.58858559
2022-12-28,2022-12-28,6.54543772,6.69071801,1585.25983718,8050.88839246
2022-12-29,2022-12-29,7.338279,6.59512498,2161.0925569,8747.22857009
2022-12-30,2022-12-30,9.94435958,6.96493776,3384.48687953,12609.44794738
2022-12-31,2022-12-31,4.84669233,6.53338398,1362.08376514,5564.00279359
2023-01-01,2023-01-01,6.4133132,6.86428509,3194.55260131,6830.17855629
2023-01-02,2023-01-02,6.50190135,7.03822129,2608.45350415,7724.25880647
2023-01-03,2023-01-03,9.52272068,7.30181484,5078.54124934,11322.51489219
2023-01-04,2023-01-04,9.04640648,7.65909609,2787.54308678,10846.64137397
2023-01-05,2023-01-05,9.77211374,8.00678677,4104.32250177,11921.9787577
2023-01-06,2023-01-06,10.62351632,8.10380916,3497.99847992,12875.70177484
2023-01-07,2023-01-07,4.76670466,8.09238235,2039.06411311,5443.57671632
2023-01-08,2023-01-08,4.97923525,7.88751407,2050.43308602,5208.28007446
2023-01-09,2023-01-09,6.37932254,7.87000281,2997.91483749,15138.1323769
2023-01-10,2023-01-10,4.89837222,7.2093816,2922.32044435,13460.72687002
2023-01-11,2023-01-11,4.59583183,6.57358522,2734.274166,13906.9871223
2023-01-12,2023-01-12,10.2863013,6.64704059,2601.64878931,16406.65057332
2023-01-13,2023-01-13,15.708956,7.37353197,3379.77596221,20767.23983164
2023-01-14,2023-01-14,14.12194266,8.70999454,4053.95089784,18245.54991045
2023-01-15,2023-01-15,12.47754067,9.78118103,4442.48287431,9096.12715183
2023-01-16,2023-01-16,7.69398427,9.96898985,2711.15741994,11848.73578025
2023-01-17,2023-01-17,8.27320132,10.45110829,2246.70507154,10018.84679258
2023-01-18,2023-01-18,10.15916241,11.2458698,4513.06819571,12302.74567895
2023-01-19,2023-01-19,9.67741403,11.15888591,3698.87178424,11999.99339223
2023-01-20,2023-01-20,20.76933979,11.88179788,12352.72586965,25899.36671874
2023-01-21,2023-01-21,7.96216535,11.00182969,2826.35068321,9809.38771328
2023-01-22,2023-01-22,7.39007878,10.27504942,2684.40070211,8166.03705132
2023-01-23,2023-01-23,8.01986737,10.32160415,2905.82448488,9479.48323279
2023-01-24,2023-01-24,11.02573059,10.71482262,2721.19122767,12867.02760072
2023-01-25,2023-01-25,10.21561529,10.72288731,2966.00906751,12554.99119315
2023-01-26,2023-01-26,8.57238412,10.5650259,3200.84035873,10355.4400214
2023-01-27,2023-01-27,10.61390011,9.1142488,3814.30426311,12853.43303835
2023-01-28,2023-01-28,6.38447516,8.88886449,2169.76588652,7131.45875674
2023-01-29,2023-01-29,5.86509611,8.67100982,1937.48150295,6709.66994897
2023-01-30,2023-01-30,8.83560505,8.78754378,3182.40589232,10797.10936649
2023-01-31,2023-01-31,8.31105442,8.39973289,2833.5905424,9881.84371067
2023-02-01,2023-02-01,8.60724381,8.16996554,4231.10538812,10759.05476268
2023-02-02,2023-02-02,13.25984882,8.83960335,3534.48024886,17410.1815019
2023-02-03,2023-02-03,9.6266852,8.69857265,3095.74985169,12331.78374417
2023-02-04,2023-02-04,5.96633125,8.63883781,2354.43008489,7105.90051499
2023-02-05,2023-02-05,4.62797216,8.46210582,1872.34312294,5622.98617572
2023-02-06,2023-02-06,8.68308006,8.44031653,2292.53470339,10393.64683136
2023-02-07,2023-02-07,7.88987077,8.38014744,2415.16523009,9854.44858726
2023-02-08,2023-02-08,6.47437249,8.07545154,1861.48034228,7795.14447806
2023-02-09,2023-02-09,9.09766063,7.48085322,2092.27777871,11826.95881859
2023-02-10,2023-02-10,8.85322061,7.37035828,2422.36098243,11101.93864885
2023-02-11,2023-02-11,4.01739477,7.09193878,1213.46500161,4439.22121825
2023-02-12,2023-02-12,5.83362543,7.26417497,2410.81403483,7029.5186442
2023-02-13,2023-02-13,13.15828979,7.90349064,4057.09217648,16132.06328388
2023-02-14,2023-02-14,11.22258987,8.37959337,1676.84547604,10874.68958638
2023-02-15,2023-02-15,9.57076868,8.82193568,4732.67979546,14317.86993939
2023-02-16,2023-02-16,10.52319615,9.02558361,2230.65237665,13743.29417064
2023-02-17,2023-02-17,11.19889512,9.36067997,4399.58551302,15185.70177791
2023-02-18,2023-02-18,4.68691155,9.45632523,2476.22248122,6552.30234927
2023-02-19,2023-02-19,5.69084897,9.43592859,1434.94764364,6806.25536307
2023-02-20,2023-02-20,7.31294787,8.60087974,1842.94495426,8746.28564747
2023-02-21,2023-02-21,7.36879631,8.05033781,1757.38438592,9218.36417911
2023-02-22,2023-02-22,7.84884883,7.80434926,2034.02147004,9630.53751332
2023-02-23,2023-02-23,10.77247201,7.83996009,3242.07372929,13627.17709781
2023-02-24,2023-02-24,9.19396352,7.55354129,2423.03197738,12071.67409585
2023-02-25,2023-02-25,6.01781217,7.74366995,2103.57276386,6950.57305229
2023-02-26,2023-02-26,4.37051298,7.55505053,1157.24088161,4916.82709821
2023-02-27,2023-02-27,8.54237559,7.73068306,2334.1633996,10532.74910565
2023-02-28,2023-02-28,8.37272126,7.87410091,2043.58097232,10164.48361363
2023-03-01,2023-03-01,10.40074349,8.23865729,4385.82021111,13624.97396933
2023-03-02,2023-03-02,6.88122372,7.68276468,1977.3544117,8539.59863581
2023-03-03,2023-03-03,13.84518693,8.34722516,4385.85730727,18483.32455424
2023-03-04,2023-03-04,5.46535309,8.26830244,1693.58822184,6476.4434173
2023-03-05,2023-03-05,6.09754775,8.51502169,1869.96918798,6951.20443639
2023-03-06,2023-03-06,7.4621298,8.36070086,2072.71298543,9253.0409507
2023-03-07,2023-03-07,8.19519899,8.33534054,1926.11861708,10571.80669139
2023-03-08,2023-03-08,17.41546187,9.33744316,10325.35915969,18843.52974551
2023-03-09,2023-03-09,10.62724109,9.8725885,3771.3310101,15101.30959134
2023-03-10,2023-03-10,20.3987151,10.80880681,5965.20407882,26681.5193539
2023-03-11,2023-03-11,23.19422792,13.34150322,4199.05750433,28482.51188591
2023-03-12,2023-03-12,11.59026884,14.12617766,2871.57045332,13595.38535289
2023-03-13,2023-03-13,15.56673514,15.28397842,3234.73857453,21404.26081664
2023-03-14,2023-03-14,16.52255311,16.47360044,4922.83347338,22520.23989281
2023-03-15,2023-03-15,13.06543273,15.8521677,3722.83907541,16436.31437452
2023-03-16,2023-03-16,10.73154371,15.86706808,2516.86068613,13403.69809183
2023-03-17,2023-03-17,16.28121738,15.27885412,5341.14627296,22630.89216216
2023-03-18,2023-03-18,8.00165413,13.10848643,2628.83268413,9970.06103989
2023-03-19,2023-03-19,9.02063986,12.74139658,3780.3149884,10734.56143241
2023-03-20,2023-03-20,11.74563179,12.19552467,3585.52977018,14270.94262463
2023-03-21,2023-03-21,12.96735702,11.68763952,5555.96665221,16053.58798946
2023-03-22,2023-03-22,13.04633395,11.68491112,4026.80459674,17064.60480197
2023-03-23,2023-03-23,12.31973779,11.91179599,3462.80385241,14044.50108282
2023-03-24,2023-03-24,14.24475339,11.62087256,3236.09442356,11894.36907714
2023-03-25,2023-03-25,4.10316684,11.06394581,2046.71280671,6478.90043893
2023-03-26,2023-03-26,3.52559977,10.27894008,972.01330534,3804.12214932
2023-03-27,2023-03-27,10.6340827,10.12014735,2636.3800998,12941.67865191
2023-03-28,2023-03-28,10.28016149,9.73626228,3446.67588367,12418.43508005
2023-03-29,2023-03-29,9.07099247,9.16835635,2555.987375,11502.0184577
2023-03-30,2023-03-30,11.00435548,8.98044459,3621.192668,13172.21351116
2023-03-31,2023-03-31,9.36025708,8.2826594,2934.79331857,11634.79955124
2023-04-01,2023-04-01,5.50135738,8.48240091,3049.67772907,6513.60713822
2023-04-02,2023-04-02,3.54344401,8.48495009,1412.43521271,4223.78525631
2023-04-03,2023-04-03,6.79413739,7.93638647,1664.9317494,7466.75699249
2023-04-04,2023-04-04,6.4352203,7.38710916,2232.24147652,8751.8996064
2023-04-05,2023-04-05,8.3467912,7.28365183,2500.13913601,10408.44862189
2023-04-06,2023-04-06,5.27391342,6.46501725,1522.49500023,6771.70483206
2023-04-07,2023-04-07,4.34841697,5.7490401,1172.46408695,5248.53927942
2023-04-08,2023-04-08,4.2568248,5.57124973,1288.00008528,4133.37688387
2023-04-09,2023-04-09,2.38829797,5.40622886,987.62672453,3255.25013711
2023-04-10,2023-04-10,7.89928404,5.56410696,2100.47941717,8594.42103765
2023-04-11,2023-04-11,8.26485959,5.825484,2283.26760697,11405.50624063
2023-04-12,2023-04-12,5.80544736,5.46243488,1290.21649141,7071.03488889
2023-04-13,2023-04-13,9.62024636,6.08333958,2882.45789306,12006.06745818
2023-04-14,2023-04-14,9.13174518,6.76667219,3354.06961538,11579.05289297
2023-04-15,2023-04-15,4.28577677,6.77080818,1312.78111194,4928.64328141
2023-04-16,2023-04-16,4.13462814,7.02028392,1366.96288754,4039.53168961
2023-04-17,2023-04-17,5.36152377,6.65774674,1426.25915314,7393.54127993
2023-04-18,2023-04-18,5.00346464,6.19183317,1375.81277266,7360.09648496
2023-04-19,2023-04-19,4.65495854,6.02747763,1517.32874894,7685.33655205
2023-04-20,2023-04-20,4.59902559,5.31016038,1927.3592421,7473.41658167
2023-04-21,2023-04-21,9.6956336,5.39071586,7339.78691896,12584.9324077
2023-04-22,2023-04-22,2.81720727,5.18092022,700.78050093,3304.58412342
2023-04-23,2023-04-23,4.49134127,5.23187924,1805.0216479,4859.63125028
2023-04-24,2023-04-24,4.80398715,5.15223115,1484.22469921,5817.6284367
2023-04-25,2023-04-25,6.53548303,5.37109092,2876.2205276,8025.57316366
2023-04-26,2023-04-26,10.19554197,6.16260284,3036.73303094,10389.25726277
2023-04-27,2023-04-27,6.72955902,6.46696476,2823.07387059,8634.02422246
2023-04-28,2023-04-28,7.98552634,6.22266372,3373.24152277,9686.44344746
2023-04-29,2023-04-29,2.96408501,6.24364626,1063.84463879,4072.65279726
2023-04-30,2023-04-30,5.62366946,6.40540743,1753.53167449,5640.5404696
2023-05-01,2023-05-01,7.43379056,6.78109363,2189.45375575,9403.74506069
2023-05-02,2023-05-02,9.95508638,7.26960839,3271.29192364,9377.69136919
2023-05-03,2023-05-03,9.53195784,7.17481066,2392.49164046,9236.46714884
2023-05-04,2023-05-04,6.19483618,7.09842168,3100.16571976,9893.15338309
2023-05-05,2023-05-05,15.60200926,8.18649067,5104.05787868,13636.15609025
2023-05-06,2023-05-06,9.08934872,9.06152834,1723.32179583,7116.96004546
2023-05-07,2023-05-07,6.72579871,9.21897538,1229.27272225,3188.02859081
2023-05-08,2023-05-08,15.37795471,10.35385597,3743.08295033,13040.5055915
2023-05-09,2023-05-09,10.86169609,10.48337164,1967.34533012,8406.9527709
2023-05-10,2023-05-10,11.26425881,10.73084321,3270.73368427,9788.64090299
2023-05-11,2023-05-11,9.71473721,11.23368622,1842.08497934,8043.8024137
2023-05-12,2023-05-12,12.65826587,10.81315145,4432.18939481,11455.73061619
2023-05-13,2023-05-13,6.49802831,10.44296282,1870.55280211,5575.30828649
2023-05-14,2023-05-14,2.87947615,9.89348816,976.39163184,4273.14261167
2023-05-15,2023-05-15,11.33552805,9.31599864,2803.59604751,9487.83697991
2023-05-16,2023-05-16,8.43164644,8.96884869,1699.32689797,7436.71215851
2023-05-17,2023-05-17,8.2878034,8.54364078,1944.61605328,8287.80340028
2023-05-18,2023-05-18,6.0601731,8.02156019,1796.87233573,7763.08174489
2023-05-19,2023-05-19,7.71594099,7.31551378,2034.47831975,7445.88305376
2023-05-20,2023-05-20,3.53702838,6.89251379,1543.06501076,4576.91472469
2023-05-21,2023-05-21,3.32246961,6.95579857,927.66900255,3923.83661461
2023-05-22,2023-05-22,7.80503742,6.45144276,1727.3800303,7367.95532071
2023-05-23,2023-05-23,9.82425363,6.65038665,2490.61080332,9352.68945842
2023-05-24,2023-05-24,9.28173378,6.7923767,1488.13956703,9068.25390405
2023-05-25,2023-05-25,17.47395728,8.4229173,9999.99887572,16897.31668685
2023-05-26,2023-05-26,10.17080063,8.77361153,2033.0489552,10109.77582826
2023-05-27,2023-05-27,5.79636161,9.09637342,1426.16909713,6005.03063194
2023-05-28,2023-05-28,3.28765305,9.09139963,1452.34877807,6789.00354734
2023-05-29,2023-05-29,8.15075829,9.14078832,1952.80104282,10587.8350195
2023-05-30,2023-05-30,9.37396303,9.0764611,2364.38601491,11492.4786701
2023-05-31,2023-05-31,6.45777142,8.6730379,1796.00972464,11326.93107011
2023-06-01,2023-06-01,6.69746749,7.13353936,1721.19395355,9463.52156524
2023-06-02,2023-06-02,8.6974802,6.92306501,1828.35820978,12437.39668282
2023-06-03,2023-06-03,8.17050636,7.26222855,1816.94568022,10564.46471757
2023-06-04,2023-06-04,5.22545514,7.53905742,2084.73803644,9541.68108882
2023-06-05,2023-06-05,11.98888413,8.08736111,3921.24354241,26039.85633239
2023-06-06,2023-06-06,13.5560692,8.68480485,3073.33422056,21459.25755039
2023-06-07,2023-06-07,28.50435202,11.83431636,3269.30981182,29359.48257676
2023-06-08,2023-06-08,10.12866458,12.32448738,2291.42053602,19882.56856633
2023-06-09,2023-06-09,7.16130576,12.10503388,2192.81937332,15697.58222233
2023-06-10,2023-06-10,17.2250702,13.398543,2997.37526746,24097.8732112
2023-06-11,2023-06-11,13.96211781,14.64663767,2771.994756,15707.38254125
2023-06-12,2023-06-12,14.40986806,14.99249252,3211.27705738,18372.58177508
2023-06-13,2023-06-13,13.23908087,14.94720847,2378.50801333,16350.2648712
2023-06-14,2023-06-14,12.91643592,12.72036331,2325.70737437,16042.2134111
2023-06-15,2023-06-15,19.84677633,14.10866499,3542.61190945,25344.33336997
2023-06-16,2023-06-16,20.74172027,16.04872421,4688.39159045,25885.66689543
2023-06-17,2023-06-17,11.78624656,15.2717494,2293.20908125,14662.09071853
2023-06-18,2023-06-18,15.20068861,15.44868809,2961.63126698,16857.56366776
2023-06-19,2023-06-19,13.48178495,15.31610479,2139.01800851,16002.87873358
2023-06-20,2023-06-20,20.78360806,16.39389439,3665.3050868,23963.50009168
2023-06-21,2023-06-21,19.62567138,17.35235659,3069.15027515,26965.67246946
2023-06-22,2023-06-22,16.50984304,16.87565184,3052.14100693,22915.66213286
2023-06-23,2023-06-23,22.24221173,17.09000776,2765.59810398,25689.75455054
2023-06-24,2023-06-24,13.09802509,17.27740469,2589.58241354,18245.54895006
2023-06-25,2023-06-25,16.20637388,17.42107402,1847.021516,18750.77457406
2023-06-26,2023-06-26,13.47303275,17.4198237,3019.42204887,17393.68527631
2023-06-27,2023-06-27,14.23037211,16.48364714,2049.29041948,18143.72443446
2023-06-28,2023-06-28,16.9902926,16.10716446,3403.15556184,18927.18595228
2023-06-29,2023-06-29,14.72378555,15.85201339,2345.82105591,19862.38670858
2023-06-30,2023-06-30,16.43126836,15.02187862,3066.95783665,23151.65712202
2023-07-01,2023-07-01,12.69794792,14.96472474,2358.52314388,15224.83955968
2023-07-02,2023-07-02,11.7345313,14.32589008,1912.10485546,13823.27787306
2023-07-03,2023-07-03,14.44725491,14.46506468,3131.16382014,18463.59177134
2023-07-04,2023-07-04,16.34660844,14.76738415,3414.13896384,20580.38003174
2023-07-05,2023-07-05,15.41736911,14.5426808,2722.7708007,19333.38086093
2023-07-06,2023-07-06,16.54504497,14.80286072,2617.86883732,21045.29720233
2023-07-07,2023-07-07,15.92946445,14.73117444,2915.07081437,20787.95110864
2023-07-08,2023-07-08,12.17410862,14.65634026,2077.89678078,14426.31871372
2023-07-09,2023-07-09,13.16857934,14.86120426,1753.75522329,14485.43727231
2023-07-10,2023-07-10,14.32143801,14.84323042,3087.45122224,18675.15517038
2023-07-11,2023-07-11,15.81187843,14.76684042,2942.43143354,19163.99665379
2023-07-12,2023-07-12,14.5165173,14.6381473,2806.51724011,18827.92294389
2023-07-13,2023-07-13,16.70025809,14.66032061,3277.07044276,22194.64300177
2023-07-14,2023-07-14,16.00997787,14.67182252,2865.29009066,20925.04107102
2023-07-15,2023-07-15,11.13505702,14.52338658,2803.89893318,12927.80119714
2023-07-16,2023-07-16,9.1105322,13.94366556,1884.63022165,10085.35915045
2023-07-17,2023-07-17,10.8296384,13.44483704,1972.86428903,13818.61859848
2023-07-18,2023-07-18,12.62564179,12.98966038,2904.15903134,15163.39579356
2023-07-19,2023-07-19,15.26809363,13.09702843,6160.40427411,18428.58901316
2023-07-20,2023-07-20,11.55587819,12.36211701,1938.68429677,14363.95658889
2023-07-21,2023-07-21,9.27609821,11.40013421,2069.1162725,11409.60079993
2023-07-22,2023-07-22,6.51560275,10.74021217,1543.34192584,7043.36656874
2023-07-23,2023-07-23,7.71536019,10.54090188,1622.51255499,8810.94133289
2023-07-24,2023-07-24,10.51004404,10.49524554,1806.27506454,12990.41443272
2023-07-25,2023-07-25,11.64887089,10.35570684,1942.08901425,13932.04958381
2023-07-26,2023-07-26,15.80141674,10.43189586,2447.42555768,18092.62216692
2023-07-27,2023-07-27,14.8087771,10.8965957,2281.95906613,17948.23785032
2023-07-28,2023-07-28,14.49682755,11.64241418,2128.79865535,17222.23113524
2023-07-29,2023-07-29,13.61037915,12.65595367,1818.56944979,15080.30010156
2023-07-30,2023-07-30,11.03006777,13.12948332,1601.73661812,12408.82624499
2023-07-31,2023-07-31,11.23331419,13.23280763,2050.90965515,13289.01068647
2023-08-01,2023-08-01,11.08114011,13.15170323,1871.82394367,13796.01943919
2023-08-02,2023-08-02,14.0926467,12.90759322,2440.31992067,17517.15984309
2023-08-03,2023-08-03,12.33745498,12.55454721,2075.01536854,14804.94597816
2023-08-04,2023-08-04,9.98845571,11.91049409,1692.5629508,11586.60862003
2023-08-05,2023-08-05,7.85175846,11.08783399,1803.46721089,9555.5900496
2023-08-06,2023-08-06,9.03377179,10.80264885,1777.6997246,9873.91257023
2023-08-07,2023-08-07,14.49791828,11.26902086,2907.34519202,16513.12891736
2023-08-08,2023-08-08,12.91261622,11.53066031,3193.16043273,15766.30440258
2023-08-09,2023-08-09,11.25582878,11.1254006,2604.85684233,13248.11047863
2023-08-10,2023-08-10,9.41541911,10.70796691,2028.98802756,11081.94829203
2023-08-11,2023-08-11,8.8512649,10.54551108,2021.69885831,10603.81535449
2023-08-12,2023-08-12,9.4918782,10.7798139,1660.11976148,10498.01729088
2023-08-13,2023-08-13,8.41670592,10.69166163,1650.51683166,8719.70733231
2023-08-14,2023-08-14,9.30499619,9.94981562,1969.86267923,11286.96038202
2023-08-15,2023-08-15,12.1493164,9.84077279,1945.06330484,13813.77274705
2023-08-16,2023-08-16,10.0198284,9.6642013,1837.47774515,11993.73459159
2023-08-17,2023-08-17,16.10189384,10.61941198,3137.21146352,19177.35556013
2023-08-18,2023-08-18,15.26935849,11.53628249,4362.34577514,19483.70143057
2023-08-19,2023-08-19,10.2778719,11.64856731,2814.08897934,11377.60418912
2023-08-20,2023-08-20,9.91496306,11.86260404,2095.26131063,10123.17728135
2023-08-21,2023-08-21,13.34102679,12.43917984,3307.00245346,16115.96036144
2023-08-22,2023-08-22,12.2167386,12.44881158,3986.31087754,14427.96829027
2023-08-23,2023-08-23,19.82035418,13.84888669,8660.78429894,22575.38341251
2023-08-24,2023-08-24,10.10028154,12.99151351,2390.88637213,11908.23193254
2023-08-25,2023-08-25,8.96361402,12.09069287,2424.86852868,10854.93658055
2023-08-26,2023-08-26,6.92039689,11.61105358,1454.52532552,7619.35697272
2023-08-27,2023-08-27,7.3850067,11.24963125,2005.18830069,7436.70174973
2023-08-28,2023-08-28,7.11205494,10.35977812,2142.72012139,8513.12976417
2023-08-29,2023-08-29,17.25607585,11.07968345,3822.12496733,20603.75456576
2023-08-30,2023-08-30,11.71544022,9.92183859,2694.71598242,13238.44745224
2023-08-31,2023-08-31,3.1023974,8.92214086,2272.69508911,10597.78952644
2023-09-01,2023-09-01,8.86522656,8.90808551,2767.70956545,12757.06101741
2023-09-02,2023-09-02,7.58247725,9.00266842,1832.06757003,8704.68388723
2023-09-03,2023-09-03,6.49647408,8.87573519,2333.96411054,9231.48966346
2023-09-04,2023-09-04,6.1881257,8.74374529,1592.1573435,8861.39599624
2023-09-05,2023-09-05,7.77987678,7.39000257,2534.24373509,9110.23570927
2023-09-06,2023-09-06,9.04291349,7.00821304,1727.08086916,10336.05012058
2023-09-07,2023-09-07,8.69200921,7.80672901,2656.82944987,10204.41880767
2023-09-08,2023-09-08,12.44352884,8.31791505,4087.81746393,13040.8182234
2023-09-09,2023-09-09,7.47569459,8.30266038,1501.28746194,6152.49665023
2023-09-10,2023-09-10,8.94754423,8.65281326,1504.0497414,7193.8255613
2023-09-11,2023-09-11,5.67538346,8.57956437,1663.78871004,11027.27007133
2023-09-12,2023-09-12,11.492411,9.1099264,2603.17981854,14020.74141736
2023-09-13,2023-09-13,8.22321144,8.99282611,1773.11216687,9637.60380993
2023-09-14,2023-09-14,9.98540348,9.17759672,2411.97243772,12102.30901373
2023-09-15,2023-09-15,9.46871923,8.75262392,1795.81323928,11286.71331834
2023-09-16,2023-09-16,6.79830976,8.65585466,1178.94132735,7552.92214062
2023-09-17,2023-09-17,6.12675082,8.25288417,1000.46653093,6102.24381695
2023-09-18,2023-09-18,13.70110238,9.39941544,1987.95850845,12605.01418819
2023-09-19,2023-09-19,11.58122892,9.41210372,1763.54046964,12252.94020035
2023-09-20,2023-09-20,9.6902587,9.6216819,1624.24964806,10707.73586425
2023-09-21,2023-09-21,7.27120842,9.23393975,2313.0620164,10805.01570886
2023-09-22,2023-09-22,4.05667898,8.46079114,1628.01294528,7590.04637689
2023-09-23,2023-09-23,4.90101792,8.18974945,1092.14739827,5572.45737311
2023-09-24,2023-09-24,4.05358232,7.89358252,1239.6161438,7458.59147193
2023-09-25,2023-09-25,5.06769559,6.66023869,1951.16939901,11240.14882949
2023-09-26,2023-09-26,4.31056124,5.62157188,1307.49060735,9172.87431737
2023-09-27,2023-09-27,7.92365557,5.36920001,1846.81731959,11544.76616668
2023-09-28,2023-09-28,13.80395886,6.30245007,3287.36932217,16675.18230002
2023-09-29,2023-09-29,8.74914874,6.97280289,2456.79749314,10498.9784916
2023-09-30,2023-09-30,4.5482526,6.92240785,1907.90048909,6926.98870373
2023-10-01,2023-10-01,4.78531594,7.02694122,2600.33743168,8182.89026111
2023-10-02,2023-10-02,13.53297747,8.2362672,3340.19443543,17579.33773011
2023-10-03,2023-10-03,8.87156436,8.88783908,2034.83181752,9705.49140902
2023-10-04,2023-10-04,6.99130122,8.7546456,4026.41636057,12136.89892273
2023-10-05,2023-10-05,7.53106787,7.85851831,3119.55305986,12855.53285143
2023-10-06,2023-10-06,8.72982536,7.85575783,3537.62538832,11968.59056223
2023-10-07,2023-10-07,6.44083927,8.12612736,2230.4870526,6943.22472804
2023-10-08,2023-10-08,5.58399355,8.24022416,1733.27746892,5896.69718505
2023-10-09,2023-10-09,7.99892926,7.44964584,2006.14773017,9078.78470503
2023-10-10,2023-10-10,8.86571279,7.4488099,2325.39249666,9415.38698803
2023-10-11,2023-10-11,7.02795105,7.45404559,2068.70137211,8032.94805353
2023-10-12,2023-10-12,7.68737715,7.47637549,2026.52095698,8909.67011563
2023-10-13,2023-10-13,8.2581335,7.40899094,1908.3826251,9901.50206375
2023-10-14,2023-10-14,6.8628764,7.46928196,2156.62016721,7308.96336585
2023-10-15,2023-10-15,7.31699864,7.71685411,2174.15714413,7412.1196252
2023-10-16,2023-10-16,16.58101306,8.94286608,3807.47152678,20742.84733281
2023-10-17,2023-10-17,13.23507571,9.56706079,2799.51316357,15471.80350235
2023-10-18,2023-10-18,8.97208014,9.84479351,2863.74733044,10183.31095358
2023-10-19,2023-10-19,14.24478477,10.78156603,3552.80193229,15882.93501479
2023-10-20,2023-10-20,16.41870051,11.94736132,2980.50184507,19735.27801111
2023-10-21,2023-10-21,7.40599306,12.02494941,1655.49087364,8583.54596083
2023-10-22,2023-10-22,7.20305334,12.00867151,1768.19871178,7973.78004789
2023-10-23,2023-10-23,15.70797466,11.88395174,3193.33156905,18488.28617172
2023-10-24,2023-10-24,13.96994971,11.98893374,3577.10871467,17308.76769659
2023-10-25,2023-10-25,14.45727559,12.77253309,3633.61625781,14717.50654905
2023-10-26,2023-10-26,10.21340239,12.19662132,2813.93221352,12838.24680828
2023-10-27,2023-10-27,13.67843386,11.80515466,5065.18748369,14991.56350782
2023-10-28,2023-10-28,7.6835392,11.84480411,2036.52788663,7499.13426178
2023-10-29,2023-10-29,9.32800122,12.14836809,2529.11409494,7574.33699046
2023-10-30,2023-10-30,15.42303645,12.10766263,3065.95704626,13109.58098257
2023-10-31,2023-10-31,12.26845142,11.86459145,2785.52018494,11556.88124125
2023-11-01,2023-11-01,16.70540517,12.18575282,3801.10751523,15268.74032679
2023-11-02,2023-11-02,15.66760144,12.96492411,4308.12734887,15542.26063
2023-11-03,2023-11-03,14.99557436,13.15308704,3757.65056553,14890.60533811
2023-11-04,2023-11-04,6.16544507,12.93621645,1902.36433998,6603.19166562
2023-11-05,2023-11-05,5.99184082,12.4596221,1473.26178984,6375.31863549
2023-11-06,2023-11-06,8.65363106,11.49256419,1725.72880477,8324.79308187
2023-11-07,2023-11-07,10.72096497,11.2714947,3240.16978125,12693.62252851
2023-11-08,2023-11-08,11.58394966,10.5398582,4656.5681162,13263.62236205
2023-11-09,2023-11-09,16.99267507,10.72915443,4104.79194265,18963.82537381
2023-11-10,2023-11-10,9.76055932,9.98129514,3165.59231669,14933.65575983
2023-11-11,2023-11-11,5.85105897,9.93638284,1565.55244761,8448.92915471
2023-11-12,2023-11-12,8.64602223,10.31555161,1350.17089881,8533.62394478
2023-11-13,2023-11-13,9.95037694,10.50080102,2197.86986913,10189.18598854
2023-11-14,2023-11-14,10.33971617,10.44633691,1971.37360516,11156.55375127
2023-11-15,2023-11-15,14.76475975,10.90073835,3214.4763586,14307.05219778
2023-11-16,2023-11-16,9.32485227,9.80533509,1629.54606179,7786.25164639
2023-11-17,2023-11-17,5.43705224,9.18769122,1976.86072595,8248.00824892
2023-11-18,2023-11-18,4.58843182,9.00731592,1323.77718422,4689.37731939
2023-11-19,2023-11-19,6.6714515,8.72523438,1616.02780768,6564.70827704
2023-11-20,2023-11-20,12.65464109,9.11155783,2598.63949234,12869.769987
2023-11-21,2023-11-21,13.03258637,9.49625358,2014.49618439,13905.76965482
2023-11-22,2023-11-22,17.05517692,9.82345603,2331.12911251,16355.91466977
2023-11-23,2023-11-23,9.55106144,9.85577163,1454.22131235,8901.58926539
2023-11-24,2023-11-24,15.32449304,11.26826317,1745.86997598,14972.02970183
2023-11-25,2023-11-25,7.85032258,11.73424756,1165.89153549,7010.33805982
2023-11-26,2023-11-26,8.87499728,12.04903982,2038.14858481,7801.12261346
2023-11-27,2023-11-27,10.92719767,11.80226219,2569.94214807,9670.56993527
2023-11-28,2023-11-28,17.13542496,12.38838198,3864.17962539,16501.41423312
2023-11-29,2023-11-29,11.61542459,11.61127451,2148.1095873,11917.42563188
2023-11-30,2023-11-30,10.36359911,11.72735132,2414.04034381,9721.05596253
2023-12-01,2023-12-01,15.3281717,11.72787684,2849.90146445,15374.15621653
2023-12-02,2023-12-02,11.22612375,12.21013415,1621.9800797,10507.65183044
2023-12-03,2023-12-03,7.38989306,11.99797641,1193.90735053,6990.83883764
2023-12-04,2023-12-04,13.63012497,12.38410888,2924.90130708,14284.37096882
2023-12-05,2023-12-05,14.11373917,11.95243948,2071.62139285,12645.91029266
2023-12-06,2023-12-06,10.01603643,11.72395546,1921.01610388,12319.72481209
2023-12-07,2023-12-07,12.41807106,12.01745145,1986.81119386,11610.89644208
2023-12-08,2023-12-08,12.03709299,11.54729735,2125.35266637,12602.83635734
2023-12-09,2023-12-09,7.68244491,11.04105751,1208.0668301,7367.46467272
2023-12-10,2023-12-10,5.51681837,10.77347541,1095.32638755,5020.30471438
2023-12-11,2023-12-11,11.24438225,10.43265503,2124.61093441,11075.71651971
2023-12-12,2023-12-12,9.82588907,9.82010501,2003.77391289,9766.9337363
2023-12-13,2023-12-13,7.87737026,9.51458127,3023.9845917,14447.09705542
2023-12-14,2023-12-14,9.17656257,9.05150863,1703.15719179,8846.2063167
2023-12-15,2023-12-15,7.64261193,8.42372562,1650.00779048,7787.82155802
2023-12-16,2023-12-16,4.31422656,7.94255157,1109.93005929,4598.965508
2023-12-17,2023-12-17,3.87804771,7.70844148,928.93792258,4033.16962045
2023-12-18,2023-12-18,10.9644471,7.66845074,4983.22619357,13486.26993474
2023-12-19,2023-12-19,9.51277094,7.62371958,1440.88933632,8846.87697678
2023-12-20,2023-12-20,13.36505634,8.40767474,2388.28716029,12523.05778642
2023-12-21,2023-12-21,10.02151779,8.52838262,1493.13991032,8939.1938706
2023-12-22,2023-12-22,8.91830657,8.71062472,1907.61817693,10764.39602876
2023-12-23,2023-12-23,5.6976557,8.90825745,1160.05467124,5082.30888619
2023-12-24,2023-12-24,9.19505636,9.66783011,1226.26585612,8404.28151424
2023-12-25,2023-12-25,7.57157272,9.18313377,1474.27379972,6647.84084609
2023-12-26,2023-12-26,8.59446573,9.05194732,1489.82584534,7975.66419497
2023-12-27,2023-12-27,11.34763581,8.76374438,3051.47815239,10303.6533145
2023-12-28,2023-12-28,9.37416904,8.67126599,2226.70352419,9036.69895627
2023-12-29,2023-12-29,10.99463081,8.96788374,2431.09764808,10170.03349942
2023-12-30,2023-12-30,6.14680318,9.03204766,821.50620517,5704.23334643
2023-12-31,2023-12-31,6.50070295,8.64714003,1354.13832054,5610.10664624
2024-01-01,2024-01-01,8.03763194,8.71371992,1733.78154258,7539.29875616
2024-01-02,2024-01-02,16.01106063,9.77323348,2096.71335518,15274.55184532
2024-01-03,2024-01-03,12.32436907,9.9127668,1906.02618277,11757.44809169
2024-01-04,2024-01-04,12.18471787,10.31427378,2042.35835479,12854.87735184
2024-01-05,2024-01-05,12.81507477,10.5743372,2900.98620932,11956.4647604
2024-01-06,2024-01-06,7.2059493,10.72564379,1935.62924658,6615.06146046
2024-01-07,2024-01-07,7.01255416,10.79876539,1610.16662659,6037.80913431
2024-01-08,2024-01-08,14.86500808,11.77410484,2684.6588897,13958.24258491
2024-01-09,2024-01-09,14.08090127,11.49836779,1973.42484378,13024.83367175
2024-01-10,2024-01-10,14.40573825,11.79570624,2666.76080012,13570.20543359
2024-01-11,2024-01-11,18.92782247,12.7590069,3254.24457544,18076.07046126
2024-01-12,2024-01-12,15.52630706,13.1463258,2049.31978386,14361.83403026
2024-01-13,2024-01-13,10.59248668,13.63011685,1639.92261593,9045.9836229
2024-01-14,2024-01-14,8.3173602,13.81651772,1489.3214876,7127.97768872
2024-01-15,2024-01-15,10.31834983,13.16699511,1917.21697631,9173.01299953
2024-01-16,2024-01-16,11.83407048,12.84601928,2050.8496235,10638.8293607
2024-01-17,2024-01-17,9.41334254,12.13281989,2715.05931548,8528.48834208
2024-01-18,2024-01-18,10.06070533,10.86608887,1988.27539782,9275.97031649
2024-01-19,2024-01-19,12.31848953,10.40782923,2173.01833124,11271.41792409
2024-01-20,2024-01-20,8.01478152,10.03958563,1457.28367001,6860.65298048
2024-01-21,2024-01-21,6.85188509,9.83023205,1906.61189585,6015.95510586
2024-01-22,2024-01-22,12.55543293,10.14981535,2222.58456793,11287.3342061
2024-01-23,2024-01-23,11.45603426,10.09581017,2309.1699442,10906.14461414
2024-01-24,2024-01-24,8.90317503,10.0229291,1760.34726713,9107.9480509
2024-01-25,2024-01-25,5.18719602,9.32671348,2180.8658169,10924.23481266
2024-01-26,2024-01-26,9.85803977,8.97522066,3011.30565172,14264.58355123
2024-01-27,2024-01-27,5.72532302,8.64815516,1556.21045738,7139.47781108
2024-01-28,2024-01-28,7.01255278,8.67110769,1368.84443054,6346.36026629
2024-01-29,2024-01-29,10.9226196,8.43784864,2100.40557778,9699.28620819
2024-01-30,2024-01-30,17.50124512,9.30145019,4084.05865438,15821.1255922
2024-01-31,2024-01-31,10.14089478,9.4782673,2323.41681163,10546.5305674
2024-02-01,2024-02-01,5.61962412,9.54004274,2369.54153007,10160.28040323
2024-02-02,2024-02-02,3.58021502,8.64321063,3059.29994756,12598.77666458
2024-02-03,2024-02-03,3.73897867,8.35944716,1006.82660446,5455.16987586
2024-02-04,2024-02-04,1.87321741,7.62525639,1036.93180758,4905.95640206
2024-02-05,2024-02-05,7.96892032,7.20329935,1803.12474116,7323.43777401
2024-02-06,2024-02-06,10.47394948,6.19939997,2297.76149907,9342.76293963
2024-02-07,2024-02-07,5.46564579,5.53150726,4846.56332063,13729.70221823
2024-02-08,2024-02-08,15.80306726,6.98628485,2179.89142033,17652.02612493
2024-02-09,2024-02-09,16.26486751,8.79837806,2472.91613561,17191.96496132
2024-02-10,2024-02-10,4.16116735,8.85869073,1816.18677812,7240.43119483
2024-02-11,2024-02-11,5.91557071,9.43616977,1226.8059546,5820.92157668
2024-02-12,2024-02-12,10.34245998,9.77524687,2550.03817463,12048.96587342
2024-02-13,2024-02-13,14.56866417,10.36020611,2827.65535844,14787.19412895
2024-02-14,2024-02-14,14.59636186,11.66459412,2423.54118639,13341.07473677
2024-02-15,2024-02-15,13.43738928,11.32664012,5721.51378571,16339.86536209
2024-02-16,2024-02-16,11.14350832,10.59501738,2093.17311901,11154.6518274
2024-02-17,2024-02-17,7.0698978,11.0105503,1645.48862815,7373.90340454
2024-02-18,2024-02-18,6.21505286,11.05333347,1254.2988687,5947.80558551
2024-02-19,2024-02-19,8.47775759,10.78694741,2027.99844994,8248.85813088
2024-02-20,2024-02-20,10.82863523,10.25265756,2700.76014429,10806.97795932
2024-02-21,2024-02-21,9.07396822,9.46374419,1294.76339939,8765.45329685
2024-02-22,2024-02-22,9.53793263,8.90667895,2294.04966157,10415.42242932
2024-02-23,2024-02-23,9.04625701,8.60707162,2090.54914208,8910.56315297
2024-02-24,2024-02-24,6.0607644,8.46290971,1253.28074151,5885.00223309
2024-02-25,2024-02-25,5.88222021,8.41536218,1119.50315997,6305.74006705
2024-02-26,2024-02-26,14.55352202,9.28332853,3082.51493689,15397.62629683
2024-02-27,2024-02-27,16.70198,10.12237778,2717.34168677,15198.80180018
2024-02-28,2024-02-28,16.40060965,11.16904085,4379.58807375,19385.52061008
2024-02-29,2024-02-29,17.84611542,12.3559241,4869.30155757,17007.3479973
2024-03-01,2024-03-01,15.20973789,13.23642137,3482.174289,14844.70418367
2024-03-02,2024-03-02,8.62151878,13.60224342,2020.09031972,7474.85677873
2024-03-03,2024-03-03,7.83004039,13.88050345,1356.12955301,6992.22607229
2024-03-04,2024-03-04,15.56666006,14.02523746,2609.75910102,13792.06081319
2024-03-05,2024-03-05,20.13268849,14.51533867,4939.51006827,19307.24825966
2024-03-06,2024-03-06,13.38846714,14.0850326,1679.725504,12009.45502547
2024-03-07,2024-03-07,8.03630271,12.68363078,1780.39941892,11821.40128127
2024-03-08,2024-03-08,12.80479175,12.34006705,3360.97882383,16466.9621862
2024-03-09,2024-03-09,9.95411473,12.5304379,1997.55545033,9197.60201091
2024-03-10,2024-03-10,12.00723299,13.1271797,4003.72558295,10842.53139042
2024-03-11,2024-03-11,14.20508735,12.93266931,2376.59800179,13793.13981373
2024-03-12,2024-03-12,11.61740519,11.71620027,2696.47976184,11721.96183254
2024-03-13,2024-03-13,16.45646664,12.15448591,3142.78425791,15304.51397663
2024-03-14,2024-03-14,18.57176017,13.65955126,4695.74923592,17346.02399877
2024-03-15,2024-03-15,19.59437696,14.629492,3330.92215288,18222.77057718
2024-03-16,2024-03-16,9.92023177,14.62465158,2198.93086146,8888.52766666
2024-03-17,2024-03-17,8.57091677,14.13374926,2044.00172084,7730.96693019
2024-03-18,2024-03-18,10.25078105,13.56884836,2739.82465717,10394.29198951
2024-03-19,2024-03-19,16.31618052,14.24010198,3977.40413095,16838.298293
2024-03-20,2024-03-20,16.29855607,14.21754333,2333.90105266,14538.3120186
2024-03-21,2024-03-21,15.29462442,13.74938108,3195.29272143,12495.70815514
2024-03-22,2024-03-22,13.67739797,12.90409837,3224.54513623,12268.62597473
2024-03-23,2024-03-23,7.67352702,12.58314055,1623.55530365,6576.2126546
2024-03-24,2024-03-24,3.17021106,11.81161116,1181.76745606,6089.97545216
2024-03-25,2024-03-25,14.67604539,12.44379178,2724.73666505,12357.23022233
2024-03-26,2024-03-26,9.8854412,11.52511473,2057.15661366,9104.49134958
2024-03-27,2024-03-27,11.46170324,10.83413576,2418.13256885,10223.83928859
2024-03-28,2024-03-28,14.40643796,10.70725198,3489.03134987,13167.4842918
2024-03-29,2024-03-29,8.63019772,9.98622337,1315.37420082,7724.02695935
2024-03-30,2024-03-30,6.02800434,9.7511487,1137.7385207,5196.13974443
2024-03-31,2024-03-31,5.57936966,10.09531422,1297.94905576,4614.13870548
2024-04-01,2024-04-01,11.41585541,9.62957279,3299.27590287,10308.51743338
2024-04-02,2024-04-02,16.4862145,10.5725404,3724.22632717,15068.40005037
2024-04-03,2024-04-03,10.16191778,10.38685677,2203.99745435,8292.12490626
2024-04-04,2024-04-04,14.67478572,10.42519216,3053.83830359,13031.20972138
2024-04-05,2024-04-05,14.34367985,11.24140389,5390.85593625,12263.84627471
2024-04-06,2024-04-06,5.13858941,11.11434462,1365.63876273,4994.70890721
2024-04-07,2024-04-07,5.01786859,11.03413018,950.58476132,4345.47419571
2024-04-08,2024-04-08,11.16073716,10.99768472,2275.58254291,9274.57258162
2024-04-09,2024-04-09,10.94616215,10.20624867,2449.09757457,9052.47610022
2024-04-10,2024-04-10,10.83245395,10.30203955,1599.27100073,8730.95788608
2024-04-11,2024-04-11,8.14904589,9.369791,1460.13440663,6600.7271718
2024-04-12,2024-04-12,10.83097113,8.86797547,2375.86298453,9011.36798375
2024-04-13,2024-04-13,11.76528166,9.81464579,2268.49881127,9600.46983689
2024-04-14,2024-04-14,9.8128448,10.49964239,1258.90681007,8183.91256659
2024-04-15,2024-04-15,10.88312331,10.45998327,1918.63691862,8891.51174432
2024-04-16,2024-04-16,10.15407722,10.34682828,1382.44380671,8346.65147685
2024-04-17,2024-04-17,13.6103305,10.74366779,3879.43848314,10820.21274383
2024-04-18,2024-04-18,33.7276195,14.39774973,18537.61413141,27420.55465208
2024-04-19,2024-04-19,9.99243456,14.27795879,1646.79501752,8263.74337765
2024-04-20,2024-04-20,4.00476989,13.16931425,833.36643493,3135.73482267
2024-04-21,2024-04-21,5.07310035,12.4922079,1361.97860723,4058.48027697
2024-04-22,2024-04-22,10.87455776,12.49098425,2276.92633237,8688.77165231
2024-04-23,2024-04-23,7.19859899,12.06877308,2039.91847923,5665.29740461
2024-04-24,2024-04-24,5.54627732,10.91676548,1139.86086345,4581.22506241
2024-04-25,2024-04-25,10.05342294,7.5347374,2067.98823862,7861.77674202
2024-04-26,2024-04-26,8.42954193,7.31146703,1307.46487043,6996.51980185
2024-04-27,2024-04-27,3.9326434,7.30116324,691.53639294,3507.91791034
2024-04-28,2024-04-28,4.88450628,7.27422123,887.85807573,4161.59934699
2024-04-29,2024-04-29,8.03307309,6.86829485,1360.92755633,7350.26187493
2024-04-30,2024-04-30,8.67973398,7.07988556,1736.60441672,7464.57122441
2024-05-01,2024-05-01,12.48866763,8.07165561,2968.9645425,10977.53884845
2024-05-02,2024-05-02,10.81737519,8.18079164,2429.94103804,9151.49940967
2024-05-03,2024-05-03,12.73526082,8.79589434,3681.7753877,10761.29539381
2024-05-04,2024-05-04,6.78937182,9.2039984,1799.51668199,5275.34190043
2024-05-05,2024-05-05,4.86988174,9.20190918,1273.57107714,3998.17290523
2024-05-06,2024-05-06,9.11579049,9.3565831,1923.98062635,7438.4850407
2024-05-07,2024-05-07,6.43386187,9.03574422,1029.33749957,5275.76673026
2024-05-08,2024-05-08,8.33678089,8.44261755,2688.94121729,6927.8649168
2024-05-09,2024-05-09,10.486183,8.39530438,2665.07231008,8588.1838783
2024-05-10,2024-05-10,7.70821982,7.67715566,1369.723061,6451.77998635
2024-05-11,2024-05-11,5.24710477,7.4568318,958.07239171,4260.64907326
2024-05-12,2024-05-12,3.64473843,7.28181132,616.3272548,3852.48852463
2024-05-13,2024-05-13,2.49756632,6.33635073,2958.30006464,9043.68763965
2024-05-14,2024-05-14,0.81753072,5.53401771,1443.45010167,5604.17306769
2024-05-15,2024-05-15,8.92232909,5.61766745,3058.35449761,15051.96917902
2024-05-16,2024-05-16,8.95930305,5.39954174,2479.69394081,9039.93677292
2024-05-17,2024-05-17,7.61197135,5.38579196,3438.37291553,8753.76705763
2024-05-18,2024-05-18,6.58637647,5.57711649,2160.86011239,5209.82378794
2024-05-19,2024-05-19,5.08008986,5.78216669,1773.28987792,4064.07188857
2024-05-20,2024-05-20,12.68028486,7.23684077,2337.57981495,10461.23500817
2024-05-21,2024-05-21,11.28929791,8.73280751,1980.87028816,9878.13566714
2024-05-22,2024-05-22,13.6792113,9.41236211,4578.85400511,11230.63248089
2024-05-23,2024-05-23,8.89820063,9.4036332,1819.27209865,7394.40472536
2024-05-24,2024-05-24,11.39030632,9.94339534,1566.6979731,8975.56137671
2024-05-25,2024-05-25,5.09589305,9.73046913,1043.58537186,4163.34462336
2024-05-26,2024-05-26,5.65464654,9.81254866,1618.72450944,4461.51612135
2024-05-27,2024-05-27,8.18500986,9.17036652,2391.39096842,6769.0031579
2024-05-28,2024-05-28,8.16047241,8.72339144,1982.55110696,6536.53839855
2024-05-29,2024-05-29,5.16581017,7.50719128,926.14315457,4458.09417798
2024-05-30,2024-05-30,10.38504638,7.71959782,1495.7513906,8079.56608407
2024-05-31,2024-05-31,9.50271201,7.44994149,1707.25256332,8029.79165084
2024-06-01,2024-06-01,3.27214998,7.18940676,623.72175545,2571.90988769
2024-06-02,2024-06-02,5.05162486,7.10326081,927.18878924,3909.95764267
2024-06-03,2024-06-03,13.02935147,7.79530961,2495.68665594,10462.56922705
2024-06-04,2024-06-04,11.70476882,8.30163767,1994.55832505,9153.12921509
2024-06-05,2024-06-05,14.6846623,9.66147369,4462.14295174,11688.99118757
2024-06-06,2024-06-06,9.01267476,9.4654206,1707.66894851,7047.91165897
2024-06-07,2024-06-07,6.37139941,9.01809023,2048.15956297,5326.48990484
2024-06-08,2024-06-08,3.44576735,9.04289271,958.23399109,2760.05964566
2024-06-09,2024-06-09,2.67212689,8.70296443,772.58621834,2076.24259197
2024-06-10,2024-06-10,4.15482254,7.43517458,1194.39530693,3452.65752827
2024-06-11,2024-06-11,10.38465194,7.24658646,2728.48167098,8785.41554469
2024-06-12,2024-06-12,10.6848138,6.67517953,2615.63161353,8526.48141335
2024-06-13,2024-06-13,11.99934182,7.10184625,3928.38867605,9683.46884568
2024-06-14,2024-06-14,7.96834795,7.32998176,1909.35461772,6302.96323212
2024-06-15,2024-06-15,3.76804217,7.37602102,944.48352732,2965.44918526
2024-06-16,2024-06-16,2.88206236,7.4060118,964.66330713,3302.84347028
2024-06-17,2024-06-17,10.06486192,8.25030314,2226.46074339,8031.75981541
2024-06-18,2024-06-18,11.09108367,8.35122196,2918.36266121,9150.14402629
2024-06-19,2024-06-19,11.80429267,8.51114751,5588.90878321,9372.6083833
2024-06-20,2024-06-20,7.81602969,7.91353149,1829.34047891,6338.8000816
2024-06-21,2024-06-21,7.10383523,7.79002967,1601.12180508,5747.00270503
2024-06-22,2024-06-22,4.59227494,7.90777721,1146.89254614,3600.34355598
2024-06-23,2024-06-23,3.89812647,8.05292923,779.22327049,3071.7236576
2024-06-24,2024-06-24,8.15209353,7.7796766,1288.6303751,6970.03997186
2024-06-25,2024-06-25,9.12628968,7.49899174,2602.09088413,10166.6867073
2024-06-26,2024-06-26,5.81137349,6.64286043,2025.92541319,6607.53165632
2024-06-27,2024-06-27,4.84778156,6.21882499,1386.27981839,5613.73104119
2024-06-28,2024-06-28,6.68764247,6.15936888,2726.38640476,6975.21110048
2024-06-29,2024-06-29,2.84439322,5.90967149,960.16639459,3211.31995042
2024-06-30,2024-06-30,3.15093498,5.80292985,1291.54076737,3494.38689742
2024-07-01,2024-07-01,6.59966766,5.58115472,1797.52193361,7365.22911195
2024-07-02,2024-07-02,5.37249028,5.04489767,1740.58226276,5775.42705209
2024-07-03,2024-07-03,6.47749751,5.14005824,2155.85019404,6373.8575499
2024-07-04,2024-07-04,7.89480675,5.57534755,2025.99051329,9236.92389582
2024-07-05,2024-07-05,13.46411113,6.5434145,2957.15004942,15712.61768474
2024-07-06,2024-07-06,6.27547251,7.03356869,2601.93617539,7072.45752301
2024-07-07,2024-07-07,5.76576366,7.40711564,1839.55111097,5973.33115434
2024-07-08,2024-07-08,6.897607,7.44967841,1999.12538619,7973.63369398
2024-07-09,2024-07-09,6.26930317,7.57779453,2258.54791839,6902.50278686
2024-07-10,2024-07-10,5.23536517,7.40034706,2364.21755705,6711.73814949
2024-07-11,2024-07-11,4.44190869,6.9070759,2008.37518777,5507.96677392
2024-07-12,2024-07-12,4.21387945,5.58561424,2637.0828397,6940.25944903
2024-07-13,2024-07-13,3.59569977,5.20278956,1003.79578311,3588.5083754
2024-07-14,2024-07-14,4.51626682,5.02429001,1301.79440032,5600.17085717
2024-07-15,2024-07-15,11.58196127,5.69348348,2700.05717625,13388.74722698
2024-07-16,2024-07-16,9.55563606,6.1629596,2715.39561803,10797.86874241
2024-07-17,2024-07-17,6.71491305,6.37432359,2232.50055297,7722.15001184
2024-07-18,2024-07-18,7.31440698,6.78468049,3281.62053109,7884.93072021
2024-07-19,2024-07-19,10.55367936,7.69036619,2840.04485831,13350.40438681
2024-07-20,2024-07-20,5.2726565,7.92993143,1610.47496643,5193.56665006
2024-07-21,2024-07-21,5.07863998,8.01027046,1339.82914883,5388.43702392
2024-07-22,2024-07-22,6.3788264,7.26696548,1882.57089782,8305.23197421
2024-07-23,2024-07-23,5.87447013,6.74108463,2668.22866225,6021.33188594
2024-07-24,2024-07-24,4.0394427,6.35887458,1486.38403564,4770.58182858
2024-07-25,2024-07-25,5.14912912,6.04954917,2779.52919822,6462.15704404
2024-07-26,2024-07-26,9.19520984,5.8554821,2489.97085148,9130.84336875
2024-07-27,2024-07-27,4.82592721,5.79166363,1811.91133131,5559.46814352
2024-07-28,2024-07-28,3.74678997,5.60139934,1013.56089435,4113.97538217
2024-07-29,2024-07-29,11.04949387,6.26863755,3736.76195215,12353.33414552
2024-07-30,2024-07-30,9.56526269,6.79589363,4729.94307784,10933.09525652
2024-07-31,2024-07-31,6.14534704,7.09673711,2953.86749613,7067.149093
2024-08-01,2024-08-01,7.55484482,7.44041078,2238.36511772,7479.29636701
2024-08-02,2024-08-02,9.16437562,7.43600589,2343.85355376,8825.29372152
2024-08-03,2024-08-03,5.17832814,7.48634888,1203.2020863,5675.44764096
2024-08-04,2024-08-04,6.37458156,7.86174768,1499.91458257,7012.03971315
2024-08-05,2024-08-05,21.45312939,9.34798132,3061.5016282,22675.95776912
2024-08-06,2024-08-06,11.02239337,9.55614285,2329.38994938,12411.21493848
2024-08-07,2024-08-07,11.16833732,10.27371289,2929.4348588,12139.98266427
2024-08-08,2024-08-08,9.06308894,10.48917633,2419.06601284,10567.5617072
2024-08-09,2024-08-09,7.97444459,10.31918619,3046.19765596,8293.42237541
2024-08-10,2024-08-10,2.93049471,9.99806713,849.21359999,3255.77962429
2024-08-11,2024-08-11,5.31031953,9.84602969,779.62721007,4041.15316479
2024-08-12,2024-08-12,6.24929231,7.67405297,1557.33669651,6842.9750778
2024-08-13,2024-08-13,6.80803095,7.07200119,2256.4967081,7795.19543794
2024-08-14,2024-08-14,8.93058187,6.75232184,2434.45172516,10064.76576199
2024-08-15,2024-08-15,11.38118736,7.08347876,2261.77438456,13133.89021837
2024-08-16,2024-08-16,11.85708439,7.63814159,3586.0663624,13279.93451699
2024-08-17,2024-08-17,2.53960779,7.5823006,790.08313933,2826.58347408
2024-08-18,2024-08-18,3.11342222,7.26845813,591.34064472,3368.72284011
2024-08-19,2024-08-19,6.46707993,7.29957064,2069.97048165,7204.32704622
2024-08-20,2024-08-20,6.80276234,7.29881799,2395.10240605,8898.01313917
2024-08-21,2024-08-21,9.33016715,7.3559016,2718.87263314,10375.1458656
2024-08-22,2024-08-22,6.88662325,6.71382101,1945.77667588,7940.2766051
2024-08-23,2024-08-23,12.36516405,6.78640382,2401.15680264,13453.29848597
2024-08-24,2024-08-24,5.40713354,7.19605035,1331.90123769,6126.28230033
2024-08-25,2024-08-25,4.26102211,7.3599932,1307.14569514,4942.78564998
2024-08-26,2024-08-26,7.1653845,7.45975099,1914.65023498,7444.83449925
2024-08-27,2024-08-27,6.18610074,7.37165648,2035.71871238,7652.20661782
2024-08-28,2024-08-28,9.4691835,7.39151596,1827.47569752,10671.76980069
2024-08-29,2024-08-29,9.5119504,7.76656269,2919.14788897,10643.87249977
2024-08-30,2024-08-30,7.70972038,7.10149931,2147.63561647,8927.85620351
2024-08-31,2024-08-31,3.57434096,6.8396718,894.04539783,3742.33498064
2024-09-01,2024-09-01,3.51752552,6.733458,959.83905961,4048.67187189
2024-09-02,2024-09-02,7.33759355,6.75805929,4259.63767747,8702.38594452
2024-09-03,2024-09-03,5.6094544,6.67568124,2765.11459026,6518.18601688
2024-09-04,2024-09-04,7.50443716,6.3950032,1834.22991977,7797.1102126
2024-09-05,2024-09-05,5.0464144,5.75706948,1128.71887292,5752.9124137
2024-09-06,2024-09-06,7.80740033,5.77102376,2356.47524949,8955.08818322
2024-09-07,2024-09-07,5.07431734,5.9853061,1147.57017044,5358.47911004
2024-09-08,2024-09-08,3.05437995,5.91914245,1083.21385986,3365.92670806
2024-09-09,2024-09-09,10.0617137,6.30830247,3196.10291016,11067.885074
2024-09-10,2024-09-10,6.2347669,6.39763283,2252.31902195,7961.79733557
2024-09-11,2024-09-11,8.86043144,6.59134629,3704.00215975,9870.52061882
2024-09-12,2024-09-12,8.25005405,7.0490091,2217.26416441,8885.30821313
2024-09-13,2024-09-13,12.35604988,7.69881618,5703.10569373,15086.73690801
2024-09-14,2024-09-14,5.84299009,7.80862657,3169.25580704,6532.46291522
2024-09-15,2024-09-15,3.78275415,7.91268003,1819.5906725,4183.72609254
2024-09-16,2024-09-16,5.50781746,7.26212342,1826.84366962,6543.28714038
2024-09-17,2024-09-17,8.57152112,7.59594546,2274.02356852,8520.09199385
2024-09-18,2024-09-18,6.38007419,7.24160871,2616.92031549,7209.48383346
2024-09-19,2024-09-19,10.82380304,7.60928713,2489.49642515,12566.435325
2024-09-20,2024-09-20,7.77165033,6.95437291,2152.85527175,9535.8149584
2024-09-21,2024-09-21,3.01216671,6.54996957,1411.78905329,3220.00620865
2024-09-22,2024-09-22,3.36775551,6.49068405,1294.30996996,3603.49840054
2024-09-23,2024-09-23,3.69200511,6.23128229,1527.80321672,4821.75867581
2024-09-24,2024-09-24,9.98144347,6.43269977,4975.73356933,12027.63938415
2024-09-25,2024-09-25,7.26187892,6.55867187,2948.87592552,7349.02147117
2024-09-26,2024-09-26,8.3828976,6.20997109,1837.04657987,9598.41775172
2024-09-27,2024-09-27,9.18250487,6.41152174,3870.91975001,10697.61816959
2024-09-28,2024-09-28,2.2180306,6.29807373,803.47607432,2402.1271413
2024-09-29,2024-09-29,2.24116974,6.1371329,1023.14283463,2458.56320335
2024-09-30,2024-09-30,7.69126356,6.70845554,2544.38512455,8383.47728539
2024-10-01,2024-10-01,8.60107233,6.51125966,4298.45761238,10140.66428277
2024-10-02,2024-10-02,7.89302576,6.60142349,3084.99945018,7987.74206739
2024-10-03,2024-10-03,5.59691981,6.20342667,1803.89699425,6358.10090371
2024-10-04,2024-10-04,5.66153866,5.70043149,2225.30653181,6488.12330648
2024-10-05,2024-10-05,3.05439078,5.81991152,1507.73241396,3240.70862152
2024-10-06,2024-10-06,4.54084847,6.14843705,2306.54866805,4967.68822954
2024-10-07,2024-10-07,10.66166743,6.57278046,4813.75007603,11706.51083531
2024-10-08,2024-10-08,6.20856494,6.23099369,2644.49237037,7909.71173465
2024-10-09,2024-10-09,5.29750911,5.8602056,2086.61545403,6055.05291235
2024-10-10,2024-10-10,6.62118518,6.00652922,2048.78518139,7342.89436968
2024-10-11,2024-10-11,12.9178437,7.04314423,2321.4743157,10993.08498828
2024-10-12,2024-10-12,5.39581119,7.37763286,1288.06309076,5201.56198867
2024-10-13,2024-10-13,2.34235563,7.06356245,937.62937342,3225.4237052
2024-10-14,2024-10-14,9.87057301,6.95054897,3206.45553209,10818.14801851
2024-10-15,2024-10-15,10.63579454,7.58301034,3327.60910612,13741.44654813
2024-10-16,2024-10-16,11.43462511,8.45974119,2742.51075852,11103.02098663
2024-10-17,2024-10-17,5.7960225,8.34186081,2205.86468257,6740.7741699
2024-10-18,2024-10-18,10.74590697,8.03158414,3633.32150242,12626.44069266
2024-10-19,2024-10-19,3.41390751,7.74845504,1530.86532404,3919.16581656
2024-10-20,2024-10-20,3.33604837,7.89041114,810.63276806,3442.80191409
2024-10-21,2024-10-21,7.30712983,7.52420498,2556.14147197,9280.05487844
2024-10-22,2024-10-22,7.81416909,7.12111563,3270.97782539,7462.53148179
2024-10-23,2024-10-23,6.05387534,6.35243709,3245.9980348,7385.72791592
2024-10-24,2024-10-24,6.46495122,6.44799833,2674.83366086,6969.21741647
2024-10-25,2024-10-25,9.62984901,6.28856148,4595.95368914,11238.03379374
2024-10-26,2024-10-26,3.8839608,6.35571195,1421.99105865,4179.14182143
2024-10-27,2024-10-27,3.04661976,6.31436501,1045.48503393,3296.44257636
2024-10-28,2024-10-28,9.80123664,6.67066598,3159.05605377,11114.60234615
2024-10-29,2024-10-29,12.08961177,7.28144351,3432.82701182,13999.77042625
2024-10-30,2024-10-30,11.41007346,8.04661467,4290.97685882,13144.4046244
2024-10-31,2024-10-31,7.5470106,8.20119458,2108.58989428,9116.78880296
2024-11-01,2024-11-01,9.8106973,8.22703005,3347.3398213,10762.33493295
2024-11-02,2024-11-02,3.63741142,8.19180871,1627.27311326,3932.04175021
2024-11-03,2024-11-03,3.93866845,8.31924423,2054.71899077,4344.35130043
2024-11-04,2024-11-04,6.65178704,7.86932286,2159.94081562,7436.69790587
2024-11-05,2024-11-05,7.79965461,7.25647184,2445.10668472,8977.40245895
2024-11-06,2024-11-06,24.73037363,9.15937186,4277.75789484,29206.57125341
2024-11-07,2024-11-07,16.32431583,10.41327261,4845.89485602,20242.15163265
2024-11-08,2024-11-08,15.86255634,11.2778239,3711.52139626,18575.05347143
2024-11-09,2024-11-09,4.54275787,11.40715911,1523.69395752,5069.71778717
2024-11-10,2024-11-10,9.90325847,12.2592434,2199.58412784,11656.13521875
2024-11-11,2024-11-11,13.66980704,13.26181768,3216.26660433,17470.013394
2024-11-12,2024-11-12,22.49563164,15.36124297,5598.565763,28029.5570277
2024-11-13,2024-11-13,21.94962403,14.96399303,5486.05202407,22256.91876362
2024-11-14,2024-11-14,13.53222464,14.56512286,3154.06146862,14425.35146709
2024-11-15,2024-11-15,10.57290239,13.80945801,5604.79536406,15626.74973698
2024-11-16,2024-11-16,8.26794091,14.34162702,2669.8927895,8408.49590187
2024-11-17,2024-11-17,4.22447044,13.53037158,1204.9611252,4896.16123635
2024-11-18,2024-11-18,11.63971765,13.24035881,4015.9006242,13536.99162983
2024-11-19,2024-11-19,13.70782975,11.98495854,5137.45649834,15859.95901701
2024-11-20,2024-11-20,15.20936571,11.0220645,3578.74964009,17566.81739486
2024-11-21,2024-11-21,14.98796486,11.23002739,3382.52329063,17416.01517181
2024-11-22,2024-11-22,17.48925951,12.2180784,3926.87078981,18573.59360259
2024-11-23,2024-11-23,9.20069263,12.35132865,3163.6055359,11592.87271441
2024-11-24,2024-11-24,6.01869374,12.60764626,2325.25070473,6945.57257692
2024-11-25,2024-11-25,9.72744904,12.33446503,3199.74509303,12091.21915746
2024-11-26,2024-11-26,12.94646979,12.22569933,4313.8449395,15613.44256643
2024-11-27,2024-11-27,15.33680415,12.24390482,5056.44094183,16901.15817441
2024-11-28,2024-11-28,6.64258751,11.05170805,2285.76166989,7638.97563132
2024-11-29,2024-11-29,9.92667809,9.97133928,2277.92707643,11227.07291607
