start_time,transactions_count_inflow,transactions_count_outflow
2021-01-01 00:00:00,943,50
2021-01-01 01:00:00,1144,9
2021-01-01 02:00:00,696,50
2021-01-01 03:00:00,634,9
2021-01-01 04:00:00,734,51
2021-01-01 05:00:00,350,5
2021-01-01 06:00:00,1119,49
2021-01-01 07:00:00,1032,9
2021-01-01 08:00:00,1282,50
2021-01-01 09:00:00,1140,10
2021-01-01 10:00:00,1314,48
2021-01-01 11:00:00,1004,9
2021-01-01 12:00:00,1334,57
2021-01-01 13:00:00,1368,9
2021-01-01 14:00:00,858,59
2021-01-01 15:00:00,1521,8
2021-01-01 16:00:00,1458,63
2021-01-01 17:00:00,1356,12
2021-01-01 18:00:00,1261,62
2021-01-01 19:00:00,533,10
2021-01-01 20:00:00,1503,50
2021-01-01 21:00:00,1358,11
2021-01-01 22:00:00,792,56
2021-01-01 23:00:00,782,9
2021-01-02 00:00:00,736,46
2021-01-02 01:00:00,624,8
2021-01-02 02:00:00,236,9
2021-01-02 03:00:00,1043,50
2021-01-02 04:00:00,770,48
2021-01-02 05:00:00,673,8
2021-01-02 06:00:00,1065,51
2021-01-02 07:00:00,983,7
2021-01-02 08:00:00,1613,58
2021-01-02 09:00:00,1132,8
2021-01-02 10:00:00,1251,92
2021-01-02 11:00:00,1088,11
2021-01-02 12:00:00,1403,56
2021-01-02 13:00:00,1895,20
2021-01-02 14:00:00,2029,65
2021-01-02 15:00:00,1092,12
2021-01-02 16:00:00,1822,51
2021-01-02 17:00:00,1936,19
2021-01-02 18:00:00,2227,104
2021-01-02 19:00:00,1543,18
2021-01-02 20:00:00,2361,72
2021-01-02 21:00:00,1718,17
2021-01-02 22:00:00,1317,54
2021-01-02 23:00:00,1706,32
2021-01-03 00:00:00,801,57
2021-01-03 01:00:00,1670,12
2021-01-03 02:00:00,700,59
2021-01-03 03:00:00,1112,11
2021-01-03 04:00:00,1441,55
2021-01-03 05:00:00,1942,12
2021-01-03 06:00:00,948,61
2021-01-03 07:00:00,2166,14
2021-01-03 08:00:00,1538,72
2021-01-03 09:00:00,1792,12
2021-01-03 10:00:00,1264,17
2021-01-03 11:00:00,1603,63
2021-01-03 12:00:00,2411,59
2021-01-03 13:00:00,1720,66
2021-01-03 14:00:00,2415,61
2021-01-03 15:00:00,1761,20
2021-01-03 16:00:00,2302,66
2021-01-03 17:00:00,1790,21
2021-01-03 18:00:00,1743,71
2021-01-03 19:00:00,1575,17
2021-01-03 20:00:00,1476,63
2021-01-03 21:00:00,1488,16
2021-01-03 22:00:00,1410,56
2021-01-03 23:00:00,1012,18
2021-01-04 00:00:00,1854,70
2021-01-04 01:00:00,793,13
2021-01-04 02:00:00,1113,60
2021-01-04 03:00:00,1125,10
2021-01-04 04:00:00,309,8
2021-01-04 05:00:00,1245,55
2021-01-04 06:00:00,1988,62
2021-01-04 07:00:00,2004,14
2021-01-04 08:00:00,1840,109
2021-01-04 09:00:00,2541,20
2021-01-04 10:00:00,1860,66
2021-01-04 11:00:00,2020,21
2021-01-04 12:00:00,1905,83
2021-01-04 13:00:00,1343,19
2021-01-04 14:00:00,1619,20
2021-01-04 15:00:00,1966,75
2021-01-04 16:00:00,1316,75
2021-01-04 17:00:00,1094,14
2021-01-04 18:00:00,2318,76
2021-01-04 19:00:00,1703,21
2021-01-04 20:00:00,1298,67
2021-01-04 21:00:00,1630,13
2021-01-04 22:00:00,1112,61
2021-01-04 23:00:00,1464,21
2021-01-05 00:00:00,1459,58
2021-01-05 01:00:00,1183,15
2021-01-05 02:00:00,988,57
2021-01-05 03:00:00,1145,11
2021-01-05 04:00:00,1101,57
2021-01-05 05:00:00,1304,9
2021-01-05 06:00:00,1448,53
2021-01-05 07:00:00,654,12
2021-01-05 08:00:00,1263,19
2021-01-05 09:00:00,1745,69
2021-01-05 10:00:00,1412,63
2021-01-05 11:00:00,1491,11
2021-01-05 12:00:00,1317,17
2021-01-05 13:00:00,2128,57
2021-01-05 14:00:00,1987,63
2021-01-05 15:00:00,812,14
2021-01-05 16:00:00,1876,20
2021-01-05 17:00:00,2367,59
2021-01-05 18:00:00,1348,79
2021-01-05 19:00:00,1213,16
2021-01-05 20:00:00,1510,21
2021-01-05 21:00:00,2232,61
2021-01-05 22:00:00,1583,69
2021-01-05 23:00:00,1501,68
2021-01-06 00:00:00,1702,61
2021-01-06 01:00:00,1058,9
2021-01-06 02:00:00,373,60
2021-01-06 03:00:00,1670,16
2021-01-06 04:00:00,1009,59
2021-01-06 05:00:00,1780,14
2021-01-06 06:00:00,2395,69
2021-01-06 07:00:00,1475,14
2021-01-06 08:00:00,1930,70
2021-01-06 09:00:00,1935,67
2021-01-06 10:00:00,1963,53
2021-01-06 11:00:00,2203,63
2021-01-06 12:00:00,1043,16
2021-01-06 13:00:00,2545,60
2021-01-06 14:00:00,1493,49
2021-01-06 15:00:00,2020,41
2021-01-06 16:00:00,2114,81
2021-01-06 17:00:00,2207,18
2021-01-06 18:00:00,1706,73
2021-01-06 19:00:00,1821,23
2021-01-06 20:00:00,1553,72
2021-01-06 21:00:00,1386,13
2021-01-06 22:00:00,2013,69
2021-01-06 23:00:00,1671,11
2021-01-07 00:00:00,1594,64
2021-01-07 01:00:00,2206,15
2021-01-07 02:00:00,860,64
2021-01-07 03:00:00,1111,17
2021-01-07 04:00:00,1150,61
2021-01-07 05:00:00,1312,13
2021-01-07 06:00:00,1259,66
2021-01-07 07:00:00,2303,15
2021-01-07 08:00:00,1451,64
2021-01-07 09:00:00,1610,18
2021-01-07 10:00:00,2616,76
2021-01-07 11:00:00,1887,17
2021-01-07 12:00:00,2133,71
2021-01-07 13:00:00,2758,25
2021-01-07 14:00:00,1370,74
2021-01-07 15:00:00,2558,27
2021-01-07 16:00:00,1689,71
2021-01-07 17:00:00,1599,24
2021-01-07 18:00:00,2723,27
2021-01-07 19:00:00,2407,11
2021-01-07 20:00:00,2642,154
2021-01-07 21:00:00,2234,18
2021-01-07 22:00:00,2502,114
2021-01-07 23:00:00,1545,16
2021-01-08 00:00:00,1236,69
2021-01-08 01:00:00,1571,12
2021-01-08 02:00:00,1142,65
2021-01-08 03:00:00,1400,22
2021-01-08 04:00:00,996,63
2021-01-08 05:00:00,940,12
2021-01-08 06:00:00,1458,58
2021-01-08 07:00:00,1213,12
2021-01-08 08:00:00,1413,59
2021-01-08 09:00:00,671,10
2021-01-08 10:00:00,2881,67
2021-01-08 11:00:00,1062,57
2021-01-08 12:00:00,1204,18
2021-01-08 13:00:00,3111,39
2021-01-08 14:00:00,2420,104
2021-01-08 15:00:00,2615,68
2021-01-08 16:00:00,1862,79
2021-01-08 17:00:00,1165,9
2021-01-08 18:00:00,1470,19
2021-01-08 19:00:00,1743,20
2021-01-08 20:00:00,2712,127
2021-01-08 21:00:00,1524,18
2021-01-08 22:00:00,1295,66
2021-01-08 23:00:00,1581,17
2021-01-09 00:00:00,1065,60
2021-01-09 01:00:00,988,8
2021-01-09 02:00:00,1054,54
2021-01-09 03:00:00,895,9
2021-01-09 04:00:00,1292,54
2021-01-09 05:00:00,874,11
2021-01-09 06:00:00,1292,51
2021-01-09 07:00:00,399,2
2021-01-09 08:00:00,1687,59
2021-01-09 09:00:00,1533,13
2021-01-09 10:00:00,1574,71
2021-01-09 11:00:00,1551,14
2021-01-09 12:00:00,2001,61
2021-01-09 13:00:00,1226,9
2021-01-09 14:00:00,936,60
2021-01-09 15:00:00,2726,69
2021-01-09 16:00:00,1884,38
2021-01-09 17:00:00,1473,16
2021-01-09 18:00:00,1822,65
2021-01-09 19:00:00,1103,15
2021-01-09 20:00:00,1481,60
2021-01-09 21:00:00,1568,14
2021-01-09 22:00:00,2091,74
2021-01-09 23:00:00,1013,8
2021-01-10 00:00:00,1349,51
2021-01-10 01:00:00,1153,10
2021-01-10 02:00:00,718,59
2021-01-10 03:00:00,1108,8
2021-01-10 04:00:00,1235,56
2021-01-10 05:00:00,926,7
2021-01-10 06:00:00,2112,56
2021-01-10 07:00:00,1345,10
2021-01-10 08:00:00,1309,59
2021-01-10 09:00:00,1222,11
2021-01-10 10:00:00,2017,65
2021-01-10 11:00:00,807,8
2021-01-10 12:00:00,1943,71
2021-01-10 13:00:00,1465,70
2021-01-10 14:00:00,2130,61
2021-01-10 15:00:00,1208,14
2021-01-10 16:00:00,768,59
2021-01-10 17:00:00,2513,21
2021-01-10 18:00:00,2127,74
2021-01-10 19:00:00,1480,12
2021-01-10 20:00:00,1819,66
2021-01-10 21:00:00,1938,16
2021-01-10 22:00:00,1597,79
2021-01-10 23:00:00,949,15
2021-01-11 00:00:00,906,60
2021-01-11 01:00:00,792,10
2021-01-11 02:00:00,1465,64
2021-01-11 03:00:00,1352,16
2021-01-11 04:00:00,1425,71
2021-01-11 05:00:00,1247,14
2021-01-11 06:00:00,1112,72
2021-01-11 07:00:00,3476,103
2021-01-11 08:00:00,1261,65
2021-01-11 09:00:00,2157,54
2021-01-11 10:00:00,1855,66
2021-01-11 11:00:00,1807,17
2021-01-11 12:00:00,1267,19
2021-01-11 13:00:00,1298,23
2021-01-11 14:00:00,1437,28
2021-01-11 15:00:00,2002,20
2021-01-11 16:00:00,663,4
2021-01-11 17:00:00,1230,12
2021-01-11 18:00:00,1951,29
2021-01-11 19:00:00,1596,23
2021-01-11 20:00:00,2979,143
2021-01-11 21:00:00,827,12
2021-01-11 22:00:00,1803,80
2021-01-11 23:00:00,1562,84
2021-01-12 00:00:00,1524,69
2021-01-12 01:00:00,1138,15
2021-01-12 02:00:00,1653,124
2021-01-12 03:00:00,1173,100
2021-01-12 04:00:00,971,60
2021-01-12 05:00:00,749,9
2021-01-12 06:00:00,1673,59
2021-01-12 07:00:00,1742,10
2021-01-12 08:00:00,972,60
2021-01-12 09:00:00,2003,65
2021-01-12 10:00:00,828,43
2021-01-12 11:00:00,1540,18
2021-01-12 12:00:00,1448,67
2021-01-12 13:00:00,1268,17
2021-01-12 14:00:00,1678,69
2021-01-12 15:00:00,1685,20
2021-01-12 16:00:00,980,67
2021-01-12 17:00:00,1878,24
2021-01-12 18:00:00,623,5
2021-01-12 19:00:00,897,14
2021-01-12 20:00:00,1269,60
2021-01-12 21:00:00,1517,16
2021-01-12 22:00:00,1773,115
2021-01-12 23:00:00,1339,10
2021-01-13 00:00:00,950,57
2021-01-13 01:00:00,986,10
2021-01-13 02:00:00,1140,58
2021-01-13 03:00:00,639,8
2021-01-13 04:00:00,995,54
2021-01-13 05:00:00,948,11
2021-01-13 06:00:00,1104,57
2021-01-13 07:00:00,1558,15
2021-01-13 08:00:00,1041,54
2021-01-13 09:00:00,1756,62
2021-01-13 10:00:00,1478,48
2021-01-13 11:00:00,903,12
2021-01-13 12:00:00,1339,60
2021-01-13 13:00:00,1104,10
2021-01-13 14:00:00,2583,91
2021-01-13 15:00:00,1571,15
2021-01-13 16:00:00,1244,67
2021-01-13 17:00:00,2252,18
2021-01-13 18:00:00,1379,69
2021-01-13 19:00:00,1670,16
2021-01-13 20:00:00,1011,64
2021-01-13 21:00:00,1433,15
2021-01-13 22:00:00,449,54
2021-01-13 23:00:00,1984,27
2021-01-14 00:00:00,1459,73
2021-01-14 01:00:00,968,10
2021-01-14 02:00:00,1685,60
2021-01-14 03:00:00,1059,8
2021-01-14 04:00:00,1166,89
2021-01-14 05:00:00,1097,131
2021-01-14 06:00:00,1412,67
2021-01-14 07:00:00,1595,10
2021-01-14 08:00:00,1186,59
2021-01-14 09:00:00,2076,16
2021-01-14 10:00:00,1815,101
2021-01-14 11:00:00,643,8
2021-01-14 12:00:00,1627,80
2021-01-14 13:00:00,1655,18
2021-01-14 14:00:00,1940,74
2021-01-14 15:00:00,1680,19
2021-01-14 16:00:00,820,58
2021-01-14 17:00:00,1355,22
2021-01-14 18:00:00,2146,73
2021-01-14 19:00:00,1202,10
2021-01-14 20:00:00,1477,56
2021-01-14 21:00:00,1593,30
2021-01-14 22:00:00,1038,71
2021-01-14 23:00:00,1584,20
2021-01-15 00:00:00,1078,56
2021-01-15 01:00:00,1012,11
2021-01-15 02:00:00,1441,51
2021-01-15 03:00:00,1158,11
2021-01-15 04:00:00,920,58
2021-01-15 05:00:00,1020,7
2021-01-15 06:00:00,1867,60
2021-01-15 07:00:00,1414,6
2021-01-15 08:00:00,1104,63
2021-01-15 09:00:00,1502,13
2021-01-15 10:00:00,898,70
2021-01-15 11:00:00,1880,15
2021-01-15 12:00:00,702,33
2021-01-15 13:00:00,959,36
2021-01-15 14:00:00,2754,79
2021-01-15 15:00:00,1570,15
2021-01-15 16:00:00,1761,69
2021-01-15 17:00:00,1522,16
2021-01-15 18:00:00,949,63
2021-01-15 19:00:00,1400,21
2021-01-15 20:00:00,2202,59
2021-01-15 21:00:00,1939,18
2021-01-15 22:00:00,1518,69
2021-01-15 23:00:00,777,6
2021-01-16 00:00:00,1678,64
2021-01-16 01:00:00,1592,12
2021-01-16 02:00:00,751,63
2021-01-16 03:00:00,871,6
2021-01-16 04:00:00,745,48
2021-01-16 05:00:00,866,13
2021-01-16 06:00:00,959,49
2021-01-16 07:00:00,1240,41
2021-01-16 08:00:00,785,36
2021-01-16 09:00:00,2226,15
2021-01-16 10:00:00,1555,59
2021-01-16 11:00:00,1138,10
2021-01-16 12:00:00,1624,62
2021-01-16 13:00:00,1738,19
2021-01-16 14:00:00,1485,65
2021-01-16 15:00:00,923,17
2021-01-16 16:00:00,2351,60
2021-01-16 17:00:00,1173,15
2021-01-16 18:00:00,821,64
2021-01-16 19:00:00,2217,15
2021-01-16 20:00:00,1233,52
2021-01-16 21:00:00,1296,12
2021-01-16 22:00:00,1006,50
2021-01-16 23:00:00,761,8
2021-01-17 00:00:00,273,36
2021-01-17 01:00:00,1256,24
2021-01-17 02:00:00,806,56
2021-01-17 03:00:00,438,4
2021-01-17 04:00:00,925,57
2021-01-17 05:00:00,453,6
2021-01-17 06:00:00,1119,115
2021-01-17 07:00:00,438,4
2021-01-17 08:00:00,2055,41
2021-01-17 09:00:00,1335,12
2021-01-17 10:00:00,1142,70
2021-01-17 11:00:00,1188,13
2021-01-17 12:00:00,768,66
2021-01-17 13:00:00,1793,17
2021-01-17 14:00:00,1383,63
2021-01-17 15:00:00,819,11
2021-01-17 16:00:00,1651,67
2021-01-17 17:00:00,1093,11
2021-01-17 18:00:00,1124,59
2021-01-17 19:00:00,1689,12
2021-01-17 20:00:00,1132,62
2021-01-17 21:00:00,1093,9
2021-01-17 22:00:00,2075,61
2021-01-17 23:00:00,980,8
2021-01-18 00:00:00,1401,61
2021-01-18 01:00:00,743,6
2021-01-18 02:00:00,901,60
2021-01-18 03:00:00,745,9
2021-01-18 04:00:00,364,56
2021-01-18 05:00:00,1405,12
2021-01-18 06:00:00,861,50
2021-01-18 07:00:00,2171,14
2021-01-18 08:00:00,1133,53
2021-01-18 09:00:00,1970,16
2021-01-18 10:00:00,1321,59
2021-01-18 11:00:00,868,16
2021-01-18 12:00:00,1914,73
2021-01-18 13:00:00,1071,11
2021-01-18 14:00:00,2168,79
2021-01-18 15:00:00,1011,8
2021-01-18 16:00:00,1234,28
2021-01-18 17:00:00,1681,43
2021-01-18 18:00:00,1451,93
2021-01-18 19:00:00,1022,12
2021-01-18 20:00:00,1313,56
2021-01-18 21:00:00,825,14
2021-01-18 22:00:00,1509,65
2021-01-18 23:00:00,1382,8
2021-01-19 00:00:00,1069,56
2021-01-19 01:00:00,1144,10
2021-01-19 02:00:00,614,52
2021-01-19 03:00:00,1091,11
2021-01-19 04:00:00,1414,63
2021-01-19 05:00:00,908,46
2021-01-19 06:00:00,1349,49
2021-01-19 07:00:00,729,9
2021-01-19 08:00:00,1588,57
2021-01-19 09:00:00,1811,12
2021-01-19 10:00:00,1539,74
2021-01-19 11:00:00,1321,12
2021-01-19 12:00:00,1491,63
2021-01-19 13:00:00,1850,19
2021-01-19 14:00:00,708,71
2021-01-19 15:00:00,347,4
2021-01-19 16:00:00,2455,30
2021-01-19 17:00:00,2107,42
2021-01-19 18:00:00,2159,123
2021-01-19 19:00:00,1357,19
2021-01-19 20:00:00,1516,67
2021-01-19 21:00:00,1063,17
2021-01-19 22:00:00,817,60
2021-01-19 23:00:00,1440,10
2021-01-20 00:00:00,1195,58
2021-01-20 01:00:00,1916,12
2021-01-20 02:00:00,641,56
2021-01-20 03:00:00,695,8
2021-01-20 04:00:00,368,5
2021-01-20 05:00:00,1383,102
2021-01-20 06:00:00,1397,48
2021-01-20 07:00:00,1478,9
2021-01-20 08:00:00,1732,96
2021-01-20 09:00:00,960,12
2021-01-20 10:00:00,1666,63
2021-01-20 11:00:00,1965,19
2021-01-20 12:00:00,1455,78
2021-01-20 13:00:00,1154,17
2021-01-20 14:00:00,1404,97
2021-01-20 15:00:00,1067,18
2021-01-20 16:00:00,1117,15
2021-01-20 17:00:00,1326,63
2021-01-20 18:00:00,1504,22
2021-01-20 19:00:00,1728,73
2021-01-20 20:00:00,1175,70
2021-01-20 21:00:00,1829,14
2021-01-20 22:00:00,1074,64
2021-01-20 23:00:00,859,6
2021-01-21 00:00:00,529,12
2021-01-21 01:00:00,955,11
2021-01-21 02:00:00,0,0
2021-01-21 03:00:00,1272,69
2021-01-21 04:00:00,1219,116
2021-01-21 05:00:00,1352,10
2021-01-21 06:00:00,964,57
2021-01-21 07:00:00,709,7
2021-01-21 08:00:00,1360,55
2021-01-21 09:00:00,1017,9
2021-01-21 10:00:00,1403,18
2021-01-21 11:00:00,1907,71
2021-01-21 12:00:00,2009,92
2021-01-21 13:00:00,747,8
2021-01-21 14:00:00,1785,30
2021-01-21 15:00:00,986,10
2021-01-21 16:00:00,2014,85
2021-01-21 17:00:00,1006,10
2021-01-21 18:00:00,2693,79
2021-01-21 19:00:00,1205,70
2021-01-21 20:00:00,1239,70
2021-01-21 21:00:00,1076,16
2021-01-21 22:00:00,2231,71
2021-01-21 23:00:00,1355,11
2021-01-22 00:00:00,877,76
2021-01-22 01:00:00,2258,17
2021-01-22 02:00:00,732,67
2021-01-22 03:00:00,1508,21
2021-01-22 04:00:00,660,68
2021-01-22 05:00:00,1760,17
2021-01-22 06:00:00,1770,62
2021-01-22 07:00:00,1464,10
2021-01-22 08:00:00,2120,95
2021-01-22 09:00:00,1060,10
2021-01-22 10:00:00,706,42
2021-01-22 11:00:00,1538,60
2021-01-22 12:00:00,1594,71
2021-01-22 13:00:00,1307,17
2021-01-22 14:00:00,1398,62
2021-01-22 15:00:00,1833,18
2021-01-22 16:00:00,729,66
2021-01-22 17:00:00,2239,16
2021-01-22 18:00:00,1232,71
2021-01-22 19:00:00,2136,24
2021-01-22 20:00:00,1097,65
2021-01-22 21:00:00,1452,18
2021-01-22 22:00:00,1081,69
2021-01-22 23:00:00,0,0
2021-01-23 00:00:00,644,10
2021-01-23 01:00:00,1101,51
2021-01-23 02:00:00,1085,60
2021-01-23 03:00:00,631,8
2021-01-23 04:00:00,1338,74
2021-01-23 05:00:00,1248,7
2021-01-23 06:00:00,1418,54
2021-01-23 07:00:00,1283,10
2021-01-23 08:00:00,714,58
2021-01-23 09:00:00,1506,10
2021-01-23 10:00:00,556,47
2021-01-23 11:00:00,1797,19
2021-01-23 12:00:00,1054,68
2021-01-23 13:00:00,1083,10
2021-01-23 14:00:00,1708,61
2021-01-23 15:00:00,1375,12
2021-01-23 16:00:00,2031,72
2021-01-23 17:00:00,1524,12
2021-01-23 18:00:00,789,56
2021-01-23 19:00:00,2039,14
2021-01-23 20:00:00,1209,56
2021-01-23 21:00:00,959,9
2021-01-23 22:00:00,1170,52
2021-01-23 23:00:00,1473,9
2021-01-24 00:00:00,469,52
2021-01-24 01:00:00,804,11
2021-01-24 02:00:00,592,44
2021-01-24 03:00:00,804,10
2021-01-24 04:00:00,621,57
2021-01-24 05:00:00,717,8
2021-01-24 06:00:00,839,50
2021-01-24 07:00:00,781,9
2021-01-24 08:00:00,1355,59
2021-01-24 09:00:00,2002,8
2021-01-24 10:00:00,1036,84
2021-01-24 11:00:00,948,9
2021-01-24 12:00:00,1270,54
2021-01-24 13:00:00,1046,8
2021-01-24 14:00:00,916,63
2021-01-24 15:00:00,1664,11
2021-01-24 16:00:00,959,64
2021-01-24 17:00:00,728,5
2021-01-24 18:00:00,2076,64
2021-01-24 19:00:00,1598,10
2021-01-24 20:00:00,1014,64
2021-01-24 21:00:00,667,8
2021-01-24 22:00:00,664,48
2021-01-24 23:00:00,1444,13
2021-01-25 00:00:00,543,58
2021-01-25 01:00:00,1228,13
2021-01-25 02:00:00,427,55
2021-01-25 03:00:00,930,12
2021-01-25 04:00:00,887,52
2021-01-25 05:00:00,1072,11
2021-01-25 06:00:00,893,59
2021-01-25 07:00:00,1135,56
2021-01-25 08:00:00,1196,20
2021-01-25 09:00:00,390,5
2021-01-25 10:00:00,1989,72
2021-01-25 11:00:00,1228,15
2021-01-25 12:00:00,1195,31
2021-01-25 13:00:00,1608,58
2021-01-25 14:00:00,1313,17
2021-01-25 15:00:00,2195,76
2021-01-25 16:00:00,1919,71
2021-01-25 17:00:00,1899,19
2021-01-25 18:00:00,740,48
2021-01-25 19:00:00,1241,16
2021-01-25 20:00:00,1641,60
2021-01-25 21:00:00,1558,31
2021-01-25 22:00:00,1065,69
2021-01-25 23:00:00,900,11
2021-01-26 00:00:00,927,60
2021-01-26 01:00:00,1713,12
2021-01-26 02:00:00,1139,61
2021-01-26 03:00:00,794,49
2021-01-26 04:00:00,963,37
2021-01-26 05:00:00,770,11
2021-01-26 06:00:00,700,55
2021-01-26 07:00:00,1115,11
2021-01-26 08:00:00,1636,55
2021-01-26 09:00:00,1074,8
2021-01-26 10:00:00,1886,72
2021-01-26 11:00:00,615,10
2021-01-26 12:00:00,1012,58
2021-01-26 13:00:00,1515,17
2021-01-26 14:00:00,1448,72
2021-01-26 15:00:00,1240,17
2021-01-26 16:00:00,1608,71
2021-01-26 17:00:00,1935,15
2021-01-26 18:00:00,1145,44
2021-01-26 19:00:00,1445,39
2021-01-26 20:00:00,1846,60
2021-01-26 21:00:00,1758,13
2021-01-26 22:00:00,1242,63
2021-01-26 23:00:00,939,8
2021-01-27 00:00:00,550,56
2021-01-27 01:00:00,750,6
2021-01-27 02:00:00,713,52
2021-01-27 03:00:00,757,14
2021-01-27 04:00:00,513,48
2021-01-27 05:00:00,1179,18
2021-01-27 06:00:00,838,52
2021-01-27 07:00:00,1166,8
2021-01-27 08:00:00,1606,60
2021-01-27 09:00:00,1308,16
2021-01-27 10:00:00,1944,78
2021-01-27 11:00:00,528,6
2021-01-27 12:00:00,2265,75
2021-01-27 13:00:00,1556,12
2021-01-27 14:00:00,2624,125
2021-01-27 15:00:00,1264,16
2021-01-27 16:00:00,1358,72
2021-01-27 17:00:00,1612,23
2021-01-27 18:00:00,1641,74
2021-01-27 19:00:00,939,13
2021-01-27 20:00:00,1081,23
2021-01-27 21:00:00,2311,63
2021-01-27 22:00:00,1410,64
2021-01-27 23:00:00,1386,11
2021-01-28 00:00:00,484,34
2021-01-28 01:00:00,572,29
2021-01-28 02:00:00,906,56
2021-01-28 03:00:00,1363,8
2021-01-28 04:00:00,1429,88
2021-01-28 05:00:00,1247,14
2021-01-28 06:00:00,615,59
2021-01-28 07:00:00,2148,46
2021-01-28 08:00:00,1512,58
2021-01-28 09:00:00,820,6
2021-01-28 10:00:00,1757,65
2021-01-28 11:00:00,1426,13
2021-01-28 12:00:00,1385,67
2021-01-28 13:00:00,1921,18
2021-01-28 14:00:00,2169,119
2021-01-28 15:00:00,2101,12
2021-01-28 16:00:00,1525,82
2021-01-28 17:00:00,2657,21
2021-01-28 18:00:00,959,11
2021-01-28 19:00:00,1915,16
2021-01-28 20:00:00,1268,67
2021-01-28 21:00:00,1577,31
2021-01-28 22:00:00,1364,40
2021-01-28 23:00:00,1246,41
2021-01-29 00:00:00,2306,121
2021-01-29 01:00:00,0,0
2021-01-29 02:00:00,2479,28
2021-01-29 03:00:00,2090,13
2021-01-29 04:00:00,2136,150
2021-01-29 05:00:00,1520,18
2021-01-29 06:00:00,1357,86
2021-01-29 07:00:00,2732,15
2021-01-29 08:00:00,1767,65
2021-01-29 09:00:00,2619,85
2021-01-29 10:00:00,1874,10
2021-01-29 11:00:00,2403,18
2021-01-29 12:00:00,2685,106
2021-01-29 13:00:00,1693,9
2021-01-29 14:00:00,2907,23
2021-01-29 15:00:00,1798,12
2021-01-29 16:00:00,2967,101
2021-01-29 17:00:00,2332,162
2021-01-29 18:00:00,1570,49
2021-01-29 19:00:00,2649,20
2021-01-29 20:00:00,1987,48
2021-01-29 21:00:00,134,23
2021-01-29 22:00:00,1497,31
2021-01-29 23:00:00,2277,93
2021-01-30 00:00:00,2012,91
2021-01-30 01:00:00,1605,71
2021-01-30 02:00:00,1272,79
2021-01-30 03:00:00,1323,13
2021-01-30 04:00:00,1319,66
2021-01-30 05:00:00,1738,14
2021-01-30 06:00:00,1639,67
2021-01-30 07:00:00,656,49
2021-01-30 08:00:00,992,39
2021-01-30 09:00:00,2205,13
2021-01-30 10:00:00,1768,65
2021-01-30 11:00:00,1288,14
2021-01-30 12:00:00,1666,71
2021-01-30 13:00:00,1213,12
2021-01-30 14:00:00,960,28
2021-01-30 15:00:00,991,29
2021-01-30 16:00:00,909,16
2021-01-30 17:00:00,2201,116
2021-01-30 18:00:00,0,0
2021-01-30 19:00:00,1437,27
2021-01-30 20:00:00,2300,64
2021-01-30 21:00:00,1742,63
2021-01-30 22:00:00,1711,65
2021-01-30 23:00:00,2377,11
2021-01-31 00:00:00,473,57
2021-01-31 01:00:00,1583,15
2021-01-31 02:00:00,1151,59
2021-01-31 03:00:00,1134,10
2021-01-31 04:00:00,867,57
2021-01-31 05:00:00,983,8
2021-01-31 06:00:00,1261,61
2021-01-31 07:00:00,1893,7
2021-01-31 08:00:00,1324,65
2021-01-31 09:00:00,1457,10
2021-01-31 10:00:00,1054,61
2021-01-31 11:00:00,1825,16
2021-01-31 12:00:00,1666,72
2021-01-31 13:00:00,768,57
2021-01-31 14:00:00,2226,33
2021-01-31 15:00:00,1100,10
2021-01-31 16:00:00,932,73
2021-01-31 17:00:00,3077,18
2021-01-31 18:00:00,1208,80
2021-01-31 19:00:00,1834,11
2021-01-31 20:00:00,2015,69
2021-01-31 21:00:00,1995,14
2021-01-31 22:00:00,824,68
2021-01-31 23:00:00,1300,14
2021-02-01 00:00:00,1006,72
2021-02-01 01:00:00,905,8
2021-02-01 02:00:00,727,55
2021-02-01 03:00:00,762,11
2021-02-01 04:00:00,884,56
2021-02-01 05:00:00,1597,11
2021-02-01 06:00:00,1046,66
2021-02-01 07:00:00,1197,11
2021-02-01 08:00:00,1845,108
2021-02-01 09:00:00,794,7
2021-02-01 10:00:00,1494,71
2021-02-01 11:00:00,2160,23
2021-02-01 12:00:00,1307,23
2021-02-01 13:00:00,1970,83
2021-02-01 14:00:00,1351,95
2021-02-01 15:00:00,1681,17
2021-02-01 16:00:00,1813,94
2021-02-01 17:00:00,1982,22
2021-02-01 18:00:00,1109,41
2021-02-01 19:00:00,2320,66
2021-02-01 20:00:00,393,1
2021-02-01 21:00:00,1898,33
2021-02-01 22:00:00,1605,132
2021-02-01 23:00:00,0,0
2021-02-02 00:00:00,1758,70
2021-02-02 01:00:00,1245,15
2021-02-02 02:00:00,1520,78
2021-02-02 03:00:00,1507,72
2021-02-02 04:00:00,1020,29
2021-02-02 05:00:00,1132,21
2021-02-02 06:00:00,1548,72
2021-02-02 07:00:00,1131,14
2021-02-02 08:00:00,1265,66
2021-02-02 09:00:00,2215,18
2021-02-02 10:00:00,2024,81
2021-02-02 11:00:00,2126,15
2021-02-02 12:00:00,1972,79
2021-02-02 13:00:00,1731,21
2021-02-02 14:00:00,2354,85
2021-02-02 15:00:00,1799,23
2021-02-02 16:00:00,2125,86
2021-02-02 17:00:00,2029,24
2021-02-02 18:00:00,888,70
2021-02-02 19:00:00,2667,42
2021-02-02 20:00:00,2552,87
2021-02-02 21:00:00,1624,18
2021-02-02 22:00:00,1321,76
2021-02-02 23:00:00,1492,13
2021-02-03 00:00:00,925,73
2021-02-03 01:00:00,1310,13
2021-02-03 02:00:00,2368,75
2021-02-03 03:00:00,1846,16
2021-02-03 04:00:00,918,79
2021-02-03 05:00:00,1733,18
2021-02-03 06:00:00,1655,76
2021-02-03 07:00:00,2000,15
2021-02-03 08:00:00,2036,81
2021-02-03 09:00:00,1535,15
2021-02-03 10:00:00,1069,73
2021-02-03 11:00:00,551,49
2021-02-03 12:00:00,2416,61
2021-02-03 13:00:00,2435,19
2021-02-03 14:00:00,1126,31
2021-02-03 15:00:00,3071,82
2021-02-03 16:00:00,1649,81
2021-02-03 17:00:00,1197,12
2021-02-03 18:00:00,897,8
2021-02-03 19:00:00,2104,34
2021-02-03 20:00:00,2101,124
2021-02-03 21:00:00,827,8
2021-02-03 22:00:00,2640,124
2021-02-03 23:00:00,1547,17
2021-02-04 00:00:00,1428,78
2021-02-04 01:00:00,3231,14
2021-02-04 02:00:00,1072,83
2021-02-04 03:00:00,1209,13
2021-02-04 04:00:00,808,68
2021-02-04 05:00:00,1490,55
2021-02-04 06:00:00,1733,112
2021-02-04 07:00:00,920,9
2021-02-04 08:00:00,4217,71
2021-02-04 09:00:00,2240,20
2021-02-04 10:00:00,2388,143
2021-02-04 11:00:00,2277,75
2021-02-04 12:00:00,2169,33
2021-02-04 13:00:00,1426,21
2021-02-04 14:00:00,2413,85
2021-02-04 15:00:00,951,9
2021-02-04 16:00:00,777,15
2021-02-04 17:00:00,2165,33
2021-02-04 18:00:00,1722,73
2021-02-04 19:00:00,2188,85
2021-02-04 20:00:00,2022,89
2021-02-04 21:00:00,1708,13
2021-02-04 22:00:00,2453,81
2021-02-04 23:00:00,1918,11
2021-02-05 00:00:00,1011,75
2021-02-05 01:00:00,1421,15
2021-02-05 02:00:00,1375,66
2021-02-05 03:00:00,2110,59
2021-02-05 04:00:00,1509,63
2021-02-05 05:00:00,1337,12
2021-02-05 06:00:00,1488,71
2021-02-05 07:00:00,0,0
2021-02-05 08:00:00,1646,45
2021-02-05 09:00:00,3133,34
2021-02-05 10:00:00,1040,73
2021-02-05 11:00:00,1557,20
2021-02-05 12:00:00,2748,72
2021-02-05 13:00:00,2581,19
2021-02-05 14:00:00,2724,91
2021-02-05 15:00:00,2189,76
2021-02-05 16:00:00,1216,55
2021-02-05 17:00:00,1719,25
2021-02-05 18:00:00,2185,92
2021-02-05 19:00:00,2446,24
2021-02-05 20:00:00,2780,79
2021-02-05 21:00:00,738,12
2021-02-05 22:00:00,1959,76
2021-02-05 23:00:00,1986,14
2021-02-06 00:00:00,1125,73
2021-02-06 01:00:00,1555,15
2021-02-06 02:00:00,1408,68
2021-02-06 03:00:00,980,51
2021-02-06 04:00:00,1286,41
2021-02-06 05:00:00,1724,72
2021-02-06 06:00:00,1570,20
2021-02-06 07:00:00,1665,15
2021-02-06 08:00:00,1493,69
2021-02-06 09:00:00,2230,14
2021-02-06 10:00:00,1625,67
2021-02-06 11:00:00,2478,23
2021-02-06 12:00:00,1956,85
2021-02-06 13:00:00,2011,16
2021-02-06 14:00:00,2353,78
2021-02-06 15:00:00,1120,71
2021-02-06 16:00:00,1769,69
2021-02-06 17:00:00,2241,20
2021-02-06 18:00:00,2281,81
2021-02-06 19:00:00,1838,18
2021-02-06 20:00:00,2126,76
2021-02-06 21:00:00,2040,15
2021-02-06 22:00:00,1992,63
2021-02-06 23:00:00,1840,13
2021-02-07 00:00:00,1405,71
2021-02-07 01:00:00,1165,13
2021-02-07 02:00:00,519,60
2021-02-07 03:00:00,839,22
2021-02-07 04:00:00,826,84
2021-02-07 05:00:00,1075,11
2021-02-07 06:00:00,1278,69
2021-02-07 07:00:00,1605,15
2021-02-07 08:00:00,1606,67
2021-02-07 09:00:00,1599,15
2021-02-07 10:00:00,1727,70
2021-02-07 11:00:00,1632,65
2021-02-07 12:00:00,1583,52
2021-02-07 13:00:00,1481,13
2021-02-07 14:00:00,2146,71
2021-02-07 15:00:00,1791,19
2021-02-07 16:00:00,1854,84
2021-02-07 17:00:00,1645,17
2021-02-07 18:00:00,1623,83
2021-02-07 19:00:00,1832,11
2021-02-07 20:00:00,1495,68
2021-02-07 21:00:00,796,15
2021-02-07 22:00:00,1507,17
2021-02-07 23:00:00,2675,54
2021-02-08 00:00:00,1308,69
2021-02-08 01:00:00,953,14
2021-02-08 02:00:00,1371,63
2021-02-08 03:00:00,1020,16
2021-02-08 04:00:00,853,67
2021-02-08 05:00:00,939,13
2021-02-08 06:00:00,1491,72
2021-02-08 07:00:00,1312,12
2021-02-08 08:00:00,2027,94
2021-02-08 09:00:00,1827,21
2021-02-08 10:00:00,1307,74
2021-02-08 11:00:00,1811,21
2021-02-08 12:00:00,1293,28
2021-02-08 13:00:00,2709,18
2021-02-08 14:00:00,3496,173
2021-02-08 15:00:00,2053,27
2021-02-08 16:00:00,1188,6
2021-02-08 17:00:00,2865,41
2021-02-08 18:00:00,1907,96
2021-02-08 19:00:00,1547,26
2021-02-08 20:00:00,2749,87
2021-02-08 21:00:00,3456,139
2021-02-08 22:00:00,1728,89
2021-02-08 23:00:00,818,14
2021-02-09 00:00:00,2910,85
2021-02-09 01:00:00,703,10
2021-02-09 02:00:00,1307,102
2021-02-09 03:00:00,1225,23
2021-02-09 04:00:00,1711,78
2021-02-09 05:00:00,1270,12
2021-02-09 06:00:00,2595,103
2021-02-09 07:00:00,1627,15
2021-02-09 08:00:00,2596,91
2021-02-09 09:00:00,2659,22
2021-02-09 10:00:00,1994,104
2021-02-09 11:00:00,2189,22
2021-02-09 12:00:00,2181,109
2021-02-09 13:00:00,2067,28
2021-02-09 14:00:00,2780,92
2021-02-09 15:00:00,2087,27
2021-02-09 16:00:00,2165,92
2021-02-09 17:00:00,2231,25
2021-02-09 18:00:00,2420,99
2021-02-09 19:00:00,1312,11
2021-02-09 20:00:00,2339,82
2021-02-09 21:00:00,1829,36
2021-02-09 22:00:00,1340,79
2021-02-09 23:00:00,2841,22
2021-02-10 00:00:00,1749,86
2021-02-10 01:00:00,2735,21
2021-02-10 02:00:00,1498,79
2021-02-10 03:00:00,1295,70
2021-02-10 04:00:00,2049,61
2021-02-10 05:00:00,2080,14
2021-02-10 06:00:00,1281,81
2021-02-10 07:00:00,3195,18
2021-02-10 08:00:00,1221,64
2021-02-10 09:00:00,3393,44
2021-02-10 10:00:00,1598,79
2021-02-10 11:00:00,2819,26
2021-02-10 12:00:00,1245,55
2021-02-10 13:00:00,2583,76
2021-02-10 14:00:00,1890,83
2021-02-10 15:00:00,2642,27
2021-02-10 16:00:00,1302,62
2021-02-10 17:00:00,491,1
2021-02-10 18:00:00,3963,121
2021-02-10 19:00:00,2466,19
2021-02-10 20:00:00,2426,90
2021-02-10 21:00:00,940,12
2021-02-10 22:00:00,1325,30
2021-02-10 23:00:00,918,44
2021-02-11 00:00:00,1676,78
2021-02-11 01:00:00,962,31
2021-02-11 02:00:00,748,63
2021-02-11 03:00:00,758,49
2021-02-11 04:00:00,1826,26
2021-02-11 05:00:00,1816,1
2021-02-11 06:00:00,1884,72
2021-02-11 07:00:00,1948,15
2021-02-11 08:00:00,2346,86
2021-02-11 09:00:00,2055,16
2021-02-11 10:00:00,1368,76
2021-02-11 11:00:00,1518,19
2021-02-11 12:00:00,841,40
2021-02-11 13:00:00,3487,69
2021-02-11 14:00:00,889,31
2021-02-11 15:00:00,2403,28
2021-02-11 16:00:00,3428,152
2021-02-11 17:00:00,2600,23
2021-02-11 18:00:00,1438,81
2021-02-11 19:00:00,1081,9
2021-02-11 20:00:00,1472,22
2021-02-11 21:00:00,1845,27
2021-02-11 22:00:00,1777,85
2021-02-11 23:00:00,1386,14
2021-02-12 00:00:00,1147,62
2021-02-12 01:00:00,1923,105
2021-02-12 02:00:00,1736,76
2021-02-12 03:00:00,1364,66
2021-02-12 04:00:00,2568,55
2021-02-12 05:00:00,732,12
2021-02-12 06:00:00,1742,68
2021-02-12 07:00:00,2400,14
2021-02-12 08:00:00,2492,75
2021-02-12 09:00:00,1717,19
2021-02-12 10:00:00,1707,81
2021-02-12 11:00:00,2763,22
2021-02-12 12:00:00,2373,82
2021-02-12 13:00:00,2718,19
2021-02-12 14:00:00,2193,26
2021-02-12 15:00:00,1657,18
2021-02-12 16:00:00,1422,42
2021-02-12 17:00:00,1729,64
2021-02-12 18:00:00,1563,83
2021-02-12 19:00:00,2251,23
2021-02-12 20:00:00,3291,96
2021-02-12 21:00:00,2477,19
2021-02-12 22:00:00,1280,100
2021-02-12 23:00:00,1671,13
2021-02-13 00:00:00,1176,69
2021-02-13 01:00:00,2191,18
2021-02-13 02:00:00,1866,74
2021-02-13 03:00:00,1183,71
2021-02-13 04:00:00,1519,53
2021-02-13 05:00:00,1778,17
2021-02-13 06:00:00,1214,70
2021-02-13 07:00:00,1860,18
2021-02-13 08:00:00,832,53
2021-02-13 09:00:00,2922,28
2021-02-13 10:00:00,2725,69
2021-02-13 11:00:00,2315,16
2021-02-13 12:00:00,2202,80
2021-02-13 13:00:00,1736,14
2021-02-13 14:00:00,2552,79
2021-02-13 15:00:00,3267,71
2021-02-13 16:00:00,1476,62
2021-02-13 17:00:00,1428,14
2021-02-13 18:00:00,2317,76
2021-02-13 19:00:00,1826,17
2021-02-13 20:00:00,1357,75
2021-02-13 21:00:00,1621,13
2021-02-13 22:00:00,2587,73
2021-02-13 23:00:00,1455,10
2021-02-14 00:00:00,1680,66
2021-02-14 01:00:00,1464,14
2021-02-14 02:00:00,1197,91
2021-02-14 03:00:00,1536,17
2021-02-14 04:00:00,2480,66
2021-02-14 05:00:00,1305,16
2021-02-14 06:00:00,2044,70
2021-02-14 07:00:00,1417,10
2021-02-14 08:00:00,2121,78
2021-02-14 09:00:00,1560,14
2021-02-14 10:00:00,1845,82
2021-02-14 11:00:00,1957,14
2021-02-14 12:00:00,2794,79
2021-02-14 13:00:00,1325,19
2021-02-14 14:00:00,1333,80
2021-02-14 15:00:00,1145,16
2021-02-14 16:00:00,2001,124
2021-02-14 17:00:00,2822,19
2021-02-14 18:00:00,1801,66
2021-02-14 19:00:00,2601,19
2021-02-14 20:00:00,1347,64
2021-02-14 21:00:00,1335,14
2021-02-14 22:00:00,1816,68
2021-02-14 23:00:00,0,0
2021-02-15 00:00:00,972,29
2021-02-15 01:00:00,2026,56
2021-02-15 02:00:00,1116,12
2021-02-15 03:00:00,1287,129
2021-02-15 04:00:00,1088,48
2021-02-15 05:00:00,842,10
2021-02-15 06:00:00,1978,80
2021-02-15 07:00:00,1818,13
2021-02-15 08:00:00,1408,68
2021-02-15 09:00:00,1606,24
2021-02-15 10:00:00,2688,88
2021-02-15 11:00:00,217,4
2021-02-15 12:00:00,3384,79
2021-02-15 13:00:00,1100,19
2021-02-15 14:00:00,1508,47
2021-02-15 15:00:00,1684,86
2021-02-15 16:00:00,2220,116
2021-02-15 17:00:00,2907,20
2021-02-15 18:00:00,2565,82
2021-02-15 19:00:00,2214,17
2021-02-15 20:00:00,1717,74
2021-02-15 21:00:00,1506,15
2021-02-15 22:00:00,2153,69
2021-02-15 23:00:00,735,13
2021-02-16 00:00:00,1334,71
2021-02-16 01:00:00,423,11
2021-02-16 02:00:00,854,61
2021-02-16 03:00:00,1401,75
2021-02-16 04:00:00,1191,35
2021-02-16 05:00:00,1241,14
2021-02-16 06:00:00,1261,80
2021-02-16 07:00:00,1827,57
2021-02-16 08:00:00,0,0
2021-02-16 09:00:00,2613,34
2021-02-16 10:00:00,959,103
2021-02-16 11:00:00,1883,28
2021-02-16 12:00:00,2482,80
2021-02-16 13:00:00,2103,19
2021-02-16 14:00:00,1841,63
2021-02-16 15:00:00,966,54
2021-02-16 16:00:00,3286,120
2021-02-16 17:00:00,2079,18
2021-02-16 18:00:00,2251,85
2021-02-16 19:00:00,1553,10
2021-02-16 20:00:00,1741,81
2021-02-16 21:00:00,2234,20
2021-02-16 22:00:00,2290,80
2021-02-16 23:00:00,1438,13
2021-02-17 00:00:00,534,73
2021-02-17 01:00:00,1052,16
2021-02-17 02:00:00,1420,67
2021-02-17 03:00:00,1483,63
2021-02-17 04:00:00,821,61
2021-02-17 05:00:00,1235,15
2021-02-17 06:00:00,1969,70
2021-02-17 07:00:00,1809,12
2021-02-17 08:00:00,2298,81
2021-02-17 09:00:00,3580,19
2021-02-17 10:00:00,1596,59
2021-02-17 11:00:00,1706,46
2021-02-17 12:00:00,1342,72
2021-02-17 13:00:00,1393,17
2021-02-17 14:00:00,2898,38
2021-02-17 15:00:00,1338,30
2021-02-17 16:00:00,1393,43
2021-02-17 17:00:00,1596,20
2021-02-17 18:00:00,1844,28
2021-02-17 19:00:00,4009,166
2021-02-17 20:00:00,2447,82
2021-02-17 21:00:00,1403,21
2021-02-17 22:00:00,2636,86
2021-02-17 23:00:00,2554,12
2021-02-18 00:00:00,1810,84
2021-02-18 01:00:00,1658,9
2021-02-18 02:00:00,1543,74
2021-02-18 03:00:00,1850,74
2021-02-18 04:00:00,1242,48
2021-02-18 05:00:00,1565,16
2021-02-18 06:00:00,1275,92
2021-02-18 07:00:00,2187,16
2021-02-18 08:00:00,1656,42
2021-02-18 09:00:00,2329,54
2021-02-18 10:00:00,1395,45
2021-02-18 11:00:00,2514,51
2021-02-18 12:00:00,2020,84
2021-02-18 13:00:00,1935,22
2021-02-18 14:00:00,1438,80
2021-02-18 15:00:00,1506,14
2021-02-18 16:00:00,2082,28
2021-02-18 17:00:00,2060,55
2021-02-18 18:00:00,1697,86
2021-02-18 19:00:00,1732,23
2021-02-18 20:00:00,2073,92
2021-02-18 21:00:00,1554,17
2021-02-18 22:00:00,2626,84
2021-02-18 23:00:00,1649,9
2021-02-19 00:00:00,1365,81
2021-02-19 01:00:00,1949,12
2021-02-19 02:00:00,917,39
2021-02-19 03:00:00,994,65
2021-02-19 04:00:00,2196,82
2021-02-19 05:00:00,2205,14
2021-02-19 06:00:00,2183,78
2021-02-19 07:00:00,1719,11
2021-02-19 08:00:00,3229,82
2021-02-19 09:00:00,3061,18
2021-02-19 10:00:00,2088,91
2021-02-19 11:00:00,2701,21
2021-02-19 12:00:00,1680,54
2021-02-19 13:00:00,1906,49
2021-02-19 14:00:00,2220,28
2021-02-19 15:00:00,3030,89
2021-02-19 16:00:00,2145,70
2021-02-19 17:00:00,1110,11
2021-02-19 18:00:00,737,3
2021-02-19 19:00:00,1885,88
2021-02-19 20:00:00,1694,73
2021-02-19 21:00:00,3077,100
2021-02-19 22:00:00,1992,97
2021-02-19 23:00:00,1899,20
2021-02-20 00:00:00,1964,78
2021-02-20 01:00:00,1607,15
2021-02-20 02:00:00,1284,91
2021-02-20 03:00:00,1475,68
2021-02-20 04:00:00,1439,58
2021-02-20 05:00:00,2603,18
2021-02-20 06:00:00,2204,80
2021-02-20 07:00:00,2111,17
2021-02-20 08:00:00,1418,82
2021-02-20 09:00:00,2847,22
2021-02-20 10:00:00,2491,83
2021-02-20 11:00:00,2142,16
2021-02-20 12:00:00,2090,120
2021-02-20 13:00:00,3245,18
2021-02-20 14:00:00,1077,52
2021-02-20 15:00:00,1765,18
2021-02-20 16:00:00,2501,89
2021-02-20 17:00:00,1687,49
2021-02-20 18:00:00,2701,108
2021-02-20 19:00:00,1788,17
2021-02-20 20:00:00,2564,88
2021-02-20 21:00:00,2744,30
2021-02-20 22:00:00,1851,78
2021-02-20 23:00:00,1412,20
2021-02-21 00:00:00,1167,78
2021-02-21 01:00:00,1700,12
2021-02-21 02:00:00,1151,80
2021-02-21 03:00:00,820,62
2021-02-21 04:00:00,908,56
2021-02-21 05:00:00,826,14
2021-02-21 06:00:00,1329,79
2021-02-21 07:00:00,1564,20
2021-02-21 08:00:00,1802,64
2021-02-21 09:00:00,1856,16
2021-02-21 10:00:00,1678,81
2021-02-21 11:00:00,2480,21
2021-02-21 12:00:00,896,76
2021-02-21 13:00:00,3225,20
2021-02-21 14:00:00,2094,80
2021-02-21 15:00:00,2045,20
2021-02-21 16:00:00,1611,80
2021-02-21 17:00:00,2513,14
2021-02-21 18:00:00,1398,79
2021-02-21 19:00:00,2575,22
2021-02-21 20:00:00,1735,86
2021-02-21 21:00:00,1403,22
2021-02-21 22:00:00,1575,72
2021-02-21 23:00:00,1004,7
2021-02-22 00:00:00,1310,78
2021-02-22 01:00:00,1485,13
2021-02-22 02:00:00,1050,82
2021-02-22 03:00:00,1144,64
2021-02-22 04:00:00,1118,49
2021-02-22 05:00:00,1238,14
2021-02-22 06:00:00,1659,73
2021-02-22 07:00:00,1610,12
2021-02-22 08:00:00,2955,81
2021-02-22 09:00:00,2085,18
2021-02-22 10:00:00,2449,94
2021-02-22 11:00:00,2888,23
2021-02-22 12:00:00,1545,22
2021-02-22 13:00:00,1286,82
2021-02-22 14:00:00,1395,11
2021-02-22 15:00:00,3150,53
2021-02-22 16:00:00,2035,109
2021-02-22 17:00:00,1007,6
2021-02-22 18:00:00,2244,36
2021-02-22 19:00:00,1471,16
2021-02-22 20:00:00,2074,49
2021-02-22 21:00:00,2497,70
2021-02-22 22:00:00,1257,85
2021-02-22 23:00:00,1027,31
2021-02-23 00:00:00,1472,93
2021-02-23 01:00:00,2180,59
2021-02-23 02:00:00,1313,99
2021-02-23 03:00:00,1239,156
2021-02-23 04:00:00,564,45
2021-02-23 05:00:00,1326,19
2021-02-23 06:00:00,2568,87
2021-02-23 07:00:00,2092,90
2021-02-23 08:00:00,1021,27
2021-02-23 09:00:00,2482,55
2021-02-23 10:00:00,1965,27
2021-02-23 11:00:00,3417,103
2021-02-23 12:00:00,1447,101
2021-02-23 13:00:00,2585,27
2021-02-23 14:00:00,1006,12
2021-02-23 15:00:00,2861,38
2021-02-23 16:00:00,1178,50
2021-02-23 17:00:00,3130,118
2021-02-23 18:00:00,1529,65
2021-02-23 19:00:00,1909,32
2021-02-23 20:00:00,2410,89
2021-02-23 21:00:00,1651,93
2021-02-23 22:00:00,2189,88
2021-02-23 23:00:00,2524,25
2021-02-24 00:00:00,1331,84
2021-02-24 01:00:00,1812,14
2021-02-24 02:00:00,1262,80
2021-02-24 03:00:00,1743,19
2021-02-24 04:00:00,2057,120
2021-02-24 05:00:00,856,25
2021-02-24 06:00:00,2327,45
2021-02-24 07:00:00,2858,18
2021-02-24 08:00:00,3279,91
2021-02-24 09:00:00,2631,20
2021-02-24 10:00:00,2764,100
2021-02-24 11:00:00,2099,21
2021-02-24 12:00:00,2108,76
2021-02-24 13:00:00,1772,24
2021-02-24 14:00:00,1106,50
2021-02-24 15:00:00,3006,122
2021-02-24 16:00:00,2285,57
2021-02-24 17:00:00,2696,23
2021-02-24 18:00:00,1848,85
2021-02-24 19:00:00,411,7
2021-02-24 20:00:00,1774,27
2021-02-24 21:00:00,2873,73
2021-02-24 22:00:00,1850,81
2021-02-24 23:00:00,1625,17
2021-02-25 00:00:00,1146,70
2021-02-25 01:00:00,1469,14
2021-02-25 02:00:00,1327,77
2021-02-25 03:00:00,1301,67
2021-02-25 04:00:00,1425,50
2021-02-25 05:00:00,1227,11
2021-02-25 06:00:00,1962,75
2021-02-25 07:00:00,2839,21
2021-02-25 08:00:00,1078,74
2021-02-25 09:00:00,2332,21
2021-02-25 10:00:00,2359,74
2021-02-25 11:00:00,2024,21
2021-02-25 12:00:00,1766,75
2021-02-25 13:00:00,3452,24
2021-02-25 14:00:00,2156,83
2021-02-25 15:00:00,1283,21
2021-02-25 16:00:00,2248,76
2021-02-25 17:00:00,1225,66
2021-02-25 18:00:00,1285,32
2021-02-25 19:00:00,1401,60
2021-02-25 20:00:00,1876,76
2021-02-25 21:00:00,3149,22
2021-02-25 22:00:00,2906,85
2021-02-25 23:00:00,1803,14
2021-02-26 00:00:00,835,56
2021-02-26 01:00:00,781,32
2021-02-26 02:00:00,893,73
2021-02-26 03:00:00,861,59
2021-02-26 04:00:00,2583,66
2021-02-26 05:00:00,1259,19
2021-02-26 06:00:00,992,93
2021-02-26 07:00:00,2683,20
2021-02-26 08:00:00,2181,92
2021-02-26 09:00:00,2242,22
2021-02-26 10:00:00,1732,87
2021-02-26 11:00:00,1706,13
2021-02-26 12:00:00,2748,85
2021-02-26 13:00:00,2011,25
2021-02-26 14:00:00,2480,89
2021-02-26 15:00:00,1910,18
2021-02-26 16:00:00,2275,144
2021-02-26 17:00:00,1250,17
2021-02-26 18:00:00,1968,74
2021-02-26 19:00:00,2282,24
2021-02-26 20:00:00,1023,86
2021-02-26 21:00:00,2610,18
2021-02-26 22:00:00,2207,77
2021-02-26 23:00:00,1743,27
2021-02-27 00:00:00,1642,76
2021-02-27 01:00:00,1291,16
2021-02-27 02:00:00,1706,67
2021-02-27 03:00:00,1073,65
2021-02-27 04:00:00,591,50
2021-02-27 05:00:00,2149,19
2021-02-27 06:00:00,1862,70
2021-02-27 07:00:00,1844,13
2021-02-27 08:00:00,2588,74
2021-02-27 09:00:00,2669,64
2021-02-27 10:00:00,2104,61
2021-02-27 11:00:00,1940,16
2021-02-27 12:00:00,2853,91
2021-02-27 13:00:00,2101,12
2021-02-27 14:00:00,383,60
2021-02-27 15:00:00,3809,30
2021-02-27 16:00:00,1261,69
2021-02-27 17:00:00,2544,12
2021-02-27 18:00:00,1687,77
2021-02-27 19:00:00,2127,12
2021-02-27 20:00:00,1197,65
2021-02-27 21:00:00,1063,13
2021-02-27 22:00:00,1284,63
2021-02-27 23:00:00,1976,11
2021-02-28 00:00:00,716,67
2021-02-28 01:00:00,1273,10
2021-02-28 02:00:00,1132,69
2021-02-28 03:00:00,1464,55
2021-02-28 04:00:00,724,64
2021-02-28 05:00:00,613,12
2021-02-28 06:00:00,1151,70
2021-02-28 07:00:00,1469,14
2021-02-28 08:00:00,2023,82
2021-02-28 09:00:00,1344,13
2021-02-28 10:00:00,1552,70
2021-02-28 11:00:00,1906,15
2021-02-28 12:00:00,1030,74
2021-02-28 13:00:00,1881,16
2021-02-28 14:00:00,1588,106
2021-02-28 15:00:00,2414,20
2021-02-28 16:00:00,1258,78
2021-02-28 17:00:00,2527,18
2021-02-28 18:00:00,967,78
2021-02-28 19:00:00,2730,16
2021-02-28 20:00:00,450,68
2021-02-28 21:00:00,1350,18
2021-02-28 22:00:00,1572,69
2021-02-28 23:00:00,1763,19
2021-03-01 00:00:00,884,64
2021-03-01 01:00:00,1328,15
2021-03-01 02:00:00,610,77
2021-03-01 03:00:00,1368,19
2021-03-01 04:00:00,804,74
2021-03-01 05:00:00,1025,13
2021-03-01 06:00:00,370,53
2021-03-01 07:00:00,2219,72
2021-03-01 08:00:00,1403,28
2021-03-01 09:00:00,2669,23
2021-03-01 10:00:00,1646,89
2021-03-01 11:00:00,2029,11
2021-03-01 12:00:00,2013,90
2021-03-01 13:00:00,1469,21
2021-03-01 14:00:00,1000,35
2021-03-01 15:00:00,2046,58
2021-03-01 16:00:00,2036,132
2021-03-01 17:00:00,1965,21
2021-03-01 18:00:00,1955,25
2021-03-01 19:00:00,1776,89
2021-03-01 20:00:00,1860,32
2021-03-01 21:00:00,3744,79
2021-03-01 22:00:00,664,28
2021-03-01 23:00:00,1723,80
2021-03-02 00:00:00,855,37
2021-03-02 01:00:00,1633,43
2021-03-02 02:00:00,881,73
2021-03-02 03:00:00,1578,48
2021-03-02 04:00:00,1572,59
2021-03-02 05:00:00,819,15
2021-03-02 06:00:00,2181,108
2021-03-02 07:00:00,2470,11
2021-03-02 08:00:00,1708,72
2021-03-02 09:00:00,2900,23
2021-03-02 10:00:00,2079,86
2021-03-02 11:00:00,2434,19
2021-03-02 12:00:00,1469,71
2021-03-02 13:00:00,1501,70
2021-03-02 14:00:00,1659,67
2021-03-02 15:00:00,1860,16
2021-03-02 16:00:00,1790,84
2021-03-02 17:00:00,1374,20
2021-03-02 18:00:00,2508,94
2021-03-02 19:00:00,3381,18
2021-03-02 20:00:00,1983,73
2021-03-02 21:00:00,1833,13
2021-03-02 22:00:00,0,0
2021-03-02 23:00:00,2236,66
2021-03-03 00:00:00,1954,99
2021-03-03 01:00:00,1331,13
2021-03-03 02:00:00,1872,71
2021-03-03 03:00:00,1159,68
2021-03-03 04:00:00,1190,46
2021-03-03 05:00:00,325,3
2021-03-03 06:00:00,1798,71
2021-03-03 07:00:00,515,3
2021-03-03 08:00:00,1715,118
2021-03-03 09:00:00,2793,26
2021-03-03 10:00:00,3031,149
2021-03-03 11:00:00,2913,28
2021-03-03 12:00:00,2229,81
2021-03-03 13:00:00,2436,17
2021-03-03 14:00:00,1910,95
2021-03-03 15:00:00,1141,7
2021-03-03 16:00:00,2072,100
2021-03-03 17:00:00,2858,87
2021-03-03 18:00:00,1473,81
2021-03-03 19:00:00,3452,16
2021-03-03 20:00:00,2024,87
2021-03-03 21:00:00,2366,20
2021-03-03 22:00:00,1718,85
2021-03-03 23:00:00,578,12
2021-03-04 00:00:00,995,68
2021-03-04 01:00:00,952,12
2021-03-04 02:00:00,1923,67
2021-03-04 03:00:00,875,67
2021-03-04 04:00:00,2504,38
2021-03-04 05:00:00,1308,11
2021-03-04 06:00:00,1987,82
2021-03-04 07:00:00,1709,9
2021-03-04 08:00:00,395,31
2021-03-04 09:00:00,2253,102
2021-03-04 10:00:00,1097,70
2021-03-04 11:00:00,2876,15
2021-03-04 12:00:00,1555,87
2021-03-04 13:00:00,1016,10
2021-03-04 14:00:00,2006,91
2021-03-04 15:00:00,910,15
2021-03-04 16:00:00,2188,91
2021-03-04 17:00:00,1685,18
2021-03-04 18:00:00,1782,88
2021-03-04 19:00:00,2743,23
2021-03-04 20:00:00,1298,86
2021-03-04 21:00:00,1503,18
2021-03-04 22:00:00,1631,68
2021-03-04 23:00:00,1271,13
2021-03-05 00:00:00,1399,70
2021-03-05 01:00:00,2392,12
2021-03-05 02:00:00,923,76
2021-03-05 03:00:00,931,8
2021-03-05 04:00:00,1075,102
2021-03-05 05:00:00,1149,59
2021-03-05 06:00:00,2586,32
2021-03-05 07:00:00,1964,10
2021-03-05 08:00:00,1559,77
2021-03-05 09:00:00,1908,13
2021-03-05 10:00:00,1917,83
2021-03-05 11:00:00,3016,14
2021-03-05 12:00:00,2438,85
2021-03-05 13:00:00,1673,21
2021-03-05 14:00:00,786,42
2021-03-05 15:00:00,2860,60
2021-03-05 16:00:00,1839,88
2021-03-05 17:00:00,875,6
2021-03-05 18:00:00,2146,85
2021-03-05 19:00:00,2395,22
2021-03-05 20:00:00,726,7
2021-03-05 21:00:00,1095,54
2021-03-05 22:00:00,2517,91
2021-03-05 23:00:00,1727,14
2021-03-06 00:00:00,1376,74
2021-03-06 01:00:00,752,12
2021-03-06 02:00:00,515,37
2021-03-06 03:00:00,1155,47
2021-03-06 04:00:00,1069,21
2021-03-06 05:00:00,1407,1
2021-03-06 06:00:00,1281,56
2021-03-06 07:00:00,1639,0
2021-03-06 08:00:00,2540,70
2021-03-06 09:00:00,2023,13
2021-03-06 10:00:00,2321,81
2021-03-06 11:00:00,1898,52
2021-03-06 12:00:00,2085,56
2021-03-06 13:00:00,1369,12
2021-03-06 14:00:00,1608,75
2021-03-06 15:00:00,1469,12
2021-03-06 16:00:00,1356,71
2021-03-06 17:00:00,1625,18
2021-03-06 18:00:00,1748,70
2021-03-06 19:00:00,1711,11
2021-03-06 20:00:00,1336,76
2021-03-06 21:00:00,1279,14
2021-03-06 22:00:00,677,54
2021-03-06 23:00:00,2231,16
2021-03-07 00:00:00,996,69
2021-03-07 01:00:00,1085,12
2021-03-07 02:00:00,921,64
2021-03-07 03:00:00,422,7
2021-03-07 04:00:00,1099,96
2021-03-07 05:00:00,787,11
2021-03-07 06:00:00,1355,57
2021-03-07 07:00:00,0,0
2021-03-07 08:00:00,3083,72
2021-03-07 09:00:00,1477,9
2021-03-07 10:00:00,1703,71
2021-03-07 11:00:00,2307,19
2021-03-07 12:00:00,1878,88
2021-03-07 13:00:00,1257,59
2021-03-07 14:00:00,1161,37
2021-03-07 15:00:00,2814,78
2021-03-07 16:00:00,1318,59
2021-03-07 17:00:00,2384,16
2021-03-07 18:00:00,1567,77
2021-03-07 19:00:00,1680,10
2021-03-07 20:00:00,1228,67
2021-03-07 21:00:00,1703,15
2021-03-07 22:00:00,1328,60
2021-03-07 23:00:00,1424,14
2021-03-08 00:00:00,975,71
2021-03-08 01:00:00,1030,15
2021-03-08 02:00:00,769,67
2021-03-08 03:00:00,955,61
2021-03-08 04:00:00,598,36
2021-03-08 05:00:00,1320,16
2021-03-08 06:00:00,1372,68
2021-03-08 07:00:00,719,9
2021-03-08 08:00:00,1778,62
2021-03-08 09:00:00,2104,72
2021-03-08 10:00:00,2827,62
2021-03-08 11:00:00,1868,20
2021-03-08 12:00:00,1111,75
2021-03-08 13:00:00,3061,69
2021-03-08 14:00:00,1407,75
2021-03-08 15:00:00,1629,19
2021-03-08 16:00:00,974,73
2021-03-08 17:00:00,2283,21
2021-03-08 18:00:00,2273,92
2021-03-08 19:00:00,1595,18
2021-03-08 20:00:00,1044,76
2021-03-08 21:00:00,2248,24
2021-03-08 22:00:00,2198,81
2021-03-08 23:00:00,2102,15
2021-03-09 00:00:00,2316,82
2021-03-09 01:00:00,1226,11
2021-03-09 02:00:00,825,53
2021-03-09 03:00:00,1497,104
2021-03-09 04:00:00,1494,64
2021-03-09 05:00:00,1731,11
2021-03-09 06:00:00,2552,109
2021-03-09 07:00:00,2442,13
2021-03-09 08:00:00,1196,68
2021-03-09 09:00:00,2046,85
2021-03-09 10:00:00,2897,86
2021-03-09 11:00:00,1821,19
2021-03-09 12:00:00,1036,73
2021-03-09 13:00:00,2675,37
2021-03-09 14:00:00,1828,136
2021-03-09 15:00:00,1764,20
2021-03-09 16:00:00,2240,79
2021-03-09 17:00:00,2089,20
2021-03-09 18:00:00,1225,85
2021-03-09 19:00:00,1205,25
2021-03-09 20:00:00,2564,76
2021-03-09 21:00:00,3031,21
2021-03-09 22:00:00,1412,85
2021-03-09 23:00:00,1860,15
2021-03-10 00:00:00,685,66
2021-03-10 01:00:00,1648,20
2021-03-10 02:00:00,1333,80
2021-03-10 03:00:00,1679,74
2021-03-10 04:00:00,1476,84
2021-03-10 05:00:00,1854,17
2021-03-10 06:00:00,2145,76
2021-03-10 07:00:00,1472,13
2021-03-10 08:00:00,3672,74
2021-03-10 09:00:00,1955,12
2021-03-10 10:00:00,1004,25
2021-03-10 11:00:00,2734,30
2021-03-10 12:00:00,1457,124
2021-03-10 13:00:00,3911,48
2021-03-10 14:00:00,1691,93
2021-03-10 15:00:00,3378,92
2021-03-10 16:00:00,2072,20
2021-03-10 17:00:00,1906,55
2021-03-10 18:00:00,1701,18
2021-03-10 19:00:00,2170,26
2021-03-10 20:00:00,2810,136
2021-03-10 21:00:00,1521,43
2021-03-10 22:00:00,1707,87
2021-03-10 23:00:00,2196,9
2021-03-11 00:00:00,1442,76
2021-03-11 01:00:00,595,4
2021-03-11 02:00:00,419,25
2021-03-11 03:00:00,1893,108
2021-03-11 04:00:00,1081,58
2021-03-11 05:00:00,1528,21
2021-03-11 06:00:00,1240,72
2021-03-11 07:00:00,1674,14
2021-03-11 08:00:00,2178,64
2021-03-11 09:00:00,2052,19
2021-03-11 10:00:00,3078,99
2021-03-11 11:00:00,516,13
2021-03-11 12:00:00,2167,74
2021-03-11 13:00:00,1970,27
2021-03-11 14:00:00,2351,117
2021-03-11 15:00:00,2777,27
2021-03-11 16:00:00,1933,50
2021-03-11 17:00:00,1918,61
2021-03-11 18:00:00,2093,93
2021-03-11 19:00:00,2282,29
2021-03-11 20:00:00,1709,21
2021-03-11 21:00:00,2150,54
2021-03-11 22:00:00,1780,105
2021-03-11 23:00:00,944,6
2021-03-12 00:00:00,1864,133
2021-03-12 01:00:00,1943,14
2021-03-12 02:00:00,1505,68
2021-03-12 03:00:00,1221,12
2021-03-12 04:00:00,1083,69
2021-03-12 05:00:00,1757,13
2021-03-12 06:00:00,2601,72
2021-03-12 07:00:00,1671,7
2021-03-12 08:00:00,1675,52
2021-03-12 09:00:00,2292,45
2021-03-12 10:00:00,1746,88
2021-03-12 11:00:00,3347,20
2021-03-12 12:00:00,1400,83
2021-03-12 13:00:00,1560,23
2021-03-12 14:00:00,3095,79
2021-03-12 15:00:00,2480,15
2021-03-12 16:00:00,2384,98
2021-03-12 17:00:00,1955,27
2021-03-12 18:00:00,3025,93
2021-03-12 19:00:00,1638,20
2021-03-12 20:00:00,1698,75
2021-03-12 21:00:00,1504,18
2021-03-12 22:00:00,1725,75
2021-03-12 23:00:00,636,11
2021-03-13 00:00:00,1820,78
2021-03-13 01:00:00,699,9
2021-03-13 02:00:00,1168,77
2021-03-13 03:00:00,764,10
2021-03-13 04:00:00,804,86
2021-03-13 05:00:00,1272,14
2021-03-13 06:00:00,2832,67
2021-03-13 07:00:00,1475,11
2021-03-13 08:00:00,2736,82
2021-03-13 09:00:00,902,7
2021-03-13 10:00:00,2201,82
2021-03-13 11:00:00,3282,17
2021-03-13 12:00:00,2132,60
2021-03-13 13:00:00,0,0
2021-03-13 14:00:00,607,1
2021-03-13 15:00:00,1926,55
2021-03-13 16:00:00,2338,87
2021-03-13 17:00:00,1767,14
2021-03-13 18:00:00,1023,17
2021-03-13 19:00:00,3004,82
2021-03-13 20:00:00,3509,79
2021-03-13 21:00:00,3229,136
2021-03-13 22:00:00,724,40
2021-03-13 23:00:00,2953,68
2021-03-14 00:00:00,1827,73
2021-03-14 01:00:00,1338,15
2021-03-14 02:00:00,827,97
2021-03-14 03:00:00,1822,20
2021-03-14 04:00:00,1101,67
2021-03-14 05:00:00,2938,15
2021-03-14 06:00:00,2027,77
2021-03-14 07:00:00,2230,15
2021-03-14 08:00:00,2139,69
2021-03-14 09:00:00,2219,13
2021-03-14 10:00:00,1213,74
2021-03-14 11:00:00,2979,19
2021-03-14 12:00:00,1880,76
2021-03-14 13:00:00,2622,79
2021-03-14 14:00:00,2349,32
2021-03-14 15:00:00,1769,21
2021-03-14 16:00:00,2099,87
2021-03-14 17:00:00,1505,16
2021-03-14 18:00:00,2128,81
2021-03-14 19:00:00,1432,16
2021-03-14 20:00:00,1691,67
2021-03-14 21:00:00,1228,8
2021-03-14 22:00:00,1343,81
2021-03-14 23:00:00,1765,12
2021-03-15 00:00:00,1077,65
2021-03-15 01:00:00,1179,13
2021-03-15 02:00:00,956,73
2021-03-15 03:00:00,917,50
2021-03-15 04:00:00,1442,38
2021-03-15 05:00:00,859,11
2021-03-15 06:00:00,1079,77
2021-03-15 07:00:00,2648,13
2021-03-15 08:00:00,2418,91
2021-03-15 09:00:00,1900,15
2021-03-15 10:00:00,646,6
2021-03-15 11:00:00,3379,112
2021-03-15 12:00:00,2492,102
2021-03-15 13:00:00,2910,90
2021-03-15 14:00:00,2566,82
2021-03-15 15:00:00,826,13
2021-03-15 16:00:00,1892,91
2021-03-15 17:00:00,1910,44
2021-03-15 18:00:00,601,33
2021-03-15 19:00:00,1977,29
2021-03-15 20:00:00,2134,95
2021-03-15 21:00:00,2673,52
2021-03-15 22:00:00,1179,82
2021-03-15 23:00:00,2097,19
2021-03-16 00:00:00,1936,74
2021-03-16 01:00:00,1531,17
2021-03-16 02:00:00,978,82
2021-03-16 03:00:00,1897,15
2021-03-16 04:00:00,659,85
2021-03-16 05:00:00,1436,26
2021-03-16 06:00:00,1218,60
2021-03-16 07:00:00,1075,9
2021-03-16 08:00:00,987,92
2021-03-16 09:00:00,4120,54
2021-03-16 10:00:00,1067,90
2021-03-16 11:00:00,3126,22
2021-03-16 12:00:00,2224,90
2021-03-16 13:00:00,2023,22
2021-03-16 14:00:00,2107,95
2021-03-16 15:00:00,2425,77
2021-03-16 16:00:00,2101,74
2021-03-16 17:00:00,1977,22
2021-03-16 18:00:00,2364,94
2021-03-16 19:00:00,1759,22
2021-03-16 20:00:00,1447,85
2021-03-16 21:00:00,2486,26
2021-03-16 22:00:00,1139,89
2021-03-16 23:00:00,1334,9
2021-03-17 00:00:00,1625,82
2021-03-17 01:00:00,1456,12
2021-03-17 02:00:00,1719,81
2021-03-17 03:00:00,243,1
2021-03-17 04:00:00,1443,68
2021-03-17 05:00:00,1635,18
2021-03-17 06:00:00,1842,80
2021-03-17 07:00:00,1363,59
2021-03-17 08:00:00,2724,48
2021-03-17 09:00:00,1736,10
2021-03-17 10:00:00,1142,13
2021-03-17 11:00:00,1324,100
2021-03-17 12:00:00,2072,79
2021-03-17 13:00:00,2626,23
2021-03-17 14:00:00,2076,97
2021-03-17 15:00:00,2388,23
2021-03-17 16:00:00,544,50
2021-03-17 17:00:00,1516,11
2021-03-17 18:00:00,1876,29
2021-03-17 19:00:00,2736,34
2021-03-17 20:00:00,1946,92
2021-03-17 21:00:00,1880,15
2021-03-17 22:00:00,1806,35
2021-03-17 23:00:00,2528,125
2021-03-18 00:00:00,2403,110
2021-03-18 01:00:00,978,8
2021-03-18 02:00:00,1820,109
2021-03-18 03:00:00,1610,13
2021-03-18 04:00:00,1216,118
2021-03-18 05:00:00,1541,17
2021-03-18 06:00:00,2206,82
2021-03-18 07:00:00,1237,10
2021-03-18 08:00:00,2352,93
2021-03-18 09:00:00,2378,56
2021-03-18 10:00:00,1630,57
2021-03-18 11:00:00,2965,24
2021-03-18 12:00:00,2187,112
2021-03-18 13:00:00,1863,34
2021-03-18 14:00:00,1017,9
2021-03-18 15:00:00,1072,20
2021-03-18 16:00:00,1649,51
2021-03-18 17:00:00,3298,125
2021-03-18 18:00:00,3305,149
2021-03-18 19:00:00,1605,18
2021-03-18 20:00:00,3395,96
2021-03-18 21:00:00,1772,15
2021-03-18 22:00:00,2145,75
2021-03-18 23:00:00,1365,11
2021-03-19 00:00:00,1080,72
2021-03-19 01:00:00,714,10
2021-03-19 02:00:00,1666,72
2021-03-19 03:00:00,1619,14
2021-03-19 04:00:00,676,73
2021-03-19 05:00:00,1467,14
2021-03-19 06:00:00,2502,95
2021-03-19 07:00:00,1843,12
2021-03-19 08:00:00,1458,65
2021-03-19 09:00:00,1677,21
2021-03-19 10:00:00,1390,79
2021-03-19 11:00:00,3113,20
2021-03-19 12:00:00,3106,91
2021-03-19 13:00:00,1886,25
2021-03-19 14:00:00,1011,60
2021-03-19 15:00:00,2753,54
2021-03-19 16:00:00,2751,122
2021-03-19 17:00:00,1811,22
2021-03-19 18:00:00,2725,82
2021-03-19 19:00:00,1025,18
2021-03-19 20:00:00,3127,74
2021-03-19 21:00:00,1490,11
2021-03-19 22:00:00,1973,87
2021-03-19 23:00:00,1104,15
2021-03-20 00:00:00,1361,76
2021-03-20 01:00:00,1329,13
2021-03-20 02:00:00,1025,79
2021-03-20 03:00:00,883,12
2021-03-20 04:00:00,1134,77
2021-03-20 05:00:00,2042,10
2021-03-20 06:00:00,1325,68
2021-03-20 07:00:00,2929,15
2021-03-20 08:00:00,1247,63
2021-03-20 09:00:00,2460,15
2021-03-20 10:00:00,1842,72
2021-03-20 11:00:00,2292,16
2021-03-20 12:00:00,2452,75
2021-03-20 13:00:00,1522,10
2021-03-20 14:00:00,2312,123
2021-03-20 15:00:00,1716,17
2021-03-20 16:00:00,1268,72
2021-03-20 17:00:00,3657,13
2021-03-20 18:00:00,1659,85
2021-03-20 19:00:00,2643,15
2021-03-20 20:00:00,1507,70
2021-03-20 21:00:00,959,7
2021-03-20 22:00:00,1776,68
2021-03-20 23:00:00,1547,15
2021-03-21 00:00:00,866,64
2021-03-21 01:00:00,985,14
2021-03-21 02:00:00,541,52
2021-03-21 03:00:00,572,50
2021-03-21 04:00:00,1142,36
2021-03-21 05:00:00,987,15
2021-03-21 06:00:00,1221,74
2021-03-21 07:00:00,1227,13
2021-03-21 08:00:00,1522,59
2021-03-21 09:00:00,1397,12
2021-03-21 10:00:00,1631,110
2021-03-21 11:00:00,1043,11
2021-03-21 12:00:00,1928,65
2021-03-21 13:00:00,1785,14
2021-03-21 14:00:00,2073,78
2021-03-21 15:00:00,1218,9
2021-03-21 16:00:00,1523,78
2021-03-21 17:00:00,1753,16
2021-03-21 18:00:00,2399,84
2021-03-21 19:00:00,1242,9
2021-03-21 20:00:00,2135,78
2021-03-21 21:00:00,1351,11
2021-03-21 22:00:00,1507,78
2021-03-21 23:00:00,1020,9
2021-03-22 00:00:00,1565,72
2021-03-22 01:00:00,899,11
2021-03-22 02:00:00,707,77
2021-03-22 03:00:00,969,56
2021-03-22 04:00:00,430,38
2021-03-22 05:00:00,1567,13
2021-03-22 06:00:00,1007,67
2021-03-22 07:00:00,2570,14
2021-03-22 08:00:00,1882,80
2021-03-22 09:00:00,1552,17
2021-03-22 10:00:00,2775,73
2021-03-22 11:00:00,1873,16
2021-03-22 12:00:00,2258,99
2021-03-22 13:00:00,1660,25
2021-03-22 14:00:00,2197,151
2021-03-22 15:00:00,1823,29
2021-03-22 16:00:00,2330,91
2021-03-22 17:00:00,2080,14
2021-03-22 18:00:00,2513,91
2021-03-22 19:00:00,1448,16
2021-03-22 20:00:00,1925,91
2021-03-22 21:00:00,2435,35
2021-03-22 22:00:00,1093,81
2021-03-22 23:00:00,1340,24
2021-03-23 00:00:00,1463,82
2021-03-23 01:00:00,1460,18
2021-03-23 02:00:00,1163,78
2021-03-23 03:00:00,949,64
2021-03-23 04:00:00,539,35
2021-03-23 05:00:00,894,10
2021-03-23 06:00:00,1981,71
2021-03-23 07:00:00,2105,12
2021-03-23 08:00:00,2668,88
2021-03-23 09:00:00,2254,19
2021-03-23 10:00:00,997,91
2021-03-23 11:00:00,1705,19
2021-03-23 12:00:00,3365,74
2021-03-23 13:00:00,2692,20
2021-03-23 14:00:00,878,89
2021-03-23 15:00:00,2076,30
2021-03-23 16:00:00,799,40
2021-03-23 17:00:00,2256,16
2021-03-23 18:00:00,2813,101
2021-03-23 19:00:00,2874,75
2021-03-23 20:00:00,3344,95
2021-03-23 21:00:00,460,15
2021-03-23 22:00:00,2958,81
2021-03-23 23:00:00,1732,13
2021-03-24 00:00:00,926,70
2021-03-24 01:00:00,1841,32
2021-03-24 02:00:00,1440,74
2021-03-24 03:00:00,952,62
2021-03-24 04:00:00,675,46
2021-03-24 05:00:00,2123,19
2021-03-24 06:00:00,1692,81
2021-03-24 07:00:00,2267,18
2021-03-24 08:00:00,2379,84
2021-03-24 09:00:00,1765,18
2021-03-24 10:00:00,2522,97
2021-03-24 11:00:00,1776,13
2021-03-24 12:00:00,1793,106
2021-03-24 13:00:00,2674,21
2021-03-24 14:00:00,2152,104
2021-03-24 15:00:00,1829,14
2021-03-24 16:00:00,2306,110
2021-03-24 17:00:00,913,20
2021-03-24 18:00:00,1666,20
2021-03-24 19:00:00,967,18
2021-03-24 20:00:00,3951,147
2021-03-24 21:00:00,1181,14
2021-03-24 22:00:00,1505,109
2021-03-24 23:00:00,2960,22
2021-03-25 00:00:00,1404,94
2021-03-25 01:00:00,1918,14
2021-03-25 02:00:00,898,80
2021-03-25 03:00:00,1328,19
2021-03-25 04:00:00,764,105
2021-03-25 05:00:00,1533,17
2021-03-25 06:00:00,2655,76
2021-03-25 07:00:00,1815,14
2021-03-25 08:00:00,3403,99
2021-03-25 09:00:00,2010,66
2021-03-25 10:00:00,2355,83
2021-03-25 11:00:00,1645,20
2021-03-25 12:00:00,1737,90
2021-03-25 13:00:00,2336,30
2021-03-25 14:00:00,1880,105
2021-03-25 15:00:00,2943,28
2021-03-25 16:00:00,3256,158
2021-03-25 17:00:00,1118,19
2021-03-25 18:00:00,1766,73
2021-03-25 19:00:00,2722,20
2021-03-25 20:00:00,2103,97
2021-03-25 21:00:00,1342,21
2021-03-25 22:00:00,1147,74
2021-03-25 23:00:00,1263,21
2021-03-26 00:00:00,1297,80
2021-03-26 01:00:00,1696,12
2021-03-26 02:00:00,1221,109
2021-03-26 03:00:00,1493,16
2021-03-26 04:00:00,728,61
2021-03-26 05:00:00,1521,24
2021-03-26 06:00:00,2329,82
2021-03-26 07:00:00,1634,13
2021-03-26 08:00:00,1688,96
2021-03-26 09:00:00,1779,17
2021-03-26 10:00:00,1772,109
2021-03-26 11:00:00,1068,40
2021-03-26 12:00:00,2655,91
2021-03-26 13:00:00,2307,13
2021-03-26 14:00:00,1229,25
2021-03-26 15:00:00,2983,46
2021-03-26 16:00:00,1558,88
2021-03-26 17:00:00,2328,85
2021-03-26 18:00:00,2423,84
2021-03-26 19:00:00,1789,17
2021-03-26 20:00:00,1349,44
2021-03-26 21:00:00,3717,57
2021-03-26 22:00:00,1613,85
2021-03-26 23:00:00,1890,11
2021-03-27 00:00:00,1373,75
2021-03-27 01:00:00,2202,8
2021-03-27 02:00:00,1228,81
2021-03-27 03:00:00,1832,49
2021-03-27 04:00:00,983,45
2021-03-27 05:00:00,1074,14
2021-03-27 06:00:00,1713,70
2021-03-27 07:00:00,1735,11
2021-03-27 08:00:00,1726,67
2021-03-27 09:00:00,2401,13
2021-03-27 10:00:00,2088,79
2021-03-27 11:00:00,2147,14
2021-03-27 12:00:00,2038,79
2021-03-27 13:00:00,1536,11
2021-03-27 14:00:00,1768,62
2021-03-27 15:00:00,2258,69
2021-03-27 16:00:00,2308,46
2021-03-27 17:00:00,808,12
2021-03-27 18:00:00,1807,76
2021-03-27 19:00:00,2454,11
2021-03-27 20:00:00,2338,77
2021-03-27 21:00:00,1154,10
2021-03-27 22:00:00,1552,67
2021-03-27 23:00:00,1814,13
2021-03-28 00:00:00,631,78
2021-03-28 01:00:00,1151,17
2021-03-28 02:00:00,733,63
2021-03-28 03:00:00,741,11
2021-03-28 04:00:00,972,61
2021-03-28 05:00:00,916,13
2021-03-28 06:00:00,968,65
2021-03-28 07:00:00,1422,15
2021-03-28 08:00:00,2118,63
2021-03-28 09:00:00,1984,13
2021-03-28 10:00:00,1255,70
2021-03-28 11:00:00,2000,15
2021-03-28 12:00:00,1985,77
2021-03-28 13:00:00,1625,14
2021-03-28 14:00:00,2083,75
2021-03-28 15:00:00,829,20
2021-03-28 16:00:00,2179,102
2021-03-28 17:00:00,942,14
2021-03-28 18:00:00,1617,79
2021-03-28 19:00:00,2806,16
2021-03-28 20:00:00,2262,77
2021-03-28 21:00:00,1205,13
2021-03-28 22:00:00,730,66
2021-03-28 23:00:00,1352,14
2021-03-29 00:00:00,775,53
2021-03-29 01:00:00,939,14
2021-03-29 02:00:00,849,64
2021-03-29 03:00:00,759,53
2021-03-29 04:00:00,1065,35
2021-03-29 05:00:00,532,7
2021-03-29 06:00:00,2034,74
2021-03-29 07:00:00,1667,12
2021-03-29 08:00:00,1681,111
2021-03-29 09:00:00,2773,16
2021-03-29 10:00:00,1223,75
2021-03-29 11:00:00,2061,29
2021-03-29 12:00:00,2839,112
2021-03-29 13:00:00,2018,28
2021-03-29 14:00:00,106,58
2021-03-29 15:00:00,2322,31
2021-03-29 16:00:00,2727,54
2021-03-29 17:00:00,2402,57
2021-03-29 18:00:00,1991,34
2021-03-29 19:00:00,1671,33
2021-03-29 20:00:00,1731,146
2021-03-29 21:00:00,3071,31
2021-03-29 22:00:00,1700,91
2021-03-29 23:00:00,3204,18
2021-03-30 00:00:00,1140,78
2021-03-30 01:00:00,1273,18
2021-03-30 02:00:00,103,68
2021-03-30 03:00:00,751,20
2021-03-30 04:00:00,1171,53
2021-03-30 05:00:00,2777,15
2021-03-30 06:00:00,1287,76
2021-03-30 07:00:00,3400,17
2021-03-30 08:00:00,2213,83
2021-03-30 09:00:00,2459,17
2021-03-30 10:00:00,3232,97
2021-03-30 11:00:00,1019,17
2021-03-30 12:00:00,2533,19
2021-03-30 13:00:00,1554,79
2021-03-30 14:00:00,4167,137
2021-03-30 15:00:00,1838,17
2021-03-30 16:00:00,3074,102
2021-03-30 17:00:00,1071,9
2021-03-30 18:00:00,2919,31
2021-03-30 19:00:00,2672,87
2021-03-30 20:00:00,1857,95
2021-03-30 21:00:00,1293,13
2021-03-30 22:00:00,1046,76
2021-03-30 23:00:00,1883,18
2021-03-31 00:00:00,970,70
2021-03-31 01:00:00,1108,17
2021-03-31 02:00:00,1494,74
2021-03-31 03:00:00,881,68
2021-03-31 04:00:00,1017,46
2021-03-31 05:00:00,2115,10
2021-03-31 06:00:00,1892,84
2021-03-31 07:00:00,1639,11
2021-03-31 08:00:00,1689,113
2021-03-31 09:00:00,2250,47
2021-03-31 10:00:00,2621,121
2021-03-31 11:00:00,2350,19
2021-03-31 12:00:00,1361,31
2021-03-31 13:00:00,1577,39
2021-03-31 14:00:00,2604,122
2021-03-31 15:00:00,3779,25
2021-03-31 16:00:00,2060,110
2021-03-31 17:00:00,1584,19
2021-03-31 18:00:00,3031,94
2021-03-31 19:00:00,2355,20
2021-03-31 20:00:00,470,16
2021-03-31 21:00:00,3288,103
2021-03-31 22:00:00,2045,89
2021-03-31 23:00:00,2282,13
2021-04-01 00:00:00,1666,72
2021-04-01 01:00:00,2307,21
2021-04-01 02:00:00,612,73
2021-04-01 03:00:00,1341,51
2021-04-01 04:00:00,1206,61
2021-04-01 05:00:00,1318,13
2021-04-01 06:00:00,1862,83
2021-04-01 07:00:00,1678,15
2021-04-01 08:00:00,2550,89
2021-04-01 09:00:00,3607,15
2021-04-01 10:00:00,2977,91
2021-04-01 11:00:00,2515,20
2021-04-01 12:00:00,1502,82
2021-04-01 13:00:00,1930,22
2021-04-01 14:00:00,1080,24
2021-04-01 15:00:00,4924,92
2021-04-01 16:00:00,1987,87
2021-04-01 17:00:00,2533,17
2021-04-01 18:00:00,1284,87
2021-04-01 19:00:00,1351,24
2021-04-01 20:00:00,2409,79
2021-04-01 21:00:00,2610,18
2021-04-01 22:00:00,630,66
2021-04-01 23:00:00,1707,29
2021-04-02 00:00:00,1433,71
2021-04-02 01:00:00,758,10
2021-04-02 02:00:00,1137,66
2021-04-02 03:00:00,1445,63
2021-04-02 04:00:00,1634,69
2021-04-02 05:00:00,1969,17
2021-04-02 06:00:00,2400,81
2021-04-02 07:00:00,2943,75
2021-04-02 08:00:00,2070,68
2021-04-02 09:00:00,2884,21
2021-04-02 10:00:00,2229,81
2021-04-02 11:00:00,2693,17
2021-04-02 12:00:00,1142,89
2021-04-02 13:00:00,2114,24
2021-04-02 14:00:00,3173,88
2021-04-02 15:00:00,1614,21
2021-04-02 16:00:00,2059,124
2021-04-02 17:00:00,1374,27
2021-04-02 18:00:00,1413,14
2021-04-02 19:00:00,1455,18
2021-04-02 20:00:00,1240,69
2021-04-02 21:00:00,2264,16
2021-04-02 22:00:00,1712,90
2021-04-02 23:00:00,3577,81
2021-04-03 00:00:00,1382,87
2021-04-03 01:00:00,1658,11
2021-04-03 02:00:00,960,76
2021-04-03 03:00:00,1274,57
2021-04-03 04:00:00,1211,60
2021-04-03 05:00:00,1219,12
2021-04-03 06:00:00,3073,77
2021-04-03 07:00:00,1669,8
2021-04-03 08:00:00,2069,80
2021-04-03 09:00:00,2079,14
2021-04-03 10:00:00,3205,83
2021-04-03 11:00:00,3370,23
2021-04-03 12:00:00,1693,90
2021-04-03 13:00:00,1640,65
2021-04-03 14:00:00,845,16
2021-04-03 15:00:00,1665,15
2021-04-03 16:00:00,1539,26
2021-04-03 17:00:00,1606,10
2021-04-03 18:00:00,4083,165
2021-04-03 19:00:00,584,10
2021-04-03 20:00:00,1874,77
2021-04-03 21:00:00,3514,13
2021-04-03 22:00:00,2370,84
2021-04-03 23:00:00,1846,10
2021-04-04 00:00:00,1775,75
2021-04-04 01:00:00,1297,12
2021-04-04 02:00:00,1039,76
2021-04-04 03:00:00,801,9
2021-04-04 04:00:00,1716,70
2021-04-04 05:00:00,825,5
2021-04-04 06:00:00,2101,63
2021-04-04 07:00:00,1932,12
2021-04-04 08:00:00,636,69
2021-04-04 09:00:00,1577,17
2021-04-04 10:00:00,2420,65
2021-04-04 11:00:00,2344,11
2021-04-04 12:00:00,1990,81
2021-04-04 13:00:00,2249,16
2021-04-04 14:00:00,1804,79
2021-04-04 15:00:00,2077,20
2021-04-04 16:00:00,1278,76
2021-04-04 17:00:00,1981,12
2021-04-04 18:00:00,1159,85
2021-04-04 19:00:00,2697,11
2021-04-04 20:00:00,0,0
2021-04-04 21:00:00,2586,91
2021-04-04 22:00:00,1978,68
2021-04-04 23:00:00,1348,13
2021-04-05 00:00:00,1865,71
2021-04-05 01:00:00,1064,13
2021-04-05 02:00:00,998,96
2021-04-05 03:00:00,1289,14
2021-04-05 04:00:00,804,76
2021-04-05 05:00:00,1401,11
2021-04-05 06:00:00,1925,78
2021-04-05 07:00:00,2232,12
2021-04-05 08:00:00,1426,86
2021-04-05 09:00:00,2810,18
2021-04-05 10:00:00,2403,79
2021-04-05 11:00:00,2885,22
2021-04-05 12:00:00,910,85
2021-04-05 13:00:00,3363,33
2021-04-05 14:00:00,2998,100
2021-04-05 15:00:00,2607,22
2021-04-05 16:00:00,2087,103
2021-04-05 17:00:00,3240,18
2021-04-05 18:00:00,1615,96
2021-04-05 19:00:00,2520,21
2021-04-05 20:00:00,2395,93
2021-04-05 21:00:00,3053,20
2021-04-05 22:00:00,1397,82
2021-04-05 23:00:00,1403,12
2021-04-06 00:00:00,1645,81
2021-04-06 01:00:00,1164,10
2021-04-06 02:00:00,2763,85
2021-04-06 03:00:00,985,69
2021-04-06 04:00:00,808,44
2021-04-06 05:00:00,1997,16
2021-04-06 06:00:00,204,44
2021-04-06 07:00:00,1070,17
2021-04-06 08:00:00,3127,20
2021-04-06 09:00:00,1615,11
2021-04-06 10:00:00,2526,100
2021-04-06 11:00:00,2869,23
2021-04-06 12:00:00,2365,111
2021-04-06 13:00:00,3421,82
2021-04-06 14:00:00,2044,62
2021-04-06 15:00:00,1707,18
2021-04-06 16:00:00,3111,101
2021-04-06 17:00:00,1654,49
2021-04-06 18:00:00,3304,99
2021-04-06 19:00:00,3518,19
2021-04-06 20:00:00,1680,105
2021-04-06 21:00:00,2374,19
2021-04-06 22:00:00,1308,83
2021-04-06 23:00:00,2345,16
2021-04-07 00:00:00,1603,83
2021-04-07 01:00:00,1133,11
2021-04-07 02:00:00,1048,97
2021-04-07 03:00:00,1470,34
2021-04-07 04:00:00,1297,62
2021-04-07 05:00:00,1776,12
2021-04-07 06:00:00,1231,79
2021-04-07 07:00:00,3378,19
2021-04-07 08:00:00,2315,93
2021-04-07 09:00:00,3179,17
2021-04-07 10:00:00,2315,96
2021-04-07 11:00:00,2669,74
2021-04-07 12:00:00,1573,63
2021-04-07 13:00:00,2625,103
2021-04-07 14:00:00,2302,87
2021-04-07 15:00:00,3237,104
2021-04-07 16:00:00,3174,118
2021-04-07 17:00:00,650,2
2021-04-07 18:00:00,2397,28
2021-04-07 19:00:00,2862,90
2021-04-07 20:00:00,1913,95
2021-04-07 21:00:00,2556,16
2021-04-07 22:00:00,2409,86
2021-04-07 23:00:00,1231,13
2021-04-08 00:00:00,1399,75
2021-04-08 01:00:00,1685,12
2021-04-08 02:00:00,1184,85
2021-04-08 03:00:00,811,41
2021-04-08 04:00:00,592,32
2021-04-08 05:00:00,1334,25
2021-04-08 06:00:00,2933,72
2021-04-08 07:00:00,1503,31
2021-04-08 08:00:00,1371,30
2021-04-08 09:00:00,1878,67
2021-04-08 10:00:00,2403,99
2021-04-08 11:00:00,3268,13
2021-04-08 12:00:00,2221,45
2021-04-08 13:00:00,2599,74
2021-04-08 14:00:00,2060,89
2021-04-08 15:00:00,3577,28
2021-04-08 16:00:00,1128,18
2021-04-08 17:00:00,0,0
2021-04-08 18:00:00,2037,35
2021-04-08 19:00:00,2681,74
2021-04-08 20:00:00,2348,77
2021-04-08 21:00:00,2751,16
2021-04-08 22:00:00,2614,90
2021-04-08 23:00:00,427,6
2021-04-09 00:00:00,1369,88
2021-04-09 01:00:00,1740,78
2021-04-09 02:00:00,1311,148
2021-04-09 03:00:00,586,50
2021-04-09 04:00:00,1259,43
2021-04-09 05:00:00,1423,12
2021-04-09 06:00:00,866,59
2021-04-09 07:00:00,1946,53
2021-04-09 08:00:00,3957,88
2021-04-09 09:00:00,1516,11
2021-04-09 10:00:00,1993,102
2021-04-09 11:00:00,2621,20
2021-04-09 12:00:00,1923,96
2021-04-09 13:00:00,2916,23
2021-04-09 14:00:00,2673,89
2021-04-09 15:00:00,3667,93
2021-04-09 16:00:00,3890,67
2021-04-09 17:00:00,1317,15
2021-04-09 18:00:00,1592,56
2021-04-09 19:00:00,2622,46
2021-04-09 20:00:00,3095,103
2021-04-09 21:00:00,1881,20
2021-04-09 22:00:00,2221,82
2021-04-09 23:00:00,1655,14
2021-04-10 00:00:00,1877,78
2021-04-10 01:00:00,1207,9
2021-04-10 02:00:00,1651,80
2021-04-10 03:00:00,686,49
2021-04-10 04:00:00,2246,51
2021-04-10 05:00:00,1151,12
2021-04-10 06:00:00,1209,98
2021-04-10 07:00:00,4241,17
2021-04-10 08:00:00,1664,113
2021-04-10 09:00:00,1996,16
2021-04-10 10:00:00,1941,88
2021-04-10 11:00:00,3982,18
2021-04-10 12:00:00,3833,105
2021-04-10 13:00:00,854,28
2021-04-10 14:00:00,1631,82
2021-04-10 15:00:00,4747,75
2021-04-10 16:00:00,1164,80
2021-04-10 17:00:00,1784,25
2021-04-10 18:00:00,3451,77
2021-04-10 19:00:00,2537,15
2021-04-10 20:00:00,1732,96
2021-04-10 21:00:00,1316,10
2021-04-10 22:00:00,1745,65
2021-04-10 23:00:00,960,12
2021-04-11 00:00:00,587,72
2021-04-11 01:00:00,1540,14
2021-04-11 02:00:00,742,78
2021-04-11 03:00:00,1072,11
2021-04-11 04:00:00,1166,86
2021-04-11 05:00:00,946,12
2021-04-11 06:00:00,1044,62
2021-04-11 07:00:00,1537,15
2021-04-11 08:00:00,1102,72
2021-04-11 09:00:00,2949,13
2021-04-11 10:00:00,2491,85
2021-04-11 11:00:00,1834,13
2021-04-11 12:00:00,1045,86
2021-04-11 13:00:00,2695,15
2021-04-11 14:00:00,1671,83
2021-04-11 15:00:00,2364,56
2021-04-11 16:00:00,1382,68
2021-04-11 17:00:00,1434,20
2021-04-11 18:00:00,3340,90
2021-04-11 19:00:00,2564,14
2021-04-11 20:00:00,2161,88
2021-04-11 21:00:00,1262,11
2021-04-11 22:00:00,1670,73
2021-04-11 23:00:00,1212,12
2021-04-12 00:00:00,754,83
2021-04-12 01:00:00,1498,12
2021-04-12 02:00:00,1058,103
2021-04-12 03:00:00,1282,12
2021-04-12 04:00:00,1193,79
2021-04-12 05:00:00,1347,12
2021-04-12 06:00:00,1231,92
2021-04-12 07:00:00,1768,13
2021-04-12 08:00:00,3224,177
2021-04-12 09:00:00,3952,25
2021-04-12 10:00:00,1542,88
2021-04-12 11:00:00,2682,89
2021-04-12 12:00:00,2348,96
2021-04-12 13:00:00,1937,29
2021-04-12 14:00:00,2899,103
2021-04-12 15:00:00,1657,13
2021-04-12 16:00:00,1590,25
2021-04-12 17:00:00,2977,27
2021-04-12 18:00:00,1460,73
2021-04-12 19:00:00,2626,56
2021-04-12 20:00:00,3033,116
2021-04-12 21:00:00,2312,77
2021-04-12 22:00:00,1474,111
2021-04-12 23:00:00,2035,16
2021-04-13 00:00:00,1359,83
2021-04-13 01:00:00,2139,8
2021-04-13 02:00:00,1668,89
2021-04-13 03:00:00,1323,15
2021-04-13 04:00:00,2385,110
2021-04-13 05:00:00,2129,17
2021-04-13 06:00:00,604,8
2021-04-13 07:00:00,2819,100
2021-04-13 08:00:00,3365,98
2021-04-13 09:00:00,2020,104
2021-04-13 10:00:00,3860,115
2021-04-13 11:00:00,1151,23
2021-04-13 12:00:00,988,17
2021-04-13 13:00:00,3336,42
2021-04-13 14:00:00,1975,100
2021-04-13 15:00:00,2264,99
2021-04-13 16:00:00,2305,80
2021-04-13 17:00:00,2003,23
2021-04-13 18:00:00,2598,33
2021-04-13 19:00:00,2964,85
2021-04-13 20:00:00,1949,30
2021-04-13 21:00:00,2217,41
2021-04-13 22:00:00,2472,186
2021-04-13 23:00:00,1941,24
2021-04-14 00:00:00,1331,68
2021-04-14 01:00:00,473,15
2021-04-14 02:00:00,1980,111
2021-04-14 03:00:00,2253,67
2021-04-14 04:00:00,0,0
2021-04-14 05:00:00,3047,95
2021-04-14 06:00:00,1703,197
2021-04-14 07:00:00,2035,26
2021-04-14 08:00:00,1916,45
2021-04-14 09:00:00,3093,46
2021-04-14 10:00:00,4207,143
2021-04-14 11:00:00,3345,26
2021-04-14 12:00:00,2060,114
2021-04-14 13:00:00,985,12
2021-04-14 14:00:00,3794,36
2021-04-14 15:00:00,3159,136
2021-04-14 16:00:00,1565,46
2021-04-14 17:00:00,2835,99
2021-04-14 18:00:00,3496,115
2021-04-14 19:00:00,1260,9
2021-04-14 20:00:00,494,2
2021-04-14 21:00:00,3012,45
2021-04-14 22:00:00,1810,165
2021-04-14 23:00:00,2672,22
2021-04-15 00:00:00,2080,96
2021-04-15 01:00:00,1904,19
2021-04-15 02:00:00,1827,90
2021-04-15 03:00:00,1220,65
2021-04-15 04:00:00,2347,65
2021-04-15 05:00:00,1365,17
2021-04-15 06:00:00,1601,85
2021-04-15 07:00:00,501,8
2021-04-15 08:00:00,3997,130
2021-04-15 09:00:00,3100,29
2021-04-15 10:00:00,3116,144
2021-04-15 11:00:00,2740,29
2021-04-15 12:00:00,2979,112
2021-04-15 13:00:00,2783,26
2021-04-15 14:00:00,1952,109
2021-04-15 15:00:00,1776,25
2021-04-15 16:00:00,2643,63
2021-04-15 17:00:00,3364,109
2021-04-15 18:00:00,3026,121
2021-04-15 19:00:00,2900,52
2021-04-15 20:00:00,2409,104
2021-04-15 21:00:00,1962,27
2021-04-15 22:00:00,3687,114
2021-04-15 23:00:00,1367,24
2021-04-16 00:00:00,950,89
2021-04-16 01:00:00,1698,25
2021-04-16 02:00:00,1156,49
2021-04-16 03:00:00,1040,95
2021-04-16 04:00:00,990,60
2021-04-16 05:00:00,2895,66
2021-04-16 06:00:00,948,15
2021-04-16 07:00:00,1569,34
2021-04-16 08:00:00,1677,140
2021-04-16 09:00:00,2681,99
2021-04-16 10:00:00,2685,89
2021-04-16 11:00:00,2987,23
2021-04-16 12:00:00,2301,113
2021-04-16 13:00:00,2419,32
2021-04-16 14:00:00,1222,8
2021-04-16 15:00:00,918,18
2021-04-16 16:00:00,1246,4
2021-04-16 17:00:00,2497,34
2021-04-16 18:00:00,1739,62
2021-04-16 19:00:00,2948,147
2021-04-16 20:00:00,1622,73
2021-04-16 21:00:00,1506,31
2021-04-16 22:00:00,954,75
2021-04-16 23:00:00,1430,20
2021-04-17 00:00:00,351,5
2021-04-17 01:00:00,1792,39
2021-04-17 02:00:00,2872,239
2021-04-17 03:00:00,678,50
2021-04-17 04:00:00,1814,49
2021-04-17 05:00:00,3110,35
2021-04-17 06:00:00,1002,97
2021-04-17 07:00:00,2767,23
2021-04-17 08:00:00,1173,16
2021-04-17 09:00:00,2493,92
2021-04-17 10:00:00,2445,91
2021-04-17 11:00:00,2704,24
2021-04-17 12:00:00,727,95
2021-04-17 13:00:00,1885,34
2021-04-17 14:00:00,1590,18
2021-04-17 15:00:00,1017,15
2021-04-17 16:00:00,545,2
2021-04-17 17:00:00,573,3
2021-04-17 18:00:00,3607,56
2021-04-17 19:00:00,1987,18
2021-04-17 20:00:00,1409,109
2021-04-17 21:00:00,1613,27
2021-04-17 22:00:00,0,0
2021-04-17 23:00:00,1561,41
2021-04-18 00:00:00,4561,295
2021-04-18 01:00:00,3588,61
2021-04-18 02:00:00,2555,199
2021-04-18 03:00:00,889,79
2021-04-18 04:00:00,1082,14
2021-04-18 05:00:00,2301,80
2021-04-18 06:00:00,2271,138
2021-04-18 07:00:00,1847,78
2021-04-18 08:00:00,2905,185
2021-04-18 09:00:00,1008,16
2021-04-18 10:00:00,3195,121
2021-04-18 11:00:00,2670,26
2021-04-18 12:00:00,2845,108
2021-04-18 13:00:00,2403,96
2021-04-18 14:00:00,2082,148
2021-04-18 15:00:00,594,13
2021-04-18 16:00:00,1404,23
2021-04-18 17:00:00,2860,92
2021-04-18 18:00:00,1562,113
2021-04-18 19:00:00,2299,22
2021-04-18 20:00:00,1145,89
2021-04-18 21:00:00,208,2
2021-04-18 22:00:00,1937,73
2021-04-18 23:00:00,1926,20
2021-04-19 00:00:00,0,0
2021-04-19 01:00:00,1566,38
2021-04-19 02:00:00,1383,176
2021-04-19 03:00:00,0,0
2021-04-19 04:00:00,1754,103
2021-04-19 05:00:00,1585,21
2021-04-19 06:00:00,828,100
2021-04-19 07:00:00,3283,38
2021-04-19 08:00:00,1370,100
2021-04-19 09:00:00,1814,19
2021-04-19 10:00:00,616,10
2021-04-19 11:00:00,1654,33
2021-04-19 12:00:00,1558,91
2021-04-19 13:00:00,0,0
2021-04-19 14:00:00,2677,33
2021-04-19 15:00:00,4562,55
2021-04-19 16:00:00,1789,91
2021-04-19 17:00:00,1896,40
2021-04-19 18:00:00,1893,109
2021-04-19 19:00:00,3226,65
2021-04-19 20:00:00,626,80
2021-04-19 21:00:00,1460,37
2021-04-19 22:00:00,1222,61
2021-04-19 23:00:00,2456,51
2021-04-20 00:00:00,1167,90
2021-04-20 01:00:00,1796,97
2021-04-20 02:00:00,580,88
2021-04-20 03:00:00,1813,123
2021-04-20 04:00:00,1542,64
2021-04-20 05:00:00,1265,5
2021-04-20 06:00:00,2557,108
2021-04-20 07:00:00,2064,16
2021-04-20 08:00:00,3780,124
2021-04-20 09:00:00,1445,103
2021-04-20 10:00:00,4396,64
2021-04-20 11:00:00,2594,22
2021-04-20 12:00:00,3210,127
2021-04-20 13:00:00,763,14
2021-04-20 14:00:00,1687,18
2021-04-20 15:00:00,3309,66
2021-04-20 16:00:00,3179,122
2021-04-20 17:00:00,3096,51
2021-04-20 18:00:00,3260,178
2021-04-20 19:00:00,3272,33
2021-04-20 20:00:00,619,9
2021-04-20 21:00:00,2949,83
2021-04-20 22:00:00,2661,143
2021-04-20 23:00:00,1419,18
2021-04-21 00:00:00,786,81
2021-04-21 01:00:00,1539,25
2021-04-21 02:00:00,1166,88
2021-04-21 03:00:00,982,84
2021-04-21 04:00:00,1315,40
2021-04-21 05:00:00,1779,27
2021-04-21 06:00:00,1711,101
2021-04-21 07:00:00,2854,29
2021-04-21 08:00:00,785,89
2021-04-21 09:00:00,2081,28
2021-04-21 10:00:00,2374,89
2021-04-21 11:00:00,2244,65
2021-04-21 12:00:00,2732,116
2021-04-21 13:00:00,2775,34
2021-04-21 14:00:00,2500,118
2021-04-21 15:00:00,3364,137
2021-04-21 16:00:00,2130,69
2021-04-21 17:00:00,2605,31
2021-04-21 18:00:00,856,30
2021-04-21 19:00:00,0,0
2021-04-21 20:00:00,2933,58
2021-04-21 21:00:00,2214,19
2021-04-21 22:00:00,2464,199
2021-04-21 23:00:00,1049,17
2021-04-22 00:00:00,2058,111
2021-04-22 01:00:00,0,0
2021-04-22 02:00:00,1962,117
2021-04-22 03:00:00,1069,21
2021-04-22 04:00:00,1428,142
2021-04-22 05:00:00,1633,28
2021-04-22 06:00:00,1688,113
2021-04-22 07:00:00,2241,25
2021-04-22 08:00:00,1697,105
2021-04-22 09:00:00,2115,22
2021-04-22 10:00:00,2167,113
2021-04-22 11:00:00,3612,42
2021-04-22 12:00:00,2636,152
2021-04-22 13:00:00,2875,61
2021-04-22 14:00:00,2826,115
2021-04-22 15:00:00,2443,35
2021-04-22 16:00:00,2819,124
2021-04-22 17:00:00,1871,24
2021-04-22 18:00:00,2323,110
2021-04-22 19:00:00,3386,68
2021-04-22 20:00:00,1941,123
2021-04-22 21:00:00,2325,27
2021-04-22 22:00:00,2408,126
2021-04-22 23:00:00,1173,22
2021-04-23 00:00:00,1812,116
2021-04-23 01:00:00,1103,23
2021-04-23 02:00:00,909,67
2021-04-23 03:00:00,1643,46
2021-04-23 04:00:00,2385,147
2021-04-23 05:00:00,1896,27
2021-04-23 06:00:00,1733,114
2021-04-23 07:00:00,1543,34
2021-04-23 08:00:00,1806,44
2021-04-23 09:00:00,2158,101
2021-04-23 10:00:00,2447,138
2021-04-23 11:00:00,3045,107
2021-04-23 12:00:00,3634,125
2021-04-23 13:00:00,2671,41
2021-04-23 14:00:00,3458,146
2021-04-23 15:00:00,2519,19
2021-04-23 16:00:00,2426,123
2021-04-23 17:00:00,3033,29
2021-04-23 18:00:00,2162,145
2021-04-23 19:00:00,2927,31
2021-04-23 20:00:00,1302,101
2021-04-23 21:00:00,3205,38
2021-04-23 22:00:00,1808,112
2021-04-23 23:00:00,2080,19
2021-04-24 00:00:00,708,79
2021-04-24 01:00:00,2568,26
2021-04-24 02:00:00,1216,91
2021-04-24 03:00:00,1742,92
2021-04-24 04:00:00,1623,60
2021-04-24 05:00:00,1675,18
2021-04-24 06:00:00,1152,91
2021-04-24 07:00:00,3342,29
2021-04-24 08:00:00,2029,136
2021-04-24 09:00:00,3020,28
2021-04-24 10:00:00,2767,105
2021-04-24 11:00:00,1660,15
2021-04-24 12:00:00,3587,94
2021-04-24 13:00:00,975,10
2021-04-24 14:00:00,3046,107
2021-04-24 15:00:00,1970,91
2021-04-24 16:00:00,2646,70
2021-04-24 17:00:00,2357,18
2021-04-24 18:00:00,1382,103
2021-04-24 19:00:00,2634,18
2021-04-24 20:00:00,1567,95
2021-04-24 21:00:00,2300,31
2021-04-24 22:00:00,2090,95
2021-04-24 23:00:00,2259,18
2021-04-25 00:00:00,129,74
2021-04-25 01:00:00,1473,31
2021-04-25 02:00:00,1400,72
2021-04-25 03:00:00,379,64
2021-04-25 04:00:00,693,23
2021-04-25 05:00:00,622,0
2021-04-25 06:00:00,1000,60
2021-04-25 07:00:00,570,0
2021-04-25 08:00:00,1340,20
2021-04-25 09:00:00,1870,98
2021-04-25 10:00:00,1864,122
2021-04-25 11:00:00,2055,88
2021-04-25 12:00:00,1990,127
2021-04-25 13:00:00,1571,15
2021-04-25 14:00:00,2114,89
2021-04-25 15:00:00,2738,74
2021-04-25 16:00:00,1730,112
2021-04-25 17:00:00,446,26
2021-04-25 18:00:00,3132,108
2021-04-25 19:00:00,2883,18
2021-04-25 20:00:00,2021,113
2021-04-25 21:00:00,2660,18
2021-04-25 22:00:00,2078,103
2021-04-25 23:00:00,702,9
2021-04-26 00:00:00,1541,105
2021-04-26 01:00:00,1943,19
2021-04-26 02:00:00,1203,98
2021-04-26 03:00:00,1041,69
2021-04-26 04:00:00,290,40
2021-04-26 05:00:00,1374,34
2021-04-26 06:00:00,90,1
2021-04-26 07:00:00,1728,107
2021-04-26 08:00:00,3338,104
2021-04-26 09:00:00,2434,22
2021-04-26 10:00:00,2456,122
2021-04-26 11:00:00,1871,19
2021-04-26 12:00:00,963,35
2021-04-26 13:00:00,2992,103
2021-04-26 14:00:00,2286,185
2021-04-26 15:00:00,1057,25
2021-04-26 16:00:00,1774,84
2021-04-26 17:00:00,2115,39
2021-04-26 18:00:00,540,6
2021-04-26 19:00:00,2155,38
2021-04-26 20:00:00,3960,196
2021-04-26 21:00:00,1823,17
2021-04-26 22:00:00,1312,114
2021-04-26 23:00:00,2501,28
2021-04-27 00:00:00,1101,81
2021-04-27 01:00:00,1049,26
2021-04-27 02:00:00,3314,137
2021-04-27 03:00:00,1325,17
2021-04-27 04:00:00,2249,104
2021-04-27 05:00:00,1655,19
2021-04-27 06:00:00,2347,104
2021-04-27 07:00:00,2449,19
2021-04-27 08:00:00,1923,111
2021-04-27 09:00:00,2007,17
2021-04-27 10:00:00,2929,112
2021-04-27 11:00:00,1577,93
2021-04-27 12:00:00,1761,66
2021-04-27 13:00:00,3880,36
2021-04-27 14:00:00,2683,131
2021-04-27 15:00:00,1723,22
2021-04-27 16:00:00,2282,136
2021-04-27 17:00:00,3289,34
2021-04-27 18:00:00,1082,118
2021-04-27 19:00:00,2587,90
2021-04-27 20:00:00,2233,62
2021-04-27 21:00:00,1741,17
2021-04-27 22:00:00,1005,93
2021-04-27 23:00:00,2367,24
2021-04-28 00:00:00,2266,98
2021-04-28 01:00:00,826,11
2021-04-28 02:00:00,778,98
2021-04-28 03:00:00,3292,27
2021-04-28 04:00:00,1087,110
2021-04-28 05:00:00,3729,19
2021-04-28 06:00:00,2238,89
2021-04-28 07:00:00,1418,98
2021-04-28 08:00:00,1450,24
2021-04-28 09:00:00,3128,26
2021-04-28 10:00:00,1888,99
2021-04-28 11:00:00,2827,27
2021-04-28 12:00:00,2484,141
2021-04-28 13:00:00,3057,24
2021-04-28 14:00:00,676,99
2021-04-28 15:00:00,3665,27
2021-04-28 16:00:00,2453,136
2021-04-28 17:00:00,2417,22
2021-04-28 18:00:00,2002,128
2021-04-28 19:00:00,2652,24
2021-04-28 20:00:00,1204,104
2021-04-28 21:00:00,2715,27
2021-04-28 22:00:00,0,0
2021-04-28 23:00:00,1213,52
2021-04-29 00:00:00,2418,139
2021-04-29 01:00:00,1298,13
2021-04-29 02:00:00,2490,112
2021-04-29 03:00:00,709,88
2021-04-29 04:00:00,1118,53
2021-04-29 05:00:00,1550,24
2021-04-29 06:00:00,1111,91
2021-04-29 07:00:00,3111,27
2021-04-29 08:00:00,2188,96
2021-04-29 09:00:00,3134,15
2021-04-29 10:00:00,2445,109
2021-04-29 11:00:00,1182,68
2021-04-29 12:00:00,1878,80
2021-04-29 13:00:00,3042,25
2021-04-29 14:00:00,776,108
2021-04-29 15:00:00,1224,26
2021-04-29 16:00:00,610,10
2021-04-29 17:00:00,4499,113
2021-04-29 18:00:00,2059,131
2021-04-29 19:00:00,3596,21
2021-04-29 20:00:00,1822,108
2021-04-29 21:00:00,1881,64
2021-04-29 22:00:00,1188,85
2021-04-29 23:00:00,1011,17
2021-04-30 00:00:00,1356,72
2021-04-30 01:00:00,1839,22
2021-04-30 02:00:00,996,127
2021-04-30 03:00:00,1650,86
2021-04-30 04:00:00,1049,49
2021-04-30 05:00:00,3460,18
2021-04-30 06:00:00,0,0
2021-04-30 07:00:00,2516,180
2021-04-30 08:00:00,2218,67
2021-04-30 09:00:00,4101,19
2021-04-30 10:00:00,2479,112
2021-04-30 11:00:00,2708,19
2021-04-30 12:00:00,2210,120
2021-04-30 13:00:00,2329,29
2021-04-30 14:00:00,2741,154
2021-04-30 15:00:00,1182,24
2021-04-30 16:00:00,2259,180
2021-04-30 17:00:00,3879,24
2021-04-30 18:00:00,1673,116
2021-04-30 19:00:00,1930,21
2021-04-30 20:00:00,1459,43
2021-04-30 21:00:00,1903,79
2021-04-30 22:00:00,1931,111
2021-04-30 23:00:00,2227,14
2021-05-01 00:00:00,1310,103
2021-05-01 01:00:00,1797,109
2021-05-01 02:00:00,1317,30
2021-05-01 03:00:00,1964,24
2021-05-01 04:00:00,1583,92
2021-05-01 05:00:00,1740,22
2021-05-01 06:00:00,786,97
2021-05-01 07:00:00,2533,22
2021-05-01 08:00:00,3284,93
2021-05-01 09:00:00,1685,97
2021-05-01 10:00:00,2998,68
2021-05-01 11:00:00,2247,20
2021-05-01 12:00:00,1786,106
2021-05-01 13:00:00,1964,80
2021-05-01 14:00:00,1268,79
2021-05-01 15:00:00,2695,18
2021-05-01 16:00:00,2695,109
2021-05-01 17:00:00,2671,17
2021-05-01 18:00:00,2012,111
2021-05-01 19:00:00,4537,16
2021-05-01 20:00:00,2520,100
2021-05-01 21:00:00,1519,19
2021-05-01 22:00:00,2219,82
2021-05-01 23:00:00,1552,18
2021-05-02 00:00:00,1330,93
2021-05-02 01:00:00,1533,18
2021-05-02 02:00:00,1137,104
2021-05-02 03:00:00,933,13
2021-05-02 04:00:00,1137,80
2021-05-02 05:00:00,1447,20
2021-05-02 06:00:00,2023,84
2021-05-02 07:00:00,1867,14
2021-05-02 08:00:00,1699,110
2021-05-02 09:00:00,1527,15
2021-05-02 10:00:00,2016,80
2021-05-02 11:00:00,2651,24
2021-05-02 12:00:00,1949,91
2021-05-02 13:00:00,1380,17
2021-05-02 14:00:00,1230,101
2021-05-02 15:00:00,2192,22
2021-05-02 16:00:00,2510,102
2021-05-02 17:00:00,2196,18
2021-05-02 18:00:00,2020,100
2021-05-02 19:00:00,1859,13
2021-05-02 20:00:00,1618,91
2021-05-02 21:00:00,1186,13
2021-05-02 22:00:00,1861,88
2021-05-02 23:00:00,1097,19
2021-05-03 00:00:00,748,85
2021-05-03 01:00:00,963,21
2021-05-03 02:00:00,1206,82
2021-05-03 03:00:00,693,69
2021-05-03 04:00:00,1182,55
2021-05-03 05:00:00,1744,98
2021-05-03 06:00:00,1878,48
2021-05-03 07:00:00,1466,16
2021-05-03 08:00:00,3129,103
2021-05-03 09:00:00,2192,113
2021-05-03 10:00:00,2773,59
2021-05-03 11:00:00,2847,19
2021-05-03 12:00:00,2227,120
2021-05-03 13:00:00,2601,26
2021-05-03 14:00:00,2790,105
2021-05-03 15:00:00,1798,96
2021-05-03 16:00:00,2266,67
2021-05-03 17:00:00,970,17
2021-05-03 18:00:00,2526,117
2021-05-03 19:00:00,3540,31
2021-05-03 20:00:00,1749,114
2021-05-03 21:00:00,3453,30
2021-05-03 22:00:00,2137,113
2021-05-03 23:00:00,1985,17
2021-05-04 00:00:00,1635,113
2021-05-04 01:00:00,1581,20
2021-05-04 02:00:00,1075,112
2021-05-04 03:00:00,610,62
2021-05-04 04:00:00,1119,60
2021-05-04 05:00:00,1571,96
2021-05-04 06:00:00,1306,49
2021-05-04 07:00:00,3210,21
2021-05-04 08:00:00,2528,113
2021-05-04 09:00:00,1777,13
2021-05-04 10:00:00,1992,168
2021-05-04 11:00:00,2638,26
2021-05-04 12:00:00,3431,96
2021-05-04 13:00:00,3121,29
2021-05-04 14:00:00,1625,122
2021-05-04 15:00:00,3099,99
2021-05-04 16:00:00,4040,129
2021-05-04 17:00:00,1379,4
2021-05-04 18:00:00,4057,145
2021-05-04 19:00:00,2656,24
2021-05-04 20:00:00,1804,118
2021-05-04 21:00:00,2849,29
2021-05-04 22:00:00,1672,114
2021-05-04 23:00:00,1807,18
2021-05-05 00:00:00,1590,99
2021-05-05 01:00:00,1134,15
2021-05-05 02:00:00,378,51
2021-05-05 03:00:00,1800,85
2021-05-05 04:00:00,1363,105
2021-05-05 05:00:00,2321,18
2021-05-05 06:00:00,2429,114
2021-05-05 07:00:00,1450,17
2021-05-05 08:00:00,2537,93
2021-05-05 09:00:00,4875,20
2021-05-05 10:00:00,3328,128
2021-05-05 11:00:00,2203,97
2021-05-05 12:00:00,2026,95
2021-05-05 13:00:00,2769,27
2021-05-05 14:00:00,2958,122
2021-05-05 15:00:00,3029,27
2021-05-05 16:00:00,2078,56
2021-05-05 17:00:00,2889,90
2021-05-05 18:00:00,2736,115
2021-05-05 19:00:00,5306,37
2021-05-05 20:00:00,1143,38
2021-05-05 21:00:00,2859,73
2021-05-05 22:00:00,2035,127
2021-05-05 23:00:00,2019,23
2021-05-06 00:00:00,1399,102
2021-05-06 01:00:00,2219,16
2021-05-06 02:00:00,1485,110
2021-05-06 03:00:00,1028,85
2021-05-06 04:00:00,2086,63
2021-05-06 05:00:00,936,12
2021-05-06 06:00:00,1721,110
2021-05-06 07:00:00,1389,18
2021-05-06 08:00:00,4529,100
2021-05-06 09:00:00,2486,15
2021-05-06 10:00:00,2316,133
2021-05-06 11:00:00,2767,100
2021-05-06 12:00:00,2238,56
2021-05-06 13:00:00,1943,41
2021-05-06 14:00:00,2106,72
2021-05-06 15:00:00,1365,40
2021-05-06 16:00:00,3970,124
2021-05-06 17:00:00,2315,115
2021-05-06 18:00:00,2898,108
2021-05-06 19:00:00,4506,38
2021-05-06 20:00:00,2207,138
2021-05-06 21:00:00,3974,22
2021-05-06 22:00:00,2554,117
2021-05-06 23:00:00,2701,20
2021-05-07 00:00:00,1770,106
2021-05-07 01:00:00,1902,21
2021-05-07 02:00:00,1613,107
2021-05-07 03:00:00,2986,90
2021-05-07 04:00:00,1236,87
2021-05-07 05:00:00,2139,18
2021-05-07 06:00:00,1703,149
2021-05-07 07:00:00,3184,28
2021-05-07 08:00:00,1918,107
2021-05-07 09:00:00,3090,16
2021-05-07 10:00:00,2760,114
2021-05-07 11:00:00,1885,15
2021-05-07 12:00:00,1979,161
2021-05-07 13:00:00,2691,32
2021-05-07 14:00:00,2111,146
2021-05-07 15:00:00,2653,16
2021-05-07 16:00:00,2331,101
2021-05-07 17:00:00,1465,53
2021-05-07 18:00:00,2939,66
2021-05-07 19:00:00,5893,93
2021-05-07 20:00:00,1776,125
2021-05-07 21:00:00,3382,22
2021-05-07 22:00:00,3373,112
2021-05-07 23:00:00,2408,17
2021-05-08 00:00:00,1808,110
2021-05-08 01:00:00,1387,17
2021-05-08 02:00:00,1452,123
2021-05-08 03:00:00,1728,18
2021-05-08 04:00:00,1748,102
2021-05-08 05:00:00,1549,15
2021-05-08 06:00:00,2238,107
2021-05-08 07:00:00,3113,20
2021-05-08 08:00:00,2774,143
2021-05-08 09:00:00,1616,106
2021-05-08 10:00:00,4062,72
2021-05-08 11:00:00,2515,16
2021-05-08 12:00:00,3046,117
2021-05-08 13:00:00,2600,17
2021-05-08 14:00:00,2796,118
2021-05-08 15:00:00,2748,22
2021-05-08 16:00:00,929,118
2021-05-08 17:00:00,2446,31
2021-05-08 18:00:00,2502,100
2021-05-08 19:00:00,3434,30
2021-05-08 20:00:00,2605,118
2021-05-08 21:00:00,3237,17
2021-05-08 22:00:00,1760,102
2021-05-08 23:00:00,1729,18
2021-05-09 00:00:00,1395,103
2021-05-09 01:00:00,1532,19
2021-05-09 02:00:00,922,126
2021-05-09 03:00:00,1271,19
2021-05-09 04:00:00,1490,63
2021-05-09 05:00:00,2207,22
2021-05-09 06:00:00,1822,151
2021-05-09 07:00:00,1886,14
2021-05-09 08:00:00,2081,97
2021-05-09 09:00:00,2415,18
2021-05-09 10:00:00,1863,110
2021-05-09 11:00:00,2749,15
2021-05-09 12:00:00,2444,118
2021-05-09 13:00:00,2716,125
2021-05-09 14:00:00,2594,30
2021-05-09 15:00:00,2683,16
2021-05-09 16:00:00,748,85
2021-05-09 17:00:00,3933,36
2021-05-09 18:00:00,1518,98
2021-05-09 19:00:00,2472,17
2021-05-09 20:00:00,1110,85
2021-05-09 21:00:00,2201,17
2021-05-09 22:00:00,866,90
2021-05-09 23:00:00,2351,28
2021-05-10 00:00:00,1660,96
2021-05-10 01:00:00,1445,18
2021-05-10 02:00:00,856,90
2021-05-10 03:00:00,2022,66
2021-05-10 04:00:00,1268,81
2021-05-10 05:00:00,1850,21
2021-05-10 06:00:00,2630,142
2021-05-10 07:00:00,1980,88
2021-05-10 08:00:00,2265,62
2021-05-10 09:00:00,2528,24
2021-05-10 10:00:00,3194,133
2021-05-10 11:00:00,1868,91
2021-05-10 12:00:00,2359,87
2021-05-10 13:00:00,2320,33
2021-05-10 14:00:00,3458,140
2021-05-10 15:00:00,3913,30
2021-05-10 16:00:00,3501,159
2021-05-10 17:00:00,3059,26
2021-05-10 18:00:00,2705,120
2021-05-10 19:00:00,3185,42
2021-05-10 20:00:00,3278,143
2021-05-10 21:00:00,1695,25
2021-05-10 22:00:00,2180,123
2021-05-10 23:00:00,2754,95
2021-05-11 00:00:00,1916,46
2021-05-11 01:00:00,2064,17
2021-05-11 02:00:00,1783,115
2021-05-11 03:00:00,930,11
2021-05-11 04:00:00,1647,110
2021-05-11 05:00:00,2329,24
2021-05-11 06:00:00,2577,122
2021-05-11 07:00:00,2789,17
2021-05-11 08:00:00,2684,112
2021-05-11 09:00:00,2349,15
2021-05-11 10:00:00,1959,121
2021-05-11 11:00:00,4153,121
2021-05-11 12:00:00,3252,101
2021-05-11 13:00:00,2935,27
2021-05-11 14:00:00,2531,136
2021-05-11 15:00:00,1920,28
2021-05-11 16:00:00,2173,119
2021-05-11 17:00:00,2908,54
2021-05-11 18:00:00,2067,117
2021-05-11 19:00:00,3976,34
2021-05-11 20:00:00,2532,128
2021-05-11 21:00:00,4343,21
2021-05-11 22:00:00,2001,113
2021-05-11 23:00:00,3541,15
2021-05-12 00:00:00,2540,96
2021-05-12 01:00:00,1773,17
2021-05-12 02:00:00,1778,117
2021-05-12 03:00:00,1240,13
2021-05-12 04:00:00,1316,104
2021-05-12 05:00:00,2277,21
2021-05-12 06:00:00,1546,81
2021-05-12 07:00:00,2043,45
2021-05-12 08:00:00,4584,102
2021-05-12 09:00:00,3017,30
2021-05-12 10:00:00,2828,130
2021-05-12 11:00:00,508,12
2021-05-12 12:00:00,3373,50
2021-05-12 13:00:00,1886,74
2021-05-12 14:00:00,3588,147
2021-05-12 15:00:00,3814,32
2021-05-12 16:00:00,3221,153
2021-05-12 17:00:00,2653,29
2021-05-12 18:00:00,3495,197
2021-05-12 19:00:00,2658,36
2021-05-12 20:00:00,1709,125
2021-05-12 21:00:00,2740,20
2021-05-12 22:00:00,2184,112
2021-05-12 23:00:00,2476,14
2021-05-13 00:00:00,1975,142
2021-05-13 01:00:00,2481,34
2021-05-13 02:00:00,1606,165
2021-05-13 03:00:00,1225,99
2021-05-13 04:00:00,1641,95
2021-05-13 05:00:00,1866,20
2021-05-13 06:00:00,2093,120
2021-05-13 07:00:00,2896,124
2021-05-13 08:00:00,2565,75
2021-05-13 09:00:00,1992,25
2021-05-13 10:00:00,2854,116
2021-05-13 11:00:00,1035,11
2021-05-13 12:00:00,2400,36
2021-05-13 13:00:00,3270,33
2021-05-13 14:00:00,2024,113
2021-05-13 15:00:00,2821,109
2021-05-13 16:00:00,2872,154
2021-05-13 17:00:00,2559,85
2021-05-13 18:00:00,3687,190
2021-05-13 19:00:00,2630,23
2021-05-13 20:00:00,2755,143
2021-05-13 21:00:00,1764,21
2021-05-13 22:00:00,2853,118
2021-05-13 23:00:00,1321,16
2021-05-14 00:00:00,1913,131
2021-05-14 01:00:00,1138,7
2021-05-14 02:00:00,1460,101
2021-05-14 03:00:00,2532,110
2021-05-14 04:00:00,2010,86
2021-05-14 05:00:00,907,17
2021-05-14 06:00:00,2714,93
2021-05-14 07:00:00,1680,11
2021-05-14 08:00:00,0,0
2021-05-14 09:00:00,3096,49
2021-05-14 10:00:00,2843,111
2021-05-14 11:00:00,1186,20
2021-05-14 12:00:00,1122,29
2021-05-14 13:00:00,470,11
2021-05-14 14:00:00,3258,42
2021-05-14 15:00:00,3500,27
2021-05-14 16:00:00,2784,70
2021-05-14 17:00:00,2432,141
2021-05-14 18:00:00,3517,231
2021-05-14 19:00:00,3106,83
2021-05-14 20:00:00,3903,299
2021-05-14 21:00:00,2131,14
2021-05-14 22:00:00,2347,122
2021-05-14 23:00:00,2477,10
2021-05-15 00:00:00,2443,108
2021-05-15 01:00:00,1307,24
2021-05-15 02:00:00,1766,135
2021-05-15 03:00:00,1504,9
2021-05-15 04:00:00,1110,24
2021-05-15 05:00:00,2264,85
2021-05-15 06:00:00,2007,113
2021-05-15 07:00:00,1468,18
2021-05-15 08:00:00,1063,57
2021-05-15 09:00:00,3277,80
2021-05-15 10:00:00,2291,113
2021-05-15 11:00:00,1678,18
2021-05-15 12:00:00,1006,83
2021-05-15 13:00:00,1099,42
2021-05-15 14:00:00,4160,96
2021-05-15 15:00:00,3452,22
2021-05-15 16:00:00,1376,76
2021-05-15 17:00:00,3053,75
2021-05-15 18:00:00,1606,130
2021-05-15 19:00:00,1963,18
2021-05-15 20:00:00,2271,111
2021-05-15 21:00:00,1573,16
2021-05-15 22:00:00,1951,99
2021-05-15 23:00:00,2630,23
2021-05-16 00:00:00,1582,116
2021-05-16 01:00:00,1617,23
2021-05-16 02:00:00,1010,100
2021-05-16 03:00:00,1081,76
2021-05-16 04:00:00,1249,49
2021-05-16 05:00:00,773,11
2021-05-16 06:00:00,1395,82
2021-05-16 07:00:00,2714,29
2021-05-16 08:00:00,1741,110
2021-05-16 09:00:00,2025,18
2021-05-16 10:00:00,904,112
2021-05-16 11:00:00,2122,14
2021-05-16 12:00:00,2438,80
2021-05-16 13:00:00,2418,20
2021-05-16 14:00:00,877,128
2021-05-16 15:00:00,2767,63
2021-05-16 16:00:00,3017,85
2021-05-16 17:00:00,1089,10
2021-05-16 18:00:00,1039,121
2021-05-16 19:00:00,1093,29
2021-05-16 20:00:00,2645,29
2021-05-16 21:00:00,3926,87
2021-05-16 22:00:00,1593,151
2021-05-16 23:00:00,2620,19
2021-05-17 00:00:00,843,106
2021-05-17 01:00:00,515,8
2021-05-17 02:00:00,1359,145
2021-05-17 03:00:00,939,23
2021-05-17 04:00:00,1851,105
2021-05-17 05:00:00,1327,18
2021-05-17 06:00:00,1907,153
2021-05-17 07:00:00,1859,74
2021-05-17 08:00:00,2265,156
2021-05-17 09:00:00,3054,31
2021-05-17 10:00:00,2404,183
2021-05-17 11:00:00,2884,112
2021-05-17 12:00:00,2261,231
2021-05-17 13:00:00,1591,41
2021-05-17 14:00:00,2205,31
2021-05-17 15:00:00,2026,64
2021-05-17 16:00:00,2340,262
2021-05-17 17:00:00,1538,36
2021-05-17 18:00:00,3828,449
2021-05-17 19:00:00,3083,76
2021-05-17 20:00:00,1743,215
2021-05-17 21:00:00,2529,93
2021-05-17 22:00:00,970,151
2021-05-17 23:00:00,1564,76
2021-05-18 00:00:00,812,148
2021-05-18 01:00:00,1396,125
2021-05-18 02:00:00,1310,170
2021-05-18 03:00:00,1163,91
2021-05-18 04:00:00,913,114
2021-05-18 05:00:00,2443,104
2021-05-18 06:00:00,2628,185
2021-05-18 07:00:00,1413,131
2021-05-18 08:00:00,1498,73
2021-05-18 09:00:00,2974,23
2021-05-18 10:00:00,0,0
2021-05-18 11:00:00,3876,150
2021-05-18 12:00:00,1398,62
2021-05-18 13:00:00,1169,26
2021-05-18 14:00:00,3262,70
2021-05-18 15:00:00,1807,63
2021-05-18 16:00:00,2501,167
2021-05-18 17:00:00,1253,32
2021-05-18 18:00:00,1611,29
2021-05-18 19:00:00,1679,20
2021-05-18 20:00:00,1096,24
2021-05-18 21:00:00,1701,21
2021-05-18 22:00:00,775,78
2021-05-18 23:00:00,3132,112
2021-05-19 00:00:00,902,90
2021-05-19 01:00:00,3372,233
2021-05-19 02:00:00,185,63
2021-05-19 03:00:00,2476,87
2021-05-19 04:00:00,1610,161
2021-05-19 05:00:00,2705,30
2021-05-19 06:00:00,1799,88
2021-05-19 07:00:00,1804,81
2021-05-19 08:00:00,2718,141
2021-05-19 09:00:00,2804,222
2021-05-19 10:00:00,1837,55
2021-05-19 11:00:00,2348,27
2021-05-19 12:00:00,2991,33
2021-05-19 13:00:00,4196,34
2021-05-19 14:00:00,2359,31
2021-05-19 15:00:00,2159,14
2021-05-19 16:00:00,3089,46
2021-05-19 17:00:00,3110,36
2021-05-19 18:00:00,2625,180
2021-05-19 19:00:00,1560,64
2021-05-19 20:00:00,2600,157
2021-05-19 21:00:00,2781,190
2021-05-19 22:00:00,958,147
2021-05-19 23:00:00,2226,33
2021-05-20 00:00:00,450,27
2021-05-20 01:00:00,1672,32
2021-05-20 02:00:00,1387,18
2021-05-20 03:00:00,1441,208
2021-05-20 04:00:00,1308,138
2021-05-20 05:00:00,1106,25
2021-05-20 06:00:00,1117,40
2021-05-20 07:00:00,3912,204
2021-05-20 08:00:00,2209,163
2021-05-20 09:00:00,1522,142
2021-05-20 10:00:00,2493,215
2021-05-20 11:00:00,1450,17
2021-05-20 12:00:00,2954,163
2021-05-20 13:00:00,1946,30
2021-05-20 14:00:00,2592,155
2021-05-20 15:00:00,2373,32
2021-05-20 16:00:00,1702,97
2021-05-20 17:00:00,3499,93
2021-05-20 18:00:00,3195,272
2021-05-20 19:00:00,2321,88
2021-05-20 20:00:00,965,103
2021-05-20 21:00:00,1502,29
2021-05-20 22:00:00,2051,82
2021-05-20 23:00:00,800,70
2021-05-21 00:00:00,2046,109
2021-05-21 01:00:00,1370,20
2021-05-21 02:00:00,838,126
2021-05-21 03:00:00,1760,95
2021-05-21 04:00:00,2232,84
2021-05-21 05:00:00,1292,19
2021-05-21 06:00:00,2680,114
2021-05-21 07:00:00,2137,111
2021-05-21 08:00:00,1134,73
2021-05-21 09:00:00,639,5
2021-05-21 10:00:00,1876,63
2021-05-21 11:00:00,2301,69
2021-05-21 12:00:00,1611,73
2021-05-21 13:00:00,1856,94
2021-05-21 14:00:00,1410,17
2021-05-21 15:00:00,3117,135
2021-05-21 16:00:00,837,125
2021-05-21 17:00:00,2500,41
2021-05-21 18:00:00,2656,233
2021-05-21 19:00:00,1746,14
2021-05-21 20:00:00,578,9
2021-05-21 21:00:00,3223,153
2021-05-21 22:00:00,1882,146
2021-05-21 23:00:00,1824,14
2021-05-22 00:00:00,869,54
2021-05-22 01:00:00,1535,87
2021-05-22 02:00:00,593,67
2021-05-22 03:00:00,1737,71
2021-05-22 04:00:00,2193,99
2021-05-22 05:00:00,1509,19
2021-05-22 06:00:00,904,108
2021-05-22 07:00:00,1275,54
2021-05-22 08:00:00,1551,112
2021-05-22 09:00:00,5185,21
2021-05-22 10:00:00,2277,120
2021-05-22 11:00:00,728,8
2021-05-22 12:00:00,2916,94
2021-05-22 13:00:00,1600,17
2021-05-22 14:00:00,3283,116
2021-05-22 15:00:00,0,0
2021-05-22 16:00:00,1799,67
2021-05-22 17:00:00,2887,76
2021-05-22 18:00:00,1498,124
2021-05-22 19:00:00,2357,20
2021-05-22 20:00:00,1196,99
2021-05-22 21:00:00,1632,22
2021-05-22 22:00:00,1720,93
2021-05-22 23:00:00,1179,17
2021-05-23 00:00:00,864,92
2021-05-23 01:00:00,846,13
2021-05-23 02:00:00,995,78
2021-05-23 03:00:00,580,61
2021-05-23 04:00:00,1168,64
2021-05-23 05:00:00,1618,17
2021-05-23 06:00:00,1025,89
2021-05-23 07:00:00,2602,18
2021-05-23 08:00:00,1622,89
2021-05-23 09:00:00,1569,20
2021-05-23 10:00:00,1922,140
2021-05-23 11:00:00,1681,20
2021-05-23 12:00:00,1463,150
2021-05-23 13:00:00,2951,24
2021-05-23 14:00:00,2333,157
2021-05-23 15:00:00,1772,18
2021-05-23 16:00:00,2374,151
2021-05-23 17:00:00,2964,28
2021-05-23 18:00:00,456,60
2021-05-23 19:00:00,1515,125
2021-05-23 20:00:00,1754,106
2021-05-23 21:00:00,2121,93
2021-05-23 22:00:00,1571,67
2021-05-23 23:00:00,897,16
2021-05-24 00:00:00,1439,93
2021-05-24 01:00:00,1143,22
2021-05-24 02:00:00,925,112
2021-05-24 03:00:00,975,98
2021-05-24 04:00:00,328,22
2021-05-24 05:00:00,627,15
2021-05-24 06:00:00,2154,90
2021-05-24 07:00:00,1741,17
2021-05-24 08:00:00,2156,129
2021-05-24 09:00:00,707,68
2021-05-24 10:00:00,1706,80
2021-05-24 11:00:00,2805,24
2021-05-24 12:00:00,1614,176
2021-05-24 13:00:00,3116,26
2021-05-24 14:00:00,1300,139
2021-05-24 15:00:00,1684,76
2021-05-24 16:00:00,4043,113
2021-05-24 17:00:00,2119,23
2021-05-24 18:00:00,2942,123
2021-05-24 19:00:00,1316,21
2021-05-24 20:00:00,1242,114
2021-05-24 21:00:00,2797,26
2021-05-24 22:00:00,2576,125
2021-05-24 23:00:00,1209,19
2021-05-25 00:00:00,1187,107
2021-05-25 01:00:00,1610,18
2021-05-25 02:00:00,741,121
2021-05-25 03:00:00,1517,18
2021-05-25 04:00:00,1308,144
2021-05-25 05:00:00,609,11
2021-05-25 06:00:00,1264,73
2021-05-25 07:00:00,2411,22
2021-05-25 08:00:00,2571,109
2021-05-25 09:00:00,1726,12
2021-05-25 10:00:00,2510,167
2021-05-25 11:00:00,1074,42
2021-05-25 12:00:00,2607,92
2021-05-25 13:00:00,2091,21
2021-05-25 14:00:00,1432,123
2021-05-25 15:00:00,2168,77
2021-05-25 16:00:00,3279,123
2021-05-25 17:00:00,549,16
2021-05-25 18:00:00,1072,21
2021-05-25 19:00:00,1622,101
2021-05-25 20:00:00,2437,111
2021-05-25 21:00:00,1508,11
2021-05-25 22:00:00,2633,120
2021-05-25 23:00:00,1250,20
2021-05-26 00:00:00,923,116
2021-05-26 01:00:00,0,0
2021-05-26 02:00:00,1379,92
2021-05-26 03:00:00,2115,105
2021-05-26 04:00:00,1141,51
2021-05-26 05:00:00,1813,19
2021-05-26 06:00:00,1512,142
2021-05-26 07:00:00,1605,9
2021-05-26 08:00:00,1573,72
2021-05-26 09:00:00,1550,145
2021-05-26 10:00:00,987,68
2021-05-26 11:00:00,3198,26
2021-05-26 12:00:00,2795,122
2021-05-26 13:00:00,2550,25
2021-05-26 14:00:00,3272,142
2021-05-26 15:00:00,2129,87
2021-05-26 16:00:00,2003,91
2021-05-26 17:00:00,2198,26
2021-05-26 18:00:00,1645,112
2021-05-26 19:00:00,2390,30
2021-05-26 20:00:00,1491,92
2021-05-26 21:00:00,810,14
2021-05-26 22:00:00,1201,99
2021-05-26 23:00:00,1207,18
2021-05-27 00:00:00,2489,128
2021-05-27 01:00:00,922,9
2021-05-27 02:00:00,1049,105
2021-05-27 03:00:00,1120,99
2021-05-27 04:00:00,914,29
2021-05-27 05:00:00,935,14
2021-05-27 06:00:00,1616,91
2021-05-27 07:00:00,2173,19
2021-05-27 08:00:00,1971,99
2021-05-27 09:00:00,2300,21
2021-05-27 10:00:00,1838,108
2021-05-27 11:00:00,928,10
2021-05-27 12:00:00,1005,50
2021-05-27 13:00:00,1916,59
2021-05-27 14:00:00,540,27
2021-05-27 15:00:00,1151,20
2021-05-27 16:00:00,2637,37
2021-05-27 17:00:00,1604,24
2021-05-27 18:00:00,2251,161
2021-05-27 19:00:00,1778,9
2021-05-27 20:00:00,2192,180
2021-05-27 21:00:00,2565,115
2021-05-27 22:00:00,2128,108
2021-05-27 23:00:00,399,5
2021-05-28 00:00:00,1482,104
2021-05-28 01:00:00,1236,16
2021-05-28 02:00:00,729,50
2021-05-28 03:00:00,1923,67
2021-05-28 04:00:00,940,14
2021-05-28 05:00:00,1571,138
2021-05-28 06:00:00,2740,97
2021-05-28 07:00:00,1390,15
2021-05-28 08:00:00,2422,109
2021-05-28 09:00:00,1306,10
2021-05-28 10:00:00,1474,116
2021-05-28 11:00:00,1474,60
2021-05-28 12:00:00,1006,25
2021-05-28 13:00:00,1709,99
2021-05-28 14:00:00,1802,63
2021-05-28 15:00:00,2570,165
2021-05-28 16:00:00,1878,107
2021-05-28 17:00:00,2226,26
2021-05-28 18:00:00,1486,9
2021-05-28 19:00:00,1899,122
2021-05-28 20:00:00,1732,108
2021-05-28 21:00:00,1140,23
2021-05-28 22:00:00,789,48
2021-05-28 23:00:00,1564,50
2021-05-29 00:00:00,644,65
2021-05-29 01:00:00,1689,58
2021-05-29 02:00:00,1116,90
2021-05-29 03:00:00,1029,11
2021-05-29 04:00:00,994,81
2021-05-29 05:00:00,1168,18
2021-05-29 06:00:00,1549,96
2021-05-29 07:00:00,2468,24
2021-05-29 08:00:00,1584,96
2021-05-29 09:00:00,2082,15
2021-05-29 10:00:00,1308,107
2021-05-29 11:00:00,1790,16
2021-05-29 12:00:00,1023,11
2021-05-29 13:00:00,1942,100
2021-05-29 14:00:00,1866,125
2021-05-29 15:00:00,1598,16
2021-05-29 16:00:00,412,4
2021-05-29 17:00:00,611,19
2021-05-29 18:00:00,2947,111
2021-05-29 19:00:00,2343,25
2021-05-29 20:00:00,1265,111
2021-05-29 21:00:00,365,18
2021-05-29 22:00:00,2636,90
2021-05-29 23:00:00,1041,18
2021-05-30 00:00:00,779,88
2021-05-30 01:00:00,948,15
2021-05-30 02:00:00,930,77
2021-05-30 03:00:00,602,14
2021-05-30 04:00:00,1292,89
2021-05-30 05:00:00,624,60
2021-05-30 06:00:00,997,47
2021-05-30 07:00:00,1733,23
2021-05-30 08:00:00,1930,16
2021-05-30 09:00:00,1687,118
2021-05-30 10:00:00,1515,57
2021-05-30 11:00:00,1094,14
2021-05-30 12:00:00,907,14
2021-05-30 13:00:00,1118,96
2021-05-30 14:00:00,2375,66
2021-05-30 15:00:00,1248,20
2021-05-30 16:00:00,697,88
2021-05-30 17:00:00,2465,25
2021-05-30 18:00:00,1842,88
2021-05-30 19:00:00,1173,15
2021-05-30 20:00:00,694,82
2021-05-30 21:00:00,1933,27
2021-05-30 22:00:00,937,72
2021-05-30 23:00:00,793,14
2021-05-31 00:00:00,733,80
2021-05-31 01:00:00,773,17
2021-05-31 02:00:00,538,80
2021-05-31 03:00:00,647,70
2021-05-31 04:00:00,882,30
2021-05-31 05:00:00,399,8
2021-05-31 06:00:00,1444,104
2021-05-31 07:00:00,1682,17
2021-05-31 08:00:00,1650,82
2021-05-31 09:00:00,1310,18
2021-05-31 10:00:00,2392,161
2021-05-31 11:00:00,2027,18
2021-05-31 12:00:00,1409,94
2021-05-31 13:00:00,1350,26
2021-05-31 14:00:00,1303,115
2021-05-31 15:00:00,3468,26
2021-05-31 16:00:00,1520,105
2021-05-31 17:00:00,3312,24
2021-05-31 18:00:00,1224,14
2021-05-31 19:00:00,1906,118
2021-05-31 20:00:00,2119,73
2021-05-31 21:00:00,1588,19
2021-05-31 22:00:00,1055,99
2021-05-31 23:00:00,590,10
2021-06-01 00:00:00,792,69
2021-06-01 01:00:00,1445,18
2021-06-01 02:00:00,715,107
2021-06-01 03:00:00,869,48
2021-06-01 04:00:00,387,42
2021-06-01 05:00:00,1355,22
2021-06-01 06:00:00,1119,88
2021-06-01 07:00:00,1907,17
2021-06-01 08:00:00,1095,94
2021-06-01 09:00:00,2744,17
2021-06-01 10:00:00,1066,57
2021-06-01 11:00:00,2647,67
2021-06-01 12:00:00,1160,101
2021-06-01 13:00:00,1595,21
2021-06-01 14:00:00,3674,132
2021-06-01 15:00:00,1239,20
2021-06-01 16:00:00,3133,104
2021-06-01 17:00:00,1924,17
2021-06-01 18:00:00,969,50
2021-06-01 19:00:00,1104,72
2021-06-01 20:00:00,1765,99
2021-06-01 21:00:00,2503,17
2021-06-01 22:00:00,402,13
2021-06-01 23:00:00,2614,113
2021-06-02 00:00:00,1346,123
2021-06-02 01:00:00,744,17
2021-06-02 02:00:00,917,78
2021-06-02 03:00:00,784,84
2021-06-02 04:00:00,1058,19
2021-06-02 05:00:00,1293,87
2021-06-02 06:00:00,791,34
2021-06-02 07:00:00,2774,24
2021-06-02 08:00:00,2302,104
2021-06-02 09:00:00,2078,26
2021-06-02 10:00:00,2621,100
2021-06-02 11:00:00,1478,15
2021-06-02 12:00:00,1585,100
2021-06-02 13:00:00,3393,23
2021-06-02 14:00:00,1948,119
2021-06-02 15:00:00,2600,28
2021-06-02 16:00:00,2002,120
2021-06-02 17:00:00,1060,25
2021-06-02 18:00:00,2488,128
2021-06-02 19:00:00,3115,21
2021-06-02 20:00:00,2324,105
2021-06-02 21:00:00,987,17
2021-06-02 22:00:00,1072,42
2021-06-02 23:00:00,1473,66
2021-06-03 00:00:00,1909,53
2021-06-03 01:00:00,874,91
2021-06-03 02:00:00,1021,88
2021-06-03 03:00:00,944,16
2021-06-03 04:00:00,949,91
2021-06-03 05:00:00,1780,22
2021-06-03 06:00:00,822,94
2021-06-03 07:00:00,1886,19
2021-06-03 08:00:00,3090,99
2021-06-03 09:00:00,1089,9
2021-06-03 10:00:00,676,22
2021-06-03 11:00:00,2671,106
2021-06-03 12:00:00,2704,20
2021-06-03 13:00:00,2621,119
2021-06-03 14:00:00,3299,111
2021-06-03 15:00:00,3229,21
2021-06-03 16:00:00,1374,71
2021-06-03 17:00:00,2320,67
2021-06-03 18:00:00,2344,90
2021-06-03 19:00:00,2012,18
2021-06-03 20:00:00,1615,105
2021-06-03 21:00:00,1761,22
2021-06-03 22:00:00,791,55
2021-06-03 23:00:00,2334,61
2021-06-04 00:00:00,1309,111
2021-06-04 01:00:00,977,14
2021-06-04 02:00:00,1132,92
2021-06-04 03:00:00,817,56
2021-06-04 04:00:00,421,41
2021-06-04 05:00:00,1428,26
2021-06-04 06:00:00,1122,21
2021-06-04 07:00:00,1708,112
2021-06-04 08:00:00,2278,99
2021-06-04 09:00:00,2464,18
2021-06-04 10:00:00,1918,134
2021-06-04 11:00:00,1808,16
2021-06-04 12:00:00,1527,83
2021-06-04 13:00:00,1445,22
2021-06-04 14:00:00,1692,100
2021-06-04 15:00:00,2934,107
2021-06-04 16:00:00,1001,20
2021-06-04 17:00:00,734,15
2021-06-04 18:00:00,3511,142
2021-06-04 19:00:00,1883,18
2021-06-04 20:00:00,3313,77
2021-06-04 21:00:00,1704,16
2021-06-04 22:00:00,1138,113
2021-06-04 23:00:00,1381,23
2021-06-05 00:00:00,791,93
2021-06-05 01:00:00,650,63
2021-06-05 02:00:00,932,14
2021-06-05 03:00:00,1013,127
2021-06-05 04:00:00,632,79
2021-06-05 05:00:00,1066,20
2021-06-05 06:00:00,1181,74
2021-06-05 07:00:00,1827,18
2021-06-05 08:00:00,1790,81
2021-06-05 09:00:00,747,9
2021-06-05 10:00:00,1626,95
2021-06-05 11:00:00,898,15
2021-06-05 12:00:00,1169,90
2021-06-05 13:00:00,2613,14
2021-06-05 14:00:00,878,73
2021-06-05 15:00:00,2866,48
2021-06-05 16:00:00,1653,108
2021-06-05 17:00:00,1511,60
2021-06-05 18:00:00,1679,18
2021-06-05 19:00:00,733,55
2021-06-05 20:00:00,2184,73
2021-06-05 21:00:00,972,10
2021-06-05 22:00:00,1457,114
2021-06-05 23:00:00,1359,22
2021-06-06 00:00:00,812,70
2021-06-06 01:00:00,355,8
2021-06-06 02:00:00,1110,87
2021-06-06 03:00:00,490,17
2021-06-06 04:00:00,639,58
2021-06-06 05:00:00,851,17
2021-06-06 06:00:00,964,14
2021-06-06 07:00:00,813,88
2021-06-06 08:00:00,1200,16
2021-06-06 09:00:00,1920,76
2021-06-06 10:00:00,1244,72
2021-06-06 11:00:00,1185,17
2021-06-06 12:00:00,1342,82
2021-06-06 13:00:00,1469,17
2021-06-06 14:00:00,1319,15
2021-06-06 15:00:00,764,40
2021-06-06 16:00:00,2482,88
2021-06-06 17:00:00,1544,17
2021-06-06 18:00:00,1317,99
2021-06-06 19:00:00,1658,18
2021-06-06 20:00:00,947,73
2021-06-06 21:00:00,1504,19
2021-06-06 22:00:00,353,11
2021-06-06 23:00:00,1591,89
2021-06-07 00:00:00,398,54
2021-06-07 01:00:00,978,38
2021-06-07 02:00:00,401,8
2021-06-07 03:00:00,1058,84
2021-06-07 04:00:00,894,88
2021-06-07 05:00:00,851,14
2021-06-07 06:00:00,1040,66
2021-06-07 07:00:00,1358,18
2021-06-07 08:00:00,2318,120
2021-06-07 09:00:00,1975,17
2021-06-07 10:00:00,1178,93
2021-06-07 11:00:00,2395,21
2021-06-07 12:00:00,2158,113
2021-06-07 13:00:00,1080,11
2021-06-07 14:00:00,1873,98
2021-06-07 15:00:00,2401,25
2021-06-07 16:00:00,1339,21
2021-06-07 17:00:00,2356,127
2021-06-07 18:00:00,2305,21
2021-06-07 19:00:00,1457,81
2021-06-07 20:00:00,2850,133
2021-06-07 21:00:00,1020,16
2021-06-07 22:00:00,361,8
2021-06-07 23:00:00,2886,128
2021-06-08 00:00:00,893,17
2021-06-08 01:00:00,1093,116
2021-06-08 02:00:00,956,76
2021-06-08 03:00:00,995,74
2021-06-08 04:00:00,1139,76
2021-06-08 05:00:00,1103,15
2021-06-08 06:00:00,1434,24
2021-06-08 07:00:00,2302,123
2021-06-08 08:00:00,1691,38
2021-06-08 09:00:00,1774,89
2021-06-08 10:00:00,1633,15
2021-06-08 11:00:00,1677,103
2021-06-08 12:00:00,2308,92
2021-06-08 13:00:00,2059,21
2021-06-08 14:00:00,1455,104
2021-06-08 15:00:00,3364,137
2021-06-08 16:00:00,2573,91
2021-06-08 17:00:00,2395,20
2021-06-08 18:00:00,1404,129
2021-06-08 19:00:00,1307,10
2021-06-08 20:00:00,2477,104
2021-06-08 21:00:00,2621,26
2021-06-08 22:00:00,607,82
2021-06-08 23:00:00,1538,44
2021-06-09 00:00:00,1219,89
2021-06-09 01:00:00,854,18
2021-06-09 02:00:00,760,84
2021-06-09 03:00:00,670,69
2021-06-09 04:00:00,891,37
2021-06-09 05:00:00,1131,18
2021-06-09 06:00:00,1829,132
2021-06-09 07:00:00,1946,17
2021-06-09 08:00:00,1605,105
2021-06-09 09:00:00,2105,24
2021-06-09 10:00:00,1090,88
2021-06-09 11:00:00,1888,25
2021-06-09 12:00:00,913,20
2021-06-09 13:00:00,1044,23
2021-06-09 14:00:00,1371,15
2021-06-09 15:00:00,2806,90
2021-06-09 16:00:00,1468,38
2021-06-09 17:00:00,1973,29
2021-06-09 18:00:00,1066,49
2021-06-09 19:00:00,544,12
2021-06-09 20:00:00,1297,27
2021-06-09 21:00:00,379,21
2021-06-09 22:00:00,3124,92
2021-06-09 23:00:00,2622,17
2021-06-10 00:00:00,766,48
2021-06-10 01:00:00,857,37
2021-06-10 02:00:00,1092,142
2021-06-10 03:00:00,704,139
2021-06-10 04:00:00,1224,60
2021-06-10 05:00:00,251,52
2021-06-10 06:00:00,3734,179
2021-06-10 07:00:00,3474,109
2021-06-10 08:00:00,2454,96
2021-06-10 09:00:00,2957,106
2021-06-10 10:00:00,2264,186
2021-06-10 11:00:00,1890,22
2021-06-10 12:00:00,1684,57
2021-06-10 13:00:00,1367,58
2021-06-10 14:00:00,1792,146
2021-06-10 15:00:00,2209,63
2021-06-10 16:00:00,2774,62
2021-06-10 17:00:00,1086,14
2021-06-10 18:00:00,2844,164
2021-06-10 19:00:00,1965,15
2021-06-10 20:00:00,1948,80
2021-06-10 21:00:00,1605,53
2021-06-10 22:00:00,1265,46
2021-06-10 23:00:00,1765,81
2021-06-11 00:00:00,995,95
2021-06-11 01:00:00,688,17
2021-06-11 02:00:00,1786,86
2021-06-11 03:00:00,1460,62
2021-06-11 04:00:00,2140,76
2021-06-11 05:00:00,1003,16
2021-06-11 06:00:00,141,50
2021-06-11 07:00:00,0,0
2021-06-11 08:00:00,2601,44
2021-06-11 09:00:00,1154,21
2021-06-11 10:00:00,2106,114
2021-06-11 11:00:00,1531,53
2021-06-11 12:00:00,1492,59
2021-06-11 13:00:00,1771,39
2021-06-11 14:00:00,1716,139
2021-06-11 15:00:00,2361,83
2021-06-11 16:00:00,3329,87
2021-06-11 17:00:00,1768,12
2021-06-11 18:00:00,1972,121
2021-06-11 19:00:00,1744,23
2021-06-11 20:00:00,814,32
2021-06-11 21:00:00,1375,24
2021-06-11 22:00:00,1320,89
2021-06-11 23:00:00,1522,87
2021-06-12 00:00:00,963,112
2021-06-12 01:00:00,795,16
2021-06-12 02:00:00,753,78
2021-06-12 03:00:00,1686,17
2021-06-12 04:00:00,298,96
2021-06-12 05:00:00,3177,27
2021-06-12 06:00:00,1682,90
2021-06-12 07:00:00,1222,15
2021-06-12 08:00:00,1417,139
2021-06-12 09:00:00,1645,22
2021-06-12 10:00:00,1975,115
2021-06-12 11:00:00,1882,23
2021-06-12 12:00:00,1361,83
2021-06-12 13:00:00,2315,19
2021-06-12 14:00:00,1425,113
2021-06-12 15:00:00,1195,56
2021-06-12 16:00:00,2498,59
2021-06-12 17:00:00,1670,14
2021-06-12 18:00:00,2101,106
2021-06-12 19:00:00,1728,30
2021-06-12 20:00:00,1411,86
2021-06-12 21:00:00,1105,16
2021-06-12 22:00:00,1061,74
2021-06-12 23:00:00,1070,19
2021-06-13 00:00:00,570,83
2021-06-13 01:00:00,664,17
2021-06-13 02:00:00,454,56
2021-06-13 03:00:00,568,22
2021-06-13 04:00:00,612,61
2021-06-13 05:00:00,676,12
2021-06-13 06:00:00,1254,77
2021-06-13 07:00:00,1122,17
2021-06-13 08:00:00,866,88
2021-06-13 09:00:00,1310,71
2021-06-13 10:00:00,962,29
2021-06-13 11:00:00,1911,18
2021-06-13 12:00:00,776,94
2021-06-13 13:00:00,2122,25
2021-06-13 14:00:00,928,84
2021-06-13 15:00:00,1945,45
2021-06-13 16:00:00,1692,75
2021-06-13 17:00:00,1883,19
2021-06-13 18:00:00,1493,100
2021-06-13 19:00:00,1519,17
2021-06-13 20:00:00,1760,91
2021-06-13 21:00:00,1106,17
2021-06-13 22:00:00,1778,107
2021-06-13 23:00:00,1134,18
2021-06-14 00:00:00,719,106
2021-06-14 01:00:00,1074,20
2021-06-14 02:00:00,815,89
2021-06-14 03:00:00,403,9
2021-06-14 04:00:00,1201,82
2021-06-14 05:00:00,1103,16
2021-06-14 06:00:00,735,90
2021-06-14 07:00:00,2070,16
2021-06-14 08:00:00,1389,107
2021-06-14 09:00:00,2842,68
2021-06-14 10:00:00,2232,97
2021-06-14 11:00:00,566,9
2021-06-14 12:00:00,1455,68
2021-06-14 13:00:00,1120,51
2021-06-14 14:00:00,2280,103
2021-06-14 15:00:00,2865,124
2021-06-14 16:00:00,0,0
2021-06-14 17:00:00,4117,66
2021-06-14 18:00:00,3038,182
2021-06-14 19:00:00,1678,18
2021-06-14 20:00:00,2431,107
2021-06-14 21:00:00,453,18
2021-06-14 22:00:00,4204,92
2021-06-14 23:00:00,1126,10
2021-06-15 00:00:00,758,23
2021-06-15 01:00:00,1421,121
2021-06-15 02:00:00,487,81
2021-06-15 03:00:00,1023,22
2021-06-15 04:00:00,1052,97
2021-06-15 05:00:00,1046,14
2021-06-15 06:00:00,1748,82
2021-06-15 07:00:00,1440,9
2021-06-15 08:00:00,2388,109
2021-06-15 09:00:00,1857,17
2021-06-15 10:00:00,1893,104
2021-06-15 11:00:00,2155,77
2021-06-15 12:00:00,1836,156
2021-06-15 13:00:00,2477,31
2021-06-15 14:00:00,1510,93
2021-06-15 15:00:00,1712,19
2021-06-15 16:00:00,2423,138
2021-06-15 17:00:00,2210,10
2021-06-15 18:00:00,1697,114
2021-06-15 19:00:00,1712,34
2021-06-15 20:00:00,2317,114
2021-06-15 21:00:00,0,0
2021-06-15 22:00:00,2524,91
2021-06-15 23:00:00,686,19
2021-06-16 00:00:00,1802,114
2021-06-16 01:00:00,1492,15
2021-06-16 02:00:00,1116,100
2021-06-16 03:00:00,528,48
2021-06-16 04:00:00,519,21
2021-06-16 05:00:00,1239,41
2021-06-16 06:00:00,0,0
2021-06-16 07:00:00,3286,107
2021-06-16 08:00:00,1764,105
2021-06-16 09:00:00,2444,100
2021-06-16 10:00:00,1084,24
2021-06-16 11:00:00,2192,19
2021-06-16 12:00:00,2583,123
2021-06-16 13:00:00,1911,82
2021-06-16 14:00:00,905,18
2021-06-16 15:00:00,1745,36
2021-06-16 16:00:00,1833,107
2021-06-16 17:00:00,3038,71
2021-06-16 18:00:00,987,15
2021-06-16 19:00:00,4007,123
2021-06-16 20:00:00,2228,119
2021-06-16 21:00:00,1670,17
2021-06-16 22:00:00,870,94
2021-06-16 23:00:00,1331,23
2021-06-17 00:00:00,748,79
2021-06-17 01:00:00,931,20
2021-06-17 02:00:00,739,73
2021-06-17 03:00:00,646,65
2021-06-17 04:00:00,659,38
2021-06-17 05:00:00,879,53
2021-06-17 06:00:00,1800,44
2021-06-17 07:00:00,1614,14
2021-06-17 08:00:00,1049,109
2021-06-17 09:00:00,2653,20
2021-06-17 10:00:00,1945,93
2021-06-17 11:00:00,1557,15
2021-06-17 12:00:00,2003,103
2021-06-17 13:00:00,1083,58
2021-06-17 14:00:00,1921,60
2021-06-17 15:00:00,2417,117
2021-06-17 16:00:00,505,11
2021-06-17 17:00:00,3621,71
2021-06-17 18:00:00,2097,101
2021-06-17 19:00:00,1978,22
2021-06-17 20:00:00,1442,106
2021-06-17 21:00:00,1868,19
2021-06-17 22:00:00,1140,106
2021-06-17 23:00:00,1277,18
2021-06-18 00:00:00,712,83
2021-06-18 01:00:00,932,15
2021-06-18 02:00:00,766,84
2021-06-18 03:00:00,562,67
2021-06-18 04:00:00,931,42
2021-06-18 05:00:00,1003,16
2021-06-18 06:00:00,1455,89
2021-06-18 07:00:00,1319,12
2021-06-18 08:00:00,1565,92
2021-06-18 09:00:00,1185,16
2021-06-18 10:00:00,2497,91
2021-06-18 11:00:00,2235,20
2021-06-18 12:00:00,1316,136
2021-06-18 13:00:00,1519,12
2021-06-18 14:00:00,2933,100
2021-06-18 15:00:00,1624,104
2021-06-18 16:00:00,1920,69
2021-06-18 17:00:00,1454,17
2021-06-18 18:00:00,1819,111
2021-06-18 19:00:00,2643,21
2021-06-18 20:00:00,1478,114
2021-06-18 21:00:00,272,8
2021-06-18 22:00:00,1776,79
2021-06-18 23:00:00,898,5
2021-06-19 00:00:00,730,27
2021-06-19 01:00:00,1075,90
2021-06-19 02:00:00,0,0
2021-06-19 03:00:00,1337,107
2021-06-19 04:00:00,1257,76
2021-06-19 05:00:00,961,18
2021-06-19 06:00:00,1173,98
2021-06-19 07:00:00,1051,15
2021-06-19 08:00:00,1988,72
2021-06-19 09:00:00,1341,72
2021-06-19 10:00:00,1492,53
2021-06-19 11:00:00,1430,13
2021-06-19 12:00:00,1712,86
2021-06-19 13:00:00,1881,14
2021-06-19 14:00:00,695,17
2021-06-19 15:00:00,1226,104
2021-06-19 16:00:00,1255,44
2021-06-19 17:00:00,2615,24
2021-06-19 18:00:00,1390,104
2021-06-19 19:00:00,2363,21
2021-06-19 20:00:00,479,14
2021-06-19 21:00:00,1425,82
2021-06-19 22:00:00,1531,74
2021-06-19 23:00:00,770,15
2021-06-20 00:00:00,432,80
2021-06-20 01:00:00,824,26
2021-06-20 02:00:00,236,61
2021-06-20 03:00:00,921,25
2021-06-20 04:00:00,427,49
2021-06-20 05:00:00,508,14
2021-06-20 06:00:00,949,67
2021-06-20 07:00:00,1004,16
2021-06-20 08:00:00,1301,96
2021-06-20 09:00:00,983,31
2021-06-20 10:00:00,1253,74
2021-06-20 11:00:00,2139,18
2021-06-20 12:00:00,1468,99
2021-06-20 13:00:00,1239,14
2021-06-20 14:00:00,1478,95
2021-06-20 15:00:00,1655,69
2021-06-20 16:00:00,1337,75
2021-06-20 17:00:00,602,7
2021-06-20 18:00:00,1120,85
2021-06-20 19:00:00,1646,17
2021-06-20 20:00:00,1607,79
2021-06-20 21:00:00,1188,13
2021-06-20 22:00:00,873,82
2021-06-20 23:00:00,1434,19
2021-06-21 00:00:00,387,71
2021-06-21 01:00:00,937,20
2021-06-21 02:00:00,678,89
2021-06-21 03:00:00,179,38
2021-06-21 04:00:00,135,17
2021-06-21 05:00:00,1665,36
2021-06-21 06:00:00,1230,103
2021-06-21 07:00:00,1900,89
2021-06-21 08:00:00,36,3
2021-06-21 09:00:00,1906,46
2021-06-21 10:00:00,793,65
2021-06-21 11:00:00,1583,25
2021-06-21 12:00:00,1459,44
2021-06-21 13:00:00,423,6
2021-06-21 14:00:00,1186,20
2021-06-21 15:00:00,1635,31
2021-06-21 16:00:00,904,18
2021-06-21 17:00:00,3885,103
2021-06-21 18:00:00,1856,129
2021-06-21 19:00:00,3853,248
2021-06-21 20:00:00,1495,225
2021-06-21 21:00:00,3098,19
2021-06-21 22:00:00,667,74
2021-06-21 23:00:00,1224,40
2021-06-22 00:00:00,0,0
2021-06-22 01:00:00,1506,42
2021-06-22 02:00:00,384,90
2021-06-22 03:00:00,1644,112
2021-06-22 04:00:00,1650,97
2021-06-22 05:00:00,1679,19
2021-06-22 06:00:00,912,123
2021-06-22 07:00:00,1455,21
2021-06-22 08:00:00,1317,128
2021-06-22 09:00:00,3230,20
2021-06-22 10:00:00,1879,117
2021-06-22 11:00:00,1525,50
2021-06-22 12:00:00,2569,121
2021-06-22 13:00:00,923,27
2021-06-22 14:00:00,1333,13
2021-06-22 15:00:00,1559,25
2021-06-22 16:00:00,1549,27
2021-06-22 17:00:00,1574,108
2021-06-22 18:00:00,1781,79
2021-06-22 19:00:00,1733,46
2021-06-22 20:00:00,1702,123
2021-06-22 21:00:00,942,15
2021-06-22 22:00:00,1023,73
2021-06-22 23:00:00,1845,58
2021-06-23 00:00:00,1341,109
2021-06-23 01:00:00,1603,119
2021-06-23 02:00:00,1888,115
2021-06-23 03:00:00,1894,16
2021-06-23 04:00:00,1794,196
2021-06-23 05:00:00,741,55
2021-06-23 06:00:00,2236,138
2021-06-23 07:00:00,2717,13
2021-06-23 08:00:00,1737,126
2021-06-23 09:00:00,2044,127
2021-06-23 10:00:00,1829,42
2021-06-23 11:00:00,768,8
2021-06-23 12:00:00,2372,108
2021-06-23 13:00:00,1069,18
2021-06-23 14:00:00,2012,116
2021-06-23 15:00:00,1001,94
2021-06-23 16:00:00,917,23
2021-06-23 17:00:00,1947,22
2021-06-23 18:00:00,1282,66
2021-06-23 19:00:00,2123,88
2021-06-23 20:00:00,1903,111
2021-06-23 21:00:00,1751,18
2021-06-23 22:00:00,533,80
2021-06-23 23:00:00,2452,39
2021-06-24 00:00:00,2303,107
2021-06-24 01:00:00,1364,12
2021-06-24 02:00:00,506,88
2021-06-24 03:00:00,629,31
2021-06-24 04:00:00,763,71
2021-06-24 05:00:00,1268,20
2021-06-24 06:00:00,1968,102
2021-06-24 07:00:00,1223,12
2021-06-24 08:00:00,2066,101
2021-06-24 09:00:00,0,0
2021-06-24 10:00:00,2303,104
2021-06-24 11:00:00,3365,23
2021-06-24 12:00:00,745,70
2021-06-24 13:00:00,1183,20
2021-06-24 14:00:00,1718,135
2021-06-24 15:00:00,2617,8
2021-06-24 16:00:00,2476,112
2021-06-24 17:00:00,1581,21
2021-06-24 18:00:00,1666,75
2021-06-24 19:00:00,2627,55
2021-06-24 20:00:00,1066,107
2021-06-24 21:00:00,1519,31
2021-06-24 22:00:00,2622,85
2021-06-24 23:00:00,1716,24
2021-06-25 00:00:00,1217,104
2021-06-25 01:00:00,1256,16
2021-06-25 02:00:00,820,86
2021-06-25 03:00:00,1339,69
2021-06-25 04:00:00,236,40
2021-06-25 05:00:00,1190,28
2021-06-25 06:00:00,1545,74
2021-06-25 07:00:00,1832,15
2021-06-25 08:00:00,1424,122
2021-06-25 09:00:00,1107,19
2021-06-25 10:00:00,1028,50
2021-06-25 11:00:00,1011,51
2021-06-25 12:00:00,1665,104
2021-06-25 13:00:00,3774,18
2021-06-25 14:00:00,1450,141
2021-06-25 15:00:00,2240,81
2021-06-25 16:00:00,1955,87
2021-06-25 17:00:00,2142,23
2021-06-25 18:00:00,1493,118
2021-06-25 19:00:00,3300,19
2021-06-25 20:00:00,2352,115
2021-06-25 21:00:00,1503,16
2021-06-25 22:00:00,1245,94
2021-06-25 23:00:00,404,2
2021-06-26 00:00:00,1164,91
2021-06-26 01:00:00,932,16
2021-06-26 02:00:00,1089,95
2021-06-26 03:00:00,283,7
2021-06-26 04:00:00,544,65
2021-06-26 05:00:00,1311,24
2021-06-26 06:00:00,920,82
2021-06-26 07:00:00,1336,17
2021-06-26 08:00:00,1738,114
2021-06-26 09:00:00,790,8
2021-06-26 10:00:00,2300,92
2021-06-26 11:00:00,601,12
2021-06-26 12:00:00,894,108
2021-06-26 13:00:00,935,10
2021-06-26 14:00:00,1658,86
2021-06-26 15:00:00,1835,100
2021-06-26 16:00:00,937,34
2021-06-26 17:00:00,2499,14
2021-06-26 18:00:00,1543,99
2021-06-26 19:00:00,355,4
2021-06-26 20:00:00,1181,92
2021-06-26 21:00:00,786,17
2021-06-26 22:00:00,1167,91
2021-06-26 23:00:00,2931,19
2021-06-27 00:00:00,428,89
2021-06-27 01:00:00,0,0
2021-06-27 02:00:00,751,52
2021-06-27 03:00:00,710,9
2021-06-27 04:00:00,302,48
2021-06-27 05:00:00,1243,54
2021-06-27 06:00:00,1235,80
2021-06-27 07:00:00,1782,14
2021-06-27 08:00:00,730,99
2021-06-27 09:00:00,2101,17
2021-06-27 10:00:00,830,85
2021-06-27 11:00:00,1550,22
2021-06-27 12:00:00,790,71
2021-06-27 13:00:00,929,11
2021-06-27 14:00:00,1492,87
2021-06-27 15:00:00,531,15
2021-06-27 16:00:00,1399,118
2021-06-27 17:00:00,1245,17
2021-06-27 18:00:00,1081,92
2021-06-27 19:00:00,455,5
2021-06-27 20:00:00,786,58
2021-06-27 21:00:00,442,24
2021-06-27 22:00:00,466,12
2021-06-27 23:00:00,0,0
2021-06-28 00:00:00,381,27
2021-06-28 01:00:00,2128,105
2021-06-28 02:00:00,332,90
2021-06-28 03:00:00,572,36
2021-06-28 04:00:00,701,81
2021-06-28 05:00:00,877,12
2021-06-28 06:00:00,2851,90
2021-06-28 07:00:00,549,9
2021-06-28 08:00:00,1609,63
2021-06-28 09:00:00,999,55
2021-06-28 10:00:00,2010,112
2021-06-28 11:00:00,2001,109
2021-06-28 12:00:00,2015,63
2021-06-28 13:00:00,2395,26
2021-06-28 14:00:00,1382,31
2021-06-28 15:00:00,0,0
2021-06-28 16:00:00,3319,146
2021-06-28 17:00:00,2869,105
2021-06-28 18:00:00,529,17
2021-06-28 19:00:00,1533,24
2021-06-28 20:00:00,1339,20
2021-06-28 21:00:00,1487,50
2021-06-28 22:00:00,1703,233
2021-06-28 23:00:00,3003,20
2021-06-29 00:00:00,2827,113
2021-06-29 01:00:00,1888,18
2021-06-29 02:00:00,443,76
2021-06-29 03:00:00,1343,46
2021-06-29 04:00:00,535,87
2021-06-29 05:00:00,387,12
2021-06-29 06:00:00,595,18
2021-06-29 07:00:00,3187,73
2021-06-29 08:00:00,572,98
2021-06-29 09:00:00,2037,25
2021-06-29 10:00:00,1942,98
2021-06-29 11:00:00,3206,17
2021-06-29 12:00:00,676,18
2021-06-29 13:00:00,1053,19
2021-06-29 14:00:00,2029,39
2021-06-29 15:00:00,466,17
2021-06-29 16:00:00,1574,16
2021-06-29 17:00:00,2387,72
2021-06-29 18:00:00,1346,165
2021-06-29 19:00:00,1761,22
2021-06-29 20:00:00,2458,117
2021-06-29 21:00:00,1613,105
2021-06-29 22:00:00,692,50
2021-06-29 23:00:00,897,67
2021-06-30 00:00:00,1133,97
2021-06-30 01:00:00,2228,77
2021-06-30 02:00:00,941,102
2021-06-30 03:00:00,1290,8
2021-06-30 04:00:00,358,23
2021-06-30 05:00:00,990,74
2021-06-30 06:00:00,907,86
2021-06-30 07:00:00,3612,17
2021-06-30 08:00:00,1684,106
2021-06-30 09:00:00,2167,15
2021-06-30 10:00:00,2193,113
2021-06-30 11:00:00,1957,20
2021-06-30 12:00:00,483,89
2021-06-30 13:00:00,1492,46
2021-06-30 14:00:00,1823,118
2021-06-30 15:00:00,2618,47
2021-06-30 16:00:00,918,50
2021-06-30 17:00:00,1355,20
2021-06-30 18:00:00,2005,24
2021-06-30 19:00:00,1587,121
2021-06-30 20:00:00,1277,117
2021-06-30 21:00:00,2152,41
2021-06-30 22:00:00,1023,44
2021-06-30 23:00:00,0,0
2021-07-01 00:00:00,1547,50
2021-07-01 01:00:00,3038,104
2021-07-01 02:00:00,1815,116
2021-07-01 03:00:00,273,3
2021-07-01 04:00:00,670,28
2021-07-01 05:00:00,913,71
2021-07-01 06:00:00,1653,85
2021-07-01 07:00:00,1393,10
2021-07-01 08:00:00,1674,114
2021-07-01 09:00:00,1587,16
2021-07-01 10:00:00,1416,105
2021-07-01 11:00:00,0,0
2021-07-01 12:00:00,516,37
2021-07-01 13:00:00,2096,20
2021-07-01 14:00:00,2784,17
2021-07-01 15:00:00,1551,19
2021-07-01 16:00:00,1398,108
2021-07-01 17:00:00,1665,25
2021-07-01 18:00:00,987,124
2021-07-01 19:00:00,2169,19
2021-07-01 20:00:00,2814,156
2021-07-01 21:00:00,3206,104
2021-07-01 22:00:00,1437,114
2021-07-01 23:00:00,2395,10
2021-07-02 00:00:00,1965,110
2021-07-02 01:00:00,1052,14
2021-07-02 02:00:00,1264,93
2021-07-02 03:00:00,650,35
2021-07-02 04:00:00,802,78
2021-07-02 05:00:00,1432,15
2021-07-02 06:00:00,301,86
2021-07-02 07:00:00,1648,27
2021-07-02 08:00:00,242,44
2021-07-02 09:00:00,2072,53
2021-07-02 10:00:00,3040,97
2021-07-02 11:00:00,2376,98
2021-07-02 12:00:00,1266,55
2021-07-02 13:00:00,587,12
2021-07-02 14:00:00,550,22
2021-07-02 15:00:00,1782,24
2021-07-02 16:00:00,1847,70
2021-07-02 17:00:00,1903,17
2021-07-02 18:00:00,2077,108
2021-07-02 19:00:00,2564,145
2021-07-02 20:00:00,1460,67
2021-07-02 21:00:00,883,17
2021-07-02 22:00:00,698,60
2021-07-02 23:00:00,1051,99
2021-07-03 00:00:00,3346,70
2021-07-03 01:00:00,705,18
2021-07-03 02:00:00,431,68
2021-07-03 03:00:00,2563,54
2021-07-03 04:00:00,821,77
2021-07-03 05:00:00,1312,16
2021-07-03 06:00:00,1911,82
2021-07-03 07:00:00,1956,17
2021-07-03 08:00:00,411,3
2021-07-03 09:00:00,1497,71
2021-07-03 10:00:00,3549,114
2021-07-03 11:00:00,2436,17
2021-07-03 12:00:00,1999,111
2021-07-03 13:00:00,1366,17
2021-07-03 14:00:00,1879,106
2021-07-03 15:00:00,1343,17
2021-07-03 16:00:00,1780,101
2021-07-03 17:00:00,2177,12
2021-07-03 18:00:00,1037,83
2021-07-03 19:00:00,2316,26
2021-07-03 20:00:00,2326,102
2021-07-03 21:00:00,1783,17
2021-07-03 22:00:00,1064,83
2021-07-03 23:00:00,812,18
2021-07-04 00:00:00,442,62
2021-07-04 01:00:00,776,21
2021-07-04 02:00:00,545,76
2021-07-04 03:00:00,971,15
2021-07-04 04:00:00,829,79
2021-07-04 05:00:00,868,17
2021-07-04 06:00:00,1275,64
2021-07-04 07:00:00,1463,17
2021-07-04 08:00:00,1470,101
2021-07-04 09:00:00,884,8
2021-07-04 10:00:00,248,47
2021-07-04 11:00:00,1202,62
2021-07-04 12:00:00,2085,50
2021-07-04 13:00:00,2404,17
2021-07-04 14:00:00,1376,116
2021-07-04 15:00:00,2055,22
2021-07-04 16:00:00,739,66
2021-07-04 17:00:00,1123,49
2021-07-04 18:00:00,1794,77
2021-07-04 19:00:00,1659,18
2021-07-04 20:00:00,1975,94
2021-07-04 21:00:00,665,13
2021-07-04 22:00:00,1346,81
2021-07-04 23:00:00,880,15
2021-07-05 00:00:00,909,84
2021-07-05 01:00:00,716,16
2021-07-05 02:00:00,549,83
2021-07-05 03:00:00,549,12
2021-07-05 04:00:00,763,75
2021-07-05 05:00:00,866,18
2021-07-05 06:00:00,1336,92
2021-07-05 07:00:00,1437,73
2021-07-05 08:00:00,1883,100
2021-07-05 09:00:00,1374,22
2021-07-05 10:00:00,1839,124
2021-07-05 11:00:00,1872,84
2021-07-05 12:00:00,1217,105
2021-07-05 13:00:00,1437,35
2021-07-05 14:00:00,2391,228
2021-07-05 15:00:00,1764,156
2021-07-05 16:00:00,1873,134
2021-07-05 17:00:00,1753,215
2021-07-05 18:00:00,903,105
2021-07-05 19:00:00,778,18
2021-07-05 20:00:00,1305,62
2021-07-05 21:00:00,462,19
2021-07-05 22:00:00,2451,206
2021-07-05 23:00:00,1540,157
2021-07-06 00:00:00,600,119
2021-07-06 01:00:00,636,31
2021-07-06 02:00:00,611,85
2021-07-06 03:00:00,603,54
2021-07-06 04:00:00,860,86
2021-07-06 05:00:00,793,43
2021-07-06 06:00:00,1719,121
2021-07-06 07:00:00,1691,65
2021-07-06 08:00:00,1028,133
2021-07-06 09:00:00,2096,31
2021-07-06 10:00:00,1926,185
2021-07-06 11:00:00,1504,32
2021-07-06 12:00:00,1539,101
2021-07-06 13:00:00,2033,46
2021-07-06 14:00:00,2276,165
2021-07-06 15:00:00,1835,34
2021-07-06 16:00:00,2458,131
2021-07-06 17:00:00,1798,45
2021-07-06 18:00:00,1295,124
2021-07-06 19:00:00,1684,56
2021-07-06 20:00:00,2724,129
2021-07-06 21:00:00,1429,38
2021-07-06 22:00:00,1176,128
2021-07-06 23:00:00,1194,45
2021-07-07 00:00:00,792,92
2021-07-07 01:00:00,736,17
2021-07-07 02:00:00,813,77
2021-07-07 03:00:00,645,70
2021-07-07 04:00:00,631,34
2021-07-07 05:00:00,1005,16
2021-07-07 06:00:00,1801,93
2021-07-07 07:00:00,1081,17
2021-07-07 08:00:00,1992,96
2021-07-07 09:00:00,2514,14
2021-07-07 10:00:00,1464,104
2021-07-07 11:00:00,1141,15
2021-07-07 12:00:00,2986,85
2021-07-07 13:00:00,903,10
2021-07-07 14:00:00,1331,61
2021-07-07 15:00:00,1545,27
2021-07-07 16:00:00,3675,179
2021-07-07 17:00:00,2773,21
2021-07-07 18:00:00,1428,20
2021-07-07 19:00:00,2402,109
2021-07-07 20:00:00,1029,23
2021-07-07 21:00:00,1109,72
2021-07-07 22:00:00,1653,105
2021-07-07 23:00:00,1379,20
2021-07-08 00:00:00,1680,92
2021-07-08 01:00:00,884,18
2021-07-08 02:00:00,597,85
2021-07-08 03:00:00,310,9
2021-07-08 04:00:00,1179,61
2021-07-08 05:00:00,998,17
2021-07-08 06:00:00,922,91
2021-07-08 07:00:00,1862,19
2021-07-08 08:00:00,2166,96
2021-07-08 09:00:00,1357,11
2021-07-08 10:00:00,1216,117
2021-07-08 11:00:00,2155,15
2021-07-08 12:00:00,1743,93
2021-07-08 13:00:00,1318,15
2021-07-08 14:00:00,1535,82
2021-07-08 15:00:00,2624,33
2021-07-08 16:00:00,1962,112
2021-07-08 17:00:00,2156,16
2021-07-08 18:00:00,976,72
2021-07-08 19:00:00,2166,40
2021-07-08 20:00:00,2727,101
2021-07-08 21:00:00,978,11
2021-07-08 22:00:00,1748,108
2021-07-08 23:00:00,679,12
2021-07-09 00:00:00,1045,86
2021-07-09 01:00:00,817,11
2021-07-09 02:00:00,987,91
2021-07-09 03:00:00,622,15
2021-07-09 04:00:00,764,78
2021-07-09 05:00:00,1160,20
2021-07-09 06:00:00,1338,74
2021-07-09 07:00:00,1829,18
2021-07-09 08:00:00,718,92
2021-07-09 09:00:00,2753,90
2021-07-09 10:00:00,1255,36
2021-07-09 11:00:00,1151,10
2021-07-09 12:00:00,1691,98
2021-07-09 13:00:00,1948,25
2021-07-09 14:00:00,2364,109
2021-07-09 15:00:00,2192,19
2021-07-09 16:00:00,1000,109
2021-07-09 17:00:00,2352,23
2021-07-09 18:00:00,1881,98
2021-07-09 19:00:00,3407,17
2021-07-09 20:00:00,1933,112
2021-07-09 21:00:00,1882,20
2021-07-09 22:00:00,1261,88
2021-07-09 23:00:00,1029,16
2021-07-10 00:00:00,1019,89
2021-07-10 01:00:00,429,8
2021-07-10 02:00:00,1172,93
2021-07-10 03:00:00,468,11
2021-07-10 04:00:00,926,71
2021-07-10 05:00:00,553,10
2021-07-10 06:00:00,1709,83
2021-07-10 07:00:00,1415,15
2021-07-10 08:00:00,1621,125
2021-07-10 09:00:00,2063,20
2021-07-10 10:00:00,1171,75
2021-07-10 11:00:00,1982,21
2021-07-10 12:00:00,1597,93
2021-07-10 13:00:00,1241,15
2021-07-10 14:00:00,1598,117
2021-07-10 15:00:00,1923,20
2021-07-10 16:00:00,1736,80
2021-07-10 17:00:00,1852,17
2021-07-10 18:00:00,1040,92
2021-07-10 19:00:00,1975,19
2021-07-10 20:00:00,1324,82
2021-07-10 21:00:00,908,16
2021-07-10 22:00:00,1351,75
2021-07-10 23:00:00,500,18
2021-07-11 00:00:00,0,0
2021-07-11 01:00:00,1439,79
2021-07-11 02:00:00,425,74
2021-07-11 03:00:00,728,17
2021-07-11 04:00:00,492,68
2021-07-11 05:00:00,752,15
2021-07-11 06:00:00,1010,18
2021-07-11 07:00:00,1038,16
2021-07-11 08:00:00,504,85
2021-07-11 09:00:00,1945,27
2021-07-11 10:00:00,351,51
2021-07-11 11:00:00,2064,44
2021-07-11 12:00:00,1229,84
2021-07-11 13:00:00,1412,17
2021-07-11 14:00:00,609,82
2021-07-11 15:00:00,2198,17
2021-07-11 16:00:00,1632,75
2021-07-11 17:00:00,852,9
2021-07-11 18:00:00,2035,88
2021-07-11 19:00:00,1305,16
2021-07-11 20:00:00,939,86
2021-07-11 21:00:00,1086,16
2021-07-11 22:00:00,1269,68
2021-07-11 23:00:00,739,14
2021-07-12 00:00:00,656,79
2021-07-12 01:00:00,685,19
2021-07-12 02:00:00,380,61
2021-07-12 03:00:00,806,63
2021-07-12 04:00:00,863,34
2021-07-12 05:00:00,699,13
2021-07-12 06:00:00,487,73
2021-07-12 07:00:00,1110,56
2021-07-12 08:00:00,1912,56
2021-07-12 09:00:00,767,13
2021-07-12 10:00:00,2536,103
2021-07-12 11:00:00,1596,10
2021-07-12 12:00:00,2621,134
2021-07-12 13:00:00,1909,14
2021-07-12 14:00:00,1466,134
2021-07-12 15:00:00,1995,18
2021-07-12 16:00:00,1992,93
2021-07-12 17:00:00,1787,16
2021-07-12 18:00:00,1607,118
2021-07-12 19:00:00,2755,17
2021-07-12 20:00:00,1299,99
2021-07-12 21:00:00,1097,16
2021-07-12 22:00:00,1450,82
2021-07-12 23:00:00,971,18
2021-07-13 00:00:00,385,96
2021-07-13 01:00:00,885,18
2021-07-13 02:00:00,755,56
2021-07-13 03:00:00,737,16
2021-07-13 04:00:00,501,90
2021-07-13 05:00:00,1181,17
2021-07-13 06:00:00,1243,72
2021-07-13 07:00:00,1372,15
2021-07-13 08:00:00,1609,91
2021-07-13 09:00:00,1944,98
2021-07-13 10:00:00,529,39
2021-07-13 11:00:00,1744,15
2021-07-13 12:00:00,519,76
2021-07-13 13:00:00,3047,41
2021-07-13 14:00:00,2413,115
2021-07-13 15:00:00,1958,92
2021-07-13 16:00:00,2657,89
2021-07-13 17:00:00,704,16
2021-07-13 18:00:00,1238,59
2021-07-13 19:00:00,1705,57
2021-07-13 20:00:00,1996,109
2021-07-13 21:00:00,2465,25
2021-07-13 22:00:00,1465,108
2021-07-13 23:00:00,1102,15
2021-07-14 00:00:00,692,86
2021-07-14 01:00:00,955,18
2021-07-14 02:00:00,347,72
2021-07-14 03:00:00,816,20
2021-07-14 04:00:00,1117,60
2021-07-14 05:00:00,856,14
2021-07-14 06:00:00,1012,89
2021-07-14 07:00:00,1758,20
2021-07-14 08:00:00,1551,91
2021-07-14 09:00:00,1809,17
2021-07-14 10:00:00,1548,94
2021-07-14 11:00:00,2047,19
2021-07-14 12:00:00,1458,101
2021-07-14 13:00:00,1856,17
2021-07-14 14:00:00,1742,93
2021-07-14 15:00:00,2064,19
2021-07-14 16:00:00,1887,115
2021-07-14 17:00:00,2357,18
2021-07-14 18:00:00,1158,96
2021-07-14 19:00:00,2247,24
2021-07-14 20:00:00,1663,89
2021-07-14 21:00:00,1359,17
2021-07-14 22:00:00,1261,97
2021-07-14 23:00:00,995,17
2021-07-15 00:00:00,783,84
2021-07-15 01:00:00,111,2
2021-07-15 02:00:00,1131,59
2021-07-15 03:00:00,543,83
2021-07-15 04:00:00,614,28
2021-07-15 05:00:00,984,19
2021-07-15 06:00:00,1671,89
2021-07-15 07:00:00,1309,113
2021-07-15 08:00:00,1014,32
2021-07-15 09:00:00,1478,14
2021-07-15 10:00:00,2450,122
2021-07-15 11:00:00,2318,20
2021-07-15 12:00:00,901,34
2021-07-15 13:00:00,2262,36
2021-07-15 14:00:00,1101,18
2021-07-15 15:00:00,2112,98
2021-07-15 16:00:00,3889,169
2021-07-15 17:00:00,2523,19
2021-07-15 18:00:00,703,54
2021-07-15 19:00:00,2329,82
2021-07-15 20:00:00,1930,108
2021-07-15 21:00:00,1713,18
2021-07-15 22:00:00,817,12
2021-07-15 23:00:00,1420,24
2021-07-16 00:00:00,974,17
2021-07-16 01:00:00,553,12
2021-07-16 02:00:00,813,27
2021-07-16 03:00:00,702,117
2021-07-16 04:00:00,844,27
2021-07-16 05:00:00,856,17
2021-07-16 06:00:00,1294,64
2021-07-16 07:00:00,1459,81
2021-07-16 08:00:00,1952,33
2021-07-16 09:00:00,1875,18
2021-07-16 10:00:00,1617,121
2021-07-16 11:00:00,2171,20
2021-07-16 12:00:00,1630,109
2021-07-16 13:00:00,2068,17
2021-07-16 14:00:00,1701,103
2021-07-16 15:00:00,1343,23
2021-07-16 16:00:00,2722,122
2021-07-16 17:00:00,2496,13
2021-07-16 18:00:00,1847,106
2021-07-16 19:00:00,1474,20
2021-07-16 20:00:00,1583,101
2021-07-16 21:00:00,2133,17
2021-07-16 22:00:00,1131,39
2021-07-16 23:00:00,1181,74
2021-07-17 00:00:00,1085,86
2021-07-17 01:00:00,807,17
2021-07-17 02:00:00,606,81
2021-07-17 03:00:00,786,19
2021-07-17 04:00:00,837,77
2021-07-17 05:00:00,788,15
2021-07-17 06:00:00,1211,72
2021-07-17 07:00:00,1579,17
2021-07-17 08:00:00,1399,84
2021-07-17 09:00:00,1696,18
2021-07-17 10:00:00,1319,83
2021-07-17 11:00:00,1768,19
2021-07-17 12:00:00,1435,83
2021-07-17 13:00:00,1754,18
2021-07-17 14:00:00,784,53
2021-07-17 15:00:00,958,19
2021-07-17 16:00:00,1978,24
2021-07-17 17:00:00,2742,104
2021-07-17 18:00:00,1508,102
2021-07-17 19:00:00,1561,17
2021-07-17 20:00:00,1251,84
2021-07-17 21:00:00,1280,19
2021-07-17 22:00:00,997,79
2021-07-17 23:00:00,655,14
2021-07-18 00:00:00,874,61
2021-07-18 01:00:00,618,16
2021-07-18 02:00:00,626,73
2021-07-18 03:00:00,384,10
2021-07-18 04:00:00,865,59
2021-07-18 05:00:00,782,17
2021-07-18 06:00:00,611,68
2021-07-18 07:00:00,1249,21
2021-07-18 08:00:00,725,23
2021-07-18 09:00:00,1793,58
2021-07-18 10:00:00,1482,92
2021-07-18 11:00:00,720,9
2021-07-18 12:00:00,1862,76
2021-07-18 13:00:00,1173,15
2021-07-18 14:00:00,1494,132
2021-07-18 15:00:00,1253,16
2021-07-18 16:00:00,690,62
2021-07-18 17:00:00,2048,24
2021-07-18 18:00:00,864,87
2021-07-18 19:00:00,1625,19
2021-07-18 20:00:00,1179,87
2021-07-18 21:00:00,1303,20
2021-07-18 22:00:00,795,77
2021-07-18 23:00:00,516,17
2021-07-19 00:00:00,836,56
2021-07-19 01:00:00,686,18
2021-07-19 02:00:00,557,15
2021-07-19 03:00:00,502,86
2021-07-19 04:00:00,765,33
2021-07-19 05:00:00,494,16
2021-07-19 06:00:00,1430,61
2021-07-19 07:00:00,1764,18
2021-07-19 08:00:00,1692,98
2021-07-19 09:00:00,1001,11
2021-07-19 10:00:00,2063,93
2021-07-19 11:00:00,1909,18
2021-07-19 12:00:00,1319,104
2021-07-19 13:00:00,2466,17
2021-07-19 14:00:00,1810,81
2021-07-19 15:00:00,1650,13
2021-07-19 16:00:00,2553,77
2021-07-19 17:00:00,1098,75
2021-07-19 18:00:00,3163,115
2021-07-19 19:00:00,1490,57
2021-07-19 20:00:00,1780,116
2021-07-19 21:00:00,1324,17
2021-07-19 22:00:00,1299,96
2021-07-19 23:00:00,1002,18
2021-07-20 00:00:00,638,85
2021-07-20 01:00:00,961,22
2021-07-20 02:00:00,654,68
2021-07-20 03:00:00,1264,20
2021-07-20 04:00:00,1260,191
2021-07-20 05:00:00,758,13
2021-07-20 06:00:00,1617,73
2021-07-20 07:00:00,936,18
2021-07-20 08:00:00,1936,17
2021-07-20 09:00:00,1830,88
2021-07-20 10:00:00,2695,130
2021-07-20 11:00:00,1865,105
2021-07-20 12:00:00,1992,63
2021-07-20 13:00:00,1721,23
2021-07-20 14:00:00,1987,114
2021-07-20 15:00:00,1978,20
2021-07-20 16:00:00,1728,102
2021-07-20 17:00:00,2596,26
2021-07-20 18:00:00,1234,108
2021-07-20 19:00:00,1285,16
2021-07-20 20:00:00,1720,19
2021-07-20 21:00:00,422,23
2021-07-20 22:00:00,2893,157
2021-07-20 23:00:00,892,12
2021-07-21 00:00:00,995,106
2021-07-21 01:00:00,729,16
2021-07-21 02:00:00,729,77
2021-07-21 03:00:00,731,76
2021-07-21 04:00:00,824,30
2021-07-21 05:00:00,762,13
2021-07-21 06:00:00,1837,88
2021-07-21 07:00:00,1773,17
2021-07-21 08:00:00,1519,106
2021-07-21 09:00:00,1889,18
2021-07-21 10:00:00,736,88
2021-07-21 11:00:00,2701,31
2021-07-21 12:00:00,2134,164
2021-07-21 13:00:00,1537,15
2021-07-21 14:00:00,2135,93
2021-07-21 15:00:00,2221,104
2021-07-21 16:00:00,1007,35
2021-07-21 17:00:00,2550,26
2021-07-21 18:00:00,1823,19
2021-07-21 19:00:00,2824,121
2021-07-21 20:00:00,1646,125
2021-07-21 21:00:00,1646,19
2021-07-21 22:00:00,1172,20
2021-07-21 23:00:00,862,90
2021-07-22 00:00:00,1097,89
2021-07-22 01:00:00,626,14
2021-07-22 02:00:00,906,78
2021-07-22 03:00:00,635,43
2021-07-22 04:00:00,913,54
2021-07-22 05:00:00,993,17
2021-07-22 06:00:00,1474,102
2021-07-22 07:00:00,1575,16
2021-07-22 08:00:00,1278,94
2021-07-22 09:00:00,1805,24
2021-07-22 10:00:00,2138,122
2021-07-22 11:00:00,2082,118
2021-07-22 12:00:00,1772,46
2021-07-22 13:00:00,2051,19
2021-07-22 14:00:00,1890,109
2021-07-22 15:00:00,2162,17
2021-07-22 16:00:00,1637,98
2021-07-22 17:00:00,2195,92
2021-07-22 18:00:00,2249,60
2021-07-22 19:00:00,1052,12
2021-07-22 20:00:00,1765,32
2021-07-22 21:00:00,1752,87
2021-07-22 22:00:00,1182,96
2021-07-22 23:00:00,1198,20
2021-07-23 00:00:00,617,75
2021-07-23 01:00:00,934,21
2021-07-23 02:00:00,566,67
2021-07-23 03:00:00,237,1
2021-07-23 04:00:00,1149,73
2021-07-23 05:00:00,1314,16
2021-07-23 06:00:00,970,95
2021-07-23 07:00:00,1960,41
2021-07-23 08:00:00,1852,92
2021-07-23 09:00:00,911,18
2021-07-23 10:00:00,2618,14
2021-07-23 11:00:00,1875,115
2021-07-23 12:00:00,1822,77
2021-07-23 13:00:00,1727,17
2021-07-23 14:00:00,2642,160
2021-07-23 15:00:00,1867,17
2021-07-23 16:00:00,2432,82
2021-07-23 17:00:00,2539,18
2021-07-23 18:00:00,1858,104
2021-07-23 19:00:00,1202,11
2021-07-23 20:00:00,1870,19
2021-07-23 21:00:00,2049,100
2021-07-23 22:00:00,1376,110
2021-07-23 23:00:00,1381,19
2021-07-24 00:00:00,1216,91
2021-07-24 01:00:00,847,14
2021-07-24 02:00:00,942,94
2021-07-24 03:00:00,685,14
2021-07-24 04:00:00,781,85
2021-07-24 05:00:00,1296,21
2021-07-24 06:00:00,335,80
2021-07-24 07:00:00,2045,30
2021-07-24 08:00:00,2227,142
2021-07-24 09:00:00,1657,17
2021-07-24 10:00:00,1476,70
2021-07-24 11:00:00,1665,14
2021-07-24 12:00:00,1859,90
2021-07-24 13:00:00,1197,12
2021-07-24 14:00:00,2143,102
2021-07-24 15:00:00,2021,18
2021-07-24 16:00:00,1868,87
2021-07-24 17:00:00,2144,18
2021-07-24 18:00:00,1078,71
2021-07-24 19:00:00,870,18
2021-07-24 20:00:00,2880,102
2021-07-24 21:00:00,1485,19
2021-07-24 22:00:00,1057,103
2021-07-24 23:00:00,1030,17
2021-07-25 00:00:00,762,75
2021-07-25 01:00:00,499,12
2021-07-25 02:00:00,261,22
2021-07-25 03:00:00,1141,61
2021-07-25 04:00:00,486,54
2021-07-25 05:00:00,1074,23
2021-07-25 06:00:00,1044,106
2021-07-25 07:00:00,1179,15
2021-07-25 08:00:00,1308,58
2021-07-25 09:00:00,1029,12
2021-07-25 10:00:00,1587,95
2021-07-25 11:00:00,1664,19
2021-07-25 12:00:00,1271,101
2021-07-25 13:00:00,1292,13
2021-07-25 14:00:00,1150,92
2021-07-25 15:00:00,1836,21
2021-07-25 16:00:00,1281,89
2021-07-25 17:00:00,2085,23
2021-07-25 18:00:00,1476,94
2021-07-25 19:00:00,1017,12
2021-07-25 20:00:00,1460,69
2021-07-25 21:00:00,1275,19
2021-07-25 22:00:00,859,86
2021-07-25 23:00:00,865,16
2021-07-26 00:00:00,949,73
2021-07-26 01:00:00,1515,18
2021-07-26 02:00:00,751,119
2021-07-26 03:00:00,1449,56
2021-07-26 04:00:00,968,100
2021-07-26 05:00:00,1505,22
2021-07-26 06:00:00,1054,64
2021-07-26 07:00:00,3015,21
2021-07-26 08:00:00,2777,109
2021-07-26 09:00:00,1865,74
2021-07-26 10:00:00,1389,12
2021-07-26 11:00:00,2738,162
2021-07-26 12:00:00,2252,111
2021-07-26 13:00:00,2531,18
2021-07-26 14:00:00,2769,121
2021-07-26 15:00:00,2236,91
2021-07-26 16:00:00,1556,83
2021-07-26 17:00:00,2245,9
2021-07-26 18:00:00,2206,27
2021-07-26 19:00:00,2437,13
2021-07-26 20:00:00,1465,25
2021-07-26 21:00:00,2252,21
2021-07-26 22:00:00,1550,72
2021-07-26 23:00:00,1375,70
2021-07-27 00:00:00,2291,224
2021-07-27 01:00:00,645,71
2021-07-27 02:00:00,1243,106
2021-07-27 03:00:00,842,16
2021-07-27 04:00:00,843,109
2021-07-27 05:00:00,1034,65
2021-07-27 06:00:00,1130,44
2021-07-27 07:00:00,1994,18
2021-07-27 08:00:00,1717,106
2021-07-27 09:00:00,1854,18
2021-07-27 10:00:00,809,83
2021-07-27 11:00:00,2651,26
2021-07-27 12:00:00,2333,190
2021-07-27 13:00:00,1964,17
2021-07-27 14:00:00,2355,95
2021-07-27 15:00:00,2192,19
2021-07-27 16:00:00,2045,43
2021-07-27 17:00:00,2565,82
2021-07-27 18:00:00,1777,71
2021-07-27 19:00:00,1682,51
2021-07-27 20:00:00,1874,89
2021-07-27 21:00:00,1406,19
2021-07-27 22:00:00,1483,60
2021-07-27 23:00:00,1051,51
2021-07-28 00:00:00,1022,87
2021-07-28 01:00:00,1083,20
2021-07-28 02:00:00,979,89
2021-07-28 03:00:00,1038,80
2021-07-28 04:00:00,1230,46
2021-07-28 05:00:00,1525,19
2021-07-28 06:00:00,1752,93
2021-07-28 07:00:00,2093,18
2021-07-28 08:00:00,1857,96
2021-07-28 09:00:00,856,17
2021-07-28 10:00:00,2322,11
2021-07-28 11:00:00,2728,82
2021-07-28 12:00:00,2252,153
2021-07-28 13:00:00,2244,18
2021-07-28 14:00:00,2120,76
2021-07-28 15:00:00,1903,7
2021-07-28 16:00:00,2834,160
2021-07-28 17:00:00,2188,17
2021-07-28 18:00:00,1256,114
2021-07-28 19:00:00,1626,18
2021-07-28 20:00:00,1060,62
2021-07-28 21:00:00,1159,38
2021-07-28 22:00:00,901,87
2021-07-28 23:00:00,1665,15
2021-07-29 00:00:00,739,78
2021-07-29 01:00:00,1394,7
2021-07-29 02:00:00,818,86
2021-07-29 03:00:00,619,14
2021-07-29 04:00:00,983,65
2021-07-29 05:00:00,769,10
2021-07-29 06:00:00,2251,78
2021-07-29 07:00:00,1835,8
2021-07-29 08:00:00,2058,53
2021-07-29 09:00:00,2122,135
2021-07-29 10:00:00,2088,59
2021-07-29 11:00:00,1792,93
2021-07-29 12:00:00,2297,108
2021-07-29 13:00:00,1438,15
2021-07-29 14:00:00,2218,17
2021-07-29 15:00:00,1307,82
2021-07-29 16:00:00,3064,55
2021-07-29 17:00:00,2488,84
2021-07-29 18:00:00,2115,116
2021-07-29 19:00:00,1922,20
2021-07-29 20:00:00,1652,95
2021-07-29 21:00:00,927,18
2021-07-29 22:00:00,1659,8
2021-07-29 23:00:00,1212,59
2021-07-30 00:00:00,956,88
2021-07-30 01:00:00,787,2
2021-07-30 02:00:00,700,70
2021-07-30 03:00:00,1068,74
2021-07-30 04:00:00,756,40
2021-07-30 05:00:00,1000,12
2021-07-30 06:00:00,1470,70
2021-07-30 07:00:00,1766,11
2021-07-30 08:00:00,1873,93
2021-07-30 09:00:00,2173,62
2021-07-30 10:00:00,1666,79
2021-07-30 11:00:00,1793,18
2021-07-30 12:00:00,1923,80
2021-07-30 13:00:00,2238,25
2021-07-30 14:00:00,2046,91
2021-07-30 15:00:00,2068,30
2021-07-30 16:00:00,2748,110
2021-07-30 17:00:00,2072,17
2021-07-30 18:00:00,2031,101
2021-07-30 19:00:00,2141,22
2021-07-30 20:00:00,1218,48
2021-07-30 21:00:00,2840,38
2021-07-30 22:00:00,1284,83
2021-07-30 23:00:00,1528,27
2021-07-31 00:00:00,1255,91
2021-07-31 01:00:00,697,14
2021-07-31 02:00:00,1254,106
2021-07-31 03:00:00,798,15
2021-07-31 04:00:00,912,125
2021-07-31 05:00:00,777,13
2021-07-31 06:00:00,1674,54
2021-07-31 07:00:00,1544,5
2021-07-31 08:00:00,2121,86
2021-07-31 09:00:00,1586,14
2021-07-31 10:00:00,1978,85
2021-07-31 11:00:00,1785,15
2021-07-31 12:00:00,1893,88
2021-07-31 13:00:00,1806,16
2021-07-31 14:00:00,1928,107
2021-07-31 15:00:00,1785,42
2021-07-31 16:00:00,1630,69
2021-07-31 17:00:00,168,2
2021-07-31 18:00:00,3207,76
2021-07-31 19:00:00,1729,15
2021-07-31 20:00:00,1490,102
2021-07-31 21:00:00,1309,16
2021-07-31 22:00:00,1284,58
2021-07-31 23:00:00,939,8
2021-08-01 00:00:00,814,63
2021-08-01 01:00:00,654,10
2021-08-01 02:00:00,683,0
2021-08-01 03:00:00,333,0
2021-08-01 04:00:00,1097,0
2021-08-01 05:00:00,732,0
2021-08-01 06:00:00,1222,0
2021-08-01 07:00:00,1092,0
2021-08-01 08:00:00,1142,0
2021-08-01 09:00:00,1644,111
2021-08-01 10:00:00,1166,48
2021-08-01 11:00:00,1629,20
2021-08-01 12:00:00,995,48
2021-08-01 13:00:00,831,17
2021-08-01 14:00:00,2458,20
2021-08-01 15:00:00,1373,11
2021-08-01 16:00:00,2118,32
2021-08-01 17:00:00,1134,7
2021-08-01 18:00:00,1988,6
2021-08-01 19:00:00,1246,1
2021-08-01 20:00:00,1538,0
2021-08-01 21:00:00,844,0
2021-08-01 22:00:00,1117,0
2021-08-01 23:00:00,767,0
2021-08-02 00:00:00,1040,0
2021-08-02 01:00:00,674,0
2021-08-02 02:00:00,599,0
2021-08-02 03:00:00,628,54
2021-08-02 04:00:00,587,125
2021-08-02 05:00:00,868,19
2021-08-02 06:00:00,1065,59
2021-08-02 07:00:00,1719,20
2021-08-02 08:00:00,1696,18
2021-08-02 09:00:00,1543,86
2021-08-02 10:00:00,1724,36
2021-08-02 11:00:00,2076,28
2021-08-02 12:00:00,1380,102
2021-08-02 13:00:00,2567,31
2021-08-02 14:00:00,2361,159
2021-08-02 15:00:00,1626,18
2021-08-02 16:00:00,2258,100
2021-08-02 17:00:00,2539,18
2021-08-02 18:00:00,1762,114
2021-08-02 19:00:00,1874,19
2021-08-02 20:00:00,923,75
2021-08-02 21:00:00,1402,24
2021-08-02 22:00:00,1966,16
2021-08-02 23:00:00,982,77
2021-08-03 00:00:00,921,84
2021-08-03 01:00:00,564,12
2021-08-03 02:00:00,870,74
2021-08-03 03:00:00,204,3
2021-08-03 04:00:00,1294,68
2021-08-03 05:00:00,905,10
2021-08-03 06:00:00,1361,78
2021-08-03 07:00:00,1530,59
2021-08-03 08:00:00,1237,14
2021-08-03 09:00:00,2580,92
2021-08-03 10:00:00,1507,98
2021-08-03 11:00:00,1746,16
2021-08-03 12:00:00,1990,98
2021-08-03 13:00:00,2865,20
2021-08-03 14:00:00,1561,4
2021-08-03 15:00:00,2839,103
2021-08-03 16:00:00,2122,115
2021-08-03 17:00:00,2383,17
2021-08-03 18:00:00,946,14
2021-08-03 19:00:00,2566,91
2021-08-03 20:00:00,2773,84
2021-08-03 21:00:00,1536,16
2021-08-03 22:00:00,1351,96
2021-08-03 23:00:00,956,17
2021-08-04 00:00:00,775,65
2021-08-04 01:00:00,843,18
2021-08-04 02:00:00,813,78
2021-08-04 03:00:00,647,14
2021-08-04 04:00:00,646,89
2021-08-04 05:00:00,489,17
2021-08-04 06:00:00,902,15
2021-08-04 07:00:00,459,6
2021-08-04 08:00:00,4210,95
2021-08-04 09:00:00,1344,6
2021-08-04 10:00:00,1516,18
2021-08-04 11:00:00,2555,94
2021-08-04 12:00:00,650,9
2021-08-04 13:00:00,2681,27
2021-08-04 14:00:00,1392,36
2021-08-04 15:00:00,1734,4
2021-08-04 16:00:00,699,2
2021-08-04 17:00:00,4084,118
2021-08-04 18:00:00,2068,143
2021-08-04 19:00:00,2057,20
2021-08-04 20:00:00,2097,175
2021-08-04 21:00:00,2791,27
2021-08-04 22:00:00,962,107
2021-08-04 23:00:00,1503,17
2021-08-05 00:00:00,793,79
2021-08-05 01:00:00,859,19
2021-08-05 02:00:00,628,69
2021-08-05 03:00:00,566,16
2021-08-05 04:00:00,835,64
2021-08-05 05:00:00,1263,22
2021-08-05 06:00:00,1430,91
2021-08-05 07:00:00,1282,12
2021-08-05 08:00:00,2022,17
2021-08-05 09:00:00,1714,111
2021-08-05 10:00:00,2018,53
2021-08-05 11:00:00,1662,16
2021-08-05 12:00:00,1740,92
2021-08-05 13:00:00,1906,18
2021-08-05 14:00:00,2516,130
2021-08-05 15:00:00,2368,95
2021-08-05 16:00:00,2347,89
2021-08-05 17:00:00,1621,17
2021-08-05 18:00:00,2590,13
2021-08-05 19:00:00,2778,93
2021-08-05 20:00:00,2132,122
2021-08-05 21:00:00,1606,17
2021-08-05 22:00:00,1696,93
2021-08-05 23:00:00,937,15
2021-08-06 00:00:00,1414,94
2021-08-06 01:00:00,711,16
2021-08-06 02:00:00,740,82
2021-08-06 03:00:00,495,38
2021-08-06 04:00:00,1197,75
2021-08-06 05:00:00,1021,16
2021-08-06 06:00:00,1527,91
2021-08-06 07:00:00,1566,13
2021-08-06 08:00:00,1568,27
2021-08-06 09:00:00,2542,71
2021-08-06 10:00:00,1576,107
2021-08-06 11:00:00,2089,12
2021-08-06 12:00:00,2206,95
2021-08-06 13:00:00,1999,9
2021-08-06 14:00:00,2278,92
2021-08-06 15:00:00,2820,17
2021-08-06 16:00:00,1475,30
2021-08-06 17:00:00,3370,9
2021-08-06 18:00:00,2213,48
2021-08-06 19:00:00,2881,102
2021-08-06 20:00:00,1930,161
2021-08-06 21:00:00,1704,17
2021-08-06 22:00:00,1826,23
2021-08-06 23:00:00,1241,91
2021-08-07 00:00:00,691,94
2021-08-07 01:00:00,1006,19
2021-08-07 02:00:00,850,70
2021-08-07 03:00:00,881,18
2021-08-07 04:00:00,983,91
2021-08-07 05:00:00,1002,16
2021-08-07 06:00:00,1515,89
2021-08-07 07:00:00,1536,15
2021-08-07 08:00:00,1924,62
2021-08-07 09:00:00,2171,114
2021-08-07 10:00:00,1845,78
2021-08-07 11:00:00,1767,15
2021-08-07 12:00:00,1886,57
2021-08-07 13:00:00,2217,54
2021-08-07 14:00:00,1886,139
2021-08-07 15:00:00,1839,15
2021-08-07 16:00:00,1802,79
2021-08-07 17:00:00,2011,16
2021-08-07 18:00:00,1767,99
2021-08-07 19:00:00,1647,17
2021-08-07 20:00:00,1404,86
2021-08-07 21:00:00,1214,13
2021-08-07 22:00:00,1274,80
2021-08-07 23:00:00,1149,17
2021-08-08 00:00:00,924,80
2021-08-08 01:00:00,814,12
2021-08-08 02:00:00,710,58
2021-08-08 03:00:00,562,40
2021-08-08 04:00:00,678,34
2021-08-08 05:00:00,959,50
2021-08-08 06:00:00,1303,88
2021-08-08 07:00:00,484,15
2021-08-08 08:00:00,2742,62
2021-08-08 09:00:00,1552,9
2021-08-08 10:00:00,1013,109
2021-08-08 11:00:00,1199,21
2021-08-08 12:00:00,2109,36
2021-08-08 13:00:00,1535,135
2021-08-08 14:00:00,1705,34
2021-08-08 15:00:00,1545,31
2021-08-08 16:00:00,1616,104
2021-08-08 17:00:00,1897,19
2021-08-08 18:00:00,1413,92
2021-08-08 19:00:00,1471,17
2021-08-08 20:00:00,1369,79
2021-08-08 21:00:00,816,11
2021-08-08 22:00:00,1372,72
2021-08-08 23:00:00,817,16
2021-08-09 00:00:00,353,69
2021-08-09 01:00:00,808,17
2021-08-09 02:00:00,571,15
2021-08-09 03:00:00,771,5
2021-08-09 04:00:00,928,94
2021-08-09 05:00:00,498,10
2021-08-09 06:00:00,1221,20
2021-08-09 07:00:00,1838,45
2021-08-09 08:00:00,1374,94
2021-08-09 09:00:00,2128,20
2021-08-09 10:00:00,1862,36
2021-08-09 11:00:00,2105,100
2021-08-09 12:00:00,2388,120
2021-08-09 13:00:00,2216,20
2021-08-09 14:00:00,2263,123
2021-08-09 15:00:00,2324,17
2021-08-09 16:00:00,956,23
2021-08-09 17:00:00,1806,19
2021-08-09 18:00:00,3074,76
2021-08-09 19:00:00,1955,13
2021-08-09 20:00:00,2713,122
2021-08-09 21:00:00,1597,14
2021-08-09 22:00:00,1469,117
2021-08-09 23:00:00,1052,90
2021-08-10 00:00:00,1253,96
2021-08-10 01:00:00,701,15
2021-08-10 02:00:00,883,84
2021-08-10 03:00:00,770,49
2021-08-10 04:00:00,835,41
2021-08-10 05:00:00,953,16
2021-08-10 06:00:00,1354,88
2021-08-10 07:00:00,1892,18
2021-08-10 08:00:00,1627,104
2021-08-10 09:00:00,1330,57
2021-08-10 10:00:00,1754,17
2021-08-10 11:00:00,3250,140
2021-08-10 12:00:00,1940,99
2021-08-10 13:00:00,2190,26
2021-08-10 14:00:00,1889,110
2021-08-10 15:00:00,2231,18
2021-08-10 16:00:00,2108,145
2021-08-10 17:00:00,2225,19
2021-08-10 18:00:00,2640,97
2021-08-10 19:00:00,2034,19
2021-08-10 20:00:00,1618,108
2021-08-10 21:00:00,1316,11
2021-08-10 22:00:00,2021,66
2021-08-10 23:00:00,922,32
2021-08-11 00:00:00,1205,81
2021-08-11 01:00:00,825,16
2021-08-11 02:00:00,896,86
2021-08-11 03:00:00,368,6
2021-08-11 04:00:00,1277,78
2021-08-11 05:00:00,197,55
2021-08-11 06:00:00,2491,27
2021-08-11 07:00:00,2067,16
2021-08-11 08:00:00,2064,120
2021-08-11 09:00:00,2151,17
2021-08-11 10:00:00,1890,110
2021-08-11 11:00:00,1693,14
2021-08-11 12:00:00,2025,72
2021-08-11 13:00:00,1730,37
2021-08-11 14:00:00,2903,22
2021-08-11 15:00:00,2760,74
2021-08-11 16:00:00,2697,141
2021-08-11 17:00:00,1482,17
2021-08-11 18:00:00,927,13
2021-08-11 19:00:00,4055,28
2021-08-11 20:00:00,1603,57
2021-08-11 21:00:00,1623,79
2021-08-11 22:00:00,1858,180
2021-08-11 23:00:00,1383,20
2021-08-12 00:00:00,1024,99
2021-08-12 01:00:00,937,19
2021-08-12 02:00:00,660,81
2021-08-12 03:00:00,709,18
2021-08-12 04:00:00,1035,120
2021-08-12 05:00:00,1114,16
2021-08-12 06:00:00,1550,78
2021-08-12 07:00:00,1162,13
2021-08-12 08:00:00,1992,86
2021-08-12 09:00:00,2006,15
2021-08-12 10:00:00,1881,120
2021-08-12 11:00:00,1503,14
2021-08-12 12:00:00,2168,87
2021-08-12 13:00:00,2110,19
2021-08-12 14:00:00,1465,110
2021-08-12 15:00:00,1233,18
2021-08-12 16:00:00,2956,19
2021-08-12 17:00:00,1620,48
2021-08-12 18:00:00,2451,142
2021-08-12 19:00:00,2321,47
2021-08-12 20:00:00,1838,99
2021-08-12 21:00:00,1513,19
2021-08-12 22:00:00,1525,93
2021-08-12 23:00:00,1186,17
2021-08-13 00:00:00,736,85
2021-08-13 01:00:00,941,20
2021-08-13 02:00:00,301,30
2021-08-13 03:00:00,487,49
2021-08-13 04:00:00,231,1
2021-08-13 05:00:00,625,0
2021-08-13 06:00:00,939,44
2021-08-13 07:00:00,2253,0
2021-08-13 08:00:00,1896,89
2021-08-13 09:00:00,1897,0
2021-08-13 10:00:00,2574,78
2021-08-13 11:00:00,1909,50
2021-08-13 12:00:00,1528,33
2021-08-13 13:00:00,887,24
2021-08-13 14:00:00,3682,54
2021-08-13 15:00:00,1671,61
2021-08-13 16:00:00,1018,16
2021-08-13 17:00:00,3097,23
2021-08-13 18:00:00,2123,135
2021-08-13 19:00:00,1940,17
2021-08-13 20:00:00,2363,182
2021-08-13 21:00:00,3105,22
2021-08-13 22:00:00,2731,198
2021-08-13 23:00:00,1729,16
2021-08-14 00:00:00,1320,96
2021-08-14 01:00:00,693,12
2021-08-14 02:00:00,946,75
2021-08-14 03:00:00,806,15
2021-08-14 04:00:00,1085,88
2021-08-14 05:00:00,1128,17
2021-08-14 06:00:00,1046,83
2021-08-14 07:00:00,2088,20
2021-08-14 08:00:00,1555,82
2021-08-14 09:00:00,2555,18
2021-08-14 10:00:00,1666,115
2021-08-14 11:00:00,1722,64
2021-08-14 12:00:00,1981,68
2021-08-14 13:00:00,1308,17
2021-08-14 14:00:00,1914,97
2021-08-14 15:00:00,2102,94
2021-08-14 16:00:00,1393,34
2021-08-14 17:00:00,1765,18
2021-08-14 18:00:00,2091,74
2021-08-14 19:00:00,1579,16
2021-08-14 20:00:00,1264,100
2021-08-14 21:00:00,1501,20
2021-08-14 22:00:00,1099,66
2021-08-14 23:00:00,564,11
2021-08-15 00:00:00,996,72
2021-08-15 01:00:00,566,14
2021-08-15 02:00:00,592,70
2021-08-15 03:00:00,662,18
2021-08-15 04:00:00,564,69
2021-08-15 05:00:00,882,21
2021-08-15 06:00:00,837,67
2021-08-15 07:00:00,817,17
2021-08-15 08:00:00,1619,54
2021-08-15 09:00:00,1381,18
2021-08-15 10:00:00,1260,101
2021-08-15 11:00:00,1299,72
2021-08-15 12:00:00,1308,51
2021-08-15 13:00:00,1251,15
2021-08-15 14:00:00,754,77
2021-08-15 15:00:00,2150,25
2021-08-15 16:00:00,1323,76
2021-08-15 17:00:00,1582,19
2021-08-15 18:00:00,1056,74
2021-08-15 19:00:00,1684,21
2021-08-15 20:00:00,1238,22
2021-08-15 21:00:00,773,13
2021-08-15 22:00:00,2406,119
2021-08-15 23:00:00,929,15
2021-08-16 00:00:00,905,105
2021-08-16 01:00:00,655,13
2021-08-16 02:00:00,852,75
2021-08-16 03:00:00,948,50
2021-08-16 04:00:00,814,92
2021-08-16 05:00:00,833,14
2021-08-16 06:00:00,1776,94
2021-08-16 07:00:00,1956,17
2021-08-16 08:00:00,1775,109
2021-08-16 09:00:00,1844,15
2021-08-16 10:00:00,2464,109
2021-08-16 11:00:00,1533,15
2021-08-16 12:00:00,1472,16
2021-08-16 13:00:00,2699,16
2021-08-16 14:00:00,2794,90
2021-08-16 15:00:00,1295,24
2021-08-16 16:00:00,3103,146
2021-08-16 17:00:00,1720,39
2021-08-16 18:00:00,2734,195
2021-08-16 19:00:00,1629,18
2021-08-16 20:00:00,2320,98
2021-08-16 21:00:00,1045,12
2021-08-16 22:00:00,1729,107
2021-08-16 23:00:00,1009,17
2021-08-17 00:00:00,524,74
2021-08-17 01:00:00,1280,23
2021-08-17 02:00:00,774,89
2021-08-17 03:00:00,791,16
2021-08-17 04:00:00,842,76
2021-08-17 05:00:00,1037,19
2021-08-17 06:00:00,1488,82
2021-08-17 07:00:00,1463,15
2021-08-17 08:00:00,2123,94
2021-08-17 09:00:00,1779,15
2021-08-17 10:00:00,1615,93
2021-08-17 11:00:00,1749,17
2021-08-17 12:00:00,1484,30
2021-08-17 13:00:00,3035,28
2021-08-17 14:00:00,2220,117
2021-08-17 15:00:00,2188,74
2021-08-17 16:00:00,2838,109
2021-08-17 17:00:00,1643,16
2021-08-17 18:00:00,2506,119
2021-08-17 19:00:00,1899,15
2021-08-17 20:00:00,2276,105
2021-08-17 21:00:00,1789,19
2021-08-17 22:00:00,1413,97
2021-08-17 23:00:00,1044,15
2021-08-18 00:00:00,1162,79
2021-08-18 01:00:00,618,11
2021-08-18 02:00:00,1008,91
2021-08-18 03:00:00,649,15
2021-08-18 04:00:00,942,82
2021-08-18 05:00:00,782,13
2021-08-18 06:00:00,1308,79
2021-08-18 07:00:00,1449,15
2021-08-18 08:00:00,2156,61
2021-08-18 09:00:00,1396,66
2021-08-18 10:00:00,992,14
2021-08-18 11:00:00,2515,15
2021-08-18 12:00:00,2318,156
2021-08-18 13:00:00,1229,16
2021-08-18 14:00:00,2082,78
2021-08-18 15:00:00,2638,23
2021-08-18 16:00:00,1730,18
2021-08-18 17:00:00,2761,21
2021-08-18 18:00:00,2226,148
2021-08-18 19:00:00,1527,58
2021-08-18 20:00:00,2271,160
2021-08-18 21:00:00,1642,18
2021-08-18 22:00:00,1577,106
2021-08-18 23:00:00,942,14
2021-08-19 00:00:00,824,77
2021-08-19 01:00:00,1210,24
2021-08-19 02:00:00,794,92
2021-08-19 03:00:00,633,13
2021-08-19 04:00:00,931,80
2021-08-19 05:00:00,989,16
2021-08-19 06:00:00,1293,91
2021-08-19 07:00:00,1910,18
2021-08-19 08:00:00,1756,120
2021-08-19 09:00:00,1858,20
2021-08-19 10:00:00,1351,107
2021-08-19 11:00:00,2366,21
2021-08-19 12:00:00,1950,91
2021-08-19 13:00:00,1318,12
2021-08-19 14:00:00,3069,110
2021-08-19 15:00:00,2197,90
2021-08-19 16:00:00,1924,74
2021-08-19 17:00:00,1047,11
2021-08-19 18:00:00,3631,99
2021-08-19 19:00:00,1771,19
2021-08-19 20:00:00,453,4
2021-08-19 21:00:00,1254,31
2021-08-19 22:00:00,3679,159
2021-08-19 23:00:00,1206,14
2021-08-20 00:00:00,1017,111
2021-08-20 01:00:00,1200,17
2021-08-20 02:00:00,1018,76
2021-08-20 03:00:00,1067,49
2021-08-20 04:00:00,844,59
2021-08-20 05:00:00,552,10
2021-08-20 06:00:00,2087,77
2021-08-20 07:00:00,2280,17
2021-08-20 08:00:00,2362,106
2021-08-20 09:00:00,2246,82
2021-08-20 10:00:00,1662,87
2021-08-20 11:00:00,2478,21
2021-08-20 12:00:00,2134,114
2021-08-20 13:00:00,1467,23
2021-08-20 14:00:00,1880,41
2021-08-20 15:00:00,2222,22
2021-08-20 16:00:00,3037,125
2021-08-20 17:00:00,2649,20
2021-08-20 18:00:00,2197,76
2021-08-20 19:00:00,2972,51
2021-08-20 20:00:00,1362,17
2021-08-20 21:00:00,1932,55
2021-08-20 22:00:00,3351,129
2021-08-20 23:00:00,1780,28
2021-08-21 00:00:00,808,164
2021-08-21 01:00:00,1403,20
2021-08-21 02:00:00,750,76
2021-08-21 03:00:00,998,63
2021-08-21 04:00:00,879,61
2021-08-21 05:00:00,1027,18
2021-08-21 06:00:00,1181,73
2021-08-21 07:00:00,2075,20
2021-08-21 08:00:00,1778,92
2021-08-21 09:00:00,1893,76
2021-08-21 10:00:00,1307,48
2021-08-21 11:00:00,2308,18
2021-08-21 12:00:00,1002,78
2021-08-21 13:00:00,2580,24
2021-08-21 14:00:00,1514,103
2021-08-21 15:00:00,2592,49
2021-08-21 16:00:00,1361,74
2021-08-21 17:00:00,2487,19
2021-08-21 18:00:00,1558,83
2021-08-21 19:00:00,2198,19
2021-08-21 20:00:00,1636,105
2021-08-21 21:00:00,1177,15
2021-08-21 22:00:00,1112,84
2021-08-21 23:00:00,882,16
2021-08-22 00:00:00,883,58
2021-08-22 01:00:00,690,17
2021-08-22 02:00:00,564,60
2021-08-22 03:00:00,725,14
2021-08-22 04:00:00,526,70
2021-08-22 05:00:00,999,15
2021-08-22 06:00:00,1118,64
2021-08-22 07:00:00,1393,17
2021-08-22 08:00:00,1259,69
2021-08-22 09:00:00,833,10
2021-08-22 10:00:00,2111,77
2021-08-22 11:00:00,1397,16
2021-08-22 12:00:00,1730,94
2021-08-22 13:00:00,1212,13
2021-08-22 14:00:00,841,39
2021-08-22 15:00:00,846,5
2021-08-22 16:00:00,2583,12
2021-08-22 17:00:00,1981,102
2021-08-22 18:00:00,1275,94
2021-08-22 19:00:00,1624,21
2021-08-22 20:00:00,1023,67
2021-08-22 21:00:00,1070,14
2021-08-22 22:00:00,1159,67
2021-08-22 23:00:00,974,18
2021-08-23 00:00:00,822,78
2021-08-23 01:00:00,757,16
2021-08-23 02:00:00,716,72
2021-08-23 03:00:00,943,16
2021-08-23 04:00:00,1029,80
2021-08-23 05:00:00,1342,15
2021-08-23 06:00:00,482,8
2021-08-23 07:00:00,2756,95
2021-08-23 08:00:00,2270,122
2021-08-23 09:00:00,2191,52
2021-08-23 10:00:00,1148,81
2021-08-23 11:00:00,2819,22
2021-08-23 12:00:00,2427,112
2021-08-23 13:00:00,2137,18
2021-08-23 14:00:00,2272,24
2021-08-23 15:00:00,2711,186
2021-08-23 16:00:00,2219,78
2021-08-23 17:00:00,2511,16
2021-08-23 18:00:00,2306,110
2021-08-23 19:00:00,1763,18
2021-08-23 20:00:00,1925,96
2021-08-23 21:00:00,1629,21
2021-08-23 22:00:00,1255,104
2021-08-23 23:00:00,977,13
2021-08-24 00:00:00,1301,66
2021-08-24 01:00:00,301,16
2021-08-24 02:00:00,1331,63
2021-08-24 03:00:00,746,14
2021-08-24 04:00:00,738,106
2021-08-24 05:00:00,1213,21
2021-08-24 06:00:00,1503,70
2021-08-24 07:00:00,1558,11
2021-08-24 08:00:00,2166,105
2021-08-24 09:00:00,1381,12
2021-08-24 10:00:00,1368,50
2021-08-24 11:00:00,1352,21
2021-08-24 12:00:00,2386,20
2021-08-24 13:00:00,2961,22
2021-08-24 14:00:00,1120,163
2021-08-24 15:00:00,3117,20
2021-08-24 16:00:00,2585,150
2021-08-24 17:00:00,2770,51
2021-08-24 18:00:00,2129,109
2021-08-24 19:00:00,959,7
2021-08-24 20:00:00,388,15
2021-08-24 21:00:00,2484,31
2021-08-24 22:00:00,2331,160
2021-08-24 23:00:00,1365,20
2021-08-25 00:00:00,954,101
2021-08-25 01:00:00,581,16
2021-08-25 02:00:00,968,50
2021-08-25 03:00:00,789,16
2021-08-25 04:00:00,968,103
2021-08-25 05:00:00,1097,18
2021-08-25 06:00:00,1087,83
2021-08-25 07:00:00,2008,18
2021-08-25 08:00:00,2073,85
2021-08-25 09:00:00,1341,16
2021-08-25 10:00:00,2500,100
2021-08-25 11:00:00,2090,113
2021-08-25 12:00:00,1130,33
2021-08-25 13:00:00,1682,18
2021-08-25 14:00:00,3425,54
2021-08-25 15:00:00,2014,58
2021-08-25 16:00:00,2597,115
2021-08-25 17:00:00,2024,14
2021-08-25 18:00:00,2296,68
2021-08-25 19:00:00,2283,126
2021-08-25 20:00:00,1907,45
2021-08-25 21:00:00,1341,20
2021-08-25 22:00:00,1545,83
2021-08-25 23:00:00,1178,18
2021-08-26 00:00:00,756,95
2021-08-26 01:00:00,1042,17
2021-08-26 02:00:00,764,74
2021-08-26 03:00:00,919,18
2021-08-26 04:00:00,890,81
2021-08-26 05:00:00,1120,16
2021-08-26 06:00:00,1496,85
2021-08-26 07:00:00,1855,90
2021-08-26 08:00:00,1544,40
2021-08-26 09:00:00,2206,20
2021-08-26 10:00:00,1593,103
2021-08-26 11:00:00,1850,16
2021-08-26 12:00:00,1842,106
2021-08-26 13:00:00,2146,19
2021-08-26 14:00:00,1550,19
2021-08-26 15:00:00,2166,102
2021-08-26 16:00:00,2299,98
2021-08-26 17:00:00,2255,63
2021-08-26 18:00:00,2311,86
2021-08-26 19:00:00,1691,19
2021-08-26 20:00:00,2202,96
2021-08-26 21:00:00,1686,19
2021-08-26 22:00:00,1319,91
2021-08-26 23:00:00,853,14
2021-08-27 00:00:00,728,68
2021-08-27 01:00:00,728,13
2021-08-27 02:00:00,1118,87
2021-08-27 03:00:00,751,16
2021-08-27 04:00:00,870,77
2021-08-27 05:00:00,679,11
2021-08-27 06:00:00,1723,80
2021-08-27 07:00:00,1794,58
2021-08-27 08:00:00,1853,44
2021-08-27 09:00:00,1342,16
2021-08-27 10:00:00,2545,20
2021-08-27 11:00:00,1135,15
2021-08-27 12:00:00,2251,163
2021-08-27 13:00:00,2808,23
2021-08-27 14:00:00,1699,43
2021-08-27 15:00:00,3014,24
2021-08-27 16:00:00,2229,19
2021-08-27 17:00:00,1334,198
2021-08-27 18:00:00,979,19
2021-08-27 19:00:00,1890,26
2021-08-27 20:00:00,2092,18
2021-08-27 21:00:00,2617,78
2021-08-27 22:00:00,2635,158
2021-08-27 23:00:00,1380,19
2021-08-28 00:00:00,756,80
2021-08-28 01:00:00,1202,20
2021-08-28 02:00:00,816,77
2021-08-28 03:00:00,756,15
2021-08-28 04:00:00,906,78
2021-08-28 05:00:00,1021,16
2021-08-28 06:00:00,571,18
2021-08-28 07:00:00,2498,80
2021-08-28 08:00:00,1786,78
2021-08-28 09:00:00,1742,16
2021-08-28 10:00:00,1921,91
2021-08-28 11:00:00,1351,13
2021-08-28 12:00:00,1949,59
2021-08-28 13:00:00,1185,16
2021-08-28 14:00:00,405,10
2021-08-28 15:00:00,3747,141
2021-08-28 16:00:00,1749,105
2021-08-28 17:00:00,1698,17
2021-08-28 18:00:00,1662,88
2021-08-28 19:00:00,1381,16
2021-08-28 20:00:00,1564,77
2021-08-28 21:00:00,1227,15
2021-08-28 22:00:00,1079,17
2021-08-28 23:00:00,844,17
2021-08-29 00:00:00,659,14
2021-08-29 01:00:00,884,18
2021-08-29 02:00:00,669,16
2021-08-29 03:00:00,503,12
2021-08-29 04:00:00,701,19
2021-08-29 05:00:00,773,16
2021-08-29 06:00:00,624,11
2021-08-29 07:00:00,960,20
2021-08-29 08:00:00,1773,142
2021-08-29 09:00:00,1140,13
2021-08-29 10:00:00,1252,75
2021-08-29 11:00:00,1226,15
2021-08-29 12:00:00,1498,75
2021-08-29 13:00:00,1807,68
2021-08-29 14:00:00,1484,74
2021-08-29 15:00:00,498,12
2021-08-29 16:00:00,2490,60
2021-08-29 17:00:00,1375,15
2021-08-29 18:00:00,1594,101
2021-08-29 19:00:00,1010,12
2021-08-29 20:00:00,1554,60
2021-08-29 21:00:00,1194,18
2021-08-29 22:00:00,812,72
2021-08-29 23:00:00,1155,23
2021-08-30 00:00:00,817,64
2021-08-30 01:00:00,863,19
2021-08-30 02:00:00,620,69
2021-08-30 03:00:00,743,54
2021-08-30 04:00:00,758,49
2021-08-30 05:00:00,901,17
2021-08-30 06:00:00,1171,79
2021-08-30 07:00:00,1402,20
2021-08-30 08:00:00,1413,44
2021-08-30 09:00:00,1626,51
2021-08-30 10:00:00,2341,43
2021-08-30 11:00:00,1582,60
2021-08-30 12:00:00,2043,27
2021-08-30 13:00:00,1858,118
2021-08-30 14:00:00,2186,134
2021-08-30 15:00:00,1732,16
2021-08-30 16:00:00,1881,24
2021-08-30 17:00:00,1558,11
2021-08-30 18:00:00,2228,24
2021-08-30 19:00:00,2636,24
2021-08-30 20:00:00,1940,106
2021-08-30 21:00:00,1564,16
2021-08-30 22:00:00,725,18
2021-08-30 23:00:00,2078,99
2021-08-31 00:00:00,1070,217
2021-08-31 01:00:00,963,45
2021-08-31 02:00:00,942,92
2021-08-31 03:00:00,728,61
2021-08-31 04:00:00,755,50
2021-08-31 05:00:00,413,15
2021-08-31 06:00:00,2316,53
2021-08-31 07:00:00,1865,17
2021-08-31 08:00:00,1299,109
2021-08-31 09:00:00,2428,20
2021-08-31 10:00:00,1204,104
2021-08-31 11:00:00,2675,81
2021-08-31 12:00:00,1777,53
2021-08-31 13:00:00,2681,20
2021-08-31 14:00:00,1454,21
2021-08-31 15:00:00,1950,19
2021-08-31 16:00:00,1740,70
2021-08-31 17:00:00,1900,43
2021-08-31 18:00:00,1547,62
2021-08-31 19:00:00,2441,31
2021-08-31 20:00:00,1208,62
2021-08-31 21:00:00,4226,99
2021-08-31 22:00:00,2685,103
2021-08-31 23:00:00,638,6
2021-09-01 00:00:00,1627,103
2021-09-01 01:00:00,1085,121
2021-09-01 02:00:00,1085,103
2021-09-01 03:00:00,855,15
2021-09-01 04:00:00,697,98
2021-09-01 05:00:00,1174,15
2021-09-01 06:00:00,1419,77
2021-09-01 07:00:00,2011,18
2021-09-01 08:00:00,1871,101
2021-09-01 09:00:00,2002,20
2021-09-01 10:00:00,2610,17
2021-09-01 11:00:00,1644,42
2021-09-01 12:00:00,500,25
2021-09-01 13:00:00,1289,22
2021-09-01 14:00:00,2303,94
2021-09-01 15:00:00,2001,25
2021-09-01 16:00:00,1827,46
2021-09-01 17:00:00,2947,74
2021-09-01 18:00:00,2975,174
2021-09-01 19:00:00,2240,19
2021-09-01 20:00:00,2605,127
2021-09-01 21:00:00,3036,21
2021-09-01 22:00:00,1928,213
2021-09-01 23:00:00,1925,76
2021-09-02 00:00:00,1161,112
2021-09-02 01:00:00,1596,17
2021-09-02 02:00:00,715,79
2021-09-02 03:00:00,1515,83
2021-09-02 04:00:00,1114,76
2021-09-02 05:00:00,883,14
2021-09-02 06:00:00,1569,97
2021-09-02 07:00:00,2999,19
2021-09-02 08:00:00,2382,169
2021-09-02 09:00:00,1852,17
2021-09-02 10:00:00,2520,96
2021-09-02 11:00:00,1283,13
2021-09-02 12:00:00,3304,140
2021-09-02 13:00:00,2826,69
2021-09-02 14:00:00,1425,97
2021-09-02 15:00:00,2197,24
2021-09-02 16:00:00,2730,117
2021-09-02 17:00:00,2407,18
2021-09-02 18:00:00,1902,115
2021-09-02 19:00:00,930,17
2021-09-02 20:00:00,2514,79
2021-09-02 21:00:00,1414,14
2021-09-02 22:00:00,3331,112
2021-09-02 23:00:00,1529,15
2021-09-03 00:00:00,708,103
2021-09-03 01:00:00,1489,22
2021-09-03 02:00:00,778,84
2021-09-03 03:00:00,653,12
2021-09-03 04:00:00,1527,132
2021-09-03 05:00:00,942,19
2021-09-03 06:00:00,1685,48
2021-09-03 07:00:00,1569,14
2021-09-03 08:00:00,2521,161
2021-09-03 09:00:00,1695,11
2021-09-03 10:00:00,2907,109
2021-09-03 11:00:00,1843,15
2021-09-03 12:00:00,2646,179
2021-09-03 13:00:00,2347,16
2021-09-03 14:00:00,1787,100
2021-09-03 15:00:00,2644,68
2021-09-03 16:00:00,2612,110
2021-09-03 17:00:00,2561,33
2021-09-03 18:00:00,3705,127
2021-09-03 19:00:00,1713,16
2021-09-03 20:00:00,506,7
2021-09-03 21:00:00,3830,119
2021-09-03 22:00:00,1268,100
2021-09-03 23:00:00,1709,24
2021-09-04 00:00:00,1384,82
2021-09-04 01:00:00,972,17
2021-09-04 02:00:00,902,95
2021-09-04 03:00:00,1020,19
2021-09-04 04:00:00,861,80
2021-09-04 05:00:00,1098,17
2021-09-04 06:00:00,1294,72
2021-09-04 07:00:00,2133,20
2021-09-04 08:00:00,1899,99
2021-09-04 09:00:00,1746,16
2021-09-04 10:00:00,2017,88
2021-09-04 11:00:00,1664,16
2021-09-04 12:00:00,1908,93
2021-09-04 13:00:00,1845,17
2021-09-04 14:00:00,1397,96
2021-09-04 15:00:00,2432,53
2021-09-04 16:00:00,1518,85
2021-09-04 17:00:00,2427,18
2021-09-04 18:00:00,874,85
2021-09-04 19:00:00,2605,26
2021-09-04 20:00:00,1592,71
2021-09-04 21:00:00,1332,14
2021-09-04 22:00:00,1286,84
2021-09-04 23:00:00,704,12
2021-09-05 00:00:00,876,72
2021-09-05 01:00:00,788,18
2021-09-05 02:00:00,736,69
2021-09-05 03:00:00,585,14
2021-09-05 04:00:00,738,75
2021-09-05 05:00:00,680,20
2021-09-05 06:00:00,458,55
2021-09-05 07:00:00,1877,23
2021-09-05 08:00:00,1413,82
2021-09-05 09:00:00,1566,18
2021-09-05 10:00:00,1478,79
2021-09-05 11:00:00,1140,13
2021-09-05 12:00:00,1899,97
2021-09-05 13:00:00,654,53
2021-09-05 14:00:00,1558,28
2021-09-05 15:00:00,2777,41
2021-09-05 16:00:00,1280,81
2021-09-05 17:00:00,1030,35
2021-09-05 18:00:00,2578,75
2021-09-05 19:00:00,952,19
2021-09-05 20:00:00,2107,91
2021-09-05 21:00:00,1655,18
2021-09-05 22:00:00,1305,116
2021-09-05 23:00:00,1005,16
2021-09-06 00:00:00,943,89
2021-09-06 01:00:00,832,17
2021-09-06 02:00:00,541,79
2021-09-06 03:00:00,827,59
2021-09-06 04:00:00,997,30
2021-09-06 05:00:00,775,14
2021-09-06 06:00:00,949,71
2021-09-06 07:00:00,2769,25
2021-09-06 08:00:00,1343,105
2021-09-06 09:00:00,2566,133
2021-09-06 10:00:00,1827,39
2021-09-06 11:00:00,2304,18
2021-09-06 12:00:00,964,12
2021-09-06 13:00:00,1705,21
2021-09-06 14:00:00,928,18
2021-09-06 15:00:00,4502,51
2021-09-06 16:00:00,2023,116
2021-09-06 17:00:00,2511,62
2021-09-06 18:00:00,1559,174
2021-09-06 19:00:00,3094,56
2021-09-06 20:00:00,974,88
2021-09-06 21:00:00,2329,28
2021-09-06 22:00:00,1109,80
2021-09-06 23:00:00,1537,22
2021-09-07 00:00:00,950,86
2021-09-07 01:00:00,975,17
2021-09-07 02:00:00,838,86
2021-09-07 03:00:00,714,18
2021-09-07 04:00:00,576,15
2021-09-07 05:00:00,1794,79
2021-09-07 06:00:00,1519,14
2021-09-07 07:00:00,2259,118
2021-09-07 08:00:00,1259,16
2021-09-07 09:00:00,2922,65
2021-09-07 10:00:00,1986,123
2021-09-07 11:00:00,1830,15
2021-09-07 12:00:00,1987,35
2021-09-07 13:00:00,2604,146
2021-09-07 14:00:00,2480,118
2021-09-07 15:00:00,2820,24
2021-09-07 16:00:00,2065,20
2021-09-07 17:00:00,567,7
2021-09-07 18:00:00,4027,48
2021-09-07 19:00:00,2554,36
2021-09-07 20:00:00,2627,235
2021-09-07 21:00:00,1485,19
2021-09-07 22:00:00,2411,114
2021-09-07 23:00:00,2062,222
2021-09-08 00:00:00,1621,116
2021-09-08 01:00:00,640,10
2021-09-08 02:00:00,913,79
2021-09-08 03:00:00,1207,22
2021-09-08 04:00:00,1175,121
2021-09-08 05:00:00,1147,16
2021-09-08 06:00:00,1513,93
2021-09-08 07:00:00,1373,8
2021-09-08 08:00:00,1189,74
2021-09-08 09:00:00,2876,54
2021-09-08 10:00:00,1357,129
2021-09-08 11:00:00,1057,17
2021-09-08 12:00:00,1932,24
2021-09-08 13:00:00,1153,17
2021-09-08 14:00:00,2238,25
2021-09-08 15:00:00,3105,268
2021-09-08 16:00:00,2748,49
2021-09-08 17:00:00,3526,16
2021-09-08 18:00:00,2395,112
2021-09-08 19:00:00,2370,21
2021-09-08 20:00:00,1521,107
2021-09-08 21:00:00,2236,22
2021-09-08 22:00:00,1287,98
2021-09-08 23:00:00,1256,17
2021-09-09 00:00:00,1269,91
2021-09-09 01:00:00,1379,17
2021-09-09 02:00:00,615,90
2021-09-09 03:00:00,966,17
2021-09-09 04:00:00,373,15
2021-09-09 05:00:00,2125,86
2021-09-09 06:00:00,1248,95
2021-09-09 07:00:00,2013,16
2021-09-09 08:00:00,2079,138
2021-09-09 09:00:00,2152,17
2021-09-09 10:00:00,1695,115
2021-09-09 11:00:00,2234,95
2021-09-09 12:00:00,1866,40
2021-09-09 13:00:00,871,19
2021-09-09 14:00:00,2383,43
2021-09-09 15:00:00,2197,72
2021-09-09 16:00:00,1455,15
2021-09-09 17:00:00,2147,17
2021-09-09 18:00:00,2713,167
2021-09-09 19:00:00,2236,58
2021-09-09 20:00:00,2827,112
2021-09-09 21:00:00,2388,18
2021-09-09 22:00:00,1597,15
2021-09-09 23:00:00,1120,22
2021-09-10 00:00:00,1086,13
2021-09-10 01:00:00,1211,22
2021-09-10 02:00:00,977,18
2021-09-10 03:00:00,766,143
2021-09-10 04:00:00,733,37
2021-09-10 05:00:00,1119,17
2021-09-10 06:00:00,1398,75
2021-09-10 07:00:00,1632,15
2021-09-10 08:00:00,1606,95
2021-09-10 09:00:00,2223,68
2021-09-10 10:00:00,1991,88
2021-09-10 11:00:00,854,11
2021-09-10 12:00:00,1505,34
2021-09-10 13:00:00,3262,91
2021-09-10 14:00:00,1962,62
2021-09-10 15:00:00,2719,92
2021-09-10 16:00:00,2163,142
2021-09-10 17:00:00,1781,19
2021-09-10 18:00:00,3244,101
2021-09-10 19:00:00,2428,21
2021-09-10 20:00:00,419,8
2021-09-10 21:00:00,2358,74
2021-09-10 22:00:00,1979,131
2021-09-10 23:00:00,353,5
2021-09-11 00:00:00,1410,32
2021-09-11 01:00:00,1490,74
2021-09-11 02:00:00,870,96
2021-09-11 03:00:00,793,18
2021-09-11 04:00:00,578,77
2021-09-11 05:00:00,987,17
2021-09-11 06:00:00,1077,105
2021-09-11 07:00:00,1548,22
2021-09-11 08:00:00,480,18
2021-09-11 09:00:00,2811,53
2021-09-11 10:00:00,2016,96
2021-09-11 11:00:00,1308,13
2021-09-11 12:00:00,1124,91
2021-09-11 13:00:00,1420,12
2021-09-11 14:00:00,1457,90
2021-09-11 15:00:00,3125,59
2021-09-11 16:00:00,1843,87
2021-09-11 17:00:00,1670,17
2021-09-11 18:00:00,1636,95
2021-09-11 19:00:00,1732,16
2021-09-11 20:00:00,1212,74
2021-09-11 21:00:00,1307,17
2021-09-11 22:00:00,1019,81
2021-09-11 23:00:00,877,14
2021-09-12 00:00:00,872,65
2021-09-12 01:00:00,703,16
2021-09-12 02:00:00,552,73
2021-09-12 03:00:00,636,60
2021-09-12 04:00:00,552,25
2021-09-12 05:00:00,602,13
2021-09-12 06:00:00,1368,59
2021-09-12 07:00:00,1138,14
2021-09-12 08:00:00,1242,80
2021-09-12 09:00:00,1118,13
2021-09-12 10:00:00,1551,81
2021-09-12 11:00:00,1345,16
2021-09-12 12:00:00,1513,78
2021-09-12 13:00:00,1349,14
2021-09-12 14:00:00,1253,74
2021-09-12 15:00:00,1064,27
2021-09-12 16:00:00,2019,79
2021-09-12 17:00:00,1931,21
2021-09-12 18:00:00,764,83
2021-09-12 19:00:00,2063,24
2021-09-12 20:00:00,1095,76
2021-09-12 21:00:00,800,10
2021-09-12 22:00:00,641,14
2021-09-12 23:00:00,1706,69
2021-09-13 00:00:00,891,72
2021-09-13 01:00:00,651,15
2021-09-13 02:00:00,837,19
2021-09-13 03:00:00,683,14
2021-09-13 04:00:00,615,87
2021-09-13 05:00:00,872,19
2021-09-13 06:00:00,1494,91
2021-09-13 07:00:00,1546,17
2021-09-13 08:00:00,1569,105
2021-09-13 09:00:00,1075,11
2021-09-13 10:00:00,400,27
2021-09-13 11:00:00,2530,15
2021-09-13 12:00:00,600,36
2021-09-13 13:00:00,2546,60
2021-09-13 14:00:00,3456,46
2021-09-13 15:00:00,1725,153
2021-09-13 16:00:00,2291,26
2021-09-13 17:00:00,2077,17
2021-09-13 18:00:00,2204,198
2021-09-13 19:00:00,1496,16
2021-09-13 20:00:00,1710,91
2021-09-13 21:00:00,2691,61
2021-09-13 22:00:00,1283,114
2021-09-13 23:00:00,1142,18
2021-09-14 00:00:00,689,77
2021-09-14 01:00:00,944,22
2021-09-14 02:00:00,497,87
2021-09-14 03:00:00,969,20
2021-09-14 04:00:00,780,74
2021-09-14 05:00:00,1011,16
2021-09-14 06:00:00,1419,77
2021-09-14 07:00:00,1640,17
2021-09-14 08:00:00,1515,93
2021-09-14 09:00:00,1632,12
2021-09-14 10:00:00,2494,100
2021-09-14 11:00:00,1906,16
2021-09-14 12:00:00,936,108
2021-09-14 13:00:00,0,0
2021-09-14 14:00:00,4042,46
2021-09-14 15:00:00,2231,15
2021-09-14 16:00:00,1527,144
2021-09-14 17:00:00,4044,41
2021-09-14 18:00:00,1728,22
2021-09-14 19:00:00,2459,112
2021-09-14 20:00:00,730,16
2021-09-14 21:00:00,1870,74
2021-09-14 22:00:00,2523,111
2021-09-14 23:00:00,1402,18
2021-09-15 00:00:00,1057,96
2021-09-15 01:00:00,1062,16
2021-09-15 02:00:00,541,82
2021-09-15 03:00:00,1097,19
2021-09-15 04:00:00,994,76
2021-09-15 05:00:00,1125,18
2021-09-15 06:00:00,1016,68
2021-09-15 07:00:00,1859,19
2021-09-15 08:00:00,1726,102
2021-09-15 09:00:00,1922,12
2021-09-15 10:00:00,1077,25
2021-09-15 11:00:00,1832,55
2021-09-15 12:00:00,3440,158
2021-09-15 13:00:00,1865,18
2021-09-15 14:00:00,2713,110
2021-09-15 15:00:00,1127,11
2021-09-15 16:00:00,1847,28
2021-09-15 17:00:00,2044,12
2021-09-15 18:00:00,3255,111
2021-09-15 19:00:00,2304,98
2021-09-15 20:00:00,2323,118
2021-09-15 21:00:00,1344,15
2021-09-15 22:00:00,1549,87
2021-09-15 23:00:00,996,26
2021-09-16 00:00:00,1470,93
2021-09-16 01:00:00,1210,15
2021-09-16 02:00:00,451,64
2021-09-16 03:00:00,888,81
2021-09-16 04:00:00,1128,43
2021-09-16 05:00:00,706,10
2021-09-16 06:00:00,1176,92
2021-09-16 07:00:00,1804,16
2021-09-16 08:00:00,2276,95
2021-09-16 09:00:00,1253,18
2021-09-16 10:00:00,3174,142
2021-09-16 11:00:00,1603,13
2021-09-16 12:00:00,2179,90
2021-09-16 13:00:00,1453,12
2021-09-16 14:00:00,2127,104
2021-09-16 15:00:00,2161,16
2021-09-16 16:00:00,2020,75
2021-09-16 17:00:00,1417,51
2021-09-16 18:00:00,1896,51
2021-09-16 19:00:00,2624,32
2021-09-16 20:00:00,1679,154
2021-09-16 21:00:00,3282,27
2021-09-16 22:00:00,1453,91
2021-09-16 23:00:00,1274,19
2021-09-17 00:00:00,890,83
2021-09-17 01:00:00,894,15
2021-09-17 02:00:00,552,68
2021-09-17 03:00:00,988,66
2021-09-17 04:00:00,597,30
2021-09-17 05:00:00,695,14
2021-09-17 06:00:00,2375,87
2021-09-17 07:00:00,1490,74
2021-09-17 08:00:00,1883,41
2021-09-17 09:00:00,2161,18
2021-09-17 10:00:00,1163,141
2021-09-17 11:00:00,2172,21
2021-09-17 12:00:00,1681,110
2021-09-17 13:00:00,2965,19
2021-09-17 14:00:00,1099,63
2021-09-17 15:00:00,1635,21
2021-09-17 16:00:00,3220,203
2021-09-17 17:00:00,2712,21
2021-09-17 18:00:00,1856,79
2021-09-17 19:00:00,2207,21
2021-09-17 20:00:00,904,98
2021-09-17 21:00:00,1675,27
2021-09-17 22:00:00,1980,81
2021-09-17 23:00:00,1396,19
2021-09-18 00:00:00,910,78
2021-09-18 01:00:00,745,15
2021-09-18 02:00:00,949,74
2021-09-18 03:00:00,588,12
2021-09-18 04:00:00,882,79
2021-09-18 05:00:00,1155,61
2021-09-18 06:00:00,1576,55
2021-09-18 07:00:00,534,9
2021-09-18 08:00:00,2153,98
2021-09-18 09:00:00,2569,18
2021-09-18 10:00:00,1374,108
2021-09-18 11:00:00,1608,62
2021-09-18 12:00:00,1998,43
2021-09-18 13:00:00,1911,18
2021-09-18 14:00:00,1403,93
2021-09-18 15:00:00,1623,15
2021-09-18 16:00:00,1736,79
2021-09-18 17:00:00,1817,14
2021-09-18 18:00:00,1550,98
2021-09-18 19:00:00,1942,20
2021-09-18 20:00:00,1010,80
2021-09-18 21:00:00,1547,20
2021-09-18 22:00:00,1132,78
2021-09-18 23:00:00,675,11
2021-09-19 00:00:00,907,47
2021-09-19 01:00:00,622,16
2021-09-19 02:00:00,505,61
2021-09-19 03:00:00,597,14
2021-09-19 04:00:00,625,76
2021-09-19 05:00:00,762,40
2021-09-19 06:00:00,732,26
2021-09-19 07:00:00,1397,20
2021-09-19 08:00:00,1309,79
2021-09-19 09:00:00,1271,16
2021-09-19 10:00:00,1014,82
2021-09-19 11:00:00,1661,20
2021-09-19 12:00:00,1215,75
2021-09-19 13:00:00,1383,16
2021-09-19 14:00:00,1454,90
2021-09-19 15:00:00,1456,62
2021-09-19 16:00:00,1334,46
2021-09-19 17:00:00,1436,17
2021-09-19 18:00:00,1519,90
2021-09-19 19:00:00,1399,18
2021-09-19 20:00:00,1187,74
2021-09-19 21:00:00,367,13
2021-09-19 22:00:00,1576,19
2021-09-19 23:00:00,924,56
2021-09-20 00:00:00,833,85
2021-09-20 01:00:00,631,16
2021-09-20 02:00:00,573,85
2021-09-20 03:00:00,897,18
2021-09-20 04:00:00,598,81
2021-09-20 05:00:00,974,17
2021-09-20 06:00:00,1084,78
2021-09-20 07:00:00,1857,73
2021-09-20 08:00:00,1752,17
2021-09-20 09:00:00,1844,82
2021-09-20 10:00:00,1505,119
2021-09-20 11:00:00,1137,11
2021-09-20 12:00:00,1733,18
2021-09-20 13:00:00,3671,78
2021-09-20 14:00:00,1096,16
2021-09-20 15:00:00,3268,256
2021-09-20 16:00:00,1189,111
2021-09-20 17:00:00,1750,24
2021-09-20 18:00:00,2868,93
2021-09-20 19:00:00,1807,22
2021-09-20 20:00:00,1655,120
2021-09-20 21:00:00,1633,18
2021-09-20 22:00:00,1270,71
2021-09-20 23:00:00,1245,34
2021-09-21 00:00:00,900,68
2021-09-21 01:00:00,1326,117
2021-09-21 02:00:00,741,46
2021-09-21 03:00:00,665,13
2021-09-21 04:00:00,1256,87
2021-09-21 05:00:00,0,0
2021-09-21 06:00:00,1288,32
2021-09-21 07:00:00,1704,20
2021-09-21 08:00:00,2435,144
2021-09-21 09:00:00,1418,77
2021-09-21 10:00:00,1726,91
2021-09-21 11:00:00,2221,86
2021-09-21 12:00:00,1062,18
2021-09-21 13:00:00,2078,76
2021-09-21 14:00:00,2045,108
2021-09-21 15:00:00,1345,41
2021-09-21 16:00:00,2209,107
2021-09-21 17:00:00,1104,21
2021-09-21 18:00:00,380,7
2021-09-21 19:00:00,1633,28
2021-09-21 20:00:00,1098,43
2021-09-21 21:00:00,2368,65
2021-09-21 22:00:00,1119,119
2021-09-21 23:00:00,1801,29
2021-09-22 00:00:00,2319,109
2021-09-22 01:00:00,1606,91
2021-09-22 02:00:00,621,110
2021-09-22 03:00:00,975,20
2021-09-22 04:00:00,775,85
2021-09-22 05:00:00,735,13
2021-09-22 06:00:00,1648,88
2021-09-22 07:00:00,1240,13
2021-09-22 08:00:00,1403,107
2021-09-22 09:00:00,2007,16
2021-09-22 10:00:00,871,107
2021-09-22 11:00:00,2317,23
2021-09-22 12:00:00,1602,98
2021-09-22 13:00:00,1247,19
2021-09-22 14:00:00,1757,90
2021-09-22 15:00:00,2111,17
2021-09-22 16:00:00,2458,116
2021-09-22 17:00:00,2032,13
2021-09-22 18:00:00,1386,114
2021-09-22 19:00:00,1402,23
2021-09-22 20:00:00,2257,83
2021-09-22 21:00:00,2338,17
2021-09-22 22:00:00,1454,116
2021-09-22 23:00:00,703,13
2021-09-23 00:00:00,908,67
2021-09-23 01:00:00,974,20
2021-09-23 02:00:00,971,87
2021-09-23 03:00:00,669,14
2021-09-23 04:00:00,1071,93
2021-09-23 05:00:00,1025,15
2021-09-23 06:00:00,1588,79
2021-09-23 07:00:00,1598,14
2021-09-23 08:00:00,1577,95
2021-09-23 09:00:00,2011,58
2021-09-23 10:00:00,1767,83
2021-09-23 11:00:00,1554,111
2021-09-23 12:00:00,1647,34
2021-09-23 13:00:00,2170,18
2021-09-23 14:00:00,1725,101
2021-09-23 15:00:00,1571,14
2021-09-23 16:00:00,2712,126
2021-09-23 17:00:00,1397,13
2021-09-23 18:00:00,2382,116
2021-09-23 19:00:00,456,7
2021-09-23 20:00:00,2061,55
2021-09-23 21:00:00,2572,60
2021-09-23 22:00:00,1708,113
2021-09-23 23:00:00,327,5
2021-09-24 00:00:00,1474,61
2021-09-24 01:00:00,1080,22
2021-09-24 02:00:00,721,85
2021-09-24 03:00:00,827,15
2021-09-24 04:00:00,806,101
2021-09-24 05:00:00,1052,16
2021-09-24 06:00:00,1475,79
2021-09-24 07:00:00,1706,16
2021-09-24 08:00:00,1112,93
2021-09-24 09:00:00,2728,22
2021-09-24 10:00:00,1694,62
2021-09-24 11:00:00,2265,72
2021-09-24 12:00:00,1795,130
2021-09-24 13:00:00,1987,18
2021-09-24 14:00:00,1558,101
2021-09-24 15:00:00,1344,71
2021-09-24 16:00:00,2682,109
2021-09-24 17:00:00,2439,16
2021-09-24 18:00:00,1891,115
2021-09-24 19:00:00,1598,15
2021-09-24 20:00:00,1381,90
2021-09-24 21:00:00,2407,20
2021-09-24 22:00:00,1443,99
2021-09-24 23:00:00,1192,17
2021-09-25 00:00:00,550,61
2021-09-25 01:00:00,1121,37
2021-09-25 02:00:00,825,70
2021-09-25 03:00:00,792,17
2021-09-25 04:00:00,722,87
2021-09-25 05:00:00,910,16
2021-09-25 06:00:00,1456,76
2021-09-25 07:00:00,1172,16
2021-09-25 08:00:00,1103,74
2021-09-25 09:00:00,2363,16
2021-09-25 10:00:00,1330,102
2021-09-25 11:00:00,1216,13
2021-09-25 12:00:00,1233,69
2021-09-25 13:00:00,2021,22
2021-09-25 14:00:00,1461,92
2021-09-25 15:00:00,1784,61
2021-09-25 16:00:00,1504,63
2021-09-25 17:00:00,1628,17
2021-09-25 18:00:00,1936,89
2021-09-25 19:00:00,1411,13
2021-09-25 20:00:00,948,90
2021-09-25 21:00:00,964,13
2021-09-25 22:00:00,1220,70
2021-09-25 23:00:00,761,17
2021-09-26 00:00:00,748,64
2021-09-26 01:00:00,581,16
2021-09-26 02:00:00,504,67
2021-09-26 03:00:00,601,17
2021-09-26 04:00:00,373,11
2021-09-26 05:00:00,873,103
2021-09-26 06:00:00,1008,43
2021-09-26 07:00:00,972,14
2021-09-26 08:00:00,1384,88
2021-09-26 09:00:00,903,13
2021-09-26 10:00:00,1712,127
2021-09-26 11:00:00,1407,16
2021-09-26 12:00:00,746,49
2021-09-26 13:00:00,2011,74
2021-09-26 14:00:00,774,16
2021-09-26 15:00:00,2140,112
2021-09-26 16:00:00,1383,93
2021-09-26 17:00:00,1412,18
2021-09-26 18:00:00,1209,75
2021-09-26 19:00:00,1419,19
2021-09-26 20:00:00,1047,77
2021-09-26 21:00:00,1197,18
2021-09-26 22:00:00,999,68
2021-09-26 23:00:00,798,16
2021-09-27 00:00:00,753,72
2021-09-27 01:00:00,465,46
2021-09-27 02:00:00,763,55
2021-09-27 03:00:00,710,18
2021-09-27 04:00:00,712,93
2021-09-27 05:00:00,765,13
2021-09-27 06:00:00,930,78
2021-09-27 07:00:00,1776,20
2021-09-27 08:00:00,1794,81
2021-09-27 09:00:00,1878,21
2021-09-27 10:00:00,1785,117
2021-09-27 11:00:00,1840,18
2021-09-27 12:00:00,1678,105
2021-09-27 13:00:00,1710,80
2021-09-27 14:00:00,1252,53
2021-09-27 15:00:00,2522,23
2021-09-27 16:00:00,1719,21
2021-09-27 17:00:00,2144,102
2021-09-27 18:00:00,1846,52
2021-09-27 19:00:00,1132,64
2021-09-27 20:00:00,2220,95
2021-09-27 21:00:00,1373,15
2021-09-27 22:00:00,1084,100
2021-09-27 23:00:00,1067,19
2021-09-28 00:00:00,834,65
2021-09-28 01:00:00,699,16
2021-09-28 02:00:00,491,64
2021-09-28 03:00:00,915,93
2021-09-28 04:00:00,606,27
2021-09-28 05:00:00,1026,18
2021-09-28 06:00:00,1150,81
2021-09-28 07:00:00,1727,18
2021-09-28 08:00:00,1714,97
2021-09-28 09:00:00,1614,17
2021-09-28 10:00:00,1550,112
2021-09-28 11:00:00,1252,16
2021-09-28 12:00:00,1430,11
2021-09-28 13:00:00,2342,101
2021-09-28 14:00:00,2109,144
2021-09-28 15:00:00,1832,18
2021-09-28 16:00:00,1705,94
2021-09-28 17:00:00,1209,19
2021-09-28 18:00:00,1232,18
2021-09-28 19:00:00,1518,20
2021-09-28 20:00:00,1240,100
2021-09-28 21:00:00,1876,25
2021-09-28 22:00:00,478,43
2021-09-28 23:00:00,2498,56
2021-09-29 00:00:00,572,88
2021-09-29 01:00:00,884,44
2021-09-29 02:00:00,795,128
2021-09-29 03:00:00,697,57
2021-09-29 04:00:00,869,60
2021-09-29 05:00:00,887,14
2021-09-29 06:00:00,1482,90
2021-09-29 07:00:00,1359,0
2021-09-29 08:00:00,1308,72
2021-09-29 09:00:00,1523,0
2021-09-29 10:00:00,1414,82
2021-09-29 11:00:00,1712,63
2021-09-29 12:00:00,792,13
2021-09-29 13:00:00,2137,30
2021-09-29 14:00:00,1427,74
2021-09-29 15:00:00,724,13
2021-09-29 16:00:00,3445,150
2021-09-29 17:00:00,1472,18
2021-09-29 18:00:00,1552,122
2021-09-29 19:00:00,1968,23
2021-09-29 20:00:00,2227,131
2021-09-29 21:00:00,1910,19
2021-09-29 22:00:00,0,0
2021-09-29 23:00:00,1027,35
2021-09-30 00:00:00,1957,129
2021-09-30 01:00:00,944,17
2021-09-30 02:00:00,274,7
2021-09-30 03:00:00,1177,121
2021-09-30 04:00:00,1096,92
2021-09-30 05:00:00,819,12
2021-09-30 06:00:00,2121,94
2021-09-30 07:00:00,1705,15
2021-09-30 08:00:00,1862,109
2021-09-30 09:00:00,1888,80
2021-09-30 10:00:00,1765,118
2021-09-30 11:00:00,1941,17
2021-09-30 12:00:00,1206,66
2021-09-30 13:00:00,1874,59
2021-09-30 14:00:00,2458,81
2021-09-30 15:00:00,2553,91
2021-09-30 16:00:00,1779,86
2021-09-30 17:00:00,2402,28
2021-09-30 18:00:00,1116,111
2021-09-30 19:00:00,2678,26
2021-09-30 20:00:00,1608,98
2021-09-30 21:00:00,1222,18
2021-09-30 22:00:00,1470,80
2021-09-30 23:00:00,1085,10
2021-10-01 00:00:00,939,87
2021-10-01 01:00:00,850,16
2021-10-01 02:00:00,695,76
2021-10-01 03:00:00,694,16
2021-10-01 04:00:00,775,111
2021-10-01 05:00:00,761,13
2021-10-01 06:00:00,1671,71
2021-10-01 07:00:00,1848,19
2021-10-01 08:00:00,1279,41
2021-10-01 09:00:00,1041,13
2021-10-01 10:00:00,3424,169
2021-10-01 11:00:00,428,17
2021-10-01 12:00:00,3018,19
2021-10-01 13:00:00,4090,26
2021-10-01 14:00:00,414,7
2021-10-01 15:00:00,2867,26
2021-10-01 16:00:00,3131,103
2021-10-01 17:00:00,1571,67
2021-10-01 18:00:00,2694,75
2021-10-01 19:00:00,2540,139
2021-10-01 20:00:00,1900,112
2021-10-01 21:00:00,2291,18
2021-10-01 22:00:00,1602,108
2021-10-01 23:00:00,902,16
2021-10-02 00:00:00,2452,190
2021-10-02 01:00:00,1652,34
2021-10-02 02:00:00,823,108
2021-10-02 03:00:00,1008,17
2021-10-02 04:00:00,826,80
2021-10-02 05:00:00,678,68
2021-10-02 06:00:00,1709,30
2021-10-02 07:00:00,1841,19
2021-10-02 08:00:00,1814,100
2021-10-02 09:00:00,1286,12
2021-10-02 10:00:00,1123,79
2021-10-02 11:00:00,2864,28
2021-10-02 12:00:00,1685,98
2021-10-02 13:00:00,1698,15
2021-10-02 14:00:00,1797,90
2021-10-02 15:00:00,1957,89
2021-10-02 16:00:00,1730,42
2021-10-02 17:00:00,1781,18
2021-10-02 18:00:00,1537,84
2021-10-02 19:00:00,910,7
2021-10-02 20:00:00,2378,88
2021-10-02 21:00:00,1338,18
2021-10-02 22:00:00,1378,83
2021-10-02 23:00:00,546,9
2021-10-03 00:00:00,1218,80
2021-10-03 01:00:00,755,17
2021-10-03 02:00:00,582,73
2021-10-03 03:00:00,566,13
2021-10-03 04:00:00,682,83
2021-10-03 05:00:00,679,13
2021-10-03 06:00:00,672,19
2021-10-03 07:00:00,1798,58
2021-10-03 08:00:00,1232,96
2021-10-03 09:00:00,777,11
2021-10-03 10:00:00,2113,70
2021-10-03 11:00:00,1405,16
2021-10-03 12:00:00,818,94
2021-10-03 13:00:00,1564,21
2021-10-03 14:00:00,2018,83
2021-10-03 15:00:00,1447,14
2021-10-03 16:00:00,1956,102
2021-10-03 17:00:00,1517,17
2021-10-03 18:00:00,1272,15
2021-10-03 19:00:00,727,18
2021-10-03 20:00:00,2312,145
2021-10-03 21:00:00,1122,21
2021-10-03 22:00:00,1579,92
2021-10-03 23:00:00,474,8
2021-10-04 00:00:00,694,21
2021-10-04 01:00:00,750,71
2021-10-04 02:00:00,812,80
2021-10-04 03:00:00,686,15
2021-10-04 04:00:00,481,86
2021-10-04 05:00:00,1142,24
2021-10-04 06:00:00,1081,68
2021-10-04 07:00:00,1984,21
2021-10-04 08:00:00,1710,97
2021-10-04 09:00:00,455,6
2021-10-04 10:00:00,1835,25
2021-10-04 11:00:00,2695,69
2021-10-04 12:00:00,1920,118
2021-10-04 13:00:00,2306,20
2021-10-04 14:00:00,2194,112
2021-10-04 15:00:00,1115,18
2021-10-04 16:00:00,2072,20
2021-10-04 17:00:00,1837,16
2021-10-04 18:00:00,1508,17
2021-10-04 19:00:00,1428,19
2021-10-04 20:00:00,1856,19
2021-10-04 21:00:00,1573,22
2021-10-04 22:00:00,991,15
2021-10-04 23:00:00,1187,16
2021-10-05 00:00:00,1389,17
2021-10-05 01:00:00,984,16
2021-10-05 02:00:00,1040,18
2021-10-05 03:00:00,839,15
2021-10-05 04:00:00,891,17
2021-10-05 05:00:00,685,117
2021-10-05 06:00:00,2168,128
2021-10-05 07:00:00,2204,18
2021-10-05 08:00:00,2152,104
2021-10-05 09:00:00,2180,99
2021-10-05 10:00:00,2474,69
2021-10-05 11:00:00,1943,17
2021-10-05 12:00:00,1362,16
2021-10-05 13:00:00,1539,21
2021-10-05 14:00:00,3261,89
2021-10-05 15:00:00,3686,67
2021-10-05 16:00:00,2008,20
2021-10-05 17:00:00,1720,16
2021-10-05 18:00:00,2095,44
2021-10-05 19:00:00,1960,41
2021-10-05 20:00:00,2592,196
2021-10-05 21:00:00,3007,158
2021-10-05 22:00:00,1575,123
2021-10-05 23:00:00,1117,14
2021-10-06 00:00:00,1333,87
2021-10-06 01:00:00,855,75
2021-10-06 02:00:00,614,51
2021-10-06 03:00:00,1176,21
2021-10-06 04:00:00,570,80
2021-10-06 05:00:00,1489,18
2021-10-06 06:00:00,942,16
2021-10-06 07:00:00,2824,99
2021-10-06 08:00:00,1743,113
2021-10-06 09:00:00,2901,16
2021-10-06 10:00:00,2023,125
2021-10-06 11:00:00,2190,16
2021-10-06 12:00:00,1426,37
2021-10-06 13:00:00,2856,69
2021-10-06 14:00:00,1476,23
2021-10-06 15:00:00,892,20
2021-10-06 16:00:00,1050,11
2021-10-06 17:00:00,4006,24
2021-10-06 18:00:00,1888,101
2021-10-06 19:00:00,2606,30
2021-10-06 20:00:00,1342,18
2021-10-06 21:00:00,2368,41
2021-10-06 22:00:00,920,20
2021-10-06 23:00:00,1644,102
2021-10-07 00:00:00,1189,142
2021-10-07 01:00:00,2287,22
2021-10-07 02:00:00,1978,91
2021-10-07 03:00:00,733,43
2021-10-07 04:00:00,1430,70
2021-10-07 05:00:00,682,11
2021-10-07 06:00:00,2645,105
2021-10-07 07:00:00,3613,59
2021-10-07 08:00:00,2114,136
2021-10-07 09:00:00,1670,42
2021-10-07 10:00:00,3796,149
2021-10-07 11:00:00,1053,15
2021-10-07 12:00:00,1738,18
2021-10-07 13:00:00,2233,68
2021-10-07 14:00:00,1904,129
2021-10-07 15:00:00,4714,66
2021-10-07 16:00:00,2776,182
2021-10-07 17:00:00,947,15
2021-10-07 18:00:00,3222,85
2021-10-07 19:00:00,2247,26
2021-10-07 20:00:00,1055,174
2021-10-07 21:00:00,1874,29
2021-10-07 22:00:00,2373,166
2021-10-07 23:00:00,1547,63
2021-10-08 00:00:00,1530,111
2021-10-08 01:00:00,689,13
2021-10-08 02:00:00,803,116
2021-10-08 03:00:00,1149,14
2021-10-08 04:00:00,554,59
2021-10-08 05:00:00,1259,29
2021-10-08 06:00:00,1030,84
2021-10-08 07:00:00,3062,22
2021-10-08 08:00:00,1577,104
2021-10-08 09:00:00,946,8
2021-10-08 10:00:00,1288,94
2021-10-08 11:00:00,3396,49
2021-10-08 12:00:00,1406,125
2021-10-08 13:00:00,1413,20
2021-10-08 14:00:00,945,15
2021-10-08 15:00:00,3029,26
2021-10-08 16:00:00,1927,229
2021-10-08 17:00:00,3024,24
2021-10-08 18:00:00,2549,104
2021-10-08 19:00:00,1771,15
2021-10-08 20:00:00,3281,92
2021-10-08 21:00:00,1136,17
2021-10-08 22:00:00,1525,89
2021-10-08 23:00:00,871,17
2021-10-09 00:00:00,2468,66
2021-10-09 01:00:00,1088,16
2021-10-09 02:00:00,313,80
2021-10-09 03:00:00,1159,49
2021-10-09 04:00:00,639,42
2021-10-09 05:00:00,1147,17
2021-10-09 06:00:00,1383,68
2021-10-09 07:00:00,1376,16
2021-10-09 08:00:00,1606,87
2021-10-09 09:00:00,1939,14
2021-10-09 10:00:00,2124,90
2021-10-09 11:00:00,1560,15
2021-10-09 12:00:00,1749,102
2021-10-09 13:00:00,1899,17
2021-10-09 14:00:00,1359,102
2021-10-09 15:00:00,2053,20
2021-10-09 16:00:00,948,77
2021-10-09 17:00:00,1792,19
2021-10-09 18:00:00,2319,75
2021-10-09 19:00:00,1181,10
2021-10-09 20:00:00,1635,79
2021-10-09 21:00:00,1271,17
2021-10-09 22:00:00,1341,76
2021-10-09 23:00:00,924,15
2021-10-10 00:00:00,494,69
2021-10-10 01:00:00,728,15
2021-10-10 02:00:00,734,61
2021-10-10 03:00:00,432,50
2021-10-10 04:00:00,749,26
2021-10-10 05:00:00,936,16
2021-10-10 06:00:00,1284,81
2021-10-10 07:00:00,1355,16
2021-10-10 08:00:00,1446,83
2021-10-10 09:00:00,1451,16
2021-10-10 10:00:00,1017,76
2021-10-10 11:00:00,1915,22
2021-10-10 12:00:00,1315,80
2021-10-10 13:00:00,1471,17
2021-10-10 14:00:00,1796,77
2021-10-10 15:00:00,874,13
2021-10-10 16:00:00,1736,84
2021-10-10 17:00:00,2217,15
2021-10-10 18:00:00,1458,101
2021-10-10 19:00:00,1609,18
2021-10-10 20:00:00,1244,62
2021-10-10 21:00:00,1016,17
2021-10-10 22:00:00,421,73
2021-10-10 23:00:00,1634,21
2021-10-11 00:00:00,661,68
2021-10-11 01:00:00,585,14
2021-10-11 02:00:00,896,106
2021-10-11 03:00:00,634,14
2021-10-11 04:00:00,1108,61
2021-10-11 05:00:00,992,19
2021-10-11 06:00:00,1044,74
2021-10-11 07:00:00,366,7
2021-10-11 08:00:00,3110,82
2021-10-11 09:00:00,1179,17
2021-10-11 10:00:00,1947,33
2021-10-11 11:00:00,2035,158
2021-10-11 12:00:00,3261,99
2021-10-11 13:00:00,1006,6
2021-10-11 14:00:00,905,31
2021-10-11 15:00:00,2145,28
2021-10-11 16:00:00,3014,95
2021-10-11 17:00:00,2801,16
2021-10-11 18:00:00,3459,240
2021-10-11 19:00:00,1343,12
2021-10-11 20:00:00,2322,105
2021-10-11 21:00:00,1572,14
2021-10-11 22:00:00,1465,91
2021-10-11 23:00:00,1186,19
2021-10-12 00:00:00,777,82
2021-10-12 01:00:00,963,19
2021-10-12 02:00:00,393,73
2021-10-12 03:00:00,1144,23
2021-10-12 04:00:00,933,97
2021-10-12 05:00:00,946,15
2021-10-12 06:00:00,1403,81
2021-10-12 07:00:00,1923,22
2021-10-12 08:00:00,1765,106
2021-10-12 09:00:00,2211,80
2021-10-12 10:00:00,1917,77
2021-10-12 11:00:00,2061,17
2021-10-12 12:00:00,1576,106
2021-10-12 13:00:00,2947,22
2021-10-12 14:00:00,2291,125
2021-10-12 15:00:00,946,16
2021-10-12 16:00:00,1923,98
2021-10-12 17:00:00,1867,20
2021-10-12 18:00:00,2587,118
2021-10-12 19:00:00,2123,22
2021-10-12 20:00:00,1146,67
2021-10-12 21:00:00,1450,62
2021-10-12 22:00:00,1165,80
2021-10-12 23:00:00,1638,16
2021-10-13 00:00:00,1610,83
2021-10-13 01:00:00,762,15
2021-10-13 02:00:00,755,80
2021-10-13 03:00:00,794,63
2021-10-13 04:00:00,677,44
2021-10-13 05:00:00,1192,18
2021-10-13 06:00:00,1188,76
2021-10-13 07:00:00,1047,17
2021-10-13 08:00:00,2055,79
2021-10-13 09:00:00,2193,16
2021-10-13 10:00:00,1306,68
2021-10-13 11:00:00,2066,124
2021-10-13 12:00:00,2298,58
2021-10-13 13:00:00,1949,19
2021-10-13 14:00:00,2307,115
2021-10-13 15:00:00,2173,21
2021-10-13 16:00:00,1923,114
2021-10-13 17:00:00,2124,14
2021-10-13 18:00:00,1530,108
2021-10-13 19:00:00,3070,22
2021-10-13 20:00:00,1863,109
2021-10-13 21:00:00,1610,20
2021-10-13 22:00:00,1292,104
2021-10-13 23:00:00,1513,17
2021-10-14 00:00:00,1130,88
2021-10-14 01:00:00,1085,15
2021-10-14 02:00:00,636,102
2021-10-14 03:00:00,1226,18
2021-10-14 04:00:00,1042,86
2021-10-14 05:00:00,1206,15
2021-10-14 06:00:00,987,78
2021-10-14 07:00:00,3012,25
2021-10-14 08:00:00,1132,41
2021-10-14 09:00:00,2854,90
2021-10-14 10:00:00,1345,95
2021-10-14 11:00:00,2880,20
2021-10-14 12:00:00,2032,122
2021-10-14 13:00:00,2352,19
2021-10-14 14:00:00,1365,16
2021-10-14 15:00:00,2314,19
2021-10-14 16:00:00,851,74
2021-10-14 17:00:00,2393,19
2021-10-14 18:00:00,1274,15
2021-10-14 19:00:00,993,13
2021-10-14 20:00:00,2205,29
2021-10-14 21:00:00,2621,87
2021-10-14 22:00:00,1823,116
2021-10-14 23:00:00,2034,175
2021-10-15 00:00:00,984,140
2021-10-15 01:00:00,1111,23
2021-10-15 02:00:00,1006,87
2021-10-15 03:00:00,502,15
2021-10-15 04:00:00,1687,101
2021-10-15 05:00:00,1300,14
2021-10-15 06:00:00,1443,74
2021-10-15 07:00:00,2981,65
2021-10-15 08:00:00,2306,128
2021-10-15 09:00:00,1694,62
2021-10-15 10:00:00,2855,76
2021-10-15 11:00:00,1710,12
2021-10-15 12:00:00,2674,129
2021-10-15 13:00:00,2446,17
2021-10-15 14:00:00,2161,73
2021-10-15 15:00:00,2322,21
2021-10-15 16:00:00,2500,89
2021-10-15 17:00:00,2174,58
2021-10-15 18:00:00,1330,17
2021-10-15 19:00:00,3765,19
2021-10-15 20:00:00,1455,141
2021-10-15 21:00:00,3460,44
2021-10-15 22:00:00,1367,20
2021-10-15 23:00:00,1432,161
2021-10-16 00:00:00,2269,144
2021-10-16 01:00:00,1739,88
2021-10-16 02:00:00,1453,100
2021-10-16 03:00:00,1067,18
2021-10-16 04:00:00,1810,116
2021-10-16 05:00:00,1152,13
2021-10-16 06:00:00,1811,87
2021-10-16 07:00:00,2325,17
2021-10-16 08:00:00,1938,112
2021-10-16 09:00:00,2075,16
2021-10-16 10:00:00,959,73
2021-10-16 11:00:00,2802,41
2021-10-16 12:00:00,1033,103
2021-10-16 13:00:00,2991,16
2021-10-16 14:00:00,1450,118
2021-10-16 15:00:00,2412,19
2021-10-16 16:00:00,2238,93
2021-10-16 17:00:00,2037,17
2021-10-16 18:00:00,1536,90
2021-10-16 19:00:00,1310,46
2021-10-16 20:00:00,1575,48
2021-10-16 21:00:00,1802,15
2021-10-16 22:00:00,1194,82
2021-10-16 23:00:00,498,7
2021-10-17 00:00:00,1018,76
2021-10-17 01:00:00,843,12
2021-10-17 02:00:00,166,54
2021-10-17 03:00:00,913,23
2021-10-17 04:00:00,597,56
2021-10-17 05:00:00,407,7
2021-10-17 06:00:00,1767,69
2021-10-17 07:00:00,1189,14
2021-10-17 08:00:00,1403,89
2021-10-17 09:00:00,1279,14
2021-10-17 10:00:00,1673,81
2021-10-17 11:00:00,1415,15
2021-10-17 12:00:00,1417,88
2021-10-17 13:00:00,1632,17
2021-10-17 14:00:00,1650,82
2021-10-17 15:00:00,1606,17
2021-10-17 16:00:00,853,84
2021-10-17 17:00:00,2374,91
2021-10-17 18:00:00,805,39
2021-10-17 19:00:00,1945,20
2021-10-17 20:00:00,520,65
2021-10-17 21:00:00,2380,29
2021-10-17 22:00:00,1156,91
2021-10-17 23:00:00,912,15
2021-10-18 00:00:00,831,66
2021-10-18 01:00:00,948,17
2021-10-18 02:00:00,852,90
2021-10-18 03:00:00,802,16
2021-10-18 04:00:00,967,121
2021-10-18 05:00:00,905,16
2021-10-18 06:00:00,1914,72
2021-10-18 07:00:00,989,8
2021-10-18 08:00:00,2631,95
2021-10-18 09:00:00,2250,82
2021-10-18 10:00:00,1712,19
2021-10-18 11:00:00,2111,94
2021-10-18 12:00:00,2311,103
2021-10-18 13:00:00,2000,17
2021-10-18 14:00:00,1390,19
2021-10-18 15:00:00,1952,16
2021-10-18 16:00:00,2605,138
2021-10-18 17:00:00,2409,19
2021-10-18 18:00:00,1270,16
2021-10-18 19:00:00,2494,60
2021-10-18 20:00:00,2064,137
2021-10-18 21:00:00,1013,14
2021-10-18 22:00:00,1199,90
2021-10-18 23:00:00,1637,46
2021-10-19 00:00:00,768,68
2021-10-19 01:00:00,1447,91
2021-10-19 02:00:00,702,86
2021-10-19 03:00:00,736,22
2021-10-19 04:00:00,848,70
2021-10-19 05:00:00,1373,16
2021-10-19 06:00:00,1642,92
2021-10-19 07:00:00,1081,10
2021-10-19 08:00:00,1635,75
2021-10-19 09:00:00,3026,52
2021-10-19 10:00:00,1821,103
2021-10-19 11:00:00,1817,15
2021-10-19 12:00:00,2552,98
2021-10-19 13:00:00,1697,13
2021-10-19 14:00:00,1896,126
2021-10-19 15:00:00,3330,23
2021-10-19 16:00:00,1906,118
2021-10-19 17:00:00,2484,17
2021-10-19 18:00:00,2281,104
2021-10-19 19:00:00,2024,16
2021-10-19 20:00:00,2457,66
2021-10-19 21:00:00,2267,47
2021-10-19 22:00:00,1360,113
2021-10-19 23:00:00,1530,20
2021-10-20 00:00:00,894,92
2021-10-20 01:00:00,997,15
2021-10-20 02:00:00,930,104
2021-10-20 03:00:00,794,16
2021-10-20 04:00:00,847,77
2021-10-20 05:00:00,1275,19
2021-10-20 06:00:00,1366,76
2021-10-20 07:00:00,1970,17
2021-10-20 08:00:00,962,93
2021-10-20 09:00:00,2368,57
2021-10-20 10:00:00,2254,79
2021-10-20 11:00:00,2648,16
2021-10-20 12:00:00,919,15
2021-10-20 13:00:00,1694,22
2021-10-20 14:00:00,2731,31
2021-10-20 15:00:00,2398,37
2021-10-20 16:00:00,3683,117
2021-10-20 17:00:00,2780,21
2021-10-20 18:00:00,2386,141
2021-10-20 19:00:00,940,31
2021-10-20 20:00:00,2986,121
2021-10-20 21:00:00,1445,21
2021-10-20 22:00:00,2879,132
2021-10-20 23:00:00,1923,16
2021-10-21 00:00:00,1077,94
2021-10-21 01:00:00,2347,18
2021-10-21 02:00:00,932,100
2021-10-21 03:00:00,1354,63
2021-10-21 04:00:00,2194,148
2021-10-21 05:00:00,1237,108
2021-10-21 06:00:00,1686,101
2021-10-21 07:00:00,2085,25
2021-10-21 08:00:00,2061,90
2021-10-21 09:00:00,2206,16
2021-10-21 10:00:00,2144,114
2021-10-21 11:00:00,2239,16
2021-10-21 12:00:00,2213,115
2021-10-21 13:00:00,2157,21
2021-10-21 14:00:00,2042,111
2021-10-21 15:00:00,3552,102
2021-10-21 16:00:00,1739,114
2021-10-21 17:00:00,1936,20
2021-10-21 18:00:00,3067,95
2021-10-21 19:00:00,2223,17
2021-10-21 20:00:00,1062,111
2021-10-21 21:00:00,1586,22
2021-10-21 22:00:00,1192,70
2021-10-21 23:00:00,2028,19
2021-10-22 00:00:00,721,78
2021-10-22 01:00:00,1032,20
2021-10-22 02:00:00,522,69
2021-10-22 03:00:00,889,58
2021-10-22 04:00:00,735,71
2021-10-22 05:00:00,845,20
2021-10-22 06:00:00,1833,47
2021-10-22 07:00:00,1907,16
2021-10-22 08:00:00,1034,91
2021-10-22 09:00:00,2451,21
2021-10-22 10:00:00,2234,110
2021-10-22 11:00:00,1827,88
2021-10-22 12:00:00,1928,53
2021-10-22 13:00:00,1876,14
2021-10-22 14:00:00,2489,98
2021-10-22 15:00:00,3015,73
2021-10-22 16:00:00,950,102
2021-10-22 17:00:00,3077,20
2021-10-22 18:00:00,2076,111
2021-10-22 19:00:00,2558,20
2021-10-22 20:00:00,1795,97
2021-10-22 21:00:00,1611,18
2021-10-22 22:00:00,699,84
2021-10-22 23:00:00,1650,20
2021-10-23 00:00:00,919,61
2021-10-23 01:00:00,726,16
2021-10-23 02:00:00,832,69
2021-10-23 03:00:00,842,65
2021-10-23 04:00:00,776,32
2021-10-23 05:00:00,854,14
2021-10-23 06:00:00,1217,62
2021-10-23 07:00:00,1242,13
2021-10-23 08:00:00,2184,80
2021-10-23 09:00:00,1842,17
2021-10-23 10:00:00,1156,93
2021-10-23 11:00:00,2003,19
2021-10-23 12:00:00,1445,70
2021-10-23 13:00:00,2011,22
2021-10-23 14:00:00,1685,74
2021-10-23 15:00:00,1335,13
2021-10-23 16:00:00,2262,85
2021-10-23 17:00:00,1757,16
2021-10-23 18:00:00,1458,85
2021-10-23 19:00:00,396,6
2021-10-23 20:00:00,2356,62
2021-10-23 21:00:00,1315,16
2021-10-23 22:00:00,1165,78
2021-10-23 23:00:00,879,15
2021-10-24 00:00:00,705,18
2021-10-24 01:00:00,861,61
2021-10-24 02:00:00,429,54
2021-10-24 03:00:00,803,32
2021-10-24 04:00:00,545,46
2021-10-24 05:00:00,421,15
2021-10-24 06:00:00,1554,50
2021-10-24 07:00:00,1386,16
2021-10-24 08:00:00,1284,83
2021-10-24 09:00:00,1504,17
2021-10-24 10:00:00,1386,77
2021-10-24 11:00:00,880,10
2021-10-24 12:00:00,2267,66
2021-10-24 13:00:00,656,6
2021-10-24 14:00:00,2514,92
2021-10-24 15:00:00,1745,75
2021-10-24 16:00:00,1308,50
2021-10-24 17:00:00,1983,19
2021-10-24 18:00:00,803,39
2021-10-24 19:00:00,1452,27
2021-10-24 20:00:00,2061,90
2021-10-24 21:00:00,1120,15
2021-10-24 22:00:00,1028,76
2021-10-24 23:00:00,645,13
2021-10-25 00:00:00,946,45
2021-10-25 01:00:00,728,14
2021-10-25 02:00:00,594,72
2021-10-25 03:00:00,944,40
2021-10-25 04:00:00,858,70
2021-10-25 05:00:00,802,15
2021-10-25 06:00:00,1782,83
2021-10-25 07:00:00,1448,13
2021-10-25 08:00:00,2095,78
2021-10-25 09:00:00,1945,16
2021-10-25 10:00:00,2104,152
2021-10-25 11:00:00,1793,19
2021-10-25 12:00:00,1834,68
2021-10-25 13:00:00,1716,21
2021-10-25 14:00:00,2856,93
2021-10-25 15:00:00,2326,94
2021-10-25 16:00:00,1646,20
2021-10-25 17:00:00,2775,20
2021-10-25 18:00:00,2605,116
2021-10-25 19:00:00,1389,15
2021-10-25 20:00:00,2594,120
2021-10-25 21:00:00,1715,18
2021-10-25 22:00:00,1321,105
2021-10-25 23:00:00,704,10
2021-10-26 00:00:00,1528,63
2021-10-26 01:00:00,725,13
2021-10-26 02:00:00,1039,102
2021-10-26 03:00:00,650,14
2021-10-26 04:00:00,940,55
2021-10-26 05:00:00,815,14
2021-10-26 06:00:00,1977,80
2021-10-26 07:00:00,2010,16
2021-10-26 08:00:00,1968,102
2021-10-26 09:00:00,2099,16
2021-10-26 10:00:00,647,25
2021-10-26 11:00:00,3246,55
2021-10-26 12:00:00,2401,143
2021-10-26 13:00:00,1927,16
2021-10-26 14:00:00,1308,15
2021-10-26 15:00:00,2213,31
2021-10-26 16:00:00,1443,87
2021-10-26 17:00:00,2634,23
2021-10-26 18:00:00,2569,111
2021-10-26 19:00:00,2710,74
2021-10-26 20:00:00,2059,143
2021-10-26 21:00:00,1821,20
2021-10-26 22:00:00,684,46
2021-10-26 23:00:00,1939,73
2021-10-27 00:00:00,708,82
2021-10-27 01:00:00,1068,18
2021-10-27 02:00:00,394,60
2021-10-27 03:00:00,1137,39
2021-10-27 04:00:00,910,78
2021-10-27 05:00:00,251,14
2021-10-27 06:00:00,1917,19
2021-10-27 07:00:00,2345,94
2021-10-27 08:00:00,2331,96
2021-10-27 09:00:00,2345,19
2021-10-27 10:00:00,2447,126
2021-10-27 11:00:00,933,8
2021-10-27 12:00:00,2592,44
2021-10-27 13:00:00,2670,86
2021-10-27 14:00:00,2050,93
2021-10-27 15:00:00,2576,52
2021-10-27 16:00:00,2562,115
2021-10-27 17:00:00,2849,23
2021-10-27 18:00:00,2092,112
2021-10-27 19:00:00,2641,18
2021-10-27 20:00:00,1924,52
2021-10-27 21:00:00,2092,63
2021-10-27 22:00:00,1274,88
2021-10-27 23:00:00,1599,19
2021-10-28 00:00:00,1277,82
2021-10-28 01:00:00,884,15
2021-10-28 02:00:00,881,118
2021-10-28 03:00:00,745,12
2021-10-28 04:00:00,972,61
2021-10-28 05:00:00,1299,16
2021-10-28 06:00:00,1633,37
2021-10-28 07:00:00,2263,124
2021-10-28 08:00:00,2064,68
2021-10-28 09:00:00,1764,16
2021-10-28 10:00:00,2753,100
2021-10-28 11:00:00,2264,18
2021-10-28 12:00:00,2458,105
2021-10-28 13:00:00,2198,15
2021-10-28 14:00:00,2723,43
2021-10-28 15:00:00,2257,72
2021-10-28 16:00:00,2794,128
2021-10-28 17:00:00,858,12
2021-10-28 18:00:00,3061,24
2021-10-28 19:00:00,2793,131
2021-10-28 20:00:00,1434,20
2021-10-28 21:00:00,2220,76
2021-10-28 22:00:00,2191,140
2021-10-28 23:00:00,768,16
2021-10-29 00:00:00,1025,57
2021-10-29 01:00:00,1492,23
2021-10-29 02:00:00,936,122
2021-10-29 03:00:00,862,15
2021-10-29 04:00:00,1024,68
2021-10-29 05:00:00,1188,16
2021-10-29 06:00:00,1662,86
2021-10-29 07:00:00,1930,17
2021-10-29 08:00:00,1783,89
2021-10-29 09:00:00,2407,70
2021-10-29 10:00:00,1867,69
2021-10-29 11:00:00,534,4
2021-10-29 12:00:00,2521,30
2021-10-29 13:00:00,1359,11
2021-10-29 14:00:00,3680,115
2021-10-29 15:00:00,3035,23
2021-10-29 16:00:00,3474,170
2021-10-29 17:00:00,3284,94
2021-10-29 18:00:00,2496,71
2021-10-29 19:00:00,2710,25
2021-10-29 20:00:00,1563,102
2021-10-29 21:00:00,2658,30
2021-10-29 22:00:00,1233,84
2021-10-29 23:00:00,1549,18
2021-10-30 00:00:00,1406,86
2021-10-30 01:00:00,961,14
2021-10-30 02:00:00,848,72
2021-10-30 03:00:00,1119,38
2021-10-30 04:00:00,768,81
2021-10-30 05:00:00,1266,17
2021-10-30 06:00:00,1426,69
2021-10-30 07:00:00,2129,19
2021-10-30 08:00:00,1912,80
2021-10-30 09:00:00,1928,69
2021-10-30 10:00:00,1595,31
2021-10-30 11:00:00,2192,13
2021-10-30 12:00:00,2034,86
2021-10-30 13:00:00,2430,18
2021-10-30 14:00:00,1338,94
2021-10-30 15:00:00,2658,87
2021-10-30 16:00:00,1522,46
2021-10-30 17:00:00,891,21
2021-10-30 18:00:00,3584,69
2021-10-30 19:00:00,1333,16
2021-10-30 20:00:00,1924,100
2021-10-30 21:00:00,1761,18
2021-10-30 22:00:00,1469,72
2021-10-30 23:00:00,904,13
2021-10-31 00:00:00,1175,80
2021-10-31 01:00:00,651,13
2021-10-31 02:00:00,888,74
2021-10-31 03:00:00,272,5
2021-10-31 04:00:00,1192,78
2021-10-31 05:00:00,910,17
2021-10-31 06:00:00,1112,81
2021-10-31 07:00:00,851,12
2021-10-31 08:00:00,1795,67
2021-10-31 09:00:00,1697,85
2021-10-31 10:00:00,2091,27
2021-10-31 11:00:00,1407,14
2021-10-31 12:00:00,484,18
2021-10-31 13:00:00,2631,56
2021-10-31 14:00:00,2119,173
2021-10-31 15:00:00,1736,17
2021-10-31 16:00:00,1672,61
2021-10-31 17:00:00,2232,20
2021-10-31 18:00:00,1586,70
2021-10-31 19:00:00,1630,17
2021-10-31 20:00:00,1461,80
2021-10-31 21:00:00,626,7
2021-10-31 22:00:00,1770,57
2021-10-31 23:00:00,253,4
2021-11-01 00:00:00,1189,29
2021-11-01 01:00:00,667,14
2021-11-01 02:00:00,1342,122
2021-11-01 03:00:00,894,50
2021-11-01 04:00:00,885,78
2021-11-01 05:00:00,760,12
2021-11-01 06:00:00,1465,72
2021-11-01 07:00:00,1351,12
2021-11-01 08:00:00,1866,98
2021-11-01 09:00:00,2911,17
2021-11-01 10:00:00,1476,105
2021-11-01 11:00:00,2196,8
2021-11-01 12:00:00,2200,86
2021-11-01 13:00:00,2506,66
2021-11-01 14:00:00,1484,64
2021-11-01 15:00:00,2643,31
2021-11-01 16:00:00,2880,125
2021-11-01 17:00:00,2149,11
2021-11-01 18:00:00,2216,113
2021-11-01 19:00:00,722,18
2021-11-01 20:00:00,2003,19
2021-11-01 21:00:00,2308,21
2021-11-01 22:00:00,1485,151
2021-11-01 23:00:00,2488,19
2021-11-02 00:00:00,881,92
2021-11-02 01:00:00,1122,19
2021-11-02 02:00:00,517,68
2021-11-02 03:00:00,1047,46
2021-11-02 04:00:00,507,51
2021-11-02 05:00:00,1332,25
2021-11-02 06:00:00,1624,81
2021-11-02 07:00:00,2012,18
2021-11-02 08:00:00,2337,115
2021-11-02 09:00:00,1944,14
2021-11-02 10:00:00,1650,82
2021-11-02 11:00:00,3221,22
2021-11-02 12:00:00,2538,112
2021-11-02 13:00:00,1774,20
2021-11-02 14:00:00,1796,32
2021-11-02 15:00:00,1882,22
2021-11-02 16:00:00,3765,57
2021-11-02 17:00:00,1452,15
2021-11-02 18:00:00,3143,126
2021-11-02 19:00:00,2417,49
2021-11-02 20:00:00,1925,149
2021-11-02 21:00:00,2448,58
2021-11-02 22:00:00,2476,118
2021-11-02 23:00:00,1402,16
2021-11-03 00:00:00,1003,88
2021-11-03 01:00:00,1190,19
2021-11-03 02:00:00,890,102
2021-11-03 03:00:00,730,15
2021-11-03 04:00:00,1186,56
2021-11-03 05:00:00,645,9
2021-11-03 06:00:00,1155,61
2021-11-03 07:00:00,3004,48
2021-11-03 08:00:00,1262,9
2021-11-03 09:00:00,2781,115
2021-11-03 10:00:00,1328,62
2021-11-03 11:00:00,1729,17
2021-11-03 12:00:00,3511,109
2021-11-03 13:00:00,2793,23
2021-11-03 14:00:00,1751,128
2021-11-03 15:00:00,2754,23
2021-11-03 16:00:00,2609,96
2021-11-03 17:00:00,2434,17
2021-11-03 18:00:00,2262,100
2021-11-03 19:00:00,492,9
2021-11-03 20:00:00,2475,24
2021-11-03 21:00:00,1334,65
2021-11-03 22:00:00,1499,76
2021-11-03 23:00:00,2527,44
2021-11-04 00:00:00,992,54
2021-11-04 01:00:00,1008,50
2021-11-04 02:00:00,1501,88
2021-11-04 03:00:00,430,6
2021-11-04 04:00:00,1331,76
2021-11-04 05:00:00,1320,18
2021-11-04 06:00:00,1456,99
2021-11-04 07:00:00,1108,16
2021-11-04 08:00:00,3092,62
2021-11-04 09:00:00,1311,10
2021-11-04 10:00:00,2777,106
2021-11-04 11:00:00,1407,15
2021-11-04 12:00:00,2016,131
2021-11-04 13:00:00,2848,37
2021-11-04 14:00:00,1248,82
2021-11-04 15:00:00,1050,14
2021-11-04 16:00:00,1408,23
2021-11-04 17:00:00,2875,41
2021-11-04 18:00:00,3207,161
2021-11-04 19:00:00,2936,29
2021-11-04 20:00:00,1877,108
2021-11-04 21:00:00,2167,19
2021-11-04 22:00:00,1578,88
2021-11-04 23:00:00,1480,18
2021-11-05 00:00:00,1071,83
2021-11-05 01:00:00,797,15
2021-11-05 02:00:00,906,68
2021-11-05 03:00:00,657,32
2021-11-05 04:00:00,1025,74
2021-11-05 05:00:00,943,13
2021-11-05 06:00:00,530,17
2021-11-05 07:00:00,1809,88
2021-11-05 08:00:00,1111,18
2021-11-05 09:00:00,2415,132
2021-11-05 10:00:00,3534,44
2021-11-05 11:00:00,1809,61
2021-11-05 12:00:00,2310,78
2021-11-05 13:00:00,2309,96
2021-11-05 14:00:00,2481,50
2021-11-05 15:00:00,1338,15
2021-11-05 16:00:00,3877,111
2021-11-05 17:00:00,619,11
2021-11-05 18:00:00,3083,99
2021-11-05 19:00:00,2067,22
2021-11-05 20:00:00,889,16
2021-11-05 21:00:00,2739,102
2021-11-05 22:00:00,1809,69
2021-11-05 23:00:00,1488,19
2021-11-06 00:00:00,1116,90
2021-11-06 01:00:00,877,16
2021-11-06 02:00:00,930,67
2021-11-06 03:00:00,783,60
2021-11-06 04:00:00,921,47
2021-11-06 05:00:00,597,10
2021-11-06 06:00:00,1727,59
2021-11-06 07:00:00,1566,16
2021-11-06 08:00:00,982,87
2021-11-06 09:00:00,2389,21
2021-11-06 10:00:00,1867,82
2021-11-06 11:00:00,1832,17
2021-11-06 12:00:00,1207,85
2021-11-06 13:00:00,1381,13
2021-11-06 14:00:00,2246,84
2021-11-06 15:00:00,2389,21
2021-11-06 16:00:00,1453,89
2021-11-06 17:00:00,2270,21
2021-11-06 18:00:00,1795,78
2021-11-06 19:00:00,1677,16
2021-11-06 20:00:00,1717,74
2021-11-06 21:00:00,1313,15
2021-11-06 22:00:00,1141,72
2021-11-06 23:00:00,1017,16
2021-11-07 00:00:00,824,62
2021-11-07 01:00:00,830,14
2021-11-07 02:00:00,731,67
2021-11-07 03:00:00,730,17
2021-11-07 04:00:00,671,75
2021-11-07 05:00:00,802,11
2021-11-07 06:00:00,1368,66
2021-11-07 07:00:00,1086,15
2021-11-07 08:00:00,1514,88
2021-11-07 09:00:00,1057,43
2021-11-07 10:00:00,1517,60
2021-11-07 11:00:00,1919,21
2021-11-07 12:00:00,1630,61
2021-11-07 13:00:00,1709,15
2021-11-07 14:00:00,2224,122
2021-11-07 15:00:00,1629,19
2021-11-07 16:00:00,482,12
2021-11-07 17:00:00,2010,19
2021-11-07 18:00:00,2952,125
2021-11-07 19:00:00,1463,14
2021-11-07 20:00:00,1966,102
2021-11-07 21:00:00,1456,17
2021-11-07 22:00:00,1317,70
2021-11-07 23:00:00,1118,17
2021-11-08 00:00:00,914,77
2021-11-08 01:00:00,1188,15
2021-11-08 02:00:00,1335,148
2021-11-08 03:00:00,885,16
2021-11-08 04:00:00,1170,73
2021-11-08 05:00:00,1155,14
2021-11-08 06:00:00,1421,103
2021-11-08 07:00:00,2144,21
2021-11-08 08:00:00,2603,39
2021-11-08 09:00:00,1455,16
2021-11-08 10:00:00,4189,189
2021-11-08 11:00:00,937,16
2021-11-08 12:00:00,3081,48
2021-11-08 13:00:00,2823,46
2021-11-08 14:00:00,1996,64
2021-11-08 15:00:00,2068,15
2021-11-08 16:00:00,1622,15
2021-11-08 17:00:00,3107,65
2021-11-08 18:00:00,1497,27
2021-11-08 19:00:00,1255,14
2021-11-08 20:00:00,2266,22
2021-11-08 21:00:00,2014,30
2021-11-08 22:00:00,716,21
2021-11-08 23:00:00,2040,23
2021-11-09 00:00:00,1032,82
2021-11-09 01:00:00,2016,112
2021-11-09 02:00:00,1061,86
2021-11-09 03:00:00,1097,60
2021-11-09 04:00:00,1555,86
2021-11-09 05:00:00,1548,112
2021-11-09 06:00:00,2762,192
2021-11-09 07:00:00,1801,21
2021-11-09 08:00:00,1722,51
2021-11-09 09:00:00,4822,175
2021-11-09 10:00:00,1132,118
2021-11-09 11:00:00,3362,16
2021-11-09 12:00:00,1453,106
2021-11-09 13:00:00,3497,24
2021-11-09 14:00:00,2475,107
2021-11-09 15:00:00,2380,21
2021-11-09 16:00:00,2483,126
2021-11-09 17:00:00,2953,18
2021-11-09 18:00:00,1067,103
2021-11-09 19:00:00,1860,23
2021-11-09 20:00:00,2669,72
2021-11-09 21:00:00,1153,11
2021-11-09 22:00:00,1674,86
2021-11-09 23:00:00,1568,14
2021-11-10 00:00:00,1043,87
2021-11-10 01:00:00,1056,13
2021-11-10 02:00:00,1129,81
2021-11-10 03:00:00,994,83
2021-11-10 04:00:00,968,45
2021-11-10 05:00:00,0,0
2021-11-10 06:00:00,2462,49
2021-11-10 07:00:00,2441,19
2021-11-10 08:00:00,1237,104
2021-11-10 09:00:00,2721,26
2021-11-10 10:00:00,2373,78
2021-11-10 11:00:00,2263,17
2021-11-10 12:00:00,767,94
2021-11-10 13:00:00,2322,90
2021-11-10 14:00:00,1346,31
2021-11-10 15:00:00,2758,21
2021-11-10 16:00:00,2221,127
2021-11-10 17:00:00,3193,27
2021-11-10 18:00:00,2440,139
2021-11-10 19:00:00,3150,25
2021-11-10 20:00:00,1947,92
2021-11-10 21:00:00,2503,27
2021-11-10 22:00:00,1986,130
2021-11-10 23:00:00,1390,18
2021-11-11 00:00:00,1308,96
2021-11-11 01:00:00,1316,16
2021-11-11 02:00:00,1171,88
2021-11-11 03:00:00,947,54
2021-11-11 04:00:00,1116,64
2021-11-11 05:00:00,1049,15
2021-11-11 06:00:00,1317,93
2021-11-11 07:00:00,1870,16
2021-11-11 08:00:00,2088,84
2021-11-11 09:00:00,1679,13
2021-11-11 10:00:00,2145,97
2021-11-11 11:00:00,2311,71
2021-11-11 12:00:00,1879,80
2021-11-11 13:00:00,2145,18
2021-11-11 14:00:00,1438,57
2021-11-11 15:00:00,2458,120
2021-11-11 16:00:00,2425,62
2021-11-11 17:00:00,1889,17
2021-11-11 18:00:00,1917,90
2021-11-11 19:00:00,1451,13
2021-11-11 20:00:00,1529,82
2021-11-11 21:00:00,1742,16
2021-11-11 22:00:00,799,71
2021-11-11 23:00:00,1937,25
2021-11-12 00:00:00,887,71
2021-11-12 01:00:00,491,10
2021-11-12 02:00:00,1240,98
2021-11-12 03:00:00,771,23
2021-11-12 04:00:00,793,68
2021-11-12 05:00:00,882,12
2021-11-12 06:00:00,1465,86
2021-11-12 07:00:00,1281,11
2021-11-12 08:00:00,1323,70
2021-11-12 09:00:00,3088,17
2021-11-12 10:00:00,1363,110
2021-11-12 11:00:00,1958,18
2021-11-12 12:00:00,1326,80
2021-11-12 13:00:00,2281,12
2021-11-12 14:00:00,1290,22
2021-11-12 15:00:00,3434,126
2021-11-12 16:00:00,1022,57
2021-11-12 17:00:00,1960,18
2021-11-12 18:00:00,2633,114
2021-11-12 19:00:00,2886,15
2021-11-12 20:00:00,1445,56
2021-11-12 21:00:00,1479,60
2021-11-12 22:00:00,2124,78
2021-11-12 23:00:00,917,11
2021-11-13 00:00:00,505,64
2021-11-13 01:00:00,1244,25
2021-11-13 02:00:00,1149,71
2021-11-13 03:00:00,867,18
2021-11-13 04:00:00,739,73
2021-11-13 05:00:00,967,13
2021-11-13 06:00:00,1444,53
2021-11-13 07:00:00,1502,14
2021-11-13 08:00:00,2002,69
2021-11-13 09:00:00,1623,15
2021-11-13 10:00:00,1734,85
2021-11-13 11:00:00,1526,14
2021-11-13 12:00:00,1928,68
2021-11-13 13:00:00,1441,15
2021-11-13 14:00:00,2154,106
2021-11-13 15:00:00,2184,16
2021-11-13 16:00:00,1450,16
2021-11-13 17:00:00,2376,65
2021-11-13 18:00:00,1726,76
2021-11-13 19:00:00,1313,12
2021-11-13 20:00:00,2050,79
2021-11-13 21:00:00,1271,15
2021-11-13 22:00:00,1109,62
2021-11-13 23:00:00,636,15
2021-11-14 00:00:00,1114,41
2021-11-14 01:00:00,734,15
2021-11-14 02:00:00,696,67
2021-11-14 03:00:00,541,40
2021-11-14 04:00:00,754,32
2021-11-14 05:00:00,838,14
2021-11-14 06:00:00,1199,56
2021-11-14 07:00:00,1023,10
2021-11-14 08:00:00,1570,62
2021-11-14 09:00:00,1280,14
2021-11-14 10:00:00,1123,79
2021-11-14 11:00:00,1763,21
2021-11-14 12:00:00,1539,47
2021-11-14 13:00:00,1732,17
2021-11-14 14:00:00,1509,100
2021-11-14 15:00:00,1682,17
2021-11-14 16:00:00,1844,58
2021-11-14 17:00:00,1298,13
2021-11-14 18:00:00,1854,66
2021-11-14 19:00:00,1473,16
2021-11-14 20:00:00,1174,68
2021-11-14 21:00:00,1018,20
2021-11-14 22:00:00,1403,37
2021-11-14 23:00:00,1080,25
2021-11-15 00:00:00,632,66
2021-11-15 01:00:00,953,19
2021-11-15 02:00:00,741,87
2021-11-15 03:00:00,717,24
2021-11-15 04:00:00,815,69
2021-11-15 05:00:00,950,53
2021-11-15 06:00:00,893,47
2021-11-15 07:00:00,1853,15
2021-11-15 08:00:00,1556,23
2021-11-15 09:00:00,3103,73
2021-11-15 10:00:00,2021,110
2021-11-15 11:00:00,1913,66
2021-11-15 12:00:00,1739,33
2021-11-15 13:00:00,2447,37
2021-11-15 14:00:00,2083,55
2021-11-15 15:00:00,2452,128
2021-11-15 16:00:00,1169,23
2021-11-15 17:00:00,2850,30
2021-11-15 18:00:00,2111,93
2021-11-15 19:00:00,1940,21
2021-11-15 20:00:00,1191,18
2021-11-15 21:00:00,631,13
2021-11-15 22:00:00,2880,131
2021-11-15 23:00:00,575,14
2021-11-16 00:00:00,1222,80
2021-11-16 01:00:00,1399,29
2021-11-16 02:00:00,925,122
2021-11-16 03:00:00,986,19
2021-11-16 04:00:00,823,74
2021-11-16 05:00:00,1325,20
2021-11-16 06:00:00,1282,54
2021-11-16 07:00:00,2343,49
2021-11-16 08:00:00,1768,16
2021-11-16 09:00:00,1914,95
2021-11-16 10:00:00,2650,92
2021-11-16 11:00:00,2162,16
2021-11-16 12:00:00,1990,157
2021-11-16 13:00:00,2180,31
2021-11-16 14:00:00,1823,91
2021-11-16 15:00:00,1673,18
2021-11-16 16:00:00,1740,84
2021-11-16 17:00:00,2101,28
2021-11-16 18:00:00,1585,20
2021-11-16 19:00:00,3240,105
2021-11-16 20:00:00,1883,97
2021-11-16 21:00:00,2061,19
2021-11-16 22:00:00,1133,99
2021-11-16 23:00:00,856,14
2021-11-17 00:00:00,1372,63
2021-11-17 01:00:00,1042,21
2021-11-17 02:00:00,393,71
2021-11-17 03:00:00,1367,25
2021-11-17 04:00:00,1059,84
2021-11-17 05:00:00,906,14
2021-11-17 06:00:00,868,73
2021-11-17 07:00:00,1149,25
2021-11-17 08:00:00,3096,77
2021-11-17 09:00:00,1870,17
2021-11-17 10:00:00,2008,115
2021-11-17 11:00:00,1452,12
2021-11-17 12:00:00,2008,88
2021-11-17 13:00:00,1693,18
2021-11-17 14:00:00,2003,45
2021-11-17 15:00:00,2569,119
2021-11-17 16:00:00,2618,81
2021-11-17 17:00:00,1237,17
2021-11-17 18:00:00,2369,100
2021-11-17 19:00:00,2253,16
2021-11-17 20:00:00,1750,96
2021-11-17 21:00:00,2090,23
2021-11-17 22:00:00,1354,57
2021-11-17 23:00:00,964,44
2021-11-18 00:00:00,1406,70
2021-11-18 01:00:00,677,12
2021-11-18 02:00:00,1199,86
2021-11-18 03:00:00,638,39
2021-11-18 04:00:00,943,62
2021-11-18 05:00:00,861,16
2021-11-18 06:00:00,1339,29
2021-11-18 07:00:00,2297,63
2021-11-18 08:00:00,1431,98
2021-11-18 09:00:00,2187,18
2021-11-18 10:00:00,1878,78
2021-11-18 11:00:00,1389,32
2021-11-18 12:00:00,1915,52
2021-11-18 13:00:00,1332,43
2021-11-18 14:00:00,3721,149
2021-11-18 15:00:00,2132,32
2021-11-18 16:00:00,1284,35
2021-11-18 17:00:00,3539,132
2021-11-18 18:00:00,2104,123
2021-11-18 19:00:00,1406,31
2021-11-18 20:00:00,1089,42
2021-11-18 21:00:00,2778,83
2021-11-18 22:00:00,2119,123
2021-11-18 23:00:00,1006,26
2021-11-19 00:00:00,1409,107
2021-11-19 01:00:00,817,24
2021-11-19 02:00:00,1188,132
2021-11-19 03:00:00,584,18
2021-11-19 04:00:00,1203,87
2021-11-19 05:00:00,1256,37
2021-11-19 06:00:00,1015,76
2021-11-19 07:00:00,2256,49
2021-11-19 08:00:00,1560,87
2021-11-19 09:00:00,2221,35
2021-11-19 10:00:00,1500,30
2021-11-19 11:00:00,381,11
2021-11-19 12:00:00,3100,51
2021-11-19 13:00:00,1570,100
2021-11-19 14:00:00,2223,51
2021-11-19 15:00:00,2252,130
2021-11-19 16:00:00,2385,100
2021-11-19 17:00:00,1977,29
2021-11-19 18:00:00,2658,118
2021-11-19 19:00:00,1764,33
2021-11-19 20:00:00,2140,99
2021-11-19 21:00:00,0,0
2021-11-19 22:00:00,1691,57
2021-11-19 23:00:00,3028,83
2021-11-20 00:00:00,648,48
2021-11-20 01:00:00,986,99
2021-11-20 02:00:00,1551,75
2021-11-20 03:00:00,768,29
2021-11-20 04:00:00,843,93
2021-11-20 05:00:00,985,29
2021-11-20 06:00:00,1232,91
2021-11-20 07:00:00,1447,22
2021-11-20 08:00:00,2145,80
2021-11-20 09:00:00,1699,16
2021-11-20 10:00:00,1890,90
2021-11-20 11:00:00,1419,13
2021-11-20 12:00:00,2254,75
2021-11-20 13:00:00,0,0
2021-11-20 14:00:00,2475,29
2021-11-20 15:00:00,2376,104
2021-11-20 16:00:00,1829,71
2021-11-20 17:00:00,2409,20
2021-11-20 18:00:00,974,9
2021-11-20 19:00:00,1888,88
2021-11-20 20:00:00,2230,67
2021-11-20 21:00:00,1488,16
2021-11-20 22:00:00,1577,76
2021-11-20 23:00:00,1081,16
2021-11-21 00:00:00,848,58
2021-11-21 01:00:00,705,12
2021-11-21 02:00:00,543,53
2021-11-21 03:00:00,809,51
2021-11-21 04:00:00,776,32
2021-11-21 05:00:00,771,12
2021-11-21 06:00:00,1229,69
2021-11-21 07:00:00,683,5
2021-11-21 08:00:00,2089,71
2021-11-21 09:00:00,1015,12
2021-11-21 10:00:00,1898,114
2021-11-21 11:00:00,1167,12
2021-11-21 12:00:00,1157,19
2021-11-21 13:00:00,1380,12
2021-11-21 14:00:00,2437,36
2021-11-21 15:00:00,967,13
2021-11-21 16:00:00,2084,141
2021-11-21 17:00:00,2334,55
2021-11-21 18:00:00,1475,58
2021-11-21 19:00:00,1468,24
2021-11-21 20:00:00,1635,60
2021-11-21 21:00:00,1429,14
2021-11-21 22:00:00,1082,78
2021-11-21 23:00:00,1421,21
2021-11-22 00:00:00,915,58
2021-11-22 01:00:00,541,10
2021-11-22 02:00:00,983,37
2021-11-22 03:00:00,787,64
2021-11-22 04:00:00,772,61
2021-11-22 05:00:00,917,15
2021-11-22 06:00:00,1313,82
2021-11-22 07:00:00,990,17
2021-11-22 08:00:00,1429,13
2021-11-22 09:00:00,2301,20
2021-11-22 10:00:00,2658,144
2021-11-22 11:00:00,1683,14
2021-11-22 12:00:00,2221,17
2021-11-22 13:00:00,1306,11
2021-11-22 14:00:00,3050,26
2021-11-22 15:00:00,1123,15
2021-11-22 16:00:00,2131,22
2021-11-22 17:00:00,2078,19
2021-11-22 18:00:00,2435,19
2021-11-22 19:00:00,2398,19
2021-11-22 20:00:00,1256,13
2021-11-22 21:00:00,1730,23
2021-11-22 22:00:00,1568,18
2021-11-22 23:00:00,692,10
2021-11-23 00:00:00,1458,27
2021-11-23 01:00:00,681,13
2021-11-23 02:00:00,923,15
2021-11-23 03:00:00,892,15
2021-11-23 04:00:00,744,14
2021-11-23 05:00:00,1334,19
2021-11-23 06:00:00,1525,13
2021-11-23 07:00:00,2093,20
2021-11-23 08:00:00,1755,15
2021-11-23 09:00:00,1790,14
2021-11-23 10:00:00,2606,19
2021-11-23 11:00:00,1214,16
2021-11-23 12:00:00,1708,10
2021-11-23 13:00:00,2919,24
2021-11-23 14:00:00,2015,17
2021-11-23 15:00:00,2289,18
2021-11-23 16:00:00,1225,15
2021-11-23 17:00:00,1742,18
2021-11-23 18:00:00,1268,17
2021-11-23 19:00:00,3527,20
2021-11-23 20:00:00,1442,17
2021-11-23 21:00:00,1033,14
2021-11-23 22:00:00,1705,17
2021-11-23 23:00:00,963,21
2021-11-24 00:00:00,2084,17
2021-11-24 01:00:00,763,14
2021-11-24 02:00:00,908,16
2021-11-24 03:00:00,811,15
2021-11-24 04:00:00,872,15
2021-11-24 05:00:00,794,18
2021-11-24 06:00:00,1937,15
2021-11-24 07:00:00,1847,17
2021-11-24 08:00:00,1770,14
2021-11-24 09:00:00,1642,14
2021-11-24 10:00:00,1208,17
2021-11-24 11:00:00,2185,18
2021-11-24 12:00:00,849,8
2021-11-24 13:00:00,3955,27
2021-11-24 14:00:00,1766,18
2021-11-24 15:00:00,2419,15
2021-11-24 16:00:00,1331,16
2021-11-24 17:00:00,3201,21
2021-11-24 18:00:00,2737,22
2021-11-24 19:00:00,1417,14
2021-11-24 20:00:00,1860,10
2021-11-24 21:00:00,299,11
2021-11-24 22:00:00,2917,33
2021-11-24 23:00:00,1749,18
2021-11-25 00:00:00,1499,14
2021-11-25 01:00:00,1059,14
2021-11-25 02:00:00,944,16
2021-11-25 03:00:00,1003,17
2021-11-25 04:00:00,881,13
2021-11-25 05:00:00,1394,18
2021-11-25 06:00:00,1682,17
2021-11-25 07:00:00,1874,16
2021-11-25 08:00:00,1157,13
2021-11-25 09:00:00,3139,19
2021-11-25 10:00:00,1324,9
2021-11-25 11:00:00,1042,21
2021-11-25 12:00:00,2175,15
2021-11-25 13:00:00,1899,19
2021-11-25 14:00:00,2381,11
2021-11-25 15:00:00,3300,3
2021-11-25 16:00:00,2396,6
2021-11-25 17:00:00,2867,0
2021-11-25 18:00:00,346,5
2021-11-25 19:00:00,1758,3
2021-11-25 20:00:00,1581,2
2021-11-25 21:00:00,870,3
2021-11-25 22:00:00,2963,3
2021-11-25 23:00:00,1779,2
2021-11-26 00:00:00,1053,2
2021-11-26 01:00:00,398,4
2021-11-26 02:00:00,1040,4
2021-11-26 03:00:00,1053,45
2021-11-26 04:00:00,1260,31
2021-11-26 05:00:00,351,22
2021-11-26 06:00:00,1347,38
2021-11-26 07:00:00,2558,30
2021-11-26 08:00:00,1310,22
2021-11-26 09:00:00,2509,35
2021-11-26 10:00:00,2523,36
2021-11-26 11:00:00,1702,26
2021-11-26 12:00:00,2452,33
2021-11-26 13:00:00,2225,30
2021-11-26 14:00:00,2180,33
2021-11-26 15:00:00,1758,33
2021-11-26 16:00:00,2790,34
2021-11-26 17:00:00,2139,34
2021-11-26 18:00:00,1920,27
2021-11-26 19:00:00,1532,34
2021-11-26 20:00:00,1771,29
2021-11-26 21:00:00,2163,30
2021-11-26 22:00:00,1427,37
2021-11-26 23:00:00,1613,32
2021-11-27 00:00:00,1090,29
2021-11-27 01:00:00,786,27
2021-11-27 02:00:00,900,32
2021-11-27 03:00:00,694,27
2021-11-27 04:00:00,899,30
2021-11-27 05:00:00,1044,34
2021-11-27 06:00:00,1096,26
2021-11-27 07:00:00,1818,35
2021-11-27 08:00:00,1411,25
2021-11-27 09:00:00,1703,29
2021-11-27 10:00:00,1910,35
2021-11-27 11:00:00,1765,32
2021-11-27 12:00:00,1576,29
2021-11-27 13:00:00,1704,29
2021-11-27 14:00:00,1780,30
2021-11-27 15:00:00,1903,32
2021-11-27 16:00:00,1610,30
2021-11-27 17:00:00,2003,30
2021-11-27 18:00:00,1624,27
2021-11-27 19:00:00,1133,20
2021-11-27 20:00:00,1490,42
2021-11-27 21:00:00,1321,30
2021-11-27 22:00:00,1231,17
2021-11-27 23:00:00,1481,44
2021-11-28 00:00:00,525,27
2021-11-28 01:00:00,804,26
2021-11-28 02:00:00,707,31
2021-11-28 03:00:00,813,34
2021-11-28 04:00:00,774,32
2021-11-28 05:00:00,638,25
2021-11-28 06:00:00,1021,31
2021-11-28 07:00:00,1192,28
2021-11-28 08:00:00,1448,33
2021-11-28 09:00:00,673,16
2021-11-28 10:00:00,1877,39
2021-11-28 11:00:00,678,29
2021-11-28 12:00:00,2337,39
2021-11-28 13:00:00,1148,19
2021-11-28 14:00:00,1899,38
2021-11-28 15:00:00,1131,28
2021-11-28 16:00:00,2190,33
2021-11-28 17:00:00,1693,32
2021-11-28 18:00:00,1408,25
2021-11-28 19:00:00,1308,26
2021-11-28 20:00:00,1449,30
2021-11-28 21:00:00,1314,35
2021-11-28 22:00:00,1648,33
2021-11-28 23:00:00,1023,29
2021-11-29 00:00:00,1088,31
2021-11-29 01:00:00,577,20
2021-11-29 02:00:00,1097,39
2021-11-29 03:00:00,904,31
2021-11-29 04:00:00,905,30
2021-11-29 05:00:00,1191,32
2021-11-29 06:00:00,1350,28
2021-11-29 07:00:00,1472,26
2021-11-29 08:00:00,2067,34
2021-11-29 09:00:00,1568,32
2021-11-29 10:00:00,2221,29
2021-11-29 11:00:00,1991,31
2021-11-29 12:00:00,2526,28
2021-11-29 13:00:00,1702,26
2021-11-29 14:00:00,2440,34
2021-11-29 15:00:00,1095,32
2021-11-29 16:00:00,1595,31
2021-11-29 17:00:00,3571,34
2021-11-29 18:00:00,2644,32
2021-11-29 19:00:00,2331,30
2021-11-29 20:00:00,1986,33
2021-11-29 21:00:00,1086,25
2021-11-29 22:00:00,1900,39
2021-11-29 23:00:00,1382,22
2021-11-30 00:00:00,1132,30
2021-11-30 01:00:00,1110,37
2021-11-30 02:00:00,708,24
2021-11-30 03:00:00,980,33
2021-11-30 04:00:00,1011,32
2021-11-30 05:00:00,1052,31
2021-11-30 06:00:00,480,10
2021-11-30 07:00:00,2338,44
2021-11-30 08:00:00,1609,25
2021-11-30 09:00:00,2612,41
2021-11-30 10:00:00,1118,25
2021-11-30 11:00:00,2785,33
2021-11-30 12:00:00,2330,33
2021-11-30 13:00:00,2210,29
2021-11-30 14:00:00,1514,30
2021-11-30 15:00:00,3154,37
2021-11-30 16:00:00,2081,33
2021-11-30 17:00:00,785,11
2021-11-30 18:00:00,2838,37
2021-11-30 19:00:00,1751,40
2021-11-30 20:00:00,770,15
2021-11-30 21:00:00,2003,56
2021-11-30 22:00:00,1642,27
2021-11-30 23:00:00,2388,19
2021-12-01 00:00:00,1030,54
2021-12-01 01:00:00,1682,29
2021-12-01 02:00:00,873,18
2021-12-01 03:00:00,1264,40
2021-12-01 04:00:00,905,26
2021-12-01 05:00:00,1280,31
2021-12-01 06:00:00,1962,37
2021-12-01 07:00:00,1566,236
2021-12-01 08:00:00,1650,117
2021-12-01 09:00:00,1746,217
2021-12-01 10:00:00,343,20
2021-12-01 11:00:00,2997,180
2021-12-01 12:00:00,1759,84
2021-12-01 13:00:00,2258,50
2021-12-01 14:00:00,1931,81
2021-12-01 15:00:00,1614,39
2021-12-01 16:00:00,3116,41
2021-12-01 17:00:00,2338,35
2021-12-01 18:00:00,1688,55
2021-12-01 19:00:00,1281,26
2021-12-01 20:00:00,3291,65
2021-12-01 21:00:00,1212,19
2021-12-01 22:00:00,1642,40
2021-12-01 23:00:00,1449,37
2021-12-02 00:00:00,849,20
2021-12-02 01:00:00,1319,135
2021-12-02 02:00:00,899,55
2021-12-02 03:00:00,1078,169
2021-12-02 04:00:00,766,136
2021-12-02 05:00:00,3845,273
2021-12-02 06:00:00,1416,24
2021-12-02 07:00:00,574,21
2021-12-02 08:00:00,2311,34
2021-12-02 09:00:00,2680,35
2021-12-02 10:00:00,2413,29
2021-12-02 11:00:00,1754,32
2021-12-02 12:00:00,2070,31
2021-12-02 13:00:00,894,20
2021-12-02 14:00:00,1893,31
2021-12-02 15:00:00,1789,29
2021-12-02 16:00:00,3672,35
2021-12-02 17:00:00,2563,39
2021-12-02 18:00:00,2205,33
2021-12-02 19:00:00,1683,28
2021-12-02 20:00:00,1366,22
2021-12-02 21:00:00,2513,47
2021-12-02 22:00:00,844,28
2021-12-02 23:00:00,1642,31
2021-12-03 00:00:00,1138,31
2021-12-03 01:00:00,846,21
2021-12-03 02:00:00,1088,38
2021-12-03 03:00:00,603,22
2021-12-03 04:00:00,916,34
2021-12-03 05:00:00,819,24
2021-12-03 06:00:00,1982,39
2021-12-03 07:00:00,722,12
2021-12-03 08:00:00,2973,48
2021-12-03 09:00:00,1485,22
2021-12-03 10:00:00,968,25
2021-12-03 11:00:00,2405,42
2021-12-03 12:00:00,2444,29
2021-12-03 13:00:00,3111,33
2021-12-03 14:00:00,2253,32
2021-12-03 15:00:00,2292,28
2021-12-03 16:00:00,1723,22
2021-12-03 17:00:00,2666,36
2021-12-03 18:00:00,1658,40
2021-12-03 19:00:00,2951,31
2021-12-03 20:00:00,2141,34
2021-12-03 21:00:00,1793,32
2021-12-03 22:00:00,1392,31
2021-12-03 23:00:00,798,18
2021-12-04 00:00:00,1167,43
2021-12-04 01:00:00,1137,24
2021-12-04 02:00:00,881,29
2021-12-04 03:00:00,811,29
2021-12-04 04:00:00,1057,35
2021-12-04 05:00:00,1655,19
2021-12-04 06:00:00,2213,33
2021-12-04 07:00:00,2078,30
2021-12-04 08:00:00,1822,27
2021-12-04 09:00:00,1822,29
2021-12-04 10:00:00,2032,32
2021-12-04 11:00:00,1562,24
2021-12-04 12:00:00,1716,37
2021-12-04 13:00:00,2531,31
2021-12-04 14:00:00,1475,23
2021-12-04 15:00:00,2522,37
2021-12-04 16:00:00,935,30
2021-12-04 17:00:00,2470,24
2021-12-04 18:00:00,1765,31
2021-12-04 19:00:00,1650,34
2021-12-04 20:00:00,1173,20
2021-12-04 21:00:00,2096,39
2021-12-04 22:00:00,797,27
2021-12-04 23:00:00,1180,37
2021-12-05 00:00:00,559,30
2021-12-05 01:00:00,484,21
2021-12-05 02:00:00,582,34
2021-12-05 03:00:00,653,34
2021-12-05 04:00:00,567,24
2021-12-05 05:00:00,685,32
2021-12-05 06:00:00,1637,34
2021-12-05 07:00:00,2207,29
2021-12-05 08:00:00,1377,30
2021-12-05 09:00:00,1424,30
2021-12-05 10:00:00,850,31
2021-12-05 11:00:00,730,20
2021-12-05 12:00:00,2692,38
2021-12-05 13:00:00,1129,29
2021-12-05 14:00:00,1861,29
2021-12-05 15:00:00,1835,32
2021-12-05 16:00:00,1815,32
2021-12-05 17:00:00,1562,26
2021-12-05 18:00:00,1387,24
2021-12-05 19:00:00,1765,33
2021-12-05 20:00:00,1700,38
2021-12-05 21:00:00,1106,47
2021-12-05 22:00:00,692,31
2021-12-05 23:00:00,1199,201
2021-12-06 00:00:00,1064,106
2021-12-06 01:00:00,757,50
2021-12-06 02:00:00,726,53
2021-12-06 03:00:00,686,49
2021-12-06 04:00:00,791,53
2021-12-06 05:00:00,605,26
2021-12-06 06:00:00,1639,83
2021-12-06 07:00:00,1716,55
2021-12-06 08:00:00,1311,45
2021-12-06 09:00:00,2425,86
2021-12-06 10:00:00,1456,54
2021-12-06 11:00:00,2017,67
2021-12-06 12:00:00,2393,67
2021-12-06 13:00:00,1378,25
2021-12-06 14:00:00,2753,80
2021-12-06 15:00:00,2193,42
2021-12-06 16:00:00,2179,49
2021-12-06 17:00:00,2139,55
2021-12-06 18:00:00,1831,46
2021-12-06 19:00:00,1632,41
2021-12-06 20:00:00,2434,63
2021-12-06 21:00:00,2059,96
2021-12-06 22:00:00,986,40
2021-12-06 23:00:00,1533,195
2021-12-07 00:00:00,526,20
2021-12-07 01:00:00,771,36
2021-12-07 02:00:00,1807,160
2021-12-07 03:00:00,750,48
2021-12-07 04:00:00,864,49
2021-12-07 05:00:00,1266,92
2021-12-07 06:00:00,1499,72
2021-12-07 07:00:00,1851,54
2021-12-07 08:00:00,1972,48
2021-12-07 09:00:00,1563,27
2021-12-07 10:00:00,1888,50
2021-12-07 11:00:00,2617,66
2021-12-07 12:00:00,1545,49
2021-12-07 13:00:00,2475,61
2021-12-07 14:00:00,1710,44
2021-12-07 15:00:00,2359,160
2021-12-07 16:00:00,2288,161
2021-12-07 17:00:00,1922,101
2021-12-07 18:00:00,2134,84
2021-12-07 19:00:00,1909,79
2021-12-07 20:00:00,1848,65
2021-12-07 21:00:00,1190,47
2021-12-07 22:00:00,1449,56
2021-12-07 23:00:00,1208,164
2021-12-08 00:00:00,1198,86
2021-12-08 01:00:00,548,42
2021-12-08 02:00:00,840,62
2021-12-08 03:00:00,954,68
2021-12-08 04:00:00,892,60
2021-12-08 05:00:00,972,50
2021-12-08 06:00:00,1136,106
2021-12-08 07:00:00,2143,188
2021-12-08 08:00:00,1635,61
2021-12-08 09:00:00,2015,70
2021-12-08 10:00:00,1350,50
2021-12-08 11:00:00,2316,83
2021-12-08 12:00:00,1595,73
2021-12-08 13:00:00,2233,113
2021-12-08 14:00:00,1836,281
2021-12-08 15:00:00,404,4
2021-12-08 16:00:00,1167,22
2021-12-08 17:00:00,3878,84
2021-12-08 18:00:00,1765,48
2021-12-08 19:00:00,1329,65
2021-12-08 20:00:00,2369,180
2021-12-08 21:00:00,2000,93
2021-12-08 22:00:00,1283,69
2021-12-08 23:00:00,911,112
2021-12-09 00:00:00,1148,108
2021-12-09 01:00:00,1070,90
2021-12-09 02:00:00,781,205
2021-12-09 03:00:00,984,309
2021-12-09 04:00:00,980,187
2021-12-09 05:00:00,987,62
2021-12-09 06:00:00,1434,103
2021-12-09 07:00:00,1924,107
2021-12-09 08:00:00,1672,124
2021-12-09 09:00:00,1677,77
2021-12-09 10:00:00,1861,187
2021-12-09 11:00:00,1883,274
2021-12-09 12:00:00,1408,62
2021-12-09 13:00:00,2065,38
2021-12-09 14:00:00,1998,70
2021-12-09 15:00:00,2367,49
2021-12-09 16:00:00,2340,291
2021-12-09 17:00:00,2287,75
2021-12-09 18:00:00,1794,44
2021-12-09 19:00:00,2094,71
2021-12-09 20:00:00,2040,97
2021-12-09 21:00:00,1276,43
2021-12-09 22:00:00,1519,163
2021-12-09 23:00:00,1063,83
2021-12-10 00:00:00,1018,35
2021-12-10 01:00:00,939,180
2021-12-10 02:00:00,710,68
2021-12-10 03:00:00,406,29
2021-12-10 04:00:00,1103,86
2021-12-10 05:00:00,872,57
2021-12-10 06:00:00,1326,52
2021-12-10 07:00:00,2028,64
2021-12-10 08:00:00,578,15
2021-12-10 09:00:00,2705,95
2021-12-10 10:00:00,1370,56
2021-12-10 11:00:00,2051,81
2021-12-10 12:00:00,1218,42
2021-12-10 13:00:00,433,6
2021-12-10 14:00:00,4069,84
2021-12-10 15:00:00,2668,55
2021-12-10 16:00:00,719,24
2021-12-10 17:00:00,3609,124
2021-12-10 18:00:00,1480,34
2021-12-10 19:00:00,2667,78
2021-12-10 20:00:00,1807,132
2021-12-10 21:00:00,1380,95
2021-12-10 22:00:00,1439,90
2021-12-10 23:00:00,1278,52
2021-12-11 00:00:00,495,31
2021-12-11 01:00:00,1431,68
2021-12-11 02:00:00,889,52
2021-12-11 03:00:00,423,28
2021-12-11 04:00:00,1124,85
2021-12-11 05:00:00,786,44
2021-12-11 06:00:00,1344,85
2021-12-11 07:00:00,1368,52
2021-12-11 08:00:00,1498,54
2021-12-11 09:00:00,0,0
2021-12-11 10:00:00,3229,111
2021-12-11 11:00:00,2147,71
2021-12-11 12:00:00,1680,59
2021-12-11 13:00:00,1601,52
2021-12-11 14:00:00,1474,43
2021-12-11 15:00:00,1866,91
2021-12-11 16:00:00,1640,61
2021-12-11 17:00:00,1516,89
2021-12-11 18:00:00,1128,67
2021-12-11 19:00:00,2522,48
2021-12-11 20:00:00,1616,149
2021-12-11 21:00:00,1274,55
2021-12-11 22:00:00,1355,63
2021-12-11 23:00:00,898,54
2021-12-12 00:00:00,527,29
2021-12-12 01:00:00,535,47
2021-12-12 02:00:00,1058,88
2021-12-12 03:00:00,256,48
2021-12-12 04:00:00,1379,205
2021-12-12 05:00:00,623,54
2021-12-12 06:00:00,1334,63
2021-12-12 07:00:00,1202,57
2021-12-12 08:00:00,1332,57
2021-12-12 09:00:00,842,100
2021-12-12 10:00:00,1692,183
2021-12-12 11:00:00,1378,274
2021-12-12 12:00:00,1422,92
2021-12-12 13:00:00,1832,80
2021-12-12 14:00:00,1032,43
2021-12-12 15:00:00,2198,129
2021-12-12 16:00:00,1602,66
2021-12-12 17:00:00,1134,42
2021-12-12 18:00:00,1957,73
2021-12-12 19:00:00,1852,67
2021-12-12 20:00:00,1618,73
2021-12-12 21:00:00,1137,51
2021-12-12 22:00:00,1228,77
2021-12-12 23:00:00,837,82
2021-12-13 00:00:00,820,131
2021-12-13 01:00:00,600,51
2021-12-13 02:00:00,885,66
2021-12-13 03:00:00,650,63
2021-12-13 04:00:00,615,53
2021-12-13 05:00:00,740,63
2021-12-13 06:00:00,354,22
2021-12-13 07:00:00,2387,50
2021-12-13 08:00:00,1776,190
2021-12-13 09:00:00,1050,34
2021-12-13 10:00:00,2041,62
2021-12-13 11:00:00,1565,57
2021-12-13 12:00:00,520,13
2021-12-13 13:00:00,2823,58
2021-12-13 14:00:00,1579,31
2021-12-13 15:00:00,3115,97
2021-12-13 16:00:00,1916,51
2021-12-13 17:00:00,1006,21
2021-12-13 18:00:00,2813,69
2021-12-13 19:00:00,2507,205
2021-12-13 20:00:00,1782,41
2021-12-13 21:00:00,2007,94
2021-12-13 22:00:00,1312,74
2021-12-13 23:00:00,1356,81
2021-12-14 00:00:00,777,57
2021-12-14 01:00:00,939,80
2021-12-14 02:00:00,749,76
2021-12-14 03:00:00,789,78
2021-12-14 04:00:00,834,50
2021-12-14 05:00:00,768,36
2021-12-14 06:00:00,1468,56
2021-12-14 07:00:00,1853,48
2021-12-14 08:00:00,1086,31
2021-12-14 09:00:00,2098,86
2021-12-14 10:00:00,1885,73
2021-12-14 11:00:00,1541,39
2021-12-14 12:00:00,2237,96
2021-12-14 13:00:00,1721,52
2021-12-14 14:00:00,2518,157
2021-12-14 15:00:00,1614,43
2021-12-14 16:00:00,2508,67
2021-12-14 17:00:00,2105,56
2021-12-14 18:00:00,1027,24
2021-12-14 19:00:00,784,29
2021-12-14 20:00:00,2290,46
2021-12-14 21:00:00,1886,37
2021-12-14 22:00:00,1616,32
2021-12-14 23:00:00,2584,113
2021-12-15 00:00:00,875,37
2021-12-15 01:00:00,862,37
2021-12-15 02:00:00,1309,78
2021-12-15 03:00:00,815,55
2021-12-15 04:00:00,203,12
2021-12-15 05:00:00,1714,102
2021-12-15 06:00:00,969,98
2021-12-15 07:00:00,2285,69
2021-12-15 08:00:00,1670,27
2021-12-15 09:00:00,1414,22
2021-12-15 10:00:00,2415,35
2021-12-15 11:00:00,2173,35
2021-12-15 12:00:00,1299,20
2021-12-15 13:00:00,2421,38
2021-12-15 14:00:00,1755,26
2021-12-15 15:00:00,1581,29
2021-12-15 16:00:00,2948,29
2021-12-15 17:00:00,1740,31
2021-12-15 18:00:00,2055,32
2021-12-15 19:00:00,2182,30
2021-12-15 20:00:00,1794,34
2021-12-15 21:00:00,2072,28
2021-12-15 22:00:00,1859,32
2021-12-15 23:00:00,913,39
2021-12-16 00:00:00,870,33
2021-12-16 01:00:00,1432,31
2021-12-16 02:00:00,521,17
2021-12-16 03:00:00,895,32
2021-12-16 04:00:00,530,26
2021-12-16 05:00:00,1646,41
2021-12-16 06:00:00,1765,40
2021-12-16 07:00:00,1734,27
2021-12-16 08:00:00,2039,31
2021-12-16 09:00:00,1933,29
2021-12-16 10:00:00,1804,28
2021-12-16 11:00:00,1545,31
2021-12-16 12:00:00,2657,33
2021-12-16 13:00:00,1949,27
2021-12-16 14:00:00,1867,27
2021-12-16 15:00:00,2162,33
2021-12-16 16:00:00,2074,32
2021-12-16 17:00:00,2417,32
2021-12-16 18:00:00,976,12
2021-12-16 19:00:00,1892,37
2021-12-16 20:00:00,0,0
2021-12-16 21:00:00,1543,36
2021-12-16 22:00:00,1510,33
2021-12-16 23:00:00,1361,24
2021-12-17 00:00:00,2664,35
2021-12-17 01:00:00,1387,33
2021-12-17 02:00:00,561,25
2021-12-17 03:00:00,909,31
2021-12-17 04:00:00,818,33
2021-12-17 05:00:00,927,29
2021-12-17 06:00:00,1488,32
2021-12-17 07:00:00,1101,26
2021-12-17 08:00:00,2277,33
2021-12-17 09:00:00,1726,27
2021-12-17 10:00:00,1302,178
2021-12-17 11:00:00,1699,53
2021-12-17 12:00:00,1832,97
2021-12-17 13:00:00,1836,162
2021-12-17 14:00:00,1487,69
2021-12-17 15:00:00,2271,128
2021-12-17 16:00:00,1621,25
2021-12-17 17:00:00,2369,102
2021-12-17 18:00:00,1562,42
2021-12-17 19:00:00,1878,64
2021-12-17 20:00:00,974,27
2021-12-17 21:00:00,1854,88
2021-12-17 22:00:00,409,9
2021-12-17 23:00:00,1525,52
2021-12-18 00:00:00,1078,50
2021-12-18 01:00:00,1000,85
2021-12-18 02:00:00,541,35
2021-12-18 03:00:00,952,152
2021-12-18 04:00:00,635,54
2021-12-18 05:00:00,3163,189
2021-12-18 06:00:00,2488,30
2021-12-18 07:00:00,2263,31
2021-12-18 08:00:00,1734,29
2021-12-18 09:00:00,1129,20
2021-12-18 10:00:00,1709,40
2021-12-18 11:00:00,1742,26
2021-12-18 12:00:00,1869,32
2021-12-18 13:00:00,1505,28
2021-12-18 14:00:00,1633,34
2021-12-18 15:00:00,1214,18
2021-12-18 16:00:00,1815,42
2021-12-18 17:00:00,1855,23
2021-12-18 18:00:00,1971,36
2021-12-18 19:00:00,1551,29
2021-12-18 20:00:00,1260,30
2021-12-18 21:00:00,1275,27
2021-12-18 22:00:00,774,20
2021-12-18 23:00:00,1277,44
2021-12-19 00:00:00,766,28
2021-12-19 01:00:00,721,32
2021-12-19 02:00:00,568,29
2021-12-19 03:00:00,526,25
2021-12-19 04:00:00,859,35
2021-12-19 05:00:00,807,29
2021-12-19 06:00:00,1091,28
2021-12-19 07:00:00,1346,33
2021-12-19 08:00:00,1159,30
2021-12-19 09:00:00,1445,25
2021-12-19 10:00:00,1545,34
2021-12-19 11:00:00,1432,30
2021-12-19 12:00:00,1312,28
2021-12-19 13:00:00,1305,27
2021-12-19 14:00:00,1769,35
2021-12-19 15:00:00,1174,24
2021-12-19 16:00:00,1807,36
2021-12-19 17:00:00,1224,26
2021-12-19 18:00:00,1798,29
2021-12-19 19:00:00,1422,32
2021-12-19 20:00:00,724,21
2021-12-19 21:00:00,1026,31
2021-12-19 22:00:00,1829,34
2021-12-19 23:00:00,1039,35
2021-12-20 00:00:00,0,0
2021-12-20 01:00:00,1347,59
2021-12-20 02:00:00,650,28
2021-12-20 03:00:00,716,32
2021-12-20 04:00:00,731,29
2021-12-20 05:00:00,934,33
2021-12-20 06:00:00,1044,24
2021-12-20 07:00:00,886,32
2021-12-20 08:00:00,2530,30
2021-12-20 09:00:00,2166,33
2021-12-20 10:00:00,1781,27
2021-12-20 11:00:00,1472,23
2021-12-20 12:00:00,1075,25
2021-12-20 13:00:00,1699,35
2021-12-20 14:00:00,1306,32
2021-12-20 15:00:00,2508,38
2021-12-20 16:00:00,3219,32
2021-12-20 17:00:00,2974,26
2021-12-20 18:00:00,983,14
2021-12-20 19:00:00,2657,23
2021-12-20 20:00:00,2445,29
2021-12-20 21:00:00,1568,21
2021-12-20 22:00:00,1664,25
2021-12-20 23:00:00,583,21
2021-12-21 00:00:00,1441,20
2021-12-21 01:00:00,989,25
2021-12-21 02:00:00,0,0
2021-12-21 03:00:00,1668,63
2021-12-21 04:00:00,1179,31
2021-12-21 05:00:00,1396,23
2021-12-21 06:00:00,1742,18
2021-12-21 07:00:00,1708,8
2021-12-21 08:00:00,2033,28
2021-12-21 09:00:00,1688,27
2021-12-21 10:00:00,928,16
2021-12-21 11:00:00,1450,33
2021-12-21 12:00:00,3206,44
2021-12-21 13:00:00,3167,31
2021-12-21 14:00:00,902,13
2021-12-21 15:00:00,3360,49
2021-12-21 16:00:00,1301,24
2021-12-21 17:00:00,2816,29
2021-12-21 18:00:00,2413,30
2021-12-21 19:00:00,1705,27
2021-12-21 20:00:00,2189,37
2021-12-21 21:00:00,1103,21
2021-12-21 22:00:00,2105,42
2021-12-21 23:00:00,1234,32
2021-12-22 00:00:00,624,19
2021-12-22 01:00:00,1345,43
2021-12-22 02:00:00,534,20
2021-12-22 03:00:00,348,20
2021-12-22 04:00:00,1544,50
2021-12-22 05:00:00,1333,31
2021-12-22 06:00:00,577,11
2021-12-22 07:00:00,2975,48
2021-12-22 08:00:00,1612,25
2021-12-22 09:00:00,1966,28
2021-12-22 10:00:00,2052,31
2021-12-22 11:00:00,2237,34
2021-12-22 12:00:00,2339,32
2021-12-22 13:00:00,2062,31
2021-12-22 14:00:00,2183,33
2021-12-22 15:00:00,2257,31
2021-12-22 16:00:00,1519,19
2021-12-22 17:00:00,3063,42
2021-12-22 18:00:00,2407,32
2021-12-22 19:00:00,1730,25
2021-12-22 20:00:00,2122,38
2021-12-22 21:00:00,1167,16
2021-12-22 22:00:00,2127,44
2021-12-22 23:00:00,1261,31
2021-12-23 00:00:00,1054,30
2021-12-23 01:00:00,885,31
2021-12-23 02:00:00,882,31
2021-12-23 03:00:00,760,28
2021-12-23 04:00:00,904,31
2021-12-23 05:00:00,1096,31
2021-12-23 06:00:00,1606,30
2021-12-23 07:00:00,1992,30
2021-12-23 08:00:00,1934,28
2021-12-23 09:00:00,1961,30
2021-12-23 10:00:00,2106,34
2021-12-23 11:00:00,1704,30
2021-12-23 12:00:00,1996,30
2021-12-23 13:00:00,2243,32
2021-12-23 14:00:00,2464,35
2021-12-23 15:00:00,1893,32
2021-12-23 16:00:00,1237,25
2021-12-23 17:00:00,2059,36
2021-12-23 18:00:00,1793,24
2021-12-23 19:00:00,4773,39
2021-12-23 20:00:00,2216,34
2021-12-23 21:00:00,1516,30
2021-12-23 22:00:00,2214,30
2021-12-23 23:00:00,991,20
2021-12-24 00:00:00,1458,37
2021-12-24 01:00:00,1299,37
2021-12-24 02:00:00,934,28
2021-12-24 03:00:00,0,0
2021-12-24 04:00:00,1815,60
2021-12-24 05:00:00,916,4
2021-12-24 06:00:00,1609,28
2021-12-24 07:00:00,1601,22
2021-12-24 08:00:00,2728,151
2021-12-24 09:00:00,1872,50
2021-12-24 10:00:00,1270,36
2021-12-24 11:00:00,2170,17
2021-12-24 12:00:00,2067,82
2021-12-24 13:00:00,2003,48
2021-12-24 14:00:00,1380,61
2021-12-24 15:00:00,2658,36
2021-12-24 16:00:00,2579,199
2021-12-24 17:00:00,3124,110
2021-12-24 18:00:00,1991,119
2021-12-24 19:00:00,2073,133
2021-12-24 20:00:00,1599,85
2021-12-24 21:00:00,1850,103
2021-12-24 22:00:00,914,86
2021-12-24 23:00:00,1160,129
2021-12-25 00:00:00,970,151
2021-12-25 01:00:00,657,82
2021-12-25 02:00:00,695,129
2021-12-25 03:00:00,446,110
2021-12-25 04:00:00,818,110
2021-12-25 05:00:00,901,119
2021-12-25 06:00:00,948,156
2021-12-25 07:00:00,2398,135
2021-12-25 08:00:00,2357,128
2021-12-25 09:00:00,953,74
2021-12-25 10:00:00,1175,36
2021-12-25 11:00:00,2564,85
2021-12-25 12:00:00,1740,100
2021-12-25 13:00:00,1330,24
2021-12-25 14:00:00,1817,94
2021-12-25 15:00:00,1622,34
2021-12-25 16:00:00,1366,99
2021-12-25 17:00:00,1407,37
2021-12-25 18:00:00,1664,68
2021-12-25 19:00:00,954,20
2021-12-25 20:00:00,830,72
2021-12-25 21:00:00,1726,54
2021-12-25 22:00:00,1218,82
2021-12-25 23:00:00,808,29
2021-12-26 00:00:00,726,73
2021-12-26 01:00:00,761,33
2021-12-26 02:00:00,585,64
2021-12-26 03:00:00,344,18
2021-12-26 04:00:00,914,75
2021-12-26 05:00:00,555,28
2021-12-26 06:00:00,900,79
2021-12-26 07:00:00,557,15
2021-12-26 08:00:00,1431,87
2021-12-26 09:00:00,1656,64
2021-12-26 10:00:00,1545,65
2021-12-26 11:00:00,1354,31
2021-12-26 12:00:00,1080,87
2021-12-26 13:00:00,823,24
2021-12-26 14:00:00,1741,80
2021-12-26 15:00:00,606,35
2021-12-26 16:00:00,2047,73
2021-12-26 17:00:00,2311,61
2021-12-26 18:00:00,835,32
2021-12-26 19:00:00,1405,106
2021-12-26 20:00:00,2059,65
2021-12-26 21:00:00,1297,30
2021-12-26 22:00:00,1259,92
2021-12-26 23:00:00,878,30
2021-12-27 00:00:00,851,79
2021-12-27 01:00:00,678,30
2021-12-27 02:00:00,868,119
2021-12-27 03:00:00,348,19
2021-12-27 04:00:00,1104,66
2021-12-27 05:00:00,810,33
2021-12-27 06:00:00,1103,100
2021-12-27 07:00:00,2035,51
2021-12-27 08:00:00,1304,98
2021-12-27 09:00:00,1710,28
2021-12-27 10:00:00,2282,135
2021-12-27 11:00:00,2259,97
2021-12-27 12:00:00,1940,79
2021-12-27 13:00:00,1491,33
2021-12-27 14:00:00,1961,34
2021-12-27 15:00:00,1953,41
2021-12-27 16:00:00,584,12
2021-12-27 17:00:00,720,19
2021-12-27 18:00:00,2835,52
2021-12-27 19:00:00,1565,34
2021-12-27 20:00:00,1154,26
2021-12-27 21:00:00,2053,140
2021-12-27 22:00:00,3099,119
2021-12-27 23:00:00,1578,80
2021-12-28 00:00:00,722,113
2021-12-28 01:00:00,1354,61
2021-12-28 02:00:00,379,50
2021-12-28 03:00:00,1052,42
2021-12-28 04:00:00,978,84
2021-12-28 05:00:00,923,33
2021-12-28 06:00:00,1566,150
2021-12-28 07:00:00,1931,117
2021-12-28 08:00:00,964,32
2021-12-28 09:00:00,2779,183
2021-12-28 10:00:00,999,61
2021-12-28 11:00:00,2859,135
2021-12-28 12:00:00,1367,43
2021-12-28 13:00:00,2506,64
2021-12-28 14:00:00,1065,102
2021-12-28 15:00:00,1467,43
2021-12-28 16:00:00,1452,27
2021-12-28 17:00:00,2913,87
2021-12-28 18:00:00,881,75
2021-12-28 19:00:00,2642,90
2021-12-28 20:00:00,1487,49
2021-12-28 21:00:00,1189,99
2021-12-28 22:00:00,1429,98
2021-12-28 23:00:00,1147,79
2021-12-29 00:00:00,1932,105
2021-12-29 01:00:00,1271,31
2021-12-29 02:00:00,787,106
2021-12-29 03:00:00,758,34
2021-12-29 04:00:00,797,81
2021-12-29 05:00:00,425,21
2021-12-29 06:00:00,1833,89
2021-12-29 07:00:00,982,19
2021-12-29 08:00:00,2624,124
2021-12-29 09:00:00,1663,33
2021-12-29 10:00:00,1767,108
2021-12-29 11:00:00,1843,36
2021-12-29 12:00:00,1139,56
2021-12-29 13:00:00,1207,42
2021-12-29 14:00:00,1842,42
2021-12-29 15:00:00,1926,44
2021-12-29 16:00:00,905,92
2021-12-29 17:00:00,2775,82
2021-12-29 18:00:00,1851,109
2021-12-29 19:00:00,1457,64
2021-12-29 20:00:00,1800,148
2021-12-29 21:00:00,3240,63
2021-12-29 22:00:00,1566,118
2021-12-29 23:00:00,1214,31
2021-12-30 00:00:00,1341,92
2021-12-30 01:00:00,867,31
2021-12-30 02:00:00,786,97
2021-12-30 03:00:00,775,26
2021-12-30 04:00:00,1000,90
2021-12-30 05:00:00,734,25
2021-12-30 06:00:00,1540,95
2021-12-30 07:00:00,1600,34
2021-12-30 08:00:00,1726,108
2021-12-30 09:00:00,1761,28
2021-12-30 10:00:00,0,0
2021-12-30 11:00:00,991,24
2021-12-30 12:00:00,1545,78
2021-12-30 13:00:00,3478,44
2021-12-30 14:00:00,1333,124
2021-12-30 15:00:00,1772,39
2021-12-30 16:00:00,1976,120
2021-12-30 17:00:00,1059,33
2021-12-30 18:00:00,1402,36
2021-12-30 19:00:00,2237,71
2021-12-30 20:00:00,1226,39
2021-12-30 21:00:00,2126,130
2021-12-30 22:00:00,1239,121
2021-12-30 23:00:00,1595,43
2021-12-31 00:00:00,1353,75
2021-12-31 01:00:00,2557,103
2021-12-31 02:00:00,771,100
2021-12-31 03:00:00,2048,67
2021-12-31 04:00:00,534,76
2021-12-31 05:00:00,905,53
2021-12-31 06:00:00,1687,77
2021-12-31 07:00:00,2275,28
2021-12-31 08:00:00,1876,113
2021-12-31 09:00:00,1309,60
2021-12-31 10:00:00,1722,89
2021-12-31 11:00:00,2919,43
2021-12-31 12:00:00,2010,113
2021-12-31 13:00:00,2150,34
2021-12-31 14:00:00,1427,111
2021-12-31 15:00:00,2874,38
2021-12-31 16:00:00,1116,36
2021-12-31 17:00:00,2899,158
2021-12-31 18:00:00,1047,59
2021-12-31 19:00:00,1799,56
2021-12-31 20:00:00,2117,74
2021-12-31 21:00:00,1852,47
2021-12-31 22:00:00,1263,104
2021-12-31 23:00:00,966,33
2022-01-01 00:00:00,966,81
2022-01-01 01:00:00,892,33
2022-01-01 02:00:00,339,50
2022-01-01 03:00:00,921,58
2022-01-01 04:00:00,543,70
2022-01-01 05:00:00,606,32
2022-01-01 06:00:00,934,85
2022-01-01 07:00:00,974,27
2022-01-01 08:00:00,1390,80
2022-01-01 09:00:00,1118,50
2022-01-01 10:00:00,1323,47
2022-01-01 11:00:00,1300,28
2022-01-01 12:00:00,1542,87
2022-01-01 13:00:00,1276,30
2022-01-01 14:00:00,1326,93
2022-01-01 15:00:00,1431,31
2022-01-01 16:00:00,858,50
2022-01-01 17:00:00,1802,38
2022-01-01 18:00:00,1394,90
2022-01-01 19:00:00,1358,31
2022-01-01 20:00:00,1433,75
2022-01-01 21:00:00,970,30
2022-01-01 22:00:00,506,62
2022-01-01 23:00:00,1016,39
2022-01-02 00:00:00,915,68
2022-01-02 01:00:00,527,27
2022-01-02 02:00:00,573,83
2022-01-02 03:00:00,478,27
2022-01-02 04:00:00,671,64
2022-01-02 05:00:00,366,17
2022-01-02 06:00:00,865,79
2022-01-02 07:00:00,1228,37
2022-01-02 08:00:00,1266,85
2022-01-02 09:00:00,1043,29
2022-01-02 10:00:00,1281,79
2022-01-02 11:00:00,1069,27
2022-01-02 12:00:00,1427,75
2022-01-02 13:00:00,1108,52
2022-01-02 14:00:00,1634,66
2022-01-02 15:00:00,1392,48
2022-01-02 16:00:00,940,68
2022-01-02 17:00:00,1977,35
2022-01-02 18:00:00,1210,38
2022-01-02 19:00:00,1523,85
2022-01-02 20:00:00,1764,96
2022-01-02 21:00:00,475,13
2022-01-02 22:00:00,1366,51
2022-01-02 23:00:00,1081,73
2022-01-03 00:00:00,694,68
2022-01-03 01:00:00,781,34
2022-01-03 02:00:00,508,56
2022-01-03 03:00:00,739,37
2022-01-03 04:00:00,553,92
2022-01-03 05:00:00,227,10
2022-01-03 06:00:00,1566,76
2022-01-03 07:00:00,973,22
2022-01-03 08:00:00,934,73
2022-01-03 09:00:00,2447,53
2022-01-03 10:00:00,1512,123
2022-01-03 11:00:00,1317,24
2022-01-03 12:00:00,2523,109
2022-01-03 13:00:00,1925,34
2022-01-03 14:00:00,1718,135
2022-01-03 15:00:00,1680,45
2022-01-03 16:00:00,1832,77
2022-01-03 17:00:00,2129,39
2022-01-03 18:00:00,1780,103
2022-01-03 19:00:00,1225,35
2022-01-03 20:00:00,1729,24
2022-01-03 21:00:00,597,13
2022-01-03 22:00:00,1251,59
2022-01-03 23:00:00,1562,34
2022-01-04 00:00:00,1902,127
2022-01-04 01:00:00,705,43
2022-01-04 02:00:00,880,95
2022-01-04 03:00:00,1001,107
2022-01-04 04:00:00,898,117
2022-01-04 05:00:00,702,25
2022-01-04 06:00:00,1362,102
2022-01-04 07:00:00,1627,33
2022-01-04 08:00:00,1580,26
2022-01-04 09:00:00,1783,31
2022-01-04 10:00:00,1324,24
2022-01-04 11:00:00,2148,106
2022-01-04 12:00:00,1239,51
2022-01-04 13:00:00,2710,77
2022-01-04 14:00:00,1662,136
2022-01-04 15:00:00,2403,32
2022-01-04 16:00:00,1589,114
2022-01-04 17:00:00,1209,29
2022-01-04 18:00:00,1867,72
2022-01-04 19:00:00,1586,55
2022-01-04 20:00:00,1318,101
2022-01-04 21:00:00,720,18
2022-01-04 22:00:00,2031,102
2022-01-04 23:00:00,2548,28
2022-01-05 00:00:00,1384,115
2022-01-05 01:00:00,951,33
2022-01-05 02:00:00,295,21
2022-01-05 03:00:00,1151,99
2022-01-05 04:00:00,803,74
2022-01-05 05:00:00,961,33
2022-01-05 06:00:00,1286,92
2022-01-05 07:00:00,1680,29
2022-01-05 08:00:00,1828,104
2022-01-05 09:00:00,387,25
2022-01-05 10:00:00,2267,127
2022-01-05 11:00:00,2521,47
2022-01-05 12:00:00,1345,107
2022-01-05 13:00:00,1993,32
2022-01-05 14:00:00,1101,71
2022-01-05 15:00:00,1702,34
2022-01-05 16:00:00,1152,26
2022-01-05 17:00:00,2369,35
2022-01-05 18:00:00,2904,155
2022-01-05 19:00:00,1225,119
2022-01-05 20:00:00,2977,125
2022-01-05 21:00:00,1634,24
2022-01-05 22:00:00,2295,149
2022-01-05 23:00:00,525,22
2022-01-06 00:00:00,293,11
2022-01-06 01:00:00,1076,50
2022-01-06 02:00:00,1481,169
2022-01-06 03:00:00,1104,24
2022-01-06 04:00:00,1169,142
2022-01-06 05:00:00,925,30
2022-01-06 06:00:00,1296,108
2022-01-06 07:00:00,829,14
2022-01-06 08:00:00,2240,119
2022-01-06 09:00:00,2205,111
2022-01-06 10:00:00,1520,77
2022-01-06 11:00:00,2071,31
2022-01-06 12:00:00,1648,113
2022-01-06 13:00:00,1523,26
2022-01-06 14:00:00,1441,134
2022-01-06 15:00:00,2014,52
2022-01-06 16:00:00,1553,45
2022-01-06 17:00:00,2115,127
2022-01-06 18:00:00,2845,123
2022-01-06 19:00:00,1958,31
2022-01-06 20:00:00,1823,120
2022-01-06 21:00:00,1097,32
2022-01-06 22:00:00,1447,99
2022-01-06 23:00:00,1457,36
2022-01-07 00:00:00,959,105
2022-01-07 01:00:00,720,26
2022-01-07 02:00:00,813,68
2022-01-07 03:00:00,981,91
2022-01-07 04:00:00,674,46
2022-01-07 05:00:00,1494,44
2022-01-07 06:00:00,937,112
2022-01-07 07:00:00,1878,38
2022-01-07 08:00:00,1165,33
2022-01-07 09:00:00,2450,109
2022-01-07 10:00:00,1840,146
2022-01-07 11:00:00,1422,25
2022-01-07 12:00:00,601,22
2022-01-07 13:00:00,1942,62
2022-01-07 14:00:00,2306,218
2022-01-07 15:00:00,2914,31
2022-01-07 16:00:00,1444,31
2022-01-07 17:00:00,2349,126
2022-01-07 18:00:00,1189,71
2022-01-07 19:00:00,3075,92
2022-01-07 20:00:00,1924,114
2022-01-07 21:00:00,747,13
2022-01-07 22:00:00,2272,117
2022-01-07 23:00:00,1127,27
2022-01-08 00:00:00,1022,104
2022-01-08 01:00:00,958,35
2022-01-08 02:00:00,473,69
2022-01-08 03:00:00,907,38
2022-01-08 04:00:00,808,88
2022-01-08 05:00:00,852,29
2022-01-08 06:00:00,406,20
2022-01-08 07:00:00,2353,93
2022-01-08 08:00:00,1553,97
2022-01-08 09:00:00,1146,25
2022-01-08 10:00:00,1738,92
2022-01-08 11:00:00,1547,33
2022-01-08 12:00:00,1603,83
2022-01-08 13:00:00,1185,21
2022-01-08 14:00:00,1799,104
2022-01-08 15:00:00,0,0
2022-01-08 16:00:00,2471,63
2022-01-08 17:00:00,1994,84
2022-01-08 18:00:00,2578,118
2022-01-08 19:00:00,2043,30
2022-01-08 20:00:00,1767,117
2022-01-08 21:00:00,843,32
2022-01-08 22:00:00,1664,94
2022-01-08 23:00:00,963,26
2022-01-09 00:00:00,767,94
2022-01-09 01:00:00,852,39
2022-01-09 02:00:00,724,86
2022-01-09 03:00:00,735,30
2022-01-09 04:00:00,683,89
2022-01-09 05:00:00,661,30
2022-01-09 06:00:00,1024,88
2022-01-09 07:00:00,1042,27
2022-01-09 08:00:00,1444,76
2022-01-09 09:00:00,1023,23
2022-01-09 10:00:00,1339,92
2022-01-09 11:00:00,1616,41
2022-01-09 12:00:00,1351,97
2022-01-09 13:00:00,1326,83
2022-01-09 14:00:00,1402,51
2022-01-09 15:00:00,923,56
2022-01-09 16:00:00,1820,66
2022-01-09 17:00:00,1616,32
2022-01-09 18:00:00,1981,93
2022-01-09 19:00:00,1580,30
2022-01-09 20:00:00,1273,87
2022-01-09 21:00:00,1339,33
2022-01-09 22:00:00,880,81
2022-01-09 23:00:00,1180,39
2022-01-10 00:00:00,756,86
2022-01-10 01:00:00,602,28
2022-01-10 02:00:00,749,67
2022-01-10 03:00:00,661,30
2022-01-10 04:00:00,673,65
2022-01-10 05:00:00,769,55
2022-01-10 06:00:00,1225,79
2022-01-10 07:00:00,1476,8
2022-01-10 08:00:00,1904,112
2022-01-10 09:00:00,1425,98
2022-01-10 10:00:00,1650,39
2022-01-10 11:00:00,1886,44
2022-01-10 12:00:00,2181,122
2022-01-10 13:00:00,1537,33
2022-01-10 14:00:00,960,24
2022-01-10 15:00:00,2638,50
2022-01-10 16:00:00,1861,144
2022-01-10 17:00:00,3057,47
2022-01-10 18:00:00,1793,129
2022-01-10 19:00:00,2177,103
2022-01-10 20:00:00,1607,116
2022-01-10 21:00:00,1782,55
2022-01-10 22:00:00,1709,111
2022-01-10 23:00:00,953,26
2022-01-11 00:00:00,994,97
2022-01-11 01:00:00,1044,35
2022-01-11 02:00:00,786,89
2022-01-11 03:00:00,859,32
2022-01-11 04:00:00,543,83
2022-01-11 05:00:00,1170,67
2022-01-11 06:00:00,1571,89
2022-01-11 07:00:00,919,18
2022-01-11 08:00:00,498,21
2022-01-11 09:00:00,1866,41
2022-01-11 10:00:00,2744,127
2022-01-11 11:00:00,1985,176
2022-01-11 12:00:00,1427,50
2022-01-11 13:00:00,2365,52
2022-01-11 14:00:00,1070,67
2022-01-11 15:00:00,2142,122
2022-01-11 16:00:00,1768,99
2022-01-11 17:00:00,3113,37
2022-01-11 18:00:00,2404,132
2022-01-11 19:00:00,1935,39
2022-01-11 20:00:00,1876,123
2022-01-11 21:00:00,1369,31
2022-01-11 22:00:00,1471,94
2022-01-11 23:00:00,1184,33
2022-01-12 00:00:00,0,0
2022-01-12 01:00:00,774,46
2022-01-12 02:00:00,1467,103
2022-01-12 03:00:00,1079,109
2022-01-12 04:00:00,505,73
2022-01-12 05:00:00,1253,102
2022-01-12 06:00:00,929,41
2022-01-12 07:00:00,2072,44
2022-01-12 08:00:00,1781,99
2022-01-12 09:00:00,1674,37
2022-01-12 10:00:00,1608,110
2022-01-12 11:00:00,2300,40
2022-01-12 12:00:00,1305,64
2022-01-12 13:00:00,2455,79
2022-01-12 14:00:00,837,25
2022-01-12 15:00:00,3351,191
2022-01-12 16:00:00,1836,104
2022-01-12 17:00:00,1708,25
2022-01-12 18:00:00,2687,116
2022-01-12 19:00:00,1832,34
2022-01-12 20:00:00,1653,119
2022-01-12 21:00:00,1827,37
2022-01-12 22:00:00,1148,102
2022-01-12 23:00:00,1265,38
2022-01-13 00:00:00,1181,74
2022-01-13 01:00:00,888,35
2022-01-13 02:00:00,294,79
2022-01-13 03:00:00,1207,97
2022-01-13 04:00:00,772,56
2022-01-13 05:00:00,550,20
2022-01-13 06:00:00,1488,99
2022-01-13 07:00:00,1837,36
2022-01-13 08:00:00,1455,100
2022-01-13 09:00:00,2041,38
2022-01-13 10:00:00,1522,104
2022-01-13 11:00:00,2450,114
2022-01-13 12:00:00,1839,68
2022-01-13 13:00:00,895,23
2022-01-13 14:00:00,2382,55
2022-01-13 15:00:00,1647,55
2022-01-13 16:00:00,2187,123
2022-01-13 17:00:00,2684,50
2022-01-13 18:00:00,2260,173
2022-01-13 19:00:00,1813,37
2022-01-13 20:00:00,1449,100
2022-01-13 21:00:00,1924,46
2022-01-13 22:00:00,791,91
2022-01-13 23:00:00,1609,50
2022-01-14 00:00:00,780,91
2022-01-14 01:00:00,840,28
2022-01-14 02:00:00,1051,112
2022-01-14 03:00:00,873,36
2022-01-14 04:00:00,863,94
2022-01-14 05:00:00,830,30
2022-01-14 06:00:00,1602,92
2022-01-14 07:00:00,1067,26
2022-01-14 08:00:00,1249,95
2022-01-14 09:00:00,2701,53
2022-01-14 10:00:00,1954,124
2022-01-14 11:00:00,1331,86
2022-01-14 12:00:00,2001,74
2022-01-14 13:00:00,2391,46
2022-01-14 14:00:00,2022,139
2022-01-14 15:00:00,2219,98
2022-01-14 16:00:00,2019,57
2022-01-14 17:00:00,2423,40
2022-01-14 18:00:00,2006,123
2022-01-14 19:00:00,1478,40
2022-01-14 20:00:00,1153,33
2022-01-14 21:00:00,2506,111
2022-01-14 22:00:00,1491,83
2022-01-14 23:00:00,1588,55
2022-01-15 00:00:00,875,92
2022-01-15 01:00:00,1012,41
2022-01-15 02:00:00,568,75
2022-01-15 03:00:00,961,44
2022-01-15 04:00:00,660,90
2022-01-15 05:00:00,855,37
2022-01-15 06:00:00,1464,84
2022-01-15 07:00:00,1354,31
2022-01-15 08:00:00,1686,108
2022-01-15 09:00:00,1933,41
2022-01-15 10:00:00,1247,41
2022-01-15 11:00:00,1802,49
2022-01-15 12:00:00,1773,131
2022-01-15 13:00:00,1824,40
2022-01-15 14:00:00,1890,124
2022-01-15 15:00:00,1461,61
2022-01-15 16:00:00,1262,60
2022-01-15 17:00:00,1003,22
2022-01-15 18:00:00,2771,118
2022-01-15 19:00:00,926,22
2022-01-15 20:00:00,2521,72
2022-01-15 21:00:00,1613,90
2022-01-15 22:00:00,1340,105
2022-01-15 23:00:00,975,39
2022-01-16 00:00:00,698,82
2022-01-16 01:00:00,794,43
2022-01-16 02:00:00,670,73
2022-01-16 03:00:00,577,40
2022-01-16 04:00:00,456,63
2022-01-16 05:00:00,980,47
2022-01-16 06:00:00,868,97
2022-01-16 07:00:00,1107,38
2022-01-16 08:00:00,1239,78
2022-01-16 09:00:00,1388,97
2022-01-16 10:00:00,1743,53
2022-01-16 11:00:00,1430,38
2022-01-16 12:00:00,1450,102
2022-01-16 13:00:00,1200,31
2022-01-16 14:00:00,1441,87
2022-01-16 15:00:00,1590,71
2022-01-16 16:00:00,1588,78
2022-01-16 17:00:00,1951,44
2022-01-16 18:00:00,1350,100
2022-01-16 19:00:00,1670,46
2022-01-16 20:00:00,1361,75
2022-01-16 21:00:00,1270,41
2022-01-16 22:00:00,893,90
2022-01-16 23:00:00,1242,49
2022-01-17 00:00:00,721,78
2022-01-17 01:00:00,824,43
2022-01-17 02:00:00,537,95
2022-01-17 03:00:00,757,74
2022-01-17 04:00:00,660,70
2022-01-17 05:00:00,802,45
2022-01-17 06:00:00,1098,95
2022-01-17 07:00:00,1643,41
2022-01-17 08:00:00,1421,106
2022-01-17 09:00:00,1432,31
2022-01-17 10:00:00,1305,56
2022-01-17 11:00:00,2068,43
2022-01-17 12:00:00,1968,88
2022-01-17 13:00:00,2133,161
2022-01-17 14:00:00,2094,82
2022-01-17 15:00:00,1771,40
2022-01-17 16:00:00,2037,115
2022-01-17 17:00:00,1873,42
2022-01-17 18:00:00,1728,109
2022-01-17 19:00:00,1324,36
2022-01-17 20:00:00,1618,110
2022-01-17 21:00:00,712,48
2022-01-17 22:00:00,2224,90
2022-01-17 23:00:00,758,29
2022-01-18 00:00:00,1157,125
2022-01-18 01:00:00,721,41
2022-01-18 02:00:00,714,81
2022-01-18 03:00:00,631,54
2022-01-18 04:00:00,245,22
2022-01-18 05:00:00,617,54
2022-01-18 06:00:00,1894,122
2022-01-18 07:00:00,1733,44
2022-01-18 08:00:00,1312,129
2022-01-18 09:00:00,2055,102
2022-01-18 10:00:00,1557,74
2022-01-18 11:00:00,1658,39
2022-01-18 12:00:00,2089,119
2022-01-18 13:00:00,1549,34
2022-01-18 14:00:00,1993,46
2022-01-18 15:00:00,2306,62
2022-01-18 16:00:00,364,21
2022-01-18 17:00:00,3041,96
2022-01-18 18:00:00,1287,103
2022-01-18 19:00:00,2059,178
2022-01-18 20:00:00,2069,134
2022-01-18 21:00:00,1446,42
2022-01-18 22:00:00,1655,124
2022-01-18 23:00:00,818,39
2022-01-19 00:00:00,1154,39
2022-01-19 01:00:00,908,42
2022-01-19 02:00:00,754,135
2022-01-19 03:00:00,679,39
2022-01-19 04:00:00,524,65
2022-01-19 05:00:00,1088,55
2022-01-19 06:00:00,1243,90
2022-01-19 07:00:00,263,8
2022-01-19 08:00:00,3159,126
2022-01-19 09:00:00,1928,45
2022-01-19 10:00:00,1788,106
2022-01-19 11:00:00,1100,35
2022-01-19 12:00:00,1913,156
2022-01-19 13:00:00,2390,48
2022-01-19 14:00:00,1954,129
2022-01-19 15:00:00,2403,49
2022-01-19 16:00:00,1801,164
2022-01-19 17:00:00,2327,46
2022-01-19 18:00:00,2142,107
2022-01-19 19:00:00,1377,35
2022-01-19 20:00:00,2117,119
2022-01-19 21:00:00,843,39
2022-01-19 22:00:00,673,16
2022-01-19 23:00:00,2504,144
2022-01-20 00:00:00,959,113
2022-01-20 01:00:00,767,38
2022-01-20 02:00:00,869,93
2022-01-20 03:00:00,909,99
2022-01-20 04:00:00,768,52
2022-01-20 05:00:00,833,39
2022-01-20 06:00:00,1466,109
2022-01-20 07:00:00,1550,39
2022-01-20 08:00:00,1771,83
2022-01-20 09:00:00,1756,91
2022-01-20 10:00:00,2154,107
2022-01-20 11:00:00,1759,44
2022-01-20 12:00:00,1885,80
2022-01-20 13:00:00,1915,80
2022-01-20 14:00:00,1819,146
2022-01-20 15:00:00,1765,37
2022-01-20 16:00:00,1727,56
2022-01-20 17:00:00,3577,135
2022-01-20 18:00:00,734,32
2022-01-20 19:00:00,2763,65
2022-01-20 20:00:00,1499,43
2022-01-20 21:00:00,1099,37
2022-01-20 22:00:00,1621,107
2022-01-20 23:00:00,2238,199
2022-01-21 00:00:00,1073,127
2022-01-21 01:00:00,839,40
2022-01-21 02:00:00,853,97
2022-01-21 03:00:00,1392,54
2022-01-21 04:00:00,684,86
2022-01-21 05:00:00,1009,93
2022-01-21 06:00:00,1155,150
2022-01-21 07:00:00,2290,51
2022-01-21 08:00:00,832,108
2022-01-21 09:00:00,2547,67
2022-01-21 10:00:00,1595,118
2022-01-21 11:00:00,2075,103
2022-01-21 12:00:00,1581,48
2022-01-21 13:00:00,1766,43
2022-01-21 14:00:00,2507,152
2022-01-21 15:00:00,1988,69
2022-01-21 16:00:00,2466,107
2022-01-21 17:00:00,1794,39
2022-01-21 18:00:00,2905,161
2022-01-21 19:00:00,1923,9
2022-01-21 20:00:00,983,42
2022-01-21 21:00:00,2472,129
2022-01-21 22:00:00,1319,53
2022-01-21 23:00:00,1913,59
2022-01-22 00:00:00,1133,147
2022-01-22 01:00:00,943,45
2022-01-22 02:00:00,83,71
2022-01-22 03:00:00,1192,80
2022-01-22 04:00:00,789,112
2022-01-22 05:00:00,825,47
2022-01-22 06:00:00,2263,163
2022-01-22 07:00:00,2882,40
2022-01-22 08:00:00,2027,161
2022-01-22 09:00:00,2098,104
2022-01-22 10:00:00,2469,118
2022-01-22 11:00:00,1730,38
2022-01-22 12:00:00,1505,156
2022-01-22 13:00:00,2409,48
2022-01-22 14:00:00,698,76
2022-01-22 15:00:00,2131,115
2022-01-22 16:00:00,2553,119
2022-01-22 17:00:00,1917,40
2022-01-22 18:00:00,964,101
2022-01-22 19:00:00,1336,55
2022-01-22 20:00:00,2712,130
2022-01-22 21:00:00,1517,45
2022-01-22 22:00:00,1489,122
2022-01-22 23:00:00,1101,43
2022-01-23 00:00:00,907,113
2022-01-23 01:00:00,800,41
2022-01-23 02:00:00,634,85
2022-01-23 03:00:00,677,44
2022-01-23 04:00:00,393,81
2022-01-23 05:00:00,1027,58
2022-01-23 06:00:00,889,102
2022-01-23 07:00:00,1195,44
2022-01-23 08:00:00,966,111
2022-01-23 09:00:00,1687,53
2022-01-23 10:00:00,973,94
2022-01-23 11:00:00,1845,58
2022-01-23 12:00:00,1335,112
2022-01-23 13:00:00,1139,37
2022-01-23 14:00:00,1597,112
2022-01-23 15:00:00,1497,87
2022-01-23 16:00:00,1446,86
2022-01-23 17:00:00,1402,39
2022-01-23 18:00:00,1397,105
2022-01-23 19:00:00,1430,43
2022-01-23 20:00:00,1363,94
2022-01-23 21:00:00,1358,45
2022-01-23 22:00:00,1027,100
2022-01-23 23:00:00,626,27
2022-01-24 00:00:00,1305,104
2022-01-24 01:00:00,607,38
2022-01-24 02:00:00,777,112
2022-01-24 03:00:00,668,42
2022-01-24 04:00:00,620,104
2022-01-24 05:00:00,734,40
2022-01-24 06:00:00,1333,92
2022-01-24 07:00:00,1437,34
2022-01-24 08:00:00,545,89
2022-01-24 09:00:00,1857,77
2022-01-24 10:00:00,2222,79
2022-01-24 11:00:00,1301,26
2022-01-24 12:00:00,2779,254
2022-01-24 13:00:00,2270,100
2022-01-24 14:00:00,1163,38
2022-01-24 15:00:00,2472,82
2022-01-24 16:00:00,2012,172
2022-01-24 17:00:00,1477,46
2022-01-24 18:00:00,1407,41
2022-01-24 19:00:00,1174,50
2022-01-24 20:00:00,826,23
2022-01-24 21:00:00,4044,167
2022-01-24 22:00:00,2030,208
2022-01-24 23:00:00,1451,46
2022-01-25 00:00:00,577,98
2022-01-25 01:00:00,1356,54
2022-01-25 02:00:00,657,95
2022-01-25 03:00:00,769,44
2022-01-25 04:00:00,880,104
2022-01-25 05:00:00,889,63
2022-01-25 06:00:00,1337,77
2022-01-25 07:00:00,1506,65
2022-01-25 08:00:00,1515,105
2022-01-25 09:00:00,1209,37
2022-01-25 10:00:00,2244,155
2022-01-25 11:00:00,1102,34
2022-01-25 12:00:00,1814,140
2022-01-25 13:00:00,1453,44
2022-01-25 14:00:00,1694,136
2022-01-25 15:00:00,2787,108
2022-01-25 16:00:00,1629,102
2022-01-25 17:00:00,3508,57
2022-01-25 18:00:00,1840,144
2022-01-25 19:00:00,2033,52
2022-01-25 20:00:00,2015,126
2022-01-25 21:00:00,1289,47
2022-01-25 22:00:00,1795,114
2022-01-25 23:00:00,874,32
2022-01-26 00:00:00,915,83
2022-01-26 01:00:00,888,59
2022-01-26 02:00:00,830,100
2022-01-26 03:00:00,930,87
2022-01-26 04:00:00,703,76
2022-01-26 05:00:00,966,45
2022-01-26 06:00:00,866,115
2022-01-26 07:00:00,2027,85
2022-01-26 08:00:00,1608,108
2022-01-26 09:00:00,1243,26
2022-01-26 10:00:00,2034,133
2022-01-26 11:00:00,2067,43
2022-01-26 12:00:00,848,82
2022-01-26 13:00:00,1026,25
2022-01-26 14:00:00,404,16
2022-01-26 15:00:00,3627,97
2022-01-26 16:00:00,783,56
2022-01-26 17:00:00,3611,140
2022-01-26 18:00:00,2512,141
2022-01-26 19:00:00,496,13
2022-01-26 20:00:00,1896,66
2022-01-26 21:00:00,2015,61
2022-01-26 22:00:00,2447,253
2022-01-26 23:00:00,1947,70
2022-01-27 00:00:00,1284,122
2022-01-27 01:00:00,724,38
2022-01-27 02:00:00,1043,93
2022-01-27 03:00:00,279,22
2022-01-27 04:00:00,1144,109
2022-01-27 05:00:00,633,33
2022-01-27 06:00:00,1255,142
2022-01-27 07:00:00,1308,57
2022-01-27 08:00:00,2028,86
2022-01-27 09:00:00,427,11
2022-01-27 10:00:00,2352,106
2022-01-27 11:00:00,1150,80
2022-01-27 12:00:00,1603,109
2022-01-27 13:00:00,2446,73
2022-01-27 14:00:00,2094,123
2022-01-27 15:00:00,2186,41
2022-01-27 16:00:00,1691,130
2022-01-27 17:00:00,1311,36
2022-01-27 18:00:00,2455,98
2022-01-27 19:00:00,2227,51
2022-01-27 20:00:00,552,101
2022-01-27 21:00:00,1235,69
2022-01-27 22:00:00,3027,84
2022-01-27 23:00:00,938,42
2022-01-28 00:00:00,1511,121
2022-01-28 01:00:00,996,41
2022-01-28 02:00:00,886,104
2022-01-28 03:00:00,809,42
2022-01-28 04:00:00,840,107
2022-01-28 05:00:00,1056,41
2022-01-28 06:00:00,1391,106
2022-01-28 07:00:00,1735,75
2022-01-28 08:00:00,1369,86
2022-01-28 09:00:00,1917,45
2022-01-28 10:00:00,0,0
2022-01-28 11:00:00,3741,167
2022-01-28 12:00:00,1188,105
2022-01-28 13:00:00,1901,55
2022-01-28 14:00:00,1522,115
2022-01-28 15:00:00,1311,39
2022-01-28 16:00:00,2978,145
2022-01-28 17:00:00,2462,41
2022-01-28 18:00:00,2419,121
2022-01-28 19:00:00,1500,46
2022-01-28 20:00:00,1019,109
2022-01-28 21:00:00,2774,52
2022-01-28 22:00:00,1383,110
2022-01-28 23:00:00,1293,42
2022-01-29 00:00:00,1088,110
2022-01-29 01:00:00,811,39
2022-01-29 02:00:00,959,89
2022-01-29 03:00:00,794,44
2022-01-29 04:00:00,740,113
2022-01-29 05:00:00,709,36
2022-01-29 06:00:00,1338,88
2022-01-29 07:00:00,1016,26
2022-01-29 08:00:00,1501,108
2022-01-29 09:00:00,1833,123
2022-01-29 10:00:00,2112,116
2022-01-29 11:00:00,1301,53
2022-01-29 12:00:00,1751,127
2022-01-29 13:00:00,1322,84
2022-01-29 14:00:00,1047,94
2022-01-29 15:00:00,1559,186
2022-01-29 16:00:00,2554,206
2022-01-29 17:00:00,622,51
2022-01-29 18:00:00,2964,101
2022-01-29 19:00:00,1508,39
2022-01-29 20:00:00,1626,45
2022-01-29 21:00:00,1221,41
2022-01-29 22:00:00,1537,44
2022-01-29 23:00:00,926,41
2022-01-30 00:00:00,838,42
2022-01-30 01:00:00,693,43
2022-01-30 02:00:00,572,39
2022-01-30 03:00:00,613,44
2022-01-30 04:00:00,441,136
2022-01-30 05:00:00,700,96
2022-01-30 06:00:00,912,115
2022-01-30 07:00:00,874,81
2022-01-30 08:00:00,1395,97
2022-01-30 09:00:00,1610,100
2022-01-30 10:00:00,969,110
2022-01-30 11:00:00,1334,76
2022-01-30 12:00:00,1164,95
2022-01-30 13:00:00,1684,78
2022-01-30 14:00:00,1609,143
2022-01-30 15:00:00,1174,303
2022-01-30 16:00:00,508,87
2022-01-30 17:00:00,1711,91
2022-01-30 18:00:00,1771,103
2022-01-30 19:00:00,1057,33
2022-01-30 20:00:00,1924,118
2022-01-30 21:00:00,1299,59
2022-01-30 22:00:00,1357,133
2022-01-30 23:00:00,1109,378
2022-01-31 00:00:00,892,153
2022-01-31 01:00:00,733,97
2022-01-31 02:00:00,444,43
2022-01-31 03:00:00,695,110
2022-01-31 04:00:00,693,132
2022-01-31 05:00:00,849,46
2022-01-31 06:00:00,675,92
2022-01-31 07:00:00,1988,116
2022-01-31 08:00:00,1313,114
2022-01-31 09:00:00,1807,101
2022-01-31 10:00:00,819,100
2022-01-31 11:00:00,2614,68
2022-01-31 12:00:00,917,117
2022-01-31 13:00:00,2002,56
2022-01-31 14:00:00,1040,35
2022-01-31 15:00:00,1929,97
2022-01-31 16:00:00,3380,160
2022-01-31 17:00:00,1851,87
2022-01-31 18:00:00,2290,173
2022-01-31 19:00:00,2186,48
2022-01-31 20:00:00,1659,122
2022-01-31 21:00:00,911,44
2022-01-31 22:00:00,2409,138
2022-01-31 23:00:00,1149,43
2022-02-01 00:00:00,1113,158
2022-02-01 01:00:00,785,59
2022-02-01 02:00:00,943,134
2022-02-01 03:00:00,282,21
2022-02-01 04:00:00,1105,102
2022-02-01 05:00:00,920,42
2022-02-01 06:00:00,1350,131
2022-02-01 07:00:00,1261,34
2022-02-01 08:00:00,1440,104
2022-02-01 09:00:00,1616,47
2022-02-01 10:00:00,2379,149
2022-02-01 11:00:00,2532,44
2022-02-01 12:00:00,1951,163
2022-02-01 13:00:00,1796,81
2022-02-01 14:00:00,1805,136
2022-02-01 15:00:00,1310,38
2022-02-01 16:00:00,653,32
2022-02-01 17:00:00,1606,56
2022-02-01 18:00:00,2312,96
2022-02-01 19:00:00,2734,78
2022-02-01 20:00:00,2052,147
2022-02-01 21:00:00,2838,68
2022-02-01 22:00:00,1512,190
2022-02-01 23:00:00,1439,48
2022-02-02 00:00:00,1263,117
2022-02-02 01:00:00,980,43
2022-02-02 02:00:00,684,112
2022-02-02 03:00:00,900,115
2022-02-02 04:00:00,968,82
2022-02-02 05:00:00,775,38
2022-02-02 06:00:00,1518,93
2022-02-02 07:00:00,1568,42
2022-02-02 08:00:00,1701,121
2022-02-02 09:00:00,2088,47
2022-02-02 10:00:00,660,77
2022-02-02 11:00:00,2866,97
2022-02-02 12:00:00,1186,151
2022-02-02 13:00:00,2397,51
2022-02-02 14:00:00,943,99
2022-02-02 15:00:00,2226,90
2022-02-02 16:00:00,2660,126
2022-02-02 17:00:00,2068,47
2022-02-02 18:00:00,1901,141
2022-02-02 19:00:00,1775,37
2022-02-02 20:00:00,1726,121
2022-02-02 21:00:00,1644,43
2022-02-02 22:00:00,659,52
2022-02-02 23:00:00,2137,116
2022-02-03 00:00:00,966,129
2022-02-03 01:00:00,706,37
2022-02-03 02:00:00,929,117
2022-02-03 03:00:00,715,42
2022-02-03 04:00:00,687,88
2022-02-03 05:00:00,928,51
2022-02-03 06:00:00,1245,104
2022-02-03 07:00:00,1767,49
2022-02-03 08:00:00,0,0
2022-02-03 09:00:00,2416,126
2022-02-03 10:00:00,2632,167
2022-02-03 11:00:00,147,11
2022-02-03 12:00:00,3018,130
2022-02-03 13:00:00,2244,48
2022-02-03 14:00:00,1999,196
2022-02-03 15:00:00,1292,34
2022-02-03 16:00:00,2518,107
2022-02-03 17:00:00,2176,44
2022-02-03 18:00:00,1311,126
2022-02-03 19:00:00,2478,56
2022-02-03 20:00:00,1774,130
2022-02-03 21:00:00,1351,37
2022-02-03 22:00:00,1472,121
2022-02-03 23:00:00,1299,40
2022-02-04 00:00:00,1119,104
2022-02-04 01:00:00,1015,43
2022-02-04 02:00:00,747,98
2022-02-04 03:00:00,1035,50
2022-02-04 04:00:00,743,101
2022-02-04 05:00:00,935,42
2022-02-04 06:00:00,1455,100
2022-02-04 07:00:00,1760,43
2022-02-04 08:00:00,2001,141
2022-02-04 09:00:00,1521,43
2022-02-04 10:00:00,1825,111
2022-02-04 11:00:00,2307,49
2022-02-04 12:00:00,1525,67
2022-02-04 13:00:00,1307,63
2022-02-04 14:00:00,2104,77
2022-02-04 15:00:00,395,6
2022-02-04 16:00:00,787,38
2022-02-04 17:00:00,1400,65
2022-02-04 18:00:00,2368,56
2022-02-04 19:00:00,1417,48
2022-02-04 20:00:00,2250,150
2022-02-04 21:00:00,2267,73
2022-02-04 22:00:00,2798,229
2022-02-04 23:00:00,2508,45
2022-02-05 00:00:00,1976,144
2022-02-05 01:00:00,1225,43
2022-02-05 02:00:00,285,73
2022-02-05 03:00:00,1172,87
2022-02-05 04:00:00,1768,91
2022-02-05 05:00:00,1380,119
2022-02-05 06:00:00,1173,91
2022-02-05 07:00:00,2356,53
2022-02-05 08:00:00,2235,171
2022-02-05 09:00:00,1101,88
2022-02-05 10:00:00,1762,137
2022-02-05 11:00:00,1537,33
2022-02-05 12:00:00,2491,158
2022-02-05 13:00:00,1864,63
2022-02-05 14:00:00,1665,108
2022-02-05 15:00:00,2033,125
2022-02-05 16:00:00,1860,57
2022-02-05 17:00:00,522,10
2022-02-05 18:00:00,2928,121
2022-02-05 19:00:00,1901,45
2022-02-05 20:00:00,1956,153
2022-02-05 21:00:00,1380,40
2022-02-05 22:00:00,1110,96
2022-02-05 23:00:00,1048,48
2022-02-06 00:00:00,945,87
2022-02-06 01:00:00,788,45
2022-02-06 02:00:00,627,98
2022-02-06 03:00:00,617,81
2022-02-06 04:00:00,654,51
2022-02-06 05:00:00,743,43
2022-02-06 06:00:00,881,92
2022-02-06 07:00:00,1319,46
2022-02-06 08:00:00,1205,91
2022-02-06 09:00:00,1260,32
2022-02-06 10:00:00,1537,114
2022-02-06 11:00:00,1406,42
2022-02-06 12:00:00,587,77
2022-02-06 13:00:00,1382,42
2022-02-06 14:00:00,1440,92
2022-02-06 15:00:00,2528,103
2022-02-06 16:00:00,1557,109
2022-02-06 17:00:00,1407,37
2022-02-06 18:00:00,1689,103
2022-02-06 19:00:00,1555,42
2022-02-06 20:00:00,299,66
2022-02-06 21:00:00,2351,80
2022-02-06 22:00:00,910,88
2022-02-06 23:00:00,1265,44
2022-02-07 00:00:00,834,97
2022-02-07 01:00:00,683,41
2022-02-07 02:00:00,655,109
2022-02-07 03:00:00,617,38
2022-02-07 04:00:00,752,94
2022-02-07 05:00:00,835,41
2022-02-07 06:00:00,1251,112
2022-02-07 07:00:00,1555,44
2022-02-07 08:00:00,1397,104
2022-02-07 09:00:00,976,48
2022-02-07 10:00:00,891,43
2022-02-07 11:00:00,3268,81
2022-02-07 12:00:00,1830,146
2022-02-07 13:00:00,2481,85
2022-02-07 14:00:00,1210,99
2022-02-07 15:00:00,2074,70
2022-02-07 16:00:00,2277,58
2022-02-07 17:00:00,1366,33
2022-02-07 18:00:00,2802,160
2022-02-07 19:00:00,2145,49
2022-02-07 20:00:00,479,108
2022-02-07 21:00:00,2482,72
2022-02-07 22:00:00,2251,200
2022-02-07 23:00:00,1800,54
2022-02-08 00:00:00,1806,164
2022-02-08 01:00:00,796,39
2022-02-08 02:00:00,882,112
2022-02-08 03:00:00,607,34
2022-02-08 04:00:00,853,109
2022-02-08 05:00:00,1239,51
2022-02-08 06:00:00,1666,129
2022-02-08 07:00:00,1842,41
2022-02-08 08:00:00,1331,125
2022-02-08 09:00:00,1893,42
2022-02-08 10:00:00,2189,152
2022-02-08 11:00:00,2124,40
2022-02-08 12:00:00,1881,161
2022-02-08 13:00:00,2147,47
2022-02-08 14:00:00,1761,133
2022-02-08 15:00:00,1931,34
2022-02-08 16:00:00,1844,54
2022-02-08 17:00:00,2418,136
2022-02-08 18:00:00,1991,132
2022-02-08 19:00:00,1430,42
2022-02-08 20:00:00,1416,69
2022-02-08 21:00:00,1352,87
2022-02-08 22:00:00,360,38
2022-02-08 23:00:00,2201,85
2022-02-09 00:00:00,776,121
2022-02-09 01:00:00,1528,65
2022-02-09 02:00:00,160,68
2022-02-09 03:00:00,642,57
2022-02-09 04:00:00,654,45
2022-02-09 05:00:00,1851,71
2022-02-09 06:00:00,1317,115
2022-02-09 07:00:00,1565,30
2022-02-09 08:00:00,1430,89
2022-02-09 09:00:00,2431,39
2022-02-09 10:00:00,1011,60
2022-02-09 11:00:00,2231,82
2022-02-09 12:00:00,1465,62
2022-02-09 13:00:00,1438,55
2022-02-09 14:00:00,2683,131
2022-02-09 15:00:00,2076,105
2022-02-09 16:00:00,2392,72
2022-02-09 17:00:00,2031,30
2022-02-09 18:00:00,1940,124
2022-02-09 19:00:00,2060,36
2022-02-09 20:00:00,1007,97
2022-02-09 21:00:00,2318,35
2022-02-09 22:00:00,816,29
2022-02-09 23:00:00,1836,109
2022-02-10 00:00:00,943,105
2022-02-10 01:00:00,805,33
2022-02-10 02:00:00,827,89
2022-02-10 03:00:00,972,75
2022-02-10 04:00:00,725,51
2022-02-10 05:00:00,1115,36
2022-02-10 06:00:00,1398,88
2022-02-10 07:00:00,853,18
2022-02-10 08:00:00,1101,96
2022-02-10 09:00:00,900,42
2022-02-10 10:00:00,2631,73
2022-02-10 11:00:00,718,55
2022-02-10 12:00:00,1509,41
2022-02-10 13:00:00,2554,55
2022-02-10 14:00:00,2158,149
2022-02-10 15:00:00,1257,28
2022-02-10 16:00:00,3051,195
2022-02-10 17:00:00,2106,35
2022-02-10 18:00:00,2940,174
2022-02-10 19:00:00,3535,35
2022-02-10 20:00:00,1501,122
2022-02-10 21:00:00,1867,32
2022-02-10 22:00:00,1246,110
2022-02-10 23:00:00,705,32
2022-02-11 00:00:00,962,76
2022-02-11 01:00:00,667,26
2022-02-11 02:00:00,780,118
2022-02-11 03:00:00,1100,30
2022-02-11 04:00:00,1101,77
2022-02-11 05:00:00,664,22
2022-02-11 06:00:00,377,26
2022-02-11 07:00:00,2637,96
2022-02-11 08:00:00,1557,112
2022-02-11 09:00:00,2129,89
2022-02-11 10:00:00,1843,69
2022-02-11 11:00:00,1560,29
2022-02-11 12:00:00,1784,94
2022-02-11 13:00:00,1374,32
2022-02-11 14:00:00,1092,110
2022-02-11 15:00:00,2865,44
2022-02-11 16:00:00,1613,124
2022-02-11 17:00:00,2791,39
2022-02-11 18:00:00,1470,35
2022-02-11 19:00:00,2936,114
2022-02-11 20:00:00,1183,36
2022-02-11 21:00:00,1648,110
2022-02-11 22:00:00,1164,116
2022-02-11 23:00:00,2261,37
2022-02-12 00:00:00,952,98
2022-02-12 01:00:00,946,32
2022-02-12 02:00:00,773,84
2022-02-12 03:00:00,767,34
2022-02-12 04:00:00,706,102
2022-02-12 05:00:00,904,28
2022-02-12 06:00:00,1308,73
2022-02-12 07:00:00,1696,33
2022-02-12 08:00:00,1538,93
2022-02-12 09:00:00,1589,30
2022-02-12 10:00:00,1166,99
2022-02-12 11:00:00,1922,37
2022-02-12 12:00:00,1611,89
2022-02-12 13:00:00,1819,33
2022-02-12 14:00:00,1701,102
2022-02-12 15:00:00,1689,52
2022-02-12 16:00:00,1352,84
2022-02-12 17:00:00,2107,37
2022-02-12 18:00:00,1503,92
2022-02-12 19:00:00,1571,31
2022-02-12 20:00:00,1473,86
2022-02-12 21:00:00,1365,30
2022-02-12 22:00:00,1169,97
2022-02-12 23:00:00,751,28
2022-02-13 00:00:00,644,75
2022-02-13 01:00:00,694,34
2022-02-13 02:00:00,566,64
2022-02-13 03:00:00,169,10
2022-02-13 04:00:00,737,55
2022-02-13 05:00:00,354,30
2022-02-13 06:00:00,1222,109
2022-02-13 07:00:00,952,27
2022-02-13 08:00:00,1344,73
2022-02-13 09:00:00,1407,33
2022-02-13 10:00:00,1531,94
2022-02-13 11:00:00,751,29
2022-02-13 12:00:00,1913,75
2022-02-13 13:00:00,1460,31
2022-02-13 14:00:00,1327,98
2022-02-13 15:00:00,1502,56
2022-02-13 16:00:00,1158,56
2022-02-13 17:00:00,1633,32
2022-02-13 18:00:00,1522,83
2022-02-13 19:00:00,1411,28
2022-02-13 20:00:00,1652,93
2022-02-13 21:00:00,1329,34
2022-02-13 22:00:00,604,75
2022-02-13 23:00:00,1211,42
2022-02-14 00:00:00,577,64
2022-02-14 01:00:00,849,37
2022-02-14 02:00:00,568,85
2022-02-14 03:00:00,612,30
2022-02-14 04:00:00,648,82
2022-02-14 05:00:00,831,30
2022-02-14 06:00:00,1179,92
2022-02-14 07:00:00,1553,67
2022-02-14 08:00:00,1817,88
2022-02-14 09:00:00,1859,32
2022-02-14 10:00:00,998,110
2022-02-14 11:00:00,2409,42
2022-02-14 12:00:00,1060,93
2022-02-14 13:00:00,2408,38
2022-02-14 14:00:00,1915,90
2022-02-14 15:00:00,1026,83
2022-02-14 16:00:00,1557,40
2022-02-14 17:00:00,3206,85
2022-02-14 18:00:00,1644,117
2022-02-14 19:00:00,2310,43
2022-02-14 20:00:00,1757,113
2022-02-14 21:00:00,1074,24
2022-02-14 22:00:00,675,24
2022-02-14 23:00:00,961,23
2022-02-15 00:00:00,1464,147
2022-02-15 01:00:00,981,37
2022-02-15 02:00:00,679,94
2022-02-15 03:00:00,792,55
2022-02-15 04:00:00,764,67
2022-02-15 05:00:00,550,23
2022-02-15 06:00:00,1192,69
2022-02-15 07:00:00,1655,62
2022-02-15 08:00:00,2318,116
2022-02-15 09:00:00,1648,26
2022-02-15 10:00:00,1576,117
2022-02-15 11:00:00,2458,104
2022-02-15 12:00:00,1376,72
2022-02-15 13:00:00,1184,24
2022-02-15 14:00:00,1923,45
2022-02-15 15:00:00,2348,44
2022-02-15 16:00:00,1815,209
2022-02-15 17:00:00,3477,34
2022-02-15 18:00:00,1095,113
2022-02-15 19:00:00,2534,44
2022-02-15 20:00:00,1337,95
2022-02-15 21:00:00,2064,37
2022-02-15 22:00:00,1035,97
2022-02-15 23:00:00,963,24
2022-02-16 00:00:00,1302,104
2022-02-16 01:00:00,898,31
2022-02-16 02:00:00,559,91
2022-02-16 03:00:00,793,73
2022-02-16 04:00:00,758,53
2022-02-16 05:00:00,653,20
2022-02-16 06:00:00,1883,110
2022-02-16 07:00:00,1387,28
2022-02-16 08:00:00,2031,30
2022-02-16 09:00:00,1508,122
2022-02-16 10:00:00,1521,53
2022-02-16 11:00:00,2097,38
2022-02-16 12:00:00,1663,120
2022-02-16 13:00:00,1418,30
2022-02-16 14:00:00,1570,52
2022-02-16 15:00:00,2550,108
2022-02-16 16:00:00,2109,130
2022-02-16 17:00:00,1977,34
2022-02-16 18:00:00,1345,89
2022-02-16 19:00:00,2242,44
2022-02-16 20:00:00,1012,92
2022-02-16 21:00:00,2351,36
2022-02-16 22:00:00,1212,99
2022-02-16 23:00:00,943,26
2022-02-17 00:00:00,1183,99
2022-02-17 01:00:00,644,24
2022-02-17 02:00:00,824,94
2022-02-17 03:00:00,593,56
2022-02-17 04:00:00,764,61
2022-02-17 05:00:00,722,25
2022-02-17 06:00:00,1335,75
2022-02-17 07:00:00,1223,43
2022-02-17 08:00:00,2213,98
2022-02-17 09:00:00,823,27
2022-02-17 10:00:00,2181,118
2022-02-17 11:00:00,1976,98
2022-02-17 12:00:00,1338,45
2022-02-17 13:00:00,2196,38
2022-02-17 14:00:00,2087,112
2022-02-17 15:00:00,1629,107
2022-02-17 16:00:00,2222,58
2022-02-17 17:00:00,913,29
2022-02-17 18:00:00,2471,92
2022-02-17 19:00:00,1622,31
2022-02-17 20:00:00,1273,85
2022-02-17 21:00:00,737,24
2022-02-17 22:00:00,2125,65
2022-02-17 23:00:00,1255,90
2022-02-18 00:00:00,556,26
2022-02-18 01:00:00,1262,127
2022-02-18 02:00:00,568,72
2022-02-18 03:00:00,795,94
2022-02-18 04:00:00,743,47
2022-02-18 05:00:00,841,31
2022-02-18 06:00:00,1173,100
2022-02-18 07:00:00,1437,37
2022-02-18 08:00:00,1329,76
2022-02-18 09:00:00,2245,111
2022-02-18 10:00:00,1836,96
2022-02-18 11:00:00,1493,26
2022-02-18 12:00:00,1760,112
2022-02-18 13:00:00,1536,36
2022-02-18 14:00:00,892,22
2022-02-18 15:00:00,3229,152
2022-02-18 16:00:00,2169,116
2022-02-18 17:00:00,2180,28
2022-02-18 18:00:00,2255,121
2022-02-18 19:00:00,1778,31
2022-02-18 20:00:00,1071,38
2022-02-18 21:00:00,1402,38
2022-02-18 22:00:00,1323,69
2022-02-18 23:00:00,1914,116
2022-02-19 00:00:00,671,88
2022-02-19 01:00:00,1094,39
2022-02-19 02:00:00,782,74
2022-02-19 03:00:00,632,31
2022-02-19 04:00:00,655,88
2022-02-19 05:00:00,911,35
2022-02-19 06:00:00,488,52
2022-02-19 07:00:00,1892,43
2022-02-19 08:00:00,1768,97
2022-02-19 09:00:00,1624,31
2022-02-19 10:00:00,1008,87
2022-02-19 11:00:00,1941,55
2022-02-19 12:00:00,1064,54
2022-02-19 13:00:00,1335,42
2022-02-19 14:00:00,2199,122
2022-02-19 15:00:00,1619,33
2022-02-19 16:00:00,1660,96
2022-02-19 17:00:00,1947,30
2022-02-19 18:00:00,606,82
2022-02-19 19:00:00,2324,56
2022-02-19 20:00:00,1582,78
2022-02-19 21:00:00,1105,26
2022-02-19 22:00:00,1249,89
2022-02-19 23:00:00,864,26
2022-02-20 00:00:00,714,74
2022-02-20 01:00:00,836,32
2022-02-20 02:00:00,658,74
2022-02-20 03:00:00,604,31
2022-02-20 04:00:00,525,62
2022-02-20 05:00:00,741,31
2022-02-20 06:00:00,991,84
2022-02-20 07:00:00,1137,29
2022-02-20 08:00:00,576,23
2022-02-20 09:00:00,2272,98
2022-02-20 10:00:00,1057,119
2022-02-20 11:00:00,1238,29
2022-02-20 12:00:00,1393,78
2022-02-20 13:00:00,1410,32
2022-02-20 14:00:00,399,23
2022-02-20 15:00:00,2177,107
2022-02-20 16:00:00,1489,83
2022-02-20 17:00:00,836,17
2022-02-20 18:00:00,1834,88
2022-02-20 19:00:00,1445,32
2022-02-20 20:00:00,1154,90
2022-02-20 21:00:00,1350,34
2022-02-20 22:00:00,905,82
2022-02-20 23:00:00,646,23
2022-02-21 00:00:00,867,72
2022-02-21 01:00:00,735,34
2022-02-21 02:00:00,559,71
2022-02-21 03:00:00,169,11
2022-02-21 04:00:00,773,83
2022-02-21 05:00:00,999,43
2022-02-21 06:00:00,1173,102
2022-02-21 07:00:00,498,25
2022-02-21 08:00:00,2456,74
2022-02-21 09:00:00,1419,25
2022-02-21 10:00:00,1021,38
2022-02-21 11:00:00,866,35
2022-02-21 12:00:00,1382,20
2022-02-21 13:00:00,2391,52
2022-02-21 14:00:00,2423,114
2022-02-21 15:00:00,1766,120
2022-02-21 16:00:00,2227,178
2022-02-21 17:00:00,1563,36
2022-02-21 18:00:00,845,93
2022-02-21 19:00:00,1021,14
2022-02-21 20:00:00,1126,35
2022-02-21 21:00:00,3184,107
2022-02-21 22:00:00,186,48
2022-02-21 23:00:00,1473,82
2022-02-22 00:00:00,1395,91
2022-02-22 01:00:00,628,25
2022-02-22 02:00:00,908,106
2022-02-22 03:00:00,706,29
2022-02-22 04:00:00,584,92
2022-02-22 05:00:00,928,36
2022-02-22 06:00:00,1084,94
2022-02-22 07:00:00,1068,23
2022-02-22 08:00:00,2102,102
2022-02-22 09:00:00,1715,33
2022-02-22 10:00:00,866,110
2022-02-22 11:00:00,1979,37
2022-02-22 12:00:00,1988,117
2022-02-22 13:00:00,1208,21
2022-02-22 14:00:00,2343,148
2022-02-22 15:00:00,2020,34
2022-02-22 16:00:00,1464,98
2022-02-22 17:00:00,1847,39
2022-02-22 18:00:00,1689,120
2022-02-22 19:00:00,1843,34
2022-02-22 20:00:00,1462,108
2022-02-22 21:00:00,1709,34
2022-02-22 22:00:00,1086,104
2022-02-22 23:00:00,1053,30
2022-02-23 00:00:00,871,71
2022-02-23 01:00:00,627,28
2022-02-23 02:00:00,750,75
2022-02-23 03:00:00,674,32
2022-02-23 04:00:00,733,30
2022-02-23 05:00:00,726,30
2022-02-23 06:00:00,1107,25
2022-02-23 07:00:00,1813,133
2022-02-23 08:00:00,1764,62
2022-02-23 09:00:00,1585,29
2022-02-23 10:00:00,1517,100
2022-02-23 11:00:00,1062,20
2022-02-23 12:00:00,2376,117
2022-02-23 13:00:00,1338,24
2022-02-23 14:00:00,1358,72
2022-02-23 15:00:00,2546,81
2022-02-23 16:00:00,1848,114
2022-02-23 17:00:00,1493,27
2022-02-23 18:00:00,1887,88
2022-02-23 19:00:00,1903,34
2022-02-23 20:00:00,1388,120
2022-02-23 21:00:00,1398,26
2022-02-23 22:00:00,1501,103
2022-02-23 23:00:00,1136,31
2022-02-24 00:00:00,911,114
2022-02-24 01:00:00,846,38
2022-02-24 02:00:00,652,101
2022-02-24 03:00:00,764,33
2022-02-24 04:00:00,923,78
2022-02-24 05:00:00,1075,28
2022-02-24 06:00:00,1458,145
2022-02-24 07:00:00,1429,24
2022-02-24 08:00:00,395,20
2022-02-24 09:00:00,1333,45
2022-02-24 10:00:00,2358,91
2022-02-24 11:00:00,3065,113
2022-02-24 12:00:00,1926,245
2022-02-24 13:00:00,1148,26
2022-02-24 14:00:00,2514,148
2022-02-24 15:00:00,1776,30
2022-02-24 16:00:00,1655,128
2022-02-24 17:00:00,2062,42
2022-02-24 18:00:00,1370,95
2022-02-24 19:00:00,2362,39
2022-02-24 20:00:00,1929,98
2022-02-24 21:00:00,874,39
2022-02-24 22:00:00,1331,49
2022-02-24 23:00:00,2196,114
2022-02-25 00:00:00,1256,117
2022-02-25 01:00:00,979,29
2022-02-25 02:00:00,760,97
2022-02-25 03:00:00,735,24
2022-02-25 04:00:00,653,37
2022-02-25 05:00:00,598,86
2022-02-25 06:00:00,2131,92
2022-02-25 07:00:00,1470,24
2022-02-25 08:00:00,2068,122
2022-02-25 09:00:00,1776,107
2022-02-25 10:00:00,1252,64
2022-02-25 11:00:00,2450,41
2022-02-25 12:00:00,1529,120
2022-02-25 13:00:00,2404,37
2022-02-25 14:00:00,1625,129
2022-02-25 15:00:00,1694,19
2022-02-25 16:00:00,1910,48
2022-02-25 17:00:00,2446,107
2022-02-25 18:00:00,2582,135
2022-02-25 19:00:00,1245,20
2022-02-25 20:00:00,1205,28
2022-02-25 21:00:00,2085,102
2022-02-25 22:00:00,1729,107
2022-02-25 23:00:00,1590,42
2022-02-26 00:00:00,841,85
2022-02-26 01:00:00,651,18
2022-02-26 02:00:00,1152,94
2022-02-26 03:00:00,539,20
2022-02-26 04:00:00,1016,107
2022-02-26 05:00:00,981,32
2022-02-26 06:00:00,963,105
2022-02-26 07:00:00,1432,28
2022-02-26 08:00:00,1977,84
2022-02-26 09:00:00,1417,27
2022-02-26 10:00:00,1257,93
2022-02-26 11:00:00,1392,28
2022-02-26 12:00:00,2081,40
2022-02-26 13:00:00,1465,127
2022-02-26 14:00:00,1595,40
2022-02-26 15:00:00,1871,32
2022-02-26 16:00:00,1006,71
2022-02-26 17:00:00,2230,41
2022-02-26 18:00:00,1103,84
2022-02-26 19:00:00,1953,31
2022-02-26 20:00:00,1486,79
2022-02-26 21:00:00,997,27
2022-02-26 22:00:00,1402,86
2022-02-26 23:00:00,591,17
2022-02-27 00:00:00,827,37
2022-02-27 01:00:00,616,62
2022-02-27 02:00:00,696,72
2022-02-27 03:00:00,769,41
2022-02-27 04:00:00,290,63
2022-02-27 05:00:00,453,25
2022-02-27 06:00:00,1267,46
2022-02-27 07:00:00,1075,28
2022-02-27 08:00:00,1162,28
2022-02-27 09:00:00,1466,35
2022-02-27 10:00:00,1071,27
2022-02-27 11:00:00,1407,28
2022-02-27 12:00:00,945,22
2022-02-27 13:00:00,2156,47
2022-02-27 14:00:00,1391,176
2022-02-27 15:00:00,951,19
2022-02-27 16:00:00,1501,68
2022-02-27 17:00:00,1659,31
2022-02-27 18:00:00,1740,105
2022-02-27 19:00:00,1337,30
2022-02-27 20:00:00,1319,86
2022-02-27 21:00:00,1055,26
2022-02-27 22:00:00,1250,98
2022-02-27 23:00:00,761,29
2022-02-28 00:00:00,772,79
2022-02-28 01:00:00,628,26
2022-02-28 02:00:00,485,31
2022-02-28 03:00:00,749,63
2022-02-28 04:00:00,718,75
2022-02-28 05:00:00,748,28
2022-02-28 06:00:00,796,89
2022-02-28 07:00:00,1755,52
2022-02-28 08:00:00,1545,110
2022-02-28 09:00:00,2148,43
2022-02-28 10:00:00,1606,121
2022-02-28 11:00:00,1436,31
2022-02-28 12:00:00,2275,111
2022-02-28 13:00:00,1907,29
2022-02-28 14:00:00,2231,158
2022-02-28 15:00:00,2427,35
2022-02-28 16:00:00,2576,82
2022-02-28 17:00:00,1934,80
2022-02-28 18:00:00,2390,65
2022-02-28 19:00:00,1791,85
2022-02-28 20:00:00,879,30
2022-02-28 21:00:00,3143,70
2022-02-28 22:00:00,1428,37
2022-02-28 23:00:00,1701,113
2022-03-01 00:00:00,1449,124
2022-03-01 01:00:00,872,36
2022-03-01 02:00:00,858,114
2022-03-01 03:00:00,1319,115
2022-03-01 04:00:00,1126,133
2022-03-01 05:00:00,1123,30
2022-03-01 06:00:00,1225,94
2022-03-01 07:00:00,1942,30
2022-03-01 08:00:00,2369,129
2022-03-01 09:00:00,2528,33
2022-03-01 10:00:00,1758,137
2022-03-01 11:00:00,2468,36
2022-03-01 12:00:00,1386,103
2022-03-01 13:00:00,2421,36
2022-03-01 14:00:00,1202,29
2022-03-01 15:00:00,1784,30
2022-03-01 16:00:00,3035,128
2022-03-01 17:00:00,1780,22
2022-03-01 18:00:00,1320,36
2022-03-01 19:00:00,385,9
2022-03-01 20:00:00,3193,75
2022-03-01 21:00:00,1758,43
2022-03-01 22:00:00,1102,30
2022-03-01 23:00:00,3178,202
2022-03-02 00:00:00,736,22
2022-03-02 01:00:00,644,18
2022-03-02 02:00:00,413,26
2022-03-02 03:00:00,835,51
2022-03-02 04:00:00,1460,233
2022-03-02 05:00:00,2056,129
2022-03-02 06:00:00,2690,188
2022-03-02 07:00:00,1572,33
2022-03-02 08:00:00,735,97
2022-03-02 09:00:00,3685,45
2022-03-02 10:00:00,2027,137
2022-03-02 11:00:00,1709,26
2022-03-02 12:00:00,1503,109
2022-03-02 13:00:00,1824,29
2022-03-02 14:00:00,1715,122
2022-03-02 15:00:00,4024,89
2022-03-02 16:00:00,940,117
2022-03-02 17:00:00,1820,26
2022-03-02 18:00:00,2882,96
2022-03-02 19:00:00,2087,38
2022-03-02 20:00:00,1112,75
2022-03-02 21:00:00,1921,88
2022-03-02 22:00:00,1488,101
2022-03-02 23:00:00,1790,27
2022-03-03 00:00:00,824,101
2022-03-03 01:00:00,1092,38
2022-03-03 02:00:00,789,84
2022-03-03 03:00:00,735,31
2022-03-03 04:00:00,759,122
2022-03-03 05:00:00,988,38
2022-03-03 06:00:00,1342,67
2022-03-03 07:00:00,2021,36
2022-03-03 08:00:00,1860,102
2022-03-03 09:00:00,1885,29
2022-03-03 10:00:00,1865,114
2022-03-03 11:00:00,1822,31
2022-03-03 12:00:00,1775,96
2022-03-03 13:00:00,2183,38
2022-03-03 14:00:00,1456,143
2022-03-03 15:00:00,2552,36
2022-03-03 16:00:00,2357,131
2022-03-03 17:00:00,2207,31
2022-03-03 18:00:00,706,17
2022-03-03 19:00:00,1895,135
2022-03-03 20:00:00,1600,89
2022-03-03 21:00:00,1303,32
2022-03-03 22:00:00,2969,123
2022-03-03 23:00:00,1566,23
2022-03-04 00:00:00,1120,116
2022-03-04 01:00:00,1168,38
2022-03-04 02:00:00,725,99
2022-03-04 03:00:00,785,74
2022-03-04 04:00:00,756,55
2022-03-04 05:00:00,1000,32
2022-03-04 06:00:00,1451,87
2022-03-04 07:00:00,1149,21
2022-03-04 08:00:00,1855,113
2022-03-04 09:00:00,2157,63
2022-03-04 10:00:00,1297,90
2022-03-04 11:00:00,2454,42
2022-03-04 12:00:00,1412,101
2022-03-04 13:00:00,2466,49
2022-03-04 14:00:00,1491,120
2022-03-04 15:00:00,1297,62
2022-03-04 16:00:00,1777,50
2022-03-04 17:00:00,1819,45
2022-03-04 18:00:00,3150,129
2022-03-04 19:00:00,1652,30
2022-03-04 20:00:00,1957,78
2022-03-04 21:00:00,1086,51
2022-03-04 22:00:00,2424,126
2022-03-04 23:00:00,1999,30
2022-03-05 00:00:00,1089,118
2022-03-05 01:00:00,941,32
2022-03-05 02:00:00,821,87
2022-03-05 03:00:00,829,34
2022-03-05 04:00:00,823,90
2022-03-05 05:00:00,780,28
2022-03-05 06:00:00,1296,88
2022-03-05 07:00:00,1794,34
2022-03-05 08:00:00,299,55
2022-03-05 09:00:00,2800,55
2022-03-05 10:00:00,1451,94
2022-03-05 11:00:00,1049,24
2022-03-05 12:00:00,1817,85
2022-03-05 13:00:00,836,15
2022-03-05 14:00:00,1294,87
2022-03-05 15:00:00,1403,34
2022-03-05 16:00:00,1355,89
2022-03-05 17:00:00,3796,39
2022-03-05 18:00:00,958,114
2022-03-05 19:00:00,1848,38
2022-03-05 20:00:00,700,57
2022-03-05 21:00:00,2318,41
2022-03-05 22:00:00,1090,79
2022-03-05 23:00:00,928,33
2022-03-06 00:00:00,805,82
2022-03-06 01:00:00,643,30
2022-03-06 02:00:00,683,65
2022-03-06 03:00:00,556,29
2022-03-06 04:00:00,296,73
2022-03-06 05:00:00,906,37
2022-03-06 06:00:00,783,65
2022-03-06 07:00:00,1142,32
2022-03-06 08:00:00,1535,76
2022-03-06 09:00:00,1344,35
2022-03-06 10:00:00,1348,108
2022-03-06 11:00:00,966,20
2022-03-06 12:00:00,1590,86
2022-03-06 13:00:00,1354,30
2022-03-06 14:00:00,1140,83
2022-03-06 15:00:00,1363,28
2022-03-06 16:00:00,1684,89
2022-03-06 17:00:00,965,20
2022-03-06 18:00:00,1492,84
2022-03-06 19:00:00,1690,28
2022-03-06 20:00:00,802,89
2022-03-06 21:00:00,1606,36
2022-03-06 22:00:00,1004,69
2022-03-06 23:00:00,1052,35
2022-03-07 00:00:00,811,88
2022-03-07 01:00:00,518,23
2022-03-07 02:00:00,792,88
2022-03-07 03:00:00,654,29
2022-03-07 04:00:00,453,97
2022-03-07 05:00:00,930,59
2022-03-07 06:00:00,862,56
2022-03-07 07:00:00,1581,36
2022-03-07 08:00:00,1678,94
2022-03-07 09:00:00,1444,35
2022-03-07 10:00:00,1826,109
2022-03-07 11:00:00,1501,80
2022-03-07 12:00:00,1463,61
2022-03-07 13:00:00,1590,27
2022-03-07 14:00:00,2480,145
2022-03-07 15:00:00,1896,84
2022-03-07 16:00:00,2121,45
2022-03-07 17:00:00,1897,38
2022-03-07 18:00:00,1947,82
2022-03-07 19:00:00,1840,83
2022-03-07 20:00:00,2030,123
2022-03-07 21:00:00,1217,27
2022-03-07 22:00:00,1448,114
2022-03-07 23:00:00,1318,25
2022-03-08 00:00:00,833,104
2022-03-08 01:00:00,587,21
2022-03-08 02:00:00,502,28
2022-03-08 03:00:00,1095,61
2022-03-08 04:00:00,437,27
2022-03-08 05:00:00,1171,124
2022-03-08 06:00:00,1230,61
2022-03-08 07:00:00,1740,52
2022-03-08 08:00:00,1298,112
2022-03-08 09:00:00,2428,117
2022-03-08 10:00:00,1363,58
2022-03-08 11:00:00,2156,39
2022-03-08 12:00:00,1956,115
2022-03-08 13:00:00,1790,27
2022-03-08 14:00:00,989,40
2022-03-08 15:00:00,3023,113
2022-03-08 16:00:00,1245,104
2022-03-08 17:00:00,2783,41
2022-03-08 18:00:00,1937,112
2022-03-08 19:00:00,1776,31
2022-03-08 20:00:00,1485,110
2022-03-08 21:00:00,1607,36
2022-03-08 22:00:00,1361,77
2022-03-08 23:00:00,1005,45
2022-03-09 00:00:00,973,89
2022-03-09 01:00:00,732,28
2022-03-09 02:00:00,940,93
2022-03-09 03:00:00,717,63
2022-03-09 04:00:00,1281,70
2022-03-09 05:00:00,1136,26
2022-03-09 06:00:00,1953,125
2022-03-09 07:00:00,2143,30
2022-03-09 08:00:00,913,28
2022-03-09 09:00:00,1518,38
2022-03-09 10:00:00,2971,67
2022-03-09 11:00:00,2501,98
2022-03-09 12:00:00,1037,27
2022-03-09 13:00:00,1043,29
2022-03-09 14:00:00,3042,60
2022-03-09 15:00:00,1977,36
2022-03-09 16:00:00,1182,30
2022-03-09 17:00:00,2468,47
2022-03-09 18:00:00,1247,24
2022-03-09 19:00:00,1389,32
2022-03-09 20:00:00,3257,300
2022-03-09 21:00:00,3210,163
2022-03-09 22:00:00,1682,207
2022-03-09 23:00:00,816,30
2022-03-10 00:00:00,1183,79
2022-03-10 01:00:00,895,29
2022-03-10 02:00:00,630,102
2022-03-10 03:00:00,821,27
2022-03-10 04:00:00,769,96
2022-03-10 05:00:00,1027,32
2022-03-10 06:00:00,559,76
2022-03-10 07:00:00,1924,59
2022-03-10 08:00:00,2144,99
2022-03-10 09:00:00,1454,27
2022-03-10 10:00:00,1338,115
2022-03-10 11:00:00,1835,33
2022-03-10 12:00:00,1608,90
2022-03-10 13:00:00,1175,30
2022-03-10 14:00:00,1123,67
2022-03-10 15:00:00,2860,76
2022-03-10 16:00:00,1802,111
2022-03-10 17:00:00,2225,35
2022-03-10 18:00:00,1770,114
2022-03-10 19:00:00,1452,31
2022-03-10 20:00:00,1761,86
2022-03-10 21:00:00,1392,33
2022-03-10 22:00:00,1027,43
2022-03-10 23:00:00,1773,85
2022-03-11 00:00:00,997,97
2022-03-11 01:00:00,723,29
2022-03-11 02:00:00,497,72
2022-03-11 03:00:00,796,36
2022-03-11 04:00:00,805,88
2022-03-11 05:00:00,947,32
2022-03-11 06:00:00,1326,29
2022-03-11 07:00:00,1487,29
2022-03-11 08:00:00,1811,33
2022-03-11 09:00:00,1766,32
2022-03-11 10:00:00,1026,30
2022-03-11 11:00:00,1398,31
2022-03-11 12:00:00,2386,178
2022-03-11 13:00:00,641,23
2022-03-11 14:00:00,1886,43
2022-03-11 15:00:00,1929,43
2022-03-11 16:00:00,1311,125
2022-03-11 17:00:00,1939,47
2022-03-11 18:00:00,1146,57
2022-03-11 19:00:00,2350,71
2022-03-11 20:00:00,1876,120
2022-03-11 21:00:00,3633,46
2022-03-11 22:00:00,599,11
2022-03-11 23:00:00,1816,133
2022-03-12 00:00:00,906,85
2022-03-12 01:00:00,913,33
2022-03-12 02:00:00,646,29
2022-03-12 03:00:00,582,27
2022-03-12 04:00:00,673,31
2022-03-12 05:00:00,578,28
2022-03-12 06:00:00,1622,38
2022-03-12 07:00:00,1270,27
2022-03-12 08:00:00,1698,33
2022-03-12 09:00:00,1442,27
2022-03-12 10:00:00,1688,161
2022-03-12 11:00:00,1086,21
2022-03-12 12:00:00,1482,62
2022-03-12 13:00:00,1737,33
2022-03-12 14:00:00,1050,91
2022-03-12 15:00:00,2105,33
2022-03-12 16:00:00,1587,88
2022-03-12 17:00:00,1749,73
2022-03-12 18:00:00,1557,45
2022-03-12 19:00:00,1272,25
2022-03-12 20:00:00,1312,86
2022-03-12 21:00:00,289,6
2022-03-12 22:00:00,1918,80
2022-03-12 23:00:00,779,25
2022-03-13 00:00:00,864,101
2022-03-13 01:00:00,471,22
2022-03-13 02:00:00,329,57
2022-03-13 03:00:00,659,39
2022-03-13 04:00:00,647,77
2022-03-13 05:00:00,499,23
2022-03-13 06:00:00,976,69
2022-03-13 07:00:00,1175,32
2022-03-13 08:00:00,1130,97
2022-03-13 09:00:00,1341,34
2022-03-13 10:00:00,843,54
2022-03-13 11:00:00,1747,42
2022-03-13 12:00:00,1282,74
2022-03-13 13:00:00,946,26
2022-03-13 14:00:00,1788,89
2022-03-13 15:00:00,1222,83
2022-03-13 16:00:00,1613,44
2022-03-13 17:00:00,805,28
2022-03-13 18:00:00,1962,95
2022-03-13 19:00:00,977,29
2022-03-13 20:00:00,1431,41
2022-03-13 21:00:00,1388,77
2022-03-13 22:00:00,919,75
2022-03-13 23:00:00,796,31
2022-03-14 00:00:00,717,81
2022-03-14 01:00:00,597,31
2022-03-14 02:00:00,494,73
2022-03-14 03:00:00,478,26
2022-03-14 04:00:00,678,77
2022-03-14 05:00:00,739,29
2022-03-14 06:00:00,815,82
2022-03-14 07:00:00,1801,59
2022-03-14 08:00:00,1193,81
2022-03-14 09:00:00,1725,33
2022-03-14 10:00:00,1384,77
2022-03-14 11:00:00,2102,112
2022-03-14 12:00:00,1640,107
2022-03-14 13:00:00,1519,26
2022-03-14 14:00:00,2108,95
2022-03-14 15:00:00,2179,101
2022-03-14 16:00:00,701,16
2022-03-14 17:00:00,1109,39
2022-03-14 18:00:00,2740,32
2022-03-14 19:00:00,1788,34
2022-03-14 20:00:00,2232,35
2022-03-14 21:00:00,1642,33
2022-03-14 22:00:00,1363,30
2022-03-14 23:00:00,1057,29
2022-03-15 00:00:00,850,27
2022-03-15 01:00:00,716,28
2022-03-15 02:00:00,607,28
2022-03-15 03:00:00,448,34
2022-03-15 04:00:00,553,141
2022-03-15 05:00:00,1340,129
2022-03-15 06:00:00,1185,83
2022-03-15 07:00:00,1516,73
2022-03-15 08:00:00,1302,53
2022-03-15 09:00:00,1649,78
2022-03-15 10:00:00,1598,83
2022-03-15 11:00:00,2298,43
2022-03-15 12:00:00,1770,128
2022-03-15 13:00:00,1766,31
2022-03-15 14:00:00,1681,110
2022-03-15 15:00:00,1934,66
2022-03-15 16:00:00,2226,97
2022-03-15 17:00:00,1463,22
2022-03-15 18:00:00,1513,43
2022-03-15 19:00:00,2437,49
2022-03-15 20:00:00,1970,208
2022-03-15 21:00:00,1356,24
2022-03-15 22:00:00,1210,81
2022-03-15 23:00:00,1275,68
2022-03-16 00:00:00,1209,113
2022-03-16 01:00:00,734,29
2022-03-16 02:00:00,917,93
2022-03-16 03:00:00,814,44
2022-03-16 04:00:00,552,89
2022-03-16 05:00:00,1072,39
2022-03-16 06:00:00,1291,92
2022-03-16 07:00:00,1853,35
2022-03-16 08:00:00,802,126
2022-03-16 09:00:00,2230,48
2022-03-16 10:00:00,2115,141
2022-03-16 11:00:00,1957,30
2022-03-16 12:00:00,1417,79
2022-03-16 13:00:00,2505,209
2022-03-16 14:00:00,1920,138
2022-03-16 15:00:00,2476,32
2022-03-16 16:00:00,1320,120
2022-03-16 17:00:00,2824,53
2022-03-16 18:00:00,1967,152
2022-03-16 19:00:00,1660,28
2022-03-16 20:00:00,183,8
2022-03-16 21:00:00,2634,71
2022-03-16 22:00:00,1992,187
2022-03-16 23:00:00,767,88
2022-03-17 00:00:00,1466,133
2022-03-17 01:00:00,613,30
2022-03-17 02:00:00,996,30
2022-03-17 03:00:00,816,32
2022-03-17 04:00:00,787,148
2022-03-17 05:00:00,910,28
2022-03-17 06:00:00,1326,132
2022-03-17 07:00:00,1988,35
2022-03-17 08:00:00,1409,139
2022-03-17 09:00:00,554,20
2022-03-17 10:00:00,2592,55
2022-03-17 11:00:00,2695,310
2022-03-17 12:00:00,1900,141
2022-03-17 13:00:00,1859,28
2022-03-17 14:00:00,1329,27
2022-03-17 15:00:00,2464,132
2022-03-17 16:00:00,2486,141
2022-03-17 17:00:00,2124,35
2022-03-17 18:00:00,2020,147
2022-03-17 19:00:00,1442,32
2022-03-17 20:00:00,1829,137
2022-03-17 21:00:00,1774,35
2022-03-17 22:00:00,1375,140
2022-03-17 23:00:00,1163,33
2022-03-18 00:00:00,766,126
2022-03-18 01:00:00,831,37
2022-03-18 02:00:00,488,123
2022-03-18 03:00:00,861,32
2022-03-18 04:00:00,784,134
2022-03-18 05:00:00,877,29
2022-03-18 06:00:00,887,22
2022-03-18 07:00:00,1444,170
2022-03-18 08:00:00,2413,195
2022-03-18 09:00:00,1716,33
2022-03-18 10:00:00,1678,137
2022-03-18 11:00:00,2276,35
2022-03-18 12:00:00,1816,129
2022-03-18 13:00:00,2136,34
2022-03-18 14:00:00,1400,127
2022-03-18 15:00:00,2067,134
2022-03-18 16:00:00,2507,117
2022-03-18 17:00:00,1657,51
2022-03-18 18:00:00,1727,39
2022-03-18 19:00:00,3150,69
2022-03-18 20:00:00,1287,23
2022-03-18 21:00:00,652,27
2022-03-18 22:00:00,2128,64
2022-03-18 23:00:00,1640,185
2022-03-19 00:00:00,442,71
2022-03-19 01:00:00,1802,157
2022-03-19 02:00:00,952,192
2022-03-19 03:00:00,701,34
2022-03-19 04:00:00,676,128
2022-03-19 05:00:00,942,32
2022-03-19 06:00:00,1387,136
2022-03-19 07:00:00,1662,33
2022-03-19 08:00:00,1476,130
2022-03-19 09:00:00,1240,118
2022-03-19 10:00:00,1310,122
2022-03-19 11:00:00,1627,39
2022-03-19 12:00:00,2296,131
2022-03-19 13:00:00,904,29
2022-03-19 14:00:00,2327,130
2022-03-19 15:00:00,1742,32
2022-03-19 16:00:00,1772,125
2022-03-19 17:00:00,2017,35
2022-03-19 18:00:00,747,119
2022-03-19 19:00:00,2383,49
2022-03-19 20:00:00,1367,129
2022-03-19 21:00:00,1319,30
2022-03-19 22:00:00,1117,137
2022-03-19 23:00:00,848,30
2022-03-20 00:00:00,753,126
2022-03-20 01:00:00,574,31
2022-03-20 02:00:00,439,132
2022-03-20 03:00:00,144,9
2022-03-20 04:00:00,684,137
2022-03-20 05:00:00,668,35
2022-03-20 06:00:00,944,132
2022-03-20 07:00:00,1111,30
2022-03-20 08:00:00,1656,153
2022-03-20 09:00:00,1089,113
2022-03-20 10:00:00,1481,131
2022-03-20 11:00:00,549,13
2022-03-20 12:00:00,1997,147
2022-03-20 13:00:00,1121,21
2022-03-20 14:00:00,1748,227
2022-03-20 15:00:00,546,29
2022-03-20 16:00:00,2538,131
2022-03-20 17:00:00,1392,29
2022-03-20 18:00:00,1460,138
2022-03-20 19:00:00,1436,31
2022-03-20 20:00:00,944,121
2022-03-20 21:00:00,807,30
2022-03-20 22:00:00,1532,136
2022-03-20 23:00:00,584,19
2022-03-21 00:00:00,804,135
2022-03-21 01:00:00,502,27
2022-03-21 02:00:00,572,125
2022-03-21 03:00:00,604,33
2022-03-21 04:00:00,551,131
2022-03-21 05:00:00,570,34
2022-03-21 06:00:00,1035,120
2022-03-21 07:00:00,1139,116
2022-03-21 08:00:00,1408,51
2022-03-21 09:00:00,2350,125
2022-03-21 10:00:00,1477,131
2022-03-21 11:00:00,1657,32
2022-03-21 12:00:00,1331,136
2022-03-21 13:00:00,1291,38
2022-03-21 14:00:00,1782,37
2022-03-21 15:00:00,1503,42
2022-03-21 16:00:00,1358,33
2022-03-21 17:00:00,1644,226
2022-03-21 18:00:00,2431,83
2022-03-21 19:00:00,1383,78
2022-03-21 20:00:00,2782,158
2022-03-21 21:00:00,2082,109
2022-03-21 22:00:00,1151,132
2022-03-21 23:00:00,1210,38
2022-03-22 00:00:00,791,134
2022-03-22 01:00:00,759,33
2022-03-22 02:00:00,429,130
2022-03-22 03:00:00,956,40
2022-03-22 04:00:00,747,136
2022-03-22 05:00:00,1385,36
2022-03-22 06:00:00,1386,150
2022-03-22 07:00:00,1776,128
2022-03-22 08:00:00,1604,133
2022-03-22 09:00:00,1728,32
2022-03-22 10:00:00,2156,148
2022-03-22 11:00:00,1905,29
2022-03-22 12:00:00,643,72
2022-03-22 13:00:00,396,18
2022-03-22 14:00:00,2987,131
2022-03-22 15:00:00,1284,57
2022-03-22 16:00:00,2066,45
2022-03-22 17:00:00,1828,124
2022-03-22 18:00:00,1134,36
2022-03-22 19:00:00,3201,156
2022-03-22 20:00:00,2863,262
2022-03-22 21:00:00,278,29
2022-03-22 22:00:00,1217,30
2022-03-22 23:00:00,2160,131
2022-03-23 00:00:00,1029,142
2022-03-23 01:00:00,654,28
2022-03-23 02:00:00,762,127
2022-03-23 03:00:00,727,130
2022-03-23 04:00:00,416,110
2022-03-23 05:00:00,1059,41
2022-03-23 06:00:00,1347,140
2022-03-23 07:00:00,723,108
2022-03-23 08:00:00,2262,148
2022-03-23 09:00:00,1540,26
2022-03-23 10:00:00,1170,124
2022-03-23 11:00:00,2372,43
2022-03-23 12:00:00,1000,120
2022-03-23 13:00:00,1591,31
2022-03-23 14:00:00,1276,37
2022-03-23 15:00:00,3064,148
2022-03-23 16:00:00,2637,236
2022-03-23 17:00:00,1891,32
2022-03-23 18:00:00,1860,143
2022-03-23 19:00:00,1527,30
2022-03-23 20:00:00,640,26
2022-03-23 21:00:00,989,31
2022-03-23 22:00:00,2382,237
2022-03-23 23:00:00,1291,28
2022-03-24 00:00:00,832,133
2022-03-24 01:00:00,862,33
2022-03-24 02:00:00,626,133
2022-03-24 03:00:00,545,24
2022-03-24 04:00:00,756,141
2022-03-24 05:00:00,746,28
2022-03-24 06:00:00,1838,149
2022-03-24 07:00:00,1113,18
2022-03-24 08:00:00,2314,155
2022-03-24 09:00:00,1263,21
2022-03-24 10:00:00,2350,246
2022-03-24 11:00:00,1205,22
2022-03-24 12:00:00,953,31
2022-03-24 13:00:00,1612,46
2022-03-24 14:00:00,2382,282
2022-03-24 15:00:00,3042,85
2022-03-24 16:00:00,1677,144
2022-03-24 17:00:00,2991,55
2022-03-24 18:00:00,1321,144
2022-03-24 19:00:00,698,30
2022-03-24 20:00:00,2132,135
2022-03-24 21:00:00,1113,29
2022-03-24 22:00:00,1334,58
2022-03-24 23:00:00,1879,103
2022-03-25 00:00:00,1885,144
2022-03-25 01:00:00,666,21
2022-03-25 02:00:00,1090,242
2022-03-25 03:00:00,504,22
2022-03-25 04:00:00,1102,149
2022-03-25 05:00:00,468,17
2022-03-25 06:00:00,984,127
2022-03-25 07:00:00,2632,51
2022-03-25 08:00:00,1866,150
2022-03-25 09:00:00,1845,31
2022-03-25 10:00:00,1737,137
2022-03-25 11:00:00,1899,139
2022-03-25 12:00:00,1808,113
2022-03-25 13:00:00,1498,36
2022-03-25 14:00:00,1566,140
2022-03-25 15:00:00,1255,41
2022-03-25 16:00:00,4276,329
2022-03-25 17:00:00,1880,38
2022-03-25 18:00:00,638,121
2022-03-25 19:00:00,3524,68
2022-03-25 20:00:00,1442,126
2022-03-25 21:00:00,2346,43
2022-03-25 22:00:00,1022,125
2022-03-25 23:00:00,1545,39
2022-03-26 00:00:00,834,131
2022-03-26 01:00:00,899,35
2022-03-26 02:00:00,39,70
2022-03-26 03:00:00,1041,81
2022-03-26 04:00:00,846,141
2022-03-26 05:00:00,773,28
2022-03-26 06:00:00,1199,142
2022-03-26 07:00:00,1691,35
2022-03-26 08:00:00,1234,221
2022-03-26 09:00:00,1644,37
2022-03-26 10:00:00,1623,135
2022-03-26 11:00:00,1404,28
2022-03-26 12:00:00,1807,140
2022-03-26 13:00:00,1373,26
2022-03-26 14:00:00,1253,206
2022-03-26 15:00:00,1852,36
2022-03-26 16:00:00,1573,126
2022-03-26 17:00:00,1912,36
2022-03-26 18:00:00,1835,134
2022-03-26 19:00:00,1282,27
2022-03-26 20:00:00,1370,131
2022-03-26 21:00:00,1251,30
2022-03-26 22:00:00,1082,134
2022-03-26 23:00:00,856,30
2022-03-27 00:00:00,719,133
2022-03-27 01:00:00,335,18
2022-03-27 02:00:00,607,132
2022-03-27 03:00:00,635,35
2022-03-27 04:00:00,428,120
2022-03-27 05:00:00,723,36
2022-03-27 06:00:00,959,28
2022-03-27 07:00:00,1305,33
2022-03-27 08:00:00,879,26
2022-03-27 09:00:00,572,111
2022-03-27 10:00:00,2129,156
2022-03-27 11:00:00,1174,28
2022-03-27 12:00:00,1225,128
2022-03-27 13:00:00,1347,30
2022-03-27 14:00:00,769,62
2022-03-27 15:00:00,1752,190
2022-03-27 16:00:00,1183,40
2022-03-27 17:00:00,1537,54
2022-03-27 18:00:00,2100,205
2022-03-27 19:00:00,1641,35
2022-03-27 20:00:00,1144,129
2022-03-27 21:00:00,1180,23
2022-03-27 22:00:00,1474,129
2022-03-27 23:00:00,1288,47
2022-03-28 00:00:00,935,141
2022-03-28 01:00:00,622,24
2022-03-28 02:00:00,397,95
2022-03-28 03:00:00,553,42
2022-03-28 04:00:00,1323,173
2022-03-28 05:00:00,904,29
2022-03-28 06:00:00,1680,221
2022-03-28 07:00:00,1667,127
2022-03-28 08:00:00,1457,117
2022-03-28 09:00:00,2405,39
2022-03-28 10:00:00,1296,93
2022-03-28 11:00:00,2326,91
2022-03-28 12:00:00,1884,142
2022-03-28 13:00:00,1232,31
2022-03-28 14:00:00,2597,83
2022-03-28 15:00:00,2630,85
2022-03-28 16:00:00,2075,153
2022-03-28 17:00:00,2102,33
2022-03-28 18:00:00,1303,130
2022-03-28 19:00:00,2534,44
2022-03-28 20:00:00,2013,135
2022-03-28 21:00:00,663,17
2022-03-28 22:00:00,1525,42
2022-03-28 23:00:00,1781,143
2022-03-29 00:00:00,866,137
2022-03-29 01:00:00,615,25
2022-03-29 02:00:00,645,63
2022-03-29 03:00:00,904,108
2022-03-29 04:00:00,921,147
2022-03-29 05:00:00,1010,29
2022-03-29 06:00:00,1329,135
2022-03-29 07:00:00,1654,35
2022-03-29 08:00:00,1602,31
2022-03-29 09:00:00,2184,31
2022-03-29 10:00:00,1531,94
2022-03-29 11:00:00,1586,77
2022-03-29 12:00:00,2394,150
2022-03-29 13:00:00,2125,32
2022-03-29 14:00:00,1145,35
2022-03-29 15:00:00,2618,147
2022-03-29 16:00:00,1657,223
2022-03-29 17:00:00,1259,46
2022-03-29 18:00:00,2598,64
2022-03-29 19:00:00,1656,118
2022-03-29 20:00:00,1646,72
2022-03-29 21:00:00,1812,107
2022-03-29 22:00:00,1674,143
2022-03-29 23:00:00,842,25
2022-03-30 00:00:00,851,139
2022-03-30 01:00:00,714,30
2022-03-30 02:00:00,590,192
2022-03-30 03:00:00,782,64
2022-03-30 04:00:00,737,140
2022-03-30 05:00:00,530,19
2022-03-30 06:00:00,825,34
2022-03-30 07:00:00,2730,135
2022-03-30 08:00:00,1846,139
2022-03-30 09:00:00,1667,30
2022-03-30 10:00:00,1345,123
2022-03-30 11:00:00,2132,50
2022-03-30 12:00:00,1732,143
2022-03-30 13:00:00,2199,33
2022-03-30 14:00:00,1347,44
2022-03-30 15:00:00,2725,246
2022-03-30 16:00:00,1125,38
2022-03-30 17:00:00,683,15
2022-03-30 18:00:00,980,24
2022-03-30 19:00:00,1452,34
2022-03-30 20:00:00,2070,163
2022-03-30 21:00:00,2499,56
2022-03-30 22:00:00,1622,142
2022-03-30 23:00:00,1397,62
2022-03-31 00:00:00,1273,265
2022-03-31 01:00:00,623,30
2022-03-31 02:00:00,678,132
2022-03-31 03:00:00,910,38
2022-03-31 04:00:00,801,133
2022-03-31 05:00:00,734,29
2022-03-31 06:00:00,1416,132
2022-03-31 07:00:00,2054,33
2022-03-31 08:00:00,1853,227
2022-03-31 09:00:00,1126,24
2022-03-31 10:00:00,2252,142
2022-03-31 11:00:00,1993,31
2022-03-31 12:00:00,1422,95
2022-03-31 13:00:00,0,0
2022-03-31 14:00:00,2137,67
2022-03-31 15:00:00,2581,45
2022-03-31 16:00:00,610,15
2022-03-31 17:00:00,1447,35
2022-03-31 18:00:00,1183,38
2022-03-31 19:00:00,3445,152
2022-03-31 20:00:00,1931,198
2022-03-31 21:00:00,1806,113
2022-03-31 22:00:00,2481,150
2022-03-31 23:00:00,1674,93
2022-04-01 00:00:00,1490,204
2022-04-01 01:00:00,1028,29
2022-04-01 02:00:00,945,141
2022-04-01 03:00:00,845,31
2022-04-01 04:00:00,845,142
2022-04-01 05:00:00,719,29
2022-04-01 06:00:00,1390,135
2022-04-01 07:00:00,2138,32
2022-04-01 08:00:00,1988,141
2022-04-01 09:00:00,1883,140
2022-04-01 10:00:00,0,0
2022-04-01 11:00:00,2077,64
2022-04-01 12:00:00,2077,229
2022-04-01 13:00:00,2510,35
2022-04-01 14:00:00,1821,133
2022-04-01 15:00:00,2994,137
2022-04-01 16:00:00,2616,157
2022-04-01 17:00:00,1327,18
2022-04-01 18:00:00,1425,85
2022-04-01 19:00:00,2445,102
2022-04-01 20:00:00,2878,137
2022-04-01 21:00:00,720,31
2022-04-01 22:00:00,1596,65
2022-04-01 23:00:00,1006,107
2022-04-02 00:00:00,864,124
2022-04-02 01:00:00,1904,37
2022-04-02 02:00:00,865,138
2022-04-02 03:00:00,416,20
2022-04-02 04:00:00,1106,140
2022-04-02 05:00:00,751,26
2022-04-02 06:00:00,1367,134
2022-04-02 07:00:00,1491,29
2022-04-02 08:00:00,1886,130
2022-04-02 09:00:00,1299,33
2022-04-02 10:00:00,1697,130
2022-04-02 11:00:00,1280,25
2022-04-02 12:00:00,435,45
2022-04-02 13:00:00,1994,122
2022-04-02 14:00:00,2022,146
2022-04-02 15:00:00,2881,129
2022-04-02 16:00:00,870,117
2022-04-02 17:00:00,2731,40
2022-04-02 18:00:00,1668,132
2022-04-02 19:00:00,1803,28
2022-04-02 20:00:00,1304,130
2022-04-02 21:00:00,1394,33
2022-04-02 22:00:00,902,126
2022-04-02 23:00:00,709,30
2022-04-03 00:00:00,1034,136
2022-04-03 01:00:00,587,28
2022-04-03 02:00:00,398,125
2022-04-03 03:00:00,378,21
2022-04-03 04:00:00,834,145
2022-04-03 05:00:00,530,24
2022-04-03 06:00:00,691,99
2022-04-03 07:00:00,1604,75
2022-04-03 08:00:00,787,124
2022-04-03 09:00:00,1460,26
2022-04-03 10:00:00,1476,136
2022-04-03 11:00:00,1258,126
2022-04-03 12:00:00,1020,119
2022-04-03 13:00:00,1649,34
2022-04-03 14:00:00,1055,121
2022-04-03 15:00:00,1721,37
2022-04-03 16:00:00,285,11
2022-04-03 17:00:00,2831,159
2022-04-03 18:00:00,1521,125
2022-04-03 19:00:00,866,31
2022-04-03 20:00:00,1731,123
2022-04-03 21:00:00,1387,36
2022-04-03 22:00:00,1136,139
2022-04-03 23:00:00,792,28
2022-04-04 00:00:00,756,127
2022-04-04 01:00:00,527,25
2022-04-04 02:00:00,711,132
2022-04-04 03:00:00,333,25
2022-04-04 04:00:00,575,118
2022-04-04 05:00:00,985,40
2022-04-04 06:00:00,1371,128
2022-04-04 07:00:00,1386,31
2022-04-04 08:00:00,862,121
2022-04-04 09:00:00,1894,36
2022-04-04 10:00:00,1687,137
2022-04-04 11:00:00,1812,32
2022-04-04 12:00:00,1510,40
2022-04-04 13:00:00,2101,133
2022-04-04 14:00:00,1958,81
2022-04-04 15:00:00,2317,190
2022-04-04 16:00:00,2099,133
2022-04-04 17:00:00,1889,30
2022-04-04 18:00:00,1942,128
2022-04-04 19:00:00,1917,35
2022-04-04 20:00:00,1337,137
2022-04-04 21:00:00,1874,36
2022-04-04 22:00:00,1316,132
2022-04-04 23:00:00,853,24
2022-04-05 00:00:00,1201,133
2022-04-05 01:00:00,655,26
2022-04-05 02:00:00,722,133
2022-04-05 03:00:00,474,30
2022-04-05 04:00:00,821,118
2022-04-05 05:00:00,1152,129
2022-04-05 06:00:00,1274,129
2022-04-05 07:00:00,1481,28
2022-04-05 08:00:00,2197,129
2022-04-05 09:00:00,1673,30
2022-04-05 10:00:00,1614,129
2022-04-05 11:00:00,1000,23
2022-04-05 12:00:00,2452,55
2022-04-05 13:00:00,1305,55
2022-04-05 14:00:00,1659,46
2022-04-05 15:00:00,2731,183
2022-04-05 16:00:00,1480,47
2022-04-05 17:00:00,546,13
2022-04-05 18:00:00,2886,79
2022-04-05 19:00:00,1671,52
2022-04-05 20:00:00,1717,278
2022-04-05 21:00:00,631,32
2022-04-05 22:00:00,1061,26
2022-04-05 23:00:00,2556,143
2022-04-06 00:00:00,768,126
2022-04-06 01:00:00,1030,32
2022-04-06 02:00:00,677,123
2022-04-06 03:00:00,667,30
2022-04-06 04:00:00,838,202
2022-04-06 05:00:00,977,38
2022-04-06 06:00:00,1306,219
2022-04-06 07:00:00,1345,26
2022-04-06 08:00:00,1804,137
2022-04-06 09:00:00,1055,20
2022-04-06 10:00:00,2170,128
2022-04-06 11:00:00,1634,37
2022-04-06 12:00:00,2130,140
2022-04-06 13:00:00,1885,29
2022-04-06 14:00:00,849,16
2022-04-06 15:00:00,2403,68
2022-04-06 16:00:00,1587,100
2022-04-06 17:00:00,1364,92
2022-04-06 18:00:00,3141,190
2022-04-06 19:00:00,1494,32
2022-04-06 20:00:00,1735,147
2022-04-06 21:00:00,1122,24
2022-04-06 22:00:00,1468,131
2022-04-06 23:00:00,870,24
2022-04-07 00:00:00,884,125
2022-04-07 01:00:00,925,39
2022-04-07 02:00:00,487,115
2022-04-07 03:00:00,819,40
2022-04-07 04:00:00,729,123
2022-04-07 05:00:00,730,30
2022-04-07 06:00:00,1541,126
2022-04-07 07:00:00,1443,123
2022-04-07 08:00:00,1678,146
2022-04-07 09:00:00,1987,200
2022-04-07 10:00:00,1457,146
2022-04-07 11:00:00,1722,26
2022-04-07 12:00:00,1564,128
2022-04-07 13:00:00,2150,40
2022-04-07 14:00:00,887,117
2022-04-07 15:00:00,363,20
2022-04-07 16:00:00,2430,69
2022-04-07 17:00:00,2476,51
2022-04-07 18:00:00,1610,151
2022-04-07 19:00:00,2054,155
2022-04-07 20:00:00,616,31
2022-04-07 21:00:00,949,15
2022-04-07 22:00:00,2965,268
2022-04-07 23:00:00,1035,34
2022-04-08 00:00:00,878,137
2022-04-08 01:00:00,672,31
2022-04-08 02:00:00,591,125
2022-04-08 03:00:00,186,8
2022-04-08 04:00:00,718,47
2022-04-08 05:00:00,1275,129
2022-04-08 06:00:00,1019,138
2022-04-08 07:00:00,1003,33
2022-04-08 08:00:00,2549,37
2022-04-08 09:00:00,1290,25
2022-04-08 10:00:00,1851,36
2022-04-08 11:00:00,1254,20
2022-04-08 12:00:00,1552,138
2022-04-08 13:00:00,1036,45
2022-04-08 14:00:00,1564,51
2022-04-08 15:00:00,863,28
2022-04-08 16:00:00,4391,42
2022-04-08 17:00:00,2161,26
2022-04-08 18:00:00,432,10
2022-04-08 19:00:00,2719,60
2022-04-08 20:00:00,2429,29
2022-04-08 21:00:00,1113,24
2022-04-08 22:00:00,1685,34
2022-04-08 23:00:00,1195,35
2022-04-09 00:00:00,930,31
2022-04-09 01:00:00,792,33
2022-04-09 02:00:00,621,29
2022-04-09 03:00:00,615,28
2022-04-09 04:00:00,569,22
2022-04-09 05:00:00,591,35
2022-04-09 06:00:00,1508,35
2022-04-09 07:00:00,1314,30
2022-04-09 08:00:00,1199,25
2022-04-09 09:00:00,1196,25
2022-04-09 10:00:00,1878,38
2022-04-09 11:00:00,1176,222
2022-04-09 12:00:00,1554,208
2022-04-09 13:00:00,1564,30
2022-04-09 14:00:00,1720,135
2022-04-09 15:00:00,1533,31
2022-04-09 16:00:00,1684,129
2022-04-09 17:00:00,1342,28
2022-04-09 18:00:00,1576,135
2022-04-09 19:00:00,1704,29
2022-04-09 20:00:00,1200,129
2022-04-09 21:00:00,1006,24
2022-04-09 22:00:00,1073,128
2022-04-09 23:00:00,772,31
2022-04-10 00:00:00,733,134
2022-04-10 01:00:00,421,28
2022-04-10 02:00:00,607,127
2022-04-10 03:00:00,490,28
2022-04-10 04:00:00,603,132
2022-04-10 05:00:00,510,23
2022-04-10 06:00:00,1020,133
2022-04-10 07:00:00,1065,30
2022-04-10 08:00:00,1176,134
2022-04-10 09:00:00,526,12
2022-04-10 10:00:00,1769,144
2022-04-10 11:00:00,1207,32
2022-04-10 12:00:00,956,121
2022-04-10 13:00:00,1382,41
2022-04-10 14:00:00,1244,213
2022-04-10 15:00:00,849,14
2022-04-10 16:00:00,1965,141
2022-04-10 17:00:00,1481,34
2022-04-10 18:00:00,1700,138
2022-04-10 19:00:00,988,23
2022-04-10 20:00:00,1532,132
2022-04-10 21:00:00,1010,32
2022-04-10 22:00:00,964,122
2022-04-10 23:00:00,679,26
2022-04-11 00:00:00,764,131
2022-04-11 01:00:00,519,30
2022-04-11 02:00:00,558,125
2022-04-11 03:00:00,665,34
2022-04-11 04:00:00,568,138
2022-04-11 05:00:00,711,29
2022-04-11 06:00:00,1209,135
2022-04-11 07:00:00,1006,114
2022-04-11 08:00:00,903,33
2022-04-11 09:00:00,2668,140
2022-04-11 10:00:00,853,32
2022-04-11 11:00:00,2186,129
2022-04-11 12:00:00,2207,139
2022-04-11 13:00:00,1526,31
2022-04-11 14:00:00,1782,140
2022-04-11 15:00:00,2224,31
2022-04-11 16:00:00,2131,34
2022-04-11 17:00:00,1555,33
2022-04-11 18:00:00,1833,29
2022-04-11 19:00:00,929,23
2022-04-11 20:00:00,1067,27
2022-04-11 21:00:00,2213,73
2022-04-11 22:00:00,1208,216
2022-04-11 23:00:00,1685,137
2022-04-12 00:00:00,1026,136
2022-04-12 01:00:00,825,32
2022-04-12 02:00:00,707,127
2022-04-12 03:00:00,512,29
2022-04-12 04:00:00,615,34
2022-04-12 05:00:00,1074,134
2022-04-12 06:00:00,331,104
2022-04-12 07:00:00,2480,58
2022-04-12 08:00:00,1300,127
2022-04-12 09:00:00,1723,124
2022-04-12 10:00:00,1777,136
2022-04-12 11:00:00,797,16
2022-04-12 12:00:00,874,47
2022-04-12 13:00:00,2057,45
2022-04-12 14:00:00,2886,287
2022-04-12 15:00:00,2007,139
2022-04-12 16:00:00,1065,119
2022-04-12 17:00:00,1816,45
2022-04-12 18:00:00,1457,42
2022-04-12 19:00:00,2303,118
2022-04-12 20:00:00,1368,137
2022-04-12 21:00:00,1339,35
2022-04-12 22:00:00,995,120
2022-04-12 23:00:00,1040,40
2022-04-13 00:00:00,758,120
2022-04-13 01:00:00,705,32
2022-04-13 02:00:00,656,138
2022-04-13 03:00:00,570,26
2022-04-13 04:00:00,489,280
2022-04-13 05:00:00,750,43
2022-04-13 06:00:00,1531,127
2022-04-13 07:00:00,1005,30
2022-04-13 08:00:00,2081,192
2022-04-13 09:00:00,1184,29
2022-04-13 10:00:00,1997,165
2022-04-13 11:00:00,481,8
2022-04-13 12:00:00,863,25
2022-04-13 13:00:00,1205,45
2022-04-13 14:00:00,2122,47
2022-04-13 15:00:00,2104,151
2022-04-13 16:00:00,1807,157
2022-04-13 17:00:00,2078,39
2022-04-13 18:00:00,2543,145
2022-04-13 19:00:00,1902,174
2022-04-13 20:00:00,1681,140
2022-04-13 21:00:00,1631,53
2022-04-13 22:00:00,1629,144
2022-04-13 23:00:00,933,27
2022-04-14 00:00:00,850,134
2022-04-14 01:00:00,554,25
2022-04-14 02:00:00,465,40
2022-04-14 03:00:00,672,167
2022-04-14 04:00:00,873,165
2022-04-14 05:00:00,388,14
2022-04-14 06:00:00,1614,113
2022-04-14 07:00:00,1211,1
2022-04-14 08:00:00,1887,105
2022-04-14 09:00:00,1800,2
2022-04-14 10:00:00,1231,108
2022-04-14 11:00:00,1354,0
2022-04-14 12:00:00,1719,103
2022-04-14 13:00:00,839,0
2022-04-14 14:00:00,2439,115
2022-04-14 15:00:00,2104,29
2022-04-14 16:00:00,1263,131
2022-04-14 17:00:00,1051,40
2022-04-14 18:00:00,2538,147
2022-04-14 19:00:00,738,30
2022-04-14 20:00:00,1466,48
2022-04-14 21:00:00,1664,122
2022-04-14 22:00:00,1923,139
2022-04-14 23:00:00,1226,28
2022-04-15 00:00:00,338,30
2022-04-15 01:00:00,1086,135
2022-04-15 02:00:00,635,134
2022-04-15 03:00:00,720,30
2022-04-15 04:00:00,330,115
2022-04-15 05:00:00,962,44
2022-04-15 06:00:00,1338,130
2022-04-15 07:00:00,1481,29
2022-04-15 08:00:00,1507,134
2022-04-15 09:00:00,1738,35
2022-04-15 10:00:00,1295,131
2022-04-15 11:00:00,1884,131
2022-04-15 12:00:00,1552,123
2022-04-15 13:00:00,1856,34
2022-04-15 14:00:00,841,34
2022-04-15 15:00:00,2810,127
2022-04-15 16:00:00,1977,136
2022-04-15 17:00:00,1282,27
2022-04-15 18:00:00,2005,135
2022-04-15 19:00:00,1257,24
2022-04-15 20:00:00,1620,137
2022-04-15 21:00:00,1575,42
2022-04-15 22:00:00,1644,134
2022-04-15 23:00:00,889,27
2022-04-16 00:00:00,587,87
2022-04-16 01:00:00,966,77
2022-04-16 02:00:00,496,123
2022-04-16 03:00:00,749,38
2022-04-16 04:00:00,443,76
2022-04-16 05:00:00,953,85
2022-04-16 06:00:00,1233,131
2022-04-16 07:00:00,1422,31
2022-04-16 08:00:00,1162,121
2022-04-16 09:00:00,1319,31
2022-04-16 10:00:00,1605,140
2022-04-16 11:00:00,1534,33
2022-04-16 12:00:00,1455,144
2022-04-16 13:00:00,1350,96
2022-04-16 14:00:00,1368,139
2022-04-16 15:00:00,1283,36
2022-04-16 16:00:00,2128,138
2022-04-16 17:00:00,1539,28
2022-04-16 18:00:00,1679,138
2022-04-16 19:00:00,885,27
2022-04-16 20:00:00,1443,128
2022-04-16 21:00:00,1483,37
2022-04-16 22:00:00,949,127
2022-04-16 23:00:00,770,29
2022-04-17 00:00:00,405,113
2022-04-17 01:00:00,803,44
2022-04-17 02:00:00,529,132
2022-04-17 03:00:00,336,21
2022-04-17 04:00:00,681,135
2022-04-17 05:00:00,733,33
2022-04-17 06:00:00,977,129
2022-04-17 07:00:00,689,19
2022-04-17 08:00:00,1571,138
2022-04-17 09:00:00,1080,28
2022-04-17 10:00:00,1110,131
2022-04-17 11:00:00,1277,34
2022-04-17 12:00:00,1295,126
2022-04-17 13:00:00,1154,126
2022-04-17 14:00:00,951,31
2022-04-17 15:00:00,1486,125
2022-04-17 16:00:00,1265,130
2022-04-17 17:00:00,1105,27
2022-04-17 18:00:00,1481,139
2022-04-17 19:00:00,844,22
2022-04-17 20:00:00,934,122
2022-04-17 21:00:00,1046,34
2022-04-17 22:00:00,1097,140
2022-04-17 23:00:00,678,30
2022-04-18 00:00:00,527,123
2022-04-18 01:00:00,562,34
2022-04-18 02:00:00,374,119
2022-04-18 03:00:00,133,24
2022-04-18 04:00:00,1045,136
2022-04-18 05:00:00,467,20
2022-04-18 06:00:00,1148,155
2022-04-18 07:00:00,941,28
2022-04-18 08:00:00,1054,72
2022-04-18 09:00:00,1291,31
2022-04-18 10:00:00,1673,57
2022-04-18 11:00:00,1368,83
2022-04-18 12:00:00,1795,98
2022-04-18 13:00:00,1606,154
2022-04-18 14:00:00,1234,236
2022-04-18 15:00:00,2014,35
2022-04-18 16:00:00,1277,140
2022-04-18 17:00:00,1931,40
2022-04-18 18:00:00,1790,133
2022-04-18 19:00:00,1277,37
2022-04-18 20:00:00,929,39
2022-04-18 21:00:00,2219,148
2022-04-18 22:00:00,1275,143
2022-04-18 23:00:00,514,22
2022-04-19 00:00:00,1181,136
2022-04-19 01:00:00,689,33
2022-04-19 02:00:00,673,124
2022-04-19 03:00:00,706,30
2022-04-19 04:00:00,509,112
2022-04-19 05:00:00,847,45
2022-04-19 06:00:00,367,25
2022-04-19 07:00:00,1037,44
2022-04-19 08:00:00,2859,234
2022-04-19 09:00:00,1355,29
2022-04-19 10:00:00,1294,88
2022-04-19 11:00:00,997,27
2022-04-19 12:00:00,1620,45
2022-04-19 13:00:00,3055,190
2022-04-19 14:00:00,1456,38
2022-04-19 15:00:00,2249,135
2022-04-19 16:00:00,1841,151
2022-04-19 17:00:00,1393,31
2022-04-19 18:00:00,1349,90
2022-04-19 19:00:00,2593,88
2022-04-19 20:00:00,1637,147
2022-04-19 21:00:00,781,17
2022-04-19 22:00:00,1688,145
2022-04-19 23:00:00,547,34
2022-04-20 00:00:00,1012,128
2022-04-20 01:00:00,924,35
2022-04-20 02:00:00,673,130
2022-04-20 03:00:00,229,10
2022-04-20 04:00:00,1051,147
2022-04-20 05:00:00,840,27
2022-04-20 06:00:00,1443,142
2022-04-20 07:00:00,1563,30
2022-04-20 08:00:00,1651,148
2022-04-20 09:00:00,1257,22
2022-04-20 10:00:00,1941,143
2022-04-20 11:00:00,1299,37
2022-04-20 12:00:00,1631,222
2022-04-20 13:00:00,1473,27
2022-04-20 14:00:00,2992,252
2022-04-20 15:00:00,1757,30
2022-04-20 16:00:00,2215,140
2022-04-20 17:00:00,1685,33
2022-04-20 18:00:00,1816,138
2022-04-20 19:00:00,1586,33
2022-04-20 20:00:00,1640,136
2022-04-20 21:00:00,1461,32
2022-04-20 22:00:00,979,130
2022-04-20 23:00:00,693,32
2022-04-21 00:00:00,1120,134
2022-04-21 01:00:00,689,34
2022-04-21 02:00:00,704,129
2022-04-21 03:00:00,505,33
2022-04-21 04:00:00,779,129
2022-04-21 05:00:00,795,28
2022-04-21 06:00:00,1088,132
2022-04-21 07:00:00,1666,35
2022-04-21 08:00:00,1690,138
2022-04-21 09:00:00,1706,131
2022-04-21 10:00:00,1617,129
2022-04-21 11:00:00,1184,21
2022-04-21 12:00:00,937,32
2022-04-21 13:00:00,1131,26
2022-04-21 14:00:00,3628,195
2022-04-21 15:00:00,1749,86
2022-04-21 16:00:00,1868,148
2022-04-21 17:00:00,764,25
2022-04-21 18:00:00,3049,147
2022-04-21 19:00:00,1683,35
2022-04-21 20:00:00,1600,135
2022-04-21 21:00:00,1125,25
2022-04-21 22:00:00,1408,141
2022-04-21 23:00:00,905,28
2022-04-22 00:00:00,830,132
2022-04-22 01:00:00,732,32
2022-04-22 02:00:00,543,130
2022-04-22 03:00:00,683,33
2022-04-22 04:00:00,617,129
2022-04-22 05:00:00,882,33
2022-04-22 06:00:00,1188,137
2022-04-22 07:00:00,1080,22
2022-04-22 08:00:00,1887,202
2022-04-22 09:00:00,1465,68
2022-04-22 10:00:00,1410,130
2022-04-22 11:00:00,1386,36
2022-04-22 12:00:00,1996,126
2022-04-22 13:00:00,1718,35
2022-04-22 14:00:00,710,21
2022-04-22 15:00:00,1915,50
2022-04-22 16:00:00,722,30
2022-04-22 17:00:00,2102,80
2022-04-22 18:00:00,1485,117
2022-04-22 19:00:00,1524,125
2022-04-22 20:00:00,1533,132
2022-04-22 21:00:00,2313,39
2022-04-22 22:00:00,1269,142
2022-04-22 23:00:00,1878,62
2022-04-23 00:00:00,1330,185
2022-04-23 01:00:00,632,27
2022-04-23 02:00:00,487,126
2022-04-23 03:00:00,699,35
2022-04-23 04:00:00,737,133
2022-04-23 05:00:00,807,31
2022-04-23 06:00:00,865,127
2022-04-23 07:00:00,1428,36
2022-04-23 08:00:00,1597,129
2022-04-23 09:00:00,1073,23
2022-04-23 10:00:00,1715,139
2022-04-23 11:00:00,1254,29
2022-04-23 12:00:00,1041,132
2022-04-23 13:00:00,1888,137
2022-04-23 14:00:00,1172,124
2022-04-23 15:00:00,1582,38
2022-04-23 16:00:00,821,120
2022-04-23 17:00:00,1976,26
2022-04-23 18:00:00,1657,133
2022-04-23 19:00:00,1308,28
2022-04-23 20:00:00,1042,124
2022-04-23 21:00:00,1034,39
2022-04-23 22:00:00,1318,130
2022-04-23 23:00:00,317,12
2022-04-24 00:00:00,1136,146
2022-04-24 01:00:00,482,27
2022-04-24 02:00:00,546,130
2022-04-24 03:00:00,492,33
2022-04-24 04:00:00,461,216
2022-04-24 05:00:00,644,37
2022-04-24 06:00:00,722,127
2022-04-24 07:00:00,728,92
2022-04-24 08:00:00,1223,81
2022-04-24 09:00:00,639,17
2022-04-24 10:00:00,1480,145
2022-04-24 11:00:00,1144,31
2022-04-24 12:00:00,1256,127
2022-04-24 13:00:00,1274,28
2022-04-24 14:00:00,1307,135
2022-04-24 15:00:00,1313,29
2022-04-24 16:00:00,1241,132
2022-04-24 17:00:00,1440,31
2022-04-24 18:00:00,1461,144
2022-04-24 19:00:00,1031,27
2022-04-24 20:00:00,1000,125
2022-04-24 21:00:00,1313,39
2022-04-24 22:00:00,708,125
2022-04-24 23:00:00,853,35
2022-04-25 00:00:00,717,128
2022-04-25 01:00:00,540,27
2022-04-25 02:00:00,492,129
2022-04-25 03:00:00,616,32
2022-04-25 04:00:00,394,29
2022-04-25 05:00:00,983,88
2022-04-25 06:00:00,1140,39
2022-04-25 07:00:00,1052,15
2022-04-25 08:00:00,1869,150
2022-04-25 09:00:00,1424,36
2022-04-25 10:00:00,929,123
2022-04-25 11:00:00,4131,183
2022-04-25 12:00:00,1629,155
2022-04-25 13:00:00,1836,43
2022-04-25 14:00:00,1557,227
2022-04-25 15:00:00,1867,35
2022-04-25 16:00:00,962,37
2022-04-25 17:00:00,2537,131
2022-04-25 18:00:00,1557,145
2022-04-25 19:00:00,2011,33
2022-04-25 20:00:00,1703,144
2022-04-25 21:00:00,1175,25
2022-04-25 22:00:00,1464,143
2022-04-25 23:00:00,906,28
2022-04-26 00:00:00,787,130
2022-04-26 01:00:00,732,30
2022-04-26 02:00:00,620,125
2022-04-26 03:00:00,602,30
2022-04-26 04:00:00,752,138
2022-04-26 05:00:00,1057,32
2022-04-26 06:00:00,1187,131
2022-04-26 07:00:00,1614,31
2022-04-26 08:00:00,587,23
2022-04-26 09:00:00,2716,92
2022-04-26 10:00:00,1871,184
2022-04-26 11:00:00,1168,21
2022-04-26 12:00:00,1414,42
2022-04-26 13:00:00,2379,137
2022-04-26 14:00:00,1063,144
2022-04-26 15:00:00,2175,103
2022-04-26 16:00:00,1947,146
2022-04-26 17:00:00,1073,27
2022-04-26 18:00:00,1751,44
2022-04-26 19:00:00,972,36
2022-04-26 20:00:00,1556,57
2022-04-26 21:00:00,2079,152
2022-04-26 22:00:00,1661,207
2022-04-26 23:00:00,995,44
2022-04-27 00:00:00,972,127
2022-04-27 01:00:00,756,40
2022-04-27 02:00:00,697,132
2022-04-27 03:00:00,441,22
2022-04-27 04:00:00,885,136
2022-04-27 05:00:00,986,33
2022-04-27 06:00:00,997,133
2022-04-27 07:00:00,1013,23
2022-04-27 08:00:00,1875,134
2022-04-27 09:00:00,1495,36
2022-04-27 10:00:00,1462,195
2022-04-27 11:00:00,2001,46
2022-04-27 12:00:00,824,136
2022-04-27 13:00:00,2353,34
2022-04-27 14:00:00,1496,131
2022-04-27 15:00:00,2161,38
2022-04-27 16:00:00,1667,131
2022-04-27 17:00:00,1088,17
2022-04-27 18:00:00,2573,148
2022-04-27 19:00:00,1754,34
2022-04-27 20:00:00,878,125
2022-04-27 21:00:00,1783,43
2022-04-27 22:00:00,1281,137
2022-04-27 23:00:00,866,27
2022-04-28 00:00:00,898,134
2022-04-28 01:00:00,535,23
2022-04-28 02:00:00,738,136
2022-04-28 03:00:00,799,35
2022-04-28 04:00:00,698,135
2022-04-28 05:00:00,0,0
2022-04-28 06:00:00,2105,83
2022-04-28 07:00:00,1502,182
2022-04-28 08:00:00,1681,139
2022-04-28 09:00:00,1596,30
2022-04-28 10:00:00,1575,138
2022-04-28 11:00:00,1699,37
2022-04-28 12:00:00,1515,212
2022-04-28 13:00:00,724,32
2022-04-28 14:00:00,1535,27
2022-04-28 15:00:00,1947,35
2022-04-28 16:00:00,2411,173
2022-04-28 17:00:00,2662,37
2022-04-28 18:00:00,1496,90
2022-04-28 19:00:00,2200,100
2022-04-28 20:00:00,1681,147
2022-04-28 21:00:00,899,25
2022-04-28 22:00:00,1398,148
2022-04-28 23:00:00,1468,37
2022-04-29 00:00:00,865,161
2022-04-29 01:00:00,1125,153
2022-04-29 02:00:00,787,136
2022-04-29 03:00:00,183,26
2022-04-29 04:00:00,1294,140
2022-04-29 05:00:00,1050,30
2022-04-29 06:00:00,1392,135
2022-04-29 07:00:00,1133,120
2022-04-29 08:00:00,1900,217
2022-04-29 09:00:00,1742,40
2022-04-29 10:00:00,1958,134
2022-04-29 11:00:00,1883,31
2022-04-29 12:00:00,1507,141
2022-04-29 13:00:00,1352,34
2022-04-29 14:00:00,1834,50
2022-04-29 15:00:00,1362,33
2022-04-29 16:00:00,1884,137
2022-04-29 17:00:00,1773,94
2022-04-29 18:00:00,2876,220
2022-04-29 19:00:00,1368,35
2022-04-29 20:00:00,1199,183
2022-04-29 21:00:00,2547,110
2022-04-29 22:00:00,1479,124
2022-04-29 23:00:00,1264,35
2022-04-30 00:00:00,1488,130
2022-04-30 01:00:00,802,30
2022-04-30 02:00:00,990,144
2022-04-30 03:00:00,357,14
2022-04-30 04:00:00,793,139
2022-04-30 05:00:00,1137,32
2022-04-30 06:00:00,1213,393
2022-04-30 07:00:00,1027,27
2022-04-30 08:00:00,2290,39
2022-04-30 09:00:00,1513,29
2022-04-30 10:00:00,1614,31
2022-04-30 11:00:00,1510,30
2022-04-30 12:00:00,1295,30
2022-04-30 13:00:00,1905,33
2022-04-30 14:00:00,1744,30
2022-04-30 15:00:00,413,11
2022-04-30 16:00:00,2886,49
2022-04-30 17:00:00,1644,29
2022-04-30 18:00:00,1463,51
2022-04-30 19:00:00,2041,39
2022-04-30 20:00:00,846,30
2022-04-30 21:00:00,1915,30
2022-04-30 22:00:00,958,28
2022-04-30 23:00:00,1052,30
2022-05-01 00:00:00,874,39
2022-05-01 01:00:00,659,28
2022-05-01 02:00:00,511,24
2022-05-01 03:00:00,575,29
2022-05-01 04:00:00,789,37
2022-05-01 05:00:00,697,28
2022-05-01 06:00:00,939,34
2022-05-01 07:00:00,1158,31
2022-05-01 08:00:00,1068,28
2022-05-01 09:00:00,1229,30
2022-05-01 10:00:00,1181,28
2022-05-01 11:00:00,1361,33
2022-05-01 12:00:00,1282,31
2022-05-01 13:00:00,1328,30
2022-05-01 14:00:00,1677,36
2022-05-01 15:00:00,1344,25
2022-05-01 16:00:00,1822,34
2022-05-01 17:00:00,1443,29
2022-05-01 18:00:00,1038,56
2022-05-01 19:00:00,1522,38
2022-05-01 20:00:00,866,27
2022-05-01 21:00:00,1364,27
2022-05-01 22:00:00,1204,36
2022-05-01 23:00:00,701,23
2022-05-02 00:00:00,903,38
2022-05-02 01:00:00,562,28
2022-05-02 02:00:00,541,30
2022-05-02 03:00:00,463,29
2022-05-02 04:00:00,750,36
2022-05-02 05:00:00,808,31
2022-05-02 06:00:00,1019,29
2022-05-02 07:00:00,1379,29
2022-05-02 08:00:00,1722,37
2022-05-02 09:00:00,1468,29
2022-05-02 10:00:00,1625,36
2022-05-02 11:00:00,1662,31
2022-05-02 12:00:00,1174,23
2022-05-02 13:00:00,1560,39
2022-05-02 14:00:00,977,25
2022-05-02 15:00:00,2053,34
2022-05-02 16:00:00,1173,23
2022-05-02 17:00:00,1742,35
2022-05-02 18:00:00,2535,43
2022-05-02 19:00:00,1560,27
2022-05-02 20:00:00,2118,66
2022-05-02 21:00:00,1055,29
2022-05-02 22:00:00,1741,35
2022-05-02 23:00:00,911,29
2022-05-03 00:00:00,789,30
2022-05-03 01:00:00,682,31
2022-05-03 02:00:00,620,31
2022-05-03 03:00:00,420,30
2022-05-03 04:00:00,608,29
2022-05-03 05:00:00,583,24
2022-05-03 06:00:00,1498,39
2022-05-03 07:00:00,1415,30
2022-05-03 08:00:00,1622,32
2022-05-03 09:00:00,1290,24
2022-05-03 10:00:00,1200,36
2022-05-03 11:00:00,1649,30
2022-05-03 12:00:00,2131,33
2022-05-03 13:00:00,1364,28
2022-05-03 14:00:00,1497,34
2022-05-03 15:00:00,1330,28
2022-05-03 16:00:00,3228,39
2022-05-03 17:00:00,1160,19
2022-05-03 18:00:00,1419,58
2022-05-03 19:00:00,2767,40
2022-05-03 20:00:00,1560,34
2022-05-03 21:00:00,1205,33
2022-05-03 22:00:00,1256,31
2022-05-03 23:00:00,1159,28
2022-05-04 00:00:00,533,19
2022-05-04 01:00:00,1007,42
2022-05-04 02:00:00,699,32
2022-05-04 03:00:00,246,11
2022-05-04 04:00:00,986,52
2022-05-04 05:00:00,713,25
2022-05-04 06:00:00,1578,42
2022-05-04 07:00:00,1557,31
2022-05-04 08:00:00,1492,19
2022-05-04 09:00:00,1676,26
2022-05-04 10:00:00,1755,23
2022-05-04 11:00:00,2795,43
2022-05-04 12:00:00,1602,41
2022-05-04 13:00:00,1357,29
2022-05-04 14:00:00,1980,109
2022-05-04 15:00:00,1086,187
2022-05-04 16:00:00,1142,66
2022-05-04 17:00:00,1416,196
2022-05-04 18:00:00,1153,132
2022-05-04 19:00:00,1127,430
2022-05-04 20:00:00,1029,113
2022-05-04 21:00:00,1357,366
2022-05-04 22:00:00,868,328
2022-05-04 23:00:00,557,162
2022-05-05 00:00:00,876,319
2022-05-05 01:00:00,1010,194
2022-05-05 02:00:00,477,231
2022-05-05 03:00:00,922,150
2022-05-05 04:00:00,1383,396
2022-05-05 05:00:00,1629,304
2022-05-05 06:00:00,681,135
2022-05-05 07:00:00,2359,246
2022-05-05 08:00:00,2068,95
2022-05-05 09:00:00,1104,61
2022-05-05 10:00:00,2498,322
2022-05-05 11:00:00,1681,106
2022-05-05 12:00:00,2384,120
2022-05-05 13:00:00,1678,78
2022-05-05 14:00:00,1780,81
2022-05-05 15:00:00,1948,75
2022-05-05 16:00:00,1113,32
2022-05-05 17:00:00,2190,39
2022-05-05 18:00:00,1787,67
2022-05-05 19:00:00,2339,65
2022-05-05 20:00:00,1414,160
2022-05-05 21:00:00,860,30
2022-05-05 22:00:00,3333,35
2022-05-05 23:00:00,1494,37
2022-05-06 00:00:00,990,31
2022-05-06 01:00:00,1037,37
2022-05-06 02:00:00,706,46
2022-05-06 03:00:00,775,36
2022-05-06 04:00:00,613,30
2022-05-06 05:00:00,483,251
2022-05-06 06:00:00,1085,92
2022-05-06 07:00:00,930,24
2022-05-06 08:00:00,1709,69
2022-05-06 09:00:00,1966,51
2022-05-06 10:00:00,1599,104
2022-05-06 11:00:00,2014,43
2022-05-06 12:00:00,898,23
2022-05-06 13:00:00,2211,44
2022-05-06 14:00:00,1506,41
2022-05-06 15:00:00,729,28
2022-05-06 16:00:00,1530,27
2022-05-06 17:00:00,1558,52
2022-05-06 18:00:00,1645,37
2022-05-06 19:00:00,3788,33
2022-05-06 20:00:00,1662,35
2022-05-06 21:00:00,1897,38
2022-05-06 22:00:00,1238,29
2022-05-06 23:00:00,1166,33
2022-05-07 00:00:00,494,18
2022-05-07 01:00:00,921,39
2022-05-07 02:00:00,420,26
2022-05-07 03:00:00,968,40
2022-05-07 04:00:00,486,338
2022-05-07 05:00:00,949,168
2022-05-07 06:00:00,869,24
2022-05-07 07:00:00,1488,34
2022-05-07 08:00:00,1755,43
2022-05-07 09:00:00,1374,28
2022-05-07 10:00:00,1558,42
2022-05-07 11:00:00,1224,25
2022-05-07 12:00:00,1624,127
2022-05-07 13:00:00,1060,290
2022-05-07 14:00:00,1141,246
2022-05-07 15:00:00,2059,26
2022-05-07 16:00:00,1779,38
2022-05-07 17:00:00,1401,25
2022-05-07 18:00:00,1779,41
2022-05-07 19:00:00,1220,28
2022-05-07 20:00:00,814,25
2022-05-07 21:00:00,774,35
2022-05-07 22:00:00,842,27
2022-05-07 23:00:00,872,38
2022-05-08 00:00:00,1556,34
2022-05-08 01:00:00,753,35
2022-05-08 02:00:00,677,32
2022-05-08 03:00:00,652,31
2022-05-08 04:00:00,579,34
2022-05-08 05:00:00,620,217
2022-05-08 06:00:00,326,91
2022-05-08 07:00:00,1545,306
2022-05-08 08:00:00,1455,37
2022-05-08 09:00:00,847,24
2022-05-08 10:00:00,1238,38
2022-05-08 11:00:00,1376,37
2022-05-08 12:00:00,1241,29
2022-05-08 13:00:00,1125,27
2022-05-08 14:00:00,1355,35
2022-05-08 15:00:00,1131,29
2022-05-08 16:00:00,1268,32
2022-05-08 17:00:00,1140,29
2022-05-08 18:00:00,1196,40
2022-05-08 19:00:00,1239,16
2022-05-08 20:00:00,1554,40
2022-05-08 21:00:00,1120,36
2022-05-08 22:00:00,497,15
2022-05-08 23:00:00,1130,48
2022-05-09 00:00:00,683,35
2022-05-09 01:00:00,471,27
2022-05-09 02:00:00,635,32
2022-05-09 03:00:00,630,32
2022-05-09 04:00:00,376,21
2022-05-09 05:00:00,252,38
2022-05-09 06:00:00,1296,30
2022-05-09 07:00:00,1951,35
2022-05-09 08:00:00,959,23
2022-05-09 09:00:00,1551,39
2022-05-09 10:00:00,1550,43
2022-05-09 11:00:00,1109,77
2022-05-09 12:00:00,1428,279
2022-05-09 13:00:00,2229,196
2022-05-09 14:00:00,1069,134
2022-05-09 15:00:00,2469,194
2022-05-09 16:00:00,1785,27
2022-05-09 17:00:00,1306,44
2022-05-09 18:00:00,1977,37
2022-05-09 19:00:00,2736,39
2022-05-09 20:00:00,2065,34
2022-05-09 21:00:00,2311,39
2022-05-09 22:00:00,1173,32
2022-05-09 23:00:00,1324,31
2022-05-10 00:00:00,756,27
2022-05-10 01:00:00,1206,34
2022-05-10 02:00:00,847,36
2022-05-10 03:00:00,710,30
2022-05-10 04:00:00,508,23
2022-05-10 05:00:00,1063,37
2022-05-10 06:00:00,190,19
2022-05-10 07:00:00,2449,49
2022-05-10 08:00:00,1368,34
2022-05-10 09:00:00,1433,30
2022-05-10 10:00:00,1936,40
2022-05-10 11:00:00,1486,30
2022-05-10 12:00:00,733,28
2022-05-10 13:00:00,2190,34
2022-05-10 14:00:00,2044,39
2022-05-10 15:00:00,1766,31
2022-05-10 16:00:00,1942,34
2022-05-10 17:00:00,1145,29
2022-05-10 18:00:00,1397,34
2022-05-10 19:00:00,2318,38
2022-05-10 20:00:00,1554,37
2022-05-10 21:00:00,1136,22
2022-05-10 22:00:00,1602,44
2022-05-10 23:00:00,882,29
2022-05-11 00:00:00,759,30
2022-05-11 01:00:00,723,31
2022-05-11 02:00:00,396,25
2022-05-11 03:00:00,940,35
2022-05-11 04:00:00,930,39
2022-05-11 05:00:00,986,29
2022-05-11 06:00:00,1343,32
2022-05-11 07:00:00,1647,30
2022-05-11 08:00:00,1622,31
2022-05-11 09:00:00,1585,30
2022-05-11 10:00:00,1410,31
2022-05-11 11:00:00,2359,39
2022-05-11 12:00:00,1187,30
2022-05-11 13:00:00,2061,29
2022-05-11 14:00:00,1458,35
2022-05-11 15:00:00,2512,32
2022-05-11 16:00:00,881,126
2022-05-11 17:00:00,1973,196
2022-05-11 18:00:00,2111,114
2022-05-11 19:00:00,1889,175
2022-05-11 20:00:00,1515,98
2022-05-11 21:00:00,1972,77
2022-05-11 22:00:00,1386,158
2022-05-11 23:00:00,1126,752
2022-05-12 00:00:00,745,582
2022-05-12 01:00:00,748,33
2022-05-12 02:00:00,989,192
2022-05-12 03:00:00,711,211
2022-05-12 04:00:00,849,192
2022-05-12 05:00:00,1326,40
2022-05-12 06:00:00,1673,266
2022-05-12 07:00:00,2562,257
2022-05-12 08:00:00,1236,61
2022-05-12 09:00:00,877,31
2022-05-12 10:00:00,2338,51
2022-05-12 11:00:00,1705,77
2022-05-12 12:00:00,2514,111
2022-05-12 13:00:00,1655,145
2022-05-12 14:00:00,2591,171
2022-05-12 15:00:00,1779,105
2022-05-12 16:00:00,1732,31
2022-05-12 17:00:00,2125,72
2022-05-12 18:00:00,1685,75
2022-05-12 19:00:00,2011,50
2022-05-12 20:00:00,1080,31
2022-05-12 21:00:00,1272,21
2022-05-12 22:00:00,1475,23
2022-05-12 23:00:00,1941,97
2022-05-13 00:00:00,956,82
2022-05-13 01:00:00,774,176
2022-05-13 02:00:00,1005,427
2022-05-13 03:00:00,454,52
2022-05-13 04:00:00,991,89
2022-05-13 05:00:00,1331,353
2022-05-13 06:00:00,1665,306
2022-05-13 07:00:00,1520,135
2022-05-13 08:00:00,1564,228
2022-05-13 09:00:00,1864,503
2022-05-13 10:00:00,1344,83
2022-05-13 11:00:00,1788,340
2022-05-13 12:00:00,1663,187
2022-05-13 13:00:00,1570,222
2022-05-13 14:00:00,2063,157
2022-05-13 15:00:00,1692,91
2022-05-13 16:00:00,1878,138
2022-05-13 17:00:00,1739,226
2022-05-13 18:00:00,1807,55
2022-05-13 19:00:00,1300,17
2022-05-13 20:00:00,1390,42
2022-05-13 21:00:00,1570,35
2022-05-13 22:00:00,1597,88
2022-05-13 23:00:00,1251,369
2022-05-14 00:00:00,635,174
2022-05-14 01:00:00,778,117
2022-05-14 02:00:00,1043,338
2022-05-14 03:00:00,594,226
2022-05-14 04:00:00,903,277
2022-05-14 05:00:00,922,259
2022-05-14 06:00:00,1156,99
2022-05-14 07:00:00,4066,109
2022-05-14 08:00:00,3633,83
2022-05-14 09:00:00,3277,34
2022-05-14 10:00:00,1250,117
2022-05-14 11:00:00,2787,39
2022-05-14 12:00:00,1306,86
2022-05-14 13:00:00,1205,29
2022-05-14 14:00:00,2358,110
2022-05-14 15:00:00,2014,35
2022-05-14 16:00:00,202,52
2022-05-14 17:00:00,1983,36
2022-05-14 18:00:00,2545,148
2022-05-14 19:00:00,2166,26
2022-05-14 20:00:00,1210,73
2022-05-14 21:00:00,1761,39
2022-05-14 22:00:00,1023,95
2022-05-14 23:00:00,919,35
2022-05-15 00:00:00,948,49
2022-05-15 01:00:00,860,29
2022-05-15 02:00:00,275,19
2022-05-15 03:00:00,690,111
2022-05-15 04:00:00,644,55
2022-05-15 05:00:00,677,28
2022-05-15 06:00:00,989,58
2022-05-15 07:00:00,1213,32
2022-05-15 08:00:00,1489,41
2022-05-15 09:00:00,1021,26
2022-05-15 10:00:00,1329,77
2022-05-15 11:00:00,1188,31
2022-05-15 12:00:00,753,37
2022-05-15 13:00:00,1345,63
2022-05-15 14:00:00,1029,58
2022-05-15 15:00:00,1180,37
2022-05-15 16:00:00,2258,75
2022-05-15 17:00:00,1286,45
2022-05-15 18:00:00,1337,126
2022-05-15 19:00:00,1011,24
2022-05-15 20:00:00,1070,78
2022-05-15 21:00:00,1505,39
2022-05-15 22:00:00,961,100
2022-05-15 23:00:00,576,29
2022-05-16 00:00:00,799,64
2022-05-16 01:00:00,453,48
2022-05-16 02:00:00,703,216
2022-05-16 03:00:00,590,458
2022-05-16 04:00:00,461,329
2022-05-16 05:00:00,806,594
2022-05-16 06:00:00,893,160
2022-05-16 07:00:00,1403,223
2022-05-16 08:00:00,734,87
2022-05-16 09:00:00,2061,44
2022-05-16 10:00:00,1223,75
2022-05-16 11:00:00,1495,34
2022-05-16 12:00:00,1645,61
2022-05-16 13:00:00,1330,24
2022-05-16 14:00:00,919,106
2022-05-16 15:00:00,1951,42
2022-05-16 16:00:00,2027,77
2022-05-16 17:00:00,1643,64
2022-05-16 18:00:00,1822,85
2022-05-16 19:00:00,1624,113
2022-05-16 20:00:00,1563,256
2022-05-16 21:00:00,900,109
2022-05-16 22:00:00,1578,270
2022-05-16 23:00:00,571,266
2022-05-17 00:00:00,945,109
2022-05-17 01:00:00,672,137
2022-05-17 02:00:00,295,152
2022-05-17 03:00:00,808,47
2022-05-17 04:00:00,734,79
2022-05-17 05:00:00,849,36
2022-05-17 06:00:00,1201,205
2022-05-17 07:00:00,993,22
2022-05-17 08:00:00,1692,180
2022-05-17 09:00:00,1619,241
2022-05-17 10:00:00,1464,82
2022-05-17 11:00:00,1433,30
2022-05-17 12:00:00,1566,66
2022-05-17 13:00:00,1058,33
2022-05-17 14:00:00,2242,85
2022-05-17 15:00:00,1613,32
2022-05-17 16:00:00,1450,124
2022-05-17 17:00:00,1795,33
2022-05-17 18:00:00,459,72
2022-05-17 19:00:00,2050,59
2022-05-17 20:00:00,1062,66
2022-05-17 21:00:00,2236,38
2022-05-17 22:00:00,1016,97
2022-05-17 23:00:00,934,46
2022-05-18 00:00:00,505,50
2022-05-18 01:00:00,748,31
2022-05-18 02:00:00,598,62
2022-05-18 03:00:00,518,38
2022-05-18 04:00:00,466,34
2022-05-18 05:00:00,791,32
2022-05-18 06:00:00,1421,65
2022-05-18 07:00:00,649,16
2022-05-18 08:00:00,1767,79
2022-05-18 09:00:00,1032,22
2022-05-18 10:00:00,1737,101
2022-05-18 11:00:00,1228,31
2022-05-18 12:00:00,1685,69
2022-05-18 13:00:00,1031,20
2022-05-18 14:00:00,1995,101
2022-05-18 15:00:00,861,24
2022-05-18 16:00:00,2691,131
2022-05-18 17:00:00,1516,35
2022-05-18 18:00:00,937,68
2022-05-18 19:00:00,1540,59
2022-05-18 20:00:00,1962,69
2022-05-18 21:00:00,609,32
2022-05-18 22:00:00,1668,52
2022-05-18 23:00:00,784,27
2022-05-19 00:00:00,749,93
2022-05-19 01:00:00,291,18
2022-05-19 02:00:00,991,74
2022-05-19 03:00:00,703,36
2022-05-19 04:00:00,70,47
2022-05-19 05:00:00,1193,61
2022-05-19 06:00:00,1248,24
2022-05-19 07:00:00,1385,19
2022-05-19 08:00:00,1557,70
2022-05-19 09:00:00,713,21
2022-05-19 10:00:00,1540,102
2022-05-19 11:00:00,1174,39
2022-05-19 12:00:00,2070,61
2022-05-19 13:00:00,612,18
2022-05-19 14:00:00,2062,75
2022-05-19 15:00:00,1741,39
2022-05-19 16:00:00,946,104
2022-05-19 17:00:00,1765,40
2022-05-19 18:00:00,1304,61
2022-05-19 19:00:00,3070,74
2022-05-19 20:00:00,1498,83
2022-05-19 21:00:00,1826,34
2022-05-19 22:00:00,1432,98
2022-05-19 23:00:00,943,30
2022-05-20 00:00:00,921,74
2022-05-20 01:00:00,707,31
2022-05-20 02:00:00,479,66
2022-05-20 03:00:00,723,32
2022-05-20 04:00:00,661,57
2022-05-20 05:00:00,994,51
2022-05-20 06:00:00,631,41
2022-05-20 07:00:00,1658,45
2022-05-20 08:00:00,999,60
2022-05-20 09:00:00,2376,38
2022-05-20 10:00:00,1308,83
2022-05-20 11:00:00,1717,36
2022-05-20 12:00:00,1316,67
2022-05-20 13:00:00,1390,24
2022-05-20 14:00:00,2060,101
2022-05-20 15:00:00,1425,32
2022-05-20 16:00:00,1301,60
2022-05-20 17:00:00,1250,71
2022-05-20 18:00:00,2288,99
2022-05-20 19:00:00,1589,39
2022-05-20 20:00:00,1577,93
2022-05-20 21:00:00,1407,29
2022-05-20 22:00:00,1428,74
2022-05-20 23:00:00,1380,32
2022-05-21 00:00:00,840,86
2022-05-21 01:00:00,608,38
2022-05-21 02:00:00,495,57
2022-05-21 03:00:00,672,39
2022-05-21 04:00:00,527,47
2022-05-21 05:00:00,578,26
2022-05-21 06:00:00,189,29
2022-05-21 07:00:00,1180,57
2022-05-21 08:00:00,2253,54
2022-05-21 09:00:00,959,23
2022-05-21 10:00:00,1344,93
2022-05-21 11:00:00,1351,33
2022-05-21 12:00:00,814,55
2022-05-21 13:00:00,1769,45
2022-05-21 14:00:00,1515,89
2022-05-21 15:00:00,1389,29
2022-05-21 16:00:00,1621,60
2022-05-21 17:00:00,998,21
2022-05-21 18:00:00,1753,89
2022-05-21 19:00:00,961,23
2022-05-21 20:00:00,1594,104
2022-05-21 21:00:00,961,26
2022-05-21 22:00:00,847,66
2022-05-21 23:00:00,794,34
2022-05-22 00:00:00,625,62
2022-05-22 01:00:00,481,29
2022-05-22 02:00:00,472,37
2022-05-22 03:00:00,389,27
2022-05-22 04:00:00,556,49
2022-05-22 05:00:00,0,0
2022-05-22 06:00:00,1356,72
2022-05-22 07:00:00,543,17
2022-05-22 08:00:00,1430,90
2022-05-22 09:00:00,1086,31
2022-05-22 10:00:00,990,91
2022-05-22 11:00:00,892,23
2022-05-22 12:00:00,1522,96
2022-05-22 13:00:00,0,0
2022-05-22 14:00:00,547,49
2022-05-22 15:00:00,1405,48
2022-05-22 16:00:00,1442,68
2022-05-22 17:00:00,2618,41
2022-05-22 18:00:00,1168,110
2022-05-22 19:00:00,1133,31
2022-05-22 20:00:00,1261,79
2022-05-22 21:00:00,900,34
2022-05-22 22:00:00,570,70
2022-05-22 23:00:00,1078,47
2022-05-23 00:00:00,569,64
2022-05-23 01:00:00,625,34
2022-05-23 02:00:00,515,67
2022-05-23 03:00:00,503,34
2022-05-23 04:00:00,439,61
2022-05-23 05:00:00,894,34
2022-05-23 06:00:00,782,57
2022-05-23 07:00:00,968,24
2022-05-23 08:00:00,1647,76
2022-05-23 09:00:00,760,10
2022-05-23 10:00:00,2282,88
2022-05-23 11:00:00,1436,28
2022-05-23 12:00:00,1127,98
2022-05-23 13:00:00,2189,64
2022-05-23 14:00:00,1399,62
2022-05-23 15:00:00,1325,25
2022-05-23 16:00:00,1860,99
2022-05-23 17:00:00,1858,26
2022-05-23 18:00:00,1893,114
2022-05-23 19:00:00,1165,30
2022-05-23 20:00:00,1043,75
2022-05-23 21:00:00,1098,30
2022-05-23 22:00:00,1567,77
2022-05-23 23:00:00,787,32
2022-05-24 00:00:00,649,65
2022-05-24 01:00:00,332,23
2022-05-24 02:00:00,744,57
2022-05-24 03:00:00,448,25
2022-05-24 04:00:00,670,64
2022-05-24 05:00:00,633,27
2022-05-24 06:00:00,1302,89
2022-05-24 07:00:00,1063,30
2022-05-24 08:00:00,1442,73
2022-05-24 09:00:00,1485,32
2022-05-24 10:00:00,1402,74
2022-05-24 11:00:00,1184,31
2022-05-24 12:00:00,1527,57
2022-05-24 13:00:00,681,52
2022-05-24 14:00:00,892,42
2022-05-24 15:00:00,2201,42
2022-05-24 16:00:00,1570,133
2022-05-24 17:00:00,1648,22
2022-05-24 18:00:00,976,35
2022-05-24 19:00:00,1697,91
2022-05-24 20:00:00,1104,41
2022-05-24 21:00:00,960,38
2022-05-24 22:00:00,322,12
2022-05-24 23:00:00,1377,66
2022-05-25 00:00:00,2044,98
2022-05-25 01:00:00,725,35
2022-05-25 02:00:00,556,62
2022-05-25 03:00:00,936,50
2022-05-25 04:00:00,564,45
2022-05-25 05:00:00,1248,45
2022-05-25 06:00:00,763,55
2022-05-25 07:00:00,1975,43
2022-05-25 08:00:00,939,71
2022-05-25 09:00:00,1445,24
2022-05-25 10:00:00,0,0
2022-05-25 11:00:00,2676,108
2022-05-25 12:00:00,2018,81
2022-05-25 13:00:00,1315,29
2022-05-25 14:00:00,1883,126
2022-05-25 15:00:00,1135,27
2022-05-25 16:00:00,1982,91
2022-05-25 17:00:00,2291,47
2022-05-25 18:00:00,382,25
2022-05-25 19:00:00,2246,73
2022-05-25 20:00:00,1656,75
2022-05-25 21:00:00,1515,40
2022-05-25 22:00:00,760,69
2022-05-25 23:00:00,1249,45
2022-05-26 00:00:00,562,62
2022-05-26 01:00:00,664,35
2022-05-26 02:00:00,790,63
2022-05-26 03:00:00,461,25
2022-05-26 04:00:00,561,40
2022-05-26 05:00:00,1019,38
2022-05-26 06:00:00,775,75
2022-05-26 07:00:00,1439,29
2022-05-26 08:00:00,1642,80
2022-05-26 09:00:00,458,14
2022-05-26 10:00:00,2407,72
2022-05-26 11:00:00,1397,27
2022-05-26 12:00:00,1645,121
2022-05-26 13:00:00,1479,58
2022-05-26 14:00:00,1783,52
2022-05-26 15:00:00,1198,30
2022-05-26 16:00:00,1592,86
2022-05-26 17:00:00,1211,34
2022-05-26 18:00:00,2299,74
2022-05-26 19:00:00,1779,35
2022-05-26 20:00:00,629,19
2022-05-26 21:00:00,1642,102
2022-05-26 22:00:00,1583,85
2022-05-26 23:00:00,1039,33
2022-05-27 00:00:00,657,63
2022-05-27 01:00:00,694,28
2022-05-27 02:00:00,618,74
2022-05-27 03:00:00,651,31
2022-05-27 04:00:00,150,50
2022-05-27 05:00:00,1575,57
2022-05-27 06:00:00,1075,63
2022-05-27 07:00:00,1226,28
2022-05-27 08:00:00,1716,77
2022-05-27 09:00:00,1626,33
2022-05-27 10:00:00,1192,72
2022-05-27 11:00:00,1511,60
2022-05-27 12:00:00,1816,46
2022-05-27 13:00:00,1406,34
2022-05-27 14:00:00,1966,97
2022-05-27 15:00:00,1007,24
2022-05-27 16:00:00,2606,95
2022-05-27 17:00:00,2288,37
2022-05-27 18:00:00,1064,58
2022-05-27 19:00:00,2058,107
2022-05-27 20:00:00,1268,94
2022-05-27 21:00:00,1018,32
2022-05-27 22:00:00,945,50
2022-05-27 23:00:00,1696,52
2022-05-28 00:00:00,876,53
2022-05-28 01:00:00,604,27
2022-05-28 02:00:00,0,0
2022-05-28 03:00:00,1193,86
2022-05-28 04:00:00,632,74
2022-05-28 05:00:00,865,30
2022-05-28 06:00:00,1242,52
2022-05-28 07:00:00,979,29
2022-05-28 08:00:00,1308,61
2022-05-28 09:00:00,1108,21
2022-05-28 10:00:00,1307,59
2022-05-28 11:00:00,1548,37
2022-05-28 12:00:00,425,44
2022-05-28 13:00:00,2214,49
2022-05-28 14:00:00,1698,87
2022-05-28 15:00:00,1270,27
2022-05-28 16:00:00,1470,54
2022-05-28 17:00:00,1493,30
2022-05-28 18:00:00,1476,58
2022-05-28 19:00:00,1219,31
2022-05-28 20:00:00,1129,97
2022-05-28 21:00:00,733,25
2022-05-28 22:00:00,686,71
2022-05-28 23:00:00,662,27
2022-05-29 00:00:00,1006,94
2022-05-29 01:00:00,712,37
2022-05-29 02:00:00,506,58
2022-05-29 03:00:00,353,27
2022-05-29 04:00:00,498,49
2022-05-29 05:00:00,323,16
2022-05-29 06:00:00,945,47
2022-05-29 07:00:00,1079,36
2022-05-29 08:00:00,972,53
2022-05-29 09:00:00,987,28
2022-05-29 10:00:00,777,67
2022-05-29 11:00:00,1286,38
2022-05-29 12:00:00,921,65
2022-05-29 13:00:00,1442,37
2022-05-29 14:00:00,937,95
2022-05-29 15:00:00,1736,32
2022-05-29 16:00:00,1342,95
2022-05-29 17:00:00,1098,26
2022-05-29 18:00:00,1179,39
2022-05-29 19:00:00,1305,35
2022-05-29 20:00:00,1060,47
2022-05-29 21:00:00,965,32
2022-05-29 22:00:00,265,19
2022-05-29 23:00:00,987,57
2022-05-30 00:00:00,458,63
2022-05-30 01:00:00,803,38
2022-05-30 02:00:00,587,62
2022-05-30 03:00:00,579,67
2022-05-30 04:00:00,415,35
2022-05-30 05:00:00,979,40
2022-05-30 06:00:00,919,99
2022-05-30 07:00:00,1685,33
2022-05-30 08:00:00,1371,98
2022-05-30 09:00:00,1603,28
2022-05-30 10:00:00,1406,72
2022-05-30 11:00:00,1316,34
2022-05-30 12:00:00,1580,57
2022-05-30 13:00:00,2186,59
2022-05-30 14:00:00,1732,68
2022-05-30 15:00:00,950,26
2022-05-30 16:00:00,1991,99
2022-05-30 17:00:00,1746,34
2022-05-30 18:00:00,1444,81
2022-05-30 19:00:00,1150,30
2022-05-30 20:00:00,1629,66
2022-05-30 21:00:00,1390,33
2022-05-30 22:00:00,796,104
2022-05-30 23:00:00,1005,45
2022-05-31 00:00:00,588,57
2022-05-31 01:00:00,673,33
2022-05-31 02:00:00,347,41
2022-05-31 03:00:00,625,59
2022-05-31 04:00:00,655,34
2022-05-31 05:00:00,879,33
2022-05-31 06:00:00,1324,73
2022-05-31 07:00:00,839,28
2022-05-31 08:00:00,2051,60
2022-05-31 09:00:00,1611,32
2022-05-31 10:00:00,1292,96
2022-05-31 11:00:00,1728,33
2022-05-31 12:00:00,1683,72
2022-05-31 13:00:00,1832,33
2022-05-31 14:00:00,827,81
2022-05-31 15:00:00,1570,33
2022-05-31 16:00:00,1137,40
2022-05-31 17:00:00,1515,42
2022-05-31 18:00:00,1858,93
2022-05-31 19:00:00,1066,39
2022-05-31 20:00:00,1970,97
2022-05-31 21:00:00,2799,49
2022-05-31 22:00:00,915,98
2022-05-31 23:00:00,1532,28
2022-06-01 00:00:00,866,76
2022-06-01 01:00:00,572,28
2022-06-01 02:00:00,455,43
2022-06-01 03:00:00,726,27
2022-06-01 04:00:00,711,60
2022-06-01 05:00:00,609,22
2022-06-01 06:00:00,1300,91
2022-06-01 07:00:00,1700,35
2022-06-01 08:00:00,895,74
2022-06-01 09:00:00,403,17
2022-06-01 10:00:00,1214,50
2022-06-01 11:00:00,2221,53
2022-06-01 12:00:00,1841,73
2022-06-01 13:00:00,1254,30
2022-06-01 14:00:00,764,30
2022-06-01 15:00:00,3039,97
2022-06-01 16:00:00,2099,111
2022-06-01 17:00:00,3435,35
2022-06-01 18:00:00,1052,101
2022-06-01 19:00:00,1063,42
2022-06-01 20:00:00,1760,49
2022-06-01 21:00:00,1076,33
2022-06-01 22:00:00,1721,62
2022-06-01 23:00:00,1451,36
2022-06-02 00:00:00,938,88
2022-06-02 01:00:00,420,17
2022-06-02 02:00:00,784,69
2022-06-02 03:00:00,720,30
2022-06-02 04:00:00,693,46
2022-06-02 05:00:00,602,33
2022-06-02 06:00:00,1619,73
2022-06-02 07:00:00,1409,30
2022-06-02 08:00:00,1634,103
2022-06-02 09:00:00,1098,29
2022-06-02 10:00:00,1478,74
2022-06-02 11:00:00,1238,22
2022-06-02 12:00:00,412,23
2022-06-02 13:00:00,1307,54
2022-06-02 14:00:00,732,16
2022-06-02 15:00:00,2109,51
2022-06-02 16:00:00,1821,36
2022-06-02 17:00:00,1787,102
2022-06-02 18:00:00,1095,27
2022-06-02 19:00:00,2347,109
2022-06-02 20:00:00,2081,101
2022-06-02 21:00:00,2061,33
2022-06-02 22:00:00,1296,80
2022-06-02 23:00:00,1323,34
2022-06-03 00:00:00,776,66
2022-06-03 01:00:00,517,28
2022-06-03 02:00:00,766,65
2022-06-03 03:00:00,563,28
2022-06-03 04:00:00,519,50
2022-06-03 05:00:00,867,35
2022-06-03 06:00:00,1115,60
2022-06-03 07:00:00,1361,29
2022-06-03 08:00:00,1644,92
2022-06-03 09:00:00,1242,25
2022-06-03 10:00:00,941,59
2022-06-03 11:00:00,2243,41
2022-06-03 12:00:00,1694,78
2022-06-03 13:00:00,1391,29
2022-06-03 14:00:00,2212,109
2022-06-03 15:00:00,1340,33
2022-06-03 16:00:00,2289,84
2022-06-03 17:00:00,745,26
2022-06-03 18:00:00,1848,84
2022-06-03 19:00:00,1456,31
2022-06-03 20:00:00,1605,91
2022-06-03 21:00:00,1115,34
2022-06-03 22:00:00,1590,70
2022-06-03 23:00:00,1893,37
2022-06-04 00:00:00,712,68
2022-06-04 01:00:00,619,32
2022-06-04 02:00:00,387,41
2022-06-04 03:00:00,771,42
2022-06-04 04:00:00,454,50
2022-06-04 05:00:00,710,23
2022-06-04 06:00:00,1117,45
2022-06-04 07:00:00,1361,33
2022-06-04 08:00:00,1358,61
2022-06-04 09:00:00,1354,31
2022-06-04 10:00:00,1101,65
2022-06-04 11:00:00,1156,27
2022-06-04 12:00:00,755,36
2022-06-04 13:00:00,2282,66
2022-06-04 14:00:00,1191,90
2022-06-04 15:00:00,1262,28
2022-06-04 16:00:00,1378,75
2022-06-04 17:00:00,1444,38
2022-06-04 18:00:00,2107,68
2022-06-04 19:00:00,759,18
2022-06-04 20:00:00,1725,81
2022-06-04 21:00:00,1088,29
2022-06-04 22:00:00,881,69
2022-06-04 23:00:00,446,17
2022-06-05 00:00:00,721,46
2022-06-05 01:00:00,622,36
2022-06-05 02:00:00,406,49
2022-06-05 03:00:00,409,31
2022-06-05 04:00:00,333,71
2022-06-05 05:00:00,635,33
2022-06-05 06:00:00,704,52
2022-06-05 07:00:00,1029,34
2022-06-05 08:00:00,925,54
2022-06-05 09:00:00,1113,31
2022-06-05 10:00:00,813,57
2022-06-05 11:00:00,1166,34
2022-06-05 12:00:00,1191,48
2022-06-05 13:00:00,1123,30
2022-06-05 14:00:00,1104,71
2022-06-05 15:00:00,1431,38
2022-06-05 16:00:00,1260,71
2022-06-05 17:00:00,1119,26
2022-06-05 18:00:00,1469,93
2022-06-05 19:00:00,1077,27
2022-06-05 20:00:00,916,53
2022-06-05 21:00:00,1205,34
2022-06-05 22:00:00,699,59
2022-06-05 23:00:00,517,24
2022-06-06 00:00:00,661,59
2022-06-06 01:00:00,589,32
2022-06-06 02:00:00,618,85
2022-06-06 03:00:00,534,31
2022-06-06 04:00:00,434,64
2022-06-06 05:00:00,830,29
2022-06-06 06:00:00,1289,97
2022-06-06 07:00:00,1526,33
2022-06-06 08:00:00,1143,54
2022-06-06 09:00:00,1732,36
2022-06-06 10:00:00,1538,75
2022-06-06 11:00:00,1555,29
2022-06-06 12:00:00,1282,97
2022-06-06 13:00:00,1647,33
2022-06-06 14:00:00,766,40
2022-06-06 15:00:00,2611,88
2022-06-06 16:00:00,2060,93
2022-06-06 17:00:00,1618,31
2022-06-06 18:00:00,1012,30
2022-06-06 19:00:00,1511,50
2022-06-06 20:00:00,2239,90
2022-06-06 21:00:00,791,27
2022-06-06 22:00:00,1656,84
2022-06-06 23:00:00,828,29
2022-06-07 00:00:00,734,71
2022-06-07 01:00:00,489,25
2022-06-07 02:00:00,733,55
2022-06-07 03:00:00,487,46
2022-06-07 04:00:00,607,42
2022-06-07 05:00:00,448,18
2022-06-07 06:00:00,1377,65
2022-06-07 07:00:00,1152,28
2022-06-07 08:00:00,684,65
2022-06-07 09:00:00,1724,47
2022-06-07 10:00:00,1547,74
2022-06-07 11:00:00,1399,34
2022-06-07 12:00:00,1507,62
2022-06-07 13:00:00,1205,23
2022-06-07 14:00:00,1519,94
2022-06-07 15:00:00,2123,39
2022-06-07 16:00:00,1302,121
2022-06-07 17:00:00,1799,33
2022-06-07 18:00:00,894,40
2022-06-07 19:00:00,2201,44
2022-06-07 20:00:00,1785,75
2022-06-07 21:00:00,0,0
2022-06-07 22:00:00,1791,96
2022-06-07 23:00:00,1696,51
2022-06-08 00:00:00,701,75
2022-06-08 01:00:00,606,34
2022-06-08 02:00:00,598,53
2022-06-08 03:00:00,629,32
2022-06-08 04:00:00,540,54
2022-06-08 05:00:00,870,35
2022-06-08 06:00:00,1175,49
2022-06-08 07:00:00,1390,31
2022-06-08 08:00:00,1002,69
2022-06-08 09:00:00,1821,38
2022-06-08 10:00:00,1142,82
2022-06-08 11:00:00,1462,53
2022-06-08 12:00:00,1699,40
2022-06-08 13:00:00,0,0
2022-06-08 14:00:00,2041,66
2022-06-08 15:00:00,2690,49
2022-06-08 16:00:00,2100,94
2022-06-08 17:00:00,1570,29
2022-06-08 18:00:00,1201,106
2022-06-08 19:00:00,1826,39
2022-06-08 20:00:00,1316,83
2022-06-08 21:00:00,1312,31
2022-06-08 22:00:00,1021,70
2022-06-08 23:00:00,909,31
2022-06-09 00:00:00,718,44
2022-06-09 01:00:00,734,37
2022-06-09 02:00:00,612,61
2022-06-09 03:00:00,316,17
2022-06-09 04:00:00,680,42
2022-06-09 05:00:00,838,35
2022-06-09 06:00:00,1214,96
2022-06-09 07:00:00,1158,26
2022-06-09 08:00:00,1614,62
2022-06-09 09:00:00,1028,27
2022-06-09 10:00:00,1774,87
2022-06-09 11:00:00,1295,28
2022-06-09 12:00:00,1408,48
2022-06-09 13:00:00,1738,29
2022-06-09 14:00:00,1288,122
2022-06-09 15:00:00,2068,37
2022-06-09 16:00:00,1772,81
2022-06-09 17:00:00,1238,30
2022-06-09 18:00:00,1568,69
2022-06-09 19:00:00,905,30
2022-06-09 20:00:00,1447,59
2022-06-09 21:00:00,1576,31
2022-06-09 22:00:00,1616,76
2022-06-09 23:00:00,779,30
2022-06-10 00:00:00,949,60
2022-06-10 01:00:00,401,18
2022-06-10 02:00:00,751,59
2022-06-10 03:00:00,555,30
2022-06-10 04:00:00,519,76
2022-06-10 05:00:00,402,17
2022-06-10 06:00:00,1562,83
2022-06-10 07:00:00,872,34
2022-06-10 08:00:00,1868,75
2022-06-10 09:00:00,1414,63
2022-06-10 10:00:00,1437,48
2022-06-10 11:00:00,1530,33
2022-06-10 12:00:00,1183,43
2022-06-10 13:00:00,1754,30
2022-06-10 14:00:00,1385,71
2022-06-10 15:00:00,0,0
2022-06-10 16:00:00,2088,62
2022-06-10 17:00:00,2226,56
2022-06-10 18:00:00,2424,145
2022-06-10 19:00:00,1853,24
2022-06-10 20:00:00,1725,112
2022-06-10 21:00:00,617,25
2022-06-10 22:00:00,1262,60
2022-06-10 23:00:00,1617,31
2022-06-11 00:00:00,785,75
2022-06-11 01:00:00,734,35
2022-06-11 02:00:00,655,54
2022-06-11 03:00:00,507,28
2022-06-11 04:00:00,639,45
2022-06-11 05:00:00,673,28
2022-06-11 06:00:00,884,61
2022-06-11 07:00:00,1034,19
2022-06-11 08:00:00,1316,56
2022-06-11 09:00:00,1657,38
2022-06-11 10:00:00,1344,74
2022-06-11 11:00:00,1257,29
2022-06-11 12:00:00,1386,95
2022-06-11 13:00:00,548,20
2022-06-11 14:00:00,2269,94
2022-06-11 15:00:00,1401,28
2022-06-11 16:00:00,744,107
2022-06-11 17:00:00,2334,41
2022-06-11 18:00:00,1229,65
2022-06-11 19:00:00,1370,32
2022-06-11 20:00:00,1216,64
2022-06-11 21:00:00,333,14
2022-06-11 22:00:00,1665,72
2022-06-11 23:00:00,722,30
2022-06-12 00:00:00,603,62
2022-06-12 01:00:00,239,22
2022-06-12 02:00:00,570,26
2022-06-12 03:00:00,920,46
2022-06-12 04:00:00,582,70
2022-06-12 05:00:00,536,21
2022-06-12 06:00:00,1026,75
2022-06-12 07:00:00,911,27
2022-06-12 08:00:00,939,46
2022-06-12 09:00:00,1194,38
2022-06-12 10:00:00,1123,91
2022-06-12 11:00:00,896,26
2022-06-12 12:00:00,997,55
2022-06-12 13:00:00,1200,32
2022-06-12 14:00:00,1073,67
2022-06-12 15:00:00,1216,26
2022-06-12 16:00:00,1038,79
2022-06-12 17:00:00,307,23
2022-06-12 18:00:00,2659,52
2022-06-12 19:00:00,1306,31
2022-06-12 20:00:00,921,122
2022-06-12 21:00:00,1206,37
2022-06-12 22:00:00,848,58
2022-06-12 23:00:00,399,18
2022-06-13 00:00:00,548,38
2022-06-13 01:00:00,981,43
2022-06-13 02:00:00,0,0
2022-06-13 03:00:00,1228,95
2022-06-13 04:00:00,929,90
2022-06-13 05:00:00,840,34
2022-06-13 06:00:00,702,88
2022-06-13 07:00:00,1014,18
2022-06-13 08:00:00,1168,145
2022-06-13 09:00:00,823,10
2022-06-13 10:00:00,852,183
2022-06-13 11:00:00,1208,21
2022-06-13 12:00:00,2307,94
2022-06-13 13:00:00,1012,106
2022-06-13 14:00:00,1410,16
2022-06-13 15:00:00,2072,69
2022-06-13 16:00:00,1510,46
2022-06-13 17:00:00,1479,162
2022-06-13 18:00:00,1722,198
2022-06-13 19:00:00,1068,34
2022-06-13 20:00:00,2409,221
2022-06-13 21:00:00,1932,200
2022-06-13 22:00:00,864,22
2022-06-13 23:00:00,1234,45
2022-06-14 00:00:00,878,70
2022-06-14 01:00:00,743,142
2022-06-14 02:00:00,1943,137
2022-06-14 03:00:00,1326,143
2022-06-14 04:00:00,530,26
2022-06-14 05:00:00,1206,238
2022-06-14 06:00:00,1138,169
2022-06-14 07:00:00,1117,97
2022-06-14 08:00:00,1125,29
2022-06-14 09:00:00,1757,36
2022-06-14 10:00:00,1232,29
2022-06-14 11:00:00,1247,29
2022-06-14 12:00:00,1001,25
2022-06-14 13:00:00,1067,24
2022-06-14 14:00:00,1625,50
2022-06-14 15:00:00,2450,33
2022-06-14 16:00:00,1234,82
2022-06-14 17:00:00,1739,215
2022-06-14 18:00:00,1072,142
2022-06-14 19:00:00,268,23
2022-06-14 20:00:00,1807,45
2022-06-14 21:00:00,867,21
2022-06-14 22:00:00,1341,54
2022-06-14 23:00:00,1301,333
2022-06-15 00:00:00,562,288
2022-06-15 01:00:00,1307,222
2022-06-15 02:00:00,590,63
2022-06-15 03:00:00,819,33
2022-06-15 04:00:00,792,67
2022-06-15 05:00:00,860,68
2022-06-15 06:00:00,1031,79
2022-06-15 07:00:00,1262,32
2022-06-15 08:00:00,1420,77
2022-06-15 09:00:00,2246,38
2022-06-15 10:00:00,1146,120
2022-06-15 11:00:00,1361,64
2022-06-15 12:00:00,1594,64
2022-06-15 13:00:00,1621,30
2022-06-15 14:00:00,1409,97
2022-06-15 15:00:00,1805,36
2022-06-15 16:00:00,1456,69
2022-06-15 17:00:00,1315,30
2022-06-15 18:00:00,596,53
2022-06-15 19:00:00,2345,66
2022-06-15 20:00:00,2202,154
2022-06-15 21:00:00,1388,32
2022-06-15 22:00:00,1072,71
2022-06-15 23:00:00,954,31
2022-06-16 00:00:00,807,73
2022-06-16 01:00:00,719,34
2022-06-16 02:00:00,561,53
2022-06-16 03:00:00,521,24
2022-06-16 04:00:00,218,27
2022-06-16 05:00:00,830,44
2022-06-16 06:00:00,1488,80
2022-06-16 07:00:00,632,16
2022-06-16 08:00:00,1414,68
2022-06-16 09:00:00,982,45
2022-06-16 10:00:00,855,82
2022-06-16 11:00:00,0,0
2022-06-16 12:00:00,1508,63
2022-06-16 13:00:00,961,25
2022-06-16 14:00:00,1806,66
2022-06-16 15:00:00,1645,36
2022-06-16 16:00:00,1932,128
2022-06-16 17:00:00,2412,32
2022-06-16 18:00:00,1394,131
2022-06-16 19:00:00,1884,34
2022-06-16 20:00:00,1641,95
2022-06-16 21:00:00,1210,24
2022-06-16 22:00:00,1265,101
2022-06-16 23:00:00,641,20
2022-06-17 00:00:00,1171,64
2022-06-17 01:00:00,669,27
2022-06-17 02:00:00,512,90
2022-06-17 03:00:00,389,14
2022-06-17 04:00:00,404,51
2022-06-17 05:00:00,1352,54
2022-06-17 06:00:00,372,29
2022-06-17 07:00:00,1435,66
2022-06-17 08:00:00,1150,63
2022-06-17 09:00:00,1369,35
2022-06-17 10:00:00,870,60
2022-06-17 11:00:00,1494,71
2022-06-17 12:00:00,2011,55
2022-06-17 13:00:00,792,32
2022-06-17 14:00:00,1785,73
2022-06-17 15:00:00,1393,43
2022-06-17 16:00:00,2100,66
2022-06-17 17:00:00,1030,28
2022-06-17 18:00:00,779,49
2022-06-17 19:00:00,834,52
2022-06-17 20:00:00,2058,40
2022-06-17 21:00:00,1689,80
2022-06-17 22:00:00,1290,144
2022-06-17 23:00:00,1589,21
2022-06-18 00:00:00,1151,102
2022-06-18 01:00:00,760,30
2022-06-18 02:00:00,592,84
2022-06-18 03:00:00,281,17
2022-06-18 04:00:00,772,51
2022-06-18 05:00:00,818,27
2022-06-18 06:00:00,1049,82
2022-06-18 07:00:00,1575,29
2022-06-18 08:00:00,1711,103
2022-06-18 09:00:00,888,21
2022-06-18 10:00:00,879,60
2022-06-18 11:00:00,1362,20
2022-06-18 12:00:00,1742,79
2022-06-18 13:00:00,1372,36
2022-06-18 14:00:00,1536,108
2022-06-18 15:00:00,1310,27
2022-06-18 16:00:00,1620,127
2022-06-18 17:00:00,1679,33
2022-06-18 18:00:00,1697,73
2022-06-18 19:00:00,1590,30
2022-06-18 20:00:00,1639,119
2022-06-18 21:00:00,1364,32
2022-06-18 22:00:00,232,29
2022-06-18 23:00:00,1605,113
2022-06-19 00:00:00,550,48
2022-06-19 01:00:00,433,21
2022-06-19 02:00:00,658,56
2022-06-19 03:00:00,503,36
2022-06-19 04:00:00,554,53
2022-06-19 05:00:00,587,29
2022-06-19 06:00:00,792,51
2022-06-19 07:00:00,884,30
2022-06-19 08:00:00,698,54
2022-06-19 09:00:00,729,24
2022-06-19 10:00:00,1225,70
2022-06-19 11:00:00,1147,25
2022-06-19 12:00:00,1129,115
2022-06-19 13:00:00,1005,28
2022-06-19 14:00:00,795,97
2022-06-19 15:00:00,1154,33
2022-06-19 16:00:00,868,36
2022-06-19 17:00:00,1451,33
2022-06-19 18:00:00,1107,89
2022-06-19 19:00:00,1043,28
2022-06-19 20:00:00,1033,71
2022-06-19 21:00:00,1316,30
2022-06-19 22:00:00,295,47
2022-06-19 23:00:00,1232,79
2022-06-20 00:00:00,660,52
2022-06-20 01:00:00,490,27
2022-06-20 02:00:00,473,54
2022-06-20 03:00:00,395,28
2022-06-20 04:00:00,588,68
2022-06-20 05:00:00,521,23
2022-06-20 06:00:00,996,72
2022-06-20 07:00:00,660,52
2022-06-20 08:00:00,1583,45
2022-06-20 09:00:00,1137,26
2022-06-20 10:00:00,1430,93
2022-06-20 11:00:00,868,21
2022-06-20 12:00:00,1029,71
2022-06-20 13:00:00,1497,47
2022-06-20 14:00:00,1768,116
2022-06-20 15:00:00,1106,39
2022-06-20 16:00:00,1350,55
2022-06-20 17:00:00,1867,33
2022-06-20 18:00:00,890,62
2022-06-20 19:00:00,951,35
2022-06-20 20:00:00,565,34
2022-06-20 21:00:00,2358,93
2022-06-20 22:00:00,775,91
2022-06-20 23:00:00,1008,21
2022-06-21 00:00:00,906,74
2022-06-21 01:00:00,705,52
2022-06-21 02:00:00,427,60
2022-06-21 03:00:00,529,30
2022-06-21 04:00:00,592,50
2022-06-21 05:00:00,789,31
2022-06-21 06:00:00,874,72
2022-06-21 07:00:00,1026,28
2022-06-21 08:00:00,1484,64
2022-06-21 09:00:00,883,21
2022-06-21 10:00:00,1629,98
2022-06-21 11:00:00,1358,31
2022-06-21 12:00:00,1354,77
2022-06-21 13:00:00,1444,33
2022-06-21 14:00:00,1480,95
2022-06-21 15:00:00,980,30
2022-06-21 16:00:00,526,36
2022-06-21 17:00:00,1901,67
2022-06-21 18:00:00,1879,91
2022-06-21 19:00:00,1948,29
2022-06-21 20:00:00,1397,116
2022-06-21 21:00:00,1370,28
2022-06-21 22:00:00,1187,99
2022-06-21 23:00:00,697,26
2022-06-22 00:00:00,171,39
2022-06-22 01:00:00,1157,56
2022-06-22 02:00:00,650,65
2022-06-22 03:00:00,643,33
2022-06-22 04:00:00,657,54
2022-06-22 05:00:00,673,28
2022-06-22 06:00:00,1316,85
2022-06-22 07:00:00,863,22
2022-06-22 08:00:00,1058,64
2022-06-22 09:00:00,1451,38
2022-06-22 10:00:00,1438,76
2022-06-22 11:00:00,948,47
2022-06-22 12:00:00,1408,41
2022-06-22 13:00:00,1824,38
2022-06-22 14:00:00,723,59
2022-06-22 15:00:00,2107,64
2022-06-22 16:00:00,1468,107
2022-06-22 17:00:00,986,26
2022-06-22 18:00:00,1538,51
2022-06-22 19:00:00,1742,60
2022-06-22 20:00:00,1006,42
2022-06-22 21:00:00,1427,76
2022-06-22 22:00:00,1855,99
2022-06-22 23:00:00,1024,40
2022-06-23 00:00:00,643,60
2022-06-23 01:00:00,531,24
2022-06-23 02:00:00,838,66
2022-06-23 03:00:00,526,34
2022-06-23 04:00:00,581,58
2022-06-23 05:00:00,914,35
2022-06-23 06:00:00,1118,54
2022-06-23 07:00:00,1157,27
2022-06-23 08:00:00,1255,89
2022-06-23 09:00:00,1299,32
2022-06-23 10:00:00,998,57
2022-06-23 11:00:00,1368,29
2022-06-23 12:00:00,1458,84
2022-06-23 13:00:00,1306,30
2022-06-23 14:00:00,1805,93
2022-06-23 15:00:00,1321,69
2022-06-23 16:00:00,1252,50
2022-06-23 17:00:00,1556,32
2022-06-23 18:00:00,2036,121
2022-06-23 19:00:00,1430,31
2022-06-23 20:00:00,982,60
2022-06-23 21:00:00,1797,40
2022-06-23 22:00:00,893,80
2022-06-23 23:00:00,1112,30
2022-06-24 00:00:00,902,87
2022-06-24 01:00:00,630,29
2022-06-24 02:00:00,540,60
2022-06-24 03:00:00,679,31
2022-06-24 04:00:00,559,58
2022-06-24 05:00:00,894,30
2022-06-24 06:00:00,897,55
2022-06-24 07:00:00,1512,70
2022-06-24 08:00:00,985,35
2022-06-24 09:00:00,1167,53
2022-06-24 10:00:00,1580,53
2022-06-24 11:00:00,659,39
2022-06-24 12:00:00,1140,42
2022-06-24 13:00:00,2523,41
2022-06-24 14:00:00,968,87
2022-06-24 15:00:00,1490,33
2022-06-24 16:00:00,752,54
2022-06-24 17:00:00,2413,82
2022-06-24 18:00:00,2748,92
2022-06-24 19:00:00,596,33
2022-06-24 20:00:00,1603,42
2022-06-24 21:00:00,2481,91
2022-06-24 22:00:00,1140,85
2022-06-24 23:00:00,975,30
2022-06-25 00:00:00,792,79
2022-06-25 01:00:00,679,30
2022-06-25 02:00:00,638,77
2022-06-25 03:00:00,518,28
2022-06-25 04:00:00,416,35
2022-06-25 05:00:00,916,41
2022-06-25 06:00:00,1008,60
2022-06-25 07:00:00,1177,28
2022-06-25 08:00:00,1084,60
2022-06-25 09:00:00,1050,27
2022-06-25 10:00:00,1108,74
2022-06-25 11:00:00,1313,23
2022-06-25 12:00:00,1392,61
2022-06-25 13:00:00,1234,29
2022-06-25 14:00:00,1217,75
2022-06-25 15:00:00,1499,33
2022-06-25 16:00:00,236,6
2022-06-25 17:00:00,1810,147
2022-06-25 18:00:00,1932,64
2022-06-25 19:00:00,1066,25
2022-06-25 20:00:00,776,54
2022-06-25 21:00:00,1231,29
2022-06-25 22:00:00,803,48
2022-06-25 23:00:00,960,28
2022-06-26 00:00:00,596,71
2022-06-26 01:00:00,516,35
2022-06-26 02:00:00,347,33
2022-06-26 03:00:00,398,15
2022-06-26 04:00:00,668,91
2022-06-26 05:00:00,429,25
2022-06-26 06:00:00,777,82
2022-06-26 07:00:00,999,31
2022-06-26 08:00:00,892,26
2022-06-26 09:00:00,751,43
2022-06-26 10:00:00,806,50
2022-06-26 11:00:00,1203,40
2022-06-26 12:00:00,1135,70
2022-06-26 13:00:00,962,29
2022-06-26 14:00:00,1169,94
2022-06-26 15:00:00,1024,29
2022-06-26 16:00:00,1282,79
2022-06-26 17:00:00,1013,28
2022-06-26 18:00:00,647,57
2022-06-26 19:00:00,1524,47
2022-06-26 20:00:00,1229,31
2022-06-26 21:00:00,607,97
2022-06-26 22:00:00,927,48
2022-06-26 23:00:00,750,34
2022-06-27 00:00:00,591,47
2022-06-27 01:00:00,305,30
2022-06-27 02:00:00,533,39
2022-06-27 03:00:00,340,25
2022-06-27 04:00:00,547,62
2022-06-27 05:00:00,714,32
2022-06-27 06:00:00,625,83
2022-06-27 07:00:00,1096,23
2022-06-27 08:00:00,1343,50
2022-06-27 09:00:00,884,59
2022-06-27 10:00:00,1784,59
2022-06-27 11:00:00,1270,25
2022-06-27 12:00:00,969,82
2022-06-27 13:00:00,1695,38
2022-06-27 14:00:00,1343,89
2022-06-27 15:00:00,907,19
2022-06-27 16:00:00,1137,54
2022-06-27 17:00:00,1106,27
2022-06-27 18:00:00,2133,86
2022-06-27 19:00:00,966,62
2022-06-27 20:00:00,272,18
2022-06-27 21:00:00,1898,118
2022-06-27 22:00:00,2369,69
2022-06-27 23:00:00,895,32
2022-06-28 00:00:00,716,120
2022-06-28 01:00:00,678,81
2022-06-28 02:00:00,615,62
2022-06-28 03:00:00,393,21
2022-06-28 04:00:00,652,55
2022-06-28 05:00:00,748,31
2022-06-28 06:00:00,768,58
2022-06-28 07:00:00,1174,44
2022-06-28 08:00:00,1329,47
2022-06-28 09:00:00,1429,32
2022-06-28 10:00:00,971,85
2022-06-28 11:00:00,1623,34
2022-06-28 12:00:00,1571,70
2022-06-28 13:00:00,313,24
2022-06-28 14:00:00,1888,46
2022-06-28 15:00:00,1948,35
2022-06-28 16:00:00,1430,121
2022-06-28 17:00:00,1570,35
2022-06-28 18:00:00,893,63
2022-06-28 19:00:00,2033,51
2022-06-28 20:00:00,957,89
2022-06-28 21:00:00,1194,35
2022-06-28 22:00:00,755,72
2022-06-28 23:00:00,1431,28
2022-06-29 00:00:00,655,76
2022-06-29 01:00:00,1057,32
2022-06-29 02:00:00,351,67
2022-06-29 03:00:00,785,48
2022-06-29 04:00:00,537,41
2022-06-29 05:00:00,658,31
2022-06-29 06:00:00,1317,66
2022-06-29 07:00:00,600,14
2022-06-29 08:00:00,2023,103
2022-06-29 09:00:00,989,28
2022-06-29 10:00:00,1401,90
2022-06-29 11:00:00,1323,31
2022-06-29 12:00:00,1562,66
2022-06-29 13:00:00,577,26
2022-06-29 14:00:00,1784,62
2022-06-29 15:00:00,1774,32
2022-06-29 16:00:00,1567,110
2022-06-29 17:00:00,693,19
2022-06-29 18:00:00,2170,117
2022-06-29 19:00:00,1283,30
2022-06-29 20:00:00,1256,91
2022-06-29 21:00:00,1473,36
2022-06-29 22:00:00,1104,75
2022-06-29 23:00:00,867,29
2022-06-30 00:00:00,857,63
2022-06-30 01:00:00,659,30
2022-06-30 02:00:00,420,53
2022-06-30 03:00:00,698,37
2022-06-30 04:00:00,234,44
2022-06-30 05:00:00,1332,50
2022-06-30 06:00:00,999,53
2022-06-30 07:00:00,1423,33
2022-06-30 08:00:00,1135,75
2022-06-30 09:00:00,1623,34
2022-06-30 10:00:00,1638,99
2022-06-30 11:00:00,1277,70
2022-06-30 12:00:00,1709,40
2022-06-30 13:00:00,1205,32
2022-06-30 14:00:00,0,0
2022-06-30 15:00:00,1207,45
2022-06-30 16:00:00,1659,71
2022-06-30 17:00:00,2697,58
2022-06-30 18:00:00,2148,165
2022-06-30 19:00:00,2341,34
2022-06-30 20:00:00,1378,117
2022-06-30 21:00:00,1447,32
2022-06-30 22:00:00,1234,86
2022-06-30 23:00:00,904,27
2022-07-01 00:00:00,989,74
2022-07-01 01:00:00,826,31
2022-07-01 02:00:00,600,67
2022-07-01 03:00:00,824,37
2022-07-01 04:00:00,730,78
2022-07-01 05:00:00,657,24
2022-07-01 06:00:00,1082,75
2022-07-01 07:00:00,1292,31
2022-07-01 08:00:00,985,67
2022-07-01 09:00:00,1814,33
2022-07-01 10:00:00,1626,74
2022-07-01 11:00:00,513,9
2022-07-01 12:00:00,908,53
2022-07-01 13:00:00,2968,62
2022-07-01 14:00:00,1554,94
2022-07-01 15:00:00,2367,45
2022-07-01 16:00:00,1438,106
2022-07-01 17:00:00,1441,33
2022-07-01 18:00:00,1928,97
2022-07-01 19:00:00,2284,41
2022-07-01 20:00:00,1358,44
2022-07-01 21:00:00,1439,90
2022-07-01 22:00:00,2420,80
2022-07-01 23:00:00,536,19
2022-07-02 00:00:00,1341,91
2022-07-02 01:00:00,687,33
2022-07-02 02:00:00,695,81
2022-07-02 03:00:00,539,31
2022-07-02 04:00:00,731,77
2022-07-02 05:00:00,524,25
2022-07-02 06:00:00,620,46
2022-07-02 07:00:00,1776,44
2022-07-02 08:00:00,555,63
2022-07-02 09:00:00,1701,39
2022-07-02 10:00:00,1415,55
2022-07-02 11:00:00,1291,28
2022-07-02 12:00:00,701,59
2022-07-02 13:00:00,1278,39
2022-07-02 14:00:00,1920,77
2022-07-02 15:00:00,681,26
2022-07-02 16:00:00,2095,82
2022-07-02 17:00:00,1840,35
2022-07-02 18:00:00,1303,90
2022-07-02 19:00:00,1207,22
2022-07-02 20:00:00,1488,89
2022-07-02 21:00:00,1098,31
2022-07-02 22:00:00,945,86
2022-07-02 23:00:00,623,23
2022-07-03 00:00:00,668,86
2022-07-03 01:00:00,471,27
2022-07-03 02:00:00,557,54
2022-07-03 03:00:00,444,28
2022-07-03 04:00:00,536,62
2022-07-03 05:00:00,671,31
2022-07-03 06:00:00,612,47
2022-07-03 07:00:00,1195,39
2022-07-03 08:00:00,786,47
2022-07-03 09:00:00,799,27
2022-07-03 10:00:00,1037,58
2022-07-03 11:00:00,997,30
2022-07-03 12:00:00,962,70
2022-07-03 13:00:00,1277,35
2022-07-03 14:00:00,1163,83
2022-07-03 15:00:00,1034,26
2022-07-03 16:00:00,1126,92
2022-07-03 17:00:00,646,20
2022-07-03 18:00:00,1359,98
2022-07-03 19:00:00,1162,24
2022-07-03 20:00:00,1142,71
2022-07-03 21:00:00,1005,27
2022-07-03 22:00:00,874,50
2022-07-03 23:00:00,727,35
2022-07-04 00:00:00,635,67
2022-07-04 01:00:00,488,27
2022-07-04 02:00:00,236,35
2022-07-04 03:00:00,403,41
2022-07-04 04:00:00,656,56
2022-07-04 05:00:00,648,31
2022-07-04 06:00:00,967,77
2022-07-04 07:00:00,1279,31
2022-07-04 08:00:00,924,46
2022-07-04 09:00:00,724,30
2022-07-04 10:00:00,1569,92
2022-07-04 11:00:00,1781,40
2022-07-04 12:00:00,1461,31
2022-07-04 13:00:00,1342,28
2022-07-04 14:00:00,1639,36
2022-07-04 15:00:00,684,182
2022-07-04 16:00:00,1223,49
2022-07-04 17:00:00,2338,77
2022-07-04 18:00:00,0,0
2022-07-04 19:00:00,2379,121
2022-07-04 20:00:00,423,37
2022-07-04 21:00:00,1476,47
2022-07-04 22:00:00,1497,65
2022-07-04 23:00:00,484,24
2022-07-05 00:00:00,586,63
2022-07-05 01:00:00,702,38
2022-07-05 02:00:00,512,50
2022-07-05 03:00:00,531,33
2022-07-05 04:00:00,537,49
2022-07-05 05:00:00,666,28
2022-07-05 06:00:00,453,43
2022-07-05 07:00:00,1591,48
2022-07-05 08:00:00,1158,67
2022-07-05 09:00:00,1625,28
2022-07-05 10:00:00,576,49
2022-07-05 11:00:00,2014,64
2022-07-05 12:00:00,761,27
2022-07-05 13:00:00,696,74
2022-07-05 14:00:00,696,54
2022-07-05 15:00:00,2319,38
2022-07-05 16:00:00,1220,45
2022-07-05 17:00:00,2154,104
2022-07-05 18:00:00,713,40
2022-07-05 19:00:00,3075,100
2022-07-05 20:00:00,965,105
2022-07-05 21:00:00,967,37
2022-07-05 22:00:00,1776,68
2022-07-05 23:00:00,598,25
2022-07-06 00:00:00,1108,54
2022-07-06 01:00:00,1117,41
2022-07-06 02:00:00,659,113
2022-07-06 03:00:00,523,32
2022-07-06 04:00:00,590,67
2022-07-06 05:00:00,480,23
2022-07-06 06:00:00,829,43
2022-07-06 07:00:00,789,22
2022-07-06 08:00:00,1080,46
2022-07-06 09:00:00,2020,51
2022-07-06 10:00:00,1272,71
2022-07-06 11:00:00,1909,42
2022-07-06 12:00:00,648,29
2022-07-06 13:00:00,531,35
2022-07-06 14:00:00,1186,40
2022-07-06 15:00:00,623,34
2022-07-06 16:00:00,1057,21
2022-07-06 17:00:00,1627,32
2022-07-06 18:00:00,2605,46
2022-07-06 19:00:00,3402,51
2022-07-06 20:00:00,1418,89
2022-07-06 21:00:00,1163,191
2022-07-06 22:00:00,1634,144
2022-07-06 23:00:00,941,30
2022-07-07 00:00:00,1150,71
2022-07-07 01:00:00,860,55
2022-07-07 02:00:00,607,74
2022-07-07 03:00:00,534,30
2022-07-07 04:00:00,702,41
2022-07-07 05:00:00,907,30
2022-07-07 06:00:00,964,70
2022-07-07 07:00:00,1159,30
2022-07-07 08:00:00,1438,57
2022-07-07 09:00:00,1385,32
2022-07-07 10:00:00,1247,93
2022-07-07 11:00:00,1318,33
2022-07-07 12:00:00,1325,55
2022-07-07 13:00:00,826,30
2022-07-07 14:00:00,1516,41
2022-07-07 15:00:00,1620,35
2022-07-07 16:00:00,2770,147
2022-07-07 17:00:00,2071,41
2022-07-07 18:00:00,1239,63
2022-07-07 19:00:00,1736,90
2022-07-07 20:00:00,1292,59
2022-07-07 21:00:00,1260,32
2022-07-07 22:00:00,1492,125
2022-07-07 23:00:00,1395,33
2022-07-08 00:00:00,994,76
2022-07-08 01:00:00,853,34
2022-07-08 02:00:00,681,53
2022-07-08 03:00:00,551,24
2022-07-08 04:00:00,795,64
2022-07-08 05:00:00,904,34
2022-07-08 06:00:00,1405,75
2022-07-08 07:00:00,1251,29
2022-07-08 08:00:00,1454,66
2022-07-08 09:00:00,973,18
2022-07-08 10:00:00,2113,79
2022-07-08 11:00:00,1335,28
2022-07-08 12:00:00,1293,105
2022-07-08 13:00:00,1013,15
2022-07-08 14:00:00,1709,61
2022-07-08 15:00:00,2418,82
2022-07-08 16:00:00,1588,94
2022-07-08 17:00:00,1611,28
2022-07-08 18:00:00,1373,71
2022-07-08 19:00:00,2168,48
2022-07-08 20:00:00,969,83
2022-07-08 21:00:00,1920,43
2022-07-08 22:00:00,976,84
2022-07-08 23:00:00,918,28
2022-07-09 00:00:00,1052,90
2022-07-09 01:00:00,341,13
2022-07-09 02:00:00,786,66
2022-07-09 03:00:00,685,40
2022-07-09 04:00:00,618,71
2022-07-09 05:00:00,691,28
2022-07-09 06:00:00,765,51
2022-07-09 07:00:00,777,30
2022-07-09 08:00:00,1695,54
2022-07-09 09:00:00,921,23
2022-07-09 10:00:00,1314,82
2022-07-09 11:00:00,1231,34
2022-07-09 12:00:00,964,71
2022-07-09 13:00:00,1280,31
2022-07-09 14:00:00,363,23
2022-07-09 15:00:00,673,40
2022-07-09 16:00:00,1275,40
2022-07-09 17:00:00,1758,79
2022-07-09 18:00:00,2229,58
2022-07-09 19:00:00,1010,21
2022-07-09 20:00:00,1427,102
2022-07-09 21:00:00,883,32
2022-07-09 22:00:00,1016,94
2022-07-09 23:00:00,807,35
2022-07-10 00:00:00,607,53
2022-07-10 01:00:00,247,14
2022-07-10 02:00:00,723,67
2022-07-10 03:00:00,489,29
2022-07-10 04:00:00,491,79
2022-07-10 05:00:00,367,21
2022-07-10 06:00:00,770,62
2022-07-10 07:00:00,764,29
2022-07-10 08:00:00,1018,62
2022-07-10 09:00:00,854,30
2022-07-10 10:00:00,629,60
2022-07-10 11:00:00,1042,36
2022-07-10 12:00:00,1196,58
2022-07-10 13:00:00,942,75
2022-07-10 14:00:00,1051,50
2022-07-10 15:00:00,1297,34
2022-07-10 16:00:00,1288,80
2022-07-10 17:00:00,870,28
2022-07-10 18:00:00,1302,61
2022-07-10 19:00:00,1037,30
2022-07-10 20:00:00,738,66
2022-07-10 21:00:00,1099,35
2022-07-10 22:00:00,399,47
2022-07-10 23:00:00,787,30
2022-07-11 00:00:00,676,57
2022-07-11 01:00:00,475,31
2022-07-11 02:00:00,460,58
2022-07-11 03:00:00,390,29
2022-07-11 04:00:00,490,59
2022-07-11 05:00:00,492,31
2022-07-11 06:00:00,376,46
2022-07-11 07:00:00,1447,53
2022-07-11 08:00:00,1142,80
2022-07-11 09:00:00,1351,30
2022-07-11 10:00:00,1293,93
2022-07-11 11:00:00,1113,25
2022-07-11 12:00:00,1231,85
2022-07-11 13:00:00,1417,31
2022-07-11 14:00:00,915,92
2022-07-11 15:00:00,2192,48
2022-07-11 16:00:00,787,101
2022-07-11 17:00:00,1295,31
2022-07-11 18:00:00,1020,54
2022-07-11 19:00:00,169,4
2022-07-11 20:00:00,1680,77
2022-07-11 21:00:00,835,18
2022-07-11 22:00:00,787,52
2022-07-11 23:00:00,1165,48
2022-07-12 00:00:00,1886,104
2022-07-12 01:00:00,1005,33
2022-07-12 02:00:00,849,105
2022-07-12 03:00:00,676,37
2022-07-12 04:00:00,557,77
2022-07-12 05:00:00,721,30
2022-07-12 06:00:00,782,41
2022-07-12 07:00:00,1037,26
2022-07-12 08:00:00,1593,67
2022-07-12 09:00:00,1044,66
2022-07-12 10:00:00,1422,47
2022-07-12 11:00:00,931,23
2022-07-12 12:00:00,1072,69
2022-07-12 13:00:00,1305,38
2022-07-12 14:00:00,1969,83
2022-07-12 15:00:00,1478,29
2022-07-12 16:00:00,1087,80
2022-07-12 17:00:00,1878,39
2022-07-12 18:00:00,500,90
2022-07-12 19:00:00,2294,53
2022-07-12 20:00:00,1410,71
2022-07-12 21:00:00,1101,24
2022-07-12 22:00:00,992,82
2022-07-12 23:00:00,800,25
2022-07-13 00:00:00,404,69
2022-07-13 01:00:00,739,41
2022-07-13 02:00:00,527,39
2022-07-13 03:00:00,642,41
2022-07-13 04:00:00,649,59
2022-07-13 05:00:00,500,24
2022-07-13 06:00:00,921,56
2022-07-13 07:00:00,970,26
2022-07-13 08:00:00,1537,84
2022-07-13 09:00:00,892,22
2022-07-13 10:00:00,494,25
2022-07-13 11:00:00,524,45
2022-07-13 12:00:00,743,31
2022-07-13 13:00:00,624,24
2022-07-13 14:00:00,1437,48
2022-07-13 15:00:00,976,26
2022-07-13 16:00:00,1296,56
2022-07-13 17:00:00,601,29
2022-07-13 18:00:00,966,36
2022-07-13 19:00:00,3391,39
2022-07-13 20:00:00,1213,43
2022-07-13 21:00:00,1925,31
2022-07-13 22:00:00,776,32
2022-07-13 23:00:00,991,37
2022-07-14 00:00:00,1821,72
2022-07-14 01:00:00,1238,196
2022-07-14 02:00:00,1285,207
2022-07-14 03:00:00,442,28
2022-07-14 04:00:00,845,67
2022-07-14 05:00:00,895,34
2022-07-14 06:00:00,1122,44
2022-07-14 07:00:00,1540,34
2022-07-14 08:00:00,1108,64
2022-07-14 09:00:00,1070,27
2022-07-14 10:00:00,1285,94
2022-07-14 11:00:00,827,22
2022-07-14 12:00:00,1843,68
2022-07-14 13:00:00,491,22
2022-07-14 14:00:00,1582,39
2022-07-14 15:00:00,1261,39
2022-07-14 16:00:00,2061,33
2022-07-14 17:00:00,325,20
2022-07-14 18:00:00,3497,136
2022-07-14 19:00:00,1441,111
2022-07-14 20:00:00,832,57
2022-07-14 21:00:00,1320,53
2022-07-14 22:00:00,1123,63
2022-07-14 23:00:00,1882,53
2022-07-15 00:00:00,709,88
2022-07-15 01:00:00,664,31
2022-07-15 02:00:00,632,100
2022-07-15 03:00:00,598,32
2022-07-15 04:00:00,707,67
2022-07-15 05:00:00,591,23
2022-07-15 06:00:00,1089,56
2022-07-15 07:00:00,1422,34
2022-07-15 08:00:00,1065,58
2022-07-15 09:00:00,1883,81
2022-07-15 10:00:00,1336,33
2022-07-15 11:00:00,1667,34
2022-07-15 12:00:00,963,51
2022-07-15 13:00:00,1752,55
2022-07-15 14:00:00,1965,88
2022-07-15 15:00:00,1775,33
2022-07-15 16:00:00,1769,118
2022-07-15 17:00:00,1872,45
2022-07-15 18:00:00,1321,92
2022-07-15 19:00:00,1881,50
2022-07-15 20:00:00,627,29
2022-07-15 21:00:00,908,27
2022-07-15 22:00:00,1715,112
2022-07-15 23:00:00,1857,42
2022-07-16 00:00:00,984,82
2022-07-16 01:00:00,622,27
2022-07-16 02:00:00,655,78
2022-07-16 03:00:00,477,27
2022-07-16 04:00:00,624,51
2022-07-16 05:00:00,417,20
2022-07-16 06:00:00,1328,55
2022-07-16 07:00:00,1107,30
2022-07-16 08:00:00,1138,63
2022-07-16 09:00:00,1193,31
2022-07-16 10:00:00,1176,66
2022-07-16 11:00:00,1159,31
2022-07-16 12:00:00,961,58
2022-07-16 13:00:00,1419,35
2022-07-16 14:00:00,1316,75
2022-07-16 15:00:00,1568,33
2022-07-16 16:00:00,1511,102
2022-07-16 17:00:00,606,13
2022-07-16 18:00:00,1831,73
2022-07-16 19:00:00,1616,22
2022-07-16 20:00:00,201,30
2022-07-16 21:00:00,1705,124
2022-07-16 22:00:00,1340,66
2022-07-16 23:00:00,733,29
2022-07-17 00:00:00,630,61
2022-07-17 01:00:00,565,33
2022-07-17 02:00:00,433,47
2022-07-17 03:00:00,383,27
2022-07-17 04:00:00,467,40
2022-07-17 05:00:00,502,27
2022-07-17 06:00:00,806,55
2022-07-17 07:00:00,884,33
2022-07-17 08:00:00,1205,49
2022-07-17 09:00:00,759,23
2022-07-17 10:00:00,1270,77
2022-07-17 11:00:00,1027,29
2022-07-17 12:00:00,788,70
2022-07-17 13:00:00,584,27
2022-07-17 14:00:00,1092,51
2022-07-17 15:00:00,1498,47
2022-07-17 16:00:00,1277,101
2022-07-17 17:00:00,1265,41
2022-07-17 18:00:00,1152,85
2022-07-17 19:00:00,945,30
2022-07-17 20:00:00,691,64
2022-07-17 21:00:00,696,34
2022-07-17 22:00:00,277,42
2022-07-17 23:00:00,1791,42
2022-07-18 00:00:00,643,64
2022-07-18 01:00:00,344,25
2022-07-18 02:00:00,427,50
2022-07-18 03:00:00,562,34
2022-07-18 04:00:00,463,56
2022-07-18 05:00:00,489,22
2022-07-18 06:00:00,784,86
2022-07-18 07:00:00,1338,28
2022-07-18 08:00:00,1343,100
2022-07-18 09:00:00,1592,79
2022-07-18 10:00:00,1981,73
2022-07-18 11:00:00,1324,28
2022-07-18 12:00:00,686,67
2022-07-18 13:00:00,1097,41
2022-07-18 14:00:00,1798,79
2022-07-18 15:00:00,1867,97
2022-07-18 16:00:00,388,29
2022-07-18 17:00:00,2279,43
2022-07-18 18:00:00,1497,80
2022-07-18 19:00:00,751,27
2022-07-18 20:00:00,2060,72
2022-07-18 21:00:00,1235,32
2022-07-18 22:00:00,901,117
2022-07-18 23:00:00,925,11
2022-07-19 00:00:00,1772,60
2022-07-19 01:00:00,710,30
2022-07-19 02:00:00,856,94
2022-07-19 03:00:00,552,41
2022-07-19 04:00:00,292,55
2022-07-19 05:00:00,797,45
2022-07-19 06:00:00,363,42
2022-07-19 07:00:00,1982,50
2022-07-19 08:00:00,1299,69
2022-07-19 09:00:00,1479,34
2022-07-19 10:00:00,1067,80
2022-07-19 11:00:00,1096,44
2022-07-19 12:00:00,1526,45
2022-07-19 13:00:00,1704,29
2022-07-19 14:00:00,1643,118
2022-07-19 15:00:00,1612,29
2022-07-19 16:00:00,1471,124
2022-07-19 17:00:00,1146,37
2022-07-19 18:00:00,1659,60
2022-07-19 19:00:00,2169,69
2022-07-19 20:00:00,1755,78
2022-07-19 21:00:00,1086,20
2022-07-19 22:00:00,1478,90
2022-07-19 23:00:00,796,32
2022-07-20 00:00:00,1133,82
2022-07-20 01:00:00,597,29
2022-07-20 02:00:00,643,67
2022-07-20 03:00:00,503,27
2022-07-20 04:00:00,680,72
2022-07-20 05:00:00,592,28
2022-07-20 06:00:00,1343,48
2022-07-20 07:00:00,1020,23
2022-07-20 08:00:00,1460,71
2022-07-20 09:00:00,971,23
2022-07-20 10:00:00,1537,83
2022-07-20 11:00:00,1586,54
2022-07-20 12:00:00,1021,42
2022-07-20 13:00:00,305,12
2022-07-20 14:00:00,663,35
2022-07-20 15:00:00,1329,40
2022-07-20 16:00:00,1473,48
2022-07-20 17:00:00,2501,46
2022-07-20 18:00:00,988,46
2022-07-20 19:00:00,1811,53
2022-07-20 20:00:00,1343,34
2022-07-20 21:00:00,2252,36
2022-07-20 22:00:00,2109,86
2022-07-20 23:00:00,1607,215
2022-07-21 00:00:00,1060,88
2022-07-21 01:00:00,930,33
2022-07-21 02:00:00,632,69
2022-07-21 03:00:00,681,29
2022-07-21 04:00:00,521,60
2022-07-21 05:00:00,904,35
2022-07-21 06:00:00,1013,41
2022-07-21 07:00:00,1301,31
2022-07-21 08:00:00,638,63
2022-07-21 09:00:00,1973,46
2022-07-21 10:00:00,1180,64
2022-07-21 11:00:00,1706,36
2022-07-21 12:00:00,1129,48
2022-07-21 13:00:00,1770,76
2022-07-21 14:00:00,1331,55
2022-07-21 15:00:00,1417,97
2022-07-21 16:00:00,2091,57
2022-07-21 17:00:00,1828,30
2022-07-21 18:00:00,942,80
2022-07-21 19:00:00,1121,42
2022-07-21 20:00:00,1683,42
2022-07-21 21:00:00,1473,77
2022-07-21 22:00:00,1266,57
2022-07-21 23:00:00,1457,46
2022-07-22 00:00:00,317,66
2022-07-22 01:00:00,1040,51
2022-07-22 02:00:00,599,60
2022-07-22 03:00:00,386,19
2022-07-22 04:00:00,1006,61
2022-07-22 05:00:00,854,31
2022-07-22 06:00:00,981,92
2022-07-22 07:00:00,902,21
2022-07-22 08:00:00,1469,73
2022-07-22 09:00:00,1526,33
2022-07-22 10:00:00,1519,102
2022-07-22 11:00:00,962,29
2022-07-22 12:00:00,1205,75
2022-07-22 13:00:00,2041,31
2022-07-22 14:00:00,1637,90
2022-07-22 15:00:00,2082,31
2022-07-22 16:00:00,1231,83
2022-07-22 17:00:00,1308,28
2022-07-22 18:00:00,1525,79
2022-07-22 19:00:00,1155,28
2022-07-22 20:00:00,946,52
2022-07-22 21:00:00,1813,63
2022-07-22 22:00:00,2503,75
2022-07-22 23:00:00,1674,36
2022-07-23 00:00:00,380,66
2022-07-23 01:00:00,1092,50
2022-07-23 02:00:00,587,50
2022-07-23 03:00:00,555,39
2022-07-23 04:00:00,621,76
2022-07-23 05:00:00,633,27
2022-07-23 06:00:00,1129,50
2022-07-23 07:00:00,1052,28
2022-07-23 08:00:00,1325,78
2022-07-23 09:00:00,601,14
2022-07-23 10:00:00,1477,88
2022-07-23 11:00:00,1242,32
2022-07-23 12:00:00,1196,82
2022-07-23 13:00:00,1466,35
2022-07-23 14:00:00,1180,69
2022-07-23 15:00:00,1480,32
2022-07-23 16:00:00,1337,68
2022-07-23 17:00:00,947,23
2022-07-23 18:00:00,1985,76
2022-07-23 19:00:00,794,21
2022-07-23 20:00:00,1012,91
2022-07-23 21:00:00,1536,38
2022-07-23 22:00:00,901,80
2022-07-23 23:00:00,800,35
2022-07-24 00:00:00,524,54
2022-07-24 01:00:00,452,27
2022-07-24 02:00:00,528,49
2022-07-24 03:00:00,444,31
2022-07-24 04:00:00,260,45
2022-07-24 05:00:00,672,43
2022-07-24 06:00:00,607,56
2022-07-24 07:00:00,1061,38
2022-07-24 08:00:00,448,46
2022-07-24 09:00:00,1300,35
2022-07-24 10:00:00,503,98
2022-07-24 11:00:00,1272,39
2022-07-24 12:00:00,1325,76
2022-07-24 13:00:00,1092,29
2022-07-24 14:00:00,1158,65
2022-07-24 15:00:00,987,25
2022-07-24 16:00:00,1351,72
2022-07-24 17:00:00,1145,28
2022-07-24 18:00:00,1092,98
2022-07-24 19:00:00,1211,34
2022-07-24 20:00:00,688,68
2022-07-24 21:00:00,1204,30
2022-07-24 22:00:00,648,89
2022-07-24 23:00:00,772,33
2022-07-25 00:00:00,544,44
2022-07-25 01:00:00,490,28
2022-07-25 02:00:00,567,64
2022-07-25 03:00:00,534,34
2022-07-25 04:00:00,358,67
2022-07-25 05:00:00,774,41
2022-07-25 06:00:00,770,53
2022-07-25 07:00:00,944,37
2022-07-25 08:00:00,910,41
2022-07-25 09:00:00,1759,41
2022-07-25 10:00:00,923,75
2022-07-25 11:00:00,1617,37
2022-07-25 12:00:00,887,55
2022-07-25 13:00:00,1788,47
2022-07-25 14:00:00,1287,94
2022-07-25 15:00:00,1848,33
2022-07-25 16:00:00,1357,99
2022-07-25 17:00:00,1773,36
2022-07-25 18:00:00,834,86
2022-07-25 19:00:00,1782,38
2022-07-25 20:00:00,1292,70
2022-07-25 21:00:00,992,49
2022-07-25 22:00:00,1645,66
2022-07-25 23:00:00,553,23
2022-07-26 00:00:00,988,98
2022-07-26 01:00:00,672,30
2022-07-26 02:00:00,602,68
2022-07-26 03:00:00,384,25
2022-07-26 04:00:00,722,55
2022-07-26 05:00:00,637,33
2022-07-26 06:00:00,913,83
2022-07-26 07:00:00,931,41
2022-07-26 08:00:00,267,14
2022-07-26 09:00:00,2412,58
2022-07-26 10:00:00,1116,63
2022-07-26 11:00:00,1542,37
2022-07-26 12:00:00,1170,92
2022-07-26 13:00:00,1343,20
2022-07-26 14:00:00,1760,97
2022-07-26 15:00:00,1232,27
2022-07-26 16:00:00,1067,76
2022-07-26 17:00:00,1319,42
2022-07-26 18:00:00,2577,113
2022-07-26 19:00:00,1214,31
2022-07-26 20:00:00,1272,100
2022-07-26 21:00:00,1770,34
2022-07-26 22:00:00,1008,85
2022-07-26 23:00:00,790,30
2022-07-27 00:00:00,666,58
2022-07-27 01:00:00,651,29
2022-07-27 02:00:00,649,59
2022-07-27 03:00:00,490,31
2022-07-27 04:00:00,632,56
2022-07-27 05:00:00,287,13
2022-07-27 06:00:00,713,64
2022-07-27 07:00:00,1778,47
2022-07-27 08:00:00,1351,70
2022-07-27 09:00:00,779,23
2022-07-27 10:00:00,1665,88
2022-07-27 11:00:00,1373,34
2022-07-27 12:00:00,1222,62
2022-07-27 13:00:00,1747,34
2022-07-27 14:00:00,1546,72
2022-07-27 15:00:00,1881,36
2022-07-27 16:00:00,1809,112
2022-07-27 17:00:00,1373,25
2022-07-27 18:00:00,1975,110
2022-07-27 19:00:00,1593,31
2022-07-27 20:00:00,1356,79
2022-07-27 21:00:00,1004,76
2022-07-27 22:00:00,778,65
2022-07-27 23:00:00,915,47
2022-07-28 00:00:00,673,59
2022-07-28 01:00:00,1923,26
2022-07-28 02:00:00,877,100
2022-07-28 03:00:00,711,29
2022-07-28 04:00:00,599,83
2022-07-28 05:00:00,297,16
2022-07-28 06:00:00,1895,58
2022-07-28 07:00:00,1319,29
2022-07-28 08:00:00,1164,72
2022-07-28 09:00:00,1798,30
2022-07-28 10:00:00,1589,94
2022-07-28 11:00:00,1053,23
2022-07-28 12:00:00,842,56
2022-07-28 13:00:00,1467,40
2022-07-28 14:00:00,1049,66
2022-07-28 15:00:00,3185,39
2022-07-28 16:00:00,1349,117
2022-07-28 17:00:00,1844,68
2022-07-28 18:00:00,1397,47
2022-07-28 19:00:00,2074,42
2022-07-28 20:00:00,1322,111
2022-07-28 21:00:00,1935,29
2022-07-28 22:00:00,1477,82
2022-07-28 23:00:00,961,31
2022-07-29 00:00:00,1109,76
2022-07-29 01:00:00,683,29
2022-07-29 02:00:00,576,86
2022-07-29 03:00:00,740,33
2022-07-29 04:00:00,552,45
2022-07-29 05:00:00,932,34
2022-07-29 06:00:00,1173,68
2022-07-29 07:00:00,1172,27
2022-07-29 08:00:00,1662,82
2022-07-29 09:00:00,1389,29
2022-07-29 10:00:00,1394,109
2022-07-29 11:00:00,1697,30
2022-07-29 12:00:00,1383,67
2022-07-29 13:00:00,1992,34
2022-07-29 14:00:00,1572,82
2022-07-29 15:00:00,989,30
2022-07-29 16:00:00,3011,104
2022-07-29 17:00:00,1499,27
2022-07-29 18:00:00,620,62
2022-07-29 19:00:00,1038,32
2022-07-29 20:00:00,2949,147
2022-07-29 21:00:00,2386,33
2022-07-29 22:00:00,1272,122
2022-07-29 23:00:00,1083,34
2022-07-30 00:00:00,536,53
2022-07-30 01:00:00,1112,44
2022-07-30 02:00:00,627,35
2022-07-30 03:00:00,592,31
2022-07-30 04:00:00,477,56
2022-07-30 05:00:00,587,38
2022-07-30 06:00:00,1266,68
2022-07-30 07:00:00,773,18
2022-07-30 08:00:00,1702,80
2022-07-30 09:00:00,1121,26
2022-07-30 10:00:00,875,54
2022-07-30 11:00:00,1074,35
2022-07-30 12:00:00,1932,67
2022-07-30 13:00:00,1214,22
2022-07-30 14:00:00,2066,129
2022-07-30 15:00:00,300,24
2022-07-30 16:00:00,1484,53
2022-07-30 17:00:00,1328,40
2022-07-30 18:00:00,1745,109
2022-07-30 19:00:00,1479,37
2022-07-30 20:00:00,866,59
2022-07-30 21:00:00,1716,38
2022-07-30 22:00:00,1519,65
2022-07-30 23:00:00,830,37
2022-07-31 00:00:00,470,65
2022-07-31 01:00:00,658,37
2022-07-31 02:00:00,219,32
2022-07-31 03:00:00,690,48
2022-07-31 04:00:00,461,45
2022-07-31 05:00:00,450,24
2022-07-31 06:00:00,758,44
2022-07-31 07:00:00,808,31
2022-07-31 08:00:00,1057,60
2022-07-31 09:00:00,1044,33
2022-07-31 10:00:00,877,78
2022-07-31 11:00:00,1137,33
2022-07-31 12:00:00,1008,98
2022-07-31 13:00:00,1252,32
2022-07-31 14:00:00,697,48
2022-07-31 15:00:00,1694,38
2022-07-31 16:00:00,1004,83
2022-07-31 17:00:00,1109,28
2022-07-31 18:00:00,1469,72
2022-07-31 19:00:00,1149,31
2022-07-31 20:00:00,912,86
2022-07-31 21:00:00,865,31
2022-07-31 22:00:00,842,54
2022-07-31 23:00:00,669,27
2022-08-01 00:00:00,485,95
2022-08-01 01:00:00,832,36
2022-08-01 02:00:00,420,57
2022-08-01 03:00:00,0,0
2022-08-01 04:00:00,845,55
2022-08-01 05:00:00,603,34
2022-08-01 06:00:00,1008,81
2022-08-01 07:00:00,1226,32
2022-08-01 08:00:00,1001,95
2022-08-01 09:00:00,1461,32
2022-08-01 10:00:00,1300,71
2022-08-01 11:00:00,1723,38
2022-08-01 12:00:00,688,84
2022-08-01 13:00:00,1451,36
2022-08-01 14:00:00,1075,83
2022-08-01 15:00:00,797,23
2022-08-01 16:00:00,1315,82
2022-08-01 17:00:00,1077,27
2022-08-01 18:00:00,1841,104
2022-08-01 19:00:00,1366,34
2022-08-01 20:00:00,1147,106
2022-08-01 21:00:00,1559,36
2022-08-01 22:00:00,1592,80
2022-08-01 23:00:00,1083,30
2022-08-02 00:00:00,1051,74
2022-08-02 01:00:00,717,28
2022-08-02 02:00:00,650,59
2022-08-02 03:00:00,625,33
2022-08-02 04:00:00,678,79
2022-08-02 05:00:00,771,29
2022-08-02 06:00:00,1147,65
2022-08-02 07:00:00,968,30
2022-08-02 08:00:00,1861,81
2022-08-02 09:00:00,1630,33
2022-08-02 10:00:00,710,44
2022-08-02 11:00:00,1702,64
2022-08-02 12:00:00,1915,80
2022-08-02 13:00:00,1587,90
2022-08-02 14:00:00,1463,45
2022-08-02 15:00:00,1621,33
2022-08-02 16:00:00,1531,83
2022-08-02 17:00:00,2067,35
2022-08-02 18:00:00,826,100
2022-08-02 19:00:00,1573,43
2022-08-02 20:00:00,1240,79
2022-08-02 21:00:00,990,24
2022-08-02 22:00:00,1058,74
2022-08-02 23:00:00,878,30
2022-08-03 00:00:00,516,64
2022-08-03 01:00:00,1999,39
2022-08-03 02:00:00,738,98
2022-08-03 03:00:00,581,48
2022-08-03 04:00:00,670,41
2022-08-03 05:00:00,638,25
2022-08-03 06:00:00,821,39
2022-08-03 07:00:00,1504,37
2022-08-03 08:00:00,1340,77
2022-08-03 09:00:00,1012,46
2022-08-03 10:00:00,1687,65
2022-08-03 11:00:00,1345,29
2022-08-03 12:00:00,1727,98
2022-08-03 13:00:00,1784,29
2022-08-03 14:00:00,2472,65
2022-08-03 15:00:00,2342,31
2022-08-03 16:00:00,2198,77
2022-08-03 17:00:00,1959,28
2022-08-03 18:00:00,568,37
2022-08-03 19:00:00,2414,134
2022-08-03 20:00:00,931,71
2022-08-03 21:00:00,1622,57
2022-08-03 22:00:00,714,88
2022-08-03 23:00:00,1808,35
2022-08-04 00:00:00,842,62
2022-08-04 01:00:00,738,38
2022-08-04 02:00:00,463,46
2022-08-04 03:00:00,1097,34
2022-08-04 04:00:00,712,70
2022-08-04 05:00:00,1006,38
2022-08-04 06:00:00,1786,73
2022-08-04 07:00:00,2140,33
2022-08-04 08:00:00,1776,80
2022-08-04 09:00:00,1994,32
2022-08-04 10:00:00,1111,28
2022-08-04 11:00:00,1222,76
2022-08-04 12:00:00,2970,65
2022-08-04 13:00:00,1247,30
2022-08-04 14:00:00,289,21
2022-08-04 15:00:00,2238,36
2022-08-04 16:00:00,2621,228
2022-08-04 17:00:00,2280,35
2022-08-04 18:00:00,610,50
2022-08-04 19:00:00,1927,56
2022-08-04 20:00:00,1588,130
2022-08-04 21:00:00,1991,31
2022-08-04 22:00:00,646,35
2022-08-04 23:00:00,1316,83
2022-08-05 00:00:00,930,51
2022-08-05 01:00:00,566,33
2022-08-05 02:00:00,757,60
2022-08-05 03:00:00,458,25
2022-08-05 04:00:00,665,67
2022-08-05 05:00:00,891,33
2022-08-05 06:00:00,1225,66
2022-08-05 07:00:00,877,20
2022-08-05 08:00:00,1878,103
2022-08-05 09:00:00,1351,28
2022-08-05 10:00:00,1434,112
2022-08-05 11:00:00,1467,30
2022-08-05 12:00:00,878,41
2022-08-05 13:00:00,1942,47
2022-08-05 14:00:00,614,70
2022-08-05 15:00:00,266,9
2022-08-05 16:00:00,3194,67
2022-08-05 17:00:00,855,19
2022-08-05 18:00:00,2056,99
2022-08-05 19:00:00,2739,43
2022-08-05 20:00:00,1611,133
2022-08-05 21:00:00,2068,35
2022-08-05 22:00:00,759,38
2022-08-05 23:00:00,1376,80
2022-08-06 00:00:00,1480,90
2022-08-06 01:00:00,896,35
2022-08-06 02:00:00,685,68
2022-08-06 03:00:00,513,26
2022-08-06 04:00:00,624,58
2022-08-06 05:00:00,528,21
2022-08-06 06:00:00,1580,84
2022-08-06 07:00:00,980,23
2022-08-06 08:00:00,1466,70
2022-08-06 09:00:00,972,25
2022-08-06 10:00:00,1102,77
2022-08-06 11:00:00,1928,38
2022-08-06 12:00:00,1325,61
2022-08-06 13:00:00,979,21
2022-08-06 14:00:00,1623,47
2022-08-06 15:00:00,1486,35
2022-08-06 16:00:00,1345,114
2022-08-06 17:00:00,1194,25
2022-08-06 18:00:00,1580,74
2022-08-06 19:00:00,1667,40
2022-08-06 20:00:00,869,76
2022-08-06 21:00:00,1077,25
2022-08-06 22:00:00,760,57
2022-08-06 23:00:00,1060,35
2022-08-07 00:00:00,502,58
2022-08-07 01:00:00,553,33
2022-08-07 02:00:00,476,81
2022-08-07 03:00:00,369,26
2022-08-07 04:00:00,498,44
2022-08-07 05:00:00,481,28
2022-08-07 06:00:00,817,61
2022-08-07 07:00:00,900,30
2022-08-07 08:00:00,819,77
2022-08-07 09:00:00,940,31
2022-08-07 10:00:00,792,54
2022-08-07 11:00:00,1074,31
2022-08-07 12:00:00,1235,36
2022-08-07 13:00:00,847,29
2022-08-07 14:00:00,540,50
2022-08-07 15:00:00,1646,127
2022-08-07 16:00:00,1197,57
2022-08-07 17:00:00,1099,25
2022-08-07 18:00:00,887,65
2022-08-07 19:00:00,1775,41
2022-08-07 20:00:00,898,87
2022-08-07 21:00:00,1028,34
2022-08-07 22:00:00,840,49
2022-08-07 23:00:00,299,13
2022-08-08 00:00:00,741,54
2022-08-08 01:00:00,509,32
2022-08-08 02:00:00,547,58
2022-08-08 03:00:00,342,24
2022-08-08 04:00:00,515,62
2022-08-08 05:00:00,669,35
2022-08-08 06:00:00,957,119
2022-08-08 07:00:00,1130,28
2022-08-08 08:00:00,1089,72
2022-08-08 09:00:00,1108,76
2022-08-08 10:00:00,2077,67
2022-08-08 11:00:00,1547,31
2022-08-08 12:00:00,1316,87
2022-08-08 13:00:00,1860,34
2022-08-08 14:00:00,1689,128
2022-08-08 15:00:00,1668,32
2022-08-08 16:00:00,1197,82
2022-08-08 17:00:00,1999,41
2022-08-08 18:00:00,1229,122
2022-08-08 19:00:00,630,10
2022-08-08 20:00:00,278,15
2022-08-08 21:00:00,1734,56
2022-08-08 22:00:00,602,46
2022-08-08 23:00:00,1904,59
2022-08-09 00:00:00,1021,54
2022-08-09 01:00:00,613,25
2022-08-09 02:00:00,1003,81
2022-08-09 03:00:00,644,40
2022-08-09 04:00:00,470,64
2022-08-09 05:00:00,793,31
2022-08-09 06:00:00,1059,68
2022-08-09 07:00:00,1138,26
2022-08-09 08:00:00,1071,61
2022-08-09 09:00:00,1147,30
2022-08-09 10:00:00,2051,82
2022-08-09 11:00:00,1095,27
2022-08-09 12:00:00,1484,80
2022-08-09 13:00:00,309,11
2022-08-09 14:00:00,936,42
2022-08-09 15:00:00,1811,48
2022-08-09 16:00:00,635,36
2022-08-09 17:00:00,1838,38
2022-08-09 18:00:00,1715,61
2022-08-09 19:00:00,1225,46
2022-08-09 20:00:00,1576,161
2022-08-09 21:00:00,491,39
2022-08-09 22:00:00,1365,85
2022-08-09 23:00:00,1087,33
2022-08-10 00:00:00,2104,91
2022-08-10 01:00:00,714,29
2022-08-10 02:00:00,767,83
2022-08-10 03:00:00,576,37
2022-08-10 04:00:00,668,73
2022-08-10 05:00:00,489,20
2022-08-10 06:00:00,1237,61
2022-08-10 07:00:00,1004,25
2022-08-10 08:00:00,1544,74
2022-08-10 09:00:00,1201,28
2022-08-10 10:00:00,765,59
2022-08-10 11:00:00,886,36
2022-08-10 12:00:00,2412,72
2022-08-10 13:00:00,980,32
2022-08-10 14:00:00,1420,69
2022-08-10 15:00:00,2930,45
2022-08-10 16:00:00,852,132
2022-08-10 17:00:00,1723,56
2022-08-10 18:00:00,2361,83
2022-08-10 19:00:00,1667,34
2022-08-10 20:00:00,759,60
2022-08-10 21:00:00,732,58
2022-08-10 22:00:00,373,37
2022-08-10 23:00:00,443,48
2022-08-11 00:00:00,950,37
2022-08-11 01:00:00,843,35
2022-08-11 02:00:00,2339,81
2022-08-11 03:00:00,727,39
2022-08-11 04:00:00,796,67
2022-08-11 05:00:00,688,30
2022-08-11 06:00:00,1201,83
2022-08-11 07:00:00,1506,31
2022-08-11 08:00:00,363,18
2022-08-11 09:00:00,1271,55
2022-08-11 10:00:00,1145,76
2022-08-11 11:00:00,1013,44
2022-08-11 12:00:00,3753,77
2022-08-11 13:00:00,1005,28
2022-08-11 14:00:00,1617,136
2022-08-11 15:00:00,2230,29
2022-08-11 16:00:00,2169,105
2022-08-11 17:00:00,1180,22
2022-08-11 18:00:00,983,47
2022-08-11 19:00:00,894,37
2022-08-11 20:00:00,1231,97
2022-08-11 21:00:00,2649,34
2022-08-11 22:00:00,484,32
2022-08-11 23:00:00,1633,66
2022-08-12 00:00:00,1225,108
2022-08-12 01:00:00,727,31
2022-08-12 02:00:00,511,66
2022-08-12 03:00:00,649,34
2022-08-12 04:00:00,462,49
2022-08-12 05:00:00,1010,41
2022-08-12 06:00:00,763,63
2022-08-12 07:00:00,1654,41
2022-08-12 08:00:00,1063,60
2022-08-12 09:00:00,1328,37
2022-08-12 10:00:00,830,70
2022-08-12 11:00:00,749,30
2022-08-12 12:00:00,1922,72
2022-08-12 13:00:00,1670,23
2022-08-12 14:00:00,2942,128
2022-08-12 15:00:00,1033,29
2022-08-12 16:00:00,1107,95
2022-08-12 17:00:00,1430,39
2022-08-12 18:00:00,1843,63
2022-08-12 19:00:00,3101,32
2022-08-12 20:00:00,1033,127
2022-08-12 21:00:00,1941,31
2022-08-12 22:00:00,1249,93
2022-08-12 23:00:00,1019,30
2022-08-13 00:00:00,720,51
2022-08-13 01:00:00,971,40
2022-08-13 02:00:00,636,77
2022-08-13 03:00:00,542,25
2022-08-13 04:00:00,902,63
2022-08-13 05:00:00,629,25
2022-08-13 06:00:00,1085,91
2022-08-13 07:00:00,1367,32
2022-08-13 08:00:00,1391,76
2022-08-13 09:00:00,1013,27
2022-08-13 10:00:00,1479,47
2022-08-13 11:00:00,1380,32
2022-08-13 12:00:00,1013,67
2022-08-13 13:00:00,1298,24
2022-08-13 14:00:00,1268,58
2022-08-13 15:00:00,1765,37
2022-08-13 16:00:00,1444,82
2022-08-13 17:00:00,1441,29
2022-08-13 18:00:00,1463,100
2022-08-13 19:00:00,1395,33
2022-08-13 20:00:00,1145,64
2022-08-13 21:00:00,777,22
2022-08-13 22:00:00,1412,62
2022-08-13 23:00:00,475,29
2022-08-14 00:00:00,334,68
2022-08-14 01:00:00,914,35
2022-08-14 02:00:00,443,77
2022-08-14 03:00:00,557,32
2022-08-14 04:00:00,391,58
2022-08-14 05:00:00,650,34
2022-08-14 06:00:00,608,41
2022-08-14 07:00:00,1036,38
2022-08-14 08:00:00,659,30
2022-08-14 09:00:00,1184,43
2022-08-14 10:00:00,1387,66
2022-08-14 11:00:00,867,27
2022-08-14 12:00:00,1193,105
2022-08-14 13:00:00,588,27
2022-08-14 14:00:00,982,70
2022-08-14 15:00:00,1631,34
2022-08-14 16:00:00,1328,112
2022-08-14 17:00:00,1019,30
2022-08-14 18:00:00,574,53
2022-08-14 19:00:00,1725,66
2022-08-14 20:00:00,1077,68
2022-08-14 21:00:00,782,28
2022-08-14 22:00:00,894,70
2022-08-14 23:00:00,471,31
2022-08-15 00:00:00,773,32
2022-08-15 01:00:00,479,31
2022-08-15 02:00:00,526,65
2022-08-15 03:00:00,478,25
2022-08-15 04:00:00,602,62
2022-08-15 05:00:00,524,24
2022-08-15 06:00:00,926,76
2022-08-15 07:00:00,1300,35
2022-08-15 08:00:00,1093,98
2022-08-15 09:00:00,1512,36
2022-08-15 10:00:00,1272,76
2022-08-15 11:00:00,1364,30
2022-08-15 12:00:00,595,70
2022-08-15 13:00:00,2176,39
2022-08-15 14:00:00,1283,102
2022-08-15 15:00:00,1720,37
2022-08-15 16:00:00,1576,69
2022-08-15 17:00:00,1082,25
2022-08-15 18:00:00,1498,91
2022-08-15 19:00:00,841,17
2022-08-15 20:00:00,664,40
2022-08-15 21:00:00,1057,36
2022-08-15 22:00:00,861,111
2022-08-15 23:00:00,950,43
2022-08-16 00:00:00,1457,84
2022-08-16 01:00:00,931,31
2022-08-16 02:00:00,916,77
2022-08-16 03:00:00,809,46
2022-08-16 04:00:00,748,71
2022-08-16 05:00:00,252,14
2022-08-16 06:00:00,934,58
2022-08-16 07:00:00,1375,28
2022-08-16 08:00:00,1629,70
2022-08-16 09:00:00,1422,32
2022-08-16 10:00:00,1259,96
2022-08-16 11:00:00,1140,27
2022-08-16 12:00:00,1429,68
2022-08-16 13:00:00,1734,39
2022-08-16 14:00:00,1430,32
2022-08-16 15:00:00,1631,32
2022-08-16 16:00:00,996,23
2022-08-16 17:00:00,2124,40
2022-08-16 18:00:00,1204,24
2022-08-16 19:00:00,963,30
2022-08-16 20:00:00,1949,39
2022-08-16 21:00:00,348,6
2022-08-16 22:00:00,1545,54
2022-08-16 23:00:00,911,26
2022-08-17 00:00:00,760,30
2022-08-17 01:00:00,531,33
2022-08-17 02:00:00,542,225
2022-08-17 03:00:00,730,246
2022-08-17 04:00:00,317,25
2022-08-17 05:00:00,919,31
2022-08-17 06:00:00,902,25
2022-08-17 07:00:00,1416,19
2022-08-17 08:00:00,718,55
2022-08-17 09:00:00,364,26
2022-08-17 10:00:00,2522,47
2022-08-17 11:00:00,979,27
2022-08-17 12:00:00,972,66
2022-08-17 13:00:00,2108,56
2022-08-17 14:00:00,1448,93
2022-08-17 15:00:00,1426,32
2022-08-17 16:00:00,812,86
2022-08-17 17:00:00,1033,8
2022-08-17 18:00:00,2401,90
2022-08-17 19:00:00,1047,26
2022-08-17 20:00:00,1027,74
2022-08-17 21:00:00,1426,41
2022-08-17 22:00:00,1804,76
2022-08-17 23:00:00,1307,32
2022-08-18 00:00:00,486,90
2022-08-18 01:00:00,1159,34
2022-08-18 02:00:00,546,64
2022-08-18 03:00:00,653,51
2022-08-18 04:00:00,525,58
2022-08-18 05:00:00,423,33
2022-08-18 06:00:00,1463,48
2022-08-18 07:00:00,1315,32
2022-08-18 08:00:00,1324,74
2022-08-18 09:00:00,960,22
2022-08-18 10:00:00,924,81
2022-08-18 11:00:00,1411,32
2022-08-18 12:00:00,1823,59
2022-08-18 13:00:00,1475,33
2022-08-18 14:00:00,1673,105
2022-08-18 15:00:00,1481,35
2022-08-18 16:00:00,917,84
2022-08-18 17:00:00,2019,44
2022-08-18 18:00:00,1355,97
2022-08-18 19:00:00,1536,45
2022-08-18 20:00:00,1449,63
2022-08-18 21:00:00,1357,28
2022-08-18 22:00:00,1192,83
2022-08-18 23:00:00,795,28
2022-08-19 00:00:00,1005,84
2022-08-19 01:00:00,765,30
2022-08-19 02:00:00,485,74
2022-08-19 03:00:00,646,38
2022-08-19 04:00:00,491,69
2022-08-19 05:00:00,760,32
2022-08-19 06:00:00,1163,52
2022-08-19 07:00:00,1361,31
2022-08-19 08:00:00,951,102
2022-08-19 09:00:00,1862,35
2022-08-19 10:00:00,1148,95
2022-08-19 11:00:00,1663,32
2022-08-19 12:00:00,871,61
2022-08-19 13:00:00,1842,44
2022-08-19 14:00:00,1280,78
2022-08-19 15:00:00,2353,38
2022-08-19 16:00:00,2041,116
2022-08-19 17:00:00,567,20
2022-08-19 18:00:00,2192,89
2022-08-19 19:00:00,1219,36
2022-08-19 20:00:00,2145,73
2022-08-19 21:00:00,1144,23
2022-08-19 22:00:00,830,88
2022-08-19 23:00:00,1928,56
2022-08-20 00:00:00,775,93
2022-08-20 01:00:00,711,33
2022-08-20 02:00:00,469,46
2022-08-20 03:00:00,544,32
2022-08-20 04:00:00,711,64
2022-08-20 05:00:00,513,26
2022-08-20 06:00:00,1093,61
2022-08-20 07:00:00,754,21
2022-08-20 08:00:00,1134,60
2022-08-20 09:00:00,1258,35
2022-08-20 10:00:00,1196,61
2022-08-20 11:00:00,1282,31
2022-08-20 12:00:00,771,47
2022-08-20 13:00:00,1663,41
2022-08-20 14:00:00,1207,70
2022-08-20 15:00:00,1202,25
2022-08-20 16:00:00,1451,72
2022-08-20 17:00:00,1643,32
2022-08-20 18:00:00,1085,89
2022-08-20 19:00:00,1512,34
2022-08-20 20:00:00,926,127
2022-08-20 21:00:00,1438,28
2022-08-20 22:00:00,696,54
2022-08-20 23:00:00,447,30
2022-08-21 00:00:00,989,64
2022-08-21 01:00:00,354,20
2022-08-21 02:00:00,491,61
2022-08-21 03:00:00,436,31
2022-08-21 04:00:00,500,59
2022-08-21 05:00:00,510,28
2022-08-21 06:00:00,643,30
2022-08-21 07:00:00,808,31
2022-08-21 08:00:00,887,55
2022-08-21 09:00:00,660,28
2022-08-21 10:00:00,909,52
2022-08-21 11:00:00,1045,34
2022-08-21 12:00:00,1058,88
2022-08-21 13:00:00,407,12
2022-08-21 14:00:00,1439,93
2022-08-21 15:00:00,563,28
2022-08-21 16:00:00,1351,91
2022-08-21 17:00:00,1513,48
2022-08-21 18:00:00,583,67
2022-08-21 19:00:00,1487,37
2022-08-21 20:00:00,765,71
2022-08-21 21:00:00,1138,38
2022-08-21 22:00:00,752,50
2022-08-21 23:00:00,532,26
2022-08-22 00:00:00,560,55
2022-08-22 01:00:00,564,34
2022-08-22 02:00:00,379,58
2022-08-22 03:00:00,544,36
2022-08-22 04:00:00,447,60
2022-08-22 05:00:00,449,23
2022-08-22 06:00:00,939,75
2022-08-22 07:00:00,1041,47
2022-08-22 08:00:00,1007,54
2022-08-22 09:00:00,1422,38
2022-08-22 10:00:00,1008,75
2022-08-22 11:00:00,1052,35
2022-08-22 12:00:00,1475,66
2022-08-22 13:00:00,1578,35
2022-08-22 14:00:00,253,17
2022-08-22 15:00:00,1963,114
2022-08-22 16:00:00,1907,73
2022-08-22 17:00:00,1762,32
2022-08-22 18:00:00,1042,80
2022-08-22 19:00:00,1103,81
2022-08-22 20:00:00,1055,67
2022-08-22 21:00:00,1289,30
2022-08-22 22:00:00,916,109
2022-08-22 23:00:00,1191,32
2022-08-23 00:00:00,575,62
2022-08-23 01:00:00,685,37
2022-08-23 02:00:00,594,64
2022-08-23 03:00:00,476,29
2022-08-23 04:00:00,611,47
2022-08-23 05:00:00,626,26
2022-08-23 06:00:00,1026,64
2022-08-23 07:00:00,776,23
2022-08-23 08:00:00,1488,70
2022-08-23 09:00:00,1241,30
2022-08-23 10:00:00,1340,76
2022-08-23 11:00:00,1075,27
2022-08-23 12:00:00,1416,74
2022-08-23 13:00:00,343,7
2022-08-23 14:00:00,2209,89
2022-08-23 15:00:00,1112,24
2022-08-23 16:00:00,1496,109
2022-08-23 17:00:00,1967,36
2022-08-23 18:00:00,1490,100
2022-08-23 19:00:00,982,33
2022-08-23 20:00:00,1563,87
2022-08-23 21:00:00,1019,26
2022-08-23 22:00:00,1051,95
2022-08-23 23:00:00,775,29
2022-08-24 00:00:00,529,51
2022-08-24 01:00:00,775,42
2022-08-24 02:00:00,525,55
2022-08-24 03:00:00,578,33
2022-08-24 04:00:00,549,57
2022-08-24 05:00:00,619,31
2022-08-24 06:00:00,891,48
2022-08-24 07:00:00,1196,32
2022-08-24 08:00:00,740,70
2022-08-24 09:00:00,1577,34
2022-08-24 10:00:00,1168,61
2022-08-24 11:00:00,1272,35
2022-08-24 12:00:00,1105,63
2022-08-24 13:00:00,1667,37
2022-08-24 14:00:00,1318,75
2022-08-24 15:00:00,1203,27
2022-08-24 16:00:00,1268,83
2022-08-24 17:00:00,1850,36
2022-08-24 18:00:00,1319,137
2022-08-24 19:00:00,998,15
2022-08-24 20:00:00,1587,73
2022-08-24 21:00:00,1170,27
2022-08-24 22:00:00,780,70
2022-08-24 23:00:00,1381,46
2022-08-25 00:00:00,606,58
2022-08-25 01:00:00,702,34
2022-08-25 02:00:00,610,55
2022-08-25 03:00:00,480,30
2022-08-25 04:00:00,563,48
2022-08-25 05:00:00,741,31
2022-08-25 06:00:00,897,57
2022-08-25 07:00:00,1300,34
2022-08-25 08:00:00,850,73
2022-08-25 09:00:00,1403,37
2022-08-25 10:00:00,1493,79
2022-08-25 11:00:00,1167,30
2022-08-25 12:00:00,1578,64
2022-08-25 13:00:00,614,16
2022-08-25 14:00:00,2115,89
2022-08-25 15:00:00,881,32
2022-08-25 16:00:00,981,25
2022-08-25 17:00:00,1838,66
2022-08-25 18:00:00,1935,135
2022-08-25 19:00:00,1339,30
2022-08-25 20:00:00,1453,62
2022-08-25 21:00:00,1743,40
2022-08-25 22:00:00,1018,105
2022-08-25 23:00:00,865,27
2022-08-26 00:00:00,726,51
2022-08-26 01:00:00,639,34
2022-08-26 02:00:00,496,53
2022-08-26 03:00:00,513,32
2022-08-26 04:00:00,567,40
2022-08-26 05:00:00,628,28
2022-08-26 06:00:00,821,72
2022-08-26 07:00:00,883,23
2022-08-26 08:00:00,1734,62
2022-08-26 09:00:00,869,20
2022-08-26 10:00:00,1598,87
2022-08-26 11:00:00,1556,60
2022-08-26 12:00:00,766,53
2022-08-26 13:00:00,1819,27
2022-08-26 14:00:00,1782,108
2022-08-26 15:00:00,1677,31
2022-08-26 16:00:00,1215,85
2022-08-26 17:00:00,1237,83
2022-08-26 18:00:00,2198,66
2022-08-26 19:00:00,1519,32
2022-08-26 20:00:00,1783,91
2022-08-26 21:00:00,1345,29
2022-08-26 22:00:00,1251,87
2022-08-26 23:00:00,1127,31
2022-08-27 00:00:00,900,65
2022-08-27 01:00:00,901,39
2022-08-27 02:00:00,539,67
2022-08-27 03:00:00,388,19
2022-08-27 04:00:00,682,56
2022-08-27 05:00:00,332,15
2022-08-27 06:00:00,1038,72
2022-08-27 07:00:00,715,22
2022-08-27 08:00:00,899,90
2022-08-27 09:00:00,1885,36
2022-08-27 10:00:00,974,61
2022-08-27 11:00:00,1060,29
2022-08-27 12:00:00,1340,53
2022-08-27 13:00:00,1299,30
2022-08-27 14:00:00,977,70
2022-08-27 15:00:00,1639,39
2022-08-27 16:00:00,1184,73
2022-08-27 17:00:00,1193,37
2022-08-27 18:00:00,1727,95
2022-08-27 19:00:00,1051,26
2022-08-27 20:00:00,1010,95
2022-08-27 21:00:00,1204,36
2022-08-27 22:00:00,783,58
2022-08-27 23:00:00,942,34
2022-08-28 00:00:00,390,51
2022-08-28 01:00:00,581,33
2022-08-28 02:00:00,491,50
2022-08-28 03:00:00,262,20
2022-08-28 04:00:00,626,58
2022-08-28 05:00:00,487,30
2022-08-28 06:00:00,520,58
2022-08-28 07:00:00,897,36
2022-08-28 08:00:00,757,55
2022-08-28 09:00:00,1072,37
2022-08-28 10:00:00,706,56
2022-08-28 11:00:00,924,35
2022-08-28 12:00:00,1050,52
2022-08-28 13:00:00,1009,30
2022-08-28 14:00:00,541,118
2022-08-28 15:00:00,768,32
2022-08-28 16:00:00,1719,40
2022-08-28 17:00:00,923,24
2022-08-28 18:00:00,1231,65
2022-08-28 19:00:00,817,30
2022-08-28 20:00:00,720,35
2022-08-28 21:00:00,1175,45
2022-08-28 22:00:00,632,69
2022-08-28 23:00:00,1056,39
2022-08-29 00:00:00,609,82
2022-08-29 01:00:00,224,13
2022-08-29 02:00:00,790,68
2022-08-29 03:00:00,431,29
2022-08-29 04:00:00,444,59
2022-08-29 05:00:00,661,35
2022-08-29 06:00:00,762,64
2022-08-29 07:00:00,915,55
2022-08-29 08:00:00,1247,42
2022-08-29 09:00:00,884,23
2022-08-29 10:00:00,1381,90
2022-08-29 11:00:00,492,25
2022-08-29 12:00:00,1433,66
2022-08-29 13:00:00,1833,44
2022-08-29 14:00:00,1262,104
2022-08-29 15:00:00,1539,37
2022-08-29 16:00:00,1685,112
2022-08-29 17:00:00,296,11
2022-08-29 18:00:00,617,40
2022-08-29 19:00:00,2934,62
2022-08-29 20:00:00,1368,83
2022-08-29 21:00:00,1345,28
2022-08-29 22:00:00,924,71
2022-08-29 23:00:00,815,35
2022-08-30 00:00:00,794,47
2022-08-30 01:00:00,700,30
2022-08-30 02:00:00,515,84
2022-08-30 03:00:00,452,31
2022-08-30 04:00:00,567,59
2022-08-30 05:00:00,470,24
2022-08-30 06:00:00,1099,67
2022-08-30 07:00:00,1093,29
2022-08-30 08:00:00,1286,65
2022-08-30 09:00:00,1167,28
2022-08-30 10:00:00,1438,76
2022-08-30 11:00:00,1204,33
2022-08-30 12:00:00,1392,67
2022-08-30 13:00:00,723,19
2022-08-30 14:00:00,1832,79
2022-08-30 15:00:00,1430,35
2022-08-30 16:00:00,1334,86
2022-08-30 17:00:00,1924,40
2022-08-30 18:00:00,887,112
2022-08-30 19:00:00,1945,39
2022-08-30 20:00:00,1065,66
2022-08-30 21:00:00,1301,28
2022-08-30 22:00:00,1266,97
2022-08-30 23:00:00,812,33
2022-08-31 00:00:00,523,52
2022-08-31 01:00:00,663,33
2022-08-31 02:00:00,591,66
2022-08-31 03:00:00,627,31
2022-08-31 04:00:00,538,56
2022-08-31 05:00:00,885,38
2022-08-31 06:00:00,1051,76
2022-08-31 07:00:00,1147,31
2022-08-31 08:00:00,1182,60
2022-08-31 09:00:00,1328,31
2022-08-31 10:00:00,1124,187
2022-08-31 11:00:00,1709,37
2022-08-31 12:00:00,1109,80
2022-08-31 13:00:00,1577,32
2022-08-31 14:00:00,1134,87
2022-08-31 15:00:00,1534,28
2022-08-31 16:00:00,2322,102
2022-08-31 17:00:00,591,28
2022-08-31 18:00:00,1071,64
2022-08-31 19:00:00,1830,59
2022-08-31 20:00:00,1036,103
2022-08-31 21:00:00,997,26
2022-08-31 22:00:00,1610,61
2022-08-31 23:00:00,1460,33
2022-09-01 00:00:00,869,100
2022-09-01 01:00:00,689,34
2022-09-01 02:00:00,652,61
2022-09-01 03:00:00,540,30
2022-09-01 04:00:00,389,43
2022-09-01 05:00:00,949,41
2022-09-01 06:00:00,1142,81
2022-09-01 07:00:00,1240,30
2022-09-01 08:00:00,919,57
2022-09-01 09:00:00,1634,39
2022-09-01 10:00:00,1362,87
2022-09-01 11:00:00,1295,31
2022-09-01 12:00:00,840,54
2022-09-01 13:00:00,2087,31
2022-09-01 14:00:00,876,44
2022-09-01 15:00:00,1518,35
2022-09-01 16:00:00,1313,88
2022-09-01 17:00:00,2120,55
2022-09-01 18:00:00,1372,94
2022-09-01 19:00:00,1584,37
2022-09-01 20:00:00,1018,90
2022-09-01 21:00:00,1361,34
2022-09-01 22:00:00,2170,100
2022-09-01 23:00:00,1244,31
2022-09-02 00:00:00,525,87
2022-09-02 01:00:00,1055,44
2022-09-02 02:00:00,615,72
2022-09-02 03:00:00,483,26
2022-09-02 04:00:00,728,64
2022-09-02 05:00:00,817,32
2022-09-02 06:00:00,1035,75
2022-09-02 07:00:00,1116,33
2022-09-02 08:00:00,1369,49
2022-09-02 09:00:00,1067,31
2022-09-02 10:00:00,604,63
2022-09-02 11:00:00,2617,41
2022-09-02 12:00:00,1238,101
2022-09-02 13:00:00,1963,30
2022-09-02 14:00:00,410,20
2022-09-02 15:00:00,685,30
2022-09-02 16:00:00,3663,100
2022-09-02 17:00:00,1221,50
2022-09-02 18:00:00,1955,98
2022-09-02 19:00:00,2392,90
2022-09-02 20:00:00,1216,70
2022-09-02 21:00:00,1263,51
2022-09-02 22:00:00,1391,102
2022-09-02 23:00:00,1500,33
2022-09-03 00:00:00,620,61
2022-09-03 01:00:00,768,15
2022-09-03 02:00:00,855,68
2022-09-03 03:00:00,639,34
2022-09-03 04:00:00,473,59
2022-09-03 05:00:00,774,18
2022-09-03 06:00:00,837,67
2022-09-03 07:00:00,821,26
2022-09-03 08:00:00,1472,76
2022-09-03 09:00:00,1105,31
2022-09-03 10:00:00,712,70
2022-09-03 11:00:00,1971,37
2022-09-03 12:00:00,1296,70
2022-09-03 13:00:00,1387,34
2022-09-03 14:00:00,837,78
2022-09-03 15:00:00,1851,26
2022-09-03 16:00:00,1541,84
2022-09-03 17:00:00,1528,36
2022-09-03 18:00:00,1433,91
2022-09-03 19:00:00,1293,31
2022-09-03 20:00:00,1159,88
2022-09-03 21:00:00,934,26
2022-09-03 22:00:00,1082,81
2022-09-03 23:00:00,927,32
2022-09-04 00:00:00,588,51
2022-09-04 01:00:00,635,37
2022-09-04 02:00:00,343,50
2022-09-04 03:00:00,362,27
2022-09-04 04:00:00,466,62
2022-09-04 05:00:00,611,33
2022-09-04 06:00:00,695,58
2022-09-04 07:00:00,893,31
2022-09-04 08:00:00,838,68
2022-09-04 09:00:00,784,25
2022-09-04 10:00:00,1195,79
2022-09-04 11:00:00,833,29
2022-09-04 12:00:00,848,51
2022-09-04 13:00:00,1245,35
2022-09-04 14:00:00,845,45
2022-09-04 15:00:00,1276,62
2022-09-04 16:00:00,1267,49
2022-09-04 17:00:00,668,18
2022-09-04 18:00:00,1492,128
2022-09-04 19:00:00,927,27
2022-09-04 20:00:00,1075,62
2022-09-04 21:00:00,980,33
2022-09-04 22:00:00,714,61
2022-09-04 23:00:00,539,26
2022-09-05 00:00:00,473,33
2022-09-05 01:00:00,587,36
2022-09-05 02:00:00,517,61
2022-09-05 03:00:00,460,32
2022-09-05 04:00:00,432,78
2022-09-05 05:00:00,604,33
2022-09-05 06:00:00,633,60
2022-09-05 07:00:00,1145,37
2022-09-05 08:00:00,580,60
2022-09-05 09:00:00,1668,65
2022-09-05 10:00:00,1240,49
2022-09-05 11:00:00,1070,26
2022-09-05 12:00:00,966,66
2022-09-05 13:00:00,865,28
2022-09-05 14:00:00,590,35
2022-09-05 15:00:00,2577,70
2022-09-05 16:00:00,1858,147
2022-09-05 17:00:00,1272,37
2022-09-05 18:00:00,1080,91
2022-09-05 19:00:00,1310,31
2022-09-05 20:00:00,1017,85
2022-09-05 21:00:00,1305,31
2022-09-05 22:00:00,899,81
2022-09-05 23:00:00,689,27
2022-09-06 00:00:00,653,55
2022-09-06 01:00:00,608,33
2022-09-06 02:00:00,493,53
2022-09-06 03:00:00,517,33
2022-09-06 04:00:00,344,44
2022-09-06 05:00:00,805,39
2022-09-06 06:00:00,820,78
2022-09-06 07:00:00,1116,31
2022-09-06 08:00:00,1429,57
2022-09-06 09:00:00,1246,29
2022-09-06 10:00:00,1209,84
2022-09-06 11:00:00,1251,30
2022-09-06 12:00:00,1130,67
2022-09-06 13:00:00,1482,31
2022-09-06 14:00:00,647,60
2022-09-06 15:00:00,2258,58
2022-09-06 16:00:00,956,102
2022-09-06 17:00:00,1147,28
2022-09-06 18:00:00,2129,67
2022-09-06 19:00:00,1362,22
2022-09-06 20:00:00,1723,138
2022-09-06 21:00:00,1026,22
2022-09-06 22:00:00,1485,87
2022-09-06 23:00:00,717,26
2022-09-07 00:00:00,855,88
2022-09-07 01:00:00,529,30
2022-09-07 02:00:00,681,65
2022-09-07 03:00:00,577,30
2022-09-07 04:00:00,625,66
2022-09-07 05:00:00,712,28
2022-09-07 06:00:00,749,66
2022-09-07 07:00:00,1104,32
2022-09-07 08:00:00,1379,72
2022-09-07 09:00:00,1349,52
2022-09-07 10:00:00,874,48
2022-09-07 11:00:00,776,27
2022-09-07 12:00:00,1667,50
2022-09-07 13:00:00,1004,28
2022-09-07 14:00:00,1766,89
2022-09-07 15:00:00,1723,33
2022-09-07 16:00:00,1758,99
2022-09-07 17:00:00,1234,32
2022-09-07 18:00:00,849,84
2022-09-07 19:00:00,1355,34
2022-09-07 20:00:00,1800,88
2022-09-07 21:00:00,1148,22
2022-09-07 22:00:00,1245,95
2022-09-07 23:00:00,1032,36
2022-09-08 00:00:00,776,92
2022-09-08 01:00:00,534,27
2022-09-08 02:00:00,289,28
2022-09-08 03:00:00,755,56
2022-09-08 04:00:00,402,71
2022-09-08 05:00:00,865,30
2022-09-08 06:00:00,952,51
2022-09-08 07:00:00,1063,46
2022-09-08 08:00:00,1664,54
2022-09-08 09:00:00,1128,31
2022-09-08 10:00:00,1430,99
2022-09-08 11:00:00,977,30
2022-09-08 12:00:00,1807,75
2022-09-08 13:00:00,1472,29
2022-09-08 14:00:00,1241,99
2022-09-08 15:00:00,573,32
2022-09-08 16:00:00,2186,51
2022-09-08 17:00:00,1920,33
2022-09-08 18:00:00,1794,124
2022-09-08 19:00:00,1276,31
2022-09-08 20:00:00,691,39
2022-09-08 21:00:00,2122,84
2022-09-08 22:00:00,1006,92
2022-09-08 23:00:00,737,28
2022-09-09 00:00:00,556,66
2022-09-09 01:00:00,920,33
2022-09-09 02:00:00,628,43
2022-09-09 03:00:00,249,17
2022-09-09 04:00:00,1101,75
2022-09-09 05:00:00,788,87
2022-09-09 06:00:00,1345,42
2022-09-09 07:00:00,1143,25
2022-09-09 08:00:00,1088,70
2022-09-09 09:00:00,2354,50
2022-09-09 10:00:00,1386,104
2022-09-09 11:00:00,1571,61
2022-09-09 12:00:00,1428,42
2022-09-09 13:00:00,2235,35
2022-09-09 14:00:00,867,86
2022-09-09 15:00:00,2886,45
2022-09-09 16:00:00,1823,136
2022-09-09 17:00:00,1585,36
2022-09-09 18:00:00,1378,92
2022-09-09 19:00:00,1945,35
2022-09-09 20:00:00,1509,79
2022-09-09 21:00:00,2103,32
2022-09-09 22:00:00,1283,63
2022-09-09 23:00:00,946,28
2022-09-10 00:00:00,1221,78
2022-09-10 01:00:00,591,27
2022-09-10 02:00:00,701,81
2022-09-10 03:00:00,576,29
2022-09-10 04:00:00,624,62
2022-09-10 05:00:00,683,29
2022-09-10 06:00:00,1020,63
2022-09-10 07:00:00,895,34
2022-09-10 08:00:00,1209,41
2022-09-10 09:00:00,1654,43
2022-09-10 10:00:00,1166,86
2022-09-10 11:00:00,1099,28
2022-09-10 12:00:00,869,46
2022-09-10 13:00:00,1252,30
2022-09-10 14:00:00,1890,42
2022-09-10 15:00:00,1211,26
2022-09-10 16:00:00,498,64
2022-09-10 17:00:00,2077,99
2022-09-10 18:00:00,1096,117
2022-09-10 19:00:00,1729,53
2022-09-10 20:00:00,1569,61
2022-09-10 21:00:00,991,25
2022-09-10 22:00:00,1049,71
2022-09-10 23:00:00,614,32
2022-09-11 00:00:00,682,44
2022-09-11 01:00:00,530,32
2022-09-11 02:00:00,608,63
2022-09-11 03:00:00,422,30
2022-09-11 04:00:00,473,52
2022-09-11 05:00:00,502,29
2022-09-11 06:00:00,757,42
2022-09-11 07:00:00,701,25
2022-09-11 08:00:00,1071,64
2022-09-11 09:00:00,906,28
2022-09-11 10:00:00,946,81
2022-09-11 11:00:00,661,26
2022-09-11 12:00:00,1247,55
2022-09-11 13:00:00,995,28
2022-09-11 14:00:00,762,95
2022-09-11 15:00:00,1596,43
2022-09-11 16:00:00,1289,81
2022-09-11 17:00:00,1086,27
2022-09-11 18:00:00,881,84
2022-09-11 19:00:00,867,33
2022-09-11 20:00:00,1231,59
2022-09-11 21:00:00,1206,41
2022-09-11 22:00:00,866,111
2022-09-11 23:00:00,539,27
2022-09-12 00:00:00,379,37
2022-09-12 01:00:00,743,46
2022-09-12 02:00:00,515,49
2022-09-12 03:00:00,337,22
2022-09-12 04:00:00,296,73
2022-09-12 05:00:00,903,39
2022-09-12 06:00:00,713,58
2022-09-12 07:00:00,1199,36
2022-09-12 08:00:00,987,76
2022-09-12 09:00:00,1470,37
2022-09-12 10:00:00,1203,84
2022-09-12 11:00:00,1193,21
2022-09-12 12:00:00,1373,65
2022-09-12 13:00:00,1725,89
2022-09-12 14:00:00,1479,57
2022-09-12 15:00:00,1582,31
2022-09-12 16:00:00,920,39
2022-09-12 17:00:00,2092,83
2022-09-12 18:00:00,1891,118
2022-09-12 19:00:00,1213,26
2022-09-12 20:00:00,1597,97
2022-09-12 21:00:00,957,25
2022-09-12 22:00:00,1304,60
2022-09-12 23:00:00,563,18
2022-09-13 00:00:00,939,76
2022-09-13 01:00:00,621,33
2022-09-13 02:00:00,557,60
2022-09-13 03:00:00,507,31
2022-09-13 04:00:00,528,56
2022-09-13 05:00:00,498,30
2022-09-13 06:00:00,911,58
2022-09-13 07:00:00,873,25
2022-09-13 08:00:00,1511,81
2022-09-13 09:00:00,1504,33
2022-09-13 10:00:00,1207,97
2022-09-13 11:00:00,1398,30
2022-09-13 12:00:00,1019,67
2022-09-13 13:00:00,1195,25
2022-09-13 14:00:00,1309,76
2022-09-13 15:00:00,1652,32
2022-09-13 16:00:00,1159,43
2022-09-13 17:00:00,1837,99
2022-09-13 18:00:00,1921,92
2022-09-13 19:00:00,1612,39
2022-09-13 20:00:00,1275,94
2022-09-13 21:00:00,393,10
2022-09-13 22:00:00,617,48
2022-09-13 23:00:00,1224,63
2022-09-14 00:00:00,1131,71
2022-09-14 01:00:00,604,31
2022-09-14 02:00:00,537,55
2022-09-14 03:00:00,354,29
2022-09-14 04:00:00,388,62
2022-09-14 05:00:00,504,32
2022-09-14 06:00:00,1241,57
2022-09-14 07:00:00,1215,35
2022-09-14 08:00:00,1353,86
2022-09-14 09:00:00,783,24
2022-09-14 10:00:00,935,52
2022-09-14 11:00:00,1429,60
2022-09-14 12:00:00,1205,65
2022-09-14 13:00:00,1655,36
2022-09-14 14:00:00,1418,90
2022-09-14 15:00:00,1411,30
2022-09-14 16:00:00,1370,106
2022-09-14 17:00:00,1990,35
2022-09-14 18:00:00,1153,99
2022-09-14 19:00:00,1637,34
2022-09-14 20:00:00,0,0
2022-09-14 21:00:00,1833,106
2022-09-14 22:00:00,1746,78
2022-09-14 23:00:00,787,28
2022-09-15 00:00:00,885,87
2022-09-15 01:00:00,622,27
2022-09-15 02:00:00,639,63
2022-09-15 03:00:00,464,26
2022-09-15 04:00:00,729,59
2022-09-15 05:00:00,782,33
2022-09-15 06:00:00,752,66
2022-09-15 07:00:00,1107,29
2022-09-15 08:00:00,838,68
2022-09-15 09:00:00,1036,40
2022-09-15 10:00:00,275,36
2022-09-15 11:00:00,2864,61
2022-09-15 12:00:00,1350,80
2022-09-15 13:00:00,1098,29
2022-09-15 14:00:00,1666,76
2022-09-15 15:00:00,1842,32
2022-09-15 16:00:00,1685,107
2022-09-15 17:00:00,1410,28
2022-09-15 18:00:00,1995,87
2022-09-15 19:00:00,1225,29
2022-09-15 20:00:00,1446,71
2022-09-15 21:00:00,1158,39
2022-09-15 22:00:00,559,80
2022-09-15 23:00:00,1129,30
2022-09-16 00:00:00,948,78
2022-09-16 01:00:00,471,24
2022-09-16 02:00:00,658,62
2022-09-16 03:00:00,499,26
2022-09-16 04:00:00,776,60
2022-09-16 05:00:00,719,31
2022-09-16 06:00:00,820,81
2022-09-16 07:00:00,1046,35
2022-09-16 08:00:00,869,55
2022-09-16 09:00:00,1202,47
2022-09-16 10:00:00,1887,60
2022-09-16 11:00:00,1396,31
2022-09-16 12:00:00,1126,98
2022-09-16 13:00:00,1646,29
2022-09-16 14:00:00,1596,81
2022-09-16 15:00:00,1006,28
2022-09-16 16:00:00,1534,77
2022-09-16 17:00:00,684,36
2022-09-16 18:00:00,994,40
2022-09-16 19:00:00,1894,21
2022-09-16 20:00:00,1069,40
2022-09-16 21:00:00,1298,35
2022-09-16 22:00:00,2788,67
2022-09-16 23:00:00,1288,127
2022-09-17 00:00:00,734,122
2022-09-17 01:00:00,1154,38
2022-09-17 02:00:00,1037,108
2022-09-17 03:00:00,502,30
2022-09-17 04:00:00,581,53
2022-09-17 05:00:00,656,33
2022-09-17 06:00:00,1195,53
2022-09-17 07:00:00,1049,28
2022-09-17 08:00:00,971,60
2022-09-17 09:00:00,1261,35
2022-09-17 10:00:00,826,65
2022-09-17 11:00:00,1539,46
2022-09-17 12:00:00,1086,42
2022-09-17 13:00:00,1399,33
2022-09-17 14:00:00,1398,87
2022-09-17 15:00:00,945,21
2022-09-17 16:00:00,1830,79
2022-09-17 17:00:00,1267,28
2022-09-17 18:00:00,1245,71
2022-09-17 19:00:00,319,7
2022-09-17 20:00:00,1516,84
2022-09-17 21:00:00,1442,35
2022-09-17 22:00:00,664,66
2022-09-17 23:00:00,1024,61
2022-09-18 00:00:00,543,50
2022-09-18 01:00:00,621,29
2022-09-18 02:00:00,461,47
2022-09-18 03:00:00,444,31
2022-09-18 04:00:00,321,41
2022-09-18 05:00:00,552,34
2022-09-18 06:00:00,779,44
2022-09-18 07:00:00,834,29
2022-09-18 08:00:00,902,64
2022-09-18 09:00:00,775,25
2022-09-18 10:00:00,1073,54
2022-09-18 11:00:00,1160,34
2022-09-18 12:00:00,950,63
2022-09-18 13:00:00,912,29
2022-09-18 14:00:00,511,62
2022-09-18 15:00:00,1932,42
2022-09-18 16:00:00,1029,90
2022-09-18 17:00:00,1344,36
2022-09-18 18:00:00,780,65
2022-09-18 19:00:00,1325,33
2022-09-18 20:00:00,1075,51
2022-09-18 21:00:00,845,28
2022-09-18 22:00:00,585,70
2022-09-18 23:00:00,797,39
2022-09-19 00:00:00,495,46
2022-09-19 01:00:00,446,29
2022-09-19 02:00:00,573,61
2022-09-19 03:00:00,458,31
2022-09-19 04:00:00,559,74
2022-09-19 05:00:00,619,30
2022-09-19 06:00:00,927,70
2022-09-19 07:00:00,856,25
2022-09-19 08:00:00,1034,89
2022-09-19 09:00:00,973,23
2022-09-19 10:00:00,1164,63
2022-09-19 11:00:00,1157,31
2022-09-19 12:00:00,1487,56
2022-09-19 13:00:00,1084,29
2022-09-19 14:00:00,1434,67
2022-09-19 15:00:00,800,25
2022-09-19 16:00:00,1704,97
2022-09-19 17:00:00,1412,27
2022-09-19 18:00:00,1778,88
2022-09-19 19:00:00,957,34
2022-09-19 20:00:00,634,61
2022-09-19 21:00:00,0,0
2022-09-19 22:00:00,2042,87
2022-09-19 23:00:00,1499,34
2022-09-20 00:00:00,766,95
2022-09-20 01:00:00,610,39
2022-09-20 02:00:00,103,37
2022-09-20 03:00:00,759,46
2022-09-20 04:00:00,574,49
2022-09-20 05:00:00,800,35
2022-09-20 06:00:00,900,39
2022-09-20 07:00:00,734,24
2022-09-20 08:00:00,1466,54
2022-09-20 09:00:00,1289,34
2022-09-20 10:00:00,1214,114
2022-09-20 11:00:00,888,22
2022-09-20 12:00:00,1051,46
2022-09-20 13:00:00,1527,31
2022-09-20 14:00:00,1085,84
2022-09-20 15:00:00,1557,60
2022-09-20 16:00:00,1906,62
2022-09-20 17:00:00,1162,33
2022-09-20 18:00:00,1333,77
2022-09-20 19:00:00,1614,33
2022-09-20 20:00:00,1131,91
2022-09-20 21:00:00,612,13
2022-09-20 22:00:00,1466,83
2022-09-20 23:00:00,1017,39
2022-09-21 00:00:00,674,65
2022-09-21 01:00:00,655,34
2022-09-21 02:00:00,498,54
2022-09-21 03:00:00,458,30
2022-09-21 04:00:00,521,50
2022-09-21 05:00:00,641,31
2022-09-21 06:00:00,822,58
2022-09-21 07:00:00,1186,36
2022-09-21 08:00:00,1103,61
2022-09-21 09:00:00,1336,55
2022-09-21 10:00:00,1106,42
2022-09-21 11:00:00,1161,29
2022-09-21 12:00:00,1044,54
2022-09-21 13:00:00,1211,33
2022-09-21 14:00:00,867,41
2022-09-21 15:00:00,1712,51
2022-09-21 16:00:00,1552,83
2022-09-21 17:00:00,2511,41
2022-09-21 18:00:00,927,114
2022-09-21 19:00:00,1499,31
2022-09-21 20:00:00,1364,73
2022-09-21 21:00:00,861,44
2022-09-21 22:00:00,1294,60
2022-09-21 23:00:00,1275,30
2022-09-22 00:00:00,712,65
2022-09-22 01:00:00,603,44
2022-09-22 02:00:00,387,48
2022-09-22 03:00:00,637,38
2022-09-22 04:00:00,567,57
2022-09-22 05:00:00,658,28
2022-09-22 06:00:00,981,48
2022-09-22 07:00:00,1156,51
2022-09-22 08:00:00,1164,27
2022-09-22 09:00:00,1005,23
2022-09-22 10:00:00,1447,86
2022-09-22 11:00:00,1451,35
2022-09-22 12:00:00,819,82
2022-09-22 13:00:00,1964,37
2022-09-22 14:00:00,1328,76
2022-09-22 15:00:00,692,26
2022-09-22 16:00:00,1720,58
2022-09-22 17:00:00,1896,29
2022-09-22 18:00:00,1507,89
2022-09-22 19:00:00,886,23
2022-09-22 20:00:00,871,73
2022-09-22 21:00:00,584,23
2022-09-22 22:00:00,1483,80
2022-09-22 23:00:00,850,35
2022-09-23 00:00:00,1972,68
2022-09-23 01:00:00,516,17
2022-09-23 02:00:00,793,78
2022-09-23 03:00:00,574,32
2022-09-23 04:00:00,606,64
2022-09-23 05:00:00,542,23
2022-09-23 06:00:00,939,70
2022-09-23 07:00:00,1545,31
2022-09-23 08:00:00,680,45
2022-09-23 09:00:00,1810,75
2022-09-23 10:00:00,1370,68
2022-09-23 11:00:00,1241,28
2022-09-23 12:00:00,1178,48
2022-09-23 13:00:00,1303,28
2022-09-23 14:00:00,1935,92
2022-09-23 15:00:00,1151,23
2022-09-23 16:00:00,2237,80
2022-09-23 17:00:00,615,13
2022-09-23 18:00:00,1230,85
2022-09-23 19:00:00,508,40
2022-09-23 20:00:00,2873,71
2022-09-23 21:00:00,1652,22
2022-09-23 22:00:00,1274,107
2022-09-23 23:00:00,1328,40
2022-09-24 00:00:00,788,60
2022-09-24 01:00:00,535,23
2022-09-24 02:00:00,436,62
2022-09-24 03:00:00,612,25
2022-09-24 04:00:00,487,40
2022-09-24 05:00:00,707,33
2022-09-24 06:00:00,1117,60
2022-09-24 07:00:00,990,28
2022-09-24 08:00:00,962,66
2022-09-24 09:00:00,833,25
2022-09-24 10:00:00,1528,59
2022-09-24 11:00:00,1107,29
2022-09-24 12:00:00,1027,76
2022-09-24 13:00:00,1388,34
2022-09-24 14:00:00,1061,69
2022-09-24 15:00:00,1392,35
2022-09-24 16:00:00,1396,72
2022-09-24 17:00:00,1308,30
2022-09-24 18:00:00,1302,54
2022-09-24 19:00:00,1062,27
2022-09-24 20:00:00,439,42
2022-09-24 21:00:00,1555,57
2022-09-24 22:00:00,1263,60
2022-09-24 23:00:00,649,29
2022-09-25 00:00:00,793,52
2022-09-25 01:00:00,422,29
2022-09-25 02:00:00,383,54
2022-09-25 03:00:00,691,40
2022-09-25 04:00:00,222,30
2022-09-25 05:00:00,660,40
2022-09-25 06:00:00,838,57
2022-09-25 07:00:00,719,25
2022-09-25 08:00:00,877,44
2022-09-25 09:00:00,849,29
2022-09-25 10:00:00,1130,72
2022-09-25 11:00:00,780,27
2022-09-25 12:00:00,1021,78
2022-09-25 13:00:00,929,29
2022-09-25 14:00:00,911,112
2022-09-25 15:00:00,328,6
2022-09-25 16:00:00,1814,77
2022-09-25 17:00:00,353,13
2022-09-25 18:00:00,1433,81
2022-09-25 19:00:00,1292,30
2022-09-25 20:00:00,1173,66
2022-09-25 21:00:00,771,29
2022-09-25 22:00:00,854,49
2022-09-25 23:00:00,657,32
2022-09-26 00:00:00,473,43
2022-09-26 01:00:00,432,30
2022-09-26 02:00:00,500,39
2022-09-26 03:00:00,527,35
2022-09-26 04:00:00,381,62
2022-09-26 05:00:00,743,32
2022-09-26 06:00:00,727,27
2022-09-26 07:00:00,215,34
2022-09-26 08:00:00,1786,106
2022-09-26 09:00:00,1073,32
2022-09-26 10:00:00,1359,128
2022-09-26 11:00:00,764,22
2022-09-26 12:00:00,1589,57
2022-09-26 13:00:00,1281,27
2022-09-26 14:00:00,1524,113
2022-09-26 15:00:00,1717,40
2022-09-26 16:00:00,274,13
2022-09-26 17:00:00,2138,83
2022-09-26 18:00:00,1645,71
2022-09-26 19:00:00,1595,29
2022-09-26 20:00:00,1246,63
2022-09-26 21:00:00,1551,39
2022-09-26 22:00:00,982,69
2022-09-26 23:00:00,743,27
2022-09-27 00:00:00,792,52
2022-09-27 01:00:00,388,30
2022-09-27 02:00:00,579,60
2022-09-27 03:00:00,847,41
2022-09-27 04:00:00,251,85
2022-09-27 05:00:00,1338,51
2022-09-27 06:00:00,830,60
2022-09-27 07:00:00,892,15
2022-09-27 08:00:00,1714,49
2022-09-27 09:00:00,1344,26
2022-09-27 10:00:00,1513,127
2022-09-27 11:00:00,1343,27
2022-09-27 12:00:00,1758,76
2022-09-27 13:00:00,187,16
2022-09-27 14:00:00,1905,70
2022-09-27 15:00:00,2090,32
2022-09-27 16:00:00,1943,92
2022-09-27 17:00:00,746,23
2022-09-27 18:00:00,1720,73
2022-09-27 19:00:00,548,10
2022-09-27 20:00:00,1741,95
2022-09-27 21:00:00,2137,34
2022-09-27 22:00:00,1030,83
2022-09-27 23:00:00,612,31
2022-09-28 00:00:00,845,72
2022-09-28 01:00:00,745,34
2022-09-28 02:00:00,544,46
2022-09-28 03:00:00,452,26
2022-09-28 04:00:00,662,71
2022-09-28 05:00:00,572,27
2022-09-28 06:00:00,725,33
2022-09-28 07:00:00,1299,39
2022-09-28 08:00:00,1153,71
2022-09-28 09:00:00,914,29
2022-09-28 10:00:00,1512,33
2022-09-28 11:00:00,777,70
2022-09-28 12:00:00,1436,56
2022-09-28 13:00:00,1810,41
2022-09-28 14:00:00,896,91
2022-09-28 15:00:00,1996,40
2022-09-28 16:00:00,1619,70
2022-09-28 17:00:00,1221,30
2022-09-28 18:00:00,962,64
2022-09-28 19:00:00,2036,35
2022-09-28 20:00:00,1335,84
2022-09-28 21:00:00,1299,31
2022-09-28 22:00:00,958,64
2022-09-28 23:00:00,962,32
2022-09-29 00:00:00,763,50
2022-09-29 01:00:00,687,35
2022-09-29 02:00:00,594,64
2022-09-29 03:00:00,0,0
2022-09-29 04:00:00,956,69
2022-09-29 05:00:00,854,34
2022-09-29 06:00:00,1062,67
2022-09-29 07:00:00,1302,33
2022-09-29 08:00:00,1183,84
2022-09-29 09:00:00,1217,32
2022-09-29 10:00:00,1402,64
2022-09-29 11:00:00,714,20
2022-09-29 12:00:00,1794,68
2022-09-29 13:00:00,1635,33
2022-09-29 14:00:00,256,18
2022-09-29 15:00:00,1800,45
2022-09-29 16:00:00,1511,29
2022-09-29 17:00:00,2505,37
2022-09-29 18:00:00,656,9
2022-09-29 19:00:00,1930,240
2022-09-29 20:00:00,1112,40
2022-09-29 21:00:00,1006,30
2022-09-29 22:00:00,1839,58
2022-09-29 23:00:00,1070,39
2022-09-30 00:00:00,864,73
2022-09-30 01:00:00,611,27
2022-09-30 02:00:00,758,58
2022-09-30 03:00:00,593,28
2022-09-30 04:00:00,717,64
2022-09-30 05:00:00,858,32
2022-09-30 06:00:00,747,56
2022-09-30 07:00:00,1574,34
2022-09-30 08:00:00,1003,62
2022-09-30 09:00:00,1727,35
2022-09-30 10:00:00,1252,94
2022-09-30 11:00:00,1434,31
2022-09-30 12:00:00,1647,56
2022-09-30 13:00:00,1822,35
2022-09-30 14:00:00,1122,35
2022-09-30 15:00:00,3032,88
2022-09-30 16:00:00,1504,116
2022-09-30 17:00:00,946,22
2022-09-30 18:00:00,2351,95
2022-09-30 19:00:00,2332,33
2022-09-30 20:00:00,1396,75
2022-09-30 21:00:00,1282,26
2022-09-30 22:00:00,1109,69
2022-09-30 23:00:00,1298,38
2022-10-01 00:00:00,208,24
2022-10-01 01:00:00,1174,70
2022-10-01 02:00:00,491,53
2022-10-01 03:00:00,785,46
2022-10-01 04:00:00,582,46
2022-10-01 05:00:00,760,33
2022-10-01 06:00:00,871,47
2022-10-01 07:00:00,1318,35
2022-10-01 08:00:00,1034,58
2022-10-01 09:00:00,1116,29
2022-10-01 10:00:00,1227,62
2022-10-01 11:00:00,1025,25
2022-10-01 12:00:00,1208,53
2022-10-01 13:00:00,1265,50
2022-10-01 14:00:00,1520,40
2022-10-01 15:00:00,1480,29
2022-10-01 16:00:00,1601,107
2022-10-01 17:00:00,1168,25
2022-10-01 18:00:00,1648,87
2022-10-01 19:00:00,1210,29
2022-10-01 20:00:00,1148,64
2022-10-01 21:00:00,1087,31
2022-10-01 22:00:00,821,65
2022-10-01 23:00:00,882,32
2022-10-02 00:00:00,524,64
2022-10-02 01:00:00,679,34
2022-10-02 02:00:00,607,48
2022-10-02 03:00:00,455,29
2022-10-02 04:00:00,767,61
2022-10-02 05:00:00,366,25
2022-10-02 06:00:00,731,70
2022-10-02 07:00:00,1121,31
2022-10-02 08:00:00,914,43
2022-10-02 09:00:00,857,29
2022-10-02 10:00:00,873,64
2022-10-02 11:00:00,869,27
2022-10-02 12:00:00,1058,69
2022-10-02 13:00:00,1123,32
2022-10-02 14:00:00,1091,55
2022-10-02 15:00:00,1059,29
2022-10-02 16:00:00,721,28
2022-10-02 17:00:00,1731,48
2022-10-02 18:00:00,803,64
2022-10-02 19:00:00,1259,30
2022-10-02 20:00:00,1142,82
2022-10-02 21:00:00,774,23
2022-10-02 22:00:00,961,84
2022-10-02 23:00:00,580,28
2022-10-03 00:00:00,388,68
2022-10-03 01:00:00,696,30
2022-10-03 02:00:00,496,63
2022-10-03 03:00:00,438,32
2022-10-03 04:00:00,482,40
2022-10-03 05:00:00,675,43
2022-10-03 06:00:00,914,56
2022-10-03 07:00:00,804,27
2022-10-03 08:00:00,1505,55
2022-10-03 09:00:00,466,13
2022-10-03 10:00:00,915,45
2022-10-03 11:00:00,1334,31
2022-10-03 12:00:00,2092,100
2022-10-03 13:00:00,1465,34
2022-10-03 14:00:00,1062,72
2022-10-03 15:00:00,1717,42
2022-10-03 16:00:00,2260,116
2022-10-03 17:00:00,1081,24
2022-10-03 18:00:00,1547,84
2022-10-03 19:00:00,2338,43
2022-10-03 20:00:00,1408,79
2022-10-03 21:00:00,1237,30
2022-10-03 22:00:00,1212,70
2022-10-03 23:00:00,903,30
2022-10-04 00:00:00,849,67
2022-10-04 01:00:00,576,29
2022-10-04 02:00:00,510,42
2022-10-04 03:00:00,557,35
2022-10-04 04:00:00,364,38
2022-10-04 05:00:00,971,41
2022-10-04 06:00:00,1091,64
2022-10-04 07:00:00,781,19
2022-10-04 08:00:00,1281,69
2022-10-04 09:00:00,1998,36
2022-10-04 10:00:00,1342,97
2022-10-04 11:00:00,935,19
2022-10-04 12:00:00,1690,91
2022-10-04 13:00:00,1476,29
2022-10-04 14:00:00,1795,72
2022-10-04 15:00:00,1723,31
2022-10-04 16:00:00,1336,91
2022-10-04 17:00:00,1858,36
2022-10-04 18:00:00,1146,56
2022-10-04 19:00:00,1753,31
2022-10-04 20:00:00,1299,71
2022-10-04 21:00:00,977,36
2022-10-04 22:00:00,1613,81
2022-10-04 23:00:00,820,27
2022-10-05 00:00:00,767,58
2022-10-05 01:00:00,744,33
2022-10-05 02:00:00,622,77
2022-10-05 03:00:00,549,32
2022-10-05 04:00:00,615,50
2022-10-05 05:00:00,411,21
2022-10-05 06:00:00,1221,61
2022-10-05 07:00:00,1226,46
2022-10-05 08:00:00,1078,51
2022-10-05 09:00:00,1595,38
2022-10-05 10:00:00,982,56
2022-10-05 11:00:00,1640,38
2022-10-05 12:00:00,1323,77
2022-10-05 13:00:00,1500,34
2022-10-05 14:00:00,1589,66
2022-10-05 15:00:00,1532,32
2022-10-05 16:00:00,1234,66
2022-10-05 17:00:00,1158,36
2022-10-05 18:00:00,1540,73
2022-10-05 19:00:00,1946,42
2022-10-05 20:00:00,917,89
2022-10-05 21:00:00,943,19
2022-10-05 22:00:00,678,41
2022-10-05 23:00:00,1525,46
2022-10-06 00:00:00,995,88
2022-10-06 01:00:00,697,30
2022-10-06 02:00:00,514,50
2022-10-06 03:00:00,469,27
2022-10-06 04:00:00,848,49
2022-10-06 05:00:00,766,29
2022-10-06 06:00:00,805,82
2022-10-06 07:00:00,1438,34
2022-10-06 08:00:00,1221,56
2022-10-06 09:00:00,1182,27
2022-10-06 10:00:00,1132,62
2022-10-06 11:00:00,1485,35
2022-10-06 12:00:00,1509,76
2022-10-06 13:00:00,896,22
2022-10-06 14:00:00,2153,85
2022-10-06 15:00:00,946,29
2022-10-06 16:00:00,1789,93
2022-10-06 17:00:00,1398,37
2022-10-06 18:00:00,1790,184
2022-10-06 19:00:00,1280,33
2022-10-06 20:00:00,1226,87
2022-10-06 21:00:00,1460,32
2022-10-06 22:00:00,980,74
2022-10-06 23:00:00,790,30
2022-10-07 00:00:00,480,45
2022-10-07 01:00:00,868,39
2022-10-07 02:00:00,259,38
2022-10-07 03:00:00,641,40
2022-10-07 04:00:00,722,52
2022-10-07 05:00:00,423,27
2022-10-07 06:00:00,691,49
2022-10-07 07:00:00,1501,43
2022-10-07 08:00:00,1268,69
2022-10-07 09:00:00,1429,37
2022-10-07 10:00:00,1267,71
2022-10-07 11:00:00,1310,30
2022-10-07 12:00:00,1691,66
2022-10-07 13:00:00,1486,29
2022-10-07 14:00:00,1756,103
2022-10-07 15:00:00,1521,29
2022-10-07 16:00:00,1416,70
2022-10-07 17:00:00,1632,30
2022-10-07 18:00:00,1329,83
2022-10-07 19:00:00,1616,34
2022-10-07 20:00:00,1591,77
2022-10-07 21:00:00,1505,34
2022-10-07 22:00:00,1096,90
2022-10-07 23:00:00,857,29
2022-10-08 00:00:00,650,51
2022-10-08 01:00:00,718,33
2022-10-08 02:00:00,514,46
2022-10-08 03:00:00,634,49
2022-10-08 04:00:00,475,40
2022-10-08 05:00:00,745,32
2022-10-08 06:00:00,745,44
2022-10-08 07:00:00,1068,29
2022-10-08 08:00:00,1323,62
2022-10-08 09:00:00,977,27
2022-10-08 10:00:00,1285,65
2022-10-08 11:00:00,1060,29
2022-10-08 12:00:00,1337,69
2022-10-08 13:00:00,881,22
2022-10-08 14:00:00,1635,95
2022-10-08 15:00:00,1355,30
2022-10-08 16:00:00,846,57
2022-10-08 17:00:00,1505,36
2022-10-08 18:00:00,1515,77
2022-10-08 19:00:00,1078,27
2022-10-08 20:00:00,1375,62
2022-10-08 21:00:00,1028,31
2022-10-08 22:00:00,965,70
2022-10-08 23:00:00,751,26
2022-10-09 00:00:00,651,55
2022-10-09 01:00:00,784,39
2022-10-09 02:00:00,506,38
2022-10-09 03:00:00,434,33
2022-10-09 04:00:00,385,56
2022-10-09 05:00:00,392,26
2022-10-09 06:00:00,668,44
2022-10-09 07:00:00,603,24
2022-10-09 08:00:00,1135,61
2022-10-09 09:00:00,880,31
2022-10-09 10:00:00,1014,57
2022-10-09 11:00:00,858,29
2022-10-09 12:00:00,498,47
2022-10-09 13:00:00,1454,49
2022-10-09 14:00:00,1064,64
2022-10-09 15:00:00,1180,32
2022-10-09 16:00:00,1275,125
2022-10-09 17:00:00,608,16
2022-10-09 18:00:00,1503,49
2022-10-09 19:00:00,1015,32
2022-10-09 20:00:00,1327,64
2022-10-09 21:00:00,908,31
2022-10-09 22:00:00,392,28
2022-10-09 23:00:00,598,71
2022-10-10 00:00:00,666,59
2022-10-10 01:00:00,290,18
2022-10-10 02:00:00,558,60
2022-10-10 03:00:00,312,26
2022-10-10 04:00:00,545,52
2022-10-10 05:00:00,493,28
2022-10-10 06:00:00,814,56
2022-10-10 07:00:00,541,18
2022-10-10 08:00:00,1802,59
2022-10-10 09:00:00,1062,85
2022-10-10 10:00:00,1515,43
2022-10-10 11:00:00,1083,27
2022-10-10 12:00:00,1213,92
2022-10-10 13:00:00,1300,29
2022-10-10 14:00:00,1345,71
2022-10-10 15:00:00,1542,31
2022-10-10 16:00:00,1107,84
2022-10-10 17:00:00,1574,30
2022-10-10 18:00:00,1318,74
2022-10-10 19:00:00,1200,31
2022-10-10 20:00:00,1289,54
2022-10-10 21:00:00,969,30
2022-10-10 22:00:00,678,71
2022-10-10 23:00:00,855,38
2022-10-11 00:00:00,580,58
2022-10-11 01:00:00,580,29
2022-10-11 02:00:00,609,54
2022-10-11 03:00:00,418,28
2022-10-11 04:00:00,464,54
2022-10-11 05:00:00,391,22
2022-10-11 06:00:00,625,75
2022-10-11 07:00:00,1289,62
2022-10-11 08:00:00,1354,53
2022-10-11 09:00:00,949,27
2022-10-11 10:00:00,1336,65
2022-10-11 11:00:00,598,22
2022-10-11 12:00:00,1935,69
2022-10-11 13:00:00,998,31
2022-10-11 14:00:00,1576,82
2022-10-11 15:00:00,1602,36
2022-10-11 16:00:00,976,84
2022-10-11 17:00:00,1737,26
2022-10-11 18:00:00,1178,68
2022-10-11 19:00:00,1155,28
2022-10-11 20:00:00,856,63
2022-10-11 21:00:00,2030,49
2022-10-11 22:00:00,1015,74
2022-10-11 23:00:00,756,27
2022-10-12 00:00:00,127,29
2022-10-12 01:00:00,1140,68
2022-10-12 02:00:00,575,49
2022-10-12 03:00:00,613,35
2022-10-12 04:00:00,418,45
2022-10-12 05:00:00,811,36
2022-10-12 06:00:00,910,49
2022-10-12 07:00:00,1033,28
2022-10-12 08:00:00,1184,76
2022-10-12 09:00:00,765,32
2022-10-12 10:00:00,1683,75
2022-10-12 11:00:00,661,17
2022-10-12 12:00:00,1373,81
2022-10-12 13:00:00,1227,29
2022-10-12 14:00:00,1554,70
2022-10-12 15:00:00,1637,28
2022-10-12 16:00:00,1447,37
2022-10-12 17:00:00,1742,82
2022-10-12 18:00:00,1113,61
2022-10-12 19:00:00,1759,40
2022-10-12 20:00:00,877,74
2022-10-12 21:00:00,306,15
2022-10-12 22:00:00,548,40
2022-10-12 23:00:00,1659,56
2022-10-13 00:00:00,1179,59
2022-10-13 01:00:00,584,27
2022-10-13 02:00:00,151,28
2022-10-13 03:00:00,940,83
2022-10-13 04:00:00,571,58
2022-10-13 05:00:00,671,33
2022-10-13 06:00:00,685,52
2022-10-13 07:00:00,1496,42
2022-10-13 08:00:00,802,30
2022-10-13 09:00:00,1246,69
2022-10-13 10:00:00,1166,63
2022-10-13 11:00:00,646,28
2022-10-13 12:00:00,1919,75
2022-10-13 13:00:00,1739,30
2022-10-13 14:00:00,1375,95
2022-10-13 15:00:00,1114,35
2022-10-13 16:00:00,2283,73
2022-10-13 17:00:00,1564,25
2022-10-13 18:00:00,1913,86
2022-10-13 19:00:00,1849,32
2022-10-13 20:00:00,1399,94
2022-10-13 21:00:00,1228,38
2022-10-13 22:00:00,882,46
2022-10-13 23:00:00,1366,62
2022-10-14 00:00:00,833,61
2022-10-14 01:00:00,674,31
2022-10-14 02:00:00,587,47
2022-10-14 03:00:00,770,38
2022-10-14 04:00:00,673,74
2022-10-14 05:00:00,917,30
2022-10-14 06:00:00,978,51
2022-10-14 07:00:00,1273,37
2022-10-14 08:00:00,1309,67
2022-10-14 09:00:00,625,38
2022-10-14 10:00:00,2306,54
2022-10-14 11:00:00,928,21
2022-10-14 12:00:00,2152,90
2022-10-14 13:00:00,1703,32
2022-10-14 14:00:00,1970,100
2022-10-14 15:00:00,1295,30
2022-10-14 16:00:00,1760,85
2022-10-14 17:00:00,1595,33
2022-10-14 18:00:00,1425,68
2022-10-14 19:00:00,1859,32
2022-10-14 20:00:00,1194,72
2022-10-14 21:00:00,752,14
2022-10-14 22:00:00,2365,93
2022-10-14 23:00:00,872,27
2022-10-15 00:00:00,765,60
2022-10-15 01:00:00,783,37
2022-10-15 02:00:00,518,61
2022-10-15 03:00:00,433,27
2022-10-15 04:00:00,399,31
2022-10-15 05:00:00,819,38
2022-10-15 06:00:00,816,68
2022-10-15 07:00:00,1080,23
2022-10-15 08:00:00,1370,62
2022-10-15 09:00:00,1250,29
2022-10-15 10:00:00,886,73
2022-10-15 11:00:00,1533,29
2022-10-15 12:00:00,956,54
2022-10-15 13:00:00,1416,29
2022-10-15 14:00:00,1202,81
2022-10-15 15:00:00,1312,34
2022-10-15 16:00:00,1553,61
2022-10-15 17:00:00,1533,34
2022-10-15 18:00:00,1149,71
2022-10-15 19:00:00,1263,32
2022-10-15 20:00:00,1095,72
2022-10-15 21:00:00,1017,28
2022-10-15 22:00:00,906,36
2022-10-15 23:00:00,980,38
2022-10-16 00:00:00,487,61
2022-10-16 01:00:00,685,34
2022-10-16 02:00:00,695,44
2022-10-16 03:00:00,306,22
2022-10-16 04:00:00,556,56
2022-10-16 05:00:00,567,29
2022-10-16 06:00:00,717,52
2022-10-16 07:00:00,852,29
2022-10-16 08:00:00,984,61
2022-10-16 09:00:00,921,32
2022-10-16 10:00:00,692,64
2022-10-16 11:00:00,908,34
2022-10-16 12:00:00,486,51
2022-10-16 13:00:00,1392,32
2022-10-16 14:00:00,1164,68
2022-10-16 15:00:00,1102,29
2022-10-16 16:00:00,667,59
2022-10-16 17:00:00,1479,57
2022-10-16 18:00:00,882,86
2022-10-16 19:00:00,841,32
2022-10-16 20:00:00,847,56
2022-10-16 21:00:00,1058,33
2022-10-16 22:00:00,1027,59
2022-10-16 23:00:00,787,39
2022-10-17 00:00:00,660,54
2022-10-17 01:00:00,452,29
2022-10-17 02:00:00,429,63
2022-10-17 03:00:00,425,29
2022-10-17 04:00:00,466,51
2022-10-17 05:00:00,627,31
2022-10-17 06:00:00,831,49
2022-10-17 07:00:00,306,11
2022-10-17 08:00:00,934,73
2022-10-17 09:00:00,2007,34
2022-10-17 10:00:00,532,62
2022-10-17 11:00:00,1719,42
2022-10-17 12:00:00,1208,74
2022-10-17 13:00:00,642,32
2022-10-17 14:00:00,2534,72
2022-10-17 15:00:00,1889,39
2022-10-17 16:00:00,961,93
2022-10-17 17:00:00,756,25
2022-10-17 18:00:00,1191,51
2022-10-17 19:00:00,1559,31
2022-10-17 20:00:00,2452,94
2022-10-17 21:00:00,821,27
2022-10-17 22:00:00,1390,88
2022-10-17 23:00:00,706,29
2022-10-18 00:00:00,734,50
2022-10-18 01:00:00,498,26
2022-10-18 02:00:00,648,67
2022-10-18 03:00:00,430,26
2022-10-18 04:00:00,656,59
2022-10-18 05:00:00,742,31
2022-10-18 06:00:00,772,91
2022-10-18 07:00:00,1349,36
2022-10-18 08:00:00,654,47
2022-10-18 09:00:00,1142,42
2022-10-18 10:00:00,1212,56
2022-10-18 11:00:00,1430,30
2022-10-18 12:00:00,1141,75
2022-10-18 13:00:00,1214,35
2022-10-18 14:00:00,594,40
2022-10-18 15:00:00,1677,72
2022-10-18 16:00:00,2017,64
2022-10-18 17:00:00,1995,36
2022-10-18 18:00:00,1091,88
2022-10-18 19:00:00,1165,33
2022-10-18 20:00:00,1548,60
2022-10-18 21:00:00,768,30
2022-10-18 22:00:00,1313,81
2022-10-18 23:00:00,943,28
2022-10-19 00:00:00,384,57
2022-10-19 01:00:00,646,31
2022-10-19 02:00:00,418,49
2022-10-19 03:00:00,579,34
2022-10-19 04:00:00,291,60
2022-10-19 05:00:00,980,40
2022-10-19 06:00:00,773,38
2022-10-19 07:00:00,1139,33
2022-10-19 08:00:00,1298,63
2022-10-19 09:00:00,943,24
2022-10-19 10:00:00,1282,81
2022-10-19 11:00:00,938,24
2022-10-19 12:00:00,1390,58
2022-10-19 13:00:00,1158,27
2022-10-19 14:00:00,815,60
2022-10-19 15:00:00,2489,52
2022-10-19 16:00:00,1095,96
2022-10-19 17:00:00,1692,30
2022-10-19 18:00:00,611,36
2022-10-19 19:00:00,1945,61
2022-10-19 20:00:00,1088,54
2022-10-19 21:00:00,1244,42
2022-10-19 22:00:00,1287,55
2022-10-19 23:00:00,723,59
2022-10-20 00:00:00,810,83
2022-10-20 01:00:00,339,16
2022-10-20 02:00:00,728,75
2022-10-20 03:00:00,421,26
2022-10-20 04:00:00,537,60
2022-10-20 05:00:00,811,31
2022-10-20 06:00:00,907,65
2022-10-20 07:00:00,1208,32
2022-10-20 08:00:00,908,58
2022-10-20 09:00:00,719,33
2022-10-20 10:00:00,763,48
2022-10-20 11:00:00,2291,31
2022-10-20 12:00:00,1022,75
2022-10-20 13:00:00,1591,31
2022-10-20 14:00:00,1560,59
2022-10-20 15:00:00,1501,34
2022-10-20 16:00:00,1090,76
2022-10-20 17:00:00,1672,37
2022-10-20 18:00:00,1167,81
2022-10-20 19:00:00,1500,28
2022-10-20 20:00:00,1335,67
2022-10-20 21:00:00,1157,31
2022-10-20 22:00:00,1034,76
2022-10-20 23:00:00,486,17
2022-10-21 00:00:00,1108,86
2022-10-21 01:00:00,531,27
2022-10-21 02:00:00,640,33
2022-10-21 03:00:00,441,61
2022-10-21 04:00:00,393,30
2022-10-21 05:00:00,924,48
2022-10-21 06:00:00,921,45
2022-10-21 07:00:00,837,46
2022-10-21 08:00:00,1823,51
2022-10-21 09:00:00,1199,27
2022-10-21 10:00:00,1499,91
2022-10-21 11:00:00,1311,31
2022-10-21 12:00:00,1369,55
2022-10-21 13:00:00,1466,33
2022-10-21 14:00:00,1041,69
2022-10-21 15:00:00,1916,38
2022-10-21 16:00:00,1852,89
2022-10-21 17:00:00,1698,32
2022-10-21 18:00:00,1710,94
2022-10-21 19:00:00,746,16
2022-10-21 20:00:00,837,59
2022-10-21 21:00:00,1553,27
2022-10-21 22:00:00,680,63
2022-10-21 23:00:00,1835,49
2022-10-22 00:00:00,863,72
2022-10-22 01:00:00,599,31
2022-10-22 02:00:00,606,48
2022-10-22 03:00:00,402,24
2022-10-22 04:00:00,339,64
2022-10-22 05:00:00,854,34
2022-10-22 06:00:00,982,64
2022-10-22 07:00:00,1048,31
2022-10-22 08:00:00,1241,56
2022-10-22 09:00:00,1207,32
2022-10-22 10:00:00,938,80
2022-10-22 11:00:00,1312,35
2022-10-22 12:00:00,1041,49
2022-10-22 13:00:00,727,20
2022-10-22 14:00:00,1660,56
2022-10-22 15:00:00,1199,32
2022-10-22 16:00:00,1366,67
2022-10-22 17:00:00,1334,32
2022-10-22 18:00:00,1141,58
2022-10-22 19:00:00,1054,27
2022-10-22 20:00:00,0,0
2022-10-22 21:00:00,1314,85
2022-10-22 22:00:00,1556,55
2022-10-22 23:00:00,646,26
2022-10-23 00:00:00,631,58
2022-10-23 01:00:00,653,33
2022-10-23 02:00:00,430,47
2022-10-23 03:00:00,448,35
2022-10-23 04:00:00,242,44
2022-10-23 05:00:00,777,37
2022-10-23 06:00:00,662,57
2022-10-23 07:00:00,852,35
2022-10-23 08:00:00,673,55
2022-10-23 09:00:00,917,34
2022-10-23 10:00:00,859,52
2022-10-23 11:00:00,552,30
2022-10-23 12:00:00,1021,50
2022-10-23 13:00:00,1112,34
2022-10-23 14:00:00,940,63
2022-10-23 15:00:00,410,34
2022-10-23 16:00:00,1758,38
2022-10-23 17:00:00,1014,27
2022-10-23 18:00:00,1206,73
2022-10-23 19:00:00,744,30
2022-10-23 20:00:00,712,64
2022-10-23 21:00:00,740,17
2022-10-23 22:00:00,1008,121
2022-10-23 23:00:00,1458,35
2022-10-24 00:00:00,584,81
2022-10-24 01:00:00,680,37
2022-10-24 02:00:00,449,43
2022-10-24 03:00:00,450,31
2022-10-24 04:00:00,444,48
2022-10-24 05:00:00,491,47
2022-10-24 06:00:00,460,39
2022-10-24 07:00:00,1494,30
2022-10-24 08:00:00,618,88
2022-10-24 09:00:00,1075,32
2022-10-24 10:00:00,1820,65
2022-10-24 11:00:00,884,22
2022-10-24 12:00:00,571,65
2022-10-24 13:00:00,1281,47
2022-10-24 14:00:00,1472,54
2022-10-24 15:00:00,1959,34
2022-10-24 16:00:00,1413,92
2022-10-24 17:00:00,602,12
2022-10-24 18:00:00,1943,93
2022-10-24 19:00:00,900,23
2022-10-24 20:00:00,1380,62
2022-10-24 21:00:00,1637,38
2022-10-24 22:00:00,922,97
2022-10-24 23:00:00,705,34
2022-10-25 00:00:00,762,55
2022-10-25 01:00:00,508,28
2022-10-25 02:00:00,498,54
2022-10-25 03:00:00,497,25
2022-10-25 04:00:00,533,63
2022-10-25 05:00:00,444,28
2022-10-25 06:00:00,1183,46
2022-10-25 07:00:00,873,34
2022-10-25 08:00:00,768,81
2022-10-25 09:00:00,1622,51
2022-10-25 10:00:00,764,44
2022-10-25 11:00:00,1452,21
2022-10-25 12:00:00,1393,59
2022-10-25 13:00:00,515,29
2022-10-25 14:00:00,0,0
2022-10-25 15:00:00,272,28
2022-10-25 16:00:00,2089,66
2022-10-25 17:00:00,2179,43
2022-10-25 18:00:00,1124,45
2022-10-25 19:00:00,1100,31
2022-10-25 20:00:00,1444,47
2022-10-25 21:00:00,1201,38
2022-10-25 22:00:00,1405,111
2022-10-25 23:00:00,2072,95
2022-10-26 00:00:00,2074,104
2022-10-26 01:00:00,592,18
2022-10-26 02:00:00,734,75
2022-10-26 03:00:00,675,43
2022-10-26 04:00:00,749,44
2022-10-26 05:00:00,927,34
2022-10-26 06:00:00,1149,91
2022-10-26 07:00:00,1222,32
2022-10-26 08:00:00,1253,68
2022-10-26 09:00:00,1039,21
2022-10-26 10:00:00,1564,76
2022-10-26 11:00:00,1454,27
2022-10-26 12:00:00,1214,66
2022-10-26 13:00:00,721,31
2022-10-26 14:00:00,2065,63
2022-10-26 15:00:00,1119,34
2022-10-26 16:00:00,1583,68
2022-10-26 17:00:00,2257,40
2022-10-26 18:00:00,2517,111
2022-10-26 19:00:00,1669,38
2022-10-26 20:00:00,1797,94
2022-10-26 21:00:00,1345,26
2022-10-26 22:00:00,1109,43
2022-10-26 23:00:00,923,35
2022-10-27 00:00:00,467,75
2022-10-27 01:00:00,791,35
2022-10-27 02:00:00,620,52
2022-10-27 03:00:00,496,30
2022-10-27 04:00:00,567,48
2022-10-27 05:00:00,617,26
2022-10-27 06:00:00,1239,72
2022-10-27 07:00:00,1174,32
2022-10-27 08:00:00,1297,70
2022-10-27 09:00:00,772,20
2022-10-27 10:00:00,1529,57
2022-10-27 11:00:00,379,27
2022-10-27 12:00:00,1610,54
2022-10-27 13:00:00,890,28
2022-10-27 14:00:00,901,62
2022-10-27 15:00:00,738,23
2022-10-27 16:00:00,3239,93
2022-10-27 17:00:00,1968,29
2022-10-27 18:00:00,1702,107
2022-10-27 19:00:00,1196,23
2022-10-27 20:00:00,1162,65
2022-10-27 21:00:00,1157,59
2022-10-27 22:00:00,1437,64
2022-10-27 23:00:00,854,38
2022-10-28 00:00:00,768,72
2022-10-28 01:00:00,501,23
2022-10-28 02:00:00,619,48
2022-10-28 03:00:00,525,28
2022-10-28 04:00:00,974,65
2022-10-28 05:00:00,867,29
2022-10-28 06:00:00,964,72
2022-10-28 07:00:00,1466,58
2022-10-28 08:00:00,1100,39
2022-10-28 09:00:00,1820,35
2022-10-28 10:00:00,1191,66
2022-10-28 11:00:00,1609,33
2022-10-28 12:00:00,674,42
2022-10-28 13:00:00,1561,41
2022-10-28 14:00:00,1707,73
2022-10-28 15:00:00,2182,31
2022-10-28 16:00:00,2237,80
2022-10-28 17:00:00,1347,14
2022-10-28 18:00:00,4423,122
2022-10-28 19:00:00,2148,32
2022-10-28 20:00:00,1473,98
2022-10-28 21:00:00,772,20
2022-10-28 22:00:00,976,48
2022-10-28 23:00:00,1509,61
2022-10-29 00:00:00,780,88
2022-10-29 01:00:00,736,35
2022-10-29 02:00:00,578,45
2022-10-29 03:00:00,292,26
2022-10-29 04:00:00,1025,41
2022-10-29 05:00:00,674,26
2022-10-29 06:00:00,974,85
2022-10-29 07:00:00,1150,31
2022-10-29 08:00:00,1685,57
2022-10-29 09:00:00,1295,30
2022-10-29 10:00:00,1223,64
2022-10-29 11:00:00,1134,30
2022-10-29 12:00:00,1306,77
2022-10-29 13:00:00,1149,25
2022-10-29 14:00:00,1474,80
2022-10-29 15:00:00,880,36
2022-10-29 16:00:00,1440,47
2022-10-29 17:00:00,1344,48
2022-10-29 18:00:00,1346,84
2022-10-29 19:00:00,1616,30
2022-10-29 20:00:00,1237,66
2022-10-29 21:00:00,1296,43
2022-10-29 22:00:00,960,38
2022-10-29 23:00:00,986,36
2022-10-30 00:00:00,697,53
2022-10-30 01:00:00,547,24
2022-10-30 02:00:00,527,56
2022-10-30 03:00:00,498,31
2022-10-30 04:00:00,504,56
2022-10-30 05:00:00,278,17
2022-10-30 06:00:00,594,64
2022-10-30 07:00:00,1404,39
2022-10-30 08:00:00,624,39
2022-10-30 09:00:00,1262,43
2022-10-30 10:00:00,872,77
2022-10-30 11:00:00,1172,34
2022-10-30 12:00:00,433,52
2022-10-30 13:00:00,1032,32
2022-10-30 14:00:00,535,35
2022-10-30 15:00:00,1405,36
2022-10-30 16:00:00,1711,113
2022-10-30 17:00:00,1192,26
2022-10-30 18:00:00,1012,68
2022-10-30 19:00:00,1328,29
2022-10-30 20:00:00,1401,57
2022-10-30 21:00:00,706,25
2022-10-30 22:00:00,949,69
2022-10-30 23:00:00,722,31
2022-10-31 00:00:00,610,56
2022-10-31 01:00:00,412,25
2022-10-31 02:00:00,568,51
2022-10-31 03:00:00,544,33
2022-10-31 04:00:00,389,50
2022-10-31 05:00:00,1068,46
2022-10-31 06:00:00,1193,59
2022-10-31 07:00:00,931,23
2022-10-31 08:00:00,1186,69
2022-10-31 09:00:00,2418,62
2022-10-31 10:00:00,1032,52
2022-10-31 11:00:00,1855,47
2022-10-31 12:00:00,1273,114
2022-10-31 13:00:00,1494,32
2022-10-31 14:00:00,2042,110
2022-10-31 15:00:00,1727,32
2022-10-31 16:00:00,1661,99
2022-10-31 17:00:00,1452,27
2022-10-31 18:00:00,1457,80
2022-10-31 19:00:00,1716,34
2022-10-31 20:00:00,1470,76
2022-10-31 21:00:00,1215,34
2022-10-31 22:00:00,1233,85
2022-10-31 23:00:00,871,31
2022-11-01 00:00:00,387,46
2022-11-01 01:00:00,252,30
2022-11-01 02:00:00,488,26
2022-11-01 03:00:00,1092,48
2022-11-01 04:00:00,570,65
2022-11-01 05:00:00,906,39
2022-11-01 06:00:00,1131,61
2022-11-01 07:00:00,1130,28
2022-11-01 08:00:00,1003,73
2022-11-01 09:00:00,1413,34
2022-11-01 10:00:00,1582,99
2022-11-01 11:00:00,707,18
2022-11-01 12:00:00,1738,70
2022-11-01 13:00:00,1211,31
2022-11-01 14:00:00,1268,58
2022-11-01 15:00:00,775,23
2022-11-01 16:00:00,2412,72
2022-11-01 17:00:00,1854,34
2022-11-01 18:00:00,1157,109
2022-11-01 19:00:00,1813,30
2022-11-01 20:00:00,1370,55
2022-11-01 21:00:00,892,16
2022-11-01 22:00:00,1700,79
2022-11-01 23:00:00,968,43
2022-11-02 00:00:00,825,99
2022-11-02 01:00:00,438,26
2022-11-02 02:00:00,591,56
2022-11-02 03:00:00,590,32
2022-11-02 04:00:00,706,74
2022-11-02 05:00:00,535,23
2022-11-02 06:00:00,1218,56
2022-11-02 07:00:00,1026,30
2022-11-02 08:00:00,1164,54
2022-11-02 09:00:00,685,18
2022-11-02 10:00:00,706,41
2022-11-02 11:00:00,1500,68
2022-11-02 12:00:00,1435,56
2022-11-02 13:00:00,1700,32
2022-11-02 14:00:00,2103,87
2022-11-02 15:00:00,1479,30
2022-11-02 16:00:00,189,15
2022-11-02 17:00:00,573,32
2022-11-02 18:00:00,1152,43
2022-11-02 19:00:00,2107,37
2022-11-02 20:00:00,1370,36
2022-11-02 21:00:00,2194,76
2022-11-02 22:00:00,0,0
2022-11-02 23:00:00,1945,133
2022-11-03 00:00:00,1221,123
2022-11-03 01:00:00,899,37
2022-11-03 02:00:00,787,78
2022-11-03 03:00:00,607,60
2022-11-03 04:00:00,607,30
2022-11-03 05:00:00,576,23
2022-11-03 06:00:00,1335,60
2022-11-03 07:00:00,1156,30
2022-11-03 08:00:00,798,51
2022-11-03 09:00:00,1483,63
2022-11-03 10:00:00,1314,34
2022-11-03 11:00:00,1222,27
2022-11-03 12:00:00,1393,85
2022-11-03 13:00:00,1520,33
2022-11-03 14:00:00,654,33
2022-11-03 15:00:00,2762,75
2022-11-03 16:00:00,1455,91
2022-11-03 17:00:00,1875,45
2022-11-03 18:00:00,1802,66
2022-11-03 19:00:00,1293,26
2022-11-03 20:00:00,1145,71
2022-11-03 21:00:00,1351,36
2022-11-03 22:00:00,1005,59
2022-11-03 23:00:00,1078,32
2022-11-04 00:00:00,610,48
2022-11-04 01:00:00,1036,53
2022-11-04 02:00:00,639,74
2022-11-04 03:00:00,574,32
2022-11-04 04:00:00,667,55
2022-11-04 05:00:00,761,30
2022-11-04 06:00:00,1174,67
2022-11-04 07:00:00,1416,33
2022-11-04 08:00:00,1157,87
2022-11-04 09:00:00,1446,32
2022-11-04 10:00:00,1067,68
2022-11-04 11:00:00,1655,35
2022-11-04 12:00:00,967,39
2022-11-04 13:00:00,1641,47
2022-11-04 14:00:00,1314,66
2022-11-04 15:00:00,336,12
2022-11-04 16:00:00,2242,58
2022-11-04 17:00:00,2117,35
2022-11-04 18:00:00,2602,124
2022-11-04 19:00:00,654,37
2022-11-04 20:00:00,1916,41
2022-11-04 21:00:00,2150,59
2022-11-04 22:00:00,1884,86
2022-11-04 23:00:00,1272,29
2022-11-05 00:00:00,1147,77
2022-11-05 01:00:00,701,32
2022-11-05 02:00:00,569,55
2022-11-05 03:00:00,736,43
2022-11-05 04:00:00,643,60
2022-11-05 05:00:00,226,9
2022-11-05 06:00:00,1703,73
2022-11-05 07:00:00,899,24
2022-11-05 08:00:00,1607,78
2022-11-05 09:00:00,1302,32
2022-11-05 10:00:00,1121,82
2022-11-05 11:00:00,1318,31
2022-11-05 12:00:00,1145,55
2022-11-05 13:00:00,1617,33
2022-11-05 14:00:00,939,64
2022-11-05 15:00:00,1680,34
2022-11-05 16:00:00,1538,78
2022-11-05 17:00:00,1009,27
2022-11-05 18:00:00,1160,73
2022-11-05 19:00:00,1486,23
2022-11-05 20:00:00,1516,76
2022-11-05 21:00:00,880,25
2022-11-05 22:00:00,773,45
2022-11-05 23:00:00,1135,37
2022-11-06 00:00:00,667,51
2022-11-06 01:00:00,654,31
2022-11-06 02:00:00,559,42
2022-11-06 03:00:00,592,27
2022-11-06 04:00:00,589,64
2022-11-06 05:00:00,611,32
2022-11-06 06:00:00,733,59
2022-11-06 07:00:00,1008,33
2022-11-06 08:00:00,941,72
2022-11-06 09:00:00,652,23
2022-11-06 10:00:00,843,53
2022-11-06 11:00:00,1230,41
2022-11-06 12:00:00,753,50
2022-11-06 13:00:00,1034,31
2022-11-06 14:00:00,601,37
2022-11-06 15:00:00,1502,36
2022-11-06 16:00:00,447,68
2022-11-06 17:00:00,2043,34
2022-11-06 18:00:00,1197,64
2022-11-06 19:00:00,913,24
2022-11-06 20:00:00,842,109
2022-11-06 21:00:00,1197,42
2022-11-06 22:00:00,1213,55
2022-11-06 23:00:00,903,37
2022-11-07 00:00:00,904,80
2022-11-07 01:00:00,562,31
2022-11-07 02:00:00,459,60
2022-11-07 03:00:00,424,28
2022-11-07 04:00:00,695,104
2022-11-07 05:00:00,678,32
2022-11-07 06:00:00,512,67
2022-11-07 07:00:00,1074,63
2022-11-07 08:00:00,1513,65
2022-11-07 09:00:00,1406,74
2022-11-07 10:00:00,1294,60
2022-11-07 11:00:00,1189,30
2022-11-07 12:00:00,822,65
2022-11-07 13:00:00,1628,50
2022-11-07 14:00:00,1595,60
2022-11-07 15:00:00,1507,34
2022-11-07 16:00:00,1553,96
2022-11-07 17:00:00,1675,40
2022-11-07 18:00:00,1352,69
2022-11-07 19:00:00,0,0
2022-11-07 20:00:00,263,14
2022-11-07 21:00:00,2631,77
2022-11-07 22:00:00,987,46
2022-11-07 23:00:00,1503,69
2022-11-08 00:00:00,1106,90
2022-11-08 01:00:00,661,30
2022-11-08 02:00:00,676,83
2022-11-08 03:00:00,550,25
2022-11-08 04:00:00,838,57
2022-11-08 05:00:00,575,20
2022-11-08 06:00:00,1724,116
2022-11-08 07:00:00,1211,28
2022-11-08 08:00:00,1354,90
2022-11-08 09:00:00,866,20
2022-11-08 10:00:00,1392,60
2022-11-08 11:00:00,401,15
2022-11-08 12:00:00,1456,67
2022-11-08 13:00:00,1489,29
2022-11-08 14:00:00,2040,90
2022-11-08 15:00:00,1011,24
2022-11-08 16:00:00,1703,74
2022-11-08 17:00:00,1705,60
2022-11-08 18:00:00,2066,89
2022-11-08 19:00:00,1806,33
2022-11-08 20:00:00,514,95
2022-11-08 21:00:00,2076,66
2022-11-08 22:00:00,1561,96
2022-11-08 23:00:00,965,28
2022-11-09 00:00:00,880,83
2022-11-09 01:00:00,592,30
2022-11-09 02:00:00,655,50
2022-11-09 03:00:00,634,27
2022-11-09 04:00:00,571,62
2022-11-09 05:00:00,672,31
2022-11-09 06:00:00,740,74
2022-11-09 07:00:00,1145,36
2022-11-09 08:00:00,1198,86
2022-11-09 09:00:00,2014,30
2022-11-09 10:00:00,1738,93
2022-11-09 11:00:00,1386,34
2022-11-09 12:00:00,1453,95
2022-11-09 13:00:00,1311,37
2022-11-09 14:00:00,1766,83
2022-11-09 15:00:00,1391,29
2022-11-09 16:00:00,1752,99
2022-11-09 17:00:00,1187,30
2022-11-09 18:00:00,2006,73
2022-11-09 19:00:00,1249,34
2022-11-09 20:00:00,1197,46
2022-11-09 21:00:00,1624,80
2022-11-09 22:00:00,2372,83
2022-11-09 23:00:00,1818,110
2022-11-10 00:00:00,705,84
2022-11-10 01:00:00,1097,31
2022-11-10 02:00:00,702,59
2022-11-10 03:00:00,811,38
2022-11-10 04:00:00,794,108
2022-11-10 05:00:00,910,29
2022-11-10 06:00:00,504,43
2022-11-10 07:00:00,1385,54
2022-11-10 08:00:00,1610,45
2022-11-10 09:00:00,1459,36
2022-11-10 10:00:00,934,74
2022-11-10 11:00:00,1604,36
2022-11-10 12:00:00,1393,88
2022-11-10 13:00:00,1160,34
2022-11-10 14:00:00,1405,113
2022-11-10 15:00:00,2255,38
2022-11-10 16:00:00,1582,99
2022-11-10 17:00:00,1710,30
2022-11-10 18:00:00,1140,75
2022-11-10 19:00:00,1684,37
2022-11-10 20:00:00,1437,76
2022-11-10 21:00:00,1477,28
2022-11-10 22:00:00,812,57
2022-11-10 23:00:00,1227,51
2022-11-11 00:00:00,672,57
2022-11-11 01:00:00,972,33
2022-11-11 02:00:00,736,69
2022-11-11 03:00:00,592,36
2022-11-11 04:00:00,801,51
2022-11-11 05:00:00,592,28
2022-11-11 06:00:00,1044,76
2022-11-11 07:00:00,1488,32
2022-11-11 08:00:00,855,77
2022-11-11 09:00:00,1725,39
2022-11-11 10:00:00,827,57
2022-11-11 11:00:00,1160,44
2022-11-11 12:00:00,1885,41
2022-11-11 13:00:00,1408,31
2022-11-11 14:00:00,863,58
2022-11-11 15:00:00,1974,67
2022-11-11 16:00:00,971,49
2022-11-11 17:00:00,1997,75
2022-11-11 18:00:00,2468,95
2022-11-11 19:00:00,1552,33
2022-11-11 20:00:00,1422,87
2022-11-11 21:00:00,1357,34
2022-11-11 22:00:00,805,79
2022-11-11 23:00:00,1105,36
2022-11-12 00:00:00,809,60
2022-11-12 01:00:00,668,33
2022-11-12 02:00:00,598,72
2022-11-12 03:00:00,574,30
2022-11-12 04:00:00,384,59
2022-11-12 05:00:00,902,38
2022-11-12 06:00:00,927,74
2022-11-12 07:00:00,1065,31
2022-11-12 08:00:00,1119,59
2022-11-12 09:00:00,807,21
2022-11-12 10:00:00,1260,60
2022-11-12 11:00:00,1365,36
2022-11-12 12:00:00,1145,81
2022-11-12 13:00:00,1211,30
2022-11-12 14:00:00,1175,70
2022-11-12 15:00:00,1025,23
2022-11-12 16:00:00,1309,81
2022-11-12 17:00:00,1716,30
2022-11-12 18:00:00,1083,64
2022-11-12 19:00:00,1246,28
2022-11-12 20:00:00,1104,58
2022-11-12 21:00:00,877,31
2022-11-12 22:00:00,1248,59
2022-11-12 23:00:00,592,25
2022-11-13 00:00:00,553,68
2022-11-13 01:00:00,570,32
2022-11-13 02:00:00,441,34
2022-11-13 03:00:00,537,39
2022-11-13 04:00:00,362,44
2022-11-13 05:00:00,765,60
2022-11-13 06:00:00,903,75
2022-11-13 07:00:00,844,28
2022-11-13 08:00:00,1061,85
2022-11-13 09:00:00,778,22
2022-11-13 10:00:00,1116,68
2022-11-13 11:00:00,917,30
2022-11-13 12:00:00,1147,78
2022-11-13 13:00:00,1171,30
2022-11-13 14:00:00,1151,64
2022-11-13 15:00:00,927,25
2022-11-13 16:00:00,1467,80
2022-11-13 17:00:00,902,26
2022-11-13 18:00:00,703,52
2022-11-13 19:00:00,1447,39
2022-11-13 20:00:00,1012,61
2022-11-13 21:00:00,1627,86
2022-11-13 22:00:00,804,48
2022-11-13 23:00:00,1293,63
2022-11-14 00:00:00,337,53
2022-11-14 01:00:00,857,36
2022-11-14 02:00:00,766,73
2022-11-14 03:00:00,758,37
2022-11-14 04:00:00,644,72
2022-11-14 05:00:00,675,27
2022-11-14 06:00:00,976,83
2022-11-14 07:00:00,705,24
2022-11-14 08:00:00,726,39
2022-11-14 09:00:00,2018,52
2022-11-14 10:00:00,1070,80
2022-11-14 11:00:00,903,21
2022-11-14 12:00:00,1489,68
2022-11-14 13:00:00,1631,40
2022-11-14 14:00:00,1062,93
2022-11-14 15:00:00,995,162
2022-11-14 16:00:00,1218,129
2022-11-14 17:00:00,2023,90
2022-11-14 18:00:00,1130,151
2022-11-14 19:00:00,956,35
2022-11-14 20:00:00,1041,42
2022-11-14 21:00:00,784,41
2022-11-14 22:00:00,380,29
2022-11-14 23:00:00,1021,42
2022-11-15 00:00:00,804,39
2022-11-15 01:00:00,1222,44
2022-11-15 02:00:00,1689,197
2022-11-15 03:00:00,746,285
2022-11-15 04:00:00,726,482
2022-11-15 05:00:00,682,349
2022-11-15 06:00:00,915,322
2022-11-15 07:00:00,891,155
2022-11-15 08:00:00,1303,260
2022-11-15 09:00:00,1290,180
2022-11-15 10:00:00,1478,299
2022-11-15 11:00:00,1021,169
2022-11-15 12:00:00,1108,149
2022-11-15 13:00:00,1523,267
2022-11-15 14:00:00,1301,156
2022-11-15 15:00:00,1603,222
2022-11-15 16:00:00,1456,82
2022-11-15 17:00:00,1206,32
2022-11-15 18:00:00,1680,43
2022-11-15 19:00:00,791,18
2022-11-15 20:00:00,1632,242
2022-11-15 21:00:00,1567,516
2022-11-15 22:00:00,554,62
2022-11-15 23:00:00,1191,69
2022-11-16 00:00:00,1058,165
2022-11-16 01:00:00,673,589
2022-11-16 02:00:00,426,38
2022-11-16 03:00:00,620,170
2022-11-16 04:00:00,772,269
2022-11-16 05:00:00,713,261
2022-11-16 06:00:00,1046,81
2022-11-16 07:00:00,639,221
2022-11-16 08:00:00,1376,106
2022-11-16 09:00:00,1317,239
2022-11-16 10:00:00,1345,454
2022-11-16 11:00:00,1037,85
2022-11-16 12:00:00,597,37
2022-11-16 13:00:00,1879,146
2022-11-16 14:00:00,985,86
2022-11-16 15:00:00,1995,214
2022-11-16 16:00:00,1319,49
2022-11-16 17:00:00,1583,39
2022-11-16 18:00:00,1594,279
2022-11-16 19:00:00,1426,347
2022-11-16 20:00:00,704,55
2022-11-16 21:00:00,1914,218
2022-11-16 22:00:00,1016,189
2022-11-16 23:00:00,1030,409
2022-11-17 00:00:00,703,239
2022-11-17 01:00:00,610,132
2022-11-17 02:00:00,590,196
2022-11-17 03:00:00,737,55
2022-11-17 04:00:00,664,112
2022-11-17 05:00:00,649,340
2022-11-17 06:00:00,1205,392
2022-11-17 07:00:00,1056,294
2022-11-17 08:00:00,1175,201
2022-11-17 09:00:00,1361,53
2022-11-17 10:00:00,1211,187
2022-11-17 11:00:00,1260,330
2022-11-17 12:00:00,1185,339
2022-11-17 13:00:00,1173,175
2022-11-17 14:00:00,1626,214
2022-11-17 15:00:00,597,23
2022-11-17 16:00:00,804,31
2022-11-17 17:00:00,2792,60
2022-11-17 18:00:00,1599,270
2022-11-17 19:00:00,1616,316
2022-11-17 20:00:00,947,34
2022-11-17 21:00:00,369,12
2022-11-17 22:00:00,1063,56
2022-11-17 23:00:00,903,28
2022-11-18 00:00:00,733,30
2022-11-18 01:00:00,1518,58
2022-11-18 02:00:00,1040,234
2022-11-18 03:00:00,683,226
2022-11-18 04:00:00,588,50
2022-11-18 05:00:00,1203,88
2022-11-18 06:00:00,981,190
2022-11-18 07:00:00,763,30
2022-11-18 08:00:00,298,25
2022-11-18 09:00:00,2580,81
2022-11-18 10:00:00,1378,387
2022-11-18 11:00:00,1013,419
2022-11-18 12:00:00,1712,367
2022-11-18 13:00:00,1314,138
2022-11-18 14:00:00,630,35
2022-11-18 15:00:00,2524,141
2022-11-18 16:00:00,849,33
2022-11-18 17:00:00,1894,68
2022-11-18 18:00:00,1666,51
2022-11-18 19:00:00,762,63
2022-11-18 20:00:00,2045,167
2022-11-18 21:00:00,1266,34
2022-11-18 22:00:00,1658,284
2022-11-18 23:00:00,1102,265
2022-11-19 00:00:00,745,241
2022-11-19 01:00:00,400,381
2022-11-19 02:00:00,859,239
2022-11-19 03:00:00,2107,112
2022-11-19 04:00:00,664,79
2022-11-19 05:00:00,713,21
2022-11-19 06:00:00,1202,77
2022-11-19 07:00:00,1031,32
2022-11-19 08:00:00,802,55
2022-11-19 09:00:00,1138,40
2022-11-19 10:00:00,1077,48
2022-11-19 11:00:00,1487,28
2022-11-19 12:00:00,1149,79
2022-11-19 13:00:00,732,21
2022-11-19 14:00:00,1933,76
2022-11-19 15:00:00,754,20
2022-11-19 16:00:00,1511,64
2022-11-19 17:00:00,1865,40
2022-11-19 18:00:00,961,74
2022-11-19 19:00:00,1492,32
2022-11-19 20:00:00,1035,70
2022-11-19 21:00:00,1200,34
2022-11-19 22:00:00,841,47
2022-11-19 23:00:00,232,27
2022-11-20 00:00:00,1027,48
2022-11-20 01:00:00,509,33
2022-11-20 02:00:00,538,198
2022-11-20 03:00:00,467,251
2022-11-20 04:00:00,541,130
2022-11-20 05:00:00,468,212
2022-11-20 06:00:00,826,54
2022-11-20 07:00:00,586,22
2022-11-20 08:00:00,912,75
2022-11-20 09:00:00,976,39
2022-11-20 10:00:00,925,72
2022-11-20 11:00:00,662,24
2022-11-20 12:00:00,1091,64
2022-11-20 13:00:00,244,24
2022-11-20 14:00:00,1062,45
2022-11-20 15:00:00,1878,59
2022-11-20 16:00:00,504,51
2022-11-20 17:00:00,1538,58
2022-11-20 18:00:00,570,48
2022-11-20 19:00:00,1537,22
2022-11-20 20:00:00,1081,49
2022-11-20 21:00:00,1364,51
2022-11-20 22:00:00,693,57
2022-11-20 23:00:00,858,33
2022-11-21 00:00:00,895,72
2022-11-21 01:00:00,586,30
2022-11-21 02:00:00,478,74
2022-11-21 03:00:00,666,29
2022-11-21 04:00:00,631,70
2022-11-21 05:00:00,638,30
2022-11-21 06:00:00,760,66
2022-11-21 07:00:00,1136,32
2022-11-21 08:00:00,594,52
2022-11-21 09:00:00,514,39
2022-11-21 10:00:00,2000,59
2022-11-21 11:00:00,1389,64
2022-11-21 12:00:00,453,39
2022-11-21 13:00:00,1904,63
2022-11-21 14:00:00,1293,122
2022-11-21 15:00:00,578,21
2022-11-21 16:00:00,780,41
2022-11-21 17:00:00,1336,33
2022-11-21 18:00:00,2936,74
2022-11-21 19:00:00,1493,73
2022-11-21 20:00:00,1256,69
2022-11-21 21:00:00,1777,69
2022-11-21 22:00:00,337,65
2022-11-21 23:00:00,1610,50
2022-11-22 00:00:00,713,59
2022-11-22 01:00:00,677,32
2022-11-22 02:00:00,643,70
2022-11-22 03:00:00,591,30
2022-11-22 04:00:00,499,50
2022-11-22 05:00:00,893,35
2022-11-22 06:00:00,1013,80
2022-11-22 07:00:00,922,27
2022-11-22 08:00:00,1188,61
2022-11-22 09:00:00,1144,34
2022-11-22 10:00:00,1335,68
2022-11-22 11:00:00,942,26
2022-11-22 12:00:00,1692,87
2022-11-22 13:00:00,1154,33
2022-11-22 14:00:00,1470,91
2022-11-22 15:00:00,1652,31
2022-11-22 16:00:00,543,36
2022-11-22 17:00:00,721,33
2022-11-22 18:00:00,2157,35
2022-11-22 19:00:00,1198,28
2022-11-22 20:00:00,902,43
2022-11-22 21:00:00,1901,68
2022-11-22 22:00:00,957,125
2022-11-22 23:00:00,292,19
2022-11-23 00:00:00,1706,96
2022-11-23 01:00:00,425,16
2022-11-23 02:00:00,910,93
2022-11-23 03:00:00,492,33
2022-11-23 04:00:00,655,62
2022-11-23 05:00:00,769,34
2022-11-23 06:00:00,1055,80
2022-11-23 07:00:00,1232,32
2022-11-23 08:00:00,914,60
2022-11-23 09:00:00,1313,32
2022-11-23 10:00:00,1166,65
2022-11-23 11:00:00,1290,34
2022-11-23 12:00:00,644,27
2022-11-23 13:00:00,2087,75
2022-11-23 14:00:00,851,29
2022-11-23 15:00:00,1713,84
2022-11-23 16:00:00,1690,70
2022-11-23 17:00:00,1003,32
2022-11-23 18:00:00,0,0
2022-11-23 19:00:00,1653,61
2022-11-23 20:00:00,2307,52
2022-11-23 21:00:00,1630,88
2022-11-23 22:00:00,1406,111
2022-11-23 23:00:00,960,28
2022-11-24 00:00:00,741,68
2022-11-24 01:00:00,816,27
2022-11-24 02:00:00,198,37
2022-11-24 03:00:00,645,39
2022-11-24 04:00:00,865,67
2022-11-24 05:00:00,954,34
2022-11-24 06:00:00,853,39
2022-11-24 07:00:00,1274,86
2022-11-24 08:00:00,556,38
2022-11-24 09:00:00,1125,31
2022-11-24 10:00:00,1741,61
2022-11-24 11:00:00,1371,55
2022-11-24 12:00:00,1048,55
2022-11-24 13:00:00,1016,29
2022-11-24 14:00:00,532,25
2022-11-24 15:00:00,1764,59
2022-11-24 16:00:00,1586,79
2022-11-24 17:00:00,1608,33
2022-11-24 18:00:00,569,60
2022-11-24 19:00:00,1227,41
2022-11-24 20:00:00,1569,51
2022-11-24 21:00:00,1436,30
2022-11-24 22:00:00,970,82
2022-11-24 23:00:00,820,33
2022-11-25 00:00:00,675,52
2022-11-25 01:00:00,498,73
2022-11-25 02:00:00,443,52
2022-11-25 03:00:00,669,35
2022-11-25 04:00:00,300,35
2022-11-25 05:00:00,756,49
2022-11-25 06:00:00,1173,83
2022-11-25 07:00:00,1117,31
2022-11-25 08:00:00,241,27
2022-11-25 09:00:00,502,46
2022-11-25 10:00:00,2183,83
2022-11-25 11:00:00,1558,36
2022-11-25 12:00:00,952,78
2022-11-25 13:00:00,1404,41
2022-11-25 14:00:00,1773,83
2022-11-25 15:00:00,990,27
2022-11-25 16:00:00,1247,34
2022-11-25 17:00:00,1278,33
2022-11-25 18:00:00,1750,53
2022-11-25 19:00:00,1404,39
2022-11-25 20:00:00,1741,95
2022-11-25 21:00:00,1244,45
2022-11-25 22:00:00,1202,76
2022-11-25 23:00:00,1240,40
2022-11-26 00:00:00,650,76
2022-11-26 01:00:00,975,41
2022-11-26 02:00:00,504,57
2022-11-26 03:00:00,0,0
2022-11-26 04:00:00,861,72
2022-11-26 05:00:00,1127,43
2022-11-26 06:00:00,287,17
2022-11-26 07:00:00,1150,46
2022-11-26 08:00:00,700,31
2022-11-26 09:00:00,389,14
2022-11-26 10:00:00,1642,102
2022-11-26 11:00:00,1189,63
2022-11-26 12:00:00,962,51
2022-11-26 13:00:00,1032,31
2022-11-26 14:00:00,1780,77
2022-11-26 15:00:00,1589,34
2022-11-26 16:00:00,1033,84
2022-11-26 17:00:00,1181,29
2022-11-26 18:00:00,540,38
2022-11-26 19:00:00,1245,25
2022-11-26 20:00:00,292,20
2022-11-26 21:00:00,1906,64
2022-11-26 22:00:00,946,98
2022-11-26 23:00:00,843,44
2022-11-27 00:00:00,802,61
2022-11-27 01:00:00,614,35
2022-11-27 02:00:00,424,57
2022-11-27 03:00:00,532,32
2022-11-27 04:00:00,372,47
2022-11-27 05:00:00,619,32
2022-11-27 06:00:00,706,52
2022-11-27 07:00:00,775,32
2022-11-27 08:00:00,878,54
2022-11-27 09:00:00,665,23
2022-11-27 10:00:00,1061,72
2022-11-27 11:00:00,792,27
2022-11-27 12:00:00,712,50
2022-11-27 13:00:00,845,31
2022-11-27 14:00:00,928,71
2022-11-27 15:00:00,1229,34
2022-11-27 16:00:00,1333,70
2022-11-27 17:00:00,1061,27
2022-11-27 18:00:00,1053,91
2022-11-27 19:00:00,1216,34
2022-11-27 20:00:00,619,51
2022-11-27 21:00:00,838,38
2022-11-27 22:00:00,994,47
2022-11-27 23:00:00,1047,34
2022-11-28 00:00:00,266,30
2022-11-28 01:00:00,733,39
2022-11-28 02:00:00,700,75
2022-11-28 03:00:00,535,31
2022-11-28 04:00:00,386,66
2022-11-28 05:00:00,792,42
2022-11-28 06:00:00,837,70
2022-11-28 07:00:00,745,28
2022-11-28 08:00:00,1368,57
2022-11-28 09:00:00,728,22
2022-11-28 10:00:00,1266,66
2022-11-28 11:00:00,1388,35
2022-11-28 12:00:00,1285,88
2022-11-28 13:00:00,904,32
2022-11-28 14:00:00,1089,42
2022-11-28 15:00:00,1535,54
2022-11-28 16:00:00,1778,93
2022-11-28 17:00:00,1633,39
2022-11-28 18:00:00,1157,97
2022-11-28 19:00:00,381,3
2022-11-28 20:00:00,713,29
2022-11-28 21:00:00,2583,85
2022-11-28 22:00:00,1165,84
2022-11-28 23:00:00,664,25
2022-11-29 00:00:00,991,72
2022-11-29 01:00:00,408,22
2022-11-29 02:00:00,532,42
2022-11-29 03:00:00,609,54
2022-11-29 04:00:00,619,25
2022-11-29 05:00:00,806,91
2022-11-29 06:00:00,972,57
2022-11-29 07:00:00,857,32
2022-11-29 08:00:00,1683,48
2022-11-29 09:00:00,1036,30
2022-11-29 10:00:00,1161,76
2022-11-29 11:00:00,1498,36
2022-11-29 12:00:00,924,68
2022-11-29 13:00:00,1516,32
2022-11-29 14:00:00,1562,79
2022-11-29 15:00:00,1683,34
2022-11-29 16:00:00,1259,29
2022-11-29 17:00:00,881,79
2022-11-29 18:00:00,1472,89
2022-11-29 19:00:00,1724,35
2022-11-29 20:00:00,973,40
2022-11-29 21:00:00,329,11
2022-11-29 22:00:00,1583,67
2022-11-29 23:00:00,1383,79
2022-11-30 00:00:00,1016,32
2022-11-30 01:00:00,782,87
2022-11-30 02:00:00,852,81
2022-11-30 03:00:00,692,30
2022-11-30 04:00:00,734,58
2022-11-30 05:00:00,810,31
2022-11-30 06:00:00,954,75
2022-11-30 07:00:00,1115,28
2022-11-30 08:00:00,1182,66
2022-11-30 09:00:00,1210,25
2022-11-30 10:00:00,1045,52
2022-11-30 11:00:00,295,28
2022-11-30 12:00:00,2374,54
2022-11-30 13:00:00,975,28
2022-11-30 14:00:00,1396,52
2022-11-30 15:00:00,1211,66
2022-11-30 16:00:00,682,39
2022-11-30 17:00:00,2812,56
2022-11-30 18:00:00,621,46
2022-11-30 19:00:00,1862,39
2022-11-30 20:00:00,1942,63
2022-11-30 21:00:00,1665,114
2022-11-30 22:00:00,1287,83
2022-11-30 23:00:00,653,23
2022-12-01 00:00:00,1173,73
2022-12-01 01:00:00,765,35
2022-12-01 02:00:00,884,64
2022-12-01 03:00:00,680,65
2022-12-01 04:00:00,633,48
2022-12-01 05:00:00,790,27
2022-12-01 06:00:00,919,46
2022-12-01 07:00:00,1183,23
2022-12-01 08:00:00,1294,64
2022-12-01 09:00:00,1144,26
2022-12-01 10:00:00,1644,75
2022-12-01 11:00:00,1466,33
2022-12-01 12:00:00,1405,95
2022-12-01 13:00:00,1196,30
2022-12-01 14:00:00,290,3
2022-12-01 15:00:00,1664,60
2022-12-01 16:00:00,1123,33
2022-12-01 17:00:00,2150,30
2022-12-01 18:00:00,2549,66
2022-12-01 19:00:00,1632,101
2022-12-01 20:00:00,1501,126
2022-12-01 21:00:00,1118,32
2022-12-01 22:00:00,1549,61
2022-12-01 23:00:00,618,26
2022-12-02 00:00:00,1430,59
2022-12-02 01:00:00,881,38
2022-12-02 02:00:00,466,35
2022-12-02 03:00:00,808,74
2022-12-02 04:00:00,617,65
2022-12-02 05:00:00,741,28
2022-12-02 06:00:00,1223,97
2022-12-02 07:00:00,1013,27
2022-12-02 08:00:00,1115,58
2022-12-02 09:00:00,862,30
2022-12-02 10:00:00,319,33
2022-12-02 11:00:00,2059,37
2022-12-02 12:00:00,286,29
2022-12-02 13:00:00,2746,89
2022-12-02 14:00:00,1798,108
2022-12-02 15:00:00,2303,34
2022-12-02 16:00:00,695,20
2022-12-02 17:00:00,1419,42
2022-12-02 18:00:00,2040,35
2022-12-02 19:00:00,1860,32
2022-12-02 20:00:00,1850,70
2022-12-02 21:00:00,1048,34
2022-12-02 22:00:00,255,30
2022-12-02 23:00:00,1465,27
2022-12-03 00:00:00,1546,83
2022-12-03 01:00:00,675,133
2022-12-03 02:00:00,856,80
2022-12-03 03:00:00,928,47
2022-12-03 04:00:00,656,62
2022-12-03 05:00:00,692,31
2022-12-03 06:00:00,1112,56
2022-12-03 07:00:00,224,7
2022-12-03 08:00:00,1494,85
2022-12-03 09:00:00,1602,36
2022-12-03 10:00:00,1007,99
2022-12-03 11:00:00,972,28
2022-12-03 12:00:00,1309,60
2022-12-03 13:00:00,1161,29
2022-12-03 14:00:00,860,60
2022-12-03 15:00:00,1387,33
2022-12-03 16:00:00,1614,67
2022-12-03 17:00:00,1139,25
2022-12-03 18:00:00,908,54
2022-12-03 19:00:00,1264,43
2022-12-03 20:00:00,1293,57
2022-12-03 21:00:00,1284,25
2022-12-03 22:00:00,433,34
2022-12-03 23:00:00,1294,64
2022-12-04 00:00:00,534,69
2022-12-04 01:00:00,777,33
2022-12-04 02:00:00,297,40
2022-12-04 03:00:00,403,45
2022-12-04 04:00:00,646,45
2022-12-04 05:00:00,668,33
2022-12-04 06:00:00,825,67
2022-12-04 07:00:00,1052,33
2022-12-04 08:00:00,860,54
2022-12-04 09:00:00,903,32
2022-12-04 10:00:00,870,53
2022-12-04 11:00:00,814,29
2022-12-04 12:00:00,898,66
2022-12-04 13:00:00,651,31
2022-12-04 14:00:00,858,49
2022-12-04 15:00:00,997,32
2022-12-04 16:00:00,1499,70
2022-12-04 17:00:00,876,30
2022-12-04 18:00:00,777,64
2022-12-04 19:00:00,934,29
2022-12-04 20:00:00,1417,82
2022-12-04 21:00:00,1066,36
2022-12-04 22:00:00,906,57
2022-12-04 23:00:00,666,29
2022-12-05 00:00:00,617,68
2022-12-05 01:00:00,494,27
2022-12-05 02:00:00,571,63
2022-12-05 03:00:00,484,59
2022-12-05 04:00:00,414,35
2022-12-05 05:00:00,511,25
2022-12-05 06:00:00,704,57
2022-12-05 07:00:00,1344,44
2022-12-05 08:00:00,1072,56
2022-12-05 09:00:00,1225,28
2022-12-05 10:00:00,965,47
2022-12-05 11:00:00,1023,54
2022-12-05 12:00:00,1775,82
2022-12-05 13:00:00,1390,35
2022-12-05 14:00:00,1547,85
2022-12-05 15:00:00,1506,38
2022-12-05 16:00:00,836,74
2022-12-05 17:00:00,1590,42
2022-12-05 18:00:00,1766,69
2022-12-05 19:00:00,1551,34
2022-12-05 20:00:00,881,77
2022-12-05 21:00:00,991,39
2022-12-05 22:00:00,1544,66
2022-12-05 23:00:00,1069,33
2022-12-06 00:00:00,741,82
2022-12-06 01:00:00,714,33
2022-12-06 02:00:00,341,52
2022-12-06 03:00:00,640,49
2022-12-06 04:00:00,331,25
2022-12-06 05:00:00,1016,45
2022-12-06 06:00:00,905,62
2022-12-06 07:00:00,1174,33
2022-12-06 08:00:00,870,58
2022-12-06 09:00:00,315,27
2022-12-06 10:00:00,2141,91
2022-12-06 11:00:00,1018,61
2022-12-06 12:00:00,1533,53
2022-12-06 13:00:00,1043,30
2022-12-06 14:00:00,857,76
2022-12-06 15:00:00,1656,24
2022-12-06 16:00:00,1343,75
2022-12-06 17:00:00,989,23
2022-12-06 18:00:00,515,35
2022-12-06 19:00:00,2349,42
2022-12-06 20:00:00,1017,93
2022-12-06 21:00:00,1286,63
2022-12-06 22:00:00,1439,62
2022-12-06 23:00:00,1361,29
2022-12-07 00:00:00,735,102
2022-12-07 01:00:00,663,35
2022-12-07 02:00:00,607,57
2022-12-07 03:00:00,484,28
2022-12-07 04:00:00,511,41
2022-12-07 05:00:00,881,39
2022-12-07 06:00:00,977,74
2022-12-07 07:00:00,1094,29
2022-12-07 08:00:00,1153,48
2022-12-07 09:00:00,1292,33
2022-12-07 10:00:00,933,67
2022-12-07 11:00:00,1429,32
2022-12-07 12:00:00,962,82
2022-12-07 13:00:00,1166,31
2022-12-07 14:00:00,1126,73
2022-12-07 15:00:00,1837,35
2022-12-07 16:00:00,1554,91
2022-12-07 17:00:00,850,19
2022-12-07 18:00:00,1258,50
2022-12-07 19:00:00,1814,41
2022-12-07 20:00:00,1317,97
2022-12-07 21:00:00,1282,31
2022-12-07 22:00:00,803,72
2022-12-07 23:00:00,1006,39
2022-12-08 00:00:00,679,63
2022-12-08 01:00:00,563,29
2022-12-08 02:00:00,491,54
2022-12-08 03:00:00,630,37
2022-12-08 04:00:00,470,48
2022-12-08 05:00:00,636,33
2022-12-08 06:00:00,889,49
2022-12-08 07:00:00,1061,49
2022-12-08 08:00:00,981,49
2022-12-08 09:00:00,1664,33
2022-12-08 10:00:00,1045,69
2022-12-08 11:00:00,1291,33
2022-12-08 12:00:00,1208,72
2022-12-08 13:00:00,745,31
2022-12-08 14:00:00,1855,61
2022-12-08 15:00:00,1543,34
2022-12-08 16:00:00,1522,103
2022-12-08 17:00:00,1273,27
2022-12-08 18:00:00,1737,74
2022-12-08 19:00:00,1305,30
2022-12-08 20:00:00,1518,103
2022-12-08 21:00:00,1223,32
2022-12-08 22:00:00,1041,69
2022-12-08 23:00:00,879,32
2022-12-09 00:00:00,560,62
2022-12-09 01:00:00,881,34
2022-12-09 02:00:00,593,47
2022-12-09 03:00:00,653,33
2022-12-09 04:00:00,574,61
2022-12-09 05:00:00,883,36
2022-12-09 06:00:00,1049,74
2022-12-09 07:00:00,1042,51
2022-12-09 08:00:00,1214,46
2022-12-09 09:00:00,1339,33
2022-12-09 10:00:00,1241,74
2022-12-09 11:00:00,1558,48
2022-12-09 12:00:00,1109,48
2022-12-09 13:00:00,1626,35
2022-12-09 14:00:00,1142,79
2022-12-09 15:00:00,2013,33
2022-12-09 16:00:00,1376,79
2022-12-09 17:00:00,1853,38
2022-12-09 18:00:00,1021,68
2022-12-09 19:00:00,1842,46
2022-12-09 20:00:00,1654,447
2022-12-09 21:00:00,1155,56
2022-12-09 22:00:00,1020,223
2022-12-09 23:00:00,651,33
2022-12-10 00:00:00,1040,27
2022-12-10 01:00:00,863,209
2022-12-10 02:00:00,581,314
2022-12-10 03:00:00,453,212
2022-12-10 04:00:00,449,190
2022-12-10 05:00:00,555,114
2022-12-10 06:00:00,1069,32
2022-12-10 07:00:00,1280,115
2022-12-10 08:00:00,925,122
2022-12-10 09:00:00,1169,275
2022-12-10 10:00:00,1075,284
2022-12-10 11:00:00,1026,303
2022-12-10 12:00:00,1134,505
2022-12-10 13:00:00,1090,523
2022-12-10 14:00:00,735,165
2022-12-10 15:00:00,1851,98
2022-12-10 16:00:00,1025,30
2022-12-10 17:00:00,1535,73
2022-12-10 18:00:00,1006,48
2022-12-10 19:00:00,786,17
2022-12-10 20:00:00,1743,67
2022-12-10 21:00:00,853,26
2022-12-10 22:00:00,1027,59
2022-12-10 23:00:00,732,28
2022-12-11 00:00:00,423,47
2022-12-11 01:00:00,578,36
2022-12-11 02:00:00,404,26
2022-12-11 03:00:00,458,33
2022-12-11 04:00:00,416,29
2022-12-11 05:00:00,572,34
2022-12-11 06:00:00,719,28
2022-12-11 07:00:00,772,31
2022-12-11 08:00:00,694,24
2022-12-11 09:00:00,722,108
2022-12-11 10:00:00,828,41
2022-12-11 11:00:00,275,27
2022-12-11 12:00:00,1783,44
2022-12-11 13:00:00,939,76
2022-12-11 14:00:00,1190,41
2022-12-11 15:00:00,954,28
2022-12-11 16:00:00,948,91
2022-12-11 17:00:00,953,27
2022-12-11 18:00:00,1395,38
2022-12-11 19:00:00,905,118
2022-12-11 20:00:00,766,22
2022-12-11 21:00:00,1308,62
2022-12-11 22:00:00,805,69
2022-12-11 23:00:00,612,32
2022-12-12 00:00:00,551,47
2022-12-12 01:00:00,483,30
2022-12-12 02:00:00,502,30
2022-12-12 03:00:00,432,27
2022-12-12 04:00:00,381,22
2022-12-12 05:00:00,577,132
2022-12-12 06:00:00,632,43
2022-12-12 07:00:00,1105,38
2022-12-12 08:00:00,1153,43
2022-12-12 09:00:00,1224,42
2022-12-12 10:00:00,1056,60
2022-12-12 11:00:00,1319,49
2022-12-12 12:00:00,1201,27
2022-12-12 13:00:00,700,36
2022-12-12 14:00:00,1875,111
2022-12-12 15:00:00,732,40
2022-12-12 16:00:00,1077,39
2022-12-12 17:00:00,2090,40
2022-12-12 18:00:00,1160,32
2022-12-12 19:00:00,1585,78
2022-12-12 20:00:00,1220,87
2022-12-12 21:00:00,1279,24
2022-12-12 22:00:00,1375,113
2022-12-12 23:00:00,804,35
2022-12-13 00:00:00,882,71
2022-12-13 01:00:00,659,29
2022-12-13 02:00:00,540,30
2022-12-13 03:00:00,492,25
2022-12-13 04:00:00,381,71
2022-12-13 05:00:00,678,29
2022-12-13 06:00:00,1234,74
2022-12-13 07:00:00,1148,35
2022-12-13 08:00:00,1127,88
2022-12-13 09:00:00,978,41
2022-12-13 10:00:00,1557,105
2022-12-13 11:00:00,1041,54
2022-12-13 12:00:00,1665,99
2022-12-13 13:00:00,1400,51
2022-12-13 14:00:00,1784,135
2022-12-13 15:00:00,1332,50
2022-12-13 16:00:00,1985,115
2022-12-13 17:00:00,1474,46
2022-12-13 18:00:00,1414,93
2022-12-13 19:00:00,1367,37
2022-12-13 20:00:00,1133,73
2022-12-13 21:00:00,1244,36
2022-12-13 22:00:00,1046,76
2022-12-13 23:00:00,796,30
2022-12-14 00:00:00,725,63
2022-12-14 01:00:00,708,36
2022-12-14 02:00:00,430,53
2022-12-14 03:00:00,647,37
2022-12-14 04:00:00,615,30
2022-12-14 05:00:00,785,33
2022-12-14 06:00:00,953,31
2022-12-14 07:00:00,743,20
2022-12-14 08:00:00,928,45
2022-12-14 09:00:00,1462,125
2022-12-14 10:00:00,551,23
2022-12-14 11:00:00,1228,70
2022-12-14 12:00:00,628,24
2022-12-14 13:00:00,1326,44
2022-12-14 14:00:00,2520,35
2022-12-14 15:00:00,1384,102
2022-12-14 16:00:00,803,55
2022-12-14 17:00:00,2665,105
2022-12-14 18:00:00,995,27
2022-12-14 19:00:00,2418,49
2022-12-14 20:00:00,1119,24
2022-12-14 21:00:00,973,70
2022-12-14 22:00:00,1688,112
2022-12-14 23:00:00,646,22
2022-12-15 00:00:00,808,35
2022-12-15 01:00:00,708,76
2022-12-15 02:00:00,615,49
2022-12-15 03:00:00,533,27
2022-12-15 04:00:00,552,54
2022-12-15 05:00:00,568,27
2022-12-15 06:00:00,1049,62
2022-12-15 07:00:00,1157,24
2022-12-15 08:00:00,1300,68
2022-12-15 09:00:00,624,15
2022-12-15 10:00:00,1846,78
2022-12-15 11:00:00,556,26
2022-12-15 12:00:00,1237,19
2022-12-15 13:00:00,1869,105
2022-12-15 14:00:00,1286,66
2022-12-15 15:00:00,1418,27
2022-12-15 16:00:00,1647,103
2022-12-15 17:00:00,1671,35
2022-12-15 18:00:00,977,31
2022-12-15 19:00:00,1735,87
2022-12-15 20:00:00,1138,83
2022-12-15 21:00:00,1078,51
2022-12-15 22:00:00,1800,49
2022-12-15 23:00:00,1064,29
2022-12-16 00:00:00,842,93
2022-12-16 01:00:00,805,31
2022-12-16 02:00:00,648,51
2022-12-16 03:00:00,477,29
2022-12-16 04:00:00,555,48
2022-12-16 05:00:00,582,30
2022-12-16 06:00:00,946,57
2022-12-16 07:00:00,981,34
2022-12-16 08:00:00,1635,65
2022-12-16 09:00:00,1375,29
2022-12-16 10:00:00,1232,119
2022-12-16 11:00:00,1406,38
2022-12-16 12:00:00,1305,48
2022-12-16 13:00:00,1531,30
2022-12-16 14:00:00,954,88
2022-12-16 15:00:00,1345,35
2022-12-16 16:00:00,818,34
2022-12-16 17:00:00,1040,42
2022-12-16 18:00:00,1652,54
2022-12-16 19:00:00,522,40
2022-12-16 20:00:00,2670,79
2022-12-16 21:00:00,1047,33
2022-12-16 22:00:00,1385,55
2022-12-16 23:00:00,1022,75
2022-12-17 00:00:00,654,43
2022-12-17 01:00:00,1572,69
2022-12-17 02:00:00,1603,69
2022-12-17 03:00:00,767,25
2022-12-17 04:00:00,812,117
2022-12-17 05:00:00,215,32
2022-12-17 06:00:00,1439,42
2022-12-17 07:00:00,831,27
2022-12-17 08:00:00,1139,56
2022-12-17 09:00:00,1487,37
2022-12-17 10:00:00,889,73
2022-12-17 11:00:00,1133,35
2022-12-17 12:00:00,1082,49
2022-12-17 13:00:00,737,30
2022-12-17 14:00:00,1219,46
2022-12-17 15:00:00,1212,41
2022-12-17 16:00:00,1511,70
2022-12-17 17:00:00,1508,36
2022-12-17 18:00:00,744,33
2022-12-17 19:00:00,1355,60
2022-12-17 20:00:00,1098,66
2022-12-17 21:00:00,1224,32
2022-12-17 22:00:00,1001,87
2022-12-17 23:00:00,787,32
2022-12-18 00:00:00,502,54
2022-12-18 01:00:00,609,38
2022-12-18 02:00:00,520,54
2022-12-18 03:00:00,380,30
2022-12-18 04:00:00,402,42
2022-12-18 05:00:00,147,7
2022-12-18 06:00:00,941,80
2022-12-18 07:00:00,895,33
2022-12-18 08:00:00,753,50
2022-12-18 09:00:00,1011,39
2022-12-18 10:00:00,937,38
2022-12-18 11:00:00,1034,36
2022-12-18 12:00:00,852,71
2022-12-18 13:00:00,1119,34
2022-12-18 14:00:00,745,40
2022-12-18 15:00:00,930,31
2022-12-18 16:00:00,880,64
2022-12-18 17:00:00,615,21
2022-12-18 18:00:00,748,29
2022-12-18 19:00:00,1378,42
2022-12-18 20:00:00,1014,30
2022-12-18 21:00:00,883,28
2022-12-18 22:00:00,928,35
2022-12-18 23:00:00,668,36
2022-12-19 00:00:00,361,23
2022-12-19 01:00:00,649,40
2022-12-19 02:00:00,434,28
2022-12-19 03:00:00,280,179
2022-12-19 04:00:00,477,80
2022-12-19 05:00:00,537,36
2022-12-19 06:00:00,577,54
2022-12-19 07:00:00,1278,44
2022-12-19 08:00:00,363,52
2022-12-19 09:00:00,1694,50
2022-12-19 10:00:00,952,74
2022-12-19 11:00:00,1091,23
2022-12-19 12:00:00,1045,43
2022-12-19 13:00:00,1259,35
2022-12-19 14:00:00,1616,90
2022-12-19 15:00:00,866,31
2022-12-19 16:00:00,985,34
2022-12-19 17:00:00,1900,56
2022-12-19 18:00:00,1095,74
2022-12-19 19:00:00,1513,42
2022-12-19 20:00:00,865,43
2022-12-19 21:00:00,1930,61
2022-12-19 22:00:00,1043,91
2022-12-19 23:00:00,943,32
2022-12-20 00:00:00,601,70
2022-12-20 01:00:00,721,36
2022-12-20 02:00:00,516,55
2022-12-20 03:00:00,409,26
2022-12-20 04:00:00,645,52
2022-12-20 05:00:00,767,38
2022-12-20 06:00:00,911,62
2022-12-20 07:00:00,848,25
2022-12-20 08:00:00,1340,67
2022-12-20 09:00:00,672,32
2022-12-20 10:00:00,1813,55
2022-12-20 11:00:00,990,27
2022-12-20 12:00:00,1543,105
2022-12-20 13:00:00,972,26
2022-12-20 14:00:00,1625,77
2022-12-20 15:00:00,1435,28
2022-12-20 16:00:00,1200,44
2022-12-20 17:00:00,1125,56
2022-12-20 18:00:00,1902,75
2022-12-20 19:00:00,856,31
2022-12-20 20:00:00,1618,83
2022-12-20 21:00:00,1142,29
2022-12-20 22:00:00,301,46
2022-12-20 23:00:00,1909,66
2022-12-21 00:00:00,619,66
2022-12-21 01:00:00,595,34
2022-12-21 02:00:00,583,60
2022-12-21 03:00:00,553,29
2022-12-21 04:00:00,576,69
2022-12-21 05:00:00,527,27
2022-12-21 06:00:00,1073,58
2022-12-21 07:00:00,917,31
2022-12-21 08:00:00,1353,48
2022-12-21 09:00:00,1088,27
2022-12-21 10:00:00,1052,77
2022-12-21 11:00:00,1383,37
2022-12-21 12:00:00,1419,78
2022-12-21 13:00:00,1166,27
2022-12-21 14:00:00,1093,55
2022-12-21 15:00:00,1798,73
2022-12-21 16:00:00,828,34
2022-12-21 17:00:00,2239,42
2022-12-21 18:00:00,1475,90
2022-12-21 19:00:00,1373,32
2022-12-21 20:00:00,1231,75
2022-12-21 21:00:00,967,34
2022-12-21 22:00:00,1350,70
2022-12-21 23:00:00,826,28
2022-12-22 00:00:00,611,75
2022-12-22 01:00:00,465,39
2022-12-22 02:00:00,851,60
2022-12-22 03:00:00,608,32
2022-12-22 04:00:00,618,39
2022-12-22 05:00:00,618,26
2022-12-22 06:00:00,1284,68
2022-12-22 07:00:00,1172,29
2022-12-22 08:00:00,293,16
2022-12-22 09:00:00,686,41
2022-12-22 10:00:00,2157,93
2022-12-22 11:00:00,1400,32
2022-12-22 12:00:00,1190,84
2022-12-22 13:00:00,1531,40
2022-12-22 14:00:00,1585,75
2022-12-22 15:00:00,1670,32
2022-12-22 16:00:00,1125,74
2022-12-22 17:00:00,1541,36
2022-12-22 18:00:00,1746,81
2022-12-22 19:00:00,1360,35
2022-12-22 20:00:00,1229,54
2022-12-22 21:00:00,1595,40
2022-12-22 22:00:00,1039,89
2022-12-22 23:00:00,829,29
2022-12-23 00:00:00,1046,71
2022-12-23 01:00:00,856,35
2022-12-23 02:00:00,628,62
2022-12-23 03:00:00,460,25
2022-12-23 04:00:00,520,63
2022-12-23 05:00:00,799,35
2022-12-23 06:00:00,1144,89
2022-12-23 07:00:00,1292,34
2022-12-23 08:00:00,1394,78
2022-12-23 09:00:00,1181,27
2022-12-23 10:00:00,1407,55
2022-12-23 11:00:00,1472,32
2022-12-23 12:00:00,917,75
2022-12-23 13:00:00,1111,41
2022-12-23 14:00:00,475,27
2022-12-23 15:00:00,2120,58
2022-12-23 16:00:00,2006,94
2022-12-23 17:00:00,1582,30
2022-12-23 18:00:00,1995,70
2022-12-23 19:00:00,1107,21
2022-12-23 20:00:00,1527,86
2022-12-23 21:00:00,2031,36
2022-12-23 22:00:00,794,56
2022-12-23 23:00:00,971,93
2022-12-24 00:00:00,579,58
2022-12-24 01:00:00,673,12
2022-12-24 02:00:00,1027,67
2022-12-24 03:00:00,467,38
2022-12-24 04:00:00,644,69
2022-12-24 05:00:00,486,23
2022-12-24 06:00:00,1178,76
2022-12-24 07:00:00,314,30
2022-12-24 08:00:00,603,27
2022-12-24 09:00:00,1568,38
2022-12-24 10:00:00,760,33
2022-12-24 11:00:00,1420,54
2022-12-24 12:00:00,945,62
2022-12-24 13:00:00,626,18
2022-12-24 14:00:00,790,55
2022-12-24 15:00:00,2053,57
2022-12-24 16:00:00,990,59
2022-12-24 17:00:00,1080,32
2022-12-24 18:00:00,550,24
2022-12-24 19:00:00,1885,54
2022-12-24 20:00:00,1432,49
2022-12-24 21:00:00,1100,63
2022-12-24 22:00:00,927,54
2022-12-24 23:00:00,553,33
2022-12-25 00:00:00,2142,67
2022-12-25 01:00:00,287,15
2022-12-25 02:00:00,634,63
2022-12-25 03:00:00,418,32
2022-12-25 04:00:00,342,71
2022-12-25 05:00:00,549,36
2022-12-25 06:00:00,202,27
2022-12-25 07:00:00,1498,55
2022-12-25 08:00:00,967,67
2022-12-25 09:00:00,788,26
2022-12-25 10:00:00,798,60
2022-12-25 11:00:00,942,33
2022-12-25 12:00:00,351,35
2022-12-25 13:00:00,781,44
2022-12-25 14:00:00,507,41
2022-12-25 15:00:00,1695,49
2022-12-25 16:00:00,787,71
2022-12-25 17:00:00,938,28
2022-12-25 18:00:00,877,25
2022-12-25 19:00:00,1043,69
2022-12-25 20:00:00,767,58
2022-12-25 21:00:00,553,27
2022-12-25 22:00:00,788,51
2022-12-25 23:00:00,522,33
2022-12-26 00:00:00,457,39
2022-12-26 01:00:00,504,37
2022-12-26 02:00:00,338,46
2022-12-26 03:00:00,318,29
2022-12-26 04:00:00,411,58
2022-12-26 05:00:00,398,31
2022-12-26 06:00:00,669,73
2022-12-26 07:00:00,750,30
2022-12-26 08:00:00,969,73
2022-12-26 09:00:00,857,30
2022-12-26 10:00:00,755,60
2022-12-26 11:00:00,873,38
2022-12-26 12:00:00,286,11
2022-12-26 13:00:00,515,19
2022-12-26 14:00:00,1650,76
2022-12-26 15:00:00,1539,36
2022-12-26 16:00:00,419,28
2022-12-26 17:00:00,1036,38
2022-12-26 18:00:00,1711,107
2022-12-26 19:00:00,1204,30
2022-12-26 20:00:00,335,45
2022-12-26 21:00:00,1364,54
2022-12-26 22:00:00,955,71
2022-12-26 23:00:00,734,33
2022-12-27 00:00:00,286,57
2022-12-27 01:00:00,808,38
2022-12-27 02:00:00,313,37
2022-12-27 03:00:00,477,38
2022-12-27 04:00:00,476,45
2022-12-27 05:00:00,497,31
2022-12-27 06:00:00,445,61
2022-12-27 07:00:00,252,6
2022-12-27 08:00:00,1426,75
2022-12-27 09:00:00,1122,29
2022-12-27 10:00:00,1130,78
2022-12-27 11:00:00,1109,29
2022-12-27 12:00:00,1238,82
2022-12-27 13:00:00,718,28
2022-12-27 14:00:00,1174,57
2022-12-27 15:00:00,507,28
2022-12-27 16:00:00,1129,46
2022-12-27 17:00:00,1457,34
2022-12-27 18:00:00,1381,44
2022-12-27 19:00:00,1207,68
2022-12-27 20:00:00,1218,52
2022-12-27 21:00:00,953,88
2022-12-27 22:00:00,932,66
2022-12-27 23:00:00,1130,38
2022-12-28 00:00:00,771,72
2022-12-28 01:00:00,695,40
2022-12-28 02:00:00,509,55
2022-12-28 03:00:00,510,31
2022-12-28 04:00:00,305,44
2022-12-28 05:00:00,619,37
2022-12-28 06:00:00,1033,70
2022-12-28 07:00:00,555,16
2022-12-28 08:00:00,1346,85
2022-12-28 09:00:00,1308,36
2022-12-28 10:00:00,1233,71
2022-12-28 11:00:00,1210,31
2022-12-28 12:00:00,1204,78
2022-12-28 13:00:00,885,22
2022-12-28 14:00:00,528,43
2022-12-28 15:00:00,2439,66
2022-12-28 16:00:00,1131,71
2022-12-28 17:00:00,1238,37
2022-12-28 18:00:00,599,25
2022-12-28 19:00:00,2627,79
2022-12-28 20:00:00,786,66
2022-12-28 21:00:00,1663,45
2022-12-28 22:00:00,866,38
2022-12-28 23:00:00,810,72
2022-12-29 00:00:00,794,64
2022-12-29 01:00:00,694,34
2022-12-29 02:00:00,652,36
2022-12-29 03:00:00,485,32
2022-12-29 04:00:00,495,79
2022-12-29 05:00:00,415,21
2022-12-29 06:00:00,1097,55
2022-12-29 07:00:00,999,32
2022-12-29 08:00:00,1174,74
2022-12-29 09:00:00,1238,30
2022-12-29 10:00:00,1035,74
2022-12-29 11:00:00,1181,30
2022-12-29 12:00:00,1293,70
2022-12-29 13:00:00,973,31
2022-12-29 14:00:00,1359,80
2022-12-29 15:00:00,1642,34
2022-12-29 16:00:00,1443,93
2022-12-29 17:00:00,1360,29
2022-12-29 18:00:00,1345,62
2022-12-29 19:00:00,1245,35
2022-12-29 20:00:00,1360,68
2022-12-29 21:00:00,961,32
2022-12-29 22:00:00,673,51
2022-12-29 23:00:00,1352,46
2022-12-30 00:00:00,1127,69
2022-12-30 01:00:00,920,42
2022-12-30 02:00:00,571,64
2022-12-30 03:00:00,576,35
2022-12-30 04:00:00,441,52
2022-12-30 05:00:00,798,41
2022-12-30 06:00:00,710,60
2022-12-30 07:00:00,1028,26
2022-12-30 08:00:00,1582,65
2022-12-30 09:00:00,704,19
2022-12-30 10:00:00,1634,83
2022-12-30 11:00:00,688,22
2022-12-30 12:00:00,2037,78
2022-12-30 13:00:00,861,21
2022-12-30 14:00:00,2154,89
2022-12-30 15:00:00,1866,34
2022-12-30 16:00:00,1515,99
2022-12-30 17:00:00,1851,31
2022-12-30 18:00:00,1564,72
2022-12-30 19:00:00,1723,42
2022-12-30 20:00:00,1520,84
2022-12-30 21:00:00,1287,29
2022-12-30 22:00:00,1426,84
2022-12-30 23:00:00,854,27
2022-12-31 00:00:00,965,66
2022-12-31 01:00:00,669,30
2022-12-31 02:00:00,683,60
2022-12-31 03:00:00,567,28
2022-12-31 04:00:00,517,61
2022-12-31 05:00:00,537,31
2022-12-31 06:00:00,1215,57
2022-12-31 07:00:00,811,26
2022-12-31 08:00:00,1709,73
2022-12-31 09:00:00,847,20
2022-12-31 10:00:00,1633,79
2022-12-31 11:00:00,1238,30
2022-12-31 12:00:00,1258,80
2022-12-31 13:00:00,833,30
2022-12-31 14:00:00,1183,34
2022-12-31 15:00:00,1674,34
2022-12-31 16:00:00,1760,89
2022-12-31 17:00:00,888,19
2022-12-31 18:00:00,2071,78
2022-12-31 19:00:00,1491,32
2022-12-31 20:00:00,810,67
2022-12-31 21:00:00,1348,39
2022-12-31 22:00:00,950,67
2022-12-31 23:00:00,436,18
2023-01-01 00:00:00,1073,72
2023-01-01 01:00:00,484,26
2023-01-01 02:00:00,503,56
2023-01-01 03:00:00,333,27
2023-01-01 04:00:00,449,64
2023-01-01 05:00:00,287,26
2023-01-01 06:00:00,658,56
2023-01-01 07:00:00,669,28
2023-01-01 08:00:00,823,56
2023-01-01 09:00:00,775,30
2023-01-01 10:00:00,798,72
2023-01-01 11:00:00,708,29
2023-01-01 12:00:00,807,56
2023-01-01 13:00:00,854,32
2023-01-01 14:00:00,721,60
2023-01-01 15:00:00,854,33
2023-01-01 16:00:00,989,55
2023-01-01 17:00:00,907,31
2023-01-01 18:00:00,771,61
2023-01-01 19:00:00,1003,34
2023-01-01 20:00:00,785,62
2023-01-01 21:00:00,881,34
2023-01-01 22:00:00,645,39
2023-01-01 23:00:00,523,26
2023-01-02 00:00:00,485,37
2023-01-02 01:00:00,306,38
2023-01-02 02:00:00,598,63
2023-01-02 03:00:00,286,24
2023-01-02 04:00:00,349,56
2023-01-02 05:00:00,573,42
2023-01-02 06:00:00,700,66
2023-01-02 07:00:00,743,30
2023-01-02 08:00:00,720,47
2023-01-02 09:00:00,1027,32
2023-01-02 10:00:00,1223,84
2023-01-02 11:00:00,825,29
2023-01-02 12:00:00,1005,62
2023-01-02 13:00:00,851,30
2023-01-02 14:00:00,1241,73
2023-01-02 15:00:00,1181,32
2023-01-02 16:00:00,1111,121
2023-01-02 17:00:00,831,26
2023-01-02 18:00:00,1394,75
2023-01-02 19:00:00,1148,33
2023-01-02 20:00:00,984,73
2023-01-02 21:00:00,693,29
2023-01-02 22:00:00,908,57
2023-01-02 23:00:00,527,29
2023-01-03 00:00:00,676,46
2023-01-03 01:00:00,396,34
2023-01-03 02:00:00,648,58
2023-01-03 03:00:00,396,26
2023-01-03 04:00:00,421,55
2023-01-03 05:00:00,582,37
2023-01-03 06:00:00,733,76
2023-01-03 07:00:00,626,21
2023-01-03 08:00:00,1059,68
2023-01-03 09:00:00,859,26
2023-01-03 10:00:00,1428,94
2023-01-03 11:00:00,1074,42
2023-01-03 12:00:00,1094,43
2023-01-03 13:00:00,1304,34
2023-01-03 14:00:00,1144,85
2023-01-03 15:00:00,1051,23
2023-01-03 16:00:00,1609,73
2023-01-03 17:00:00,692,14
2023-01-03 18:00:00,1201,46
2023-01-03 19:00:00,1912,60
2023-01-03 20:00:00,825,93
2023-01-03 21:00:00,1805,35
2023-01-03 22:00:00,866,63
2023-01-03 23:00:00,1093,37
2023-01-04 00:00:00,778,71
2023-01-04 01:00:00,608,27
2023-01-04 02:00:00,600,51
2023-01-04 03:00:00,657,31
2023-01-04 04:00:00,663,61
2023-01-04 05:00:00,612,25
2023-01-04 06:00:00,1034,75
2023-01-04 07:00:00,951,27
2023-01-04 08:00:00,1466,77
2023-01-04 09:00:00,1079,71
2023-01-04 10:00:00,1036,29
2023-01-04 11:00:00,1279,52
2023-01-04 12:00:00,1355,48
2023-01-04 13:00:00,524,25
2023-01-04 14:00:00,1113,55
2023-01-04 15:00:00,1690,32
2023-01-04 16:00:00,1429,41
2023-01-04 17:00:00,2077,79
2023-01-04 18:00:00,930,73
2023-01-04 19:00:00,1523,34
2023-01-04 20:00:00,1774,78
2023-01-04 21:00:00,1060,26
2023-01-04 22:00:00,592,77
2023-01-04 23:00:00,966,34
2023-01-05 00:00:00,1004,69
2023-01-05 01:00:00,639,26
2023-01-05 02:00:00,584,77
2023-01-05 03:00:00,614,32
2023-01-05 04:00:00,528,68
2023-01-05 05:00:00,650,32
2023-01-05 06:00:00,741,60
2023-01-05 07:00:00,762,22
2023-01-05 08:00:00,1405,53
2023-01-05 09:00:00,1200,32
2023-01-05 10:00:00,964,75
2023-01-05 11:00:00,1273,64
2023-01-05 12:00:00,1037,40
2023-01-05 13:00:00,1251,34
2023-01-05 14:00:00,1138,57
2023-01-05 15:00:00,1124,26
2023-01-05 16:00:00,1571,89
2023-01-05 17:00:00,323,13
2023-01-05 18:00:00,1825,68
2023-01-05 19:00:00,2601,43
2023-01-05 20:00:00,1285,110
2023-01-05 21:00:00,1014,37
2023-01-05 22:00:00,1154,59
2023-01-05 23:00:00,999,34
2023-01-06 00:00:00,603,65
2023-01-06 01:00:00,837,35
2023-01-06 02:00:00,137,48
2023-01-06 03:00:00,766,46
2023-01-06 04:00:00,750,54
2023-01-06 05:00:00,486,20
2023-01-06 06:00:00,1033,66
2023-01-06 07:00:00,1014,30
2023-01-06 08:00:00,1340,75
2023-01-06 09:00:00,1159,33
2023-01-06 10:00:00,1273,69
2023-01-06 11:00:00,758,19
2023-01-06 12:00:00,1618,72
2023-01-06 13:00:00,1107,28
2023-01-06 14:00:00,1060,77
2023-01-06 15:00:00,1986,43
2023-01-06 16:00:00,1743,64
2023-01-06 17:00:00,1405,29
2023-01-06 18:00:00,1444,92
2023-01-06 19:00:00,1831,38
2023-01-06 20:00:00,1624,69
2023-01-06 21:00:00,1387,31
2023-01-06 22:00:00,1126,80
2023-01-06 23:00:00,1009,29
2023-01-07 00:00:00,827,74
2023-01-07 01:00:00,771,35
2023-01-07 02:00:00,508,51
2023-01-07 03:00:00,487,24
2023-01-07 04:00:00,746,62
2023-01-07 05:00:00,596,32
2023-01-07 06:00:00,472,46
2023-01-07 07:00:00,1392,43
2023-01-07 08:00:00,841,60
2023-01-07 09:00:00,1143,32
2023-01-07 10:00:00,1294,60
2023-01-07 11:00:00,1051,29
2023-01-07 12:00:00,1174,57
2023-01-07 13:00:00,1084,25
2023-01-07 14:00:00,790,76
2023-01-07 15:00:00,1546,30
2023-01-07 16:00:00,1379,55
2023-01-07 17:00:00,1342,33
2023-01-07 18:00:00,1031,74
2023-01-07 19:00:00,1321,32
2023-01-07 20:00:00,1339,61
2023-01-07 21:00:00,983,28
2023-01-07 22:00:00,759,88
2023-01-07 23:00:00,880,35
2023-01-08 00:00:00,655,49
2023-01-08 01:00:00,494,30
2023-01-08 02:00:00,485,49
2023-01-08 03:00:00,409,31
2023-01-08 04:00:00,368,56
2023-01-08 05:00:00,347,23
2023-01-08 06:00:00,856,63
2023-01-08 07:00:00,691,26
2023-01-08 08:00:00,916,62
2023-01-08 09:00:00,815,31
2023-01-08 10:00:00,889,51
2023-01-08 11:00:00,946,30
2023-01-08 12:00:00,989,51
2023-01-08 13:00:00,839,26
2023-01-08 14:00:00,1190,74
2023-01-08 15:00:00,1089,31
2023-01-08 16:00:00,876,59
2023-01-08 17:00:00,1437,32
2023-01-08 18:00:00,831,48
2023-01-08 19:00:00,956,31
2023-01-08 20:00:00,1165,39
2023-01-08 21:00:00,1105,53
2023-01-08 22:00:00,606,72
2023-01-08 23:00:00,622,29
2023-01-09 00:00:00,856,66
2023-01-09 01:00:00,265,18
2023-01-09 02:00:00,916,61
2023-01-09 03:00:00,496,30
2023-01-09 04:00:00,598,74
2023-01-09 05:00:00,638,31
2023-01-09 06:00:00,699,119
2023-01-09 07:00:00,767,27
2023-01-09 08:00:00,1358,68
2023-01-09 09:00:00,1194,70
2023-01-09 10:00:00,1056,109
2023-01-09 11:00:00,1380,152
2023-01-09 12:00:00,878,34
2023-01-09 13:00:00,1242,91
2023-01-09 14:00:00,985,53
2023-01-09 15:00:00,1777,128
2023-01-09 16:00:00,1705,148
2023-01-09 17:00:00,1077,30
2023-01-09 18:00:00,1189,61
2023-01-09 19:00:00,1530,39
2023-01-09 20:00:00,1493,267
2023-01-09 21:00:00,1228,195
2023-01-09 22:00:00,1150,167
2023-01-09 23:00:00,873,335
2023-01-10 00:00:00,754,391
2023-01-10 01:00:00,611,221
2023-01-10 02:00:00,684,148
2023-01-10 03:00:00,531,170
2023-01-10 04:00:00,454,49
2023-01-10 05:00:00,513,31
2023-01-10 06:00:00,911,136
2023-01-10 07:00:00,1007,353
2023-01-10 08:00:00,1048,72
2023-01-10 09:00:00,1420,293
2023-01-10 10:00:00,1185,195
2023-01-10 11:00:00,911,33
2023-01-10 12:00:00,1603,57
2023-01-10 13:00:00,1230,40
2023-01-10 14:00:00,1555,117
2023-01-10 15:00:00,1442,35
2023-01-10 16:00:00,1008,65
2023-01-10 17:00:00,1649,29
2023-01-10 18:00:00,1645,75
2023-01-10 19:00:00,1227,27
2023-01-10 20:00:00,1033,80
2023-01-10 21:00:00,1424,31
2023-01-10 22:00:00,960,73
2023-01-10 23:00:00,928,27
2023-01-11 00:00:00,933,74
2023-01-11 01:00:00,693,29
2023-01-11 02:00:00,602,62
2023-01-11 03:00:00,506,29
2023-01-11 04:00:00,594,66
2023-01-11 05:00:00,579,393
2023-01-11 06:00:00,766,123
2023-01-11 07:00:00,996,94
2023-01-11 08:00:00,1230,334
2023-01-11 09:00:00,1228,143
2023-01-11 10:00:00,1133,299
2023-01-11 11:00:00,567,32
2023-01-11 12:00:00,1614,93
2023-01-11 13:00:00,821,26
2023-01-11 14:00:00,1221,61
2023-01-11 15:00:00,2150,296
2023-01-11 16:00:00,510,208
2023-01-11 17:00:00,1666,48
2023-01-11 18:00:00,1263,73
2023-01-11 19:00:00,1957,62
2023-01-11 20:00:00,1161,99
2023-01-11 21:00:00,1313,146
2023-01-11 22:00:00,560,189
2023-01-11 23:00:00,1150,47
2023-01-12 00:00:00,1238,66
2023-01-12 01:00:00,688,28
2023-01-12 02:00:00,850,187
2023-01-12 03:00:00,804,231
2023-01-12 04:00:00,714,28
2023-01-12 05:00:00,814,90
2023-01-12 06:00:00,562,40
2023-01-12 07:00:00,1626,43
2023-01-12 08:00:00,1415,83
2023-01-12 09:00:00,1334,28
2023-01-12 10:00:00,1295,71
2023-01-12 11:00:00,1289,30
2023-01-12 12:00:00,1257,72
2023-01-12 13:00:00,1318,28
2023-01-12 14:00:00,569,23
2023-01-12 15:00:00,1486,36
2023-01-12 16:00:00,862,30
2023-01-12 17:00:00,1908,62
2023-01-12 18:00:00,2533,119
2023-01-12 19:00:00,1459,31
2023-01-12 20:00:00,1601,111
2023-01-12 21:00:00,2145,28
2023-01-12 22:00:00,511,27
2023-01-12 23:00:00,2190,103
2023-01-13 00:00:00,943,83
2023-01-13 01:00:00,710,28
2023-01-13 02:00:00,887,58
2023-01-13 03:00:00,701,32
2023-01-13 04:00:00,509,62
2023-01-13 05:00:00,764,30
2023-01-13 06:00:00,987,64
2023-01-13 07:00:00,880,28
2023-01-13 08:00:00,1479,48
2023-01-13 09:00:00,1156,30
2023-01-13 10:00:00,901,79
2023-01-13 11:00:00,1838,61
2023-01-13 12:00:00,819,70
2023-01-13 13:00:00,1847,42
2023-01-13 14:00:00,1560,66
2023-01-13 15:00:00,2097,36
2023-01-13 16:00:00,1956,121
2023-01-13 17:00:00,1589,31
2023-01-13 18:00:00,1280,69
2023-01-13 19:00:00,1805,36
2023-01-13 20:00:00,1449,66
2023-01-13 21:00:00,2074,49
2023-01-13 22:00:00,1596,104
2023-01-13 23:00:00,1242,29
2023-01-14 00:00:00,1631,87
2023-01-14 01:00:00,953,19
2023-01-14 02:00:00,1479,107
2023-01-14 03:00:00,911,33
2023-01-14 04:00:00,941,89
2023-01-14 05:00:00,747,26
2023-01-14 06:00:00,1317,75
2023-01-14 07:00:00,1304,29
2023-01-14 08:00:00,1208,73
2023-01-14 09:00:00,2160,35
2023-01-14 10:00:00,1377,75
2023-01-14 11:00:00,1104,27
2023-01-14 12:00:00,1439,59
2023-01-14 13:00:00,1674,34
2023-01-14 14:00:00,1381,89
2023-01-14 15:00:00,1570,32
2023-01-14 16:00:00,1485,77
2023-01-14 17:00:00,1520,27
2023-01-14 18:00:00,1300,73
2023-01-14 19:00:00,1535,34
2023-01-14 20:00:00,633,62
2023-01-14 21:00:00,1637,47
2023-01-14 22:00:00,1108,53
2023-01-14 23:00:00,956,30
2023-01-15 00:00:00,874,30
2023-01-15 01:00:00,739,29
2023-01-15 02:00:00,386,24
2023-01-15 03:00:00,558,29
2023-01-15 04:00:00,673,43
2023-01-15 05:00:00,544,28
2023-01-15 06:00:00,660,26
2023-01-15 07:00:00,709,34
2023-01-15 08:00:00,911,21
2023-01-15 09:00:00,602,19
2023-01-15 10:00:00,1564,49
2023-01-15 11:00:00,1040,33
2023-01-15 12:00:00,989,31
2023-01-15 13:00:00,944,29
2023-01-15 14:00:00,1112,29
2023-01-15 15:00:00,1203,33
2023-01-15 16:00:00,1096,29
2023-01-15 17:00:00,1381,33
2023-01-15 18:00:00,1131,28
2023-01-15 19:00:00,1019,30
2023-01-15 20:00:00,1000,32
2023-01-15 21:00:00,954,27
2023-01-15 22:00:00,750,25
2023-01-15 23:00:00,858,38
2023-01-16 00:00:00,628,32
2023-01-16 01:00:00,527,27
2023-01-16 02:00:00,549,30
2023-01-16 03:00:00,623,34
2023-01-16 04:00:00,322,226
2023-01-16 05:00:00,765,296
2023-01-16 06:00:00,914,92
2023-01-16 07:00:00,990,54
2023-01-16 08:00:00,1127,37
2023-01-16 09:00:00,1113,29
2023-01-16 10:00:00,548,27
2023-01-16 11:00:00,1111,30
2023-01-16 12:00:00,1537,49
2023-01-16 13:00:00,1565,51
2023-01-16 14:00:00,1173,72
2023-01-16 15:00:00,1009,27
2023-01-16 16:00:00,1628,74
2023-01-16 17:00:00,1735,32
2023-01-16 18:00:00,1340,90
2023-01-16 19:00:00,1335,34
2023-01-16 20:00:00,1207,50
2023-01-16 21:00:00,1578,33
2023-01-16 22:00:00,900,84
2023-01-16 23:00:00,605,30
2023-01-17 00:00:00,793,63
2023-01-17 01:00:00,494,31
2023-01-17 02:00:00,676,49
2023-01-17 03:00:00,470,30
2023-01-17 04:00:00,354,67
2023-01-17 05:00:00,587,38
2023-01-17 06:00:00,918,50
2023-01-17 07:00:00,1061,32
2023-01-17 08:00:00,245,7
2023-01-17 09:00:00,1958,115
2023-01-17 10:00:00,1119,39
2023-01-17 11:00:00,1403,28
2023-01-17 12:00:00,1040,74
2023-01-17 13:00:00,859,29
2023-01-17 14:00:00,1306,75
2023-01-17 15:00:00,1813,43
2023-01-17 16:00:00,1276,71
2023-01-17 17:00:00,1395,26
2023-01-17 18:00:00,596,26
2023-01-17 19:00:00,2482,93
2023-01-17 20:00:00,1095,75
2023-01-17 21:00:00,1255,36
2023-01-17 22:00:00,1141,83
2023-01-17 23:00:00,917,31
2023-01-18 00:00:00,843,63
2023-01-18 01:00:00,607,34
2023-01-18 02:00:00,561,44
2023-01-18 03:00:00,704,38
2023-01-18 04:00:00,318,50
2023-01-18 05:00:00,605,29
2023-01-18 06:00:00,1272,79
2023-01-18 07:00:00,994,28
2023-01-18 08:00:00,808,60
2023-01-18 09:00:00,708,35
2023-01-18 10:00:00,1597,42
2023-01-18 11:00:00,1352,39
2023-01-18 12:00:00,1520,103
2023-01-18 13:00:00,1350,37
2023-01-18 14:00:00,1236,29
2023-01-18 15:00:00,1487,29
2023-01-18 16:00:00,881,58
2023-01-18 17:00:00,889,29
2023-01-18 18:00:00,2526,103
2023-01-18 19:00:00,1860,56
2023-01-18 20:00:00,1149,107
2023-01-18 21:00:00,941,31
2023-01-18 22:00:00,690,53
2023-01-18 23:00:00,1784,35
2023-01-19 00:00:00,816,75
2023-01-19 01:00:00,727,31
2023-01-19 02:00:00,625,79
2023-01-19 03:00:00,493,29
2023-01-19 04:00:00,662,49
2023-01-19 05:00:00,668,29
2023-01-19 06:00:00,736,65
2023-01-19 07:00:00,966,28
2023-01-19 08:00:00,1287,67
2023-01-19 09:00:00,1390,28
2023-01-19 10:00:00,1197,71
2023-01-19 11:00:00,1205,32
2023-01-19 12:00:00,1195,72
2023-01-19 13:00:00,717,17
2023-01-19 14:00:00,1689,63
2023-01-19 15:00:00,929,24
2023-01-19 16:00:00,573,20
2023-01-19 17:00:00,1579,68
2023-01-19 18:00:00,1062,59
2023-01-19 19:00:00,1633,47
2023-01-19 20:00:00,2174,108
2023-01-19 21:00:00,1742,38
2023-01-19 22:00:00,1189,107
2023-01-19 23:00:00,1073,34
2023-01-20 00:00:00,652,70
2023-01-20 01:00:00,651,29
2023-01-20 02:00:00,624,49
2023-01-20 03:00:00,534,31
2023-01-20 04:00:00,629,65
2023-01-20 05:00:00,333,17
2023-01-20 06:00:00,863,68
2023-01-20 07:00:00,819,31
2023-01-20 08:00:00,503,35
2023-01-20 09:00:00,1829,81
2023-01-20 10:00:00,1577,51
2023-01-20 11:00:00,993,29
2023-01-20 12:00:00,1309,63
2023-01-20 13:00:00,996,22
2023-01-20 14:00:00,1348,50
2023-01-20 15:00:00,2531,41
2023-01-20 16:00:00,1788,95
2023-01-20 17:00:00,1469,26
2023-01-20 18:00:00,716,93
2023-01-20 19:00:00,2195,61
2023-01-20 20:00:00,1962,67
2023-01-20 21:00:00,1645,40
2023-01-20 22:00:00,1301,68
2023-01-20 23:00:00,1546,65
2023-01-21 00:00:00,491,53
2023-01-21 01:00:00,1198,67
2023-01-21 02:00:00,227,28
2023-01-21 03:00:00,1606,68
2023-01-21 04:00:00,208,20
2023-01-21 05:00:00,887,64
2023-01-21 06:00:00,1702,50
2023-01-21 07:00:00,1064,31
2023-01-21 08:00:00,1401,91
2023-01-21 09:00:00,1105,27
2023-01-21 10:00:00,1403,60
2023-01-21 11:00:00,1624,35
2023-01-21 12:00:00,1178,85
2023-01-21 13:00:00,1487,32
2023-01-21 14:00:00,1201,90
2023-01-21 15:00:00,1510,29
2023-01-21 16:00:00,1513,59
2023-01-21 17:00:00,1713,35
2023-01-21 18:00:00,1443,69
2023-01-21 19:00:00,1199,27
2023-01-21 20:00:00,1346,71
2023-01-21 21:00:00,1121,24
2023-01-21 22:00:00,1206,88
2023-01-21 23:00:00,514,29
2023-01-22 00:00:00,516,43
2023-01-22 01:00:00,781,44
2023-01-22 02:00:00,773,49
2023-01-22 03:00:00,441,30
2023-01-22 04:00:00,495,51
2023-01-22 05:00:00,675,38
2023-01-22 06:00:00,704,67
2023-01-22 07:00:00,637,23
2023-01-22 08:00:00,818,46
2023-01-22 09:00:00,920,32
2023-01-22 10:00:00,1292,86
2023-01-22 11:00:00,921,27
2023-01-22 12:00:00,892,50
2023-01-22 13:00:00,1311,39
2023-01-22 14:00:00,939,68
2023-01-22 15:00:00,1051,35
2023-01-22 16:00:00,1284,64
2023-01-22 17:00:00,1002,73
2023-01-22 18:00:00,1082,37
2023-01-22 19:00:00,1060,32
2023-01-22 20:00:00,893,62
2023-01-22 21:00:00,1100,31
2023-01-22 22:00:00,666,41
2023-01-22 23:00:00,786,37
2023-01-23 00:00:00,743,60
2023-01-23 01:00:00,391,22
2023-01-23 02:00:00,588,81
2023-01-23 03:00:00,423,28
2023-01-23 04:00:00,489,75
2023-01-23 05:00:00,344,20
2023-01-23 06:00:00,877,52
2023-01-23 07:00:00,791,27
2023-01-23 08:00:00,852,66
2023-01-23 09:00:00,1395,34
2023-01-23 10:00:00,1221,58
2023-01-23 11:00:00,1112,29
2023-01-23 12:00:00,1271,58
2023-01-23 13:00:00,1043,25
2023-01-23 14:00:00,890,48
2023-01-23 15:00:00,1829,96
2023-01-23 16:00:00,1279,38
2023-01-23 17:00:00,1625,34
2023-01-23 18:00:00,1244,81
2023-01-23 19:00:00,929,22
2023-01-23 20:00:00,1836,98
2023-01-23 21:00:00,279,10
2023-01-23 22:00:00,1657,86
2023-01-23 23:00:00,1087,34
2023-01-24 00:00:00,417,54
2023-01-24 01:00:00,330,13
2023-01-24 02:00:00,1194,68
2023-01-24 03:00:00,387,31
2023-01-24 04:00:00,695,68
2023-01-24 05:00:00,599,29
2023-01-24 06:00:00,850,73
2023-01-24 07:00:00,998,28
2023-01-24 08:00:00,1135,56
2023-01-24 09:00:00,1146,33
2023-01-24 10:00:00,681,41
2023-01-24 11:00:00,1166,35
2023-01-24 12:00:00,1725,79
2023-01-24 13:00:00,1390,37
2023-01-24 14:00:00,790,115
2023-01-24 15:00:00,1666,27
2023-01-24 16:00:00,1196,67
2023-01-24 17:00:00,793,26
2023-01-24 18:00:00,1161,30
2023-01-24 19:00:00,1894,60
2023-01-24 20:00:00,638,60
2023-01-24 21:00:00,2192,48
2023-01-24 22:00:00,1240,64
2023-01-24 23:00:00,947,25
2023-01-25 00:00:00,496,86
2023-01-25 01:00:00,913,31
2023-01-25 02:00:00,689,78
2023-01-25 03:00:00,619,32
2023-01-25 04:00:00,468,59
2023-01-25 05:00:00,684,51
2023-01-25 06:00:00,826,39
2023-01-25 07:00:00,909,29
2023-01-25 08:00:00,1175,51
2023-01-25 09:00:00,1208,29
2023-01-25 10:00:00,1224,78
2023-01-25 11:00:00,1192,32
2023-01-25 12:00:00,1229,50
2023-01-25 13:00:00,1249,28
2023-01-25 14:00:00,1324,75
2023-01-25 15:00:00,1619,37
2023-01-25 16:00:00,1012,77
2023-01-25 17:00:00,1833,37
2023-01-25 18:00:00,1410,88
2023-01-25 19:00:00,1232,28
2023-01-25 20:00:00,1454,86
2023-01-25 21:00:00,1320,34
2023-01-25 22:00:00,1398,59
2023-01-25 23:00:00,1130,35
2023-01-26 00:00:00,784,101
2023-01-26 01:00:00,519,22
2023-01-26 02:00:00,734,52
2023-01-26 03:00:00,510,27
2023-01-26 04:00:00,441,54
2023-01-26 05:00:00,684,33
2023-01-26 06:00:00,1041,70
2023-01-26 07:00:00,1151,31
2023-01-26 08:00:00,832,55
2023-01-26 09:00:00,1481,39
2023-01-26 10:00:00,1061,74
2023-01-26 11:00:00,993,28
2023-01-26 12:00:00,1663,61
2023-01-26 13:00:00,454,10
2023-01-26 14:00:00,2215,90
2023-01-26 15:00:00,728,43
2023-01-26 16:00:00,826,44
2023-01-26 17:00:00,2292,53
2023-01-26 18:00:00,1851,85
2023-01-26 19:00:00,1357,27
2023-01-26 20:00:00,1303,84
2023-01-26 21:00:00,1272,32
2023-01-26 22:00:00,1120,64
2023-01-26 23:00:00,698,29
2023-01-27 00:00:00,886,52
2023-01-27 01:00:00,713,31
2023-01-27 02:00:00,696,75
2023-01-27 03:00:00,563,30
2023-01-27 04:00:00,587,64
2023-01-27 05:00:00,421,26
2023-01-27 06:00:00,580,30
2023-01-27 07:00:00,1668,48
2023-01-27 08:00:00,1237,68
2023-01-27 09:00:00,1215,30
2023-01-27 10:00:00,1237,85
2023-01-27 11:00:00,1090,29
2023-01-27 12:00:00,570,54
2023-01-27 13:00:00,2343,54
2023-01-27 14:00:00,1326,103
2023-01-27 15:00:00,270,7
2023-01-27 16:00:00,2000,83
2023-01-27 17:00:00,2305,31
2023-01-27 18:00:00,940,83
2023-01-27 19:00:00,1948,45
2023-01-27 20:00:00,1201,66
2023-01-27 21:00:00,1604,26
2023-01-27 22:00:00,433,29
2023-01-27 23:00:00,1763,62
2023-01-28 00:00:00,1220,78
2023-01-28 01:00:00,581,28
2023-01-28 02:00:00,658,80
2023-01-28 03:00:00,515,27
2023-01-28 04:00:00,656,66
2023-01-28 05:00:00,595,29
2023-01-28 06:00:00,903,53
2023-01-28 07:00:00,1008,30
2023-01-28 08:00:00,897,57
2023-01-28 09:00:00,1243,35
2023-01-28 10:00:00,1081,68
2023-01-28 11:00:00,1265,32
2023-01-28 12:00:00,999,71
2023-01-28 13:00:00,1033,26
2023-01-28 14:00:00,898,48
2023-01-28 15:00:00,1875,41
2023-01-28 16:00:00,1305,83
2023-01-28 17:00:00,1421,31
2023-01-28 18:00:00,1222,51
2023-01-28 19:00:00,703,18
2023-01-28 20:00:00,1524,67
2023-01-28 21:00:00,874,26
2023-01-28 22:00:00,827,52
2023-01-28 23:00:00,476,20
2023-01-29 00:00:00,830,64
2023-01-29 01:00:00,492,25
2023-01-29 02:00:00,620,84
2023-01-29 03:00:00,370,27
2023-01-29 04:00:00,495,86
2023-01-29 05:00:00,538,33
2023-01-29 06:00:00,285,26
2023-01-29 07:00:00,1150,46
2023-01-29 08:00:00,600,64
2023-01-29 09:00:00,1055,38
2023-01-29 10:00:00,1021,58
2023-01-29 11:00:00,809,26
2023-01-29 12:00:00,1161,63
2023-01-29 13:00:00,821,24
2023-01-29 14:00:00,1422,77
2023-01-29 15:00:00,1015,29
2023-01-29 16:00:00,921,49
2023-01-29 17:00:00,1336,56
2023-01-29 18:00:00,1224,65
2023-01-29 19:00:00,954,24
2023-01-29 20:00:00,1495,68
2023-01-29 21:00:00,962,30
2023-01-29 22:00:00,782,50
2023-01-29 23:00:00,710,32
2023-01-30 00:00:00,240,42
2023-01-30 01:00:00,861,49
2023-01-30 02:00:00,470,45
2023-01-30 03:00:00,451,29
2023-01-30 04:00:00,353,53
2023-01-30 05:00:00,593,47
2023-01-30 06:00:00,967,61
2023-01-30 07:00:00,1058,30
2023-01-30 08:00:00,925,68
2023-01-30 09:00:00,1397,36
2023-01-30 10:00:00,1286,59
2023-01-30 11:00:00,729,15
2023-01-30 12:00:00,1421,59
2023-01-30 13:00:00,1816,74
2023-01-30 14:00:00,1308,89
2023-01-30 15:00:00,1212,28
2023-01-30 16:00:00,1821,79
2023-01-30 17:00:00,1271,30
2023-01-30 18:00:00,263,10
2023-01-30 19:00:00,1543,45
2023-01-30 20:00:00,979,41
2023-01-30 21:00:00,2140,106
2023-01-30 22:00:00,1308,104
2023-01-30 23:00:00,704,23
2023-01-31 00:00:00,784,58
2023-01-31 01:00:00,403,31
2023-01-31 02:00:00,880,41
2023-01-31 03:00:00,622,25
2023-01-31 04:00:00,700,78
2023-01-31 05:00:00,589,33
2023-01-31 06:00:00,577,50
2023-01-31 07:00:00,1008,41
2023-01-31 08:00:00,1493,55
2023-01-31 09:00:00,1495,50
2023-01-31 10:00:00,1301,59
2023-01-31 11:00:00,1167,30
2023-01-31 12:00:00,591,44
2023-01-31 13:00:00,1536,45
2023-01-31 14:00:00,1612,80
2023-01-31 15:00:00,913,23
2023-01-31 16:00:00,1875,79
2023-01-31 17:00:00,299,12
2023-01-31 18:00:00,2480,87
2023-01-31 19:00:00,1825,29
2023-01-31 20:00:00,994,61
2023-01-31 21:00:00,1551,68
2023-01-31 22:00:00,744,49
2023-01-31 23:00:00,1403,61
2023-02-01 00:00:00,227,13
2023-02-01 01:00:00,1071,91
2023-02-01 02:00:00,883,62
2023-02-01 03:00:00,948,33
2023-02-01 04:00:00,607,60
2023-02-01 05:00:00,578,32
2023-02-01 06:00:00,690,40
2023-02-01 07:00:00,1226,36
2023-02-01 08:00:00,1545,74
2023-02-01 09:00:00,1116,26
2023-02-01 10:00:00,1686,69
2023-02-01 11:00:00,717,64
2023-02-01 12:00:00,1980,48
2023-02-01 13:00:00,246,5
2023-02-01 14:00:00,834,49
2023-02-01 15:00:00,2725,70
2023-02-01 16:00:00,2028,90
2023-02-01 17:00:00,1620,31
2023-02-01 18:00:00,1622,84
2023-02-01 19:00:00,1572,29
2023-02-01 20:00:00,1790,94
2023-02-01 21:00:00,1456,29
2023-02-01 22:00:00,1564,92
2023-02-01 23:00:00,837,29
2023-02-02 00:00:00,1106,74
2023-02-02 01:00:00,962,31
2023-02-02 02:00:00,825,89
2023-02-02 03:00:00,497,30
2023-02-02 04:00:00,888,68
2023-02-02 05:00:00,777,31
2023-02-02 06:00:00,1138,67
2023-02-02 07:00:00,1203,30
2023-02-02 08:00:00,1091,63
2023-02-02 09:00:00,1530,33
2023-02-02 10:00:00,951,56
2023-02-02 11:00:00,724,43
2023-02-02 12:00:00,1439,39
2023-02-02 13:00:00,775,26
2023-02-02 14:00:00,1736,97
2023-02-02 15:00:00,1465,25
2023-02-02 16:00:00,1963,105
2023-02-02 17:00:00,661,16
2023-02-02 18:00:00,2681,98
2023-02-02 19:00:00,2033,39
2023-02-02 20:00:00,1575,88
2023-02-02 21:00:00,1367,32
2023-02-02 22:00:00,1631,101
2023-02-02 23:00:00,870,32
2023-02-03 00:00:00,839,69
2023-02-03 01:00:00,637,31
2023-02-03 02:00:00,449,63
2023-02-03 03:00:00,822,35
2023-02-03 04:00:00,626,32
2023-02-03 05:00:00,523,73
2023-02-03 06:00:00,1156,53
2023-02-03 07:00:00,1107,35
2023-02-03 08:00:00,1385,75
2023-02-03 09:00:00,1400,39
2023-02-03 10:00:00,1228,68
2023-02-03 11:00:00,316,16
2023-02-03 12:00:00,2267,71
2023-02-03 13:00:00,1001,34
2023-02-03 14:00:00,2005,95
2023-02-03 15:00:00,1562,29
2023-02-03 16:00:00,637,41
2023-02-03 17:00:00,1482,23
2023-02-03 18:00:00,1856,54
2023-02-03 19:00:00,2289,69
2023-02-03 20:00:00,994,53
2023-02-03 21:00:00,1444,26
2023-02-03 22:00:00,1926,74
2023-02-03 23:00:00,1235,123
2023-02-04 00:00:00,1148,74
2023-02-04 01:00:00,723,23
2023-02-04 02:00:00,576,79
2023-02-04 03:00:00,834,39
2023-02-04 04:00:00,369,53
2023-02-04 05:00:00,896,48
2023-02-04 06:00:00,1078,79
2023-02-04 07:00:00,971,32
2023-02-04 08:00:00,1309,78
2023-02-04 09:00:00,949,25
2023-02-04 10:00:00,1354,65
2023-02-04 11:00:00,999,35
2023-02-04 12:00:00,1150,60
2023-02-04 13:00:00,1381,31
2023-02-04 14:00:00,1026,54
2023-02-04 15:00:00,1368,37
2023-02-04 16:00:00,1404,74
2023-02-04 17:00:00,1539,36
2023-02-04 18:00:00,1496,81
2023-02-04 19:00:00,1058,32
2023-02-04 20:00:00,1447,54
2023-02-04 21:00:00,1263,31
2023-02-04 22:00:00,927,38
2023-02-04 23:00:00,759,33
2023-02-05 00:00:00,679,32
2023-02-05 01:00:00,510,32
2023-02-05 02:00:00,412,29
2023-02-05 03:00:00,402,26
2023-02-05 04:00:00,540,41
2023-02-05 05:00:00,373,24
2023-02-05 06:00:00,820,40
2023-02-05 07:00:00,751,27
2023-02-05 08:00:00,873,32
2023-02-05 09:00:00,1002,35
2023-02-05 10:00:00,160,7
2023-02-05 11:00:00,1599,54
2023-02-05 12:00:00,1182,38
2023-02-05 13:00:00,1014,29
2023-02-05 14:00:00,1045,31
2023-02-05 15:00:00,1097,423
2023-02-05 16:00:00,1096,38
2023-02-05 17:00:00,1125,33
2023-02-05 18:00:00,1080,45
2023-02-05 19:00:00,984,22
2023-02-05 20:00:00,490,40
2023-02-05 21:00:00,1458,52
2023-02-05 22:00:00,873,52
2023-02-05 23:00:00,1080,33
2023-02-06 00:00:00,668,49
2023-02-06 01:00:00,608,30
2023-02-06 02:00:00,556,54
2023-02-06 03:00:00,499,33
2023-02-06 04:00:00,472,57
2023-02-06 05:00:00,643,35
2023-02-06 06:00:00,867,58
2023-02-06 07:00:00,693,25
2023-02-06 08:00:00,724,49
2023-02-06 09:00:00,1527,60
2023-02-06 10:00:00,1123,67
2023-02-06 11:00:00,1273,43
2023-02-06 12:00:00,326,25
2023-02-06 13:00:00,2285,81
2023-02-06 14:00:00,1046,72
2023-02-06 15:00:00,1677,42
2023-02-06 16:00:00,1640,71
2023-02-06 17:00:00,1387,31
2023-02-06 18:00:00,1218,92
2023-02-06 19:00:00,1438,34
2023-02-06 20:00:00,1208,64
2023-02-06 21:00:00,1011,28
2023-02-06 22:00:00,1080,72
2023-02-06 23:00:00,592,25
2023-02-07 00:00:00,914,98
2023-02-07 01:00:00,577,35
2023-02-07 02:00:00,597,82
2023-02-07 03:00:00,385,11
2023-02-07 04:00:00,697,74
2023-02-07 05:00:00,713,31
2023-02-07 06:00:00,948,51
2023-02-07 07:00:00,1095,35
2023-02-07 08:00:00,1045,50
2023-02-07 09:00:00,540,51
2023-02-07 10:00:00,1464,61
2023-02-07 11:00:00,711,25
2023-02-07 12:00:00,1780,68
2023-02-07 13:00:00,629,17
2023-02-07 14:00:00,2498,86
2023-02-07 15:00:00,1411,37
2023-02-07 16:00:00,1394,101
2023-02-07 17:00:00,1518,34
2023-02-07 18:00:00,1115,67
2023-02-07 19:00:00,1590,40
2023-02-07 20:00:00,1165,60
2023-02-07 21:00:00,1386,39
2023-02-07 22:00:00,805,55
2023-02-07 23:00:00,1065,41
2023-02-08 00:00:00,627,69
2023-02-08 01:00:00,452,28
2023-02-08 02:00:00,695,47
2023-02-08 03:00:00,582,35
2023-02-08 04:00:00,0,0
2023-02-08 05:00:00,789,90
2023-02-08 06:00:00,1493,66
2023-02-08 07:00:00,797,21
2023-02-08 08:00:00,1465,120
2023-02-08 09:00:00,1354,35
2023-02-08 10:00:00,1288,64
2023-02-08 11:00:00,1109,31
2023-02-08 12:00:00,1379,68
2023-02-08 13:00:00,1119,33
2023-02-08 14:00:00,573,33
2023-02-08 15:00:00,1965,64
2023-02-08 16:00:00,570,29
2023-02-08 17:00:00,2169,57
2023-02-08 18:00:00,1853,80
2023-02-08 19:00:00,1423,35
2023-02-08 20:00:00,1116,82
2023-02-08 21:00:00,594,27
2023-02-08 22:00:00,1292,73
2023-02-08 23:00:00,659,17
2023-02-09 00:00:00,853,76
2023-02-09 01:00:00,779,42
2023-02-09 02:00:00,603,49
2023-02-09 03:00:00,625,33
2023-02-09 04:00:00,467,63
2023-02-09 05:00:00,685,62
2023-02-09 06:00:00,841,65
2023-02-09 07:00:00,1285,31
2023-02-09 08:00:00,1151,59
2023-02-09 09:00:00,1630,38
2023-02-09 10:00:00,947,72
2023-02-09 11:00:00,1444,37
2023-02-09 12:00:00,1080,73
2023-02-09 13:00:00,1550,37
2023-02-09 14:00:00,1462,72
2023-02-09 15:00:00,1240,27
2023-02-09 16:00:00,1736,84
2023-02-09 17:00:00,1273,31
2023-02-09 18:00:00,1361,60
2023-02-09 19:00:00,1746,38
2023-02-09 20:00:00,1099,91
2023-02-09 21:00:00,1238,37
2023-02-09 22:00:00,1679,93
2023-02-09 23:00:00,948,30
2023-02-10 00:00:00,902,79
2023-02-10 01:00:00,765,33
2023-02-10 02:00:00,432,61
2023-02-10 03:00:00,827,43
2023-02-10 04:00:00,582,61
2023-02-10 05:00:00,677,31
2023-02-10 06:00:00,1051,51
2023-02-10 07:00:00,1035,29
2023-02-10 08:00:00,1363,70
2023-02-10 09:00:00,971,32
2023-02-10 10:00:00,632,22
2023-02-10 11:00:00,1485,66
2023-02-10 12:00:00,1433,42
2023-02-10 13:00:00,1952,39
2023-02-10 14:00:00,1410,46
2023-02-10 15:00:00,980,40
2023-02-10 16:00:00,1721,35
2023-02-10 17:00:00,2274,42
2023-02-10 18:00:00,1758,51
2023-02-10 19:00:00,863,35
2023-02-10 20:00:00,1216,30
2023-02-10 21:00:00,1889,42
2023-02-10 22:00:00,1871,110
2023-02-10 23:00:00,1312,164
2023-02-11 00:00:00,1082,103
2023-02-11 01:00:00,749,36
2023-02-11 02:00:00,707,57
2023-02-11 03:00:00,548,28
2023-02-11 04:00:00,573,75
2023-02-11 05:00:00,629,33
2023-02-11 06:00:00,1099,64
2023-02-11 07:00:00,1056,31
2023-02-11 08:00:00,1132,50
2023-02-11 09:00:00,1544,38
2023-02-11 10:00:00,1157,65
2023-02-11 11:00:00,1011,32
2023-02-11 12:00:00,1006,64
2023-02-11 13:00:00,1074,33
2023-02-11 14:00:00,1085,62
2023-02-11 15:00:00,1244,36
2023-02-11 16:00:00,1125,59
2023-02-11 17:00:00,1470,33
2023-02-11 18:00:00,1380,78
2023-02-11 19:00:00,1230,34
2023-02-11 20:00:00,1059,31
2023-02-11 21:00:00,887,30
2023-02-11 22:00:00,949,33
2023-02-11 23:00:00,0,0
2023-02-12 00:00:00,1058,66
2023-02-12 01:00:00,525,29
2023-02-12 02:00:00,593,33
2023-02-12 03:00:00,465,35
2023-02-12 04:00:00,446,31
2023-02-12 05:00:00,648,36
2023-02-12 06:00:00,687,29
2023-02-12 07:00:00,757,32
2023-02-12 08:00:00,783,32
2023-02-12 09:00:00,863,32
2023-02-12 10:00:00,787,33
2023-02-12 11:00:00,796,29
2023-02-12 12:00:00,1204,38
2023-02-12 13:00:00,955,33
2023-02-12 14:00:00,926,81
2023-02-12 15:00:00,689,336
2023-02-12 16:00:00,1308,45
2023-02-12 17:00:00,455,25
2023-02-12 18:00:00,1604,45
2023-02-12 19:00:00,1123,32
2023-02-12 20:00:00,926,39
2023-02-12 21:00:00,1359,38
2023-02-12 22:00:00,948,58
2023-02-12 23:00:00,352,18
2023-02-13 00:00:00,650,69
2023-02-13 01:00:00,439,33
2023-02-13 02:00:00,499,47
2023-02-13 03:00:00,356,33
2023-02-13 04:00:00,474,49
2023-02-13 05:00:00,579,32
2023-02-13 06:00:00,604,57
2023-02-13 07:00:00,1116,39
2023-02-13 08:00:00,822,51
2023-02-13 09:00:00,1481,51
2023-02-13 10:00:00,1227,96
2023-02-13 11:00:00,1215,35
2023-02-13 12:00:00,264,15
2023-02-13 13:00:00,1602,88
2023-02-13 14:00:00,1886,53
2023-02-13 15:00:00,1138,34
2023-02-13 16:00:00,1407,77
2023-02-13 17:00:00,1523,31
2023-02-13 18:00:00,1383,84
2023-02-13 19:00:00,1373,53
2023-02-13 20:00:00,1279,58
2023-02-13 21:00:00,968,27
2023-02-13 22:00:00,983,76
2023-02-13 23:00:00,1195,38
2023-02-14 00:00:00,727,77
2023-02-14 01:00:00,553,26
2023-02-14 02:00:00,594,60
2023-02-14 03:00:00,633,42
2023-02-14 04:00:00,451,49
2023-02-14 05:00:00,655,30
2023-02-14 06:00:00,920,71
2023-02-14 07:00:00,933,33
2023-02-14 08:00:00,1033,34
2023-02-14 09:00:00,1810,84
2023-02-14 10:00:00,916,36
2023-02-14 11:00:00,1599,39
2023-02-14 12:00:00,1321,40
2023-02-14 13:00:00,1256,31
2023-02-14 14:00:00,365,13
2023-02-14 15:00:00,1901,52
2023-02-14 16:00:00,1175,34
2023-02-14 17:00:00,928,19
2023-02-14 18:00:00,1704,40
2023-02-14 19:00:00,1268,35
2023-02-14 20:00:00,1939,38
2023-02-14 21:00:00,855,35
2023-02-14 22:00:00,939,26
2023-02-14 23:00:00,545,25
2023-02-15 00:00:00,995,41
2023-02-15 01:00:00,257,36
2023-02-15 02:00:00,347,35
2023-02-15 03:00:00,1041,33
2023-02-15 04:00:00,604,32
2023-02-15 05:00:00,790,33
2023-02-15 06:00:00,168,22
2023-02-15 07:00:00,1736,42
2023-02-15 08:00:00,1192,33
2023-02-15 09:00:00,1110,95
2023-02-15 10:00:00,1109,73
2023-02-15 11:00:00,1432,398
2023-02-15 12:00:00,1253,39
2023-02-15 13:00:00,869,20
2023-02-15 14:00:00,1029,44
2023-02-15 15:00:00,1289,39
2023-02-15 16:00:00,1612,41
2023-02-15 17:00:00,1822,61
2023-02-15 18:00:00,1904,107
2023-02-15 19:00:00,1621,33
2023-02-15 20:00:00,1519,90
2023-02-15 21:00:00,1080,25
2023-02-15 22:00:00,1475,89
2023-02-15 23:00:00,1280,35
2023-02-16 00:00:00,1306,98
2023-02-16 01:00:00,839,31
2023-02-16 02:00:00,858,83
2023-02-16 03:00:00,404,18
2023-02-16 04:00:00,1075,71
2023-02-16 05:00:00,1030,37
2023-02-16 06:00:00,2495,82
2023-02-16 07:00:00,3809,43
2023-02-16 08:00:00,1464,30
2023-02-16 09:00:00,1184,26
2023-02-16 10:00:00,1810,40
2023-02-16 11:00:00,1409,35
2023-02-16 12:00:00,1646,31
2023-02-16 13:00:00,1538,31
2023-02-16 14:00:00,1583,34
2023-02-16 15:00:00,1521,35
2023-02-16 16:00:00,1797,105
2023-02-16 17:00:00,1727,156
2023-02-16 18:00:00,1158,64
2023-02-16 19:00:00,812,26
2023-02-16 20:00:00,1652,48
2023-02-16 21:00:00,1946,84
2023-02-16 22:00:00,1217,46
2023-02-16 23:00:00,1527,52
2023-02-17 00:00:00,1027,100
2023-02-17 01:00:00,654,65
2023-02-17 02:00:00,849,67
2023-02-17 03:00:00,532,30
2023-02-17 04:00:00,617,63
2023-02-17 05:00:00,496,26
2023-02-17 06:00:00,832,49
2023-02-17 07:00:00,871,26
2023-02-17 08:00:00,1340,67
2023-02-17 09:00:00,1614,36
2023-02-17 10:00:00,912,50
2023-02-17 11:00:00,1442,84
2023-02-17 12:00:00,1159,54
2023-02-17 13:00:00,1427,65
2023-02-17 14:00:00,1057,36
2023-02-17 15:00:00,1821,34
2023-02-17 16:00:00,1388,70
2023-02-17 17:00:00,926,26
2023-02-17 18:00:00,1964,77
2023-02-17 19:00:00,775,33
2023-02-17 20:00:00,2769,122
2023-02-17 21:00:00,1686,31
2023-02-17 22:00:00,1056,55
2023-02-17 23:00:00,1419,90
2023-02-18 00:00:00,696,80
2023-02-18 01:00:00,662,30
2023-02-18 02:00:00,684,65
2023-02-18 03:00:00,453,33
2023-02-18 04:00:00,600,37
2023-02-18 05:00:00,562,36
2023-02-18 06:00:00,1171,85
2023-02-18 07:00:00,1086,58
2023-02-18 08:00:00,933,65
2023-02-18 09:00:00,585,22
2023-02-18 10:00:00,1831,77
2023-02-18 11:00:00,1234,36
2023-02-18 12:00:00,425,56
2023-02-18 13:00:00,1515,36
2023-02-18 14:00:00,1771,83
2023-02-18 15:00:00,1019,144
2023-02-18 16:00:00,1623,92
2023-02-18 17:00:00,2014,34
2023-02-18 18:00:00,1875,86
2023-02-18 19:00:00,1473,32
2023-02-18 20:00:00,669,52
2023-02-18 21:00:00,1676,52
2023-02-18 22:00:00,1055,59
2023-02-18 23:00:00,983,48
2023-02-19 00:00:00,1075,43
2023-02-19 01:00:00,542,32
2023-02-19 02:00:00,731,61
2023-02-19 03:00:00,866,42
2023-02-19 04:00:00,584,61
2023-02-19 05:00:00,1261,32
2023-02-19 06:00:00,630,67
2023-02-19 07:00:00,764,17
2023-02-19 08:00:00,1585,83
2023-02-19 09:00:00,633,27
2023-02-19 10:00:00,1084,75
2023-02-19 11:00:00,935,33
2023-02-19 12:00:00,719,64
2023-02-19 13:00:00,1116,37
2023-02-19 14:00:00,906,57
2023-02-19 15:00:00,1024,32
2023-02-19 16:00:00,1412,81
2023-02-19 17:00:00,1297,27
2023-02-19 18:00:00,1477,86
2023-02-19 19:00:00,1379,30
2023-02-19 20:00:00,387,50
2023-02-19 21:00:00,1660,63
2023-02-19 22:00:00,1202,56
2023-02-19 23:00:00,936,40
2023-02-20 00:00:00,255,24
2023-02-20 01:00:00,832,77
2023-02-20 02:00:00,442,65
2023-02-20 03:00:00,484,36
2023-02-20 04:00:00,402,56
2023-02-20 05:00:00,544,36
2023-02-20 06:00:00,587,46
2023-02-20 07:00:00,911,33
2023-02-20 08:00:00,1092,55
2023-02-20 09:00:00,1236,33
2023-02-20 10:00:00,1103,62
2023-02-20 11:00:00,1369,34
2023-02-20 12:00:00,708,67
2023-02-20 13:00:00,1290,40
2023-02-20 14:00:00,1355,88
2023-02-20 15:00:00,1367,25
2023-02-20 16:00:00,536,22
2023-02-20 17:00:00,1057,31
2023-02-20 18:00:00,2531,125
2023-02-20 19:00:00,1173,31
2023-02-20 20:00:00,1002,59
2023-02-20 21:00:00,1076,67
2023-02-20 22:00:00,884,55
2023-02-20 23:00:00,675,29
2023-02-21 00:00:00,450,36
2023-02-21 01:00:00,601,38
2023-02-21 02:00:00,701,40
2023-02-21 03:00:00,281,19
2023-02-21 04:00:00,538,46
2023-02-21 05:00:00,819,151
2023-02-21 06:00:00,579,25
2023-02-21 07:00:00,1204,42
2023-02-21 08:00:00,809,46
2023-02-21 09:00:00,1487,40
2023-02-21 10:00:00,623,69
2023-02-21 11:00:00,1510,45
2023-02-21 12:00:00,1079,54
2023-02-21 13:00:00,1504,41
2023-02-21 14:00:00,1749,76
2023-02-21 15:00:00,1110,33
2023-02-21 16:00:00,1608,90
2023-02-21 17:00:00,2497,34
2023-02-21 18:00:00,1812,101
2023-02-21 19:00:00,1387,37
2023-02-21 20:00:00,273,14
2023-02-21 21:00:00,1575,95
2023-02-21 22:00:00,1003,48
2023-02-21 23:00:00,1032,31
2023-02-22 00:00:00,690,77
2023-02-22 01:00:00,589,30
2023-02-22 02:00:00,713,62
2023-02-22 03:00:00,451,25
2023-02-22 04:00:00,610,71
2023-02-22 05:00:00,297,18
2023-02-22 06:00:00,1011,74
2023-02-22 07:00:00,488,16
2023-02-22 08:00:00,480,33
2023-02-22 09:00:00,2139,85
2023-02-22 10:00:00,1116,59
2023-02-22 11:00:00,1129,44
2023-02-22 12:00:00,1403,49
2023-02-22 13:00:00,1035,36
2023-02-22 14:00:00,1425,75
2023-02-22 15:00:00,1444,38
2023-02-22 16:00:00,1328,81
2023-02-22 17:00:00,1818,39
2023-02-22 18:00:00,1426,80
2023-02-22 19:00:00,527,17
2023-02-22 20:00:00,1483,68
2023-02-22 21:00:00,1260,33
2023-02-22 22:00:00,1443,86
2023-02-22 23:00:00,1532,31
2023-02-23 00:00:00,783,70
2023-02-23 01:00:00,539,34
2023-02-23 02:00:00,529,62
2023-02-23 03:00:00,681,41
2023-02-23 04:00:00,449,57
2023-02-23 05:00:00,782,53
2023-02-23 06:00:00,900,75
2023-02-23 07:00:00,908,30
2023-02-23 08:00:00,827,57
2023-02-23 09:00:00,1197,42
2023-02-23 10:00:00,1487,57
2023-02-23 11:00:00,905,32
2023-02-23 12:00:00,1257,45
2023-02-23 13:00:00,1063,27
2023-02-23 14:00:00,1428,108
2023-02-23 15:00:00,2444,37
2023-02-23 16:00:00,1549,83
2023-02-23 17:00:00,1150,26
2023-02-23 18:00:00,1473,85
2023-02-23 19:00:00,1386,34
2023-02-23 20:00:00,1476,85
2023-02-23 21:00:00,372,18
2023-02-23 22:00:00,1721,75
2023-02-23 23:00:00,959,32
2023-02-24 00:00:00,739,86
2023-02-24 01:00:00,386,19
2023-02-24 02:00:00,595,63
2023-02-24 03:00:00,812,32
2023-02-24 04:00:00,666,88
2023-02-24 05:00:00,605,33
2023-02-24 06:00:00,732,62
2023-02-24 07:00:00,923,36
2023-02-24 08:00:00,1260,62
2023-02-24 09:00:00,1014,25
2023-02-24 10:00:00,1416,78
2023-02-24 11:00:00,1153,27
2023-02-24 12:00:00,1216,75
2023-02-24 13:00:00,1538,36
2023-02-24 14:00:00,1479,74
2023-02-24 15:00:00,1561,37
2023-02-24 16:00:00,1311,32
2023-02-24 17:00:00,951,39
2023-02-24 18:00:00,1889,123
2023-02-24 19:00:00,1749,61
2023-02-24 20:00:00,1247,83
2023-02-24 21:00:00,1348,34
2023-02-24 22:00:00,934,76
2023-02-24 23:00:00,1284,32
2023-02-25 00:00:00,814,66
2023-02-25 01:00:00,880,32
2023-02-25 02:00:00,602,62
2023-02-25 03:00:00,381,27
2023-02-25 04:00:00,536,53
2023-02-25 05:00:00,697,37
2023-02-25 06:00:00,701,54
2023-02-25 07:00:00,754,25
2023-02-25 08:00:00,1087,71
2023-02-25 09:00:00,766,35
2023-02-25 10:00:00,762,58
2023-02-25 11:00:00,630,26
2023-02-25 12:00:00,961,39
2023-02-25 13:00:00,547,34
2023-02-25 14:00:00,1351,75
2023-02-25 15:00:00,1555,30
2023-02-25 16:00:00,1324,77
2023-02-25 17:00:00,1308,36
2023-02-25 18:00:00,233,8
2023-02-25 19:00:00,1366,59
2023-02-25 20:00:00,1185,96
2023-02-25 21:00:00,1266,38
2023-02-25 22:00:00,0,0
2023-02-25 23:00:00,1324,117
2023-02-26 00:00:00,616,53
2023-02-26 01:00:00,586,32
2023-02-26 02:00:00,563,73
2023-02-26 03:00:00,500,36
2023-02-26 04:00:00,282,34
2023-02-26 05:00:00,508,37
2023-02-26 06:00:00,633,41
2023-02-26 07:00:00,973,45
2023-02-26 08:00:00,891,54
2023-02-26 09:00:00,895,38
2023-02-26 10:00:00,515,51
2023-02-26 11:00:00,1256,59
2023-02-26 12:00:00,883,56
2023-02-26 13:00:00,973,32
2023-02-26 14:00:00,1013,62
2023-02-26 15:00:00,987,30
2023-02-26 16:00:00,911,79
2023-02-26 17:00:00,1269,38
2023-02-26 18:00:00,946,55
2023-02-26 19:00:00,1124,35
2023-02-26 20:00:00,956,67
2023-02-26 21:00:00,1029,36
2023-02-26 22:00:00,777,54
2023-02-26 23:00:00,578,28
2023-02-27 00:00:00,565,59
2023-02-27 01:00:00,464,28
2023-02-27 02:00:00,532,48
2023-02-27 03:00:00,444,34
2023-02-27 04:00:00,274,62
2023-02-27 05:00:00,511,38
2023-02-27 06:00:00,574,40
2023-02-27 07:00:00,848,42
2023-02-27 08:00:00,1054,76
2023-02-27 09:00:00,1385,36
2023-02-27 10:00:00,1008,67
2023-02-27 11:00:00,1179,27
2023-02-27 12:00:00,247,14
2023-02-27 13:00:00,803,50
2023-02-27 14:00:00,1431,41
2023-02-27 15:00:00,2001,68
2023-02-27 16:00:00,1354,63
2023-02-27 17:00:00,1817,99
2023-02-27 18:00:00,1040,84
2023-02-27 19:00:00,1031,31
2023-02-27 20:00:00,1557,62
2023-02-27 21:00:00,1361,30
2023-02-27 22:00:00,1393,103
2023-02-27 23:00:00,706,31
2023-02-28 00:00:00,716,63
2023-02-28 01:00:00,186,32
2023-02-28 02:00:00,957,51
2023-02-28 03:00:00,560,37
2023-02-28 04:00:00,389,48
2023-02-28 05:00:00,909,45
2023-02-28 06:00:00,463,42
2023-02-28 07:00:00,1034,38
2023-02-28 08:00:00,1295,67
2023-02-28 09:00:00,1562,38
2023-02-28 10:00:00,1326,78
2023-02-28 11:00:00,1304,33
2023-02-28 12:00:00,1068,66
2023-02-28 13:00:00,1166,41
2023-02-28 14:00:00,947,33
2023-02-28 15:00:00,1277,35
2023-02-28 16:00:00,1205,42
2023-02-28 17:00:00,2530,88
2023-02-28 18:00:00,1397,87
2023-02-28 19:00:00,1544,40
2023-02-28 20:00:00,944,45
2023-02-28 21:00:00,904,30
2023-02-28 22:00:00,1240,41
2023-02-28 23:00:00,1246,94
2023-03-01 00:00:00,755,77
2023-03-01 01:00:00,951,37
2023-03-01 02:00:00,720,68
2023-03-01 03:00:00,404,43
2023-03-01 04:00:00,629,44
2023-03-01 05:00:00,745,36
2023-03-01 06:00:00,890,66
2023-03-01 07:00:00,1357,39
2023-03-01 08:00:00,724,61
2023-03-01 09:00:00,1835,48
2023-03-01 10:00:00,1012,44
2023-03-01 11:00:00,1639,55
2023-03-01 12:00:00,1553,111
2023-03-01 13:00:00,1390,31
2023-03-01 14:00:00,1454,64
2023-03-01 15:00:00,1496,73
2023-03-01 16:00:00,1794,40
2023-03-01 17:00:00,1614,31
2023-03-01 18:00:00,1453,91
2023-03-01 19:00:00,1897,37
2023-03-01 20:00:00,1041,64
2023-03-01 21:00:00,1577,41
2023-03-01 22:00:00,1145,78
2023-03-01 23:00:00,915,31
2023-03-02 00:00:00,899,70
2023-03-02 01:00:00,636,31
2023-03-02 02:00:00,754,73
2023-03-02 03:00:00,421,29
2023-03-02 04:00:00,406,63
2023-03-02 05:00:00,984,42
2023-03-02 06:00:00,945,59
2023-03-02 07:00:00,947,31
2023-03-02 08:00:00,1455,65
2023-03-02 09:00:00,553,18
2023-03-02 10:00:00,1913,62
2023-03-02 11:00:00,1288,34
2023-03-02 12:00:00,1467,100
2023-03-02 13:00:00,803,20
2023-03-02 14:00:00,767,42
2023-03-02 15:00:00,1228,32
2023-03-02 16:00:00,2285,53
2023-03-02 17:00:00,1278,66
2023-03-02 18:00:00,1694,100
2023-03-02 19:00:00,735,25
2023-03-02 20:00:00,1139,54
2023-03-02 21:00:00,2281,61
2023-03-02 22:00:00,1079,74
2023-03-02 23:00:00,1080,37
2023-03-03 00:00:00,977,69
2023-03-03 01:00:00,983,37
2023-03-03 02:00:00,737,70
2023-03-03 03:00:00,679,34
2023-03-03 04:00:00,566,89
2023-03-03 05:00:00,736,35
2023-03-03 06:00:00,1141,50
2023-03-03 07:00:00,1008,31
2023-03-03 08:00:00,754,66
2023-03-03 09:00:00,1334,34
2023-03-03 10:00:00,1486,74
2023-03-03 11:00:00,1690,37
2023-03-03 12:00:00,982,94
2023-03-03 13:00:00,1505,32
2023-03-03 14:00:00,1314,48
2023-03-03 15:00:00,2050,38
2023-03-03 16:00:00,1676,93
2023-03-03 17:00:00,1491,33
2023-03-03 18:00:00,1869,85
2023-03-03 19:00:00,1381,24
2023-03-03 20:00:00,516,39
2023-03-03 21:00:00,2642,88
2023-03-03 22:00:00,1127,96
2023-03-03 23:00:00,1294,39
2023-03-04 00:00:00,680,80
2023-03-04 01:00:00,584,33
2023-03-04 02:00:00,619,54
2023-03-04 03:00:00,687,29
2023-03-04 04:00:00,598,57
2023-03-04 05:00:00,492,27
2023-03-04 06:00:00,738,63
2023-03-04 07:00:00,690,29
2023-03-04 08:00:00,1918,63
2023-03-04 09:00:00,994,29
2023-03-04 10:00:00,1377,78
2023-03-04 11:00:00,889,25
2023-03-04 12:00:00,952,69
2023-03-04 13:00:00,1433,35
2023-03-04 14:00:00,586,59
2023-03-04 15:00:00,1571,48
2023-03-04 16:00:00,1681,69
2023-03-04 17:00:00,1067,27
2023-03-04 18:00:00,1249,72
2023-03-04 19:00:00,1294,30
2023-03-04 20:00:00,839,53
2023-03-04 21:00:00,1419,41
2023-03-04 22:00:00,1123,91
2023-03-04 23:00:00,571,24
2023-03-05 00:00:00,630,71
2023-03-05 01:00:00,563,36
2023-03-05 02:00:00,421,50
2023-03-05 03:00:00,510,39
2023-03-05 04:00:00,515,45
2023-03-05 05:00:00,385,21
2023-03-05 06:00:00,2843,58
2023-03-05 07:00:00,2097,38
2023-03-05 08:00:00,669,72
2023-03-05 09:00:00,1059,64
2023-03-05 10:00:00,959,58
2023-03-05 11:00:00,762,28
2023-03-05 12:00:00,862,53
2023-03-05 13:00:00,933,36
2023-03-05 14:00:00,866,49
2023-03-05 15:00:00,680,38
2023-03-05 16:00:00,1694,44
2023-03-05 17:00:00,904,25
2023-03-05 18:00:00,1238,101
2023-03-05 19:00:00,929,24
2023-03-05 20:00:00,1202,56
2023-03-05 21:00:00,890,29
2023-03-05 22:00:00,1025,91
2023-03-05 23:00:00,237,14
2023-03-06 00:00:00,831,68
2023-03-06 01:00:00,578,32
2023-03-06 02:00:00,370,67
2023-03-06 03:00:00,527,31
2023-03-06 04:00:00,547,56
2023-03-06 05:00:00,547,32
2023-03-06 06:00:00,600,32
2023-03-06 07:00:00,862,31
2023-03-06 08:00:00,1488,36
2023-03-06 09:00:00,1119,134
2023-03-06 10:00:00,903,48
2023-03-06 11:00:00,1209,40
2023-03-06 12:00:00,491,39
2023-03-06 13:00:00,1564,78
2023-03-06 14:00:00,689,46
2023-03-06 15:00:00,842,31
2023-03-06 16:00:00,1484,56
2023-03-06 17:00:00,1729,38
2023-03-06 18:00:00,1011,38
2023-03-06 19:00:00,1494,61
2023-03-06 20:00:00,1483,52
2023-03-06 21:00:00,896,31
2023-03-06 22:00:00,1349,133
2023-03-06 23:00:00,1276,30
2023-03-07 00:00:00,1056,62
2023-03-07 01:00:00,839,33
2023-03-07 02:00:00,583,87
2023-03-07 03:00:00,603,33
2023-03-07 04:00:00,595,59
2023-03-07 05:00:00,694,33
2023-03-07 06:00:00,841,62
2023-03-07 07:00:00,1172,32
2023-03-07 08:00:00,1164,86
2023-03-07 09:00:00,1262,33
2023-03-07 10:00:00,1186,59
2023-03-07 11:00:00,1047,27
2023-03-07 12:00:00,1464,79
2023-03-07 13:00:00,1063,34
2023-03-07 14:00:00,1471,72
2023-03-07 15:00:00,3341,38
2023-03-07 16:00:00,1212,50
2023-03-07 17:00:00,1570,67
2023-03-07 18:00:00,1413,98
2023-03-07 19:00:00,1061,30
2023-03-07 20:00:00,1513,72
2023-03-07 21:00:00,1095,26
2023-03-07 22:00:00,1260,84
2023-03-07 23:00:00,913,34
2023-03-08 00:00:00,598,77
2023-03-08 01:00:00,628,34
2023-03-08 02:00:00,598,57
2023-03-08 03:00:00,528,32
2023-03-08 04:00:00,461,56
2023-03-08 05:00:00,982,34
2023-03-08 06:00:00,899,50
2023-03-08 07:00:00,793,27
2023-03-08 08:00:00,1322,66
2023-03-08 09:00:00,1265,32
2023-03-08 10:00:00,805,62
2023-03-08 11:00:00,1148,41
2023-03-08 12:00:00,1589,52
2023-03-08 13:00:00,1257,31
2023-03-08 14:00:00,829,86
2023-03-08 15:00:00,266,16
2023-03-08 16:00:00,2520,75
2023-03-08 17:00:00,1912,39
2023-03-08 18:00:00,0,0
2023-03-08 19:00:00,1242,62
2023-03-08 20:00:00,1832,41
2023-03-08 21:00:00,1451,43
2023-03-08 22:00:00,781,38
2023-03-08 23:00:00,1037,31
2023-03-09 00:00:00,1175,64
2023-03-09 01:00:00,719,38
2023-03-09 02:00:00,423,51
2023-03-09 03:00:00,665,84
2023-03-09 04:00:00,481,126
2023-03-09 05:00:00,732,39
2023-03-09 06:00:00,220,31
2023-03-09 07:00:00,1877,70
2023-03-09 08:00:00,1124,71
2023-03-09 09:00:00,852,33
2023-03-09 10:00:00,1108,36
2023-03-09 11:00:00,1449,63
2023-03-09 12:00:00,1489,70
2023-03-09 13:00:00,909,26
2023-03-09 14:00:00,685,29
2023-03-09 15:00:00,275,13
2023-03-09 16:00:00,3177,119
2023-03-09 17:00:00,1697,39
2023-03-09 18:00:00,1460,109
2023-03-09 19:00:00,1084,28
2023-03-09 20:00:00,1718,45
2023-03-09 21:00:00,1482,38
2023-03-09 22:00:00,1141,42
2023-03-09 23:00:00,1435,157
2023-03-10 00:00:00,1136,84
2023-03-10 01:00:00,1005,39
2023-03-10 02:00:00,587,63
2023-03-10 03:00:00,196,38
2023-03-10 04:00:00,854,42
2023-03-10 05:00:00,831,35
2023-03-10 06:00:00,888,67
2023-03-10 07:00:00,338,36
2023-03-10 08:00:00,931,16
2023-03-10 09:00:00,2725,76
2023-03-10 10:00:00,1119,95
2023-03-10 11:00:00,1152,32
2023-03-10 12:00:00,1639,66
2023-03-10 13:00:00,1172,29
2023-03-10 14:00:00,1412,112
2023-03-10 15:00:00,1223,32
2023-03-10 16:00:00,1885,61
2023-03-10 17:00:00,1172,20
2023-03-10 18:00:00,1835,60
2023-03-10 19:00:00,956,61
2023-03-10 20:00:00,1748,91
2023-03-10 21:00:00,1389,31
2023-03-10 22:00:00,1497,90
2023-03-10 23:00:00,927,32
2023-03-11 00:00:00,967,82
2023-03-11 01:00:00,470,26
2023-03-11 02:00:00,845,46
2023-03-11 03:00:00,725,39
2023-03-11 04:00:00,494,82
2023-03-11 05:00:00,603,28
2023-03-11 06:00:00,1094,70
2023-03-11 07:00:00,1223,34
2023-03-11 08:00:00,969,70
2023-03-11 09:00:00,1243,35
2023-03-11 10:00:00,893,77
2023-03-11 11:00:00,1261,35
2023-03-11 12:00:00,1166,58
2023-03-11 13:00:00,1094,29
2023-03-11 14:00:00,1419,63
2023-03-11 15:00:00,1124,29
2023-03-11 16:00:00,1374,93
2023-03-11 17:00:00,1270,26
2023-03-11 18:00:00,965,79
2023-03-11 19:00:00,1399,43
2023-03-11 20:00:00,923,47
2023-03-11 21:00:00,850,31
2023-03-11 22:00:00,1375,74
2023-03-11 23:00:00,665,32
2023-03-12 00:00:00,659,59
2023-03-12 01:00:00,456,31
2023-03-12 02:00:00,351,41
2023-03-12 03:00:00,578,43
2023-03-12 04:00:00,463,74
2023-03-12 05:00:00,616,34
2023-03-12 06:00:00,669,51
2023-03-12 07:00:00,906,40
2023-03-12 08:00:00,588,59
2023-03-12 09:00:00,818,33
2023-03-12 10:00:00,805,63
2023-03-12 11:00:00,924,27
2023-03-12 12:00:00,1151,69
2023-03-12 13:00:00,640,20
2023-03-12 14:00:00,1502,99
2023-03-12 15:00:00,878,29
2023-03-12 16:00:00,1314,62
2023-03-12 17:00:00,683,20
2023-03-12 18:00:00,1604,79
2023-03-12 19:00:00,1186,29
2023-03-12 20:00:00,1061,95
2023-03-12 21:00:00,1098,33
2023-03-12 22:00:00,962,70
2023-03-12 23:00:00,315,13
2023-03-13 00:00:00,1000,76
2023-03-13 01:00:00,122,5
2023-03-13 02:00:00,994,112
2023-03-13 03:00:00,454,21
2023-03-13 04:00:00,597,66
2023-03-13 05:00:00,421,23
2023-03-13 06:00:00,1228,91
2023-03-13 07:00:00,612,26
2023-03-13 08:00:00,1539,59
2023-03-13 09:00:00,1206,34
2023-03-13 10:00:00,1004,77
2023-03-13 11:00:00,1399,39
2023-03-13 12:00:00,1443,69
2023-03-13 13:00:00,1367,93
2023-03-13 14:00:00,1598,45
2023-03-13 15:00:00,2008,29
2023-03-13 16:00:00,1976,81
2023-03-13 17:00:00,2160,90
2023-03-13 18:00:00,1614,107
2023-03-13 19:00:00,1607,38
2023-03-13 20:00:00,527,29
2023-03-13 21:00:00,1062,25
2023-03-13 22:00:00,2711,112
2023-03-13 23:00:00,927,28
2023-03-14 00:00:00,918,86
2023-03-14 01:00:00,757,28
2023-03-14 02:00:00,662,72
2023-03-14 03:00:00,830,40
2023-03-14 04:00:00,491,52
2023-03-14 05:00:00,712,39
2023-03-14 06:00:00,1067,83
2023-03-14 07:00:00,1190,36
2023-03-14 08:00:00,1397,64
2023-03-14 09:00:00,625,21
2023-03-14 10:00:00,1597,53
2023-03-14 11:00:00,986,40
2023-03-14 12:00:00,2329,77
2023-03-14 13:00:00,2236,34
2023-03-14 14:00:00,2211,70
2023-03-14 15:00:00,1744,123
2023-03-14 16:00:00,2101,58
2023-03-14 17:00:00,1575,37
2023-03-14 18:00:00,1377,37
2023-03-14 19:00:00,2194,50
2023-03-14 20:00:00,1327,142
2023-03-14 21:00:00,722,16
2023-03-14 22:00:00,1254,58
2023-03-14 23:00:00,1194,47
2023-03-15 00:00:00,1171,87
2023-03-15 01:00:00,566,23
2023-03-15 02:00:00,766,58
2023-03-15 03:00:00,578,37
2023-03-15 04:00:00,468,58
2023-03-15 05:00:00,683,34
2023-03-15 06:00:00,1164,64
2023-03-15 07:00:00,564,16
2023-03-15 08:00:00,1402,66
2023-03-15 09:00:00,1130,39
2023-03-15 10:00:00,719,28
2023-03-15 11:00:00,2229,69
2023-03-15 12:00:00,692,28
2023-03-15 13:00:00,1410,40
2023-03-15 14:00:00,1397,48
2023-03-15 15:00:00,2143,119
2023-03-15 16:00:00,1676,61
2023-03-15 17:00:00,1857,37
2023-03-15 18:00:00,1321,112
2023-03-15 19:00:00,1471,42
2023-03-15 20:00:00,1230,61
2023-03-15 21:00:00,788,20
2023-03-15 22:00:00,1548,83
2023-03-15 23:00:00,827,28
2023-03-16 00:00:00,790,77
2023-03-16 01:00:00,581,31
2023-03-16 02:00:00,499,53
2023-03-16 03:00:00,627,43
2023-03-16 04:00:00,394,65
2023-03-16 05:00:00,816,42
2023-03-16 06:00:00,879,66
2023-03-16 07:00:00,1000,32
2023-03-16 08:00:00,1032,45
2023-03-16 09:00:00,1119,30
2023-03-16 10:00:00,968,47
2023-03-16 11:00:00,1402,40
2023-03-16 12:00:00,1494,63
2023-03-16 13:00:00,976,57
2023-03-16 14:00:00,739,49
2023-03-16 15:00:00,1483,62
2023-03-16 16:00:00,1806,34
2023-03-16 17:00:00,874,24
2023-03-16 18:00:00,2002,58
2023-03-16 19:00:00,963,29
2023-03-16 20:00:00,1761,55
2023-03-16 21:00:00,873,95
2023-03-16 22:00:00,1851,121
2023-03-16 23:00:00,1080,31
2023-03-17 00:00:00,945,94
2023-03-17 01:00:00,452,19
2023-03-17 02:00:00,596,52
2023-03-17 03:00:00,1100,51
2023-03-17 04:00:00,642,76
2023-03-17 05:00:00,540,28
2023-03-17 06:00:00,1106,65
2023-03-17 07:00:00,1185,30
2023-03-17 08:00:00,1555,62
2023-03-17 09:00:00,1159,49
2023-03-17 10:00:00,2123,93
2023-03-17 11:00:00,1383,26
2023-03-17 12:00:00,2057,141
2023-03-17 13:00:00,1942,30
2023-03-17 14:00:00,688,19
2023-03-17 15:00:00,979,50
2023-03-17 16:00:00,1790,40
2023-03-17 17:00:00,2949,54
2023-03-17 18:00:00,1279,58
2023-03-17 19:00:00,1644,28
2023-03-17 20:00:00,2046,55
2023-03-17 21:00:00,1434,145
2023-03-17 22:00:00,1920,93
2023-03-17 23:00:00,1108,32
2023-03-18 00:00:00,1030,89
2023-03-18 01:00:00,809,38
2023-03-18 02:00:00,757,77
2023-03-18 03:00:00,783,36
2023-03-18 04:00:00,839,74
2023-03-18 05:00:00,651,28
2023-03-18 06:00:00,993,85
2023-03-18 07:00:00,1270,35
2023-03-18 08:00:00,1143,57
2023-03-18 09:00:00,924,25
2023-03-18 10:00:00,1566,66
2023-03-18 11:00:00,984,31
2023-03-18 12:00:00,1040,62
2023-03-18 13:00:00,995,28
2023-03-18 14:00:00,1802,60
2023-03-18 15:00:00,1116,27
2023-03-18 16:00:00,1446,99
2023-03-18 17:00:00,1656,33
2023-03-18 18:00:00,1392,79
2023-03-18 19:00:00,1185,33
2023-03-18 20:00:00,1201,70
2023-03-18 21:00:00,518,16
2023-03-18 22:00:00,0,0
2023-03-18 23:00:00,1815,98
2023-03-19 00:00:00,755,70
2023-03-19 01:00:00,495,29
2023-03-19 02:00:00,389,48
2023-03-19 03:00:00,499,41
2023-03-19 04:00:00,523,54
2023-03-19 05:00:00,487,29
2023-03-19 06:00:00,660,72
2023-03-19 07:00:00,888,32
2023-03-19 08:00:00,920,60
2023-03-19 09:00:00,708,23
2023-03-19 10:00:00,1155,51
2023-03-19 11:00:00,486,17
2023-03-19 12:00:00,1409,69
2023-03-19 13:00:00,698,19
2023-03-19 14:00:00,972,47
2023-03-19 15:00:00,1364,80
2023-03-19 16:00:00,1057,53
2023-03-19 17:00:00,1700,54
2023-03-19 18:00:00,894,39
2023-03-19 19:00:00,1202,35
2023-03-19 20:00:00,1382,44
2023-03-19 21:00:00,1201,43
2023-03-19 22:00:00,1003,146
2023-03-19 23:00:00,745,35
2023-03-20 00:00:00,713,60
2023-03-20 01:00:00,659,36
2023-03-20 02:00:00,528,68
2023-03-20 03:00:00,449,28
2023-03-20 04:00:00,393,50
2023-03-20 05:00:00,652,39
2023-03-20 06:00:00,991,58
2023-03-20 07:00:00,1109,33
2023-03-20 08:00:00,1264,68
2023-03-20 09:00:00,820,19
2023-03-20 10:00:00,1740,78
2023-03-20 11:00:00,1550,35
2023-03-20 12:00:00,1394,93
2023-03-20 13:00:00,1354,34
2023-03-20 14:00:00,1299,49
2023-03-20 15:00:00,1304,39
2023-03-20 16:00:00,1614,53
2023-03-20 17:00:00,1623,68
2023-03-20 18:00:00,1565,73
2023-03-20 19:00:00,875,19
2023-03-20 20:00:00,1506,59
2023-03-20 21:00:00,950,47
2023-03-20 22:00:00,915,59
2023-03-20 23:00:00,1657,50
2023-03-21 00:00:00,813,73
2023-03-21 01:00:00,639,36
2023-03-21 02:00:00,509,55
2023-03-21 03:00:00,484,33
2023-03-21 04:00:00,683,53
2023-03-21 05:00:00,617,71
2023-03-21 06:00:00,1075,38
2023-03-21 07:00:00,1100,33
2023-03-21 08:00:00,545,55
2023-03-21 09:00:00,906,30
2023-03-21 10:00:00,1757,79
2023-03-21 11:00:00,1253,58
2023-03-21 12:00:00,1227,39
2023-03-21 13:00:00,1046,33
2023-03-21 14:00:00,1511,62
2023-03-21 15:00:00,928,23
2023-03-21 16:00:00,1917,74
2023-03-21 17:00:00,2034,39
2023-03-21 18:00:00,1158,46
2023-03-21 19:00:00,1364,54
2023-03-21 20:00:00,1494,116
2023-03-21 21:00:00,1086,27
2023-03-21 22:00:00,968,74
2023-03-21 23:00:00,987,37
2023-03-22 00:00:00,490,36
2023-03-22 01:00:00,647,62
2023-03-22 02:00:00,682,53
2023-03-22 03:00:00,432,26
2023-03-22 04:00:00,466,53
2023-03-22 05:00:00,567,51
2023-03-22 06:00:00,810,48
2023-03-22 07:00:00,1379,37
2023-03-22 08:00:00,1129,104
2023-03-22 09:00:00,1164,34
2023-03-22 10:00:00,985,37
2023-03-22 11:00:00,1162,36
2023-03-22 12:00:00,1019,47
2023-03-22 13:00:00,1548,31
2023-03-22 14:00:00,1456,91
2023-03-22 15:00:00,1585,33
2023-03-22 16:00:00,857,42
2023-03-22 17:00:00,2548,75
2023-03-22 18:00:00,1613,55
2023-03-22 19:00:00,1488,48
2023-03-22 20:00:00,1181,85
2023-03-22 21:00:00,1634,35
2023-03-22 22:00:00,749,104
2023-03-22 23:00:00,964,85
2023-03-23 00:00:00,672,44
2023-03-23 01:00:00,839,78
2023-03-23 02:00:00,550,61
2023-03-23 03:00:00,568,39
2023-03-23 04:00:00,554,54
2023-03-23 05:00:00,652,40
2023-03-23 06:00:00,913,54
2023-03-23 07:00:00,957,33
2023-03-23 08:00:00,1102,64
2023-03-23 09:00:00,838,31
2023-03-23 10:00:00,1503,56
2023-03-23 11:00:00,1033,28
2023-03-23 12:00:00,1201,56
2023-03-23 13:00:00,1292,42
2023-03-23 14:00:00,1647,89
2023-03-23 15:00:00,1452,59
2023-03-23 16:00:00,1450,37
2023-03-23 17:00:00,1560,29
2023-03-23 18:00:00,1922,59
2023-03-23 19:00:00,1095,25
2023-03-23 20:00:00,1118,46
2023-03-23 21:00:00,1337,39
2023-03-23 22:00:00,897,37
2023-03-23 23:00:00,916,40
2023-03-24 00:00:00,546,35
2023-03-24 01:00:00,691,39
2023-03-24 02:00:00,512,33
2023-03-24 03:00:00,638,44
2023-03-24 04:00:00,388,29
2023-03-24 05:00:00,571,35
2023-03-24 06:00:00,482,28
2023-03-24 07:00:00,1476,49
2023-03-24 08:00:00,788,31
2023-03-24 09:00:00,619,33
2023-03-24 10:00:00,1901,39
2023-03-24 11:00:00,1530,36
2023-03-24 12:00:00,1003,14
2023-03-24 13:00:00,1272,7
2023-03-24 14:00:00,1539,8
2023-03-24 15:00:00,1435,36
2023-03-24 16:00:00,1709,48
2023-03-24 17:00:00,1395,31
2023-03-24 18:00:00,1340,37
2023-03-24 19:00:00,1072,28
2023-03-24 20:00:00,1427,44
2023-03-24 21:00:00,1902,45
2023-03-24 22:00:00,863,35
2023-03-24 23:00:00,1277,71
2023-03-25 00:00:00,732,39
2023-03-25 01:00:00,673,49
2023-03-25 02:00:00,771,350
2023-03-25 03:00:00,480,144
2023-03-25 04:00:00,412,35
2023-03-25 05:00:00,579,48
2023-03-25 06:00:00,881,43
2023-03-25 07:00:00,828,61
2023-03-25 08:00:00,1187,75
2023-03-25 09:00:00,968,32
2023-03-25 10:00:00,1301,56
2023-03-25 11:00:00,698,23
2023-03-25 12:00:00,1593,88
2023-03-25 13:00:00,964,26
2023-03-25 14:00:00,613,49
2023-03-25 15:00:00,1982,54
2023-03-25 16:00:00,1055,54
2023-03-25 17:00:00,1592,44
2023-03-25 18:00:00,1309,63
2023-03-25 19:00:00,1354,34
2023-03-25 20:00:00,1077,53
2023-03-25 21:00:00,941,32
2023-03-25 22:00:00,737,85
2023-03-25 23:00:00,791,42
2023-03-26 00:00:00,682,72
2023-03-26 01:00:00,455,24
2023-03-26 02:00:00,412,56
2023-03-26 03:00:00,419,32
2023-03-26 04:00:00,612,51
2023-03-26 05:00:00,396,30
2023-03-26 06:00:00,761,72
2023-03-26 07:00:00,1178,27
2023-03-26 08:00:00,808,45
2023-03-26 09:00:00,405,18
2023-03-26 10:00:00,1441,59
2023-03-26 11:00:00,706,28
2023-03-26 12:00:00,595,39
2023-03-26 13:00:00,1336,54
2023-03-26 14:00:00,772,39
2023-03-26 15:00:00,1435,65
2023-03-26 16:00:00,997,64
2023-03-26 17:00:00,921,37
2023-03-26 18:00:00,1366,65
2023-03-26 19:00:00,940,31
2023-03-26 20:00:00,767,51
2023-03-26 21:00:00,884,37
2023-03-26 22:00:00,643,48
2023-03-26 23:00:00,581,35
2023-03-27 00:00:00,568,29
2023-03-27 01:00:00,521,42
2023-03-27 02:00:00,487,33
2023-03-27 03:00:00,412,101
2023-03-27 04:00:00,431,39
2023-03-27 05:00:00,581,56
2023-03-27 06:00:00,785,35
2023-03-27 07:00:00,769,31
2023-03-27 08:00:00,990,52
2023-03-27 09:00:00,925,30
2023-03-27 10:00:00,1371,96
2023-03-27 11:00:00,976,29
2023-03-27 12:00:00,1277,89
2023-03-27 13:00:00,1331,29
2023-03-27 14:00:00,1217,45
2023-03-27 15:00:00,1536,36
2023-03-27 16:00:00,1704,103
2023-03-27 17:00:00,1262,31
2023-03-27 18:00:00,1207,80
2023-03-27 19:00:00,588,32
2023-03-27 20:00:00,1405,39
2023-03-27 21:00:00,1152,44
2023-03-27 22:00:00,753,67
2023-03-27 23:00:00,984,49
2023-03-28 00:00:00,588,40
2023-03-28 01:00:00,307,32
2023-03-28 02:00:00,828,45
2023-03-28 03:00:00,1070,66
2023-03-28 04:00:00,625,84
2023-03-28 05:00:00,667,26
2023-03-28 06:00:00,1094,41
2023-03-28 07:00:00,829,89
2023-03-28 08:00:00,1153,42
2023-03-28 09:00:00,1160,31
2023-03-28 10:00:00,1183,76
2023-03-28 11:00:00,473,11
2023-03-28 12:00:00,1074,47
2023-03-28 13:00:00,1608,51
2023-03-28 14:00:00,1669,79
2023-03-28 15:00:00,1661,31
2023-03-28 16:00:00,475,48
2023-03-28 17:00:00,2097,57
2023-03-28 18:00:00,1728,34
2023-03-28 19:00:00,767,24
2023-03-28 20:00:00,1432,59
2023-03-28 21:00:00,1248,78
2023-03-28 22:00:00,505,62
2023-03-28 23:00:00,661,55
2023-03-29 00:00:00,890,51
2023-03-29 01:00:00,498,48
2023-03-29 02:00:00,681,54
2023-03-29 03:00:00,629,34
2023-03-29 04:00:00,749,29
2023-03-29 05:00:00,390,47
2023-03-29 06:00:00,723,63
2023-03-29 07:00:00,1597,42
2023-03-29 08:00:00,651,19
2023-03-29 09:00:00,1930,48
2023-03-29 10:00:00,1484,34
2023-03-29 11:00:00,1207,31
2023-03-29 12:00:00,1271,33
2023-03-29 13:00:00,1349,29
2023-03-29 14:00:00,1284,27
2023-03-29 15:00:00,1456,36
2023-03-29 16:00:00,1844,166
2023-03-29 17:00:00,1540,194
2023-03-29 18:00:00,765,35
2023-03-29 19:00:00,709,13
2023-03-29 20:00:00,2077,61
2023-03-29 21:00:00,1467,44
2023-03-29 22:00:00,1363,30
2023-03-29 23:00:00,981,100
2023-03-30 00:00:00,626,30
2023-03-30 01:00:00,641,30
2023-03-30 02:00:00,463,37
2023-03-30 03:00:00,845,52
2023-03-30 04:00:00,582,26
2023-03-30 05:00:00,654,115
2023-03-30 06:00:00,1099,36
2023-03-30 07:00:00,1129,26
2023-03-30 08:00:00,1779,40
2023-03-30 09:00:00,1123,30
2023-03-30 10:00:00,1476,117
2023-03-30 11:00:00,1148,31
2023-03-30 12:00:00,1327,32
2023-03-30 13:00:00,1415,74
2023-03-30 14:00:00,682,33
2023-03-30 15:00:00,1600,54
2023-03-30 16:00:00,1143,39
2023-03-30 17:00:00,1949,52
2023-03-30 18:00:00,1449,52
2023-03-30 19:00:00,2109,64
2023-03-30 20:00:00,918,63
2023-03-30 21:00:00,1386,56
2023-03-30 22:00:00,1673,81
2023-03-30 23:00:00,827,27
2023-03-31 00:00:00,550,65
2023-03-31 01:00:00,1067,51
2023-03-31 02:00:00,813,50
2023-03-31 03:00:00,463,26
2023-03-31 04:00:00,834,71
2023-03-31 05:00:00,523,23
2023-03-31 06:00:00,1239,81
2023-03-31 07:00:00,1190,38
2023-03-31 08:00:00,1213,77
2023-03-31 09:00:00,1041,29
2023-03-31 10:00:00,900,34
2023-03-31 11:00:00,1072,50
2023-03-31 12:00:00,1692,56
2023-03-31 13:00:00,939,23
2023-03-31 14:00:00,728,41
2023-03-31 15:00:00,951,29
2023-03-31 16:00:00,1782,47
2023-03-31 17:00:00,1694,36
2023-03-31 18:00:00,2004,38
2023-03-31 19:00:00,463,32
2023-03-31 20:00:00,3024,47
2023-03-31 21:00:00,1721,49
2023-03-31 22:00:00,1447,144
2023-03-31 23:00:00,1290,106
2023-04-01 00:00:00,400,41
2023-04-01 01:00:00,1023,96
2023-04-01 02:00:00,159,32
2023-04-01 03:00:00,1076,47
2023-04-01 04:00:00,1033,82
2023-04-01 05:00:00,421,23
2023-04-01 06:00:00,1550,58
2023-04-01 07:00:00,925,32
2023-04-01 08:00:00,1824,79
2023-04-01 09:00:00,1065,32
2023-04-01 10:00:00,1580,60
2023-04-01 11:00:00,1236,32
2023-04-01 12:00:00,1159,67
2023-04-01 13:00:00,1189,30
2023-04-01 14:00:00,1503,61
2023-04-01 15:00:00,1539,43
2023-04-01 16:00:00,1555,59
2023-04-01 17:00:00,1275,30
2023-04-01 18:00:00,1702,81
2023-04-01 19:00:00,1036,35
2023-04-01 20:00:00,1111,45
2023-04-01 21:00:00,512,37
2023-04-01 22:00:00,1678,45
2023-04-01 23:00:00,748,37
2023-04-02 00:00:00,627,117
2023-04-02 01:00:00,878,33
2023-04-02 02:00:00,281,45
2023-04-02 03:00:00,404,35
2023-04-02 04:00:00,659,73
2023-04-02 05:00:00,460,21
2023-04-02 06:00:00,658,66
2023-04-02 07:00:00,1063,46
2023-04-02 08:00:00,913,50
2023-04-02 09:00:00,864,34
2023-04-02 10:00:00,538,39
2023-04-02 11:00:00,1103,38
2023-04-02 12:00:00,989,36
2023-04-02 13:00:00,626,20
2023-04-02 14:00:00,1432,108
2023-04-02 15:00:00,1101,31
2023-04-02 16:00:00,978,53
2023-04-02 17:00:00,597,19
2023-04-02 18:00:00,832,32
2023-04-02 19:00:00,1566,70
2023-04-02 20:00:00,1197,94
2023-04-02 21:00:00,1035,39
2023-04-02 22:00:00,927,60
2023-04-02 23:00:00,605,33
2023-04-03 00:00:00,424,47
2023-04-03 01:00:00,615,40
2023-04-03 02:00:00,455,54
2023-04-03 03:00:00,525,34
2023-04-03 04:00:00,462,81
2023-04-03 05:00:00,642,32
2023-04-03 06:00:00,756,54
2023-04-03 07:00:00,628,28
2023-04-03 08:00:00,930,49
2023-04-03 09:00:00,1627,48
2023-04-03 10:00:00,1330,75
2023-04-03 11:00:00,1269,35
2023-04-03 12:00:00,884,55
2023-04-03 13:00:00,1411,31
2023-04-03 14:00:00,1206,40
2023-04-03 15:00:00,1537,51
2023-04-03 16:00:00,1676,86
2023-04-03 17:00:00,1230,31
2023-04-03 18:00:00,1571,49
2023-04-03 19:00:00,1048,32
2023-04-03 20:00:00,807,33
2023-04-03 21:00:00,2172,46
2023-04-03 22:00:00,443,31
2023-04-03 23:00:00,615,37
2023-04-04 00:00:00,1319,47
2023-04-04 01:00:00,1167,144
2023-04-04 02:00:00,824,77
2023-04-04 03:00:00,825,35
2023-04-04 04:00:00,749,69
2023-04-04 05:00:00,754,42
2023-04-04 06:00:00,740,44
2023-04-04 07:00:00,1378,43
2023-04-04 08:00:00,653,73
2023-04-04 09:00:00,1452,40
2023-04-04 10:00:00,901,52
2023-04-04 11:00:00,1851,45
2023-04-04 12:00:00,1128,51
2023-04-04 13:00:00,1250,54
2023-04-04 14:00:00,2241,89
2023-04-04 15:00:00,1130,46
2023-04-04 16:00:00,2086,67
2023-04-04 17:00:00,1179,31
2023-04-04 18:00:00,1696,55
2023-04-04 19:00:00,1551,56
2023-04-04 20:00:00,1490,61
2023-04-04 21:00:00,1287,40
2023-04-04 22:00:00,1318,68
2023-04-04 23:00:00,1051,31
2023-04-05 00:00:00,874,72
2023-04-05 01:00:00,661,32
2023-04-05 02:00:00,463,58
2023-04-05 03:00:00,606,36
2023-04-05 04:00:00,73,45
2023-04-05 05:00:00,1069,65
2023-04-05 06:00:00,1149,50
2023-04-05 07:00:00,1243,34
2023-04-05 08:00:00,1073,95
2023-04-05 09:00:00,713,23
2023-04-05 10:00:00,1704,73
2023-04-05 11:00:00,1626,34
2023-04-05 12:00:00,856,43
2023-04-05 13:00:00,1435,62
2023-04-05 14:00:00,1420,45
2023-04-05 15:00:00,882,27
2023-04-05 16:00:00,1673,53
2023-04-05 17:00:00,1600,39
2023-04-05 18:00:00,1656,49
2023-04-05 19:00:00,1271,98
2023-04-05 20:00:00,1957,74
2023-04-05 21:00:00,1429,30
2023-04-05 22:00:00,1196,78
2023-04-05 23:00:00,968,32
2023-04-06 00:00:00,707,88
2023-04-06 01:00:00,844,39
2023-04-06 02:00:00,688,50
2023-04-06 03:00:00,702,35
2023-04-06 04:00:00,702,63
2023-04-06 05:00:00,1243,38
2023-04-06 06:00:00,865,58
2023-04-06 07:00:00,1247,36
2023-04-06 08:00:00,1220,54
2023-04-06 09:00:00,327,28
2023-04-06 10:00:00,1965,49
2023-04-06 11:00:00,1214,31
2023-04-06 12:00:00,1458,86
2023-04-06 13:00:00,1254,34
2023-04-06 14:00:00,1999,75
2023-04-06 15:00:00,732,23
2023-04-06 16:00:00,1712,46
2023-04-06 17:00:00,1610,36
2023-04-06 18:00:00,945,34
2023-04-06 19:00:00,1919,138
2023-04-06 20:00:00,1659,101
2023-04-06 21:00:00,1391,35
2023-04-06 22:00:00,1059,73
2023-04-06 23:00:00,912,34
2023-04-07 00:00:00,966,64
2023-04-07 01:00:00,618,34
2023-04-07 02:00:00,609,64
2023-04-07 03:00:00,221,17
2023-04-07 04:00:00,449,45
2023-04-07 05:00:00,225,17
2023-04-07 06:00:00,1292,59
2023-04-07 07:00:00,1583,64
2023-04-07 08:00:00,962,67
2023-04-07 09:00:00,1212,40
2023-04-07 10:00:00,1680,66
2023-04-07 11:00:00,1220,32
2023-04-07 12:00:00,675,57
2023-04-07 13:00:00,1638,48
2023-04-07 14:00:00,1701,56
2023-04-07 15:00:00,860,32
2023-04-07 16:00:00,1772,90
2023-04-07 17:00:00,1971,32
2023-04-07 18:00:00,1489,70
2023-04-07 19:00:00,1058,27
2023-04-07 20:00:00,1343,52
2023-04-07 21:00:00,1653,72
2023-04-07 22:00:00,1360,66
2023-04-07 23:00:00,1068,36
2023-04-08 00:00:00,1010,81
2023-04-08 01:00:00,516,28
2023-04-08 02:00:00,595,59
2023-04-08 03:00:00,440,23
2023-04-08 04:00:00,998,54
2023-04-08 05:00:00,498,25
2023-04-08 06:00:00,977,70
2023-04-08 07:00:00,1290,32
2023-04-08 08:00:00,948,64
2023-04-08 09:00:00,1445,41
2023-04-08 10:00:00,971,53
2023-04-08 11:00:00,916,33
2023-04-08 12:00:00,1252,43
2023-04-08 13:00:00,1434,39
2023-04-08 14:00:00,1183,29
2023-04-08 15:00:00,1458,32
2023-04-08 16:00:00,1340,31
2023-04-08 17:00:00,1269,39
2023-04-08 18:00:00,1123,31
2023-04-08 19:00:00,1104,36
2023-04-08 20:00:00,1255,32
2023-04-08 21:00:00,642,16
2023-04-08 22:00:00,1036,41
2023-04-08 23:00:00,793,39
2023-04-09 00:00:00,415,32
2023-04-09 01:00:00,527,22
2023-04-09 02:00:00,599,44
2023-04-09 03:00:00,483,33
2023-04-09 04:00:00,449,29
2023-04-09 05:00:00,596,34
2023-04-09 06:00:00,500,25
2023-04-09 07:00:00,727,31
2023-04-09 08:00:00,541,26
2023-04-09 09:00:00,1807,47
2023-04-09 10:00:00,903,42
2023-04-09 11:00:00,854,32
2023-04-09 12:00:00,837,30
2023-04-09 13:00:00,897,33
2023-04-09 14:00:00,1072,33
2023-04-09 15:00:00,870,28
2023-04-09 16:00:00,992,32
2023-04-09 17:00:00,1018,169
2023-04-09 18:00:00,811,51
2023-04-09 19:00:00,1130,82
2023-04-09 20:00:00,218,23
2023-04-09 21:00:00,1450,305
2023-04-09 22:00:00,621,65
2023-04-09 23:00:00,539,115
2023-04-10 00:00:00,584,36
2023-04-10 01:00:00,788,42
2023-04-10 02:00:00,577,48
2023-04-10 03:00:00,461,29
2023-04-10 04:00:00,409,35
2023-04-10 05:00:00,723,51
2023-04-10 06:00:00,406,39
2023-04-10 07:00:00,1100,42
2023-04-10 08:00:00,1041,38
2023-04-10 09:00:00,1044,38
2023-04-10 10:00:00,934,63
2023-04-10 11:00:00,1256,29
2023-04-10 12:00:00,1094,67
2023-04-10 13:00:00,1037,36
2023-04-10 14:00:00,1576,62
2023-04-10 15:00:00,1209,33
2023-04-10 16:00:00,1168,87
2023-04-10 17:00:00,637,22
2023-04-10 18:00:00,2253,52
2023-04-10 19:00:00,1131,50
2023-04-10 20:00:00,1274,60
2023-04-10 21:00:00,995,55
2023-04-10 22:00:00,489,22
2023-04-10 23:00:00,709,52
2023-04-11 00:00:00,1314,46
2023-04-11 01:00:00,1780,117
2023-04-11 02:00:00,1627,102
2023-04-11 03:00:00,963,34
2023-04-11 04:00:00,871,84
2023-04-11 05:00:00,580,27
2023-04-11 06:00:00,1469,73
2023-04-11 07:00:00,666,19
2023-04-11 08:00:00,993,51
2023-04-11 09:00:00,1424,42
2023-04-11 10:00:00,1833,92
2023-04-11 11:00:00,1295,30
2023-04-11 12:00:00,1478,83
2023-04-11 13:00:00,2468,38
2023-04-11 14:00:00,1038,69
2023-04-11 15:00:00,1100,27
2023-04-11 16:00:00,1615,53
2023-04-11 17:00:00,1503,28
2023-04-11 18:00:00,1662,55
2023-04-11 19:00:00,1459,38
2023-04-11 20:00:00,1800,140
2023-04-11 21:00:00,1124,28
2023-04-11 22:00:00,1392,72
2023-04-11 23:00:00,727,32
2023-04-12 00:00:00,563,49
2023-04-12 01:00:00,597,41
2023-04-12 02:00:00,640,56
2023-04-12 03:00:00,538,39
2023-04-12 04:00:00,678,75
2023-04-12 05:00:00,830,29
2023-04-12 06:00:00,506,49
2023-04-12 07:00:00,1384,34
2023-04-12 08:00:00,1775,80
2023-04-12 09:00:00,926,27
2023-04-12 10:00:00,1560,54
2023-04-12 11:00:00,1278,29
2023-04-12 12:00:00,1582,105
2023-04-12 13:00:00,1577,35
2023-04-12 14:00:00,1515,91
2023-04-12 15:00:00,1680,32
2023-04-12 16:00:00,1197,67
2023-04-12 17:00:00,1680,25
2023-04-12 18:00:00,1424,58
2023-04-12 19:00:00,1371,39
2023-04-12 20:00:00,1469,84
2023-04-12 21:00:00,1334,33
2023-04-12 22:00:00,1038,64
2023-04-12 23:00:00,501,23
2023-04-13 00:00:00,187,25
2023-04-13 01:00:00,1000,70
2023-04-13 02:00:00,677,68
2023-04-13 03:00:00,545,28
2023-04-13 04:00:00,914,75
2023-04-13 05:00:00,482,26
2023-04-13 06:00:00,1190,59
2023-04-13 07:00:00,650,36
2023-04-13 08:00:00,1184,48
2023-04-13 09:00:00,1169,33
2023-04-13 10:00:00,1309,70
2023-04-13 11:00:00,1979,42
2023-04-13 12:00:00,1472,84
2023-04-13 13:00:00,952,28
2023-04-13 14:00:00,1115,67
2023-04-13 15:00:00,2088,45
2023-04-13 16:00:00,1085,32
2023-04-13 17:00:00,1878,81
2023-04-13 18:00:00,1761,50
2023-04-13 19:00:00,933,33
2023-04-13 20:00:00,2230,87
2023-04-13 21:00:00,1798,36
2023-04-13 22:00:00,1243,94
2023-04-13 23:00:00,1020,31
2023-04-14 00:00:00,943,58
2023-04-14 01:00:00,873,30
2023-04-14 02:00:00,756,82
2023-04-14 03:00:00,552,26
2023-04-14 04:00:00,788,83
2023-04-14 05:00:00,914,33
2023-04-14 06:00:00,922,62
2023-04-14 07:00:00,928,19
2023-04-14 08:00:00,1361,63
2023-04-14 09:00:00,1405,47
2023-04-14 10:00:00,586,29
2023-04-14 11:00:00,2009,69
2023-04-14 12:00:00,1510,62
2023-04-14 13:00:00,1842,32
2023-04-14 14:00:00,941,33
2023-04-14 15:00:00,1122,32
2023-04-14 16:00:00,1706,47
2023-04-14 17:00:00,1855,37
2023-04-14 18:00:00,579,32
2023-04-14 19:00:00,2626,55
2023-04-14 20:00:00,1051,40
2023-04-14 21:00:00,1858,89
2023-04-14 22:00:00,1786,169
2023-04-14 23:00:00,1596,39
2023-04-15 00:00:00,529,41
2023-04-15 01:00:00,648,22
2023-04-15 02:00:00,966,60
2023-04-15 03:00:00,1062,41
2023-04-15 04:00:00,711,60
2023-04-15 05:00:00,806,31
2023-04-15 06:00:00,753,59
2023-04-15 07:00:00,1517,41
2023-04-15 08:00:00,1126,41
2023-04-15 09:00:00,1289,38
2023-04-15 10:00:00,1299,77
2023-04-15 11:00:00,1021,31
2023-04-15 12:00:00,1139,98
2023-04-15 13:00:00,854,34
2023-04-15 14:00:00,1676,57
2023-04-15 15:00:00,1348,31
2023-04-15 16:00:00,1530,71
2023-04-15 17:00:00,1351,30
2023-04-15 18:00:00,979,42
2023-04-15 19:00:00,1044,61
2023-04-15 20:00:00,1314,71
2023-04-15 21:00:00,257,6
2023-04-15 22:00:00,1479,71
2023-04-15 23:00:00,847,36
2023-04-16 00:00:00,531,58
2023-04-16 01:00:00,423,31
2023-04-16 02:00:00,559,77
2023-04-16 03:00:00,372,24
2023-04-16 04:00:00,593,60
2023-04-16 05:00:00,449,30
2023-04-16 06:00:00,851,54
2023-04-16 07:00:00,835,36
2023-04-16 08:00:00,809,60
2023-04-16 09:00:00,782,32
2023-04-16 10:00:00,600,52
2023-04-16 11:00:00,1102,38
2023-04-16 12:00:00,637,71
2023-04-16 13:00:00,1214,39
2023-04-16 14:00:00,947,33
2023-04-16 15:00:00,1101,31
2023-04-16 16:00:00,1170,37
2023-04-16 17:00:00,1265,32
2023-04-16 18:00:00,869,31
2023-04-16 19:00:00,1509,36
2023-04-16 20:00:00,758,29
2023-04-16 21:00:00,1058,30
2023-04-16 22:00:00,439,21
2023-04-16 23:00:00,637,35
2023-04-17 00:00:00,795,43
2023-04-17 01:00:00,763,36
2023-04-17 02:00:00,625,33
2023-04-17 03:00:00,392,22
2023-04-17 04:00:00,585,285
2023-04-17 05:00:00,605,70
2023-04-17 06:00:00,998,54
2023-04-17 07:00:00,722,24
2023-04-17 08:00:00,1325,76
2023-04-17 09:00:00,998,30
2023-04-17 10:00:00,1082,62
2023-04-17 11:00:00,1478,41
2023-04-17 12:00:00,1089,62
2023-04-17 13:00:00,918,24
2023-04-17 14:00:00,1875,82
2023-04-17 15:00:00,1170,33
2023-04-17 16:00:00,1218,74
2023-04-17 17:00:00,1363,35
2023-04-17 18:00:00,1606,82
2023-04-17 19:00:00,1005,29
2023-04-17 20:00:00,1320,78
2023-04-17 21:00:00,664,14
2023-04-17 22:00:00,1528,74
2023-04-17 23:00:00,491,16
2023-04-18 00:00:00,1146,83
2023-04-18 01:00:00,238,12
2023-04-18 02:00:00,849,90
2023-04-18 03:00:00,595,33
2023-04-18 04:00:00,482,47
2023-04-18 05:00:00,778,35
2023-04-18 06:00:00,1021,75
2023-04-18 07:00:00,747,29
2023-04-18 08:00:00,1276,69
2023-04-18 09:00:00,1340,36
2023-04-18 10:00:00,891,54
2023-04-18 11:00:00,1299,32
2023-04-18 12:00:00,1708,69
2023-04-18 13:00:00,1227,34
2023-04-18 14:00:00,1122,72
2023-04-18 15:00:00,1913,35
2023-04-18 16:00:00,1146,112
2023-04-18 17:00:00,1511,158
2023-04-18 18:00:00,1712,74
2023-04-18 19:00:00,165,94
2023-04-18 20:00:00,1848,90
2023-04-18 21:00:00,1275,31
2023-04-18 22:00:00,503,70
2023-04-18 23:00:00,938,37
2023-04-19 00:00:00,885,152
2023-04-19 01:00:00,676,112
2023-04-19 02:00:00,842,139
2023-04-19 03:00:00,456,148
2023-04-19 04:00:00,405,46
2023-04-19 05:00:00,723,59
2023-04-19 06:00:00,888,43
2023-04-19 07:00:00,1172,91
2023-04-19 08:00:00,660,34
2023-04-19 09:00:00,1380,43
2023-04-19 10:00:00,1151,86
2023-04-19 11:00:00,1274,50
2023-04-19 12:00:00,1411,59
2023-04-19 13:00:00,848,57
2023-04-19 14:00:00,906,42
2023-04-19 15:00:00,1637,55
2023-04-19 16:00:00,2018,73
2023-04-19 17:00:00,921,24
2023-04-19 18:00:00,1372,60
2023-04-19 19:00:00,1342,35
2023-04-19 20:00:00,1350,73
2023-04-19 21:00:00,1147,38
2023-04-19 22:00:00,782,92
2023-04-19 23:00:00,1193,40
2023-04-20 00:00:00,593,43
2023-04-20 01:00:00,1023,61
2023-04-20 02:00:00,707,60
2023-04-20 03:00:00,601,416
2023-04-20 04:00:00,702,83
2023-04-20 05:00:00,555,29
2023-04-20 06:00:00,1031,40
2023-04-20 07:00:00,1202,33
2023-04-20 08:00:00,823,63
2023-04-20 09:00:00,1402,47
2023-04-20 10:00:00,1070,77
2023-04-20 11:00:00,1451,33
2023-04-20 12:00:00,1336,70
2023-04-20 13:00:00,1168,29
2023-04-20 14:00:00,1213,64
2023-04-20 15:00:00,1397,40
2023-04-20 16:00:00,791,22
2023-04-20 17:00:00,1372,45
2023-04-20 18:00:00,1259,43
2023-04-20 19:00:00,1120,40
2023-04-20 20:00:00,1250,43
2023-04-20 21:00:00,1998,109
2023-04-20 22:00:00,1517,101
2023-04-20 23:00:00,1206,34
2023-04-21 00:00:00,952,79
2023-04-21 01:00:00,752,35
2023-04-21 02:00:00,478,64
2023-04-21 03:00:00,884,34
2023-04-21 04:00:00,605,58
2023-04-21 05:00:00,1198,36
2023-04-21 06:00:00,1099,65
2023-04-21 07:00:00,1234,32
2023-04-21 08:00:00,1108,73
2023-04-21 09:00:00,1091,31
2023-04-21 10:00:00,1287,56
2023-04-21 11:00:00,782,30
2023-04-21 12:00:00,1242,66
2023-04-21 13:00:00,913,12
2023-04-21 14:00:00,1861,64
2023-04-21 15:00:00,1577,72
2023-04-21 16:00:00,1947,84
2023-04-21 17:00:00,1390,27
2023-04-21 18:00:00,1842,86
2023-04-21 19:00:00,1298,28
2023-04-21 20:00:00,1670,96
2023-04-21 21:00:00,1307,30
2023-04-21 22:00:00,884,54
2023-04-21 23:00:00,1049,86
2023-04-22 00:00:00,958,72
2023-04-22 01:00:00,641,32
2023-04-22 02:00:00,393,48
2023-04-22 03:00:00,600,46
2023-04-22 04:00:00,573,35
2023-04-22 05:00:00,876,80
2023-04-22 06:00:00,804,47
2023-04-22 07:00:00,666,24
2023-04-22 08:00:00,1495,64
2023-04-22 09:00:00,1094,28
2023-04-22 10:00:00,1110,61
2023-04-22 11:00:00,889,28
2023-04-22 12:00:00,1258,68
2023-04-22 13:00:00,1213,38
2023-04-22 14:00:00,1125,94
2023-04-22 15:00:00,616,22
2023-04-22 16:00:00,1602,57
2023-04-22 17:00:00,1278,34
2023-04-22 18:00:00,1153,78
2023-04-22 19:00:00,1125,29
2023-04-22 20:00:00,1179,55
2023-04-22 21:00:00,882,32
2023-04-22 22:00:00,926,76
2023-04-22 23:00:00,521,25
2023-04-23 00:00:00,699,48
2023-04-23 01:00:00,258,22
2023-04-23 02:00:00,594,72
2023-04-23 03:00:00,398,36
2023-04-23 04:00:00,377,67
2023-04-23 05:00:00,344,26
2023-04-23 06:00:00,847,58
2023-04-23 07:00:00,419,19
2023-04-23 08:00:00,911,43
2023-04-23 09:00:00,948,39
2023-04-23 10:00:00,679,67
2023-04-23 11:00:00,941,34
2023-04-23 12:00:00,632,51
2023-04-23 13:00:00,1099,39
2023-04-23 14:00:00,645,49
2023-04-23 15:00:00,976,26
2023-04-23 16:00:00,623,65
2023-04-23 17:00:00,1644,39
2023-04-23 18:00:00,1381,70
2023-04-23 19:00:00,1081,32
2023-04-23 20:00:00,572,40
2023-04-23 21:00:00,1212,44
2023-04-23 22:00:00,477,51
2023-04-23 23:00:00,883,45
2023-04-24 00:00:00,450,66
2023-04-24 01:00:00,454,34
2023-04-24 02:00:00,264,33
2023-04-24 03:00:00,573,50
2023-04-24 04:00:00,505,60
2023-04-24 05:00:00,0,0
2023-04-24 06:00:00,994,73
2023-04-24 07:00:00,1025,35
2023-04-24 08:00:00,929,75
2023-04-24 09:00:00,1309,33
2023-04-24 10:00:00,256,18
2023-04-24 11:00:00,1959,81
2023-04-24 12:00:00,1224,83
2023-04-24 13:00:00,943,28
2023-04-24 14:00:00,938,39
2023-04-24 15:00:00,1789,104
2023-04-24 16:00:00,793,29
2023-04-24 17:00:00,1139,37
2023-04-24 18:00:00,2091,117
2023-04-24 19:00:00,1331,30
2023-04-24 20:00:00,1086,56
2023-04-24 21:00:00,1244,46
2023-04-24 22:00:00,794,39
2023-04-24 23:00:00,801,45
2023-04-25 00:00:00,629,56
2023-04-25 01:00:00,278,57
2023-04-25 02:00:00,594,54
2023-04-25 03:00:00,694,39
2023-04-25 04:00:00,266,37
2023-04-25 05:00:00,704,57
2023-04-25 06:00:00,945,50
2023-04-25 07:00:00,831,22
2023-04-25 08:00:00,731,46
2023-04-25 09:00:00,1928,73
2023-04-25 10:00:00,579,27
2023-04-25 11:00:00,1545,81
2023-04-25 12:00:00,1041,59
2023-04-25 13:00:00,1261,36
2023-04-25 14:00:00,1164,49
2023-04-25 15:00:00,1049,39
2023-04-25 16:00:00,1505,59
2023-04-25 17:00:00,1469,33
2023-04-25 18:00:00,951,39
2023-04-25 19:00:00,883,29
2023-04-25 20:00:00,1819,117
2023-04-25 21:00:00,1520,34
2023-04-25 22:00:00,1373,104
2023-04-25 23:00:00,739,31
2023-04-26 00:00:00,776,51
2023-04-26 01:00:00,563,36
2023-04-26 02:00:00,653,53
2023-04-26 03:00:00,320,21
2023-04-26 04:00:00,757,81
2023-04-26 05:00:00,855,30
2023-04-26 06:00:00,867,86
2023-04-26 07:00:00,0,0
2023-04-26 08:00:00,1239,66
2023-04-26 09:00:00,1130,34
2023-04-26 10:00:00,1245,36
2023-04-26 11:00:00,1063,35
2023-04-26 12:00:00,1251,42
2023-04-26 13:00:00,2470,44
2023-04-26 14:00:00,897,42
2023-04-26 15:00:00,1763,38
2023-04-26 16:00:00,1272,29
2023-04-26 17:00:00,1340,44
2023-04-26 18:00:00,1267,23
2023-04-26 19:00:00,775,48
2023-04-26 20:00:00,1807,32
2023-04-26 21:00:00,1898,45
2023-04-26 22:00:00,1092,48
2023-04-26 23:00:00,1364,55
2023-04-27 00:00:00,933,69
2023-04-27 01:00:00,696,175
2023-04-27 02:00:00,827,167
2023-04-27 03:00:00,603,41
2023-04-27 04:00:00,594,35
2023-04-27 05:00:00,636,38
2023-04-27 06:00:00,215,32
2023-04-27 07:00:00,1807,70
2023-04-27 08:00:00,1139,66
2023-04-27 09:00:00,1313,34
2023-04-27 10:00:00,1102,59
2023-04-27 11:00:00,1721,32
2023-04-27 12:00:00,920,41
2023-04-27 13:00:00,180,2
2023-04-27 14:00:00,2428,65
2023-04-27 15:00:00,1296,48
2023-04-27 16:00:00,1671,52
2023-04-27 17:00:00,1243,31
2023-04-27 18:00:00,977,39
2023-04-27 19:00:00,1756,40
2023-04-27 20:00:00,788,26
2023-04-27 21:00:00,1345,36
2023-04-27 22:00:00,1503,53
2023-04-27 23:00:00,696,32
2023-04-28 00:00:00,1123,235
2023-04-28 01:00:00,768,33
2023-04-28 02:00:00,716,58
2023-04-28 03:00:00,527,32
2023-04-28 04:00:00,818,75
2023-04-28 05:00:00,514,34
2023-04-28 06:00:00,1421,55
2023-04-28 07:00:00,1210,31
2023-04-28 08:00:00,1178,79
2023-04-28 09:00:00,1244,44
2023-04-28 10:00:00,1061,41
2023-04-28 11:00:00,1321,45
2023-04-28 12:00:00,1150,45
2023-04-28 13:00:00,737,31
2023-04-28 14:00:00,2111,40
2023-04-28 15:00:00,1304,33
2023-04-28 16:00:00,2241,42
2023-04-28 17:00:00,1585,37
2023-04-28 18:00:00,1335,36
2023-04-28 19:00:00,1282,37
2023-04-28 20:00:00,1520,32
2023-04-28 21:00:00,1677,50
2023-04-28 22:00:00,792,41
2023-04-28 23:00:00,1168,27
2023-04-29 00:00:00,1262,82
2023-04-29 01:00:00,730,214
2023-04-29 02:00:00,334,47
2023-04-29 03:00:00,479,28
2023-04-29 04:00:00,1227,86
2023-04-29 05:00:00,680,30
2023-04-29 06:00:00,925,56
2023-04-29 07:00:00,1067,33
2023-04-29 08:00:00,1137,67
2023-04-29 09:00:00,1456,39
2023-04-29 10:00:00,1084,58
2023-04-29 11:00:00,660,22
2023-04-29 12:00:00,1253,59
2023-04-29 13:00:00,870,33
2023-04-29 14:00:00,1228,46
2023-04-29 15:00:00,902,31
2023-04-29 16:00:00,1736,39
2023-04-29 17:00:00,871,30
2023-04-29 18:00:00,1356,32
2023-04-29 19:00:00,1616,43
2023-04-29 20:00:00,872,41
2023-04-29 21:00:00,705,30
2023-04-29 22:00:00,1311,47
2023-04-29 23:00:00,638,181
2023-04-30 00:00:00,907,57
2023-04-30 01:00:00,646,45
2023-04-30 02:00:00,399,51
2023-04-30 03:00:00,303,30
2023-04-30 04:00:00,393,33
2023-04-30 05:00:00,694,39
2023-04-30 06:00:00,1124,62
2023-04-30 07:00:00,604,25
2023-04-30 08:00:00,1152,58
2023-04-30 09:00:00,825,31
2023-04-30 10:00:00,997,63
2023-04-30 11:00:00,773,34
2023-04-30 12:00:00,1102,34
2023-04-30 13:00:00,561,23
2023-04-30 14:00:00,1200,42
2023-04-30 15:00:00,871,19
2023-04-30 16:00:00,1347,48
2023-04-30 17:00:00,1050,73
2023-04-30 18:00:00,946,39
2023-04-30 19:00:00,1301,44
2023-04-30 20:00:00,1101,33
2023-04-30 21:00:00,658,35
2023-04-30 22:00:00,829,30
2023-04-30 23:00:00,986,55
2023-05-01 00:00:00,790,212
2023-05-01 01:00:00,491,27
2023-05-01 02:00:00,557,61
2023-05-01 03:00:00,345,32
2023-05-01 04:00:00,576,52
2023-05-01 05:00:00,595,31
2023-05-01 06:00:00,205,14
2023-05-01 07:00:00,813,39
2023-05-01 08:00:00,1587,93
2023-05-01 09:00:00,683,24
2023-05-01 10:00:00,1242,44
2023-05-01 11:00:00,1235,36
2023-05-01 12:00:00,458,32
2023-05-01 13:00:00,1424,58
2023-05-01 14:00:00,1503,33
2023-05-01 15:00:00,1662,102
2023-05-01 16:00:00,1169,36
2023-05-01 17:00:00,1491,88
2023-05-01 18:00:00,1389,60
2023-05-01 19:00:00,524,31
2023-05-01 20:00:00,1028,37
2023-05-01 21:00:00,1695,30
2023-05-01 22:00:00,829,32
2023-05-01 23:00:00,1247,61
2023-05-02 00:00:00,513,173
2023-05-02 01:00:00,247,17
2023-05-02 02:00:00,553,41
2023-05-02 03:00:00,611,52
2023-05-02 04:00:00,440,30
2023-05-02 05:00:00,679,38
2023-05-02 06:00:00,478,33
2023-05-02 07:00:00,815,24
2023-05-02 08:00:00,881,40
2023-05-02 09:00:00,1055,33
2023-05-02 10:00:00,625,36
2023-05-02 11:00:00,939,21
2023-05-02 12:00:00,1226,45
2023-05-02 13:00:00,832,28
2023-05-02 14:00:00,977,34
2023-05-02 15:00:00,441,28
2023-05-02 16:00:00,947,30
2023-05-02 17:00:00,1125,34
2023-05-02 18:00:00,867,42
2023-05-02 19:00:00,591,18
2023-05-02 20:00:00,579,38
2023-05-02 21:00:00,2543,44
2023-05-02 22:00:00,2316,32
2023-05-02 23:00:00,1514,31
2023-05-03 00:00:00,1164,36
2023-05-03 01:00:00,839,37
2023-05-03 02:00:00,476,14
2023-05-03 03:00:00,761,54
2023-05-03 04:00:00,356,9
2023-05-03 05:00:00,1358,67
2023-05-03 06:00:00,944,32
2023-05-03 07:00:00,1126,43
2023-05-03 08:00:00,1388,62
2023-05-03 09:00:00,1006,37
2023-05-03 10:00:00,1007,39
2023-05-03 11:00:00,1063,31
2023-05-03 12:00:00,1625,44
2023-05-03 13:00:00,1413,38
2023-05-03 14:00:00,1360,39
2023-05-03 15:00:00,1422,42
2023-05-03 16:00:00,1577,32
2023-05-03 17:00:00,924,29
2023-05-03 18:00:00,1337,35
2023-05-03 19:00:00,2098,61
2023-05-03 20:00:00,1654,48
2023-05-03 21:00:00,1214,50
2023-05-03 22:00:00,1082,49
2023-05-03 23:00:00,903,41
2023-05-04 00:00:00,1253,587
2023-05-04 01:00:00,518,49
2023-05-04 02:00:00,578,46
2023-05-04 03:00:00,559,93
2023-05-04 04:00:00,353,91
2023-05-04 05:00:00,1003,47
2023-05-04 06:00:00,973,64
2023-05-04 07:00:00,1069,31
2023-05-04 08:00:00,894,51
2023-05-04 09:00:00,919,35
2023-05-04 10:00:00,1400,42
2023-05-04 11:00:00,303,9
2023-05-04 12:00:00,1616,60
2023-05-04 13:00:00,717,21
2023-05-04 14:00:00,1331,41
2023-05-04 15:00:00,970,31
2023-05-04 16:00:00,1379,36
2023-05-04 17:00:00,999,26
2023-05-04 18:00:00,2208,42
2023-05-04 19:00:00,1115,26
2023-05-04 20:00:00,1459,42
2023-05-04 21:00:00,1465,59
2023-05-04 22:00:00,1019,30
2023-05-04 23:00:00,784,38
2023-05-05 00:00:00,265,10
2023-05-05 01:00:00,1376,82
2023-05-05 02:00:00,339,31
2023-05-05 03:00:00,796,50
2023-05-05 04:00:00,578,37
2023-05-05 05:00:00,544,29
2023-05-05 06:00:00,883,36
2023-05-05 07:00:00,1331,51
2023-05-05 08:00:00,1122,44
2023-05-05 09:00:00,620,23
2023-05-05 10:00:00,1375,37
2023-05-05 11:00:00,1392,45
2023-05-05 12:00:00,902,35
2023-05-05 13:00:00,1597,36
2023-05-05 14:00:00,736,33
2023-05-05 15:00:00,1506,31
2023-05-05 16:00:00,718,31
2023-05-05 17:00:00,1754,33
2023-05-05 18:00:00,1127,39
2023-05-05 19:00:00,691,31
2023-05-05 20:00:00,1568,31
2023-05-05 21:00:00,1212,33
2023-05-05 22:00:00,1295,38
2023-05-05 23:00:00,1280,28
2023-05-06 00:00:00,1040,40
2023-05-06 01:00:00,1009,31
2023-05-06 02:00:00,1119,37
2023-05-06 03:00:00,600,29
2023-05-06 04:00:00,528,37
2023-05-06 05:00:00,614,34
2023-05-06 06:00:00,493,22
2023-05-06 07:00:00,1184,39
2023-05-06 08:00:00,940,30
2023-05-06 09:00:00,1219,38
2023-05-06 10:00:00,1101,29
2023-05-06 11:00:00,1173,37
2023-05-06 12:00:00,919,27
2023-05-06 13:00:00,1297,40
2023-05-06 14:00:00,1046,31
2023-05-06 15:00:00,897,32
2023-05-06 16:00:00,829,22
2023-05-06 17:00:00,1396,44
2023-05-06 18:00:00,566,28
2023-05-06 19:00:00,1189,37
2023-05-06 20:00:00,186,34
2023-05-06 21:00:00,1711,31
2023-05-06 22:00:00,741,31
2023-05-06 23:00:00,439,23
2023-05-07 00:00:00,642,47
2023-05-07 01:00:00,309,26
2023-05-07 02:00:00,441,38
2023-05-07 03:00:00,475,32
2023-05-07 04:00:00,228,22
2023-05-07 05:00:00,301,31
2023-05-07 06:00:00,170,24
2023-05-07 07:00:00,382,33
2023-05-07 08:00:00,623,15
2023-05-07 09:00:00,703,24
2023-05-07 10:00:00,644,5
2023-05-07 11:00:00,598,18
2023-05-07 12:00:00,1008,39
2023-05-07 13:00:00,317,0
2023-05-07 14:00:00,868,2
2023-05-07 15:00:00,1093,18
2023-05-07 16:00:00,752,12
2023-05-07 17:00:00,971,39
2023-05-07 18:00:00,1023,32
2023-05-07 19:00:00,655,16
2023-05-07 20:00:00,272,1
2023-05-07 21:00:00,328,0
2023-05-07 22:00:00,348,0
2023-05-07 23:00:00,424,0
2023-05-08 00:00:00,349,4
2023-05-08 01:00:00,275,2
2023-05-08 02:00:00,379,51
2023-05-08 03:00:00,386,77
2023-05-08 04:00:00,324,46
2023-05-08 05:00:00,323,31
2023-05-08 06:00:00,774,58
2023-05-08 07:00:00,178,30
2023-05-08 08:00:00,276,15
2023-05-08 09:00:00,1171,73
2023-05-08 10:00:00,906,18
2023-05-08 11:00:00,919,48
2023-05-08 12:00:00,900,38
2023-05-08 13:00:00,0,0
2023-05-08 14:00:00,1036,51
2023-05-08 15:00:00,1036,38
2023-05-08 16:00:00,1129,42
2023-05-08 17:00:00,661,23
2023-05-08 18:00:00,1403,44
2023-05-08 19:00:00,965,34
2023-05-08 20:00:00,445,13
2023-05-08 21:00:00,725,41
2023-05-08 22:00:00,612,34
2023-05-08 23:00:00,685,37
2023-05-09 00:00:00,724,29
2023-05-09 01:00:00,578,36
2023-05-09 02:00:00,427,33
2023-05-09 03:00:00,490,37
2023-05-09 04:00:00,403,23
2023-05-09 05:00:00,864,40
2023-05-09 06:00:00,909,31
2023-05-09 07:00:00,1088,28
2023-05-09 08:00:00,971,38
2023-05-09 09:00:00,845,24
2023-05-09 10:00:00,1172,44
2023-05-09 11:00:00,825,30
2023-05-09 12:00:00,784,34
2023-05-09 13:00:00,631,26
2023-05-09 14:00:00,984,42
2023-05-09 15:00:00,919,32
2023-05-09 16:00:00,1263,36
2023-05-09 17:00:00,909,30
2023-05-09 18:00:00,590,26
2023-05-09 19:00:00,899,31
2023-05-09 20:00:00,1128,40
2023-05-09 21:00:00,943,38
2023-05-09 22:00:00,1311,30
2023-05-09 23:00:00,275,16
2023-05-10 00:00:00,689,54
2023-05-10 01:00:00,389,12
2023-05-10 02:00:00,590,47
2023-05-10 03:00:00,199,19
2023-05-10 04:00:00,682,52
2023-05-10 05:00:00,583,31
2023-05-10 06:00:00,785,32
2023-05-10 07:00:00,376,23
2023-05-10 08:00:00,1302,50
2023-05-10 09:00:00,789,25
2023-05-10 10:00:00,1198,42
2023-05-10 11:00:00,554,16
2023-05-10 12:00:00,1496,51
2023-05-10 13:00:00,679,22
2023-05-10 14:00:00,1924,46
2023-05-10 15:00:00,1407,36
2023-05-10 16:00:00,1250,34
2023-05-10 17:00:00,1337,31
2023-05-10 18:00:00,1260,39
2023-05-10 19:00:00,1075,32
2023-05-10 20:00:00,1103,37
2023-05-10 21:00:00,1052,49
2023-05-10 22:00:00,1016,51
2023-05-10 23:00:00,735,38
2023-05-11 00:00:00,327,19
2023-05-11 01:00:00,558,43
2023-05-11 02:00:00,449,36
2023-05-11 03:00:00,355,26
2023-05-11 04:00:00,503,37
2023-05-11 05:00:00,505,34
2023-05-11 06:00:00,815,33
2023-05-11 07:00:00,863,34
2023-05-11 08:00:00,1004,37
2023-05-11 09:00:00,965,36
2023-05-11 10:00:00,731,34
2023-05-11 11:00:00,1174,33
2023-05-11 12:00:00,754,31
2023-05-11 13:00:00,889,25
2023-05-11 14:00:00,1410,44
2023-05-11 15:00:00,1236,45
2023-05-11 16:00:00,0,0
2023-05-11 17:00:00,1802,56
2023-05-11 18:00:00,1594,38
2023-05-11 19:00:00,865,37
2023-05-11 20:00:00,1068,35
2023-05-11 21:00:00,856,38
2023-05-11 22:00:00,1015,38
2023-05-11 23:00:00,815,39
2023-05-12 00:00:00,518,34
2023-05-12 01:00:00,232,18
2023-05-12 02:00:00,341,39
2023-05-12 03:00:00,757,41
2023-05-12 04:00:00,398,32
2023-05-12 05:00:00,595,43
2023-05-12 06:00:00,926,32
2023-05-12 07:00:00,1127,41
2023-05-12 08:00:00,1325,48
2023-05-12 09:00:00,1021,85
2023-05-12 10:00:00,791,36
2023-05-12 11:00:00,789,32
2023-05-12 12:00:00,839,35
2023-05-12 13:00:00,896,33
2023-05-12 14:00:00,1325,41
2023-05-12 15:00:00,1090,33
2023-05-12 16:00:00,1652,41
2023-05-12 17:00:00,596,24
2023-05-12 18:00:00,1004,41
2023-05-12 19:00:00,1367,36
2023-05-12 20:00:00,1002,31
2023-05-12 21:00:00,1672,41
2023-05-12 22:00:00,1108,35
2023-05-12 23:00:00,758,33
2023-05-13 00:00:00,697,33
2023-05-13 01:00:00,499,34
2023-05-13 02:00:00,268,26
2023-05-13 03:00:00,633,42
2023-05-13 04:00:00,525,73
2023-05-13 05:00:00,660,57
2023-05-13 06:00:00,608,34
2023-05-13 07:00:00,710,33
2023-05-13 08:00:00,645,32
2023-05-13 09:00:00,1188,33
2023-05-13 10:00:00,857,30
2023-05-13 11:00:00,439,20
2023-05-13 12:00:00,1181,47
2023-05-13 13:00:00,642,28
2023-05-13 14:00:00,1273,43
2023-05-13 15:00:00,647,22
2023-05-13 16:00:00,1240,44
2023-05-13 17:00:00,979,31
2023-05-13 18:00:00,1306,35
2023-05-13 19:00:00,838,32
2023-05-13 20:00:00,712,32
2023-05-13 21:00:00,407,28
2023-05-13 22:00:00,507,32
2023-05-13 23:00:00,360,37
2023-05-14 00:00:00,470,30
2023-05-14 01:00:00,294,20
2023-05-14 02:00:00,403,44
2023-05-14 03:00:00,515,35
2023-05-14 04:00:00,474,33
2023-05-14 05:00:00,405,29
2023-05-14 06:00:00,780,65
2023-05-14 07:00:00,765,215
2023-05-14 08:00:00,811,123
2023-05-14 09:00:00,986,59
2023-05-14 10:00:00,668,32
2023-05-14 11:00:00,890,84
2023-05-14 12:00:00,891,60
2023-05-14 13:00:00,1181,102
2023-05-14 14:00:00,548,49
2023-05-14 15:00:00,1198,50
2023-05-14 16:00:00,812,91
2023-05-14 17:00:00,823,62
2023-05-14 18:00:00,963,42
2023-05-14 19:00:00,725,84
2023-05-14 20:00:00,714,38
2023-05-14 21:00:00,749,71
2023-05-14 22:00:00,499,35
2023-05-14 23:00:00,359,31
2023-05-15 00:00:00,333,26
2023-05-15 01:00:00,266,27
2023-05-15 02:00:00,516,49
2023-05-15 03:00:00,390,35
2023-05-15 04:00:00,206,22
2023-05-15 05:00:00,513,44
2023-05-15 06:00:00,737,44
2023-05-15 07:00:00,873,37
2023-05-15 08:00:00,607,30
2023-05-15 09:00:00,1072,36
2023-05-15 10:00:00,593,31
2023-05-15 11:00:00,1251,51
2023-05-15 12:00:00,1009,32
2023-05-15 13:00:00,1038,32
2023-05-15 14:00:00,1158,42
2023-05-15 15:00:00,1182,37
2023-05-15 16:00:00,670,28
2023-05-15 17:00:00,1442,39
2023-05-15 18:00:00,1122,37
2023-05-15 19:00:00,1052,30
2023-05-15 20:00:00,877,32
2023-05-15 21:00:00,831,39
2023-05-15 22:00:00,832,39
2023-05-15 23:00:00,470,18
2023-05-16 00:00:00,702,40
2023-05-16 01:00:00,494,35
2023-05-16 02:00:00,503,44
2023-05-16 03:00:00,405,38
2023-05-16 04:00:00,429,41
2023-05-16 05:00:00,302,29
2023-05-16 06:00:00,449,26
2023-05-16 07:00:00,952,37
2023-05-16 08:00:00,1119,45
2023-05-16 09:00:00,776,27
2023-05-16 10:00:00,562,31
2023-05-16 11:00:00,543,19
2023-05-16 12:00:00,1426,53
2023-05-16 13:00:00,1072,29
2023-05-16 14:00:00,1145,32
2023-05-16 15:00:00,1215,43
2023-05-16 16:00:00,1486,40
2023-05-16 17:00:00,681,33
2023-05-16 18:00:00,1155,34
2023-05-16 19:00:00,1054,30
2023-05-16 20:00:00,1092,41
2023-05-16 21:00:00,936,34
2023-05-16 22:00:00,281,24
2023-05-16 23:00:00,1149,77
2023-05-17 00:00:00,511,34
2023-05-17 01:00:00,416,28
2023-05-17 02:00:00,538,43
2023-05-17 03:00:00,460,38
2023-05-17 04:00:00,565,67
2023-05-17 05:00:00,348,32
2023-05-17 06:00:00,932,51
2023-05-17 07:00:00,912,40
2023-05-17 08:00:00,752,35
2023-05-17 09:00:00,576,26
2023-05-17 10:00:00,1201,55
2023-05-17 11:00:00,690,25
2023-05-17 12:00:00,1149,46
2023-05-17 13:00:00,988,33
2023-05-17 14:00:00,1220,48
2023-05-17 15:00:00,1232,29
2023-05-17 16:00:00,872,77
2023-05-17 17:00:00,570,24
2023-05-17 18:00:00,750,39
2023-05-17 19:00:00,996,44
2023-05-17 20:00:00,1688,53
2023-05-17 21:00:00,1262,36
2023-05-17 22:00:00,1392,63
2023-05-17 23:00:00,750,34
2023-05-18 00:00:00,452,38
2023-05-18 01:00:00,364,28
2023-05-18 02:00:00,636,52
2023-05-18 03:00:00,557,32
2023-05-18 04:00:00,531,102
2023-05-18 05:00:00,557,29
2023-05-18 06:00:00,713,92
2023-05-18 07:00:00,785,104
2023-05-18 08:00:00,1106,210
2023-05-18 09:00:00,674,35
2023-05-18 10:00:00,691,37
2023-05-18 11:00:00,497,37
2023-05-18 12:00:00,583,33
2023-05-18 13:00:00,1336,48
2023-05-18 14:00:00,1214,39
2023-05-18 15:00:00,572,25
2023-05-18 16:00:00,0,0
2023-05-18 17:00:00,962,70
2023-05-18 18:00:00,2031,60
2023-05-18 19:00:00,1585,33
2023-05-18 20:00:00,893,68
2023-05-18 21:00:00,1125,29
2023-05-18 22:00:00,852,43
2023-05-18 23:00:00,948,37
2023-05-19 00:00:00,626,44
2023-05-19 01:00:00,700,40
2023-05-19 02:00:00,594,46
2023-05-19 03:00:00,390,26
2023-05-19 04:00:00,381,43
2023-05-19 05:00:00,315,30
2023-05-19 06:00:00,914,47
2023-05-19 07:00:00,913,34
2023-05-19 08:00:00,1117,44
2023-05-19 09:00:00,901,28
2023-05-19 10:00:00,815,48
2023-05-19 11:00:00,1135,42
2023-05-19 12:00:00,591,34
2023-05-19 13:00:00,1444,44
2023-05-19 14:00:00,1168,52
2023-05-19 15:00:00,1603,42
2023-05-19 16:00:00,1402,60
2023-05-19 17:00:00,591,18
2023-05-19 18:00:00,1546,61
2023-05-19 19:00:00,1242,33
2023-05-19 20:00:00,753,45
2023-05-19 21:00:00,1079,24
2023-05-19 22:00:00,1183,50
2023-05-19 23:00:00,726,30
2023-05-20 00:00:00,148,37
2023-05-20 01:00:00,622,53
2023-05-20 02:00:00,521,37
2023-05-20 03:00:00,597,35
2023-05-20 04:00:00,155,26
2023-05-20 05:00:00,806,52
2023-05-20 06:00:00,538,40
2023-05-20 07:00:00,577,21
2023-05-20 08:00:00,1234,47
2023-05-20 09:00:00,208,10
2023-05-20 10:00:00,1057,66
2023-05-20 11:00:00,704,25
2023-05-20 12:00:00,687,40
2023-05-20 13:00:00,494,36
2023-05-20 14:00:00,657,33
2023-05-20 15:00:00,1554,44
2023-05-20 16:00:00,1082,49
2023-05-20 17:00:00,1137,30
2023-05-20 18:00:00,1415,48
2023-05-20 19:00:00,867,27
2023-05-20 20:00:00,982,76
2023-05-20 21:00:00,849,195
2023-05-20 22:00:00,728,233
2023-05-20 23:00:00,349,34
2023-05-21 00:00:00,690,322
2023-05-21 01:00:00,390,40
2023-05-21 02:00:00,303,36
2023-05-21 03:00:00,317,27
2023-05-21 04:00:00,359,48
2023-05-21 05:00:00,306,37
2023-05-21 06:00:00,608,32
2023-05-21 07:00:00,499,26
2023-05-21 08:00:00,925,61
2023-05-21 09:00:00,453,21
2023-05-21 10:00:00,693,44
2023-05-21 11:00:00,590,33
2023-05-21 12:00:00,925,49
2023-05-21 13:00:00,401,27
2023-05-21 14:00:00,884,43
2023-05-21 15:00:00,1076,31
2023-05-21 16:00:00,844,49
2023-05-21 17:00:00,1024,34
2023-05-21 18:00:00,767,47
2023-05-21 19:00:00,944,33
2023-05-21 20:00:00,550,29
2023-05-21 21:00:00,863,45
2023-05-21 22:00:00,537,38
2023-05-21 23:00:00,440,29
2023-05-22 00:00:00,472,36
2023-05-22 01:00:00,309,37
2023-05-22 02:00:00,434,41
2023-05-22 03:00:00,331,36
2023-05-22 04:00:00,566,45
2023-05-22 05:00:00,430,31
2023-05-22 06:00:00,458,38
2023-05-22 07:00:00,999,39
2023-05-22 08:00:00,764,44
2023-05-22 09:00:00,701,37
2023-05-22 10:00:00,610,21
2023-05-22 11:00:00,1166,52
2023-05-22 12:00:00,1235,41
2023-05-22 13:00:00,1047,35
2023-05-22 14:00:00,1013,45
2023-05-22 15:00:00,1149,34
2023-05-22 16:00:00,1231,51
2023-05-22 17:00:00,780,22
2023-05-22 18:00:00,1050,55
2023-05-22 19:00:00,830,19
2023-05-22 20:00:00,1045,68
2023-05-22 21:00:00,1053,33
2023-05-22 22:00:00,861,49
2023-05-22 23:00:00,589,35
2023-05-23 00:00:00,567,44
2023-05-23 01:00:00,348,32
2023-05-23 02:00:00,438,40
2023-05-23 03:00:00,483,34
2023-05-23 04:00:00,478,36
2023-05-23 05:00:00,421,24
2023-05-23 06:00:00,1060,65
2023-05-23 07:00:00,878,32
2023-05-23 08:00:00,899,46
2023-05-23 09:00:00,1032,31
2023-05-23 10:00:00,1012,51
2023-05-23 11:00:00,784,27
2023-05-23 12:00:00,0,0
2023-05-23 13:00:00,1638,73
2023-05-23 14:00:00,1061,57
2023-05-23 15:00:00,1730,33
2023-05-23 16:00:00,1026,49
2023-05-23 17:00:00,1121,37
2023-05-23 18:00:00,526,42
2023-05-23 19:00:00,1466,37
2023-05-23 20:00:00,987,46
2023-05-23 21:00:00,1183,45
2023-05-23 22:00:00,958,49
2023-05-23 23:00:00,334,22
2023-05-24 00:00:00,863,52
2023-05-24 01:00:00,385,29
2023-05-24 02:00:00,413,49
2023-05-24 03:00:00,370,32
2023-05-24 04:00:00,500,43
2023-05-24 05:00:00,472,44
2023-05-24 06:00:00,860,34
2023-05-24 07:00:00,611,23
2023-05-24 08:00:00,1036,47
2023-05-24 09:00:00,724,26
2023-05-24 10:00:00,668,40
2023-05-24 11:00:00,955,42
2023-05-24 12:00:00,620,44
2023-05-24 13:00:00,1267,35
2023-05-24 14:00:00,1066,54
2023-05-24 15:00:00,739,28
2023-05-24 16:00:00,1613,63
2023-05-24 17:00:00,1114,38
2023-05-24 18:00:00,1165,54
2023-05-24 19:00:00,1297,43
2023-05-24 20:00:00,863,53
2023-05-24 21:00:00,1099,35
2023-05-24 22:00:00,1098,48
2023-05-24 23:00:00,434,21
2023-05-25 00:00:00,682,50
2023-05-25 01:00:00,393,29
2023-05-25 02:00:00,221,39
2023-05-25 03:00:00,302,16
2023-05-25 04:00:00,458,49
2023-05-25 05:00:00,240,36
2023-05-25 06:00:00,1038,46
2023-05-25 07:00:00,840,29
2023-05-25 08:00:00,1221,50
2023-05-25 09:00:00,1080,28
2023-05-25 10:00:00,1024,59
2023-05-25 11:00:00,1095,33
2023-05-25 12:00:00,1120,50
2023-05-25 13:00:00,991,30
2023-05-25 14:00:00,1008,40
2023-05-25 15:00:00,590,34
2023-05-25 16:00:00,905,47
2023-05-25 17:00:00,1389,41
2023-05-25 18:00:00,1253,45
2023-05-25 19:00:00,1212,39
2023-05-25 20:00:00,1004,47
2023-05-25 21:00:00,1489,37
2023-05-25 22:00:00,585,55
2023-05-25 23:00:00,803,38
2023-05-26 00:00:00,897,37
2023-05-26 01:00:00,137,36
2023-05-26 02:00:00,349,41
2023-05-26 03:00:00,630,32
2023-05-26 04:00:00,343,45
2023-05-26 05:00:00,716,31
2023-05-26 06:00:00,731,46
2023-05-26 07:00:00,1137,35
2023-05-26 08:00:00,1253,35
2023-05-26 09:00:00,785,59
2023-05-26 10:00:00,1204,47
2023-05-26 11:00:00,1023,32
2023-05-26 12:00:00,1017,52
2023-05-26 13:00:00,995,32
2023-05-26 14:00:00,1576,50
2023-05-26 15:00:00,1395,35
2023-05-26 16:00:00,1641,52
2023-05-26 17:00:00,851,37
2023-05-26 18:00:00,1366,46
2023-05-26 19:00:00,1000,32
2023-05-26 20:00:00,801,48
2023-05-26 21:00:00,1896,52
2023-05-26 22:00:00,918,45
2023-05-26 23:00:00,712,37
2023-05-27 00:00:00,642,39
2023-05-27 01:00:00,465,30
2023-05-27 02:00:00,577,38
2023-05-27 03:00:00,583,40
2023-05-27 04:00:00,275,39
2023-05-27 05:00:00,673,39
2023-05-27 06:00:00,736,40
2023-05-27 07:00:00,815,38
2023-05-27 08:00:00,610,37
2023-05-27 09:00:00,904,35
2023-05-27 10:00:00,1046,43
2023-05-27 11:00:00,1027,34
2023-05-27 12:00:00,755,113
2023-05-27 13:00:00,905,37
2023-05-27 14:00:00,1217,44
2023-05-27 15:00:00,1145,35
2023-05-27 16:00:00,720,36
2023-05-27 17:00:00,1491,47
2023-05-27 18:00:00,671,53
2023-05-27 19:00:00,1161,27
2023-05-27 20:00:00,908,59
2023-05-27 21:00:00,627,44
2023-05-27 22:00:00,555,46
2023-05-27 23:00:00,734,43
2023-05-28 00:00:00,526,50
2023-05-28 01:00:00,367,182
2023-05-28 02:00:00,281,35
2023-05-28 03:00:00,463,41
2023-05-28 04:00:00,394,40
2023-05-28 05:00:00,501,104
2023-05-28 06:00:00,620,262
2023-05-28 07:00:00,446,34
2023-05-28 08:00:00,828,41
2023-05-28 09:00:00,765,202
2023-05-28 10:00:00,624,203
2023-05-28 11:00:00,899,168
2023-05-28 12:00:00,866,54
2023-05-28 13:00:00,598,45
2023-05-28 14:00:00,871,44
2023-05-28 15:00:00,945,29
2023-05-28 16:00:00,500,49
2023-05-28 17:00:00,757,36
2023-05-28 18:00:00,842,42
2023-05-28 19:00:00,859,34
2023-05-28 20:00:00,1482,77
2023-05-28 21:00:00,629,30
2023-05-28 22:00:00,581,107
2023-05-28 23:00:00,808,156
2023-05-29 00:00:00,401,94
2023-05-29 01:00:00,482,36
2023-05-29 02:00:00,449,46
2023-05-29 03:00:00,238,18
2023-05-29 04:00:00,586,59
2023-05-29 05:00:00,488,28
2023-05-29 06:00:00,402,34
2023-05-29 07:00:00,1157,48
2023-05-29 08:00:00,902,83
2023-05-29 09:00:00,832,202
2023-05-29 10:00:00,590,34
2023-05-29 11:00:00,1110,87
2023-05-29 12:00:00,1151,105
2023-05-29 13:00:00,449,29
2023-05-29 14:00:00,1498,47
2023-05-29 15:00:00,710,32
2023-05-29 16:00:00,1358,52
2023-05-29 17:00:00,963,33
2023-05-29 18:00:00,1296,49
2023-05-29 19:00:00,806,25
2023-05-29 20:00:00,316,26
2023-05-29 21:00:00,1166,47
2023-05-29 22:00:00,713,53
2023-05-29 23:00:00,643,32
2023-05-30 00:00:00,272,22
2023-05-30 01:00:00,635,51
2023-05-30 02:00:00,236,31
2023-05-30 03:00:00,393,36
2023-05-30 04:00:00,350,48
2023-05-30 05:00:00,740,42
2023-05-30 06:00:00,560,103
2023-05-30 07:00:00,675,111
2023-05-30 08:00:00,1053,48
2023-05-30 09:00:00,712,58
2023-05-30 10:00:00,1097,74
2023-05-30 11:00:00,1042,42
2023-05-30 12:00:00,1036,50
2023-05-30 13:00:00,1010,35
2023-05-30 14:00:00,887,48
2023-05-30 15:00:00,986,24
2023-05-30 16:00:00,865,36
2023-05-30 17:00:00,1436,40
2023-05-30 18:00:00,1008,51
2023-05-30 19:00:00,629,38
2023-05-30 20:00:00,951,46
2023-05-30 21:00:00,1292,33
2023-05-30 22:00:00,1433,42
2023-05-30 23:00:00,686,117
2023-05-31 00:00:00,542,47
2023-05-31 01:00:00,606,36
2023-05-31 02:00:00,535,65
2023-05-31 03:00:00,391,131
2023-05-31 04:00:00,406,52
2023-05-31 05:00:00,298,30
2023-05-31 06:00:00,1194,54
2023-05-31 07:00:00,756,28
2023-05-31 08:00:00,1040,295
2023-05-31 09:00:00,628,29
2023-05-31 10:00:00,1569,200
2023-05-31 11:00:00,914,156
2023-05-31 12:00:00,976,86
2023-05-31 13:00:00,800,25
2023-05-31 14:00:00,1875,61
2023-05-31 15:00:00,1057,36
2023-05-31 16:00:00,954,47
2023-05-31 17:00:00,1806,40
2023-05-31 18:00:00,987,52
2023-05-31 19:00:00,940,107
2023-05-31 20:00:00,826,40
2023-05-31 21:00:00,720,39
2023-05-31 22:00:00,942,63
2023-05-31 23:00:00,687,35
2023-06-01 00:00:00,451,38
2023-06-01 01:00:00,615,36
2023-06-01 02:00:00,989,48
2023-06-01 03:00:00,452,27
2023-06-01 04:00:00,490,58
2023-06-01 05:00:00,556,31
2023-06-01 06:00:00,972,41
2023-06-01 07:00:00,764,32
2023-06-01 08:00:00,985,51
2023-06-01 09:00:00,1378,35
2023-06-01 10:00:00,1318,50
2023-06-01 11:00:00,1069,36
2023-06-01 12:00:00,1116,45
2023-06-01 13:00:00,803,52
2023-06-01 14:00:00,1479,57
2023-06-01 15:00:00,1174,34
2023-06-01 16:00:00,844,55
2023-06-01 17:00:00,1979,64
2023-06-01 18:00:00,1002,70
2023-06-01 19:00:00,1364,56
2023-06-01 20:00:00,1255,53
2023-06-01 21:00:00,1191,56
2023-06-01 22:00:00,1108,119
2023-06-01 23:00:00,717,269
2023-06-02 00:00:00,769,176
2023-06-02 01:00:00,651,58
2023-06-02 02:00:00,89,29
2023-06-02 03:00:00,943,96
2023-06-02 04:00:00,324,42
2023-06-02 05:00:00,895,100
2023-06-02 06:00:00,964,87
2023-06-02 07:00:00,1106,47
2023-06-02 08:00:00,750,25
2023-06-02 09:00:00,1435,110
2023-06-02 10:00:00,507,48
2023-06-02 11:00:00,1272,31
2023-06-02 12:00:00,1678,67
2023-06-02 13:00:00,1183,28
2023-06-02 14:00:00,1367,96
2023-06-02 15:00:00,1608,50
2023-06-02 16:00:00,921,51
2023-06-02 17:00:00,1832,41
2023-06-02 18:00:00,1388,52
2023-06-02 19:00:00,1126,33
2023-06-02 20:00:00,1357,41
2023-06-02 21:00:00,1456,41
2023-06-02 22:00:00,899,51
2023-06-02 23:00:00,559,30
2023-06-03 00:00:00,1109,59
2023-06-03 01:00:00,678,168
2023-06-03 02:00:00,717,63
2023-06-03 03:00:00,289,24
2023-06-03 04:00:00,358,47
2023-06-03 05:00:00,622,26
2023-06-03 06:00:00,1099,49
2023-06-03 07:00:00,732,49
2023-06-03 08:00:00,1141,61
2023-06-03 09:00:00,838,29
2023-06-03 10:00:00,1182,77
2023-06-03 11:00:00,395,24
2023-06-03 12:00:00,1570,64
2023-06-03 13:00:00,1049,32
2023-06-03 14:00:00,1163,89
2023-06-03 15:00:00,1061,35
2023-06-03 16:00:00,701,35
2023-06-03 17:00:00,1020,31
2023-06-03 18:00:00,1291,67
2023-06-03 19:00:00,618,29
2023-06-03 20:00:00,1383,49
2023-06-03 21:00:00,1049,91
2023-06-03 22:00:00,669,66
2023-06-03 23:00:00,464,29
2023-06-04 00:00:00,233,36
2023-06-04 01:00:00,344,31
2023-06-04 02:00:00,674,42
2023-06-04 03:00:00,451,73
2023-06-04 04:00:00,528,67
2023-06-04 05:00:00,488,35
2023-06-04 06:00:00,615,56
2023-06-04 07:00:00,723,80
2023-06-04 08:00:00,692,49
2023-06-04 09:00:00,534,29
2023-06-04 10:00:00,637,45
2023-06-04 11:00:00,1177,88
2023-06-04 12:00:00,890,98
2023-06-04 13:00:00,704,31
2023-06-04 14:00:00,1084,57
2023-06-04 15:00:00,716,25
2023-06-04 16:00:00,1159,76
2023-06-04 17:00:00,1078,43
2023-06-04 18:00:00,1027,175
2023-06-04 19:00:00,934,32
2023-06-04 20:00:00,941,250
2023-06-04 21:00:00,882,184
2023-06-04 22:00:00,710,149
2023-06-04 23:00:00,654,75
2023-06-05 00:00:00,428,188
2023-06-05 01:00:00,369,426
2023-06-05 02:00:00,228,203
2023-06-05 03:00:00,460,95
2023-06-05 04:00:00,438,115
2023-06-05 05:00:00,422,48
2023-06-05 06:00:00,673,101
2023-06-05 07:00:00,825,37
2023-06-05 08:00:00,356,36
2023-06-05 09:00:00,601,35
2023-06-05 10:00:00,1257,49
2023-06-05 11:00:00,1602,94
2023-06-05 12:00:00,407,55
2023-06-05 13:00:00,1116,54
2023-06-05 14:00:00,1693,45
2023-06-05 15:00:00,313,10
2023-06-05 16:00:00,1204,57
2023-06-05 17:00:00,892,65
2023-06-05 18:00:00,192,16
2023-06-05 19:00:00,2366,101
2023-06-05 20:00:00,1312,78
2023-06-05 21:00:00,765,41
2023-06-05 22:00:00,884,131
2023-06-05 23:00:00,1097,92
2023-06-06 00:00:00,690,94
2023-06-06 01:00:00,672,82
2023-06-06 02:00:00,673,69
2023-06-06 03:00:00,653,146
2023-06-06 04:00:00,513,202
2023-06-06 05:00:00,594,29
2023-06-06 06:00:00,777,47
2023-06-06 07:00:00,965,60
2023-06-06 08:00:00,458,74
2023-06-06 09:00:00,227,52
2023-06-06 10:00:00,1391,45
2023-06-06 11:00:00,1343,32
2023-06-06 12:00:00,1213,57
2023-06-06 13:00:00,876,29
2023-06-06 14:00:00,1167,54
2023-06-06 15:00:00,1281,91
2023-06-06 16:00:00,829,57
2023-06-06 17:00:00,1406,65
2023-06-06 18:00:00,1034,67
2023-06-06 19:00:00,856,47
2023-06-06 20:00:00,673,69
2023-06-06 21:00:00,412,31
2023-06-06 22:00:00,814,56
2023-06-06 23:00:00,692,28
2023-06-07 00:00:00,1074,52
2023-06-07 01:00:00,765,43
2023-06-07 02:00:00,628,31
2023-06-07 03:00:00,455,41
2023-06-07 04:00:00,556,48
2023-06-07 05:00:00,1348,31
2023-06-07 06:00:00,1477,55
2023-06-07 07:00:00,1370,48
2023-06-07 08:00:00,999,40
2023-06-07 09:00:00,1515,43
2023-06-07 10:00:00,1782,43
2023-06-07 11:00:00,1573,38
2023-06-07 12:00:00,791,45
2023-06-07 13:00:00,943,38
2023-06-07 14:00:00,878,40
2023-06-07 15:00:00,565,28
2023-06-07 16:00:00,2450,65
2023-06-07 17:00:00,945,30
2023-06-07 18:00:00,1153,59
2023-06-07 19:00:00,1252,39
2023-06-07 20:00:00,485,44
2023-06-07 21:00:00,1755,43
2023-06-07 22:00:00,1483,54
2023-06-07 23:00:00,1514,32
2023-06-08 00:00:00,503,48
2023-06-08 01:00:00,852,33
2023-06-08 02:00:00,733,100
2023-06-08 03:00:00,298,115
2023-06-08 04:00:00,268,37
2023-06-08 05:00:00,842,48
2023-06-08 06:00:00,472,36
2023-06-08 07:00:00,1023,40
2023-06-08 08:00:00,1608,329
2023-06-08 09:00:00,791,30
2023-06-08 10:00:00,1066,56
2023-06-08 11:00:00,1210,130
2023-06-08 12:00:00,1009,65
2023-06-08 13:00:00,1185,86
2023-06-08 14:00:00,1207,106
2023-06-08 15:00:00,1264,55
2023-06-08 16:00:00,1137,56
2023-06-08 17:00:00,1952,81
2023-06-08 18:00:00,1174,96
2023-06-08 19:00:00,1242,132
2023-06-08 20:00:00,1118,52
2023-06-08 21:00:00,978,150
2023-06-08 22:00:00,627,49
2023-06-08 23:00:00,563,33
2023-06-09 00:00:00,852,109
2023-06-09 01:00:00,520,72
2023-06-09 02:00:00,529,398
2023-06-09 03:00:00,268,24
2023-06-09 04:00:00,647,211
2023-06-09 05:00:00,511,32
2023-06-09 06:00:00,976,251
2023-06-09 07:00:00,905,259
2023-06-09 08:00:00,1112,160
2023-06-09 09:00:00,459,16
2023-06-09 10:00:00,1136,59
2023-06-09 11:00:00,1481,45
2023-06-09 12:00:00,1324,84
2023-06-09 13:00:00,779,29
2023-06-09 14:00:00,1249,48
2023-06-09 15:00:00,1698,41
2023-06-09 16:00:00,1499,77
2023-06-09 17:00:00,1085,31
2023-06-09 18:00:00,1110,50
2023-06-09 19:00:00,609,18
2023-06-09 20:00:00,1349,65
2023-06-09 21:00:00,1297,25
2023-06-09 22:00:00,733,43
2023-06-09 23:00:00,1494,45
2023-06-10 00:00:00,793,144
2023-06-10 01:00:00,620,88
2023-06-10 02:00:00,436,58
2023-06-10 03:00:00,589,38
2023-06-10 04:00:00,521,64
2023-06-10 05:00:00,1122,37
2023-06-10 06:00:00,804,88
2023-06-10 07:00:00,1086,71
2023-06-10 08:00:00,1177,49
2023-06-10 09:00:00,756,31
2023-06-10 10:00:00,1034,58
2023-06-10 11:00:00,929,44
2023-06-10 12:00:00,1155,52
2023-06-10 13:00:00,697,36
2023-06-10 14:00:00,1532,71
2023-06-10 15:00:00,934,29
2023-06-10 16:00:00,1087,96
2023-06-10 17:00:00,1451,29
2023-06-10 18:00:00,1459,79
2023-06-10 19:00:00,956,32
2023-06-10 20:00:00,989,84
2023-06-10 21:00:00,707,24
2023-06-10 22:00:00,932,61
2023-06-10 23:00:00,626,36
2023-06-11 00:00:00,593,74
2023-06-11 01:00:00,456,28
2023-06-11 02:00:00,644,57
2023-06-11 03:00:00,381,37
2023-06-11 04:00:00,427,57
2023-06-11 05:00:00,486,40
2023-06-11 06:00:00,541,53
2023-06-11 07:00:00,611,32
2023-06-11 08:00:00,786,47
2023-06-11 09:00:00,597,32
2023-06-11 10:00:00,831,61
2023-06-11 11:00:00,687,32
2023-06-11 12:00:00,554,59
2023-06-11 13:00:00,1036,40
2023-06-11 14:00:00,746,68
2023-06-11 15:00:00,954,37
2023-06-11 16:00:00,904,67
2023-06-11 17:00:00,582,36
2023-06-11 18:00:00,1178,35
2023-06-11 19:00:00,1031,33
2023-06-11 20:00:00,569,70
2023-06-11 21:00:00,985,42
2023-06-11 22:00:00,490,58
2023-06-11 23:00:00,418,30
2023-06-12 00:00:00,488,49
2023-06-12 01:00:00,403,37
2023-06-12 02:00:00,411,67
2023-06-12 03:00:00,506,36
2023-06-12 04:00:00,433,56
2023-06-12 05:00:00,388,34
2023-06-12 06:00:00,724,67
2023-06-12 07:00:00,759,34
2023-06-12 08:00:00,846,74
2023-06-12 09:00:00,1034,35
2023-06-12 10:00:00,1106,74
2023-06-12 11:00:00,310,21
2023-06-12 12:00:00,1691,70
2023-06-12 13:00:00,1032,33
2023-06-12 14:00:00,843,66
2023-06-12 15:00:00,1034,45
2023-06-12 16:00:00,1379,70
2023-06-12 17:00:00,1096,46
2023-06-12 18:00:00,907,56
2023-06-12 19:00:00,1064,41
2023-06-12 20:00:00,813,45
2023-06-12 21:00:00,1365,95
2023-06-12 22:00:00,800,92
2023-06-12 23:00:00,1028,32
2023-06-13 00:00:00,389,38
2023-06-13 01:00:00,563,43
2023-06-13 02:00:00,526,39
2023-06-13 03:00:00,493,35
2023-06-13 04:00:00,262,43
2023-06-13 05:00:00,597,53
2023-06-13 06:00:00,816,68
2023-06-13 07:00:00,932,56
2023-06-13 08:00:00,1067,42
2023-06-13 09:00:00,910,31
2023-06-13 10:00:00,1171,95
2023-06-13 11:00:00,905,28
2023-06-13 12:00:00,639,37
2023-06-13 13:00:00,1435,104
2023-06-13 14:00:00,1182,51
2023-06-13 15:00:00,1488,39
2023-06-13 16:00:00,1348,91
2023-06-13 17:00:00,590,28
2023-06-13 18:00:00,444,28
2023-06-13 19:00:00,1421,52
2023-06-13 20:00:00,1463,42
2023-06-13 21:00:00,1333,63
2023-06-13 22:00:00,311,73
2023-06-13 23:00:00,1124,56
2023-06-14 00:00:00,333,55
2023-06-14 01:00:00,781,55
2023-06-14 02:00:00,324,61
2023-06-14 03:00:00,329,13
2023-06-14 04:00:00,501,61
2023-06-14 05:00:00,488,61
2023-06-14 06:00:00,965,50
2023-06-14 07:00:00,336,15
2023-06-14 08:00:00,243,46
2023-06-14 09:00:00,426,45
2023-06-14 10:00:00,1270,39
2023-06-14 11:00:00,1030,33
2023-06-14 12:00:00,1699,63
2023-06-14 13:00:00,1019,29
2023-06-14 14:00:00,693,45
2023-06-14 15:00:00,1099,55
2023-06-14 16:00:00,1642,40
2023-06-14 17:00:00,1872,52
2023-06-14 18:00:00,1236,181
2023-06-14 19:00:00,1539,40
2023-06-14 20:00:00,1125,72
2023-06-14 21:00:00,570,26
2023-06-14 22:00:00,1136,74
2023-06-14 23:00:00,965,31
2023-06-15 00:00:00,450,84
2023-06-15 01:00:00,766,44
2023-06-15 02:00:00,489,54
2023-06-15 03:00:00,405,31
2023-06-15 04:00:00,631,56
2023-06-15 05:00:00,491,31
2023-06-15 06:00:00,1003,67
2023-06-15 07:00:00,865,34
2023-06-15 08:00:00,1059,91
2023-06-15 09:00:00,950,29
2023-06-15 10:00:00,615,73
2023-06-15 11:00:00,1469,45
2023-06-15 12:00:00,1016,51
2023-06-15 13:00:00,693,40
2023-06-15 14:00:00,1332,46
2023-06-15 15:00:00,1239,22
2023-06-15 16:00:00,1061,66
2023-06-15 17:00:00,1068,26
2023-06-15 18:00:00,2129,66
2023-06-15 19:00:00,1268,95
2023-06-15 20:00:00,1089,94
2023-06-15 21:00:00,989,40
2023-06-15 22:00:00,1122,62
2023-06-15 23:00:00,720,30
2023-06-16 00:00:00,748,74
2023-06-16 01:00:00,370,28
2023-06-16 02:00:00,578,67
2023-06-16 03:00:00,430,32
2023-06-16 04:00:00,514,60
2023-06-16 05:00:00,631,32
2023-06-16 06:00:00,886,61
2023-06-16 07:00:00,859,28
2023-06-16 08:00:00,1099,81
2023-06-16 09:00:00,1046,31
2023-06-16 10:00:00,1045,84
2023-06-16 11:00:00,799,36
2023-06-16 12:00:00,458,38
2023-06-16 13:00:00,1826,37
2023-06-16 14:00:00,1364,93
2023-06-16 15:00:00,817,37
2023-06-16 16:00:00,1364,40
2023-06-16 17:00:00,1737,49
2023-06-16 18:00:00,1562,65
2023-06-16 19:00:00,669,21
2023-06-16 20:00:00,904,48
2023-06-16 21:00:00,1511,43
2023-06-16 22:00:00,1438,34
2023-06-16 23:00:00,1311,129
2023-06-17 00:00:00,842,29
2023-06-17 01:00:00,298,35
2023-06-17 02:00:00,432,20
2023-06-17 03:00:00,743,43
2023-06-17 04:00:00,713,35
2023-06-17 05:00:00,589,33
2023-06-17 06:00:00,1109,31
2023-06-17 07:00:00,657,34
2023-06-17 08:00:00,1145,33
2023-06-17 09:00:00,740,32
2023-06-17 10:00:00,782,30
2023-06-17 11:00:00,722,31
2023-06-17 12:00:00,882,29
2023-06-17 13:00:00,666,35
2023-06-17 14:00:00,1551,201
2023-06-17 15:00:00,1315,266
2023-06-17 16:00:00,1279,45
2023-06-17 17:00:00,1446,39
2023-06-17 18:00:00,1189,43
2023-06-17 19:00:00,959,34
2023-06-17 20:00:00,801,58
2023-06-17 21:00:00,865,32
2023-06-17 22:00:00,351,37
2023-06-17 23:00:00,565,39
2023-06-18 00:00:00,781,56
2023-06-18 01:00:00,397,37
2023-06-18 02:00:00,376,51
2023-06-18 03:00:00,279,35
2023-06-18 04:00:00,333,38
2023-06-18 05:00:00,520,31
2023-06-18 06:00:00,547,52
2023-06-18 07:00:00,573,33
2023-06-18 08:00:00,776,58
2023-06-18 09:00:00,308,16
2023-06-18 10:00:00,1219,94
2023-06-18 11:00:00,654,30
2023-06-18 12:00:00,904,53
2023-06-18 13:00:00,842,35
2023-06-18 14:00:00,882,64
2023-06-18 15:00:00,863,33
2023-06-18 16:00:00,896,79
2023-06-18 17:00:00,1149,33
2023-06-18 18:00:00,839,67
2023-06-18 19:00:00,617,27
2023-06-18 20:00:00,859,58
2023-06-18 21:00:00,633,32
2023-06-18 22:00:00,786,62
2023-06-18 23:00:00,499,35
2023-06-19 00:00:00,396,64
2023-06-19 01:00:00,407,36
2023-06-19 02:00:00,384,43
2023-06-19 03:00:00,214,23
2023-06-19 04:00:00,485,57
2023-06-19 05:00:00,515,37
2023-06-19 06:00:00,652,68
2023-06-19 07:00:00,632,26
2023-06-19 08:00:00,1047,69
2023-06-19 09:00:00,794,35
2023-06-19 10:00:00,856,59
2023-06-19 11:00:00,591,22
2023-06-19 12:00:00,1465,94
2023-06-19 13:00:00,875,28
2023-06-19 14:00:00,1281,66
2023-06-19 15:00:00,1025,36
2023-06-19 16:00:00,422,30
2023-06-19 17:00:00,964,27
2023-06-19 18:00:00,1965,110
2023-06-19 19:00:00,1259,36
2023-06-19 20:00:00,659,107
2023-06-19 21:00:00,0,0
2023-06-19 22:00:00,1450,83
2023-06-19 23:00:00,827,31
2023-06-20 00:00:00,411,54
2023-06-20 01:00:00,484,61
2023-06-20 02:00:00,560,61
2023-06-20 03:00:00,386,28
2023-06-20 04:00:00,385,66
2023-06-20 05:00:00,546,34
2023-06-20 06:00:00,765,56
2023-06-20 07:00:00,891,33
2023-06-20 08:00:00,737,58
2023-06-20 09:00:00,1086,35
2023-06-20 10:00:00,721,69
2023-06-20 11:00:00,916,30
2023-06-20 12:00:00,1335,64
2023-06-20 13:00:00,1000,37
2023-06-20 14:00:00,474,44
2023-06-20 15:00:00,771,35
2023-06-20 16:00:00,1081,55
2023-06-20 17:00:00,1674,33
2023-06-20 18:00:00,1369,58
2023-06-20 19:00:00,1618,40
2023-06-20 20:00:00,716,60
2023-06-20 21:00:00,509,34
2023-06-20 22:00:00,1555,46
2023-06-20 23:00:00,1543,62
2023-06-21 00:00:00,740,127
2023-06-21 01:00:00,762,122
2023-06-21 02:00:00,628,74
2023-06-21 03:00:00,638,33
2023-06-21 04:00:00,658,56
2023-06-21 05:00:00,819,43
2023-06-21 06:00:00,1002,74
2023-06-21 07:00:00,785,31
2023-06-21 08:00:00,1090,34
2023-06-21 09:00:00,599,60
2023-06-21 10:00:00,1530,58
2023-06-21 11:00:00,1391,74
2023-06-21 12:00:00,1249,81
2023-06-21 13:00:00,431,29
2023-06-21 14:00:00,716,11
2023-06-21 15:00:00,1368,55
2023-06-21 16:00:00,2015,62
2023-06-21 17:00:00,1521,36
2023-06-21 18:00:00,2919,92
2023-06-21 19:00:00,1518,24
2023-06-21 20:00:00,610,59
2023-06-21 21:00:00,1516,47
2023-06-21 22:00:00,780,59
2023-06-21 23:00:00,1222,33
2023-06-22 00:00:00,604,46
2023-06-22 01:00:00,598,29
2023-06-22 02:00:00,587,49
2023-06-22 03:00:00,1010,32
2023-06-22 04:00:00,693,49
2023-06-22 05:00:00,688,26
2023-06-22 06:00:00,1240,55
2023-06-22 07:00:00,1429,35
2023-06-22 08:00:00,975,52
2023-06-22 09:00:00,1555,38
2023-06-22 10:00:00,941,234
2023-06-22 11:00:00,1396,100
2023-06-22 12:00:00,639,70
2023-06-22 13:00:00,1545,55
2023-06-22 14:00:00,1365,47
2023-06-22 15:00:00,1664,35
2023-06-22 16:00:00,1509,97
2023-06-22 17:00:00,1334,32
2023-06-22 18:00:00,1355,62
2023-06-22 19:00:00,1309,49
2023-06-22 20:00:00,1254,83
2023-06-22 21:00:00,554,21
2023-06-22 22:00:00,1236,64
2023-06-22 23:00:00,860,28
2023-06-23 00:00:00,1001,91
2023-06-23 01:00:00,106,7
2023-06-23 02:00:00,1297,85
2023-06-23 03:00:00,405,26
2023-06-23 04:00:00,584,81
2023-06-23 05:00:00,534,29
2023-06-23 06:00:00,730,50
2023-06-23 07:00:00,946,35
2023-06-23 08:00:00,830,50
2023-06-23 09:00:00,677,46
2023-06-23 10:00:00,1398,42
2023-06-23 11:00:00,1064,31
2023-06-23 12:00:00,967,93
2023-06-23 13:00:00,1163,30
2023-06-23 14:00:00,1740,50
2023-06-23 15:00:00,1555,34
2023-06-23 16:00:00,1784,68
2023-06-23 17:00:00,629,39
2023-06-23 18:00:00,2152,61
2023-06-23 19:00:00,2022,34
2023-06-23 20:00:00,1027,60
2023-06-23 21:00:00,882,28
2023-06-23 22:00:00,1099,58
2023-06-23 23:00:00,1203,27
2023-06-24 00:00:00,1426,48
2023-06-24 01:00:00,721,256
2023-06-24 02:00:00,554,74
2023-06-24 03:00:00,657,34
2023-06-24 04:00:00,561,62
2023-06-24 05:00:00,435,32
2023-06-24 06:00:00,863,51
2023-06-24 07:00:00,629,27
2023-06-24 08:00:00,731,60
2023-06-24 09:00:00,1471,43
2023-06-24 10:00:00,837,53
2023-06-24 11:00:00,980,32
2023-06-24 12:00:00,745,81
2023-06-24 13:00:00,1118,37
2023-06-24 14:00:00,1108,60
2023-06-24 15:00:00,1251,38
2023-06-24 16:00:00,1102,54
2023-06-24 17:00:00,1249,32
2023-06-24 18:00:00,1539,77
2023-06-24 19:00:00,1088,33
2023-06-24 20:00:00,1046,87
2023-06-24 21:00:00,795,32
2023-06-24 22:00:00,724,63
2023-06-24 23:00:00,470,27
2023-06-25 00:00:00,505,58
2023-06-25 01:00:00,427,36
2023-06-25 02:00:00,311,38
2023-06-25 03:00:00,844,43
2023-06-25 04:00:00,339,87
2023-06-25 05:00:00,527,37
2023-06-25 06:00:00,364,40
2023-06-25 07:00:00,543,27
2023-06-25 08:00:00,1234,60
2023-06-25 09:00:00,801,33
2023-06-25 10:00:00,638,63
2023-06-25 11:00:00,920,38
2023-06-25 12:00:00,883,56
2023-06-25 13:00:00,785,30
2023-06-25 14:00:00,525,76
2023-06-25 15:00:00,1292,57
2023-06-25 16:00:00,1151,68
2023-06-25 17:00:00,939,32
2023-06-25 18:00:00,1043,75
2023-06-25 19:00:00,864,30
2023-06-25 20:00:00,872,58
2023-06-25 21:00:00,754,37
2023-06-25 22:00:00,506,41
2023-06-25 23:00:00,844,37
2023-06-26 00:00:00,554,60
2023-06-26 01:00:00,519,40
2023-06-26 02:00:00,500,65
2023-06-26 03:00:00,490,34
2023-06-26 04:00:00,347,53
2023-06-26 05:00:00,293,29
2023-06-26 06:00:00,811,87
2023-06-26 07:00:00,968,31
2023-06-26 08:00:00,1105,99
2023-06-26 09:00:00,620,21
2023-06-26 10:00:00,1352,75
2023-06-26 11:00:00,808,25
2023-06-26 12:00:00,491,40
2023-06-26 13:00:00,1344,50
2023-06-26 14:00:00,1156,38
2023-06-26 15:00:00,905,51
2023-06-26 16:00:00,2187,98
2023-06-26 17:00:00,970,33
2023-06-26 18:00:00,1041,54
2023-06-26 19:00:00,1609,82
2023-06-26 20:00:00,798,60
2023-06-26 21:00:00,934,30
2023-06-26 22:00:00,1334,97
2023-06-26 23:00:00,698,39
2023-06-27 00:00:00,728,61
2023-06-27 01:00:00,498,38
2023-06-27 02:00:00,317,65
2023-06-27 03:00:00,622,62
2023-06-27 04:00:00,583,49
2023-06-27 05:00:00,333,17
2023-06-27 06:00:00,1030,61
2023-06-27 07:00:00,960,34
2023-06-27 08:00:00,761,53
2023-06-27 09:00:00,1015,72
2023-06-27 10:00:00,829,28
2023-06-27 11:00:00,1512,62
2023-06-27 12:00:00,1005,53
2023-06-27 13:00:00,979,34
2023-06-27 14:00:00,1439,87
2023-06-27 15:00:00,1815,38
2023-06-27 16:00:00,1428,93
2023-06-27 17:00:00,1171,32
2023-06-27 18:00:00,1039,61
2023-06-27 19:00:00,256,20
2023-06-27 20:00:00,1008,48
2023-06-27 21:00:00,1422,66
2023-06-27 22:00:00,931,105
2023-06-27 23:00:00,674,36
2023-06-28 00:00:00,421,35
2023-06-28 01:00:00,477,43
2023-06-28 02:00:00,765,42
2023-06-28 03:00:00,300,28
2023-06-28 04:00:00,744,63
2023-06-28 05:00:00,749,31
2023-06-28 06:00:00,814,83
2023-06-28 07:00:00,647,30
2023-06-28 08:00:00,1091,73
2023-06-28 09:00:00,975,30
2023-06-28 10:00:00,864,63
2023-06-28 11:00:00,628,21
2023-06-28 12:00:00,1426,68
2023-06-28 13:00:00,1263,48
2023-06-28 14:00:00,1158,98
2023-06-28 15:00:00,959,27
2023-06-28 16:00:00,336,17
2023-06-28 17:00:00,454,46
2023-06-28 18:00:00,1708,55
2023-06-28 19:00:00,1749,50
2023-06-28 20:00:00,0,0
2023-06-28 21:00:00,476,44
2023-06-28 22:00:00,1226,54
2023-06-28 23:00:00,1313,65
2023-06-29 00:00:00,1221,40
2023-06-29 01:00:00,696,142
2023-06-29 02:00:00,631,93
2023-06-29 03:00:00,474,30
2023-06-29 04:00:00,633,51
2023-06-29 05:00:00,495,35
2023-06-29 06:00:00,858,54
2023-06-29 07:00:00,1074,63
2023-06-29 08:00:00,1117,38
2023-06-29 09:00:00,1119,33
2023-06-29 10:00:00,1049,115
2023-06-29 11:00:00,1241,37
2023-06-29 12:00:00,1268,60
2023-06-29 13:00:00,1222,36
2023-06-29 14:00:00,1023,68
2023-06-29 15:00:00,1403,37
2023-06-29 16:00:00,1035,50
2023-06-29 17:00:00,621,35
2023-06-29 18:00:00,1534,59
2023-06-29 19:00:00,1267,74
2023-06-29 20:00:00,1648,68
2023-06-29 21:00:00,1078,26
2023-06-29 22:00:00,1409,73
2023-06-29 23:00:00,625,32
2023-06-30 00:00:00,608,81
2023-06-30 01:00:00,679,41
2023-06-30 02:00:00,515,61
2023-06-30 03:00:00,549,34
2023-06-30 04:00:00,599,63
2023-06-30 05:00:00,824,35
2023-06-30 06:00:00,570,55
2023-06-30 07:00:00,1390,73
2023-06-30 08:00:00,1271,86
2023-06-30 09:00:00,708,28
2023-06-30 10:00:00,1380,64
2023-06-30 11:00:00,1511,39
2023-06-30 12:00:00,908,82
2023-06-30 13:00:00,2040,44
2023-06-30 14:00:00,1861,118
2023-06-30 15:00:00,706,25
2023-06-30 16:00:00,1943,68
2023-06-30 17:00:00,1728,51
2023-06-30 18:00:00,1826,103
2023-06-30 19:00:00,1099,28
2023-06-30 20:00:00,1101,71
2023-06-30 21:00:00,1706,44
2023-06-30 22:00:00,401,63
2023-06-30 23:00:00,1288,52
2023-07-01 00:00:00,438,47
2023-07-01 01:00:00,586,41
2023-07-01 02:00:00,859,61
2023-07-01 03:00:00,934,33
2023-07-01 04:00:00,513,74
2023-07-01 05:00:00,490,31
2023-07-01 06:00:00,990,66
2023-07-01 07:00:00,865,30
2023-07-01 08:00:00,1075,64
2023-07-01 09:00:00,867,27
2023-07-01 10:00:00,1190,66
2023-07-01 11:00:00,703,20
2023-07-01 12:00:00,1220,74
2023-07-01 13:00:00,1176,29
2023-07-01 14:00:00,966,58
2023-07-01 15:00:00,1329,49
2023-07-01 16:00:00,1507,75
2023-07-01 17:00:00,1378,29
2023-07-01 18:00:00,1352,92
2023-07-01 19:00:00,1058,30
2023-07-01 20:00:00,1145,65
2023-07-01 21:00:00,964,31
2023-07-01 22:00:00,238,33
2023-07-01 23:00:00,1184,74
2023-07-02 00:00:00,568,32
2023-07-02 01:00:00,528,40
2023-07-02 02:00:00,397,21
2023-07-02 03:00:00,408,36
2023-07-02 04:00:00,509,34
2023-07-02 05:00:00,524,36
2023-07-02 06:00:00,605,29
2023-07-02 07:00:00,578,30
2023-07-02 08:00:00,963,41
2023-07-02 09:00:00,664,31
2023-07-02 10:00:00,1191,31
2023-07-02 11:00:00,773,32
2023-07-02 12:00:00,837,32
2023-07-02 13:00:00,780,32
2023-07-02 14:00:00,1089,248
2023-07-02 15:00:00,1119,96
2023-07-02 16:00:00,1108,94
2023-07-02 17:00:00,811,24
2023-07-02 18:00:00,1399,65
2023-07-02 19:00:00,810,31
2023-07-02 20:00:00,802,51
2023-07-02 21:00:00,737,30
2023-07-02 22:00:00,839,48
2023-07-02 23:00:00,591,34
2023-07-03 00:00:00,338,43
2023-07-03 01:00:00,549,40
2023-07-03 02:00:00,650,66
2023-07-03 03:00:00,362,22
2023-07-03 04:00:00,567,72
2023-07-03 05:00:00,569,32
2023-07-03 06:00:00,493,59
2023-07-03 07:00:00,1108,64
2023-07-03 08:00:00,758,22
2023-07-03 09:00:00,300,39
2023-07-03 10:00:00,1058,84
2023-07-03 11:00:00,902,35
2023-07-03 12:00:00,482,43
2023-07-03 13:00:00,1840,56
2023-07-03 14:00:00,2106,74
2023-07-03 15:00:00,1788,68
2023-07-03 16:00:00,1081,33
2023-07-03 17:00:00,1903,92
2023-07-03 18:00:00,1387,82
2023-07-03 19:00:00,1761,40
2023-07-03 20:00:00,553,33
2023-07-03 21:00:00,1557,67
2023-07-03 22:00:00,518,44
2023-07-03 23:00:00,1287,68
2023-07-04 00:00:00,715,71
2023-07-04 01:00:00,351,16
2023-07-04 02:00:00,720,52
2023-07-04 03:00:00,534,100
2023-07-04 04:00:00,619,56
2023-07-04 05:00:00,603,26
2023-07-04 06:00:00,1045,62
2023-07-04 07:00:00,863,32
2023-07-04 08:00:00,724,80
2023-07-04 09:00:00,1509,39
2023-07-04 10:00:00,678,78
2023-07-04 11:00:00,1547,34
2023-07-04 12:00:00,520,55
2023-07-04 13:00:00,1175,38
2023-07-04 14:00:00,1362,60
2023-07-04 15:00:00,1876,39
2023-07-04 16:00:00,816,102
2023-07-04 17:00:00,1675,36
2023-07-04 18:00:00,1315,75
2023-07-04 19:00:00,1067,32
2023-07-04 20:00:00,1032,77
2023-07-04 21:00:00,646,32
2023-07-04 22:00:00,759,67
2023-07-04 23:00:00,0,0
2023-07-05 00:00:00,1152,71
2023-07-05 01:00:00,594,40
2023-07-05 02:00:00,545,56
2023-07-05 03:00:00,437,32
2023-07-05 04:00:00,367,55
2023-07-05 05:00:00,510,28
2023-07-05 06:00:00,952,60
2023-07-05 07:00:00,878,34
2023-07-05 08:00:00,884,78
2023-07-05 09:00:00,748,30
2023-07-05 10:00:00,1141,82
2023-07-05 11:00:00,1087,36
2023-07-05 12:00:00,867,77
2023-07-05 13:00:00,1258,39
2023-07-05 14:00:00,1204,73
2023-07-05 15:00:00,1364,50
2023-07-05 16:00:00,483,53
2023-07-05 17:00:00,1890,55
2023-07-05 18:00:00,1126,71
2023-07-05 19:00:00,1360,26
2023-07-05 20:00:00,1095,74
2023-07-05 21:00:00,1242,33
2023-07-05 22:00:00,766,68
2023-07-05 23:00:00,695,33
2023-07-06 00:00:00,896,75
2023-07-06 01:00:00,521,34
2023-07-06 02:00:00,520,57
2023-07-06 03:00:00,557,38
2023-07-06 04:00:00,213,30
2023-07-06 05:00:00,432,36
2023-07-06 06:00:00,1166,76
2023-07-06 07:00:00,752,26
2023-07-06 08:00:00,897,51
2023-07-06 09:00:00,1138,40
2023-07-06 10:00:00,1243,102
2023-07-06 11:00:00,1521,36
2023-07-06 12:00:00,265,25
2023-07-06 13:00:00,1359,53
2023-07-06 14:00:00,1656,84
2023-07-06 15:00:00,1482,34
2023-07-06 16:00:00,958,68
2023-07-06 17:00:00,1637,91
2023-07-06 18:00:00,1669,70
2023-07-06 19:00:00,916,24
2023-07-06 20:00:00,1571,79
2023-07-06 21:00:00,946,34
2023-07-06 22:00:00,782,78
2023-07-06 23:00:00,805,31
2023-07-07 00:00:00,978,65
2023-07-07 01:00:00,606,34
2023-07-07 02:00:00,350,72
2023-07-07 03:00:00,556,31
2023-07-07 04:00:00,335,61
2023-07-07 05:00:00,849,40
2023-07-07 06:00:00,823,75
2023-07-07 07:00:00,895,31
2023-07-07 08:00:00,1127,72
2023-07-07 09:00:00,806,26
2023-07-07 10:00:00,1046,64
2023-07-07 11:00:00,1374,36
2023-07-07 12:00:00,1164,95
2023-07-07 13:00:00,1247,32
2023-07-07 14:00:00,428,52
2023-07-07 15:00:00,2485,56
2023-07-07 16:00:00,1603,107
2023-07-07 17:00:00,1385,34
2023-07-07 18:00:00,1419,80
2023-07-07 19:00:00,1316,34
2023-07-07 20:00:00,1098,75
2023-07-07 21:00:00,1009,31
2023-07-07 22:00:00,847,52
2023-07-07 23:00:00,1020,50
2023-07-08 00:00:00,754,60
2023-07-08 01:00:00,624,36
2023-07-08 02:00:00,488,49
2023-07-08 03:00:00,477,38
2023-07-08 04:00:00,309,51
2023-07-08 05:00:00,656,43
2023-07-08 06:00:00,796,74
2023-07-08 07:00:00,836,31
2023-07-08 08:00:00,1027,84
2023-07-08 09:00:00,953,33
2023-07-08 10:00:00,952,53
2023-07-08 11:00:00,761,33
2023-07-08 12:00:00,966,44
2023-07-08 13:00:00,956,26
2023-07-08 14:00:00,1041,60
2023-07-08 15:00:00,1072,40
2023-07-08 16:00:00,1361,84
2023-07-08 17:00:00,1149,35
2023-07-08 18:00:00,1172,72
2023-07-08 19:00:00,942,40
2023-07-08 20:00:00,1170,65
2023-07-08 21:00:00,726,31
2023-07-08 22:00:00,670,79
2023-07-08 23:00:00,517,24
2023-07-09 00:00:00,660,49
2023-07-09 01:00:00,391,28
2023-07-09 02:00:00,526,64
2023-07-09 03:00:00,251,24
2023-07-09 04:00:00,439,52
2023-07-09 05:00:00,397,33
2023-07-09 06:00:00,459,67
2023-07-09 07:00:00,726,36
2023-07-09 08:00:00,224,34
2023-07-09 09:00:00,1256,55
2023-07-09 10:00:00,762,58
2023-07-09 11:00:00,699,30
2023-07-09 12:00:00,925,61
2023-07-09 13:00:00,688,28
2023-07-09 14:00:00,906,54
2023-07-09 15:00:00,913,38
2023-07-09 16:00:00,1101,53
2023-07-09 17:00:00,869,33
2023-07-09 18:00:00,1055,78
2023-07-09 19:00:00,943,33
2023-07-09 20:00:00,745,55
2023-07-09 21:00:00,763,34
2023-07-09 22:00:00,591,72
2023-07-09 23:00:00,552,31
2023-07-10 00:00:00,572,65
2023-07-10 01:00:00,431,32
2023-07-10 02:00:00,356,60
2023-07-10 03:00:00,524,42
2023-07-10 04:00:00,444,79
2023-07-10 05:00:00,402,32
2023-07-10 06:00:00,640,58
2023-07-10 07:00:00,955,41
2023-07-10 08:00:00,553,41
2023-07-10 09:00:00,1134,41
2023-07-10 10:00:00,1071,89
2023-07-10 11:00:00,1047,31
2023-07-10 12:00:00,732,79
2023-07-10 13:00:00,1396,35
2023-07-10 14:00:00,751,21
2023-07-10 15:00:00,1142,55
2023-07-10 16:00:00,1236,72
2023-07-10 17:00:00,1747,92
2023-07-10 18:00:00,1554,78
2023-07-10 19:00:00,1178,34
2023-07-10 20:00:00,592,51
2023-07-10 21:00:00,1777,53
2023-07-10 22:00:00,568,84
2023-07-10 23:00:00,494,39
2023-07-11 00:00:00,682,41
2023-07-11 01:00:00,738,49
2023-07-11 02:00:00,451,49
2023-07-11 03:00:00,433,37
2023-07-11 04:00:00,541,64
2023-07-11 05:00:00,342,22
2023-07-11 06:00:00,1005,73
2023-07-11 07:00:00,875,29
2023-07-11 08:00:00,1022,100
2023-07-11 09:00:00,755,20
2023-07-11 10:00:00,1410,84
2023-07-11 11:00:00,902,54
2023-07-11 12:00:00,1039,54
2023-07-11 13:00:00,610,18
2023-07-11 14:00:00,1266,54
2023-07-11 15:00:00,659,30
2023-07-11 16:00:00,1433,78
2023-07-11 17:00:00,1191,32
2023-07-11 18:00:00,1580,80
2023-07-11 19:00:00,1221,31
2023-07-11 20:00:00,1195,94
2023-07-11 21:00:00,915,33
2023-07-11 22:00:00,900,52
2023-07-11 23:00:00,222,34
2023-07-12 00:00:00,1463,57
2023-07-12 01:00:00,401,28
2023-07-12 02:00:00,564,91
2023-07-12 03:00:00,453,66
2023-07-12 04:00:00,485,46
2023-07-12 05:00:00,343,24
2023-07-12 06:00:00,1000,53
2023-07-12 07:00:00,830,31
2023-07-12 08:00:00,685,42
2023-07-12 09:00:00,1117,69
2023-07-12 10:00:00,1257,75
2023-07-12 11:00:00,858,30
2023-07-12 12:00:00,1461,81
2023-07-12 13:00:00,502,32
2023-07-12 14:00:00,1238,81
2023-07-12 15:00:00,1392,55
2023-07-12 16:00:00,1177,35
2023-07-12 17:00:00,1744,43
2023-07-12 18:00:00,1306,97
2023-07-12 19:00:00,1279,33
2023-07-12 20:00:00,902,87
2023-07-12 21:00:00,1074,43
2023-07-12 22:00:00,811,64
2023-07-12 23:00:00,885,34
2023-07-13 00:00:00,518,68
2023-07-13 01:00:00,489,33
2023-07-13 02:00:00,608,48
2023-07-13 03:00:00,558,38
2023-07-13 04:00:00,349,52
2023-07-13 05:00:00,553,41
2023-07-13 06:00:00,902,53
2023-07-13 07:00:00,1013,33
2023-07-13 08:00:00,984,82
2023-07-13 09:00:00,1077,44
2023-07-13 10:00:00,508,54
2023-07-13 11:00:00,1308,59
2023-07-13 12:00:00,1491,60
2023-07-13 13:00:00,1129,38
2023-07-13 14:00:00,1112,97
2023-07-13 15:00:00,955,31
2023-07-13 16:00:00,242,35
2023-07-13 17:00:00,2184,65
2023-07-13 18:00:00,1445,109
2023-07-13 19:00:00,1194,27
2023-07-13 20:00:00,2501,111
2023-07-13 21:00:00,647,22
2023-07-13 22:00:00,894,73
2023-07-13 23:00:00,970,56
2023-07-14 00:00:00,1118,54
2023-07-14 01:00:00,554,17
2023-07-14 02:00:00,1067,85
2023-07-14 03:00:00,610,17
2023-07-14 04:00:00,795,80
2023-07-14 05:00:00,447,22
2023-07-14 06:00:00,968,84
2023-07-14 07:00:00,1306,39
2023-07-14 08:00:00,897,73
2023-07-14 09:00:00,1299,38
2023-07-14 10:00:00,1166,94
2023-07-14 11:00:00,934,29
2023-07-14 12:00:00,1633,67
2023-07-14 13:00:00,1366,29
2023-07-14 14:00:00,570,57
2023-07-14 15:00:00,2046,66
2023-07-14 16:00:00,1143,72
2023-07-14 17:00:00,1436,39
2023-07-14 18:00:00,1925,78
2023-07-14 19:00:00,1430,27
2023-07-14 20:00:00,1500,100
2023-07-14 21:00:00,1242,34
2023-07-14 22:00:00,0,0
2023-07-14 23:00:00,1560,106
2023-07-15 00:00:00,920,76
2023-07-15 01:00:00,444,26
2023-07-15 02:00:00,575,63
2023-07-15 03:00:00,483,35
2023-07-15 04:00:00,476,48
2023-07-15 05:00:00,258,13
2023-07-15 06:00:00,996,100
2023-07-15 07:00:00,844,33
2023-07-15 08:00:00,790,59
2023-07-15 09:00:00,929,31
2023-07-15 10:00:00,788,42
2023-07-15 11:00:00,812,31
2023-07-15 12:00:00,962,66
2023-07-15 13:00:00,888,31
2023-07-15 14:00:00,1167,107
2023-07-15 15:00:00,902,31
2023-07-15 16:00:00,1217,58
2023-07-15 17:00:00,921,26
2023-07-15 18:00:00,706,49
2023-07-15 19:00:00,1491,51
2023-07-15 20:00:00,1769,52
2023-07-15 21:00:00,529,20
2023-07-15 22:00:00,1073,84
2023-07-15 23:00:00,972,29
2023-07-16 00:00:00,640,60
2023-07-16 01:00:00,227,19
2023-07-16 02:00:00,540,67
2023-07-16 03:00:00,434,31
2023-07-16 04:00:00,405,57
2023-07-16 05:00:00,463,33
2023-07-16 06:00:00,701,50
2023-07-16 07:00:00,380,22
2023-07-16 08:00:00,636,56
2023-07-16 09:00:00,860,38
2023-07-16 10:00:00,741,64
2023-07-16 11:00:00,500,28
2023-07-16 12:00:00,1227,81
2023-07-16 13:00:00,806,29
2023-07-16 14:00:00,674,60
2023-07-16 15:00:00,1167,55
2023-07-16 16:00:00,467,24
2023-07-16 17:00:00,1306,42
2023-07-16 18:00:00,986,68
2023-07-16 19:00:00,1139,37
2023-07-16 20:00:00,909,63
2023-07-16 21:00:00,674,34
2023-07-16 22:00:00,697,62
2023-07-16 23:00:00,491,27
2023-07-17 00:00:00,314,55
2023-07-17 01:00:00,593,91
2023-07-17 02:00:00,488,55
2023-07-17 03:00:00,303,41
2023-07-17 04:00:00,469,72
2023-07-17 05:00:00,465,31
2023-07-17 06:00:00,709,38
2023-07-17 07:00:00,419,9
2023-07-17 08:00:00,975,56
2023-07-17 09:00:00,950,41
2023-07-17 10:00:00,1178,73
2023-07-17 11:00:00,879,27
2023-07-17 12:00:00,653,60
2023-07-17 13:00:00,1336,52
2023-07-17 14:00:00,1203,96
2023-07-17 15:00:00,1087,69
2023-07-17 16:00:00,747,41
2023-07-17 17:00:00,1281,35
2023-07-17 18:00:00,571,61
2023-07-17 19:00:00,2004,47
2023-07-17 20:00:00,1090,69
2023-07-17 21:00:00,1189,41
2023-07-17 22:00:00,1011,81
2023-07-17 23:00:00,819,35
2023-07-18 00:00:00,475,69
2023-07-18 01:00:00,585,39
2023-07-18 02:00:00,461,55
2023-07-18 03:00:00,461,34
2023-07-18 04:00:00,561,64
2023-07-18 05:00:00,466,27
2023-07-18 06:00:00,803,76
2023-07-18 07:00:00,844,34
2023-07-18 08:00:00,771,21
2023-07-18 09:00:00,1190,93
2023-07-18 10:00:00,1130,39
2023-07-18 11:00:00,1029,34
2023-07-18 12:00:00,1142,38
2023-07-18 13:00:00,1231,102
2023-07-18 14:00:00,486,31
2023-07-18 15:00:00,1876,68
2023-07-18 16:00:00,1016,66
2023-07-18 17:00:00,1435,41
2023-07-18 18:00:00,935,71
2023-07-18 19:00:00,819,17
2023-07-18 20:00:00,278,20
2023-07-18 21:00:00,1317,73
2023-07-18 22:00:00,953,44
2023-07-18 23:00:00,1144,45
2023-07-19 00:00:00,516,71
2023-07-19 01:00:00,607,36
2023-07-19 02:00:00,335,58
2023-07-19 03:00:00,562,30
2023-07-19 04:00:00,536,70
2023-07-19 05:00:00,546,29
2023-07-19 06:00:00,748,62
2023-07-19 07:00:00,701,26
2023-07-19 08:00:00,1171,73
2023-07-19 09:00:00,673,26
2023-07-19 10:00:00,971,59
2023-07-19 11:00:00,1400,43
2023-07-19 12:00:00,920,76
2023-07-19 13:00:00,1202,37
2023-07-19 14:00:00,975,73
2023-07-19 15:00:00,822,18
2023-07-19 16:00:00,1209,57
2023-07-19 17:00:00,1756,46
2023-07-19 18:00:00,1014,72
2023-07-19 19:00:00,1588,47
2023-07-19 20:00:00,541,69
2023-07-19 21:00:00,1183,42
2023-07-19 22:00:00,1171,65
2023-07-19 23:00:00,535,22
2023-07-20 00:00:00,440,49
2023-07-20 01:00:00,666,62
2023-07-20 02:00:00,726,56
2023-07-20 03:00:00,460,34
2023-07-20 04:00:00,501,67
2023-07-20 05:00:00,565,33
2023-07-20 06:00:00,546,59
2023-07-20 07:00:00,1171,39
2023-07-20 08:00:00,1004,60
2023-07-20 09:00:00,458,29
2023-07-20 10:00:00,608,33
2023-07-20 11:00:00,1663,51
2023-07-20 12:00:00,1320,93
2023-07-20 13:00:00,976,30
2023-07-20 14:00:00,1202,68
2023-07-20 15:00:00,221,20
2023-07-20 16:00:00,1143,56
2023-07-20 17:00:00,1523,29
2023-07-20 18:00:00,1255,58
2023-07-20 19:00:00,1589,77
2023-07-20 20:00:00,1203,97
2023-07-20 21:00:00,1386,31
2023-07-20 22:00:00,1126,79
2023-07-20 23:00:00,197,33
2023-07-21 00:00:00,1282,70
2023-07-21 01:00:00,502,30
2023-07-21 02:00:00,345,54
2023-07-21 03:00:00,247,19
2023-07-21 04:00:00,821,73
2023-07-21 05:00:00,216,13
2023-07-21 06:00:00,205,52
2023-07-21 07:00:00,1463,62
2023-07-21 08:00:00,1167,56
2023-07-21 09:00:00,1161,58
2023-07-21 10:00:00,732,50
2023-07-21 11:00:00,840,29
2023-07-21 12:00:00,1345,62
2023-07-21 13:00:00,892,18
2023-07-21 14:00:00,1358,67
2023-07-21 15:00:00,896,29
2023-07-21 16:00:00,1267,55
2023-07-21 17:00:00,1312,54
2023-07-21 18:00:00,1799,128
2023-07-21 19:00:00,1103,38
2023-07-21 20:00:00,1596,76
2023-07-21 21:00:00,1003,40
2023-07-21 22:00:00,1076,65
2023-07-21 23:00:00,1192,32
2023-07-22 00:00:00,673,72
2023-07-22 01:00:00,651,37
2023-07-22 02:00:00,183,44
2023-07-22 03:00:00,792,58
2023-07-22 04:00:00,577,54
2023-07-22 05:00:00,416,33
2023-07-22 06:00:00,502,35
2023-07-22 07:00:00,640,31
2023-07-22 08:00:00,1133,64
2023-07-22 09:00:00,1170,28
2023-07-22 10:00:00,511,79
2023-07-22 11:00:00,412,30
2023-07-22 12:00:00,269,38
2023-07-22 13:00:00,700,30
2023-07-22 14:00:00,685,43
2023-07-22 15:00:00,550,25
2023-07-22 16:00:00,937,33
2023-07-22 17:00:00,1314,46
2023-07-22 18:00:00,1028,48
2023-07-22 19:00:00,960,31
2023-07-22 20:00:00,1182,35
2023-07-22 21:00:00,730,38
2023-07-22 22:00:00,2004,95
2023-07-22 23:00:00,656,54
2023-07-23 00:00:00,922,109
2023-07-23 01:00:00,438,22
2023-07-23 02:00:00,585,60
2023-07-23 03:00:00,373,40
2023-07-23 04:00:00,400,59
2023-07-23 05:00:00,476,40
2023-07-23 06:00:00,510,42
2023-07-23 07:00:00,614,35
2023-07-23 08:00:00,734,71
2023-07-23 09:00:00,679,32
2023-07-23 10:00:00,714,54
2023-07-23 11:00:00,793,35
2023-07-23 12:00:00,805,56
2023-07-23 13:00:00,637,29
2023-07-23 14:00:00,923,70
2023-07-23 15:00:00,696,30
2023-07-23 16:00:00,680,41
2023-07-23 17:00:00,845,35
2023-07-23 18:00:00,1257,67
2023-07-23 19:00:00,970,36
2023-07-23 20:00:00,426,56
2023-07-23 21:00:00,1211,45
2023-07-23 22:00:00,419,34
2023-07-23 23:00:00,702,44
2023-07-24 00:00:00,242,51
2023-07-24 01:00:00,502,37
2023-07-24 02:00:00,426,70
2023-07-24 03:00:00,431,39
2023-07-24 04:00:00,307,57
2023-07-24 05:00:00,483,30
2023-07-24 06:00:00,754,66
2023-07-24 07:00:00,730,33
2023-07-24 08:00:00,724,28
2023-07-24 09:00:00,1002,93
2023-07-24 10:00:00,769,50
2023-07-24 11:00:00,1034,35
2023-07-24 12:00:00,1268,79
2023-07-24 13:00:00,889,28
2023-07-24 14:00:00,1276,89
2023-07-24 15:00:00,1266,32
2023-07-24 16:00:00,1422,79
2023-07-24 17:00:00,751,20
2023-07-24 18:00:00,1473,89
2023-07-24 19:00:00,1178,36
2023-07-24 20:00:00,1125,68
2023-07-24 21:00:00,740,26
2023-07-24 22:00:00,391,48
2023-07-24 23:00:00,959,53
2023-07-25 00:00:00,491,45
2023-07-25 01:00:00,702,33
2023-07-25 02:00:00,577,53
2023-07-25 03:00:00,418,32
2023-07-25 04:00:00,498,62
2023-07-25 05:00:00,536,33
2023-07-25 06:00:00,390,63
2023-07-25 07:00:00,1151,46
2023-07-25 08:00:00,714,46
2023-07-25 09:00:00,1200,39
2023-07-25 10:00:00,646,73
2023-07-25 11:00:00,1388,45
2023-07-25 12:00:00,850,60
2023-07-25 13:00:00,1144,68
2023-07-25 14:00:00,1044,53
2023-07-25 15:00:00,503,16
2023-07-25 16:00:00,719,54
2023-07-25 17:00:00,1669,34
2023-07-25 18:00:00,770,58
2023-07-25 19:00:00,1780,52
2023-07-25 20:00:00,1026,88
2023-07-25 21:00:00,941,28
2023-07-25 22:00:00,762,77
2023-07-25 23:00:00,733,38
2023-07-26 00:00:00,432,49
2023-07-26 01:00:00,777,34
2023-07-26 02:00:00,491,50
2023-07-26 03:00:00,511,28
2023-07-26 04:00:00,492,75
2023-07-26 05:00:00,578,33
2023-07-26 06:00:00,781,66
2023-07-26 07:00:00,645,28
2023-07-26 08:00:00,1041,56
2023-07-26 09:00:00,881,25
2023-07-26 10:00:00,1235,88
2023-07-26 11:00:00,956,30
2023-07-26 12:00:00,888,58
2023-07-26 13:00:00,1494,43
2023-07-26 14:00:00,987,44
2023-07-26 15:00:00,946,41
2023-07-26 16:00:00,1581,66
2023-07-26 17:00:00,1332,39
2023-07-26 18:00:00,1020,97
2023-07-26 19:00:00,1295,38
2023-07-26 20:00:00,224,32
2023-07-26 21:00:00,755,49
2023-07-26 22:00:00,689,45
2023-07-26 23:00:00,1007,31
2023-07-27 00:00:00,884,93
2023-07-27 01:00:00,630,20
2023-07-27 02:00:00,515,49
2023-07-27 03:00:00,815,49
2023-07-27 04:00:00,463,67
2023-07-27 05:00:00,417,27
2023-07-27 06:00:00,919,57
2023-07-27 07:00:00,674,31
2023-07-27 08:00:00,1089,66
2023-07-27 09:00:00,1211,36
2023-07-27 10:00:00,1061,81
2023-07-27 11:00:00,727,24
2023-07-27 12:00:00,1176,77
2023-07-27 13:00:00,1363,36
2023-07-27 14:00:00,613,30
2023-07-27 15:00:00,1399,79
2023-07-27 16:00:00,1340,51
2023-07-27 17:00:00,780,20
2023-07-27 18:00:00,1860,75
2023-07-27 19:00:00,545,11
2023-07-27 20:00:00,1576,95
2023-07-27 21:00:00,1049,28
2023-07-27 22:00:00,869,69
2023-07-27 23:00:00,1052,41
2023-07-28 00:00:00,104,51
2023-07-28 01:00:00,533,61
2023-07-28 02:00:00,815,43
2023-07-28 03:00:00,526,34
2023-07-28 04:00:00,598,81
2023-07-28 05:00:00,722,32
2023-07-28 06:00:00,859,65
2023-07-28 07:00:00,716,27
2023-07-28 08:00:00,1114,87
2023-07-28 09:00:00,860,35
2023-07-28 10:00:00,1201,51
2023-07-28 11:00:00,1139,34
2023-07-28 12:00:00,1044,62
2023-07-28 13:00:00,979,22
2023-07-28 14:00:00,1131,49
2023-07-28 15:00:00,1479,37
2023-07-28 16:00:00,2092,86
2023-07-28 17:00:00,689,20
2023-07-28 18:00:00,1066,65
2023-07-28 19:00:00,901,39
2023-07-28 20:00:00,1841,75
2023-07-28 21:00:00,837,22
2023-07-28 22:00:00,1744,102
2023-07-28 23:00:00,236,8
2023-07-29 00:00:00,1170,91
2023-07-29 01:00:00,602,29
2023-07-29 02:00:00,651,63
2023-07-29 03:00:00,465,34
2023-07-29 04:00:00,475,51
2023-07-29 05:00:00,428,32
2023-07-29 06:00:00,715,46
2023-07-29 07:00:00,336,16
2023-07-29 08:00:00,1377,75
2023-07-29 09:00:00,898,34
2023-07-29 10:00:00,364,37
2023-07-29 11:00:00,1471,60
2023-07-29 12:00:00,754,57
2023-07-29 13:00:00,743,28
2023-07-29 14:00:00,1226,56
2023-07-29 15:00:00,1247,28
2023-07-29 16:00:00,943,91
2023-07-29 17:00:00,683,21
2023-07-29 18:00:00,595,45
2023-07-29 19:00:00,1147,40
2023-07-29 20:00:00,500,37
2023-07-29 21:00:00,1470,49
2023-07-29 22:00:00,1356,86
2023-07-29 23:00:00,119,2
2023-07-30 00:00:00,654,77
2023-07-30 01:00:00,914,42
2023-07-30 02:00:00,392,69
2023-07-30 03:00:00,217,21
2023-07-30 04:00:00,528,53
2023-07-30 05:00:00,183,14
2023-07-30 06:00:00,863,60
2023-07-30 07:00:00,567,32
2023-07-30 08:00:00,781,72
2023-07-30 09:00:00,696,34
2023-07-30 10:00:00,484,25
2023-07-30 11:00:00,690,72
2023-07-30 12:00:00,1067,41
2023-07-30 13:00:00,713,28
2023-07-30 14:00:00,1078,69
2023-07-30 15:00:00,851,30
2023-07-30 16:00:00,878,66
2023-07-30 17:00:00,967,29
2023-07-30 18:00:00,1006,83
2023-07-30 19:00:00,794,31
2023-07-30 20:00:00,866,58
2023-07-30 21:00:00,861,35
2023-07-30 22:00:00,781,53
2023-07-30 23:00:00,554,31
2023-07-31 00:00:00,327,38
2023-07-31 01:00:00,526,49
2023-07-31 02:00:00,458,49
2023-07-31 03:00:00,364,31
2023-07-31 04:00:00,358,51
2023-07-31 05:00:00,498,35
2023-07-31 06:00:00,758,61
2023-07-31 07:00:00,749,32
2023-07-31 08:00:00,819,55
2023-07-31 09:00:00,912,28
2023-07-31 10:00:00,980,66
2023-07-31 11:00:00,952,33
2023-07-31 12:00:00,1034,77
2023-07-31 13:00:00,1245,33
2023-07-31 14:00:00,1291,57
2023-07-31 15:00:00,1400,74
2023-07-31 16:00:00,1417,89
2023-07-31 17:00:00,1150,33
2023-07-31 18:00:00,1326,76
2023-07-31 19:00:00,854,23
2023-07-31 20:00:00,1230,66
2023-07-31 21:00:00,861,31
2023-07-31 22:00:00,1176,75
2023-07-31 23:00:00,294,21
2023-08-01 00:00:00,570,59
2023-08-01 01:00:00,611,50
2023-08-01 02:00:00,516,42
2023-08-01 03:00:00,704,70
2023-08-01 04:00:00,698,34
2023-08-01 05:00:00,623,33
2023-08-01 06:00:00,676,75
2023-08-01 07:00:00,651,25
2023-08-01 08:00:00,771,44
2023-08-01 09:00:00,1311,44
2023-08-01 10:00:00,1388,72
2023-08-01 11:00:00,1062,33
2023-08-01 12:00:00,989,54
2023-08-01 13:00:00,1416,40
2023-08-01 14:00:00,1180,68
2023-08-01 15:00:00,1550,37
2023-08-01 16:00:00,711,101
2023-08-01 17:00:00,1359,40
2023-08-01 18:00:00,1216,65
2023-08-01 19:00:00,1543,35
2023-08-01 20:00:00,860,88
2023-08-01 21:00:00,1270,34
2023-08-01 22:00:00,723,61
2023-08-01 23:00:00,1079,41
2023-08-02 00:00:00,914,59
2023-08-02 01:00:00,653,30
2023-08-02 02:00:00,599,94
2023-08-02 03:00:00,564,34
2023-08-02 04:00:00,461,74
2023-08-02 05:00:00,674,38
2023-08-02 06:00:00,703,53
2023-08-02 07:00:00,1094,38
2023-08-02 08:00:00,1102,77
2023-08-02 09:00:00,857,24
2023-08-02 10:00:00,1232,61
2023-08-02 11:00:00,1095,34
2023-08-02 12:00:00,784,45
2023-08-02 13:00:00,1209,46
2023-08-02 14:00:00,713,74
2023-08-02 15:00:00,1658,56
2023-08-02 16:00:00,223,27
2023-08-02 17:00:00,2306,71
2023-08-02 18:00:00,1518,80
2023-08-02 19:00:00,1131,35
2023-08-02 20:00:00,937,65
2023-08-02 21:00:00,1056,29
2023-08-02 22:00:00,738,68
2023-08-02 23:00:00,950,31
2023-08-03 00:00:00,969,58
2023-08-03 01:00:00,318,22
2023-08-03 02:00:00,722,61
2023-08-03 03:00:00,480,59
2023-08-03 04:00:00,562,35
2023-08-03 05:00:00,496,30
2023-08-03 06:00:00,902,68
2023-08-03 07:00:00,999,37
2023-08-03 08:00:00,649,64
2023-08-03 09:00:00,138,24
2023-08-03 10:00:00,649,37
2023-08-03 11:00:00,1431,44
2023-08-03 12:00:00,1831,76
2023-08-03 13:00:00,1531,39
2023-08-03 14:00:00,936,68
2023-08-03 15:00:00,1123,21
2023-08-03 16:00:00,211,24
2023-08-03 17:00:00,2339,93
2023-08-03 18:00:00,2081,72
2023-08-03 19:00:00,450,10
2023-08-03 20:00:00,1960,121
2023-08-03 21:00:00,919,29
2023-08-03 22:00:00,1231,78
2023-08-03 23:00:00,700,30
2023-08-04 00:00:00,766,82
2023-08-04 01:00:00,454,28
2023-08-04 02:00:00,560,49
2023-08-04 03:00:00,499,28
2023-08-04 04:00:00,641,65
2023-08-04 05:00:00,385,20
2023-08-04 06:00:00,1140,76
2023-08-04 07:00:00,832,33
2023-08-04 08:00:00,1064,86
2023-08-04 09:00:00,759,32
2023-08-04 10:00:00,980,41
2023-08-04 11:00:00,1235,39
2023-08-04 12:00:00,1130,71
2023-08-04 13:00:00,306,29
2023-08-04 14:00:00,1755,64
2023-08-04 15:00:00,1644,46
2023-08-04 16:00:00,723,78
2023-08-04 17:00:00,1293,35
2023-08-04 18:00:00,1144,45
2023-08-04 19:00:00,590,32
2023-08-04 20:00:00,1476,47
2023-08-04 21:00:00,1229,65
2023-08-04 22:00:00,957,49
2023-08-04 23:00:00,518,20
2023-08-05 00:00:00,1683,122
2023-08-05 01:00:00,1223,32
2023-08-05 02:00:00,656,98
2023-08-05 03:00:00,960,32
2023-08-05 04:00:00,595,53
2023-08-05 05:00:00,532,32
2023-08-05 06:00:00,707,64
2023-08-05 07:00:00,671,31
2023-08-05 08:00:00,1124,50
2023-08-05 09:00:00,406,32
2023-08-05 10:00:00,1398,46
2023-08-05 11:00:00,721,19
2023-08-05 12:00:00,1534,88
2023-08-05 13:00:00,673,22
2023-08-05 14:00:00,1404,69
2023-08-05 15:00:00,1144,37
2023-08-05 16:00:00,1355,70
2023-08-05 17:00:00,1004,27
2023-08-05 18:00:00,403,42
2023-08-05 19:00:00,1466,54
2023-08-05 20:00:00,1045,50
2023-08-05 21:00:00,1117,42
2023-08-05 22:00:00,601,70
2023-08-05 23:00:00,735,35
2023-08-06 00:00:00,476,47
2023-08-06 01:00:00,558,42
2023-08-06 02:00:00,401,47
2023-08-06 03:00:00,292,30
2023-08-06 04:00:00,396,59
2023-08-06 05:00:00,457,33
2023-08-06 06:00:00,417,67
2023-08-06 07:00:00,799,36
2023-08-06 08:00:00,705,39
2023-08-06 09:00:00,681,30
2023-08-06 10:00:00,347,45
2023-08-06 11:00:00,1066,49
2023-08-06 12:00:00,797,64
2023-08-06 13:00:00,900,35
2023-08-06 14:00:00,879,60
2023-08-06 15:00:00,747,27
2023-08-06 16:00:00,1150,66
2023-08-06 17:00:00,902,31
2023-08-06 18:00:00,1082,64
2023-08-06 19:00:00,635,28
2023-08-06 20:00:00,1001,67
2023-08-06 21:00:00,736,30
2023-08-06 22:00:00,603,68
2023-08-06 23:00:00,470,29
2023-08-07 00:00:00,517,64
2023-08-07 01:00:00,257,19
2023-08-07 02:00:00,490,60
2023-08-07 03:00:00,380,37
2023-08-07 04:00:00,393,53
2023-08-07 05:00:00,441,30
2023-08-07 06:00:00,576,55
2023-08-07 07:00:00,948,35
2023-08-07 08:00:00,825,65
2023-08-07 09:00:00,861,33
2023-08-07 10:00:00,572,48
2023-08-07 11:00:00,961,40
2023-08-07 12:00:00,910,50
2023-08-07 13:00:00,1409,28
2023-08-07 14:00:00,1066,96
2023-08-07 15:00:00,463,33
2023-08-07 16:00:00,1232,77
2023-08-07 17:00:00,671,31
2023-08-07 18:00:00,1192,42
2023-08-07 19:00:00,958,20
2023-08-07 20:00:00,1266,81
2023-08-07 21:00:00,1217,26
2023-08-07 22:00:00,1223,79
2023-08-07 23:00:00,1029,37
2023-08-08 00:00:00,537,86
2023-08-08 01:00:00,688,34
2023-08-08 02:00:00,561,79
2023-08-08 03:00:00,463,33
2023-08-08 04:00:00,418,36
2023-08-08 05:00:00,674,42
2023-08-08 06:00:00,745,71
2023-08-08 07:00:00,749,33
2023-08-08 08:00:00,1111,60
2023-08-08 09:00:00,927,31
2023-08-08 10:00:00,612,55
2023-08-08 11:00:00,291,38
2023-08-08 12:00:00,577,28
2023-08-08 13:00:00,1460,44
2023-08-08 14:00:00,871,32
2023-08-08 15:00:00,2115,57
2023-08-08 16:00:00,739,43
2023-08-08 17:00:00,1595,43
2023-08-08 18:00:00,812,46
2023-08-08 19:00:00,1737,50
2023-08-08 20:00:00,764,48
2023-08-08 21:00:00,1603,126
2023-08-08 22:00:00,830,82
2023-08-08 23:00:00,642,24
2023-08-09 00:00:00,833,81
2023-08-09 01:00:00,893,32
2023-08-09 02:00:00,144,40
2023-08-09 03:00:00,769,57
2023-08-09 04:00:00,424,57
2023-08-09 05:00:00,574,32
2023-08-09 06:00:00,761,54
2023-08-09 07:00:00,721,29
2023-08-09 08:00:00,1038,52
2023-08-09 09:00:00,915,32
2023-08-09 10:00:00,935,73
2023-08-09 11:00:00,1100,40
2023-08-09 12:00:00,966,47
2023-08-09 13:00:00,1186,27
2023-08-09 14:00:00,892,63
2023-08-09 15:00:00,1659,76
2023-08-09 16:00:00,969,47
2023-08-09 17:00:00,1557,33
2023-08-09 18:00:00,800,72
2023-08-09 19:00:00,1403,43
2023-08-09 20:00:00,1042,72
2023-08-09 21:00:00,1070,32
2023-08-09 22:00:00,476,42
2023-08-09 23:00:00,964,44
2023-08-10 00:00:00,379,41
2023-08-10 01:00:00,723,48
2023-08-10 02:00:00,587,70
2023-08-10 03:00:00,441,33
2023-08-10 04:00:00,352,51
2023-08-10 05:00:00,425,24
2023-08-10 06:00:00,777,52
2023-08-10 07:00:00,836,36
2023-08-10 08:00:00,519,42
2023-08-10 09:00:00,1354,49
2023-08-10 10:00:00,1247,67
2023-08-10 11:00:00,751,30
2023-08-10 12:00:00,701,52
2023-08-10 13:00:00,1031,41
2023-08-10 14:00:00,1376,64
2023-08-10 15:00:00,281,18
2023-08-10 16:00:00,2754,75
2023-08-10 17:00:00,729,19
2023-08-10 18:00:00,1349,72
2023-08-10 19:00:00,903,75
2023-08-10 20:00:00,1292,84
2023-08-10 21:00:00,882,29
2023-08-10 22:00:00,532,54
2023-08-10 23:00:00,1022,51
2023-08-11 00:00:00,819,49
2023-08-11 01:00:00,632,27
2023-08-11 02:00:00,463,56
2023-08-11 03:00:00,475,39
2023-08-11 04:00:00,478,62
2023-08-11 05:00:00,448,28
2023-08-11 06:00:00,837,56
2023-08-11 07:00:00,782,31
2023-08-11 08:00:00,1086,65
2023-08-11 09:00:00,657,52
2023-08-11 10:00:00,1042,31
2023-08-11 11:00:00,1396,59
2023-08-11 12:00:00,1050,58
2023-08-11 13:00:00,1329,32
2023-08-11 14:00:00,699,36
2023-08-11 15:00:00,1632,41
2023-08-11 16:00:00,1826,103
2023-08-11 17:00:00,822,27
2023-08-11 18:00:00,1396,65
2023-08-11 19:00:00,1431,44
2023-08-11 20:00:00,347,90
2023-08-11 21:00:00,1409,52
2023-08-11 22:00:00,1056,57
2023-08-11 23:00:00,810,38
2023-08-12 00:00:00,670,67
2023-08-12 01:00:00,779,43
2023-08-12 02:00:00,607,40
2023-08-12 03:00:00,566,42
2023-08-12 04:00:00,491,50
2023-08-12 05:00:00,482,30
2023-08-12 06:00:00,627,47
2023-08-12 07:00:00,982,37
2023-08-12 08:00:00,611,55
2023-08-12 09:00:00,785,32
2023-08-12 10:00:00,1120,50
2023-08-12 11:00:00,938,34
2023-08-12 12:00:00,975,51
2023-08-12 13:00:00,864,52
2023-08-12 14:00:00,1217,53
2023-08-12 15:00:00,753,24
2023-08-12 16:00:00,1314,77
2023-08-12 17:00:00,1097,32
2023-08-12 18:00:00,1010,54
2023-08-12 19:00:00,1269,36
2023-08-12 20:00:00,727,66
2023-08-12 21:00:00,983,33
2023-08-12 22:00:00,694,64
2023-08-12 23:00:00,692,37
2023-08-13 00:00:00,458,52
2023-08-13 01:00:00,56,5
2023-08-13 02:00:00,608,78
2023-08-13 03:00:00,416,32
2023-08-13 04:00:00,343,58
2023-08-13 05:00:00,364,35
2023-08-13 06:00:00,586,39
2023-08-13 07:00:00,635,33
2023-08-13 08:00:00,712,54
2023-08-13 09:00:00,678,30
2023-08-13 10:00:00,687,47
2023-08-13 11:00:00,411,21
2023-08-13 12:00:00,1111,81
2023-08-13 13:00:00,607,30
2023-08-13 14:00:00,824,69
2023-08-13 15:00:00,1030,34
2023-08-13 16:00:00,764,54
2023-08-13 17:00:00,1044,33
2023-08-13 18:00:00,572,70
2023-08-13 19:00:00,745,20
2023-08-13 20:00:00,876,48
2023-08-13 21:00:00,808,36
2023-08-13 22:00:00,792,49
2023-08-13 23:00:00,453,28
2023-08-14 00:00:00,462,46
2023-08-14 01:00:00,430,35
2023-08-14 02:00:00,418,63
2023-08-14 03:00:00,310,31
2023-08-14 04:00:00,354,67
2023-08-14 05:00:00,477,38
2023-08-14 06:00:00,469,67
2023-08-14 07:00:00,778,34
2023-08-14 08:00:00,629,40
2023-08-14 09:00:00,946,34
2023-08-14 10:00:00,1060,53
2023-08-14 11:00:00,1024,33
2023-08-14 12:00:00,712,76
2023-08-14 13:00:00,954,22
2023-08-14 14:00:00,900,85
2023-08-14 15:00:00,1568,37
2023-08-14 16:00:00,1143,111
2023-08-14 17:00:00,1250,37
2023-08-14 18:00:00,1110,69
2023-08-14 19:00:00,1106,31
2023-08-14 20:00:00,1166,66
2023-08-14 21:00:00,878,35
2023-08-14 22:00:00,631,55
2023-08-14 23:00:00,1073,48
2023-08-15 00:00:00,398,46
2023-08-15 01:00:00,625,42
2023-08-15 02:00:00,424,60
2023-08-15 03:00:00,460,35
2023-08-15 04:00:00,434,53
2023-08-15 05:00:00,565,36
2023-08-15 06:00:00,783,53
2023-08-15 07:00:00,722,29
2023-08-15 08:00:00,954,67
2023-08-15 09:00:00,1049,37
2023-08-15 10:00:00,995,57
2023-08-15 11:00:00,1040,36
2023-08-15 12:00:00,552,35
2023-08-15 13:00:00,1423,40
2023-08-15 14:00:00,913,64
2023-08-15 15:00:00,238,22
2023-08-15 16:00:00,1899,56
2023-08-15 17:00:00,1007,28
2023-08-15 18:00:00,1318,97
2023-08-15 19:00:00,1031,33
2023-08-15 20:00:00,1289,88
2023-08-15 21:00:00,792,29
2023-08-15 22:00:00,928,62
2023-08-15 23:00:00,770,32
2023-08-16 00:00:00,468,80
2023-08-16 01:00:00,651,30
2023-08-16 02:00:00,539,63
2023-08-16 03:00:00,245,12
2023-08-16 04:00:00,448,52
2023-08-16 05:00:00,616,40
2023-08-16 06:00:00,474,55
2023-08-16 07:00:00,1198,44
2023-08-16 08:00:00,943,63
2023-08-16 09:00:00,624,31
2023-08-16 10:00:00,923,46
2023-08-16 11:00:00,1332,50
2023-08-16 12:00:00,1166,66
2023-08-16 13:00:00,1176,34
2023-08-16 14:00:00,1455,74
2023-08-16 15:00:00,894,25
2023-08-16 16:00:00,1422,88
2023-08-16 17:00:00,1438,37
2023-08-16 18:00:00,813,38
2023-08-16 19:00:00,1282,47
2023-08-16 20:00:00,1268,81
2023-08-16 21:00:00,1020,32
2023-08-16 22:00:00,863,76
2023-08-16 23:00:00,654,33
2023-08-17 00:00:00,532,41
2023-08-17 01:00:00,744,41
2023-08-17 02:00:00,553,75
2023-08-17 03:00:00,521,32
2023-08-17 04:00:00,545,56
2023-08-17 05:00:00,341,24
2023-08-17 06:00:00,852,51
2023-08-17 07:00:00,873,34
2023-08-17 08:00:00,779,49
2023-08-17 09:00:00,719,30
2023-08-17 10:00:00,1460,63
2023-08-17 11:00:00,999,32
2023-08-17 12:00:00,1162,88
2023-08-17 13:00:00,733,24
2023-08-17 14:00:00,1686,84
2023-08-17 15:00:00,1268,32
2023-08-17 16:00:00,1355,102
2023-08-17 17:00:00,229,24
2023-08-17 18:00:00,997,43
2023-08-17 19:00:00,1637,52
2023-08-17 20:00:00,1735,84
2023-08-17 21:00:00,226,30
2023-08-17 22:00:00,2192,62
2023-08-17 23:00:00,1068,38
2023-08-18 00:00:00,761,126
2023-08-18 01:00:00,596,31
2023-08-18 02:00:00,598,50
2023-08-18 03:00:00,608,35
2023-08-18 04:00:00,504,69
2023-08-18 05:00:00,680,36
2023-08-18 06:00:00,544,56
2023-08-18 07:00:00,1067,46
2023-08-18 08:00:00,558,39
2023-08-18 09:00:00,1598,55
2023-08-18 10:00:00,1121,72
2023-08-18 11:00:00,1038,31
2023-08-18 12:00:00,856,43
2023-08-18 13:00:00,421,35
2023-08-18 14:00:00,2554,66
2023-08-18 15:00:00,1280,28
2023-08-18 16:00:00,399,67
2023-08-18 17:00:00,1476,73
2023-08-18 18:00:00,2044,70
2023-08-18 19:00:00,1218,31
2023-08-18 20:00:00,402,33
2023-08-18 21:00:00,1079,34
2023-08-18 22:00:00,1693,118
2023-08-18 23:00:00,1199,32
2023-08-19 00:00:00,273,75
2023-08-19 01:00:00,1076,49
2023-08-19 02:00:00,537,47
2023-08-19 03:00:00,568,37
2023-08-19 04:00:00,382,56
2023-08-19 05:00:00,623,43
2023-08-19 06:00:00,522,40
2023-08-19 07:00:00,666,30
2023-08-19 08:00:00,1005,54
2023-08-19 09:00:00,939,36
2023-08-19 10:00:00,821,49
2023-08-19 11:00:00,689,31
2023-08-19 12:00:00,1088,64
2023-08-19 13:00:00,812,34
2023-08-19 14:00:00,1275,56
2023-08-19 15:00:00,933,26
2023-08-19 16:00:00,895,77
2023-08-19 17:00:00,1352,44
2023-08-19 18:00:00,815,53
2023-08-19 19:00:00,955,33
2023-08-19 20:00:00,1033,58
2023-08-19 21:00:00,520,20
2023-08-19 22:00:00,830,65
2023-08-19 23:00:00,628,30
2023-08-20 00:00:00,511,38
2023-08-20 01:00:00,442,32
2023-08-20 02:00:00,470,49
2023-08-20 03:00:00,382,35
2023-08-20 04:00:00,351,52
2023-08-20 05:00:00,374,36
2023-08-20 06:00:00,458,33
2023-08-20 07:00:00,564,31
2023-08-20 08:00:00,810,64
2023-08-20 09:00:00,605,32
2023-08-20 10:00:00,590,67
2023-08-20 11:00:00,705,36
2023-08-20 12:00:00,745,55
2023-08-20 13:00:00,558,23
2023-08-20 14:00:00,799,57
2023-08-20 15:00:00,972,41
2023-08-20 16:00:00,634,50
2023-08-20 17:00:00,904,44
2023-08-20 18:00:00,976,30
2023-08-20 19:00:00,698,28
2023-08-20 20:00:00,881,51
2023-08-20 21:00:00,656,31
2023-08-20 22:00:00,693,79
2023-08-20 23:00:00,552,27
2023-08-21 00:00:00,569,54
2023-08-21 01:00:00,349,31
2023-08-21 02:00:00,319,38
2023-08-21 03:00:00,353,33
2023-08-21 04:00:00,440,45
2023-08-21 05:00:00,376,32
2023-08-21 06:00:00,602,67
2023-08-21 07:00:00,747,33
2023-08-21 08:00:00,871,84
2023-08-21 09:00:00,523,21
2023-08-21 10:00:00,1142,99
2023-08-21 11:00:00,780,27
2023-08-21 12:00:00,1095,74
2023-08-21 13:00:00,935,33
2023-08-21 14:00:00,1211,82
2023-08-21 15:00:00,710,33
2023-08-21 16:00:00,1400,52
2023-08-21 17:00:00,1031,27
2023-08-21 18:00:00,1257,97
2023-08-21 19:00:00,996,33
2023-08-21 20:00:00,905,65
2023-08-21 21:00:00,1146,38
2023-08-21 22:00:00,812,79
2023-08-21 23:00:00,461,31
2023-08-22 00:00:00,734,48
2023-08-22 01:00:00,456,33
2023-08-22 02:00:00,240,35
2023-08-22 03:00:00,556,48
2023-08-22 04:00:00,383,51
2023-08-22 05:00:00,377,54
2023-08-22 06:00:00,908,44
2023-08-22 07:00:00,803,33
2023-08-22 08:00:00,754,60
2023-08-22 09:00:00,1010,37
2023-08-22 10:00:00,747,39
2023-08-22 11:00:00,1105,69
2023-08-22 12:00:00,819,73
2023-08-22 13:00:00,630,30
2023-08-22 14:00:00,803,31
2023-08-22 15:00:00,1048,28
2023-08-22 16:00:00,1234,61
2023-08-22 17:00:00,1524,63
2023-08-22 18:00:00,1791,79
2023-08-22 19:00:00,798,24
2023-08-22 20:00:00,1170,95
2023-08-22 21:00:00,1169,31
2023-08-22 22:00:00,890,81
2023-08-22 23:00:00,740,34
2023-08-23 00:00:00,354,59
2023-08-23 01:00:00,717,43
2023-08-23 02:00:00,377,41
2023-08-23 03:00:00,408,34
2023-08-23 04:00:00,526,47
2023-08-23 05:00:00,495,32
2023-08-23 06:00:00,627,55
2023-08-23 07:00:00,496,25
2023-08-23 08:00:00,1288,63
2023-08-23 09:00:00,808,32
2023-08-23 10:00:00,1004,68
2023-08-23 11:00:00,960,46
2023-08-23 12:00:00,899,38
2023-08-23 13:00:00,786,28
2023-08-23 14:00:00,1235,85
2023-08-23 15:00:00,1012,32
2023-08-23 16:00:00,1037,49
2023-08-23 17:00:00,925,34
2023-08-23 18:00:00,904,69
2023-08-23 19:00:00,1126,42
2023-08-23 20:00:00,1414,72
2023-08-23 21:00:00,648,27
2023-08-23 22:00:00,798,59
2023-08-23 23:00:00,1247,59
2023-08-24 00:00:00,682,61
2023-08-24 01:00:00,543,35
2023-08-24 02:00:00,581,56
2023-08-24 03:00:00,366,28
2023-08-24 04:00:00,608,54
2023-08-24 05:00:00,412,65
2023-08-24 06:00:00,793,38
2023-08-24 07:00:00,698,25
2023-08-24 08:00:00,912,55
2023-08-24 09:00:00,1068,35
2023-08-24 10:00:00,889,81
2023-08-24 11:00:00,903,29
2023-08-24 12:00:00,1275,86
2023-08-24 13:00:00,980,35
2023-08-24 14:00:00,195,31
2023-08-24 15:00:00,2100,67
2023-08-24 16:00:00,1228,58
2023-08-24 17:00:00,886,24
2023-08-24 18:00:00,1747,79
2023-08-24 19:00:00,748,26
2023-08-24 20:00:00,1417,88
2023-08-24 21:00:00,766,27
2023-08-24 22:00:00,901,71
2023-08-24 23:00:00,444,25
2023-08-25 00:00:00,1024,75
2023-08-25 01:00:00,559,31
2023-08-25 02:00:00,457,53
2023-08-25 03:00:00,358,28
2023-08-25 04:00:00,490,59
2023-08-25 05:00:00,639,38
2023-08-25 06:00:00,654,48
2023-08-25 07:00:00,1108,71
2023-08-25 08:00:00,423,15
2023-08-25 09:00:00,1228,41
2023-08-25 10:00:00,1258,70
2023-08-25 11:00:00,1219,31
2023-08-25 12:00:00,719,63
2023-08-25 13:00:00,1480,29
2023-08-25 14:00:00,1121,60
2023-08-25 15:00:00,1367,83
2023-08-25 16:00:00,1835,65
2023-08-25 17:00:00,685,16
2023-08-25 18:00:00,261,22
2023-08-25 19:00:00,1374,54
2023-08-25 20:00:00,1417,47
2023-08-25 21:00:00,1918,66
2023-08-25 22:00:00,995,118
2023-08-25 23:00:00,780,28
2023-08-26 00:00:00,498,54
2023-08-26 01:00:00,1046,51
2023-08-26 02:00:00,674,49
2023-08-26 03:00:00,366,30
2023-08-26 04:00:00,314,28
2023-08-26 05:00:00,401,30
2023-08-26 06:00:00,961,82
2023-08-26 07:00:00,689,28
2023-08-26 08:00:00,625,43
2023-08-26 09:00:00,1277,41
2023-08-26 10:00:00,236,32
2023-08-26 11:00:00,1532,59
2023-08-26 12:00:00,620,19
2023-08-26 13:00:00,651,34
2023-08-26 14:00:00,1420,71
2023-08-26 15:00:00,384,18
2023-08-26 16:00:00,1715,88
2023-08-26 17:00:00,1441,33
2023-08-26 18:00:00,827,92
2023-08-26 19:00:00,968,32
2023-08-26 20:00:00,993,64
2023-08-26 21:00:00,618,25
2023-08-26 22:00:00,922,66
2023-08-26 23:00:00,682,32
2023-08-27 00:00:00,228,31
2023-08-27 01:00:00,549,33
2023-08-27 02:00:00,402,60
2023-08-27 03:00:00,308,32
2023-08-27 04:00:00,127,24
2023-08-27 05:00:00,553,48
2023-08-27 06:00:00,222,28
2023-08-27 07:00:00,783,42
2023-08-27 08:00:00,722,63
2023-08-27 09:00:00,787,38
2023-08-27 10:00:00,661,52
2023-08-27 11:00:00,759,34
2023-08-27 12:00:00,644,51
2023-08-27 13:00:00,195,8
2023-08-27 14:00:00,1327,54
2023-08-27 15:00:00,889,75
2023-08-27 16:00:00,796,46
2023-08-27 17:00:00,961,37
2023-08-27 18:00:00,699,30
2023-08-27 19:00:00,1125,42
2023-08-27 20:00:00,800,66
2023-08-27 21:00:00,796,39
2023-08-27 22:00:00,599,58
2023-08-27 23:00:00,228,16
2023-08-28 00:00:00,687,77
2023-08-28 01:00:00,331,28
2023-08-28 02:00:00,271,53
2023-08-28 03:00:00,432,35
2023-08-28 04:00:00,399,58
2023-08-28 05:00:00,337,28
2023-08-28 06:00:00,403,64
2023-08-28 07:00:00,773,26
2023-08-28 08:00:00,616,40
2023-08-28 09:00:00,1123,60
2023-08-28 10:00:00,533,82
2023-08-28 11:00:00,323,13
2023-08-28 12:00:00,1935,61
2023-08-28 13:00:00,1051,29
2023-08-28 14:00:00,457,32
2023-08-28 15:00:00,1047,107
2023-08-28 16:00:00,1686,68
2023-08-28 17:00:00,494,23
2023-08-28 18:00:00,814,44
2023-08-28 19:00:00,1827,50
2023-08-28 20:00:00,1032,77
2023-08-28 21:00:00,985,28
2023-08-28 22:00:00,954,83
2023-08-28 23:00:00,648,31
2023-08-29 00:00:00,792,86
2023-08-29 01:00:00,377,30
2023-08-29 02:00:00,533,60
2023-08-29 03:00:00,426,32
2023-08-29 04:00:00,497,51
2023-08-29 05:00:00,478,31
2023-08-29 06:00:00,683,47
2023-08-29 07:00:00,822,44
2023-08-29 08:00:00,845,29
2023-08-29 09:00:00,961,34
2023-08-29 10:00:00,986,62
2023-08-29 11:00:00,688,21
2023-08-29 12:00:00,513,41
2023-08-29 13:00:00,1394,37
2023-08-29 14:00:00,1502,77
2023-08-29 15:00:00,1174,31
2023-08-29 16:00:00,1657,105
2023-08-29 17:00:00,981,24
2023-08-29 18:00:00,1399,92
2023-08-29 19:00:00,1426,37
2023-08-29 20:00:00,1390,87
2023-08-29 21:00:00,1072,35
2023-08-29 22:00:00,913,77
2023-08-29 23:00:00,456,24
2023-08-30 00:00:00,389,44
2023-08-30 01:00:00,882,47
2023-08-30 02:00:00,560,59
2023-08-30 03:00:00,222,17
2023-08-30 04:00:00,550,55
2023-08-30 05:00:00,403,34
2023-08-30 06:00:00,865,53
2023-08-30 07:00:00,900,34
2023-08-30 08:00:00,965,62
2023-08-30 09:00:00,749,26
2023-08-30 10:00:00,1036,72
2023-08-30 11:00:00,821,33
2023-08-30 12:00:00,1307,69
2023-08-30 13:00:00,729,24
2023-08-30 14:00:00,687,39
2023-08-30 15:00:00,1089,78
2023-08-30 16:00:00,1300,48
2023-08-30 17:00:00,1572,49
2023-08-30 18:00:00,416,68
2023-08-30 19:00:00,1423,31
2023-08-30 20:00:00,910,69
2023-08-30 21:00:00,934,34
2023-08-30 22:00:00,807,53
2023-08-30 23:00:00,803,32
2023-08-31 00:00:00,665,72
2023-08-31 01:00:00,664,27
2023-08-31 02:00:00,491,63
2023-08-31 03:00:00,727,38
2023-08-31 04:00:00,363,45
2023-08-31 05:00:00,822,61
2023-08-31 06:00:00,1147,646
2023-08-31 07:00:00,874,269
2023-08-31 08:00:00,1153,589
2023-08-31 09:00:00,909,278
2023-08-31 10:00:00,312,23
2023-08-31 11:00:00,1269,52
2023-08-31 12:00:00,1585,65
2023-08-31 13:00:00,1552,501
2023-08-31 14:00:00,1078,93
2023-08-31 15:00:00,1276,46
2023-08-31 16:00:00,1755,71
2023-08-31 17:00:00,1142,46
2023-08-31 18:00:00,1123,115
2023-08-31 19:00:00,1045,55
2023-08-31 20:00:00,1430,77
2023-08-31 21:00:00,915,34
2023-08-31 22:00:00,607,81
2023-08-31 23:00:00,1255,69
2023-09-01 00:00:00,778,78
2023-09-01 01:00:00,581,53
2023-09-01 02:00:00,580,78
2023-09-01 03:00:00,546,51
2023-09-01 04:00:00,406,62
2023-09-01 05:00:00,616,44
2023-09-01 06:00:00,814,75
2023-09-01 07:00:00,925,41
2023-09-01 08:00:00,562,43
2023-09-01 09:00:00,1224,40
2023-09-01 10:00:00,589,72
2023-09-01 11:00:00,1843,49
2023-09-01 12:00:00,1184,110
2023-09-01 13:00:00,1139,38
2023-09-01 14:00:00,1644,83
2023-09-01 15:00:00,1500,35
2023-09-01 16:00:00,1244,59
2023-09-01 17:00:00,2112,65
2023-09-01 18:00:00,1878,73
2023-09-01 19:00:00,1473,32
2023-09-01 20:00:00,1368,107
2023-09-01 21:00:00,944,32
2023-09-01 22:00:00,856,76
2023-09-01 23:00:00,783,43
2023-09-02 00:00:00,648,49
2023-09-02 01:00:00,975,36
2023-09-02 02:00:00,597,43
2023-09-02 03:00:00,459,36
2023-09-02 04:00:00,570,54
2023-09-02 05:00:00,372,27
2023-09-02 06:00:00,899,59
2023-09-02 07:00:00,655,29
2023-09-02 08:00:00,1216,62
2023-09-02 09:00:00,704,23
2023-09-02 10:00:00,1271,85
2023-09-02 11:00:00,631,23
2023-09-02 12:00:00,1198,76
2023-09-02 13:00:00,0,0
2023-09-02 14:00:00,1484,52
2023-09-02 15:00:00,1304,92
2023-09-02 16:00:00,1467,81
2023-09-02 17:00:00,519,12
2023-09-02 18:00:00,1936,83
2023-09-02 19:00:00,672,19
2023-09-02 20:00:00,1385,71
2023-09-02 21:00:00,754,27
2023-09-02 22:00:00,641,68
2023-09-02 23:00:00,607,41
2023-09-03 00:00:00,662,62
2023-09-03 01:00:00,394,31
2023-09-03 02:00:00,387,50
2023-09-03 03:00:00,386,36
2023-09-03 04:00:00,270,41
2023-09-03 05:00:00,526,42
2023-09-03 06:00:00,617,44
2023-09-03 07:00:00,350,33
2023-09-03 08:00:00,977,69
2023-09-03 09:00:00,677,44
2023-09-03 10:00:00,668,104
2023-09-03 11:00:00,627,51
2023-09-03 12:00:00,649,52
2023-09-03 13:00:00,690,44
2023-09-03 14:00:00,802,64
2023-09-03 15:00:00,1159,46
2023-09-03 16:00:00,837,82
2023-09-03 17:00:00,1002,80
2023-09-03 18:00:00,849,92
2023-09-03 19:00:00,819,57
2023-09-03 20:00:00,953,94
2023-09-03 21:00:00,728,58
2023-09-03 22:00:00,584,69
2023-09-03 23:00:00,664,76
2023-09-04 00:00:00,445,76
2023-09-04 01:00:00,357,64
2023-09-04 02:00:00,382,57
2023-09-04 03:00:00,308,56
2023-09-04 04:00:00,391,86
2023-09-04 05:00:00,440,58
2023-09-04 06:00:00,577,74
2023-09-04 07:00:00,859,57
2023-09-04 08:00:00,768,68
2023-09-04 09:00:00,590,37
2023-09-04 10:00:00,1266,70
2023-09-04 11:00:00,898,63
2023-09-04 12:00:00,1043,102
2023-09-04 13:00:00,766,39
2023-09-04 14:00:00,1032,74
2023-09-04 15:00:00,980,45
2023-09-04 16:00:00,573,79
2023-09-04 17:00:00,1432,47
2023-09-04 18:00:00,832,64
2023-09-04 19:00:00,1430,31
2023-09-04 20:00:00,824,70
2023-09-04 21:00:00,775,29
2023-09-04 22:00:00,747,55
2023-09-04 23:00:00,428,31
2023-09-05 00:00:00,530,56
2023-09-05 01:00:00,416,37
2023-09-05 02:00:00,338,61
2023-09-05 03:00:00,408,39
2023-09-05 04:00:00,267,48
2023-09-05 05:00:00,423,31
2023-09-05 06:00:00,609,41
2023-09-05 07:00:00,898,43
2023-09-05 08:00:00,762,76
2023-09-05 09:00:00,965,36
2023-09-05 10:00:00,527,60
2023-09-05 11:00:00,390,35
2023-09-05 12:00:00,1752,54
2023-09-05 13:00:00,767,34
2023-09-05 14:00:00,771,48
2023-09-05 15:00:00,1032,53
2023-09-05 16:00:00,1413,66
2023-09-05 17:00:00,1262,33
2023-09-05 18:00:00,1006,54
2023-09-05 19:00:00,1369,60
2023-09-05 20:00:00,1126,99
2023-09-05 21:00:00,747,25
2023-09-05 22:00:00,228,25
2023-09-05 23:00:00,1107,57
2023-09-06 00:00:00,747,91
2023-09-06 01:00:00,450,33
2023-09-06 02:00:00,470,47
2023-09-06 03:00:00,388,34
2023-09-06 04:00:00,525,65
2023-09-06 05:00:00,384,24
2023-09-06 06:00:00,811,58
2023-09-06 07:00:00,817,34
2023-09-06 08:00:00,713,57
2023-09-06 09:00:00,1210,45
2023-09-06 10:00:00,1071,60
2023-09-06 11:00:00,710,29
2023-09-06 12:00:00,1069,45
2023-09-06 13:00:00,441,19
2023-09-06 14:00:00,1574,46
2023-09-06 15:00:00,1240,60
2023-09-06 16:00:00,1083,72
2023-09-06 17:00:00,1285,34
2023-09-06 18:00:00,1085,39
2023-09-06 19:00:00,933,38
2023-09-06 20:00:00,1432,103
2023-09-06 21:00:00,574,31
2023-09-06 22:00:00,480,33
2023-09-06 23:00:00,1177,46
2023-09-07 00:00:00,853,89
2023-09-07 01:00:00,610,36
2023-09-07 02:00:00,437,42
2023-09-07 03:00:00,443,45
2023-09-07 04:00:00,432,35
2023-09-07 05:00:00,465,32
2023-09-07 06:00:00,868,35
2023-09-07 07:00:00,877,34
2023-09-07 08:00:00,804,41
2023-09-07 09:00:00,775,29
2023-09-07 10:00:00,920,39
2023-09-07 11:00:00,1114,37
2023-09-07 12:00:00,1125,52
2023-09-07 13:00:00,1100,29
2023-09-07 14:00:00,1068,52
2023-09-07 15:00:00,1372,84
2023-09-07 16:00:00,1121,70
2023-09-07 17:00:00,1229,32
2023-09-07 18:00:00,1341,94
2023-09-07 19:00:00,1120,38
2023-09-07 20:00:00,725,65
2023-09-07 21:00:00,946,50
2023-09-07 22:00:00,611,76
2023-09-07 23:00:00,662,38
2023-09-08 00:00:00,248,25
2023-09-08 01:00:00,530,56
2023-09-08 02:00:00,399,53
2023-09-08 03:00:00,304,26
2023-09-08 04:00:00,473,63
2023-09-08 05:00:00,473,36
2023-09-08 06:00:00,336,48
2023-09-08 07:00:00,879,45
2023-09-08 08:00:00,907,92
2023-09-08 09:00:00,936,93
2023-09-08 10:00:00,643,39
2023-09-08 11:00:00,620,24
2023-09-08 12:00:00,659,43
2023-09-08 13:00:00,1772,53
2023-09-08 14:00:00,877,52
2023-09-08 15:00:00,867,37
2023-09-08 16:00:00,2054,29
2023-09-08 17:00:00,1328,37
2023-09-08 18:00:00,1639,32
2023-09-08 19:00:00,1513,31
2023-09-08 20:00:00,885,31
2023-09-08 21:00:00,1047,33
2023-09-08 22:00:00,1003,28
2023-09-08 23:00:00,1289,42
2023-09-09 00:00:00,1074,72
2023-09-09 01:00:00,554,32
2023-09-09 02:00:00,561,29
2023-09-09 03:00:00,474,36
2023-09-09 04:00:00,270,22
2023-09-09 05:00:00,605,41
2023-09-09 06:00:00,421,34
2023-09-09 07:00:00,805,19
2023-09-09 08:00:00,834,34
2023-09-09 09:00:00,1322,43
2023-09-09 10:00:00,864,33
2023-09-09 11:00:00,695,26
2023-09-09 12:00:00,913,31
2023-09-09 13:00:00,1052,42
2023-09-09 14:00:00,1109,31
2023-09-09 15:00:00,1131,40
2023-09-09 16:00:00,781,30
2023-09-09 17:00:00,1401,38
2023-09-09 18:00:00,1109,33
2023-09-09 19:00:00,638,21
2023-09-09 20:00:00,1079,39
2023-09-09 21:00:00,988,39
2023-09-09 22:00:00,454,23
2023-09-09 23:00:00,703,35
2023-09-10 00:00:00,487,41
2023-09-10 01:00:00,441,27
2023-09-10 02:00:00,317,33
2023-09-10 03:00:00,404,35
2023-09-10 04:00:00,123,11
2023-09-10 05:00:00,643,51
2023-09-10 06:00:00,579,36
2023-09-10 07:00:00,674,34
2023-09-10 08:00:00,634,28
2023-09-10 09:00:00,697,39
2023-09-10 10:00:00,705,32
2023-09-10 11:00:00,635,29
2023-09-10 12:00:00,698,29
2023-09-10 13:00:00,685,45
2023-09-10 14:00:00,899,39
2023-09-10 15:00:00,721,31
2023-09-10 16:00:00,1217,38
2023-09-10 17:00:00,745,29
2023-09-10 18:00:00,979,38
2023-09-10 19:00:00,735,28
2023-09-10 20:00:00,628,26
2023-09-10 21:00:00,697,30
2023-09-10 22:00:00,409,42
2023-09-10 23:00:00,847,33
2023-09-11 00:00:00,361,26
2023-09-11 01:00:00,508,39
2023-09-11 02:00:00,393,33
2023-09-11 03:00:00,262,278
2023-09-11 04:00:00,201,60
2023-09-11 05:00:00,490,342
2023-09-11 06:00:00,719,327
2023-09-11 07:00:00,801,165
2023-09-11 08:00:00,880,49
2023-09-11 09:00:00,852,31
2023-09-11 10:00:00,700,31
2023-09-11 11:00:00,959,37
2023-09-11 12:00:00,1170,43
2023-09-11 13:00:00,1053,36
2023-09-11 14:00:00,735,33
2023-09-11 15:00:00,696,29
2023-09-11 16:00:00,1290,42
2023-09-11 17:00:00,990,29
2023-09-11 18:00:00,1509,43
2023-09-11 19:00:00,1054,57
2023-09-11 20:00:00,1227,97
2023-09-11 21:00:00,1168,34
2023-09-11 22:00:00,1049,55
2023-09-11 23:00:00,480,27
2023-09-12 00:00:00,683,64
2023-09-12 01:00:00,336,25
2023-09-12 02:00:00,373,46
2023-09-12 03:00:00,534,43
2023-09-12 04:00:00,382,91
2023-09-12 05:00:00,445,35
2023-09-12 06:00:00,833,48
2023-09-12 07:00:00,582,24
2023-09-12 08:00:00,1052,75
2023-09-12 09:00:00,814,26
2023-09-12 10:00:00,1046,59
2023-09-12 11:00:00,1210,38
2023-09-12 12:00:00,1137,79
2023-09-12 13:00:00,702,23
2023-09-12 14:00:00,660,39
2023-09-12 15:00:00,1377,60
2023-09-12 16:00:00,1069,109
2023-09-12 17:00:00,1352,37
2023-09-12 18:00:00,1095,51
2023-09-12 19:00:00,619,37
2023-09-12 20:00:00,1005,30
2023-09-12 21:00:00,887,41
2023-09-12 22:00:00,1258,108
2023-09-12 23:00:00,746,32
2023-09-13 00:00:00,781,54
2023-09-13 01:00:00,455,32
2023-09-13 02:00:00,485,65
2023-09-13 03:00:00,382,33
2023-09-13 04:00:00,453,57
2023-09-13 05:00:00,411,29
2023-09-13 06:00:00,786,67
2023-09-13 07:00:00,312,11
2023-09-13 08:00:00,1088,70
2023-09-13 09:00:00,537,25
2023-09-13 10:00:00,1338,56
2023-09-13 11:00:00,792,29
2023-09-13 12:00:00,1226,67
2023-09-13 13:00:00,883,30
2023-09-13 14:00:00,812,23
2023-09-13 15:00:00,1138,80
2023-09-13 16:00:00,1555,96
2023-09-13 17:00:00,529,18
2023-09-13 18:00:00,1665,70
2023-09-13 19:00:00,1303,51
2023-09-13 20:00:00,966,82
2023-09-13 21:00:00,690,34
2023-09-13 22:00:00,970,55
2023-09-13 23:00:00,816,38
2023-09-14 00:00:00,455,55
2023-09-14 01:00:00,219,25
2023-09-14 02:00:00,808,68
2023-09-14 03:00:00,338,30
2023-09-14 04:00:00,523,57
2023-09-14 05:00:00,518,33
2023-09-14 06:00:00,762,61
2023-09-14 07:00:00,850,33
2023-09-14 08:00:00,761,86
2023-09-14 09:00:00,781,67
2023-09-14 10:00:00,748,45
2023-09-14 11:00:00,1384,59
2023-09-14 12:00:00,1006,48
2023-09-14 13:00:00,1220,32
2023-09-14 14:00:00,924,85
2023-09-14 15:00:00,1080,36
2023-09-14 16:00:00,1241,66
2023-09-14 17:00:00,1462,32
2023-09-14 18:00:00,1220,75
2023-09-14 19:00:00,1493,39
2023-09-14 20:00:00,928,49
2023-09-14 21:00:00,944,46
2023-09-14 22:00:00,941,61
2023-09-14 23:00:00,565,24
2023-09-15 00:00:00,722,58
2023-09-15 01:00:00,463,34
2023-09-15 02:00:00,524,57
2023-09-15 03:00:00,396,33
2023-09-15 04:00:00,480,64
2023-09-15 05:00:00,496,35
2023-09-15 06:00:00,722,61
2023-09-15 07:00:00,816,31
2023-09-15 08:00:00,820,64
2023-09-15 09:00:00,1009,33
2023-09-15 10:00:00,1272,74
2023-09-15 11:00:00,1008,29
2023-09-15 12:00:00,1214,57
2023-09-15 13:00:00,1251,32
2023-09-15 14:00:00,1496,93
2023-09-15 15:00:00,1189,33
2023-09-15 16:00:00,1215,73
2023-09-15 17:00:00,1589,33
2023-09-15 18:00:00,1395,68
2023-09-15 19:00:00,1148,31
2023-09-15 20:00:00,898,63
2023-09-15 21:00:00,1388,33
2023-09-15 22:00:00,783,43
2023-09-15 23:00:00,1082,60
2023-09-16 00:00:00,642,75
2023-09-16 01:00:00,439,24
2023-09-16 02:00:00,667,82
2023-09-16 03:00:00,395,27
2023-09-16 04:00:00,347,46
2023-09-16 05:00:00,439,49
2023-09-16 06:00:00,809,42
2023-09-16 07:00:00,803,32
2023-09-16 08:00:00,755,51
2023-09-16 09:00:00,786,32
2023-09-16 10:00:00,907,49
2023-09-16 11:00:00,895,31
2023-09-16 12:00:00,883,31
2023-09-16 13:00:00,758,73
2023-09-16 14:00:00,1040,59
2023-09-16 15:00:00,1140,32
2023-09-16 16:00:00,451,27
2023-09-16 17:00:00,1552,61
2023-09-16 18:00:00,1006,81
2023-09-16 19:00:00,1014,36
2023-09-16 20:00:00,734,54
2023-09-16 21:00:00,773,31
2023-09-16 22:00:00,774,56
2023-09-16 23:00:00,484,30
2023-09-17 00:00:00,425,53
2023-09-17 01:00:00,295,24
2023-09-17 02:00:00,575,72
2023-09-17 03:00:00,248,22
2023-09-17 04:00:00,434,54
2023-09-17 05:00:00,382,34
2023-09-17 06:00:00,510,60
2023-09-17 07:00:00,512,32
2023-09-17 08:00:00,775,64
2023-09-17 09:00:00,563,29
2023-09-17 10:00:00,706,58
2023-09-17 11:00:00,758,32
2023-09-17 12:00:00,713,56
2023-09-17 13:00:00,321,28
2023-09-17 14:00:00,194,21
2023-09-17 15:00:00,1638,74
2023-09-17 16:00:00,898,41
2023-09-17 17:00:00,756,32
2023-09-17 18:00:00,623,32
2023-09-17 19:00:00,1071,39
2023-09-17 20:00:00,689,41
2023-09-17 21:00:00,767,33
2023-09-17 22:00:00,504,33
2023-09-17 23:00:00,439,32
2023-09-18 00:00:00,372,37
2023-09-18 01:00:00,383,29
2023-09-18 02:00:00,408,42
2023-09-18 03:00:00,326,33
2023-09-18 04:00:00,283,34
2023-09-18 05:00:00,349,30
2023-09-18 06:00:00,697,41
2023-09-18 07:00:00,581,27
2023-09-18 08:00:00,761,38
2023-09-18 09:00:00,687,26
2023-09-18 10:00:00,871,52
2023-09-18 11:00:00,562,33
2023-09-18 12:00:00,1210,55
2023-09-18 13:00:00,1014,32
2023-09-18 14:00:00,689,38
2023-09-18 15:00:00,754,15
2023-09-18 16:00:00,757,67
2023-09-18 17:00:00,1288,51
2023-09-18 18:00:00,1872,54
2023-09-18 19:00:00,1170,37
2023-09-18 20:00:00,646,38
2023-09-18 21:00:00,840,36
2023-09-18 22:00:00,407,33
2023-09-18 23:00:00,882,42
2023-09-19 00:00:00,530,39
2023-09-19 01:00:00,686,41
2023-09-19 02:00:00,640,41
2023-09-19 03:00:00,592,29
2023-09-19 04:00:00,371,37
2023-09-19 05:00:00,493,61
2023-09-19 06:00:00,776,42
2023-09-19 07:00:00,632,28
2023-09-19 08:00:00,1108,68
2023-09-19 09:00:00,939,28
2023-09-19 10:00:00,489,34
2023-09-19 11:00:00,1503,59
2023-09-19 12:00:00,865,64
2023-09-19 13:00:00,1008,39
2023-09-19 14:00:00,1083,58
2023-09-19 15:00:00,1067,28
2023-09-19 16:00:00,407,54
2023-09-19 17:00:00,1118,47
2023-09-19 18:00:00,966,38
2023-09-19 19:00:00,1078,34
2023-09-19 20:00:00,1413,81
2023-09-19 21:00:00,933,48
2023-09-19 22:00:00,945,31
2023-09-19 23:00:00,767,29
2023-09-20 00:00:00,576,87
2023-09-20 01:00:00,458,27
2023-09-20 02:00:00,589,76
2023-09-20 03:00:00,344,29
2023-09-20 04:00:00,641,56
2023-09-20 05:00:00,590,35
2023-09-20 06:00:00,565,23
2023-09-20 07:00:00,948,56
2023-09-20 08:00:00,727,77
2023-09-20 09:00:00,945,58
2023-09-20 10:00:00,988,71
2023-09-20 11:00:00,918,28
2023-09-20 12:00:00,1102,75
2023-09-20 13:00:00,831,28
2023-09-20 14:00:00,1248,80
2023-09-20 15:00:00,1556,39
2023-09-20 16:00:00,786,27
2023-09-20 17:00:00,513,39
2023-09-20 18:00:00,2156,33
2023-09-20 19:00:00,877,33
2023-09-20 20:00:00,531,14
2023-09-20 21:00:00,1545,52
2023-09-20 22:00:00,634,27
2023-09-20 23:00:00,833,35
2023-09-21 00:00:00,617,32
2023-09-21 01:00:00,458,26
2023-09-21 02:00:00,378,197
2023-09-21 03:00:00,543,138
2023-09-21 04:00:00,203,84
2023-09-21 05:00:00,814,50
2023-09-21 06:00:00,675,57
2023-09-21 07:00:00,620,26
2023-09-21 08:00:00,461,44
2023-09-21 09:00:00,770,37
2023-09-21 10:00:00,1496,55
2023-09-21 11:00:00,960,85
2023-09-21 12:00:00,1060,49
2023-09-21 13:00:00,1076,32
2023-09-21 14:00:00,590,27
2023-09-21 15:00:00,1613,55
2023-09-21 16:00:00,899,29
2023-09-21 17:00:00,1230,43
2023-09-21 18:00:00,1232,67
2023-09-21 19:00:00,1191,81
2023-09-21 20:00:00,827,67
2023-09-21 21:00:00,1101,72
2023-09-21 22:00:00,620,51
2023-09-21 23:00:00,707,82
2023-09-22 00:00:00,635,63
2023-09-22 01:00:00,623,100
2023-09-22 02:00:00,483,71
2023-09-22 03:00:00,262,43
2023-09-22 04:00:00,513,98
2023-09-22 05:00:00,463,72
2023-09-22 06:00:00,617,61
2023-09-22 07:00:00,817,75
2023-09-22 08:00:00,872,79
2023-09-22 09:00:00,744,71
2023-09-22 10:00:00,981,63
2023-09-22 11:00:00,845,71
2023-09-22 12:00:00,1294,89
2023-09-22 13:00:00,1150,69
2023-09-22 14:00:00,1089,65
2023-09-22 15:00:00,839,43
2023-09-22 16:00:00,1162,29
2023-09-22 17:00:00,932,136
2023-09-22 18:00:00,732,127
2023-09-22 19:00:00,808,32
2023-09-22 20:00:00,1065,51
2023-09-22 21:00:00,1276,180
2023-09-22 22:00:00,0,0
2023-09-22 23:00:00,2443,183
2023-09-23 00:00:00,665,80
2023-09-23 01:00:00,507,103
2023-09-23 02:00:00,567,49
2023-09-23 03:00:00,456,34
2023-09-23 04:00:00,456,36
2023-09-23 05:00:00,474,34
2023-09-23 06:00:00,846,45
2023-09-23 07:00:00,603,25
2023-09-23 08:00:00,827,49
2023-09-23 09:00:00,828,35
2023-09-23 10:00:00,1174,50
2023-09-23 11:00:00,875,34
2023-09-23 12:00:00,693,59
2023-09-23 13:00:00,879,33
2023-09-23 14:00:00,1180,69
2023-09-23 15:00:00,854,29
2023-09-23 16:00:00,608,33
2023-09-23 17:00:00,1009,44
2023-09-23 18:00:00,711,41
2023-09-23 19:00:00,1244,40
2023-09-23 20:00:00,1029,69
2023-09-23 21:00:00,1163,42
2023-09-23 22:00:00,644,72
2023-09-23 23:00:00,621,32
2023-09-24 00:00:00,451,56
2023-09-24 01:00:00,316,29
2023-09-24 02:00:00,428,43
2023-09-24 03:00:00,285,26
2023-09-24 04:00:00,407,53
2023-09-24 05:00:00,419,36
2023-09-24 06:00:00,356,49
2023-09-24 07:00:00,860,323
2023-09-24 08:00:00,650,156
2023-09-24 09:00:00,550,32
2023-09-24 10:00:00,913,42
2023-09-24 11:00:00,789,37
2023-09-24 12:00:00,818,55
2023-09-24 13:00:00,755,37
2023-09-24 14:00:00,694,53
2023-09-24 15:00:00,449,96
2023-09-24 16:00:00,1082,126
2023-09-24 17:00:00,521,58
2023-09-24 18:00:00,1070,115
2023-09-24 19:00:00,963,69
2023-09-24 20:00:00,732,117
2023-09-24 21:00:00,666,85
2023-09-24 22:00:00,694,83
2023-09-24 23:00:00,434,64
2023-09-25 00:00:00,645,112
2023-09-25 01:00:00,312,60
2023-09-25 02:00:00,424,97
2023-09-25 03:00:00,422,95
2023-09-25 04:00:00,499,135
2023-09-25 05:00:00,403,72
2023-09-25 06:00:00,499,82
2023-09-25 07:00:00,735,79
2023-09-25 08:00:00,796,110
2023-09-25 09:00:00,925,85
2023-09-25 10:00:00,402,68
2023-09-25 11:00:00,1288,112
2023-09-25 12:00:00,807,104
2023-09-25 13:00:00,1217,86
2023-09-25 14:00:00,1119,100
2023-09-25 15:00:00,623,48
2023-09-25 16:00:00,1274,123
2023-09-25 17:00:00,1353,92
2023-09-25 18:00:00,1053,97
2023-09-25 19:00:00,918,71
2023-09-25 20:00:00,1196,146
2023-09-25 21:00:00,610,60
2023-09-25 22:00:00,1070,110
2023-09-25 23:00:00,663,74
2023-09-26 00:00:00,603,95
2023-09-26 01:00:00,437,69
2023-09-26 02:00:00,340,90
2023-09-26 03:00:00,547,88
2023-09-26 04:00:00,348,91
2023-09-26 05:00:00,551,77
2023-09-26 06:00:00,338,64
2023-09-26 07:00:00,1315,111
2023-09-26 08:00:00,889,83
2023-09-26 09:00:00,986,97
2023-09-26 10:00:00,835,94
2023-09-26 11:00:00,860,66
2023-09-26 12:00:00,964,108
2023-09-26 13:00:00,1141,74
2023-09-26 14:00:00,826,115
2023-09-26 15:00:00,1312,88
2023-09-26 16:00:00,663,51
2023-09-26 17:00:00,1318,150
2023-09-26 18:00:00,1065,93
2023-09-26 19:00:00,1287,74
2023-09-26 20:00:00,993,136
2023-09-26 21:00:00,688,69
2023-09-26 22:00:00,876,89
2023-09-26 23:00:00,486,56
2023-09-27 00:00:00,486,113
2023-09-27 01:00:00,543,74
2023-09-27 02:00:00,582,107
2023-09-27 03:00:00,382,57
2023-09-27 04:00:00,495,101
2023-09-27 05:00:00,490,69
2023-09-27 06:00:00,674,104
2023-09-27 07:00:00,745,70
2023-09-27 08:00:00,910,90
2023-09-27 09:00:00,730,25
2023-09-27 10:00:00,873,73
2023-09-27 11:00:00,1256,30
2023-09-27 12:00:00,976,73
2023-09-27 13:00:00,900,34
2023-09-27 14:00:00,1236,44
2023-09-27 15:00:00,356,31
2023-09-27 16:00:00,1493,59
2023-09-27 17:00:00,1011,26
2023-09-27 18:00:00,660,72
2023-09-27 19:00:00,1849,56
2023-09-27 20:00:00,1365,52
2023-09-27 21:00:00,1226,38
2023-09-27 22:00:00,837,48
2023-09-27 23:00:00,308,11
2023-09-28 00:00:00,744,82
2023-09-28 01:00:00,598,29
2023-09-28 02:00:00,408,65
2023-09-28 03:00:00,517,35
2023-09-28 04:00:00,557,68
2023-09-28 05:00:00,348,24
2023-09-28 06:00:00,893,55
2023-09-28 07:00:00,885,35
2023-09-28 08:00:00,922,62
2023-09-28 09:00:00,598,21
2023-09-28 10:00:00,1424,89
2023-09-28 11:00:00,814,30
2023-09-28 12:00:00,1095,46
2023-09-28 13:00:00,1172,37
2023-09-28 14:00:00,1310,92
2023-09-28 15:00:00,1422,33
2023-09-28 16:00:00,938,83
2023-09-28 17:00:00,1072,22
2023-09-28 18:00:00,1228,91
2023-09-28 19:00:00,779,25
2023-09-28 20:00:00,1088,42
2023-09-28 21:00:00,985,33
2023-09-28 22:00:00,1265,91
2023-09-28 23:00:00,535,18
2023-09-29 00:00:00,661,58
2023-09-29 01:00:00,805,40
2023-09-29 02:00:00,811,66
2023-09-29 03:00:00,205,15
2023-09-29 04:00:00,724,60
2023-09-29 05:00:00,587,33
2023-09-29 06:00:00,787,54
2023-09-29 07:00:00,778,26
2023-09-29 08:00:00,1117,62
2023-09-29 09:00:00,1263,25
2023-09-29 10:00:00,930,61
2023-09-29 11:00:00,1234,36
2023-09-29 12:00:00,1173,90
2023-09-29 13:00:00,722,33
2023-09-29 14:00:00,1849,82
2023-09-29 15:00:00,1377,31
2023-09-29 16:00:00,1112,77
2023-09-29 17:00:00,1390,42
2023-09-29 18:00:00,745,28
2023-09-29 19:00:00,1343,67
2023-09-29 20:00:00,1644,59
2023-09-29 21:00:00,1319,30
2023-09-29 22:00:00,1154,93
2023-09-29 23:00:00,1032,32
2023-09-30 00:00:00,900,74
2023-09-30 01:00:00,529,29
2023-09-30 02:00:00,443,54
2023-09-30 03:00:00,383,36
2023-09-30 04:00:00,477,41
2023-09-30 05:00:00,645,32
2023-09-30 06:00:00,788,45
2023-09-30 07:00:00,725,31
2023-09-30 08:00:00,937,55
2023-09-30 09:00:00,882,33
2023-09-30 10:00:00,716,60
2023-09-30 11:00:00,1125,42
2023-09-30 12:00:00,762,24
2023-09-30 13:00:00,950,30
2023-09-30 14:00:00,1074,144
2023-09-30 15:00:00,1197,77
2023-09-30 16:00:00,1056,120
2023-09-30 17:00:00,1244,78
2023-09-30 18:00:00,1061,115
2023-09-30 19:00:00,873,61
2023-09-30 20:00:00,1268,112
2023-09-30 21:00:00,842,73
2023-09-30 22:00:00,927,105
2023-09-30 23:00:00,512,52
2023-10-01 00:00:00,461,80
2023-10-01 01:00:00,690,104
2023-10-01 02:00:00,439,90
2023-10-01 03:00:00,287,72
2023-10-01 04:00:00,243,90
2023-10-01 05:00:00,610,84
2023-10-01 06:00:00,819,108
2023-10-01 07:00:00,588,57
2023-10-01 08:00:00,686,89
2023-10-01 09:00:00,987,95
2023-10-01 10:00:00,481,85
2023-10-01 11:00:00,793,79
2023-10-01 12:00:00,844,98
2023-10-01 13:00:00,730,65
2023-10-01 14:00:00,913,102
2023-10-01 15:00:00,1001,37
2023-10-01 16:00:00,582,55
2023-10-01 17:00:00,805,38
2023-10-01 18:00:00,1555,75
2023-10-01 19:00:00,690,32
2023-10-01 20:00:00,999,75
2023-10-01 21:00:00,783,33
2023-10-01 22:00:00,855,41
2023-10-01 23:00:00,542,26
2023-10-02 00:00:00,422,59
2023-10-02 01:00:00,613,42
2023-10-02 02:00:00,474,56
2023-10-02 03:00:00,371,33
2023-10-02 04:00:00,457,81
2023-10-02 05:00:00,581,37
2023-10-02 06:00:00,522,48
2023-10-02 07:00:00,819,39
2023-10-02 08:00:00,1334,70
2023-10-02 09:00:00,982,29
2023-10-02 10:00:00,970,64
2023-10-02 11:00:00,1324,39
2023-10-02 12:00:00,464,35
2023-10-02 13:00:00,1674,99
2023-10-02 14:00:00,785,71
2023-10-02 15:00:00,1412,45
2023-10-02 16:00:00,170,1
2023-10-02 17:00:00,1786,59
2023-10-02 18:00:00,1945,35
2023-10-02 19:00:00,1049,26
2023-10-02 20:00:00,1286,39
2023-10-02 21:00:00,1223,36
2023-10-02 22:00:00,438,141
2023-10-02 23:00:00,1070,115
2023-10-03 00:00:00,584,56
2023-10-03 01:00:00,507,33
2023-10-03 02:00:00,513,52
2023-10-03 03:00:00,341,29
2023-10-03 04:00:00,390,45
2023-10-03 05:00:00,606,33
2023-10-03 06:00:00,564,52
2023-10-03 07:00:00,999,37
2023-10-03 08:00:00,949,37
2023-10-03 09:00:00,878,31
2023-10-03 10:00:00,543,34
2023-10-03 11:00:00,1241,43
2023-10-03 12:00:00,1093,65
2023-10-03 13:00:00,1225,36
2023-10-03 14:00:00,1030,29
2023-10-03 15:00:00,1384,96
2023-10-03 16:00:00,1238,34
2023-10-03 17:00:00,492,29
2023-10-03 18:00:00,1394,55
2023-10-03 19:00:00,1518,44
2023-10-03 20:00:00,896,80
2023-10-03 21:00:00,1299,40
2023-10-03 22:00:00,922,71
2023-10-03 23:00:00,752,33
2023-10-04 00:00:00,572,72
2023-10-04 01:00:00,411,27
2023-10-04 02:00:00,532,43
2023-10-04 03:00:00,381,27
2023-10-04 04:00:00,403,45
2023-10-04 05:00:00,624,38
2023-10-04 06:00:00,538,74
2023-10-04 07:00:00,954,128
2023-10-04 08:00:00,367,18
2023-10-04 09:00:00,1111,55
2023-10-04 10:00:00,1387,86
2023-10-04 11:00:00,987,85
2023-10-04 12:00:00,549,115
2023-10-04 13:00:00,1136,74
2023-10-04 14:00:00,627,57
2023-10-04 15:00:00,1469,124
2023-10-04 16:00:00,1598,61
2023-10-04 17:00:00,867,29
2023-10-04 18:00:00,1106,83
2023-10-04 19:00:00,1148,92
2023-10-04 20:00:00,1222,116
2023-10-04 21:00:00,1137,88
2023-10-04 22:00:00,878,93
2023-10-04 23:00:00,844,106
2023-10-05 00:00:00,262,61
2023-10-05 01:00:00,725,105
2023-10-05 02:00:00,620,86
2023-10-05 03:00:00,519,88
2023-10-05 04:00:00,416,101
2023-10-05 05:00:00,546,75
2023-10-05 06:00:00,501,75
2023-10-05 07:00:00,1080,101
2023-10-05 08:00:00,660,87
2023-10-05 09:00:00,1142,65
2023-10-05 10:00:00,948,98
2023-10-05 11:00:00,1116,99
2023-10-05 12:00:00,1049,110
2023-10-05 13:00:00,1040,55
2023-10-05 14:00:00,1104,66
2023-10-05 15:00:00,1226,29
2023-10-05 16:00:00,901,62
2023-10-05 17:00:00,1228,37
2023-10-05 18:00:00,1267,72
2023-10-05 19:00:00,1450,26
2023-10-05 20:00:00,1043,59
2023-10-05 21:00:00,1031,29
2023-10-05 22:00:00,1026,48
2023-10-05 23:00:00,781,73
2023-10-06 00:00:00,619,54
2023-10-06 01:00:00,496,32
2023-10-06 02:00:00,530,62
2023-10-06 03:00:00,339,34
2023-10-06 04:00:00,493,57
2023-10-06 05:00:00,563,36
2023-10-06 06:00:00,549,58
2023-10-06 07:00:00,265,34
2023-10-06 08:00:00,432,33
2023-10-06 09:00:00,1040,40
2023-10-06 10:00:00,1785,70
2023-10-06 11:00:00,1533,44
2023-10-06 12:00:00,1005,75
2023-10-06 13:00:00,1168,62
2023-10-06 14:00:00,1265,91
2023-10-06 15:00:00,1069,83
2023-10-06 16:00:00,1444,93
2023-10-06 17:00:00,840,40
2023-10-06 18:00:00,2204,133
2023-10-06 19:00:00,1143,29
2023-10-06 20:00:00,1148,80
2023-10-06 21:00:00,1162,31
2023-10-06 22:00:00,1011,69
2023-10-06 23:00:00,543,31
2023-10-07 00:00:00,596,57
2023-10-07 01:00:00,756,39
2023-10-07 02:00:00,452,47
2023-10-07 03:00:00,349,31
2023-10-07 04:00:00,163,28
2023-10-07 05:00:00,200,32
2023-10-07 06:00:00,927,58
2023-10-07 07:00:00,1090,45
2023-10-07 08:00:00,812,55
2023-10-07 09:00:00,892,32
2023-10-07 10:00:00,951,61
2023-10-07 11:00:00,626,23
2023-10-07 12:00:00,1078,51
2023-10-07 13:00:00,865,31
2023-10-07 14:00:00,841,32
2023-10-07 15:00:00,1517,89
2023-10-07 16:00:00,1207,61
2023-10-07 17:00:00,835,31
2023-10-07 18:00:00,975,43
2023-10-07 19:00:00,1163,37
2023-10-07 20:00:00,739,59
2023-10-07 21:00:00,1034,39
2023-10-07 22:00:00,799,70
2023-10-07 23:00:00,455,27
2023-10-08 00:00:00,543,70
2023-10-08 01:00:00,321,27
2023-10-08 02:00:00,406,49
2023-10-08 03:00:00,285,27
2023-10-08 04:00:00,346,41
2023-10-08 05:00:00,419,29
2023-10-08 06:00:00,365,57
2023-10-08 07:00:00,830,38
2023-10-08 08:00:00,630,48
2023-10-08 09:00:00,668,34
2023-10-08 10:00:00,693,40
2023-10-08 11:00:00,638,33
2023-10-08 12:00:00,774,47
2023-10-08 13:00:00,479,25
2023-10-08 14:00:00,473,50
2023-10-08 15:00:00,1129,51
2023-10-08 16:00:00,960,89
2023-10-08 17:00:00,921,37
2023-10-08 18:00:00,788,52
2023-10-08 19:00:00,716,32
2023-10-08 20:00:00,589,37
2023-10-08 21:00:00,899,38
2023-10-08 22:00:00,548,69
2023-10-08 23:00:00,503,36
2023-10-09 00:00:00,309,50
2023-10-09 01:00:00,390,36
2023-10-09 02:00:00,428,45
2023-10-09 03:00:00,177,18
2023-10-09 04:00:00,479,59
2023-10-09 05:00:00,315,27
2023-10-09 06:00:00,767,57
2023-10-09 07:00:00,624,27
2023-10-09 08:00:00,286,28
2023-10-09 09:00:00,1365,62
2023-10-09 10:00:00,959,72
2023-10-09 11:00:00,761,30
2023-10-09 12:00:00,906,52
2023-10-09 13:00:00,924,31
2023-10-09 14:00:00,1056,93
2023-10-09 15:00:00,1122,96
2023-10-09 16:00:00,1002,46
2023-10-09 17:00:00,563,12
2023-10-09 18:00:00,1089,51
2023-10-09 19:00:00,668,38
2023-10-09 20:00:00,950,45
2023-10-09 21:00:00,1339,41
2023-10-09 22:00:00,501,81
2023-10-09 23:00:00,672,38
2023-10-10 00:00:00,452,48
2023-10-10 01:00:00,257,20
2023-10-10 02:00:00,362,46
2023-10-10 03:00:00,426,39
2023-10-10 04:00:00,187,51
2023-10-10 05:00:00,636,40
2023-10-10 06:00:00,694,48
2023-10-10 07:00:00,839,35
2023-10-10 08:00:00,908,53
2023-10-10 09:00:00,878,30
2023-10-10 10:00:00,995,62
2023-10-10 11:00:00,957,33
2023-10-10 12:00:00,607,44
2023-10-10 13:00:00,1196,42
2023-10-10 14:00:00,1093,71
2023-10-10 15:00:00,902,30
2023-10-10 16:00:00,1417,77
2023-10-10 17:00:00,1329,36
2023-10-10 18:00:00,927,66
2023-10-10 19:00:00,1196,40
2023-10-10 20:00:00,917,47
2023-10-10 21:00:00,610,34
2023-10-10 22:00:00,950,33
2023-10-10 23:00:00,625,37
2023-10-11 00:00:00,563,69
2023-10-11 01:00:00,446,30
2023-10-11 02:00:00,232,37
2023-10-11 03:00:00,492,44
2023-10-11 04:00:00,415,68
2023-10-11 05:00:00,74,3
2023-10-11 06:00:00,1130,84
2023-10-11 07:00:00,622,32
2023-10-11 08:00:00,1012,69
2023-10-11 09:00:00,958,36
2023-10-11 10:00:00,634,34
2023-10-11 11:00:00,1234,81
2023-10-11 12:00:00,874,67
2023-10-11 13:00:00,853,34
2023-10-11 14:00:00,1344,50
2023-10-11 15:00:00,937,35
2023-10-11 16:00:00,1188,51
2023-10-11 17:00:00,1424,28
2023-10-11 18:00:00,1072,69
2023-10-11 19:00:00,978,33
2023-10-11 20:00:00,539,23
2023-10-11 21:00:00,977,37
2023-10-11 22:00:00,958,50
2023-10-11 23:00:00,960,79
2023-10-12 00:00:00,409,30
2023-10-12 01:00:00,385,28
2023-10-12 02:00:00,494,139
2023-10-12 03:00:00,568,47
2023-10-12 04:00:00,537,66
2023-10-12 05:00:00,626,33
2023-10-12 06:00:00,663,71
2023-10-12 07:00:00,678,27
2023-10-12 08:00:00,979,40
2023-10-12 09:00:00,976,48
2023-10-12 10:00:00,1077,64
2023-10-12 11:00:00,725,27
2023-10-12 12:00:00,913,54
2023-10-12 13:00:00,1278,32
2023-10-12 14:00:00,618,48
2023-10-12 15:00:00,1138,47
2023-10-12 16:00:00,1554,45
2023-10-12 17:00:00,1295,29
2023-10-12 18:00:00,666,34
2023-10-12 19:00:00,665,16
2023-10-12 20:00:00,1845,93
2023-10-12 21:00:00,794,30
2023-10-12 22:00:00,919,82
2023-10-12 23:00:00,677,29
2023-10-13 00:00:00,359,28
2023-10-13 01:00:00,614,47
2023-10-13 02:00:00,583,112
2023-10-13 03:00:00,393,30
2023-10-13 04:00:00,431,38
2023-10-13 05:00:00,605,34
2023-10-13 06:00:00,543,38
2023-10-13 07:00:00,557,38
2023-10-13 08:00:00,1052,55
2023-10-13 09:00:00,654,24
2023-10-13 10:00:00,632,55
2023-10-13 11:00:00,982,54
2023-10-13 12:00:00,683,30
2023-10-13 13:00:00,1801,34
2023-10-13 14:00:00,1489,52
2023-10-13 15:00:00,1725,59
2023-10-13 16:00:00,1100,51
2023-10-13 17:00:00,1730,64
2023-10-13 18:00:00,988,115
2023-10-13 19:00:00,1068,37
2023-10-13 20:00:00,1301,89
2023-10-13 21:00:00,940,33
2023-10-13 22:00:00,1099,51
2023-10-13 23:00:00,850,31
2023-10-14 00:00:00,753,71
2023-10-14 01:00:00,337,26
2023-10-14 02:00:00,373,33
2023-10-14 03:00:00,631,44
2023-10-14 04:00:00,449,45
2023-10-14 05:00:00,495,33
2023-10-14 06:00:00,754,56
2023-10-14 07:00:00,711,33
2023-10-14 08:00:00,429,30
2023-10-14 09:00:00,684,33
2023-10-14 10:00:00,1027,39
2023-10-14 11:00:00,961,37
2023-10-14 12:00:00,895,55
2023-10-14 13:00:00,741,61
2023-10-14 14:00:00,1193,61
2023-10-14 15:00:00,1092,45
2023-10-14 16:00:00,703,46
2023-10-14 17:00:00,1526,49
2023-10-14 18:00:00,1039,59
2023-10-14 19:00:00,934,30
2023-10-14 20:00:00,880,56
2023-10-14 21:00:00,755,30
2023-10-14 22:00:00,604,62
2023-10-14 23:00:00,684,31
2023-10-15 00:00:00,387,49
2023-10-15 01:00:00,453,31
2023-10-15 02:00:00,409,63
2023-10-15 03:00:00,221,24
2023-10-15 04:00:00,482,55
2023-10-15 05:00:00,300,27
2023-10-15 06:00:00,527,34
2023-10-15 07:00:00,640,34
2023-10-15 08:00:00,607,54
2023-10-15 09:00:00,630,30
2023-10-15 10:00:00,669,57
2023-10-15 11:00:00,352,15
2023-10-15 12:00:00,743,55
2023-10-15 13:00:00,863,44
2023-10-15 14:00:00,993,62
2023-10-15 15:00:00,568,22
2023-10-15 16:00:00,990,71
2023-10-15 17:00:00,937,31
2023-10-15 18:00:00,999,64
2023-10-15 19:00:00,719,32
2023-10-15 20:00:00,848,45
2023-10-15 21:00:00,676,29
2023-10-15 22:00:00,508,49
2023-10-15 23:00:00,371,36
2023-10-16 00:00:00,658,56
2023-10-16 01:00:00,329,26
2023-10-16 02:00:00,162,48
2023-10-16 03:00:00,467,41
2023-10-16 04:00:00,328,51
2023-10-16 05:00:00,446,38
2023-10-16 06:00:00,545,43
2023-10-16 07:00:00,651,25
2023-10-16 08:00:00,1346,91
2023-10-16 09:00:00,560,31
2023-10-16 10:00:00,892,46
2023-10-16 11:00:00,1219,71
2023-10-16 12:00:00,829,43
2023-10-16 13:00:00,541,36
2023-10-16 14:00:00,1796,66
2023-10-16 15:00:00,1274,100
2023-10-16 16:00:00,1474,58
2023-10-16 17:00:00,825,28
2023-10-16 18:00:00,793,38
2023-10-16 19:00:00,899,29
2023-10-16 20:00:00,1272,62
2023-10-16 21:00:00,1379,59
2023-10-16 22:00:00,926,42
2023-10-16 23:00:00,970,123
2023-10-17 00:00:00,521,55
2023-10-17 01:00:00,584,38
2023-10-17 02:00:00,504,81
2023-10-17 03:00:00,417,32
2023-10-17 04:00:00,482,61
2023-10-17 05:00:00,511,32
2023-10-17 06:00:00,755,44
2023-10-17 07:00:00,565,28
2023-10-17 08:00:00,1080,84
2023-10-17 09:00:00,445,17
2023-10-17 10:00:00,978,57
2023-10-17 11:00:00,734,27
2023-10-17 12:00:00,1555,64
2023-10-17 13:00:00,894,29
2023-10-17 14:00:00,1409,73
2023-10-17 15:00:00,833,23
2023-10-17 16:00:00,1412,105
2023-10-17 17:00:00,1122,30
2023-10-17 18:00:00,1017,52
2023-10-17 19:00:00,1122,32
2023-10-17 20:00:00,1147,93
2023-10-17 21:00:00,452,16
2023-10-17 22:00:00,1051,62
2023-10-17 23:00:00,668,34
2023-10-18 00:00:00,483,41
2023-10-18 01:00:00,414,31
2023-10-18 02:00:00,564,51
2023-10-18 03:00:00,356,34
2023-10-18 04:00:00,348,51
2023-10-18 05:00:00,554,53
2023-10-18 06:00:00,838,48
2023-10-18 07:00:00,572,24
2023-10-18 08:00:00,843,32
2023-10-18 09:00:00,1053,91
2023-10-18 10:00:00,606,80
2023-10-18 11:00:00,990,29
2023-10-18 12:00:00,1248,47
2023-10-18 13:00:00,1112,33
2023-10-18 14:00:00,726,57
2023-10-18 15:00:00,1123,41
2023-10-18 16:00:00,1017,35
2023-10-18 17:00:00,827,34
2023-10-18 18:00:00,1511,56
2023-10-18 19:00:00,1025,23
2023-10-18 20:00:00,1505,117
2023-10-18 21:00:00,940,30
2023-10-18 22:00:00,934,77
2023-10-18 23:00:00,523,20
2023-10-19 00:00:00,629,43
2023-10-19 01:00:00,604,37
2023-10-19 02:00:00,279,48
2023-10-19 03:00:00,471,36
2023-10-19 04:00:00,550,52
2023-10-19 05:00:00,543,28
2023-10-19 06:00:00,592,63
2023-10-19 07:00:00,755,28
2023-10-19 08:00:00,1088,66
2023-10-19 09:00:00,776,27
2023-10-19 10:00:00,871,47
2023-10-19 11:00:00,1083,35
2023-10-19 12:00:00,1103,78
2023-10-19 13:00:00,363,28
2023-10-19 14:00:00,1487,60
2023-10-19 15:00:00,1284,34
2023-10-19 16:00:00,1037,86
2023-10-19 17:00:00,930,29
2023-10-19 18:00:00,913,31
2023-10-19 19:00:00,2151,85
2023-10-19 20:00:00,688,32
2023-10-19 21:00:00,1068,40
2023-10-19 22:00:00,882,79
2023-10-19 23:00:00,340,23
2023-10-20 00:00:00,743,76
2023-10-20 01:00:00,278,10
2023-10-20 02:00:00,875,75
2023-10-20 03:00:00,513,31
2023-10-20 04:00:00,359,31
2023-10-20 05:00:00,662,75
2023-10-20 06:00:00,803,41
2023-10-20 07:00:00,913,62
2023-10-20 08:00:00,1199,59
2023-10-20 09:00:00,1167,31
2023-10-20 10:00:00,1142,70
2023-10-20 11:00:00,1678,40
2023-10-20 12:00:00,974,97
2023-10-20 13:00:00,1391,35
2023-10-20 14:00:00,1517,93
2023-10-20 15:00:00,1423,35
2023-10-20 16:00:00,1230,72
2023-10-20 17:00:00,1206,30
2023-10-20 18:00:00,920,32
2023-10-20 19:00:00,776,34
2023-10-20 20:00:00,908,31
2023-10-20 21:00:00,1151,48
2023-10-20 22:00:00,1375,60
2023-10-20 23:00:00,821,34
2023-10-21 00:00:00,970,57
2023-10-21 01:00:00,843,93
2023-10-21 02:00:00,458,70
2023-10-21 03:00:00,470,36
2023-10-21 04:00:00,457,43
2023-10-21 05:00:00,474,32
2023-10-21 06:00:00,574,33
2023-10-21 07:00:00,749,39
2023-10-21 08:00:00,969,58
2023-10-21 09:00:00,811,30
2023-10-21 10:00:00,922,37
2023-10-21 11:00:00,869,63
2023-10-21 12:00:00,808,57
2023-10-21 13:00:00,781,31
2023-10-21 14:00:00,1064,48
2023-10-21 15:00:00,1138,39
2023-10-21 16:00:00,1303,69
2023-10-21 17:00:00,725,23
2023-10-21 18:00:00,1313,71
2023-10-21 19:00:00,1006,36
2023-10-21 20:00:00,877,57
2023-10-21 21:00:00,653,28
2023-10-21 22:00:00,857,80
2023-10-21 23:00:00,613,29
2023-10-22 00:00:00,524,76
2023-10-22 01:00:00,370,28
2023-10-22 02:00:00,292,52
2023-10-22 03:00:00,414,40
2023-10-22 04:00:00,226,51
2023-10-22 05:00:00,333,30
2023-10-22 06:00:00,577,54
2023-10-22 07:00:00,602,37
2023-10-22 08:00:00,584,76
2023-10-22 09:00:00,717,34
2023-10-22 10:00:00,588,67
2023-10-22 11:00:00,664,34
2023-10-22 12:00:00,621,61
2023-10-22 13:00:00,694,31
2023-10-22 14:00:00,1034,40
2023-10-22 15:00:00,887,35
2023-10-22 16:00:00,625,67
2023-10-22 17:00:00,1307,42
2023-10-22 18:00:00,193,30
2023-10-22 19:00:00,1580,51
2023-10-22 20:00:00,694,34
2023-10-22 21:00:00,785,38
2023-10-22 22:00:00,556,63
2023-10-22 23:00:00,593,36
2023-10-23 00:00:00,244,31
2023-10-23 01:00:00,546,42
2023-10-23 02:00:00,424,48
2023-10-23 03:00:00,278,21
2023-10-23 04:00:00,530,54
2023-10-23 05:00:00,467,72
2023-10-23 06:00:00,924,82
2023-10-23 07:00:00,622,24
2023-10-23 08:00:00,1125,58
2023-10-23 09:00:00,815,32
2023-10-23 10:00:00,845,27
2023-10-23 11:00:00,1061,35
2023-10-23 12:00:00,1044,29
2023-10-23 13:00:00,909,27
2023-10-23 14:00:00,977,108
2023-10-23 15:00:00,1349,68
2023-10-23 16:00:00,926,32
2023-10-23 17:00:00,1446,66
2023-10-23 18:00:00,1344,85
2023-10-23 19:00:00,275,25
2023-10-23 20:00:00,1158,61
2023-10-23 21:00:00,1653,32
2023-10-23 22:00:00,1245,88
2023-10-23 23:00:00,1038,30
2023-10-24 00:00:00,855,66
2023-10-24 01:00:00,539,44
2023-10-24 02:00:00,417,41
2023-10-24 03:00:00,1111,33
2023-10-24 04:00:00,1275,218
2023-10-24 05:00:00,802,26
2023-10-24 06:00:00,1325,86
2023-10-24 07:00:00,1039,34
2023-10-24 08:00:00,1061,50
2023-10-24 09:00:00,190,19
2023-10-24 10:00:00,1025,41
2023-10-24 11:00:00,464,41
2023-10-24 12:00:00,351,35
2023-10-24 13:00:00,757,24
2023-10-24 14:00:00,1157,39
2023-10-24 15:00:00,1129,33
2023-10-24 16:00:00,1215,58
2023-10-24 17:00:00,1467,72
2023-10-24 18:00:00,1689,47
2023-10-24 19:00:00,1811,47
2023-10-24 20:00:00,572,32
2023-10-24 21:00:00,1532,51
2023-10-24 22:00:00,1364,67
2023-10-24 23:00:00,764,35
2023-10-25 00:00:00,676,73
2023-10-25 01:00:00,601,32
2023-10-25 02:00:00,513,48
2023-10-25 03:00:00,587,30
2023-10-25 04:00:00,407,32
2023-10-25 05:00:00,523,35
2023-10-25 06:00:00,754,58
2023-10-25 07:00:00,713,27
2023-10-25 08:00:00,1104,51
2023-10-25 09:00:00,998,55
2023-10-25 10:00:00,1052,45
2023-10-25 11:00:00,1428,8
2023-10-25 12:00:00,716,30
2023-10-25 13:00:00,1070,38
2023-10-25 14:00:00,1205,60
2023-10-25 15:00:00,1231,27
2023-10-25 16:00:00,1409,75
2023-10-25 17:00:00,1585,36
2023-10-25 18:00:00,963,30
2023-10-25 19:00:00,936,61
2023-10-25 20:00:00,895,41
2023-10-25 21:00:00,610,30
2023-10-25 22:00:00,1092,47
2023-10-25 23:00:00,1110,49
2023-10-26 00:00:00,349,63
2023-10-26 01:00:00,526,33
2023-10-26 02:00:00,560,42
2023-10-26 03:00:00,581,36
2023-10-26 04:00:00,700,249
2023-10-26 05:00:00,620,19
2023-10-26 06:00:00,531,44
2023-10-26 07:00:00,670,24
2023-10-26 08:00:00,1345,69
2023-10-26 09:00:00,863,31
2023-10-26 10:00:00,904,57
2023-10-26 11:00:00,1250,34
2023-10-26 12:00:00,896,49
2023-10-26 13:00:00,1323,30
2023-10-26 14:00:00,364,36
2023-10-26 15:00:00,1746,56
2023-10-26 16:00:00,876,26
2023-10-26 17:00:00,889,28
2023-10-26 18:00:00,695,31
2023-10-26 19:00:00,1728,57
2023-10-26 20:00:00,1160,90
2023-10-26 21:00:00,933,34
2023-10-26 22:00:00,896,43
2023-10-26 23:00:00,861,76
2023-10-27 00:00:00,375,39
2023-10-27 01:00:00,436,38
2023-10-27 02:00:00,818,49
2023-10-27 03:00:00,326,84
2023-10-27 04:00:00,554,43
2023-10-27 05:00:00,695,23
2023-10-27 06:00:00,900,71
2023-10-27 07:00:00,747,26
2023-10-27 08:00:00,1004,33
2023-10-27 09:00:00,515,12
2023-10-27 10:00:00,1436,56
2023-10-27 11:00:00,842,22
2023-10-27 12:00:00,1059,52
2023-10-27 13:00:00,1360,38
2023-10-27 14:00:00,1101,69
2023-10-27 15:00:00,539,14
2023-10-27 16:00:00,1225,50
2023-10-27 17:00:00,1547,39
2023-10-27 18:00:00,1513,81
2023-10-27 19:00:00,1716,37
2023-10-27 20:00:00,1163,114
2023-10-27 21:00:00,995,28
2023-10-27 22:00:00,993,50
2023-10-27 23:00:00,743,28
2023-10-28 00:00:00,653,60
2023-10-28 01:00:00,406,26
2023-10-28 02:00:00,479,42
2023-10-28 03:00:00,461,35
2023-10-28 04:00:00,429,66
2023-10-28 05:00:00,422,27
2023-10-28 06:00:00,759,39
2023-10-28 07:00:00,1009,25
2023-10-28 08:00:00,446,20
2023-10-28 09:00:00,1227,42
2023-10-28 10:00:00,835,24
2023-10-28 11:00:00,959,23
2023-10-28 12:00:00,948,74
2023-10-28 13:00:00,740,19
2023-10-28 14:00:00,1127,26
2023-10-28 15:00:00,862,68
2023-10-28 16:00:00,968,91
2023-10-28 17:00:00,732,23
2023-10-28 18:00:00,1436,71
2023-10-28 19:00:00,1059,36
2023-10-28 20:00:00,515,21
2023-10-28 21:00:00,839,35
2023-10-28 22:00:00,610,48
2023-10-28 23:00:00,739,35
2023-10-29 00:00:00,398,39
2023-10-29 01:00:00,399,30
2023-10-29 02:00:00,251,31
2023-10-29 03:00:00,357,38
2023-10-29 04:00:00,442,51
2023-10-29 05:00:00,313,22
2023-10-29 06:00:00,478,39
2023-10-29 07:00:00,568,28
2023-10-29 08:00:00,612,34
2023-10-29 09:00:00,518,23
2023-10-29 10:00:00,829,28
2023-10-29 11:00:00,632,18
2023-10-29 12:00:00,700,27
2023-10-29 13:00:00,727,30
2023-10-29 14:00:00,1105,67
2023-10-29 15:00:00,770,20
2023-10-29 16:00:00,852,51
2023-10-29 17:00:00,965,32
2023-10-29 18:00:00,764,31
2023-10-29 19:00:00,673,27
2023-10-29 20:00:00,1086,44
2023-10-29 21:00:00,316,7
2023-10-29 22:00:00,1091,73
2023-10-29 23:00:00,556,22
2023-10-30 00:00:00,546,41
2023-10-30 01:00:00,384,22
2023-10-30 02:00:00,349,35
2023-10-30 03:00:00,330,25
2023-10-30 04:00:00,355,48
2023-10-30 05:00:00,432,27
2023-10-30 06:00:00,656,56
2023-10-30 07:00:00,782,22
2023-10-30 08:00:00,495,36
2023-10-30 09:00:00,787,18
2023-10-30 10:00:00,783,30
2023-10-30 11:00:00,973,32
2023-10-30 12:00:00,994,56
2023-10-30 13:00:00,900,29
2023-10-30 14:00:00,1478,64
2023-10-30 15:00:00,1181,22
2023-10-30 16:00:00,659,58
2023-10-30 17:00:00,534,18
2023-10-30 18:00:00,741,23
2023-10-30 19:00:00,1479,41
2023-10-30 20:00:00,1317,47
2023-10-30 21:00:00,972,24
2023-10-30 22:00:00,956,46
2023-10-30 23:00:00,819,30
2023-10-31 00:00:00,594,89
2023-10-31 01:00:00,496,22
2023-10-31 02:00:00,403,45
2023-10-31 03:00:00,268,16
2023-10-31 04:00:00,429,56
2023-10-31 05:00:00,668,45
2023-10-31 06:00:00,372,12
2023-10-31 07:00:00,779,27
2023-10-31 08:00:00,854,38
2023-10-31 09:00:00,1304,24
2023-10-31 10:00:00,916,57
2023-10-31 11:00:00,787,38
2023-10-31 12:00:00,1333,83
2023-10-31 13:00:00,1004,18
2023-10-31 14:00:00,825,24
2023-10-31 15:00:00,713,14
2023-10-31 16:00:00,1570,44
2023-10-31 17:00:00,166,19
2023-10-31 18:00:00,1580,36
2023-10-31 19:00:00,1002,28
2023-10-31 20:00:00,1814,43
2023-10-31 21:00:00,1086,25
2023-10-31 22:00:00,777,115
2023-10-31 23:00:00,888,24
2023-11-01 00:00:00,592,62
2023-11-01 01:00:00,379,17
2023-11-01 02:00:00,291,34
2023-11-01 03:00:00,458,23
2023-11-01 04:00:00,564,22
2023-11-01 05:00:00,541,36
2023-11-01 06:00:00,796,51
2023-11-01 07:00:00,597,19
2023-11-01 08:00:00,988,25
2023-11-01 09:00:00,1028,126
2023-11-01 10:00:00,1067,26
2023-11-01 11:00:00,896,22
2023-11-01 12:00:00,887,61
2023-11-01 13:00:00,1124,23
2023-11-01 14:00:00,1530,52
2023-11-01 15:00:00,1000,17
2023-11-01 16:00:00,164,15
2023-11-01 17:00:00,1113,34
2023-11-01 18:00:00,2149,70
2023-11-01 19:00:00,1184,19
2023-11-01 20:00:00,1443,64
2023-11-01 21:00:00,980,22
2023-11-01 22:00:00,811,57
2023-11-01 23:00:00,724,17
2023-11-02 00:00:00,952,69
2023-11-02 01:00:00,750,23
2023-11-02 02:00:00,665,58
2023-11-02 03:00:00,494,83
2023-11-02 04:00:00,411,28
2023-11-02 05:00:00,705,68
2023-11-02 06:00:00,773,39
2023-11-02 07:00:00,842,21
2023-11-02 08:00:00,897,31
2023-11-02 09:00:00,1294,70
2023-11-02 10:00:00,872,20
2023-11-02 11:00:00,872,53
2023-11-02 12:00:00,860,23
2023-11-02 13:00:00,995,22
2023-11-02 14:00:00,794,24
2023-11-02 15:00:00,1561,30
2023-11-02 16:00:00,1457,43
2023-11-02 17:00:00,1603,28
2023-11-02 18:00:00,1488,58
2023-11-02 19:00:00,1145,37
2023-11-02 20:00:00,1233,43
2023-11-02 21:00:00,1145,22
2023-11-02 22:00:00,754,73
2023-11-02 23:00:00,781,26
2023-11-03 00:00:00,654,39
2023-11-03 01:00:00,525,24
2023-11-03 02:00:00,410,35
2023-11-03 03:00:00,424,29
2023-11-03 04:00:00,318,24
2023-11-03 05:00:00,400,75
2023-11-03 06:00:00,919,24
2023-11-03 07:00:00,1066,38
2023-11-03 08:00:00,552,35
2023-11-03 09:00:00,1247,32
2023-11-03 10:00:00,1015,56
2023-11-03 11:00:00,1178,57
2023-11-03 12:00:00,1073,42
2023-11-03 13:00:00,515,35
2023-11-03 14:00:00,1075,57
2023-11-03 15:00:00,974,31
2023-11-03 16:00:00,994,62
2023-11-03 17:00:00,599,21
2023-11-03 18:00:00,1377,47
2023-11-03 19:00:00,898,42
2023-11-03 20:00:00,1600,74
2023-11-03 21:00:00,988,30
2023-11-03 22:00:00,1186,52
2023-11-03 23:00:00,807,32
2023-11-04 00:00:00,1078,56
2023-11-04 01:00:00,755,32
2023-11-04 02:00:00,272,27
2023-11-04 03:00:00,603,50
2023-11-04 04:00:00,446,34
2023-11-04 05:00:00,465,35
2023-11-04 06:00:00,677,43
2023-11-04 07:00:00,393,30
2023-11-04 08:00:00,393,35
2023-11-04 09:00:00,882,35
2023-11-04 10:00:00,270,21
2023-11-04 11:00:00,906,42
2023-11-04 12:00:00,917,35
2023-11-04 13:00:00,949,35
2023-11-04 14:00:00,1243,120
2023-11-04 15:00:00,2222,56
2023-11-04 16:00:00,952,97
2023-11-04 17:00:00,1068,28
2023-11-04 18:00:00,757,44
2023-11-04 19:00:00,1339,44
2023-11-04 20:00:00,987,63
2023-11-04 21:00:00,416,18
2023-11-04 22:00:00,769,50
2023-11-04 23:00:00,738,41
2023-11-05 00:00:00,365,30
2023-11-05 01:00:00,349,32
2023-11-05 02:00:00,368,46
2023-11-05 03:00:00,382,37
2023-11-05 04:00:00,300,35
2023-11-05 05:00:00,327,33
2023-11-05 06:00:00,468,34
2023-11-05 07:00:00,596,35
2023-11-05 08:00:00,666,55
2023-11-05 09:00:00,836,37
2023-11-05 10:00:00,797,51
2023-11-05 11:00:00,822,27
2023-11-05 12:00:00,469,30
2023-11-05 13:00:00,1104,50
2023-11-05 14:00:00,750,61
2023-11-05 15:00:00,722,32
2023-11-05 16:00:00,1254,80
2023-11-05 17:00:00,1256,59
2023-11-05 18:00:00,905,73
2023-11-05 19:00:00,1075,32
2023-11-05 20:00:00,820,44
2023-11-05 21:00:00,1258,67
2023-11-05 22:00:00,516,55
2023-11-05 23:00:00,342,29
2023-11-06 00:00:00,527,42
2023-11-06 01:00:00,327,35
2023-11-06 02:00:00,352,32
2023-11-06 03:00:00,202,25
2023-11-06 04:00:00,286,47
2023-11-06 05:00:00,376,33
2023-11-06 06:00:00,517,43
2023-11-06 07:00:00,707,27
2023-11-06 08:00:00,752,29
2023-11-06 09:00:00,1001,39
2023-11-06 10:00:00,866,43
2023-11-06 11:00:00,642,55
2023-11-06 12:00:00,599,32
2023-11-06 13:00:00,1679,68
2023-11-06 14:00:00,372,22
2023-11-06 15:00:00,742,50
2023-11-06 16:00:00,1034,32
2023-11-06 17:00:00,682,33
2023-11-06 18:00:00,287,29
2023-11-06 19:00:00,1577,54
2023-11-06 20:00:00,1023,39
2023-11-06 21:00:00,1504,61
2023-11-06 22:00:00,978,60
2023-11-06 23:00:00,803,32
2023-11-07 00:00:00,1041,92
2023-11-07 01:00:00,307,20
2023-11-07 02:00:00,596,97
2023-11-07 03:00:00,393,44
2023-11-07 04:00:00,346,52
2023-11-07 05:00:00,682,70
2023-11-07 06:00:00,573,33
2023-11-07 07:00:00,627,35
2023-11-07 08:00:00,571,42
2023-11-07 09:00:00,457,37
2023-11-07 10:00:00,2034,32
2023-11-07 11:00:00,625,61
2023-11-07 12:00:00,1191,43
2023-11-07 13:00:00,970,36
2023-11-07 14:00:00,1296,84
2023-11-07 15:00:00,730,28
2023-11-07 16:00:00,192,11
2023-11-07 17:00:00,731,39
2023-11-07 18:00:00,1247,59
2023-11-07 19:00:00,726,36
2023-11-07 20:00:00,1858,51
2023-11-07 21:00:00,1291,109
2023-11-07 22:00:00,828,40
2023-11-07 23:00:00,651,33
2023-11-08 00:00:00,704,87
2023-11-08 01:00:00,644,77
2023-11-08 02:00:00,499,79
2023-11-08 03:00:00,348,36
2023-11-08 04:00:00,212,22
2023-11-08 05:00:00,526,42
2023-11-08 06:00:00,726,34
2023-11-08 07:00:00,929,46
2023-11-08 08:00:00,797,45
2023-11-08 09:00:00,1053,55
2023-11-08 10:00:00,684,55
2023-11-08 11:00:00,831,32
2023-11-08 12:00:00,1220,95
2023-11-08 13:00:00,858,54
2023-11-08 14:00:00,718,29
2023-11-08 15:00:00,406,23
2023-11-08 16:00:00,1354,61
2023-11-08 17:00:00,1239,48
2023-11-08 18:00:00,920,40
2023-11-08 19:00:00,1309,49
2023-11-08 20:00:00,540,36
2023-11-08 21:00:00,791,33
2023-11-08 22:00:00,477,45
2023-11-08 23:00:00,759,22
2023-11-09 00:00:00,471,48
2023-11-09 01:00:00,559,39
2023-11-09 02:00:00,497,40
2023-11-09 03:00:00,211,33
2023-11-09 04:00:00,204,35
2023-11-09 05:00:00,464,30
2023-11-09 06:00:00,708,44
2023-11-09 07:00:00,788,29
2023-11-09 08:00:00,810,35
2023-11-09 09:00:00,828,43
2023-11-09 10:00:00,985,41
2023-11-09 11:00:00,758,30
2023-11-09 12:00:00,897,53
2023-11-09 13:00:00,1491,44
2023-11-09 14:00:00,1614,40
2023-11-09 15:00:00,632,34
2023-11-09 16:00:00,774,37
2023-11-09 17:00:00,321,29
2023-11-09 18:00:00,802,36
2023-11-09 19:00:00,1267,33
2023-11-09 20:00:00,1261,38
2023-11-09 21:00:00,1768,47
2023-11-09 22:00:00,963,48
2023-11-09 23:00:00,1020,230
2023-11-10 00:00:00,926,123
2023-11-10 01:00:00,963,32
2023-11-10 02:00:00,640,75
2023-11-10 03:00:00,567,50
2023-11-10 04:00:00,772,40
2023-11-10 05:00:00,426,42
2023-11-10 06:00:00,1025,40
2023-11-10 07:00:00,821,54
2023-11-10 08:00:00,1236,94
2023-11-10 09:00:00,782,48
2023-11-10 10:00:00,803,34
2023-11-10 11:00:00,802,32
2023-11-10 12:00:00,1131,68
2023-11-10 13:00:00,533,26
2023-11-10 14:00:00,1220,49
2023-11-10 15:00:00,1046,39
2023-11-10 16:00:00,1614,105
2023-11-10 17:00:00,1400,36
2023-11-10 18:00:00,1156,96
2023-11-10 19:00:00,1401,289
2023-11-10 20:00:00,556,34
2023-11-10 21:00:00,993,35
2023-11-10 22:00:00,782,57
2023-11-10 23:00:00,859,32
2023-11-11 00:00:00,925,53
2023-11-11 01:00:00,472,34
2023-11-11 02:00:00,487,56
2023-11-11 03:00:00,346,26
2023-11-11 04:00:00,484,250
2023-11-11 05:00:00,411,81
2023-11-11 06:00:00,439,47
2023-11-11 07:00:00,541,36
2023-11-11 08:00:00,993,42
2023-11-11 09:00:00,1010,143
2023-11-11 10:00:00,867,62
2023-11-11 11:00:00,956,38
2023-11-11 12:00:00,661,34
2023-11-11 13:00:00,1016,62
2023-11-11 14:00:00,687,36
2023-11-11 15:00:00,823,30
2023-11-11 16:00:00,522,33
2023-11-11 17:00:00,873,34
2023-11-11 18:00:00,1129,105
2023-11-11 19:00:00,765,34
2023-11-11 20:00:00,763,54
2023-11-11 21:00:00,883,33
2023-11-11 22:00:00,645,95
2023-11-11 23:00:00,417,26
2023-11-12 00:00:00,447,47
2023-11-12 01:00:00,273,36
2023-11-12 02:00:00,336,58
2023-11-12 03:00:00,187,24
2023-11-12 04:00:00,308,51
2023-11-12 05:00:00,341,28
2023-11-12 06:00:00,528,51
2023-11-12 07:00:00,463,33
2023-11-12 08:00:00,489,49
2023-11-12 09:00:00,618,51
2023-11-12 10:00:00,612,42
2023-11-12 11:00:00,672,38
2023-11-12 12:00:00,449,32
2023-11-12 13:00:00,562,35
2023-11-12 14:00:00,525,35
2023-11-12 15:00:00,680,56
2023-11-12 16:00:00,564,52
2023-11-12 17:00:00,580,33
2023-11-12 18:00:00,674,48
2023-11-12 19:00:00,742,32
2023-11-12 20:00:00,555,49
2023-11-12 21:00:00,815,36
2023-11-12 22:00:00,415,37
2023-11-12 23:00:00,427,34
2023-11-13 00:00:00,316,31
2023-11-13 01:00:00,258,34
2023-11-13 02:00:00,476,59
2023-11-13 03:00:00,151,24
2023-11-13 04:00:00,336,37
2023-11-13 05:00:00,371,58
2023-11-13 06:00:00,166,21
2023-11-13 07:00:00,942,75
2023-11-13 08:00:00,736,45
2023-11-13 09:00:00,954,34
2023-11-13 10:00:00,849,87
2023-11-13 11:00:00,713,29
2023-11-13 12:00:00,636,37
2023-11-13 13:00:00,911,58
2023-11-13 14:00:00,971,31
2023-11-13 15:00:00,1264,41
2023-11-13 16:00:00,791,35
2023-11-13 17:00:00,741,31
2023-11-13 18:00:00,760,33
2023-11-13 19:00:00,854,38
2023-11-13 20:00:00,899,50
2023-11-13 21:00:00,692,35
2023-11-13 22:00:00,906,62
2023-11-13 23:00:00,858,39
2023-11-14 00:00:00,538,84
2023-11-14 01:00:00,630,28
2023-11-14 02:00:00,376,36
2023-11-14 03:00:00,473,39
2023-11-14 04:00:00,435,77
2023-11-14 05:00:00,491,39
2023-11-14 06:00:00,637,36
2023-11-14 07:00:00,843,38
2023-11-14 08:00:00,638,75
2023-11-14 09:00:00,727,27
2023-11-14 10:00:00,747,37
2023-11-14 11:00:00,1049,45
2023-11-14 12:00:00,0,0
2023-11-14 13:00:00,1293,61
2023-11-14 14:00:00,787,42
2023-11-14 15:00:00,881,35
2023-11-14 16:00:00,507,29
2023-11-14 17:00:00,1376,49
2023-11-14 18:00:00,1064,72
2023-11-14 19:00:00,1026,43
2023-11-14 20:00:00,1027,62
2023-11-14 21:00:00,522,30
2023-11-14 22:00:00,449,34
2023-11-14 23:00:00,995,61
2023-11-15 00:00:00,346,28
2023-11-15 01:00:00,664,72
2023-11-15 02:00:00,520,79
2023-11-15 03:00:00,405,34
2023-11-15 04:00:00,391,61
2023-11-15 05:00:00,678,37
2023-11-15 06:00:00,592,74
2023-11-15 07:00:00,818,36
2023-11-15 08:00:00,760,36
2023-11-15 09:00:00,610,34
2023-11-15 10:00:00,746,37
2023-11-15 11:00:00,638,31
2023-11-15 12:00:00,731,37
2023-11-15 13:00:00,732,34
2023-11-15 14:00:00,641,28
2023-11-15 15:00:00,402,30
2023-11-15 16:00:00,534,36
2023-11-15 17:00:00,920,36
2023-11-15 18:00:00,1300,37
2023-11-15 19:00:00,967,28
2023-11-15 20:00:00,712,32
2023-11-15 21:00:00,981,47
2023-11-15 22:00:00,816,43
2023-11-15 23:00:00,355,22
2023-11-16 00:00:00,687,50
2023-11-16 01:00:00,380,30
2023-11-16 02:00:00,161,31
2023-11-16 03:00:00,154,36
2023-11-16 04:00:00,186,24
2023-11-16 05:00:00,391,40
2023-11-16 06:00:00,295,31
2023-11-16 07:00:00,376,32
2023-11-16 08:00:00,809,30
2023-11-16 09:00:00,239,36
2023-11-16 10:00:00,1420,40
2023-11-16 11:00:00,672,31
2023-11-16 12:00:00,1177,36
2023-11-16 13:00:00,907,34
2023-11-16 14:00:00,899,36
2023-11-16 15:00:00,929,35
2023-11-16 16:00:00,1009,40
2023-11-16 17:00:00,1072,34
2023-11-16 18:00:00,750,35
2023-11-16 19:00:00,545,24
2023-11-16 20:00:00,866,40
2023-11-16 21:00:00,693,37
2023-11-16 22:00:00,508,32
2023-11-16 23:00:00,698,41
2023-11-17 00:00:00,445,31
2023-11-17 01:00:00,298,33
2023-11-17 02:00:00,406,34
2023-11-17 03:00:00,363,29
2023-11-17 04:00:00,503,43
2023-11-17 05:00:00,566,39
2023-11-17 06:00:00,819,45
2023-11-17 07:00:00,863,50
2023-11-17 08:00:00,623,46
2023-11-17 09:00:00,560,24
2023-11-17 10:00:00,1507,70
2023-11-17 11:00:00,720,152
2023-11-17 12:00:00,1074,303
2023-11-17 13:00:00,686,26
2023-11-17 14:00:00,613,30
2023-11-17 15:00:00,1447,57
2023-11-17 16:00:00,1356,73
2023-11-17 17:00:00,1009,30
2023-11-17 18:00:00,1470,202
2023-11-17 19:00:00,827,32
2023-11-17 20:00:00,768,31
2023-11-17 21:00:00,457,36
2023-11-17 22:00:00,1039,69
2023-11-17 23:00:00,933,32
2023-11-18 00:00:00,641,90
2023-11-18 01:00:00,395,27
2023-11-18 02:00:00,326,46
2023-11-18 03:00:00,420,31
2023-11-18 04:00:00,349,44
2023-11-18 05:00:00,304,31
2023-11-18 06:00:00,381,25
2023-11-18 07:00:00,248,31
2023-11-18 08:00:00,357,42
2023-11-18 09:00:00,118,15
2023-11-18 10:00:00,325,43
2023-11-18 11:00:00,767,35
2023-11-18 12:00:00,739,31
2023-11-18 13:00:00,661,38
2023-11-18 14:00:00,672,24
2023-11-18 15:00:00,1095,51
2023-11-18 16:00:00,787,34
2023-11-18 17:00:00,993,52
2023-11-18 18:00:00,844,40
2023-11-18 19:00:00,943,125
2023-11-18 20:00:00,480,31
2023-11-18 21:00:00,283,19
2023-11-18 22:00:00,976,77
2023-11-18 23:00:00,681,40
2023-11-19 00:00:00,580,45
2023-11-19 01:00:00,261,29
2023-11-19 02:00:00,372,51
2023-11-19 03:00:00,237,36
2023-11-19 04:00:00,199,59
2023-11-19 05:00:00,383,36
2023-11-19 06:00:00,396,47
2023-11-19 07:00:00,719,41
2023-11-19 08:00:00,563,61
2023-11-19 09:00:00,461,29
2023-11-19 10:00:00,369,31
2023-11-19 11:00:00,523,38
2023-11-19 12:00:00,332,25
2023-11-19 13:00:00,526,40
2023-11-19 14:00:00,653,39
2023-11-19 15:00:00,729,38
2023-11-19 16:00:00,775,74
2023-11-19 17:00:00,608,33
2023-11-19 18:00:00,712,36
2023-11-19 19:00:00,563,41
2023-11-19 20:00:00,504,39
2023-11-19 21:00:00,710,54
2023-11-19 22:00:00,455,35
2023-11-19 23:00:00,286,27
2023-11-20 00:00:00,381,34
2023-11-20 01:00:00,186,37
2023-11-20 02:00:00,507,49
2023-11-20 03:00:00,411,37
2023-11-20 04:00:00,535,62
2023-11-20 05:00:00,349,34
2023-11-20 06:00:00,580,68
2023-11-20 07:00:00,445,28
2023-11-20 08:00:00,645,32
2023-11-20 09:00:00,652,43
2023-11-20 10:00:00,655,39
2023-11-20 11:00:00,526,25
2023-11-20 12:00:00,762,41
2023-11-20 13:00:00,858,39
2023-11-20 14:00:00,684,61
2023-11-20 15:00:00,949,38
2023-11-20 16:00:00,414,38
2023-11-20 17:00:00,835,38
2023-11-20 18:00:00,1172,47
2023-11-20 19:00:00,948,53
2023-11-20 20:00:00,984,75
2023-11-20 21:00:00,674,33
2023-11-20 22:00:00,591,30
2023-11-20 23:00:00,526,36
2023-11-21 00:00:00,444,86
2023-11-21 01:00:00,212,27
2023-11-21 02:00:00,418,39
2023-11-21 03:00:00,335,34
2023-11-21 04:00:00,400,58
2023-11-21 05:00:00,313,22
2023-11-21 06:00:00,656,61
2023-11-21 07:00:00,496,32
2023-11-21 08:00:00,345,31
2023-11-21 09:00:00,888,56
2023-11-21 10:00:00,493,41
2023-11-21 11:00:00,902,51
2023-11-21 12:00:00,656,50
2023-11-21 13:00:00,919,44
2023-11-21 14:00:00,898,39
2023-11-21 15:00:00,696,39
2023-11-21 16:00:00,1191,55
2023-11-21 17:00:00,769,32
2023-11-21 18:00:00,1041,53
2023-11-21 19:00:00,591,32
2023-11-21 20:00:00,949,44
2023-11-21 21:00:00,864,51
2023-11-21 22:00:00,579,57
2023-11-21 23:00:00,687,33
2023-11-22 00:00:00,764,44
2023-11-22 01:00:00,453,24
2023-11-22 02:00:00,432,45
2023-11-22 03:00:00,232,37
2023-11-22 04:00:00,334,59
2023-11-22 05:00:00,412,37
2023-11-22 06:00:00,234,36
2023-11-22 07:00:00,410,44
2023-11-22 08:00:00,986,43
2023-11-22 09:00:00,657,37
2023-11-22 10:00:00,778,43
2023-11-22 11:00:00,587,36
2023-11-22 12:00:00,856,46
2023-11-22 13:00:00,1098,57
2023-11-22 14:00:00,639,35
2023-11-22 15:00:00,833,40
2023-11-22 16:00:00,860,39
2023-11-22 17:00:00,725,36
2023-11-22 18:00:00,1268,46
2023-11-22 19:00:00,804,28
2023-11-22 20:00:00,737,34
2023-11-22 21:00:00,1026,52
2023-11-22 22:00:00,433,21
2023-11-22 23:00:00,614,40
2023-11-23 00:00:00,459,48
2023-11-23 01:00:00,323,26
2023-11-23 02:00:00,554,60
2023-11-23 03:00:00,588,27
2023-11-23 04:00:00,350,56
2023-11-23 05:00:00,540,33
2023-11-23 06:00:00,661,37
2023-11-23 07:00:00,501,31
2023-11-23 08:00:00,551,32
2023-11-23 09:00:00,378,4
2023-11-23 10:00:00,1123,81
2023-11-23 11:00:00,886,42
2023-11-23 12:00:00,653,34
2023-11-23 13:00:00,895,45
2023-11-23 14:00:00,328,13
2023-11-23 15:00:00,810,46
2023-11-23 16:00:00,906,31
2023-11-23 17:00:00,668,32
2023-11-23 18:00:00,525,26
2023-11-23 19:00:00,968,45
2023-11-23 20:00:00,1002,58
2023-11-23 21:00:00,797,62
2023-11-23 22:00:00,530,43
2023-11-23 23:00:00,441,20
2023-11-24 00:00:00,582,51
2023-11-24 01:00:00,362,37
2023-11-24 02:00:00,383,41
2023-11-24 03:00:00,383,36
2023-11-24 04:00:00,282,42
2023-11-24 05:00:00,462,39
2023-11-24 06:00:00,336,23
2023-11-24 07:00:00,1155,55
2023-11-24 08:00:00,742,44
2023-11-24 09:00:00,658,56
2023-11-24 10:00:00,785,38
2023-11-24 11:00:00,746,35
2023-11-24 12:00:00,744,29
2023-11-24 13:00:00,1216,53
2023-11-24 14:00:00,951,34
2023-11-24 15:00:00,1062,35
2023-11-24 16:00:00,1307,65
2023-11-24 17:00:00,1081,34
2023-11-24 18:00:00,424,29
2023-11-24 19:00:00,1241,35
2023-11-24 20:00:00,1021,42
2023-11-24 21:00:00,797,33
2023-11-24 22:00:00,904,59
2023-11-24 23:00:00,636,32
2023-11-25 00:00:00,354,31
2023-11-25 01:00:00,352,35
2023-11-25 02:00:00,323,36
2023-11-25 03:00:00,405,41
2023-11-25 04:00:00,329,46
2023-11-25 05:00:00,217,20
2023-11-25 06:00:00,418,43
2023-11-25 07:00:00,790,42
2023-11-25 08:00:00,378,30
2023-11-25 09:00:00,849,42
2023-11-25 10:00:00,905,36
2023-11-25 11:00:00,715,35
2023-11-25 12:00:00,510,28
2023-11-25 13:00:00,624,31
2023-11-25 14:00:00,807,40
2023-11-25 15:00:00,836,35
2023-11-25 16:00:00,773,31
2023-11-25 17:00:00,514,50
2023-11-25 18:00:00,991,45
2023-11-25 19:00:00,786,39
2023-11-25 20:00:00,660,33
2023-11-25 21:00:00,484,27
2023-11-25 22:00:00,656,61
2023-11-25 23:00:00,396,36
2023-11-26 00:00:00,359,32
2023-11-26 01:00:00,246,24
2023-11-26 02:00:00,357,53
2023-11-26 03:00:00,280,31
2023-11-26 04:00:00,250,33
2023-11-26 05:00:00,251,32
2023-11-26 06:00:00,417,43
2023-11-26 07:00:00,330,23
2023-11-26 08:00:00,628,59
2023-11-26 09:00:00,377,27
2023-11-26 10:00:00,663,49
2023-11-26 11:00:00,273,24
2023-11-26 12:00:00,625,46
2023-11-26 13:00:00,479,30
2023-11-26 14:00:00,347,24
2023-11-26 15:00:00,992,52
2023-11-26 16:00:00,860,42
2023-11-26 17:00:00,741,32
2023-11-26 18:00:00,460,31
2023-11-26 19:00:00,599,32
2023-11-26 20:00:00,396,26
2023-11-26 21:00:00,633,46
2023-11-26 22:00:00,492,51
2023-11-26 23:00:00,390,37
2023-11-27 00:00:00,294,39
2023-11-27 01:00:00,337,36
2023-11-27 02:00:00,74,12
2023-11-27 03:00:00,202,33
2023-11-27 04:00:00,351,52
2023-11-27 05:00:00,299,36
2023-11-27 06:00:00,295,28
2023-11-27 07:00:00,509,35
2023-11-27 08:00:00,491,40
2023-11-27 09:00:00,835,36
2023-11-27 10:00:00,709,32
2023-11-27 11:00:00,667,32
2023-11-27 12:00:00,422,24
2023-11-27 13:00:00,854,40
2023-11-27 14:00:00,1066,38
2023-11-27 15:00:00,943,62
2023-11-27 16:00:00,519,26
2023-11-27 17:00:00,849,38
2023-11-27 18:00:00,884,46
2023-11-27 19:00:00,757,49
2023-11-27 20:00:00,726,53
2023-11-27 21:00:00,738,25
2023-11-27 22:00:00,1006,68
2023-11-27 23:00:00,186,5
2023-11-28 00:00:00,655,65
2023-11-28 01:00:00,555,40
2023-11-28 02:00:00,228,28
2023-11-28 03:00:00,528,45
2023-11-28 04:00:00,253,19
2023-11-28 05:00:00,585,46
2023-11-28 06:00:00,496,39
2023-11-28 07:00:00,790,53
2023-11-28 08:00:00,680,45
2023-11-28 09:00:00,553,26
2023-11-28 10:00:00,957,53
2023-11-28 11:00:00,661,29
2023-11-28 12:00:00,839,46
2023-11-28 13:00:00,1170,34
2023-11-28 14:00:00,795,49
2023-11-28 15:00:00,1070,35
2023-11-28 16:00:00,1016,40
2023-11-28 17:00:00,768,29
2023-11-28 18:00:00,879,36
2023-11-28 19:00:00,1233,59
2023-11-28 20:00:00,1127,50
2023-11-28 21:00:00,698,35
2023-11-28 22:00:00,641,36
2023-11-28 23:00:00,391,26
2023-11-29 00:00:00,366,43
2023-11-29 01:00:00,518,43
2023-11-29 02:00:00,1047,54
2023-11-29 03:00:00,709,33
2023-11-29 04:00:00,912,48
2023-11-29 05:00:00,794,26
2023-11-29 06:00:00,482,50
2023-11-29 07:00:00,956,43
2023-11-29 08:00:00,796,107
2023-11-29 09:00:00,941,27
2023-11-29 10:00:00,964,52
2023-11-29 11:00:00,441,19
2023-11-29 12:00:00,908,55
2023-11-29 13:00:00,939,35
2023-11-29 14:00:00,1041,54
2023-11-29 15:00:00,952,34
2023-11-29 16:00:00,284,16
2023-11-29 17:00:00,1288,49
2023-11-29 18:00:00,928,59
2023-11-29 19:00:00,641,40
2023-11-29 20:00:00,818,34
2023-11-29 21:00:00,531,31
2023-11-29 22:00:00,480,36
2023-11-29 23:00:00,1122,38
2023-11-30 00:00:00,174,6
2023-11-30 01:00:00,566,48
2023-11-30 02:00:00,580,46
2023-11-30 03:00:00,321,30
2023-11-30 04:00:00,210,23
2023-11-30 05:00:00,595,45
2023-11-30 06:00:00,552,35
2023-11-30 07:00:00,642,32
2023-11-30 08:00:00,931,55
2023-11-30 09:00:00,929,64
2023-11-30 10:00:00,672,33
2023-11-30 11:00:00,745,40
2023-11-30 12:00:00,890,40
2023-11-30 13:00:00,986,36
2023-11-30 14:00:00,987,42
2023-11-30 15:00:00,566,22
2023-11-30 16:00:00,1266,84
2023-11-30 17:00:00,1053,34
2023-11-30 18:00:00,1081,44
2023-11-30 19:00:00,1029,33
2023-11-30 20:00:00,833,46
2023-11-30 21:00:00,306,10
2023-11-30 22:00:00,1025,59
2023-11-30 23:00:00,642,31
2023-12-01 00:00:00,649,35
2023-12-01 01:00:00,305,28
2023-12-01 02:00:00,407,40
2023-12-01 03:00:00,553,37
2023-12-01 04:00:00,512,55
2023-12-01 05:00:00,471,30
2023-12-01 06:00:00,532,61
2023-12-01 07:00:00,1151,49
2023-12-01 08:00:00,704,50
2023-12-01 09:00:00,1137,37
2023-12-01 10:00:00,923,48
2023-12-01 11:00:00,802,30
2023-12-01 12:00:00,910,52
2023-12-01 13:00:00,1068,41
2023-12-01 14:00:00,837,30
2023-12-01 15:00:00,1502,36
2023-12-01 16:00:00,818,42
2023-12-01 17:00:00,1691,67
2023-12-01 18:00:00,1388,50
2023-12-01 19:00:00,1443,37
2023-12-01 20:00:00,972,49
2023-12-01 21:00:00,796,22
2023-12-01 22:00:00,825,38
2023-12-01 23:00:00,1055,39
2023-12-02 00:00:00,258,27
2023-12-02 01:00:00,783,60
2023-12-02 02:00:00,299,29
2023-12-02 03:00:00,405,38
2023-12-02 04:00:00,571,59
2023-12-02 05:00:00,247,21
2023-12-02 06:00:00,844,59
2023-12-02 07:00:00,859,34
2023-12-02 08:00:00,376,26
2023-12-02 09:00:00,987,44
2023-12-02 10:00:00,902,48
2023-12-02 11:00:00,617,29
2023-12-02 12:00:00,876,38
2023-12-02 13:00:00,150,7
2023-12-02 14:00:00,494,60
2023-12-02 15:00:00,873,47
2023-12-02 16:00:00,1277,44
2023-12-02 17:00:00,811,36
2023-12-02 18:00:00,758,47
2023-12-02 19:00:00,1053,34
2023-12-02 20:00:00,759,33
2023-12-02 21:00:00,684,33
2023-12-02 22:00:00,902,50
2023-12-02 23:00:00,328,33
2023-12-03 00:00:00,234,32
2023-12-03 01:00:00,593,49
2023-12-03 02:00:00,288,52
2023-12-03 03:00:00,168,33
2023-12-03 04:00:00,216,38
2023-12-03 05:00:00,429,43
2023-12-03 06:00:00,295,33
2023-12-03 07:00:00,449,31
2023-12-03 08:00:00,513,34
2023-12-03 09:00:00,453,30
2023-12-03 10:00:00,446,39
2023-12-03 11:00:00,614,30
2023-12-03 12:00:00,390,38
2023-12-03 13:00:00,1285,45
2023-12-03 14:00:00,669,57
2023-12-03 15:00:00,787,37
2023-12-03 16:00:00,695,30
2023-12-03 17:00:00,686,48
2023-12-03 18:00:00,782,37
2023-12-03 19:00:00,692,34
2023-12-03 20:00:00,908,61
2023-12-03 21:00:00,999,36
2023-12-03 22:00:00,794,44
2023-12-03 23:00:00,703,35
2023-12-04 00:00:00,588,66
2023-12-04 01:00:00,510,44
2023-12-04 02:00:00,544,51
2023-12-04 03:00:00,396,34
2023-12-04 04:00:00,320,32
2023-12-04 05:00:00,607,34
2023-12-04 06:00:00,928,50
2023-12-04 07:00:00,717,45
2023-12-04 08:00:00,702,40
2023-12-04 09:00:00,1033,27
2023-12-04 10:00:00,997,58
2023-12-04 11:00:00,1623,75
2023-12-04 12:00:00,1128,63
2023-12-04 13:00:00,1020,30
2023-12-04 14:00:00,332,25
2023-12-04 15:00:00,995,36
2023-12-04 16:00:00,602,23
2023-12-04 17:00:00,973,47
2023-12-04 18:00:00,256,5
2023-12-04 19:00:00,788,62
2023-12-04 20:00:00,726,37
2023-12-04 21:00:00,1733,51
2023-12-04 22:00:00,1052,76
2023-12-04 23:00:00,1169,37
2023-12-05 00:00:00,760,73
2023-12-05 01:00:00,281,31
2023-12-05 02:00:00,172,27
2023-12-05 03:00:00,286,40
2023-12-05 04:00:00,584,47
2023-12-05 05:00:00,145,14
2023-12-05 06:00:00,629,53
2023-12-05 07:00:00,1069,49
2023-12-05 08:00:00,693,46
2023-12-05 09:00:00,736,39
2023-12-05 10:00:00,971,45
2023-12-05 11:00:00,766,32
2023-12-05 12:00:00,721,36
2023-12-05 13:00:00,605,27
2023-12-05 14:00:00,360,37
2023-12-05 15:00:00,1104,33
2023-12-05 16:00:00,667,33
2023-12-05 17:00:00,1696,40
2023-12-05 18:00:00,232,10
2023-12-05 19:00:00,742,45
2023-12-05 20:00:00,660,41
2023-12-05 21:00:00,978,38
2023-12-05 22:00:00,488,32
2023-12-05 23:00:00,348,28
2023-12-06 00:00:00,375,61
2023-12-06 01:00:00,869,28
2023-12-06 02:00:00,405,28
2023-12-06 03:00:00,818,54
2023-12-06 04:00:00,1385,85
2023-12-06 05:00:00,379,33
2023-12-06 06:00:00,626,49
2023-12-06 07:00:00,694,57
2023-12-06 08:00:00,883,39
2023-12-06 09:00:00,602,36
2023-12-06 10:00:00,439,19
2023-12-06 11:00:00,723,39
2023-12-06 12:00:00,668,54
2023-12-06 13:00:00,971,50
2023-12-06 14:00:00,706,34
2023-12-06 15:00:00,1759,86
2023-12-06 16:00:00,843,56
2023-12-06 17:00:00,1225,50
2023-12-06 18:00:00,1231,61
2023-12-06 19:00:00,980,32
2023-12-06 20:00:00,874,43
2023-12-06 21:00:00,778,27
2023-12-06 22:00:00,764,38
2023-12-06 23:00:00,807,171
2023-12-07 00:00:00,365,33
2023-12-07 01:00:00,402,33
2023-12-07 02:00:00,766,120
2023-12-07 03:00:00,479,33
2023-12-07 04:00:00,645,54
2023-12-07 05:00:00,453,36
2023-12-07 06:00:00,226,22
2023-12-07 07:00:00,747,29
2023-12-07 08:00:00,1094,56
2023-12-07 09:00:00,621,43
2023-12-07 10:00:00,160,12
2023-12-07 11:00:00,0,0
2023-12-07 12:00:00,716,82
2023-12-07 13:00:00,1359,38
2023-12-07 14:00:00,1044,49
2023-12-07 15:00:00,1178,32
2023-12-07 16:00:00,689,33
2023-12-07 17:00:00,533,34
2023-12-07 18:00:00,762,16
2023-12-07 19:00:00,1809,50
2023-12-07 20:00:00,834,36
2023-12-07 21:00:00,843,32
2023-12-07 22:00:00,720,32
2023-12-07 23:00:00,408,30
2023-12-08 00:00:00,796,35
2023-12-08 01:00:00,335,26
2023-12-08 02:00:00,330,39
2023-12-08 03:00:00,292,27
2023-12-08 04:00:00,404,31
2023-12-08 05:00:00,562,39
2023-12-08 06:00:00,622,39
2023-12-08 07:00:00,930,31
2023-12-08 08:00:00,760,33
2023-12-08 09:00:00,840,31
2023-12-08 10:00:00,542,39
2023-12-08 11:00:00,878,36
2023-12-08 12:00:00,895,42
2023-12-08 13:00:00,876,29
2023-12-08 14:00:00,564,28
2023-12-08 15:00:00,1082,38
2023-12-08 16:00:00,1161,44
2023-12-08 17:00:00,1323,96
2023-12-08 18:00:00,1042,100
2023-12-08 19:00:00,980,101
2023-12-08 20:00:00,847,62
2023-12-08 21:00:00,1117,32
2023-12-08 22:00:00,661,37
2023-12-08 23:00:00,443,32
2023-12-09 00:00:00,930,62
2023-12-09 01:00:00,654,31
2023-12-09 02:00:00,476,45
2023-12-09 03:00:00,445,31
2023-12-09 04:00:00,381,40
2023-12-09 05:00:00,351,32
2023-12-09 06:00:00,509,45
2023-12-09 07:00:00,831,40
2023-12-09 08:00:00,585,31
2023-12-09 09:00:00,798,41
2023-12-09 10:00:00,635,29
2023-12-09 11:00:00,760,40
2023-12-09 12:00:00,557,32
2023-12-09 13:00:00,979,59
2023-12-09 14:00:00,620,33
2023-12-09 15:00:00,729,28
2023-12-09 16:00:00,703,30
2023-12-09 17:00:00,1082,69
2023-12-09 18:00:00,946,51
2023-12-09 19:00:00,653,31
2023-12-09 20:00:00,448,42
2023-12-09 21:00:00,708,45
2023-12-09 22:00:00,592,37
2023-12-09 23:00:00,244,35
2023-12-10 00:00:00,562,49
2023-12-10 01:00:00,468,31
2023-12-10 02:00:00,273,34
2023-12-10 03:00:00,233,36
2023-12-10 04:00:00,203,37
2023-12-10 05:00:00,373,36
2023-12-10 06:00:00,358,27
2023-12-10 07:00:00,292,33
2023-12-10 08:00:00,467,31
2023-12-10 09:00:00,714,53
2023-12-10 10:00:00,562,46
2023-12-10 11:00:00,247,12
2023-12-10 12:00:00,845,59
2023-12-10 13:00:00,377,30
2023-12-10 14:00:00,366,27
2023-12-10 15:00:00,989,50
2023-12-10 16:00:00,578,31
2023-12-10 17:00:00,691,44
2023-12-10 18:00:00,805,39
2023-12-10 19:00:00,559,35
2023-12-10 20:00:00,684,48
2023-12-10 21:00:00,586,32
2023-12-10 22:00:00,506,45
2023-12-10 23:00:00,515,45
2023-12-11 00:00:00,257,31
2023-12-11 01:00:00,324,43
2023-12-11 02:00:00,392,47
2023-12-11 03:00:00,559,37
2023-12-11 04:00:00,483,51
2023-12-11 05:00:00,447,40
2023-12-11 06:00:00,282,26
2023-12-11 07:00:00,257,31
2023-12-11 08:00:00,716,37
2023-12-11 09:00:00,859,47
2023-12-11 10:00:00,786,45
2023-12-11 11:00:00,515,35
2023-12-11 12:00:00,990,51
2023-12-11 13:00:00,587,24
2023-12-11 14:00:00,733,38
2023-12-11 15:00:00,1031,37
2023-12-11 16:00:00,533,31
2023-12-11 17:00:00,671,25
2023-12-11 18:00:00,990,39
2023-12-11 19:00:00,639,38
2023-12-11 20:00:00,992,43
2023-12-11 21:00:00,819,38
2023-12-11 22:00:00,1307,115
2023-12-11 23:00:00,679,36
2023-12-12 00:00:00,248,25
2023-12-12 01:00:00,600,49
2023-12-12 02:00:00,347,43
2023-12-12 03:00:00,162,24
2023-12-12 04:00:00,491,61
2023-12-12 05:00:00,488,36
2023-12-12 06:00:00,373,27
2023-12-12 07:00:00,770,45
2023-12-12 08:00:00,587,41
2023-12-12 09:00:00,1406,44
2023-12-12 10:00:00,1277,71
2023-12-12 11:00:00,292,14
2023-12-12 12:00:00,1718,58
2023-12-12 13:00:00,1183,33
2023-12-12 14:00:00,1639,44
2023-12-12 15:00:00,459,32
2023-12-12 16:00:00,1319,41
2023-12-12 17:00:00,920,55
2023-12-12 18:00:00,974,34
2023-12-12 19:00:00,1015,80
2023-12-12 20:00:00,504,23
2023-12-12 21:00:00,726,42
2023-12-12 22:00:00,675,41
2023-12-12 23:00:00,431,31
2023-12-13 00:00:00,553,38
2023-12-13 01:00:00,268,30
2023-12-13 02:00:00,388,40
2023-12-13 03:00:00,581,281
2023-12-13 04:00:00,795,394
2023-12-13 05:00:00,324,30
2023-12-13 06:00:00,711,352
2023-12-13 07:00:00,888,52
2023-12-13 08:00:00,774,51
2023-12-13 09:00:00,278,33
2023-12-13 10:00:00,544,45
2023-12-13 11:00:00,669,33
2023-12-13 12:00:00,485,32
2023-12-13 13:00:00,756,36
2023-12-13 14:00:00,827,49
2023-12-13 15:00:00,558,24
2023-12-13 16:00:00,282,23
2023-12-13 17:00:00,913,58
2023-12-13 18:00:00,1329,40
2023-12-13 19:00:00,684,31
2023-12-13 20:00:00,763,59
2023-12-13 21:00:00,572,31
2023-12-13 22:00:00,672,33
2023-12-13 23:00:00,577,39
2023-12-14 00:00:00,422,42
2023-12-14 01:00:00,451,74
2023-12-14 02:00:00,276,34
2023-12-14 03:00:00,197,23
2023-12-14 04:00:00,245,44
2023-12-14 05:00:00,277,31
2023-12-14 06:00:00,395,25
2023-12-14 07:00:00,258,43
2023-12-14 08:00:00,736,37
2023-12-14 09:00:00,780,40
2023-12-14 10:00:00,497,27
2023-12-14 11:00:00,638,39
2023-12-14 12:00:00,1297,83
2023-12-14 13:00:00,1239,35
2023-12-14 14:00:00,772,51
2023-12-14 15:00:00,612,33
2023-12-14 16:00:00,920,59
2023-12-14 17:00:00,170,9
2023-12-14 18:00:00,1034,57
2023-12-14 19:00:00,787,41
2023-12-14 20:00:00,676,30
2023-12-14 21:00:00,1006,50
2023-12-14 22:00:00,456,50
2023-12-14 23:00:00,140,7
2023-12-15 00:00:00,577,61
2023-12-15 01:00:00,178,26
2023-12-15 02:00:00,123,30
2023-12-15 03:00:00,236,34
2023-12-15 04:00:00,404,32
2023-12-15 05:00:00,330,39
2023-12-15 06:00:00,696,51
2023-12-15 07:00:00,841,55
2023-12-15 08:00:00,727,36
2023-12-15 09:00:00,427,27
2023-12-15 10:00:00,810,44
2023-12-15 11:00:00,770,33
2023-12-15 12:00:00,755,41
2023-12-15 13:00:00,635,33
2023-12-15 14:00:00,684,40
2023-12-15 15:00:00,914,31
2023-12-15 16:00:00,1126,57
2023-12-15 17:00:00,1062,35
2023-12-15 18:00:00,1114,62
2023-12-15 19:00:00,883,77
2023-12-15 20:00:00,929,77
2023-12-15 21:00:00,866,29
2023-12-15 22:00:00,609,33
2023-12-15 23:00:00,655,36
2023-12-16 00:00:00,1198,286
2023-12-16 01:00:00,300,28
2023-12-16 02:00:00,306,30
2023-12-16 03:00:00,508,60
2023-12-16 04:00:00,266,27
2023-12-16 05:00:00,386,39
2023-12-16 06:00:00,444,32
2023-12-16 07:00:00,418,31
2023-12-16 08:00:00,498,34
2023-12-16 09:00:00,328,28
2023-12-16 10:00:00,136,28
2023-12-16 11:00:00,365,48
2023-12-16 12:00:00,881,40
2023-12-16 13:00:00,511,28
2023-12-16 14:00:00,519,37
2023-12-16 15:00:00,363,33
2023-12-16 16:00:00,107,10
2023-12-16 17:00:00,521,51
2023-12-16 18:00:00,122,11
2023-12-16 19:00:00,671,55
2023-12-16 20:00:00,536,28
2023-12-16 21:00:00,365,29
2023-12-16 22:00:00,398,41
2023-12-16 23:00:00,965,32
2023-12-17 00:00:00,300,41
2023-12-17 01:00:00,254,29
2023-12-17 02:00:00,515,49
2023-12-17 03:00:00,309,36
2023-12-17 04:00:00,271,44
2023-12-17 05:00:00,316,29
2023-12-17 06:00:00,413,41
2023-12-17 07:00:00,480,57
2023-12-17 08:00:00,284,31
2023-12-17 09:00:00,99,13
2023-12-17 10:00:00,315,47
2023-12-17 11:00:00,595,34
2023-12-17 12:00:00,707,37
2023-12-17 13:00:00,855,54
2023-12-17 14:00:00,502,51
2023-12-17 15:00:00,461,32
2023-12-17 16:00:00,650,50
2023-12-17 17:00:00,473,30
2023-12-17 18:00:00,551,44
2023-12-17 19:00:00,259,25
2023-12-17 20:00:00,722,60
2023-12-17 21:00:00,514,37
2023-12-17 22:00:00,403,48
2023-12-17 23:00:00,889,121
2023-12-18 00:00:00,573,40
2023-12-18 01:00:00,291,26
2023-12-18 02:00:00,409,44
2023-12-18 03:00:00,213,32
2023-12-18 04:00:00,261,27
2023-12-18 05:00:00,503,76
2023-12-18 06:00:00,655,55
2023-12-18 07:00:00,451,31
2023-12-18 08:00:00,454,30
2023-12-18 09:00:00,596,29
2023-12-18 10:00:00,741,54
2023-12-18 11:00:00,777,44
2023-12-18 12:00:00,610,48
2023-12-18 13:00:00,481,35
2023-12-18 14:00:00,501,41
2023-12-18 15:00:00,1025,48
2023-12-18 16:00:00,709,33
2023-12-18 17:00:00,751,37
2023-12-18 18:00:00,738,36
2023-12-18 19:00:00,754,35
2023-12-18 20:00:00,311,25
2023-12-18 21:00:00,1156,61
2023-12-18 22:00:00,965,41
2023-12-18 23:00:00,683,302
2023-12-19 00:00:00,250,31
2023-12-19 01:00:00,494,34
2023-12-19 02:00:00,271,34
2023-12-19 03:00:00,163,15
2023-12-19 04:00:00,252,25
2023-12-19 05:00:00,812,74
2023-12-19 06:00:00,423,33
2023-12-19 07:00:00,376,53
2023-12-19 08:00:00,288,35
2023-12-19 09:00:00,548,20
2023-12-19 10:00:00,667,49
2023-12-19 11:00:00,775,30
2023-12-19 12:00:00,585,32
2023-12-19 13:00:00,679,39
2023-12-19 14:00:00,722,22
2023-12-19 15:00:00,634,34
2023-12-19 16:00:00,1139,51
2023-12-19 17:00:00,885,40
2023-12-19 18:00:00,1019,94
2023-12-19 19:00:00,922,63
2023-12-19 20:00:00,541,26
2023-12-19 21:00:00,489,38
2023-12-19 22:00:00,486,31
2023-12-19 23:00:00,388,27
2023-12-20 00:00:00,482,33
2023-12-20 01:00:00,514,37
2023-12-20 02:00:00,233,32
2023-12-20 03:00:00,177,23
2023-12-20 04:00:00,338,41
2023-12-20 05:00:00,245,24
2023-12-20 06:00:00,598,48
2023-12-20 07:00:00,332,74
2023-12-20 08:00:00,145,24
2023-12-20 09:00:00,326,55
2023-12-20 10:00:00,462,30
2023-12-20 11:00:00,604,36
2023-12-20 12:00:00,677,27
2023-12-20 13:00:00,1149,33
2023-12-20 14:00:00,1026,37
2023-12-20 15:00:00,1148,40
2023-12-20 16:00:00,775,37
2023-12-20 17:00:00,574,31
2023-12-20 18:00:00,565,25
2023-12-20 19:00:00,963,51
2023-12-20 20:00:00,823,50
2023-12-20 21:00:00,835,41
2023-12-20 22:00:00,511,28
2023-12-20 23:00:00,769,80
2023-12-21 00:00:00,378,37
2023-12-21 01:00:00,342,25
2023-12-21 02:00:00,377,43
2023-12-21 03:00:00,321,22
2023-12-21 04:00:00,407,48
2023-12-21 05:00:00,375,36
2023-12-21 06:00:00,459,41
2023-12-21 07:00:00,674,39
2023-12-21 08:00:00,460,28
2023-12-21 09:00:00,654,38
2023-12-21 10:00:00,668,47
2023-12-21 11:00:00,701,42
2023-12-21 12:00:00,444,30
2023-12-21 13:00:00,537,44
2023-12-21 14:00:00,417,26
2023-12-21 15:00:00,1045,34
2023-12-21 16:00:00,707,41
2023-12-21 17:00:00,665,26
2023-12-21 18:00:00,1343,65
2023-12-21 19:00:00,750,38
2023-12-21 20:00:00,648,40
2023-12-21 21:00:00,625,36
2023-12-21 22:00:00,441,27
2023-12-21 23:00:00,616,39
2023-12-22 00:00:00,519,42
2023-12-22 01:00:00,441,30
2023-12-22 02:00:00,421,30
2023-12-22 03:00:00,572,62
2023-12-22 04:00:00,423,63
2023-12-22 05:00:00,229,23
2023-12-22 06:00:00,650,45
2023-12-22 07:00:00,533,26
2023-12-22 08:00:00,792,197
2023-12-22 09:00:00,678,80
2023-12-22 10:00:00,858,57
2023-12-22 11:00:00,728,41
2023-12-22 12:00:00,1052,60
2023-12-22 13:00:00,739,27
2023-12-22 14:00:00,965,52
2023-12-22 15:00:00,649,35
2023-12-22 16:00:00,917,43
2023-12-22 17:00:00,667,28
2023-12-22 18:00:00,1416,74
2023-12-22 19:00:00,991,36
2023-12-22 20:00:00,655,30
2023-12-22 21:00:00,939,43
2023-12-22 22:00:00,806,50
2023-12-22 23:00:00,778,33
2023-12-23 00:00:00,647,43
2023-12-23 01:00:00,382,30
2023-12-23 02:00:00,351,32
2023-12-23 03:00:00,475,43
2023-12-23 04:00:00,456,54
2023-12-23 05:00:00,451,26
2023-12-23 06:00:00,626,42
2023-12-23 07:00:00,544,36
2023-12-23 08:00:00,538,39
2023-12-23 09:00:00,282,12
2023-12-23 10:00:00,819,55
2023-12-23 11:00:00,693,32
2023-12-23 12:00:00,797,40
2023-12-23 13:00:00,468,34
2023-12-23 14:00:00,600,30
2023-12-23 15:00:00,707,37
2023-12-23 16:00:00,502,38
2023-12-23 17:00:00,913,38
2023-12-23 18:00:00,594,50
2023-12-23 19:00:00,629,23
2023-12-23 20:00:00,925,65
2023-12-23 21:00:00,293,18
2023-12-23 22:00:00,533,42
2023-12-23 23:00:00,643,33
2023-12-24 00:00:00,389,40
2023-12-24 01:00:00,329,47
2023-12-24 02:00:00,295,35
2023-12-24 03:00:00,311,43
2023-12-24 04:00:00,363,46
2023-12-24 05:00:00,251,29
2023-12-24 06:00:00,560,47
2023-12-24 07:00:00,416,30
2023-12-24 08:00:00,530,38
2023-12-24 09:00:00,595,34
2023-12-24 10:00:00,346,30
2023-12-24 11:00:00,562,42
2023-12-24 12:00:00,194,9
2023-12-24 13:00:00,1005,75
2023-12-24 14:00:00,607,46
2023-12-24 15:00:00,645,37
2023-12-24 16:00:00,572,47
2023-12-24 17:00:00,622,33
2023-12-24 18:00:00,621,35
2023-12-24 19:00:00,414,30
2023-12-24 20:00:00,633,42
2023-12-24 21:00:00,510,31
2023-12-24 22:00:00,463,37
2023-12-24 23:00:00,315,31
2023-12-25 00:00:00,306,34
2023-12-25 01:00:00,359,51
2023-12-25 02:00:00,238,38
2023-12-25 03:00:00,191,28
2023-12-25 04:00:00,224,34
2023-12-25 05:00:00,212,33
2023-12-25 06:00:00,370,31
2023-12-25 07:00:00,350,41
2023-12-25 08:00:00,441,35
2023-12-25 09:00:00,691,34
2023-12-25 10:00:00,437,35
2023-12-25 11:00:00,898,54
2023-12-25 12:00:00,416,31
2023-12-25 13:00:00,471,34
2023-12-25 14:00:00,390,31
2023-12-25 15:00:00,349,28
2023-12-25 16:00:00,413,39
2023-12-25 17:00:00,397,38
2023-12-25 18:00:00,669,40
2023-12-25 19:00:00,662,48
2023-12-25 20:00:00,468,51
2023-12-25 21:00:00,353,32
2023-12-25 22:00:00,311,39
2023-12-25 23:00:00,314,19
2023-12-26 00:00:00,464,47
2023-12-26 01:00:00,288,32
2023-12-26 02:00:00,320,74
2023-12-26 03:00:00,209,26
2023-12-26 04:00:00,245,39
2023-12-26 05:00:00,271,38
2023-12-26 06:00:00,299,41
2023-12-26 07:00:00,368,31
2023-12-26 08:00:00,176,27
2023-12-26 09:00:00,310,31
2023-12-26 10:00:00,683,40
2023-12-26 11:00:00,472,36
2023-12-26 12:00:00,400,31
2023-12-26 13:00:00,705,41
2023-12-26 14:00:00,835,48
2023-12-26 15:00:00,463,32
2023-12-26 16:00:00,483,29
2023-12-26 17:00:00,532,38
2023-12-26 18:00:00,538,27
2023-12-26 19:00:00,109,29
2023-12-26 20:00:00,836,51
2023-12-26 21:00:00,731,34
2023-12-26 22:00:00,565,45
2023-12-26 23:00:00,681,61
2023-12-27 00:00:00,425,48
2023-12-27 01:00:00,242,23
2023-12-27 02:00:00,152,50
2023-12-27 03:00:00,389,56
2023-12-27 04:00:00,267,31
2023-12-27 05:00:00,436,47
2023-12-27 06:00:00,269,29
2023-12-27 07:00:00,507,35
2023-12-27 08:00:00,337,26
2023-12-27 09:00:00,353,30
2023-12-27 10:00:00,564,45
2023-12-27 11:00:00,490,40
2023-12-27 12:00:00,441,45
2023-12-27 13:00:00,60,15
2023-12-27 14:00:00,903,49
2023-12-27 15:00:00,1064,46
2023-12-27 16:00:00,193,22
2023-12-27 17:00:00,513,44
2023-12-27 18:00:00,854,36
2023-12-27 19:00:00,441,24
2023-12-27 20:00:00,372,38
2023-12-27 21:00:00,620,25
2023-12-27 22:00:00,941,54
2023-12-27 23:00:00,428,50
2023-12-28 00:00:00,348,37
2023-12-28 01:00:00,290,36
2023-12-28 02:00:00,281,40
2023-12-28 03:00:00,293,35
2023-12-28 04:00:00,353,43
2023-12-28 05:00:00,352,42
2023-12-28 06:00:00,259,33
2023-12-28 07:00:00,522,44
2023-12-28 08:00:00,740,46
2023-12-28 09:00:00,572,35
2023-12-28 10:00:00,921,56
2023-12-28 11:00:00,505,30
2023-12-28 12:00:00,580,32
2023-12-28 13:00:00,758,46
2023-12-28 14:00:00,673,52
2023-12-28 15:00:00,517,28
2023-12-28 16:00:00,669,38
2023-12-28 17:00:00,744,33
2023-12-28 18:00:00,825,61
2023-12-28 19:00:00,743,39
2023-12-28 20:00:00,370,22
2023-12-28 21:00:00,820,55
2023-12-28 22:00:00,734,50
2023-12-28 23:00:00,442,31
2023-12-29 00:00:00,258,24
2023-12-29 01:00:00,551,48
2023-12-29 02:00:00,260,44
2023-12-29 03:00:00,362,39
2023-12-29 04:00:00,486,51
2023-12-29 05:00:00,284,30
2023-12-29 06:00:00,405,36
2023-12-29 07:00:00,467,26
2023-12-29 08:00:00,885,57
2023-12-29 09:00:00,727,54
2023-12-29 10:00:00,354,24
2023-12-29 11:00:00,846,52
2023-12-29 12:00:00,399,25
2023-12-29 13:00:00,581,34
2023-12-29 14:00:00,593,32
2023-12-29 15:00:00,1080,38
2023-12-29 16:00:00,977,47
2023-12-29 17:00:00,677,35
2023-12-29 18:00:00,582,37
2023-12-29 19:00:00,875,38
2023-12-29 20:00:00,839,43
2023-12-29 21:00:00,786,34
2023-12-29 22:00:00,632,56
2023-12-29 23:00:00,258,21
2023-12-30 00:00:00,534,52
2023-12-30 01:00:00,413,33
2023-12-30 02:00:00,290,39
2023-12-30 03:00:00,460,44
2023-12-30 04:00:00,213,37
2023-12-30 05:00:00,287,25
2023-12-30 06:00:00,414,39
2023-12-30 07:00:00,382,32
2023-12-30 08:00:00,469,35
2023-12-30 09:00:00,628,38
2023-12-30 10:00:00,632,46
2023-12-30 11:00:00,568,35
2023-12-30 12:00:00,621,64
2023-12-30 13:00:00,604,34
2023-12-30 14:00:00,438,26
2023-12-30 15:00:00,557,50
2023-12-30 16:00:00,379,20
2023-12-30 17:00:00,509,36
2023-12-30 18:00:00,1151,44
2023-12-30 19:00:00,801,36
2023-12-30 20:00:00,551,44
2023-12-30 21:00:00,902,47
2023-12-30 22:00:00,622,40
2023-12-30 23:00:00,438,32
2023-12-31 00:00:00,582,53
2023-12-31 01:00:00,381,33
2023-12-31 02:00:00,325,39
2023-12-31 03:00:00,228,36
2023-12-31 04:00:00,197,30
2023-12-31 05:00:00,266,40
2023-12-31 06:00:00,397,34
2023-12-31 07:00:00,308,25
2023-12-31 08:00:00,198,25
2023-12-31 09:00:00,489,42
2023-12-31 10:00:00,516,38
2023-12-31 11:00:00,585,37
2023-12-31 12:00:00,557,39
2023-12-31 13:00:00,622,31
2023-12-31 14:00:00,671,44
2023-12-31 15:00:00,151,15
2023-12-31 16:00:00,501,41
2023-12-31 17:00:00,642,61
2023-12-31 18:00:00,646,36
2023-12-31 19:00:00,781,38
2023-12-31 20:00:00,351,28
2023-12-31 21:00:00,387,33
2023-12-31 22:00:00,354,38
2023-12-31 23:00:00,277,27
2024-01-01 00:00:00,303,40
2024-01-01 01:00:00,580,79
2024-01-01 02:00:00,298,31
2024-01-01 03:00:00,206,25
2024-01-01 04:00:00,283,52
2024-01-01 05:00:00,121,25
2024-01-01 06:00:00,268,46
2024-01-01 07:00:00,356,34
2024-01-01 08:00:00,488,42
2024-01-01 09:00:00,465,32
2024-01-01 10:00:00,491,41
2024-01-01 11:00:00,516,31
2024-01-01 12:00:00,536,39
2024-01-01 13:00:00,494,35
2024-01-01 14:00:00,606,45
2024-01-01 15:00:00,478,30
2024-01-01 16:00:00,422,34
2024-01-01 17:00:00,514,41
2024-01-01 18:00:00,645,49
2024-01-01 19:00:00,480,35
2024-01-01 20:00:00,575,35
2024-01-01 21:00:00,179,12
2024-01-01 22:00:00,814,68
2024-01-01 23:00:00,342,37
2024-01-02 00:00:00,186,20
2024-01-02 01:00:00,790,65
2024-01-02 02:00:00,317,64
2024-01-02 03:00:00,258,31
2024-01-02 04:00:00,450,38
2024-01-02 05:00:00,523,41
2024-01-02 06:00:00,412,47
2024-01-02 07:00:00,362,37
2024-01-02 08:00:00,580,26
2024-01-02 09:00:00,703,39
2024-01-02 10:00:00,654,33
2024-01-02 11:00:00,809,47
2024-01-02 12:00:00,1049,54
2024-01-02 13:00:00,862,50
2024-01-02 14:00:00,514,27
2024-01-02 15:00:00,574,37
2024-01-02 16:00:00,1149,43
2024-01-02 17:00:00,633,31
2024-01-02 18:00:00,649,46
2024-01-02 19:00:00,682,27
2024-01-02 20:00:00,893,48
2024-01-02 21:00:00,517,32
2024-01-02 22:00:00,516,40
2024-01-02 23:00:00,556,31
2024-01-03 00:00:00,558,50
2024-01-03 01:00:00,230,19
2024-01-03 02:00:00,340,52
2024-01-03 03:00:00,456,58
2024-01-03 04:00:00,291,34
2024-01-03 05:00:00,367,40
2024-01-03 06:00:00,519,44
2024-01-03 07:00:00,422,25
2024-01-03 08:00:00,427,40
2024-01-03 09:00:00,563,30
2024-01-03 10:00:00,795,35
2024-01-03 11:00:00,810,36
2024-01-03 12:00:00,825,42
2024-01-03 13:00:00,646,31
2024-01-03 14:00:00,843,53
2024-01-03 15:00:00,954,32
2024-01-03 16:00:00,816,54
2024-01-03 17:00:00,518,30
2024-01-03 18:00:00,669,33
2024-01-03 19:00:00,672,41
2024-01-03 20:00:00,326,19
2024-01-03 21:00:00,1070,71
2024-01-03 22:00:00,603,48
2024-01-03 23:00:00,637,37
2024-01-04 00:00:00,361,62
2024-01-04 01:00:00,443,37
2024-01-04 02:00:00,619,103
2024-01-04 03:00:00,427,43
2024-01-04 04:00:00,338,42
2024-01-04 05:00:00,314,31
2024-01-04 06:00:00,379,46
2024-01-04 07:00:00,578,38
2024-01-04 08:00:00,587,40
2024-01-04 09:00:00,737,37
2024-01-04 10:00:00,814,44
2024-01-04 11:00:00,723,31
2024-01-04 12:00:00,732,56
2024-01-04 13:00:00,502,29
2024-01-04 14:00:00,1005,46
2024-01-04 15:00:00,820,32
2024-01-04 16:00:00,950,93
2024-01-04 17:00:00,535,25
2024-01-04 18:00:00,906,48
2024-01-04 19:00:00,751,33
2024-01-04 20:00:00,907,39
2024-01-04 21:00:00,473,21
2024-01-04 22:00:00,541,39
2024-01-04 23:00:00,562,40
2024-01-05 00:00:00,275,23
2024-01-05 01:00:00,720,67
2024-01-05 02:00:00,227,28
2024-01-05 03:00:00,372,47
2024-01-05 04:00:00,399,52
2024-01-05 05:00:00,305,27
2024-01-05 06:00:00,427,37
2024-01-05 07:00:00,473,41
2024-01-05 08:00:00,544,48
2024-01-05 09:00:00,428,27
2024-01-05 10:00:00,714,40
2024-01-05 11:00:00,790,37
2024-01-05 12:00:00,706,34
2024-01-05 13:00:00,630,31
2024-01-05 14:00:00,1091,45
2024-01-05 15:00:00,762,27
2024-01-05 16:00:00,974,38
2024-01-05 17:00:00,333,19
2024-01-05 18:00:00,1074,70
2024-01-05 19:00:00,521,26
2024-01-05 20:00:00,669,54
2024-01-05 21:00:00,698,37
2024-01-05 22:00:00,477,40
2024-01-05 23:00:00,645,38
2024-01-06 00:00:00,514,44
2024-01-06 01:00:00,494,40
2024-01-06 02:00:00,412,47
2024-01-06 03:00:00,320,40
2024-01-06 04:00:00,318,45
2024-01-06 05:00:00,531,49
2024-01-06 06:00:00,404,31
2024-01-06 07:00:00,409,39
2024-01-06 08:00:00,719,46
2024-01-06 09:00:00,335,20
2024-01-06 10:00:00,648,50
2024-01-06 11:00:00,524,27
2024-01-06 12:00:00,394,32
2024-01-06 13:00:00,705,42
2024-01-06 14:00:00,580,42
2024-01-06 15:00:00,432,27
2024-01-06 16:00:00,860,47
2024-01-06 17:00:00,714,39
2024-01-06 18:00:00,591,38
2024-01-06 19:00:00,621,27
2024-01-06 20:00:00,464,42
2024-01-06 21:00:00,518,30
2024-01-06 22:00:00,649,53
2024-01-06 23:00:00,296,21
2024-01-07 00:00:00,520,50
2024-01-07 01:00:00,263,31
2024-01-07 02:00:00,203,31
2024-01-07 03:00:00,339,38
2024-01-07 04:00:00,238,32
2024-01-07 05:00:00,337,35
2024-01-07 06:00:00,0,0
2024-01-07 07:00:00,243,64
2024-01-07 08:00:00,745,34
2024-01-07 09:00:00,384,31
2024-01-07 10:00:00,396,42
2024-01-07 11:00:00,389,27
2024-01-07 12:00:00,621,39
2024-01-07 13:00:00,577,41
2024-01-07 14:00:00,255,19
2024-01-07 15:00:00,625,44
2024-01-07 16:00:00,542,30
2024-01-07 17:00:00,562,39
2024-01-07 18:00:00,485,39
2024-01-07 19:00:00,140,10
2024-01-07 20:00:00,655,58
2024-01-07 21:00:00,703,36
2024-01-07 22:00:00,468,55
2024-01-07 23:00:00,333,36
2024-01-08 00:00:00,336,32
2024-01-08 01:00:00,179,40
2024-01-08 02:00:00,254,30
2024-01-08 03:00:00,479,51
2024-01-08 04:00:00,233,33
2024-01-08 05:00:00,137,22
2024-01-08 06:00:00,386,42
2024-01-08 07:00:00,477,35
2024-01-08 08:00:00,412,35
2024-01-08 09:00:00,675,52
2024-01-08 10:00:00,563,44
2024-01-08 11:00:00,457,34
2024-01-08 12:00:00,245,15
2024-01-08 13:00:00,853,54
2024-01-08 14:00:00,732,51
2024-01-08 15:00:00,909,37
2024-01-08 16:00:00,741,60
2024-01-08 17:00:00,734,33
2024-01-08 18:00:00,231,17
2024-01-08 19:00:00,1360,55
2024-01-08 20:00:00,886,55
2024-01-08 21:00:00,657,32
2024-01-08 22:00:00,466,30
2024-01-08 23:00:00,716,50
2024-01-09 00:00:00,544,44
2024-01-09 01:00:00,713,28
2024-01-09 02:00:00,363,52
2024-01-09 03:00:00,567,41
2024-01-09 04:00:00,267,46
2024-01-09 05:00:00,502,33
2024-01-09 06:00:00,660,43
2024-01-09 07:00:00,377,22
2024-01-09 08:00:00,791,42
2024-01-09 09:00:00,559,34
2024-01-09 10:00:00,649,50
2024-01-09 11:00:00,533,33
2024-01-09 12:00:00,484,32
2024-01-09 13:00:00,517,32
2024-01-09 14:00:00,1203,49
2024-01-09 15:00:00,721,26
2024-01-09 16:00:00,785,47
2024-01-09 17:00:00,721,39
2024-01-09 18:00:00,980,50
2024-01-09 19:00:00,783,33
2024-01-09 20:00:00,415,33
2024-01-09 21:00:00,734,35
2024-01-09 22:00:00,714,52
2024-01-09 23:00:00,480,29
2024-01-10 00:00:00,181,30
2024-01-10 01:00:00,565,63
2024-01-10 02:00:00,325,36
2024-01-10 03:00:00,357,53
2024-01-10 04:00:00,253,33
2024-01-10 05:00:00,359,43
2024-01-10 06:00:00,440,39
2024-01-10 07:00:00,544,35
2024-01-10 08:00:00,650,51
2024-01-10 09:00:00,382,30
2024-01-10 10:00:00,671,37
2024-01-10 11:00:00,786,34
2024-01-10 12:00:00,577,34
2024-01-10 13:00:00,635,30
2024-01-10 14:00:00,788,53
2024-01-10 15:00:00,733,39
2024-01-10 16:00:00,756,44
2024-01-10 17:00:00,887,38
2024-01-10 18:00:00,438,32
2024-01-10 19:00:00,955,39
2024-01-10 20:00:00,792,51
2024-01-10 21:00:00,590,26
2024-01-10 22:00:00,766,43
2024-01-10 23:00:00,518,29
2024-01-11 00:00:00,598,56
2024-01-11 01:00:00,448,30
2024-01-11 02:00:00,324,39
2024-01-11 03:00:00,361,33
2024-01-11 04:00:00,334,55
2024-01-11 05:00:00,219,35
2024-01-11 06:00:00,522,50
2024-01-11 07:00:00,668,39
2024-01-11 08:00:00,570,49
2024-01-11 09:00:00,453,23
2024-01-11 10:00:00,867,48
2024-01-11 11:00:00,574,31
2024-01-11 12:00:00,901,48
2024-01-11 13:00:00,578,32
2024-01-11 14:00:00,1102,47
2024-01-11 15:00:00,1079,30
2024-01-11 16:00:00,961,61
2024-01-11 17:00:00,486,20
2024-01-11 18:00:00,752,44
2024-01-11 19:00:00,630,34
2024-01-11 20:00:00,521,40
2024-01-11 21:00:00,841,34
2024-01-11 22:00:00,701,49
2024-01-11 23:00:00,476,28
2024-01-12 00:00:00,513,59
2024-01-12 01:00:00,273,24
2024-01-12 02:00:00,362,39
2024-01-12 03:00:00,284,40
2024-01-12 04:00:00,198,36
2024-01-12 05:00:00,346,34
2024-01-12 06:00:00,492,53
2024-01-12 07:00:00,447,33
2024-01-12 08:00:00,652,36
2024-01-12 09:00:00,683,43
2024-01-12 10:00:00,572,36
2024-01-12 11:00:00,768,41
2024-01-12 12:00:00,589,28
2024-01-12 13:00:00,505,27
2024-01-12 14:00:00,633,40
2024-01-12 15:00:00,601,30
2024-01-12 16:00:00,1416,61
2024-01-12 17:00:00,876,30
2024-01-12 18:00:00,837,59
2024-01-12 19:00:00,918,32
2024-01-12 20:00:00,426,35
2024-01-12 21:00:00,975,39
2024-01-12 22:00:00,759,42
2024-01-12 23:00:00,525,28
2024-01-13 00:00:00,460,48
2024-01-13 01:00:00,440,37
2024-01-13 02:00:00,367,57
2024-01-13 03:00:00,300,32
2024-01-13 04:00:00,301,52
2024-01-13 05:00:00,234,23
2024-01-13 06:00:00,433,41
2024-01-13 07:00:00,303,26
2024-01-13 08:00:00,509,40
2024-01-13 09:00:00,350,28
2024-01-13 10:00:00,184,2
2024-01-13 11:00:00,484,34
2024-01-13 12:00:00,354,36
2024-01-13 13:00:00,312,28
2024-01-13 14:00:00,498,49
2024-01-13 15:00:00,759,39
2024-01-13 16:00:00,560,37
2024-01-13 17:00:00,466,34
2024-01-13 18:00:00,267,25
2024-01-13 19:00:00,457,42
2024-01-13 20:00:00,209,17
2024-01-13 21:00:00,801,54
2024-01-13 22:00:00,407,41
2024-01-13 23:00:00,321,32
2024-01-14 00:00:00,210,33
2024-01-14 01:00:00,83,14
2024-01-14 02:00:00,243,53
2024-01-14 03:00:00,112,30
2024-01-14 04:00:00,166,24
2024-01-14 05:00:00,168,35
2024-01-14 06:00:00,159,41
2024-01-14 07:00:00,257,27
2024-01-14 08:00:00,489,50
2024-01-14 09:00:00,358,33
2024-01-14 10:00:00,364,54
2024-01-14 11:00:00,490,23
2024-01-14 12:00:00,372,37
2024-01-14 13:00:00,442,46
2024-01-14 14:00:00,434,39
2024-01-14 15:00:00,323,27
2024-01-14 16:00:00,381,34
2024-01-14 17:00:00,358,26
2024-01-14 18:00:00,513,41
2024-01-14 19:00:00,552,52
2024-01-14 20:00:00,290,29
2024-01-14 21:00:00,683,42
2024-01-14 22:00:00,265,27
2024-01-14 23:00:00,507,40
2024-01-15 00:00:00,232,37
2024-01-15 01:00:00,232,38
2024-01-15 02:00:00,276,41
2024-01-15 03:00:00,200,36
2024-01-15 04:00:00,364,54
2024-01-15 05:00:00,501,36
2024-01-15 06:00:00,380,42
2024-01-15 07:00:00,515,37
2024-01-15 08:00:00,405,25
2024-01-15 09:00:00,506,36
2024-01-15 10:00:00,463,41
2024-01-15 11:00:00,492,33
2024-01-15 12:00:00,441,33
2024-01-15 13:00:00,573,39
2024-01-15 14:00:00,898,59
2024-01-15 15:00:00,528,31
2024-01-15 16:00:00,427,29
2024-01-15 17:00:00,533,34
2024-01-15 18:00:00,819,30
2024-01-15 19:00:00,751,37
2024-01-15 20:00:00,181,14
2024-01-15 21:00:00,887,56
2024-01-15 22:00:00,444,35
2024-01-15 23:00:00,504,36
2024-01-16 00:00:00,333,31
2024-01-16 01:00:00,176,24
2024-01-16 02:00:00,211,41
2024-01-16 03:00:00,183,29
2024-01-16 04:00:00,229,128
2024-01-16 05:00:00,256,35
2024-01-16 06:00:00,292,43
2024-01-16 07:00:00,166,9
2024-01-16 08:00:00,598,57
2024-01-16 09:00:00,410,30
2024-01-16 10:00:00,550,36
2024-01-16 11:00:00,557,44
2024-01-16 12:00:00,448,27
2024-01-16 13:00:00,523,35
2024-01-16 14:00:00,567,36
2024-01-16 15:00:00,531,40
2024-01-16 16:00:00,453,34
2024-01-16 17:00:00,266,25
2024-01-16 18:00:00,458,41
2024-01-16 19:00:00,211,24
2024-01-16 20:00:00,1296,48
2024-01-16 21:00:00,688,26
2024-01-16 22:00:00,224,16
2024-01-16 23:00:00,436,40
2024-01-17 00:00:00,642,75
2024-01-17 01:00:00,324,30
2024-01-17 02:00:00,279,46
2024-01-17 03:00:00,291,35
2024-01-17 04:00:00,109,10
2024-01-17 05:00:00,384,52
2024-01-17 06:00:00,286,32
2024-01-17 07:00:00,244,23
2024-01-17 08:00:00,832,53
2024-01-17 09:00:00,502,30
2024-01-17 10:00:00,506,48
2024-01-17 11:00:00,582,37
2024-01-17 12:00:00,398,26
2024-01-17 13:00:00,486,30
2024-01-17 14:00:00,605,39
2024-01-17 15:00:00,725,38
2024-01-17 16:00:00,740,42
2024-01-17 17:00:00,576,30
2024-01-17 18:00:00,744,65
2024-01-17 19:00:00,722,38
2024-01-17 20:00:00,132,9
2024-01-17 21:00:00,1002,56
2024-01-17 22:00:00,272,18
2024-01-17 23:00:00,629,44
2024-01-18 00:00:00,229,21
2024-01-18 01:00:00,502,50
2024-01-18 02:00:00,253,30
2024-01-18 03:00:00,288,40
2024-01-18 04:00:00,178,27
2024-01-18 05:00:00,202,30
2024-01-18 06:00:00,336,44
2024-01-18 07:00:00,516,29
2024-01-18 08:00:00,363,31
2024-01-18 09:00:00,552,43
2024-01-18 10:00:00,756,56
2024-01-18 11:00:00,505,31
2024-01-18 12:00:00,710,45
2024-01-18 13:00:00,657,34
2024-01-18 14:00:00,341,22
2024-01-18 15:00:00,529,27
2024-01-18 16:00:00,1153,67
2024-01-18 17:00:00,633,31
2024-01-18 18:00:00,708,38
2024-01-18 19:00:00,744,38
2024-01-18 20:00:00,806,67
2024-01-18 21:00:00,822,45
2024-01-18 22:00:00,473,43
2024-01-18 23:00:00,508,33
2024-01-19 00:00:00,385,39
2024-01-19 01:00:00,300,24
2024-01-19 02:00:00,342,40
2024-01-19 03:00:00,291,27
2024-01-19 04:00:00,455,53
2024-01-19 05:00:00,405,44
2024-01-19 06:00:00,460,38
2024-01-19 07:00:00,558,39
2024-01-19 08:00:00,248,27
2024-01-19 09:00:00,887,50
2024-01-19 10:00:00,482,45
2024-01-19 11:00:00,395,22
2024-01-19 12:00:00,822,66
2024-01-19 13:00:00,538,27
2024-01-19 14:00:00,508,45
2024-01-19 15:00:00,392,29
2024-01-19 16:00:00,966,56
2024-01-19 17:00:00,607,20
2024-01-19 18:00:00,1165,67
2024-01-19 19:00:00,729,29
2024-01-19 20:00:00,575,30
2024-01-19 21:00:00,566,39
2024-01-19 22:00:00,749,46
2024-01-19 23:00:00,226,13
2024-01-20 00:00:00,679,63
2024-01-20 01:00:00,434,39
2024-01-20 02:00:00,360,41
2024-01-20 03:00:00,204,22
2024-01-20 04:00:00,311,51
2024-01-20 05:00:00,341,31
2024-01-20 06:00:00,316,40
2024-01-20 07:00:00,351,27
2024-01-20 08:00:00,704,55
2024-01-20 09:00:00,503,31
2024-01-20 10:00:00,515,36
2024-01-20 11:00:00,523,31
2024-01-20 12:00:00,528,35
2024-01-20 13:00:00,297,19
2024-01-20 14:00:00,595,44
2024-01-20 15:00:00,577,33
2024-01-20 16:00:00,419,25
2024-01-20 17:00:00,519,34
2024-01-20 18:00:00,496,37
2024-01-20 19:00:00,722,31
2024-01-20 20:00:00,534,33
2024-01-20 21:00:00,390,23
2024-01-20 22:00:00,552,43
2024-01-20 23:00:00,395,32
2024-01-21 00:00:00,319,32
2024-01-21 01:00:00,187,26
2024-01-21 02:00:00,332,38
2024-01-21 03:00:00,152,30
2024-01-21 04:00:00,288,31
2024-01-21 05:00:00,245,34
2024-01-21 06:00:00,167,20
2024-01-21 07:00:00,184,29
2024-01-21 08:00:00,579,47
2024-01-21 09:00:00,431,36
2024-01-21 10:00:00,306,26
2024-01-21 11:00:00,655,37
2024-01-21 12:00:00,744,25
2024-01-21 13:00:00,1021,35
2024-01-21 14:00:00,916,73
2024-01-21 15:00:00,417,21
2024-01-21 16:00:00,440,40
2024-01-21 17:00:00,731,34
2024-01-21 18:00:00,706,43
2024-01-21 19:00:00,126,20
2024-01-21 20:00:00,614,53
2024-01-21 21:00:00,294,23
2024-01-21 22:00:00,748,53
2024-01-21 23:00:00,196,72
2024-01-22 00:00:00,434,53
2024-01-22 01:00:00,247,29
2024-01-22 02:00:00,500,42
2024-01-22 03:00:00,273,33
2024-01-22 04:00:00,125,32
2024-01-22 05:00:00,358,51
2024-01-22 06:00:00,264,33
2024-01-22 07:00:00,382,33
2024-01-22 08:00:00,467,35
2024-01-22 09:00:00,559,35
2024-01-22 10:00:00,473,37
2024-01-22 11:00:00,423,32
2024-01-22 12:00:00,431,37
2024-01-22 13:00:00,625,37
2024-01-22 14:00:00,736,38
2024-01-22 15:00:00,421,25
2024-01-22 16:00:00,728,48
2024-01-22 17:00:00,574,38
2024-01-22 18:00:00,797,42
2024-01-22 19:00:00,632,29
2024-01-22 20:00:00,652,48
2024-01-22 21:00:00,614,35
2024-01-22 22:00:00,413,42
2024-01-22 23:00:00,505,35
2024-01-23 00:00:00,360,40
2024-01-23 01:00:00,278,39
2024-01-23 02:00:00,274,39
2024-01-23 03:00:00,263,32
2024-01-23 04:00:00,303,52
2024-01-23 05:00:00,255,29
2024-01-23 06:00:00,448,47
2024-01-23 07:00:00,407,34
2024-01-23 08:00:00,359,21
2024-01-23 09:00:00,995,43
2024-01-23 10:00:00,725,57
2024-01-23 11:00:00,452,23
2024-01-23 12:00:00,120,7
2024-01-23 13:00:00,685,56
2024-01-23 14:00:00,670,50
2024-01-23 15:00:00,624,49
2024-01-23 16:00:00,579,38
2024-01-23 17:00:00,904,60
2024-01-23 18:00:00,788,50
2024-01-23 19:00:00,697,41
2024-01-23 20:00:00,438,32
2024-01-23 21:00:00,241,12
2024-01-23 22:00:00,602,60
2024-01-23 23:00:00,648,41
2024-01-24 00:00:00,394,46
2024-01-24 01:00:00,281,30
2024-01-24 02:00:00,356,50
2024-01-24 03:00:00,203,26
2024-01-24 04:00:00,353,42
2024-01-24 05:00:00,409,32
2024-01-24 06:00:00,309,32
2024-01-24 07:00:00,506,35
2024-01-24 08:00:00,639,41
2024-01-24 09:00:00,488,29
2024-01-24 10:00:00,551,53
2024-01-24 11:00:00,463,30
2024-01-24 12:00:00,693,47
2024-01-24 13:00:00,487,26
2024-01-24 14:00:00,550,36
2024-01-24 15:00:00,792,38
2024-01-24 16:00:00,611,40
2024-01-24 17:00:00,670,29
2024-01-24 18:00:00,557,27
2024-01-24 19:00:00,581,32
2024-01-24 20:00:00,848,50
2024-01-24 21:00:00,543,32
2024-01-24 22:00:00,648,60
2024-01-24 23:00:00,463,160
2024-01-25 00:00:00,454,223
2024-01-25 01:00:00,313,215
2024-01-25 02:00:00,270,200
2024-01-25 03:00:00,319,75
2024-01-25 04:00:00,283,42
2024-01-25 05:00:00,345,33
2024-01-25 06:00:00,228,20
2024-01-25 07:00:00,440,34
2024-01-25 08:00:00,585,45
2024-01-25 09:00:00,469,29
2024-01-25 10:00:00,397,32
2024-01-25 11:00:00,823,84
2024-01-25 12:00:00,457,27
2024-01-25 13:00:00,525,37
2024-01-25 14:00:00,527,34
2024-01-25 15:00:00,765,37
2024-01-25 16:00:00,803,54
2024-01-25 17:00:00,745,32
2024-01-25 18:00:00,799,48
2024-01-25 19:00:00,625,102
2024-01-25 20:00:00,398,186
2024-01-25 21:00:00,846,155
2024-01-25 22:00:00,505,187
2024-01-25 23:00:00,368,175
2024-01-26 00:00:00,432,205
2024-01-26 01:00:00,289,156
2024-01-26 02:00:00,131,78
2024-01-26 03:00:00,394,53
2024-01-26 04:00:00,343,97
2024-01-26 05:00:00,243,27
2024-01-26 06:00:00,460,62
2024-01-26 07:00:00,376,64
2024-01-26 08:00:00,600,104
2024-01-26 09:00:00,608,35
2024-01-26 10:00:00,517,30
2024-01-26 11:00:00,659,79
2024-01-26 12:00:00,580,46
2024-01-26 13:00:00,580,31
2024-01-26 14:00:00,678,47
2024-01-26 15:00:00,551,30
2024-01-26 16:00:00,1044,40
2024-01-26 17:00:00,567,28
2024-01-26 18:00:00,577,49
2024-01-26 19:00:00,1013,28
2024-01-26 20:00:00,406,36
2024-01-26 21:00:00,859,45
2024-01-26 22:00:00,714,47
2024-01-26 23:00:00,570,30
2024-01-27 00:00:00,393,45
2024-01-27 01:00:00,460,47
2024-01-27 02:00:00,288,153
2024-01-27 03:00:00,243,26
2024-01-27 04:00:00,258,36
2024-01-27 05:00:00,201,27
2024-01-27 06:00:00,485,44
2024-01-27 07:00:00,466,98
2024-01-27 08:00:00,560,160
2024-01-27 09:00:00,426,88
2024-01-27 10:00:00,306,33
2024-01-27 11:00:00,246,24
2024-01-27 12:00:00,954,62
2024-01-27 13:00:00,308,29
2024-01-27 14:00:00,391,36
2024-01-27 15:00:00,981,46
2024-01-27 16:00:00,551,39
2024-01-27 17:00:00,755,34
2024-01-27 18:00:00,598,49
2024-01-27 19:00:00,462,28
2024-01-27 20:00:00,527,38
2024-01-27 21:00:00,406,29
2024-01-27 22:00:00,513,43
2024-01-27 23:00:00,305,33
2024-01-28 00:00:00,350,67
2024-01-28 01:00:00,238,60
2024-01-28 02:00:00,274,39
2024-01-28 03:00:00,168,28
2024-01-28 04:00:00,189,35
2024-01-28 05:00:00,58,9
2024-01-28 06:00:00,316,46
2024-01-28 07:00:00,348,39
2024-01-28 08:00:00,438,42
2024-01-28 09:00:00,378,33
2024-01-28 10:00:00,102,21
2024-01-28 11:00:00,785,69
2024-01-28 12:00:00,456,35
2024-01-28 13:00:00,371,27
2024-01-28 14:00:00,431,38
2024-01-28 15:00:00,479,32
2024-01-28 16:00:00,536,47
2024-01-28 17:00:00,405,33
2024-01-28 18:00:00,516,35
2024-01-28 19:00:00,618,33
2024-01-28 20:00:00,404,34
2024-01-28 21:00:00,452,37
2024-01-28 22:00:00,164,17
2024-01-28 23:00:00,363,49
2024-01-29 00:00:00,0,0
2024-01-29 01:00:00,579,74
2024-01-29 02:00:00,146,34
2024-01-29 03:00:00,260,37
2024-01-29 04:00:00,235,51
2024-01-29 05:00:00,212,30
2024-01-29 06:00:00,342,40
2024-01-29 07:00:00,341,36
2024-01-29 08:00:00,536,45
2024-01-29 09:00:00,467,32
2024-01-29 10:00:00,264,23
2024-01-29 11:00:00,332,36
2024-01-29 12:00:00,844,41
2024-01-29 13:00:00,498,31
2024-01-29 14:00:00,654,59
2024-01-29 15:00:00,371,23
2024-01-29 16:00:00,416,34
2024-01-29 17:00:00,762,37
2024-01-29 18:00:00,562,44
2024-01-29 19:00:00,954,41
2024-01-29 20:00:00,729,43
2024-01-29 21:00:00,651,29
2024-01-29 22:00:00,574,50
2024-01-29 23:00:00,268,18
2024-01-30 00:00:00,492,47
2024-01-30 01:00:00,431,32
2024-01-30 02:00:00,336,40
2024-01-30 03:00:00,144,17
2024-01-30 04:00:00,406,48
2024-01-30 05:00:00,335,34
2024-01-30 06:00:00,237,41
2024-01-30 07:00:00,446,38
2024-01-30 08:00:00,591,35
2024-01-30 09:00:00,466,27
2024-01-30 10:00:00,695,48
2024-01-30 11:00:00,573,34
2024-01-30 12:00:00,599,47
2024-01-30 13:00:00,581,34
2024-01-30 14:00:00,516,39
2024-01-30 15:00:00,307,23
2024-01-30 16:00:00,830,50
2024-01-30 17:00:00,665,31
2024-01-30 18:00:00,1146,48
2024-01-30 19:00:00,635,32
2024-01-30 20:00:00,688,53
2024-01-30 21:00:00,319,31
2024-01-30 22:00:00,775,42
2024-01-30 23:00:00,430,33
2024-01-31 00:00:00,381,34
2024-01-31 01:00:00,257,23
2024-01-31 02:00:00,330,51
2024-01-31 03:00:00,337,45
2024-01-31 04:00:00,328,32
2024-01-31 05:00:00,351,36
2024-01-31 06:00:00,489,47
2024-01-31 07:00:00,306,21
2024-01-31 08:00:00,140,43
2024-01-31 09:00:00,537,17
2024-01-31 10:00:00,436,52
2024-01-31 11:00:00,1111,55
2024-01-31 12:00:00,224,23
2024-01-31 13:00:00,928,47
2024-01-31 14:00:00,730,33
2024-01-31 15:00:00,819,46
2024-01-31 16:00:00,958,43
2024-01-31 17:00:00,1066,32
2024-01-31 18:00:00,907,55
2024-01-31 19:00:00,756,68
2024-01-31 20:00:00,587,149
2024-01-31 21:00:00,401,31
2024-01-31 22:00:00,532,40
2024-01-31 23:00:00,462,17
2024-02-01 00:00:00,692,67
2024-02-01 01:00:00,375,34
2024-02-01 02:00:00,125,33
2024-02-01 03:00:00,502,41
2024-02-01 04:00:00,231,72
2024-02-01 05:00:00,528,49
2024-02-01 06:00:00,356,104
2024-02-01 07:00:00,606,72
2024-02-01 08:00:00,521,33
2024-02-01 09:00:00,452,34
2024-02-01 10:00:00,806,122
2024-02-01 11:00:00,497,52
2024-02-01 12:00:00,882,50
2024-02-01 13:00:00,475,44
2024-02-01 14:00:00,430,29
2024-02-01 15:00:00,1087,39
2024-02-01 16:00:00,329,17
2024-02-01 17:00:00,1139,48
2024-02-01 18:00:00,856,50
2024-02-01 19:00:00,1105,43
2024-02-01 20:00:00,696,43
2024-02-01 21:00:00,611,194
2024-02-01 22:00:00,669,312
2024-02-01 23:00:00,421,226
2024-02-02 00:00:00,548,473
2024-02-02 01:00:00,300,34
2024-02-02 02:00:00,392,46
2024-02-02 03:00:00,256,29
2024-02-02 04:00:00,432,197
2024-02-02 05:00:00,308,32
2024-02-02 06:00:00,520,56
2024-02-02 07:00:00,591,32
2024-02-02 08:00:00,632,180
2024-02-02 09:00:00,482,31
2024-02-02 10:00:00,633,99
2024-02-02 11:00:00,723,53
2024-02-02 12:00:00,255,28
2024-02-02 13:00:00,1093,56
2024-02-02 14:00:00,751,131
2024-02-02 15:00:00,882,140
2024-02-02 16:00:00,907,345
2024-02-02 17:00:00,699,416
2024-02-02 18:00:00,932,191
2024-02-02 19:00:00,717,30
2024-02-02 20:00:00,614,199
2024-02-02 21:00:00,862,296
2024-02-02 22:00:00,580,310
2024-02-02 23:00:00,423,115
2024-02-03 00:00:00,493,54
2024-02-03 01:00:00,441,29
2024-02-03 02:00:00,308,43
2024-02-03 03:00:00,462,234
2024-02-03 04:00:00,263,151
2024-02-03 05:00:00,222,63
2024-02-03 06:00:00,303,33
2024-02-03 07:00:00,367,36
2024-02-03 08:00:00,491,47
2024-02-03 09:00:00,484,29
2024-02-03 10:00:00,813,39
2024-02-03 11:00:00,557,34
2024-02-03 12:00:00,490,42
2024-02-03 13:00:00,515,121
2024-02-03 14:00:00,509,176
2024-02-03 15:00:00,42,2
2024-02-03 16:00:00,333,51
2024-02-03 17:00:00,444,55
2024-02-03 18:00:00,469,48
2024-02-03 19:00:00,292,24
2024-02-03 20:00:00,504,49
2024-02-03 21:00:00,880,32
2024-02-03 22:00:00,324,25
2024-02-03 23:00:00,383,42
2024-02-04 00:00:00,547,48
2024-02-04 01:00:00,332,37
2024-02-04 02:00:00,255,385
2024-02-04 03:00:00,172,254
2024-02-04 04:00:00,263,276
2024-02-04 05:00:00,180,160
2024-02-04 06:00:00,300,66
2024-02-04 07:00:00,407,35
2024-02-04 08:00:00,392,336
2024-02-04 09:00:00,370,267
2024-02-04 10:00:00,353,153
2024-02-04 11:00:00,273,178
2024-02-04 12:00:00,434,48
2024-02-04 13:00:00,362,27
2024-02-04 14:00:00,509,46
2024-02-04 15:00:00,489,36
2024-02-04 16:00:00,277,35
2024-02-04 17:00:00,537,41
2024-02-04 18:00:00,657,30
2024-02-04 19:00:00,448,29
2024-02-04 20:00:00,467,36
2024-02-04 21:00:00,457,37
2024-02-04 22:00:00,396,34
2024-02-04 23:00:00,290,25
2024-02-05 00:00:00,363,47
2024-02-05 01:00:00,285,43
2024-02-05 02:00:00,216,32
2024-02-05 03:00:00,286,39
2024-02-05 04:00:00,220,32
2024-02-05 05:00:00,311,46
2024-02-05 06:00:00,292,33
2024-02-05 07:00:00,502,40
2024-02-05 08:00:00,461,46
2024-02-05 09:00:00,550,34
2024-02-05 10:00:00,517,41
2024-02-05 11:00:00,514,27
2024-02-05 12:00:00,579,47
2024-02-05 13:00:00,481,28
2024-02-05 14:00:00,765,54
2024-02-05 15:00:00,763,38
2024-02-05 16:00:00,530,31
2024-02-05 17:00:00,687,28
2024-02-05 18:00:00,744,51
2024-02-05 19:00:00,674,34
2024-02-05 20:00:00,324,35
2024-02-05 21:00:00,660,42
2024-02-05 22:00:00,570,35
2024-02-05 23:00:00,557,36
2024-02-06 00:00:00,417,49
2024-02-06 01:00:00,327,38
2024-02-06 02:00:00,331,37
2024-02-06 03:00:00,305,35
2024-02-06 04:00:00,226,35
2024-02-06 05:00:00,335,37
2024-02-06 06:00:00,432,40
2024-02-06 07:00:00,498,33
2024-02-06 08:00:00,593,45
2024-02-06 09:00:00,605,35
2024-02-06 10:00:00,482,36
2024-02-06 11:00:00,603,34
2024-02-06 12:00:00,704,39
2024-02-06 13:00:00,653,32
2024-02-06 14:00:00,672,47
2024-02-06 15:00:00,500,31
2024-02-06 16:00:00,864,46
2024-02-06 17:00:00,577,28
2024-02-06 18:00:00,774,56
2024-02-06 19:00:00,693,32
2024-02-06 20:00:00,364,26
2024-02-06 21:00:00,352,16
2024-02-06 22:00:00,913,54
2024-02-06 23:00:00,635,31
2024-02-07 00:00:00,408,52
2024-02-07 01:00:00,568,53
2024-02-07 02:00:00,260,454
2024-02-07 03:00:00,257,230
2024-02-07 04:00:00,321,168
2024-02-07 05:00:00,316,74
2024-02-07 06:00:00,365,34
2024-02-07 07:00:00,367,75
2024-02-07 08:00:00,580,183
2024-02-07 09:00:00,540,50
2024-02-07 10:00:00,519,110
2024-02-07 11:00:00,391,348
2024-02-07 12:00:00,572,110
2024-02-07 13:00:00,131,19
2024-02-07 14:00:00,775,67
2024-02-07 15:00:00,505,31
2024-02-07 16:00:00,778,42
2024-02-07 17:00:00,311,25
2024-02-07 18:00:00,1001,51
2024-02-07 19:00:00,622,21
2024-02-07 20:00:00,708,45
2024-02-07 21:00:00,651,31
2024-02-07 22:00:00,754,211
2024-02-07 23:00:00,440,28
2024-02-08 00:00:00,459,51
2024-02-08 01:00:00,297,28
2024-02-08 02:00:00,347,51
2024-02-08 03:00:00,281,40
2024-02-08 04:00:00,358,72
2024-02-08 05:00:00,253,28
2024-02-08 06:00:00,371,55
2024-02-08 07:00:00,609,45
2024-02-08 08:00:00,432,34
2024-02-08 09:00:00,503,23
2024-02-08 10:00:00,636,56
2024-02-08 11:00:00,706,70
2024-02-08 12:00:00,447,31
2024-02-08 13:00:00,401,70
2024-02-08 14:00:00,793,48
2024-02-08 15:00:00,936,39
2024-02-08 16:00:00,853,77
2024-02-08 17:00:00,638,34
2024-02-08 18:00:00,648,32
2024-02-08 19:00:00,805,46
2024-02-08 20:00:00,646,87
2024-02-08 21:00:00,312,15
2024-02-08 22:00:00,804,57
2024-02-08 23:00:00,315,28
2024-02-09 00:00:00,636,58
2024-02-09 01:00:00,378,41
2024-02-09 02:00:00,248,30
2024-02-09 03:00:00,439,54
2024-02-09 04:00:00,269,25
2024-02-09 05:00:00,409,31
2024-02-09 06:00:00,431,71
2024-02-09 07:00:00,559,43
2024-02-09 08:00:00,503,47
2024-02-09 09:00:00,784,39
2024-02-09 10:00:00,531,43
2024-02-09 11:00:00,790,39
2024-02-09 12:00:00,688,39
2024-02-09 13:00:00,868,47
2024-02-09 14:00:00,1004,69
2024-02-09 15:00:00,889,31
2024-02-09 16:00:00,713,33
2024-02-09 17:00:00,892,48
2024-02-09 18:00:00,759,38
2024-02-09 19:00:00,926,36
2024-02-09 20:00:00,772,67
2024-02-09 21:00:00,594,47
2024-02-09 22:00:00,735,50
2024-02-09 23:00:00,579,31
2024-02-10 00:00:00,450,33
2024-02-10 01:00:00,482,42
2024-02-10 02:00:00,400,51
2024-02-10 03:00:00,339,28
2024-02-10 04:00:00,289,39
2024-02-10 05:00:00,369,53
2024-02-10 06:00:00,671,30
2024-02-10 07:00:00,548,188
2024-02-10 08:00:00,324,324
2024-02-10 09:00:00,746,121
2024-02-10 10:00:00,505,60
2024-02-10 11:00:00,606,100
2024-02-10 12:00:00,675,174
2024-02-10 13:00:00,609,60
2024-02-10 14:00:00,539,68
2024-02-10 15:00:00,702,37
2024-02-10 16:00:00,464,34
2024-02-10 17:00:00,235,31
2024-02-10 18:00:00,1037,43
2024-02-10 19:00:00,711,38
2024-02-10 20:00:00,493,31
2024-02-10 21:00:00,640,47
2024-02-10 22:00:00,502,75
2024-02-10 23:00:00,406,33
2024-02-11 00:00:00,338,65
2024-02-11 01:00:00,317,41
2024-02-11 02:00:00,199,44
2024-02-11 03:00:00,384,32
2024-02-11 04:00:00,231,38
2024-02-11 05:00:00,305,28
2024-02-11 06:00:00,374,48
2024-02-11 07:00:00,413,36
2024-02-11 08:00:00,539,78
2024-02-11 09:00:00,438,33
2024-02-11 10:00:00,343,62
2024-02-11 11:00:00,606,41
2024-02-11 12:00:00,454,44
2024-02-11 13:00:00,477,31
2024-02-11 14:00:00,405,32
2024-02-11 15:00:00,713,41
2024-02-11 16:00:00,554,44
2024-02-11 17:00:00,555,32
2024-02-11 18:00:00,454,46
2024-02-11 19:00:00,522,37
2024-02-11 20:00:00,622,47
2024-02-11 21:00:00,369,31
2024-02-11 22:00:00,455,32
2024-02-11 23:00:00,238,21
2024-02-12 00:00:00,443,52
2024-02-12 01:00:00,260,54
2024-02-12 02:00:00,233,44
2024-02-12 03:00:00,189,27
2024-02-12 04:00:00,259,45
2024-02-12 05:00:00,309,21
2024-02-12 06:00:00,1122,51
2024-02-12 07:00:00,456,34
2024-02-12 08:00:00,373,75
2024-02-12 09:00:00,627,39
2024-02-12 10:00:00,610,70
2024-02-12 11:00:00,388,22
2024-02-12 12:00:00,897,55
2024-02-12 13:00:00,626,49
2024-02-12 14:00:00,870,60
2024-02-12 15:00:00,277,20
2024-02-12 16:00:00,1023,53
2024-02-12 17:00:00,789,31
2024-02-12 18:00:00,1400,59
2024-02-12 19:00:00,718,33
2024-02-12 20:00:00,626,52
2024-02-12 21:00:00,606,34
2024-02-12 22:00:00,819,95
2024-02-12 23:00:00,605,90
2024-02-13 00:00:00,459,62
2024-02-13 01:00:00,452,32
2024-02-13 02:00:00,383,66
2024-02-13 03:00:00,311,32
2024-02-13 04:00:00,342,45
2024-02-13 05:00:00,33,3
2024-02-13 06:00:00,671,60
2024-02-13 07:00:00,662,41
2024-02-13 08:00:00,385,42
2024-02-13 09:00:00,683,27
2024-02-13 10:00:00,1016,70
2024-02-13 11:00:00,544,31
2024-02-13 12:00:00,724,41
2024-02-13 13:00:00,551,36
2024-02-13 14:00:00,562,37
2024-02-13 15:00:00,738,40
2024-02-13 16:00:00,855,63
2024-02-13 17:00:00,423,48
2024-02-13 18:00:00,838,50
2024-02-13 19:00:00,476,30
2024-02-13 20:00:00,399,36
2024-02-13 21:00:00,800,48
2024-02-13 22:00:00,446,38
2024-02-13 23:00:00,659,37
2024-02-14 00:00:00,290,35
2024-02-14 01:00:00,283,30
2024-02-14 02:00:00,159,26
2024-02-14 03:00:00,222,39
2024-02-14 04:00:00,300,40
2024-02-14 05:00:00,235,31
2024-02-14 06:00:00,564,51
2024-02-14 07:00:00,233,19
2024-02-14 08:00:00,600,49
2024-02-14 09:00:00,417,21
2024-02-14 10:00:00,1260,65
2024-02-14 11:00:00,674,32
2024-02-14 12:00:00,655,51
2024-02-14 13:00:00,739,30
2024-02-14 14:00:00,923,42
2024-02-14 15:00:00,735,33
2024-02-14 16:00:00,163,28
2024-02-14 17:00:00,1494,65
2024-02-14 18:00:00,711,41
2024-02-14 19:00:00,634,40
2024-02-14 20:00:00,950,41
2024-02-14 21:00:00,275,8
2024-02-14 22:00:00,931,59
2024-02-14 23:00:00,513,38
2024-02-15 00:00:00,377,26
2024-02-15 01:00:00,577,45
2024-02-15 02:00:00,411,54
2024-02-15 03:00:00,286,31
2024-02-15 04:00:00,343,44
2024-02-15 05:00:00,226,22
2024-02-15 06:00:00,584,268
2024-02-15 07:00:00,585,36
2024-02-15 08:00:00,539,40
2024-02-15 09:00:00,445,38
2024-02-15 10:00:00,682,59
2024-02-15 11:00:00,592,34
2024-02-15 12:00:00,429,31
2024-02-15 13:00:00,902,58
2024-02-15 14:00:00,682,33
2024-02-15 15:00:00,329,14
2024-02-15 16:00:00,1147,60
2024-02-15 17:00:00,676,34
2024-02-15 18:00:00,906,54
2024-02-15 19:00:00,591,68
2024-02-15 20:00:00,497,38
2024-02-15 21:00:00,751,51
2024-02-15 22:00:00,636,39
2024-02-15 23:00:00,426,39
2024-02-16 00:00:00,406,42
2024-02-16 01:00:00,291,45
2024-02-16 02:00:00,414,62
2024-02-16 03:00:00,303,30
2024-02-16 04:00:00,353,59
2024-02-16 05:00:00,294,34
2024-02-16 06:00:00,311,26
2024-02-16 07:00:00,366,32
2024-02-16 08:00:00,800,52
2024-02-16 09:00:00,358,18
2024-02-16 10:00:00,487,37
2024-02-16 11:00:00,835,48
2024-02-16 12:00:00,607,42
2024-02-16 13:00:00,727,33
2024-02-16 14:00:00,712,36
2024-02-16 15:00:00,773,36
2024-02-16 16:00:00,670,37
2024-02-16 17:00:00,734,35
2024-02-16 18:00:00,527,35
2024-02-16 19:00:00,463,26
2024-02-16 20:00:00,674,42
2024-02-16 21:00:00,975,45
2024-02-16 22:00:00,411,29
2024-02-16 23:00:00,780,120
2024-02-17 00:00:00,408,72
2024-02-17 01:00:00,356,34
2024-02-17 02:00:00,199,33
2024-02-17 03:00:00,417,46
2024-02-17 04:00:00,300,47
2024-02-17 05:00:00,262,30
2024-02-17 06:00:00,258,44
2024-02-17 07:00:00,438,34
2024-02-17 08:00:00,405,34
2024-02-17 09:00:00,425,30
2024-02-17 10:00:00,722,68
2024-02-17 11:00:00,138,10
2024-02-17 12:00:00,829,76
2024-02-17 13:00:00,464,28
2024-02-17 14:00:00,757,65
2024-02-17 15:00:00,508,31
2024-02-17 16:00:00,534,65
2024-02-17 17:00:00,711,37
2024-02-17 18:00:00,541,63
2024-02-17 19:00:00,441,30
2024-02-17 20:00:00,156,17
2024-02-17 21:00:00,643,53
2024-02-17 22:00:00,398,40
2024-02-17 23:00:00,410,56
2024-02-18 00:00:00,352,31
2024-02-18 01:00:00,314,39
2024-02-18 02:00:00,222,36
2024-02-18 03:00:00,168,24
2024-02-18 04:00:00,120,24
2024-02-18 05:00:00,325,54
2024-02-18 06:00:00,340,64
2024-02-18 07:00:00,346,32
2024-02-18 08:00:00,301,36
2024-02-18 09:00:00,438,48
2024-02-18 10:00:00,463,63
2024-02-18 11:00:00,397,26
2024-02-18 12:00:00,443,46
2024-02-18 13:00:00,383,34
2024-02-18 14:00:00,416,43
2024-02-18 15:00:00,433,31
2024-02-18 16:00:00,524,35
2024-02-18 17:00:00,546,34
2024-02-18 18:00:00,247,20
2024-02-18 19:00:00,680,44
2024-02-18 20:00:00,524,84
2024-02-18 21:00:00,221,28
2024-02-18 22:00:00,559,44
2024-02-18 23:00:00,367,37
2024-02-19 00:00:00,299,54
2024-02-19 01:00:00,392,39
2024-02-19 02:00:00,313,34
2024-02-19 03:00:00,179,25
2024-02-19 04:00:00,366,71
2024-02-19 05:00:00,281,31
2024-02-19 06:00:00,320,32
2024-02-19 07:00:00,572,39
2024-02-19 08:00:00,598,51
2024-02-19 09:00:00,508,36
2024-02-19 10:00:00,352,26
2024-02-19 11:00:00,608,47
2024-02-19 12:00:00,758,70
2024-02-19 13:00:00,555,36
2024-02-19 14:00:00,626,38
2024-02-19 15:00:00,410,20
2024-02-19 16:00:00,620,42
2024-02-19 17:00:00,123,28
2024-02-19 18:00:00,831,41
2024-02-19 19:00:00,638,38
2024-02-19 20:00:00,576,26
2024-02-19 21:00:00,623,44
2024-02-19 22:00:00,447,64
2024-02-19 23:00:00,509,41
2024-02-20 00:00:00,250,43
2024-02-20 01:00:00,266,42
2024-02-20 02:00:00,294,40
2024-02-20 03:00:00,355,49
2024-02-20 04:00:00,237,34
2024-02-20 05:00:00,223,34
2024-02-20 06:00:00,472,52
2024-02-20 07:00:00,363,31
2024-02-20 08:00:00,386,39
2024-02-20 09:00:00,343,25
2024-02-20 10:00:00,509,47
2024-02-20 11:00:00,699,42
2024-02-20 12:00:00,350,33
2024-02-20 13:00:00,241,42
2024-02-20 14:00:00,929,32
2024-02-20 15:00:00,456,33
2024-02-20 16:00:00,495,32
2024-02-20 17:00:00,784,41
2024-02-20 18:00:00,650,40
2024-02-20 19:00:00,703,32
2024-02-20 20:00:00,501,44
2024-02-20 21:00:00,497,77
2024-02-20 22:00:00,567,82
2024-02-20 23:00:00,430,32
2024-02-21 00:00:00,299,38
2024-02-21 01:00:00,304,35
2024-02-21 02:00:00,319,55
2024-02-21 03:00:00,267,32
2024-02-21 04:00:00,266,42
2024-02-21 05:00:00,303,33
2024-02-21 06:00:00,0,0
2024-02-21 07:00:00,669,64
2024-02-21 08:00:00,480,51
2024-02-21 09:00:00,593,72
2024-02-21 10:00:00,436,59
2024-02-21 11:00:00,478,39
2024-02-21 12:00:00,346,27
2024-02-21 13:00:00,560,37
2024-02-21 14:00:00,783,52
2024-02-21 15:00:00,645,31
2024-02-21 16:00:00,385,30
2024-02-21 17:00:00,728,43
2024-02-21 18:00:00,669,40
2024-02-21 19:00:00,618,30
2024-02-21 20:00:00,627,43
2024-02-21 21:00:00,511,34
2024-02-21 22:00:00,725,60
2024-02-21 23:00:00,260,19
2024-02-22 00:00:00,535,81
2024-02-22 01:00:00,226,91
2024-02-22 02:00:00,364,61
2024-02-22 03:00:00,269,32
2024-02-22 04:00:00,234,39
2024-02-22 05:00:00,266,30
2024-02-22 06:00:00,375,65
2024-02-22 07:00:00,503,35
2024-02-22 08:00:00,504,38
2024-02-22 09:00:00,452,32
2024-02-22 10:00:00,281,49
2024-02-22 11:00:00,831,53
2024-02-22 12:00:00,258,24
2024-02-22 13:00:00,616,46
2024-02-22 14:00:00,831,37
2024-02-22 15:00:00,582,28
2024-02-22 16:00:00,562,38
2024-02-22 17:00:00,741,39
2024-02-22 18:00:00,566,31
2024-02-22 19:00:00,570,42
2024-02-22 20:00:00,759,37
2024-02-22 21:00:00,549,34
2024-02-22 22:00:00,492,83
2024-02-22 23:00:00,330,47
2024-02-23 00:00:00,583,51
2024-02-23 01:00:00,344,34
2024-02-23 02:00:00,342,44
2024-02-23 03:00:00,265,33
2024-02-23 04:00:00,287,48
2024-02-23 05:00:00,186,17
2024-02-23 06:00:00,515,75
2024-02-23 07:00:00,539,33
2024-02-23 08:00:00,472,40
2024-02-23 09:00:00,358,38
2024-02-23 10:00:00,386,45
2024-02-23 11:00:00,543,41
2024-02-23 12:00:00,385,43
2024-02-23 13:00:00,620,54
2024-02-23 14:00:00,638,49
2024-02-23 15:00:00,301,15
2024-02-23 16:00:00,594,46
2024-02-23 17:00:00,245,41
2024-02-23 18:00:00,715,36
2024-02-23 19:00:00,491,25
2024-02-23 20:00:00,839,45
2024-02-23 21:00:00,489,37
2024-02-23 22:00:00,648,59
2024-02-23 23:00:00,864,36
2024-02-24 00:00:00,472,40
2024-02-24 01:00:00,445,42
2024-02-24 02:00:00,411,37
2024-02-24 03:00:00,84,17
2024-02-24 04:00:00,315,54
2024-02-24 05:00:00,150,20
2024-02-24 06:00:00,342,57
2024-02-24 07:00:00,365,38
2024-02-24 08:00:00,425,41
2024-02-24 09:00:00,250,56
2024-02-24 10:00:00,437,44
2024-02-24 11:00:00,537,40
2024-02-24 12:00:00,487,52
2024-02-24 13:00:00,374,32
2024-02-24 14:00:00,132,25
2024-02-24 15:00:00,318,30
2024-02-24 16:00:00,276,30
2024-02-24 17:00:00,811,57
2024-02-24 18:00:00,684,59
2024-02-24 19:00:00,399,29
2024-02-24 20:00:00,454,37
2024-02-24 21:00:00,939,32
2024-02-24 22:00:00,1018,53
2024-02-24 23:00:00,313,49
2024-02-25 00:00:00,169,19
2024-02-25 01:00:00,293,43
2024-02-25 02:00:00,164,27
2024-02-25 03:00:00,207,37
2024-02-25 04:00:00,162,29
2024-02-25 05:00:00,254,40
2024-02-25 06:00:00,247,18
2024-02-25 07:00:00,292,44
2024-02-25 08:00:00,338,47
2024-02-25 09:00:00,388,33
2024-02-25 10:00:00,298,29
2024-02-25 11:00:00,285,35
2024-02-25 12:00:00,420,34
2024-02-25 13:00:00,372,32
2024-02-25 14:00:00,450,32
2024-02-25 15:00:00,339,33
2024-02-25 16:00:00,402,27
2024-02-25 17:00:00,561,40
2024-02-25 18:00:00,326,26
2024-02-25 19:00:00,260,29
2024-02-25 20:00:00,530,40
2024-02-25 21:00:00,343,49
2024-02-25 22:00:00,343,298
2024-02-25 23:00:00,212,31
2024-02-26 00:00:00,323,48
2024-02-26 01:00:00,170,49
2024-02-26 02:00:00,159,40
2024-02-26 03:00:00,185,24
2024-02-26 04:00:00,170,39
2024-02-26 05:00:00,64,21
2024-02-26 06:00:00,302,40
2024-02-26 07:00:00,340,34
2024-02-26 08:00:00,170,15
2024-02-26 09:00:00,397,49
2024-02-26 10:00:00,397,39
2024-02-26 11:00:00,333,22
2024-02-26 12:00:00,425,68
2024-02-26 13:00:00,507,44
2024-02-26 14:00:00,502,23
2024-02-26 15:00:00,779,222
2024-02-26 16:00:00,326,26
2024-02-26 17:00:00,626,36
2024-02-26 18:00:00,272,31
2024-02-26 19:00:00,562,33
2024-02-26 20:00:00,607,50
2024-02-26 21:00:00,285,30
2024-02-26 22:00:00,611,26
2024-02-26 23:00:00,869,49
2024-02-27 00:00:00,378,46
2024-02-27 01:00:00,282,24
2024-02-27 02:00:00,549,38
2024-02-27 03:00:00,432,33
2024-02-27 04:00:00,357,45
2024-02-27 05:00:00,407,39
2024-02-27 06:00:00,352,57
2024-02-27 07:00:00,659,37
2024-02-27 08:00:00,369,27
2024-02-27 09:00:00,659,40
2024-02-27 10:00:00,446,44
2024-02-27 11:00:00,389,40
2024-02-27 12:00:00,432,42
2024-02-27 13:00:00,777,31
2024-02-27 14:00:00,863,51
2024-02-27 15:00:00,513,49
2024-02-27 16:00:00,493,37
2024-02-27 17:00:00,324,40
2024-02-27 18:00:00,214,21
2024-02-27 19:00:00,1014,44
2024-02-27 20:00:00,771,37
2024-02-27 21:00:00,745,33
2024-02-27 22:00:00,437,34
2024-02-27 23:00:00,325,21
2024-02-28 00:00:00,424,47
2024-02-28 01:00:00,414,46
2024-02-28 02:00:00,457,48
2024-02-28 03:00:00,427,115
2024-02-28 04:00:00,181,90
2024-02-28 05:00:00,259,40
2024-02-28 06:00:00,342,94
2024-02-28 07:00:00,496,39
2024-02-28 08:00:00,626,39
2024-02-28 09:00:00,908,35
2024-02-28 10:00:00,866,54
2024-02-28 11:00:00,689,31
2024-02-28 12:00:00,416,32
2024-02-28 13:00:00,908,45
2024-02-28 14:00:00,1173,37
2024-02-28 15:00:00,817,28
2024-02-28 16:00:00,141,4
2024-02-28 17:00:00,1567,66
2024-02-28 18:00:00,159,2
2024-02-28 19:00:00,1701,87
2024-02-28 20:00:00,877,44
2024-02-28 21:00:00,877,40
2024-02-28 22:00:00,1015,78
2024-02-28 23:00:00,813,41
2024-02-29 00:00:00,451,34
2024-02-29 01:00:00,330,26
2024-02-29 02:00:00,73,17
2024-02-29 03:00:00,701,100
2024-02-29 04:00:00,434,54
2024-02-29 05:00:00,419,38
2024-02-29 06:00:00,447,37
2024-02-29 07:00:00,443,38
2024-02-29 08:00:00,635,43
2024-02-29 09:00:00,446,38
2024-02-29 10:00:00,786,44
2024-02-29 11:00:00,315,16
2024-02-29 12:00:00,391,33
2024-02-29 13:00:00,640,55
2024-02-29 14:00:00,794,48
2024-02-29 15:00:00,293,22
2024-02-29 16:00:00,311,28
2024-02-29 17:00:00,903,57
2024-02-29 18:00:00,684,39
2024-02-29 19:00:00,370,29
2024-02-29 20:00:00,463,43
2024-02-29 21:00:00,709,39
2024-02-29 22:00:00,531,44
2024-02-29 23:00:00,333,31
2024-03-01 00:00:00,368,38
2024-03-01 01:00:00,422,32
2024-03-01 02:00:00,322,54
2024-03-01 03:00:00,335,34
2024-03-01 04:00:00,284,36
2024-03-01 05:00:00,260,33
2024-03-01 06:00:00,169,22
2024-03-01 07:00:00,473,43
2024-03-01 08:00:00,312,36
2024-03-01 09:00:00,333,24
2024-03-01 10:00:00,514,43
2024-03-01 11:00:00,482,32
2024-03-01 12:00:00,553,59
2024-03-01 13:00:00,165,22
2024-03-01 14:00:00,755,48
2024-03-01 15:00:00,499,34
2024-03-01 16:00:00,675,58
2024-03-01 17:00:00,523,44
2024-03-01 18:00:00,641,48
2024-03-01 19:00:00,245,77
2024-03-01 20:00:00,421,32
2024-03-01 21:00:00,612,50
2024-03-01 22:00:00,252,45
2024-03-01 23:00:00,548,32
2024-03-02 00:00:00,252,32
2024-03-02 01:00:00,264,38
2024-03-02 02:00:00,319,36
2024-03-02 03:00:00,242,28
2024-03-02 04:00:00,204,42
2024-03-02 05:00:00,276,65
2024-03-02 06:00:00,255,39
2024-03-02 07:00:00,326,31
2024-03-02 08:00:00,257,29
2024-03-02 09:00:00,385,37
2024-03-02 10:00:00,384,41
2024-03-02 11:00:00,369,36
2024-03-02 12:00:00,449,44
2024-03-02 13:00:00,369,34
2024-03-02 14:00:00,789,28
2024-03-02 15:00:00,331,36
2024-03-02 16:00:00,291,26
2024-03-02 17:00:00,357,44
2024-03-02 18:00:00,1465,35
2024-03-02 19:00:00,338,27
2024-03-02 20:00:00,473,49
2024-03-02 21:00:00,166,18
2024-03-02 22:00:00,495,52
2024-03-02 23:00:00,160,20
2024-03-03 00:00:00,338,45
2024-03-03 01:00:00,260,40
2024-03-03 02:00:00,164,62
2024-03-03 03:00:00,181,38
2024-03-03 04:00:00,179,39
2024-03-03 05:00:00,123,25
2024-03-03 06:00:00,215,37
2024-03-03 07:00:00,260,41
2024-03-03 08:00:00,290,56
2024-03-03 09:00:00,237,33
2024-03-03 10:00:00,227,30
2024-03-03 11:00:00,286,29
2024-03-03 12:00:00,305,41
2024-03-03 13:00:00,279,35
2024-03-03 14:00:00,452,43
2024-03-03 15:00:00,174,23
2024-03-03 16:00:00,134,26
2024-03-03 17:00:00,345,46
2024-03-03 18:00:00,292,33
2024-03-03 19:00:00,251,28
2024-03-03 20:00:00,830,49
2024-03-03 21:00:00,338,29
2024-03-03 22:00:00,243,38
2024-03-03 23:00:00,219,27
2024-03-04 00:00:00,73,21
2024-03-04 01:00:00,195,36
2024-03-04 02:00:00,224,44
2024-03-04 03:00:00,121,30
2024-03-04 04:00:00,267,33
2024-03-04 05:00:00,148,29
2024-03-04 06:00:00,389,43
2024-03-04 07:00:00,431,49
2024-03-04 08:00:00,359,27
2024-03-04 09:00:00,549,33
2024-03-04 10:00:00,468,35
2024-03-04 11:00:00,257,19
2024-03-04 12:00:00,779,60
2024-03-04 13:00:00,443,30
2024-03-04 14:00:00,779,50
2024-03-04 15:00:00,286,32
2024-03-04 16:00:00,330,36
2024-03-04 17:00:00,192,7
2024-03-04 18:00:00,317,46
2024-03-04 19:00:00,813,70
2024-03-04 20:00:00,690,36
2024-03-04 21:00:00,662,40
2024-03-04 22:00:00,243,19
2024-03-04 23:00:00,867,61
2024-03-05 00:00:00,606,45
2024-03-05 01:00:00,138,10
2024-03-05 02:00:00,648,62
2024-03-05 03:00:00,332,39
2024-03-05 04:00:00,1263,49
2024-03-05 05:00:00,414,30
2024-03-05 06:00:00,468,66
2024-03-05 07:00:00,396,38
2024-03-05 08:00:00,430,34
2024-03-05 09:00:00,478,32
2024-03-05 10:00:00,569,51
2024-03-05 11:00:00,311,33
2024-03-05 12:00:00,638,59
2024-03-05 13:00:00,541,31
2024-03-05 14:00:00,664,27
2024-03-05 15:00:00,708,48
2024-03-05 16:00:00,739,44
2024-03-05 17:00:00,217,17
2024-03-05 18:00:00,712,57
2024-03-05 19:00:00,707,35
2024-03-05 20:00:00,547,45
2024-03-05 21:00:00,581,36
2024-03-05 22:00:00,187,19
2024-03-05 23:00:00,545,52
2024-03-06 00:00:00,291,34
2024-03-06 01:00:00,325,42
2024-03-06 02:00:00,326,38
2024-03-06 03:00:00,236,31
2024-03-06 04:00:00,200,37
2024-03-06 05:00:00,257,56
2024-03-06 06:00:00,265,36
2024-03-06 07:00:00,254,32
2024-03-06 08:00:00,287,26
2024-03-06 09:00:00,398,31
2024-03-06 10:00:00,521,50
2024-03-06 11:00:00,383,27
2024-03-06 12:00:00,123,13
2024-03-06 13:00:00,634,58
2024-03-06 14:00:00,509,33
2024-03-06 15:00:00,376,39
2024-03-06 16:00:00,489,45
2024-03-06 17:00:00,444,41
2024-03-06 18:00:00,412,31
2024-03-06 19:00:00,493,35
2024-03-06 20:00:00,404,32
2024-03-06 21:00:00,443,37
2024-03-06 22:00:00,403,54
2024-03-06 23:00:00,435,39
2024-03-07 00:00:00,243,29
2024-03-07 01:00:00,334,45
2024-03-07 02:00:00,310,42
2024-03-07 03:00:00,235,40
2024-03-07 04:00:00,204,35
2024-03-07 05:00:00,215,85
2024-03-07 06:00:00,155,110
2024-03-07 07:00:00,370,187
2024-03-07 08:00:00,297,101
2024-03-07 09:00:00,313,130
2024-03-07 10:00:00,267,21
2024-03-07 11:00:00,369,39
2024-03-07 12:00:00,458,44
2024-03-07 13:00:00,364,29
2024-03-07 14:00:00,469,89
2024-03-07 15:00:00,488,97
2024-03-07 16:00:00,448,37
2024-03-07 17:00:00,376,35
2024-03-07 18:00:00,328,58
2024-03-07 19:00:00,522,65
2024-03-07 20:00:00,352,33
2024-03-07 21:00:00,372,32
2024-03-07 22:00:00,325,50
2024-03-07 23:00:00,379,38
2024-03-08 00:00:00,175,51
2024-03-08 01:00:00,243,39
2024-03-08 02:00:00,238,41
2024-03-08 03:00:00,81,25
2024-03-08 04:00:00,262,40
2024-03-08 05:00:00,228,56
2024-03-08 06:00:00,191,93
2024-03-08 07:00:00,156,25
2024-03-08 08:00:00,479,357
2024-03-08 09:00:00,279,27
2024-03-08 10:00:00,300,50
2024-03-08 11:00:00,316,36
2024-03-08 12:00:00,404,39
2024-03-08 13:00:00,272,31
2024-03-08 14:00:00,308,35
2024-03-08 15:00:00,391,34
2024-03-08 16:00:00,767,47
2024-03-08 17:00:00,537,37
2024-03-08 18:00:00,384,44
2024-03-08 19:00:00,279,30
2024-03-08 20:00:00,264,31
2024-03-08 21:00:00,494,45
2024-03-08 22:00:00,466,33
2024-03-08 23:00:00,408,40
2024-03-09 00:00:00,221,24
2024-03-09 01:00:00,263,32
2024-03-09 02:00:00,166,33
2024-03-09 03:00:00,236,40
2024-03-09 04:00:00,239,40
2024-03-09 05:00:00,161,81
2024-03-09 06:00:00,246,61
2024-03-09 07:00:00,211,27
2024-03-09 08:00:00,322,51
2024-03-09 09:00:00,277,30
2024-03-09 10:00:00,226,38
2024-03-09 11:00:00,409,40
2024-03-09 12:00:00,347,44
2024-03-09 13:00:00,255,31
2024-03-09 14:00:00,412,37
2024-03-09 15:00:00,377,34
2024-03-09 16:00:00,271,36
2024-03-09 17:00:00,485,38
2024-03-09 18:00:00,297,36
2024-03-09 19:00:00,325,41
2024-03-09 20:00:00,78,16
2024-03-09 21:00:00,434,55
2024-03-09 22:00:00,204,32
2024-03-09 23:00:00,165,27
2024-03-10 00:00:00,148,28
2024-03-10 01:00:00,128,34
2024-03-10 02:00:00,194,44
2024-03-10 03:00:00,109,29
2024-03-10 04:00:00,147,35
2024-03-10 05:00:00,146,44
2024-03-10 06:00:00,224,35
2024-03-10 07:00:00,340,39
2024-03-10 08:00:00,288,37
2024-03-10 09:00:00,239,49
2024-03-10 10:00:00,324,37
2024-03-10 11:00:00,352,37
2024-03-10 12:00:00,416,41
2024-03-10 13:00:00,297,48
2024-03-10 14:00:00,392,41
2024-03-10 15:00:00,286,30
2024-03-10 16:00:00,263,37
2024-03-10 17:00:00,294,38
2024-03-10 18:00:00,393,35
2024-03-10 19:00:00,93,6
2024-03-10 20:00:00,518,57
2024-03-10 21:00:00,366,48
2024-03-10 22:00:00,254,43
2024-03-10 23:00:00,154,31
2024-03-11 00:00:00,290,52
2024-03-11 01:00:00,123,20
2024-03-11 02:00:00,239,65
2024-03-11 03:00:00,147,33
2024-03-11 04:00:00,152,34
2024-03-11 05:00:00,170,36
2024-03-11 06:00:00,203,32
2024-03-11 07:00:00,362,35
2024-03-11 08:00:00,430,57
2024-03-11 09:00:00,340,29
2024-03-11 10:00:00,668,47
2024-03-11 11:00:00,469,32
2024-03-11 12:00:00,535,60
2024-03-11 13:00:00,622,34
2024-03-11 14:00:00,563,63
2024-03-11 15:00:00,397,32
2024-03-11 16:00:00,631,55
2024-03-11 17:00:00,221,29
2024-03-11 18:00:00,358,39
2024-03-11 19:00:00,622,35
2024-03-11 20:00:00,315,30
2024-03-11 21:00:00,564,41
2024-03-11 22:00:00,469,60
2024-03-11 23:00:00,242,21
2024-03-12 00:00:00,249,31
2024-03-12 01:00:00,342,53
2024-03-12 02:00:00,103,19
2024-03-12 03:00:00,315,47
2024-03-12 04:00:00,163,32
2024-03-12 05:00:00,434,38
2024-03-12 06:00:00,102,17
2024-03-12 07:00:00,447,53
2024-03-12 08:00:00,391,33
2024-03-12 09:00:00,402,39
2024-03-12 10:00:00,326,114
2024-03-12 11:00:00,327,41
2024-03-12 12:00:00,519,49
2024-03-12 13:00:00,266,39
2024-03-12 14:00:00,512,49
2024-03-12 15:00:00,449,46
2024-03-12 16:00:00,264,30
2024-03-12 17:00:00,523,38
2024-03-12 18:00:00,361,34
2024-03-12 19:00:00,379,36
2024-03-12 20:00:00,447,46
2024-03-12 21:00:00,367,50
2024-03-12 22:00:00,285,37
2024-03-12 23:00:00,254,38
2024-03-13 00:00:00,320,38
2024-03-13 01:00:00,249,26
2024-03-13 02:00:00,237,41
2024-03-13 03:00:00,201,30
2024-03-13 04:00:00,195,57
2024-03-13 05:00:00,210,30
2024-03-13 06:00:00,311,41
2024-03-13 07:00:00,23,12
2024-03-13 08:00:00,434,44
2024-03-13 09:00:00,555,56
2024-03-13 10:00:00,267,54
2024-03-13 11:00:00,394,37
2024-03-13 12:00:00,390,35
2024-03-13 13:00:00,381,35
2024-03-13 14:00:00,565,42
2024-03-13 15:00:00,166,37
2024-03-13 16:00:00,666,29
2024-03-13 17:00:00,444,33
2024-03-13 18:00:00,470,54
2024-03-13 19:00:00,382,48
2024-03-13 20:00:00,320,34
2024-03-13 21:00:00,470,41
2024-03-13 22:00:00,322,35
2024-03-13 23:00:00,355,41
2024-03-14 00:00:00,260,79
2024-03-14 01:00:00,172,21
2024-03-14 02:00:00,346,48
2024-03-14 03:00:00,187,47
2024-03-14 04:00:00,173,31
2024-03-14 05:00:00,165,30
2024-03-14 06:00:00,378,40
2024-03-14 07:00:00,201,24
2024-03-14 08:00:00,385,62
2024-03-14 09:00:00,245,28
2024-03-14 10:00:00,317,44
2024-03-14 11:00:00,384,30
2024-03-14 12:00:00,282,38
2024-03-14 13:00:00,478,45
2024-03-14 14:00:00,484,46
2024-03-14 15:00:00,246,33
2024-03-14 16:00:00,195,31
2024-03-14 17:00:00,240,22
2024-03-14 18:00:00,378,46
2024-03-14 19:00:00,595,43
2024-03-14 20:00:00,322,29
2024-03-14 21:00:00,452,47
2024-03-14 22:00:00,64,28
2024-03-14 23:00:00,421,42
2024-03-15 00:00:00,258,32
2024-03-15 01:00:00,275,43
2024-03-15 02:00:00,189,49
2024-03-15 03:00:00,296,31
2024-03-15 04:00:00,130,36
2024-03-15 05:00:00,302,52
2024-03-15 06:00:00,370,40
2024-03-15 07:00:00,273,33
2024-03-15 08:00:00,313,81
2024-03-15 09:00:00,386,26
2024-03-15 10:00:00,425,37
2024-03-15 11:00:00,466,46
2024-03-15 12:00:00,294,29
2024-03-15 13:00:00,219,29
2024-03-15 14:00:00,201,45
2024-03-15 15:00:00,648,46
2024-03-15 16:00:00,447,34
2024-03-15 17:00:00,44,3
2024-03-15 18:00:00,306,42
2024-03-15 19:00:00,511,60
2024-03-15 20:00:00,232,32
2024-03-15 21:00:00,432,33
2024-03-15 22:00:00,129,28
2024-03-15 23:00:00,397,43
2024-03-16 00:00:00,184,26
2024-03-16 01:00:00,310,47
2024-03-16 02:00:00,195,79
2024-03-16 03:00:00,186,33
2024-03-16 04:00:00,150,43
2024-03-16 05:00:00,80,8
2024-03-16 06:00:00,72,15
2024-03-16 07:00:00,188,49
2024-03-16 08:00:00,344,58
2024-03-16 09:00:00,307,37
2024-03-16 10:00:00,274,41
2024-03-16 11:00:00,184,26
2024-03-16 12:00:00,216,26
2024-03-16 13:00:00,208,29
2024-03-16 14:00:00,439,47
2024-03-16 15:00:00,392,37
2024-03-16 16:00:00,377,35
2024-03-16 17:00:00,445,45
2024-03-16 18:00:00,286,33
2024-03-16 19:00:00,336,37
2024-03-16 20:00:00,314,37
2024-03-16 21:00:00,211,28
2024-03-16 22:00:00,272,51
2024-03-16 23:00:00,99,29
2024-03-17 00:00:00,361,54
2024-03-17 01:00:00,174,29
2024-03-17 02:00:00,191,49
2024-03-17 03:00:00,123,33
2024-03-17 04:00:00,102,30
2024-03-17 05:00:00,176,48
2024-03-17 06:00:00,237,43
2024-03-17 07:00:00,188,25
2024-03-17 08:00:00,226,42
2024-03-17 09:00:00,190,32
2024-03-17 10:00:00,189,41
2024-03-17 11:00:00,289,39
2024-03-17 12:00:00,191,32
2024-03-17 13:00:00,400,41
2024-03-17 14:00:00,280,46
2024-03-17 15:00:00,199,25
2024-03-17 16:00:00,492,43
2024-03-17 17:00:00,315,35
2024-03-17 18:00:00,87,26
2024-03-17 19:00:00,165,32
2024-03-17 20:00:00,363,46
2024-03-17 21:00:00,287,33
2024-03-17 22:00:00,233,40
2024-03-17 23:00:00,238,38
2024-03-18 00:00:00,216,35
2024-03-18 01:00:00,173,72
2024-03-18 02:00:00,119,52
2024-03-18 03:00:00,81,30
2024-03-18 04:00:00,126,48
2024-03-18 05:00:00,163,38
2024-03-18 06:00:00,102,25
2024-03-18 07:00:00,280,51
2024-03-18 08:00:00,217,47
2024-03-18 09:00:00,252,133
2024-03-18 10:00:00,236,43
2024-03-18 11:00:00,185,35
2024-03-18 12:00:00,211,37
2024-03-18 13:00:00,142,26
2024-03-18 14:00:00,253,42
2024-03-18 15:00:00,161,19
2024-03-18 16:00:00,113,35
2024-03-18 17:00:00,297,39
2024-03-18 18:00:00,473,47
2024-03-18 19:00:00,254,32
2024-03-18 20:00:00,139,13
2024-03-18 21:00:00,274,53
2024-03-18 22:00:00,310,31
2024-03-18 23:00:00,306,31
2024-03-19 00:00:00,299,40
2024-03-19 01:00:00,154,31
2024-03-19 02:00:00,107,27
2024-03-19 03:00:00,170,34
2024-03-19 04:00:00,169,44
2024-03-19 05:00:00,226,43
2024-03-19 06:00:00,156,25
2024-03-19 07:00:00,292,39
2024-03-19 08:00:00,355,39
2024-03-19 09:00:00,103,10
2024-03-19 10:00:00,564,79
2024-03-19 11:00:00,366,33
2024-03-19 12:00:00,352,49
2024-03-19 13:00:00,353,33
2024-03-19 14:00:00,257,39
2024-03-19 15:00:00,252,20
2024-03-19 16:00:00,430,43
2024-03-19 17:00:00,371,38
2024-03-19 18:00:00,352,37
2024-03-19 19:00:00,264,144
2024-03-19 20:00:00,240,38
2024-03-19 21:00:00,149,28
2024-03-19 22:00:00,404,92
2024-03-19 23:00:00,230,27
2024-03-20 00:00:00,266,48
2024-03-20 01:00:00,218,38
2024-03-20 02:00:00,143,29
2024-03-20 03:00:00,171,35
2024-03-20 04:00:00,169,35
2024-03-20 05:00:00,155,30
2024-03-20 06:00:00,255,45
2024-03-20 07:00:00,197,32
2024-03-20 08:00:00,168,35
2024-03-20 09:00:00,272,40
2024-03-20 10:00:00,191,47
2024-03-20 11:00:00,257,27
2024-03-20 12:00:00,284,47
2024-03-20 13:00:00,164,32
2024-03-20 14:00:00,189,25
2024-03-20 15:00:00,177,41
2024-03-20 16:00:00,263,39
2024-03-20 17:00:00,218,13
2024-03-20 18:00:00,156,39
2024-03-20 19:00:00,441,44
2024-03-20 20:00:00,379,34
2024-03-20 21:00:00,293,32
2024-03-20 22:00:00,429,51
2024-03-20 23:00:00,261,54
2024-03-21 00:00:00,191,33
2024-03-21 01:00:00,202,31
2024-03-21 02:00:00,154,30
2024-03-21 03:00:00,189,38
2024-03-21 04:00:00,140,31
2024-03-21 05:00:00,105,27
2024-03-21 06:00:00,72,29
2024-03-21 07:00:00,148,36
2024-03-21 08:00:00,320,52
2024-03-21 09:00:00,177,41
2024-03-21 10:00:00,142,31
2024-03-21 11:00:00,163,28
2024-03-21 12:00:00,214,38
2024-03-21 13:00:00,408,36
2024-03-21 14:00:00,142,18
2024-03-21 15:00:00,342,46
2024-03-21 16:00:00,135,15
2024-03-21 17:00:00,269,49
2024-03-21 18:00:00,402,35
2024-03-21 19:00:00,177,32
2024-03-21 20:00:00,257,39
2024-03-21 21:00:00,198,30
2024-03-21 22:00:00,319,42
2024-03-21 23:00:00,176,30
2024-03-22 00:00:00,161,39
2024-03-22 01:00:00,118,29
2024-03-22 02:00:00,214,40
2024-03-22 03:00:00,110,33
2024-03-22 04:00:00,117,31
2024-03-22 05:00:00,83,32
2024-03-22 06:00:00,88,19
2024-03-22 07:00:00,184,45
2024-03-22 08:00:00,199,28
2024-03-22 09:00:00,276,38
2024-03-22 10:00:00,334,43
2024-03-22 11:00:00,195,35
2024-03-22 12:00:00,229,41
2024-03-22 13:00:00,187,19
2024-03-22 14:00:00,396,98
2024-03-22 15:00:00,234,27
2024-03-22 16:00:00,261,40
2024-03-22 17:00:00,319,47
2024-03-22 18:00:00,276,43
2024-03-22 19:00:00,203,30
2024-03-22 20:00:00,219,36
2024-03-22 21:00:00,262,39
2024-03-22 22:00:00,122,32
2024-03-22 23:00:00,223,33
2024-03-23 00:00:00,64,27
2024-03-23 01:00:00,212,52
2024-03-23 02:00:00,75,33
2024-03-23 03:00:00,152,50
2024-03-23 04:00:00,110,28
2024-03-23 05:00:00,133,37
2024-03-23 06:00:00,136,40
2024-03-23 07:00:00,90,25
2024-03-23 08:00:00,175,38
2024-03-23 09:00:00,159,38
2024-03-23 10:00:00,197,41
2024-03-23 11:00:00,56,9
2024-03-23 12:00:00,179,51
2024-03-23 13:00:00,277,46
2024-03-23 14:00:00,191,34
2024-03-23 15:00:00,185,30
2024-03-23 16:00:00,213,32
2024-03-23 17:00:00,259,41
2024-03-23 18:00:00,223,41
2024-03-23 19:00:00,213,33
2024-03-23 20:00:00,171,31
2024-03-23 21:00:00,157,32
2024-03-23 22:00:00,123,23
2024-03-23 23:00:00,190,45
2024-03-24 00:00:00,132,254
2024-03-24 01:00:00,117,260
2024-03-24 02:00:00,90,127
2024-03-24 03:00:00,94,259
2024-03-24 04:00:00,106,73
2024-03-24 05:00:00,94,33
2024-03-24 06:00:00,123,259
2024-03-24 07:00:00,67,16
2024-03-24 08:00:00,194,52
2024-03-24 09:00:00,117,22
2024-03-24 10:00:00,217,42
2024-03-24 11:00:00,145,40
2024-03-24 12:00:00,130,77
2024-03-24 13:00:00,209,40
2024-03-24 14:00:00,216,36
2024-03-24 15:00:00,229,34
2024-03-24 16:00:00,179,35
2024-03-24 17:00:00,252,32
2024-03-24 18:00:00,173,35
2024-03-24 19:00:00,213,34
2024-03-24 20:00:00,146,58
2024-03-24 21:00:00,204,24
2024-03-24 22:00:00,212,46
2024-03-24 23:00:00,158,33
2024-03-25 00:00:00,178,31
2024-03-25 01:00:00,99,29
2024-03-25 02:00:00,147,40
2024-03-25 03:00:00,124,32
2024-03-25 04:00:00,158,49
2024-03-25 05:00:00,106,33
2024-03-25 06:00:00,107,30
2024-03-25 07:00:00,159,44
2024-03-25 08:00:00,79,14
2024-03-25 09:00:00,285,61
2024-03-25 10:00:00,273,35
2024-03-25 11:00:00,290,37
2024-03-25 12:00:00,202,33
2024-03-25 13:00:00,0,0
2024-03-25 14:00:00,366,60
2024-03-25 15:00:00,303,25
2024-03-25 16:00:00,209,32
2024-03-25 17:00:00,164,34
2024-03-25 18:00:00,373,43
2024-03-25 19:00:00,290,34
2024-03-25 20:00:00,302,29
2024-03-25 21:00:00,352,35
2024-03-25 22:00:00,386,43
2024-03-25 23:00:00,380,39
2024-03-26 00:00:00,250,83
2024-03-26 01:00:00,147,33
2024-03-26 02:00:00,203,43
2024-03-26 03:00:00,114,28
2024-03-26 04:00:00,210,41
2024-03-26 05:00:00,129,32
2024-03-26 06:00:00,170,44
2024-03-26 07:00:00,184,40
2024-03-26 08:00:00,114,18
2024-03-26 09:00:00,233,43
2024-03-26 10:00:00,281,41
2024-03-26 11:00:00,197,33
2024-03-26 12:00:00,294,35
2024-03-26 13:00:00,280,39
2024-03-26 14:00:00,343,35
2024-03-26 15:00:00,252,35
2024-03-26 16:00:00,319,32
2024-03-26 17:00:00,386,36
2024-03-26 18:00:00,197,24
2024-03-26 19:00:00,357,41
2024-03-26 20:00:00,252,58
2024-03-26 21:00:00,176,25
2024-03-26 22:00:00,154,53
2024-03-26 23:00:00,224,29
2024-03-27 00:00:00,113,24
2024-03-27 01:00:00,220,43
2024-03-27 02:00:00,151,96
2024-03-27 03:00:00,147,34
2024-03-27 04:00:00,147,25
2024-03-27 05:00:00,161,40
2024-03-27 06:00:00,135,28
2024-03-27 07:00:00,171,49
2024-03-27 08:00:00,238,34
2024-03-27 09:00:00,188,28
2024-03-27 10:00:00,181,36
2024-03-27 11:00:00,195,38
2024-03-27 12:00:00,200,33
2024-03-27 13:00:00,99,24
2024-03-27 14:00:00,364,39
2024-03-27 15:00:00,101,33
2024-03-27 16:00:00,138,39
2024-03-27 17:00:00,212,20
2024-03-27 18:00:00,338,43
2024-03-27 19:00:00,432,38
2024-03-27 20:00:00,269,41
2024-03-27 21:00:00,191,38
2024-03-27 22:00:00,240,37
2024-03-27 23:00:00,178,32
2024-03-28 00:00:00,173,76
2024-03-28 01:00:00,142,30
2024-03-28 02:00:00,128,32
2024-03-28 03:00:00,128,32
2024-03-28 04:00:00,139,40
2024-03-28 05:00:00,139,41
2024-03-28 06:00:00,167,61
2024-03-28 07:00:00,97,22
2024-03-28 08:00:00,251,44
2024-03-28 09:00:00,239,39
2024-03-28 10:00:00,216,44
2024-03-28 11:00:00,267,33
2024-03-28 12:00:00,222,33
2024-03-28 13:00:00,328,36
2024-03-28 14:00:00,257,40
2024-03-28 15:00:00,342,39
2024-03-28 16:00:00,204,32
2024-03-28 17:00:00,355,38
2024-03-28 18:00:00,271,32
2024-03-28 19:00:00,184,33
2024-03-28 20:00:00,147,35
2024-03-28 21:00:00,74,10
2024-03-28 22:00:00,346,65
2024-03-28 23:00:00,245,27
2024-03-29 00:00:00,208,39
2024-03-29 01:00:00,170,47
2024-03-29 02:00:00,149,40
2024-03-29 03:00:00,102,26
2024-03-29 04:00:00,33,19
2024-03-29 05:00:00,247,51
2024-03-29 06:00:00,173,34
2024-03-29 07:00:00,162,27
2024-03-29 08:00:00,197,40
2024-03-29 09:00:00,187,50
2024-03-29 10:00:00,206,37
2024-03-29 11:00:00,228,37
2024-03-29 12:00:00,219,39
2024-03-29 13:00:00,134,20
2024-03-29 14:00:00,284,46
2024-03-29 15:00:00,294,37
2024-03-29 16:00:00,440,42
2024-03-29 17:00:00,269,33
2024-03-29 18:00:00,108,13
2024-03-29 19:00:00,391,48
2024-03-29 20:00:00,259,72
2024-03-29 21:00:00,227,33
2024-03-29 22:00:00,187,28
2024-03-29 23:00:00,164,37
2024-03-30 00:00:00,145,34
2024-03-30 01:00:00,139,33
2024-03-30 02:00:00,56,29
2024-03-30 03:00:00,62,32
2024-03-30 04:00:00,184,37
2024-03-30 05:00:00,167,35
2024-03-30 06:00:00,154,37
2024-03-30 07:00:00,85,22
2024-03-30 08:00:00,220,52
2024-03-30 09:00:00,171,35
2024-03-30 10:00:00,185,43
2024-03-30 11:00:00,129,22
2024-03-30 12:00:00,191,44
2024-03-30 13:00:00,231,40
2024-03-30 14:00:00,286,44
2024-03-30 15:00:00,230,37
2024-03-30 16:00:00,112,24
2024-03-30 17:00:00,320,50
2024-03-30 18:00:00,234,42
2024-03-30 19:00:00,168,32
2024-03-30 20:00:00,123,26
2024-03-30 21:00:00,213,46
2024-03-30 22:00:00,203,38
2024-03-30 23:00:00,113,28
2024-03-31 00:00:00,156,39
2024-03-31 01:00:00,130,33
2024-03-31 02:00:00,76,33
2024-03-31 03:00:00,103,39
2024-03-31 04:00:00,116,39
2024-03-31 05:00:00,103,33
2024-03-31 06:00:00,139,40
2024-03-31 07:00:00,73,17
2024-03-31 08:00:00,140,50
2024-03-31 09:00:00,103,32
2024-03-31 10:00:00,102,28
2024-03-31 11:00:00,132,36
2024-03-31 12:00:00,151,32
2024-03-31 13:00:00,72,33
2024-03-31 14:00:00,221,33
2024-03-31 15:00:00,282,38
2024-03-31 16:00:00,107,31
2024-03-31 17:00:00,177,32
2024-03-31 18:00:00,101,41
2024-03-31 19:00:00,354,36
2024-03-31 20:00:00,172,33
2024-03-31 21:00:00,193,33
2024-03-31 22:00:00,161,38
2024-03-31 23:00:00,121,28
2024-04-01 00:00:00,161,37
2024-04-01 01:00:00,126,32
2024-04-01 02:00:00,149,51
2024-04-01 03:00:00,111,32
2024-04-01 04:00:00,144,35
2024-04-01 05:00:00,119,32
2024-04-01 06:00:00,151,32
2024-04-01 07:00:00,151,34
2024-04-01 08:00:00,175,36
2024-04-01 09:00:00,313,101
2024-04-01 10:00:00,214,37
2024-04-01 11:00:00,218,35
2024-04-01 12:00:00,152,32
2024-04-01 13:00:00,200,30
2024-04-01 14:00:00,103,46
2024-04-01 15:00:00,427,32
2024-04-01 16:00:00,230,35
2024-04-01 17:00:00,173,34
2024-04-01 18:00:00,147,31
2024-04-01 19:00:00,376,35
2024-04-01 20:00:00,200,38
2024-04-01 21:00:00,190,27
2024-04-01 22:00:00,237,41
2024-04-01 23:00:00,131,28
2024-04-02 00:00:00,125,30
2024-04-02 01:00:00,198,44
2024-04-02 02:00:00,129,25
2024-04-02 03:00:00,188,40
2024-04-02 04:00:00,161,45
2024-04-02 05:00:00,68,20
2024-04-02 06:00:00,126,33
2024-04-02 07:00:00,219,46
2024-04-02 08:00:00,219,44
2024-04-02 09:00:00,151,24
2024-04-02 10:00:00,199,36
2024-04-02 11:00:00,256,38
2024-04-02 12:00:00,172,45
2024-04-02 13:00:00,327,47
2024-04-02 14:00:00,156,28
2024-04-02 15:00:00,161,25
2024-04-02 16:00:00,297,55
2024-04-02 17:00:00,369,35
2024-04-02 18:00:00,340,62
2024-04-02 19:00:00,245,35
2024-04-02 20:00:00,213,41
2024-04-02 21:00:00,160,27
2024-04-02 22:00:00,166,55
2024-04-02 23:00:00,148,34
2024-04-03 00:00:00,143,36
2024-04-03 01:00:00,77,24
2024-04-03 02:00:00,128,42
2024-04-03 03:00:00,157,37
2024-04-03 04:00:00,94,27
2024-04-03 05:00:00,29,31
2024-04-03 06:00:00,157,37
2024-04-03 07:00:00,210,33
2024-04-03 08:00:00,214,35
2024-04-03 09:00:00,135,32
2024-04-03 10:00:00,203,37
2024-04-03 11:00:00,196,36
2024-04-03 12:00:00,188,32
2024-04-03 13:00:00,189,38
2024-04-03 14:00:00,173,37
2024-04-03 15:00:00,274,30
2024-04-03 16:00:00,20,3
2024-04-03 17:00:00,257,61
2024-04-03 18:00:00,238,27
2024-04-03 19:00:00,228,36
2024-04-03 20:00:00,294,30
2024-04-03 21:00:00,162,26
2024-04-03 22:00:00,248,47
2024-04-03 23:00:00,183,42
2024-04-04 00:00:00,106,30
2024-04-04 01:00:00,156,45
2024-04-04 02:00:00,159,41
2024-04-04 03:00:00,158,38
2024-04-04 04:00:00,153,45
2024-04-04 05:00:00,86,30
2024-04-04 06:00:00,152,41
2024-04-04 07:00:00,152,27
2024-04-04 08:00:00,161,46
2024-04-04 09:00:00,227,37
2024-04-04 10:00:00,247,36
2024-04-04 11:00:00,168,30
2024-04-04 12:00:00,160,36
2024-04-04 13:00:00,280,53
2024-04-04 14:00:00,233,31
2024-04-04 15:00:00,113,23
2024-04-04 16:00:00,272,53
2024-04-04 17:00:00,404,44
2024-04-04 18:00:00,245,39
2024-04-04 19:00:00,208,28
2024-04-04 20:00:00,191,39
2024-04-04 21:00:00,253,21
2024-04-04 22:00:00,113,31
2024-04-04 23:00:00,293,44
2024-04-05 00:00:00,40,33
2024-04-05 01:00:00,178,29
2024-04-05 02:00:00,191,53
2024-04-05 03:00:00,179,25
2024-04-05 04:00:00,217,59
2024-04-05 05:00:00,42,12
2024-04-05 06:00:00,167,43
2024-04-05 07:00:00,170,41
2024-04-05 08:00:00,226,41
2024-04-05 09:00:00,164,26
2024-04-05 10:00:00,178,31
2024-04-05 11:00:00,221,38
2024-04-05 12:00:00,219,43
2024-04-05 13:00:00,292,33
2024-04-05 14:00:00,232,39
2024-04-05 15:00:00,251,36
2024-04-05 16:00:00,282,28
2024-04-05 17:00:00,262,37
2024-04-05 18:00:00,133,20
2024-04-05 19:00:00,110,48
2024-04-05 20:00:00,110,29
2024-04-05 21:00:00,297,43
2024-04-05 22:00:00,162,34
2024-04-05 23:00:00,168,34
2024-04-06 00:00:00,285,39
2024-04-06 01:00:00,209,38
2024-04-06 02:00:00,158,37
2024-04-06 03:00:00,109,32
2024-04-06 04:00:00,112,34
2024-04-06 05:00:00,82,27
2024-04-06 06:00:00,130,39
2024-04-06 07:00:00,116,34
2024-04-06 08:00:00,102,104
2024-04-06 09:00:00,145,28
2024-04-06 10:00:00,151,42
2024-04-06 11:00:00,162,101
2024-04-06 12:00:00,249,48
2024-04-06 13:00:00,117,42
2024-04-06 14:00:00,202,33
2024-04-06 15:00:00,84,19
2024-04-06 16:00:00,302,47
2024-04-06 17:00:00,229,36
2024-04-06 18:00:00,176,28
2024-04-06 19:00:00,183,35
2024-04-06 20:00:00,103,35
2024-04-06 21:00:00,193,32
2024-04-06 22:00:00,114,27
2024-04-06 23:00:00,111,35
2024-04-07 00:00:00,115,31
2024-04-07 01:00:00,104,32
2024-04-07 02:00:00,113,40
2024-04-07 03:00:00,49,32
2024-04-07 04:00:00,185,41
2024-04-07 05:00:00,165,28
2024-04-07 06:00:00,153,34
2024-04-07 07:00:00,148,35
2024-04-07 08:00:00,123,41
2024-04-07 09:00:00,164,35
2024-04-07 10:00:00,106,30
2024-04-07 11:00:00,145,37
2024-04-07 12:00:00,161,38
2024-04-07 13:00:00,196,52
2024-04-07 14:00:00,157,41
2024-04-07 15:00:00,113,28
2024-04-07 16:00:00,202,31
2024-04-07 17:00:00,218,37
2024-04-07 18:00:00,229,56
2024-04-07 19:00:00,186,33
2024-04-07 20:00:00,148,41
2024-04-07 21:00:00,130,30
2024-04-07 22:00:00,122,34
2024-04-07 23:00:00,94,29
2024-04-08 00:00:00,118,32
2024-04-08 01:00:00,102,37
2024-04-08 02:00:00,126,36
2024-04-08 03:00:00,38,11
2024-04-08 04:00:00,108,38
2024-04-08 05:00:00,142,43
2024-04-08 06:00:00,140,37
2024-04-08 07:00:00,142,29
2024-04-08 08:00:00,211,36
2024-04-08 09:00:00,178,28
2024-04-08 10:00:00,297,44
2024-04-08 11:00:00,204,29
2024-04-08 12:00:00,280,42
2024-04-08 13:00:00,313,43
2024-04-08 14:00:00,433,47
2024-04-08 15:00:00,125,32
2024-04-08 16:00:00,148,32
2024-04-08 17:00:00,143,35
2024-04-08 18:00:00,175,34
2024-04-08 19:00:00,234,28
2024-04-08 20:00:00,209,35
2024-04-08 21:00:00,145,32
2024-04-08 22:00:00,310,36
2024-04-08 23:00:00,225,35
2024-04-09 00:00:00,117,21
2024-04-09 01:00:00,221,39
2024-04-09 02:00:00,124,42
2024-04-09 03:00:00,108,32
2024-04-09 04:00:00,108,33
2024-04-09 05:00:00,164,36
2024-04-09 06:00:00,153,34
2024-04-09 07:00:00,110,20
2024-04-09 08:00:00,175,38
2024-04-09 09:00:00,143,32
2024-04-09 10:00:00,333,43
2024-04-09 11:00:00,156,31
2024-04-09 12:00:00,178,34
2024-04-09 13:00:00,227,45
2024-04-09 14:00:00,235,39
2024-04-09 15:00:00,184,28
2024-04-09 16:00:00,127,27
2024-04-09 17:00:00,264,37
2024-04-09 18:00:00,160,39
2024-04-09 19:00:00,189,34
2024-04-09 20:00:00,263,37
2024-04-09 21:00:00,143,35
2024-04-09 22:00:00,139,29
2024-04-09 23:00:00,164,42
2024-04-10 00:00:00,152,34
2024-04-10 01:00:00,141,35
2024-04-10 02:00:00,76,29
2024-04-10 03:00:00,85,26
2024-04-10 04:00:00,144,39
2024-04-10 05:00:00,107,36
2024-04-10 06:00:00,136,32
2024-04-10 07:00:00,92,35
2024-04-10 08:00:00,164,31
2024-04-10 09:00:00,90,24
2024-04-10 10:00:00,121,46
2024-04-10 11:00:00,164,25
2024-04-10 12:00:00,238,43
2024-04-10 13:00:00,151,25
2024-04-10 14:00:00,63,38
2024-04-10 15:00:00,218,38
2024-04-10 16:00:00,282,38
2024-04-10 17:00:00,267,34
2024-04-10 18:00:00,118,31
2024-04-10 19:00:00,120,26
2024-04-10 20:00:00,117,33
2024-04-10 21:00:00,214,40
2024-04-10 22:00:00,165,32
2024-04-10 23:00:00,127,36
2024-04-11 00:00:00,127,34
2024-04-11 01:00:00,137,26
2024-04-11 02:00:00,89,41
2024-04-11 03:00:00,107,37
2024-04-11 04:00:00,86,22
2024-04-11 05:00:00,127,45
2024-04-11 06:00:00,160,31
2024-04-11 07:00:00,74,35
2024-04-11 08:00:00,225,36
2024-04-11 09:00:00,177,33
2024-04-11 10:00:00,118,28
2024-04-11 11:00:00,158,26
2024-04-11 12:00:00,202,46
2024-04-11 13:00:00,116,16
2024-04-11 14:00:00,190,40
2024-04-11 15:00:00,110,33
2024-04-11 16:00:00,70,35
2024-04-11 17:00:00,177,47
2024-04-11 18:00:00,152,30
2024-04-11 19:00:00,250,40
2024-04-11 20:00:00,152,36
2024-04-11 21:00:00,203,29
2024-04-11 22:00:00,105,36
2024-04-11 23:00:00,69,28
2024-04-12 00:00:00,84,37
2024-04-12 01:00:00,102,34
2024-04-12 02:00:00,102,25
2024-04-12 03:00:00,87,33
2024-04-12 04:00:00,259,42
2024-04-12 05:00:00,78,30
2024-04-12 06:00:00,104,39
2024-04-12 07:00:00,249,33
2024-04-12 08:00:00,192,34
2024-04-12 09:00:00,158,35
2024-04-12 10:00:00,113,30
2024-04-12 11:00:00,147,33
2024-04-12 12:00:00,78,21
2024-04-12 13:00:00,125,36
2024-04-12 14:00:00,188,38
2024-04-12 15:00:00,170,26
2024-04-12 16:00:00,392,44
2024-04-12 17:00:00,299,41
2024-04-12 18:00:00,255,40
2024-04-12 19:00:00,420,39
2024-04-12 20:00:00,194,34
2024-04-12 21:00:00,159,26
2024-04-12 22:00:00,227,51
2024-04-12 23:00:00,181,31
2024-04-13 00:00:00,187,35
2024-04-13 01:00:00,127,31
2024-04-13 02:00:00,68,24
2024-04-13 03:00:00,138,45
2024-04-13 04:00:00,144,36
2024-04-13 05:00:00,135,31
2024-04-13 06:00:00,63,39
2024-04-13 07:00:00,83,29
2024-04-13 08:00:00,189,34
2024-04-13 09:00:00,131,28
2024-04-13 10:00:00,127,39
2024-04-13 11:00:00,221,35
2024-04-13 12:00:00,176,29
2024-04-13 13:00:00,158,40
2024-04-13 14:00:00,192,29
2024-04-13 15:00:00,149,40
2024-04-13 16:00:00,108,30
2024-04-13 17:00:00,228,34
2024-04-13 18:00:00,227,35
2024-04-13 19:00:00,198,33
2024-04-13 20:00:00,385,34
2024-04-13 21:00:00,424,35
2024-04-13 22:00:00,154,34
2024-04-13 23:00:00,220,37
2024-04-14 00:00:00,80,30
2024-04-14 01:00:00,171,37
2024-04-14 02:00:00,158,58
2024-04-14 03:00:00,98,37
2024-04-14 04:00:00,94,26
2024-04-14 05:00:00,112,41
2024-04-14 06:00:00,207,37
2024-04-14 07:00:00,119,34
2024-04-14 08:00:00,128,30
2024-04-14 09:00:00,126,33
2024-04-14 10:00:00,205,37
2024-04-14 11:00:00,186,29
2024-04-14 12:00:00,200,45
2024-04-14 13:00:00,97,27
2024-04-14 14:00:00,185,30
2024-04-14 15:00:00,136,35
2024-04-14 16:00:00,173,36
2024-04-14 17:00:00,114,28
2024-04-14 18:00:00,226,41
2024-04-14 19:00:00,173,40
2024-04-14 20:00:00,32,10
2024-04-14 21:00:00,154,53
2024-04-14 22:00:00,145,24
2024-04-14 23:00:00,152,36
2024-04-15 00:00:00,114,37
2024-04-15 01:00:00,97,35
2024-04-15 02:00:00,29,25
2024-04-15 03:00:00,63,33
2024-04-15 04:00:00,103,38
2024-04-15 05:00:00,33,33
2024-04-15 06:00:00,67,15
2024-04-15 07:00:00,176,44
2024-04-15 08:00:00,247,47
2024-04-15 09:00:00,141,27
2024-04-15 10:00:00,175,36
2024-04-15 11:00:00,139,33
2024-04-15 12:00:00,53,12
2024-04-15 13:00:00,151,59
2024-04-15 14:00:00,207,37
2024-04-15 15:00:00,151,30
2024-04-15 16:00:00,218,34
2024-04-15 17:00:00,139,24
2024-04-15 18:00:00,224,50
2024-04-15 19:00:00,138,20
2024-04-15 20:00:00,111,48
2024-04-15 21:00:00,287,35
2024-04-15 22:00:00,187,37
2024-04-15 23:00:00,72,28
2024-04-16 00:00:00,114,37
2024-04-16 01:00:00,149,32
2024-04-16 02:00:00,146,36
2024-04-16 03:00:00,137,35
2024-04-16 04:00:00,35,17
2024-04-16 05:00:00,177,49
2024-04-16 06:00:00,148,31
2024-04-16 07:00:00,146,36
2024-04-16 08:00:00,135,32
2024-04-16 09:00:00,161,37
2024-04-16 10:00:00,166,28
2024-04-16 11:00:00,173,32
2024-04-16 12:00:00,190,31
2024-04-16 13:00:00,130,34
2024-04-16 14:00:00,174,37
2024-04-16 15:00:00,264,40
2024-04-16 16:00:00,131,23
2024-04-16 17:00:00,331,45
2024-04-16 18:00:00,260,35
2024-04-16 19:00:00,184,33
2024-04-16 20:00:00,206,45
2024-04-16 21:00:00,157,31
2024-04-16 22:00:00,81,22
2024-04-16 23:00:00,168,44
2024-04-17 00:00:00,54,14
2024-04-17 01:00:00,115,42
2024-04-17 02:00:00,80,34
2024-04-17 03:00:00,69,26
2024-04-17 04:00:00,137,44
2024-04-17 05:00:00,98,30
2024-04-17 06:00:00,70,29
2024-04-17 07:00:00,184,42
2024-04-17 08:00:00,106,21
2024-04-17 09:00:00,114,42
2024-04-17 10:00:00,43,32
2024-04-17 11:00:00,146,27
2024-04-17 12:00:00,71,28
2024-04-17 13:00:00,237,53
2024-04-17 14:00:00,216,31
2024-04-17 15:00:00,189,34
2024-04-17 16:00:00,106,29
2024-04-17 17:00:00,170,30
2024-04-17 18:00:00,182,31
2024-04-17 19:00:00,334,53
2024-04-17 20:00:00,187,35
2024-04-17 21:00:00,222,34
2024-04-17 22:00:00,136,31
2024-04-17 23:00:00,137,23
2024-04-18 00:00:00,110,31
2024-04-18 01:00:00,147,39
2024-04-18 02:00:00,92,35
2024-04-18 03:00:00,166,41
2024-04-18 04:00:00,101,33
2024-04-18 05:00:00,127,36
2024-04-18 06:00:00,105,26
2024-04-18 07:00:00,98,25
2024-04-18 08:00:00,190,47
2024-04-18 09:00:00,156,26
2024-04-18 10:00:00,211,47
2024-04-18 11:00:00,165,32
2024-04-18 12:00:00,187,35
2024-04-18 13:00:00,208,35
2024-04-18 14:00:00,139,32
2024-04-18 15:00:00,141,30
2024-04-18 16:00:00,197,38
2024-04-18 17:00:00,132,33
2024-04-18 18:00:00,100,27
2024-04-18 19:00:00,200,32
2024-04-18 20:00:00,160,43
2024-04-18 21:00:00,80,20
2024-04-18 22:00:00,182,46
2024-04-18 23:00:00,123,24
2024-04-19 00:00:00,189,39
2024-04-19 01:00:00,69,32
2024-04-19 02:00:00,172,41
2024-04-19 03:00:00,110,35
2024-04-19 04:00:00,179,36
2024-04-19 05:00:00,82,34
2024-04-19 06:00:00,89,35
2024-04-19 07:00:00,91,32
2024-04-19 08:00:00,134,34
2024-04-19 09:00:00,113,31
2024-04-19 10:00:00,133,26
2024-04-19 11:00:00,116,23
2024-04-19 12:00:00,191,59
2024-04-19 13:00:00,174,35
2024-04-19 14:00:00,111,23
2024-04-19 15:00:00,223,42
2024-04-19 16:00:00,153,31
2024-04-19 17:00:00,235,32
2024-04-19 18:00:00,136,35
2024-04-19 19:00:00,204,35
2024-04-19 20:00:00,167,36
2024-04-19 21:00:00,176,33
2024-04-19 22:00:00,116,34
2024-04-19 23:00:00,94,34
2024-04-20 00:00:00,28,7
2024-04-20 01:00:00,50,43
2024-04-20 02:00:00,39,39
2024-04-20 03:00:00,43,27
2024-04-20 04:00:00,24,30
2024-04-20 05:00:00,63,42
2024-04-20 06:00:00,37,33
2024-04-20 07:00:00,34,31
2024-04-20 08:00:00,40,34
2024-04-20 09:00:00,42,29
2024-04-20 10:00:00,51,23
2024-04-20 11:00:00,100,49
2024-04-20 12:00:00,65,30
2024-04-20 13:00:00,58,37
2024-04-20 14:00:00,89,34
2024-04-20 15:00:00,54,22
2024-04-20 16:00:00,68,35
2024-04-20 17:00:00,107,41
2024-04-20 18:00:00,125,33
2024-04-20 19:00:00,148,40
2024-04-20 20:00:00,41,29
2024-04-20 21:00:00,147,33
2024-04-20 22:00:00,96,36
2024-04-20 23:00:00,64,26
2024-04-21 00:00:00,106,39
2024-04-21 01:00:00,66,32
2024-04-21 02:00:00,58,25
2024-04-21 03:00:00,50,40
2024-04-21 04:00:00,40,32
2024-04-21 05:00:00,18,27
2024-04-21 06:00:00,61,35
2024-04-21 07:00:00,44,33
2024-04-21 08:00:00,169,34
2024-04-21 09:00:00,79,34
2024-04-21 10:00:00,89,31
2024-04-21 11:00:00,68,35
2024-04-21 12:00:00,93,24
2024-04-21 13:00:00,128,55
2024-04-21 14:00:00,104,33
2024-04-21 15:00:00,36,36
2024-04-21 16:00:00,89,34
2024-04-21 17:00:00,53,29
2024-04-21 18:00:00,76,33
2024-04-21 19:00:00,104,26
2024-04-21 20:00:00,72,34
2024-04-21 21:00:00,164,35
2024-04-21 22:00:00,43,34
2024-04-21 23:00:00,77,30
2024-04-22 00:00:00,133,35
2024-04-22 01:00:00,41,19
2024-04-22 02:00:00,56,52
2024-04-22 03:00:00,67,32
2024-04-22 04:00:00,67,32
2024-04-22 05:00:00,39,30
2024-04-22 06:00:00,69,21
2024-04-22 07:00:00,100,47
2024-04-22 08:00:00,85,33
2024-04-22 09:00:00,110,35
2024-04-22 10:00:00,107,29
2024-04-22 11:00:00,87,31
2024-04-22 12:00:00,112,38
2024-04-22 13:00:00,139,33
2024-04-22 14:00:00,149,32
2024-04-22 15:00:00,110,28
2024-04-22 16:00:00,164,35
2024-04-22 17:00:00,112,36
2024-04-22 18:00:00,191,35
2024-04-22 19:00:00,86,33
2024-04-22 20:00:00,140,33
2024-04-22 21:00:00,99,27
2024-04-22 22:00:00,106,40
2024-04-22 23:00:00,95,33
2024-04-23 00:00:00,38,20
2024-04-23 01:00:00,85,41
2024-04-23 02:00:00,52,33
2024-04-23 03:00:00,38,34
2024-04-23 04:00:00,65,26
2024-04-23 05:00:00,38,42
2024-04-23 06:00:00,138,29
2024-04-23 07:00:00,74,35
2024-04-23 08:00:00,77,34
2024-04-23 09:00:00,75,35
2024-04-23 10:00:00,72,32
2024-04-23 11:00:00,133,31
2024-04-23 12:00:00,73,31
2024-04-23 13:00:00,36,19
2024-04-23 14:00:00,118,46
2024-04-23 15:00:00,115,32
2024-04-23 16:00:00,130,34
2024-04-23 17:00:00,82,38
2024-04-23 18:00:00,104,31
2024-04-23 19:00:00,75,32
2024-04-23 20:00:00,74,35
2024-04-23 21:00:00,97,25
2024-04-23 22:00:00,178,39
2024-04-23 23:00:00,56,33
2024-04-24 00:00:00,56,31
2024-04-24 01:00:00,22,11
2024-04-24 02:00:00,93,50
2024-04-24 03:00:00,98,29
2024-04-24 04:00:00,112,41
2024-04-24 05:00:00,75,37
2024-04-24 06:00:00,11,7
2024-04-24 07:00:00,203,58
2024-04-24 08:00:00,165,52
2024-04-24 09:00:00,63,25
2024-04-24 10:00:00,136,41
2024-04-24 11:00:00,154,31
2024-04-24 12:00:00,164,29
2024-04-24 13:00:00,189,35
2024-04-24 14:00:00,259,36
2024-04-24 15:00:00,180,30
2024-04-24 16:00:00,152,36
2024-04-24 17:00:00,73,6
2024-04-24 18:00:00,230,56
2024-04-24 19:00:00,166,40
2024-04-24 20:00:00,207,42
2024-04-24 21:00:00,225,41
2024-04-24 22:00:00,120,23
2024-04-24 23:00:00,133,39
2024-04-25 00:00:00,54,21
2024-04-25 01:00:00,135,56
2024-04-25 02:00:00,110,40
2024-04-25 03:00:00,51,25
2024-04-25 04:00:00,79,36
2024-04-25 05:00:00,152,34
2024-04-25 06:00:00,114,31
2024-04-25 07:00:00,120,26
2024-04-25 08:00:00,126,38
2024-04-25 09:00:00,106,34
2024-04-25 10:00:00,209,39
2024-04-25 11:00:00,155,32
2024-04-25 12:00:00,83,21
2024-04-25 13:00:00,111,20
2024-04-25 14:00:00,119,39
2024-04-25 15:00:00,156,30
2024-04-25 16:00:00,75,33
2024-04-25 17:00:00,276,58
2024-04-25 18:00:00,260,37
2024-04-25 19:00:00,133,29
2024-04-25 20:00:00,280,40
2024-04-25 21:00:00,146,31
2024-04-25 22:00:00,124,32
2024-04-25 23:00:00,0,0
2024-04-26 00:00:00,128,68
2024-04-26 01:00:00,130,27
2024-04-26 02:00:00,146,36
2024-04-26 03:00:00,112,24
2024-04-26 04:00:00,169,41
2024-04-26 05:00:00,161,35
2024-04-26 06:00:00,100,19
2024-04-26 07:00:00,144,40
2024-04-26 08:00:00,125,28
2024-04-26 09:00:00,256,50
2024-04-26 10:00:00,203,33
2024-04-26 11:00:00,141,25
2024-04-26 12:00:00,193,42
2024-04-26 13:00:00,151,33
2024-04-26 14:00:00,209,31
2024-04-26 15:00:00,215,37
2024-04-26 16:00:00,188,29
2024-04-26 17:00:00,147,37
2024-04-26 18:00:00,121,21
2024-04-26 19:00:00,127,27
2024-04-26 20:00:00,154,44
2024-04-26 21:00:00,163,31
2024-04-26 22:00:00,161,37
2024-04-26 23:00:00,88,35
2024-04-27 00:00:00,97,34
2024-04-27 01:00:00,108,33
2024-04-27 02:00:00,70,21
2024-04-27 03:00:00,114,47
2024-04-27 04:00:00,76,35
2024-04-27 05:00:00,157,35
2024-04-27 06:00:00,105,23
2024-04-27 07:00:00,176,43
2024-04-27 08:00:00,121,112
2024-04-27 09:00:00,204,35
2024-04-27 10:00:00,154,36
2024-04-27 11:00:00,168,30
2024-04-27 12:00:00,184,35
2024-04-27 13:00:00,102,36
2024-04-27 14:00:00,188,30
2024-04-27 15:00:00,191,35
2024-04-27 16:00:00,185,38
2024-04-27 17:00:00,195,30
2024-04-27 18:00:00,172,41
2024-04-27 19:00:00,109,29
2024-04-27 20:00:00,150,30
2024-04-27 21:00:00,147,39
2024-04-27 22:00:00,95,20
2024-04-27 23:00:00,69,45
2024-04-28 00:00:00,170,24
2024-04-28 01:00:00,94,32
2024-04-28 02:00:00,164,58
2024-04-28 03:00:00,10,5
2024-04-28 04:00:00,137,59
2024-04-28 05:00:00,83,26
2024-04-28 06:00:00,157,46
2024-04-28 07:00:00,59,14
2024-04-28 08:00:00,157,49
2024-04-28 09:00:00,159,27
2024-04-28 10:00:00,51,29
2024-04-28 11:00:00,119,34
2024-04-28 12:00:00,176,35
2024-04-28 13:00:00,135,32
2024-04-28 14:00:00,272,75
2024-04-28 15:00:00,170,30
2024-04-28 16:00:00,127,35
2024-04-28 17:00:00,120,40
2024-04-28 18:00:00,199,39
2024-04-28 19:00:00,143,35
2024-04-28 20:00:00,196,38
2024-04-28 21:00:00,93,22
2024-04-28 22:00:00,91,27
2024-04-28 23:00:00,142,41
2024-04-29 00:00:00,125,39
2024-04-29 01:00:00,86,35
2024-04-29 02:00:00,92,37
2024-04-29 03:00:00,172,47
2024-04-29 04:00:00,135,44
2024-04-29 05:00:00,125,36
2024-04-29 06:00:00,127,58
2024-04-29 07:00:00,138,31
2024-04-29 08:00:00,158,36
2024-04-29 09:00:00,247,54
2024-04-29 10:00:00,121,27
2024-04-29 11:00:00,213,40
2024-04-29 12:00:00,209,39
2024-04-29 13:00:00,45,25
2024-04-29 14:00:00,236,34
2024-04-29 15:00:00,113,31
2024-04-29 16:00:00,176,37
2024-04-29 17:00:00,156,37
2024-04-29 18:00:00,225,36
2024-04-29 19:00:00,149,38
2024-04-29 20:00:00,197,46
2024-04-29 21:00:00,134,35
2024-04-29 22:00:00,139,41
2024-04-29 23:00:00,160,32
2024-04-30 00:00:00,94,29
2024-04-30 01:00:00,121,42
2024-04-30 02:00:00,151,47
2024-04-30 03:00:00,82,25
2024-04-30 04:00:00,103,37
2024-04-30 05:00:00,136,36
2024-04-30 06:00:00,154,42
2024-04-30 07:00:00,95,30
2024-04-30 08:00:00,261,46
2024-04-30 09:00:00,105,23
2024-04-30 10:00:00,335,42
2024-04-30 11:00:00,202,32
2024-04-30 12:00:00,226,46
2024-04-30 13:00:00,295,31
2024-04-30 14:00:00,228,39
2024-04-30 15:00:00,152,33
2024-04-30 16:00:00,196,35
2024-04-30 17:00:00,168,32
2024-04-30 18:00:00,147,32
2024-04-30 19:00:00,249,33
2024-04-30 20:00:00,159,34
2024-04-30 21:00:00,163,36
2024-04-30 22:00:00,175,36
2024-04-30 23:00:00,157,42
2024-05-01 00:00:00,166,41
2024-05-01 01:00:00,99,31
2024-05-01 02:00:00,105,46
2024-05-01 03:00:00,114,36
2024-05-01 04:00:00,88,28
2024-05-01 05:00:00,98,37
2024-05-01 06:00:00,142,38
2024-05-01 07:00:00,235,33
2024-05-01 08:00:00,327,46
2024-05-01 09:00:00,234,36
2024-05-01 10:00:00,200,42
2024-05-01 11:00:00,221,38
2024-05-01 12:00:00,168,51
2024-05-01 13:00:00,176,33
2024-05-01 14:00:00,226,31
2024-05-01 15:00:00,107,19
2024-05-01 16:00:00,237,49
2024-05-01 17:00:00,194,34
2024-05-01 18:00:00,199,38
2024-05-01 19:00:00,307,35
2024-05-01 20:00:00,136,30
2024-05-01 21:00:00,57,38
2024-05-01 22:00:00,137,35
2024-05-01 23:00:00,211,34
2024-05-02 00:00:00,122,29
2024-05-02 01:00:00,108,37
2024-05-02 02:00:00,81,36
2024-05-02 03:00:00,128,41
2024-05-02 04:00:00,96,42
2024-05-02 05:00:00,94,36
2024-05-02 06:00:00,88,30
2024-05-02 07:00:00,149,38
2024-05-02 08:00:00,161,38
2024-05-02 09:00:00,131,34
2024-05-02 10:00:00,109,32
2024-05-02 11:00:00,189,37
2024-05-02 12:00:00,159,35
2024-05-02 13:00:00,167,33
2024-05-02 14:00:00,198,38
2024-05-02 15:00:00,131,35
2024-05-02 16:00:00,158,31
2024-05-02 17:00:00,93,33
2024-05-02 18:00:00,38,10
2024-05-02 19:00:00,365,55
2024-05-02 20:00:00,238,55
2024-05-02 21:00:00,150,30
2024-05-02 22:00:00,173,33
2024-05-02 23:00:00,121,28
2024-05-03 00:00:00,145,52
2024-05-03 01:00:00,102,16
2024-05-03 02:00:00,92,46
2024-05-03 03:00:00,110,41
2024-05-03 04:00:00,89,57
2024-05-03 05:00:00,50,24
2024-05-03 06:00:00,90,45
2024-05-03 07:00:00,134,30
2024-05-03 08:00:00,101,32
2024-05-03 09:00:00,106,42
2024-05-03 10:00:00,136,34
2024-05-03 11:00:00,120,32
2024-05-03 12:00:00,182,29
2024-05-03 13:00:00,136,32
2024-05-03 14:00:00,186,42
2024-05-03 15:00:00,166,22
2024-05-03 16:00:00,256,35
2024-05-03 17:00:00,113,32
2024-05-03 18:00:00,165,36
2024-05-03 19:00:00,89,36
2024-05-03 20:00:00,226,32
2024-05-03 21:00:00,223,24
2024-05-03 22:00:00,179,51
2024-05-03 23:00:00,79,23
2024-05-04 00:00:00,174,44
2024-05-04 01:00:00,102,35
2024-05-04 02:00:00,115,32
2024-05-04 03:00:00,107,34
2024-05-04 04:00:00,91,30
2024-05-04 05:00:00,73,30
2024-05-04 06:00:00,71,35
2024-05-04 07:00:00,100,37
2024-05-04 08:00:00,132,32
2024-05-04 09:00:00,56,31
2024-05-04 10:00:00,50,24
2024-05-04 11:00:00,131,44
2024-05-04 12:00:00,161,31
2024-05-04 13:00:00,162,37
2024-05-04 14:00:00,90,27
2024-05-04 15:00:00,122,39
2024-05-04 16:00:00,139,29
2024-05-04 17:00:00,100,33
2024-05-04 18:00:00,160,34
2024-05-04 19:00:00,138,33
2024-05-04 20:00:00,157,30
2024-05-04 21:00:00,45,33
2024-05-04 22:00:00,80,34
2024-05-04 23:00:00,52,9
2024-05-05 00:00:00,117,59
2024-05-05 01:00:00,91,29
2024-05-05 02:00:00,102,44
2024-05-05 03:00:00,69,32
2024-05-05 04:00:00,57,26
2024-05-05 05:00:00,39,34
2024-05-05 06:00:00,95,33
2024-05-05 07:00:00,52,18
2024-05-05 08:00:00,26,33
2024-05-05 09:00:00,0,0
2024-05-05 10:00:00,82,60
2024-05-05 11:00:00,73,38
2024-05-05 12:00:00,126,48
2024-05-05 13:00:00,107,31
2024-05-05 14:00:00,132,37
2024-05-05 15:00:00,109,26
2024-05-05 16:00:00,127,34
2024-05-05 17:00:00,120,30
2024-05-05 18:00:00,164,51
2024-05-05 19:00:00,83,31
2024-05-05 20:00:00,148,18
2024-05-05 21:00:00,159,47
2024-05-05 22:00:00,81,32
2024-05-05 23:00:00,74,30
2024-05-06 00:00:00,86,30
2024-05-06 01:00:00,98,37
2024-05-06 02:00:00,77,25
2024-05-06 03:00:00,93,42
2024-05-06 04:00:00,34,19
2024-05-06 05:00:00,77,69
2024-05-06 06:00:00,73,30
2024-05-06 07:00:00,130,33
2024-05-06 08:00:00,95,30
2024-05-06 09:00:00,107,34
2024-05-06 10:00:00,100,37
2024-05-06 11:00:00,169,41
2024-05-06 12:00:00,144,31
2024-05-06 13:00:00,72,26
2024-05-06 14:00:00,249,36
2024-05-06 15:00:00,156,36
2024-05-06 16:00:00,65,24
2024-05-06 17:00:00,222,40
2024-05-06 18:00:00,122,36
2024-05-06 19:00:00,185,27
2024-05-06 20:00:00,49,6
2024-05-06 21:00:00,122,49
2024-05-06 22:00:00,75,42
2024-05-06 23:00:00,203,36
2024-05-07 00:00:00,89,30
2024-05-07 01:00:00,78,29
2024-05-07 02:00:00,122,44
2024-05-07 03:00:00,119,40
2024-05-07 04:00:00,86,29
2024-05-07 05:00:00,106,35
2024-05-07 06:00:00,75,32
2024-05-07 07:00:00,96,23
2024-05-07 08:00:00,168,47
2024-05-07 09:00:00,94,31
2024-05-07 10:00:00,113,34
2024-05-07 11:00:00,138,34
2024-05-07 12:00:00,156,36
2024-05-07 13:00:00,99,22
2024-05-07 14:00:00,181,44
2024-05-07 15:00:00,73,38
2024-05-07 16:00:00,101,29
2024-05-07 17:00:00,235,37
2024-05-07 18:00:00,164,23
2024-05-07 19:00:00,153,37
2024-05-07 20:00:00,106,25
2024-05-07 21:00:00,109,39
2024-05-07 22:00:00,84,38
2024-05-07 23:00:00,171,44
2024-05-08 00:00:00,44,28
2024-05-08 01:00:00,139,49
2024-05-08 02:00:00,37,21
2024-05-08 03:00:00,64,37
2024-05-08 04:00:00,63,28
2024-05-08 05:00:00,48,19
2024-05-08 06:00:00,66,39
2024-05-08 07:00:00,163,46
2024-05-08 08:00:00,132,43
2024-05-08 09:00:00,44,31
2024-05-08 10:00:00,142,36
2024-05-08 11:00:00,127,34
2024-05-08 12:00:00,161,46
2024-05-08 13:00:00,134,30
2024-05-08 14:00:00,132,33
2024-05-08 15:00:00,231,37
2024-05-08 16:00:00,92,29
2024-05-08 17:00:00,179,42
2024-05-08 18:00:00,179,35
2024-05-08 19:00:00,77,27
2024-05-08 20:00:00,150,37
2024-05-08 21:00:00,126,32
2024-05-08 22:00:00,100,37
2024-05-08 23:00:00,105,35
2024-05-09 00:00:00,82,34
2024-05-09 01:00:00,115,36
2024-05-09 02:00:00,60,38
2024-05-09 03:00:00,59,26
2024-05-09 04:00:00,80,39
2024-05-09 05:00:00,51,26
2024-05-09 06:00:00,74,33
2024-05-09 07:00:00,58,37
2024-05-09 08:00:00,170,40
2024-05-09 09:00:00,125,31
2024-05-09 10:00:00,140,32
2024-05-09 11:00:00,94,31
2024-05-09 12:00:00,138,34
2024-05-09 13:00:00,156,41
2024-05-09 14:00:00,163,33
2024-05-09 15:00:00,134,31
2024-05-09 16:00:00,147,35
2024-05-09 17:00:00,142,36
2024-05-09 18:00:00,96,32
2024-05-09 19:00:00,114,40
2024-05-09 20:00:00,99,35
2024-05-09 21:00:00,64,21
2024-05-09 22:00:00,163,46
2024-05-09 23:00:00,136,32
2024-05-10 00:00:00,92,45
2024-05-10 01:00:00,66,30
2024-05-10 02:00:00,39,31
2024-05-10 03:00:00,64,41
2024-05-10 04:00:00,77,29
2024-05-10 05:00:00,84,37
2024-05-10 06:00:00,89,42
2024-05-10 07:00:00,75,27
2024-05-10 08:00:00,109,43
2024-05-10 09:00:00,99,31
2024-05-10 10:00:00,119,31
2024-05-10 11:00:00,118,34
2024-05-10 12:00:00,83,33
2024-05-10 13:00:00,140,35
2024-05-10 14:00:00,180,44
2024-05-10 15:00:00,103,33
2024-05-10 16:00:00,136,35
2024-05-10 17:00:00,186,29
2024-05-10 18:00:00,60,21
2024-05-10 19:00:00,212,51
2024-05-10 20:00:00,109,34
2024-05-10 21:00:00,138,34
2024-05-10 22:00:00,112,37
2024-05-10 23:00:00,69,30
2024-05-11 00:00:00,86,33
2024-05-11 01:00:00,79,34
2024-05-11 02:00:00,25,13
2024-05-11 03:00:00,86,53
2024-05-11 04:00:00,67,35
2024-05-11 05:00:00,55,28
2024-05-11 06:00:00,63,37
2024-05-11 07:00:00,50,29
2024-05-11 08:00:00,121,39
2024-05-11 09:00:00,68,33
2024-05-11 10:00:00,125,32
2024-05-11 11:00:00,133,28
2024-05-11 12:00:00,127,43
2024-05-11 13:00:00,73,31
2024-05-11 14:00:00,117,26
2024-05-11 15:00:00,189,47
2024-05-11 16:00:00,123,37
2024-05-11 17:00:00,79,17
2024-05-11 18:00:00,87,25
2024-05-11 19:00:00,148,54
2024-05-11 20:00:00,118,35
2024-05-11 21:00:00,100,34
2024-05-11 22:00:00,63,34
2024-05-11 23:00:00,79,35
2024-05-12 00:00:00,63,31
2024-05-12 01:00:00,45,32
2024-05-12 02:00:00,64,35
2024-05-12 03:00:00,26,16
2024-05-12 04:00:00,58,40
2024-05-12 05:00:00,55,38
2024-05-12 06:00:00,113,34
2024-05-12 07:00:00,32,14
2024-05-12 08:00:00,87,47
2024-05-12 09:00:00,96,40
2024-05-12 10:00:00,86,40
2024-05-12 11:00:00,79,34
2024-05-12 12:00:00,52,30
2024-05-12 13:00:00,110,45
2024-05-12 14:00:00,0,0
2024-05-12 15:00:00,163,63
2024-05-12 16:00:00,137,35
2024-05-12 17:00:00,102,32
2024-05-12 18:00:00,100,193
2024-05-12 19:00:00,81,129
2024-05-12 20:00:00,108,39
2024-05-12 21:00:00,92,30
2024-05-12 22:00:00,63,35
2024-05-12 23:00:00,58,25
2024-05-13 00:00:00,111,43
2024-05-13 01:00:00,57,29
2024-05-13 02:00:00,82,44
2024-05-13 03:00:00,77,24
2024-05-13 04:00:00,60,37
2024-05-13 05:00:00,65,36
2024-05-13 06:00:00,58,32
2024-05-13 07:00:00,89,38
2024-05-13 08:00:00,103,32
2024-05-13 09:00:00,64,16
2024-05-13 10:00:00,173,61
2024-05-13 11:00:00,133,33
2024-05-13 12:00:00,159,202
2024-05-13 13:00:00,140,187
2024-05-13 14:00:00,143,330
2024-05-13 15:00:00,95,24
2024-05-13 16:00:00,205,57
2024-05-13 17:00:00,76,304
2024-05-13 18:00:00,196,449
2024-05-13 19:00:00,140,592
2024-05-13 20:00:00,136,270
2024-05-13 21:00:00,75,188
2024-05-13 22:00:00,49,145
2024-05-13 23:00:00,134,448
2024-05-14 00:00:00,64,148
2024-05-14 01:00:00,106,353
2024-05-14 02:00:00,83,180
2024-05-14 03:00:00,58,228
2024-05-14 04:00:00,63,183
2024-05-14 05:00:00,100,514
2024-05-14 06:00:00,53,135
2024-05-14 07:00:00,63,32
2024-05-14 08:00:00,103,605
2024-05-14 09:00:00,159,459
2024-05-14 10:00:00,105,194
2024-05-14 11:00:00,101,39
2024-05-14 12:00:00,134,560
2024-05-14 13:00:00,137,258
2024-05-14 14:00:00,148,287
2024-05-14 15:00:00,79,123
2024-05-14 16:00:00,185,509
2024-05-14 17:00:00,154,351
2024-05-14 18:00:00,65,148
2024-05-14 19:00:00,149,50
2024-05-14 20:00:00,132,69
2024-05-14 21:00:00,102,901
2024-05-14 22:00:00,137,321
2024-05-14 23:00:00,68,208
2024-05-15 00:00:00,84,321
2024-05-15 01:00:00,81,443
2024-05-15 02:00:00,117,139
2024-05-15 03:00:00,81,36
2024-05-15 04:00:00,80,37
2024-05-15 05:00:00,69,28
2024-05-15 06:00:00,103,32
2024-05-15 07:00:00,113,39
2024-05-15 08:00:00,94,109
2024-05-15 09:00:00,42,19
2024-05-15 10:00:00,41,24
2024-05-15 11:00:00,170,59
2024-05-15 12:00:00,164,37
2024-05-15 13:00:00,126,39
2024-05-15 14:00:00,207,35
2024-05-15 15:00:00,200,29
2024-05-15 16:00:00,189,33
2024-05-15 17:00:00,168,35
2024-05-15 18:00:00,152,31
2024-05-15 19:00:00,83,33
2024-05-15 20:00:00,218,30
2024-05-15 21:00:00,82,22
2024-05-15 22:00:00,170,41
2024-05-15 23:00:00,122,36
2024-05-16 00:00:00,111,31
2024-05-16 01:00:00,34,15
2024-05-16 02:00:00,86,48
2024-05-16 03:00:00,88,26
2024-05-16 04:00:00,83,37
2024-05-16 05:00:00,99,41
2024-05-16 06:00:00,98,34
2024-05-16 07:00:00,107,82
2024-05-16 08:00:00,24,17
2024-05-16 09:00:00,213,72
2024-05-16 10:00:00,136,46
2024-05-16 11:00:00,133,33
2024-05-16 12:00:00,174,40
2024-05-16 13:00:00,111,24
2024-05-16 14:00:00,204,42
2024-05-16 15:00:00,107,25
2024-05-16 16:00:00,190,35
2024-05-16 17:00:00,100,29
2024-05-16 18:00:00,212,47
2024-05-16 19:00:00,119,82
2024-05-16 20:00:00,132,38
2024-05-16 21:00:00,131,103
2024-05-16 22:00:00,120,34
2024-05-16 23:00:00,74,28
2024-05-17 00:00:00,73,56
2024-05-17 01:00:00,108,50
2024-05-17 02:00:00,48,28
2024-05-17 03:00:00,81,134
2024-05-17 04:00:00,81,119
2024-05-17 05:00:00,74,139
2024-05-17 06:00:00,65,29
2024-05-17 07:00:00,107,40
2024-05-17 08:00:00,151,36
2024-05-17 09:00:00,52,19
2024-05-17 10:00:00,190,58
2024-05-17 11:00:00,86,22
2024-05-17 12:00:00,180,48
2024-05-17 13:00:00,77,34
2024-05-17 14:00:00,182,40
2024-05-17 15:00:00,162,28
2024-05-17 16:00:00,147,40
2024-05-17 17:00:00,235,32
2024-05-17 18:00:00,71,21
2024-05-17 19:00:00,47,28
2024-05-17 20:00:00,272,46
2024-05-17 21:00:00,155,33
2024-05-17 22:00:00,122,39
2024-05-17 23:00:00,118,31
2024-05-18 00:00:00,105,34
2024-05-18 01:00:00,71,24
2024-05-18 02:00:00,60,31
2024-05-18 03:00:00,83,36
2024-05-18 04:00:00,66,34
2024-05-18 05:00:00,52,23
2024-05-18 06:00:00,110,45
2024-05-18 07:00:00,64,25
2024-05-18 08:00:00,138,43
2024-05-18 09:00:00,76,23
2024-05-18 10:00:00,113,36
2024-05-18 11:00:00,65,26
2024-05-18 12:00:00,154,47
2024-05-18 13:00:00,71,33
2024-05-18 14:00:00,149,28
2024-05-18 15:00:00,108,25
2024-05-18 16:00:00,165,40
2024-05-18 17:00:00,140,34
2024-05-18 18:00:00,140,39
2024-05-18 19:00:00,53,30
2024-05-18 20:00:00,137,33
2024-05-18 21:00:00,45,37
2024-05-18 22:00:00,153,36
2024-05-18 23:00:00,85,29
2024-05-19 00:00:00,97,27
2024-05-19 01:00:00,97,43
2024-05-19 02:00:00,85,30
2024-05-19 03:00:00,68,35
2024-05-19 04:00:00,66,37
2024-05-19 05:00:00,43,26
2024-05-19 06:00:00,78,41
2024-05-19 07:00:00,69,37
2024-05-19 08:00:00,28,22
2024-05-19 09:00:00,94,36
2024-05-19 10:00:00,87,49
2024-05-19 11:00:00,67,31
2024-05-19 12:00:00,54,25
2024-05-19 13:00:00,133,49
2024-05-19 14:00:00,84,29
2024-05-19 15:00:00,114,35
2024-05-19 16:00:00,140,34
2024-05-19 17:00:00,111,34
2024-05-19 18:00:00,98,29
2024-05-19 19:00:00,115,34
2024-05-19 20:00:00,83,27
2024-05-19 21:00:00,99,36
2024-05-19 22:00:00,91,34
2024-05-19 23:00:00,43,20
2024-05-20 00:00:00,68,32
2024-05-20 01:00:00,85,47
2024-05-20 02:00:00,63,36
2024-05-20 03:00:00,57,31
2024-05-20 04:00:00,43,29
2024-05-20 05:00:00,99,45
2024-05-20 06:00:00,58,33
2024-05-20 07:00:00,76,34
2024-05-20 08:00:00,79,29
2024-05-20 09:00:00,110,35
2024-05-20 10:00:00,95,29
2024-05-20 11:00:00,111,35
2024-05-20 12:00:00,36,25
2024-05-20 13:00:00,179,37
2024-05-20 14:00:00,136,37
2024-05-20 15:00:00,179,39
2024-05-20 16:00:00,146,35
2024-05-20 17:00:00,180,38
2024-05-20 18:00:00,129,26
2024-05-20 19:00:00,222,38
2024-05-20 20:00:00,237,37
2024-05-20 21:00:00,123,25
2024-05-20 22:00:00,154,42
2024-05-20 23:00:00,128,31
2024-05-21 00:00:00,91,26
2024-05-21 01:00:00,177,36
2024-05-21 02:00:00,159,52
2024-05-21 03:00:00,108,34
2024-05-21 04:00:00,44,28
2024-05-21 05:00:00,119,45
2024-05-21 06:00:00,171,44
2024-05-21 07:00:00,133,35
2024-05-21 08:00:00,225,37
2024-05-21 09:00:00,141,32
2024-05-21 10:00:00,158,39
2024-05-21 11:00:00,148,31
2024-05-21 12:00:00,139,38
2024-05-21 13:00:00,279,37
2024-05-21 14:00:00,38,5
2024-05-21 15:00:00,104,35
2024-05-21 16:00:00,237,58
2024-05-21 17:00:00,360,43
2024-05-21 18:00:00,170,42
2024-05-21 19:00:00,221,38
2024-05-21 20:00:00,89,24
2024-05-21 21:00:00,172,42
2024-05-21 22:00:00,75,33
2024-05-21 23:00:00,108,41
2024-05-22 00:00:00,77,31
2024-05-22 01:00:00,61,24
2024-05-22 02:00:00,19,14
2024-05-22 03:00:00,122,64
2024-05-22 04:00:00,104,46
2024-05-22 05:00:00,63,26
2024-05-22 06:00:00,89,45
2024-05-22 07:00:00,101,35
2024-05-22 08:00:00,117,34
2024-05-22 09:00:00,118,29
2024-05-22 10:00:00,140,34
2024-05-22 11:00:00,65,21
2024-05-22 12:00:00,158,40
2024-05-22 13:00:00,152,38
2024-05-22 14:00:00,169,30
2024-05-22 15:00:00,118,30
2024-05-22 16:00:00,134,37
2024-05-22 17:00:00,177,41
2024-05-22 18:00:00,99,34
2024-05-22 19:00:00,209,33
2024-05-22 20:00:00,163,35
2024-05-22 21:00:00,105,29
2024-05-22 22:00:00,139,41
2024-05-22 23:00:00,86,30
2024-05-23 00:00:00,100,39
2024-05-23 01:00:00,64,29
2024-05-23 02:00:00,101,39
2024-05-23 03:00:00,75,33
2024-05-23 04:00:00,41,29
2024-05-23 05:00:00,56,21
2024-05-23 06:00:00,45,36
2024-05-23 07:00:00,62,39
2024-05-23 08:00:00,110,24
2024-05-23 09:00:00,194,45
2024-05-23 10:00:00,209,50
2024-05-23 11:00:00,135,40
2024-05-23 12:00:00,166,31
2024-05-23 13:00:00,93,27
2024-05-23 14:00:00,257,38
2024-05-23 15:00:00,120,25
2024-05-23 16:00:00,173,32
2024-05-23 17:00:00,53,17
2024-05-23 18:00:00,266,56
2024-05-23 19:00:00,132,28
2024-05-23 20:00:00,148,50
2024-05-23 21:00:00,140,35
2024-05-23 22:00:00,105,34
2024-05-23 23:00:00,115,34
2024-05-24 00:00:00,111,33
2024-05-24 01:00:00,69,30
2024-05-24 02:00:00,116,36
2024-05-24 03:00:00,95,32
2024-05-24 04:00:00,72,29
2024-05-24 05:00:00,39,24
2024-05-24 06:00:00,104,43
2024-05-24 07:00:00,104,34
2024-05-24 08:00:00,113,33
2024-05-24 09:00:00,50,29
2024-05-24 10:00:00,184,48
2024-05-24 11:00:00,106,29
2024-05-24 12:00:00,134,34
2024-05-24 13:00:00,122,30
2024-05-24 14:00:00,115,32
2024-05-24 15:00:00,112,38
2024-05-24 16:00:00,166,29
2024-05-24 17:00:00,220,34
2024-05-24 18:00:00,142,37
2024-05-24 19:00:00,99,20
2024-05-24 20:00:00,132,43
2024-05-24 21:00:00,51,21
2024-05-24 22:00:00,103,48
2024-05-24 23:00:00,77,22
2024-05-25 00:00:00,141,55
2024-05-25 01:00:00,83,36
2024-05-25 02:00:00,58,27
2024-05-25 03:00:00,68,35
2024-05-25 04:00:00,64,31
2024-05-25 05:00:00,64,36
2024-05-25 06:00:00,62,35
2024-05-25 07:00:00,75,26
2024-05-25 08:00:00,74,41
2024-05-25 09:00:00,126,30
2024-05-25 10:00:00,102,30
2024-05-25 11:00:00,116,39
2024-05-25 12:00:00,84,29
2024-05-25 13:00:00,137,37
2024-05-25 14:00:00,99,36
2024-05-25 15:00:00,107,25
2024-05-25 16:00:00,157,39
2024-05-25 17:00:00,110,33
2024-05-25 18:00:00,89,36
2024-05-25 19:00:00,75,21
2024-05-25 20:00:00,45,34
2024-05-25 21:00:00,109,38
2024-05-25 22:00:00,131,41
2024-05-25 23:00:00,55,27
2024-05-26 00:00:00,68,35
2024-05-26 01:00:00,56,35
2024-05-26 02:00:00,73,22
2024-05-26 03:00:00,33,33
2024-05-26 04:00:00,50,26
2024-05-26 05:00:00,74,44
2024-05-26 06:00:00,60,36
2024-05-26 07:00:00,88,36
2024-05-26 08:00:00,74,28
2024-05-26 09:00:00,80,33
2024-05-26 10:00:00,58,27
2024-05-26 11:00:00,78,40
2024-05-26 12:00:00,101,35
2024-05-26 13:00:00,97,29
2024-05-26 14:00:00,116,35
2024-05-26 15:00:00,89,28
2024-05-26 16:00:00,115,40
2024-05-26 17:00:00,118,31
2024-05-26 18:00:00,113,35
2024-05-26 19:00:00,105,32
2024-05-26 20:00:00,88,34
2024-05-26 21:00:00,82,34
2024-05-26 22:00:00,64,31
2024-05-26 23:00:00,67,30
2024-05-27 00:00:00,71,36
2024-05-27 01:00:00,66,32
2024-05-27 02:00:00,72,44
2024-05-27 03:00:00,53,25
2024-05-27 04:00:00,53,46
2024-05-27 05:00:00,64,30
2024-05-27 06:00:00,80,36
2024-05-27 07:00:00,70,30
2024-05-27 08:00:00,13,28
2024-05-27 09:00:00,93,40
2024-05-27 10:00:00,217,32
2024-05-27 11:00:00,76,23
2024-05-27 12:00:00,48,40
2024-05-27 13:00:00,91,32
2024-05-27 14:00:00,263,46
2024-05-27 15:00:00,86,26
2024-05-27 16:00:00,178,42
2024-05-27 17:00:00,174,35
2024-05-27 18:00:00,60,25
2024-05-27 19:00:00,246,49
2024-05-27 20:00:00,65,24
2024-05-27 21:00:00,110,31
2024-05-27 22:00:00,128,50
2024-05-27 23:00:00,62,25
2024-05-28 00:00:00,46,35
2024-05-28 01:00:00,69,37
2024-05-28 02:00:00,76,31
2024-05-28 03:00:00,37,33
2024-05-28 04:00:00,83,41
2024-05-28 05:00:00,50,26
2024-05-28 06:00:00,84,33
2024-05-28 07:00:00,97,39
2024-05-28 08:00:00,90,34
2024-05-28 09:00:00,76,28
2024-05-28 10:00:00,106,34
2024-05-28 11:00:00,92,33
2024-05-28 12:00:00,112,32
2024-05-28 13:00:00,148,39
2024-05-28 14:00:00,138,42
2024-05-28 15:00:00,134,33
2024-05-28 16:00:00,89,36
2024-05-28 17:00:00,163,34
2024-05-28 18:00:00,143,36
2024-05-28 19:00:00,29,12
2024-05-28 20:00:00,154,50
2024-05-28 21:00:00,109,25
2024-05-28 22:00:00,91,27
2024-05-28 23:00:00,90,31
2024-05-29 00:00:00,112,51
2024-05-29 01:00:00,71,32
2024-05-29 02:00:00,39,25
2024-05-29 03:00:00,83,39
2024-05-29 04:00:00,16,15
2024-05-29 05:00:00,34,43
2024-05-29 06:00:00,99,38
2024-05-29 07:00:00,67,32
2024-05-29 08:00:00,63,38
2024-05-29 09:00:00,71,42
2024-05-29 10:00:00,71,39
2024-05-29 11:00:00,119,48
2024-05-29 12:00:00,43,24
2024-05-29 13:00:00,169,58
2024-05-29 14:00:00,151,41
2024-05-29 15:00:00,90,21
2024-05-29 16:00:00,129,48
2024-05-29 17:00:00,75,29
2024-05-29 18:00:00,75,26
2024-05-29 19:00:00,91,34
2024-05-29 20:00:00,81,41
2024-05-29 21:00:00,114,22
2024-05-29 22:00:00,239,43
2024-05-29 23:00:00,147,34
2024-05-30 00:00:00,117,33
2024-05-30 01:00:00,109,34
2024-05-30 02:00:00,128,52
2024-05-30 03:00:00,66,28
2024-05-30 04:00:00,109,42
2024-05-30 05:00:00,72,29
2024-05-30 06:00:00,73,37
2024-05-30 07:00:00,80,26
2024-05-30 08:00:00,144,51
2024-05-30 09:00:00,61,17
2024-05-30 10:00:00,63,26
2024-05-30 11:00:00,102,44
2024-05-30 12:00:00,207,42
2024-05-30 13:00:00,99,33
2024-05-30 14:00:00,73,29
2024-05-30 15:00:00,63,34
2024-05-30 16:00:00,200,33
2024-05-30 17:00:00,105,20
2024-05-30 18:00:00,148,36
2024-05-30 19:00:00,100,35
2024-05-30 20:00:00,242,41
2024-05-30 21:00:00,144,31
2024-05-30 22:00:00,72,23
2024-05-30 23:00:00,33,2
2024-05-31 00:00:00,105,67
2024-05-31 01:00:00,144,47
2024-05-31 02:00:00,74,34
2024-05-31 03:00:00,41,19
2024-05-31 04:00:00,131,48
2024-05-31 05:00:00,72,44
2024-05-31 06:00:00,58,24
2024-05-31 07:00:00,110,38
2024-05-31 08:00:00,41,15
2024-05-31 09:00:00,139,51
2024-05-31 10:00:00,108,26
2024-05-31 11:00:00,63,35
2024-05-31 12:00:00,223,40
2024-05-31 13:00:00,73,23
2024-05-31 14:00:00,80,28
2024-05-31 15:00:00,153,44
2024-05-31 16:00:00,121,25
2024-05-31 17:00:00,146,40
2024-05-31 18:00:00,175,35
2024-05-31 19:00:00,179,32
2024-05-31 20:00:00,185,41
2024-05-31 21:00:00,112,29
2024-05-31 22:00:00,57,31
2024-05-31 23:00:00,86,29
2024-06-01 00:00:00,92,39
2024-06-01 01:00:00,48,26
2024-06-01 02:00:00,81,45
2024-06-01 03:00:00,43,32
2024-06-01 04:00:00,74,33
2024-06-01 05:00:00,52,33
2024-06-01 06:00:00,37,22
2024-06-01 07:00:00,129,43
2024-06-01 08:00:00,81,30
2024-06-01 09:00:00,44,17
2024-06-01 10:00:00,109,52
2024-06-01 11:00:00,76,32
2024-06-01 12:00:00,52,24
2024-06-01 13:00:00,117,41
2024-06-01 14:00:00,98,29
2024-06-01 15:00:00,96,38
2024-06-01 16:00:00,120,22
2024-06-01 17:00:00,160,43
2024-06-01 18:00:00,37,15
2024-06-01 19:00:00,143,47
2024-06-01 20:00:00,102,31
2024-06-01 21:00:00,89,33
2024-06-01 22:00:00,91,33
2024-06-01 23:00:00,72,26
2024-06-02 00:00:00,54,34
2024-06-02 01:00:00,72,32
2024-06-02 02:00:00,24,17
2024-06-02 03:00:00,35,46
2024-06-02 04:00:00,96,38
2024-06-02 05:00:00,42,36
2024-06-02 06:00:00,45,24
2024-06-02 07:00:00,81,37
2024-06-02 08:00:00,88,35
2024-06-02 09:00:00,41,21
2024-06-02 10:00:00,81,37
2024-06-02 11:00:00,76,36
2024-06-02 12:00:00,82,32
2024-06-02 13:00:00,90,28
2024-06-02 14:00:00,135,37
2024-06-02 15:00:00,51,32
2024-06-02 16:00:00,139,34
2024-06-02 17:00:00,88,22
2024-06-02 18:00:00,154,43
2024-06-02 19:00:00,59,18
2024-06-02 20:00:00,113,41
2024-06-02 21:00:00,43,31
2024-06-02 22:00:00,100,37
2024-06-02 23:00:00,69,26
2024-06-03 00:00:00,61,38
2024-06-03 01:00:00,61,25
2024-06-03 02:00:00,83,38
2024-06-03 03:00:00,14,14
2024-06-03 04:00:00,95,54
2024-06-03 05:00:00,71,33
2024-06-03 06:00:00,81,31
2024-06-03 07:00:00,70,24
2024-06-03 08:00:00,155,45
2024-06-03 09:00:00,118,36
2024-06-03 10:00:00,119,34
2024-06-03 11:00:00,136,35
2024-06-03 12:00:00,61,28
2024-06-03 13:00:00,42,19
2024-06-03 14:00:00,187,50
2024-06-03 15:00:00,190,33
2024-06-03 16:00:00,211,31
2024-06-03 17:00:00,212,37
2024-06-03 18:00:00,137,34
2024-06-03 19:00:00,133,35
2024-06-03 20:00:00,147,38
2024-06-03 21:00:00,103,29
2024-06-03 22:00:00,80,25
2024-06-03 23:00:00,71,37
2024-06-04 00:00:00,114,37
2024-06-04 01:00:00,73,33
2024-06-04 02:00:00,74,32
2024-06-04 03:00:00,49,30
2024-06-04 04:00:00,65,33
2024-06-04 05:00:00,66,30
2024-06-04 06:00:00,46,28
2024-06-04 07:00:00,69,36
2024-06-04 08:00:00,146,39
2024-06-04 09:00:00,72,25
2024-06-04 10:00:00,114,36
2024-06-04 11:00:00,126,38
2024-06-04 12:00:00,111,35
2024-06-04 13:00:00,117,27
2024-06-04 14:00:00,120,35
2024-06-04 15:00:00,165,33
2024-06-04 16:00:00,117,20
2024-06-04 17:00:00,93,27
2024-06-04 18:00:00,327,48
2024-06-04 19:00:00,216,37
2024-06-04 20:00:00,74,29
2024-06-04 21:00:00,125,24
2024-06-04 22:00:00,122,45
2024-06-04 23:00:00,93,25
2024-06-05 00:00:00,129,42
2024-06-05 01:00:00,30,23
2024-06-05 02:00:00,142,42
2024-06-05 03:00:00,72,34
2024-06-05 04:00:00,82,24
2024-06-05 05:00:00,57,33
2024-06-05 06:00:00,128,40
2024-06-05 07:00:00,67,33
2024-06-05 08:00:00,116,25
2024-06-05 09:00:00,124,27
2024-06-05 10:00:00,95,27
2024-06-05 11:00:00,43,31
2024-06-05 12:00:00,159,44
2024-06-05 13:00:00,194,33
2024-06-05 14:00:00,233,43
2024-06-05 15:00:00,19,11
2024-06-05 16:00:00,102,26
2024-06-05 17:00:00,157,55
2024-06-05 18:00:00,58,25
2024-06-05 19:00:00,211,45
2024-06-05 20:00:00,180,38
2024-06-05 21:00:00,101,31
2024-06-05 22:00:00,62,30
2024-06-05 23:00:00,118,34
2024-06-06 00:00:00,80,34
2024-06-06 01:00:00,45,13
2024-06-06 02:00:00,94,50
2024-06-06 03:00:00,61,30
2024-06-06 04:00:00,26,19
2024-06-06 05:00:00,117,52
2024-06-06 06:00:00,11,6
2024-06-06 07:00:00,141,55
2024-06-06 08:00:00,114,41
2024-06-06 09:00:00,110,23
2024-06-06 10:00:00,99,36
2024-06-06 11:00:00,158,36
2024-06-06 12:00:00,123,37
2024-06-06 13:00:00,158,36
2024-06-06 14:00:00,78,23
2024-06-06 15:00:00,154,34
2024-06-06 16:00:00,126,28
2024-06-06 17:00:00,173,33
2024-06-06 18:00:00,106,34
2024-06-06 19:00:00,144,40
2024-06-06 20:00:00,150,31
2024-06-06 21:00:00,166,38
2024-06-06 22:00:00,114,30
2024-06-06 23:00:00,67,23
2024-06-07 00:00:00,65,36
2024-06-07 01:00:00,105,35
2024-06-07 02:00:00,94,21
2024-06-07 03:00:00,42,34
2024-06-07 04:00:00,62,44
2024-06-07 05:00:00,129,36
2024-06-07 06:00:00,131,38
2024-06-07 07:00:00,102,29
2024-06-07 08:00:00,75,23
2024-06-07 09:00:00,85,48
2024-06-07 10:00:00,32,9
2024-06-07 11:00:00,49,27
2024-06-07 12:00:00,27,12
2024-06-07 13:00:00,64,28
2024-06-07 14:00:00,36,29
2024-06-07 15:00:00,78,35
2024-06-07 16:00:00,54,29
2024-06-07 17:00:00,82,34
2024-06-07 18:00:00,106,37
2024-06-07 19:00:00,106,39
2024-06-07 20:00:00,88,39
2024-06-07 21:00:00,76,108
2024-06-07 22:00:00,73,32
2024-06-07 23:00:00,67,34
2024-06-08 00:00:00,148,42
2024-06-08 01:00:00,102,41
2024-06-08 02:00:00,73,29
2024-06-08 03:00:00,29,25
2024-06-08 04:00:00,77,44
2024-06-08 05:00:00,51,27
2024-06-08 06:00:00,100,34
2024-06-08 07:00:00,81,31
2024-06-08 08:00:00,122,44
2024-06-08 09:00:00,80,23
2024-06-08 10:00:00,183,38
2024-06-08 11:00:00,78,29
2024-06-08 12:00:00,47,19
2024-06-08 13:00:00,203,54
2024-06-08 14:00:00,96,31
2024-06-08 15:00:00,124,27
2024-06-08 16:00:00,134,40
2024-06-08 17:00:00,95,31
2024-06-08 18:00:00,187,36
2024-06-08 19:00:00,55,30
2024-06-08 20:00:00,120,36
2024-06-08 21:00:00,95,27
2024-06-08 22:00:00,44,20
2024-06-08 23:00:00,107,43
2024-06-09 00:00:00,43,22
2024-06-09 01:00:00,72,46
2024-06-09 02:00:00,46,28
2024-06-09 03:00:00,82,36
2024-06-09 04:00:00,67,23
2024-06-09 05:00:00,0,0
2024-06-09 06:00:00,111,74
2024-06-09 07:00:00,110,32
2024-06-09 08:00:00,36,31
2024-06-09 09:00:00,95,32
2024-06-09 10:00:00,91,30
2024-06-09 11:00:00,126,38
2024-06-09 12:00:00,36,17
2024-06-09 13:00:00,155,50
2024-06-09 14:00:00,133,32
2024-06-09 15:00:00,136,33
2024-06-09 16:00:00,125,38
2024-06-09 17:00:00,41,16
2024-06-09 18:00:00,125,48
2024-06-09 19:00:00,101,28
2024-06-09 20:00:00,128,33
2024-06-09 21:00:00,93,34
2024-06-09 22:00:00,73,34
2024-06-09 23:00:00,41,22
2024-06-10 00:00:00,66,34
2024-06-10 01:00:00,62,39
2024-06-10 02:00:00,81,56
2024-06-10 03:00:00,59,26
2024-06-10 04:00:00,72,40
2024-06-10 05:00:00,63,29
2024-06-10 06:00:00,84,32
2024-06-10 07:00:00,74,30
2024-06-10 08:00:00,85,38
2024-06-10 09:00:00,89,22
2024-06-10 10:00:00,116,38
2024-06-10 11:00:00,107,37
2024-06-10 12:00:00,78,36
2024-06-10 13:00:00,124,37
2024-06-10 14:00:00,111,35
2024-06-10 15:00:00,186,39
2024-06-10 16:00:00,165,37
2024-06-10 17:00:00,115,22
2024-06-10 18:00:00,85,44
2024-06-10 19:00:00,90,25
2024-06-10 20:00:00,129,43
2024-06-10 21:00:00,145,32
2024-06-10 22:00:00,103,36
2024-06-10 23:00:00,63,24
2024-06-11 00:00:00,96,41
2024-06-11 01:00:00,92,33
2024-06-11 02:00:00,107,53
2024-06-11 03:00:00,77,32
2024-06-11 04:00:00,53,29
2024-06-11 05:00:00,93,30
2024-06-11 06:00:00,145,61
2024-06-11 07:00:00,105,28
2024-06-11 08:00:00,121,37
2024-06-11 09:00:00,116,39
2024-06-11 10:00:00,110,33
2024-06-11 11:00:00,133,34
2024-06-11 12:00:00,90,30
2024-06-11 13:00:00,105,37
2024-06-11 14:00:00,145,36
2024-06-11 15:00:00,181,34
2024-06-11 16:00:00,179,29
2024-06-11 17:00:00,62,25
2024-06-11 18:00:00,103,37
2024-06-11 19:00:00,102,30
2024-06-11 20:00:00,40,17
2024-06-11 21:00:00,227,51
2024-06-11 22:00:00,132,37
2024-06-11 23:00:00,69,33
2024-06-12 00:00:00,41,27
2024-06-12 01:00:00,85,37
2024-06-12 02:00:00,69,46
2024-06-12 03:00:00,62,32
2024-06-12 04:00:00,68,34
2024-06-12 05:00:00,48,24
2024-06-12 06:00:00,82,40
2024-06-12 07:00:00,84,33
2024-06-12 08:00:00,110,33
2024-06-12 09:00:00,76,34
2024-06-12 10:00:00,54,25
2024-06-12 11:00:00,75,22
2024-06-12 12:00:00,41,50
2024-06-12 13:00:00,186,31
2024-06-12 14:00:00,153,30
2024-06-12 15:00:00,130,32
2024-06-12 16:00:00,71,31
2024-06-12 17:00:00,120,25
2024-06-12 18:00:00,181,50
2024-06-12 19:00:00,49,13
2024-06-12 20:00:00,172,49
2024-06-12 21:00:00,98,35
2024-06-12 22:00:00,97,34
2024-06-12 23:00:00,72,31
2024-06-13 00:00:00,24,18
2024-06-13 01:00:00,76,39
2024-06-13 02:00:00,53,39
2024-06-13 03:00:00,87,38
2024-06-13 04:00:00,76,32
2024-06-13 05:00:00,30,32
2024-06-13 06:00:00,85,39
2024-06-13 07:00:00,87,38
2024-06-13 08:00:00,98,39
2024-06-13 09:00:00,89,31
2024-06-13 10:00:00,105,32
2024-06-13 11:00:00,52,26
2024-06-13 12:00:00,133,40
2024-06-13 13:00:00,96,27
2024-06-13 14:00:00,33,13
2024-06-13 15:00:00,111,23
2024-06-13 16:00:00,188,60
2024-06-13 17:00:00,160,38
2024-06-13 18:00:00,126,34
2024-06-13 19:00:00,118,32
2024-06-13 20:00:00,111,34
2024-06-13 21:00:00,0,0
2024-06-13 22:00:00,94,59
2024-06-13 23:00:00,128,44
2024-06-14 00:00:00,79,29
2024-06-14 01:00:00,68,36
2024-06-14 02:00:00,26,12
2024-06-14 03:00:00,30,19
2024-06-14 04:00:00,63,51
2024-06-14 05:00:00,107,52
2024-06-14 06:00:00,49,29
2024-06-14 07:00:00,109,44
2024-06-14 08:00:00,108,36
2024-06-14 09:00:00,71,33
2024-06-14 10:00:00,83,34
2024-06-14 11:00:00,55,27
2024-06-14 12:00:00,120,38
2024-06-14 13:00:00,78,29
2024-06-14 14:00:00,124,31
2024-06-14 15:00:00,162,35
2024-06-14 16:00:00,103,38
2024-06-14 17:00:00,51,17
2024-06-14 18:00:00,240,44
2024-06-14 19:00:00,94,32
2024-06-14 20:00:00,113,28
2024-06-14 21:00:00,101,38
2024-06-14 22:00:00,104,39
2024-06-14 23:00:00,49,20
2024-06-15 00:00:00,92,38
2024-06-15 01:00:00,55,38
2024-06-15 02:00:00,59,32
2024-06-15 03:00:00,86,33
2024-06-15 04:00:00,49,30
2024-06-15 05:00:00,26,28
2024-06-15 06:00:00,63,43
2024-06-15 07:00:00,52,28
2024-06-15 08:00:00,61,34
2024-06-15 09:00:00,54,30
2024-06-15 10:00:00,57,30
2024-06-15 11:00:00,74,38
2024-06-15 12:00:00,59,18
2024-06-15 13:00:00,117,43
2024-06-15 14:00:00,0,0
2024-06-15 15:00:00,204,72
2024-06-15 16:00:00,113,33
2024-06-15 17:00:00,71,23
2024-06-15 18:00:00,126,40
2024-06-15 19:00:00,59,24
2024-06-15 20:00:00,111,42
2024-06-15 21:00:00,77,31
2024-06-15 22:00:00,96,31
2024-06-15 23:00:00,61,28
2024-06-16 00:00:00,85,38
2024-06-16 01:00:00,34,19
2024-06-16 02:00:00,59,82
2024-06-16 03:00:00,26,62
2024-06-16 04:00:00,73,40
2024-06-16 05:00:00,54,30
2024-06-16 06:00:00,68,38
2024-06-16 07:00:00,77,40
2024-06-16 08:00:00,38,28
2024-06-16 09:00:00,55,18
2024-06-16 10:00:00,116,54
2024-06-16 11:00:00,84,32
2024-06-16 12:00:00,101,297
2024-06-16 13:00:00,35,16
2024-06-16 14:00:00,45,40
2024-06-16 15:00:00,39,43
2024-06-16 16:00:00,182,40
2024-06-16 17:00:00,84,32
2024-06-16 18:00:00,87,30
2024-06-16 19:00:00,41,25
2024-06-16 20:00:00,73,38
2024-06-16 21:00:00,71,38
2024-06-16 22:00:00,70,33
2024-06-16 23:00:00,56,33
2024-06-17 00:00:00,47,30
2024-06-17 01:00:00,40,27
2024-06-17 02:00:00,68,40
2024-06-17 03:00:00,60,34
2024-06-17 04:00:00,53,26
2024-06-17 05:00:00,44,27
2024-06-17 06:00:00,55,32
2024-06-17 07:00:00,126,44
2024-06-17 08:00:00,84,35
2024-06-17 09:00:00,99,35
2024-06-17 10:00:00,99,41
2024-06-17 11:00:00,88,32
2024-06-17 12:00:00,110,35
2024-06-17 13:00:00,131,35
2024-06-17 14:00:00,102,28
2024-06-17 15:00:00,81,31
2024-06-17 16:00:00,125,42
2024-06-17 17:00:00,111,32
2024-06-17 18:00:00,131,35
2024-06-17 19:00:00,80,35
2024-06-17 20:00:00,61,27
2024-06-17 21:00:00,107,39
2024-06-17 22:00:00,51,33
2024-06-17 23:00:00,26,23
2024-06-18 00:00:00,62,39
2024-06-18 01:00:00,146,39
2024-06-18 02:00:00,115,43
2024-06-18 03:00:00,84,33
2024-06-18 04:00:00,111,32
2024-06-18 05:00:00,100,32
2024-06-18 06:00:00,96,38
2024-06-18 07:00:00,57,32
2024-06-18 08:00:00,99,34
2024-06-18 09:00:00,129,39
2024-06-18 10:00:00,111,33
2024-06-18 11:00:00,82,33
2024-06-18 12:00:00,118,32
2024-06-18 13:00:00,126,34
2024-06-18 14:00:00,129,30
2024-06-18 15:00:00,101,39
2024-06-18 16:00:00,133,30
2024-06-18 17:00:00,120,34
2024-06-18 18:00:00,53,19
2024-06-18 19:00:00,125,36
2024-06-18 20:00:00,62,29
2024-06-18 21:00:00,139,48
2024-06-18 22:00:00,95,31
2024-06-18 23:00:00,75,36
2024-06-19 00:00:00,79,28
2024-06-19 01:00:00,56,36
2024-06-19 02:00:00,75,32
2024-06-19 03:00:00,54,36
2024-06-19 04:00:00,67,33
2024-06-19 05:00:00,23,32
2024-06-19 06:00:00,55,31
2024-06-19 07:00:00,75,36
2024-06-19 08:00:00,59,27
2024-06-19 09:00:00,82,37
2024-06-19 10:00:00,74,31
2024-06-19 11:00:00,91,37
2024-06-19 12:00:00,87,26
2024-06-19 13:00:00,101,39
2024-06-19 14:00:00,70,34
2024-06-19 15:00:00,97,29
2024-06-19 16:00:00,35,29
2024-06-19 17:00:00,167,42
2024-06-19 18:00:00,70,30
2024-06-19 19:00:00,115,27
2024-06-19 20:00:00,107,38
2024-06-19 21:00:00,77,36
2024-06-19 22:00:00,42,32
2024-06-19 23:00:00,85,36
2024-06-20 00:00:00,47,34
2024-06-20 01:00:00,38,36
2024-06-20 02:00:00,56,32
2024-06-20 03:00:00,68,33
2024-06-20 04:00:00,36,26
2024-06-20 05:00:00,29,43
2024-06-20 06:00:00,84,33
2024-06-20 07:00:00,64,36
2024-06-20 08:00:00,84,33
2024-06-20 09:00:00,66,25
2024-06-20 10:00:00,87,43
2024-06-20 11:00:00,86,27
2024-06-20 12:00:00,142,43
2024-06-20 13:00:00,102,30
2024-06-20 14:00:00,75,27
2024-06-20 15:00:00,136,38
2024-06-20 16:00:00,75,30
2024-06-20 17:00:00,90,34
2024-06-20 18:00:00,96,28
2024-06-20 19:00:00,161,34
2024-06-20 20:00:00,81,41
2024-06-20 21:00:00,66,31
2024-06-20 22:00:00,82,23
2024-06-20 23:00:00,94,51
2024-06-21 00:00:00,55,42
2024-06-21 01:00:00,57,30
2024-06-21 02:00:00,59,34
2024-06-21 03:00:00,64,36
2024-06-21 04:00:00,36,30
2024-06-21 05:00:00,27,21
2024-06-21 06:00:00,87,46
2024-06-21 07:00:00,69,31
2024-06-21 08:00:00,49,20
2024-06-21 09:00:00,114,42
2024-06-21 10:00:00,101,44
2024-06-21 11:00:00,86,30
2024-06-21 12:00:00,87,34
2024-06-21 13:00:00,68,30
2024-06-21 14:00:00,87,36
2024-06-21 15:00:00,83,32
2024-06-21 16:00:00,60,33
2024-06-21 17:00:00,34,23
2024-06-21 18:00:00,165,34
2024-06-21 19:00:00,148,44
2024-06-21 20:00:00,94,27
2024-06-21 21:00:00,65,26
2024-06-21 22:00:00,86,40
2024-06-21 23:00:00,100,44
2024-06-22 00:00:00,84,29
2024-06-22 01:00:00,49,34
2024-06-22 02:00:00,50,30
2024-06-22 03:00:00,59,35
2024-06-22 04:00:00,32,20
2024-06-22 05:00:00,76,41
2024-06-22 06:00:00,47,39
2024-06-22 07:00:00,69,35
2024-06-22 08:00:00,70,31
2024-06-22 09:00:00,63,36
2024-06-22 10:00:00,60,27
2024-06-22 11:00:00,54,35
2024-06-22 12:00:00,98,33
2024-06-22 13:00:00,77,36
2024-06-22 14:00:00,98,30
2024-06-22 15:00:00,76,29
2024-06-22 16:00:00,102,41
2024-06-22 17:00:00,76,34
2024-06-22 18:00:00,31,22
2024-06-22 19:00:00,114,42
2024-06-22 20:00:00,80,31
2024-06-22 21:00:00,42,25
2024-06-22 22:00:00,59,31
2024-06-22 23:00:00,41,38
2024-06-23 00:00:00,62,30
2024-06-23 01:00:00,26,30
2024-06-23 02:00:00,55,37
2024-06-23 03:00:00,46,28
2024-06-23 04:00:00,40,36
2024-06-23 05:00:00,43,32
2024-06-23 06:00:00,27,35
2024-06-23 07:00:00,36,27
2024-06-23 08:00:00,48,35
2024-06-23 09:00:00,58,35
2024-06-23 10:00:00,61,30
2024-06-23 11:00:00,12,6
2024-06-23 12:00:00,38,31
2024-06-23 13:00:00,137,61
2024-06-23 14:00:00,23,12
2024-06-23 15:00:00,72,29
2024-06-23 16:00:00,111,51
2024-06-23 17:00:00,108,44
2024-06-23 18:00:00,11,2
2024-06-23 19:00:00,128,61
2024-06-23 20:00:00,73,30
2024-06-23 21:00:00,67,40
2024-06-23 22:00:00,58,25
2024-06-23 23:00:00,74,41
2024-06-24 00:00:00,53,27
2024-06-24 01:00:00,36,25
2024-06-24 02:00:00,76,43
2024-06-24 03:00:00,63,34
2024-06-24 04:00:00,55,34
2024-06-24 05:00:00,31,25
2024-06-24 06:00:00,125,50
2024-06-24 07:00:00,77,35
2024-06-24 08:00:00,68,35
2024-06-24 09:00:00,96,28
2024-06-24 10:00:00,128,45
2024-06-24 11:00:00,73,27
2024-06-24 12:00:00,176,55
2024-06-24 13:00:00,118,34
2024-06-24 14:00:00,94,29
2024-06-24 15:00:00,87,28
2024-06-24 16:00:00,144,53
2024-06-24 17:00:00,91,26
2024-06-24 18:00:00,171,52
2024-06-24 19:00:00,107,33
2024-06-24 20:00:00,140,35
2024-06-24 21:00:00,90,34
2024-06-24 22:00:00,78,32
2024-06-24 23:00:00,93,36
2024-06-25 00:00:00,62,33
2024-06-25 01:00:00,19,21
2024-06-25 02:00:00,65,43
2024-06-25 03:00:00,25,23
2024-06-25 04:00:00,78,289
2024-06-25 05:00:00,28,20
2024-06-25 06:00:00,29,40
2024-06-25 07:00:00,74,37
2024-06-25 08:00:00,0,0
2024-06-25 09:00:00,100,66
2024-06-25 10:00:00,98,37
2024-06-25 11:00:00,89,27
2024-06-25 12:00:00,156,38
2024-06-25 13:00:00,71,48
2024-06-25 14:00:00,135,49
2024-06-25 15:00:00,73,98
2024-06-25 16:00:00,134,43
2024-06-25 17:00:00,71,24
2024-06-25 18:00:00,112,39
2024-06-25 19:00:00,77,32
2024-06-25 20:00:00,94,24
2024-06-25 21:00:00,68,32
2024-06-25 22:00:00,92,38
2024-06-25 23:00:00,24,13
2024-06-26 00:00:00,47,44
2024-06-26 01:00:00,51,23
2024-06-26 02:00:00,56,137
2024-06-26 03:00:00,53,36
2024-06-26 04:00:00,47,86
2024-06-26 05:00:00,46,27
2024-06-26 06:00:00,69,44
2024-06-26 07:00:00,69,32
2024-06-26 08:00:00,71,32
2024-06-26 09:00:00,72,34
2024-06-26 10:00:00,74,33
2024-06-26 11:00:00,59,24
2024-06-26 12:00:00,115,40
2024-06-26 13:00:00,72,27
2024-06-26 14:00:00,38,18
2024-06-26 15:00:00,107,49
2024-06-26 16:00:00,152,102
2024-06-26 17:00:00,73,27
2024-06-26 18:00:00,135,162
2024-06-26 19:00:00,69,30
2024-06-26 20:00:00,106,37
2024-06-26 21:00:00,71,32
2024-06-26 22:00:00,76,24
2024-06-26 23:00:00,70,37
2024-06-27 00:00:00,98,37
2024-06-27 01:00:00,53,33
2024-06-27 02:00:00,35,29
2024-06-27 03:00:00,51,37
2024-06-27 04:00:00,58,33
2024-06-27 05:00:00,40,25
2024-06-27 06:00:00,58,111
2024-06-27 07:00:00,31,25
2024-06-27 08:00:00,0,0
2024-06-27 09:00:00,69,69
2024-06-27 10:00:00,131,139
2024-06-27 11:00:00,88,33
2024-06-27 12:00:00,139,31
2024-06-27 13:00:00,126,37
2024-06-27 14:00:00,114,34
2024-06-27 15:00:00,107,32
2024-06-27 16:00:00,55,32
2024-06-27 17:00:00,117,23
2024-06-27 18:00:00,50,34
2024-06-27 19:00:00,81,30
2024-06-27 20:00:00,117,109
2024-06-27 21:00:00,134,36
2024-06-27 22:00:00,76,156
2024-06-27 23:00:00,79,33
2024-06-28 00:00:00,14,3
2024-06-28 01:00:00,102,62
2024-06-28 02:00:00,70,32
2024-06-28 03:00:00,50,34
2024-06-28 04:00:00,37,28
2024-06-28 05:00:00,62,35
2024-06-28 06:00:00,83,32
2024-06-28 07:00:00,22,13
2024-06-28 08:00:00,99,224
2024-06-28 09:00:00,61,32
2024-06-28 10:00:00,72,24
2024-06-28 11:00:00,80,37
2024-06-28 12:00:00,0,0
2024-06-28 13:00:00,159,170
2024-06-28 14:00:00,164,37
2024-06-28 15:00:00,112,29
2024-06-28 16:00:00,107,35
2024-06-28 17:00:00,96,33
2024-06-28 18:00:00,121,33
2024-06-28 19:00:00,64,31
2024-06-28 20:00:00,72,33
2024-06-28 21:00:00,88,35
2024-06-28 22:00:00,62,31
2024-06-28 23:00:00,61,20
2024-06-29 00:00:00,80,45
2024-06-29 01:00:00,52,29
2024-06-29 02:00:00,64,148
2024-06-29 03:00:00,42,28
2024-06-29 04:00:00,36,97
2024-06-29 05:00:00,53,42
2024-06-29 06:00:00,40,33
2024-06-29 07:00:00,30,29
2024-06-29 08:00:00,60,28
2024-06-29 09:00:00,58,41
2024-06-29 10:00:00,55,34
2024-06-29 11:00:00,49,32
2024-06-29 12:00:00,87,31
2024-06-29 13:00:00,62,182
2024-06-29 14:00:00,95,39
2024-06-29 15:00:00,52,19
2024-06-29 16:00:00,84,32
2024-06-29 17:00:00,120,46
2024-06-29 18:00:00,66,26
2024-06-29 19:00:00,72,37
2024-06-29 20:00:00,62,28
2024-06-29 21:00:00,83,35
2024-06-29 22:00:00,53,30
2024-06-29 23:00:00,59,38
2024-06-30 00:00:00,52,31
2024-06-30 01:00:00,28,32
2024-06-30 02:00:00,45,169
2024-06-30 03:00:00,40,38
2024-06-30 04:00:00,39,64
2024-06-30 05:00:00,33,27
2024-06-30 06:00:00,37,38
2024-06-30 07:00:00,14,7
2024-06-30 08:00:00,89,53
2024-06-30 09:00:00,65,31
2024-06-30 10:00:00,63,34
2024-06-30 11:00:00,68,35
2024-06-30 12:00:00,34,20
2024-06-30 13:00:00,72,35
2024-06-30 14:00:00,104,202
2024-06-30 15:00:00,63,33
2024-06-30 16:00:00,52,25
2024-06-30 17:00:00,99,42
2024-06-30 18:00:00,82,33
2024-06-30 19:00:00,54,30
2024-06-30 20:00:00,0,0
2024-06-30 21:00:00,130,62
2024-06-30 22:00:00,43,19
2024-06-30 23:00:00,94,49
2024-07-01 00:00:00,59,31
2024-07-01 01:00:00,56,34
2024-07-01 02:00:00,65,29
2024-07-01 03:00:00,49,34
2024-07-01 04:00:00,40,205
2024-07-01 05:00:00,33,32
2024-07-01 06:00:00,50,24
2024-07-01 07:00:00,26,28
2024-07-01 08:00:00,70,48
2024-07-01 09:00:00,64,35
2024-07-01 10:00:00,142,32
2024-07-01 11:00:00,90,32
2024-07-01 12:00:00,106,27
2024-07-01 13:00:00,101,36
2024-07-01 14:00:00,53,19
2024-07-01 15:00:00,149,47
2024-07-01 16:00:00,106,211
2024-07-01 17:00:00,147,34
2024-07-01 18:00:00,123,33
2024-07-01 19:00:00,76,32
2024-07-01 20:00:00,90,34
2024-07-01 21:00:00,94,24
2024-07-01 22:00:00,86,39
2024-07-01 23:00:00,53,16
2024-07-02 00:00:00,116,47
2024-07-02 01:00:00,43,20
2024-07-02 02:00:00,60,42
2024-07-02 03:00:00,55,44
2024-07-02 04:00:00,81,33
2024-07-02 05:00:00,41,30
2024-07-02 06:00:00,57,202
2024-07-02 07:00:00,66,37
2024-07-02 08:00:00,82,52
2024-07-02 09:00:00,60,24
2024-07-02 10:00:00,107,39
2024-07-02 11:00:00,61,31
2024-07-02 12:00:00,92,39
2024-07-02 13:00:00,126,26
2024-07-02 14:00:00,120,39
2024-07-02 15:00:00,122,108
2024-07-02 16:00:00,97,31
2024-07-02 17:00:00,81,37
2024-07-02 18:00:00,100,29
2024-07-02 19:00:00,69,35
2024-07-02 20:00:00,81,25
2024-07-02 21:00:00,60,42
2024-07-02 22:00:00,109,32
2024-07-02 23:00:00,37,31
2024-07-03 00:00:00,110,34
2024-07-03 01:00:00,47,32
2024-07-03 02:00:00,60,29
2024-07-03 03:00:00,52,27
2024-07-03 04:00:00,83,41
2024-07-03 05:00:00,53,27
2024-07-03 06:00:00,56,40
2024-07-03 07:00:00,57,33
2024-07-03 08:00:00,81,26
2024-07-03 09:00:00,73,40
2024-07-03 10:00:00,56,23
2024-07-03 11:00:00,84,33
2024-07-03 12:00:00,100,236
2024-07-03 13:00:00,95,40
2024-07-03 14:00:00,103,29
2024-07-03 15:00:00,128,35
2024-07-03 16:00:00,100,30
2024-07-03 17:00:00,98,36
2024-07-03 18:00:00,135,28
2024-07-03 19:00:00,97,37
2024-07-03 20:00:00,110,30
2024-07-03 21:00:00,80,28
2024-07-03 22:00:00,60,35
2024-07-03 23:00:00,83,35
2024-07-04 00:00:00,85,223
2024-07-04 01:00:00,54,35
2024-07-04 02:00:00,80,31
2024-07-04 03:00:00,74,33
2024-07-04 04:00:00,60,34
2024-07-04 05:00:00,49,26
2024-07-04 06:00:00,85,39
2024-07-04 07:00:00,59,31
2024-07-04 08:00:00,58,23
2024-07-04 09:00:00,84,43
2024-07-04 10:00:00,46,21
2024-07-04 11:00:00,49,35
2024-07-04 12:00:00,74,41
2024-07-04 13:00:00,223,40
2024-07-04 14:00:00,189,217
2024-07-04 15:00:00,116,36
2024-07-04 16:00:00,81,23
2024-07-04 17:00:00,145,43
2024-07-04 18:00:00,93,32
2024-07-04 19:00:00,77,35
2024-07-04 20:00:00,64,27
2024-07-04 21:00:00,58,29
2024-07-04 22:00:00,107,40
2024-07-04 23:00:00,48,33
2024-07-05 00:00:00,88,32
2024-07-05 01:00:00,83,33
2024-07-05 02:00:00,35,22
2024-07-05 03:00:00,181,51
2024-07-05 04:00:00,51,196
2024-07-05 05:00:00,134,41
2024-07-05 06:00:00,114,40
2024-07-05 07:00:00,103,42
2024-07-05 08:00:00,52,16
2024-07-05 09:00:00,103,35
2024-07-05 10:00:00,116,37
2024-07-05 11:00:00,126,34
2024-07-05 12:00:00,105,31
2024-07-05 13:00:00,64,26
2024-07-05 14:00:00,83,39
2024-07-05 15:00:00,139,225
2024-07-05 16:00:00,245,42
2024-07-05 17:00:00,29,6
2024-07-05 18:00:00,207,55
2024-07-05 19:00:00,96,34
2024-07-05 20:00:00,63,28
2024-07-05 21:00:00,47,39
2024-07-05 22:00:00,105,27
2024-07-05 23:00:00,92,36
2024-07-06 00:00:00,56,34
2024-07-06 01:00:00,31,31
2024-07-06 02:00:00,69,36
2024-07-06 03:00:00,34,30
2024-07-06 04:00:00,39,214
2024-07-06 05:00:00,50,38
2024-07-06 06:00:00,55,37
2024-07-06 07:00:00,52,34
2024-07-06 08:00:00,58,32
2024-07-06 09:00:00,80,33
2024-07-06 10:00:00,76,31
2024-07-06 11:00:00,30,15
2024-07-06 12:00:00,113,50
2024-07-06 13:00:00,79,189
2024-07-06 14:00:00,61,23
2024-07-06 15:00:00,63,31
2024-07-06 16:00:00,76,39
2024-07-06 17:00:00,96,37
2024-07-06 18:00:00,116,33
2024-07-06 19:00:00,81,32
2024-07-06 20:00:00,69,27
2024-07-06 21:00:00,64,31
2024-07-06 22:00:00,53,31
2024-07-06 23:00:00,153,39
2024-07-07 00:00:00,95,30
2024-07-07 01:00:00,48,30
2024-07-07 02:00:00,40,215
2024-07-07 03:00:00,44,31
2024-07-07 04:00:00,41,35
2024-07-07 05:00:00,28,21
2024-07-07 06:00:00,73,44
2024-07-07 07:00:00,42,27
2024-07-07 08:00:00,86,37
2024-07-07 09:00:00,48,24
2024-07-07 10:00:00,36,28
2024-07-07 11:00:00,56,35
2024-07-07 12:00:00,88,41
2024-07-07 13:00:00,68,32
2024-07-07 14:00:00,21,98
2024-07-07 15:00:00,90,48
2024-07-07 16:00:00,70,28
2024-07-07 17:00:00,84,41
2024-07-07 18:00:00,64,29
2024-07-07 19:00:00,59,36
2024-07-07 20:00:00,74,31
2024-07-07 21:00:00,52,33
2024-07-07 22:00:00,34,33
2024-07-07 23:00:00,32,29
2024-07-08 00:00:00,83,31
2024-07-08 01:00:00,52,29
2024-07-08 02:00:00,61,118
2024-07-08 03:00:00,36,31
2024-07-08 04:00:00,57,137
2024-07-08 05:00:00,48,31
2024-07-08 06:00:00,62,33
2024-07-08 07:00:00,44,30
2024-07-08 08:00:00,77,38
2024-07-08 09:00:00,72,35
2024-07-08 10:00:00,94,31
2024-07-08 11:00:00,69,30
2024-07-08 12:00:00,83,31
2024-07-08 13:00:00,107,35
2024-07-08 14:00:00,96,36
2024-07-08 15:00:00,72,31
2024-07-08 16:00:00,76,116
2024-07-08 17:00:00,127,45
2024-07-08 18:00:00,101,115
2024-07-08 19:00:00,77,36
2024-07-08 20:00:00,88,41
2024-07-08 21:00:00,61,33
2024-07-08 22:00:00,18,21
2024-07-08 23:00:00,89,42
2024-07-09 00:00:00,56,32
2024-07-09 01:00:00,42,28
2024-07-09 02:00:00,65,201
2024-07-09 03:00:00,40,27
2024-07-09 04:00:00,51,35
2024-07-09 05:00:00,35,32
2024-07-09 06:00:00,24,31
2024-07-09 07:00:00,80,30
2024-07-09 08:00:00,77,38
2024-07-09 09:00:00,74,35
2024-07-09 10:00:00,70,24
2024-07-09 11:00:00,101,44
2024-07-09 12:00:00,67,195
2024-07-09 13:00:00,64,28
2024-07-09 14:00:00,103,33
2024-07-09 15:00:00,85,37
2024-07-09 16:00:00,44,22
2024-07-09 17:00:00,115,39
2024-07-09 18:00:00,106,36
2024-07-09 19:00:00,47,31
2024-07-09 20:00:00,69,27
2024-07-09 21:00:00,38,34
2024-07-09 22:00:00,83,24
2024-07-09 23:00:00,73,38
2024-07-10 00:00:00,62,37
2024-07-10 01:00:00,37,132
2024-07-10 02:00:00,33,178
2024-07-10 03:00:00,85,45
2024-07-10 04:00:00,53,66
2024-07-10 05:00:00,32,42
2024-07-10 06:00:00,17,23
2024-07-10 07:00:00,101,46
2024-07-10 08:00:00,38,20
2024-07-10 09:00:00,97,46
2024-07-10 10:00:00,62,27
2024-07-10 11:00:00,93,36
2024-07-10 12:00:00,58,32
2024-07-10 13:00:00,35,30
2024-07-10 14:00:00,82,36
2024-07-10 15:00:00,59,15
2024-07-10 16:00:00,184,202
2024-07-10 17:00:00,81,31
2024-07-10 18:00:00,92,67
2024-07-10 19:00:00,57,29
2024-07-10 20:00:00,99,37
2024-07-10 21:00:00,89,34
2024-07-10 22:00:00,41,28
2024-07-10 23:00:00,70,43
2024-07-11 00:00:00,76,33
2024-07-11 01:00:00,53,42
2024-07-11 02:00:00,53,228
2024-07-11 03:00:00,36,25
2024-07-11 04:00:00,29,60
2024-07-11 05:00:00,43,28
2024-07-11 06:00:00,79,78
2024-07-11 07:00:00,81,40
2024-07-11 08:00:00,46,28
2024-07-11 09:00:00,74,35
2024-07-11 10:00:00,78,33
2024-07-11 11:00:00,69,35
2024-07-11 12:00:00,78,33
2024-07-11 13:00:00,113,36
2024-07-11 14:00:00,70,206
2024-07-11 15:00:00,121,39
2024-07-11 16:00:00,87,26
2024-07-11 17:00:00,112,40
2024-07-11 18:00:00,93,32
2024-07-11 19:00:00,81,31
2024-07-11 20:00:00,86,31
2024-07-11 21:00:00,61,24
2024-07-11 22:00:00,87,44
2024-07-11 23:00:00,69,33
2024-07-12 00:00:00,50,32
2024-07-12 01:00:00,33,274
2024-07-12 02:00:00,55,245
2024-07-12 03:00:00,45,27
2024-07-12 04:00:00,58,75
2024-07-12 05:00:00,19,25
2024-07-12 06:00:00,53,52
2024-07-12 07:00:00,69,134
2024-07-12 08:00:00,76,78
2024-07-12 09:00:00,58,46
2024-07-12 10:00:00,53,28
2024-07-12 11:00:00,77,39
2024-07-12 12:00:00,78,29
2024-07-12 13:00:00,73,29
2024-07-12 14:00:00,116,61
2024-07-12 15:00:00,59,33
2024-07-12 16:00:00,47,12
2024-07-12 17:00:00,82,43
2024-07-12 18:00:00,190,41
2024-07-12 19:00:00,61,23
2024-07-12 20:00:00,113,174
2024-07-12 21:00:00,51,26
2024-07-12 22:00:00,80,90
2024-07-12 23:00:00,55,31
2024-07-13 00:00:00,57,31
2024-07-13 01:00:00,28,28
2024-07-13 02:00:00,30,32
2024-07-13 03:00:00,35,32
2024-07-13 04:00:00,43,38
2024-07-13 05:00:00,13,34
2024-07-13 06:00:00,65,30
2024-07-13 07:00:00,35,29
2024-07-13 08:00:00,53,37
2024-07-13 09:00:00,43,31
2024-07-13 10:00:00,39,60
2024-07-13 11:00:00,55,37
2024-07-13 12:00:00,50,46
2024-07-13 13:00:00,86,56
2024-07-13 14:00:00,85,70
2024-07-13 15:00:00,168,146
2024-07-13 16:00:00,91,33
2024-07-13 17:00:00,72,33
2024-07-13 18:00:00,64,28
2024-07-13 19:00:00,65,31
2024-07-13 20:00:00,79,34
2024-07-13 21:00:00,67,33
2024-07-13 22:00:00,76,36
2024-07-13 23:00:00,52,33
2024-07-14 00:00:00,38,25
2024-07-14 01:00:00,45,38
2024-07-14 02:00:00,41,94
2024-07-14 03:00:00,50,30
2024-07-14 04:00:00,45,146
2024-07-14 05:00:00,40,37
2024-07-14 06:00:00,58,36
2024-07-14 07:00:00,28,17
2024-07-14 08:00:00,69,45
2024-07-14 09:00:00,70,35
2024-07-14 10:00:00,31,21
2024-07-14 11:00:00,74,42
2024-07-14 12:00:00,72,33
2024-07-14 13:00:00,44,26
2024-07-14 14:00:00,78,323
2024-07-14 15:00:00,104,38
2024-07-14 16:00:00,66,27
2024-07-14 17:00:00,62,36
2024-07-14 18:00:00,101,30
2024-07-14 19:00:00,144,31
2024-07-14 20:00:00,125,31
2024-07-14 21:00:00,98,35
2024-07-14 22:00:00,89,28
2024-07-14 23:00:00,65,36
2024-07-15 00:00:00,46,27
2024-07-15 01:00:00,59,35
2024-07-15 02:00:00,62,35
2024-07-15 03:00:00,76,31
2024-07-15 04:00:00,28,105
2024-07-15 05:00:00,47,22
2024-07-15 06:00:00,66,68
2024-07-15 07:00:00,72,51
2024-07-15 08:00:00,56,95
2024-07-15 09:00:00,124,45
2024-07-15 10:00:00,60,26
2024-07-15 11:00:00,73,38
2024-07-15 12:00:00,92,32
2024-07-15 13:00:00,81,28
2024-07-15 14:00:00,117,36
2024-07-15 15:00:00,37,17
2024-07-15 16:00:00,189,48
2024-07-15 17:00:00,130,34
2024-07-15 18:00:00,92,182
2024-07-15 19:00:00,93,37
2024-07-15 20:00:00,35,37
2024-07-15 21:00:00,143,59
2024-07-15 22:00:00,71,29
2024-07-15 23:00:00,65,39
2024-07-16 00:00:00,55,22
2024-07-16 01:00:00,77,43
2024-07-16 02:00:00,60,31
2024-07-16 03:00:00,66,33
2024-07-16 04:00:00,48,34
2024-07-16 05:00:00,58,26
2024-07-16 06:00:00,95,42
2024-07-16 07:00:00,69,29
2024-07-16 08:00:00,95,212
2024-07-16 09:00:00,80,29
2024-07-16 10:00:00,100,38
2024-07-16 11:00:00,57,25
2024-07-16 12:00:00,124,35
2024-07-16 13:00:00,123,37
2024-07-16 14:00:00,55,24
2024-07-16 15:00:00,33,183
2024-07-16 16:00:00,165,58
2024-07-16 17:00:00,74,21
2024-07-16 18:00:00,96,35
2024-07-16 19:00:00,113,38
2024-07-16 20:00:00,93,41
2024-07-16 21:00:00,88,33
2024-07-16 22:00:00,72,32
2024-07-16 23:00:00,51,29
2024-07-17 00:00:00,99,37
2024-07-17 01:00:00,53,32
2024-07-17 02:00:00,67,32
2024-07-17 03:00:00,55,36
2024-07-17 04:00:00,32,204
2024-07-17 05:00:00,41,27
2024-07-17 06:00:00,56,44
2024-07-17 07:00:00,45,17
2024-07-17 08:00:00,93,34
2024-07-17 09:00:00,58,26
2024-07-17 10:00:00,71,34
2024-07-17 11:00:00,117,40
2024-07-17 12:00:00,93,36
2024-07-17 13:00:00,75,26
2024-07-17 14:00:00,51,36
2024-07-17 15:00:00,67,28
2024-07-17 16:00:00,175,42
2024-07-17 17:00:00,100,34
2024-07-17 18:00:00,59,206
2024-07-17 19:00:00,91,29
2024-07-17 20:00:00,104,53
2024-07-17 21:00:00,86,30
2024-07-17 22:00:00,72,29
2024-07-17 23:00:00,66,38
2024-07-18 00:00:00,48,28
2024-07-18 01:00:00,61,32
2024-07-18 02:00:00,31,34
2024-07-18 03:00:00,84,34
2024-07-18 04:00:00,63,34
2024-07-18 05:00:00,31,32
2024-07-18 06:00:00,55,29
2024-07-18 07:00:00,69,36
2024-07-18 08:00:00,71,190
2024-07-18 09:00:00,31,19
2024-07-18 10:00:00,94,63
2024-07-18 11:00:00,57,25
2024-07-18 12:00:00,90,37
2024-07-18 13:00:00,83,31
2024-07-18 14:00:00,101,110
2024-07-18 15:00:00,84,88
2024-07-18 16:00:00,115,38
2024-07-18 17:00:00,73,30
2024-07-18 18:00:00,80,34
2024-07-18 19:00:00,64,32
2024-07-18 20:00:00,66,29
2024-07-18 21:00:00,66,29
2024-07-18 22:00:00,93,38
2024-07-18 23:00:00,49,26
2024-07-19 00:00:00,68,34
2024-07-19 01:00:00,50,35
2024-07-19 02:00:00,40,23
2024-07-19 03:00:00,52,38
2024-07-19 04:00:00,62,192
2024-07-19 05:00:00,41,31
2024-07-19 06:00:00,60,52
2024-07-19 07:00:00,71,49
2024-07-19 08:00:00,57,128
2024-07-19 09:00:00,28,41
2024-07-19 10:00:00,102,26
2024-07-19 11:00:00,97,37
2024-07-19 12:00:00,29,22
2024-07-19 13:00:00,131,43
2024-07-19 14:00:00,139,32
2024-07-19 15:00:00,22,17
2024-07-19 16:00:00,147,42
2024-07-19 17:00:00,102,36
2024-07-19 18:00:00,105,30
2024-07-19 19:00:00,126,34
2024-07-19 20:00:00,73,32
2024-07-19 21:00:00,118,34
2024-07-19 22:00:00,72,222
2024-07-19 23:00:00,73,35
2024-07-20 00:00:00,125,41
2024-07-20 01:00:00,38,22
2024-07-20 02:00:00,62,40
2024-07-20 03:00:00,46,34
2024-07-20 04:00:00,32,31
2024-07-20 05:00:00,69,23
2024-07-20 06:00:00,74,37
2024-07-20 07:00:00,40,34
2024-07-20 08:00:00,101,33
2024-07-20 09:00:00,52,33
2024-07-20 10:00:00,59,31
2024-07-20 11:00:00,67,35
2024-07-20 12:00:00,103,201
2024-07-20 13:00:00,40,15
2024-07-20 14:00:00,73,80
2024-07-20 15:00:00,81,32
2024-07-20 16:00:00,96,35
2024-07-20 17:00:00,88,39
2024-07-20 18:00:00,80,30
2024-07-20 19:00:00,60,32
2024-07-20 20:00:00,98,35
2024-07-20 21:00:00,49,23
2024-07-20 22:00:00,86,39
2024-07-20 23:00:00,46,30
2024-07-21 00:00:00,52,23
2024-07-21 01:00:00,38,33
2024-07-21 02:00:00,54,34
2024-07-21 03:00:00,39,34
2024-07-21 04:00:00,40,207
2024-07-21 05:00:00,26,27
2024-07-21 06:00:00,41,35
2024-07-21 07:00:00,71,35
2024-07-21 08:00:00,58,23
2024-07-21 09:00:00,63,31
2024-07-21 10:00:00,64,32
2024-07-21 11:00:00,49,30
2024-07-21 12:00:00,57,28
2024-07-21 13:00:00,56,172
2024-07-21 14:00:00,53,27
2024-07-21 15:00:00,98,41
2024-07-21 16:00:00,68,29
2024-07-21 17:00:00,51,22
2024-07-21 18:00:00,76,32
2024-07-21 19:00:00,72,35
2024-07-21 20:00:00,68,38
2024-07-21 21:00:00,93,32
2024-07-21 22:00:00,83,32
2024-07-21 23:00:00,36,30
2024-07-22 00:00:00,27,38
2024-07-22 01:00:00,43,29
2024-07-22 02:00:00,46,164
2024-07-22 03:00:00,67,31
2024-07-22 04:00:00,68,87
2024-07-22 05:00:00,36,25
2024-07-22 06:00:00,61,38
2024-07-22 07:00:00,63,30
2024-07-22 08:00:00,60,33
2024-07-22 09:00:00,51,168
2024-07-22 10:00:00,91,38
2024-07-22 11:00:00,79,38
2024-07-22 12:00:00,78,30
2024-07-22 13:00:00,70,30
2024-07-22 14:00:00,124,35
2024-07-22 15:00:00,101,31
2024-07-22 16:00:00,127,32
2024-07-22 17:00:00,82,32
2024-07-22 18:00:00,81,23
2024-07-22 19:00:00,109,35
2024-07-22 20:00:00,102,33
2024-07-22 21:00:00,74,31
2024-07-22 22:00:00,47,220
2024-07-22 23:00:00,102,51
2024-07-23 00:00:00,55,24
2024-07-23 01:00:00,57,40
2024-07-23 02:00:00,51,23
2024-07-23 03:00:00,42,39
2024-07-23 04:00:00,50,29
2024-07-23 05:00:00,46,31
2024-07-23 06:00:00,62,37
2024-07-23 07:00:00,60,26
2024-07-23 08:00:00,97,181
2024-07-23 09:00:00,61,31
2024-07-23 10:00:00,123,31
2024-07-23 11:00:00,74,140
2024-07-23 12:00:00,83,36
2024-07-23 13:00:00,58,32
2024-07-23 14:00:00,140,20
2024-07-23 15:00:00,130,41
2024-07-23 16:00:00,106,33
2024-07-23 17:00:00,115,37
2024-07-23 18:00:00,101,28
2024-07-23 19:00:00,101,36
2024-07-23 20:00:00,95,31
2024-07-23 21:00:00,79,31
2024-07-23 22:00:00,75,31
2024-07-23 23:00:00,88,37
2024-07-24 00:00:00,51,157
2024-07-24 01:00:00,87,34
2024-07-24 02:00:00,56,100
2024-07-24 03:00:00,42,106
2024-07-24 04:00:00,42,25
2024-07-24 05:00:00,30,33
2024-07-24 06:00:00,67,37
2024-07-24 07:00:00,43,24
2024-07-24 08:00:00,35,20
2024-07-24 09:00:00,88,52
2024-07-24 10:00:00,62,26
2024-07-24 11:00:00,22,35
2024-07-24 12:00:00,137,37
2024-07-24 13:00:00,124,180
2024-07-24 14:00:00,69,15
2024-07-24 15:00:00,55,49
2024-07-24 16:00:00,194,31
2024-07-24 17:00:00,100,29
2024-07-24 18:00:00,79,27
2024-07-24 19:00:00,100,42
2024-07-24 20:00:00,70,27
2024-07-24 21:00:00,81,36
2024-07-24 22:00:00,96,31
2024-07-24 23:00:00,51,28
2024-07-25 00:00:00,34,21
2024-07-25 01:00:00,91,46
2024-07-25 02:00:00,76,183
2024-07-25 03:00:00,54,37
2024-07-25 04:00:00,44,67
2024-07-25 05:00:00,47,41
2024-07-25 06:00:00,62,24
2024-07-25 07:00:00,81,38
2024-07-25 08:00:00,80,35
2024-07-25 09:00:00,57,30
2024-07-25 10:00:00,85,183
2024-07-25 11:00:00,87,38
2024-07-25 12:00:00,90,35
2024-07-25 13:00:00,99,29
2024-07-25 14:00:00,98,31
2024-07-25 15:00:00,92,31
2024-07-25 16:00:00,96,28
2024-07-25 17:00:00,96,39
2024-07-25 18:00:00,6,1
2024-07-25 19:00:00,173,60
2024-07-25 20:00:00,74,28
2024-07-25 21:00:00,88,36
2024-07-25 22:00:00,96,163
2024-07-25 23:00:00,60,31
2024-07-26 00:00:00,63,99
2024-07-26 01:00:00,59,32
2024-07-26 02:00:00,38,29
2024-07-26 03:00:00,48,30
2024-07-26 04:00:00,62,37
2024-07-26 05:00:00,43,25
2024-07-26 06:00:00,76,40
2024-07-26 07:00:00,77,33
2024-07-26 08:00:00,58,22
2024-07-26 09:00:00,95,44
2024-07-26 10:00:00,19,25
2024-07-26 11:00:00,116,35
2024-07-26 12:00:00,87,150
2024-07-26 13:00:00,133,35
2024-07-26 14:00:00,116,98
2024-07-26 15:00:00,96,26
2024-07-26 16:00:00,124,35
2024-07-26 17:00:00,83,27
2024-07-26 18:00:00,78,26
2024-07-26 19:00:00,121,41
2024-07-26 20:00:00,108,32
2024-07-26 21:00:00,79,36
2024-07-26 22:00:00,57,26
2024-07-26 23:00:00,20,10
2024-07-27 00:00:00,103,64
2024-07-27 01:00:00,52,32
2024-07-27 02:00:00,58,152
2024-07-27 03:00:00,45,32
2024-07-27 04:00:00,36,97
2024-07-27 05:00:00,45,31
2024-07-27 06:00:00,45,28
2024-07-27 07:00:00,78,37
2024-07-27 08:00:00,93,33
2024-07-27 09:00:00,66,23
2024-07-27 10:00:00,58,31
2024-07-27 11:00:00,106,41
2024-07-27 12:00:00,70,25
2024-07-27 13:00:00,97,39
2024-07-27 14:00:00,93,191
2024-07-27 15:00:00,118,32
2024-07-27 16:00:00,123,45
2024-07-27 17:00:00,102,32
2024-07-27 18:00:00,59,26
2024-07-27 19:00:00,79,28
2024-07-27 20:00:00,123,41
2024-07-27 21:00:00,22,30
2024-07-27 22:00:00,117,31
2024-07-27 23:00:00,49,31
2024-07-28 00:00:00,50,31
2024-07-28 01:00:00,54,36
2024-07-28 02:00:00,56,205
2024-07-28 03:00:00,61,29
2024-07-28 04:00:00,63,35
2024-07-28 05:00:00,55,32
2024-07-28 06:00:00,35,25
2024-07-28 07:00:00,59,40
2024-07-28 08:00:00,58,31
2024-07-28 09:00:00,63,30
2024-07-28 10:00:00,58,28
2024-07-28 11:00:00,51,37
2024-07-28 12:00:00,73,54
2024-07-28 13:00:00,66,173
2024-07-28 14:00:00,61,23
2024-07-28 15:00:00,80,38
2024-07-28 16:00:00,68,32
2024-07-28 17:00:00,61,28
2024-07-28 18:00:00,66,33
2024-07-28 19:00:00,51,25
2024-07-28 20:00:00,114,43
2024-07-28 21:00:00,42,25
2024-07-28 22:00:00,73,37
2024-07-28 23:00:00,41,28
2024-07-29 00:00:00,71,38
2024-07-29 01:00:00,38,31
2024-07-29 02:00:00,69,176
2024-07-29 03:00:00,56,35
2024-07-29 04:00:00,70,52
2024-07-29 05:00:00,70,37
2024-07-29 06:00:00,45,18
2024-07-29 07:00:00,130,46
2024-07-29 08:00:00,132,34
2024-07-29 09:00:00,94,33
2024-07-29 10:00:00,53,120
2024-07-29 11:00:00,152,112
2024-07-29 12:00:00,122,34
2024-07-29 13:00:00,112,34
2024-07-29 14:00:00,115,29
2024-07-29 15:00:00,138,32
2024-07-29 16:00:00,56,26
2024-07-29 17:00:00,119,33
2024-07-29 18:00:00,110,33
2024-07-29 19:00:00,88,25
2024-07-29 20:00:00,125,44
2024-07-29 21:00:00,74,34
2024-07-29 22:00:00,90,32
2024-07-29 23:00:00,73,30
2024-07-30 00:00:00,45,198
2024-07-30 01:00:00,53,31
2024-07-30 02:00:00,47,49
2024-07-30 03:00:00,32,37
2024-07-30 04:00:00,57,31
2024-07-30 05:00:00,42,35
2024-07-30 06:00:00,74,34
2024-07-30 07:00:00,16,9
2024-07-30 08:00:00,115,56
2024-07-30 09:00:00,90,27
2024-07-30 10:00:00,112,34
2024-07-30 11:00:00,77,31
2024-07-30 12:00:00,114,40
2024-07-30 13:00:00,96,33
2024-07-30 14:00:00,86,215
2024-07-30 15:00:00,92,29
2024-07-30 16:00:00,127,30
2024-07-30 17:00:00,77,34
2024-07-30 18:00:00,87,29
2024-07-30 19:00:00,88,37
2024-07-30 20:00:00,80,34
2024-07-30 21:00:00,43,32
2024-07-30 22:00:00,59,32
2024-07-30 23:00:00,48,26
2024-07-31 00:00:00,85,26
2024-07-31 01:00:00,58,42
2024-07-31 02:00:00,54,203
2024-07-31 03:00:00,51,29
2024-07-31 04:00:00,64,54
2024-07-31 05:00:00,53,31
2024-07-31 06:00:00,52,25
2024-07-31 07:00:00,54,37
2024-07-31 08:00:00,99,40
2024-07-31 09:00:00,71,33
2024-07-31 10:00:00,97,31
2024-07-31 11:00:00,88,31
2024-07-31 12:00:00,74,29
2024-07-31 13:00:00,78,33
2024-07-31 14:00:00,56,38
2024-07-31 15:00:00,83,31
2024-07-31 16:00:00,160,191
2024-07-31 17:00:00,103,29
2024-07-31 18:00:00,116,58
2024-07-31 19:00:00,70,29
2024-07-31 20:00:00,112,38
2024-07-31 21:00:00,69,28
2024-07-31 22:00:00,51,23
2024-07-31 23:00:00,113,41
2024-08-01 00:00:00,85,34
2024-08-01 01:00:00,31,25
2024-08-01 02:00:00,49,22
2024-08-01 03:00:00,72,54
2024-08-01 04:00:00,58,38
2024-08-01 05:00:00,64,32
2024-08-01 06:00:00,83,193
2024-08-01 07:00:00,61,32
2024-08-01 08:00:00,91,50
2024-08-01 09:00:00,99,59
2024-08-01 10:00:00,63,18
2024-08-01 11:00:00,105,41
2024-08-01 12:00:00,119,40
2024-08-01 13:00:00,63,29
2024-08-01 14:00:00,78,22
2024-08-01 15:00:00,206,45
2024-08-01 16:00:00,69,15
2024-08-01 17:00:00,137,40
2024-08-01 18:00:00,163,39
2024-08-01 19:00:00,108,34
2024-08-01 20:00:00,127,32
2024-08-01 21:00:00,0,0
2024-08-01 22:00:00,116,69
2024-08-01 23:00:00,102,27
2024-08-02 00:00:00,80,35
2024-08-02 01:00:00,62,33
2024-08-02 02:00:00,56,31
2024-08-02 03:00:00,31,20
2024-08-02 04:00:00,71,37
2024-08-02 05:00:00,66,38
2024-08-02 06:00:00,66,32
2024-08-02 07:00:00,61,26
2024-08-02 08:00:00,80,32
2024-08-02 09:00:00,127,41
2024-08-02 10:00:00,68,23
2024-08-02 11:00:00,91,42
2024-08-02 12:00:00,84,27
2024-08-02 13:00:00,60,35
2024-08-02 14:00:00,103,29
2024-08-02 15:00:00,146,25
2024-08-02 16:00:00,132,238
2024-08-02 17:00:00,98,28
2024-08-02 18:00:00,95,33
2024-08-02 19:00:00,103,33
2024-08-02 20:00:00,23,18
2024-08-02 21:00:00,58,38
2024-08-02 22:00:00,134,38
2024-08-02 23:00:00,20,31
2024-08-03 00:00:00,136,37
2024-08-03 01:00:00,70,29
2024-08-03 02:00:00,80,36
2024-08-03 03:00:00,59,35
2024-08-03 04:00:00,88,207
2024-08-03 05:00:00,54,35
2024-08-03 06:00:00,51,32
2024-08-03 07:00:00,54,29
2024-08-03 08:00:00,55,29
2024-08-03 09:00:00,94,37
2024-08-03 10:00:00,53,28
2024-08-03 11:00:00,59,31
2024-08-03 12:00:00,79,36
2024-08-03 13:00:00,94,28
2024-08-03 14:00:00,23,16
2024-08-03 15:00:00,154,217
2024-08-03 16:00:00,118,36
2024-08-03 17:00:00,70,14
2024-08-03 18:00:00,140,47
2024-08-03 19:00:00,59,25
2024-08-03 20:00:00,107,41
2024-08-03 21:00:00,63,30
2024-08-03 22:00:00,78,32
2024-08-03 23:00:00,21,9
2024-08-04 00:00:00,97,56
2024-08-04 01:00:00,42,29
2024-08-04 02:00:00,69,28
2024-08-04 03:00:00,43,24
2024-08-04 04:00:00,42,205
2024-08-04 05:00:00,50,31
2024-08-04 06:00:00,57,56
2024-08-04 07:00:00,39,31
2024-08-04 08:00:00,36,21
2024-08-04 09:00:00,87,43
2024-08-04 10:00:00,70,28
2024-08-04 11:00:00,43,26
2024-08-04 12:00:00,43,21
2024-08-04 13:00:00,114,55
2024-08-04 14:00:00,48,152
2024-08-04 15:00:00,128,41
2024-08-04 16:00:00,28,10
2024-08-04 17:00:00,200,53
2024-08-04 18:00:00,101,31
2024-08-04 19:00:00,105,34
2024-08-04 20:00:00,107,30
2024-08-04 21:00:00,68,28
2024-08-04 22:00:00,84,38
2024-08-04 23:00:00,62,29
2024-08-05 00:00:00,89,32
2024-08-05 01:00:00,190,25
2024-08-05 02:00:00,94,22
2024-08-05 03:00:00,178,43
2024-08-05 04:00:00,100,30
2024-08-05 05:00:00,142,41
2024-08-05 06:00:00,259,35
2024-08-05 07:00:00,157,29
2024-08-05 08:00:00,191,39
2024-08-05 09:00:00,148,25
2024-08-05 10:00:00,204,244
2024-08-05 11:00:00,173,33
2024-08-05 12:00:00,223,39
2024-08-05 13:00:00,129,31
2024-08-05 14:00:00,249,37
2024-08-05 15:00:00,137,30
2024-08-05 16:00:00,151,33
2024-08-05 17:00:00,83,28
2024-08-05 18:00:00,151,38
2024-08-05 19:00:00,106,34
2024-08-05 20:00:00,117,28
2024-08-05 21:00:00,91,34
2024-08-05 22:00:00,73,107
2024-08-05 23:00:00,28,20
2024-08-06 00:00:00,57,106
2024-08-06 01:00:00,79,89
2024-08-06 02:00:00,68,31
2024-08-06 03:00:00,56,35
2024-08-06 04:00:00,60,31
2024-08-06 05:00:00,46,35
2024-08-06 06:00:00,63,31
2024-08-06 07:00:00,54,21
2024-08-06 08:00:00,117,48
2024-08-06 09:00:00,83,34
2024-08-06 10:00:00,41,24
2024-08-06 11:00:00,79,36
2024-08-06 12:00:00,54,84
2024-08-06 13:00:00,141,38
2024-08-06 14:00:00,145,202
2024-08-06 15:00:00,84,33
2024-08-06 16:00:00,113,28
2024-08-06 17:00:00,68,33
2024-08-06 18:00:00,79,35
2024-08-06 19:00:00,98,30
2024-08-06 20:00:00,76,32
2024-08-06 21:00:00,81,33
2024-08-06 22:00:00,76,30
2024-08-06 23:00:00,44,27
2024-08-07 00:00:00,72,38
2024-08-07 01:00:00,21,21
2024-08-07 02:00:00,85,48
2024-08-07 03:00:00,22,30
2024-08-07 04:00:00,62,97
2024-08-07 05:00:00,41,34
2024-08-07 06:00:00,41,146
2024-08-07 07:00:00,85,42
2024-08-07 08:00:00,97,98
2024-08-07 09:00:00,57,33
2024-08-07 10:00:00,79,30
2024-08-07 11:00:00,115,36
2024-08-07 12:00:00,68,26
2024-08-07 13:00:00,77,41
2024-08-07 14:00:00,153,29
2024-08-07 15:00:00,104,30
2024-08-07 16:00:00,89,35
2024-08-07 17:00:00,104,30
2024-08-07 18:00:00,103,33
2024-08-07 19:00:00,48,17
2024-08-07 20:00:00,112,45
2024-08-07 21:00:00,48,19
2024-08-07 22:00:00,60,91
2024-08-07 23:00:00,77,38
2024-08-08 00:00:00,85,176
2024-08-08 01:00:00,51,36
2024-08-08 02:00:00,82,32
2024-08-08 03:00:00,60,35
2024-08-08 04:00:00,47,29
2024-08-08 05:00:00,40,34
2024-08-08 06:00:00,73,28
2024-08-08 07:00:00,30,30
2024-08-08 08:00:00,110,37
2024-08-08 09:00:00,88,33
2024-08-08 10:00:00,25,21
2024-08-08 11:00:00,86,43
2024-08-08 12:00:00,124,119
2024-08-08 13:00:00,73,30
2024-08-08 14:00:00,86,120
2024-08-08 15:00:00,158,103
2024-08-08 16:00:00,135,34
2024-08-08 17:00:00,65,22
2024-08-08 18:00:00,120,38
2024-08-08 19:00:00,55,30
2024-08-08 20:00:00,61,41
2024-08-08 21:00:00,59,17
2024-08-08 22:00:00,174,44
2024-08-08 23:00:00,92,34
2024-08-09 00:00:00,36,22
2024-08-09 01:00:00,114,37
2024-08-09 02:00:00,77,35
2024-08-09 03:00:00,47,32
2024-08-09 04:00:00,44,98
2024-08-09 05:00:00,52,39
2024-08-09 06:00:00,48,146
2024-08-09 07:00:00,63,39
2024-08-09 08:00:00,25,18
2024-08-09 09:00:00,91,106
2024-08-09 10:00:00,112,35
2024-08-09 11:00:00,110,31
2024-08-09 12:00:00,74,31
2024-08-09 13:00:00,87,22
2024-08-09 14:00:00,72,42
2024-08-09 15:00:00,147,31
2024-08-09 16:00:00,132,33
2024-08-09 17:00:00,86,28
2024-08-09 18:00:00,111,34
2024-08-09 19:00:00,83,35
2024-08-09 20:00:00,77,31
2024-08-09 21:00:00,69,29
2024-08-09 22:00:00,23,8
2024-08-09 23:00:00,59,78
2024-08-10 00:00:00,21,79
2024-08-10 01:00:00,77,117
2024-08-10 02:00:00,72,69
2024-08-10 03:00:00,57,35
2024-08-10 04:00:00,36,23
2024-08-10 05:00:00,53,39
2024-08-10 06:00:00,50,31
2024-08-10 07:00:00,59,33
2024-08-10 08:00:00,50,29
2024-08-10 09:00:00,52,34
2024-08-10 10:00:00,0,0
2024-08-10 11:00:00,91,65
2024-08-10 12:00:00,79,97
2024-08-10 13:00:00,89,152
2024-08-10 14:00:00,74,33
2024-08-10 15:00:00,69,28
2024-08-10 16:00:00,93,33
2024-08-10 17:00:00,83,33
2024-08-10 18:00:00,79,31
2024-08-10 19:00:00,64,29
2024-08-10 20:00:00,79,34
2024-08-10 21:00:00,51,28
2024-08-10 22:00:00,42,22
2024-08-10 23:00:00,48,37
2024-08-11 00:00:00,48,31
2024-08-11 01:00:00,54,38
2024-08-11 02:00:00,29,29
2024-08-11 03:00:00,53,34
2024-08-11 04:00:00,40,33
2024-08-11 05:00:00,22,29
2024-08-11 06:00:00,50,32
2024-08-11 07:00:00,45,32
2024-08-11 08:00:00,53,30
2024-08-11 09:00:00,45,30
2024-08-11 10:00:00,40,24
2024-08-11 11:00:00,84,49
2024-08-11 12:00:00,43,29
2024-08-11 13:00:00,69,26
2024-08-11 14:00:00,68,34
2024-08-11 15:00:00,49,24
2024-08-11 16:00:00,66,33
2024-08-11 17:00:00,83,40
2024-08-11 18:00:00,43,25
2024-08-11 19:00:00,60,31
2024-08-11 20:00:00,98,42
2024-08-11 21:00:00,62,30
2024-08-11 22:00:00,52,28
2024-08-11 23:00:00,47,28
2024-08-12 00:00:00,52,37
2024-08-12 01:00:00,42,34
2024-08-12 02:00:00,24,20
2024-08-12 03:00:00,58,44
2024-08-12 04:00:00,37,31
2024-08-12 05:00:00,38,31
2024-08-12 06:00:00,40,33
2024-08-12 07:00:00,41,37
2024-08-12 08:00:00,75,232
2024-08-12 09:00:00,20,11
2024-08-12 10:00:00,141,148
2024-08-12 11:00:00,85,60
2024-08-12 12:00:00,65,36
2024-08-12 13:00:00,111,30
2024-08-12 14:00:00,51,22
2024-08-12 15:00:00,91,40
2024-08-12 16:00:00,154,28
2024-08-12 17:00:00,84,34
2024-08-12 18:00:00,74,37
2024-08-12 19:00:00,66,31
2024-08-12 20:00:00,58,21
2024-08-12 21:00:00,105,46
2024-08-12 22:00:00,47,17
2024-08-12 23:00:00,59,35
2024-08-13 00:00:00,40,71
2024-08-13 01:00:00,67,44
2024-08-13 02:00:00,42,162
2024-08-13 03:00:00,69,37
2024-08-13 04:00:00,40,37
2024-08-13 05:00:00,47,34
2024-08-13 06:00:00,50,29
2024-08-13 07:00:00,61,36
2024-08-13 08:00:00,14,16
2024-08-13 09:00:00,92,51
2024-08-13 10:00:00,68,31
2024-08-13 11:00:00,63,31
2024-08-13 12:00:00,102,27
2024-08-13 13:00:00,94,34
2024-08-13 14:00:00,117,169
2024-08-13 15:00:00,67,73
2024-08-13 16:00:00,113,45
2024-08-13 17:00:00,66,26
2024-08-13 18:00:00,108,35
2024-08-13 19:00:00,72,32
2024-08-13 20:00:00,56,24
2024-08-13 21:00:00,71,43
2024-08-13 22:00:00,55,31
2024-08-13 23:00:00,52,27
2024-08-14 00:00:00,57,37
2024-08-14 01:00:00,48,26
2024-08-14 02:00:00,50,29
2024-08-14 03:00:00,15,18
2024-08-14 04:00:00,76,187
2024-08-14 05:00:00,67,34
2024-08-14 06:00:00,61,80
2024-08-14 07:00:00,32,18
2024-08-14 08:00:00,70,36
2024-08-14 09:00:00,110,43
2024-08-14 10:00:00,61,23
2024-08-14 11:00:00,99,44
2024-08-14 12:00:00,123,34
2024-08-14 13:00:00,42,180
2024-08-14 14:00:00,126,49
2024-08-14 15:00:00,74,21
2024-08-14 16:00:00,112,35
2024-08-14 17:00:00,80,36
2024-08-14 18:00:00,89,37
2024-08-14 19:00:00,73,25
2024-08-14 20:00:00,88,37
2024-08-14 21:00:00,37,30
2024-08-14 22:00:00,83,35
2024-08-14 23:00:00,35,33
2024-08-15 00:00:00,70,33
2024-08-15 01:00:00,46,32
2024-08-15 02:00:00,42,186
2024-08-15 03:00:00,39,34
2024-08-15 04:00:00,26,43
2024-08-15 05:00:00,74,42
2024-08-15 06:00:00,58,33
2024-08-15 07:00:00,41,42
2024-08-15 08:00:00,88,54
2024-08-15 09:00:00,71,30
2024-08-15 10:00:00,90,33
2024-08-15 11:00:00,66,31
2024-08-15 12:00:00,89,34
2024-08-15 13:00:00,42,106
2024-08-15 14:00:00,130,126
2024-08-15 15:00:00,91,31
2024-08-15 16:00:00,98,31
2024-08-15 17:00:00,73,37
2024-08-15 18:00:00,68,26
2024-08-15 19:00:00,75,33
2024-08-15 20:00:00,74,28
2024-08-15 21:00:00,79,41
2024-08-15 22:00:00,49,35
2024-08-15 23:00:00,94,33
2024-08-16 00:00:00,72,26
2024-08-16 01:00:00,29,19
2024-08-16 02:00:00,36,205
2024-08-16 03:00:00,40,44
2024-08-16 04:00:00,73,54
2024-08-16 05:00:00,33,32
2024-08-16 06:00:00,53,25
2024-08-16 07:00:00,55,41
2024-08-16 08:00:00,70,30
2024-08-16 09:00:00,68,173
2024-08-16 10:00:00,84,54
2024-08-16 11:00:00,74,31
2024-08-16 12:00:00,102,33
2024-08-16 13:00:00,83,36
2024-08-16 14:00:00,112,30
2024-08-16 15:00:00,42,29
2024-08-16 16:00:00,83,32
2024-08-16 17:00:00,122,34
2024-08-16 18:00:00,130,34
2024-08-16 19:00:00,62,27
2024-08-16 20:00:00,90,36
2024-08-16 21:00:00,56,33
2024-08-16 22:00:00,79,29
2024-08-16 23:00:00,45,33
2024-08-17 00:00:00,53,75
2024-08-17 01:00:00,49,30
2024-08-17 02:00:00,51,182
2024-08-17 03:00:00,39,33
2024-08-17 04:00:00,27,24
2024-08-17 05:00:00,36,42
2024-08-17 06:00:00,18,26
2024-08-17 07:00:00,40,37
2024-08-17 08:00:00,77,30
2024-08-17 09:00:00,60,32
2024-08-17 10:00:00,65,34
2024-08-17 11:00:00,34,16
2024-08-17 12:00:00,95,46
2024-08-17 13:00:00,63,119
2024-08-17 14:00:00,76,97
2024-08-17 15:00:00,70,32
2024-08-17 16:00:00,71,31
2024-08-17 17:00:00,74,36
2024-08-17 18:00:00,69,32
2024-08-17 19:00:00,49,30
2024-08-17 20:00:00,53,24
2024-08-17 21:00:00,57,30
2024-08-17 22:00:00,68,42
2024-08-17 23:00:00,57,33
2024-08-18 00:00:00,37,28
2024-08-18 01:00:00,54,35
2024-08-18 02:00:00,59,168
2024-08-18 03:00:00,34,29
2024-08-18 04:00:00,46,67
2024-08-18 05:00:00,37,35
2024-08-18 06:00:00,37,35
2024-08-18 07:00:00,37,23
2024-08-18 08:00:00,34,28
2024-08-18 09:00:00,79,44
2024-08-18 10:00:00,64,32
2024-08-18 11:00:00,53,32
2024-08-18 12:00:00,0,0
2024-08-18 13:00:00,98,59
2024-08-18 14:00:00,84,34
2024-08-18 15:00:00,23,101
2024-08-18 16:00:00,134,113
2024-08-18 17:00:00,51,30
2024-08-18 18:00:00,50,34
2024-08-18 19:00:00,53,24
2024-08-18 20:00:00,38,26
2024-08-18 21:00:00,75,36
2024-08-18 22:00:00,90,43
2024-08-18 23:00:00,29,26
2024-08-19 00:00:00,22,31
2024-08-19 01:00:00,66,35
2024-08-19 02:00:00,53,36
2024-08-19 03:00:00,29,26
2024-08-19 04:00:00,57,178
2024-08-19 05:00:00,40,32
2024-08-19 06:00:00,52,75
2024-08-19 07:00:00,46,31
2024-08-19 08:00:00,74,33
2024-08-19 09:00:00,62,31
2024-08-19 10:00:00,42,28
2024-08-19 11:00:00,104,34
2024-08-19 12:00:00,119,42
2024-08-19 13:00:00,34,172
2024-08-19 14:00:00,63,28
2024-08-19 15:00:00,67,50
2024-08-19 16:00:00,93,33
2024-08-19 17:00:00,102,34
2024-08-19 18:00:00,65,24
2024-08-19 19:00:00,33,34
2024-08-19 20:00:00,105,40
2024-08-19 21:00:00,75,27
2024-08-19 22:00:00,50,26
2024-08-19 23:00:00,60,34
2024-08-20 00:00:00,40,30
2024-08-20 01:00:00,23,40
2024-08-20 02:00:00,59,176
2024-08-20 03:00:00,60,42
2024-08-20 04:00:00,39,62
2024-08-20 05:00:00,30,29
2024-08-20 06:00:00,96,39
2024-08-20 07:00:00,55,26
2024-08-20 08:00:00,51,34
2024-08-20 09:00:00,85,177
2024-08-20 10:00:00,108,39
2024-08-20 11:00:00,76,34
2024-08-20 12:00:00,103,33
2024-08-20 13:00:00,81,32
2024-08-20 14:00:00,62,22
2024-08-20 15:00:00,118,32
2024-08-20 16:00:00,137,42
2024-08-20 17:00:00,89,34
2024-08-20 18:00:00,93,31
2024-08-20 19:00:00,57,22
2024-08-20 20:00:00,104,43
2024-08-20 21:00:00,72,34
2024-08-20 22:00:00,68,223
2024-08-20 23:00:00,53,32
2024-08-21 00:00:00,13,31
2024-08-21 01:00:00,64,31
2024-08-21 02:00:00,30,34
2024-08-21 03:00:00,64,30
2024-08-21 04:00:00,52,35
2024-08-21 05:00:00,42,25
2024-08-21 06:00:00,74,39
2024-08-21 07:00:00,57,25
2024-08-21 08:00:00,55,37
2024-08-21 09:00:00,81,188
2024-08-21 10:00:00,52,35
2024-08-21 11:00:00,87,33
2024-08-21 12:00:00,84,25
2024-08-21 13:00:00,120,40
2024-08-21 14:00:00,91,30
2024-08-21 15:00:00,47,19
2024-08-21 16:00:00,160,43
2024-08-21 17:00:00,93,37
2024-08-21 18:00:00,57,26
2024-08-21 19:00:00,120,38
2024-08-21 20:00:00,80,29
2024-08-21 21:00:00,72,33
2024-08-21 22:00:00,84,225
2024-08-21 23:00:00,51,24
2024-08-22 00:00:00,55,36
2024-08-22 01:00:00,47,34
2024-08-22 02:00:00,53,38
2024-08-22 03:00:00,37,22
2024-08-22 04:00:00,73,44
2024-08-22 05:00:00,33,23
2024-08-22 06:00:00,88,41
2024-08-22 07:00:00,56,27
2024-08-22 08:00:00,101,129
2024-08-22 09:00:00,70,114
2024-08-22 10:00:00,82,35
2024-08-22 11:00:00,83,31
2024-08-22 12:00:00,17,20
2024-08-22 13:00:00,57,56
2024-08-22 14:00:00,161,36
2024-08-22 15:00:00,36,15
2024-08-22 16:00:00,144,51
2024-08-22 17:00:00,53,21
2024-08-22 18:00:00,85,43
2024-08-22 19:00:00,54,32
2024-08-22 20:00:00,61,34
2024-08-22 21:00:00,80,25
2024-08-22 22:00:00,77,209
2024-08-22 23:00:00,59,37
2024-08-23 00:00:00,27,35
2024-08-23 01:00:00,79,44
2024-08-23 02:00:00,59,34
2024-08-23 03:00:00,58,35
2024-08-23 04:00:00,58,31
2024-08-23 05:00:00,48,32
2024-08-23 06:00:00,63,32
2024-08-23 07:00:00,58,33
2024-08-23 08:00:00,76,29
2024-08-23 09:00:00,64,39
2024-08-23 10:00:00,79,31
2024-08-23 11:00:00,82,38
2024-08-23 12:00:00,101,189
2024-08-23 13:00:00,83,29
2024-08-23 14:00:00,128,56
2024-08-23 15:00:00,84,138
2024-08-23 16:00:00,124,39
2024-08-23 17:00:00,50,31
2024-08-23 18:00:00,121,31
2024-08-23 19:00:00,115,29
2024-08-23 20:00:00,47,38
2024-08-23 21:00:00,140,31
2024-08-23 22:00:00,109,32
2024-08-23 23:00:00,76,32
2024-08-24 00:00:00,74,36
2024-08-24 01:00:00,49,30
2024-08-24 02:00:00,47,32
2024-08-24 03:00:00,56,30
2024-08-24 04:00:00,54,164
2024-08-24 05:00:00,10,6
2024-08-24 06:00:00,102,121
2024-08-24 07:00:00,75,28
2024-08-24 08:00:00,73,32
2024-08-24 09:00:00,62,35
2024-08-24 10:00:00,90,36
2024-08-24 11:00:00,64,29
2024-08-24 12:00:00,92,34
2024-08-24 13:00:00,69,33
2024-08-24 14:00:00,97,33
2024-08-24 15:00:00,99,212
2024-08-24 16:00:00,80,25
2024-08-24 17:00:00,67,32
2024-08-24 18:00:00,86,38
2024-08-24 19:00:00,20,14
2024-08-24 20:00:00,107,47
2024-08-24 21:00:00,66,35
2024-08-24 22:00:00,73,31
2024-08-24 23:00:00,26,20
2024-08-25 00:00:00,53,32
2024-08-25 01:00:00,56,41
2024-08-25 02:00:00,42,34
2024-08-25 03:00:00,42,31
2024-08-25 04:00:00,29,188
2024-08-25 05:00:00,42,38
2024-08-25 06:00:00,55,50
2024-08-25 07:00:00,33,27
2024-08-25 08:00:00,15,11
2024-08-25 09:00:00,93,143
2024-08-25 10:00:00,66,39
2024-08-25 11:00:00,35,21
2024-08-25 12:00:00,86,44
2024-08-25 13:00:00,40,24
2024-08-25 14:00:00,68,34
2024-08-25 15:00:00,53,32
2024-08-25 16:00:00,80,36
2024-08-25 17:00:00,98,26
2024-08-25 18:00:00,81,32
2024-08-25 19:00:00,55,36
2024-08-25 20:00:00,99,34
2024-08-25 21:00:00,57,33
2024-08-25 22:00:00,25,125
2024-08-25 23:00:00,69,49
2024-08-26 00:00:00,47,111
2024-08-26 01:00:00,41,28
2024-08-26 02:00:00,53,34
2024-08-26 03:00:00,33,25
2024-08-26 04:00:00,58,41
2024-08-26 05:00:00,52,34
2024-08-26 06:00:00,55,32
2024-08-26 07:00:00,40,30
2024-08-26 08:00:00,78,39
2024-08-26 09:00:00,88,32
2024-08-26 10:00:00,70,34
2024-08-26 11:00:00,51,24
2024-08-26 12:00:00,86,209
2024-08-26 13:00:00,97,38
2024-08-26 14:00:00,64,31
2024-08-26 15:00:00,75,20
2024-08-26 16:00:00,125,50
2024-08-26 17:00:00,73,25
2024-08-26 18:00:00,119,38
2024-08-26 19:00:00,71,25
2024-08-26 20:00:00,124,41
2024-08-26 21:00:00,66,22
2024-08-26 22:00:00,72,45
2024-08-26 23:00:00,74,31
2024-08-27 00:00:00,52,24
2024-08-27 01:00:00,65,40
2024-08-27 02:00:00,26,99
2024-08-27 03:00:00,66,38
2024-08-27 04:00:00,39,92
2024-08-27 05:00:00,62,87
2024-08-27 06:00:00,61,29
2024-08-27 07:00:00,60,111
2024-08-27 08:00:00,32,11
2024-08-27 09:00:00,101,49
2024-08-27 10:00:00,103,37
2024-08-27 11:00:00,94,34
2024-08-27 12:00:00,103,33
2024-08-27 13:00:00,119,36
2024-08-27 14:00:00,107,32
2024-08-27 15:00:00,44,26
2024-08-27 16:00:00,154,39
2024-08-27 17:00:00,66,28
2024-08-27 18:00:00,100,36
2024-08-27 19:00:00,68,24
2024-08-27 20:00:00,69,128
2024-08-27 21:00:00,95,38
2024-08-27 22:00:00,99,132
2024-08-27 23:00:00,77,34
2024-08-28 00:00:00,41,26
2024-08-28 01:00:00,70,38
2024-08-28 02:00:00,64,35
2024-08-28 03:00:00,37,36
2024-08-28 04:00:00,25,19
2024-08-28 05:00:00,63,35
2024-08-28 06:00:00,57,31
2024-08-28 07:00:00,79,42
2024-08-28 08:00:00,54,31
2024-08-28 09:00:00,94,189
2024-08-28 10:00:00,69,32
2024-08-28 11:00:00,61,35
2024-08-28 12:00:00,102,34
2024-08-28 13:00:00,80,30
2024-08-28 14:00:00,203,31
2024-08-28 15:00:00,101,35
2024-08-28 16:00:00,113,31
2024-08-28 17:00:00,80,34
2024-08-28 18:00:00,82,31
2024-08-28 19:00:00,36,28
2024-08-28 20:00:00,62,36
2024-08-28 21:00:00,97,33
2024-08-28 22:00:00,53,205
2024-08-28 23:00:00,78,50
2024-08-29 00:00:00,56,27
2024-08-29 01:00:00,71,38
2024-08-29 02:00:00,50,25
2024-08-29 03:00:00,36,39
2024-08-29 04:00:00,59,30
2024-08-29 05:00:00,33,25
2024-08-29 06:00:00,50,27
2024-08-29 07:00:00,70,44
2024-08-29 08:00:00,82,36
2024-08-29 09:00:00,47,31
2024-08-29 10:00:00,99,35
2024-08-29 11:00:00,54,48
2024-08-29 12:00:00,88,199
2024-08-29 13:00:00,107,33
2024-08-29 14:00:00,52,25
2024-08-29 15:00:00,109,28
2024-08-29 16:00:00,110,38
2024-08-29 17:00:00,85,33
2024-08-29 18:00:00,133,198
2024-08-29 19:00:00,23,27
2024-08-29 20:00:00,97,33
2024-08-29 21:00:00,143,38
2024-08-29 22:00:00,60,32
2024-08-29 23:00:00,71,30
2024-08-30 00:00:00,65,35
2024-08-30 01:00:00,38,20
2024-08-30 02:00:00,93,47
2024-08-30 03:00:00,39,22
2024-08-30 04:00:00,65,215
2024-08-30 05:00:00,37,31
2024-08-30 06:00:00,86,34
2024-08-30 07:00:00,38,26
2024-08-30 08:00:00,87,43
2024-08-30 09:00:00,51,21
2024-08-30 10:00:00,50,22
2024-08-30 11:00:00,138,55
2024-08-30 12:00:00,85,32
2024-08-30 13:00:00,100,33
2024-08-30 14:00:00,142,33
2024-08-30 15:00:00,75,25
2024-08-30 16:00:00,78,203
2024-08-30 17:00:00,153,50
2024-08-30 18:00:00,97,37
2024-08-30 19:00:00,73,36
2024-08-30 20:00:00,141,36
2024-08-30 21:00:00,66,23
2024-08-30 22:00:00,67,29
2024-08-30 23:00:00,83,50
2024-08-31 00:00:00,61,33
2024-08-31 01:00:00,33,34
2024-08-31 02:00:00,52,23
2024-08-31 03:00:00,46,30
2024-08-31 04:00:00,18,25
2024-08-31 05:00:00,68,45
2024-08-31 06:00:00,47,194
2024-08-31 07:00:00,61,40
2024-08-31 08:00:00,53,39
2024-08-31 09:00:00,60,27
2024-08-31 10:00:00,96,37
2024-08-31 11:00:00,59,36
2024-08-31 12:00:00,52,132
2024-08-31 13:00:00,60,37
2024-08-31 14:00:00,82,38
2024-08-31 15:00:00,111,33
2024-08-31 16:00:00,94,30
2024-08-31 17:00:00,99,35
2024-08-31 18:00:00,68,25
2024-08-31 19:00:00,88,37
2024-08-31 20:00:00,60,25
2024-08-31 21:00:00,72,33
2024-08-31 22:00:00,73,32
2024-08-31 23:00:00,49,27
2024-09-01 00:00:00,52,154
2024-09-01 01:00:00,51,32
2024-09-01 02:00:00,57,96
2024-09-01 03:00:00,44,35
2024-09-01 04:00:00,25,17
2024-09-01 05:00:00,36,32
2024-09-01 06:00:00,64,45
2024-09-01 07:00:00,66,35
2024-09-01 08:00:00,50,25
2024-09-01 09:00:00,74,41
2024-09-01 10:00:00,44,21
2024-09-01 11:00:00,59,41
2024-09-01 12:00:00,86,34
2024-09-01 13:00:00,61,34
2024-09-01 14:00:00,92,148
2024-09-01 15:00:00,83,26
2024-09-01 16:00:00,91,97
2024-09-01 17:00:00,76,30
2024-09-01 18:00:00,48,33
2024-09-01 19:00:00,111,41
2024-09-01 20:00:00,67,33
2024-09-01 21:00:00,71,31
2024-09-01 22:00:00,70,32
2024-09-01 23:00:00,64,38
2024-09-02 00:00:00,54,29
2024-09-02 01:00:00,8,7
2024-09-02 02:00:00,61,52
2024-09-02 03:00:00,55,49
2024-09-02 04:00:00,53,155
2024-09-02 05:00:00,48,31
2024-09-02 06:00:00,76,86
2024-09-02 07:00:00,17,13
2024-09-02 08:00:00,48,46
2024-09-02 09:00:00,93,38
2024-09-02 10:00:00,52,95
2024-09-02 11:00:00,127,76
2024-09-02 12:00:00,89,29
2024-09-02 13:00:00,96,32
2024-09-02 14:00:00,128,34
2024-09-02 15:00:00,69,32
2024-09-02 16:00:00,120,31
2024-09-02 17:00:00,85,29
2024-09-02 18:00:00,72,27
2024-09-02 19:00:00,111,42
2024-09-02 20:00:00,99,34
2024-09-02 21:00:00,82,34
2024-09-02 22:00:00,56,152
2024-09-02 23:00:00,44,33
2024-09-03 00:00:00,72,102
2024-09-03 01:00:00,38,33
2024-09-03 02:00:00,49,36
2024-09-03 03:00:00,42,29
2024-09-03 04:00:00,47,35
2024-09-03 05:00:00,56,33
2024-09-03 06:00:00,22,18
2024-09-03 07:00:00,61,39
2024-09-03 08:00:00,85,42
2024-09-03 09:00:00,67,190
2024-09-03 10:00:00,95,33
2024-09-03 11:00:00,89,33
2024-09-03 12:00:00,24,5
2024-09-03 13:00:00,88,61
2024-09-03 14:00:00,155,28
2024-09-03 15:00:00,125,36
2024-09-03 16:00:00,95,28
2024-09-03 17:00:00,77,36
2024-09-03 18:00:00,94,33
2024-09-03 19:00:00,82,29
2024-09-03 20:00:00,120,33
2024-09-03 21:00:00,43,20
2024-09-03 22:00:00,106,190
2024-09-03 23:00:00,70,40
2024-09-04 00:00:00,50,65
2024-09-04 01:00:00,59,35
2024-09-04 02:00:00,63,35
2024-09-04 03:00:00,49,30
2024-09-04 04:00:00,57,35
2024-09-04 05:00:00,41,32
2024-09-04 06:00:00,59,28
2024-09-04 07:00:00,81,37
2024-09-04 08:00:00,45,20
2024-09-04 09:00:00,102,48
2024-09-04 10:00:00,52,33
2024-09-04 11:00:00,62,34
2024-09-04 12:00:00,90,172
2024-09-04 13:00:00,103,26
2024-09-04 14:00:00,127,119
2024-09-04 15:00:00,76,32
2024-09-04 16:00:00,76,30
2024-09-04 17:00:00,134,37
2024-09-04 18:00:00,91,31
2024-09-04 19:00:00,72,34
2024-09-04 20:00:00,84,27
2024-09-04 21:00:00,96,39
2024-09-04 22:00:00,72,31
2024-09-04 23:00:00,62,29
2024-09-05 00:00:00,85,37
2024-09-05 01:00:00,37,21
2024-09-05 02:00:00,66,45
2024-09-05 03:00:00,40,32
2024-09-05 04:00:00,44,112
2024-09-05 05:00:00,43,32
2024-09-05 06:00:00,67,134
2024-09-05 07:00:00,55,34
2024-09-05 08:00:00,37,24
2024-09-05 09:00:00,100,45
2024-09-05 10:00:00,100,26
2024-09-05 11:00:00,93,35
2024-09-05 12:00:00,113,35
2024-09-05 13:00:00,115,32
2024-09-05 14:00:00,100,196
2024-09-05 15:00:00,112,40
2024-09-05 16:00:00,86,34
2024-09-05 17:00:00,126,29
2024-09-05 18:00:00,61,30
2024-09-05 19:00:00,139,30
2024-09-05 20:00:00,70,39
2024-09-05 21:00:00,43,23
2024-09-05 22:00:00,137,41
2024-09-05 23:00:00,82,34
2024-09-06 00:00:00,69,30
2024-09-06 01:00:00,31,31
2024-09-06 02:00:00,40,21
2024-09-06 03:00:00,62,46
2024-09-06 04:00:00,19,184
2024-09-06 05:00:00,49,40
2024-09-06 06:00:00,82,57
2024-09-06 07:00:00,58,27
2024-09-06 08:00:00,93,38
2024-09-06 09:00:00,21,20
2024-09-06 10:00:00,147,45
2024-09-06 11:00:00,84,35
2024-09-06 12:00:00,80,26
2024-09-06 13:00:00,112,38
2024-09-06 14:00:00,119,33
2024-09-06 15:00:00,104,31
2024-09-06 16:00:00,82,26
2024-09-06 17:00:00,165,49
2024-09-06 18:00:00,88,184
2024-09-06 19:00:00,118,39
2024-09-06 20:00:00,53,33
2024-09-06 21:00:00,157,52
2024-09-06 22:00:00,67,34
2024-09-06 23:00:00,75,28
2024-09-07 00:00:00,59,37
2024-09-07 01:00:00,59,29
2024-09-07 02:00:00,60,33
2024-09-07 03:00:00,48,35
2024-09-07 04:00:00,40,28
2024-09-07 05:00:00,43,33
2024-09-07 06:00:00,41,44
2024-09-07 07:00:00,51,32
2024-09-07 08:00:00,65,182
2024-09-07 09:00:00,88,40
2024-09-07 10:00:00,68,49
2024-09-07 11:00:00,60,39
2024-09-07 12:00:00,69,127
2024-09-07 13:00:00,59,28
2024-09-07 14:00:00,96,37
2024-09-07 15:00:00,54,32
2024-09-07 16:00:00,113,32
2024-09-07 17:00:00,59,31
2024-09-07 18:00:00,80,33
2024-09-07 19:00:00,34,18
2024-09-07 20:00:00,40,33
2024-09-07 21:00:00,73,40
2024-09-07 22:00:00,82,31
2024-09-07 23:00:00,69,33
2024-09-08 00:00:00,65,37
2024-09-08 01:00:00,36,31
2024-09-08 02:00:00,34,123
2024-09-08 03:00:00,55,40
2024-09-08 04:00:00,44,113
2024-09-08 05:00:00,52,35
2024-09-08 06:00:00,41,33
2024-09-08 07:00:00,53,32
2024-09-08 08:00:00,54,32
2024-09-08 09:00:00,64,31
2024-09-08 10:00:00,44,25
2024-09-08 11:00:00,53,31
2024-09-08 12:00:00,89,43
2024-09-08 13:00:00,49,19
2024-09-08 14:00:00,119,191
2024-09-08 15:00:00,59,31
2024-09-08 16:00:00,76,31
2024-09-08 17:00:00,88,33
2024-09-08 18:00:00,51,31
2024-09-08 19:00:00,44,33
2024-09-08 20:00:00,92,32
2024-09-08 21:00:00,39,30
2024-09-08 22:00:00,68,34
2024-09-08 23:00:00,48,31
2024-09-09 00:00:00,40,20
2024-09-09 01:00:00,49,40
2024-09-09 02:00:00,34,162
2024-09-09 03:00:00,55,40
2024-09-09 04:00:00,42,68
2024-09-09 05:00:00,44,38
2024-09-09 06:00:00,60,32
2024-09-09 07:00:00,54,30
2024-09-09 08:00:00,64,26
2024-09-09 09:00:00,40,23
2024-09-09 10:00:00,127,48
2024-09-09 11:00:00,95,34
2024-09-09 12:00:00,47,16
2024-09-09 13:00:00,157,208
2024-09-09 14:00:00,91,28
2024-09-09 15:00:00,97,36
2024-09-09 16:00:00,42,19
2024-09-09 17:00:00,111,35
2024-09-09 18:00:00,115,40
2024-09-09 19:00:00,77,32
2024-09-09 20:00:00,113,37
2024-09-09 21:00:00,0,0
2024-09-09 22:00:00,152,62
2024-09-09 23:00:00,49,26
2024-09-10 00:00:00,100,40
2024-09-10 01:00:00,53,32
2024-09-10 02:00:00,49,227
2024-09-10 03:00:00,34,30
2024-09-10 04:00:00,47,29
2024-09-10 05:00:00,34,34
2024-09-10 06:00:00,66,31
2024-09-10 07:00:00,63,39
2024-09-10 08:00:00,10,74
2024-09-10 09:00:00,114,103
2024-09-10 10:00:00,85,31
2024-09-10 11:00:00,71,25
2024-09-10 12:00:00,87,41
2024-09-10 13:00:00,121,33
2024-09-10 14:00:00,106,29
2024-09-10 15:00:00,61,32
2024-09-10 16:00:00,122,33
2024-09-10 17:00:00,75,24
2024-09-10 18:00:00,116,40
2024-09-10 19:00:00,79,29
2024-09-10 20:00:00,87,29
2024-09-10 21:00:00,0,0
2024-09-10 22:00:00,130,262
2024-09-10 23:00:00,77,30
2024-09-11 00:00:00,51,31
2024-09-11 01:00:00,77,39
2024-09-11 02:00:00,45,30
2024-09-11 03:00:00,25,24
2024-09-11 04:00:00,65,40
2024-09-11 05:00:00,46,33
2024-09-11 06:00:00,62,180
2024-09-11 07:00:00,32,18
2024-09-11 08:00:00,73,50
2024-09-11 09:00:00,36,32
2024-09-11 10:00:00,122,29
2024-09-11 11:00:00,83,29
2024-09-11 12:00:00,109,38
2024-09-11 13:00:00,52,16
2024-09-11 14:00:00,119,49
2024-09-11 15:00:00,80,24
2024-09-11 16:00:00,76,34
2024-09-11 17:00:00,120,37
2024-09-11 18:00:00,45,16
2024-09-11 19:00:00,47,45
2024-09-11 20:00:00,103,180
2024-09-11 21:00:00,73,43
2024-09-11 22:00:00,35,45
2024-09-11 23:00:00,90,52
2024-09-12 00:00:00,89,29
2024-09-12 01:00:00,35,30
2024-09-12 02:00:00,51,32
2024-09-12 03:00:00,50,162
2024-09-12 04:00:00,54,33
2024-09-12 05:00:00,46,32
2024-09-12 06:00:00,62,39
2024-09-12 07:00:00,44,23
2024-09-12 08:00:00,88,42
2024-09-12 09:00:00,69,30
2024-09-12 10:00:00,98,30
2024-09-12 11:00:00,105,35
2024-09-12 12:00:00,109,34
2024-09-12 13:00:00,77,200
2024-09-12 14:00:00,95,40
2024-09-12 15:00:00,73,28
2024-09-12 16:00:00,90,36
2024-09-12 17:00:00,74,32
2024-09-12 18:00:00,101,34
2024-09-12 19:00:00,69,32
2024-09-12 20:00:00,80,23
2024-09-12 21:00:00,51,30
2024-09-12 22:00:00,91,43
2024-09-12 23:00:00,58,28
2024-09-13 00:00:00,46,30
2024-09-13 01:00:00,62,36
2024-09-13 02:00:00,48,200
2024-09-13 03:00:00,48,23
2024-09-13 04:00:00,51,57
2024-09-13 05:00:00,36,30
2024-09-13 06:00:00,59,33
2024-09-13 07:00:00,58,34
2024-09-13 08:00:00,58,36
2024-09-13 09:00:00,56,34
2024-09-13 10:00:00,41,135
2024-09-13 11:00:00,89,43
2024-09-13 12:00:00,52,21
2024-09-13 13:00:00,127,41
2024-09-13 14:00:00,83,37
2024-09-13 15:00:00,115,173
2024-09-13 16:00:00,141,28
2024-09-13 17:00:00,68,27
2024-09-13 18:00:00,107,42
2024-09-13 19:00:00,74,23
2024-09-13 20:00:00,67,40
2024-09-13 21:00:00,108,33
2024-09-13 22:00:00,29,16
2024-09-13 23:00:00,89,49
2024-09-14 00:00:00,66,33
2024-09-14 01:00:00,46,32
2024-09-14 02:00:00,59,30
2024-09-14 03:00:00,46,34
2024-09-14 04:00:00,44,188
2024-09-14 05:00:00,42,28
2024-09-14 06:00:00,52,35
2024-09-14 07:00:00,62,37
2024-09-14 08:00:00,59,36
2024-09-14 09:00:00,72,32
2024-09-14 10:00:00,46,29
2024-09-14 11:00:00,65,31
2024-09-14 12:00:00,67,35
2024-09-14 13:00:00,80,29
2024-09-14 14:00:00,120,34
2024-09-14 15:00:00,55,28
2024-09-14 16:00:00,83,41
2024-09-14 17:00:00,54,212
2024-09-14 18:00:00,40,29
2024-09-14 19:00:00,21,2
2024-09-14 20:00:00,44,68
2024-09-14 21:00:00,49,16
2024-09-14 22:00:00,121,50
2024-09-14 23:00:00,44,29
2024-09-15 00:00:00,13,11
2024-09-15 01:00:00,32,47
2024-09-15 02:00:00,53,42
2024-09-15 03:00:00,46,24
2024-09-15 04:00:00,45,38
2024-09-15 05:00:00,30,33
2024-09-15 06:00:00,59,200
2024-09-15 07:00:00,79,26
2024-09-15 08:00:00,82,42
2024-09-15 09:00:00,47,28
2024-09-15 10:00:00,60,34
2024-09-15 11:00:00,60,30
2024-09-15 12:00:00,72,35
2024-09-15 13:00:00,71,33
2024-09-15 14:00:00,29,33
2024-09-15 15:00:00,81,29
2024-09-15 16:00:00,78,36
2024-09-15 17:00:00,90,31
2024-09-15 18:00:00,81,31
2024-09-15 19:00:00,64,32
2024-09-15 20:00:00,62,184
2024-09-15 21:00:00,82,36
2024-09-15 22:00:00,66,34
2024-09-15 23:00:00,46,37
2024-09-16 00:00:00,46,35
2024-09-16 01:00:00,32,27
2024-09-16 02:00:00,35,37
2024-09-16 03:00:00,30,27
2024-09-16 04:00:00,9,9
2024-09-16 05:00:00,77,171
2024-09-16 06:00:00,68,39
2024-09-16 07:00:00,54,42
2024-09-16 08:00:00,52,161
2024-09-16 09:00:00,77,39
2024-09-16 10:00:00,76,30
2024-09-16 11:00:00,68,27
2024-09-16 12:00:00,68,30
2024-09-16 13:00:00,76,40
2024-09-16 14:00:00,59,20
2024-09-16 15:00:00,94,43
2024-09-16 16:00:00,175,35
2024-09-16 17:00:00,56,29
2024-09-16 18:00:00,96,34
2024-09-16 19:00:00,89,35
2024-09-16 20:00:00,89,29
2024-09-16 21:00:00,60,24
2024-09-16 22:00:00,49,179
2024-09-16 23:00:00,90,46
2024-09-17 00:00:00,27,54
2024-09-17 01:00:00,19,50
2024-09-17 02:00:00,110,35
2024-09-17 03:00:00,60,34
2024-09-17 04:00:00,52,34
2024-09-17 05:00:00,29,29
2024-09-17 06:00:00,53,33
2024-09-17 07:00:00,67,36
2024-09-17 08:00:00,79,32
2024-09-17 09:00:00,46,19
2024-09-17 10:00:00,102,47
2024-09-17 11:00:00,60,22
2024-09-17 12:00:00,131,183
2024-09-17 13:00:00,108,33
2024-09-17 14:00:00,97,68
2024-09-17 15:00:00,111,33
2024-09-17 16:00:00,81,32
2024-09-17 17:00:00,87,19
2024-09-17 18:00:00,21,16
2024-09-17 19:00:00,172,62
2024-09-17 20:00:00,119,28
2024-09-17 21:00:00,104,37
2024-09-17 22:00:00,58,25
2024-09-17 23:00:00,52,33
2024-09-18 00:00:00,40,38
2024-09-18 01:00:00,56,39
2024-09-18 02:00:00,48,183
2024-09-18 03:00:00,39,32
2024-09-18 04:00:00,73,67
2024-09-18 05:00:00,43,33
2024-09-18 06:00:00,47,30
2024-09-18 07:00:00,71,42
2024-09-18 08:00:00,48,23
2024-09-18 09:00:00,76,38
2024-09-18 10:00:00,98,38
2024-09-18 11:00:00,76,187
2024-09-18 12:00:00,115,35
2024-09-18 13:00:00,58,32
2024-09-18 14:00:00,94,30
2024-09-18 15:00:00,81,27
2024-09-18 16:00:00,92,39
2024-09-18 17:00:00,52,33
2024-09-18 18:00:00,166,27
2024-09-18 19:00:00,98,34
2024-09-18 20:00:00,64,27
2024-09-18 21:00:00,77,33
2024-09-18 22:00:00,58,37
2024-09-18 23:00:00,44,26
2024-09-19 00:00:00,71,228
2024-09-19 01:00:00,75,34
2024-09-19 02:00:00,67,33
2024-09-19 03:00:00,40,29
2024-09-19 04:00:00,23,12
2024-09-19 05:00:00,95,55
2024-09-19 06:00:00,62,26
2024-09-19 07:00:00,82,39
2024-09-19 08:00:00,91,30
2024-09-19 09:00:00,75,35
2024-09-19 10:00:00,115,34
2024-09-19 11:00:00,89,33
2024-09-19 12:00:00,101,25
2024-09-19 13:00:00,117,123
2024-09-19 14:00:00,103,26
2024-09-19 15:00:00,129,44
2024-09-19 16:00:00,146,38
2024-09-19 17:00:00,178,132
2024-09-19 18:00:00,98,24
2024-09-19 19:00:00,136,36
2024-09-19 20:00:00,105,30
2024-09-19 21:00:00,17,6
2024-09-19 22:00:00,80,51
2024-09-19 23:00:00,105,38
2024-09-20 00:00:00,91,39
2024-09-20 01:00:00,59,36
2024-09-20 02:00:00,46,212
2024-09-20 03:00:00,165,59
2024-09-20 04:00:00,93,31
2024-09-20 05:00:00,29,18
2024-09-20 06:00:00,136,47
2024-09-20 07:00:00,71,26
2024-09-20 08:00:00,97,40
2024-09-20 09:00:00,96,42
2024-09-20 10:00:00,84,29
2024-09-20 11:00:00,80,42
2024-09-20 12:00:00,107,41
2024-09-20 13:00:00,78,37
2024-09-20 14:00:00,77,27
2024-09-20 15:00:00,120,50
2024-09-20 16:00:00,49,200
2024-09-20 17:00:00,98,52
2024-09-20 18:00:00,133,36
2024-09-20 19:00:00,94,29
2024-09-20 20:00:00,57,34
2024-09-20 21:00:00,121,33
2024-09-20 22:00:00,85,34
2024-09-20 23:00:00,54,33
2024-09-21 00:00:00,55,33
2024-09-21 01:00:00,50,32
2024-09-21 02:00:00,42,29
2024-09-21 03:00:00,29,32
2024-09-21 04:00:00,62,40
2024-09-21 05:00:00,34,27
2024-09-21 06:00:00,56,215
2024-09-21 07:00:00,69,32
2024-09-21 08:00:00,62,38
2024-09-21 09:00:00,68,32
2024-09-21 10:00:00,59,22
2024-09-21 11:00:00,86,42
2024-09-21 12:00:00,53,23
2024-09-21 13:00:00,100,40
2024-09-21 14:00:00,40,20
2024-09-21 15:00:00,98,122
2024-09-21 16:00:00,99,64
2024-09-21 17:00:00,98,32
2024-09-21 18:00:00,79,30
2024-09-21 19:00:00,71,35
2024-09-21 20:00:00,53,26
2024-09-21 21:00:00,60,37
2024-09-21 22:00:00,44,23
2024-09-21 23:00:00,70,43
2024-09-22 00:00:00,29,30
2024-09-22 01:00:00,46,34
2024-09-22 02:00:00,42,35
2024-09-22 03:00:00,39,24
2024-09-22 04:00:00,35,204
2024-09-22 05:00:00,22,26
2024-09-22 06:00:00,60,57
2024-09-22 07:00:00,33,32
2024-09-22 08:00:00,43,26
2024-09-22 09:00:00,46,27
2024-09-22 10:00:00,75,41
2024-09-22 11:00:00,40,19
2024-09-22 12:00:00,75,163
2024-09-22 13:00:00,65,37
2024-09-22 14:00:00,21,17
2024-09-22 15:00:00,82,46
2024-09-22 16:00:00,41,18
2024-09-22 17:00:00,75,37
2024-09-22 18:00:00,94,40
2024-09-22 19:00:00,85,33
2024-09-22 20:00:00,55,33
2024-09-22 21:00:00,53,24
2024-09-22 22:00:00,85,39
2024-09-22 23:00:00,26,28
2024-09-23 00:00:00,49,155
2024-09-23 01:00:00,47,30
2024-09-23 02:00:00,135,271
2024-09-23 03:00:00,48,29
2024-09-23 04:00:00,49,36
2024-09-23 05:00:00,19,19
2024-09-23 06:00:00,74,43
2024-09-23 07:00:00,28,15
2024-09-23 08:00:00,79,52
2024-09-23 09:00:00,86,38
2024-09-23 10:00:00,73,27
2024-09-23 11:00:00,85,41
2024-09-23 12:00:00,53,22
2024-09-23 13:00:00,106,207
2024-09-23 14:00:00,105,35
2024-09-23 15:00:00,100,29
2024-09-23 16:00:00,131,39
2024-09-23 17:00:00,54,26
2024-09-23 18:00:00,31,29
2024-09-23 19:00:00,64,41
2024-09-23 20:00:00,107,30
2024-09-23 21:00:00,46,34
2024-09-23 22:00:00,78,30
2024-09-23 23:00:00,38,28
2024-09-24 00:00:00,32,30
2024-09-24 01:00:00,55,37
2024-09-24 02:00:00,48,187
2024-09-24 03:00:00,39,37
2024-09-24 04:00:00,48,57
2024-09-24 05:00:00,36,33
2024-09-24 06:00:00,53,35
2024-09-24 07:00:00,50,26
2024-09-24 08:00:00,82,39
2024-09-24 09:00:00,71,138
2024-09-24 10:00:00,81,37
2024-09-24 11:00:00,73,32
2024-09-24 12:00:00,100,38
2024-09-24 13:00:00,87,32
2024-09-24 14:00:00,52,20
2024-09-24 15:00:00,87,42
2024-09-24 16:00:00,130,28
2024-09-24 17:00:00,127,36
2024-09-24 18:00:00,90,31
2024-09-24 19:00:00,88,37
2024-09-24 20:00:00,52,20
2024-09-24 21:00:00,102,41
2024-09-24 22:00:00,43,158
2024-09-24 23:00:00,78,34
2024-09-25 00:00:00,42,92
2024-09-25 01:00:00,73,42
2024-09-25 02:00:00,56,34
2024-09-25 03:00:00,49,30
2024-09-25 04:00:00,62,31
2024-09-25 05:00:00,22,18
2024-09-25 06:00:00,84,41
2024-09-25 07:00:00,53,28
2024-09-25 08:00:00,17,14
2024-09-25 09:00:00,75,47
2024-09-25 10:00:00,66,28
2024-09-25 11:00:00,83,41
2024-09-25 12:00:00,106,155
2024-09-25 13:00:00,65,27
2024-09-25 14:00:00,66,82
2024-09-25 15:00:00,150,44
2024-09-25 16:00:00,113,36
2024-09-25 17:00:00,63,23
2024-09-25 18:00:00,93,39
2024-09-25 19:00:00,108,33
2024-09-25 20:00:00,71,29
2024-09-25 21:00:00,80,32
2024-09-25 22:00:00,83,32
2024-09-25 23:00:00,58,34
2024-09-26 00:00:00,60,38
2024-09-26 01:00:00,45,31
2024-09-26 02:00:00,62,157
2024-09-26 03:00:00,45,27
2024-09-26 04:00:00,57,97
2024-09-26 05:00:00,30,30
2024-09-26 06:00:00,62,34
2024-09-26 07:00:00,40,30
2024-09-26 08:00:00,86,35
2024-09-26 09:00:00,63,34
2024-09-26 10:00:00,105,34
2024-09-26 11:00:00,60,30
2024-09-26 12:00:00,83,23
2024-09-26 13:00:00,96,38
2024-09-26 14:00:00,47,35
2024-09-26 15:00:00,160,31
2024-09-26 16:00:00,55,68
2024-09-26 17:00:00,46,41
2024-09-26 18:00:00,143,115
2024-09-26 19:00:00,66,28
2024-09-26 20:00:00,71,34
2024-09-26 21:00:00,103,40
2024-09-26 22:00:00,140,95
2024-09-26 23:00:00,58,20
2024-09-27 00:00:00,58,42
2024-09-27 01:00:00,59,33
2024-09-27 02:00:00,67,33
2024-09-27 03:00:00,67,32
2024-09-27 04:00:00,73,38
2024-09-27 05:00:00,45,27
2024-09-27 06:00:00,63,156
2024-09-27 07:00:00,88,35
2024-09-27 08:00:00,81,95
2024-09-27 09:00:00,33,13
2024-09-27 10:00:00,87,52
2024-09-27 11:00:00,50,12
2024-09-27 12:00:00,138,54
2024-09-27 13:00:00,117,30
2024-09-27 14:00:00,105,27
2024-09-27 15:00:00,80,21
2024-09-27 16:00:00,17,4
2024-09-27 17:00:00,132,52
2024-09-27 18:00:00,175,67
2024-09-27 19:00:00,77,33
2024-09-27 20:00:00,101,146
2024-09-27 21:00:00,64,29
2024-09-27 22:00:00,62,99
2024-09-27 23:00:00,67,35
2024-09-28 00:00:00,64,40
2024-09-28 01:00:00,34,33
2024-09-28 02:00:00,48,33
2024-09-28 03:00:00,31,23
2024-09-28 04:00:00,22,20
2024-09-28 05:00:00,46,115
2024-09-28 06:00:00,52,43
2024-09-28 07:00:00,77,82
2024-09-28 08:00:00,60,29
2024-09-28 09:00:00,48,22
2024-09-28 10:00:00,56,37
2024-09-28 11:00:00,88,41
2024-09-28 12:00:00,14,6
2024-09-28 13:00:00,134,53
2024-09-28 14:00:00,82,36
2024-09-28 15:00:00,82,33
2024-09-28 16:00:00,89,31
2024-09-28 17:00:00,20,29
2024-09-28 18:00:00,107,217
2024-09-28 19:00:00,62,31
2024-09-28 20:00:00,45,20
2024-09-28 21:00:00,60,38
2024-09-28 22:00:00,78,37
2024-09-28 23:00:00,34,35
2024-09-29 00:00:00,51,32
2024-09-29 01:00:00,18,30
2024-09-29 02:00:00,33,29
2024-09-29 03:00:00,50,33
2024-09-29 04:00:00,23,31
2024-09-29 05:00:00,24,30
2024-09-29 06:00:00,46,41
2024-09-29 07:00:00,39,26
2024-09-29 08:00:00,25,188
2024-09-29 09:00:00,63,41
2024-09-29 10:00:00,61,45
2024-09-29 11:00:00,39,27
2024-09-29 12:00:00,71,34
2024-09-29 13:00:00,72,35
2024-09-29 14:00:00,82,32
2024-09-29 15:00:00,55,27
2024-09-29 16:00:00,89,34
2024-09-29 17:00:00,76,29
2024-09-29 18:00:00,56,29
2024-09-29 19:00:00,87,40
2024-09-29 20:00:00,27,17
2024-09-29 21:00:00,85,46
2024-09-29 22:00:00,78,187
2024-09-29 23:00:00,47,34
2024-09-30 00:00:00,51,62
2024-09-30 01:00:00,25,23
2024-09-30 02:00:00,40,32
2024-09-30 03:00:00,77,116
2024-09-30 04:00:00,47,26
2024-09-30 05:00:00,45,37
2024-09-30 06:00:00,80,34
2024-09-30 07:00:00,26,31
2024-09-30 08:00:00,101,33
2024-09-30 09:00:00,111,35
2024-09-30 10:00:00,28,22
2024-09-30 11:00:00,89,19
2024-09-30 12:00:00,164,54
2024-09-30 13:00:00,43,27
2024-09-30 14:00:00,58,12
2024-09-30 15:00:00,161,64
2024-09-30 16:00:00,135,124
2024-09-30 17:00:00,64,34
2024-09-30 18:00:00,102,134
2024-09-30 19:00:00,96,38
2024-09-30 20:00:00,91,36
2024-09-30 21:00:00,31,21
2024-09-30 22:00:00,18,38
2024-09-30 23:00:00,117,38
2024-10-01 00:00:00,35,20
2024-10-01 01:00:00,53,41
2024-10-01 02:00:00,45,34
2024-10-01 03:00:00,49,36
2024-10-01 04:00:00,38,25
2024-10-01 05:00:00,61,42
2024-10-01 06:00:00,59,128
2024-10-01 07:00:00,72,32
2024-10-01 08:00:00,50,148
2024-10-01 09:00:00,133,47
2024-10-01 10:00:00,63,31
2024-10-01 11:00:00,71,38
2024-10-01 12:00:00,65,29
2024-10-01 13:00:00,90,33
2024-10-01 14:00:00,37,25
2024-10-01 15:00:00,182,40
2024-10-01 16:00:00,119,29
2024-10-01 17:00:00,126,38
2024-10-01 18:00:00,105,31
2024-10-01 19:00:00,64,27
2024-10-01 20:00:00,98,32
2024-10-01 21:00:00,95,30
2024-10-01 22:00:00,122,216
2024-10-01 23:00:00,51,27
2024-10-02 00:00:00,58,60
2024-10-02 01:00:00,35,34
2024-10-02 02:00:00,30,22
2024-10-02 03:00:00,68,44
2024-10-02 04:00:00,55,31
2024-10-02 05:00:00,31,24
2024-10-02 06:00:00,47,36
2024-10-02 07:00:00,55,37
2024-10-02 08:00:00,34,15
2024-10-02 09:00:00,97,53
2024-10-02 10:00:00,85,39
2024-10-02 11:00:00,64,31
2024-10-02 12:00:00,83,220
2024-10-02 13:00:00,75,32
2024-10-02 14:00:00,94,34
2024-10-02 15:00:00,71,36
2024-10-02 16:00:00,89,32
2024-10-02 17:00:00,48,25
2024-10-02 18:00:00,119,38
2024-10-02 19:00:00,104,38
2024-10-02 20:00:00,97,33
2024-10-02 21:00:00,77,34
2024-10-02 22:00:00,51,23
2024-10-02 23:00:00,54,41
2024-10-03 00:00:00,51,34
2024-10-03 01:00:00,29,26
2024-10-03 02:00:00,48,79
2024-10-03 03:00:00,64,34
2024-10-03 04:00:00,36,178
2024-10-03 05:00:00,58,37
2024-10-03 06:00:00,36,30
2024-10-03 07:00:00,59,36
2024-10-03 08:00:00,74,32
2024-10-03 09:00:00,51,29
2024-10-03 10:00:00,51,28
2024-10-03 11:00:00,109,43
2024-10-03 12:00:00,83,33
2024-10-03 13:00:00,87,191
2024-10-03 14:00:00,73,25
2024-10-03 15:00:00,66,41
2024-10-03 16:00:00,123,28
2024-10-03 17:00:00,109,41
2024-10-03 18:00:00,13,2
2024-10-03 19:00:00,133,61
2024-10-03 20:00:00,68,26
2024-10-03 21:00:00,74,39
2024-10-03 22:00:00,67,30
2024-10-03 23:00:00,61,33
2024-10-04 00:00:00,65,34
2024-10-04 01:00:00,57,30
2024-10-04 02:00:00,37,181
2024-10-04 03:00:00,46,38
2024-10-04 04:00:00,32,62
2024-10-04 05:00:00,53,31
2024-10-04 06:00:00,54,30
2024-10-04 07:00:00,62,39
2024-10-04 08:00:00,57,32
2024-10-04 09:00:00,72,28
2024-10-04 10:00:00,78,37
2024-10-04 11:00:00,95,33
2024-10-04 12:00:00,51,35
2024-10-04 13:00:00,115,32
2024-10-04 14:00:00,51,33
2024-10-04 15:00:00,112,32
2024-10-04 16:00:00,60,185
2024-10-04 17:00:00,101,37
2024-10-04 18:00:00,113,60
2024-10-04 19:00:00,70,33
2024-10-04 20:00:00,80,32
2024-10-04 21:00:00,38,25
2024-10-04 22:00:00,80,33
2024-10-04 23:00:00,36,34
2024-10-05 00:00:00,25,34
2024-10-05 01:00:00,44,29
2024-10-05 02:00:00,78,34
2024-10-05 03:00:00,36,34
2024-10-05 04:00:00,36,39
2024-10-05 05:00:00,30,33
2024-10-05 06:00:00,37,108
2024-10-05 07:00:00,61,96
2024-10-05 08:00:00,47,56
2024-10-05 09:00:00,46,26
2024-10-05 10:00:00,70,42
2024-10-05 11:00:00,75,31
2024-10-05 12:00:00,53,30
2024-10-05 13:00:00,79,142
2024-10-05 14:00:00,68,30
2024-10-05 15:00:00,31,34
2024-10-05 16:00:00,87,37
2024-10-05 17:00:00,54,27
2024-10-05 18:00:00,49,27
2024-10-05 19:00:00,100,45
2024-10-05 20:00:00,31,16
2024-10-05 21:00:00,46,43
2024-10-05 22:00:00,70,26
2024-10-05 23:00:00,40,42
2024-10-06 00:00:00,71,34
2024-10-06 01:00:00,34,31
2024-10-06 02:00:00,37,192
2024-10-06 03:00:00,42,37
2024-10-06 04:00:00,22,31
2024-10-06 05:00:00,5,15
2024-10-06 06:00:00,61,48
2024-10-06 07:00:00,40,25
2024-10-06 08:00:00,55,36
2024-10-06 09:00:00,34,26
2024-10-06 10:00:00,67,39
2024-10-06 11:00:00,55,33
2024-10-06 12:00:00,14,23
2024-10-06 13:00:00,105,195
2024-10-06 14:00:00,55,26
2024-10-06 15:00:00,99,45
2024-10-06 16:00:00,33,26
2024-10-06 17:00:00,69,23
2024-10-06 18:00:00,33,34
2024-10-06 19:00:00,65,41
2024-10-06 20:00:00,82,35
2024-10-06 21:00:00,62,32
2024-10-06 22:00:00,38,30
2024-10-06 23:00:00,33,37
2024-10-07 00:00:00,62,27
2024-10-07 01:00:00,55,36
2024-10-07 02:00:00,43,155
2024-10-07 03:00:00,53,38
2024-10-07 04:00:00,59,67
2024-10-07 05:00:00,43,30
2024-10-07 06:00:00,28,24
2024-10-07 07:00:00,57,35
2024-10-07 08:00:00,63,35
2024-10-07 09:00:00,69,37
2024-10-07 10:00:00,85,34
2024-10-07 11:00:00,71,34
2024-10-07 12:00:00,85,33
2024-10-07 13:00:00,85,34
2024-10-07 14:00:00,151,214
2024-10-07 15:00:00,89,32
2024-10-07 16:00:00,87,31
2024-10-07 17:00:00,72,24
2024-10-07 18:00:00,99,35
2024-10-07 19:00:00,77,38
2024-10-07 20:00:00,31,22
2024-10-07 21:00:00,24,33
2024-10-07 22:00:00,97,40
2024-10-07 23:00:00,23,10
2024-10-08 00:00:00,42,35
2024-10-08 01:00:00,74,60
2024-10-08 02:00:00,45,35
2024-10-08 03:00:00,62,29
2024-10-08 04:00:00,72,205
2024-10-08 05:00:00,42,33
2024-10-08 06:00:00,48,24
2024-10-08 07:00:00,52,33
2024-10-08 08:00:00,68,167
2024-10-08 09:00:00,81,37
2024-10-08 10:00:00,80,32
2024-10-08 11:00:00,53,28
2024-10-08 12:00:00,92,37
2024-10-08 13:00:00,85,32
2024-10-08 14:00:00,81,39
2024-10-08 15:00:00,77,29
2024-10-08 16:00:00,56,32
2024-10-08 17:00:00,117,35
2024-10-08 18:00:00,48,21
2024-10-08 19:00:00,91,45
2024-10-08 20:00:00,83,31
2024-10-08 21:00:00,77,34
2024-10-08 22:00:00,59,186
2024-10-08 23:00:00,24,35
2024-10-09 00:00:00,59,53
2024-10-09 01:00:00,49,34
2024-10-09 02:00:00,26,25
2024-10-09 03:00:00,62,48
2024-10-09 04:00:00,80,41
2024-10-09 05:00:00,36,25
2024-10-09 06:00:00,38,34
2024-10-09 07:00:00,42,29
2024-10-09 08:00:00,103,38
2024-10-09 09:00:00,68,41
2024-10-09 10:00:00,89,199
2024-10-09 11:00:00,25,18
2024-10-09 12:00:00,101,46
2024-10-09 13:00:00,44,28
2024-10-09 14:00:00,126,38
2024-10-09 15:00:00,62,11
2024-10-09 16:00:00,73,36
2024-10-09 17:00:00,119,47
2024-10-09 18:00:00,74,32
2024-10-09 19:00:00,117,32
2024-10-09 20:00:00,60,35
2024-10-09 21:00:00,85,26
2024-10-09 22:00:00,76,195
2024-10-09 23:00:00,50,32
2024-10-10 00:00:00,70,62
2024-10-10 01:00:00,44,26
2024-10-10 02:00:00,18,35
2024-10-10 03:00:00,50,35
2024-10-10 04:00:00,57,29
2024-10-10 05:00:00,23,25
2024-10-10 06:00:00,59,44
2024-10-10 07:00:00,8,2
2024-10-10 08:00:00,112,60
2024-10-10 09:00:00,48,145
2024-10-10 10:00:00,60,69
2024-10-10 11:00:00,21,25
2024-10-10 12:00:00,27,28
2024-10-10 13:00:00,52,19
2024-10-10 14:00:00,148,66
2024-10-10 15:00:00,115,32
2024-10-10 16:00:00,52,22
2024-10-10 17:00:00,80,41
2024-10-10 18:00:00,126,23
2024-10-10 19:00:00,121,43
2024-10-10 20:00:00,54,32
2024-10-10 21:00:00,72,35
2024-10-10 22:00:00,59,178
2024-10-10 23:00:00,44,33
2024-10-11 00:00:00,46,50
2024-10-11 01:00:00,12,17
2024-10-11 02:00:00,50,51
2024-10-11 03:00:00,48,35
2024-10-11 04:00:00,19,21
2024-10-11 05:00:00,58,40
2024-10-11 06:00:00,64,33
2024-10-11 07:00:00,39,34
2024-10-11 08:00:00,50,31
2024-10-11 09:00:00,75,41
2024-10-11 10:00:00,103,36
2024-10-11 11:00:00,41,16
2024-10-11 12:00:00,63,70
2024-10-11 13:00:00,27,7
2024-10-11 14:00:00,81,33
2024-10-11 15:00:00,42,36
2024-10-11 16:00:00,84,33
2024-10-11 17:00:00,71,34
2024-10-11 18:00:00,89,32
2024-10-11 19:00:00,165,78
2024-10-11 20:00:00,14,15
2024-10-11 21:00:00,99,49
2024-10-11 22:00:00,69,23
2024-10-11 23:00:00,40,36
2024-10-12 00:00:00,83,51
2024-10-12 01:00:00,21,28
2024-10-12 02:00:00,30,95
2024-10-12 03:00:00,43,37
2024-10-12 04:00:00,27,44
2024-10-12 05:00:00,35,36
2024-10-12 06:00:00,72,46
2024-10-12 07:00:00,40,30
2024-10-12 08:00:00,35,31
2024-10-12 09:00:00,33,32
2024-10-12 10:00:00,90,39
2024-10-12 11:00:00,41,25
2024-10-12 12:00:00,47,35
2024-10-12 13:00:00,75,110
2024-10-12 14:00:00,80,34
2024-10-12 15:00:00,68,33
2024-10-12 16:00:00,81,30
2024-10-12 17:00:00,64,36
2024-10-12 18:00:00,54,31
2024-10-12 19:00:00,42,33
2024-10-12 20:00:00,24,22
2024-10-12 21:00:00,69,45
2024-10-12 22:00:00,35,24
2024-10-12 23:00:00,46,37
2024-10-13 00:00:00,35,30
2024-10-13 01:00:00,35,194
2024-10-13 02:00:00,53,280
2024-10-13 03:00:00,45,35
2024-10-13 04:00:00,49,57
2024-10-13 05:00:00,24,34
2024-10-13 06:00:00,29,21
2024-10-13 07:00:00,51,42
2024-10-13 08:00:00,43,34
2024-10-13 09:00:00,59,29
2024-10-13 10:00:00,43,35
2024-10-13 11:00:00,58,35
2024-10-13 12:00:00,9,6
2024-10-13 13:00:00,86,57
2024-10-13 14:00:00,69,37
2024-10-13 15:00:00,73,39
2024-10-13 16:00:00,18,27
2024-10-13 17:00:00,87,190
2024-10-13 18:00:00,53,35
2024-10-13 19:00:00,36,31
2024-10-13 20:00:00,23,11
2024-10-13 21:00:00,84,54
2024-10-13 22:00:00,65,34
2024-10-13 23:00:00,28,30
2024-10-14 00:00:00,33,34
2024-10-14 01:00:00,32,21
2024-10-14 02:00:00,46,38
2024-10-14 03:00:00,48,104
2024-10-14 04:00:00,48,99
2024-10-14 05:00:00,29,25
2024-10-14 06:00:00,60,32
2024-10-14 07:00:00,65,36
2024-10-14 08:00:00,58,32
2024-10-14 09:00:00,56,33
2024-10-14 10:00:00,118,41
2024-10-14 11:00:00,59,27
2024-10-14 12:00:00,116,45
2024-10-14 13:00:00,69,19
2024-10-14 14:00:00,182,121
2024-10-14 15:00:00,127,126
2024-10-14 16:00:00,124,38
2024-10-14 17:00:00,83,34
2024-10-14 18:00:00,152,35
2024-10-14 19:00:00,77,30
2024-10-14 20:00:00,88,31
2024-10-14 21:00:00,46,26
2024-10-14 22:00:00,36,33
2024-10-14 23:00:00,85,36
2024-10-15 00:00:00,76,29
2024-10-15 01:00:00,60,40
2024-10-15 02:00:00,52,71
2024-10-15 03:00:00,41,160
2024-10-15 04:00:00,59,49
2024-10-15 05:00:00,55,33
2024-10-15 06:00:00,39,28
2024-10-15 07:00:00,67,46
2024-10-15 08:00:00,87,31
2024-10-15 09:00:00,99,185
2024-10-15 10:00:00,52,37
2024-10-15 11:00:00,100,28
2024-10-15 12:00:00,100,39
2024-10-15 13:00:00,111,27
2024-10-15 14:00:00,153,37
2024-10-15 15:00:00,93,31
2024-10-15 16:00:00,98,31
2024-10-15 17:00:00,123,38
2024-10-15 18:00:00,59,19
2024-10-15 19:00:00,113,44
2024-10-15 20:00:00,40,25
2024-10-15 21:00:00,133,39
2024-10-15 22:00:00,94,194
2024-10-15 23:00:00,44,31
2024-10-16 00:00:00,79,49
2024-10-16 01:00:00,56,49
2024-10-16 02:00:00,86,35
2024-10-16 03:00:00,45,34
2024-10-16 04:00:00,66,32
2024-10-16 05:00:00,38,30
2024-10-16 06:00:00,38,34
2024-10-16 07:00:00,48,33
2024-10-16 08:00:00,84,26
2024-10-16 09:00:00,121,38
2024-10-16 10:00:00,101,38
2024-10-16 11:00:00,39,36
2024-10-16 12:00:00,46,35
2024-10-16 13:00:00,52,23
2024-10-16 14:00:00,140,53
2024-10-16 15:00:00,264,206
2024-10-16 16:00:00,117,29
2024-10-16 17:00:00,35,25
2024-10-16 18:00:00,164,46
2024-10-16 19:00:00,47,23
2024-10-16 20:00:00,114,43
2024-10-16 21:00:00,59,20
2024-10-16 22:00:00,32,13
2024-10-16 23:00:00,22,21
2024-10-17 00:00:00,41,44
2024-10-17 01:00:00,92,58
2024-10-17 02:00:00,120,46
2024-10-17 03:00:00,296,189
2024-10-17 04:00:00,213,58
2024-10-17 05:00:00,275,35
2024-10-17 06:00:00,324,37
2024-10-17 07:00:00,174,22
2024-10-17 08:00:00,369,42
2024-10-17 09:00:00,89,94
2024-10-17 10:00:00,35,34
2024-10-17 11:00:00,158,119
2024-10-17 12:00:00,139,37
2024-10-17 13:00:00,60,13
2024-10-17 14:00:00,157,52
2024-10-17 15:00:00,98,33
2024-10-17 16:00:00,85,25
2024-10-17 17:00:00,75,39
2024-10-17 18:00:00,97,29
2024-10-17 19:00:00,51,20
2024-10-17 20:00:00,83,46
2024-10-17 21:00:00,89,32
2024-10-17 22:00:00,48,30
2024-10-17 23:00:00,57,29
2024-10-18 00:00:00,61,56
2024-10-18 01:00:00,46,39
2024-10-18 02:00:00,66,202
2024-10-18 03:00:00,37,34
2024-10-18 04:00:00,29,35
2024-10-18 05:00:00,10,10
2024-10-18 06:00:00,57,45
2024-10-18 07:00:00,91,33
2024-10-18 08:00:00,44,28
2024-10-18 09:00:00,94,48
2024-10-18 10:00:00,60,24
2024-10-18 11:00:00,99,39
2024-10-18 12:00:00,37,31
2024-10-18 13:00:00,95,40
2024-10-18 14:00:00,97,54
2024-10-18 15:00:00,53,20
2024-10-18 16:00:00,99,205
2024-10-18 17:00:00,83,39
2024-10-18 18:00:00,92,29
2024-10-18 19:00:00,95,35
2024-10-18 20:00:00,64,31
2024-10-18 21:00:00,85,31
2024-10-18 22:00:00,39,20
2024-10-18 23:00:00,53,47
2024-10-19 00:00:00,103,30
2024-10-19 01:00:00,38,36
2024-10-19 02:00:00,44,29
2024-10-19 03:00:00,65,38
2024-10-19 04:00:00,36,58
2024-10-19 05:00:00,52,187
2024-10-19 06:00:00,70,33
2024-10-19 07:00:00,61,35
2024-10-19 08:00:00,21,21
2024-10-19 09:00:00,81,43
2024-10-19 10:00:00,70,29
2024-10-19 11:00:00,58,32
2024-10-19 12:00:00,78,35
2024-10-19 13:00:00,35,30
2024-10-19 14:00:00,102,38
2024-10-19 15:00:00,60,23
2024-10-19 16:00:00,87,40
2024-10-19 17:00:00,73,34
2024-10-19 18:00:00,52,177
2024-10-19 19:00:00,43,38
2024-10-19 20:00:00,69,54
2024-10-19 21:00:00,70,38
2024-10-19 22:00:00,51,39
2024-10-19 23:00:00,53,31
2024-10-20 00:00:00,28,25
2024-10-20 01:00:00,29,25
2024-10-20 02:00:00,53,47
2024-10-20 03:00:00,37,32
2024-10-20 04:00:00,51,28
2024-10-20 05:00:00,43,38
2024-10-20 06:00:00,26,34
2024-10-20 07:00:00,32,33
2024-10-20 08:00:00,60,164
2024-10-20 09:00:00,61,29
2024-10-20 10:00:00,91,67
2024-10-20 11:00:00,18,26
2024-10-20 12:00:00,50,34
2024-10-20 13:00:00,60,128
2024-10-20 14:00:00,62,34
2024-10-20 15:00:00,52,33
2024-10-20 16:00:00,95,33
2024-10-20 17:00:00,44,19
2024-10-20 18:00:00,77,46
2024-10-20 19:00:00,56,23
2024-10-20 20:00:00,80,36
2024-10-20 21:00:00,62,37
2024-10-20 22:00:00,47,30
2024-10-20 23:00:00,60,31
2024-10-21 00:00:00,48,33
2024-10-21 01:00:00,55,36
2024-10-21 02:00:00,49,135
2024-10-21 03:00:00,43,37
2024-10-21 04:00:00,69,104
2024-10-21 05:00:00,48,25
2024-10-21 06:00:00,59,39
2024-10-21 07:00:00,43,24
2024-10-21 08:00:00,69,145
2024-10-21 09:00:00,82,42
2024-10-21 10:00:00,94,41
2024-10-21 11:00:00,73,32
2024-10-21 12:00:00,47,18
2024-10-21 13:00:00,123,50
2024-10-21 14:00:00,66,26
2024-10-21 15:00:00,43,10
2024-10-21 16:00:00,115,58
2024-10-21 17:00:00,61,26
2024-10-21 18:00:00,91,34
2024-10-21 19:00:00,62,36
2024-10-21 20:00:00,28,117
2024-10-21 21:00:00,104,132
2024-10-21 22:00:00,70,40
2024-10-21 23:00:00,48,30
2024-10-22 00:00:00,29,35
2024-10-22 01:00:00,16,18
2024-10-22 02:00:00,36,45
2024-10-22 03:00:00,35,29
2024-10-22 04:00:00,29,16
2024-10-22 05:00:00,73,56
2024-10-22 06:00:00,53,33
2024-10-22 07:00:00,26,115
2024-10-22 08:00:00,79,34
2024-10-22 09:00:00,34,23
2024-10-22 10:00:00,79,42
2024-10-22 11:00:00,63,27
2024-10-22 12:00:00,0,0
2024-10-22 13:00:00,44,24
2024-10-22 14:00:00,174,81
2024-10-22 15:00:00,76,30
2024-10-22 16:00:00,85,34
2024-10-22 17:00:00,62,27
2024-10-22 18:00:00,64,29
2024-10-22 19:00:00,78,37
2024-10-22 20:00:00,62,116
2024-10-22 21:00:00,55,31
2024-10-22 22:00:00,43,47
2024-10-22 23:00:00,30,26
2024-10-23 00:00:00,43,40
2024-10-23 01:00:00,33,31
2024-10-23 02:00:00,40,29
2024-10-23 03:00:00,32,32
2024-10-23 04:00:00,49,34
2024-10-23 05:00:00,30,28
2024-10-23 06:00:00,53,41
2024-10-23 07:00:00,31,23
2024-10-23 08:00:00,79,47
2024-10-23 09:00:00,65,191
2024-10-23 10:00:00,82,191
2024-10-23 11:00:00,66,32
2024-10-23 12:00:00,110,40
2024-10-23 13:00:00,92,30
2024-10-23 14:00:00,78,160
2024-10-23 15:00:00,77,30
2024-10-23 16:00:00,41,33
2024-10-23 17:00:00,55,35
2024-10-23 18:00:00,68,30
2024-10-23 19:00:00,113,32
2024-10-23 20:00:00,73,33
2024-10-23 21:00:00,62,28
2024-10-23 22:00:00,69,32
2024-10-23 23:00:00,40,18
2024-10-24 00:00:00,56,42
2024-10-24 01:00:00,67,39
2024-10-24 02:00:00,41,32
2024-10-24 03:00:00,51,34
2024-10-24 04:00:00,42,212
2024-10-24 05:00:00,32,23
2024-10-24 06:00:00,50,44
2024-10-24 07:00:00,27,21
2024-10-24 08:00:00,93,39
2024-10-24 09:00:00,91,40
2024-10-24 10:00:00,36,18
2024-10-24 11:00:00,76,40
2024-10-24 12:00:00,45,30
2024-10-24 13:00:00,40,18
2024-10-24 14:00:00,57,36
2024-10-24 15:00:00,42,30
2024-10-24 16:00:00,95,36
2024-10-24 17:00:00,32,33
2024-10-24 18:00:00,54,120
2024-10-24 19:00:00,63,32
2024-10-24 20:00:00,31,25
2024-10-24 21:00:00,43,31
2024-10-24 22:00:00,54,35
2024-10-24 23:00:00,114,68
2024-10-25 00:00:00,38,30
2024-10-25 01:00:00,28,25
2024-10-25 02:00:00,49,43
2024-10-25 03:00:00,16,25
2024-10-25 04:00:00,64,29
2024-10-25 05:00:00,44,43
2024-10-25 06:00:00,62,18
2024-10-25 07:00:00,154,140
2024-10-25 08:00:00,87,210
2024-10-25 09:00:00,66,35
2024-10-25 10:00:00,38,20
2024-10-25 11:00:00,71,43
2024-10-25 12:00:00,107,31
2024-10-25 13:00:00,85,25
2024-10-25 14:00:00,83,167
2024-10-25 15:00:00,124,36
2024-10-25 16:00:00,94,28
2024-10-25 17:00:00,67,36
2024-10-25 18:00:00,75,30
2024-10-25 19:00:00,84,32
2024-10-25 20:00:00,80,30
2024-10-25 21:00:00,54,33
2024-10-25 22:00:00,33,26
2024-10-25 23:00:00,57,32
2024-10-26 00:00:00,46,40
2024-10-26 01:00:00,52,34
2024-10-26 02:00:00,41,29
2024-10-26 03:00:00,20,15
2024-10-26 04:00:00,69,176
2024-10-26 05:00:00,32,30
2024-10-26 06:00:00,60,84
2024-10-26 07:00:00,34,31
2024-10-26 08:00:00,35,23
2024-10-26 09:00:00,79,45
2024-10-26 10:00:00,52,28
2024-10-26 11:00:00,56,163
2024-10-26 12:00:00,35,28
2024-10-26 13:00:00,74,34
2024-10-26 14:00:00,54,31
2024-10-26 15:00:00,45,23
2024-10-26 16:00:00,77,35
2024-10-26 17:00:00,65,34
2024-10-26 18:00:00,41,33
2024-10-26 19:00:00,62,33
2024-10-26 20:00:00,48,33
2024-10-26 21:00:00,51,31
2024-10-26 22:00:00,45,32
2024-10-26 23:00:00,40,31
2024-10-27 00:00:00,28,144
2024-10-27 01:00:00,20,27
2024-10-27 02:00:00,40,92
2024-10-27 03:00:00,25,34
2024-10-27 04:00:00,33,32
2024-10-27 05:00:00,18,22
2024-10-27 06:00:00,47,43
2024-10-27 07:00:00,29,20
2024-10-27 08:00:00,43,42
2024-10-27 09:00:00,66,34
2024-10-27 10:00:00,45,34
2024-10-27 11:00:00,22,28
2024-10-27 12:00:00,63,30
2024-10-27 13:00:00,34,103
2024-10-27 14:00:00,87,112
2024-10-27 15:00:00,52,31
2024-10-27 16:00:00,66,32
2024-10-27 17:00:00,40,25
2024-10-27 18:00:00,73,39
2024-10-27 19:00:00,61,32
2024-10-27 20:00:00,35,20
2024-10-27 21:00:00,74,41
2024-10-27 22:00:00,55,32
2024-10-27 23:00:00,50,33
2024-10-28 00:00:00,38,29
2024-10-28 01:00:00,20,24
2024-10-28 02:00:00,54,185
2024-10-28 03:00:00,27,31
2024-10-28 04:00:00,43,69
2024-10-28 05:00:00,30,36
2024-10-28 06:00:00,47,26
2024-10-28 07:00:00,58,37
2024-10-28 08:00:00,69,32
2024-10-28 09:00:00,32,13
2024-10-28 10:00:00,101,51
2024-10-28 11:00:00,71,32
2024-10-28 12:00:00,102,33
2024-10-28 13:00:00,0,0
2024-10-28 14:00:00,117,55
2024-10-28 15:00:00,109,41
2024-10-28 16:00:00,133,185
2024-10-28 17:00:00,100,31
2024-10-28 18:00:00,68,58
2024-10-28 19:00:00,108,35
2024-10-28 20:00:00,96,27
2024-10-28 21:00:00,102,39
2024-10-28 22:00:00,97,33
2024-10-28 23:00:00,56,32
2024-10-29 00:00:00,75,28
2024-10-29 01:00:00,9,3
2024-10-29 02:00:00,68,54
2024-10-29 03:00:00,64,28
2024-10-29 04:00:00,137,61
2024-10-29 05:00:00,57,27
2024-10-29 06:00:00,76,177
2024-10-29 07:00:00,80,36
2024-10-29 08:00:00,96,63
2024-10-29 09:00:00,92,33
2024-10-29 10:00:00,125,33
2024-10-29 11:00:00,83,24
2024-10-29 12:00:00,164,46
2024-10-29 13:00:00,123,30
2024-10-29 14:00:00,104,36
2024-10-29 15:00:00,70,129
2024-10-29 16:00:00,260,130
2024-10-29 17:00:00,157,25
2024-10-29 18:00:00,145,35
2024-10-29 19:00:00,185,32
2024-10-29 20:00:00,182,25
2024-10-29 21:00:00,148,30
2024-10-29 22:00:00,127,41
2024-10-29 23:00:00,90,32
2024-10-30 00:00:00,88,37
2024-10-30 01:00:00,41,18
2024-10-30 02:00:00,91,45
2024-10-30 03:00:00,76,33
2024-10-30 04:00:00,71,225
2024-10-30 05:00:00,68,37
2024-10-30 06:00:00,68,30
2024-10-30 07:00:00,78,32
2024-10-30 08:00:00,111,37
2024-10-30 09:00:00,28,19
2024-10-30 10:00:00,158,46
2024-10-30 11:00:00,86,33
2024-10-30 12:00:00,112,29
2024-10-30 13:00:00,110,32
2024-10-30 14:00:00,44,12
2024-10-30 15:00:00,122,60
2024-10-30 16:00:00,131,110
2024-10-30 17:00:00,129,138
2024-10-30 18:00:00,113,32
2024-10-30 19:00:00,104,30
2024-10-30 20:00:00,97,35
2024-10-30 21:00:00,50,22
2024-10-30 22:00:00,137,42
2024-10-30 23:00:00,49,18
2024-10-31 00:00:00,75,43
2024-10-31 01:00:00,36,26
2024-10-31 02:00:00,43,24
2024-10-31 03:00:00,37,41
2024-10-31 04:00:00,66,30
2024-10-31 05:00:00,79,40
2024-10-31 06:00:00,55,211
2024-10-31 07:00:00,49,32
2024-10-31 08:00:00,75,42
2024-10-31 09:00:00,89,97
2024-10-31 10:00:00,42,13
2024-10-31 11:00:00,157,58
2024-10-31 12:00:00,106,32
2024-10-31 13:00:00,102,33
2024-10-31 14:00:00,100,32
2024-10-31 15:00:00,50,17
2024-10-31 16:00:00,112,40
2024-10-31 17:00:00,124,40
2024-10-31 18:00:00,95,32
2024-10-31 19:00:00,71,28
2024-10-31 20:00:00,60,22
2024-10-31 21:00:00,133,49
2024-10-31 22:00:00,62,188
2024-10-31 23:00:00,80,38
2024-11-01 00:00:00,55,64
2024-11-01 01:00:00,47,33
2024-11-01 02:00:00,46,34
2024-11-01 03:00:00,33,29
2024-11-01 04:00:00,73,36
2024-11-01 05:00:00,54,35
2024-11-01 06:00:00,72,32
2024-11-01 07:00:00,65,34
2024-11-01 08:00:00,86,34
2024-11-01 09:00:00,67,30
2024-11-01 10:00:00,58,35
2024-11-01 11:00:00,102,35
2024-11-01 12:00:00,103,184
2024-11-01 13:00:00,67,32
2024-11-01 14:00:00,111,53
2024-11-01 15:00:00,100,40
2024-11-01 16:00:00,31,29
2024-11-01 17:00:00,71,87
2024-11-01 18:00:00,106,34
2024-11-01 19:00:00,142,90
2024-11-01 20:00:00,47,27
2024-11-01 21:00:00,101,33
2024-11-01 22:00:00,68,28
2024-11-01 23:00:00,42,29
2024-11-02 00:00:00,65,42
2024-11-02 01:00:00,39,27
2024-11-02 02:00:00,29,24
2024-11-02 03:00:00,54,38
2024-11-02 04:00:00,61,36
2024-11-02 05:00:00,25,32
2024-11-02 06:00:00,35,120
2024-11-02 07:00:00,44,110
2024-11-02 08:00:00,48,51
2024-11-02 09:00:00,51,29
2024-11-02 10:00:00,43,28
2024-11-02 11:00:00,52,27
2024-11-02 12:00:00,61,40
2024-11-02 13:00:00,67,30
2024-11-02 14:00:00,95,177
2024-11-02 15:00:00,90,31
2024-11-02 16:00:00,67,33
2024-11-02 17:00:00,61,30
2024-11-02 18:00:00,55,29
2024-11-02 19:00:00,20,15
2024-11-02 20:00:00,76,49
2024-11-02 21:00:00,38,19
2024-11-02 22:00:00,44,36
2024-11-02 23:00:00,40,29
2024-11-03 00:00:00,69,44
2024-11-03 01:00:00,35,27
2024-11-03 02:00:00,54,174
2024-11-03 03:00:00,28,18
2024-11-03 04:00:00,12,57
2024-11-03 05:00:00,21,26
2024-11-03 06:00:00,90,67
2024-11-03 07:00:00,23,29
2024-11-03 08:00:00,51,34
2024-11-03 09:00:00,25,26
2024-11-03 10:00:00,41,33
2024-11-03 11:00:00,49,37
2024-11-03 12:00:00,42,25
2024-11-03 13:00:00,79,185
2024-11-03 14:00:00,74,33
2024-11-03 15:00:00,86,35
2024-11-03 16:00:00,93,31
2024-11-03 17:00:00,59,29
2024-11-03 18:00:00,38,25
2024-11-03 19:00:00,79,35
2024-11-03 20:00:00,59,36
2024-11-03 21:00:00,60,32
2024-11-03 22:00:00,63,30
2024-11-03 23:00:00,29,35
2024-11-04 00:00:00,46,28
2024-11-04 01:00:00,30,36
2024-11-04 02:00:00,26,163
2024-11-04 03:00:00,40,33
2024-11-04 04:00:00,35,75
2024-11-04 05:00:00,29,32
2024-11-04 06:00:00,44,35
2024-11-04 07:00:00,27,37
2024-11-04 08:00:00,73,29
2024-11-04 09:00:00,72,34
2024-11-04 10:00:00,74,33
2024-11-04 11:00:00,54,26
2024-11-04 12:00:00,43,29
2024-11-04 13:00:00,106,44
2024-11-04 14:00:00,65,30
2024-11-04 15:00:00,84,205
2024-11-04 16:00:00,95,31
2024-11-04 17:00:00,92,34
2024-11-04 18:00:00,59,30
2024-11-04 19:00:00,103,35
2024-11-04 20:00:00,88,32
2024-11-04 21:00:00,57,21
2024-11-04 22:00:00,89,38
2024-11-04 23:00:00,53,28
2024-11-05 00:00:00,34,43
2024-11-05 01:00:00,28,6
2024-11-05 02:00:00,85,52
2024-11-05 03:00:00,35,38
2024-11-05 04:00:00,65,210
2024-11-05 05:00:00,51,29
2024-11-05 06:00:00,53,35
2024-11-05 07:00:00,48,38
2024-11-05 08:00:00,46,33
2024-11-05 09:00:00,75,31
2024-11-05 10:00:00,58,28
2024-11-05 11:00:00,84,38
2024-11-05 12:00:00,74,27
2024-11-05 13:00:00,88,34
2024-11-05 14:00:00,110,33
2024-11-05 15:00:00,57,28
2024-11-05 16:00:00,118,37
2024-11-05 17:00:00,106,220
2024-11-05 18:00:00,48,34
2024-11-05 19:00:00,107,32
2024-11-05 20:00:00,85,32
2024-11-05 21:00:00,84,33
2024-11-05 22:00:00,77,34
2024-11-05 23:00:00,43,26
2024-11-06 00:00:00,53,35
2024-11-06 01:00:00,68,35
2024-11-06 02:00:00,63,24
2024-11-06 03:00:00,92,27
2024-11-06 04:00:00,147,36
2024-11-06 05:00:00,162,41
2024-11-06 06:00:00,178,32
2024-11-06 07:00:00,222,227
2024-11-06 08:00:00,176,29
2024-11-06 09:00:00,128,37
2024-11-06 10:00:00,103,35
2024-11-06 11:00:00,148,33
2024-11-06 12:00:00,162,35
2024-11-06 13:00:00,182,34
2024-11-06 14:00:00,173,31
2024-11-06 15:00:00,62,30
2024-11-06 16:00:00,237,30
2024-11-06 17:00:00,134,29
2024-11-06 18:00:00,127,30
2024-11-06 19:00:00,193,36
2024-11-06 20:00:00,195,233
2024-11-06 21:00:00,114,20
2024-11-06 22:00:00,198,50
2024-11-06 23:00:00,122,32
2024-11-07 00:00:00,108,32
2024-11-07 01:00:00,76,30
2024-11-07 02:00:00,98,33
2024-11-07 03:00:00,90,220
2024-11-07 04:00:00,68,36
2024-11-07 05:00:00,43,24
2024-11-07 06:00:00,92,40
2024-11-07 07:00:00,80,124
2024-11-07 08:00:00,84,31
2024-11-07 09:00:00,115,38
2024-11-07 10:00:00,52,19
2024-11-07 11:00:00,133,41
2024-11-07 12:00:00,130,35
2024-11-07 13:00:00,79,29
2024-11-07 14:00:00,140,223
2024-11-07 15:00:00,89,27
2024-11-07 16:00:00,165,36
2024-11-07 17:00:00,149,37
2024-11-07 18:00:00,102,30
2024-11-07 19:00:00,149,35
2024-11-07 20:00:00,68,24
2024-11-07 21:00:00,183,36
2024-11-07 22:00:00,132,31
2024-11-07 23:00:00,77,29
2024-11-08 00:00:00,80,36
2024-11-08 01:00:00,74,33
2024-11-08 02:00:00,33,32
2024-11-08 03:00:00,111,33
2024-11-08 04:00:00,74,222
2024-11-08 05:00:00,39,29
2024-11-08 06:00:00,47,34
2024-11-08 07:00:00,104,38
2024-11-08 08:00:00,86,33
2024-11-08 09:00:00,67,30
2024-11-08 10:00:00,66,39
2024-11-08 11:00:00,107,25
2024-11-08 12:00:00,100,41
2024-11-08 13:00:00,123,30
2024-11-08 14:00:00,132,31
2024-11-08 15:00:00,92,29
2024-11-08 16:00:00,142,38
2024-11-08 17:00:00,127,29
2024-11-08 18:00:00,102,224
2024-11-08 19:00:00,150,41
2024-11-08 20:00:00,49,33
2024-11-08 21:00:00,125,27
2024-11-08 22:00:00,107,35
2024-11-08 23:00:00,52,29
2024-11-09 00:00:00,68,35
2024-11-09 01:00:00,44,30
2024-11-09 02:00:00,77,36
2024-11-09 03:00:00,63,25
2024-11-09 04:00:00,42,40
2024-11-09 05:00:00,13,4
2024-11-09 06:00:00,48,54
2024-11-09 07:00:00,96,37
2024-11-09 08:00:00,89,217
2024-11-09 09:00:00,71,29
2024-11-09 10:00:00,92,24
2024-11-09 11:00:00,24,11
2024-11-09 12:00:00,158,66
2024-11-09 13:00:00,84,38
2024-11-09 14:00:00,72,29
2024-11-09 15:00:00,67,32
2024-11-09 16:00:00,68,198
2024-11-09 17:00:00,107,33
2024-11-09 18:00:00,55,31
2024-11-09 19:00:00,113,36
2024-11-09 20:00:00,37,17
2024-11-09 21:00:00,96,46
2024-11-09 22:00:00,32,20
2024-11-09 23:00:00,29,28
2024-11-10 00:00:00,72,33
2024-11-10 01:00:00,79,47
2024-11-10 02:00:00,43,27
2024-11-10 03:00:00,68,32
2024-11-10 04:00:00,21,179
2024-11-10 05:00:00,66,46
2024-11-10 06:00:00,193,59
2024-11-10 07:00:00,100,35
2024-11-10 08:00:00,148,29
2024-11-10 09:00:00,158,30
2024-11-10 10:00:00,162,31
2024-11-10 11:00:00,35,27
2024-11-10 12:00:00,358,44
2024-11-10 13:00:00,176,29
2024-11-10 14:00:00,233,33
2024-11-10 15:00:00,87,223
2024-11-10 16:00:00,220,41
2024-11-10 17:00:00,147,29
2024-11-10 18:00:00,151,29
2024-11-10 19:00:00,396,34
2024-11-10 20:00:00,261,40
2024-11-10 21:00:00,136,28
2024-11-10 22:00:00,76,30
2024-11-10 23:00:00,156,42
2024-11-11 00:00:00,95,29
2024-11-11 01:00:00,100,34
2024-11-11 02:00:00,98,32
2024-11-11 03:00:00,89,233
2024-11-11 04:00:00,94,30
2024-11-11 05:00:00,62,33
2024-11-11 06:00:00,22,28
2024-11-11 07:00:00,136,139
2024-11-11 08:00:00,186,35
2024-11-11 09:00:00,115,28
2024-11-11 10:00:00,80,22
2024-11-11 11:00:00,265,43
2024-11-11 12:00:00,117,34
2024-11-11 13:00:00,97,21
2024-11-11 14:00:00,358,50
2024-11-11 15:00:00,310,30
2024-11-11 16:00:00,204,29
2024-11-11 17:00:00,334,31
2024-11-11 18:00:00,489,38
2024-11-11 19:00:00,340,31
2024-11-11 20:00:00,145,20
2024-11-11 21:00:00,648,115
2024-11-11 22:00:00,741,167
2024-11-11 23:00:00,354,26
2024-11-12 00:00:00,141,40
2024-11-12 01:00:00,298,29
2024-11-12 02:00:00,114,34
2024-11-12 03:00:00,396,43
2024-11-12 04:00:00,221,32
2024-11-12 05:00:00,134,40
2024-11-12 06:00:00,209,34
2024-11-12 07:00:00,243,31
2024-11-12 08:00:00,423,110
2024-11-12 09:00:00,411,213
2024-11-12 10:00:00,282,34
2024-11-12 11:00:00,241,26
2024-11-12 12:00:00,377,43
2024-11-12 13:00:00,255,35
2024-11-12 14:00:00,144,31
2024-11-12 15:00:00,38,1
2024-11-12 16:00:00,296,66
2024-11-12 17:00:00,259,30
2024-11-12 18:00:00,279,38
2024-11-12 19:00:00,296,32
2024-11-12 20:00:00,406,30
2024-11-12 21:00:00,306,35
2024-11-12 22:00:00,236,236
2024-11-12 23:00:00,18,3
2024-11-13 00:00:00,139,60
2024-11-13 01:00:00,85,24
2024-11-13 02:00:00,83,35
2024-11-13 03:00:00,85,39
2024-11-13 04:00:00,106,36
2024-11-13 05:00:00,89,31
2024-11-13 06:00:00,89,34
2024-11-13 07:00:00,76,31
2024-11-13 08:00:00,67,20
2024-11-13 09:00:00,110,38
2024-11-13 10:00:00,98,30
2024-11-13 11:00:00,214,47
2024-11-13 12:00:00,144,227
2024-11-13 13:00:00,146,31
2024-11-13 14:00:00,206,32
2024-11-13 15:00:00,557,35
2024-11-13 16:00:00,604,35
2024-11-13 17:00:00,264,25
2024-11-13 18:00:00,181,31
2024-11-13 19:00:00,678,41
2024-11-13 20:00:00,485,32
2024-11-13 21:00:00,334,37
2024-11-13 22:00:00,209,17
2024-11-13 23:00:00,289,46
2024-11-14 00:00:00,104,9
2024-11-14 01:00:00,175,50
2024-11-14 02:00:00,223,38
2024-11-14 03:00:00,93,31
2024-11-14 04:00:00,63,27
2024-11-14 05:00:00,70,28
2024-11-14 06:00:00,163,40
2024-11-14 07:00:00,157,34
2024-11-14 08:00:00,231,33
2024-11-14 09:00:00,171,29
2024-11-14 10:00:00,282,34
2024-11-14 11:00:00,85,50
2024-11-14 12:00:00,262,189
2024-11-14 13:00:00,118,69
2024-11-14 14:00:00,256,104
2024-11-14 15:00:00,182,35
2024-11-14 16:00:00,215,37
2024-11-14 17:00:00,220,22
2024-11-14 18:00:00,119,41
2024-11-14 19:00:00,163,31
2024-11-14 20:00:00,119,35
2024-11-14 21:00:00,232,32
2024-11-14 22:00:00,127,31
2024-11-14 23:00:00,140,37
2024-11-15 00:00:00,130,31
2024-11-15 01:00:00,87,33
2024-11-15 02:00:00,130,232
2024-11-15 03:00:00,103,60
2024-11-15 04:00:00,31,50
2024-11-15 05:00:00,134,53
2024-11-15 06:00:00,101,27
2024-11-15 07:00:00,116,190
2024-11-15 08:00:00,111,29
2024-11-15 09:00:00,99,34
2024-11-15 10:00:00,121,155
2024-11-15 11:00:00,104,32
2024-11-15 12:00:00,202,34
2024-11-15 13:00:00,187,33
2024-11-15 14:00:00,165,31
2024-11-15 15:00:00,18,3
2024-11-15 16:00:00,22,7
2024-11-15 17:00:00,105,30
2024-11-15 18:00:00,148,45
2024-11-15 19:00:00,146,64
2024-11-15 20:00:00,209,43
2024-11-15 21:00:00,216,41
2024-11-15 22:00:00,91,182
2024-11-15 23:00:00,117,39
2024-11-16 00:00:00,138,75
2024-11-16 01:00:00,65,31
2024-11-16 02:00:00,61,36
2024-11-16 03:00:00,53,32
2024-11-16 04:00:00,101,34
2024-11-16 05:00:00,65,31
2024-11-16 06:00:00,103,34
2024-11-16 07:00:00,83,23
2024-11-16 08:00:00,135,40
2024-11-16 09:00:00,114,33
2024-11-16 10:00:00,139,57
2024-11-16 11:00:00,121,31
2024-11-16 12:00:00,124,214
2024-11-16 13:00:00,86,19
2024-11-16 14:00:00,68,35
2024-11-16 15:00:00,244,40
2024-11-16 16:00:00,199,31
2024-11-16 17:00:00,139,33
2024-11-16 18:00:00,120,32
2024-11-16 19:00:00,59,18
2024-11-16 20:00:00,165,45
2024-11-16 21:00:00,79,22
2024-11-16 22:00:00,110,33
2024-11-16 23:00:00,110,38
2024-11-17 00:00:00,119,235
2024-11-17 01:00:00,52,29
2024-11-17 02:00:00,81,34
2024-11-17 03:00:00,47,27
2024-11-17 04:00:00,76,34
2024-11-17 05:00:00,46,31
2024-11-17 06:00:00,66,34
2024-11-17 07:00:00,65,28
2024-11-17 08:00:00,93,35
2024-11-17 09:00:00,38,13
2024-11-17 10:00:00,61,50
2024-11-17 11:00:00,129,31
2024-11-17 12:00:00,164,37
2024-11-17 13:00:00,59,18
2024-11-17 14:00:00,81,234
2024-11-17 15:00:00,152,37
2024-11-17 16:00:00,130,36
2024-11-17 17:00:00,94,30
2024-11-17 18:00:00,135,32
2024-11-17 19:00:00,113,28
2024-11-17 20:00:00,69,34
2024-11-17 21:00:00,119,31
2024-11-17 22:00:00,94,18
2024-11-17 23:00:00,107,43
2024-11-18 00:00:00,59,32
2024-11-18 01:00:00,40,24
2024-11-18 02:00:00,49,52
2024-11-18 03:00:00,80,210
2024-11-18 04:00:00,47,31
2024-11-18 05:00:00,64,29
2024-11-18 06:00:00,78,32
2024-11-18 07:00:00,84,33
2024-11-18 08:00:00,71,31
2024-11-18 09:00:00,125,31
2024-11-18 10:00:00,186,39
2024-11-18 11:00:00,118,32
2024-11-18 12:00:00,78,24
2024-11-18 13:00:00,177,41
2024-11-18 14:00:00,145,34
2024-11-18 15:00:00,155,35
2024-11-18 16:00:00,0,0
2024-11-18 17:00:00,309,156
2024-11-18 18:00:00,56,16
2024-11-18 19:00:00,57,32
2024-11-18 20:00:00,193,54
2024-11-18 21:00:00,177,34
2024-11-18 22:00:00,131,129
2024-11-18 23:00:00,75,32
2024-11-19 00:00:00,69,31
2024-11-19 01:00:00,25,14
2024-11-19 02:00:00,109,242
2024-11-19 03:00:00,59,30
2024-11-19 04:00:00,71,35
2024-11-19 05:00:00,33,30
2024-11-19 06:00:00,46,23
2024-11-19 07:00:00,60,40
2024-11-19 08:00:00,48,28
2024-11-19 09:00:00,147,37
2024-11-19 10:00:00,125,35
2024-11-19 11:00:00,88,28
2024-11-19 12:00:00,143,41
2024-11-19 13:00:00,97,31
2024-11-19 14:00:00,88,31
2024-11-19 15:00:00,95,32
2024-11-19 16:00:00,107,113
2024-11-19 17:00:00,181,52
2024-11-19 18:00:00,65,106
2024-11-19 19:00:00,148,49
2024-11-19 20:00:00,172,28
2024-11-19 21:00:00,190,36
2024-11-19 22:00:00,105,37
2024-11-19 23:00:00,51,28
2024-11-20 00:00:00,45,35
2024-11-20 01:00:00,31,26
2024-11-20 02:00:00,50,38
2024-11-20 03:00:00,45,10
2024-11-20 04:00:00,100,48
2024-11-20 05:00:00,74,38
2024-11-20 06:00:00,100,217
2024-11-20 07:00:00,60,29
2024-11-20 08:00:00,59,32
2024-11-20 09:00:00,119,39
2024-11-20 10:00:00,127,33
2024-11-20 11:00:00,103,32
2024-11-20 12:00:00,82,25
2024-11-20 13:00:00,191,38
2024-11-20 14:00:00,151,33
2024-11-20 15:00:00,137,26
2024-11-20 16:00:00,243,38
2024-11-20 17:00:00,128,26
2024-11-20 18:00:00,149,52
2024-11-20 19:00:00,132,29
2024-11-20 20:00:00,177,118
2024-11-20 21:00:00,96,20
2024-11-20 22:00:00,209,151
2024-11-20 23:00:00,50,22
2024-11-21 00:00:00,32,23
2024-11-21 01:00:00,22,45
2024-11-21 02:00:00,153,129
2024-11-21 03:00:00,90,30
2024-11-21 04:00:00,196,39
2024-11-21 05:00:00,208,108
2024-11-21 06:00:00,273,35
2024-11-21 07:00:00,169,29
2024-11-21 08:00:00,197,32
2024-11-21 09:00:00,215,36
2024-11-21 10:00:00,265,33
2024-11-21 11:00:00,259,29
2024-11-21 12:00:00,437,35
2024-11-21 13:00:00,149,28
2024-11-21 14:00:00,274,37
2024-11-21 15:00:00,92,10
2024-11-21 16:00:00,200,150
2024-11-21 17:00:00,449,130
2024-11-21 18:00:00,235,44
2024-11-21 19:00:00,271,24
2024-11-21 20:00:00,513,38
2024-11-21 21:00:00,248,30
2024-11-21 22:00:00,164,26
2024-11-21 23:00:00,199,42
2024-11-22 00:00:00,151,30
2024-11-22 01:00:00,108,27
2024-11-22 02:00:00,137,37
2024-11-22 03:00:00,29,13
2024-11-22 04:00:00,187,69
2024-11-22 05:00:00,142,46
2024-11-22 06:00:00,86,185
2024-11-22 07:00:00,104,21
2024-11-22 08:00:00,217,55
2024-11-22 09:00:00,341,33
2024-11-22 10:00:00,185,25
2024-11-22 11:00:00,215,43
2024-11-22 12:00:00,189,30
2024-11-22 13:00:00,252,34
2024-11-22 14:00:00,150,27
2024-11-22 15:00:00,83,21
2024-11-22 16:00:00,204,52
2024-11-22 17:00:00,64,11
2024-11-22 18:00:00,97,30
2024-11-22 19:00:00,206,44
2024-11-22 20:00:00,322,131
2024-11-22 21:00:00,188,37
2024-11-22 22:00:00,145,34
2024-11-22 23:00:00,131,27
2024-11-23 00:00:00,134,45
2024-11-23 01:00:00,165,30
2024-11-23 02:00:00,63,25
2024-11-23 03:00:00,115,140
2024-11-23 04:00:00,58,22
2024-11-23 05:00:00,102,41
2024-11-23 06:00:00,79,27
2024-11-23 07:00:00,70,24
2024-11-23 08:00:00,202,231
2024-11-23 09:00:00,139,28
2024-11-23 10:00:00,134,32
2024-11-23 11:00:00,131,36
2024-11-23 12:00:00,217,34
2024-11-23 13:00:00,126,25
2024-11-23 14:00:00,239,38
2024-11-23 15:00:00,211,33
2024-11-23 16:00:00,96,214
2024-11-23 17:00:00,256,38
2024-11-23 18:00:00,182,39
2024-11-23 19:00:00,159,33
2024-11-23 20:00:00,95,22
2024-11-23 21:00:00,158,42
2024-11-23 22:00:00,115,33
2024-11-23 23:00:00,66,28
2024-11-24 00:00:00,53,36
2024-11-24 01:00:00,94,28
2024-11-24 02:00:00,71,215
2024-11-24 03:00:00,84,42
2024-11-24 04:00:00,65,27
2024-11-24 05:00:00,32,34
2024-11-24 06:00:00,103,29
2024-11-24 07:00:00,98,38
2024-11-24 08:00:00,107,34
2024-11-24 09:00:00,130,29
2024-11-24 10:00:00,97,30
2024-11-24 11:00:00,150,35
2024-11-24 12:00:00,96,35
2024-11-24 13:00:00,142,22
2024-11-24 14:00:00,61,35
2024-11-24 15:00:00,192,32
2024-11-24 16:00:00,227,233
2024-11-24 17:00:00,99,31
2024-11-24 18:00:00,127,35
2024-11-24 19:00:00,129,26
2024-11-24 20:00:00,146,34
2024-11-24 21:00:00,109,40
2024-11-24 22:00:00,84,31
2024-11-24 23:00:00,79,23
2024-11-25 00:00:00,82,31
2024-11-25 01:00:00,69,38
2024-11-25 02:00:00,58,229
2024-11-25 03:00:00,39,26
2024-11-25 04:00:00,69,40
2024-11-25 05:00:00,55,24
2024-11-25 06:00:00,32,28
2024-11-25 07:00:00,51,29
2024-11-25 08:00:00,78,99
2024-11-25 09:00:00,142,37
2024-11-25 10:00:00,202,97
2024-11-25 11:00:00,113,31
2024-11-25 12:00:00,134,31
2024-11-25 13:00:00,181,35
2024-11-25 14:00:00,75,20
2024-11-25 15:00:00,168,42
2024-11-25 16:00:00,170,32
2024-11-25 17:00:00,64,23
2024-11-25 18:00:00,165,37
2024-11-25 19:00:00,140,35
2024-11-25 20:00:00,168,30
2024-11-25 21:00:00,225,40
2024-11-25 22:00:00,157,184
2024-11-25 23:00:00,87,26
2024-11-26 00:00:00,83,84
2024-11-26 01:00:00,79,33
2024-11-26 02:00:00,30,37
2024-11-26 03:00:00,110,35
2024-11-26 04:00:00,56,23
2024-11-26 05:00:00,76,35
2024-11-26 06:00:00,84,38
2024-11-26 07:00:00,58,33
2024-11-26 08:00:00,142,34
2024-11-26 09:00:00,77,82
2024-11-26 10:00:00,44,28
2024-11-26 11:00:00,135,38
2024-11-26 12:00:00,245,77
2024-11-26 13:00:00,128,37
2024-11-26 14:00:00,95,32
2024-11-26 15:00:00,124,20
2024-11-26 16:00:00,157,39
2024-11-26 17:00:00,129,122
2024-11-26 18:00:00,119,32
2024-11-26 19:00:00,59,19
2024-11-26 20:00:00,69,34
2024-11-26 21:00:00,154,37
2024-11-26 22:00:00,136,215
2024-11-26 23:00:00,61,42
2024-11-27 00:00:00,71,47
2024-11-27 01:00:00,57,35
2024-11-27 02:00:00,61,34
2024-11-27 03:00:00,44,25
2024-11-27 04:00:00,62,38
2024-11-27 05:00:00,47,37
2024-11-27 06:00:00,28,18
2024-11-27 07:00:00,70,44
2024-11-27 08:00:00,78,33
2024-11-27 09:00:00,91,31
2024-11-27 10:00:00,69,37
2024-11-27 11:00:00,82,25
2024-11-27 12:00:00,123,127
2024-11-27 13:00:00,78,28
2024-11-27 14:00:00,149,128
2024-11-27 15:00:00,142,166
2024-11-27 16:00:00,68,20
2024-11-27 17:00:00,82,43
2024-11-27 18:00:00,133,35
2024-11-27 19:00:00,227,31
2024-11-27 20:00:00,131,29
2024-11-27 21:00:00,150,28
2024-11-27 22:00:00,116,38
2024-11-27 23:00:00,94,25
2024-11-28 00:00:00,98,32
2024-11-28 01:00:00,86,33
2024-11-28 02:00:00,40,18
2024-11-28 03:00:00,72,47
2024-11-28 04:00:00,51,102
2024-11-28 05:00:00,50,70
2024-11-28 06:00:00,73,32
2024-11-28 07:00:00,53,31
2024-11-28 08:00:00,67,123
2024-11-28 09:00:00,101,37
2024-11-28 10:00:00,74,30
2024-11-28 11:00:00,49,34
2024-11-28 12:00:00,108,32
2024-11-28 13:00:00,49,14
2024-11-28 14:00:00,82,44
2024-11-28 15:00:00,162,130
2024-11-28 16:00:00,56,34
2024-11-28 17:00:00,76,28
2024-11-28 18:00:00,85,37
2024-11-28 19:00:00,89,26
2024-11-28 20:00:00,124,38
2024-11-28 21:00:00,85,29
2024-11-28 22:00:00,84,113
2024-11-28 23:00:00,73,36
2024-11-29 00:00:00,41,24
2024-11-29 01:00:00,87,41
2024-11-29 02:00:00,52,35
2024-11-29 03:00:00,30,25
2024-11-29 04:00:00,78,225
2024-11-29 05:00:00,37,30
2024-11-29 06:00:00,58,32
2024-11-29 07:00:00,43,72
2024-11-29 08:00:00,97,35
2024-11-29 09:00:00,41,26
2024-11-29 10:00:00,78,32
2024-11-29 11:00:00,105,32
2024-11-29 12:00:00,144,38
2024-11-29 13:00:00,88,49
2024-11-29 14:00:00,87,41
2024-11-29 15:00:00,131,30
2024-11-29 16:00:00,0,0
2024-11-29 17:00:00,305,64
2024-11-29 18:00:00,85,31
2024-11-29 19:00:00,174,38
2024-11-29 20:00:00,64,41
2024-11-29 21:00:00,118,45
2024-11-29 22:00:00,89,112
2024-11-29 23:00:00,55,33
2024-11-30 00:00:00,71,53
2024-11-30 01:00:00,93,105
2024-11-30 02:00:00,61,35
2024-11-30 03:00:00,58,30
2024-11-30 04:00:00,57,27
2024-11-30 05:00:00,61,37
2024-11-30 06:00:00,79,31
2024-11-30 07:00:00,61,34
2024-11-30 08:00:00,64,40
2024-11-30 09:00:00,72,28
2024-11-30 10:00:00,65,54
2024-11-30 11:00:00,102,39
2024-11-30 12:00:00,85,185
2024-11-30 13:00:00,97,34
2024-11-30 14:00:00,96,75
2024-11-30 15:00:00,114,70
2024-11-30 16:00:00,136,29
2024-11-30 17:00:00,94,32
2024-11-30 18:00:00,67,34
2024-11-30 19:00:00,42,29
2024-11-30 20:00:00,165,33
2024-11-30 21:00:00,83,35
2024-11-30 22:00:00,72,26
2024-11-30 23:00:00,90,35
2024-12-01 00:00:00,71,27
2024-12-01 01:00:00,39,25
2024-12-01 02:00:00,76,44
2024-12-01 03:00:00,49,31
2024-12-01 04:00:00,55,136
2024-12-01 05:00:00,25,29
2024-12-01 06:00:00,57,125
2024-12-01 07:00:00,37,34
2024-12-01 08:00:00,84,36
2024-12-01 09:00:00,93,30
2024-12-01 10:00:00,61,23
2024-12-01 11:00:00,101,35
2024-12-01 12:00:00,109,39
2024-12-01 13:00:00,64,116
2024-12-01 14:00:00,75,22
2024-12-01 15:00:00,138,38
2024-12-01 16:00:00,136,48
2024-12-01 17:00:00,96,27
2024-12-01 18:00:00,181,40
2024-12-01 19:00:00,59,88
2024-12-01 20:00:00,38,14
2024-12-01 21:00:00,22,18
2024-12-01 22:00:00,97,44
2024-12-01 23:00:00,174,61
2024-12-02 00:00:00,29,17
2024-12-02 01:00:00,161,47
2024-12-02 02:00:00,64,107
2024-12-02 03:00:00,104,38
2024-12-02 04:00:00,41,47
2024-12-02 05:00:00,82,39
2024-12-02 06:00:00,76,26
2024-12-02 07:00:00,70,34
2024-12-02 08:00:00,98,34
2024-12-02 09:00:00,110,32
2024-12-02 10:00:00,82,33
2024-12-02 11:00:00,117,27
2024-12-02 12:00:00,181,43
2024-12-02 13:00:00,99,28
2024-12-02 14:00:00,137,34
2024-12-02 15:00:00,148,59
2024-12-02 16:00:00,186,115
2024-12-02 17:00:00,141,219
2024-12-02 18:00:00,92,37
2024-12-02 19:00:00,208,31
2024-12-02 20:00:00,38,17
2024-12-02 21:00:00,202,46
2024-12-02 22:00:00,164,28
2024-12-02 23:00:00,70,17
2024-12-03 00:00:00,140,47
2024-12-03 01:00:00,95,33
2024-12-03 02:00:00,76,33
2024-12-03 03:00:00,66,28
2024-12-03 04:00:00,62,138
2024-12-03 05:00:00,66,36
2024-12-03 06:00:00,86,36
2024-12-03 07:00:00,54,33
2024-12-03 08:00:00,133,27
2024-12-03 09:00:00,96,28
2024-12-03 10:00:00,117,35
2024-12-03 11:00:00,132,38
2024-12-03 12:00:00,110,124
2024-12-03 13:00:00,86,24
2024-12-03 14:00:00,196,39
2024-12-03 15:00:00,155,34
2024-12-03 16:00:00,116,34
2024-12-03 17:00:00,117,30
2024-12-03 18:00:00,151,32
2024-12-03 19:00:00,132,33
2024-12-03 20:00:00,143,34
2024-12-03 21:00:00,108,29
2024-12-03 22:00:00,58,18
2024-12-03 23:00:00,108,47
2024-12-04 00:00:00,147,29
2024-12-04 01:00:00,89,34
2024-12-04 02:00:00,60,393
2024-12-04 03:00:00,95,35
2024-12-04 04:00:00,24,19
2024-12-04 05:00:00,58,40
2024-12-04 06:00:00,102,53
2024-12-04 07:00:00,85,33
2024-12-04 08:00:00,104,34
2024-12-04 09:00:00,62,19
2024-12-04 10:00:00,121,42
2024-12-04 11:00:00,124,34
2024-12-04 12:00:00,137,30
2024-12-04 13:00:00,95,35
2024-12-04 14:00:00,167,46
2024-12-04 15:00:00,160,34
2024-12-04 16:00:00,155,112
2024-12-04 17:00:00,89,19
2024-12-04 18:00:00,201,57
2024-12-04 19:00:00,108,120
2024-12-04 20:00:00,178,39
2024-12-04 21:00:00,178,29
2024-12-04 22:00:00,98,22
2024-12-04 23:00:00,154,41
2024-12-05 00:00:00,116,34
2024-12-05 01:00:00,78,28
2024-12-05 02:00:00,149,36
2024-12-05 03:00:00,159,29
2024-12-05 04:00:00,262,82
2024-12-05 05:00:00,195,36
2024-12-05 06:00:00,211,169
2024-12-05 07:00:00,111,31
2024-12-05 08:00:00,285,33
2024-12-05 09:00:00,311,33
2024-12-05 10:00:00,323,36
2024-12-05 11:00:00,162,21
2024-12-05 12:00:00,343,49
2024-12-05 13:00:00,270,30
2024-12-05 14:00:00,153,25
2024-12-05 15:00:00,177,30
2024-12-05 16:00:00,158,63
2024-12-05 17:00:00,212,26
2024-12-05 18:00:00,299,122
2024-12-05 19:00:00,234,32
2024-12-05 20:00:00,298,33
2024-12-05 21:00:00,131,32
2024-12-05 22:00:00,188,29
2024-12-05 23:00:00,101,37
2024-12-06 00:00:00,147,34
2024-12-06 01:00:00,92,32
2024-12-06 02:00:00,95,140
2024-12-06 03:00:00,70,191
2024-12-06 04:00:00,56,49
2024-12-06 05:00:00,69,42
2024-12-06 06:00:00,110,27
2024-12-06 07:00:00,106,33
2024-12-06 08:00:00,115,40
2024-12-06 09:00:00,157,208
2024-12-06 10:00:00,97,32
2024-12-06 11:00:00,69,20
2024-12-06 12:00:00,65,30
2024-12-06 13:00:00,105,39
2024-12-06 14:00:00,181,31
2024-12-06 15:00:00,202,38
2024-12-06 16:00:00,178,32
2024-12-06 17:00:00,153,35
2024-12-06 18:00:00,181,30
2024-12-06 19:00:00,151,33
2024-12-06 20:00:00,143,24
2024-12-06 21:00:00,113,28
2024-12-06 22:00:00,137,140
2024-12-06 23:00:00,78,19
2024-12-07 00:00:00,50,17
2024-12-07 01:00:00,134,61
2024-12-07 02:00:00,109,38
2024-12-07 03:00:00,78,31
2024-12-07 04:00:00,77,33
2024-12-07 05:00:00,43,30
2024-12-07 06:00:00,55,26
2024-12-07 07:00:00,117,139
2024-12-07 08:00:00,23,7
2024-12-07 09:00:00,60,39
2024-12-07 10:00:00,182,51
2024-12-07 11:00:00,62,12
2024-12-07 12:00:00,104,49
2024-12-07 13:00:00,157,33
2024-12-07 14:00:00,106,31
2024-12-07 15:00:00,92,28
2024-12-07 16:00:00,60,36
2024-12-07 17:00:00,160,33
2024-12-07 18:00:00,158,34
2024-12-07 19:00:00,112,34
2024-12-07 20:00:00,28,16
2024-12-07 21:00:00,171,68
2024-12-07 22:00:00,116,110
2024-12-07 23:00:00,75,29
2024-12-08 00:00:00,110,39
2024-12-08 01:00:00,70,34
2024-12-08 02:00:00,55,314
2024-12-08 03:00:00,42,30
2024-12-08 04:00:00,40,33
2024-12-08 05:00:00,19,23
2024-12-08 06:00:00,60,38
2024-12-08 07:00:00,59,33
2024-12-08 08:00:00,69,37
2024-12-08 09:00:00,66,22
2024-12-08 10:00:00,114,68
2024-12-08 11:00:00,74,27
2024-12-08 12:00:00,123,107
2024-12-08 13:00:00,65,54
2024-12-08 14:00:00,57,19
2024-12-08 15:00:00,122,45
2024-12-08 16:00:00,67,29
2024-12-08 17:00:00,198,32
2024-12-08 18:00:00,158,34
2024-12-08 19:00:00,93,29
2024-12-08 20:00:00,162,36
2024-12-08 21:00:00,97,27
2024-12-08 22:00:00,96,31
2024-12-08 23:00:00,85,38
2024-12-09 00:00:00,59,27
2024-12-09 01:00:00,63,35
2024-12-09 02:00:00,29,41
2024-12-09 03:00:00,52,128
2024-12-09 04:00:00,44,25
2024-12-09 05:00:00,52,35
2024-12-09 06:00:00,76,31
2024-12-09 07:00:00,81,27
2024-12-09 08:00:00,71,92
2024-12-09 09:00:00,104,30
2024-12-09 10:00:00,118,103
2024-12-09 11:00:00,123,36
2024-12-09 12:00:00,95,34
2024-12-09 13:00:00,130,31
2024-12-09 14:00:00,115,31
2024-12-09 15:00:00,54,311
2024-12-09 16:00:00,36,32
2024-12-09 17:00:00,198,50
2024-12-09 18:00:00,145,38
2024-12-09 19:00:00,116,32
2024-12-09 20:00:00,97,28
2024-12-09 21:00:00,175,35
2024-12-09 22:00:00,135,24
2024-12-09 23:00:00,108,37
2024-12-10 00:00:00,125,178
2024-12-10 01:00:00,73,36
2024-12-10 02:00:00,64,88
2024-12-10 03:00:00,87,33
2024-12-10 04:00:00,34,33
2024-12-10 05:00:00,36,29
2024-12-10 06:00:00,39,33
2024-12-10 07:00:00,95,31
2024-12-10 08:00:00,108,24
2024-12-10 09:00:00,90,36
2024-12-10 10:00:00,76,33
2024-12-10 11:00:00,123,143
2024-12-10 12:00:00,97,32
2024-12-10 13:00:00,63,108
2024-12-10 14:00:00,41,12
2024-12-10 15:00:00,125,62
2024-12-10 16:00:00,128,47
2024-12-10 17:00:00,169,31
2024-12-10 18:00:00,130,27
2024-12-10 19:00:00,137,38
2024-12-10 20:00:00,94,30
2024-12-10 21:00:00,107,32
2024-12-10 22:00:00,95,31
2024-12-10 23:00:00,75,32
2024-12-11 00:00:00,35,45
2024-12-11 01:00:00,86,44
2024-12-11 02:00:00,63,207
2024-12-11 03:00:00,52,29
2024-12-11 04:00:00,52,35
2024-12-11 05:00:00,13,21
2024-12-11 06:00:00,30,24
2024-12-11 07:00:00,55,51
2024-12-11 08:00:00,60,33
2024-12-11 09:00:00,109,23
2024-12-11 10:00:00,101,44
2024-12-11 11:00:00,52,22
2024-12-11 12:00:00,77,42
2024-12-11 13:00:00,106,34
2024-12-11 14:00:00,120,46
2024-12-11 15:00:00,151,35
2024-12-11 16:00:00,163,108
2024-12-11 17:00:00,119,33
2024-12-11 18:00:00,48,17
2024-12-11 19:00:00,175,48
2024-12-11 20:00:00,141,29
2024-12-11 21:00:00,84,25
2024-12-11 22:00:00,59,28
2024-12-11 23:00:00,60,36
2024-12-12 00:00:00,106,40
2024-12-12 01:00:00,30,19
2024-12-12 02:00:00,69,48
2024-12-12 03:00:00,74,129
2024-12-12 04:00:00,73,29
2024-12-12 05:00:00,40,32
2024-12-12 06:00:00,46,37
2024-12-12 07:00:00,78,32
2024-12-12 08:00:00,73,29
2024-12-12 09:00:00,107,33
2024-12-12 10:00:00,71,29
2024-12-12 11:00:00,87,29
2024-12-12 12:00:00,143,36
2024-12-12 13:00:00,115,37
2024-12-12 14:00:00,27,16
2024-12-12 15:00:00,168,53
2024-12-12 16:00:00,107,122
2024-12-12 17:00:00,106,34
2024-12-12 18:00:00,130,41
2024-12-12 19:00:00,109,32
2024-12-12 20:00:00,81,28
2024-12-12 21:00:00,122,29
2024-12-12 22:00:00,73,35
2024-12-12 23:00:00,78,33
2024-12-13 00:00:00,71,301
2024-12-13 01:00:00,53,38
2024-12-13 02:00:00,30,23
2024-12-13 03:00:00,65,37
2024-12-13 04:00:00,64,36
2024-12-13 05:00:00,57,34
2024-12-13 06:00:00,39,207
2024-12-13 07:00:00,80,105
2024-12-13 08:00:00,87,70
2024-12-13 09:00:00,76,24
2024-12-13 10:00:00,97,46
2024-12-13 11:00:00,60,28
2024-12-13 12:00:00,148,42
2024-12-13 13:00:00,58,19
2024-12-13 14:00:00,124,44
2024-12-13 15:00:00,76,27
2024-12-13 16:00:00,46,19
2024-12-13 17:00:00,73,44
2024-12-13 18:00:00,144,29
2024-12-13 19:00:00,60,37
2024-12-13 20:00:00,85,31
2024-12-13 21:00:00,70,29
2024-12-13 22:00:00,51,135
2024-12-13 23:00:00,93,36
2024-12-14 00:00:00,57,31
2024-12-14 01:00:00,33,30
2024-12-14 02:00:00,45,26
2024-12-14 03:00:00,43,39
2024-12-14 04:00:00,73,31
2024-12-14 05:00:00,44,30
2024-12-14 06:00:00,67,127
2024-12-14 07:00:00,56,32
2024-12-14 08:00:00,75,35
2024-12-14 09:00:00,56,30
2024-12-14 10:00:00,62,30
2024-12-14 11:00:00,47,32
2024-12-14 12:00:00,70,136
2024-12-14 13:00:00,70,34
2024-12-14 14:00:00,82,50
2024-12-14 15:00:00,100,35
2024-12-14 16:00:00,67,31
2024-12-14 17:00:00,62,125
2024-12-14 18:00:00,70,31
2024-12-14 19:00:00,43,24
2024-12-14 20:00:00,70,38
2024-12-14 21:00:00,56,35
2024-12-14 22:00:00,65,27
2024-12-14 23:00:00,53,30
2024-12-15 00:00:00,38,32
2024-12-15 01:00:00,44,37
2024-12-15 02:00:00,51,31
2024-12-15 03:00:00,33,26
2024-12-15 04:00:00,19,70
2024-12-15 05:00:00,67,89
2024-12-15 06:00:00,58,112
2024-12-15 07:00:00,48,37
2024-12-15 08:00:00,55,27
2024-12-15 09:00:00,68,34
2024-12-15 10:00:00,64,33
2024-12-15 11:00:00,62,32
2024-12-15 12:00:00,66,33
2024-12-15 13:00:00,93,32
2024-12-15 14:00:00,78,110
2024-12-15 15:00:00,94,34
2024-12-15 16:00:00,85,104
2024-12-15 17:00:00,125,39
2024-12-15 18:00:00,103,31
2024-12-15 19:00:00,36,27
2024-12-15 20:00:00,58,31
2024-12-15 21:00:00,87,33
2024-12-15 22:00:00,65,22
2024-12-15 23:00:00,78,38
2024-12-16 00:00:00,78,33
2024-12-16 01:00:00,62,22
2024-12-16 02:00:00,41,36
2024-12-16 03:00:00,35,28
2024-12-16 04:00:00,92,225
2024-12-16 05:00:00,39,31
2024-12-16 06:00:00,42,31
2024-12-16 07:00:00,52,20
2024-12-16 08:00:00,50,46
2024-12-16 09:00:00,157,35
2024-12-16 10:00:00,173,35
2024-12-16 11:00:00,14,2
2024-12-16 12:00:00,168,64
2024-12-16 13:00:00,101,27
2024-12-16 14:00:00,115,33
2024-12-16 15:00:00,109,195
2024-12-16 16:00:00,231,64
2024-12-16 17:00:00,148,29
2024-12-16 18:00:00,109,33
2024-12-16 19:00:00,125,30
2024-12-16 20:00:00,142,35
2024-12-16 21:00:00,235,36
2024-12-16 22:00:00,99,27
2024-12-16 23:00:00,110,37
2024-12-17 00:00:00,78,28
2024-12-17 01:00:00,49,35
2024-12-17 02:00:00,37,23
2024-12-17 03:00:00,61,30
2024-12-17 04:00:00,64,232
2024-12-17 05:00:00,50,33
2024-12-17 06:00:00,42,20
2024-12-17 07:00:00,16,29
2024-12-17 08:00:00,132,47
2024-12-17 09:00:00,91,22
2024-12-17 10:00:00,94,29
2024-12-17 11:00:00,107,34
2024-12-17 12:00:00,102,31
2024-12-17 13:00:00,43,31
2024-12-17 14:00:00,70,34
2024-12-17 15:00:00,301,40
2024-12-17 16:00:00,137,32
2024-12-17 17:00:00,139,32
2024-12-17 18:00:00,76,126
2024-12-17 19:00:00,119,36
2024-12-17 20:00:00,101,20
2024-12-17 21:00:00,139,46
2024-12-17 22:00:00,67,19
2024-12-17 23:00:00,113,45
2024-12-18 00:00:00,68,25
2024-12-18 01:00:00,57,134
2024-12-18 02:00:00,71,37
2024-12-18 03:00:00,40,21
2024-12-18 04:00:00,65,42
2024-12-18 05:00:00,55,35
2024-12-18 06:00:00,63,50
2024-12-18 07:00:00,53,29
2024-12-18 08:00:00,48,115
2024-12-18 09:00:00,87,44
2024-12-18 10:00:00,76,39
2024-12-18 11:00:00,60,25
2024-12-18 12:00:00,102,30
2024-12-18 13:00:00,86,97
2024-12-18 14:00:00,132,170
2024-12-18 15:00:00,60,29
2024-12-18 16:00:00,67,34
2024-12-18 17:00:00,44,9
2024-12-18 18:00:00,100,51
2024-12-18 19:00:00,117,24
2024-12-18 20:00:00,63,32
2024-12-18 21:00:00,92,43
2024-12-18 22:00:00,198,33
2024-12-18 23:00:00,35,12
2024-12-19 00:00:00,88,54
2024-12-19 01:00:00,67,31
2024-12-19 02:00:00,94,161
2024-12-19 03:00:00,43,31
2024-12-19 04:00:00,70,92
2024-12-19 05:00:00,29,24
2024-12-19 06:00:00,51,37
2024-12-19 07:00:00,80,40
2024-12-19 08:00:00,62,91
2024-12-19 09:00:00,53,64
2024-12-19 10:00:00,147,52
2024-12-19 11:00:00,120,31
2024-12-19 12:00:00,91,31
2024-12-19 13:00:00,66,35
2024-12-19 14:00:00,87,26
2024-12-19 15:00:00,124,32
2024-12-19 16:00:00,75,36
2024-12-19 17:00:00,111,27
2024-12-19 18:00:00,143,36
2024-12-19 19:00:00,99,126
2024-12-19 20:00:00,168,35
2024-12-19 21:00:00,100,122
2024-12-19 22:00:00,86,32
2024-12-19 23:00:00,63,33
2024-12-20 00:00:00,68,23
2024-12-20 01:00:00,62,37
2024-12-20 02:00:00,57,31
2024-12-20 03:00:00,30,25
2024-12-20 04:00:00,66,136
2024-12-20 05:00:00,71,112
2024-12-20 06:00:00,49,33
2024-12-20 07:00:00,49,25
2024-12-20 08:00:00,64,37
2024-12-20 09:00:00,92,18
2024-12-20 10:00:00,184,42
2024-12-20 11:00:00,116,30
2024-12-20 12:00:00,147,40
2024-12-20 13:00:00,167,33
2024-12-20 14:00:00,147,33
2024-12-20 15:00:00,91,28
2024-12-20 16:00:00,31,10
2024-12-20 17:00:00,92,37
2024-12-20 18:00:00,149,147
2024-12-20 19:00:00,70,37
2024-12-20 20:00:00,108,38
2024-12-20 21:00:00,49,29
2024-12-20 22:00:00,85,36
2024-12-20 23:00:00,63,121
2024-12-21 00:00:00,58,27
2024-12-21 01:00:00,44,40
2024-12-21 02:00:00,43,28
2024-12-21 03:00:00,31,25
2024-12-21 04:00:00,32,35
2024-12-21 05:00:00,51,39
2024-12-21 06:00:00,56,81
2024-12-21 07:00:00,37,33
2024-12-21 08:00:00,31,87
2024-12-21 09:00:00,72,107
2024-12-21 10:00:00,65,27
2024-12-21 11:00:00,82,38
2024-12-21 12:00:00,62,29
2024-12-21 13:00:00,65,30
2024-12-21 14:00:00,82,38
2024-12-21 15:00:00,62,141
2024-12-21 16:00:00,87,37
2024-12-21 17:00:00,67,39
2024-12-21 18:00:00,64,28
2024-12-21 19:00:00,61,32
2024-12-21 20:00:00,68,35
2024-12-21 21:00:00,41,26
2024-12-21 22:00:00,78,35
2024-12-21 23:00:00,33,24
2024-12-22 00:00:00,54,40
2024-12-22 01:00:00,25,27
2024-12-22 02:00:00,12,23
2024-12-22 03:00:00,48,43
2024-12-22 04:00:00,32,190
2024-12-22 05:00:00,35,40
2024-12-22 06:00:00,40,31
2024-12-22 07:00:00,32,29
2024-12-22 08:00:00,37,36
2024-12-22 09:00:00,44,32
2024-12-22 10:00:00,50,28
2024-12-22 11:00:00,51,31
2024-12-22 12:00:00,29,23
2024-12-22 13:00:00,66,93
2024-12-22 14:00:00,91,81
2024-12-22 15:00:00,43,23
2024-12-22 16:00:00,92,38
2024-12-22 17:00:00,68,31
2024-12-22 18:00:00,61,32
2024-12-22 19:00:00,23,15
2024-12-22 20:00:00,83,43
2024-12-22 21:00:00,66,33
2024-12-22 22:00:00,73,34
2024-12-22 23:00:00,39,30
2024-12-23 00:00:00,32,30
2024-12-23 01:00:00,42,32
2024-12-23 02:00:00,33,193
2024-12-23 03:00:00,36,37
2024-12-23 04:00:00,3,0
2024-12-23 05:00:00,3,3
2024-12-23 06:00:00,46,37
2024-12-23 07:00:00,87,89
2024-12-23 08:00:00,72,30
2024-12-23 09:00:00,36,18
2024-12-23 10:00:00,64,48
2024-12-23 11:00:00,67,21
2024-12-23 12:00:00,98,39
2024-12-23 13:00:00,70,34
2024-12-23 14:00:00,79,101
2024-12-23 15:00:00,77,36
2024-12-23 16:00:00,124,38
2024-12-23 17:00:00,67,107
2024-12-23 18:00:00,99,33
2024-12-23 19:00:00,75,35
2024-12-23 20:00:00,93,21
2024-12-23 21:00:00,88,36
2024-12-23 22:00:00,64,33
2024-12-23 23:00:00,47,28
2024-12-24 00:00:00,63,39
2024-12-24 01:00:00,44,31
2024-12-24 02:00:00,44,21
2024-12-24 03:00:00,18,55
2024-12-24 04:00:00,49,193
2024-12-24 05:00:00,33,33
2024-12-24 06:00:00,35,31
2024-12-24 07:00:00,61,40
2024-12-24 08:00:00,61,30
2024-12-24 09:00:00,41,29
2024-12-24 10:00:00,40,35
2024-12-24 11:00:00,87,30
2024-12-24 12:00:00,79,33
2024-12-24 13:00:00,72,35
2024-12-24 14:00:00,16,16
2024-12-24 15:00:00,103,38
2024-12-24 16:00:00,61,115
2024-12-24 17:00:00,92,44
2024-12-24 18:00:00,110,25
2024-12-24 19:00:00,65,42
2024-12-24 20:00:00,56,95
2024-12-24 21:00:00,112,38
2024-12-24 22:00:00,78,36
2024-12-24 23:00:00,46,26
2024-12-25 00:00:00,38,35
2024-12-25 01:00:00,36,35
2024-12-25 02:00:00,38,35
2024-12-25 03:00:00,25,26
2024-12-25 04:00:00,22,34
2024-12-25 05:00:00,48,38
2024-12-25 06:00:00,40,188
2024-12-25 07:00:00,42,32
2024-12-25 08:00:00,52,64
2024-12-25 09:00:00,60,34
2024-12-25 10:00:00,50,32
2024-12-25 11:00:00,39,28
2024-12-25 12:00:00,58,32
2024-12-25 13:00:00,58,31
2024-12-25 14:00:00,63,31
2024-12-25 15:00:00,53,31
2024-12-25 16:00:00,66,33
2024-12-25 17:00:00,57,32
2024-12-25 18:00:00,63,32
2024-12-25 19:00:00,41,31
2024-12-25 20:00:00,51,33
2024-12-25 21:00:00,48,28
2024-12-25 22:00:00,51,197
2024-12-25 23:00:00,23,20
2024-12-26 00:00:00,58,41
2024-12-26 01:00:00,32,27
2024-12-26 02:00:00,19,24
2024-12-26 03:00:00,44,28
2024-12-26 04:00:00,63,50
2024-12-26 05:00:00,46,33
2024-12-26 06:00:00,40,33
2024-12-26 07:00:00,40,27
2024-12-26 08:00:00,41,29
2024-12-26 09:00:00,54,35
2024-12-26 10:00:00,79,35
2024-12-26 11:00:00,45,30
2024-12-26 12:00:00,62,162
2024-12-26 13:00:00,82,41
2024-12-26 14:00:00,75,57
2024-12-26 15:00:00,69,94
2024-12-26 16:00:00,71,39
2024-12-26 17:00:00,61,27
2024-12-26 18:00:00,77,34
2024-12-26 19:00:00,29,24
2024-12-26 20:00:00,34,32
2024-12-26 21:00:00,71,28
2024-12-26 22:00:00,95,37
2024-12-26 23:00:00,53,33
2024-12-27 00:00:00,58,26
2024-12-27 01:00:00,43,35
2024-12-27 02:00:00,34,30
2024-12-27 03:00:00,30,197
2024-12-27 04:00:00,42,35
2024-12-27 05:00:00,41,28
2024-12-27 06:00:00,40,32
2024-12-27 07:00:00,35,37
2024-12-27 08:00:00,57,32
2024-12-27 09:00:00,43,26
2024-12-27 10:00:00,73,31
2024-12-27 11:00:00,50,38
2024-12-27 12:00:00,114,29
2024-12-27 13:00:00,63,32
2024-12-27 14:00:00,87,33
2024-12-27 15:00:00,75,27
2024-12-27 16:00:00,92,193
2024-12-27 17:00:00,83,35
2024-12-27 18:00:00,89,53
2024-12-27 19:00:00,48,32
2024-12-27 20:00:00,53,28
2024-12-27 21:00:00,49,34
2024-12-27 22:00:00,61,34
2024-12-27 23:00:00,39,23
2024-12-28 00:00:00,44,34
2024-12-28 01:00:00,29,34
2024-12-28 02:00:00,46,31
2024-12-28 03:00:00,33,28
2024-12-28 04:00:00,35,39
2024-12-28 05:00:00,27,26
2024-12-28 06:00:00,39,158
2024-12-28 07:00:00,41,42
2024-12-28 08:00:00,46,60
2024-12-28 09:00:00,29,32
2024-12-28 10:00:00,66,26
2024-12-28 11:00:00,56,36
2024-12-28 12:00:00,83,32
2024-12-28 13:00:00,62,31
2024-12-28 14:00:00,67,169
2024-12-28 15:00:00,16,18
2024-12-28 16:00:00,114,46
2024-12-28 17:00:00,52,28
2024-12-28 18:00:00,101,36
2024-12-28 19:00:00,66,33
2024-12-28 20:00:00,59,32
2024-12-28 21:00:00,22,27
2024-12-28 22:00:00,51,33
2024-12-28 23:00:00,58,35
2024-12-29 00:00:00,16,11
2024-12-29 01:00:00,53,51
2024-12-29 02:00:00,42,165
2024-12-29 03:00:00,24,32
2024-12-29 04:00:00,39,62
2024-12-29 05:00:00,29,34
2024-12-29 06:00:00,19,23
2024-12-29 07:00:00,45,43
2024-12-29 08:00:00,49,34
2024-12-29 09:00:00,62,31
2024-12-29 10:00:00,53,30
2024-12-29 11:00:00,49,29
2024-12-29 12:00:00,61,26
2024-12-29 13:00:00,72,42
2024-12-29 14:00:00,44,28
2024-12-29 15:00:00,96,35
2024-12-29 16:00:00,95,198
2024-12-29 17:00:00,63,29
2024-12-29 18:00:00,48,31
2024-12-29 19:00:00,50,21
2024-12-29 20:00:00,74,36
2024-12-29 21:00:00,30,35
2024-12-29 22:00:00,72,30
2024-12-29 23:00:00,32,32
