start_time,date,range_001_01,range_001_01_percent,range_01_1,range_01_1_percent,range_0_001,range_0_001_percent,range_100_1k,range_100_1k_percent,range_10_100,range_10_100_percent,range_10k_inf,range_10k_inf_percent,range_1_10,range_1_10_percent,range_1k_10k,range_1k_10k_percent
2021-01-01,2021-01-01,425.58257831,2.76381328,1074.79040881,6.979891,72.71986194,0.47225646,6190.2046646,40.200353,3491.06598456,22.67163891,18.99999998,0.12338957,2697.6214588,17.51886097,1427.39889489,9.26979681
2021-01-02,2021-01-02,563.41018092,3.03955014,1977.69413634,10.66949211,89.01305668,0.48021789,4761.45046098,25.68762135,6512.38548652,35.13376729,0.0,0.0,4292.87380354,23.15969003,339.14549817,1.82966119
2021-01-03,2021-01-03,607.8424313,2.77196618,2072.35392604,9.45063176,102.98265541,0.46963559,6152.96499153,28.05959235,7433.56253409,33.89954839,4.9824166,0.0227215,5251.38570078,23.94808718,302.13055046,1.37781705
2021-01-04,2021-01-04,595.78631024,2.57592553,2171.74525423,9.38969887,87.74761957,0.37938323,6278.21419337,27.14431657,8795.59409585,38.02839203,0.0,0.0,4988.80600357,21.5694663,211.12572852,0.91281747
2021-01-05,2021-01-05,860.05517793,4.6094496,2666.48696752,14.29098691,125.94630297,0.67500685,2862.70535644,15.34261569,6498.47254015,34.82844175,0.90268221,0.00483791,5641.87602079,30.23752876,2.07716672,0.01113254
2021-01-06,2021-01-06,794.10233829,3.08030448,2128.12922245,8.25496369,115.35994509,0.44747854,8667.19492022,33.61984724,7654.66308415,29.69225983,0.0,0.0,5412.04024161,20.99317806,1008.50519359,3.91196816
2021-01-07,2021-01-07,815.7561235,2.81270425,2712.79908537,9.35365521,116.44559518,0.40150115,9197.61923319,31.71313332,9110.67603179,31.4133556,0.229768,0.00079223,6280.35377415,21.65448379,768.67633143,2.65037445
2021-01-08,2021-01-08,666.90208064,2.86636574,2537.87172169,10.90785102,91.69897108,0.39412501,4480.06902986,19.25547502,7987.58267881,34.33087699,50.76947893,0.21820879,6191.15235684,26.609764,1260.42217519,5.41733343
2021-01-09,2021-01-09,519.2149884,3.612525,1644.52978621,11.44209066,90.21841674,0.6277097,3803.22940877,26.46160383,4497.36756702,31.291186,6.48932605,0.04515057,3390.23556044,23.58813015,421.34871927,2.93160409
2021-01-10,2021-01-10,596.24056959,2.96509198,1842.33000693,9.16186889,110.77481889,0.55088088,4702.79952856,23.38692446,6592.28207256,32.78328194,0.0,0.0,4986.02675213,24.79540757,1278.21653111,6.35654428
2021-01-11,2021-01-11,745.43602221,2.78238875,2987.50421139,11.15105502,112.95119214,0.42159772,5946.08382682,22.1941471,9118.9635057,34.03712819,19.14708434,0.07146775,6604.16711287,24.65048604,1256.97177423,4.69172943
2021-01-12,2021-01-12,629.69459648,2.54269072,2242.83574284,9.05651353,81.75684875,0.33013207,9378.06722398,37.86839629,7565.41994822,30.54897281,0.27085976,0.00109372,4865.54103421,19.64693061,1.3051695,0.00527024
2021-01-13,2021-01-13,575.19982164,3.25344351,1574.08690205,8.90334563,82.84390283,0.46858144,6411.44201829,36.26437919,5578.26611145,31.55177211,10.44290006,0.0590671,3407.40683909,19.27296438,40.03513917,0.22644663
2021-01-14,2021-01-14,628.67741003,2.38509965,1859.30212897,7.0538893,83.65252262,0.31736404,8866.63841697,33.63858132,6411.21176532,24.32309272,0.15360861,0.00058277,3370.34495904,12.78653957,5138.55771121,19.49485062
2021-01-15,2021-01-15,560.77220991,3.75335227,1495.57982109,10.01019277,85.32177315,0.57107443,4965.72629657,33.23652591,4465.64706208,29.88940297,0.0,0.0,2966.47099376,19.85513985,401.05147293,2.6843118
2021-01-16,2021-01-16,450.74938377,4.92392988,1141.06904031,12.46489544,88.96934515,0.97189,2146.77824176,23.45113694,2731.0852441,29.83403353,0.01617874,0.00017673,2156.35445228,23.55574626,439.23893852,4.79819121
2021-01-17,2021-01-17,509.42368397,3.9462913,1332.64519832,10.32344259,98.8881286,0.7660448,3338.30272893,25.86042903,4985.81000468,38.62297588,0.0,0.0,2643.85270634,20.4808164,0.0,0.0
2021-01-18,2021-01-18,457.00557946,3.69767778,1371.54820007,11.09733345,79.00000029,0.63919689,3234.0895444,26.16734145,4559.38460813,36.89043615,0.96051154,0.00777159,2657.23617198,21.49996321,0.03454009,0.00027947
2021-01-19,2021-01-19,496.37289173,1.67539656,1537.21024365,5.18851211,77.09697779,0.26022374,4465.85800503,15.07351283,4651.18316505,15.69903679,10011.22767975,33.79067778,4084.21745158,13.78536982,4304.0217224,14.52727037
2021-01-20,2021-01-20,500.8401017,1.94933008,1467.81337658,5.7129067,72.55227766,0.28238222,5900.70013946,22.96623665,6091.0451929,23.70708256,5.00237214,0.01946984,4398.88497741,17.1209909,7256.09606274,28.24160106
2021-01-21,2021-01-21,641.29473403,2.44706536,1802.06703094,6.87636366,79.40756586,0.30300499,6292.04117629,24.00929739,7887.2814122,30.0964472,49.02460709,0.18706908,5077.69218621,19.37556007,4377.87727778,16.70519225
2021-01-22,2021-01-22,600.72701269,2.46197505,1844.93727633,7.56115414,88.63388231,0.36325053,8169.00364493,33.47923884,8955.33230189,36.7018699,16.40258241,0.06722313,4725.06501365,19.36485611,0.10548385,0.00043231
2021-01-23,2021-01-23,472.98426609,5.28911443,980.39252235,10.96317278,86.09953854,0.96280224,2482.07171363,27.75559833,3001.74867186,33.56685061,0.0,0.0,1919.28384279,21.46226119,0.017923,0.00020042
2021-01-24,2021-01-24,349.96577794,4.56221696,1001.01253025,13.04937978,72.57457404,0.94609523,961.82105901,12.53847269,3058.5319458,39.87157375,0.0,0.0,2226.94132124,29.03080847,0.11146839,0.00145312
2021-01-25,2021-01-25,454.31890972,2.77509194,1463.47741578,8.93928098,67.14944126,0.41016535,4486.50662308,27.40468892,6026.79432802,36.81314609,1.997,0.01219817,3871.06644911,23.64542856,0.0,0.0
2021-01-26,2021-01-26,526.04105322,3.30529536,1306.87981512,8.21157163,76.73679029,0.48216343,3879.70101561,24.37748477,5189.64617922,32.60831703,0.0,0.0,3864.42851129,24.28152241,1071.66637798,6.73364538
2021-01-27,2021-01-27,582.80368706,3.19103035,1610.33253078,8.81706841,82.37125155,0.45100807,4769.74142277,26.11580877,4391.71215542,24.04598167,0.0,0.0,5073.40773327,27.77847569,1753.44018456,9.60062705
2021-01-28,2021-01-28,572.28569235,2.17327679,1481.95245483,5.6277711,91.16712461,0.34621064,11083.80631012,42.09117818,6788.32150512,25.77891042,3.02876316,0.01150184,4005.03459084,15.20927196,2307.25236377,8.76187905
2021-01-29,2021-01-29,924.78300303,2.19567322,2582.72351577,6.13205135,125.64776529,0.29832018,16389.99189225,38.91406542,13704.03362295,32.53690816,0.81237333,0.00192878,6910.98806868,16.40846705,1479.44587019,3.51258584
2021-01-30,2021-01-30,559.77352802,4.66712664,1286.98797621,10.73029639,110.29435453,0.91958211,3872.40165153,32.2862515,3575.66260065,29.81218179,0.0,0.0,2462.55665712,20.53163146,126.28806764,1.05293011
2021-01-31,2021-01-31,463.31723218,4.87550817,1166.4681019,12.27479656,98.06302925,1.03192169,1416.64093328,14.90737657,4111.74930894,43.26812381,29.969,0.31536514,2215.19832007,23.31063204,1.54670268,0.01627602
2021-02-01,2021-02-01,508.88002155,3.67687905,1432.80928603,10.35266905,90.65842867,0.6550465,2094.56805602,15.13416342,6223.67455307,44.96875023,7.991,0.05773844,3481.33946952,25.15418885,0.07812054,0.00056445
2021-02-02,2021-02-02,677.6631667,3.55071067,1648.183049,8.63588493,111.79962501,0.58578973,6833.48554872,35.8050005,5674.80639028,29.73393946,1.01086272,0.00529656,3637.78420847,19.06067767,500.54980144,2.62270049
2021-02-03,2021-02-03,694.47207835,3.42931196,1761.41728059,8.69790095,113.57897678,0.56085443,6162.45101937,30.43026155,6941.44984371,34.27696766,15.63598227,0.07721068,3718.43139614,18.36166155,843.62504901,4.16583123
2021-02-04,2021-02-04,935.97150899,4.51871351,2279.83631684,11.00666748,135.85433624,0.65588196,7011.85694367,33.85206967,5240.40113171,25.29977802,0.0,0.0,4578.07724809,22.10218936,531.23219958,2.56469999
2021-02-05,2021-02-05,846.93002949,5.52319707,1813.49176936,11.82656427,134.9421981,0.88001644,3441.64292894,22.44444225,4685.95200436,30.55911996,0.0,0.0,3953.32475399,25.78134076,457.77047141,2.98531926
2021-02-06,2021-02-06,832.15779586,4.30306894,2032.77863133,10.51145183,187.70265126,0.97060612,3996.45033656,20.66555333,7267.62962044,37.58074662,0.11876783,0.00061415,5021.8669145,25.96795901,0.0,0.0
2021-02-07,2021-02-07,493.63745483,3.68654436,1259.68792369,9.40750213,102.33903635,0.76428033,3764.21193378,28.11159108,4760.38597573,35.5511396,0.0,0.0,2957.86713779,22.08971038,52.11914841,0.38923212
2021-02-08,2021-02-08,706.77562716,2.31470909,1918.324782,6.28256498,125.62896216,0.41143821,11512.26968182,37.70299121,9386.10267623,30.73973738,0.34704804,0.00113659,5303.11915906,17.36785712,1581.53377179,5.17956541
2021-02-09,2021-02-09,753.11531948,2.97900892,2165.36756155,8.56528757,119.84133006,0.47404213,8126.61198507,32.1454749,8684.40272168,34.35186154,0.14824342,0.00058639,5235.69690215,20.71022508,195.5498814,0.77351347
2021-02-10,2021-02-10,764.76123214,3.23924219,1786.21558614,7.56574031,120.20919503,0.50916113,7789.76694142,32.9945356,6666.81743247,28.23814201,0.08676201,0.00036749,4217.79995225,17.86502109,2263.60667181,9.58779017
2021-02-11,2021-02-11,640.91968765,3.39422074,1499.47718607,7.94102079,101.75361835,0.53887289,6014.02424074,31.84942856,6241.86668615,33.05605018,0.0,0.0,4254.37298003,22.53056238,130.26109087,0.68984446
2021-02-12,2021-02-12,709.16849794,4.33633753,1583.83413412,9.68463689,121.24473552,0.74137261,3491.47963299,21.34927624,4869.17557128,29.77344428,0.0,0.0,3019.99801804,18.46631764,2559.1883929,15.64861482
2021-02-13,2021-02-13,659.60972216,5.63310804,1302.73826562,11.1254658,139.90866037,1.19482866,2550.11974225,21.77818117,3760.16524499,32.11204501,0.0,0.0,2853.52086379,24.36924561,443.45411437,3.78712571
2021-02-14,2021-02-14,553.70242855,4.33352472,1273.18559428,9.9645242,143.04343295,1.11952237,2968.90094005,23.23595665,4737.88676228,37.08083686,10.75801593,0.08419708,3089.65953254,24.18106781,0.04731617,0.00037032
2021-02-15,2021-02-15,537.26879916,3.90830526,1447.16491524,10.52724866,107.85807466,0.7846022,2979.87432692,21.67678175,5003.01960398,36.39393885,0.0,0.0,3499.70380471,25.4582265,171.95888327,1.25089677
2021-02-16,2021-02-16,533.11007245,3.11046718,1579.22592827,9.2141017,100.0346208,0.58365884,5068.89212043,29.57479779,4894.41358717,28.55679086,42.39854977,0.24737724,4420.97611249,25.79448753,500.17733315,2.91831886
2021-02-17,2021-02-17,740.28650074,4.36290567,1883.2205346,11.09882936,122.8018626,0.72373729,3213.48012164,18.93876308,5875.29945951,34.62629307,0.0,0.0,4438.20251465,26.15670946,694.44923646,4.09276207
2021-02-18,2021-02-18,630.61405875,4.56810466,1604.25075902,11.62103076,122.01081849,0.88383407,3277.7707417,23.74384079,4535.64071522,32.85572406,15.46765416,0.11204613,3510.06564067,25.42656162,108.89962589,0.78885791
2021-02-19,2021-02-19,735.32476879,3.28712762,1788.35933772,7.99451566,134.94198909,0.60323215,7537.47954812,33.69484926,7150.67801745,31.96572758,24.46019048,0.10934457,4831.07965525,21.59641027,167.50367392,0.74879288
2021-02-20,2021-02-20,635.47450757,2.57509949,1807.34351638,7.32380183,140.4780359,0.56925166,9751.77329257,39.51659133,7005.50835364,28.38804824,0.0,0.0,4936.88636227,20.00548156,400.20413348,1.62172589
2021-02-21,2021-02-21,448.65548197,3.46110239,1414.91730266,10.91522083,99.55394518,0.76799774,2970.85696425,22.91834283,4826.10813022,37.23046986,0.0,0.0,3202.68652036,24.70676594,0.01301673,0.00010042
2021-02-22,2021-02-22,603.0721376,2.79448923,1854.20852391,8.59195017,102.54749212,0.47518007,7234.30425232,33.52200189,6575.78390127,30.47057916,1000.01635241,4.63383193,4170.86000487,19.32674824,39.97174179,0.1852193
2021-02-23,2021-02-23,719.85703012,2.48021411,2376.15971502,8.18688242,126.94404125,0.4373763,8089.66550263,27.87234371,8068.64868634,27.79993182,4.54082614,0.01564508,5499.4878715,18.9480784,4138.68364514,14.25952816
2021-02-24,2021-02-24,674.89631498,3.26027258,1774.67149711,8.57303958,128.44069855,0.62046818,4275.82531254,20.65555213,6513.89461532,31.46716247,0.0,0.0,3764.84684484,18.18712987,3568.03482306,17.23637518
2021-02-25,2021-02-25,576.26002839,3.32595017,1433.73412447,8.27495925,112.46048152,0.64907844,5416.89307701,31.26421331,4977.93090191,28.73069328,122.03114804,0.70431662,3686.24980342,21.2756092,1000.61788845,5.77517973
2021-02-26,2021-02-26,653.86663274,2.87459532,1581.85587237,6.95431646,119.90256868,0.52712793,6835.66476639,30.05164809,6686.93470997,29.39778581,0.48799521,0.00214537,3548.22032459,15.59904884,3319.45609993,14.59333217
2021-02-27,2021-02-27,497.12353242,4.32025573,1139.71958725,9.90474149,112.21101307,0.97517064,2925.19279894,25.42140962,3471.48810456,30.16899301,0.0,0.0,2891.19199646,25.1259254,469.88097792,4.08350411
2021-02-28,2021-02-28,417.30133837,3.08412247,1322.20670499,9.77194902,97.41254456,0.7199407,3916.91981045,28.94853018,3936.14898888,29.09064605,61.5870325,0.45516737,2794.53531397,20.65339445,984.52276108,7.27624977
2021-03-01,2021-03-01,494.67826195,3.16978007,1273.37555224,8.15948618,86.37522192,0.55347178,4141.59525864,26.5383525,4895.28336715,31.36780575,0.0,0.0,4413.91646411,28.2833217,300.85111377,1.92778203
2021-03-02,2021-03-02,584.70022753,4.08789317,1345.76140402,9.40880232,115.01282775,0.80410462,3442.15465656,24.06559783,5188.74380227,36.27676094,4.30262584,0.03008153,2622.47780995,18.33488108,1000.06354854,6.99187851
2021-03-03,2021-03-03,646.92974425,2.92879487,1513.60244235,6.85241497,133.75487414,0.60553807,10061.73458025,45.55171076,5976.40030246,27.05649367,0.0,0.0,3751.46883119,16.98373394,4.70790229,0.02131372
2021-03-04,2021-03-04,542.51790827,3.00319314,1278.65256886,7.07818225,101.67831049,0.56285627,6127.63545315,33.92048906,5220.12228314,28.89680729,0.0,0.0,3857.67346799,21.35475775,936.42256015,5.18371425
2021-03-05,2021-03-05,555.13983723,2.91781361,1230.07159058,6.46525324,110.8509986,0.58263257,5143.97645985,27.03672756,4039.07585489,21.22937271,0.0,0.0,3410.88787381,17.92761824,4535.88152029,23.84058206
2021-03-06,2021-03-06,424.07243332,4.28257924,806.22125807,8.14178464,115.31105259,1.16449144,4216.68343592,42.58301068,2520.90965443,25.45790415,9.89e-05,1e-06,1346.29411679,13.5958171,472.775,4.77441173
2021-03-07,2021-03-07,395.39792964,3.8778137,906.42601138,8.88965506,111.02985605,1.08891085,1735.07574812,17.01652943,4811.51856194,47.18834165,6.53157477,0.06405757,2230.43407907,21.87469174,0.0,0.0
2021-03-08,2021-03-08,445.01022224,2.73950725,1168.2322846,7.19170179,111.79835382,0.68823678,4147.40250129,25.53163647,4397.2518581,27.06972276,111.83185034,0.68844298,2965.22774714,18.25410407,2897.41545554,17.8366479
2021-03-09,2021-03-09,622.16881655,3.16770149,1591.07368427,8.10076999,135.10224563,0.68785766,5516.19084627,28.08505584,5306.7377239,27.01864919,0.07758978,0.00039504,3482.45178752,17.73050564,2987.21520933,15.20906515
2021-03-10,2021-03-10,717.38892376,4.65740422,1630.06286995,10.58263021,131.74723061,0.8553242,2791.21241199,18.12099971,5821.76956849,37.79586398,0.01471907,9.556e-05,4310.99646735,27.98768212,0.0,0.0
2021-03-11,2021-03-11,594.01971472,3.74442448,1291.07586381,8.1383428,124.72845281,0.78623026,4241.66290457,26.73747355,5666.5394735,35.71923387,0.0494502,0.00031171,3198.57893676,20.16235652,747.45778435,4.71162683
2021-03-12,2021-03-12,586.24820981,4.40265977,1404.02042736,10.54403946,116.53262036,0.8751472,3093.02941184,23.22831173,4408.58364182,33.10797974,10.15891062,0.0762923,3696.79789638,27.76254684,0.40252997,0.00302296
2021-03-13,2021-03-13,638.65286195,4.34930142,1529.35976933,10.41512065,146.35900295,0.9967221,4126.1809772,28.09977977,4770.7972291,32.48969257,5.66042316,0.03854815,3462.60318989,23.58073667,4.4197,0.03009868
2021-03-14,2021-03-14,481.3687091,3.95763678,1226.05678512,10.0801887,154.20850678,1.26784572,3740.94776988,30.75669895,4085.42676665,33.58887878,0.0,0.0,2474.81390516,20.34701122,0.2116191,0.00173985
2021-03-15,2021-03-15,446.50937161,2.24702804,1344.98314502,6.76853618,104.48766767,0.52582708,5931.2285421,29.84850416,4144.25738504,20.85569337,2000.07759533,10.06525444,4101.94064603,20.64273726,1797.623794,9.04641946
2021-03-16,2021-03-16,492.26428591,3.0643941,1227.15521236,7.63916314,113.44949814,0.7062344,2936.17014487,18.27795092,5858.92672449,36.47240107,0.0,0.0,3171.40232007,19.74229459,2264.63240849,14.09756178
2021-03-17,2021-03-17,501.83718801,2.25114614,1170.94631064,5.25264234,101.44723905,0.45507301,5992.3071904,26.88034985,4332.11876512,19.43306047,0.0,0.0,3032.07671073,13.60131919,7161.78594132,32.126409
2021-03-18,2021-03-18,643.88622333,4.87316054,1346.41518439,10.19015023,143.85996461,1.08878351,3162.6071698,23.93573881,4970.8613354,37.62125114,0.0,0.0,2939.15287702,22.24455704,6.12533402,0.04635871
2021-03-19,2021-03-19,525.66269559,3.46034789,1132.22775789,7.45326227,111.49324148,0.733941,6096.29568249,40.13087495,4053.59250765,26.68410827,0.31412013,0.0020678,2592.89105134,17.06855966,678.55899756,4.46683817
2021-03-20,2021-03-20,496.79869058,5.38676316,948.84173538,10.28824312,133.85811368,1.45141678,3627.44765528,39.3322321,2199.41850442,23.84818399,36.9115851,0.40023046,1779.30647069,19.29293039,0.0,0.0
2021-03-21,2021-03-21,290.81593895,4.20114558,764.2927168,11.04102128,81.68651252,1.18004856,1203.17441426,17.38113424,3004.64054408,43.40522872,0.0,0.0,1567.66671777,22.64661328,10.02406948,0.14480835
2021-03-22,2021-03-22,478.97911116,2.8694042,1156.53038727,6.92838805,110.5587401,0.66232056,5887.29052848,35.2687952,4231.96263457,25.35227754,0.0,0.0,3042.92461249,18.22914708,1784.38693735,10.68966737
2021-03-23,2021-03-23,486.30493179,3.28550866,1208.40766388,8.16408305,111.74072275,0.7549278,3586.98911106,24.23393848,5701.15853161,38.51740857,35.09488626,0.2371034,2807.18375947,18.96552134,864.6315624,5.8415087
2021-03-24,2021-03-24,535.45206378,2.60179384,1234.16965879,5.99690472,128.53938443,0.62458061,7497.30936082,36.42987785,6980.92058197,33.92071367,33.3803111,0.16219694,3864.2280097,18.7765167,306.11179924,1.48741567
2021-03-25,2021-03-25,729.33722856,5.08859831,1477.3907706,10.30778065,133.94046797,0.93450493,3760.86416329,26.23961354,4550.59423623,31.74957375,32.63137242,0.22766964,3525.33147035,24.59629792,122.68298044,0.85596125
2021-03-26,2021-03-26,476.19125749,2.06640867,1176.23875668,5.10423054,95.63416561,0.41499978,7498.35045756,32.53872499,4539.21953963,19.69772113,1.98004073,0.00859229,4156.54066768,18.03710489,5100.23440735,22.13221771
2021-03-27,2021-03-27,486.80129724,5.90877689,888.18368487,10.78074208,108.38225735,1.31554,1581.08126083,19.1911083,2956.80814844,35.88963249,34.03696981,0.41313953,2183.31999573,26.50106071,0.0,0.0
2021-03-28,2021-03-28,348.2269442,4.79833223,774.53496831,10.67256903,87.05979647,1.19962523,1532.2543726,21.11343095,2263.82162291,31.19393383,0.0,0.0,1951.35184594,26.88831123,300.0,4.13379749
2021-03-29,2021-03-29,584.24532047,3.1162547,1192.39753132,6.36002426,115.08141098,0.61382261,4689.04862016,25.01050381,5713.5556941,30.47503194,2031.2912815,10.83452582,3021.62820824,16.1167968,1401.06926369,7.47304005
2021-03-30,2021-03-30,585.59992746,4.47981291,1317.16401277,10.07624502,124.29735048,0.9508691,2648.38206996,20.26000284,5506.57882423,42.12507852,0.22411725,0.00171449,2887.59884191,22.09000031,2.1277,0.01627681
2021-03-31,2021-03-31,632.69060548,3.90689721,1391.80986662,8.5944979,119.17879032,0.73593519,4272.68166153,26.3840302,5379.71314999,33.22000688,0.0,0.0,2888.46370935,17.83641277,1509.65858996,9.32221986
2021-04-01,2021-04-01,558.4129085,3.78458678,1260.56706191,8.54336525,124.02079804,0.84053836,3685.73295823,24.97968082,4325.84753745,29.31799238,18.82750029,0.12760147,3230.22413453,21.89251603,1551.29124952,10.5137189
2021-04-02,2021-04-02,586.8886216,4.43252345,1249.24479858,9.43502168,140.44170648,1.06069727,3431.61590086,25.91755471,4929.83799303,37.23299739,0.0,0.0,2621.90070339,19.80211564,280.57826307,2.11908987
2021-04-03,2021-04-03,491.64881185,5.37089954,1105.88686542,12.08099586,122.29864717,1.33602224,983.07720138,10.73939114,3711.97765194,40.55060969,26.67848654,0.29144273,2712.37029183,29.6306388,0.0,0.0
2021-04-04,2021-04-04,385.53755371,4.81888303,887.82203391,11.09700079,110.26830676,1.37825762,1655.48046716,20.69206141,2703.49270902,33.79130003,36.28918049,0.45358309,2221.6681965,27.76891402,0.0,0.0
2021-04-05,2021-04-05,512.41538455,3.70415423,1395.62279775,10.08869415,119.33824805,0.8626737,1716.88139781,12.41101202,6218.82893832,44.95474223,21.40901558,0.15476174,3842.37204401,27.77578327,6.66481084,0.04817866
2021-04-06,2021-04-06,538.45939799,3.73342004,1468.40539836,10.18122101,123.75307403,0.85804465,3580.99527495,24.82890922,4936.29463726,34.22590705,0.45903875,0.00318276,3773.35120568,26.16261328,0.96660742,0.00670199
2021-04-07,2021-04-07,752.3876426,5.58263945,1602.82263428,11.89278022,129.73109652,0.96259148,1675.86028782,12.43471215,5397.72768432,40.05058806,56.26686469,0.41749439,3861.94031167,28.65520263,0.53796062,0.00399161
2021-04-08,2021-04-08,500.2901743,3.4972593,1147.6495729,8.02260039,110.43697975,0.77200548,3943.13736816,27.56435076,3909.19596486,27.32708468,36.51707585,0.25527122,4457.91618584,31.16289237,200.06343617,1.39853579
2021-04-09,2021-04-09,575.72803893,3.41519966,1441.98612613,8.55381395,133.92970238,0.79446656,4119.81731964,24.43861992,5418.11450981,32.14007586,38.27098212,0.2270222,4329.9557363,25.68515405,800.01252159,4.74564779
2021-04-10,2021-04-10,629.6948772,3.74762627,1332.2171524,7.92868448,174.82424333,1.04046571,4614.69116565,27.46431404,6339.97921709,37.73235823,19.99434376,0.11899625,3491.01325248,20.77674991,200.08501838,1.1908051
2021-04-11,2021-04-11,384.4235924,4.52787209,1129.019191,13.29797282,115.32537971,1.35834163,1301.96144068,15.33494557,2831.98227711,33.35605244,18.81330854,0.22158956,2698.63597698,31.78545427,9.99899989,0.11777163
2021-04-12,2021-04-12,585.93829294,3.28496165,1487.11474284,8.33725147,130.14531791,0.7296372,2725.04879526,15.27751451,7473.32790531,41.89791967,18.28799615,0.10252849,3842.02421012,21.53964389,1575.10312911,8.83054313
2021-04-13,2021-04-13,566.11901924,2.20020552,1641.83801937,6.38095691,138.50327826,0.53828906,6669.07335862,25.91916453,9614.12879978,37.36503901,0.05122776,0.0001991,4939.70362265,19.19801808,2160.86171326,8.39812779
2021-04-14,2021-04-14,784.85759982,3.57244143,1712.86823582,7.79647345,146.30236913,0.66592544,6041.9370726,27.50112415,7393.79940535,33.65440469,0.0,0.0,4981.63977837,22.67496208,908.37772084,4.13466876
2021-04-15,2021-04-15,884.56070155,4.29325405,1921.70448155,9.32707674,286.59459673,1.39099941,5135.66641607,24.92618154,6913.21788176,33.55360531,2.20071231,0.01068125,5455.55762729,26.47878752,4.0,0.01941417
2021-04-16,2021-04-16,450.03540716,2.30367968,1218.8916743,6.23936681,106.34405937,0.54436305,6451.4585722,33.02427719,6922.80253082,35.43703291,24.59397476,0.12589374,4225.87790723,21.63178479,135.49860374,0.69360183
2021-04-17,2021-04-17,482.80257272,4.60312063,1081.34132177,10.30968937,105.20908836,1.00308108,1802.95071675,17.18963426,3598.11072566,34.3049906,0.0606105,0.00057787,3355.62186539,31.99306118,62.4957564,0.59584501
2021-04-18,2021-04-18,586.97878579,2.01705754,1828.33140945,6.2827648,140.65016512,0.48332151,9006.53225529,30.94948954,6352.65496704,21.82987002,47.79123588,0.16422684,5408.36060925,18.58495538,5729.44630225,19.68831437
2021-04-19,2021-04-19,417.90048247,2.18303593,1228.65489406,6.41826915,93.57082623,0.48879694,4126.4470928,21.55580724,5968.63192437,31.17904492,1.09366732,0.00571312,4291.32266321,22.41708716,3015.46618669,15.75224555
2021-04-20,2021-04-20,610.19509669,2.9018533,1669.18247277,7.93799016,131.22629746,0.62406182,6834.50806733,32.50229299,6784.6178451,32.26503427,0.0,0.0,4272.03574113,20.31615969,726.00648606,3.45260775
2021-04-21,2021-04-21,567.27183094,2.79945396,1326.78064482,6.5475864,112.86236836,0.55696932,4604.67534854,22.7238088,5666.11064609,27.96193112,0.0,0.0,3468.69512461,17.11781153,4517.26401559,22.29243888
2021-04-22,2021-04-22,816.23620923,3.03991883,2106.42765684,7.84499514,153.43637905,0.57144505,7431.30177372,27.67649112,5730.38882755,21.34175953,0.02796999,0.00010417,4311.11714731,16.05594808,6301.65626761,23.46933808
2021-04-23,2021-04-23,810.03867883,2.35239469,2468.85010893,7.16966985,147.61394545,0.42867862,10813.09341886,31.40178885,8836.09119524,25.66047099,1.57241373,0.00456637,6004.36393173,17.43698691,5353.01782131,15.54544373
2021-04-24,2021-04-24,559.68543581,4.25576046,1290.39279334,9.81194486,152.26649636,1.15781061,4061.6511236,30.88415951,4145.86060966,31.52447526,0.0,0.0,2897.6556121,22.0333198,43.7317648,0.3325295
2021-04-25,2021-04-25,682.10543935,6.4258798,1685.49867141,15.87850094,111.10110488,1.04664514,2006.66284224,18.90407769,2862.05093672,26.96239354,0.0,0.0,3267.10426031,30.77826103,0.45027178,0.00424185
2021-04-26,2021-04-26,539.88672075,2.60929846,1413.01453385,6.82916714,122.74930485,0.59325329,7023.36903262,33.94428001,6928.41778313,33.48537606,2.00577293,0.009694,2941.16787718,14.21480568,1720.26540432,8.31412536
2021-04-27,2021-04-27,564.95898715,2.52238718,1421.68433471,6.34743127,147.77751236,0.65978613,9780.33115913,43.66650058,6442.30014573,28.76310612,0.0,0.0,3506.08695485,15.65371822,534.65104128,2.3870705
2021-04-28,2021-04-28,593.47118279,3.62103567,1452.51735647,8.86246429,136.03944874,0.83003811,6157.90188291,37.57214004,4190.32685459,25.56707632,49.76150384,0.30361741,3199.09806154,19.51914185,610.42627062,3.72448632
2021-04-29,2021-04-29,673.07260565,4.48059097,1502.71783418,10.00347349,121.70422506,0.81017538,4499.45211221,29.95249599,4716.0283239,31.39422666,0.23077592,0.00153626,3440.39247166,22.90241993,68.36213633,0.45508132
2021-04-30,2021-04-30,635.57795797,3.37733264,1400.88929547,7.4440422,130.86303657,0.69537969,6198.98578845,32.9401559,5786.75748757,30.74965814,1.06161461,0.00564121,3650.82298155,19.39973445,1013.97459411,5.38805578
2021-05-01,2021-05-01,561.58291464,6.19684884,1100.61845075,12.14489613,155.90407968,1.72034083,995.75879651,10.98781067,3747.79187305,41.3554243,51.1108191,0.56398799,2400.15468607,26.48477258,49.47330449,0.54591866
2021-05-02,2021-05-02,378.50665047,5.73281694,900.65430079,13.64120346,108.83145057,1.64834827,1018.92620503,15.43253573,2430.52467059,36.81243905,0.0,0.0,1765.01158111,26.73265655,0.0,0.0
2021-05-03,2021-05-03,619.19377792,4.14409234,1383.47975848,9.25924658,154.15538074,1.03171924,3371.37515872,22.56367953,5139.26155793,34.39565321,4.26603328,0.02855138,4228.36983044,28.29930734,41.50035739,0.27775039
2021-05-04,2021-05-04,656.54161892,3.9168546,1661.0097036,9.90939997,151.26926203,0.90245567,3589.19567712,21.41274397,6321.32567985,37.71232904,69.9102987,0.4170771,4266.62092634,25.454188,46.08728921,0.27495166
2021-05-05,2021-05-05,676.65767648,3.35895091,1666.55636972,8.2728405,148.58671995,0.73758935,6478.25903854,32.15829042,6723.06040172,33.37349242,43.43100839,0.21559295,4347.95586453,21.58339557,60.40409175,0.29984789
2021-05-06,2021-05-06,741.18027244,3.43993003,2337.92249096,10.85065279,167.65129691,0.77809509,6767.77426127,31.41026658,6649.90893204,30.86323572,63.32338388,0.29389343,4809.83433941,22.32317051,8.78140735,0.04075584
2021-05-07,2021-05-07,726.54166128,3.57128146,1846.17721461,9.07479751,169.67900106,0.83404917,6610.76611752,32.49491078,5234.8214489,25.7315193,76.74252949,0.3772243,4560.14485239,22.41517813,1119.13169296,5.50103935
2021-05-08,2021-05-08,683.95441731,4.46030978,1592.52529445,10.3854233,176.23411259,1.14928527,3487.39563723,22.74254608,4841.6235914,31.57394775,20.024968,0.13058993,4413.523503,28.78215497,118.95424884,0.77574292
2021-05-09,2021-05-09,504.65812981,2.74173771,1348.22874702,7.32474003,131.11044632,0.71230489,6399.5908686,34.76809072,5518.49529514,29.98122052,19.9723123,0.10850681,3959.37172926,21.51071816,525.07894221,2.85268116
2021-05-10,2021-05-10,620.72349053,2.98817403,1845.42259186,8.88389751,154.72609382,0.74485419,5240.85370838,25.22956389,7405.41426091,35.64979727,20.04982775,0.09652023,5387.27082473,25.93441852,98.2078504,0.47277436
2021-05-11,2021-05-11,590.49416815,3.24843127,1835.24696295,10.09607535,140.05526111,0.77047313,4178.78294633,22.98835436,6188.73775668,34.04553392,0.0,0.0,5124.50300617,28.19095716,120.005426,0.66017481
2021-05-12,2021-05-12,649.77401977,1.96771391,1870.92247923,5.66572388,155.44763888,0.47074286,12459.69037253,37.73174251,8137.59687998,24.64312523,5.27590189,0.01597704,5233.94085698,15.84996921,4509.124883,13.65500538
2021-05-13,2021-05-13,814.96560283,2.13974616,2445.97121023,6.4220594,163.43274264,0.42910349,16577.20754208,43.52455625,10744.46759441,28.21031124,0.0,0.0,7101.94507323,18.64662713,239.03275462,0.62759633
2021-05-14,2021-05-14,660.34181632,1.88908099,1864.0991519,5.33274464,143.17337645,0.409585,9160.34532498,26.20557085,5762.01689649,16.48376089,3505.0,10.02697197,3929.86000402,11.24239547,9930.88096498,28.40989018
2021-05-15,2021-05-15,556.01942972,4.15645048,1518.1301298,11.34858311,134.50660888,1.00548655,3042.11917114,22.74096374,4416.62083711,33.01587106,2.78860978,0.02084589,3678.47391238,27.49795033,28.60712922,0.21384885
2021-05-16,2021-05-16,500.06205281,2.73383754,1586.23083007,8.67191854,113.85087216,0.62242233,5053.56617541,27.62782904,4925.34710317,26.92685581,6.94856947,0.03798781,3808.28576934,20.81988531,2297.28763045,12.55926364
2021-05-17,2021-05-17,628.46792284,1.47069898,2188.56063699,5.12152453,128.6356311,0.30102458,22840.59978398,53.45005762,9092.14963443,21.2768459,0.0,0.0,5287.15991257,12.37266117,2567.02733786,6.00718722
2021-05-18,2021-05-18,486.07849546,1.65280032,1523.64088074,5.18079726,87.40845099,0.29721273,8241.35570631,28.02287178,6296.71388949,21.41055577,2000.0,6.80054903,3534.24398649,12.01739976,7239.94879184,24.61781337
2021-05-19,2021-05-19,998.935919,1.26056794,3721.64260285,4.69638069,158.16432398,0.19958926,25514.3368275,32.19681508,20652.01853435,26.06100352,26.36446338,0.0332696,10829.551591,13.66592721,17343.89478398,21.8864467
2021-05-20,2021-05-20,873.41930436,1.82572876,2580.44125521,5.3939566,120.39494207,0.25166436,16778.53345663,35.07256021,13840.94697348,28.9320546,24.15379542,0.05048924,6731.66000882,14.07134608,6889.93889654,14.40220014
2021-05-21,2021-05-21,820.45329578,2.18748236,2159.97177628,5.75888984,124.36643037,0.33158423,12288.44329531,32.76329443,12116.82742541,32.30573433,299.698,0.79905107,7229.22500385,19.27446965,2467.75367152,6.5794941
2021-05-22,2021-05-22,588.49922873,2.61455983,1665.59265508,7.39982559,111.06805191,0.49344851,6078.18739001,27.00391746,5816.64623828,25.84195334,19.58114595,0.0869943,5301.67321716,23.55405268,2927.2914325,13.0052483
2021-05-23,2021-05-23,576.39279273,1.96296489,2029.55370762,6.91185372,106.15648654,0.36152682,9389.4177114,31.97662694,9100.58304415,30.9929708,18.01532446,0.06135304,7839.82002217,26.69931276,303.43850983,1.03339103
2021-05-24,2021-05-24,595.55808678,1.96099116,1866.60783239,6.14617035,105.16784182,0.34628563,9723.73457907,32.01729262,9266.28251706,30.51104249,0.0,0.0,5318.25768668,17.51140071,3494.65009484,11.50681704
2021-05-25,2021-05-25,581.1744131,1.71520576,1531.00816244,4.51842676,101.07896057,0.29831185,13378.24126587,39.48287462,6527.72350842,19.26510994,0.0,0.0,4069.17250201,12.00924879,7695.25680809,22.71082227
2021-05-26,2021-05-26,689.48367434,3.6332462,1690.04440761,8.90571836,100.60405637,0.53013482,5845.14866263,30.8011124,6142.55707858,32.36831121,0.07217276,0.00038032,3513.76844429,18.51586384,995.39151068,5.24523285
2021-05-27,2021-05-27,634.94016887,4.5569286,1382.61455174,9.92294408,88.89154816,0.63796946,3469.85538189,24.9029499,5474.83360332,39.29256178,1.01147361,0.00725929,2828.73611783,20.3016743,52.62862753,0.37771259
2021-05-28,2021-05-28,573.46245054,2.03283716,1450.19297724,5.14071352,91.36062613,0.32385952,9444.93228064,33.48084832,7544.76636958,26.74504919,1500.0,5.31727184,4151.72306207,14.71722676,3453.51734292,12.24219369
2021-05-29,2021-05-29,478.02101517,2.97251743,1077.65224427,6.70125367,84.18689135,0.52350628,4090.13908257,25.43404859,4715.42100813,29.32229066,0.02483716,0.00015445,2569.08136796,15.97553018,3066.82634584,19.07069875
2021-05-30,2021-05-30,362.38512888,3.38070522,825.83704582,7.70426651,74.45189959,0.69456472,3206.02965502,29.90917762,4224.32032196,39.40885158,0.0,0.0,2022.69868619,18.86983615,3.49427169,0.0325982
2021-05-31,2021-05-31,467.36777256,4.28500871,1265.44271483,11.60206881,99.8497548,0.91546122,2400.8239367,22.01168349,3585.77091298,32.8757362,0.0,0.0,2740.54347905,25.1263638,347.24512713,3.18367778
2021-06-01,2021-06-01,503.80225341,4.62779424,1302.70416791,11.9662959,101.92545139,0.93626024,2453.7050551,22.53908559,3788.1272512,34.79673491,0.30403211,0.00279276,2733.785332,25.11182893,2.09100766,0.01920744
2021-06-02,2021-06-02,704.48479665,3.46602404,1558.80927698,7.66925057,123.9496842,0.6098252,7541.58117685,37.1041388,4511.98861434,22.19872039,0.0,0.0,3032.82817743,14.92133745,2851.80287517,14.03070354
2021-06-03,2021-06-03,813.73357976,6.81305124,1923.85864433,16.10766453,116.90174579,0.97876947,2570.5695066,21.52230435,3320.27060408,27.79923837,0.0,0.0,2722.67389006,22.79581079,475.73868957,3.98316126
2021-06-04,2021-06-04,569.40052381,3.36155741,1264.51811497,7.46530791,103.17293379,0.60909979,7463.78690447,44.06379533,4384.15336358,25.88263022,0.0,0.0,2610.0089464,15.40865267,543.552108,3.20895668
2021-06-05,2021-06-05,468.14766423,4.90308672,1075.7549429,11.26678647,93.84978722,0.98292415,2803.9415702,29.36673557,2972.76070211,31.13484189,0.0,0.0,2133.53586714,22.34532428,0.02873209,0.00030092
2021-06-06,2021-06-06,292.63942245,3.46012126,745.63353136,8.81625043,69.69707067,0.8240869,2917.05527377,34.49079034,2848.55115807,33.68080874,0.0,0.0,1210.27195171,14.31006005,373.64196806,4.41788227
2021-06-07,2021-06-07,487.23165922,3.01271182,1413.37451486,8.73935431,101.24552137,0.62603399,5528.58602762,34.18504552,3909.69385211,24.17490867,0.0,0.0,2984.76458219,18.45577017,1747.6317522,10.80617552
2021-06-08,2021-06-08,601.68512176,3.3115571,1575.78264454,8.67279915,109.66458979,0.60357243,3701.07013274,20.36996537,6683.20025056,36.78302566,0.0,0.0,4631.27264792,25.48961788,866.57559502,4.76946241
2021-06-09,2021-06-09,520.37223709,2.86736532,1214.8108902,6.69387482,84.62672371,0.46631183,5308.62548008,29.25169236,4856.70770058,26.76152614,0.1400252,0.00077157,4428.93437352,24.40440115,1733.87948696,9.5540568
2021-06-10,2021-06-10,959.94961763,4.62461297,2151.51538672,10.36505018,139.79032446,0.673448,6265.31801885,30.18353299,5309.31111482,25.57791427,0.0,0.0,3488.6398676,16.80672493,2442.88011935,11.76871668
2021-06-11,2021-06-11,563.4160303,4.51918624,1305.10750453,10.46832814,105.74976581,0.8482238,1690.31653861,13.55810776,4756.07529504,38.14870166,49.63308929,0.39810932,2378.41334967,19.07736436,1618.4893733,12.98197872
2021-06-12,2021-06-12,492.92375132,4.97611115,1127.74716507,11.3847126,92.31380567,0.93191646,3066.85468226,30.96018347,3145.16813646,31.75076508,0.21200696,0.00214023,1899.10854901,19.17167756,81.47457903,0.82249346
2021-06-13,2021-06-13,372.20543371,3.9169609,846.37430734,8.90694967,80.73772755,0.84965584,2352.62191661,24.75817711,2846.23573838,29.95279777,60.97624745,0.64169288,1832.55099524,19.28513111,1110.70124839,11.68863472
2021-06-14,2021-06-14,550.91056034,4.10447898,1430.75733247,10.65964936,122.06829433,0.90945207,2319.17986884,17.27871221,4793.04713461,35.70990037,1.18207386,0.00880687,3280.892147,24.44380963,924.14266862,6.88519051
2021-06-15,2021-06-15,542.31922218,3.46339149,1351.06445924,8.62824874,101.11060879,0.64571862,3249.72575711,20.75359319,3047.96536771,19.46509891,0.0,0.0,2807.45484088,17.92913619,4558.97715526,29.11481286
2021-06-16,2021-06-16,529.02828982,3.33917069,1123.35679542,7.09050946,100.25081701,0.63277257,4711.06238354,29.73572823,3518.45832094,22.20813734,0.92470147,0.00583662,2792.53562729,17.62618996,3067.48718135,19.36165513
2021-06-17,2021-06-17,494.51831447,3.36652555,1033.8063504,7.03782932,92.27174898,0.62815712,5579.66344729,37.98459835,2710.07475212,18.44933873,0.06218403,0.00042333,2751.83230915,18.73361108,2027.04941536,13.79951651
2021-06-18,2021-06-18,473.95310188,1.66265876,1036.26515219,3.63528654,92.1095555,0.3231264,4562.52504805,16.00563896,4264.31991579,14.95951568,0.0,0.0,2527.30761329,8.86596189,15549.25474436,54.54781177
2021-06-19,2021-06-19,402.33191656,4.77559859,745.01563699,8.84318515,79.01893144,0.93793876,2989.87957123,35.48926667,2529.59507142,30.02578262,0.0,0.0,1673.24811563,19.8611172,5.65392998,0.06711101
2021-06-20,2021-06-20,327.1885253,3.01868634,712.70047743,6.57547264,70.39003597,0.64942815,4166.34486746,38.43927083,3438.41592719,31.7232983,0.42073274,0.00388174,1608.60191849,14.84118257,514.70936821,4.74877943
2021-06-21,2021-06-21,508.51842076,2.35035355,1410.7954796,6.52064512,84.82927978,0.39207783,6586.91459606,30.44447842,7978.64678281,36.8770137,1.087842,0.00502797,3936.94541853,18.19641778,1128.08889741,5.21398564
2021-06-22,2021-06-22,585.7651633,2.39020413,1507.62433156,6.15183376,94.53976635,0.3857678,8325.44352129,33.97182138,7569.02442524,30.88526697,23.07167608,0.09414356,4292.82172043,17.51678122,2108.61889795,8.60418119
2021-06-23,2021-06-23,669.63297524,3.12329463,1458.68221024,6.80356924,119.86179472,0.55905804,3559.078445,16.60021385,5939.16307086,27.70137793,0.0,0.0,4537.47888223,21.16365822,5156.05801645,24.04882809
2021-06-24,2021-06-24,588.00685118,3.92422844,1297.68938238,8.66049362,100.19474764,0.66867772,3818.15731936,25.48154246,4721.2585806,31.50864171,135.4595862,0.90402749,3282.5511482,21.90702463,1040.69414896,6.94536393
2021-06-25,2021-06-25,564.41352323,2.27056145,1235.5218188,4.97034194,105.56450013,0.42467211,11142.37122257,44.82429543,5481.8904061,22.05292484,120.6223444,0.48524784,2582.07853866,10.3873627,3625.42133594,14.58459369
2021-06-26,2021-06-26,418.4616225,3.12426379,845.68116259,6.31391482,79.17591215,0.59113291,4329.18804083,32.32202125,2869.60635586,21.42468212,138.38301563,1.03317729,1650.72920234,12.32445989,3062.70202681,22.86634793
2021-06-27,2021-06-27,281.63807701,4.11581563,633.90866324,9.26384391,46.85698818,0.68476083,2006.23395914,29.31879515,1825.10855824,26.67185634,157.20336175,2.2973458,1641.16532374,23.98373814,250.71046096,3.6638442
2021-06-28,2021-06-28,606.78498818,5.00192428,1316.4642312,10.85203908,95.79272037,0.78965028,2349.68596603,19.36921894,4193.06445046,34.56478208,27.44855959,0.22626733,2711.72111794,22.35359142,830.06902756,6.8425266
2021-06-29,2021-06-29,510.4371227,3.61566023,1194.880114,8.46388382,96.03053458,0.68022832,3328.21419248,23.57526745,3993.90809152,28.29068262,97.71105712,0.69213223,2870.61653976,20.33389342,2025.59974255,14.34825192
2021-06-30,2021-06-30,542.06662196,4.7896186,1211.79866182,10.70726951,95.75741885,0.84609806,3583.42929267,31.6626387,3489.08772496,30.82905089,0.0,0.0,2347.41566248,20.74140939,47.9766995,0.42391485
2021-07-01,2021-07-01,592.66277745,7.3260587,1262.31568323,15.60381241,104.0760616,1.28651126,1736.93313518,21.47068215,2110.90029129,26.09338741,3.58374967,0.04429966,2262.52617469,27.96767438,16.79230422,0.20757404
2021-07-02,2021-07-02,509.38164969,5.47157309,1168.41379452,12.5506317,92.86519377,0.99752061,2545.20191272,27.33953669,2156.42024833,23.1634002,0.0,0.0,1829.07367571,19.6471748,1008.24500599,10.8301629
2021-07-03,2021-07-03,623.47223921,9.74993226,1051.51354885,16.44369264,113.77251786,1.77918802,742.57231609,11.61243328,2139.94086166,33.46464706,0.0,0.0,1718.85080599,26.87959121,4.5092093,0.07051555
2021-07-04,2021-07-04,378.78825576,5.07546283,713.61616839,9.56189185,84.125626,1.12721681,1201.10879883,16.09390726,2638.70546363,35.35656475,0.12139178,0.00162655,1446.16797527,19.37750627,1000.49369813,13.40582369
2021-07-05,2021-07-05,405.82477343,5.45834051,873.09622367,11.74313842,83.65273542,1.12512874,1356.3884642,18.24341585,2910.80000511,39.15024077,0.05698632,0.00076647,1804.04459,24.26438777,1.08412537,0.01458148
2021-07-06,2021-07-06,535.98635903,5.32017841,1194.76732553,11.85921102,85.23397228,0.84602888,2013.40380902,19.98496287,2755.51331391,27.3511111,0.36927316,0.00366539,3465.14560249,34.39489182,24.17403807,0.2399505
2021-07-07,2021-07-07,562.29671095,5.78366664,1107.80599714,11.39466133,95.31021101,0.98034094,2141.47473248,22.02676226,2533.09790388,26.05491648,0.27228949,0.00280071,2285.61125056,23.5093204,996.28029547,10.24753123
2021-07-08,2021-07-08,493.38633237,4.57275816,1111.64314666,10.30282951,88.03684792,0.81593508,2344.77168752,21.73159886,3902.14448928,36.16549926,10.83327491,0.10040397,2376.65425211,22.02708993,462.2178465,4.28388524
2021-07-09,2021-07-09,502.53455199,3.82153989,1126.33522488,8.56525183,101.84417655,0.77447726,5554.37256501,42.23840177,2455.28844392,18.67131859,2.31268556,0.01758689,2707.54265716,20.58959373,699.82351451,5.32183004
2021-07-10,2021-07-10,389.05979509,8.31743695,787.74345115,16.84061569,76.32559554,1.63171147,357.08196512,7.63380532,1433.82327741,30.65270394,0.07452048,0.00159312,1633.53184205,34.92213351,0.0,0.0
2021-07-11,2021-07-11,366.23923995,7.53140802,661.06200276,13.59419507,72.96073677,1.5003774,747.9588238,15.38115656,1314.0343255,27.02203255,0.03726024,0.00076623,1300.50784097,26.74387155,400.02540356,8.22619262
2021-07-12,2021-07-12,456.86812993,3.6804191,1155.18878551,9.30592132,92.02273263,0.74131287,4077.41066242,32.84663362,2906.53029691,23.41430474,0.28393202,0.00228729,1943.67442869,15.65777086,1781.50214838,14.35135021
2021-07-13,2021-07-13,475.17316781,5.26068178,984.12082373,10.89528374,93.88374382,1.03939476,2134.28550205,23.62885284,3140.86618843,34.77279159,0.02487216,0.00027536,1684.79592898,18.65251628,519.38942482,5.75020365
2021-07-14,2021-07-14,498.11486577,5.71583676,1056.75503451,12.12619756,85.99273187,0.98676119,2096.09615603,24.05257157,2072.15346681,23.77783071,0.0,0.0,2301.818837,26.41322639,603.71362,6.92757582
2021-07-15,2021-07-15,503.31151091,2.93810451,1206.57931355,7.04346324,90.79273873,0.53000686,6647.8477814,38.80712273,5455.76498613,31.84828359,0.0094777,5.533e-05,3008.59029179,17.56278671,217.58746545,1.27017702
2021-07-16,2021-07-16,558.23232698,4.21109195,1167.62091218,8.80808721,90.77482888,0.68477072,5008.2518897,37.78034372,3480.06949895,26.25231812,0.0553961,0.00041789,2595.53888262,19.57975623,355.69322805,2.68321417
2021-07-17,2021-07-17,425.35088152,7.16531773,740.53948355,12.47487879,78.8749013,1.32870003,1521.21329839,25.62584701,1187.56818034,20.00537369,14.30762349,0.24102141,1337.44197505,22.53009718,630.94957943,10.62876417
2021-07-18,2021-07-18,316.84009677,7.79305625,559.68842776,13.76619766,66.41601223,1.63358023,500.99316843,12.32251846,1519.10711397,37.36423295,0.44930165,0.0110511,1096.83829577,26.97803283,5.33946799,0.13133052
2021-07-19,2021-07-19,506.05489216,3.47541525,1159.97604734,7.9663264,97.52254941,0.66975216,5769.16421306,39.62068468,2802.78506188,19.24858767,0.0,0.0,2305.16979032,15.8311329,1920.3181506,13.18810093
2021-07-20,2021-07-20,595.0094813,4.94968259,1420.32502181,11.81520338,98.03294082,0.81550287,3695.24507906,30.73949376,2999.98849065,24.9558894,1.97991079,0.01647021,2907.17012963,24.18376485,303.41334092,2.52399294
2021-07-21,2021-07-21,585.90889882,4.91065038,1296.74695924,10.86836361,95.07281184,0.79682924,3751.22124947,31.43993222,3421.92357897,28.68000532,1.75258015,0.01468882,2757.95586711,23.11512432,20.80907348,0.1744061
2021-07-22,2021-07-22,574.44136539,4.43125323,1161.17855792,8.95735673,91.94863009,0.70929374,5812.27586844,44.83602285,3124.77786445,24.10460462,0.0,0.0,1916.07169857,14.78061889,282.71244266,2.18084995
2021-07-23,2021-07-23,589.77961175,8.02955115,1053.97159327,14.34929023,99.55794472,1.35543107,1400.02060453,19.06057251,2115.9948879,28.80820029,1.01670101,0.01384187,2074.60413223,28.24468609,10.16760445,0.13842679
2021-07-24,2021-07-24,470.29467559,6.56878172,867.75857203,12.12030869,101.07931155,1.41181257,675.30121356,9.43218475,2894.77175456,40.43236033,152.87917608,2.13532066,1937.46240823,27.06126246,59.99472833,0.83796882
2021-07-25,2021-07-25,299.97602707,4.31285654,632.11541345,9.08813654,75.59138116,1.08680279,1731.72694179,24.89762243,2699.89393911,38.81728596,0.0,0.0,1513.66449832,21.76246512,2.42260562,0.03483062
2021-07-26,2021-07-26,684.4462296,2.82326444,1625.21457511,6.70382905,136.02909654,0.56110487,7676.51362577,31.66476343,6780.9970842,27.97085747,0.73790426,0.00304377,4128.52690441,17.0297135,3210.61362101,13.24342348
2021-07-27,2021-07-27,562.09174754,2.68665935,1212.43375825,5.79513309,102.13317673,0.48817129,8127.69884447,38.84838756,5425.43614573,25.93224111,2.74141018,0.01310326,2739.95830246,13.09632211,2749.09269343,13.13998223
2021-07-28,2021-07-28,582.50817347,1.75089612,1254.2019056,3.76986514,103.08091621,0.30983939,6478.69808758,19.47359349,8916.55400843,26.80127176,0.23597693,0.0007093,3090.50934258,9.28941614,12843.35675928,38.60440866
2021-07-29,2021-07-29,537.37887695,3.50234367,1022.2865081,6.66270827,116.37263687,0.75845365,3702.99055907,24.1340814,3150.59034367,20.5338368,1.17963772,0.00768824,6191.53951733,40.353092,621.0698475,4.04779597
2021-07-30,2021-07-30,516.79629429,2.96683449,1041.45144127,5.97878524,95.21268417,0.54659888,8178.94010296,46.95382271,3329.24243779,19.11258148,4.52034101,0.02595046,2203.27890412,12.64862754,2049.67221692,11.7667992
2021-07-31,2021-07-31,429.88018185,7.23154467,767.74639255,12.91520886,98.46594229,1.65641704,707.86978725,11.90795064,2202.87332111,37.05724872,8.88768024,0.14951063,1623.49793599,27.31086088,105.2927124,1.77125856
2021-08-01,2021-08-01,287.81887551,3.44717725,620.43774739,7.43091947,70.26800157,0.84159267,3843.97684791,46.03891772,1653.41541713,19.80278741,0.0,0.0,1569.01610264,18.79194545,304.47450612,3.64666003
2021-08-02,2021-08-02,428.789337,4.05195332,1113.45909449,10.52191341,91.45900748,0.86426503,3123.35394535,29.5149233,3550.0598875,33.54718905,0.03187074,0.00030117,2261.78238599,21.37328488,13.35165449,0.12616984
2021-08-03,2021-08-03,509.55693432,2.66011138,1005.04966327,5.24680143,87.81261364,0.45842048,2593.90933605,13.54134796,3417.91255612,17.8430073,0.00665412,3.474e-05,2190.54000952,11.43558261,9350.6858553,48.81469412
2021-08-04,2021-08-04,517.26569339,5.30859557,1020.29134692,10.47104842,96.56658393,0.99104376,2141.61831992,21.9790055,3825.86130752,39.26405837,0.12241735,0.00125635,2126.68759993,21.82577447,15.51404256,0.15921755
2021-08-05,2021-08-05,491.10523467,3.31920661,1061.81878241,7.17645766,100.96596229,0.68239323,5296.29949392,35.79581533,5356.50724684,36.20273824,0.21191547,0.00143226,2488.94087604,16.82187121,0.0126448,8.546e-05
2021-08-06,2021-08-06,547.69655581,2.12632032,1253.31929542,4.86575689,115.53461659,0.44853962,6399.00385245,24.84282909,4792.14710179,18.60453505,0.00090611,3.52e-06,2594.89027038,10.07413294,10055.35883563,39.03788258
2021-08-07,2021-08-07,427.92073788,3.99810604,927.10583918,8.66204212,106.9609832,0.99934711,3913.525893,36.56446189,2585.51380215,24.15671276,0.01061558,9.918e-05,2482.12135777,23.19070686,259.92702159,2.42852403
2021-08-08,2021-08-08,333.06784427,2.72220537,831.60059822,6.79677624,88.46524438,0.72303756,2364.41929176,19.32469614,6729.27584729,54.99921754,0.0,0.0,1888.3922333,15.43406714,0.0,0.0
2021-08-09,2021-08-09,467.34626618,1.99876701,1106.5383181,4.73249161,104.25119821,0.4458661,4791.60495285,20.4929462,6113.73436121,26.14748724,0.0,0.0,2242.76251956,9.5919451,8555.49044812,36.59049675
2021-08-10,2021-08-10,443.71406058,2.05119039,994.02048018,4.5951333,90.03139266,0.4161949,4686.79939439,21.66602035,7166.01646626,33.12688372,0.06131658,0.00028345,2560.98452625,11.83885594,5690.39947146,26.30543796
2021-08-11,2021-08-11,508.17490147,4.09243589,1170.98755483,9.43020106,102.07258477,0.8220113,2562.14794148,20.63349875,4528.3505943,36.46772881,1.4943147,0.01203402,2408.21715534,19.3938628,1135.97370079,9.14822737
2021-08-12,2021-08-12,425.15808859,4.13553338,924.61350322,8.99376047,87.50948422,0.851209,2402.18674028,23.36618714,3622.52004697,35.23642851,0.0,0.0,2216.04080321,21.55553656,602.58205551,5.86134493
2021-08-13,2021-08-13,453.19290313,4.3212705,944.70680268,9.00793814,105.79975759,1.00881847,3043.22329718,29.01764561,2514.14538703,23.97279881,0.0,0.0,1970.08868887,18.78512676,1456.33528556,13.88640171
2021-08-14,2021-08-14,356.28669182,5.21188074,769.59020738,11.25782263,86.57146146,1.26639626,748.89554743,10.95509423,3172.16602404,46.40350425,0.0166428,0.00024346,1702.52185547,24.90505842,0.0,0.0
2021-08-15,2021-08-15,268.86332626,3.9874511,528.95813703,7.84485833,68.14528231,1.01064725,1516.06793604,22.4844602,2157.42352767,31.99625973,5.00239406,0.07418937,1287.75392375,19.09838679,910.52211174,13.50374722
2021-08-16,2021-08-16,445.88229772,3.4355397,1082.49458062,8.34066103,101.31584398,0.78064235,3677.56760432,28.33579526,5151.4567316,39.69216585,3.53583076,0.02724371,2516.22404111,19.38759989,0.04571232,0.00035222
2021-08-17,2021-08-17,428.4376544,4.80041037,982.90773586,11.01294538,86.45617351,0.9686943,2174.8905724,24.3684633,2677.80055869,30.00329555,0.0,0.0,2295.18313502,25.71627589,279.34560312,3.12991521
2021-08-18,2021-08-18,453.65422929,2.94920864,981.52360102,6.38089033,84.09463614,0.54669969,3152.54750339,20.49472865,2277.22454884,14.80424931,0.00975299,6.34e-05,1860.27517039,12.09365911,6572.90643272,42.73050086
2021-08-19,2021-08-19,424.67080633,4.82678454,948.57919659,10.7814979,89.26771327,1.01461182,1204.22977528,13.68720802,3291.60218933,37.4121657,677.49587785,7.70038011,2077.35752821,23.61112905,85.01034895,0.96622285
2021-08-20,2021-08-20,509.47157235,2.67647586,1133.77786546,5.95622847,111.94338592,0.58808732,5314.75140366,27.92070175,3652.77505638,19.18961682,0.01059158,5.564e-05,2139.32435992,11.23880176,6173.1098908,32.43003239
2021-08-21,2021-08-21,366.19044614,1.05636496,798.39803061,2.30317233,90.82116207,0.26199562,22503.03391329,64.91544697,4851.87392122,13.99640446,1.12674473,0.00325037,2079.10430997,5.99767952,3974.59661549,11.46568577
2021-08-22,2021-08-22,258.80860746,4.8469265,567.73703204,10.63248898,74.18093695,1.38924881,1061.68283247,19.8830275,1857.31309125,34.78346465,0.0,0.0,1235.43553858,23.13704059,284.48569772,5.32780297
2021-08-23,2021-08-23,438.84245245,4.17962091,1235.20053024,11.76429021,106.53271345,1.01463829,2079.97110532,19.81004955,3666.63909113,34.9217842,203.81474812,1.94117132,2705.94550132,25.77195151,62.62933734,0.596494
2021-08-24,2021-08-24,417.41912485,4.16885848,917.8845504,9.167119,82.65091862,0.82545327,2302.6653275,22.99723541,3620.64531589,36.16019734,75.01127723,0.74915446,2334.6325326,23.31649906,261.88286729,2.61548297
2021-08-25,2021-08-25,442.96160084,4.05791015,1108.74831692,10.15709047,88.26992141,0.80862858,1809.56231911,16.57715092,3901.22315136,35.73856742,137.31724251,1.25794433,2925.52615515,26.80034176,502.39445868,4.60236637
2021-08-26,2021-08-26,383.24364408,2.64485944,939.15743621,6.48135839,78.13083347,0.53920026,5922.31044877,40.8713332,4373.08090859,30.17971592,603.48041731,4.16476803,2043.53383271,14.1029338,147.19525683,1.01583097
2021-08-27,2021-08-27,426.61654105,4.4048838,962.29919616,9.93589262,98.18934062,1.0138206,3053.12326646,31.52398447,2970.6080756,30.67200197,226.94627231,2.34325644,1787.29782398,18.45413497,159.99996283,1.65202512
2021-08-28,2021-08-28,315.91817398,4.78683253,668.73550296,10.13276578,91.71387927,1.38966042,2274.2921672,34.46036547,1530.1813344,23.18550307,333.96763545,5.06032028,1384.91838655,20.98446032,0.006081,9.214e-05
2021-08-29,2021-08-29,228.81940655,4.51053918,605.50254573,11.93580124,61.16510438,1.20570018,554.99745589,10.94023364,1890.36664866,37.26332902,215.07815861,4.23966863,1277.29898605,25.17840251,239.76624018,4.72632561
2021-08-30,2021-08-30,375.85631883,3.62057531,954.25171781,9.19218337,82.16797956,0.79151352,2783.51637093,26.81325318,3149.18475691,30.33568944,121.55294387,1.17090379,1935.51514129,18.64456701,979.07619781,9.43131438
2021-08-31,2021-08-31,442.47634344,3.44376019,1088.8537769,8.47446728,90.27898112,0.70263454,3896.90308001,30.32930439,3540.57824797,27.55605495,229.80436083,1.7885501,2339.11341509,18.20514427,1220.63161099,9.50008428
2021-09-01,2021-09-01,674.09849695,3.92849486,1481.67374947,8.63486232,146.46019,0.85353714,2956.0305395,17.22708303,3777.07272162,22.01193273,26.5620414,0.15479762,2871.4600224,16.73422503,5225.84750793,30.45506727
2021-09-02,2021-09-02,566.29370983,4.81203617,1310.29854622,11.13415864,123.75258109,1.05157781,2844.49941562,24.17090962,3423.25138654,29.08880888,301.68286766,2.56352639,3106.18495939,26.3945619,92.3127819,0.78442059
2021-09-03,2021-09-03,519.25901656,4.65961914,1155.15435204,10.36588514,123.6842734,1.10989234,2301.50506733,20.65277003,3556.44010792,31.91404647,101.85695267,0.91402285,3190.86154714,28.63349321,195.04682249,1.75027082
2021-09-04,2021-09-04,366.87489029,4.98360917,702.78898774,9.54664857,94.62843939,1.28542773,861.71008997,11.70542445,2129.78258209,28.93085435,0.0,0.0,1635.41877159,22.2154424,1570.4266856,21.33259333
2021-09-05,2021-09-05,296.49430875,5.2904881,678.15364371,12.10061601,84.72076718,1.51171269,444.28466282,7.92758124,2377.74618291,42.42724905,43.42182,0.77479606,1496.02369215,26.69425788,183.44517448,3.27329896
2021-09-06,2021-09-06,439.61500381,4.73386416,1057.32330809,11.38547335,111.82789204,1.20418558,2298.7384029,24.75328466,3153.12891945,33.95353626,0.137373,0.00147926,2070.08867663,22.29113771,155.73989631,1.67703901
2021-09-07,2021-09-07,607.83318288,2.64894713,1635.3888414,7.12705179,119.9748417,0.52285236,6149.18069453,26.79823182,8238.69588273,35.90437379,0.0,0.0,4109.04352657,17.90728008,2086.10103434,9.09126303
2021-09-08,2021-09-08,537.8511865,3.32630121,1087.65621571,6.72653007,98.04064853,0.6063252,5525.88969384,34.17445943,6079.47017734,37.59803732,0.43479453,0.00268895,2710.06365687,16.76018987,130.24132985,0.80546795
2021-09-09,2021-09-09,437.78191234,2.94563501,1010.51222166,6.79927629,95.71789814,0.64404212,5379.16483452,36.19394909,4760.16451633,32.02897801,42.05675852,0.28298076,2803.32011485,18.86226369,333.33733417,2.24287503
2021-09-10,2021-09-10,459.00436727,2.93086611,1131.91450954,7.22757801,101.37888513,0.6473314,4008.0177536,25.59226933,6242.50656172,39.86008023,96.28767845,0.61482268,3106.51786077,19.8359505,515.42104667,3.29110175
2021-09-11,2021-09-11,363.39856006,4.78443951,676.26345705,8.90356198,78.63636183,1.03531207,2026.87895869,26.68552062,2405.61874466,31.67193993,0.02103691,0.00027697,1244.60883453,16.3862941,799.99999824,10.53265483
2021-09-12,2021-09-12,237.29597457,4.37861214,543.57835767,10.03016928,67.60502444,1.24745555,1088.54701899,20.0859926,2032.6416095,37.50653266,5.0,0.09226056,1444.76555122,26.65897721,0.0,0.0
2021-09-13,2021-09-13,399.78035746,2.95019903,1051.09134666,7.75658087,87.97710425,0.64923142,4170.24633801,30.77454027,4066.57922518,30.00952365,6.07191974,0.04480803,2357.54459847,17.39761762,1411.67137229,10.4174991
2021-09-14,2021-09-14,447.49094203,4.10221248,986.66901238,9.04493377,96.49000721,0.88453748,3211.4277188,29.43961011,3798.63169546,34.82259165,8.61573886,0.07898169,2200.35832949,20.17099465,158.84321938,1.45613816
2021-09-15,2021-09-15,438.02248952,4.73859575,1031.2832266,11.15658311,99.85976368,1.08029853,2101.8675931,22.7383321,2673.3017973,28.92019662,0.13913717,0.00150521,2682.61490056,29.02094723,216.63039329,2.34354145
2021-09-16,2021-09-16,437.5256927,3.94240627,908.63303907,8.18740625,98.53345046,0.8878539,5096.05646529,45.91896039,2629.1927918,23.69082849,56.41463686,0.50833453,1652.59089355,14.89097625,218.98822257,1.97323393
2021-09-17,2021-09-17,482.84550852,4.68219453,975.85658631,9.46296547,102.14982163,0.99055563,2832.07774872,27.46290214,3833.05524665,37.16946725,62.53360662,0.60639378,2023.21410089,19.6192816,0.6434512,0.0062396
2021-09-18,2021-09-18,331.53538885,4.90039576,628.98918982,9.29703453,79.22403235,1.17100353,2076.4094046,30.6912269,1783.38009579,26.35998616,7.66820413,0.11334306,1357.62579963,20.06694892,500.64979763,7.40006114
2021-09-19,2021-09-19,244.61783884,4.43335915,690.7511607,12.518907,65.10528364,1.17994299,1382.38248984,25.05376584,1756.59076336,31.83577193,0.84678061,0.01534672,1369.37614164,24.81804382,7.99302784,0.14486255
2021-09-20,2021-09-20,411.18146671,2.89441955,1220.73370356,8.59308063,102.31510051,0.72022416,3760.52573563,26.471376,5358.10023533,37.71714275,0.20096745,0.00141467,3112.9957396,21.91323408,239.95483674,1.68910816
2021-09-21,2021-09-21,369.89892332,3.0501628,932.27466515,7.68747709,74.49408728,0.61427347,4722.15871816,38.93861791,3608.58736504,29.75617996,1.05751111,0.00872017,2369.71640122,19.54052945,48.99858036,0.40403915
2021-09-22,2021-09-22,420.50676396,3.95322639,1099.48588044,10.33637737,91.1360896,0.85677955,3220.91949487,30.2801882,3573.91234749,33.59870952,0.24464119,0.0022999,2210.97865579,20.78563277,19.86855554,0.18678629
2021-09-23,2021-09-23,417.41855439,3.88474237,875.62257591,8.14905827,81.28908088,0.75652396,3725.10655172,34.6680307,3767.37208016,35.06137854,0.02523916,0.00023489,1718.23394111,15.99089481,160.00885791,1.48913646
2021-09-24,2021-09-24,391.07252532,2.82078492,945.74623879,6.82161635,91.60505272,0.66074228,2908.31299427,20.97750396,5492.90683142,39.62003919,825.78735136,5.9563594,3189.90416672,23.00860582,18.62596647,0.13434809
2021-09-25,2021-09-25,280.47104748,5.69930105,521.02452763,10.58745872,66.52262157,1.35177035,1133.72785646,23.03787296,1735.85094775,35.2732919,0.10466022,0.00212674,1166.83051906,23.71053433,16.61595905,0.33764395
2021-09-26,2021-09-26,249.37443692,2.85226458,736.93253886,8.42879728,74.28790569,0.84968116,1783.09458168,20.39446214,2859.49707296,32.70600752,0.0,0.0,1634.63570135,18.69643723,1405.2108932,16.07235009
2021-09-27,2021-09-27,359.48435036,4.3490626,916.29862752,11.08543414,82.49712134,0.99805498,1633.07252618,19.7570065,2127.30042567,25.73620441,805.02829509,9.73927918,1606.97136627,19.44123315,735.13657067,8.89372503
2021-09-28,2021-09-28,377.31304346,3.38335106,867.80841967,7.7816036,79.696699,0.71463713,3076.55144812,27.58731453,3764.53734024,33.75645667,0.0,0.0,1595.49969408,14.30678233,1390.64458097,12.46985467
2021-09-29,2021-09-29,369.42107904,2.33759428,794.24671116,5.02577322,91.57206199,0.57944265,2228.83858103,14.10347326,3211.18359163,20.31948042,450.56100342,2.85102525,1676.10259868,10.60591304,6981.54732365,44.1772979
2021-09-30,2021-09-30,503.86769649,4.183325,1014.25835847,8.42080644,109.85128371,0.91203231,3627.31720855,30.11553797,2477.30933456,20.56768103,126.35248948,1.04903238,2257.29162137,18.74099993,1928.42214351,16.01058495
2021-10-01,2021-10-01,517.0899049,5.79359603,1085.99323188,12.16772173,120.61669427,1.3514176,1503.74367121,16.84829519,2578.71787677,28.89255718,30.94986779,0.34676955,2536.3470582,28.41782464,551.73949096,6.18181808
2021-10-02,2021-10-02,405.58419069,6.04555956,746.37707113,11.12535237,108.21968792,1.61310175,1585.42740503,23.63207448,1632.1065522,24.32786483,25.00921124,0.37278247,1333.72868855,19.88030206,872.34208267,13.00296249
2021-10-03,2021-10-03,269.35047912,3.60526743,523.86675278,7.01197841,72.87101568,0.97538159,1527.59567372,20.44693201,1821.2610231,24.377655,0.0,0.0,1223.22620014,16.37293387,2032.85518382,27.20985169
2021-10-04,2021-10-04,359.80352335,4.76882385,886.94496151,11.75553882,81.85624828,1.08491997,1241.69055492,16.45732504,2051.89318489,27.19572357,252.38193088,3.34506166,1888.26437473,25.0269928,782.0763898,10.36561428
2021-10-05,2021-10-05,529.77601378,4.16383119,1302.38827248,10.2362598,126.318462,0.99281345,3240.19839754,25.46668554,3480.81080378,27.35780446,0.40007474,0.00314443,2549.8669005,20.04095137,1493.52378229,11.73850976
2021-10-06,2021-10-06,493.85012315,3.18050344,1218.7148251,7.84879159,118.19554625,0.76120532,3686.35055454,23.74090857,4579.66327633,29.49403903,0.08075438,0.00052008,3088.80161701,19.89256196,2341.76316987,15.08147001
2021-10-07,2021-10-07,977.09311495,8.90390932,1275.57690995,11.62388821,134.71271929,1.2275901,1973.60720301,17.98479521,3276.99265717,29.862093,0.13586005,0.00123805,2796.11635048,25.48003466,539.51929371,4.91645146
2021-10-08,2021-10-08,475.83655565,5.02589782,978.62002585,10.3364153,100.34180126,1.05983375,2359.36480083,24.92016696,3243.11356128,34.2545296,0.50677979,0.00535273,2263.16727924,23.90410607,46.74178683,0.49369777
2021-10-09,2021-10-09,336.65645922,4.62073233,579.65244755,7.95594063,87.79705277,1.20504648,3300.78946432,45.30453572,1723.60785787,23.65714463,17.00301447,0.23337256,1209.8173697,16.60518334,30.4577955,0.41804432
2021-10-10,2021-10-10,235.80779389,3.68632884,631.047005,9.86501223,74.98236234,1.17218197,1976.19190362,30.89335207,2248.58046115,35.15153954,0.03956744,0.00061855,1204.56622651,18.8307059,25.60396665,0.4002609
2021-10-11,2021-10-11,850.57261037,6.45475653,961.532547,7.29680031,109.41378008,0.83031043,4745.8956679,36.01526863,4091.42428972,31.04866924,0.0,0.0,2225.18527484,16.88630577,193.43041821,1.46788909
2021-10-12,2021-10-12,391.62744281,3.88795753,865.58010206,8.59321465,98.69607251,0.97982444,3593.67484654,35.67690531,2914.67091424,28.93596184,0.35323677,0.00350683,2058.95695347,20.44069522,149.27274593,1.48193419
2021-10-13,2021-10-13,398.91845029,3.65950642,930.65806576,8.53745714,96.52235767,0.88545463,3453.76831937,31.68338628,3917.34290956,35.93602034,3.00250953,0.02754373,2081.66570768,19.09630659,19.00294721,0.17432487
2021-10-14,2021-10-14,398.30297625,4.15466324,810.28373078,8.45199819,99.02787105,1.032951,3006.70271629,31.36265107,3261.21054392,34.01739979,0.38601001,0.00402644,2010.96897122,20.97624012,0.00672547,7.015e-05
2021-10-15,2021-10-15,493.61637548,2.73530861,1167.5959827,6.47007576,138.50155161,0.76748768,5900.95942687,32.6993713,6506.48305796,36.05479888,0.47450002,0.00262938,3338.44262876,18.49952985,500.02092137,2.77079854
2021-10-16,2021-10-16,368.02882714,2.79919306,769.53405951,5.85300454,113.63801648,0.86432019,5400.37249943,41.07473134,3058.39143774,23.26184104,0.19285793,0.00146686,1932.89567607,14.70142488,1504.62239424,11.4440181
2021-10-17,2021-10-17,226.96294043,3.79148541,559.1781127,9.34124157,68.41692804,1.14292573,2000.79582709,33.42390685,1705.36321632,28.48861464,0.0,0.0,1321.83424238,22.08164571,103.57068992,1.73018008
2021-10-18,2021-10-18,379.09228701,3.57645423,957.32470422,9.03164771,99.16817259,0.93557807,3263.28340263,30.78665573,3853.65027349,36.35632877,2.19576069,0.02071537,2001.00472674,18.87799373,43.94902143,0.41462638
2021-10-19,2021-10-19,389.62510947,1.44309403,978.77329386,3.6251819,103.8540083,0.38465462,6949.36048698,25.73905115,6650.66683702,24.63274919,6749.0372781,24.99709376,2124.10832791,7.86727541,3053.86242215,11.31089994
2021-10-20,2021-10-20,413.68520242,2.95262916,1047.70221006,7.47785051,100.71000247,0.71880572,3313.10183795,23.64687219,5946.77473874,42.44440077,0.3273092,0.00233613,3102.73792513,22.14542466,85.70101597,0.61168086
2021-10-21,2021-10-21,430.6805325,2.23794376,1010.0665925,5.24860554,109.01814892,0.56649063,8469.16418829,44.00828857,5287.98841421,27.4779559,0.16054902,0.00083426,2308.47633187,11.99552758,1628.92046299,8.46435377
2021-10-22,2021-10-22,376.29115251,4.35636097,754.02206432,8.72939018,89.83878717,1.04007278,1935.31630333,22.40535381,3008.43324244,34.82893783,0.0,0.0,1739.43899055,20.13766222,734.39988563,8.50222222
2021-10-23,2021-10-23,500.24070544,7.6845722,477.31638012,7.33241447,64.81887367,0.99573127,1969.94864345,30.26185679,1482.74328323,22.77753029,0.2517905,0.00386794,1013.35571142,15.56691618,1001.0,15.37711084
2021-10-24,2021-10-24,190.36532446,2.98580571,451.39023412,7.0798794,70.17610577,1.10068479,3082.98635861,48.35543608,1520.07666256,23.84180835,0.18412006,0.00288785,1060.49807484,16.63349782,0.0,0.0
2021-10-25,2021-10-25,350.53632707,5.10393058,739.23903702,10.76357694,94.10726041,1.37023437,1710.04764797,24.89888725,1777.16574102,25.87614998,0.75477713,0.01098982,1730.27250099,25.19336813,465.84486504,6.78286291
2021-10-26,2021-10-26,338.00228449,2.92119671,789.42800497,6.82265948,87.69112433,0.75787365,4655.73907633,40.23738981,2997.27391852,25.90404596,0.0098198,8.487e-05,1879.97169728,16.24772196,822.56273551,7.10902757
2021-10-27,2021-10-27,387.97549032,2.80371414,899.97575641,6.50369628,98.39513902,0.71105482,4612.73953042,33.33407229,5393.29998563,38.97481105,0.0,0.0,2444.37565123,17.66433897,1.15026878,0.00831244
2021-10-28,2021-10-28,401.66095146,2.13395506,815.42853202,4.33223054,90.56275487,0.48114423,7612.42621742,40.4435018,4970.86099838,26.40932339,0.0,0.0,2379.42561014,12.64147608,2552.00658436,13.5583689
2021-10-29,2021-10-29,330.5768016,2.74019393,755.19801608,6.25993418,100.58084041,0.83372761,2301.59476781,19.07821715,5870.45505616,48.66096235,0.74419325,0.00616871,2218.37503514,18.38839801,486.46821585,4.03239805
2021-10-30,2021-10-30,251.26556178,2.74294982,500.41477717,5.46279647,80.5570096,0.87940358,3727.09792369,40.68700272,3060.22605822,33.40707126,0.07054812,0.00077014,1533.62297067,16.74185204,7.15922614,0.07815396
2021-10-31,2021-10-31,184.32814511,2.80606536,510.61793088,7.77324205,62.06912064,0.94489102,1254.97266854,19.10470769,3253.82958911,49.53371874,0.0,0.0,1278.63145105,19.46487022,24.4695445,0.37250492
2021-11-01,2021-11-01,347.52299158,3.44289948,781.31084821,7.7404223,97.4272824,0.96520906,2726.68132361,27.01314715,3777.19236712,37.42052741,0.18271272,0.00181013,1982.60308137,19.64158712,380.98407087,3.77439735
2021-11-02,2021-11-02,364.51934175,2.16947518,846.01724317,5.03516054,94.46796689,0.56223603,5598.30995162,33.3189301,2827.071785,16.82561487,0.18569795,0.0011052,1927.36886353,11.47093837,5144.24918329,30.61653971
2021-11-03,2021-11-03,341.81004281,3.44259544,773.35951734,7.78901615,88.87156868,0.89508446,2931.45069639,29.52458244,3273.04769265,32.96503214,0.0,0.0,1730.3539166,17.42754088,789.95383263,7.9561485
2021-11-04,2021-11-04,320.53015229,2.95922231,728.52766409,6.72596727,85.49400141,0.78930408,3081.59789204,28.45015721,4488.46328577,41.43872451,0.0989677,0.0009137,1980.05637641,18.28042371,146.79884568,1.35528722
2021-11-05,2021-11-05,322.79136767,3.38764301,745.40588457,7.82291376,91.29895774,0.95816774,3219.36043118,33.78666515,3046.09004516,31.96822058,10.92389767,0.11464453,1708.34363797,17.92878918,384.27998358,4.03295605
2021-11-06,2021-11-06,232.36277349,4.1228813,488.07840657,8.66011928,75.36850317,1.33728561,1679.00492273,29.79108011,1962.31538783,34.81794134,0.74240887,0.01317278,1196.19737413,21.22448321,1.86190732,0.03303637
2021-11-07,2021-11-07,207.76660856,3.78481206,438.68489683,7.99137022,65.19129681,1.18756719,942.59322875,17.17089308,2081.09484527,37.91058115,0.02921082,0.00053212,1252.63248789,22.81877046,501.49026147,9.13547371
2021-11-08,2021-11-08,517.03684974,3.15004227,1072.25304142,6.53269183,114.16331575,0.69553896,3164.38651718,19.27899587,7145.48833386,43.53382223,1.0863448,0.00661855,2523.8699776,15.37665472,1875.36360145,11.42563557
2021-11-09,2021-11-09,436.6166598,3.41344182,1003.70359466,7.84689212,117.11216106,0.91557557,3698.82923902,28.91721634,4854.89831174,37.95529226,1.85833637,0.01452836,2604.62526469,20.3627979,73.45359469,0.57425562
2021-11-10,2021-11-10,339.52650706,3.33186606,922.81988483,9.0558828,94.12150003,0.92363991,2003.87985156,19.6646186,4457.65224118,43.74415518,0.00788253,7.735e-05,2287.75880716,22.45040009,84.51411384,0.82936001
2021-11-11,2021-11-11,289.85640721,3.4256411,801.76335671,9.47556596,81.13326889,0.95886602,2141.32480749,25.30704888,3442.15811356,40.68082681,0.03497888,0.00041339,1542.46723275,18.22950611,162.63881123,1.92213172
2021-11-12,2021-11-12,262.63284071,3.14597243,635.44002962,7.61167876,79.60075137,0.95350516,1198.92088751,14.36138774,4545.7944805,54.45223101,3.90521882,0.04677903,1580.30022275,18.92977634,41.63005188,0.49866953
2021-11-13,2021-11-13,226.11512918,7.78136931,387.56573311,13.33741848,67.85564231,2.33513704,403.64147423,13.89063789,1004.16908802,34.55677891,0.0,0.0,814.37618514,28.02537751,2.12943364,0.07328085
2021-11-14,2021-11-14,183.83626485,3.46825658,360.12036846,6.79403402,61.00283765,1.15088007,2576.52499962,48.60874318,1219.13289209,23.00017181,0.01986106,0.0003747,892.70857049,16.8418477,7.19240347,0.13569195
2021-11-15,2021-11-15,325.89195923,3.21732187,718.99195428,7.09814549,97.941595,0.96691442,5065.99559453,50.01331876,2441.54512982,24.10380597,0.1028831,0.0010157,1477.05919553,14.58205618,1.76468548,0.01742161
2021-11-16,2021-11-16,324.35579403,1.86283338,822.87339316,4.72590918,84.60011331,0.48587359,7758.7335075,44.5597952,3699.07770726,21.24446534,0.65209487,0.0037451,2458.28264239,14.1183572,2263.38427842,12.99902101
2021-11-17,2021-11-17,310.02005913,2.33627471,715.63110031,5.39291181,84.530018,0.63700827,6610.69642888,49.81743083,2609.53419402,19.66514279,0.58159612,0.00438284,1943.59071233,14.64667103,995.26204614,7.50017773
2021-11-18,2021-11-18,325.84922123,1.11217841,764.95172955,2.6109094,82.92411607,0.28303401,6998.12314828,23.88577581,5139.74702277,17.54282434,0.05295927,0.00018076,2031.2862138,6.93312279,13955.35258734,47.63197448
2021-11-19,2021-11-19,295.19935564,1.50426599,682.27283087,3.47670072,84.77469004,0.43199174,6413.57394522,32.6820535,2609.58444792,13.29782416,2941.54766532,14.98943007,1692.59621747,8.62506936,4904.59700377,24.99266447
2021-11-20,2021-11-20,241.16715055,2.23252947,455.60763622,4.2176452,82.13865763,0.76037293,2399.51566225,22.21276577,1674.32159725,15.49950853,0.02799598,0.00025916,977.41754808,9.04813725,4972.22109601,46.02878169
2021-11-21,2021-11-21,179.47448534,1.90109854,387.89963103,4.10885937,67.42248114,0.71417829,3171.83922257,33.59797298,1647.60722786,17.45241774,8.04393361,0.08520604,1070.43906755,11.3387156,2907.8411667,30.80155143
2021-11-22,2021-11-22,306.52295634,2.73565985,655.69273448,5.85193458,83.30144161,0.74344973,5325.17931879,47.5262259,3495.93852039,31.20059511,0.4077152,0.00363878,1331.68978216,11.88508135,5.98496532,0.05341469
2021-11-23,2021-11-23,282.04445706,2.45638849,689.71982122,6.00692474,85.41420463,0.74389148,2702.59155653,23.53747651,4448.04016546,38.73898023,0.00926187,8.066e-05,1699.83225595,14.80422067,1574.426893,13.71203722
2021-11-24,2021-11-24,401.49039448,4.08988378,788.33946325,8.03061998,86.27284394,0.87884022,3753.538691,38.23637433,2723.60710224,27.74471486,1.61423397,0.0164438,1747.87746576,17.80519733,313.92981275,3.1979257
2021-11-25,2021-11-25,287.55811791,3.03282696,693.41115251,7.31329046,87.71422312,0.92510712,4307.04006613,45.42562505,2228.51631819,23.50378569,1.82973848,0.01929794,1856.14118016,19.57640793,19.30995582,0.20365885
2021-11-26,2021-11-26,314.79325717,1.04322867,767.05245199,2.54202111,80.38149561,0.26638525,7045.12344988,23.3476244,4458.82607536,14.77660359,0.0,0.0,2387.56709897,7.91242627,15121.16103223,50.11171071
2021-11-27,2021-11-27,207.29416891,2.577562,444.21955703,5.52356807,65.76817708,0.81778255,2792.32244722,34.7206305,3051.44842223,37.94268576,0.12679625,0.00157663,1286.97576779,16.00266836,194.10198231,2.41352614
2021-11-28,2021-11-28,183.86996486,3.67376121,466.89552818,9.32867248,63.9529568,1.27779375,715.57790923,14.29739962,1349.22137641,26.95773157,0.0,0.0,1425.41433171,28.48008311,800.01937981,15.98455826
2021-11-29,2021-11-29,320.10747942,3.10972584,762.02964302,7.40283632,92.02298459,0.89396928,1695.52085439,16.4713584,3438.30836964,33.40189495,0.01864199,0.0001811,1925.45125961,18.7050473,2060.29318751,20.01498679
2021-11-30,2021-11-30,319.55825021,3.35134758,706.30600459,7.40734098,81.87892363,0.8587002,2237.46185271,23.46524419,3044.85609871,31.93274191,0.00925387,9.705e-05,1751.77882574,18.37167318,1393.36736423,14.61285492
2021-12-01,2021-12-01,335.60304203,2.79370647,812.97931845,6.76759535,98.37976141,0.81895615,3578.31692571,29.78747481,3443.66748487,28.66659399,0.06169826,0.0005136,2243.63475584,18.6769968,1500.18102246,12.48816283
2021-12-02,2021-12-02,393.13444775,4.00806438,791.78575227,8.07237394,98.27194524,1.00189715,4281.01736431,43.6456111,2457.57083514,25.05530153,0.0,0.0,1761.47225257,17.95847257,25.33355118,0.25827934
2021-12-03,2021-12-03,303.0727674,2.78713974,748.26860533,6.88128197,88.48357461,0.81371906,4013.05670051,36.9051628,3663.42268288,33.68983312,0.0,0.0,1731.5294641,15.92361672,326.13720503,2.9992466
2021-12-04,2021-12-04,348.65408017,2.07853756,1097.12187776,6.54060619,83.29897373,0.4965955,3687.73959643,21.98484318,7126.73577114,42.48677658,0.10751233,0.00064095,3802.18723582,22.66713469,628.16405441,3.74486535
2021-12-05,2021-12-05,205.36160202,1.76536057,536.31072821,4.61031567,69.69368498,0.59911143,4355.05856946,37.43761535,4524.28781653,38.89236948,0.24486592,0.00210495,1520.88665809,13.07407668,420.99788108,3.61904587
2021-12-06,2021-12-06,369.38343582,1.66261214,966.46186317,4.3500901,81.27479971,0.36582168,7305.72863825,32.88342671,9306.97535652,41.8911319,0.21240918,0.00095606,2764.04781839,12.44110866,1422.96958722,6.40485275
2021-12-07,2021-12-07,316.28337296,3.28295782,754.72435794,7.83388709,83.40389702,0.86571568,2643.84826733,27.44261345,3755.46349047,38.98095597,0.00097555,1.013e-05,1842.46670111,19.12443392,237.90691416,2.46942594
2021-12-08,2021-12-08,316.79747363,3.99405393,777.95521298,9.80814348,83.55416294,1.05341696,2419.85621265,30.50856469,2123.90681989,26.7773549,1.02772047,0.01295708,1653.52310795,20.84694803,555.10677946,6.99856091
2021-12-09,2021-12-09,364.58627682,3.39748687,862.51426133,8.03755122,93.18090058,0.86832913,3912.64011978,36.46089901,3438.28379208,32.04049293,0.04996911,0.00046565,2028.77845294,18.90567086,31.02395194,0.28910432
2021-12-10,2021-12-10,288.22676134,3.58481461,757.15994262,9.41716172,81.23116813,1.01031104,1850.31102982,23.0132066,3055.70007091,38.00520881,107.00733489,1.3309016,1800.23532994,22.39039108,100.34223487,1.24800455
2021-12-11,2021-12-11,226.47128953,1.64689708,436.77758691,3.17624248,66.15973594,0.48111297,1625.90904819,11.82359522,1769.40193299,12.86707412,0.0,0.0,1319.02750228,9.59195552,8307.64592804,60.41312261
2021-12-12,2021-12-12,189.28247818,5.17084129,454.61196106,12.4191437,59.94939948,1.63770484,648.6671243,17.72036577,1247.91960091,34.0908163,0.14776653,0.0040367,1059.9957955,28.9570914,0.0,0.0
2021-12-13,2021-12-13,306.11634567,3.46345924,784.64870551,8.87766645,80.62125109,0.91216435,2535.70106627,28.68940982,3083.92223793,34.89208966,0.0,0.0,1551.76705789,17.55699111,495.68004059,5.60821937
2021-12-14,2021-12-14,299.47627593,2.85108426,748.62230563,7.12705962,72.68657403,0.6919932,3506.77371061,33.38530673,3933.1173906,37.44419838,0.19652008,0.00187092,1943.04875699,18.49827907,0.02182818,0.00020781
2021-12-15,2021-12-15,308.09019478,3.35701388,776.46872987,8.46056237,78.26576029,0.85279976,3467.58299492,37.78349476,2321.07213862,25.29087757,0.05136536,0.00055969,1920.11046146,20.92191699,305.86566784,3.33277498
2021-12-16,2021-12-16,266.33954404,3.69792903,591.45898457,8.21197377,69.58201333,0.96609517,2164.48665319,30.05230808,2598.32020231,36.0757684,0.00819967,0.00011385,1502.12868916,20.85595403,10.07310504,0.13985767
2021-12-17,2021-12-17,378.47430037,3.46387867,840.425031,7.69175168,99.44972213,0.91018537,4054.3009119,37.10583895,3443.65812317,31.51710406,0.0,0.0,2081.16231756,19.04724772,28.84476784,0.26399355
2021-12-18,2021-12-18,250.30600515,1.44096743,474.26727173,2.73027285,70.87379845,0.40800793,4577.75474888,26.35332493,1981.89441061,11.4094158,0.0,0.0,1215.59521059,6.99796676,8799.99996102,50.6600443
2021-12-19,2021-12-19,169.99956686,4.04711273,369.37115034,8.79347349,56.28559162,1.33996891,589.48458334,14.03362729,1944.77567297,46.29850844,0.09980752,0.00237608,1050.49837049,25.00880094,20.0,0.47613212
2021-12-20,2021-12-20,351.83492025,6.23235217,705.36499491,12.49473206,71.68305338,1.26978309,579.48488458,10.26491025,2373.99189161,42.05254415,0.00820767,0.00014539,1521.81160372,26.95714753,41.11953254,0.72838537
2021-12-21,2021-12-21,467.14796818,5.82011991,725.28004913,9.03614517,82.77172658,1.03123936,2332.88478813,29.06502892,2147.65308463,26.75725751,0.0,0.0,1970.67843609,24.5523594,300.01596698,3.73784972
2021-12-22,2021-12-22,300.16187266,5.10985388,699.9299394,11.91536981,80.61502806,1.37236289,989.44477962,16.84397221,1994.95561205,33.96144746,0.00820767,0.00013972,1809.0580959,30.79679122,0.00368978,6.281e-05
2021-12-23,2021-12-23,296.14705703,4.08196682,686.72826353,9.46557434,81.85434329,1.12824593,2098.90886543,28.93047943,2003.68889654,27.61800732,0.0,0.0,2087.18190776,28.76883996,0.49959452,0.0068862
2021-12-24,2021-12-24,351.4148533,4.39236979,729.98850998,9.12420021,130.41925485,1.63012346,1785.15860867,22.31287799,2237.42563901,27.96580934,0.50010303,0.00625084,2265.4222643,28.31574199,500.24608337,6.25262639
2021-12-25,2021-12-25,464.52355761,2.51351632,704.76180296,3.81343478,95.30524114,0.51569242,5393.40756498,29.18348856,2196.03464122,11.88264582,9.79e-05,5.3e-07,1600.85654283,8.66216359,8026.13468632,43.42905798
2021-12-26,2021-12-26,202.43961877,4.66316123,313.86813416,7.2298976,63.90056244,1.47193828,283.82621765,6.5378873,1564.93107482,36.04791372,0.01145514,0.00026387,947.87703369,21.83418176,964.39873385,22.21475624
2021-12-27,2021-12-27,294.02791283,2.24242592,651.34002146,4.9674935,84.13437947,0.64165715,5831.78179011,44.47652097,2614.45063383,19.93930374,0.00821567,6.266e-05,1724.85198841,13.15471298,1911.45083524,14.57782308
2021-12-28,2021-12-28,305.6825597,2.02474891,650.61247503,4.30946044,81.9130356,0.5425672,6316.64400483,41.83954121,4276.76937481,28.32802804,0.13392301,0.00088707,3455.58834448,22.88877303,9.96333218,0.0659941
2021-12-29,2021-12-29,303.51389714,4.51382528,678.84357582,10.09568695,85.36013957,1.2694666,1535.07387608,22.82944974,2230.58071465,33.17295091,0.0,0.0,1702.24459485,25.31559428,188.47814606,2.80302625
2021-12-30,2021-12-30,277.40375997,4.57468192,642.17266331,10.59010762,72.08892743,1.18882279,1522.49502786,25.10755615,2001.7551483,33.01106333,0.0,0.0,1503.76820997,24.79873108,44.20802137,0.72903711
2021-12-31,2021-12-31,314.51701887,2.93748332,581.18455062,5.4280685,92.01163282,0.85935775,4206.05189635,39.283112,2952.81732403,27.57832202,0.0,0.0,1746.54597327,16.31215277,813.89475622,7.60150365
2022-01-01,2022-01-01,215.01407181,6.45945727,335.89086376,10.0908404,67.07162834,2.01496727,790.99969897,23.76322961,1122.22941154,33.71403961,0.0040251,0.00012092,797.46115796,23.9573449,0.0,0.0
2022-01-02,2022-01-02,201.25956706,5.5907365,359.33042636,9.98174526,58.13302268,1.61486192,1470.97296822,40.86177061,818.37106253,22.73331418,0.0,0.0,691.80339862,19.21742438,0.00529707,0.00014715
2022-01-03,2022-01-03,269.36220679,6.53098838,526.2213797,12.7588267,72.19479203,1.75044359,1175.31073503,28.49672509,1074.35360963,26.04890651,0.0,0.0,1006.42106068,24.40180578,0.50746058,0.01230395
2022-01-04,2022-01-04,305.75809223,2.10256966,672.12712361,4.62193524,83.48906625,0.57411916,6797.9620659,46.7467229,4188.40896226,28.80192494,0.04311769,0.0002965,1505.08439308,10.34983167,989.24188583,6.80259994
2022-01-05,2022-01-05,316.00229069,3.6525676,780.09495844,9.01686366,84.82802045,0.98049947,1847.13033651,21.35037821,3479.04467518,40.21314476,0.08069836,0.00093277,2072.52414108,23.95563181,71.80596065,0.82998172
2022-01-06,2022-01-06,340.27614853,1.96592473,880.30697362,5.08591995,85.73042437,0.49530231,6669.52719754,38.53278736,3525.01612802,20.36556609,0.0,0.0,2887.59916785,16.6829284,2920.25078896,16.87157116
2022-01-07,2022-01-07,329.49997787,3.16417251,866.12286403,8.3173364,87.69462492,0.84212728,2740.84696575,26.32022219,3684.46690639,35.38175931,0.0,0.0,2296.38497004,22.05207493,408.44808212,3.92230738
2022-01-08,2022-01-08,264.60723778,4.60311094,572.35880066,9.95676112,72.935742,1.26879111,1506.18047999,26.20153517,1652.4309305,28.74570991,0.0,0.0,1679.93044007,29.22409174,0.0,0.0
2022-01-09,2022-01-09,210.94647924,4.39807554,463.59197652,9.66554426,63.9617109,1.3335536,1277.24114138,26.62951779,1445.29356648,30.13328454,0.0,0.0,1267.80109926,26.43270001,67.5,1.40732427
2022-01-10,2022-01-10,327.99490452,3.1870849,770.70752367,7.4888673,76.62973912,0.74460146,2329.63527559,22.63677063,3508.62117363,34.09282713,22.31810136,0.21686216,2078.31603231,20.1947334,1177.15367376,11.43825301
2022-01-11,2022-01-11,324.42121978,2.93405919,818.01492289,7.39811103,88.73660274,0.80253211,2624.88007523,23.73936426,4470.15814097,40.42802313,1.14626813,0.01036683,1981.4752091,17.92042319,748.24578188,6.76712027
2022-01-12,2022-01-12,333.60691271,4.44100741,764.16201478,10.17259847,83.55803397,1.11233261,1823.91122145,24.28008216,2118.0950611,28.19628581,0.06772658,0.00090158,1778.39675562,23.6741892,610.16705933,8.12260276
2022-01-13,2022-01-13,308.09184498,3.37093347,670.99325585,7.34155629,85.43097973,0.93472824,2809.83386692,30.74330976,3117.48802009,34.1094543,59.75742059,0.65382545,2084.11422881,22.80297425,3.95,0.04321824
2022-01-14,2022-01-14,319.4503349,4.98151324,782.24685363,12.19836899,85.75831958,1.3373165,1011.12219663,15.76745447,2253.81059979,35.14595578,0.0,0.0,1590.26406686,24.79860134,370.06439734,5.77078968
2022-01-15,2022-01-15,262.14857558,8.10140886,504.33436839,15.58589022,73.31759499,2.26579836,217.38546519,6.71805494,1211.97024233,37.45458635,0.12669924,0.0039155,966.54125134,29.86987757,0.01514957,0.00046818
2022-01-16,2022-01-16,201.60402915,7.19066789,460.68565817,16.43140558,66.72717154,2.37997689,175.92161518,6.27464597,1137.53224765,40.57268419,1.02195968,0.03645052,760.19721593,27.11416896,0.0,0.0
2022-01-17,2022-01-17,287.15920121,3.57421816,599.34033787,7.45987977,82.54503857,1.02742303,2187.02298106,27.2214758,1924.58198274,23.9549206,0.10243604,0.001275,1574.60762079,19.59885361,1378.82266795,17.16195404
2022-01-18,2022-01-18,302.08543808,3.91523128,710.20916377,9.20479039,79.21055664,1.02662231,3403.09483753,44.1064073,1558.61863815,20.20075013,0.0,0.0,1577.45899824,20.44493392,84.96969833,1.10126467
2022-01-19,2022-01-19,320.74875748,3.52039491,795.84239845,8.73481023,77.6580112,0.8523396,3502.03321183,38.43675029,2412.83239117,26.48216922,0.0,0.0,2001.9065514,21.97203098,0.13710192,0.00150477
2022-01-20,2022-01-20,338.31385551,4.01754709,761.77267856,9.0462083,79.62332979,0.94554353,2119.01091387,25.1636934,2833.42930221,33.6475597,0.02862344,0.00033991,2286.28337023,27.15008846,2.44371383,0.02901961
2022-01-21,2022-01-21,383.38451115,1.84772885,1021.63623354,4.92379501,90.48983278,0.43611745,9046.80910502,43.60126637,5056.71562703,24.37093593,0.0,0.0,3411.03917293,16.43956735,1738.8850262,8.38058904
2022-01-22,2022-01-22,522.24586149,3.6340804,1363.44199398,9.48759615,102.16864559,0.71094689,3872.53662469,26.94728764,5236.22176347,36.43657573,0.0,0.0,3255.4027226,22.65292289,18.76685098,0.1305903
2022-01-23,2022-01-23,217.72420998,1.54630044,536.67496862,3.81152257,57.88365817,0.41109588,3087.25610348,21.92602039,2167.09738565,15.39095555,0.08380099,0.00059516,1610.61041681,11.43872606,6402.99980653,45.47478395
2022-01-24,2022-01-24,347.5497129,1.96994097,1040.02908652,5.89497225,87.69610541,0.49706889,6286.67704082,35.63341369,5777.5459023,32.74761562,0.00263554,1.494e-05,3632.90774721,20.59162636,470.23778428,2.66534727
2022-01-25,2022-01-25,326.2299956,3.14269549,848.56978564,8.17458992,78.78540507,0.75896926,3621.03765008,34.88280916,3079.33945939,29.66442801,2.7443495,0.02643734,2416.87206554,23.28263199,7.0005421,0.06743884
2022-01-26,2022-01-26,332.55558058,1.38604077,880.60767021,3.670238,76.07989629,0.31708936,3472.06390476,14.47103099,3207.66957035,13.36907587,12011.04722539,50.06020667,2756.89144011,11.49030161,1256.28814764,5.23601674
2022-01-27,2022-01-27,293.84651686,2.61525858,695.78793769,6.19257085,74.102934,0.65952231,4265.89344277,37.96680847,2586.14377078,23.01689588,0.0,0.0,2066.34611983,18.39065331,1253.7287337,11.1582906
2022-01-28,2022-01-28,507.54655773,4.19814661,768.25913564,6.35461798,74.1460728,0.61329563,2782.67360616,23.01674906,2800.66807318,23.16558942,0.0,0.0,1787.68720239,14.78676754,3368.79622943,27.86483377
2022-01-29,2022-01-29,1670.99849835,5.79923063,3399.71230798,11.7987633,78.4659577,0.27231753,12467.25574252,43.26783745,4981.01147453,17.28669077,0.14850732,0.0005154,5212.87377667,18.0913731,1003.67485593,3.48327181
2022-01-30,2022-01-30,1791.52372692,4.76663462,2365.29019018,6.29323181,299.03104317,0.79561978,25350.13627943,67.44808085,3944.8083784,10.49579188,0.00517853,1.378e-05,3314.87997865,8.8197669,518.99177206,1.38086039
2022-01-31,2022-01-31,484.78759843,3.6964158,853.29297398,6.50620115,718.94572462,5.48182821,6106.04985304,46.55750109,2831.06597089,21.58635455,0.02772578,0.0002114,1980.58555454,15.10159863,140.31673458,1.06988916
2022-02-01,2022-02-01,739.88377711,9.83397771,1103.62827578,14.66859553,231.40352732,3.07564134,1697.76395196,22.56539929,2014.10553751,26.76997331,0.0,0.0,1416.89369027,18.83228339,320.07001087,4.25412943
2022-02-02,2022-02-02,407.73110069,6.59131504,755.69115086,12.21638093,111.233637,1.79818499,1740.38352254,28.13475857,1722.0309197,27.83807336,0.0,0.0,1186.98578372,19.18862022,261.82786298,4.23266689
2022-02-03,2022-02-03,363.06058208,2.63424353,671.21515228,4.87010779,85.20239384,0.61819946,7027.66303213,50.99032165,1725.09306078,12.5166858,0.0,0.0,1132.6360513,8.21802017,2777.47666039,20.1524216
2022-02-04,2022-02-04,335.75824768,3.08574781,738.71994459,6.78912124,87.44017794,0.80360896,4518.85448915,41.53001582,3630.51016562,33.36578882,0.5684,0.00522382,1568.14935533,14.41189746,0.93533333,0.00859607
2022-02-05,2022-02-05,404.48291673,8.36185749,671.40410661,13.87990747,106.20205801,2.19551046,634.70443088,13.12121669,1695.48860951,35.05076121,0.03117942,0.00064457,1321.85811835,27.32671455,3.06620716,0.06338757
2022-02-06,2022-02-06,322.92144053,3.74212765,402.87855385,4.66869891,84.68591497,0.98137028,2208.50706515,25.59295952,1454.02329436,16.84973524,0.0,0.0,874.41906738,10.13307684,3281.91862122,38.03203157
2022-02-07,2022-02-07,332.23932623,4.12619125,748.98000347,9.30183302,90.67135644,1.12607788,3151.11351474,39.13473204,1965.93797142,24.4156408,0.0,0.0,1755.67275648,21.80428682,7.34646418,0.09123819
2022-02-08,2022-02-08,352.68493181,2.92610108,823.64538019,6.83349192,88.51136557,0.73434723,4977.44869363,41.29611635,3960.6962787,32.86048424,0.9847208,0.00816988,1846.63236322,15.32085002,2.46356058,0.02043928
2022-02-09,2022-02-09,330.82489654,5.50024833,695.20205605,11.55833187,78.86614495,1.31121746,1364.41685092,22.68460319,2313.04947108,38.45643607,0.05362104,0.0008915,1232.30314967,20.48809932,0.01036114,0.00017226
2022-02-10,2022-02-10,355.71895134,3.4435491,787.02122588,7.61878507,92.01293697,0.89073429,3374.00236441,32.66214176,3668.27720296,35.51087909,0.09220481,0.00089259,2040.69729674,19.75503784,12.18737261,0.11798026
2022-02-11,2022-02-11,322.46144886,4.29496393,700.50491121,9.33024192,92.65045766,1.23404015,1901.00842656,25.32012015,2930.66833049,39.0344794,0.04294869,0.00057205,1543.33753049,20.55619069,17.22249228,0.22939171
2022-02-12,2022-02-12,246.73824789,3.24432143,484.84145457,6.3751021,78.50992026,1.03231428,3039.35893614,39.96404052,2588.26016852,34.03261557,0.04971327,0.00065367,1167.37034392,15.3495644,0.10556306,0.00138803
2022-02-13,2022-02-13,169.77023664,5.04165921,374.13254316,11.11059759,60.96667967,1.81052479,942.92569975,28.0020228,1049.05672608,31.1537912,0.05364504,0.00159309,750.4273732,22.28540851,20.01561387,0.5944028
2022-02-14,2022-02-14,281.17940803,5.88518801,646.72580269,13.53620796,89.63936682,1.87618478,915.12715918,19.15394667,1590.31276981,33.28582883,0.84594207,0.01770588,1247.67675409,26.11433151,6.24004201,0.13060637
2022-02-15,2022-02-15,427.27671229,4.39623685,780.23535663,8.0278174,95.90282526,0.9867412,2246.86090316,23.11788218,2273.85469852,23.39562051,0.5339565,0.00549386,1753.96156678,18.04645619,2140.52076715,22.02375182
2022-02-16,2022-02-16,302.41498512,5.23890208,653.65440072,11.32361679,86.48311571,1.49819486,711.82282277,12.33130054,2406.24124599,41.68464824,0.29172443,0.0050537,1311.50346587,22.71990007,300.07606748,5.19838372
2022-02-17,2022-02-17,285.14309867,4.30464012,669.76386927,10.11103701,89.85273762,1.35645471,2437.80840628,36.80218081,1832.69002061,27.6670592,6.09435458,0.09200294,1272.48085303,19.20990604,30.25347446,0.45671917
2022-02-18,2022-02-18,296.2005599,4.76914283,649.87744752,10.46371543,86.13170585,1.38681172,996.27320821,16.04105417,2398.78432287,38.62296904,0.01792168,0.00028856,1577.03316144,25.39190472,206.45309307,3.32411353
2022-02-19,2022-02-19,317.24236093,6.87879961,471.1090003,10.2151062,70.42147704,1.52695632,1658.78665552,35.96764621,1200.89583777,26.03915126,0.00026222,5.69e-06,881.71860462,19.11839761,11.71128883,0.25393711
2022-02-20,2022-02-20,190.36778575,4.91219813,409.76812074,10.57354421,61.36805468,1.58352445,339.64189532,8.76402632,1702.72718818,43.93670538,0.19852859,0.00512278,1170.54230994,30.20435274,0.79546614,0.02052599
2022-02-21,2022-02-21,265.65794003,3.86162177,605.45433266,8.8009251,80.45726715,1.16953227,1659.53391889,24.1230972,2522.71757621,36.67039317,15.69676096,0.22816918,1628.8614401,23.67723997,101.06043717,1.46902134
2022-02-22,2022-02-22,294.11441296,3.47988353,714.86355298,8.45807547,79.22545517,0.93737452,2076.84559746,24.57268485,3653.50645687,43.22731689,0.0,0.0,1632.88575627,19.31987006,0.40523963,0.00479469
2022-02-23,2022-02-23,291.6977559,5.18896477,702.54183617,12.49740446,74.59949967,1.32703858,1128.70772094,20.07840129,1861.52481259,33.11436744,6.243e-05,1.11e-06,1562.42867832,27.7937941,0.00158838,2.826e-05
2022-02-24,2022-02-24,409.62504386,2.29246008,1021.09484583,5.71454116,106.63550136,0.5967839,5139.12101357,28.76100952,6119.38326847,34.24703173,0.0,0.0,3037.38718972,16.9986894,2035.11415684,11.38948421
2022-02-25,2022-02-25,360.30229974,2.8158441,729.07498377,5.69788618,94.70080652,0.74010826,5548.7581384,43.36480202,2972.76724696,23.23284956,0.0,0.0,1410.17323958,11.02082337,1679.75763678,13.12768651
2022-02-26,2022-02-26,262.47937764,5.07599024,432.4875222,8.36371398,75.27105374,1.45563868,1667.89980789,32.2548888,1402.69293497,27.12615256,0.15142966,0.00292844,1030.01634803,19.91909983,300.0,5.80158748
2022-02-27,2022-02-27,193.6756674,2.12341062,354.75502532,3.88944362,60.20889836,0.66011501,1670.11810967,18.310749,1163.23995952,12.75346624,0.0,0.0,1186.29008529,13.00618194,4492.68327279,49.25663357
2022-02-28,2022-02-28,343.31826002,2.94510514,731.07267104,6.27139926,97.8621914,0.8394964,4267.98080876,36.61224489,3104.35985272,26.63029387,14.93548428,0.12812185,2097.68928147,17.99471861,1000.03115342,8.57861999
2022-03-01,2022-03-01,388.55627537,2.4043748,872.73441313,5.40045487,98.8334234,0.61157832,5476.3508634,33.88749802,4040.8745762,25.00481299,0.0,0.0,2370.82364637,14.67058697,2912.213916,18.02069403
2022-03-02,2022-03-02,453.11395037,3.28966487,889.3250532,6.45661291,116.45041881,0.84544484,4191.3712204,30.42988775,3516.28224646,25.528656,0.04251549,0.00030867,1707.10752632,12.3938176,2900.170629,21.05560736
2022-03-03,2022-03-03,340.77664389,2.62507525,747.81935402,5.76061215,94.05083737,0.72449368,3750.42624548,28.89033411,3477.28562948,26.78627362,0.01579577,0.00012168,1671.20998445,12.87368732,2900.01077879,22.3394022
2022-03-04,2022-03-04,351.33013659,4.17074079,664.0077556,7.88262646,91.41990993,1.08527196,1643.25901339,19.50759892,3828.89307948,45.4538876,6.36132206,0.07551708,1738.34005692,20.63633325,100.07541539,1.18802395
2022-03-05,2022-03-05,265.77374785,7.06872361,431.41435033,11.47422885,78.18149007,2.07937522,599.88992467,15.95513519,1183.14221073,31.4677629,0.0,0.0,1200.95926041,31.9416389,0.49386915,0.01313532
2022-03-06,2022-03-06,192.13615729,5.73380253,331.18856438,9.88345897,58.59070198,1.7484867,229.94692648,6.86216632,1320.42243432,39.40456391,0.0,0.0,1218.65303453,36.36752158,0.0,0.0
2022-03-07,2022-03-07,282.73175662,3.36208288,612.0785229,7.27848455,84.7493964,1.00779091,2792.66720823,33.20878673,2841.04831208,33.7841069,0.0,0.0,1784.07245024,21.21515995,12.07492879,0.14358808
2022-03-08,2022-03-08,294.94414468,4.20605181,675.79584904,9.63718861,86.31442424,1.23088709,2007.12694975,28.62263952,2310.94467401,32.95523303,0.06434328,0.00091757,1557.18507637,22.20624216,80.0,1.14084023
2022-03-09,2022-03-09,376.43627564,4.97697809,865.69634174,11.44563372,88.98305433,1.17647193,1547.52709625,20.46032478,2685.1968415,35.5018013,0.20486509,0.00270858,1916.65791867,25.34071526,82.8485911,1.09536633
2022-03-10,2022-03-10,306.05923952,2.98915211,668.55904493,6.52953553,80.71460892,0.7883057,4309.3034773,42.08715802,3086.92780548,30.14872799,0.0,0.0,1453.25439503,14.1933256,334.17992626,3.26379505
2022-03-11,2022-03-11,322.73189647,5.06071301,656.98789736,10.30213387,83.98316203,1.31692803,1746.94100695,27.39353371,2181.03115548,34.20043965,0.01069588,0.00016772,1350.52565111,21.17740084,34.99063406,0.54868316
2022-03-12,2022-03-12,226.07956776,6.51606092,369.60496075,10.65274702,68.348719,1.96994545,850.15841975,24.5032495,1187.16054999,34.21631836,0.01962558,0.00056565,768.18173147,22.14051898,0.02061373,0.00059413
2022-03-13,2022-03-13,187.95188449,6.31307151,310.84840814,10.44101385,60.3345409,2.02656266,535.50864273,17.98707348,1017.69116162,34.18298836,0.0535594,0.00179899,804.41965016,27.01946187,60.37820458,2.02802927
2022-03-14,2022-03-14,365.01121108,4.00413719,692.12300435,7.59252147,100.07204148,1.09778048,2828.08568011,31.02382253,2497.65103699,27.39898691,0.13241821,0.00145261,1357.42472451,14.89081609,1275.35166769,13.99048271
2022-03-15,2022-03-15,343.92540094,3.312234,668.64865433,6.43953834,93.88059123,0.90413353,3980.05475943,38.33061663,3411.89194643,32.85882484,0.0,0.0,1880.82352004,18.11360136,4.26255757,0.04105131
2022-03-16,2022-03-16,374.71802719,4.32033064,783.71229214,9.03585092,92.13960261,1.06232826,2459.77157351,28.36006207,3008.78913231,34.68998807,0.03589636,0.00041387,1643.94904397,18.95399452,310.24899569,3.57703165
2022-03-17,2022-03-17,343.38010194,3.00398898,700.82550146,6.13102527,89.28723224,0.78111067,5624.92518041,49.20848105,2623.34728145,22.94980482,1.52041021,0.01330099,1475.70979378,12.90993837,571.80882344,5.00234985
2022-03-18,2022-03-18,302.27225569,2.24384843,635.53928323,4.7177794,89.83760651,0.66688877,5981.81524258,44.40462683,3372.7978441,25.03718747,0.04778962,0.00035476,3026.09585734,22.46352517,62.74717366,0.46578918
2022-03-19,2022-03-19,272.18162173,4.91100917,506.18941788,9.13324293,87.59088062,1.5804139,1142.77333276,20.6192111,1962.82868603,35.41557881,0.0,0.0,1550.59413608,27.97757605,20.11668571,0.36296803
2022-03-20,2022-03-20,195.65709559,5.27640774,319.59400475,8.61869218,67.59796944,1.82295688,625.36307576,16.8645587,1411.78990122,38.07262466,0.0,0.0,1011.31779875,27.27284204,76.82981266,2.0719178
2022-03-21,2022-03-21,292.82168117,4.1802552,620.5769255,8.85921393,79.01265065,1.12796649,1754.26944182,25.04354842,2866.15333795,40.91654804,0.0,0.0,1359.79811501,19.41216618,32.24356491,0.46030174
2022-03-22,2022-03-22,337.34647552,1.82510298,664.35358799,3.59426822,96.62081325,0.52273537,7727.98629958,41.80974718,5034.33356553,27.23661837,0.01072788,5.804e-05,2019.05756764,10.92345188,2603.98632431,14.08801797
2022-03-23,2022-03-23,307.59426512,4.76163646,641.33450171,9.92801913,86.91589143,1.34547982,1321.53342668,20.45766928,2466.57436556,38.18319054,0.0,0.0,1606.73518195,24.87266407,29.15590335,0.4513407
2022-03-24,2022-03-24,334.19652642,3.04472465,757.03796118,6.89705594,91.90768934,0.83733248,4055.88768252,36.95149474,3996.35466953,36.40911438,0.0,0.0,1724.00209342,15.70666135,16.86132317,0.15361646
2022-03-25,2022-03-25,357.24741106,3.77020093,716.55404431,7.56213381,100.61694634,1.06185823,3208.62261465,33.86211238,3211.63322698,33.89388479,0.0,0.0,1828.78625089,19.30004646,52.09312423,0.54976338
2022-03-26,2022-03-26,247.91250291,3.94754847,428.88602288,6.82921733,84.00337808,1.33759856,2527.22864634,40.24144587,1896.65789995,30.20077203,0.0,0.0,1089.86827992,17.35413828,5.60689578,0.08927945
2022-03-27,2022-03-27,199.32695962,4.9865634,422.10872593,10.5598958,70.21652743,1.75660717,1168.90576234,29.24252046,1084.46142447,27.1299761,1.46649433,0.03668729,1032.84934809,25.83879656,17.945922,0.44895321
2022-03-28,2022-03-28,354.77030318,3.72399566,800.42819974,8.40203117,100.24073874,1.05221906,2570.82701492,26.98576676,3593.10337254,37.71652041,0.0244466,0.00025661,2035.12445242,21.36253956,72.08502329,0.75667076
2022-03-29,2022-03-29,313.56774049,2.6408649,680.17205174,5.72840336,89.49608813,0.75373531,5192.07997834,43.72765439,3604.44664008,30.35661962,0.62560644,0.00526885,1886.1289445,15.88496228,107.15889,0.90249128
2022-03-30,2022-03-30,305.72811014,3.36034652,627.26766539,6.89448123,81.80688458,0.89916325,2905.94093769,31.94004149,3296.28406418,36.23041625,0.0654799,0.00071971,1470.71452772,16.16505085,410.30492568,4.5097807
2022-03-31,2022-03-31,314.86010557,2.5499223,603.14795245,4.88464683,93.29494882,0.75555736,4473.50390673,36.22906548,4835.13778806,39.15778933,0.0,0.0,1515.45139987,12.27301667,512.43525166,4.15000203
2022-04-01,2022-04-01,351.10198131,3.58733806,770.42465976,7.87171207,97.44847488,0.9956669,4030.01515495,41.17614685,2755.96250512,28.1586824,0.0,0.0,1741.47531699,17.79329373,40.82851915,0.41715999
2022-04-02,2022-04-02,267.50968358,7.25458325,452.43616545,12.26959631,79.20641379,2.14799522,434.87490287,11.79335321,1506.32901774,40.85006984,0.09985529,0.00270797,820.64919253,22.25514906,126.35240051,3.42654515
2022-04-03,2022-04-03,192.42431147,7.96229738,342.10492679,14.15590962,71.96660298,2.97789552,176.60310375,7.30763394,745.43676319,30.84531856,0.0,0.0,763.20324664,31.58047527,124.95439798,5.17046972
2022-04-04,2022-04-04,316.89235529,5.17892993,653.40392921,10.67849415,89.70569098,1.46604826,1288.14288696,21.05194914,2230.14870088,36.4470258,0.19921918,0.00325581,1403.39062861,22.93542777,136.99364964,2.23886913
2022-04-05,2022-04-05,305.82930985,3.60839773,657.78029393,7.76097269,77.64310386,0.91609009,2138.42902317,25.23074864,3586.3425016,42.31429017,0.17200418,0.00202943,1698.80958715,20.04379721,10.48197791,0.12367404
2022-04-06,2022-04-06,300.85650975,2.25677295,660.61961137,4.95541369,83.16543238,0.62383725,4819.47201005,36.15163273,5317.1904458,39.88509857,0.01438926,0.00010794,1839.36079981,13.79734045,310.59146868,2.32979643
2022-04-07,2022-04-07,268.80181262,2.74483515,552.37041602,5.64045948,78.22451161,0.79877954,704.38713331,7.19275864,3802.86864397,38.83250419,0.01017326,0.00010388,1726.0813022,17.62565728,2660.25989172,27.16490183
2022-04-08,2022-04-08,265.41676441,4.33547175,523.13168662,8.54513713,76.88801244,1.2559335,560.15755499,9.14993919,2425.60294545,39.62120879,200.0299462,3.26740544,1516.48720277,24.77118368,554.26706695,9.05372053
2022-04-09,2022-04-09,243.08129524,6.27657567,416.01445923,10.74186408,75.49018205,1.94922378,662.2144635,17.0989676,1539.49159194,39.75104488,1.55978158,0.04027495,934.89795703,24.13989842,0.0832899,0.00215062
2022-04-10,2022-04-10,184.32091504,5.0842872,264.14259347,7.28607932,62.19681588,1.71562991,1105.31024366,30.48875232,1015.50454786,28.01156219,0.00718663,0.00019824,737.73716422,20.34965821,256.0854727,7.06383261
2022-04-11,2022-04-11,311.3439247,2.98401782,698.11071503,6.69091204,79.21504321,0.75922182,3577.05426796,34.28360996,3485.34074496,33.40459879,0.11619664,0.00111367,1848.84852575,17.71994412,433.6859112,4.15658179
2022-04-12,2022-04-12,271.44870278,4.61078252,639.13846951,10.85629975,71.23630056,1.21000795,904.95716026,15.37145182,2023.24044159,34.36642565,0.016574,0.00028152,1742.55608575,29.59876786,234.66513351,3.98598293
2022-04-13,2022-04-13,312.11939862,4.92712916,610.08742354,9.63086418,82.23183537,1.298115,852.33716626,13.45502819,2480.47412194,39.1568625,0.0,0.0,1644.12824686,25.95427347,353.33292417,5.5777275
2022-04-14,2022-04-14,271.02523789,5.80001109,476.38022594,10.19466163,78.42117898,1.67823377,680.61742511,14.56539119,1371.65672102,29.35381314,0.00430628,9.216e-05,1389.68808423,29.73968904,405.04681715,8.66810799
2022-04-15,2022-04-15,263.88804602,6.78824818,484.06017649,12.45194946,73.17490813,1.88234914,353.31915735,9.08877141,1634.07862266,42.03498948,0.00163936,4.217e-05,1074.84360968,27.64924478,4.05868097,0.10440539
2022-04-16,2022-04-16,215.58961096,5.16314533,371.47533356,8.89644507,69.776198,1.67106684,483.1743043,11.57151841,1847.11347283,44.2364326,0.0,0.0,824.3853882,19.74316641,364.03368295,8.71822534
2022-04-17,2022-04-17,179.1809226,7.99256057,277.43893962,12.37546663,54.4620092,2.42933735,196.19653811,8.75156066,815.68550559,36.38454201,0.0,0.0,718.83895557,32.06459598,0.04342023,0.00193681
2022-04-18,2022-04-18,229.06461891,2.70535961,565.06877429,6.67372485,75.07787547,0.8867046,1502.1866347,17.74152232,2827.16214582,33.39009892,5.0,0.05905232,1687.60522268,19.93140202,1575.90202528,18.61213535
2022-04-19,2022-04-19,303.94399861,4.72928153,575.00271967,8.94687757,79.20335799,1.23238156,732.05459534,11.39055975,2187.56294118,34.03785258,0.02973318,0.00046264,1172.76741065,18.24792489,1376.28880556,21.41465948
2022-04-20,2022-04-20,282.50132383,2.43457168,633.70493006,5.46121363,73.25207834,0.63128,4884.96382647,42.09819073,3248.21491069,27.99283182,0.16899835,0.00145641,1684.3019683,14.51516696,796.6301332,6.86528877
2022-04-21,2022-04-21,283.25190591,4.8915195,587.20200599,10.14047921,84.94144667,1.46686654,831.4295543,14.35808125,2417.10291078,41.74131146,0.0,0.0,1552.83942242,26.81621609,33.90589371,0.58552595
2022-04-22,2022-04-22,275.08686506,3.89860042,572.71029378,8.11659469,76.60460919,1.08565984,1609.12076119,22.80486517,2736.96624632,38.78897578,19.02488322,0.26962544,1369.39141916,19.40736049,397.136469,5.62831818
2022-04-23,2022-04-23,234.47310858,7.59768281,400.08559721,12.96406007,71.5310013,2.31783449,599.89893968,19.43865498,1090.61721954,35.33950545,9.0,0.29162894,645.50677157,20.91649542,35.00077995,1.13413784
2022-04-24,2022-04-24,190.65650889,6.39892309,337.26217338,11.31938648,59.34576817,1.99179671,295.3904158,9.91406254,1148.31081005,38.54026594,5.01005645,0.16815039,874.51444188,29.35095522,69.01913063,2.31645964
2022-04-25,2022-04-25,945.08997835,6.83748198,1822.87768928,13.18804942,249.84746799,1.80758192,2802.98558973,20.27887702,3816.36457743,27.61041235,7.00211399,0.05065849,3737.28633228,27.03830166,440.73959301,3.18863716
2022-04-26,2022-04-26,308.20499162,4.27862127,664.44429011,9.22407343,85.89473679,1.19242406,1834.70578418,25.47009755,2327.64131947,32.3132199,0.91465832,0.01269764,1690.71688575,23.47118779,290.84897736,4.03767835
2022-04-27,2022-04-27,305.22798728,3.64103723,615.98274107,7.34800277,77.23059858,0.92127687,1323.99856158,15.79385987,3001.84285442,35.80871367,5.00829967,0.05974356,1429.60239499,17.05359851,1624.10205908,19.37376752
2022-04-28,2022-04-28,354.10655936,4.79306569,671.14698916,9.08441689,89.85270286,1.21621556,1534.72903691,20.77356914,2493.71761115,33.75411162,1.58454566,0.02144787,2165.42676787,29.31047866,77.32867312,1.04669456
2022-04-29,2022-04-29,339.95167728,3.71128565,799.33162943,8.72638143,87.96466618,0.96031885,3284.13179317,35.8531874,2827.86910524,30.87212309,0.20103174,0.00219468,1774.299817,19.37020432,46.19401609,0.50430458
2022-04-30,2022-04-30,353.15628521,6.43362341,686.16710117,12.5002468,90.73279512,1.65292438,302.60159782,5.51264357,2127.69503138,38.76127691,0.0,0.0,1912.70708488,34.84473474,16.16853258,0.29455019
2022-05-01,2022-05-01,172.19640168,3.47140407,397.64140059,8.01627655,56.53434743,1.13970769,1446.31782226,29.15713412,1720.13074499,34.67708277,0.0,0.0,1103.05315318,22.23706866,64.55130916,1.30132613
2022-05-02,2022-05-02,245.59611308,3.09329164,531.93317067,6.69971689,67.78779071,0.8537896,2755.58530584,34.70669333,2672.67291085,33.66240882,0.0,0.0,1425.35510576,17.95239742,240.70614396,3.0317023
2022-05-03,2022-05-03,257.85708246,2.43463504,534.73918621,5.04890053,67.76807206,0.63985259,3542.97026512,33.45201721,2936.6600884,27.72735768,0.10716976,0.00101188,1644.17645194,15.52398548,1606.9223378,15.17223958
2022-05-04,2022-05-04,347.75008899,4.39496156,645.23479313,8.15465532,107.09241064,1.35346343,1833.50462609,23.17233728,2713.32119984,34.29170186,6.22463573,0.07866866,2141.43610106,27.06406022,117.90782849,1.49015166
2022-05-05,2022-05-05,467.12110673,3.17016887,854.41173827,5.79855942,138.92024701,0.94279757,4995.88093673,33.90509653,4699.15339085,31.89132234,0.24723365,0.00167788,2126.94620481,14.43475481,1452.21580328,9.85562259
2022-05-06,2022-05-06,478.47581462,3.09988472,931.44364392,6.03451174,132.20756454,0.85652858,4818.41183773,31.21687821,5167.28257856,33.47709502,5.03664058,0.03263071,1833.72153405,11.88006832,2068.69807325,13.4024027
2022-05-07,2022-05-07,378.90104412,5.4226457,731.70554132,10.47181043,113.33411716,1.62198224,1012.35923156,14.48838825,3128.12663323,44.76821244,0.00072236,1.034e-05,1363.73848296,19.51715556,259.21760227,3.70979505
2022-05-08,2022-05-08,338.44797602,1.71076074,705.90036805,3.56813076,95.29536439,0.48169166,8561.70920625,43.27706768,2592.47118377,13.10422349,0.0304784,0.00015406,1250.66801859,6.32178029,6238.9555055,31.53619133
2022-05-09,2022-05-09,553.15219177,1.04879344,1312.58124693,2.48869411,133.13126508,0.25242094,10012.19395135,18.98342538,4304.09610664,8.16069761,19006.29965217,36.03652436,2671.98785296,5.06617054,14748.32457152,27.96327362
2022-05-10,2022-05-10,478.0815709,1.03841658,1164.5114892,2.52937596,124.11938463,0.26959338,7623.02490686,16.55758328,4476.7415638,9.72370183,28205.62923266,61.26400749,3023.09969757,6.56632054,944.27012319,2.05100093
2022-05-11,2022-05-11,643.84415475,1.89269488,1699.92156836,4.99722304,160.38486326,0.47147995,11568.88257366,34.00879642,7664.27172912,22.53049552,0.18302564,0.00053804,4420.49619138,12.99483801,7859.34020669,23.10393414
2022-05-12,2022-05-12,614.65462561,2.07720667,1731.41310014,5.85125807,146.89007083,0.49641054,8957.23682842,30.27071027,11918.59668285,40.27853611,34.36824405,0.11614644,4960.90530576,16.76522906,1226.37669093,4.14450284
2022-05-13,2022-05-13,767.40869997,5.13986964,1610.55772511,10.78702491,203.66304522,1.36407302,3380.74222243,22.6431813,4305.05302177,28.8339334,0.02454083,0.00016437,3374.29329955,22.59998838,1288.76644583,8.63176497
2022-05-14,2022-05-14,542.35029233,6.47687465,959.95159142,11.46396751,161.24367055,1.92560981,1338.75714071,15.9877524,2727.99036418,32.57830205,0.00843091,0.00010068,2506.36260314,29.93157124,136.97784908,1.63582167
2022-05-15,2022-05-15,287.7587127,4.42820138,451.64043181,6.95011027,83.32347733,1.28223098,2211.18055856,34.02695514,2311.49435281,35.57064318,0.0,0.0,1121.96914866,17.26552531,30.95369229,0.47633374
2022-05-16,2022-05-16,351.26693851,3.03378192,784.10319886,6.77205239,92.07088944,0.79518728,3047.32920077,26.3188226,2741.43743247,23.67693173,0.05731874,0.00049504,1733.63252376,14.97283813,2828.61893354,24.4298909
2022-05-17,2022-05-17,411.75296482,4.31359087,834.78152157,8.74530667,92.47644724,0.96879827,2307.38733387,24.17256409,3676.75247111,38.51825545,7.22780759,0.07571969,1779.54211725,18.64277196,435.55959729,4.56299301
2022-05-18,2022-05-18,348.06915873,2.68478601,757.69197598,5.84435813,76.8712923,0.59293668,3961.35601245,30.55540239,3589.29631937,27.68556853,0.0,0.0,3023.41107115,23.32068655,1207.80701524,9.31626172
2022-05-19,2022-05-19,420.47435471,4.43315125,871.11631183,9.18436601,95.217723,1.00390086,2555.12836939,26.93926611,3113.50251274,32.8263244,0.0,0.0,1904.41139396,20.07861755,524.92282062,5.53437382
2022-05-20,2022-05-20,373.75898389,3.3410983,743.94063488,6.65021818,89.62071081,0.80113554,3874.77228841,34.63728141,4131.04017856,36.92810584,0.0,0.0,1628.03796737,14.55332211,345.53942485,3.08883862
2022-05-21,2022-05-21,306.44243752,7.00690481,473.73717081,10.83215265,83.95553505,1.91967029,651.36397624,14.89364664,2043.33903622,46.72160371,0.0,0.0,781.54460531,17.87026856,33.0523823,0.75575334
2022-05-22,2022-05-22,219.42020658,6.02668936,406.75314329,11.17205602,65.7083842,1.80477462,341.73870284,9.38634156,1538.80679226,42.26552634,0.0,0.0,1046.86057522,28.75352087,21.5204984,0.59109123
2022-05-23,2022-05-23,357.54199381,3.74011485,781.2413849,8.17227782,91.56940517,0.95787375,3012.03273544,31.50776288,2610.46452188,27.30710599,0.0,0.0,2299.41595485,24.05334172,407.38680087,4.26152298
2022-05-24,2022-05-24,319.55585618,4.03617217,678.08586438,8.56461004,80.54574002,1.0173385,2827.36915667,35.71128016,2229.4341922,28.15902156,0.0,0.0,1781.80758747,22.50524301,0.50152644,0.00633456
2022-05-25,2022-05-25,414.72613416,3.69213175,888.41512121,7.9091849,101.3417131,0.9022025,3700.62472073,32.94510019,3203.51567142,28.51954811,0.0,0.0,1756.42621063,15.63672132,1167.65180066,10.39511122
2022-05-26,2022-05-26,380.36148122,3.11436503,864.71090712,7.08017383,95.01488817,0.77797322,3018.02820269,24.71133894,4230.5499174,34.63935586,0.0,0.0,3322.10463762,27.20108898,302.36099048,2.47570414
2022-05-27,2022-05-27,389.4496599,3.53127552,760.97537155,6.90002836,93.8573804,0.85103751,3268.5479991,29.6370615,3994.86636011,36.2228427,0.0,0.0,2091.33597374,18.96287064,429.55049922,3.89488377
2022-05-28,2022-05-28,275.08600595,6.97884204,486.9404261,12.35351942,76.48607882,1.94042682,925.85520526,23.48864388,1158.69689583,29.39576146,0.0,0.0,766.74356856,19.45203368,251.90599337,6.3907727
2022-05-29,2022-05-29,242.98635666,5.6089601,406.90279824,9.39271485,80.36892992,1.85519108,928.52631806,21.43357817,1329.32592241,30.68541032,0.0,0.0,1070.29247741,24.70602828,273.70782717,6.31811721
2022-05-30,2022-05-30,399.38079268,2.83995073,737.93057861,5.2473392,170.04676455,1.20918292,3002.46743739,21.3501995,7543.329926,53.6397487,0.0,0.0,1992.87642099,14.17111428,216.9160027,1.54246467
2022-05-31,2022-05-31,376.09623163,2.51067694,786.3222744,5.24919166,123.97243557,0.82759334,4210.93469366,28.11061573,4771.42179649,31.85221676,0.0,0.0,2621.54612461,17.50045562,2089.58000513,13.94924995
2022-06-01,2022-06-01,394.81009521,3.18091674,783.01971326,6.30865458,114.47384716,0.92229601,4486.1222972,36.14391246,3188.7089661,25.69087735,0.0,0.0,1977.4087033,15.93164036,1467.29005143,11.8217025
2022-06-02,2022-06-02,394.76670195,5.21753867,711.38993842,9.40227353,94.04531833,1.24297486,2841.93372803,37.56116978,2025.18972083,26.7664563,0.0,0.0,1493.75307828,19.74258317,5.06959891,0.0670037
2022-06-03,2022-06-03,390.0583952,4.98390226,689.90931728,8.81519445,100.92165957,1.28950868,2741.73207778,35.0319974,2118.760112,27.07208313,0.0,0.0,1783.57712902,22.78934176,1.40657889,0.01797231
2022-06-04,2022-06-04,280.11001482,1.57769415,432.82198647,2.43783042,79.8395954,0.44968925,1596.07473667,8.98974558,1108.74863022,6.24492567,0.0,0.0,718.17580093,4.04505978,13538.62197993,76.25505516
2022-06-05,2022-06-05,223.13936708,1.87132183,300.63471395,2.52122388,73.25366703,0.6143299,214.63639201,1.80001301,1254.85197599,10.52361096,0.0,0.0,608.7808109,5.10544075,9248.86085763,77.56405966
2022-06-06,2022-06-06,359.22277271,3.26365584,755.67301616,6.86553537,100.73537301,0.91521366,1800.17686584,16.3551929,3681.70974182,33.44953164,0.0,0.0,2283.17537921,20.74339164,2026.06707003,18.40747895
2022-06-07,2022-06-07,371.92189581,3.38312637,678.96240771,6.1760699,97.50457598,0.88693434,3659.67582134,33.28963934,3426.7966018,31.17129181,0.0,0.0,2756.36741416,25.07284294,2.20916443,0.0200953
2022-06-08,2022-06-08,364.06313153,4.24253644,672.78339123,7.84014586,91.30453309,1.063999,4183.8494812,48.75564797,1599.70770188,18.64187178,0.0,0.0,1668.11462484,19.43903809,1.4382929,0.01676086
2022-06-09,2022-06-09,334.1429163,4.54983709,659.00336202,8.97327998,94.77973996,1.29056268,2369.90497607,32.26966978,2341.33476323,31.88064518,0.0,0.0,1444.85053102,19.67372109,100.04701453,1.36228421
2022-06-10,2022-06-10,381.16454721,4.45741976,688.08364795,8.04659738,97.51992748,1.14041889,1733.37756134,20.27048803,3490.80865636,40.82226323,0.0,0.0,1752.86887214,20.49842359,407.41422547,4.76438911
2022-06-11,2022-06-11,307.32142734,4.01925182,562.03781863,7.35051748,84.25413129,1.10190354,1026.71695595,13.42774575,3662.35412095,47.89748498,0.0,0.0,2003.02133246,26.19617902,0.5289215,0.00691741
2022-06-12,2022-06-12,234.93768132,3.56161766,556.74601849,8.44018056,70.2110606,1.06438844,1287.87571884,19.52398983,3002.0134233,45.51004316,0.0,0.0,1306.58673382,19.80764583,138.00505262,2.09213452
2022-06-13,2022-06-13,614.06445024,1.32999122,1494.97874527,3.23794776,142.09177402,0.30775403,10101.60128759,21.87887777,9872.86249719,21.38345651,1150.025793,2.49082032,4015.07026368,8.69616896,18779.86930328,40.67498343
2022-06-14,2022-06-14,562.57781283,1.28247661,1290.1657744,2.94111747,125.45111107,0.28598376,8946.71006386,20.39530562,5968.14458317,13.60523946,14214.67432041,32.40438384,3071.21558823,7.00127534,9687.57704367,22.0842179
2022-06-15,2022-06-15,550.99437084,1.04326762,1415.79735769,2.68070895,118.24308692,0.22388465,13190.6016708,24.97544142,9681.01813279,18.33030117,17398.67212553,32.94311566,3544.64011074,6.71151731,6914.32158227,13.09176321
2022-06-16,2022-06-16,411.96986661,1.28376725,994.88571748,3.10023087,92.18515165,0.2872644,5155.45287827,16.06525641,4892.44086625,15.24566684,7651.04877405,23.84195206,2227.93929015,6.94263274,10664.7752099,33.23322943
2022-06-17,2022-06-17,472.9436179,2.68610787,988.70808943,5.615419,98.87354961,0.56155747,4109.06486368,23.33764753,5018.70790799,28.50401249,0.012898,7.325e-05,2215.85868592,12.58508461,4702.85294287,26.71009779
2022-06-18,2022-06-18,519.82284253,1.40010739,1302.83070801,3.5090857,110.60724913,0.29791309,7037.75695101,18.95571861,7313.96796575,19.69967415,12001.24195016,32.32452711,3177.46776188,8.55829282,5663.65962677,15.25468113
2022-06-19,2022-06-19,283.38487357,1.8482597,594.73526537,3.87891283,78.11059413,0.50944379,6133.11789867,40.00070465,4167.42583461,27.18029764,0.0,0.0,2078.89470752,13.55872406,1996.85547026,13.02365733
2022-06-20,2022-06-20,347.26601038,3.20364098,747.94271171,6.9000128,85.04233049,0.78454293,1397.24589263,12.89004412,3363.0673552,31.02538129,0.0,0.0,2005.85164681,18.50462854,2893.31338207,26.69174934
2022-06-21,2022-06-21,425.66828933,3.63700285,939.26036564,8.02524573,94.4868032,0.80731589,2564.4729584,21.91141713,3319.65744259,28.36387833,0.0,0.0,2356.26292305,20.13242511,2004.01184679,17.12271497
2022-06-22,2022-06-22,423.52845172,2.36526774,814.36120926,4.54794073,83.0841538,0.4639978,3105.6427378,17.3439979,3694.26735302,20.63127366,0.0,0.0,1901.28564485,10.61805784,7883.98308879,44.02946433
2022-06-23,2022-06-23,454.84319643,3.98515008,893.93014874,7.83225038,94.4318909,0.82737361,3008.15920844,26.35626078,3292.80575073,28.85021737,0.0,0.0,2003.62903708,17.55497823,1665.65290253,14.59376955
2022-06-24,2022-06-24,458.54197901,3.31979683,889.63093853,6.44083662,100.23752328,0.72570937,5046.69365119,36.53754368,3279.6164181,23.74408601,0.0,0.0,1853.67287594,13.42040123,2183.95726038,15.81162625
2022-06-25,2022-06-25,340.5397775,7.84506326,610.33425705,14.06035704,80.97038314,1.86532623,452.57348297,10.42599966,1406.19489421,32.39471167,0.0,0.0,1389.37490656,32.00722722,60.82850539,1.40131493
2022-06-26,2022-06-26,287.7250704,5.6130526,454.79953512,8.87240625,77.20011566,1.50604989,418.13647785,8.15716907,1739.81391435,33.94096664,0.0,0.0,1150.84679818,22.45116702,997.47798414,19.45918854
2022-06-27,2022-06-27,414.78838402,5.4546175,873.40113564,11.48554131,91.4294005,1.20232974,1554.56894185,20.4431447,2813.09438094,36.9932101,0.0,0.0,1775.61178807,23.34993819,81.45923708,1.07121847
2022-06-28,2022-06-28,451.90368846,4.95986942,965.99681069,10.60229905,93.77753937,1.02925549,2233.6098953,24.51498783,2288.94224462,25.12228809,0.0,0.0,1804.82507609,19.80885958,1272.14606633,13.96244053
2022-06-29,2022-06-29,439.65436464,4.4720807,1036.81102594,10.54624485,89.75073832,0.91292746,1465.17591177,14.90349111,3297.03970093,33.53686167,0.0,0.0,2128.29835376,21.64864665,1374.361835,13.97974757
2022-06-30,2022-06-30,484.30663859,3.82264014,1131.25788191,8.92903677,95.48519672,0.7536662,4791.93331818,37.82280723,3429.88766417,27.07215884,0.0,0.0,2413.08298286,19.04650304,323.4742863,2.55318778
2022-07-01,2022-07-01,554.7167241,3.67919162,1098.2465539,7.28418549,112.55721161,0.74654239,4719.43846601,31.3019559,4310.60852454,28.59036703,0.0,0.0,2214.17028702,14.68561592,2067.39824627,13.71214165
2022-07-02,2022-07-02,479.43366229,8.88467929,774.6006808,14.35460038,92.59781006,1.71598682,718.95178442,13.32333654,1501.51482266,27.82549225,0.0,0.0,1341.35937254,24.85755336,487.72609075,9.03835137
2022-07-03,2022-07-03,285.71034015,5.07464135,495.30566156,8.79736655,69.20299098,1.22914823,975.12604232,17.31969145,2427.567454,43.11721505,0.0,0.0,1181.99491909,20.99399093,195.25087373,3.46794644
2022-07-04,2022-07-04,389.86040984,5.18248791,824.28565832,10.95738462,94.58930363,1.25739344,2464.63262508,32.76282603,2088.67787013,27.76518861,0.0,0.0,1630.38534343,21.67301967,30.2184627,0.40169972
2022-07-05,2022-07-05,442.6861239,4.38811902,998.33723351,9.89600163,89.62134418,0.88837012,1208.06859722,11.97496037,2382.25701722,23.61408403,0.0,0.0,1689.99888111,16.75208649,3277.31969875,32.48637834
2022-07-06,2022-07-06,473.71642225,6.38980544,943.51120952,12.72671323,113.59409234,1.53223345,1608.30579445,21.69390933,2369.74375673,31.96469625,0.0,0.0,1718.43356823,23.17938675,186.32342337,2.51325554
2022-07-07,2022-07-07,509.45958012,5.18597505,1039.82358226,10.58474385,108.05456299,1.09992684,2195.94238289,22.35329919,3336.80095572,33.96651509,0.0,0.0,2492.88277557,25.37596385,140.83158613,1.43357613
2022-07-08,2022-07-08,502.51419558,3.52976221,978.05553103,6.87006156,113.36888584,0.79632618,3500.84341861,24.59063828,4707.04953816,33.06327611,0.0,0.0,2482.05549462,17.43446409,1952.6015473,13.71547156
2022-07-09,2022-07-09,357.4033844,6.78727429,600.86262193,11.41069056,88.50618217,1.68077797,1245.9484952,23.66120344,1624.03588594,30.84127766,0.0,0.0,1098.46778964,20.86046891,250.56230451,4.75830717
2022-07-10,2022-07-10,283.38356521,5.40301435,463.94380804,8.84559078,77.55084635,1.47859081,764.24414344,14.57114167,1063.64788623,20.27959804,0.0,0.0,1166.85375103,22.24732954,1425.29201915,27.17473481
2022-07-11,2022-07-11,353.73242833,3.02688158,646.70676023,5.5338573,79.36559092,0.67912983,3543.19948237,30.31908975,3074.90872191,26.31193473,0.0,0.0,1781.32692375,15.24278019,2207.12505867,18.88632663
2022-07-12,2022-07-12,426.8264368,4.02266977,902.38924602,8.5046605,97.85722474,0.92226551,2190.75866908,20.64703098,4105.47717004,38.69249293,0.0,0.0,2049.05470315,19.31152734,838.16293152,7.89935298
2022-07-13,2022-07-13,398.08586142,4.38620803,816.82153757,8.99994079,94.35060227,1.03957816,3090.48100598,34.05168057,2624.9363086,28.92219448,0.0,0.0,1611.97410273,17.76112752,439.20514847,4.83927045
2022-07-14,2022-07-14,521.43622253,4.42731006,1115.65152439,9.47255868,110.47168524,0.93797167,2971.99322489,25.23402657,3161.77620054,26.84539924,0.0,0.0,1655.50704026,14.05625971,2240.88501722,19.02647408
2022-07-15,2022-07-15,509.60705667,5.40557066,991.07032091,10.51261079,108.14710408,1.14715211,2979.5177347,31.6047304,2582.14716817,27.38968933,0.0,0.0,1693.20029608,17.96033574,563.75265752,5.97991096
2022-07-16,2022-07-16,397.85220832,7.61182543,669.41453305,12.80743567,95.80551676,1.83297932,513.23375472,9.8193391,1829.97638486,35.01164625,0.0,0.0,1213.12741402,23.20991038,507.35493836,9.70686386
2022-07-17,2022-07-17,312.53436648,1.50960616,501.11287533,2.42047967,81.25983968,0.39250197,2819.28416596,13.61773037,1441.86826707,6.96452437,0.0,0.0,1169.71604602,5.6499724,14377.26444467,69.44518506
2022-07-18,2022-07-18,413.62409247,3.62897073,989.65838917,8.68286299,91.68270967,0.80438706,4620.52394157,40.53861086,3106.27715163,27.25322112,0.0,0.0,2000.8194427,17.55438167,175.24918451,1.53756556
2022-07-19,2022-07-19,504.06049277,3.97796536,1113.77523234,8.78973726,106.14400474,0.83767163,2651.44469294,20.92478046,4837.06103011,38.17331752,0.0,0.0,2855.20324061,22.53281056,603.62557687,4.7637172
2022-07-20,2022-07-20,449.64549468,2.77119117,988.11976092,6.08983919,99.26124891,0.61175281,5596.51095476,34.49162043,4087.53620037,25.19172182,0.0,0.0,2512.97643559,15.487619,2491.66178644,15.35625558
2022-07-21,2022-07-21,449.20968723,4.3486079,899.37002989,8.70641869,124.79253053,1.2080634,2538.10205972,24.5702864,3594.92053429,34.80089651,0.0,0.0,1874.99682443,18.15104669,848.57363517,8.2146804
2022-07-22,2022-07-22,470.14480954,4.81790748,864.04651831,8.85449781,108.23757759,1.10918726,2856.84996767,29.27616886,3038.15129807,31.13409225,0.0,0.0,1994.36457272,20.43766899,426.483333,4.37047735
2022-07-23,2022-07-23,332.15371076,5.80501377,550.64489844,9.62356016,93.22338772,1.62925487,1896.05469111,33.13713871,1560.34100994,27.26990773,0.0,0.0,1059.66773956,18.51969621,229.75647448,4.01542856
2022-07-24,2022-07-24,269.96730193,5.17668001,444.92253424,8.53148353,77.88841201,1.49352675,1649.15344391,31.62286548,1490.23404862,28.57555253,0.0,0.0,1186.37221361,22.74893768,96.52848145,1.85095401
2022-07-25,2022-07-25,398.56926136,3.92218025,832.1251894,8.188652,92.84913071,0.91369572,2574.52352687,25.33498265,3349.10444338,32.95736166,0.0,0.0,2074.34175376,20.41286933,840.41797459,8.27025839
2022-07-26,2022-07-26,448.61303528,4.67106451,913.89952666,9.51573696,101.55910582,1.05745731,2408.55959318,25.07848934,2999.53235023,31.23183678,0.0,0.0,2156.70602742,22.45613074,575.21599898,5.98928436
2022-07-27,2022-07-27,479.08745961,4.59254087,920.29762544,8.82198932,118.92933342,1.14005869,2808.07755494,26.91828113,3936.44484635,37.73482995,0.0,0.0,2054.52217371,19.69468591,114.50157517,1.09761413
2022-07-28,2022-07-28,541.4195193,4.00434838,1130.60999908,8.36201164,109.10864043,0.80696944,2876.05669876,21.27136645,5191.85872571,38.39907938,0.0,0.0,2515.19862312,18.60245371,1156.53737787,8.553771
2022-07-29,2022-07-29,557.06162458,3.31309326,1147.91198145,6.82714315,120.24832864,0.7151703,4457.51656441,26.51083372,4150.48152339,24.68475976,0.0,0.0,2919.67066845,17.36458014,3461.05266501,20.58441968
2022-07-30,2022-07-30,382.48854052,6.27622785,701.60066354,11.51251648,97.2049057,1.59502853,1167.50693673,19.1575401,2303.11207223,37.79160576,0.0,0.0,1365.04082279,22.39885989,77.28848598,1.26822139
2022-07-31,2022-07-31,271.29112985,6.24733963,408.93137916,9.41694338,73.32598703,1.68856367,933.7824211,21.50330505,1687.7084508,38.86484564,0.0,0.0,967.10660052,22.27070009,0.36053838,0.00830254
2022-08-01,2022-08-01,439.00392414,4.7575943,843.4482096,9.14065722,104.92837673,1.13713482,2749.75439811,29.79976971,3057.00830304,33.1295564,0.0,0.0,2029.2386187,21.99136169,4.05323096,0.04392587
2022-08-02,2022-08-02,510.66872965,6.1020478,979.14327495,11.69991174,102.98007124,1.23052241,1496.83983133,17.88593597,2837.52776004,33.90599232,0.0,0.0,2060.90822676,24.6260634,380.74117333,4.54952635
2022-08-03,2022-08-03,484.21684818,5.7368003,865.62478895,10.25556333,111.94353159,1.32626051,1995.12100707,23.63736587,2876.46620935,34.07917813,0.0,0.0,2046.1357778,24.24176771,61.0305085,0.72306414
2022-08-04,2022-08-04,490.8576347,5.27653034,859.00527952,9.23397559,127.77394154,1.37352061,2892.60435358,31.09438163,2715.53225304,29.19092481,0.0,0.0,1757.46747573,18.89209782,459.4182625,4.9385692
2022-08-05,2022-08-05,480.77658016,5.74579503,876.50330935,10.47515325,108.30465607,1.29435663,1803.111472,21.54911316,2879.0132837,34.40729207,0.0,0.0,1924.72214727,23.00249097,295.01949242,3.52579889
2022-08-06,2022-08-06,351.92812669,9.75494306,560.44751711,15.53480158,93.48262578,2.59120435,352.17209356,9.76170547,1250.38532774,34.65888842,0.0,0.0,964.38871361,26.73147235,34.88581487,0.96698477
2022-08-07,2022-08-07,279.41801763,7.37826256,419.89557093,11.08768789,83.52681963,2.20559437,616.74334806,16.28561534,1691.77441482,44.67269481,0.0,0.0,624.44959393,16.4891051,71.23580184,1.88103993
2022-08-08,2022-08-08,432.618686,4.83449549,866.57046461,9.68388824,102.66741733,1.14730404,1353.60888514,15.12652196,3242.59678015,36.23588169,0.0,0.0,2078.4251659,23.2263132,872.0923764,9.74559537
2022-08-09,2022-08-09,404.58994347,4.39503016,753.08754643,8.18073343,96.51289,1.04841227,2378.10276542,25.83315166,2966.00168658,32.21945347,0.0,0.0,1600.4701293,17.38578676,1006.85887022,10.93743226
2022-08-10,2022-08-10,464.31402241,2.89072371,995.96438828,6.20066967,101.43170594,0.63149296,6127.07897521,38.14593494,3887.8809716,24.2051482,0.0,0.0,1812.49779727,11.28423892,2673.03898925,16.64179159
2022-08-11,2022-08-11,524.51759182,4.7789655,1106.15944058,10.07839944,122.16085867,1.11302755,2577.48189907,23.4838588,4327.71030719,39.43047586,0.0,0.0,2207.70061709,20.11472111,109.81602483,1.00055175
2022-08-12,2022-08-12,475.7844193,6.45129509,820.55225175,11.12609934,126.11102724,1.70997498,1578.20865985,21.3993762,2476.9219979,33.58528375,0.0,0.0,1634.44853739,22.16194856,262.99490524,3.56602207
2022-08-13,2022-08-13,351.96285348,5.48084237,747.49074802,11.64008907,93.75887382,1.46003365,1448.03074156,22.54905074,2331.04282589,36.29950764,0.0,0.0,1381.05216153,21.50604568,68.35447803,1.06443085
2022-08-14,2022-08-14,306.37490861,7.49160277,473.2194314,11.5713523,87.73881801,2.14542495,431.02157266,10.53951325,1668.78089738,40.80570322,0.0,0.0,956.62544907,23.39179112,165.81652007,4.05461239
2022-08-15,2022-08-15,391.79850146,4.30442505,798.9728811,8.77777447,96.89000226,1.0644649,2127.43543811,23.37269377,3412.91476751,37.49538543,0.0,0.0,2160.33050179,23.73408958,113.88403107,1.2511668
2022-08-16,2022-08-16,404.16009413,4.80793041,755.47942388,8.9872616,97.74986328,1.16284251,3534.55377116,42.04741833,2026.39764971,24.10623665,0.0,0.0,1560.12870423,18.55945291,27.64414293,0.32885759
2022-08-17,2022-08-17,466.44633973,4.03037525,896.81296361,7.74900019,105.53286952,0.91186709,4607.85288362,39.81460382,2969.08205819,25.65464412,0.0,0.0,2213.6059234,19.12687863,313.94018606,2.7126309
2022-08-18,2022-08-18,463.93654708,4.68881394,851.19522724,8.60267653,107.6736599,1.08821295,2469.12782173,24.95444908,2991.57265279,30.23458193,0.0,0.0,1725.68307513,17.44076189,1285.3505185,12.99050368
2022-08-19,2022-08-19,484.51257124,2.83115267,910.05447489,5.317722,120.80315833,0.70588919,4424.47221115,25.85352183,4717.02842671,27.56301578,0.0,0.0,2516.8024752,14.70643381,3939.94176734,23.02226472
2022-08-20,2022-08-20,354.75760193,7.30998805,625.43299973,12.88741306,95.79754825,1.97396456,375.98361508,7.74736247,2105.69314543,43.38903983,0.0,0.0,1283.01783804,26.43733357,12.3703577,0.25489846
2022-08-21,2022-08-21,254.49161823,6.85108346,380.76165908,10.25035686,75.99456383,2.04582415,855.67380762,23.03530746,1253.58683499,33.74739055,0.0,0.0,893.06896012,24.04200981,1.04112218,0.0280277
2022-08-22,2022-08-22,408.26904706,4.42747292,820.83912197,8.90158834,99.2226656,1.07602001,3360.32204981,36.44100624,2424.34712301,26.29082788,0.0,0.0,1698.22163037,18.41636132,410.04417471,4.44672329
2022-08-23,2022-08-23,486.77457729,7.62695641,854.49832689,13.38858231,110.99556016,1.73911773,807.30579043,12.64915294,2497.86682714,39.13746178,0.0,0.0,1618.05059816,25.35218962,6.79964348,0.10653922
2022-08-24,2022-08-24,497.62850707,6.48129838,822.9008453,10.71776604,112.02808757,1.45909539,2560.08184371,33.34345613,1848.06150533,24.06983897,0.0,0.0,1836.95945344,23.92524173,0.25362879,0.00330336
2022-08-25,2022-08-25,500.03884028,6.5912484,874.35603784,11.52530038,107.01762871,1.41064997,1436.13580661,18.93038516,2228.49518356,29.37484878,0.0,0.0,2210.52490212,29.13797401,229.83723668,3.0295933
2022-08-26,2022-08-26,485.04459903,4.58890027,929.90838386,8.7976587,120.02374481,1.13551825,3382.91579625,32.00502232,3593.07781928,33.993319,0.0,0.0,2057.83597113,19.46873353,1.14662043,0.01084792
2022-08-27,2022-08-27,407.59732545,4.04735135,676.17387064,6.71425708,104.56711912,1.03832838,2062.53690828,20.48053561,3450.48015825,34.26250531,0.0,0.0,1869.81437353,18.56684344,1499.5478625,14.89017883
2022-08-28,2022-08-28,285.20214214,4.14618503,400.63566724,5.82432373,71.95410665,1.04604768,3502.11264769,50.91268571,1689.71329516,24.56455591,0.0,0.0,811.31685846,11.79468635,117.72940917,1.71151559
2022-08-29,2022-08-29,436.83907129,4.37728916,862.03567127,8.63791645,100.78165796,1.00986951,2824.42936468,28.30182749,3711.18374016,37.1874345,0.0,0.0,1926.76611303,19.3069095,117.63571435,1.17875339
2022-08-30,2022-08-30,479.35070801,4.12114594,861.61540738,7.40760945,98.63631048,0.84801091,2990.90301083,25.71384079,3323.66747553,28.57473344,10.0,0.0859735,1972.84411494,16.96123187,1894.47371605,16.2874541
2022-08-31,2022-08-31,526.0589619,3.60714161,1017.95339646,6.98001996,107.27919132,0.7356043,5991.94291557,41.08624353,3507.40563332,24.04998246,0.0,0.0,2076.98759121,14.24172746,1356.19015546,9.29928068
2022-09-01,2022-09-01,555.01083839,6.20797282,1032.04985394,11.54380599,113.79406958,1.27282288,2237.68012926,25.02916423,2699.36206169,30.19322354,0.0,0.0,2085.49444121,23.32691889,216.89965409,2.42609164
2022-09-02,2022-09-02,612.4321337,3.38203535,956.40952179,5.28158246,144.22612267,0.79646024,5275.30253216,29.13181505,4115.22080615,22.72549312,0.0,0.0,1769.59757064,9.77225265,5235.20079314,28.91036113
2022-09-03,2022-09-03,415.7023609,7.79483589,648.25049233,12.15534642,104.41556505,1.95789649,1554.0017656,29.13909055,1444.45492482,27.0849775,0.0,0.0,1159.69612106,21.74546454,6.52704368,0.12238861
2022-09-04,2022-09-04,326.46494664,3.51039425,485.19209787,5.21714679,84.25668387,0.90599062,4409.0247003,47.40911726,2272.03454041,24.43060751,0.0,0.0,878.62785575,9.44766108,844.35022867,9.0790825
2022-09-05,2022-09-05,391.19662574,2.75689448,790.17246286,5.56861169,96.44458312,0.67967749,3761.64360442,26.50957044,3079.14977129,21.69980635,0.0,0.0,1597.68865153,11.25945047,4473.46121363,31.52598907
2022-09-06,2022-09-06,483.86688047,4.02139814,977.32987181,8.12254917,105.20420325,0.87434789,2880.32793449,23.93828936,3786.25536519,31.46741573,0.0,0.0,2192.82084599,18.22444566,1606.49967455,13.35155404
2022-09-07,2022-09-07,457.74355311,4.46120419,980.48798227,9.55591196,94.86145295,0.92452708,1889.99567975,18.42004456,3332.94041627,32.48309593,0.0,0.0,2272.5989782,22.148926,1231.90998189,12.00629028
2022-09-08,2022-09-08,562.95373481,3.78329622,1199.95550087,8.06422771,110.55451355,0.74297486,6519.92197024,43.81673768,2664.71707344,17.90806846,0.0,0.0,2205.07762279,14.81908959,1616.79996405,10.86560548
2022-09-09,2022-09-09,585.22639385,4.02802962,1338.88895251,9.21538129,158.83012273,1.09320503,4814.20694388,33.1354983,3911.61994813,26.92312101,0.0,0.0,2849.77934694,19.61462392,870.29859287,5.99014082
2022-09-10,2022-09-10,473.17020696,5.98850705,783.85079839,9.92052323,111.92303358,1.41651327,1645.99786323,20.83197475,2105.23661681,26.64416341,0.0,0.0,1554.29065876,19.67131579,1226.8358271,15.52700252
2022-09-11,2022-09-11,314.22703551,4.70490728,498.65539357,7.4663448,90.36617342,1.35304865,2674.72143937,40.04848392,2022.28382324,30.27956482,0.0,0.0,1029.84633406,15.41984288,48.60814945,0.72780764
2022-09-12,2022-09-12,451.83114335,3.22066785,926.86416098,6.60671945,107.4812541,0.76613006,4312.66738914,30.74084069,4215.44726305,30.0478523,0.0,0.0,2359.89999972,16.82144793,1654.92215388,11.79634173
2022-09-13,2022-09-13,463.33272048,3.03025485,1102.75668749,7.21216882,97.7802357,0.63949516,5040.11476143,32.9629908,5029.77491435,32.89536688,0.0,0.0,2270.42029647,14.84883716,1286.04326636,8.41088633
2022-09-14,2022-09-14,477.98861613,4.68061452,901.11574837,8.82400817,103.35656883,1.01209995,2573.15459706,25.19713725,4094.11395971,40.09084859,0.0,0.0,1952.1355934,19.1159243,110.22596291,1.07936722
2022-09-15,2022-09-15,514.17602744,4.68926074,958.85297734,8.74469323,121.58220062,1.10882385,4183.01855071,38.14892884,2771.09716704,25.27227345,0.0,0.0,2144.47962393,19.55755146,271.76331559,2.47846842
2022-09-16,2022-09-16,445.86258917,4.73637387,891.61651348,9.4715934,122.27023405,1.29887,1776.30110604,18.86954939,3793.47707427,40.29789925,0.0,0.0,1846.68036883,19.61718444,537.37730133,5.70852965
2022-09-17,2022-09-17,462.75202533,5.15214834,797.23122009,8.87614376,115.33306666,1.28408529,3195.64446943,35.57938903,2025.23665223,22.54840406,0.0,0.0,1045.84082216,11.64409177,1339.69121337,14.91573775
2022-09-18,2022-09-18,368.37433333,6.1041198,632.58706151,10.48223738,90.21687355,1.49493207,1823.90228544,30.22283868,1952.44485824,32.35284393,0.0,0.0,1007.19859736,16.68971028,160.12369157,2.65331785
2022-09-19,2022-09-19,413.97684694,3.42610833,945.32818257,7.82361813,81.30423001,0.67288087,3735.54535903,30.91569776,3867.04673184,32.00401454,0.0,0.0,1943.16073545,16.08176698,1096.64308444,9.07591339
2022-09-20,2022-09-20,507.90049527,5.36336278,1056.12241437,11.15251453,100.46426123,1.06088946,1886.72263514,19.92354419,2848.70460391,30.08194793,0.0,0.0,1941.87179963,20.50591216,1128.02808,11.91182895
2022-09-21,2022-09-21,491.79294935,3.43144479,1063.8097714,7.42264504,91.3734573,0.63755077,2854.29984851,19.91564205,3892.45580215,27.15928969,0.0,0.0,2371.10486934,16.54418889,3567.11324332,24.88923878
2022-09-22,2022-09-22,457.76611283,4.00666236,940.49934039,8.23185291,86.53745825,0.75743129,3235.87866994,28.32248369,3737.56082729,32.71352742,0.0,0.0,2080.07736176,18.20617,886.80348126,7.76187234
2022-09-23,2022-09-23,509.03949705,3.42293327,1029.26687802,6.9210972,108.60093131,0.73026502,3583.05142377,24.09350549,4110.86560819,27.64268535,0.0,0.0,2004.03256077,13.47571212,3526.58397658,23.71380155
2022-09-24,2022-09-24,387.98567973,7.68704414,633.05551146,12.54253935,95.65216796,1.89512777,1232.58267666,24.42079162,1530.19093611,30.31721498,0.0,0.0,1167.67297363,23.1347551,0.12754632,0.00252704
2022-09-25,2022-09-25,354.27423269,10.03940988,518.61255057,14.69642295,94.30018376,2.67227506,371.17540691,10.51835472,1371.25604225,38.85860214,0.0,0.0,819.08350132,23.21115745,0.13331291,0.00377782
2022-09-26,2022-09-26,468.45166827,4.53910131,1022.48533574,9.9074565,116.37021491,1.12757885,1668.86589636,16.17061457,2606.93478509,25.2601109,0.0,0.0,2174.22144758,21.06729911,2263.03225073,21.92783876
2022-09-27,2022-09-27,527.96791586,2.80378925,1209.17839123,6.42137765,104.08784233,0.55276157,6321.37852853,33.56986784,5963.65922414,31.67018888,0.0,0.0,3238.62752749,17.19882737,1465.61416922,7.78318744
2022-09-28,2022-09-28,449.335123,2.34023298,905.9577818,4.71842099,85.82129273,0.44697556,3773.08648789,19.65103767,2963.82220772,15.43621701,0.0,0.0,2198.77705375,11.45169898,8823.64408142,45.9554168
2022-09-29,2022-09-29,528.00549414,3.43594797,1009.69133055,6.57047496,104.51190322,0.68010175,4106.07022233,26.71988037,4970.24164808,32.34339772,0.0,0.0,4114.85013036,26.77701483,533.72734496,3.4731824
2022-09-30,2022-09-30,574.25366321,4.04092715,1096.76497702,7.71775203,139.52696659,0.98182797,3897.79574203,27.42813788,4551.90767078,32.03101432,0.0,0.0,2380.95564027,16.75438733,1569.73360714,11.04595332
2022-10-01,2022-10-01,441.6015779,7.5329536,782.27909649,13.34431856,105.03600175,1.7917312,2267.9648264,38.68752887,1005.73708442,17.15612255,0.0,0.0,1078.24426626,18.39296875,181.40049765,3.09437647
2022-10-02,2022-10-02,387.60176292,10.25578976,575.64290929,15.23128432,86.62413267,2.29204038,565.07901036,14.95176772,1148.31387043,30.38393207,0.0,0.0,952.65287847,25.2068194,63.4312689,1.67836635
2022-10-03,2022-10-03,552.607236,6.67514692,1019.27813536,12.31223708,116.81662153,1.41107112,1805.52240232,21.80957199,2022.34655629,24.42867103,0.0,0.0,1928.53168546,23.29544655,833.47524289,10.06785531
2022-10-04,2022-10-04,555.20674959,5.95550748,1065.19456025,11.42596731,111.08681696,1.19158921,2901.47481014,31.12309955,2321.87419199,24.90592762,0.0,0.0,2120.1337015,22.74192835,247.6058164,2.65598048
2022-10-05,2022-10-05,488.02932293,5.04656423,913.2940495,9.44409867,104.25861769,1.07810696,2260.09775223,23.37099009,2781.4100956,28.761724,0.0,0.0,2123.84471863,21.96203851,999.59178395,10.33647755
2022-10-06,2022-10-06,579.49220032,6.81245673,1007.00109359,11.83821176,138.75167385,1.63115185,1754.78985963,20.62914736,2640.92877267,31.04651449,0.0,0.0,1709.24067175,20.09367531,676.15728216,7.9488425
2022-10-07,2022-10-07,517.24044883,4.23255629,972.92070451,7.96136818,115.41560349,0.94444091,5606.17185646,45.87506261,3127.38359865,25.59124516,0.0,0.0,1719.60542422,14.07145705,161.78379245,1.3238698
2022-10-08,2022-10-08,375.70102747,5.21682914,652.2980599,9.05754118,91.21904118,1.26662989,3068.69255508,42.61059611,2013.07549281,27.95273401,0.0,0.0,919.93117185,12.77378392,80.79498497,1.12188576
2022-10-09,2022-10-09,362.91037575,8.37238248,575.598384,13.27911833,93.2531724,2.15136099,1155.26624453,26.65211994,1044.11299074,24.08780209,0.0,0.0,809.91842121,18.68490749,293.55336897,6.77230867
2022-10-10,2022-10-10,476.41599599,6.67568664,797.9000629,11.18041971,111.36656706,1.5605024,1830.79893947,25.65371466,2415.25387399,33.84327595,0.0,0.0,1361.68986874,19.08041489,143.15886174,2.00598575
2022-10-11,2022-10-11,461.51546995,4.32773767,972.17456355,9.11630651,97.24578681,0.91189631,2462.52231823,23.09164329,4065.04187515,38.1188411,0.0,0.0,2243.07103116,21.03379764,362.5566101,3.39977748
2022-10-12,2022-10-12,439.28664421,5.59152303,892.28682381,11.35760075,94.3903519,1.20146113,2027.56338426,25.8081312,2310.8943757,29.41455035,0.0,0.0,1874.95004097,23.86557039,216.92517244,2.76116316
2022-10-13,2022-10-13,546.96366394,3.79254445,1095.97977872,7.59932022,118.03941401,0.81846337,4300.9861151,29.82223885,4212.90824076,29.21152323,0.0,0.0,2782.14111589,19.29084974,1365.05821925,9.46506014
2022-10-14,2022-10-14,569.4821847,4.15508879,1153.03978078,8.41287541,130.37434657,0.95124483,5205.93205186,37.98382196,3604.18873465,26.29708991,0.0,0.0,2094.71601136,15.28358789,947.92309538,6.91629121
2022-10-15,2022-10-15,378.83164242,8.14100617,593.19035111,12.74752626,92.28703769,1.98322753,905.16475158,19.45178545,979.36270689,21.04628271,0.0,0.0,921.93061493,19.81208006,782.60907869,16.81809181
2022-10-16,2022-10-16,418.3557616,12.37267512,565.70748958,16.73053326,99.62080077,2.94623839,542.25611253,16.0369698,1139.87707456,33.71132902,0.0,0.0,615.47017131,18.2022412,0.00044705,1.322e-05
2022-10-17,2022-10-17,521.67297825,6.62684241,1065.15860845,13.53077221,107.90818565,1.370764,1703.73668427,21.64266692,2167.82869122,27.53805487,0.0,0.0,1797.15673092,22.82938724,508.6579987,6.46151236
2022-10-18,2022-10-18,529.96419514,5.02492457,1066.45022602,10.11168677,104.96936331,0.9952807,2651.62117449,25.14169166,2994.20250379,28.38992117,0.0,0.0,2408.30638334,22.83467076,791.19562257,7.50182438
2022-10-19,2022-10-19,457.60658387,4.92838047,949.68564093,10.22802627,93.42533705,1.00618221,3154.47986642,33.97345558,2635.07681411,28.37953288,0.0,0.0,1772.64151437,19.0911847,222.21527395,2.39323789
2022-10-20,2022-10-20,487.51787692,5.41914211,910.23715435,10.11799715,97.30515022,1.08162277,2898.76240587,32.22200899,2778.78167921,30.88832947,0.0,0.0,1752.59434564,19.48145548,71.02011176,0.78944403
2022-10-21,2022-10-21,496.56787714,6.35110969,929.8875268,11.89327372,106.70889059,1.36480812,1172.24821744,14.99307015,2959.34824051,37.85010299,0.0,0.0,1932.22635962,24.7132006,221.61312054,2.83443473
2022-10-22,2022-10-22,111.40428027,6.20183358,155.20966582,8.64046261,26.95134702,1.50037116,451.24912166,25.12086565,581.4578959,32.36953821,0.0,0.0,443.19573661,24.67253679,26.84394276,1.494392
2022-10-23,2022-10-23,324.23196586,7.99992875,495.94013918,12.23656578,89.85393927,2.21700877,364.34046709,8.98954478,1388.03893501,34.24774159,0.0,0.0,1207.24762056,29.78699192,183.28260258,4.5222184
2022-10-24,2022-10-24,499.43641156,5.96573261,897.73527278,10.72338434,118.26740398,1.41269578,2455.97894242,29.33649477,2149.76360326,25.6787742,0.0,0.0,1526.74062604,18.2368088,723.830949,8.64610949
2022-10-25,2022-10-25,563.71940218,5.04406396,1120.18015806,10.0231788,116.51589771,1.04256415,2568.95539735,22.98656971,3598.05219661,32.19475033,0.0,0.0,2947.82938782,26.37666881,260.64474809,2.33220424
2022-10-26,2022-10-26,594.14505448,3.75012103,1292.94966241,8.16083158,137.07656771,0.86519902,2846.80941147,17.96847381,5942.99251188,37.5109429,0.0,0.0,3451.53676455,21.78538813,1577.84679797,9.95904353
2022-10-27,2022-10-27,490.55344365,4.19277376,929.29144563,7.94267952,109.17013182,0.93308012,2606.90316092,22.28127294,4236.22844141,36.20716088,0.0,0.0,2221.2623671,18.98519048,1106.56509759,9.45784229
2022-10-28,2022-10-28,515.35583449,5.04146279,915.34111762,8.95431442,110.63595886,1.08229505,3296.21547108,32.24519161,2907.82762139,28.44579174,0.0,0.0,1902.04142728,18.60669935,574.92986066,5.62424504
2022-10-29,2022-10-29,485.00513079,5.68845635,763.28621927,8.95231837,134.95088673,1.58279198,2750.19448587,32.25607381,2580.41964785,30.26484384,0.0,0.0,1623.5984168,19.04262067,188.67428138,2.21289497
2022-10-30,2022-10-30,370.14550617,6.43349396,564.84118115,9.81749682,107.96587833,1.87655345,1012.50242567,17.59829077,2515.96527725,43.72995797,0.0,0.0,1154.5919813,20.06794739,27.4011862,0.47625964
2022-10-31,2022-10-31,654.12953396,4.96414206,960.19568565,7.2868561,142.53796718,1.0817104,4063.42423386,30.8370347,4545.41951144,34.49486224,0.0,0.0,2003.58776168,15.20508364,807.79666308,6.13031086
2022-11-01,2022-11-01,594.08346919,4.65043411,982.87816329,7.69388541,124.08238524,0.9713062,4518.60436422,35.37124486,4064.27991365,31.81483228,0.0,0.0,2346.20088563,18.36585798,144.66679427,1.13243918
2022-11-02,2022-11-02,552.12180976,4.53948972,959.80066685,7.89138408,106.67317267,0.87705604,4170.31993341,34.28794901,3710.22297268,30.5050783,0.0,0.0,2429.49795046,19.97508661,234.00387842,1.92395624
2022-11-03,2022-11-03,608.57290471,4.7207679,998.58686699,7.74614971,132.25400697,1.02590908,4595.63818375,35.64887799,3687.77743086,28.60650086,0.0,0.0,2341.94216079,18.16670656,526.6248753,4.0850879
2022-11-04,2022-11-04,608.60871635,4.53315711,1034.16808709,7.70289069,123.77493274,0.92192438,3436.37023651,25.59543717,3971.44207052,29.58086265,0.0,0.0,2536.25656809,18.89103652,1715.09356486,12.77469148
2022-11-05,2022-11-05,481.93323454,5.22172195,821.84355127,8.90463284,116.985134,1.26752794,2389.47431741,25.88983201,2632.10531817,28.51872649,0.0,0.0,2167.13749219,23.48082388,619.91385413,6.7167349
2022-11-06,2022-11-06,398.26932176,4.79834198,656.10642255,7.90475896,97.46146296,1.17421404,3281.26667609,39.53264481,2193.31253674,26.42499194,0.0,0.0,1495.61735621,18.01917234,178.1108049,2.14587593
2022-11-07,2022-11-07,584.26997713,2.50919519,994.47717146,4.27086353,130.80680298,0.56176051,7776.35931595,33.39621095,6528.71500939,28.03810046,0.0,0.0,2890.84800376,12.41498314,4379.67821547,18.80888622
2022-11-08,2022-11-08,739.85247897,2.03040919,1480.67114185,4.06346991,123.95509647,0.34017534,13647.81691174,37.45429475,14098.63249785,38.69148748,0.0,0.0,4482.92755893,12.30269216,1864.73433766,5.11747117
2022-11-09,2022-11-09,695.2115064,1.75186022,1850.17664622,4.66225148,114.76281588,0.28919028,15048.7061836,37.92116433,11717.38643708,29.52658728,0.0,0.0,5124.48511428,12.91316607,5133.45939686,12.93578033
2022-11-10,2022-11-10,616.12504363,1.83262758,1427.50898516,4.24604123,105.86732977,0.31489612,11448.9535298,34.05423661,13142.61454701,39.09193136,0.0,0.0,4461.68123659,13.27100753,2417.01200275,7.18925956
2022-11-11,2022-11-11,590.94356004,2.39042685,1277.82026974,5.16891305,112.56906372,0.45535332,5504.51914787,22.26634023,11098.78084428,44.89569821,0.0,0.0,3214.17337081,13.00165844,2922.45053855,11.82160989
2022-11-12,2022-11-12,516.76460442,3.02790463,977.30382936,5.72636509,112.19073833,0.65736479,4953.23872132,29.02275878,6872.73249448,40.26974442,0.00922094,5.403e-05,2596.45721731,15.21355132,1038.04296465,6.08225694
2022-11-13,2022-11-13,465.03239538,3.52863074,1098.72400042,8.33703485,108.08438061,0.82013613,3692.07280126,28.01516996,4787.25745924,36.32534855,0.0,0.0,2451.03029804,18.59823305,576.63286953,4.37544672
2022-11-14,2022-11-14,879.59553531,2.79539176,1701.67128599,5.40798322,189.33703304,0.60172109,13665.44764141,43.42936977,7487.40500533,23.79528934,0.0,0.0,3813.72787451,12.12018826,3728.72847326,11.85005657
2022-11-15,2022-11-15,2361.67575137,6.74814081,3840.05567342,10.97239381,619.20122236,1.76927634,9043.71310195,25.84107891,7937.58683142,22.68048592,0.0,0.0,7030.9172317,20.089811,4164.27863899,11.89881321
2022-11-16,2022-11-16,2819.81728332,8.10888978,4640.30350432,13.34402405,723.81877718,2.08147057,6552.61630933,18.84322212,9398.23676722,27.02631354,0.0,0.0,8634.96101017,24.83137736,2004.64039439,5.76470259
2022-11-17,2022-11-17,2471.90563387,9.85009223,3977.94494524,15.85138367,606.81989469,2.41806639,2408.41767185,9.59710431,7574.89859637,30.18458666,0.0,0.0,7631.18075426,30.40886078,424.08618771,1.68990596
2022-11-18,2022-11-18,1992.1085635,1.26948613,3464.96461194,2.20807471,503.27521538,0.32071591,8498.09247716,5.41547322,8375.38037074,5.337274,79999.9988912,50.98059975,6626.53041541,4.22280624,47462.08520023,30.24557003
2022-11-19,2022-11-19,1008.85168524,9.36281881,1713.81639177,15.90536307,253.19941416,2.34986002,1731.30901203,16.0677063,3021.5273846,28.04179626,0.0,0.0,3023.72810817,28.06222045,22.6530101,0.21023509
2022-11-20,2022-11-20,437.84207121,5.63241977,753.6196872,9.69459699,94.43157941,1.21477201,1927.468033,24.79503404,2691.47649966,34.62327275,0.0,0.0,1830.50037243,23.54763776,38.26686734,0.49226667
2022-11-21,2022-11-21,629.21786165,3.25621697,1417.87250263,7.33752295,110.07352653,0.56963304,5840.09563821,30.22262983,6761.28110816,34.98978591,0.0,0.0,3418.24737321,17.68950911,1146.79723569,5.93470218
2022-11-22,2022-11-22,642.96177459,3.10888586,1437.8221467,6.95224058,101.0940187,0.48881563,7961.54829164,38.49613756,6955.79471723,33.63305986,0.0,0.0,3109.64333011,15.03592681,472.55675774,2.28493369
2022-11-23,2022-11-23,652.94191115,3.24873004,1427.2570718,7.10135595,102.46055308,0.50979524,7365.55389012,36.64751151,6484.79293438,32.26526168,0.0,0.0,3889.30150454,19.35132426,176.06603974,0.87602132
2022-11-24,2022-11-24,570.53160578,4.90766552,1096.61472779,9.43298886,121.48167208,1.04497526,2577.23808966,22.16918812,4058.36672934,34.90973374,0.0,0.0,3200.44353776,27.52994966,0.63925872,0.00549885
2022-11-25,2022-11-25,615.23726221,4.20373701,1134.37054053,7.75082348,107.74775243,0.73620901,3964.87879717,27.09086193,5219.65818659,35.66440401,0.0,0.0,2925.89664229,19.9917995,667.69494227,4.56216505
2022-11-26,2022-11-26,531.29022193,5.15366205,910.21149121,8.82930313,102.84895805,0.99766333,2906.65494864,28.19535667,2476.47967239,24.02253755,0.0,0.0,1772.96638098,17.19826411,1608.53282611,15.60321316
2022-11-27,2022-11-27,410.66759052,4.12541623,665.01020006,6.68044894,84.39351218,0.84778632,3492.21122891,35.08147514,1869.48882751,18.78020014,0.0,0.0,1809.54669296,18.17804341,1623.25545273,16.30662983
2022-11-28,2022-11-28,573.28819284,5.27981873,1187.52629574,10.93677431,110.47006057,1.01739736,1955.60907722,18.01059495,4144.82246591,38.17261816,0.0,0.0,2886.38761014,26.58279649,0.0,0.0
2022-11-29,2022-11-29,600.73780756,3.74959496,1252.66870295,7.81871924,97.89303271,0.61101402,5074.88791871,31.67567266,4861.79066491,30.34559425,0.0,0.0,3215.58919683,20.07058135,917.83803829,5.72882352
2022-11-30,2022-11-30,699.25683549,3.68162362,1492.37451147,7.85742945,117.77076795,0.62006922,8226.76702371,43.31435641,4273.34053926,22.49936028,0.0,0.0,3763.41990706,19.81460162,420.23505,2.2125594
2022-12-01,2022-12-01,711.0623381,4.14674179,1501.49258318,8.75633781,124.90003732,0.72838649,5118.03187073,29.84711113,4980.94208308,29.04763699,0.0,0.0,3222.34200877,18.79191112,1488.72402019,8.68187467
2022-12-02,2022-12-02,738.29393865,6.58251378,1296.44832446,11.55893136,116.01127468,1.03433846,1708.2517269,15.23050636,4487.57002742,40.01047548,0.0,0.0,2860.48967905,25.50368049,8.92277578,0.07955408
2022-12-03,2022-12-03,677.60114329,9.73142081,1101.90617265,15.82511004,137.94005961,1.98103675,1048.24935713,15.05451357,2255.08364013,32.38655671,0.0,0.0,1741.34888475,25.00851561,0.89450637,0.01284652
2022-12-04,2022-12-04,440.93922711,8.57343076,728.71740497,14.16886462,93.59983176,1.81991446,698.35745921,13.57855903,1657.5224226,32.22814586,0.0,0.0,1523.89079258,29.6298705,0.06247597,0.00121476
2022-12-05,2022-12-05,603.1300379,3.89012744,1148.11300425,7.40521217,105.37049265,0.67962897,6423.49512953,41.43089064,3814.29738246,24.6018304,0.0,0.0,2608.20661381,16.82266754,801.50764746,5.16964285
2022-12-06,2022-12-06,699.49128005,6.83087746,1282.67577104,12.52596174,114.17749199,1.11499954,1231.97127114,12.03080728,3809.48456975,37.20149632,0.0,0.0,2517.54693351,24.5850879,584.7907051,5.71076976
2022-12-07,2022-12-07,683.11274465,5.92172567,1374.71036338,11.91700449,113.31440773,0.98229296,3111.5128425,26.97289081,3392.47055368,29.4084397,0.0,0.0,2526.01169002,21.89733449,334.57139314,2.90031188
2022-12-08,2022-12-08,666.35248345,5.5338215,1238.86362877,10.2883239,107.57450857,0.89336821,3123.1027278,25.93626263,3977.03334556,33.02785414,0.0,0.0,2493.14357238,20.70467484,435.38216671,3.61569478
2022-12-09,2022-12-09,644.20228862,5.84275406,1194.4447561,10.83331598,113.91464735,1.03317744,2052.48100832,18.61549075,4081.48521444,37.01805277,0.0,0.0,2784.03748854,25.25052554,155.09615636,1.40668345
2022-12-10,2022-12-10,589.70046656,9.11387805,953.52435077,14.73681156,114.68143779,1.77241277,1079.83238894,16.68891457,1999.66659602,30.90504168,0.0,0.0,1732.76760109,26.78009177,0.18437895,0.00284959
2022-12-11,2022-12-11,427.12086039,8.02923652,632.94785709,11.89847773,92.15073267,1.73229663,745.85657844,14.02099366,1973.40836556,37.09714036,0.0,0.0,1438.68628435,27.04516103,9.39936426,0.17669406
2022-12-12,2022-12-12,548.65826639,4.99983075,1085.82209819,9.89491464,103.27001518,0.94108233,2845.56849265,25.93118835,3112.2246477,28.36118117,0.0,0.0,3268.48828256,29.78518546,9.50498165,0.0866173
2022-12-13,2022-12-13,679.19927619,4.02639446,1427.63440988,8.46322938,107.47094324,0.63710376,6092.46191493,36.11702152,5105.75319653,30.2676653,0.0,0.0,3443.25722452,20.4121416,12.89508603,0.07644399
2022-12-14,2022-12-14,727.4915393,4.43893374,1380.24348731,8.42182906,113.28810388,0.69124981,4572.96287753,27.90283888,5722.17077474,34.91495851,0.0,0.0,3634.34373015,22.17566821,238.37983647,1.45452179
2022-12-15,2022-12-15,687.59615756,5.51322929,1252.63861309,10.04380815,114.31561373,0.91659644,2514.43337613,20.16103142,4652.06495399,37.30082037,112.53,0.90227917,2770.3189912,22.21275328,367.85199948,2.94948189
2022-12-16,2022-12-16,661.17676902,5.32674595,1392.01317822,11.21470218,120.69675386,0.97238889,2459.02669624,19.81105674,3908.88069588,31.49175134,0.0,0.0,3093.37618068,24.92166967,777.22512853,6.26168522
2022-12-17,2022-12-17,682.40697537,6.39899799,1221.15169934,11.45086078,121.13969721,1.13593897,1293.08365836,12.1253739,3138.91365937,29.43390516,0.0,0.0,2698.1285106,25.30061904,1509.45443296,14.15430415
2022-12-18,2022-12-18,447.51372015,4.84971132,569.67005931,6.17352097,83.73613513,0.90744946,1661.18619384,18.00229386,1293.81505182,14.02108857,0.0,0.0,1117.25892973,12.10774785,4054.45616008,43.93818796
2022-12-19,2022-12-19,638.64529374,4.8783077,1132.42589581,8.65006292,107.12372162,0.81826717,2783.16725592,21.25929119,4722.17060875,36.07041575,0.0,0.0,2366.90457525,18.07965852,1341.09628127,10.24399676
2022-12-20,2022-12-20,650.55954207,4.71823507,1271.58657111,9.22228322,117.33130096,0.85095464,3771.37230641,27.35217903,4460.8597641,32.35274191,0.0,0.0,3408.00096979,24.71679937,108.48646664,0.78680677
2022-12-21,2022-12-21,716.08329071,7.0556958,1240.42143293,12.2220926,109.21784873,1.07614285,1635.15906984,16.11151262,3621.20674788,35.68039299,0.0,0.0,2619.20163981,25.80745877,207.72023589,2.04670436
2022-12-22,2022-12-22,721.96106365,6.48592608,1458.11660262,13.09937195,112.97528487,1.01494303,2673.01873889,24.01376311,3187.24835976,28.63347943,0.0,0.0,2700.99390773,24.26508536,276.88079356,2.48743104
2022-12-23,2022-12-23,812.18845597,6.58186455,1525.88378716,12.36555424,131.98054224,1.06955233,3039.81290836,24.6342295,3919.18315368,31.76052611,0.0,0.0,2736.05326119,22.17260272,174.69081576,1.41567056
2022-12-24,2022-12-24,536.61834361,7.75460025,897.16873758,12.96486599,101.35282801,1.46463623,1688.45913958,24.39969826,2063.02183743,29.81245394,0.0,0.0,1414.104602,20.43503736,219.27459492,3.16870798
2022-12-25,2022-12-25,431.97667497,11.34128126,519.61240472,13.64210331,91.96517872,2.41448907,311.41727516,8.17606855,1209.84484737,31.76373052,0.0,0.0,1244.07138958,32.66232729,0.0,0.0
2022-12-26,2022-12-26,432.76729936,8.1397752,736.20399668,13.84701442,93.47553876,1.7581501,587.11364918,11.04282401,2220.39984221,41.76275704,0.0,0.0,1246.73809066,23.44947922,0.0,0.0
2022-12-27,2022-12-27,564.79393019,4.25335031,1678.97669124,12.64403819,104.53965987,0.7872673,4341.57622501,32.6955436,3381.33088058,25.46412766,136.82868769,1.03042952,1786.8349689,13.45629735,1283.92012247,9.66894606
2022-12-28,2022-12-28,654.06149629,5.69832848,1349.35396337,11.75587031,108.80134157,0.94790136,1356.53892746,11.8184673,4862.37933689,42.36212471,165.39813586,1.44098516,2810.59583575,24.48653284,171.0,1.48978984
2022-12-29,2022-12-29,692.06902754,5.70527067,1163.24644683,9.58955765,107.41793306,0.88553072,1358.78099316,11.20150309,4518.2281292,37.24731697,234.0,1.9290465,2901.96783751,23.92320901,1154.63484027,9.51856539
2022-12-30,2022-12-30,834.48514442,6.12406943,1216.67713896,8.92887708,137.56813896,1.00957679,3193.05192522,23.4329776,4667.01216488,34.24998843,166.45841743,1.22159503,2622.85817229,19.24847394,788.2063911,5.7844417
2022-12-31,2022-12-31,631.91110631,5.66172305,896.94033464,8.03630086,126.46174262,1.1330571,1192.87658116,10.68779574,3762.84838612,33.71392782,0.0,0.0,2098.58961462,18.8026972,2451.48169048,21.96449824
2023-01-01,2023-01-01,431.02393498,5.96174715,625.3846444,8.65006516,86.75179164,1.19991538,2665.31315651,36.86552377,2261.35290556,31.27811045,0.0,0.0,1104.45502729,15.27637117,55.54436003,0.76826692
2023-01-02,2023-01-02,593.34910093,7.64283957,852.20066744,10.97706725,95.91455017,1.23546074,1745.01748116,22.4773049,2277.99679875,29.34253047,42.90273185,0.55262357,2110.76110308,27.1883929,45.32159644,0.58378059
2023-01-03,2023-01-03,449.58842269,5.20750932,821.96754291,9.52071589,80.17773205,0.92868558,1507.64003165,17.46274841,3355.08163343,38.86136294,126.06183999,1.46015372,2292.94642282,26.55882416,0.0,0.0
2023-01-04,2023-01-04,848.34569725,6.65234827,1447.32760459,11.34929701,143.67167434,1.12660914,1684.04061069,13.20549474,5126.33666579,40.19844382,46.72972612,0.36643365,3456.122943,27.10137336,0.0,0.0
2023-01-05,2023-01-05,694.40517212,7.32340039,1172.71765663,12.36782399,123.38725195,1.30127811,2396.68019986,25.27609158,2712.85821596,28.61059757,15.78026754,0.16642332,2336.17597025,24.63799624,30.0,0.31638879
2023-01-06,2023-01-06,681.11589335,6.0202962,1173.7958725,10.37503147,120.62409829,1.06618096,2652.5563962,23.44560645,3916.88018444,34.62080257,239.65556764,2.11828489,2529.02685527,22.35374465,0.005976,5.282e-05
2023-01-07,2023-01-07,674.69097157,9.24848042,933.47940698,12.79588194,123.09892713,1.68740663,1426.69389595,19.55673207,2340.51599424,32.08315696,35.97614319,0.49315119,1760.69955137,24.13519079,0.0,0.0
2023-01-08,2023-01-08,446.85491439,8.70192059,565.10081707,11.00460636,87.61299865,1.70614965,1192.11508472,23.21489697,1291.0418569,25.14136771,75.61194674,1.47244471,1476.79214786,28.758614,0.0,0.0
2023-01-09,2023-01-09,662.37352256,5.32650975,1238.28968949,9.95776835,117.49907436,0.94487467,3582.03584905,28.80512009,3897.80186464,31.34436827,240.93746541,1.93751066,2688.18973197,21.61721192,8.2865,0.0666363
2023-01-10,2023-01-10,740.15485209,6.34252183,1387.83907926,11.89264603,113.15346647,0.96963268,2170.24012402,18.59718319,3964.49448026,33.9724758,110.07543911,0.9432565,3183.7558268,27.28218398,0.01166854,9.999e-05
2023-01-11,2023-01-11,640.50209673,5.67521849,1160.75369806,10.28494815,109.46911704,0.9699596,2389.62722166,21.1734773,3906.94548135,34.61779339,0.0,0.0,3024.64842197,26.80013188,54.0,0.47847119
2023-01-12,2023-01-12,847.67562141,4.19088774,1883.17947678,9.31039372,132.49355447,0.65504492,5228.44280737,25.84929461,6566.15456078,32.46290912,157.51314374,0.77874117,4499.94715575,22.24762975,911.22998,4.50509895
2023-01-13,2023-01-13,792.52350413,4.68513364,1536.72106947,9.0845805,135.9412514,0.80363917,3651.79407137,21.58818401,5821.71414402,34.41602503,459.51832574,2.7165185,3889.29352959,22.99220129,628.2016512,3.71371785
2023-01-14,2023-01-14,802.2910603,3.60254008,1713.00059871,7.69191335,139.96596961,0.62849138,6077.04485223,27.28784945,8143.48104873,36.56680019,35.13035865,0.1577464,4975.91555639,22.34343137,383.32,1.72122778
2023-01-15,2023-01-15,546.20209398,5.03046373,827.81479559,7.62408704,92.00131805,0.84732244,1924.79532089,17.72716208,3713.65891619,34.2024073,414.15030925,3.81428071,2128.64744029,19.60461862,1210.61733295,11.14965807
2023-01-16,2023-01-16,620.00302505,5.43635791,1147.67601046,10.06314052,137.35867745,1.20439885,1682.84932683,14.75568809,4502.29460019,39.47736364,57.18538164,0.50141723,3257.38290343,28.56163375,0.0,0.0
2023-01-17,2023-01-17,745.7048321,7.36299243,1168.82455125,11.54082145,117.37199784,1.15891583,1122.74169369,11.08580532,3692.97906977,36.46399456,294.74699952,2.9102935,2839.96190348,28.04141411,145.41034441,1.43576281
2023-01-18,2023-01-18,932.76942606,6.54005013,1297.29304282,9.09588296,123.90854589,0.86877644,3023.00191443,21.1955747,4919.42784256,34.49223761,110.0,0.77125761,3528.15509998,24.73742231,327.8642635,2.29879824
2023-01-19,2023-01-19,640.86692561,2.9692211,979.34484219,4.53743399,104.69961256,0.48508713,4081.35918266,18.90947609,2962.38756285,13.7251328,0.0,0.0,2335.37056362,10.82008024,10479.642708,48.55356864
2023-01-20,2023-01-20,731.13578041,5.66446437,1151.87127255,8.9241068,149.3444159,1.1570438,2468.822328,19.12716693,5400.38103811,41.83937761,0.0,0.0,2644.65102087,20.48939731,361.20660399,2.79844318
2023-01-21,2023-01-21,635.83582293,4.79370973,1144.7078494,8.63021075,139.0842398,1.04858746,3662.51292351,27.61251127,3908.12306763,29.46422156,0.0,0.0,2745.98902003,20.70263077,1027.70879438,7.74812847
2023-01-22,2023-01-22,635.38726341,7.11966108,767.64081404,8.60159267,98.96486526,1.10892418,2659.7010498,29.80256475,2543.20912294,28.49724579,0.0,0.0,1935.8154929,21.69125984,283.68461817,3.17875169
2023-01-23,2023-01-23,547.83501029,4.77585645,963.44338036,8.39900188,114.89526669,1.00162146,4519.05668671,39.39574073,2636.65991303,22.98558693,189.97312046,1.656127,2003.18128282,17.46311585,495.88240699,4.3229497
2023-01-24,2023-01-24,553.87874585,5.70330065,963.28165532,9.91893068,108.70825143,1.11937106,1985.58886773,20.44564872,3110.04167302,32.024162,145.7738248,1.50103602,2454.82838503,25.27741752,389.446,4.01013334
2023-01-25,2023-01-25,587.01253815,4.67099421,1088.47824956,8.66127258,104.88491471,0.83459347,2828.82042265,22.5095768,4532.17765631,36.06358333,0.0,0.0,2547.99987673,20.27502292,877.81251209,6.9849567
2023-01-26,2023-01-26,694.28164038,6.51533245,1045.53344729,9.81157732,140.78698525,1.32118432,1755.98409574,16.47864425,4263.34103269,40.0083807,125.6281229,1.17892933,2515.56462435,23.60675967,114.99999,1.07919196
2023-01-27,2023-01-27,642.04758182,5.30599346,956.41118747,7.90394925,133.52288924,1.1034565,3863.73729511,31.93060047,3620.46610754,29.92016485,0.0,0.0,2210.29163326,18.26623646,673.94496348,5.569599
2023-01-28,2023-01-28,507.98197053,6.69793071,659.34547881,8.69371471,109.70442445,1.44649353,2804.87270175,36.98328698,1907.81069388,25.15519166,0.0,0.0,1494.44757335,19.70484559,99.99998,1.31853683
2023-01-29,2023-01-29,397.15518946,4.99243324,646.93731631,8.13231565,99.67023937,1.25290322,2017.09003086,25.35579943,1927.184133,24.22563871,413.82378318,5.20196555,2045.26036357,25.70991416,408.02165893,5.12903003
2023-01-30,2023-01-30,694.29958248,4.05181286,1123.7673369,6.55811276,142.60171725,0.83219908,7476.32588532,43.63055109,3329.28947292,19.42916035,351.78742096,2.05297084,2370.38119242,13.83313666,1647.07673805,9.61205636
2023-01-31,2023-01-31,627.720103,6.45910263,1028.72421475,10.58534727,120.28299434,1.23768572,2433.37372061,25.0388836,3006.06997281,30.93180283,471.29001026,4.84947117,2030.91844293,20.89770678,0.0,0.0
2023-02-01,2023-02-01,744.4342947,6.55301628,1107.25827549,9.7468394,136.77120493,1.20395304,2436.71241402,21.44959769,3525.13563327,31.03063813,0.0,0.0,2579.24786507,22.70429154,830.6180129,7.31166391
2023-02-02,2023-02-02,795.51694545,5.54480001,1321.60588803,9.21167096,158.29598074,1.10333232,3220.59493806,22.44773659,5248.93848924,36.58541073,0.0,0.0,3216.03282218,22.41593838,386.09587649,2.69111102
2023-02-03,2023-02-03,644.08937616,6.07789918,993.17794725,9.37204626,135.2765685,1.27652679,2488.95122273,23.48679414,3460.87322003,32.65826028,0.0,0.0,2199.10279659,20.75166207,675.76580049,6.37681128
2023-02-04,2023-02-04,598.28645738,8.52175686,742.05807808,10.56958324,136.19482166,1.93990544,1681.04916738,23.9442028,2328.47603661,33.16589634,0.0,0.0,1398.01508439,19.9127767,136.61418015,1.94587862
2023-02-05,2023-02-05,442.4133417,7.43880435,606.53008356,10.19828789,109.67222472,1.84404525,1032.39823223,17.35889888,1862.46709149,31.3158013,0.0,0.0,1259.95227126,21.18502665,633.93841478,10.65913568
2023-02-06,2023-02-06,598.26438775,6.00359773,957.03965956,9.60391633,122.11650384,1.2254421,2729.34240045,27.38901757,3107.8993881,31.18784618,0.0,0.0,2223.90239297,22.31691477,226.5331143,2.27326533
2023-02-07,2023-02-07,406.94881909,4.67123635,753.43217655,8.64840885,77.87437838,0.89389528,2583.21548063,29.65191072,2663.69502353,30.57570986,0.0,0.0,1876.04239631,21.53449531,350.59281239,4.02434363
2023-02-08,2023-02-08,450.8271477,5.55605509,783.55942715,9.65669295,74.90052723,0.92308428,1972.56843711,24.31020171,2985.65121334,36.79557163,0.0,0.0,1654.31871139,20.3880488,192.33360685,2.37034553
2023-02-09,2023-02-09,489.76478747,3.99767792,838.87538217,6.84727379,84.67281873,0.69113719,2848.6885499,23.25226231,3886.5657578,31.72387746,0.0,0.0,2179.81615543,17.79262848,1922.84832953,15.69514286
2023-02-10,2023-02-10,1400.97067647,8.40450398,1795.476418,10.7711667,276.50212324,1.6587522,3464.36848796,20.78294658,5572.72610282,33.43110565,0.0,0.0,3751.73331369,22.50686477,407.50735076,2.44466013
2023-02-11,2023-02-11,581.64019178,9.97235796,783.75199113,13.43761232,130.59010815,2.23899813,1292.46600747,22.15963383,1704.94162365,29.23162534,0.0,0.0,1339.13428424,22.95977242,0.0,0.0
2023-02-12,2023-02-12,457.5791507,7.76228786,647.88380529,10.99058073,105.72020342,1.79341793,897.62333427,15.22711579,2239.29514884,37.98698767,0.0,0.0,1317.71650429,22.35349843,229.08241384,3.88611159
2023-02-13,2023-02-13,530.65389872,4.76478665,874.36330821,7.85098278,110.46305712,0.99185722,1485.41635909,13.33768028,4164.03915568,37.38926301,0.0,0.0,2200.45241342,19.75805005,1771.60360732,15.90738001
2023-02-14,2023-02-14,615.15719199,6.04350702,947.76417227,9.31114763,126.66629667,1.24441145,1541.79275037,15.14708018,4234.87981327,41.60485517,0.0,0.0,2528.54620931,24.84127141,184.00513958,1.80772714
2023-02-15,2023-02-15,758.3167321,4.66692138,1288.02891262,7.92693794,140.55806447,0.86503885,4036.98761386,24.84490059,6029.2745572,37.10606555,0.0,0.0,3918.48303005,24.11558584,77.10845154,0.47454984
2023-02-16,2023-02-16,850.17439497,4.48912251,1592.65873144,8.40961597,186.91360445,0.98694818,5847.44939502,30.87592014,5682.64630998,30.00572075,0.0,0.0,4387.46180787,23.16683929,391.23870234,2.06583317
2023-02-17,2023-02-17,757.42344091,5.5014758,1083.50895221,7.86996806,161.68397875,1.17437677,3813.16753037,27.69659318,5628.14369726,40.87950637,0.0,0.0,2323.10332471,16.87364827,0.61012,0.00443155
2023-02-18,2023-02-18,547.36866443,7.44567447,738.23980819,10.04203136,123.81016766,1.68414866,636.10081687,8.65266852,3908.90814695,53.17158157,0.0,0.0,1397.0711316,19.00389542,0.0,0.0
2023-02-19,2023-02-19,430.23953684,6.068997,531.64235111,7.49939408,112.39344417,1.58543188,1362.41133271,19.2182949,3346.98538866,47.21287226,0.0,0.0,1290.46535417,18.20341855,15.0,0.21159133
2023-02-20,2023-02-20,500.7879968,4.85616418,782.58587007,7.58877108,123.18498328,1.19453043,2534.95629226,24.58158745,4504.0295245,43.67578091,0.0,0.0,1694.61358195,16.43274564,172.26074138,1.67042031
2023-02-21,2023-02-21,580.27723841,4.58343434,912.6606339,7.20883021,133.62983308,1.05550162,2305.35845324,18.20932891,5798.28043013,45.79886279,0.0,0.0,2297.74987807,18.14923108,632.35882556,4.99481104
2023-02-22,2023-02-22,598.18266511,5.54547374,957.43421964,8.8759281,121.60777253,1.12736919,2102.93250499,19.49531083,4645.06261418,43.06221872,0.0,0.0,2260.46487509,20.95572029,101.17852634,0.93797914
2023-02-23,2023-02-23,615.34693212,5.40052228,933.17065653,8.18986601,122.19547976,1.07243471,1649.46539092,14.47634519,5670.40156371,49.76563367,0.0,0.0,2272.51513945,19.94447036,131.11635645,1.15072777
2023-02-24,2023-02-24,649.38494012,5.06376624,949.62410633,7.40496768,129.97025117,1.01348049,3377.35507147,26.33589962,5250.48519034,40.94217161,0.0,0.0,2325.09746389,18.13061764,142.23221794,1.10909671
2023-02-25,2023-02-25,554.06690011,7.48197021,684.82119923,9.24764105,119.9883691,1.62029062,1808.45423174,24.42087892,2688.82826347,36.30921275,0.0,0.0,1384.25304819,18.69258037,164.94894119,2.22742608
2023-02-26,2023-02-26,459.30133859,8.81665085,573.58440309,11.01040426,102.47953595,1.96717538,841.80683119,16.15914496,1883.22409525,36.14996935,0.0,0.0,1317.24342452,25.28552473,31.83669753,0.61113048
2023-02-27,2023-02-27,571.27789231,5.28481788,819.68283741,7.58277989,119.24895592,1.10315666,2305.18985948,21.32501317,4345.33742578,40.19815438,0.0,0.0,2545.40679732,23.54722899,103.64959997,0.95884904
2023-02-28,2023-02-28,681.74602897,6.12323984,964.84884363,8.66598502,127.712935,1.14707955,2072.46352844,18.61425032,4214.68136893,37.85501311,0.0,0.0,2196.22379028,19.72582814,876.07045962,7.86860401
2023-03-01,2023-03-01,769.86365555,6.06988342,1087.34827414,8.57304695,143.6321144,1.13244752,1984.20541649,15.64419294,5110.93686244,40.2964742,0.0,0.0,2393.0957189,18.86803193,1194.25307194,9.41592303
2023-03-02,2023-03-02,682.76492609,7.83661095,930.96037716,10.68533841,128.1765061,1.47117899,761.41032164,8.73928381,4182.25333416,48.00289388,0.0,0.0,1849.08947892,21.22340254,177.84756642,2.04129142
2023-03-03,2023-03-03,813.44994355,5.30554206,1071.62814512,6.9894506,160.96821873,1.04987856,3250.53129429,21.20085032,7121.35503061,46.44741688,0.0,0.0,2497.5646024,16.2897965,416.58258531,2.71706507
2023-03-04,2023-03-04,618.7431046,7.73324273,660.40990378,8.25400728,132.60647414,1.65735674,1239.20049943,15.48791119,3900.05543187,48.74409929,0.0,0.0,1420.66199693,17.75587313,29.40474899,0.36750965
2023-03-05,2023-03-05,504.14076367,5.46953228,517.22239084,5.61145769,109.72017251,1.1903779,1905.5991062,20.67425724,4704.96838166,51.04522052,0.0,0.0,1369.73050906,14.86050282,105.87414755,1.14865155
2023-03-06,2023-03-06,598.61269979,5.37636632,777.02122838,6.97872057,118.19827852,1.0615833,2574.91755012,23.12630519,4698.64628205,42.20031351,0.0,0.0,2295.9454531,20.62075162,70.80868541,0.6359595
2023-03-07,2023-03-07,707.6935536,5.32498663,1130.60403521,8.50714457,136.28280456,1.02544966,1748.03020956,13.15292113,6603.90825098,49.69060827,0.0,0.0,2839.31063286,21.36417816,124.223665,0.93471157
2023-03-08,2023-03-08,632.22817641,5.62006313,989.89520491,8.79947106,113.10913691,1.00546055,2541.91709854,22.5958524,4603.97625038,40.92610567,0.0,0.0,2291.90973665,20.37346306,76.44971745,0.67958413
2023-03-09,2023-03-09,786.22387387,4.5090211,1230.02428127,7.05423179,145.13726092,0.83236721,6744.22924654,38.67838794,5906.29052684,33.8727804,0.0,0.0,2562.25575612,14.69462536,62.52555113,0.3585862
2023-03-10,2023-03-10,777.06383393,4.15066773,1316.97911275,7.03461217,136.29415156,0.72801192,4881.87406593,26.07641257,7962.29145804,42.53038777,0.0,0.0,3442.30797734,18.38700503,204.60689768,1.09290281
2023-03-11,2023-03-11,350.54370839,2.41676036,504.10040625,3.47542931,62.48230413,0.43077297,5906.1855412,40.7191307,4543.0942538,31.32154373,0.0,0.0,1773.08846085,12.22423852,1365.19990063,9.41212442
2023-03-12,2023-03-12,78.97466926,3.09325845,114.15226289,4.47108491,13.14095869,0.51470151,1129.14567217,44.22607177,976.5096176,38.24766414,0.0,0.0,241.19905465,9.44721923,0.0,0.0
2023-03-13,2023-03-13,757.92325235,1.66934725,1720.10245456,3.78857397,135.15994454,0.29769357,5824.17066797,12.8278995,12573.12489825,27.69266077,0.0,0.0,6451.61795301,14.20986977,17940.27296519,39.51395516
2023-03-14,2023-03-14,1019.20606422,3.27687146,2125.48467131,6.83369174,181.85172719,0.58467542,8795.53577105,28.27871732,11081.814981,35.62938307,0.0,0.0,6198.44835813,19.9287654,1700.68078522,5.46789558
2023-03-15,2023-03-15,699.36318095,3.93307842,1176.14561411,6.61440731,145.84067164,0.82017872,2876.62760021,16.17757734,6402.22861764,36.00485116,0.0,0.0,3416.7575063,19.21515972,3064.60904656,17.23474733
2023-03-16,2023-03-16,653.64058721,3.89503779,1037.29287281,6.18121796,134.49979368,0.80148294,4357.89312586,25.96864201,7496.72945818,44.67293665,0.0,0.0,3101.31118215,18.48068264,0.0,0.0
2023-03-17,2023-03-17,784.05159098,3.10933274,1605.58743814,6.36731772,165.59208345,0.65669261,4374.15081303,17.34667782,11339.98487017,44.97125784,0.0,0.0,5144.3238763,20.40097214,1802.38158139,7.14774912
2023-03-18,2023-03-18,563.62842672,3.53291618,1027.85669724,6.44277575,154.84199682,0.97057524,4495.67496077,28.17963408,6284.27983355,39.39090519,0.0,0.0,2998.47294844,18.79492428,428.87657225,2.68826928
2023-03-19,2023-03-19,442.44574757,4.12512188,823.68575,7.6795949,121.03925739,1.12850376,1650.4514231,15.38790532,5144.25628681,47.96222875,0.0,0.0,2222.77180334,20.72390716,320.99034787,2.99273824
2023-03-20,2023-03-20,570.51720915,2.86570917,1162.88110161,5.84115429,125.08485488,0.6283015,5127.92512393,25.75757897,8313.60794104,41.75927065,0.0,0.0,3998.69233012,20.08544021,609.70414009,3.06254521
2023-03-21,2023-03-21,605.39917796,4.29095859,1116.8428736,7.91597791,124.93624649,0.88552525,3080.26517161,21.83235586,5654.34791396,40.0769833,0.0,0.0,2634.42018662,18.6722882,892.50482631,6.32591089
2023-03-22,2023-03-22,752.26972019,4.42727985,1239.15931006,7.29273676,120.63468262,0.70996278,3334.62601547,19.62503894,7079.4312955,41.66407693,0.0,0.0,3890.67460823,22.89751244,574.89557273,3.38339231
2023-03-23,2023-03-23,583.862033,3.8400769,884.81061945,5.81942417,118.44623702,0.77902421,3650.42353708,24.00893759,7204.98762739,47.38740493,0.0,0.0,2605.20129876,17.13448173,156.70459018,1.03065047
2023-03-24,2023-03-24,570.82284609,5.10909146,818.99475995,7.33032878,130.03451049,1.16386058,2509.85500657,22.46420037,4753.13207206,42.54242217,0.0,0.0,2232.05756475,19.9778028,157.79118333,1.41229384
2023-03-25,2023-03-25,460.94711128,7.17960773,611.18545109,9.51968606,115.3280982,1.79632432,1009.95801864,15.73087719,2922.76731775,45.52436129,0.0,0.0,1237.29093011,19.27176309,62.7500346,0.97738032
2023-03-26,2023-03-26,392.52304224,8.32059986,448.29611624,9.50286276,88.38979199,1.87366348,342.06447425,7.25099245,2005.15699871,42.50478889,0.0,0.0,1364.80485343,28.9307731,76.24962595,1.61631945
2023-03-27,2023-03-27,468.36179084,5.55156977,757.95901911,8.98421361,113.09958394,1.34058807,1209.30823669,14.33413053,3575.84362595,42.3850659,0.0,0.0,2045.83481052,24.24961836,266.15791247,3.15481376
2023-03-28,2023-03-28,570.43545996,4.03745624,867.10766875,6.13725744,123.51677485,0.87423312,4362.63144401,30.87804807,5801.69833084,41.06354668,0.0,0.0,2134.78458543,15.10968366,268.41130632,1.89977479
2023-03-29,2023-03-29,595.01728855,5.25464383,1047.40253319,9.24969302,141.52192031,1.24979106,1736.25555511,15.33300749,4553.68386903,40.21393547,0.0,0.0,2855.35111233,25.21582716,394.41415347,3.48310198
2023-03-30,2023-03-30,634.53437956,3.60809414,941.62681285,5.35428543,142.37876735,0.80959521,5568.71980151,31.66489622,6052.82016034,34.4175913,0.0,0.0,2759.84663871,15.69306061,1486.487629,8.45247708
2023-03-31,2023-03-31,589.49780636,4.9938944,907.26954978,7.68587818,139.03527498,1.17782878,2846.38036147,24.11293614,4439.65805104,37.61029008,0.0,0.0,2740.3159949,23.21441838,142.21363124,1.20475403
2023-04-01,2023-04-01,560.98074955,9.4356352,674.52124808,11.34537404,134.03927674,2.25452606,1015.12642144,17.07431602,2115.00019558,35.57407329,0.0,0.0,1392.77955651,23.42640068,52.89420129,0.88967471
2023-04-02,2023-04-02,480.69453199,10.47290228,504.13366467,10.98357118,127.93460092,2.78731395,624.19093874,13.59926164,1659.32458139,36.15174095,0.0,0.0,985.67469745,21.47491619,207.93543191,4.5302938
2023-04-03,2023-04-03,564.27022478,6.09551777,779.52636981,8.42081795,126.62952591,1.36791291,1219.62670246,13.17499296,4132.7812188,44.64428611,0.0,0.0,2276.02624914,24.58672784,158.27332856,1.70974445
2023-04-04,2023-04-04,643.17227974,8.06043394,994.38566019,12.46194865,141.35812895,1.77154379,811.40583793,10.16878892,3003.34292718,37.63882248,0.0,0.0,2264.75682086,28.38263295,120.95370636,1.51582926
2023-04-05,2023-04-05,581.51332367,5.07261125,942.94149487,8.22539302,138.96454354,1.21220457,2282.43264216,19.90993675,5008.88435895,43.69310574,0.0,0.0,2466.40669738,21.51476475,42.64344328,0.37198393
2023-04-06,2023-04-06,683.85334749,8.78007295,782.93247754,10.05216146,134.69780704,1.72940087,1827.73048572,23.46644503,2752.9241231,35.34511413,0.0,0.0,1475.56862679,18.94499782,130.99092298,1.68180775
2023-04-07,2023-04-07,556.2250414,8.57358468,662.02147458,10.20431795,130.99040651,2.01907009,679.34963217,10.47141205,2886.46920736,44.49168294,0.0,0.0,1372.60444081,21.15715679,200.0,3.08277551
2023-04-08,2023-04-08,472.45467589,9.84365363,512.60633033,10.68021849,120.36590056,2.50783894,930.47438302,19.38655284,1749.42716799,36.44953891,0.0,0.0,968.36759102,20.17606268,45.89050352,0.95613451
2023-04-09,2023-04-09,319.68723456,7.77620479,338.23774768,8.22743516,107.81371816,2.62250556,507.60276815,12.34714011,1669.35237779,40.60601911,0.0,0.0,1050.33818026,25.54886122,118.06385096,2.87183404
2023-04-10,2023-04-10,453.47136198,4.40446984,825.67699009,8.01962308,110.88332842,1.07698593,1423.20314336,13.82326613,3791.70589784,36.82802413,0.0,0.0,2851.54177632,27.69641216,839.22569528,8.15121874
2023-04-11,2023-04-11,680.59330154,4.39417936,1229.85608996,7.94043702,145.68161649,0.9405781,2947.26212304,19.02868917,5378.9014318,34.72831366,0.0,0.0,3051.62619952,19.7025049,2054.5981591,13.2652978
2023-04-12,2023-04-12,555.82541118,5.07615688,902.30017967,8.24038838,144.4459132,1.31917343,2347.66775284,21.44041918,4955.75531833,45.25916039,0.0,0.0,1941.29444637,17.72915551,102.43977587,0.93554624
2023-04-13,2023-04-13,547.89615325,5.95032331,853.82483046,9.27280427,140.19176387,1.52252633,1623.05418609,17.62687526,3641.21957879,39.5447816,0.0,0.0,2401.65186985,26.08268923,0.0,0.0
2023-04-14,2023-04-14,590.43485309,6.22011982,938.46518136,9.88655368,151.91094274,1.60035313,2065.39654656,21.75856307,3291.25393388,34.67273944,0.0,0.0,2371.55909685,24.98392779,83.31834765,0.87774308
2023-04-15,2023-04-15,464.68856805,10.3878565,634.38348879,14.18129281,135.570787,3.03061013,564.00242942,12.60796306,1424.34686295,31.84048809,0.0,0.0,1220.22426225,27.27744,30.16622917,0.67434941
2023-04-16,2023-04-16,343.59504162,5.27486715,464.29948258,7.12792034,104.6672562,1.60685052,1686.18184695,25.88624441,1560.80252846,23.96142255,0.0,0.0,957.06811114,14.69289869,1397.19986586,21.44979635
2023-04-17,2023-04-17,499.62031133,5.11675844,885.38232956,9.06746064,122.47851599,1.25433848,1635.5949435,16.75060849,4403.66015518,45.09917782,0.0,0.0,1929.14595846,19.75695071,288.50899694,2.95470543
2023-04-18,2023-04-18,569.2410928,7.16554703,903.43373152,11.37232883,134.83284811,1.69726172,794.5585169,10.00181908,3356.06598671,42.24580581,0.0,0.0,1979.12655535,24.91303701,206.88133666,2.60420052
2023-04-19,2023-04-19,548.34825583,4.58153212,812.59188959,6.7893274,123.02578481,1.02789893,3022.02606439,25.2494821,4763.74118271,39.80177376,0.0,0.0,2455.00283261,20.51191775,243.92953644,2.03806795
2023-04-20,2023-04-20,531.88884453,4.37479586,887.36606854,7.29860279,125.00056679,1.02813204,3481.02698997,28.63151318,4904.1339496,40.33659499,0.0,0.0,2160.34788531,17.76890244,68.26229902,0.56145871
2023-04-21,2023-04-21,583.53213467,2.86413873,944.1102099,4.63395665,141.91372901,0.69655223,1608.77929854,7.89633821,7751.32983148,38.04569213,0.0,0.0,2938.61280474,14.42353254,6405.46050898,31.43978953
2023-04-22,2023-04-22,457.72969823,7.68363513,550.03892429,9.23317498,114.04679471,1.91443544,964.22812505,16.18592178,2141.26778795,35.94418377,0.0,0.0,1454.05938734,24.40842669,275.83171015,4.63022221
2023-04-23,2023-04-23,348.04705954,8.68947708,446.94165196,11.1585176,92.41965742,2.3073848,303.08532796,7.56694515,1602.93124215,40.01939939,0.0,0.0,1124.73662022,28.08060809,87.22399519,2.17766789
2023-04-24,2023-04-24,466.71185759,5.31110302,744.22758039,8.46918561,109.32753295,1.24412907,1830.69332594,20.83298441,3472.57588543,39.51733381,0.0,0.0,2017.58672073,22.95980004,146.35223879,1.66546404
2023-04-25,2023-04-25,550.4548351,5.10385994,777.80348516,7.21185426,119.37790487,1.1068812,2522.93192008,23.3928205,4114.73388619,38.15213182,0.0,0.0,2496.99799034,23.15235909,202.76935633,1.8800932
2023-04-26,2023-04-26,566.84306586,4.25846423,1097.98670639,8.24873302,122.0691297,0.91705633,2715.75282134,20.40235992,4964.1362577,37.29356142,0.0,0.0,2798.40785331,21.02331397,1045.77814853,7.8565111
2023-04-27,2023-04-27,604.82202223,4.91285903,930.14969066,7.55543637,130.02299369,1.05615307,2382.3558809,19.35144252,4745.35770718,38.54567558,0.0,0.0,2278.49398889,18.5077913,1239.79664381,10.07064212
2023-04-28,2023-04-28,627.05613833,7.06398004,818.32725477,9.21870793,148.16297637,1.66910145,1715.77226952,19.32870174,3247.11852918,36.57978781,0.0,0.0,2076.84790276,23.39632968,243.52565771,2.74339135
2023-04-29,2023-04-29,492.26151498,10.2840796,528.68594034,11.04504035,128.32033211,2.68080374,260.78655165,5.44822127,1928.84447285,40.2964471,0.0,0.0,1419.98837588,29.66568185,27.74938107,0.57972609
2023-04-30,2023-04-30,383.40821202,5.08117584,472.51484506,6.26207509,103.83471332,1.37608538,1632.30348172,21.63235099,2956.09947425,39.1761594,0.0,0.0,1812.12798253,24.01550263,185.37048744,2.45665067
2023-05-01,2023-05-01,595.49011222,5.91090634,768.72841605,7.63049053,122.41700783,1.21512591,1561.02055903,15.49487745,3938.38786811,39.09291074,0.0,0.0,2005.84788593,19.91028689,1082.53799973,10.74540213
2023-05-02,2023-05-02,526.31173429,8.04515405,691.40818659,10.56880364,107.51743429,1.64350187,1012.94683346,15.48381461,2574.28075279,39.35022511,0.0,0.0,1470.62202305,22.47979658,158.8851471,2.42870413
2023-05-03,2023-05-03,702.23660483,7.42553152,968.42520394,10.24024072,157.87666369,1.6694062,1593.60262092,16.85093942,3467.94182988,36.67042017,0.0,0.0,2172.0722349,22.96774439,394.89991105,4.17571758
2023-05-04,2023-05-04,587.34227296,7.09782227,772.50343242,9.33542896,140.19530395,1.69421034,1538.64118708,18.59393098,2892.77976101,34.95821355,0.0,0.0,2104.70142041,25.43456737,238.80112077,2.88582653
2023-05-05,2023-05-05,565.57596479,6.15698403,738.960097,8.04448173,130.59801033,1.42171859,2321.8042073,25.27566997,3415.03163291,37.17678356,0.0,0.0,1971.83186876,21.46579431,42.12369579,0.45856779
2023-05-06,2023-05-06,481.46617706,7.04604269,626.76594214,9.17243993,115.45141396,1.68957993,975.46643432,14.27551606,2623.8908897,38.3994725,0.0,0.0,1601.00266305,23.42995968,409.09953771,5.98698921
2023-05-07,2023-05-07,265.86067096,8.45431214,328.95978978,10.46085055,64.66615464,2.05636981,349.02535705,11.09893127,1364.36421493,43.38648853,0.0,0.0,632.11659687,20.1011718,139.68257731,4.44187591
2023-05-08,2023-05-08,301.55840102,4.65693941,452.5531762,6.98873822,27.39933593,0.42312549,1068.57271988,16.50187293,2692.31712507,41.57721253,0.0,0.0,1318.76059751,20.36550194,614.30191144,9.48660947
2023-05-09,2023-05-09,772.33058758,6.98203423,1034.88779431,9.35560771,152.20753475,1.37598877,2300.8683915,20.80034395,3795.99953741,34.31665031,0.0,0.0,2458.77188705,22.22782543,546.6186188,4.9415496
2023-05-10,2023-05-10,589.04216263,5.83452024,855.13692713,8.47021491,107.87196493,1.06848236,2045.31157639,20.25901122,4311.5277322,42.70610391,0.0,0.0,1749.33628898,17.32734705,437.58480604,4.33432031
2023-05-11,2023-05-11,572.3898185,4.18657421,772.63552458,5.65121157,109.0049633,0.79728422,6377.8709164,46.64903017,3264.27083835,23.8755332,0.0,0.0,2003.12725245,14.65127546,572.73393721,4.18909117
2023-05-12,2023-05-12,723.88770087,5.39616167,856.07345058,6.38152953,120.29022299,0.89669363,3916.00833719,29.19156392,5003.34745445,37.29704445,0.0,0.0,2443.94412308,18.21818161,351.31181334,2.61882518
2023-05-13,2023-05-13,446.74146609,8.69459731,513.97459972,10.00310585,108.32287825,2.10820772,631.72777257,12.29484838,1755.17179417,34.15960486,0.0,0.0,1461.84707385,28.45084372,220.3645822,4.28879217
2023-05-14,2023-05-14,378.13081465,7.65095137,410.77485792,8.31145821,109.38631086,2.21327994,499.53396954,10.10737544,1959.92074604,39.6562717,0.0,0.0,1344.98973729,27.21399759,239.53539589,4.84666574
2023-05-15,2023-05-15,475.51990548,5.92897168,682.1060297,8.5047698,100.77858732,1.25654759,644.13359821,8.03131439,3928.77753577,48.98556393,0.0,0.0,1835.96873807,22.89158986,352.99182641,4.40124276
2023-05-16,2023-05-16,510.46638871,5.50574291,736.92144914,7.94822172,104.44608905,1.12652532,1304.69806971,14.07209622,4411.97726091,47.58631134,0.0,0.0,1999.15211309,21.56227679,203.86469771,2.1988257
2023-05-17,2023-05-17,646.70994857,5.80218264,901.63046433,8.08929047,116.14602207,1.04204433,1835.36331365,16.46659862,4196.07536767,37.64654571,0.0,0.0,2392.93040636,21.46900521,1057.12158843,9.48433303
2023-05-18,2023-05-18,538.42862386,5.3666751,764.68832017,7.62187147,110.03150658,1.09671611,1000.08086885,9.96809764,3485.82735962,34.74425775,0.0,0.0,1843.46573901,18.37436057,2290.2933189,22.82802135
2023-05-19,2023-05-19,559.83037458,7.00238693,698.88836342,8.74173135,128.59497502,1.60847252,1744.55872493,21.82102966,2767.78785271,34.61963186,0.0,0.0,2009.42768824,25.13402418,85.7626421,1.07272351
2023-05-20,2023-05-20,481.10703847,11.24790181,526.92541793,12.31909926,107.05618068,2.50288878,145.8856458,3.41069094,1529.05218121,35.7480299,0.0,0.0,1457.38487082,34.0725049,29.89341569,0.6988844
2023-05-21,2023-05-21,388.57897963,8.77413573,415.13832278,9.37384723,97.08871282,2.19226873,230.7566006,5.21049733,1751.85520649,39.55699144,0.0,0.0,1329.898847,30.02919254,215.37,4.863067
2023-05-22,2023-05-22,489.38636332,6.29630583,720.08950802,9.2644669,102.22468649,1.31519376,1001.13436208,12.8803101,2913.19120937,37.48028994,0.0,0.0,2380.47665964,30.62653598,166.09239134,2.13689749
2023-05-23,2023-05-23,599.8022087,5.78013574,862.95648806,8.31608415,110.23048671,1.06226214,1851.36444055,17.84111099,3959.37343613,38.15543788,0.0,0.0,2698.4245637,26.00400606,294.80551686,2.84096304
2023-05-24,2023-05-24,629.00275067,5.99607941,755.84457983,7.20522147,112.31023894,1.07061712,1185.22749169,11.29838964,5044.70712977,48.0895585,0.0,0.0,2320.57158347,22.121257,442.57004636,4.21887685
2023-05-25,2023-05-25,591.94242021,6.05300842,706.79948036,7.22749892,113.27494291,1.15831229,1140.28442946,11.66017338,4631.61018574,47.36132179,0.0,0.0,2185.74890965,22.35074916,409.64901508,4.18893604
2023-05-26,2023-05-26,659.07343832,6.69535808,801.17707673,8.13895251,141.16599076,1.43406911,674.4236932,6.85129739,4376.42618336,44.45899155,0.0,0.0,2052.23917066,20.84817157,1139.23140801,11.57315979
2023-05-27,2023-05-27,525.61610471,8.37833311,549.22027744,8.75458418,115.44328821,1.84016874,224.47291213,3.57810352,3480.20652767,55.47457417,0.0,0.0,1254.85381157,20.00239937,123.70351325,1.97183692
2023-05-28,2023-05-28,418.4027513,5.01371571,585.70161277,7.01845619,99.5318723,1.19268937,264.95348116,3.17493474,5101.25906387,61.12833306,0.0,0.0,1580.37849673,18.9376587,294.93577253,3.53421222
2023-05-29,2023-05-29,441.51560457,4.45749405,712.0554019,7.18883473,100.42114005,1.01384103,1279.40074373,12.91669227,5555.82063267,56.09096741,0.0,0.0,1815.80485903,18.33217051,0.0,0.0
2023-05-30,2023-05-30,512.9551253,5.43097924,710.44713147,7.5219516,104.83061113,1.10990776,993.62101767,10.52009203,5285.55293598,55.96148059,0.0,0.0,1767.80719526,18.71688908,69.77006838,0.73869969
2023-05-31,2023-05-31,571.09570646,4.00883488,740.86396109,5.20053163,105.01963465,0.73719058,484.16896988,3.3986483,6783.11138467,47.61438966,0.0,0.0,2223.8565403,15.61047222,3337.81120518,23.42993272
2023-06-01,2023-06-01,706.37927448,6.2114716,876.57756128,7.70809227,147.14639178,1.29391627,241.67746028,2.12516524,7263.1532843,63.86777185,0.0,0.0,1865.16461231,16.40112817,272.07406826,2.3924546
2023-06-02,2023-06-02,741.60818621,5.67095264,747.30219325,5.71449375,147.65144808,1.1290657,917.75716253,7.01793414,8255.50453988,63.12844996,0.0,0.0,1958.91123806,14.97946364,308.57751304,2.35964016
2023-06-03,2023-06-03,544.23829667,4.19664043,593.63406337,4.5775329,126.756148,0.97742106,478.64181587,3.69082368,7205.15013202,55.55916318,0.0,0.0,1214.79712982,9.36734291,2805.21051694,21.63107583
2023-06-04,2023-06-04,397.88223973,4.20709304,414.21964739,4.37984011,108.0034922,1.14199805,292.47659316,3.09256387,7179.61007631,75.9151441,0.0,0.0,931.12310519,9.84542948,134.09964966,1.41793135
2023-06-05,2023-06-05,567.50892203,4.16459253,786.1510114,5.76906988,128.86190801,0.94563683,1358.0524536,9.96589637,7576.74436453,55.60098135,0.0,0.0,2415.47005278,17.72562183,794.20883549,5.82820121
2023-06-06,2023-06-06,496.82198773,2.91841069,942.52106245,5.53651733,88.07361942,0.51735833,1682.03452003,9.88053598,10491.74388773,61.63015787,0.0,0.0,2316.9004447,13.60983853,1005.62184219,5.90718126
2023-06-07,2023-06-07,757.55019775,4.84993002,1045.39530452,6.69274997,164.74017757,1.05468698,793.0203321,5.0770142,9621.88478584,61.60049588,0.0,0.0,2663.68942844,17.05326901,573.53686957,3.67185394
2023-06-08,2023-06-08,667.03345004,4.23328408,815.0557607,5.17269797,131.54213838,0.83482356,1107.99225821,7.03180026,10020.34054334,63.59343462,0.0,0.0,1665.3384629,10.56896142,1349.57638459,8.56499809
2023-06-09,2023-06-09,679.15218136,4.88264368,852.033586,6.12554376,231.52157912,1.66448317,1547.86283677,11.12808427,8372.76901115,60.19453203,0.0,0.0,1890.69993983,13.59285058,335.47843916,2.41186251
2023-06-10,2023-06-10,656.74535492,3.46698076,890.4127344,4.7005187,142.0288603,0.74977512,2502.89869371,13.21288618,12181.80862495,64.30817646,0.0,0.0,2460.72443956,12.99024688,108.24252117,0.5714159
2023-06-11,2023-06-11,356.62345998,2.87107932,423.59812891,3.41027432,84.53749051,0.68058854,673.2212782,5.41992299,9265.67056376,74.59541541,0.0,0.0,1438.7855177,11.58327426,178.79683985,1.43944515
2023-06-12,2023-06-12,489.7671657,2.81423221,765.74601263,4.40002361,118.80023103,0.68263342,2203.25542837,12.660041,9597.88797701,55.15005373,0.0,0.0,2004.19016233,11.51619975,2223.57809222,12.77681627
2023-06-13,2023-06-13,580.60235527,3.47181582,809.9133518,4.84302202,110.55217893,0.66106656,804.51448642,4.81073853,11437.31837138,68.39149469,0.0,0.0,2477.16540249,14.81265441,503.23903031,3.00920796
2023-06-14,2023-06-14,606.93603287,3.36199763,807.59376429,4.47349997,120.07250748,0.66511702,1034.34634206,5.72954935,10542.29240156,58.39686589,0.0,0.0,2124.69893228,11.76933383,2816.89939866,15.6036363
2023-06-15,2023-06-15,670.76420974,3.03370803,929.0872511,4.2020421,138.64692064,0.62706726,4507.43635229,20.38606956,13066.16134026,59.09516033,0.0,0.0,2796.90201511,12.64972693,1.37654643,0.00622579
2023-06-16,2023-06-16,635.71071001,2.91075943,867.87701467,3.97379054,132.17684353,0.60520452,3384.28627728,15.49579557,13690.43379173,62.68505259,0.0,0.0,2339.68169022,10.71281393,789.86287727,3.61658343
2023-06-17,2023-06-17,558.63053103,3.59569904,693.23547308,4.46210149,126.73340867,0.81573629,3021.81566517,19.45031478,9186.78768426,59.13196968,0.0,0.0,1649.18241278,10.61517995,299.69071531,1.92899879
2023-06-18,2023-06-18,414.34314884,2.64907119,420.61716798,2.68918365,122.60924114,0.78389279,3199.2185974,20.45395906,9469.38380291,60.54178003,0.0,0.0,1742.34038338,11.13951979,272.56031555,1.7425935
2023-06-19,2023-06-19,460.57900094,3.09874141,608.2662362,4.09237019,122.87311716,0.82668123,1514.82183424,10.19160912,10025.14207417,67.44841348,0.0,0.0,1763.5063983,11.86474045,368.23296296,2.47744411
2023-06-20,2023-06-20,566.19584329,2.82459349,986.69543206,4.92234892,118.49585512,0.59114284,3615.19385288,18.03519604,11401.87868377,56.88079967,0.0,0.0,3056.66377266,15.24884491,300.0917281,1.49707412
2023-06-21,2023-06-21,708.90204994,2.3812774,1677.68082511,5.63550838,130.3534221,0.43787101,3533.67873617,11.87000282,18216.76221552,61.19204232,0.0,0.0,5408.95497556,18.16925521,93.49,0.31404286
2023-06-22,2023-06-22,736.99961847,3.23408151,1263.44236898,5.54420316,156.73867997,0.68779638,2166.94692136,9.50893706,13782.85842499,60.48156137,0.0,0.0,4248.62870323,18.64371596,432.91473437,1.89970457
2023-06-23,2023-06-23,625.10687468,2.79898761,974.59578545,4.36386422,183.56773511,0.82194555,2448.70489858,10.96435656,14370.5573092,64.3458158,0.0,0.0,3482.1502738,15.59172656,248.63768192,1.11330369
2023-06-24,2023-06-24,537.60379354,2.53508691,671.06783764,3.16444063,152.11793544,0.71731671,1238.38334712,5.83963404,14527.17096001,68.50331295,0.0,0.0,3944.56467068,18.60071371,135.61466648,0.63949505
2023-06-25,2023-06-25,377.88684684,2.03003017,476.20241714,2.55818715,112.59743306,0.60487998,610.58902863,3.28011986,15242.65782948,81.88444662,0.0,0.0,1708.59543438,9.1786743,86.30991866,0.46366192
2023-06-26,2023-06-26,482.68803311,2.57719556,749.72922034,4.00299715,130.59393873,0.69727463,2038.79272105,10.88563874,12828.63111822,68.49536124,0.0,0.0,2247.27839199,11.99879737,251.48354056,1.34273531
2023-06-27,2023-06-27,526.62892492,2.81546458,722.43751373,3.86229684,125.13535242,0.66899886,2298.43016632,12.28787182,11968.05207732,63.98362327,0.0,0.0,2419.55857193,12.93544874,644.62508528,3.44629588
2023-06-28,2023-06-28,495.81797655,2.96681672,666.40627657,3.98756273,109.50536422,0.65524519,1523.31756499,9.11504672,11420.84657993,68.33870528,0.0,0.0,2260.93747076,13.5287291,235.28898226,1.40789427
2023-06-29,2023-06-29,626.4486578,2.90482798,833.05981483,3.86287915,142.61296648,0.66129304,1281.77235686,5.94354886,15619.25079242,72.42610574,0.0,0.0,2979.41172587,13.81546347,83.21839278,0.38588177
2023-06-30,2023-06-30,643.05749962,2.44736111,885.78638527,3.37114356,149.21139604,0.56787172,5078.66105707,19.32846995,16046.08949564,61.06852872,0.0,0.0,3356.79690367,12.77536488,115.94349136,0.44126006
2023-07-01,2023-07-01,583.69783844,3.60918722,591.23731141,3.65580615,146.72740314,0.90726166,815.11713379,5.04012546,12054.75385424,74.53833241,0.0,0.0,1913.87649647,11.83409999,67.14636919,0.41518711
2023-07-02,2023-07-02,431.28474973,3.23789027,469.60549562,3.52558505,112.59985028,0.8453486,211.80311467,1.59012171,10406.13118946,78.12451278,0.0,0.0,1688.50659081,12.67654158,0.0,0.0
2023-07-03,2023-07-03,542.59705355,3.0960981,786.63532889,4.48859818,132.42363861,0.75561888,3838.56242437,21.90311529,8525.49778754,48.64710804,0.0,0.0,2121.01939378,12.10269033,1578.45370286,9.00677119
2023-07-04,2023-07-04,535.46768186,2.85538377,741.81048592,3.95570767,144.38047234,0.7699095,6220.15077802,33.16898135,9074.77833776,48.39129535,0.0,0.0,1834.45172121,9.78222186,201.87522073,1.0765005
2023-07-05,2023-07-05,510.50289655,2.48421269,683.67740947,3.32691569,133.52395583,0.64975519,6413.76037572,31.21068461,8936.64363424,43.48755638,0.0,0.0,2090.83712086,10.1744459,1780.94146794,8.66642955
2023-07-06,2023-07-06,573.49483034,2.93517924,782.81673041,4.00650066,134.54101859,0.6885886,2517.58638897,12.88515069,12734.60102329,65.17641416,0.0,0.0,2518.99443376,12.89235714,276.63027107,1.4158095
2023-07-07,2023-07-07,605.16094267,3.3822039,784.84418688,4.3864415,151.02222976,0.84405311,1496.03808123,8.36125645,12316.3648408,68.83533668,0.0,0.0,2400.43296042,13.41585875,138.6399901,0.7748496
2023-07-08,2023-07-08,466.98508741,3.32087949,406.9264646,2.89378352,131.45817936,0.93484093,1069.42329344,7.6050092,10319.97110041,73.38859703,0.0,0.0,1573.58243784,11.19024523,93.74416734,0.66664459
2023-07-09,2023-07-09,357.69236561,2.48455595,365.69461636,2.54014014,108.26337071,0.75200487,427.66658917,2.97060176,11641.54207861,80.86295786,0.0,0.0,1331.95711001,9.25186637,163.81538944,1.13787304
2023-07-10,2023-07-10,481.42305537,2.52043072,804.763632,4.21324022,122.02727515,0.63885867,1456.08170668,7.62313525,12346.54927391,64.63882804,0.0,0.0,2263.92118186,11.85247867,1626.05864098,8.51302842
2023-07-11,2023-07-11,529.94357136,3.05039477,761.49048889,4.38319612,123.59281675,0.71140948,1972.11844612,11.35166105,11612.03806509,66.83975824,0.0,0.0,2100.61003945,12.09126825,273.1569993,1.57231209
2023-07-12,2023-07-12,566.40454593,3.06468204,759.93490505,4.11182938,128.90482101,0.69747373,2032.99335126,11.00004979,12666.67412275,68.53640023,0.0,0.0,2208.46234271,11.94947131,118.3,0.64009353
2023-07-13,2023-07-13,548.75146605,2.44626849,913.61086368,4.0727681,126.12972359,0.56227124,4393.5973644,19.58613222,13618.64233903,60.71028075,0.0,0.0,2525.47291847,11.25825659,305.98007398,1.36402262
2023-07-14,2023-07-14,618.13674167,2.94128515,867.31294883,4.12694234,160.81728598,0.76521822,2883.39754708,13.72009428,13557.41844253,64.51037576,0.0,0.0,2642.75168354,12.57502709,286.03804067,1.36105716
2023-07-15,2023-07-15,452.0519287,4.84390791,446.3332191,4.78262977,122.09246441,1.30826707,628.10782867,6.73041367,6357.13899259,68.11915599,0.0,0.0,1241.15155938,13.29940981,85.50474523,0.91621578
2023-07-16,2023-07-16,348.89877294,3.19977007,365.49330696,3.35195947,103.82251961,0.95216211,1026.20048562,9.41134178,7585.58232475,69.5677978,0.0,0.0,1397.33188352,12.8150085,76.54083696,0.70196028
2023-07-17,2023-07-17,481.59533461,3.86321188,715.00040081,5.73551661,121.1789629,0.97206093,574.4617362,4.60815802,8332.96953198,66.84455715,0.0,0.0,2147.85819985,17.2294678,93.12588226,0.74702762
2023-07-18,2023-07-18,556.46878724,3.73548645,751.69592661,5.04601518,122.05923718,0.81936424,1381.56566416,9.27423053,9938.88832826,66.71817634,0.0,0.0,2066.25624404,13.87044948,79.88834848,0.53627778
2023-07-19,2023-07-19,520.65001084,2.80130875,737.95430803,3.97049422,126.25356442,0.67929551,632.12490831,3.40108902,9663.15617387,51.99170916,4451.0,23.94818973,2287.93307544,12.3100102,166.88393304,0.89790341
2023-07-20,2023-07-20,505.05536725,3.6259318,800.1672408,5.74462135,127.24144068,0.9135014,1110.81950969,7.97487968,9043.22667297,64.92381886,0.0,0.0,2237.67005645,16.0648506,104.80114368,0.75239632
2023-07-21,2023-07-21,518.7140353,4.88239991,718.65603975,6.76435559,138.64248923,1.30497351,288.04083175,2.71118658,6997.10224237,65.86027949,0.0,0.0,1898.19463312,17.86677181,64.81090185,0.61003312
2023-07-22,2023-07-22,390.75346158,5.44116344,464.12619874,6.46286406,112.0126636,1.55975383,210.14122189,2.92617429,4436.80944269,61.78167997,0.0,0.0,1217.19176805,16.94915079,350.39741671,4.87921362
2023-07-23,2023-07-23,329.0786299,3.57774276,427.43868975,4.6471133,100.77629508,1.09563985,251.81518097,2.73773457,6372.49050365,69.28171472,0.0,0.0,1476.94499763,16.05734554,239.39563514,2.60270927
2023-07-24,2023-07-24,429.09599516,2.74595292,738.64356662,4.72686876,111.35950861,0.712633,3685.92666274,23.58768476,8178.08612928,52.33476823,0.0,0.0,2348.56851508,15.02940749,134.80734116,0.86268484
2023-07-25,2023-07-25,483.92447449,3.08112588,731.4416881,4.6570571,127.08756726,0.80916096,3015.45260907,19.19925433,7997.19230742,50.9177722,0.0,0.0,2146.30814631,13.66544971,1204.68552436,7.67017983
2023-07-26,2023-07-26,462.90427011,2.48004797,681.17189473,3.64943485,114.64929619,0.6142431,4005.08801166,21.45759078,11015.37190833,59.01576745,0.0,0.0,2229.7028121,11.94581751,156.24552488,0.83709834
2023-07-27,2023-07-27,570.81149631,2.33540674,794.11328304,3.2490192,141.15325151,0.57751159,5543.18095342,22.67925966,11349.37471938,46.43460468,0.0,0.0,2083.98837557,8.52638835,3959.00889146,16.19780978
2023-07-28,2023-07-28,547.47814354,2.95470333,864.45902697,4.6654282,142.77062669,0.77052363,3718.56743366,20.06886252,11182.91306936,60.35344226,0.0,0.0,1975.97979535,10.66423228,96.87125977,0.52280778
2023-07-29,2023-07-29,439.88583535,2.94419139,545.00800507,3.64778255,120.61888345,0.80731192,2830.86214205,18.94718871,9088.30303623,60.82874546,0.0,0.0,1825.06653146,12.21531754,91.05858211,0.60946244
2023-07-30,2023-07-30,331.81828928,2.76712912,383.91206554,3.20155426,108.64811592,0.90604821,3165.30128478,26.39636706,6205.16520812,51.74667552,0.0,0.0,1704.03736432,14.21046267,92.54542115,0.77176316
2023-07-31,2023-07-31,475.62593471,3.21719757,700.65021129,4.73929193,126.72698542,0.85719831,4428.49875005,29.95495908,6897.54901156,46.65594596,0.0,0.0,2006.85756188,13.57465352,147.95,1.00075363
2023-08-01,2023-08-01,612.24682435,3.68975529,751.710236,4.53024289,147.14747961,0.88679626,4040.97590215,24.35326999,7813.42284364,47.08822836,0.0,0.0,2422.02228799,14.59651434,805.62969217,4.85519287
2023-08-02,2023-08-02,612.94056423,3.57978457,819.04662265,4.78351513,145.53241866,0.84995958,5117.01616045,29.88514152,7377.28258819,43.08587804,0.0,0.0,2993.66707645,17.48404958,56.78971975,0.33167158
2023-08-03,2023-08-03,577.1520603,4.51789755,700.85241454,5.48621347,144.3597778,1.13003614,3147.19741639,24.63599541,5819.05958378,45.55110666,0.0,0.0,2322.98729644,18.18414824,63.18444746,0.49460252
2023-08-04,2023-08-04,521.17106692,4.70609391,622.58798836,5.62187298,131.25054266,1.18517205,3021.44603613,27.28318913,4780.69729577,43.16895518,0.0,0.0,1962.67542845,17.72265474,34.55895629,0.31206202
2023-08-05,2023-08-05,548.83405432,4.25357974,825.43077229,6.39726267,157.94163195,1.22408098,4753.93076466,36.84396662,4526.01346846,35.07755948,0.0,0.0,2090.72378283,16.20355051,0.0,0.0
2023-08-06,2023-08-06,343.55939408,3.3862591,533.51564306,5.25854403,107.32889967,1.05787666,3206.60893521,31.60562299,4002.32242328,39.44849407,0.0,0.0,1952.35598446,19.24320316,0.0,0.0
2023-08-07,2023-08-07,434.00539803,2.52494859,798.01864623,4.64269814,113.14678931,0.6582633,5240.39700933,30.48748493,8133.32943895,47.31793378,0.0,0.0,2461.78529452,14.32212901,8.0,0.04654225
2023-08-08,2023-08-08,548.8679819,4.06450085,777.15690437,5.75503583,131.46396977,0.97352266,3132.28287503,23.19531625,6591.1089029,48.80876394,0.0,0.0,2323.06491044,17.20286047,0.0,0.0
2023-08-09,2023-08-09,515.4196818,3.87479409,762.58431179,5.73291493,124.40918043,0.93527658,3615.77469909,27.18247468,6081.80390987,45.72145517,0.0,0.0,2196.86811451,16.51549581,5.0,0.03758873
2023-08-10,2023-08-10,526.28505474,4.52855932,647.7176552,5.57345834,130.11232011,1.11958596,3162.97655555,27.21667059,4967.84570278,42.74714582,0.0,0.0,2186.53031382,18.81457995,0.0,0.0
2023-08-11,2023-08-11,516.80370505,4.26977179,646.83076385,5.34404014,146.8139334,1.21295955,3748.74262997,30.9716733,4739.33697239,39.15584794,0.0,0.0,2305.20036147,19.04529586,0.04979793,0.00041142
2023-08-12,2023-08-12,440.99398718,4.32765978,479.5912516,4.706431,140.81834049,1.3819097,2908.35201824,28.5408836,4408.34000054,43.26089759,0.0,0.0,1809.71240491,17.75947023,2.31806114,0.02274811
2023-08-13,2023-08-13,291.18489877,3.28970877,355.65777832,4.01810161,104.68430644,1.18268798,2653.82086945,29.98197302,4114.55963849,46.48490692,0.0,0.0,1331.48086532,15.0426217,0.0,0.0
2023-08-14,2023-08-14,452.01858485,3.14857037,674.75914581,4.70008696,124.79328514,0.86925727,4295.46608675,29.92040086,6662.26007283,46.40648721,0.0,0.0,2147.01478249,14.95519733,0.0,0.0
2023-08-15,2023-08-15,479.77886951,3.30742449,698.89546497,4.81793619,126.79887919,0.87410627,4015.06203564,27.67840634,6995.90380193,48.22726683,0.0,0.0,2189.67805118,15.09485988,0.0,0.0
2023-08-16,2023-08-16,487.53273941,3.11434816,769.55607658,4.91590689,127.14407687,0.8121935,4016.02372959,25.65426914,7007.26602178,44.76225753,0.0,0.0,3128.95847505,19.98771627,117.92598324,0.75330852
2023-08-17,2023-08-17,602.74746905,2.75644457,883.52210184,4.04046442,138.40995197,0.63296717,7947.49153818,36.34493887,8400.02292528,38.41442526,0.0,0.0,3694.65126301,16.89613303,200.0,0.91462668
2023-08-18,2023-08-18,631.03712056,3.59937479,941.02512668,5.36751643,147.43867025,0.84097593,3697.70074334,21.0913279,8950.94491348,51.05532526,0.0,0.0,3163.70709361,18.04547969,0.0,0.0
2023-08-19,2023-08-19,462.92485583,5.0152035,606.80966719,6.57401289,120.69181307,1.30754267,767.24910084,8.3121706,5230.36761646,56.6643974,0.0,0.0,2042.38221386,22.12662013,0.0048734,5.28e-05
2023-08-20,2023-08-20,298.16925355,3.6927654,353.95347628,4.38364162,102.52948715,1.26980679,281.60214764,3.48758517,5844.42678802,72.38203392,0.0,0.0,1182.38887422,14.64364508,11.34633223,0.14052201
2023-08-21,2023-08-21,421.57895151,3.61658224,650.33070993,5.57896566,118.64264779,1.01779487,238.00967323,2.04180392,7651.75342599,65.64178647,0.0,0.0,2571.21043651,22.05753858,5.30715392,0.04552827
2023-08-22,2023-08-22,505.42352502,3.74676091,758.52125064,5.62300255,123.58098681,0.91611963,1699.84005694,12.60110375,7527.12590973,55.79942308,0.0,0.0,2773.79429675,20.56244619,101.32640016,0.75114389
2023-08-23,2023-08-23,554.44793425,2.84660101,683.18784771,3.50756689,223.02733164,1.14504859,8097.42327244,41.57312496,7095.56467738,36.42946491,0.0,0.0,2773.89189457,14.24148775,50.0,0.25670589
2023-08-24,2023-08-24,516.4030761,4.03160438,666.14765264,5.20067351,130.11349526,1.01580754,2938.82476103,22.94366424,6185.65489842,48.29195363,0.0,0.0,2321.72888736,18.1259423,50.0,0.39035441
2023-08-25,2023-08-25,575.75916889,5.2336384,676.19420283,6.14659069,146.34832773,1.33030314,1810.10178047,16.45378605,5682.69477904,51.65557269,0.0,0.0,2110.02430187,19.18007529,0.00371239,3.375e-05
2023-08-26,2023-08-26,416.77263307,5.02850107,505.45839344,6.0985244,119.33853418,1.43985929,555.19025474,6.69855592,4762.31546545,57.45892728,0.0,0.0,1878.63773712,22.66639199,50.49508291,0.60924005
2023-08-27,2023-08-27,303.03483479,3.98455858,324.64419804,4.26869678,93.96329498,1.23550896,175.12200777,2.30265243,3547.97797961,46.65181845,0.0,0.0,1660.40298533,21.83238427,1500.08445794,19.72438053
2023-08-28,2023-08-28,449.73974598,5.74076855,676.22768833,8.63180691,109.72288716,1.40057379,331.16638331,4.22722158,4319.19741105,55.13302502,0.0,0.0,1948.08415189,24.86660415,0.0,0.0
2023-08-29,2023-08-29,532.51150093,3.62025074,957.62534378,6.5103643,127.40439473,0.86615191,1466.12299282,9.96735816,7320.63439832,49.76893849,0.0,0.0,3204.94108792,21.78861929,1100.00388033,7.47831711
2023-08-30,2023-08-30,469.78426355,4.26625776,726.47790447,6.59737297,113.8995238,1.03435718,649.39823582,5.8973884,6663.07983319,60.50951101,0.0,0.0,2386.29576098,21.67069782,2.6884728,0.02441486
2023-08-31,2023-08-31,550.54060585,3.90598026,782.0284821,5.54834245,137.92766541,0.9785704,3287.10921768,23.32141095,6811.34647137,48.32519995,0.0,0.0,2377.40547877,16.86723699,148.45488458,1.053259
2023-09-01,2023-09-01,661.0381082,3.5614009,816.7995562,4.40057939,158.14483024,0.85201917,5930.14368444,31.94917024,8667.14713185,46.69501684,0.0,0.0,2323.8336851,12.5198582,4.07515521,0.02195526
2023-09-02,2023-09-02,524.57760297,6.20095207,572.65995922,6.76932629,146.35892763,1.73008663,152.76604028,1.80582413,5233.50055615,61.86441418,0.0,0.0,1813.41358476,21.43608621,16.35335352,0.1933105
2023-09-03,2023-09-03,330.53105428,4.57242062,370.958536,5.13167655,105.03361882,1.45298869,286.76009243,3.96691247,4490.92475227,62.12546956,0.0,0.0,1644.59002863,22.75053211,0.0,0.0
2023-09-04,2023-09-04,395.25573589,4.97044626,572.79432977,7.20304141,110.88533435,1.39441264,321.74495512,4.04602859,4468.530486,56.19296222,0.0,0.0,2082.90684278,26.19310887,0.0,0.0
2023-09-05,2023-09-05,490.20027969,5.52730781,654.34400099,7.37812861,121.69844394,1.37222435,432.06991468,4.87185241,5360.7818147,60.44609201,0.0,0.0,1809.37823806,20.40184571,0.22607082,0.00254909
2023-09-06,2023-09-06,523.56664271,5.51214853,770.57640373,8.11268565,119.55518748,1.2586859,705.90790327,7.43185087,5222.52640966,54.98314619,0.0,0.0,2149.28064296,22.62778635,7.0,0.07369652
2023-09-07,2023-09-07,520.50443199,4.89988266,791.61929215,7.45208188,119.16266982,1.12176394,1255.8065416,11.82181039,5912.76349233,55.66109633,0.0,0.0,2022.93737646,19.0433648,0.0,0.0
2023-09-08,2023-09-08,571.42541853,6.13775969,744.85718264,8.00061432,134.04026996,1.43974513,1008.36609214,10.83100007,4799.36085811,51.55060073,0.0,0.0,2035.74746734,21.86624594,16.20257646,0.17403412
2023-09-09,2023-09-09,460.23223196,6.40804276,540.70910673,7.52856239,129.0516883,1.79685098,1114.75448733,15.52128235,3771.3215804,52.50999008,0.0,0.0,1166.03392032,16.23527145,0.0,0.0
2023-09-10,2023-09-10,332.86915623,4.53198952,369.28087395,5.02773242,100.64438804,1.37026607,811.66699786,11.05078754,4258.79641336,57.98320551,0.0,0.0,1471.62139131,20.03601893,0.0,0.0
2023-09-11,2023-09-11,504.57990118,4.63430366,763.3747392,7.01119949,117.41900546,1.07843243,696.01503426,6.39253568,6082.64071743,55.86588777,0.0,0.0,2707.35547771,24.86565035,16.54863879,0.15199063
2023-09-12,2023-09-12,524.7232563,4.33982557,783.85799343,6.48304972,122.27813826,1.01132508,608.95889046,5.03651273,7222.61026671,59.73600046,0.0,0.0,2828.45502692,23.39328644,0.0,0.0
2023-09-13,2023-09-13,520.95792283,5.66950408,791.6800821,8.61573126,119.94835889,1.30537934,200.42724419,2.18121854,5088.63030906,55.37877256,0.0,0.0,2466.88018695,26.84667357,0.24999458,0.00272065
2023-09-14,2023-09-14,541.11024419,4.84310662,731.02528547,6.54290588,129.17054123,1.15611691,700.94722898,6.27369782,6473.77629395,57.94233085,0.0,0.0,2593.93703036,23.21655102,2.8257,0.0252909
2023-09-15,2023-09-15,575.81169459,5.94436431,705.14813715,7.27956285,151.16938747,1.56058989,638.47107465,6.59122541,5081.2050118,52.45557535,0.0,0.0,2521.87714512,26.03447731,13.0,0.13420487
2023-09-16,2023-09-16,436.95478446,5.90534323,467.41170498,6.31696149,123.62410674,1.67075132,50.07785534,0.67679068,4641.57255432,62.72978356,0.0,0.0,1679.67123608,22.70036973,0.0,0.0
2023-09-17,2023-09-17,299.74539507,5.70484702,387.62801993,7.3774563,95.48582756,1.81731579,48.56049568,0.92421837,3196.04193897,60.82805816,0.0,0.0,1226.72161045,23.3473449,0.03990382,0.00075946
2023-09-18,2023-09-18,404.76955621,3.94332617,661.21783202,6.44168402,102.90816343,1.00254688,815.58024458,7.94550596,5763.28612542,56.14680417,0.0,0.0,2514.91157156,24.50064849,2.0,0.0194843
2023-09-19,2023-09-19,498.61182297,4.41668413,768.05495983,6.80340096,123.03274229,1.08981925,2417.74841569,21.41632142,5422.60314735,48.03320775,0.0,0.0,2059.22856189,18.2405665,0.0,0.0
2023-09-20,2023-09-20,512.69774787,4.33273374,818.46084611,6.91669301,123.31680419,1.04213229,726.55796747,6.14003521,6282.50768578,53.09255436,0.0,0.0,2307.30229757,19.49867454,1062.28044978,8.97717685
2023-09-21,2023-09-21,497.46724164,4.62689328,710.38975591,6.60726438,120.36517962,1.11950455,1463.59665005,13.6127667,5688.56685117,52.90879381,0.0,0.0,2270.036013,21.1133789,1.22551429,0.01139839
2023-09-22,2023-09-22,498.47893402,4.65867916,624.3727201,5.83525598,126.47045765,1.18196627,3207.27137129,29.97448292,3973.84289172,37.13869894,0.0,0.0,2266.55051676,21.18270389,3.01877552,0.02821284
2023-09-23,2023-09-23,429.41581399,8.10716157,525.89136095,9.92857294,127.29096894,2.40319154,16.35799439,0.30883097,2654.88265813,50.12289245,0.0,0.0,1542.90791662,29.12935053,0.0,0.0
2023-09-24,2023-09-24,315.496578,4.19116991,366.79329988,4.872614,98.23067653,1.3049316,535.06829009,7.10803944,4748.30179935,63.07814735,0.0,0.0,1463.75878658,19.4450977,0.0,0.0
2023-09-25,2023-09-25,448.63183377,3.7352256,697.17789523,5.80457409,115.62983527,0.9627126,542.98056481,4.52075567,7786.10145456,64.82563935,0.0,0.0,2420.31476562,20.15109269,0.0,0.0
2023-09-26,2023-09-26,493.75821496,4.43184067,749.45267803,6.72688527,122.38844102,1.09852566,923.01119203,8.28469971,5892.26860768,52.8874151,0.0,0.0,2950.27415371,26.48086572,10.00117643,0.08976786
2023-09-27,2023-09-27,507.23651469,4.17414085,766.53949814,6.30799191,117.51851417,0.96708107,1158.34574643,9.53223626,6684.65716586,55.00925059,0.0,0.0,2917.58082567,24.00929932,0.0,0.0
2023-09-28,2023-09-28,550.61054034,3.31645071,776.53580518,4.67724922,134.04441056,0.80737953,815.80960572,4.91380412,7337.82633807,44.19737284,0.0,0.0,3114.57718039,18.7597965,3872.99998698,23.32794707
2023-09-29,2023-09-29,629.57912186,6.39495011,782.42406387,7.94747266,165.15603046,1.67757243,1162.41226712,11.80720294,4819.30536844,48.95209568,0.0,0.0,2286.06316727,23.22068729,0.00186017,1.889e-05
2023-09-30,2023-09-30,474.76500372,7.41573417,559.16382299,8.7340268,138.41351546,2.16199136,28.65777134,0.44762864,3451.68538406,53.91463362,0.0,0.0,1749.44239482,27.32593944,0.00294296,4.597e-05
2023-10-01,2023-10-01,367.28537589,5.50673026,432.34143962,6.48211947,118.79074052,1.78103624,809.32434112,12.13424528,3244.8276665,48.64988335,0.0,0.0,1696.91511151,25.44194352,0.26958333,0.00404188
2023-10-02,2023-10-02,535.23294096,3.53057058,1004.08692441,6.62328397,127.21223851,0.83913331,2179.34291942,14.37565481,6915.64744503,45.61786012,0.0,0.0,4398.19836643,29.0119471,0.23499576,0.00155011
2023-10-03,2023-10-03,539.33104553,5.51720619,718.84833445,7.35361799,138.29294748,1.41469829,1085.53170995,11.10468667,4754.27991779,48.63495772,0.0,0.0,2539.15359233,25.97483315,0.0,0.0
2023-10-04,2023-10-04,501.14911642,5.80314481,678.99482744,7.86254066,124.62333298,1.44309792,654.79578971,7.58232363,3621.33564243,41.9338964,0.0,0.0,3054.92088712,35.37499658,0.0,0.0
2023-10-05,2023-10-05,516.31075891,4.86971678,796.10343297,7.50865284,134.73561933,1.2707934,552.04705762,5.20677281,5662.09852169,53.40352825,0.0,0.0,2941.18483377,27.74053591,0.0,0.0
2023-10-06,2023-10-06,544.77385187,5.05655255,703.32176648,6.52818313,138.27049849,1.28341703,1166.89762432,10.83106161,5605.86893883,52.03328091,0.0,0.0,2614.4892043,24.26750477,0.0,0.0
2023-10-07,2023-10-07,416.52132574,6.3754222,514.01934107,7.86776118,125.51247871,1.92113823,51.55386567,0.78910164,3287.24626942,50.31574984,0.0,0.0,2138.38024923,32.73080167,0.00164923,2.524e-05
2023-10-08,2023-10-08,305.21660772,5.92841438,389.33234671,7.56224735,98.74932339,1.91807029,556.04852665,10.8004807,2142.80064767,41.62096638,0.0,0.0,1656.22086861,32.16982091,0.0,0.0
2023-10-09,2023-10-09,379.67205178,3.39667157,556.90463764,4.98225282,106.93711677,0.95669477,2094.80373829,18.7408061,5435.35041522,48.62643998,0.0,0.0,2593.08956323,23.19863567,11.01,0.0984991
2023-10-10,2023-10-10,442.90953563,4.89714057,662.89184634,7.32943027,117.7384189,1.30180441,923.6233131,10.21227324,4384.85292103,48.48222812,0.0,0.0,2508.60591081,27.7370316,3.626,0.04009178
2023-10-11,2023-10-11,458.11201309,3.28752445,691.04151234,4.95908381,118.21271596,0.84832352,4342.64732952,31.16390501,6258.15796039,44.91008029,0.0,0.0,2066.69102149,14.83108293,0.0,0.0
2023-10-12,2023-10-12,535.97640842,3.89929227,688.76021191,5.01081265,129.97944746,0.94561598,2954.4607376,21.49405409,6692.07360048,48.68563326,0.0,0.0,2744.22880889,19.96459175,0.0,0.0
2023-10-13,2023-10-13,522.14631523,5.30228007,620.13201057,6.29730308,142.86541239,1.45076659,545.29951773,5.53739571,5863.90332118,59.5466382,0.0,0.0,2153.23424115,21.86561635,0.0,0.0
2023-10-14,2023-10-14,408.23229735,7.1252609,479.41800776,8.36773182,127.04370796,2.21741291,138.34731197,2.4147053,3421.78771864,59.72366813,0.0,0.0,1154.53726255,20.15122094,0.0,0.0
2023-10-15,2023-10-15,306.96087904,4.24179017,366.84092748,5.06925262,92.07644489,1.27237373,979.91676368,13.54114344,4210.55456209,58.18425135,0.0,0.0,1280.23844118,17.69118869,0.0,0.0
2023-10-16,2023-10-16,476.13413142,2.80277323,868.67953354,5.1134997,132.50769713,0.78000925,2852.71836924,16.79258456,8990.11274792,52.92048109,0.0,0.0,3667.8124108,21.59065217,0.0,0.0
2023-10-17,2023-10-17,513.64685307,4.31187916,817.73876332,6.86462053,118.46765197,0.994493,259.0580509,2.17469844,7617.99588,63.9503143,0.0,0.0,2585.45939956,21.70399457,0.0,0.0
2023-10-18,2023-10-18,479.18110914,4.48597752,665.40042896,6.22931771,121.80395244,1.14029911,1390.74882744,13.01985379,5008.61169371,46.88940997,0.0,0.0,2016.00856637,18.87338407,999.99999436,9.36175782
2023-10-19,2023-10-19,475.3640104,4.68030687,746.24352185,7.34731407,119.53558609,1.1769154,851.09342069,8.37963812,5821.63812862,57.3182915,0.0,0.0,2142.81000641,21.09753404,0.0,0.0
2023-10-20,2023-10-20,554.58255098,3.28282608,961.04887293,5.6888849,144.37651621,0.85463019,1305.38200793,7.72714917,10351.67727219,61.27628076,0.0,0.0,3311.38137032,19.60157076,265.00046358,1.56865814
2023-10-21,2023-10-21,412.4250466,3.87294978,553.09457624,5.19393168,132.00493348,1.23961549,761.53501678,7.15132822,6416.08779858,60.25139847,0.0,0.0,2373.71383612,22.29077635,0.0,0.0
2023-10-22,2023-10-22,295.08131332,3.55125109,408.22290575,4.91289001,97.20301677,1.16982101,301.14003673,3.62416674,5329.84560007,64.14374316,0.0,0.0,1877.72847496,22.59812799,0.0,0.0
2023-10-23,2023-10-23,443.04116143,2.71983625,963.87552781,5.91724614,113.0486711,0.69400747,1380.19336501,8.47302751,9686.43120411,59.46514463,0.0,0.0,3702.58161124,22.73020335,0.0870902,0.00053465
2023-10-24,2023-10-24,607.91523351,2.27408782,1502.22643721,5.61952499,81.1598002,0.30360238,6326.21058319,23.66507309,12956.06265305,48.46600752,0.0,0.0,5254.08033213,19.65445087,4.61220571,0.01725333
2023-10-25,2023-10-25,461.88598984,3.01803784,897.76621404,5.86614979,172.20292918,1.12520182,1994.90844514,13.03505476,8588.02279073,56.11553134,0.0,0.0,3189.39517652,20.84002445,0.0,0.0
2023-10-26,2023-10-26,447.29024174,3.68916301,775.02766633,6.39227761,132.68527276,1.09436235,1388.75090006,11.45414759,6827.02659427,56.30798888,0.0,0.0,2550.43595207,21.03550019,3.22029482,0.02656037
2023-10-27,2023-10-27,470.14753202,3.42454649,675.46028034,4.92004099,143.55118369,1.04562434,4110.70795763,29.94232563,6060.21410879,44.1424947,0.0,0.0,2268.36186237,16.52270855,0.31017192,0.00225929
2023-10-28,2023-10-28,343.33571596,4.0096438,451.48083863,5.27261587,112.59948735,1.31499234,1031.7986306,12.04985322,4656.04563633,54.375597,0.0,0.0,1967.48822841,22.97729777,0.0,0.0
2023-10-29,2023-10-29,255.53067032,4.20525116,375.78398293,6.18425189,88.25941159,1.45247924,182.8609276,3.00933006,3498.12016426,57.56832969,0.0,0.0,1675.90484365,27.58025398,0.00631869,0.00010399
2023-10-30,2023-10-30,382.20332429,3.21468831,601.54727706,5.05957661,110.63685798,0.93055971,1990.29879518,16.74027897,6033.19205043,50.74480185,0.0,0.0,2523.39612737,21.22412736,248.00649995,2.08596719
2023-10-31,2023-10-31,448.6649436,4.12740528,678.95166572,6.24588288,122.71378525,1.12888143,836.03619418,7.69095123,5589.27426841,51.41743397,0.0,0.0,3193.26500692,29.37581603,1.48154549,0.01362919
2023-11-01,2023-11-01,479.04359895,3.31448585,776.24264114,5.37079559,117.12657456,0.81039466,2092.6628971,14.47906113,6376.7437165,44.12046594,0.0,0.0,3320.25066065,22.97269778,1290.95886273,8.93209906
2023-11-02,2023-11-02,489.1492613,3.07010258,837.11281375,5.25406539,152.53085158,0.95734656,2144.95592827,13.46262837,6021.57741083,37.7939042,0.0,0.0,3537.34212059,22.20181858,2749.99995908,17.26013433
2023-11-03,2023-11-03,431.494867,4.57821532,574.18276945,6.09215208,69.86730543,0.74130098,1034.17092903,10.97268484,4893.72169697,51.92300845,0.0,0.0,2421.52035132,25.69263833,0.0,0.0
2023-11-04,2023-11-04,383.47226212,5.75719521,517.76214746,7.77333343,38.23083165,0.57397205,649.74034113,9.75476546,2959.77290127,44.43604414,0.0,0.0,2111.76947105,31.7046897,0.0,0.0
2023-11-05,2023-11-05,313.76089446,4.55558096,509.20203503,7.39324479,36.98283532,0.53696399,243.72796404,3.53875353,3887.42865476,56.44264882,0.0,0.0,1896.29347044,27.53280791,0.0,0.0
2023-11-06,2023-11-06,358.17764244,3.58270069,616.54958724,6.16708686,48.88984914,0.48902465,1756.51290529,17.56966169,4591.29980004,45.92484572,0.0,0.0,2622.98869227,26.23665547,3.00171716,0.03002492
2023-11-07,2023-11-07,292.00802488,4.71070794,519.89727373,8.38704422,58.25675404,0.93980484,220.6898055,3.560194,2465.06831865,39.76677323,0.0,0.0,1392.88923828,22.47025369,1250.00461581,20.16522208
2023-11-08,2023-11-08,230.28335655,6.14310313,403.81616577,10.77231281,44.58601155,1.1893889,126.55551735,3.37603032,963.4225028,25.70052773,0.0,0.0,963.80702004,25.71078522,1016.17814254,27.10785191
2023-11-09,2023-11-09,397.25231876,3.12577291,850.07717753,6.68881738,66.97203007,0.52696825,2350.42551744,18.494282,5026.54973527,39.55131852,0.0,0.0,2787.65240979,21.93459414,1230.00169758,9.67824681
2023-11-10,2023-11-10,899.88969707,2.519221,1474.70304616,4.12839807,151.16143874,0.42317305,8255.07935601,23.10990933,15013.28667161,42.02935898,0.0,0.0,7290.35284991,20.40917913,2636.47780865,7.38076043
2023-11-11,2023-11-11,351.20250893,4.1060231,541.63009243,6.33237409,69.22141749,0.80929017,550.00494045,6.43028717,5050.96908075,59.05252718,0.0,0.0,1975.38284385,23.09484521,14.93868851,0.17465308
2023-11-12,2023-11-12,236.34886143,2.74373457,415.56547208,4.82423036,47.13919913,0.54723111,173.89618826,2.01873189,5445.46243287,63.21546654,0.0,0.0,2213.18030917,25.69244165,82.53748137,0.95816388
2023-11-13,2023-11-13,340.90022615,3.67574013,617.42775658,6.6573848,59.84319018,0.64525629,748.62762884,8.07204105,4500.12364727,48.52236466,0.0,0.0,3007.4063658,32.42721307,0.0,0.0
2023-11-14,2023-11-14,393.18157571,3.33647558,678.81974145,5.76035508,68.4212543,0.58061175,1720.88148955,14.60312338,5598.85210147,47.51095791,0.0,0.0,3324.18233163,28.2084763,0.0,0.0
2023-11-15,2023-11-15,393.9953623,3.39698717,684.85707678,5.90476673,67.57243011,0.58260249,1069.19163626,9.21845946,6086.68562034,52.47877251,0.0,0.0,3296.07437732,28.41841163,0.0,0.0
2023-11-16,2023-11-16,391.18313463,5.16468906,640.82130252,8.46059678,63.39197191,0.8369477,644.51738782,8.50939523,3516.10501471,46.42221885,0.0,0.0,2318.16678634,30.60615239,0.0,0.0
2023-11-17,2023-11-17,474.25670261,4.54069983,746.91198139,7.151197,84.30686089,0.80718342,2497.58846219,23.912787,4036.57618216,38.64759464,0.0,0.0,2604.93267328,24.94053809,0.0,0.0
2023-11-18,2023-11-18,313.15392338,6.04439382,416.46233652,8.03841876,59.31767229,1.14493016,1160.13626605,22.39256785,1949.16716582,37.62218223,0.0,0.0,1282.66137776,24.75750718,0.0,0.0
2023-11-19,2023-11-19,259.67874419,4.61351201,431.96716555,7.67442754,48.87976189,0.86840904,399.01241058,7.08894582,3021.18176143,53.67500672,0.0,0.0,1467.93666949,26.07969888,0.0,0.0
2023-11-20,2023-11-20,392.11048335,3.70542038,711.1097948,6.7199446,63.18887758,0.59713108,718.3383351,6.78825386,5929.27466947,56.03128738,0.0,0.0,2768.05608044,26.15796271,0.0,0.0
2023-11-21,2023-11-21,423.49815711,3.75608171,755.94295597,6.70459472,69.7320634,0.61846627,2818.22555968,24.99535191,4587.85343129,40.69050137,0.0,0.0,2618.73107669,23.22599928,1.01528447,0.00900474
2023-11-22,2023-11-22,375.38597535,3.26763648,649.45041618,5.65329556,66.42054305,0.57817341,2377.21611723,20.69304291,5746.03315552,50.01771181,0.0,0.0,2272.46895138,19.7812463,1.02168702,0.00889352
2023-11-23,2023-11-23,383.58563177,5.00550591,631.73242355,8.24363614,67.34115298,0.87875173,267.73053554,3.49368346,4199.34792356,54.79835294,0.0,0.0,2113.46107999,27.57908806,0.07523484,0.00098176
2023-11-24,2023-11-24,389.74024392,3.73770119,697.75862481,6.69167037,81.05851971,0.77737039,1019.59810228,9.77818714,5660.93253478,54.28968293,0.0,0.0,2578.16368956,24.72520002,0.01959993,0.00018797
2023-11-25,2023-11-25,298.2298383,4.76323219,479.44032578,7.65746851,60.18480332,0.96125255,123.81959014,1.97760714,3660.67442166,58.46712842,0.0,0.0,1638.52223085,26.16995631,0.21005182,0.00335488
2023-11-26,2023-11-26,224.418149,3.3396128,377.7414345,5.62124826,46.46978831,0.69152651,96.09979056,1.43008082,4187.832056,62.3199933,0.0,0.0,1787.32406114,26.5975383,0.0,0.0
2023-11-27,2023-11-27,323.97076031,3.12205465,598.7138765,5.76971032,57.15054863,0.55075074,611.68746905,5.89473477,5394.60611347,51.98696038,0.0,0.0,2342.36391895,22.57298822,1048.35195633,10.10280092
2023-11-28,2023-11-28,425.68073432,3.78661516,780.48050869,6.94271338,116.17473968,1.03342481,743.64057149,6.61500612,6385.88709774,56.80524148,0.0,0.0,2789.8579413,24.81699905,0.0,0.0
2023-11-29,2023-11-29,387.60472283,3.63992506,674.41192471,6.33327904,264.56042997,2.48443861,1284.23574177,12.06002297,5220.76666992,49.02726494,0.0,0.0,2817.07445929,26.45463101,0.04668113,0.00043837
2023-11-30,2023-11-30,409.75593085,3.93599256,621.53176844,5.97024774,78.18039908,0.75097746,994.89274956,9.55664133,5618.86544148,53.97313602,0.0,0.0,2687.25910316,25.81300489,0.0,0.0
2023-12-01,2023-12-01,520.55500712,4.14301349,760.61908601,6.05364485,103.13490308,0.82083409,1303.19433631,10.37191391,6788.13572194,54.02567934,0.0,0.0,3089.00761786,24.58491431,0.0,0.0
2023-12-02,2023-12-02,356.66566783,3.97315002,522.36484752,5.81898987,72.03373206,0.80243446,199.94211784,2.22729604,5378.78717768,59.91809791,0.0,0.0,2447.10553387,27.2600317,0.0,0.0
2023-12-03,2023-12-03,288.42521592,4.19477216,512.18177603,7.44902227,56.0940325,0.81581524,505.09534524,7.34595929,3354.28793729,48.78378479,0.0,0.0,2159.74123975,31.41064626,0.0,0.0
2023-12-04,2023-12-04,446.30968616,2.51221123,1152.95742477,6.48982685,68.89545438,0.38780232,2046.68571195,11.52049122,8311.86645285,46.78626716,0.0,0.0,4738.88100095,26.6744604,1000.01575682,5.62894082
2023-12-05,2023-12-05,313.82860513,3.41114822,750.51736699,8.15772029,50.7028668,0.5511129,1280.12839828,13.91430747,4379.12523624,47.59873704,0.0,0.0,2373.97128625,25.8037916,51.81327789,0.56318248
2023-12-06,2023-12-06,552.9500886,2.9843518,1381.48210601,7.45605921,80.74967611,0.43581771,3188.33821179,17.20792358,8944.44295301,48.27445538,0.0,0.0,4380.35153938,23.64139232,0.0,0.0
2023-12-07,2023-12-07,410.80436207,2.69864775,796.1384891,5.22997694,41.67726619,0.27378546,1666.34748369,10.94653636,4994.22253619,32.80794619,0.0,0.0,2543.41183671,16.70812986,4769.99838992,31.33497744
2023-12-08,2023-12-08,386.73415544,3.3477808,709.88758486,6.14517232,37.80807542,0.32728723,1070.35671315,9.26558878,5686.23932318,49.22317452,0.0,0.0,2533.93003546,21.935074,1126.99982968,9.75592235
2023-12-09,2023-12-09,349.50470232,3.36344137,622.38470585,5.98948871,37.1972113,0.35796554,2547.37421509,24.51453089,4383.30375452,42.18250881,0.0,0.0,2451.51814366,23.59206468,0.0,0.0
2023-12-10,2023-12-10,249.12207611,3.63309003,421.07647176,6.14079955,27.26486055,0.39761909,616.51999966,8.99106455,3601.77785752,52.52679105,0.0,0.0,1941.26880569,28.31063573,0.0,0.0
2023-12-11,2023-12-11,386.33583184,2.09362697,804.77508219,4.36122844,43.48422182,0.23564923,4589.47538869,24.8712355,9197.51671462,49.84308332,0.0,0.0,3431.02646861,18.59338161,0.33121791,0.00179493
2023-12-12,2023-12-12,342.34269511,2.61301486,751.06642994,5.73269935,29.82922803,0.22767892,2822.64506664,21.54453306,5606.07587532,42.78975365,0.0,0.0,2346.99625049,17.91402643,1202.4890682,9.17829372
2023-12-13,2023-12-13,371.10423434,2.95190316,704.92580614,5.60724595,23.81862061,0.1894623,2735.94236765,21.76271832,5529.83997959,43.98643453,0.0,0.0,2256.07281683,17.94565478,949.99024062,7.55658096
2023-12-14,2023-12-14,350.35146532,5.84976864,653.28192291,10.90775546,22.23737125,0.37129423,387.63702196,6.47232029,2916.47317366,48.69593824,0.0,0.0,1659.16384453,27.702823,0.0059977,0.00010014
2023-12-15,2023-12-15,427.65344271,5.58043679,799.89703156,10.43783209,28.09855571,0.3666572,1321.32295894,17.24190319,3135.98283254,40.92134481,0.0,0.0,1950.48548654,25.45182592,0.0,0.0
2023-12-16,2023-12-16,159.38196994,6.9124948,285.33149236,12.37500364,18.11012126,0.78544718,480.47035495,20.83829703,904.44169402,39.22619673,0.0,0.0,457.96726714,19.86232417,0.00545168,0.00023644
2023-12-17,2023-12-17,439.86180601,5.34684697,725.07685409,8.81384773,21.02391078,0.25556125,1018.54937439,12.3812242,4418.54169968,53.71065637,0.0,0.0,1603.51068808,19.49186347,0.0,0.0
2023-12-18,2023-12-18,431.24632369,3.20814704,1027.94008252,7.64709807,35.3931415,0.26329825,1867.38409785,13.89192772,7267.01879971,54.06113291,0.0,0.0,2811.94492664,20.9187471,1.29702896,0.00964892
2023-12-19,2023-12-19,287.23589461,3.1864657,628.49214673,6.97220894,24.78131334,0.27491273,909.73563418,10.09219757,4313.10598432,47.84765608,0.0,0.0,1650.87497827,18.3140638,1200.02121871,13.31249517
2023-12-20,2023-12-20,476.7836948,3.84796991,921.16662469,7.43444352,25.59446799,0.20656483,1757.04675301,14.18056679,6386.8841552,51.54651531,0.0,0.0,2823.0475592,22.78392103,0.00230669,1.862e-05
2023-12-21,2023-12-21,322.8344283,4.23058715,602.68881701,7.89794193,26.65842731,0.34934564,1221.3511504,16.00520897,3308.88694436,43.36134368,0.0,0.0,2148.51933466,28.15529417,0.02124971,0.00027847
2023-12-22,2023-12-22,334.55997063,6.45328111,585.20475514,11.28793377,40.86968707,0.78832975,363.096934,7.00372666,2292.50982604,44.21990569,0.0,0.0,1568.05037103,30.24590723,0.04747804,0.0009158
2023-12-23,2023-12-23,235.14111747,8.55153919,351.60053768,12.78689924,31.86440097,1.15883465,87.82064389,3.19383392,1166.5856525,42.42602497,0.0,0.0,876.68115133,31.88286804,0.0,0.0
2023-12-24,2023-12-24,160.1018483,4.91635413,311.50707123,9.5656552,23.90881987,0.73418406,139.41726039,4.28117871,1671.68884886,51.33366335,0.0,0.0,949.89166132,29.16895617,0.00027272,8.37e-06
2023-12-25,2023-12-25,553.65410368,3.12422425,995.69020574,5.61859736,19.32934147,0.10907387,684.98483651,3.8653127,10512.7689349,59.32268435,0.0,0.0,4954.90304284,27.96010747,0.0,0.0
2023-12-26,2023-12-26,216.2155339,3.58341769,448.30170981,7.42986523,22.46162667,0.37226461,487.97243982,8.08734248,3254.75718057,53.94225958,0.0,0.0,1603.46451779,26.57479328,0.60682563,0.01005714
2023-12-27,2023-12-27,220.57344525,3.8401687,463.89465665,8.07637447,21.89962096,0.38127091,1225.20022197,21.33065266,2620.78005879,45.62760283,0.0,0.0,1191.45251773,20.74310742,0.04727243,0.00082301
2023-12-28,2023-12-28,256.95299886,5.77071741,439.15856659,9.86273753,31.62292274,0.71019584,315.748316,7.09115796,2142.09730437,48.10777946,0.0,0.0,1267.12448177,28.45741181,0.0,0.0
2023-12-29,2023-12-29,208.58084848,4.91431648,384.00415101,9.04741707,31.62763107,0.74516999,386.65632176,9.10990414,2076.29736987,48.91907606,0.0,0.0,1157.17834269,27.26396333,0.0064902,0.00015291
2023-12-30,2023-12-30,678.64404983,3.27134023,1036.27056472,4.99524543,402.68105966,1.94108642,2051.91967912,9.89108709,11407.8584706,54.99051587,0.0,0.0,5164.7246073,24.89607241,3.03968875,0.01465254
2023-12-31,2023-12-31,249.74216719,1.90976698,401.24566636,3.06830733,34.42442814,0.26324203,2870.06416519,21.94724993,7491.94850622,57.29058893,0.0,0.0,2025.89055302,15.49189277,3.78608643,0.02895203
2024-01-01,2024-01-01,205.49033401,4.17806424,367.41231477,7.47028936,41.10143941,0.83568142,189.75058778,3.85804106,3049.21939903,61.99724481,0.0,0.0,1065.34029231,21.6606791,0.0,0.0
2024-01-02,2024-01-02,445.4612534,2.42244461,1001.36240454,5.4454679,103.61160254,0.56344601,3240.74678472,17.62337243,8554.14393279,46.51793994,0.0,0.0,5043.58794002,27.42732911,0.0,0.0
2024-01-03,2024-01-03,390.14620101,2.45538354,741.6071869,4.66730183,56.69376849,0.356802,1821.27125671,11.46216328,6734.3202391,42.38241715,0.0,0.0,3045.38293366,19.16610516,3099.99834956,19.50982706
2024-01-04,2024-01-04,356.73288088,2.83623035,678.12199834,5.39145758,60.5345727,0.48128446,2236.97860751,17.78525884,6552.37364844,52.09511657,0.0,0.0,2692.91241734,21.41019329,0.05772128,0.00045892
2024-01-05,2024-01-05,350.3833559,2.95013709,687.39102667,5.78765437,49.06007048,0.41307308,2357.57238833,19.85014875,5548.84007409,46.71979592,0.0,0.0,2883.60306738,24.27919079,0.0,0.0
2024-01-06,2024-01-06,297.09431079,3.30479398,471.53232225,5.24519361,47.81045461,0.53183012,1065.86005758,11.85632903,3667.15074374,40.79235874,0.0,0.0,1740.35043236,19.35917123,1699.99990886,18.91032329
2024-01-07,2024-01-07,225.71271741,3.57787147,414.85156312,6.57599443,32.65676701,0.51765676,947.21200736,15.01467377,3098.83699829,49.12102701,0.0,0.0,1589.3052906,25.19277656,0.0,0.0
2024-01-08,2024-01-08,322.42422977,2.10856287,813.32703537,5.31892776,42.10769969,0.27537239,3026.5024107,19.79246599,6514.65269309,42.60397792,0.0,0.0,3417.17013259,22.34732191,1154.99988654,7.55337114
2024-01-09,2024-01-09,411.67747362,3.18572968,1064.72349855,8.23926853,57.53596432,0.44523697,1209.74751293,9.36152403,6328.07682738,48.9692623,0.0,0.0,3844.32855092,29.74899615,6.45899248,0.04998234
2024-01-10,2024-01-10,368.44306237,2.28461436,931.7989276,5.77782955,43.32500545,0.26864647,2347.28550686,14.55487354,8995.61506854,55.77934142,0.0,0.0,3440.60775641,21.33426489,0.06930923,0.00042977
2024-01-11,2024-01-11,417.12118785,1.93840015,1117.05639747,5.19106281,49.11026201,0.22821986,4027.64560771,18.71683595,10479.28800044,48.69820573,0.0,0.0,3577.02919857,16.62278046,1851.58734638,8.60449503
2024-01-12,2024-01-12,399.84482924,1.95115821,985.91481998,4.81105583,55.05487054,0.26865613,6156.04711504,30.04020808,9584.22995415,46.76901536,0.0,0.0,3309.56332316,16.14996913,2.03641292,0.00993726
2024-01-13,2024-01-13,224.59701063,3.17657299,451.98180261,6.39257478,29.40142085,0.41583705,507.01373432,7.17091528,4046.20964826,57.22729902,0.0,0.0,1811.21507744,25.61680087,0.0,0.0
2024-01-14,2024-01-14,208.62216675,3.38114589,355.45579952,5.7608831,25.90623752,0.41986319,58.30442403,0.9449416,3956.77034928,64.12749906,0.0,0.0,1565.10266579,25.36566716,0.0,0.0
2024-01-15,2024-01-15,287.31031308,2.37875871,556.98065194,4.61146891,36.3555418,0.30100229,2454.85224069,20.32471819,6137.34318673,50.81355555,0.0,0.0,2605.31933683,21.57049636,0.0,0.0
2024-01-16,2024-01-16,245.02171174,3.30292123,463.18613778,6.24380312,31.07287072,0.41886592,369.87098637,4.985904,4018.62561273,54.17154162,0.0,0.0,2290.46177993,30.87569174,0.09438811,0.00127236
2024-01-17,2024-01-17,385.97299725,3.93737994,631.41470929,6.44117498,43.03863652,0.43904487,657.81315792,6.7104703,5447.13806176,55.56723479,0.0,0.0,2637.39715506,26.90456259,0.01299061,0.00013252
2024-01-18,2024-01-18,352.03641376,3.30891862,621.94839987,5.84591979,42.15287223,0.39621022,1784.80639921,16.77604615,4843.27098327,45.52367,0.0,0.0,2983.56602252,28.04362496,11.23589453,0.10561027
2024-01-19,2024-01-19,381.03887608,3.12667892,627.32557676,5.14762608,47.76105767,0.39191143,1365.66663083,11.20620842,6784.14294585,55.6684319,0.0,0.0,2980.62027878,24.45798361,0.14132107,0.00115963
2024-01-20,2024-01-20,278.81454124,4.23623482,410.20453216,6.23253979,35.65505385,0.54173351,401.04993748,6.09344729,3379.99991976,51.35482994,0.0,0.0,2075.64856653,31.53685849,0.28670771,0.00435616
2024-01-21,2024-01-21,198.22750255,4.27158501,379.20618456,8.17147688,27.54900671,0.59365084,249.67671455,5.38025903,2254.24495897,48.57650352,0.0,0.0,1531.70332513,33.00652472,0.0,0.0
2024-01-22,2024-01-22,325.35530436,2.69448651,638.04017132,5.28404058,40.33561555,0.33404641,2475.22785096,20.49902968,6061.46572975,50.19908202,0.0,0.0,2534.42614743,20.98929066,0.00291381,2.413e-05
2024-01-23,2024-01-23,390.7331433,3.25439042,1230.26346505,10.24678276,40.67963592,0.33881799,827.72900134,6.89409992,6254.98425989,52.09734881,0.0,0.0,3261.27881041,27.16297479,0.67059175,0.00558531
2024-01-24,2024-01-24,381.88690487,4.02626125,653.22525972,6.88700115,42.08837606,0.44374079,741.54348383,7.81814657,5178.61829608,54.59854718,0.0,0.0,2487.53432824,26.22625431,0.00462306,4.874e-05
2024-01-25,2024-01-25,340.75598056,3.15670774,636.98224428,5.90089945,43.55769423,0.40351136,1779.70755312,16.48692003,5421.57677053,50.2246015,0.0,0.0,2572.08144129,23.82734228,0.00190503,1.765e-05
2024-01-26,2024-01-26,360.81116903,3.07146516,700.03125508,5.95913263,32.27219831,0.27472246,1512.607816,12.87632591,5777.97187547,49.18594774,0.0,0.0,2363.30652015,20.11804029,1000.19961924,8.51436581
2024-01-27,2024-01-27,283.71388342,4.8348464,497.30605315,8.47472937,20.08119925,0.34220925,485.60636992,8.27535185,2843.48046775,48.45653351,0.0,0.0,1737.91744312,29.61632963,0.0,0.0
2024-01-28,2024-01-28,195.61392308,3.05131279,368.07293008,5.74144018,17.11407748,0.26695648,507.18323622,7.91137292,3393.43420243,52.93298662,0.0,0.0,1929.39352506,30.09593101,0.0,0.0
2024-01-29,2024-01-29,308.33471831,2.82594708,666.28264121,6.10660875,20.42324951,0.18718302,766.03665967,7.02087354,5829.93461849,53.43247374,0.0,0.0,2219.82377409,20.34511247,1100.00976804,10.08180141
2024-01-30,2024-01-30,345.07808685,2.80808023,623.63040099,5.07480558,23.35164676,0.19002452,1465.73621983,11.92745948,4881.71805021,39.72508387,0.0,0.0,2567.38155556,20.8921217,2381.85858751,19.38242462
2024-01-31,2024-01-31,351.59385428,3.5133435,623.469771,6.230096,25.4184892,0.25399728,477.57098162,4.77218496,5681.58695927,56.77393488,0.0,0.0,2847.70202065,28.45600186,0.04418584,0.00044153
2024-02-01,2024-02-01,419.22547877,3.07340067,1037.65105625,7.60716516,26.91867784,0.1973446,1050.06743415,7.69819136,5794.80315492,42.48251315,0.0,0.0,3611.7771342,26.47844379,1700.00044951,12.46294128
2024-02-02,2024-02-02,413.22583494,4.44977154,619.33307268,6.66921196,30.81690049,0.331848,707.63874736,7.62012075,4464.46265579,48.07501661,0.0,0.0,3050.95982739,32.85388538,0.01353466,0.00014575
2024-02-03,2024-02-03,258.74126636,4.75176337,359.48444371,6.60190404,18.57139371,0.34106221,45.42263884,0.83418325,2796.72217456,51.36158668,0.0,0.0,1966.20258228,36.10915853,0.01861815,0.00034192
2024-02-04,2024-02-04,253.5992049,4.11011063,528.28981925,8.5620521,17.77555542,0.28809041,701.07419421,11.36238776,2923.33312843,47.37878648,0.0,0.0,1746.05253614,28.29846844,0.00642772,0.00010417
2024-02-05,2024-02-05,385.41794111,3.77018066,1286.37780144,12.58342229,23.59243408,0.23078256,1585.09531297,15.50549432,4592.9402889,44.92840838,0.0,0.0,2349.37389915,22.98171179,0.0,0.0
2024-02-06,2024-02-06,418.36785725,4.73364599,1535.5022842,17.37352453,35.33959123,0.39985174,493.16300453,5.57991977,4269.67594098,48.30948182,0.0,0.0,2086.1192829,23.60351066,0.00578893,6.55e-05
2024-02-07,2024-02-07,337.82848623,3.85498152,677.20453119,7.72762233,24.14799239,0.27555422,751.10486466,8.57090356,4632.21651915,52.85850608,0.0,0.0,2340.92254543,26.71241038,0.00191966,2.191e-05
2024-02-08,2024-02-08,323.07063605,2.70392237,1184.63089176,9.91470473,23.10635246,0.19338738,2675.07237446,22.38887481,5140.36343233,43.02199614,0.0,0.0,2601.94803962,21.77686461,0.02986581,0.00024996
2024-02-09,2024-02-09,387.9452053,2.7244494,1319.32009724,9.26527973,29.36815291,0.20624574,2264.46859886,15.90283894,6592.18627639,46.29539869,0.0,0.0,3646.10519567,25.60575303,0.00490786,3.447e-05
2024-02-10,2024-02-10,289.02539568,3.84416013,759.19499968,10.09761492,23.16225226,0.30806776,410.59225371,5.46105081,3821.67250467,50.82986231,0.0,0.0,2213.76918846,29.44406746,1.14106297,0.01517662
2024-02-11,2024-02-11,219.99914095,2.26432051,573.3820691,5.90148112,16.99992865,0.17497017,1060.62222494,10.91635468,3727.43340478,38.3642584,0.0,0.0,2265.99798747,23.32257156,1851.46634637,19.05604356
2024-02-12,2024-02-12,308.53892024,2.58887365,850.82405414,7.13905388,180.35652278,1.51332691,1320.08856928,11.07653619,5858.60932998,49.15813966,0.0,0.0,3399.46511682,28.52406972,0.0,0.0
2024-02-13,2024-02-13,340.99021993,3.96088683,920.20423875,10.68894248,38.23822298,0.44416897,297.2298668,3.45257369,4306.647072,50.02531056,0.0,0.0,2705.62658394,31.42811748,0.0,0.0
2024-02-14,2024-02-14,336.03480272,2.57359454,802.84211968,6.14873841,23.88623593,0.18293786,1644.33981229,12.59352882,5206.57041838,39.87563526,0.0,0.0,3043.34902916,23.30814069,1999.9994574,15.31742442
2024-02-15,2024-02-15,355.92520784,3.85723425,891.91226249,9.66583556,23.96346868,0.25969701,515.22051876,5.58355011,4785.77629404,51.86443624,0.0,0.0,2654.66420057,28.76913874,0.00997437,0.00010809
2024-02-16,2024-02-16,337.68926774,4.01874276,691.81101315,8.2330437,24.60392627,0.29280424,14.79658358,0.17608988,4505.5924586,53.61975873,0.0,0.0,2828.32879663,33.65912676,0.03646229,0.00043393
2024-02-17,2024-02-17,300.20754555,3.92611369,620.50373168,8.11494659,18.76734565,0.24543931,889.62426701,11.63450442,3766.82411614,49.26251841,0.0,0.0,2050.5032579,26.81647759,0.0,0.0
2024-02-18,2024-02-18,211.47503853,3.14061364,417.97953703,6.20740983,33.07351053,0.49117437,1669.27367162,24.79036624,2702.14510829,40.12952938,0.0,0.0,1694.61870082,25.16676501,4.99236355,0.07414154
2024-02-19,2024-02-19,259.05679412,3.34962985,604.69263881,7.81873534,110.77643305,1.43235018,477.17872872,6.16996793,3673.62662273,47.50035381,0.0,0.0,2608.4220143,33.72715338,0.13994642,0.00180952
2024-02-20,2024-02-20,295.30610221,2.75281116,639.48513179,5.9612104,34.49727418,0.32157981,2531.26723987,23.59619614,4345.70591376,40.51019484,0.0,0.0,2881.17603727,26.85800764,0.0,0.0
2024-02-21,2024-02-21,318.62538443,2.39937409,686.629588,5.17059006,24.48591149,0.18438852,1415.48256207,10.65913877,4920.16077996,37.0507401,0.0,0.0,2470.1368023,18.60109878,3443.99988356,25.93466968
2024-02-22,2024-02-22,316.95411593,3.13284396,708.07249806,6.99874377,20.13977997,0.199066,2263.41521501,22.37209211,4384.86551134,43.34097184,0.0,0.0,2423.68991045,23.95628233,0.0,0.0
2024-02-23,2024-02-23,315.26833941,3.12503967,683.07674043,6.77087307,105.64075023,1.04714459,2274.63590393,22.54691174,4582.93149717,45.42746899,0.0,0.0,2126.9055776,21.08256194,0.0,0.0
2024-02-24,2024-02-24,244.73878448,4.29821678,547.68395687,9.61868131,245.93872775,4.31929074,252.02687699,4.42621366,2801.92794681,49.20876652,0.0,0.0,1601.64465083,28.128831,0.0,0.0
2024-02-25,2024-02-25,226.14182789,4.19577966,543.4773644,10.08354489,15.76488044,0.2924977,18.48681002,0.34299971,2740.40708464,50.84483671,0.0,0.0,1845.46711197,34.24034133,0.0,0.0
2024-02-26,2024-02-26,239.28902356,3.0728324,699.08284609,8.97727938,15.78832995,0.202746,169.42659162,2.17569328,4145.08206162,53.22911288,0.0,0.0,2518.57733147,32.34233607,0.0,0.0
2024-02-27,2024-02-27,443.47345609,2.60281294,1168.02987707,6.85534441,20.15072751,0.11826767,3054.34302557,17.92640223,7814.44017415,45.86413399,0.0,0.0,4537.59623875,26.63184019,0.20421392,0.00119856
2024-02-28,2024-02-28,537.54686528,2.50219241,2125.86181073,9.89553773,30.66362462,0.14273414,2786.78888596,12.97204477,9963.76679206,46.3796987,0.0,0.0,6038.16909583,28.10668588,0.23768145,0.00110637
2024-02-29,2024-02-29,385.62971521,2.34525412,1202.58260037,7.31365267,31.51394112,0.19165587,3260.55976095,19.82949162,7380.62391682,44.88616399,0.0,0.0,4182.01507325,25.43343442,0.05710569,0.0003473
2024-03-01,2024-03-01,359.55100002,2.82198176,928.88120041,7.29044227,19.43766831,0.15255901,1535.33154993,12.05024498,6493.95131987,50.96860303,0.0,0.0,3403.92516108,26.71613964,0.00373342,2.93e-05
2024-03-02,2024-03-02,253.10808542,3.19056997,622.25624908,7.84389048,15.78284229,0.19895162,1088.82733093,13.72528174,3685.10987078,46.4528854,0.0,0.0,2267.62921626,28.58474342,0.29172658,0.00367738
2024-03-03,2024-03-03,182.66123789,2.66383443,570.78209088,8.32398271,12.15829376,0.1773101,127.42629405,1.85831736,3577.53755074,52.17290658,0.0,0.0,2386.51378138,34.80364883,0.0,0.0
2024-03-04,2024-03-04,309.10700076,2.33272512,1002.43552267,7.56503901,17.95073165,0.13546805,2087.25357163,15.75179086,6513.23108163,49.15313367,0.0,0.0,3320.25220818,25.05681106,0.6668167,0.00503224
2024-03-05,2024-03-05,562.32524855,2.3257277,1749.4423684,7.23553956,33.69389615,0.13935499,4749.37973731,19.64301631,11009.37199699,45.53379296,0.0,0.0,6073.95624547,25.12134808,0.2950742,0.0012204
2024-03-06,2024-03-06,323.46189593,2.20643691,1085.83371392,7.40681858,25.45989923,0.1736701,1748.01610033,11.92377614,6956.93881326,47.45550172,0.0,0.0,4520.21005288,30.83379654,0.0,0.0
2024-03-07,2024-03-07,294.99525201,2.51147722,873.93067573,7.44031293,16.53981344,0.14081367,1058.97231534,9.01568697,5018.97901842,42.72967582,0.0,0.0,3285.22448802,27.96915007,1197.24445618,10.19288331
2024-03-08,2024-03-08,273.05495946,2.13456759,999.27297189,7.81167168,12.21294518,0.09547293,1811.11859832,14.15815725,5120.24529874,40.0267758,0.0,0.0,3426.14556803,26.7833966,1149.99997024,8.98995816
2024-03-09,2024-03-09,225.90511978,2.68681575,1026.10069176,12.20398857,11.09471846,0.13195568,803.3402144,9.55457381,3683.75574252,43.8129643,0.0,0.0,2657.71610615,31.60970189,0.0,0.0
2024-03-10,2024-03-10,215.68868996,1.77909269,891.26756189,7.35155657,11.69369624,0.09645461,4210.95848585,34.73378912,3855.25864565,31.79982449,0.0,0.0,2938.42684622,24.23740314,0.22784629,0.00187937
2024-03-11,2024-03-11,323.58048398,1.62042643,1342.69854526,6.72396611,16.77510199,0.08400636,2994.83827254,14.99755184,8741.01490465,43.77325661,0.0,0.0,4549.47076036,22.7828408,2000.46953869,10.01795185
2024-03-12,2024-03-12,292.94114142,2.2605664,922.70041126,7.12028886,14.00460779,0.10807067,1241.93274938,9.583739,6777.05759533,52.29715639,0.0,0.0,3708.39852521,28.61694694,1.71466777,0.01323174
2024-03-13,2024-03-13,271.64510657,2.25038433,977.8538526,8.10081587,14.20245356,0.11765711,1593.5983912,13.20181652,5580.30382526,46.22880371,0.0,0.0,3632.81270472,30.09524045,0.63759289,0.005282
2024-03-14,2024-03-14,247.58006405,1.64902467,856.62411951,5.70560603,15.38007052,0.10244006,3638.22673921,24.23266863,6547.1323556,43.60764192,0.0,0.0,3708.19426964,24.69869236,0.58948786,0.00392633
2024-03-15,2024-03-15,265.80190204,1.94097495,843.69497478,6.16094468,13.95590255,0.1019107,3948.78497924,28.83535699,5773.23850475,42.15813071,0.0,0.0,2848.63549153,20.80169515,0.13513853,0.00098683
2024-03-16,2024-03-16,290.25723624,2.63762872,738.15053829,6.70772961,7.83643435,0.07121133,1999.84745662,18.17303559,5511.48078728,50.08398825,0.0,0.0,2456.90418715,22.32640649,0.0,0.0
2024-03-17,2024-03-17,223.46312121,2.71585858,575.08587244,6.98930496,8.31422875,0.10104696,878.46852019,10.67646535,4506.15634772,54.76556188,0.0,0.0,2036.59575121,24.75176226,0.0,0.0
2024-03-18,2024-03-18,216.9221043,2.50926668,629.7460831,7.28464657,8.09436867,0.09363236,1032.73659426,11.9462769,4555.85585763,52.70028767,0.0,0.0,2201.4747963,25.46576509,0.01078241,0.00012473
2024-03-19,2024-03-19,306.00624149,1.37236029,1481.0648608,6.6421998,11.95067452,0.05359574,7112.73254651,31.89879929,9321.16139923,41.8030419,0.0,0.0,4064.88404314,18.22997271,0.00674891,3.027e-05
2024-03-20,2024-03-20,267.42687984,2.1192119,811.18010463,6.42815908,8.61551932,0.06827328,3051.72356544,24.18324173,5825.05335681,46.16036492,0.0,0.0,2655.15772988,21.04067418,0.00945311,7.491e-05
2024-03-21,2024-03-21,243.43446415,1.79024555,644.73686598,4.74147039,7.01134263,0.05156223,5729.14237581,42.13278373,4829.90076316,35.51965564,0.0,0.0,2143.56854471,15.76405402,0.03106224,0.00022844
2024-03-22,2024-03-22,231.74298904,2.28506515,661.5089327,6.52270437,7.14036536,0.07040645,2924.72696783,28.83880841,4095.87430737,40.38672181,0.0,0.0,2220.64241093,21.89629382,0.0,0.0
2024-03-23,2024-03-23,197.52058192,3.49900532,512.10882543,9.07182171,5.72881568,0.10148389,865.05906528,15.32420693,2579.64313932,45.69744063,0.0,0.0,1484.85263428,26.30362474,0.1364281,0.00241677
2024-03-24,2024-03-24,157.88021001,2.87089401,430.48560476,7.82795098,5.70956309,0.10382271,505.35788079,9.18942857,2752.01230928,50.04259656,0.0,0.0,1647.8939921,29.96530718,0.0,0.0
2024-03-25,2024-03-25,212.58120118,1.81129375,694.26981749,5.91551168,11.78458107,0.10041028,2847.86999007,24.26521758,5265.22554917,44.86224583,0.0,0.0,2704.69761687,23.04532033,6.546e-05,5.6e-07
2024-03-26,2024-03-26,272.78852452,2.11847168,853.53467484,6.62853776,9.89171304,0.0768189,3970.72740227,30.83661074,4692.3925494,36.44105169,0.0,0.0,3077.16280827,23.89720122,0.16842873,0.00130802
2024-03-27,2024-03-27,225.9128842,1.80527212,760.24178876,6.07509974,6.04223129,0.04828353,4059.0512887,32.43591945,5173.07781063,41.33811653,0.0,0.0,2289.72844625,18.29724292,0.00822301,6.571e-05
2024-03-28,2024-03-28,239.75789326,2.13067291,919.18007432,8.16854057,6.96096988,0.06186053,2402.20498447,21.3478397,4931.34514132,43.8237229,0.0,0.0,2753.13480368,24.46647178,0.10032917,0.0008916
2024-03-29,2024-03-29,267.0996642,2.91832321,631.7128235,6.90207604,10.54255267,0.11518763,1460.87449971,15.96147253,4518.26290331,49.3664098,0.0,0.0,2264.01210668,24.7365308,0.0,0.0
2024-03-30,2024-03-30,185.21847024,2.93503003,490.74262993,7.77646179,7.24217902,0.11476184,214.65736831,3.40152805,3244.94550079,51.4204252,0.0,0.0,2167.80969826,34.35179309,0.0,0.0
2024-03-31,2024-03-31,158.47066854,3.16538299,367.85922369,7.34782872,4.61823963,0.09224734,697.09598999,13.92419057,2004.09446824,40.03091928,0.0,0.0,1758.14590636,35.11820324,16.08184354,0.32122786
2024-04-01,2024-04-01,215.88937284,2.32359978,623.98898498,6.71594274,7.24676629,0.07799636,2537.95834862,27.31583946,3849.46558649,41.43148528,0.0,0.0,2056.61093795,22.13513639,0.0,0.0
2024-04-02,2024-04-02,253.55705202,1.93886744,603.66334448,4.61601518,7.64582845,0.05846514,4381.10969523,33.50090585,5346.44917517,40.88253956,0.0,0.0,2482.11625739,18.97992719,3.04441561,0.02327965
2024-04-03,2024-04-03,198.85229686,3.17691115,485.40702105,7.75497694,5.82197872,0.0930133,1503.81489221,24.02530104,2617.96542283,41.82523243,0.0,0.0,1445.43755071,23.09265088,1.99760827,0.03191426
2024-04-04,2024-04-04,229.24808585,2.5238644,615.85933232,6.78018941,7.52975025,0.08289739,773.26484625,8.5131163,4915.43377149,54.11555896,0.0,0.0,2236.3477501,24.62065693,305.53368578,3.3637166
2024-04-05,2024-04-05,213.55502392,1.61919983,586.4088432,4.44622226,6.21553651,0.04712694,3072.28406335,23.29442666,3388.47473873,25.69182233,0.0,0.0,2127.06257528,16.12764385,3794.92250926,28.77355813
2024-04-06,2024-04-06,196.90397828,4.33020065,457.74866122,10.06654902,4.8972862,0.10769834,605.87072159,13.32396538,1817.23007789,39.96349352,0.0,0.0,1464.57454981,32.2080931,0.0,0.0
2024-04-07,2024-04-07,201.38478051,3.78410623,426.42825291,8.01276941,4.73983171,0.08906347,384.49885813,7.22489813,2655.61711041,49.90018227,0.0,0.0,1648.84019712,30.98241311,0.34950635,0.00656737
2024-04-08,2024-04-08,233.57536349,1.98629052,807.35843416,6.86565733,8.0905306,0.06880068,2071.051024,17.61191319,5535.27937206,47.07120135,0.0,0.0,3104.02088812,26.39613692,0.0,0.0
2024-04-09,2024-04-09,244.37279475,2.10601278,529.3683853,4.56211414,6.42436172,0.05536536,3761.96273313,32.42071847,3850.25433333,33.18161838,0.0,0.0,2098.29404715,18.08316706,1112.89942472,9.59100382
2024-04-10,2024-04-10,188.46784309,2.23926824,412.43501534,4.90031942,4.95326509,0.05885189,2860.31485886,33.98464223,3294.75371296,39.1463988,0.0,0.0,1655.51548687,19.669898,0.05230125,0.00062141
2024-04-11,2024-04-11,173.44289275,3.11771154,400.20722515,7.19389918,4.55621839,0.08190001,823.64786349,14.80542908,2842.36876812,51.09281659,0.0,0.0,1318.92456992,23.7082436,0.0,0.0
2024-04-12,2024-04-12,278.48956625,2.25971406,657.11828201,5.33197506,6.40750515,0.05199164,4294.17140324,34.84367346,4684.09229363,38.00756118,0.0,0.0,2403.82738445,19.50508459,0.0,0.0
2024-04-13,2024-04-13,272.91773106,2.67124075,709.02942906,6.93977741,8.55964208,0.08377933,1481.07306349,14.49631985,4183.45150307,40.94642766,0.0,0.0,2561.8587712,25.07474146,999.99993304,9.78771354
2024-04-14,2024-04-14,193.17307271,1.82301325,548.58348332,5.17709298,5.7203964,0.05398453,1956.67930971,18.46557731,5788.18847986,54.62430217,0.0,0.0,2104.0166763,19.85602976,0.0,0.0
2024-04-15,2024-04-15,169.55277996,2.22244288,429.51459587,5.62993809,3.89486944,0.05105269,1775.1790005,23.26847088,3361.24406094,44.05809754,0.0,0.0,1889.7322648,24.76999793,0.0,0.0
2024-04-16,2024-04-16,264.12091122,2.42857692,572.19771273,5.26132578,6.25816414,0.05754347,3994.44575231,36.72870398,3744.56285769,34.43104482,0.0,0.0,2293.9569422,21.09280503,0.0,0.0
2024-04-17,2024-04-17,200.70116792,2.15278172,419.98051406,4.50483863,4.04235922,0.04335957,3025.48385685,32.45225929,3841.90879104,41.20948125,0.0,0.0,1830.75263806,19.63720916,0.00656137,7.038e-05
2024-04-18,2024-04-18,186.33239278,0.74663867,403.64869713,1.61743066,4.68063265,0.01875541,2277.53036969,9.12612246,4228.74429574,16.94468659,16276.99274504,65.22232639,1578.04401169,6.32326273,0.19393,0.00077708
2024-04-19,2024-04-19,218.68172005,2.45411318,519.02355336,5.82464113,3.94541078,0.04427661,1785.66965156,20.03933124,4331.45582572,48.60892268,0.0,0.0,2052.04840907,23.02871516,0.0,0.0
2024-04-20,2024-04-20,110.73684425,4.30913672,241.50299393,9.39767993,1.20400877,0.04685196,464.52098785,18.07604739,1101.03666817,42.8449769,0.0,0.0,650.8135555,25.3253071,0.0,0.0
2024-04-21,2024-04-21,136.29042195,4.12873591,252.52259986,7.64983416,3.04310725,0.09218686,640.43397134,19.40108993,1722.2643532,52.17369331,0.0,0.0,546.46612573,16.55445983,0.0,0.0
2024-04-22,2024-04-22,163.8658015,3.42101518,352.47213402,7.35853673,11.46555814,0.23936568,453.83538581,9.47469044,2635.81847937,55.02780286,0.0,0.0,1172.51851224,24.47858912,0.0,0.0
2024-04-23,2024-04-23,76.28418697,2.30875021,167.33314612,5.06435804,7.52539478,0.22775699,1082.5571125,32.76372283,1424.57463323,43.11492474,0.0,0.0,545.85893701,16.5204872,0.0,0.0
2024-04-24,2024-04-24,347.74429069,2.52138784,609.26066164,4.41756333,28.77825027,0.20866232,5673.28817513,41.13528306,4913.92333999,35.62936013,0.0,0.0,2218.76343389,16.08757727,0.02290043,0.00016604
2024-04-25,2024-04-25,257.64094549,3.71267733,479.90056884,6.91550002,21.05620071,0.30342568,1233.57532619,17.77616188,3309.91333946,47.69676734,0.0,0.0,1637.16653883,23.59202296,0.23905031,0.00344478
2024-04-26,2024-04-26,204.62469003,3.72381833,448.42720639,8.16060589,22.27602444,0.40538543,805.42444757,14.65734325,2599.58088912,47.30791265,0.0,0.0,1414.55706069,25.74251186,0.13312202,0.00242259
2024-04-27,2024-04-27,168.54752362,3.68843523,323.86737425,7.08740067,19.87785668,0.43500008,491.32701243,10.75202899,2384.87420712,52.18975542,0.0,0.0,1181.1273773,25.84737961,0.0,0.0
2024-04-28,2024-04-28,151.08410211,2.37886162,873.86360128,13.75922781,15.09591997,0.2376895,692.85276321,10.90916133,2764.02448168,43.52034168,0.0,0.0,1854.18846418,29.19471807,0.0,0.0
2024-04-29,2024-04-29,186.44031498,2.77856407,458.31731486,6.83041124,20.27512798,0.30216502,1576.06230665,23.48842895,2978.75628933,44.39310881,0.0,0.0,1490.03721106,22.20637663,0.06342784,0.00094528
2024-04-30,2024-04-30,228.38809651,1.63504946,1071.34866372,7.66987459,24.59766184,0.17609672,5061.69092561,36.23706819,5273.59602828,37.75411453,0.0,0.0,2308.53338461,16.52698336,0.11358392,0.00081316
2024-05-01,2024-05-01,245.75749282,2.22246599,680.66803419,6.15550533,23.94852331,0.21657439,2098.77647778,18.97992728,5511.07458083,49.83846344,0.0,0.0,2497.64907172,22.58706358,0.0,0.0
2024-05-02,2024-05-02,225.20308087,2.20191522,468.8693274,4.5843534,21.71500774,0.21231773,1395.34814852,13.64296756,6451.83436164,63.08258408,0.0,0.0,1663.51006099,16.26491125,1.12,0.01095076
2024-05-03,2024-05-03,180.71531386,2.5093059,387.5033638,5.38064239,20.32306461,0.28219405,724.17701647,10.05549348,4330.19492359,60.1265241,0.0,0.0,1558.85445864,21.64533048,0.0367,0.00050959
2024-05-04,2024-05-04,152.86480257,2.77270448,330.86978162,6.0014085,16.69783265,0.30286995,645.86442169,11.71486926,3035.80398032,55.06426044,0.0,0.0,1331.10131278,24.14388736,0.0,0.0
2024-05-05,2024-05-05,127.86841899,3.89512693,320.61874916,9.76668621,14.38812628,0.43829101,130.48693498,3.97489215,1868.37968295,56.91456954,0.0,0.0,821.03734467,25.01043416,0.0,0.0
2024-05-06,2024-05-06,136.73100118,2.15883425,389.24925751,6.1458237,17.4544665,0.2755871,876.30198494,13.83585813,3662.19322995,57.82206002,0.0,0.0,1251.62723272,19.76183681,0.0,0.0
2024-05-07,2024-05-07,184.85328854,3.04472314,421.35562138,6.94015899,18.9818333,0.31265025,872.34760194,14.3684592,3072.14823112,50.60143045,0.0,0.0,1499.29520661,24.6949289,2.2857755,0.03764907
2024-05-08,2024-05-08,169.39000258,2.27079279,424.51861196,5.69097225,17.97796718,0.24100737,1665.14334173,22.32242423,3654.79725568,48.99514219,0.0,0.0,1527.55667637,20.47797766,0.12558192,0.00168351
2024-05-09,2024-05-09,157.83521609,2.28301855,360.3941295,5.21294616,17.43098039,0.25213164,1891.50344433,27.35978422,3210.07808765,46.43239961,0.0,0.0,1265.94641058,18.31137063,10.25603844,0.14834919
2024-05-10,2024-05-10,164.53546909,2.03682602,378.50236761,4.68557615,18.76462867,0.23229207,1577.62724398,19.52984505,4563.51309207,56.49287811,0.0,0.0,1375.03048093,17.02184869,0.05928586,0.00073391
2024-05-11,2024-05-11,138.4418909,3.21428091,279.09492015,6.47989902,17.80541606,0.41339806,0.51923362,0.01205533,3120.40449753,72.44813349,0.0,0.0,750.81170361,17.43200491,0.00983234,0.00022828
2024-05-12,2024-05-12,104.91642023,2.00382902,229.37145216,4.38083163,12.45526237,0.23788665,1036.11226209,19.78900743,2666.82144584,50.93439325,0.0,0.0,1186.12018057,22.65405201,0.0,0.0
2024-05-13,2024-05-13,154.45545879,1.67569858,431.93334091,4.68607642,17.38703151,0.18863318,980.67405031,10.63940454,4401.49977961,47.7521932,0.0,0.0,2117.59387946,22.97393096,1113.83368228,12.08406313
2024-05-14,2024-05-14,170.011362,2.44237992,376.57061546,5.40980614,18.05131729,0.25932487,981.29058851,14.09720151,3845.67431303,55.24688241,0.0,0.0,1569.29108017,22.54440514,0.0,0.0
2024-05-15,2024-05-15,183.36076125,2.1755358,515.18720978,6.11258488,19.81362271,0.23508435,274.56394147,3.25764181,5130.21008667,60.86883372,0.0,0.0,2305.14359815,27.3500305,0.02435262,0.00028894
2024-05-16,2024-05-16,190.40098887,2.22661087,552.98141577,6.46674389,20.23230405,0.23660312,1956.21556819,22.87661882,3974.4550473,46.47856536,0.0,0.0,1856.87157195,21.71485794,0.0,0.0
2024-05-17,2024-05-17,164.58879006,2.38183884,560.43941072,8.11037227,18.3281282,0.26523464,847.40962754,12.26324811,3723.58233185,53.88564456,0.0,0.0,1595.52700874,23.0895932,0.28113236,0.00406839
2024-05-18,2024-05-18,147.62477043,2.85712167,734.90330537,14.22327806,15.72890048,0.30441627,266.46137019,5.15707867,2621.55975029,50.7375229,0.0,0.0,1378.49087449,26.6792364,2.13630972,0.04134602
2024-05-19,2024-05-19,108.05960855,2.27432219,296.45356986,6.23943525,13.39948119,0.28201784,579.9870057,12.20694145,2551.82988077,53.70816525,0.0,0.0,1201.55805746,25.28909908,0.0009,1.894e-05
2024-05-20,2024-05-20,157.97974708,1.97385315,447.85713693,5.5956807,16.77287089,0.209566,905.62671445,11.31521083,4355.85429992,54.42353784,0.0,0.0,2115.52981092,26.43215516,4.00151613,0.04999632
2024-05-21,2024-05-21,218.62566465,1.26248942,770.81204074,4.45117938,22.58035064,0.1303939,4862.65745908,28.08020561,7867.94413294,45.43472182,0.0,0.0,3574.39989358,20.64095297,0.00985142,5.689e-05
2024-05-22,2024-05-22,162.53272876,2.05890621,432.60045983,5.48002719,14.4389894,0.18290793,979.54617363,12.40853897,4356.42419232,55.18561636,0.0,0.0,1948.58726681,24.68400335,0.0,0.0
2024-05-23,2024-05-23,160.91008384,1.48863124,418.90751231,3.87544892,16.10355552,0.1489792,2535.44699602,23.45624043,5937.43959927,54.92917462,0.0,0.0,1740.45643759,16.10152558,0.0,0.0
2024-05-24,2024-05-24,146.13295041,1.93578681,328.42419566,4.35055355,16.04530594,0.21254817,1858.65973878,24.62120279,3561.80986381,47.18240845,0.0,0.0,1637.9353742,21.69732209,0.0134482,0.00017814
2024-05-25,2024-05-25,136.75293209,3.39609282,269.71826716,6.69812527,15.71528454,0.39026999,376.45355746,9.34876645,2143.95810341,53.24259313,0.0,0.0,1084.17436484,26.92415234,0.0,0.0
2024-05-26,2024-05-26,110.63971762,2.57329428,289.99453702,6.74478658,11.67239608,0.27148036,132.60672404,3.08421001,2399.04589969,55.79778419,0.0,0.0,1355.57687119,31.52844459,0.0,0.0
2024-05-27,2024-05-27,140.03226262,1.78899427,379.87486972,4.85312423,13.58729905,0.17358571,1240.91437449,15.85340883,3395.28845478,43.37680108,0.0,0.0,1462.05035081,18.67855061,1195.68172863,15.27553526
2024-05-28,2024-05-28,139.89978743,1.81936391,345.29046375,4.49042146,14.90176758,0.19379399,2629.33836512,34.19392849,3354.96802561,43.63057196,0.0,0.0,1205.09057681,15.67192019,0.0,0.0
2024-05-29,2024-05-29,136.28885304,1.73281276,306.56385496,3.89773447,14.94906481,0.19006639,1301.27616024,16.54477155,2354.87658574,29.94052786,0.0,0.0,1351.22276348,17.17980596,2400.00330681,30.51428101
2024-05-30,2024-05-30,166.76224108,2.78692591,354.07320732,5.91726154,16.6131044,0.27763774,766.62686408,12.81184671,3452.6066148,57.69986517,0.0,0.0,1227.04753739,20.50638412,0.0047158,7.881e-05
2024-05-31,2024-05-31,196.50875946,2.16897486,409.45297602,4.51935686,21.43145655,0.23655073,2143.37767066,23.65763384,4289.01270551,47.34018344,0.0,0.0,2000.19971439,22.07730028,0.0,0.0
2024-06-01,2024-06-01,136.22905332,4.12547511,257.7949432,7.80690019,16.47117169,0.49880262,178.19248185,5.39626923,1675.48055288,50.73920101,0.0,0.0,1037.87768395,31.43043609,0.09628235,0.00291575
2024-06-02,2024-06-02,105.83617145,3.87680478,189.61347034,6.94558768,12.25906853,0.44905267,23.90477034,0.87563757,1737.39867519,63.64133738,0.0,0.0,660.86183766,24.20753036,0.11055228,0.00404956
2024-06-03,2024-06-03,174.21272525,2.14602511,443.7899,5.46678934,17.69477204,0.21797159,1311.45092013,16.15500017,4311.6293952,53.11245166,0.0,0.0,1858.34625795,22.89188535,0.80179042,0.00987679
2024-06-04,2024-06-04,167.08643543,2.84114696,450.36122248,7.65796707,17.59446787,0.2991773,358.63488652,6.09824739,2948.23897908,50.13201823,0.0,0.0,1939.02354672,32.97126335,0.0105679,0.0001797
2024-06-05,2024-06-05,195.21984908,2.05887813,1334.93706001,14.07885897,16.74314886,0.17658093,1737.24790845,18.32181384,3767.58207992,39.73464994,0.0,0.0,2430.08641552,25.62880675,0.03901036,0.00041142
2024-06-06,2024-06-06,182.92031855,2.13040249,1246.96359443,14.52290466,15.57291804,0.18137178,1114.7900739,12.98353058,3193.41881352,37.19251883,0.0,0.0,1832.22737075,21.33924642,1000.2928256,11.65002523
2024-06-07,2024-06-07,57.67460404,2.80353952,159.83394942,7.76946458,6.15690429,0.29928466,200.65947142,9.75397693,1076.59072922,52.33264626,0.0,0.0,546.26795452,26.55386755,10.02313318,0.48722051
2024-06-08,2024-06-08,227.01082806,2.27038031,448.52915218,4.48582899,34.67922081,0.34683376,1314.16207953,13.14319554,3854.74412573,38.55206036,0.0,0.0,2119.67650161,21.199305,1999.99994606,20.00239604
2024-06-09,2024-06-09,134.44916178,3.9647771,306.09769129,9.02652796,21.55743574,0.63570815,461.38347755,13.60575717,1509.45222378,44.51230142,0.0,0.0,958.1500585,28.2549282,0.0,0.0
2024-06-10,2024-06-10,152.48798632,3.27950803,351.11222936,7.55125307,19.45323129,0.41837413,776.61804844,16.70246414,1853.24873497,39.85719955,0.0,0.0,1496.79234117,32.19101133,0.00882317,0.00018976
2024-06-11,2024-06-11,164.93702561,1.50036978,451.14551107,4.10390019,22.59927192,0.20557703,2628.44555385,23.90997571,4266.33178496,38.80920767,0.0,0.0,2209.49237163,20.09891697,1250.14017457,11.37205264
2024-06-12,2024-06-12,153.73306957,1.77885756,359.62944339,4.16130085,19.02778619,0.22017203,2269.77411936,26.26373658,3977.56277048,46.02469469,0.0,0.0,1862.50889223,21.5512383,0.0,0.0
2024-06-13,2024-06-13,140.04434305,1.6256557,336.38594175,3.90481837,16.90677775,0.19625641,2036.24025196,23.63698167,4579.67537912,53.16155739,0.0,0.0,1505.38465752,17.47473046,0.0,0.0
2024-06-14,2024-06-14,145.61997439,1.56609366,341.77726371,3.67569907,17.59101808,0.18918546,2512.03778816,27.01611824,4330.78175771,46.57609554,0.0,0.0,1950.48345951,20.97679104,0.00158,1.699e-05
2024-06-15,2024-06-15,123.11783836,2.60433183,226.14429173,4.78366729,16.7696754,0.35473169,195.22525051,4.12963174,2628.35388905,55.59800087,0.0,0.0,1537.81422851,32.52963658,0.0,0.0
2024-06-16,2024-06-16,123.263987,3.7742563,439.11423288,13.44536794,14.13156752,0.43269863,160.40257756,4.91141373,1621.23414595,49.6410455,0.0,0.0,907.57590172,27.78933367,0.19217405,0.00588423
2024-06-17,2024-06-17,142.44717934,1.52710381,537.07163559,5.75767202,17.21341746,0.1845363,2819.7292459,30.22888402,4167.815051,44.68102672,0.0,0.0,1643.65381797,17.62077714,0.0,0.0
2024-06-18,2024-06-18,173.92245627,1.82655808,426.92497034,4.48362603,19.67292017,0.20660777,1863.59309947,19.57171662,4865.3646567,51.09674334,0.0,0.0,2172.39029564,22.81474816,0.0,0.0
2024-06-19,2024-06-19,137.55828304,2.38605776,301.93126052,5.23723771,15.70837117,0.27247418,1044.44720119,18.1167669,2845.6937291,49.36081967,0.0,0.0,1419.74720557,24.62664378,0.0,0.0
2024-06-20,2024-06-20,142.8694292,2.03470139,338.29154938,4.81784164,16.3966853,0.23351643,2069.99373368,29.48019845,3049.5632315,43.43091855,0.0,0.0,1404.49273064,20.00234288,0.03375086,0.00048067
2024-06-21,2024-06-21,126.24362879,1.88623083,267.69804342,3.99972899,14.55896198,0.21752831,2520.01577243,37.65205014,2686.04739047,40.13276112,0.0,0.0,1078.34074109,16.11170061,0.0,0.0
2024-06-22,2024-06-22,139.19570727,3.47319932,303.80689085,7.58056341,16.6425588,0.4152637,512.78328663,12.79492447,2113.59532653,52.73824881,0.0,0.0,921.68481778,22.9978003,0.0,0.0
2024-06-23,2024-06-23,93.22432789,2.95415928,177.15853972,5.61392671,10.28986351,0.32607257,130.32131193,4.12971509,1871.84503347,59.3163663,0.0,0.0,872.85833105,27.65976006,0.0,0.0
2024-06-24,2024-06-24,165.13182441,1.3057285,500.85690879,3.9603701,16.99094008,0.13435057,4180.70803674,33.05764739,5286.50230548,41.80137135,0.0,0.0,2496.5297796,19.74053209,0.0,0.0
2024-06-25,2024-06-25,142.52090408,1.71480507,330.20741089,3.97304062,15.43693684,0.18573653,1894.13507185,22.79014745,4678.69647203,56.29386417,0.0,0.0,1250.20468404,15.04240617,0.0,0.0
2024-06-26,2024-06-26,147.86362922,1.4613486,336.7495269,3.32812372,16.04711966,0.15859502,4210.44833222,41.61221274,4135.29472302,40.86946334,0.0,0.0,1271.89621307,12.57025657,0.0,0.0
2024-06-27,2024-06-27,138.92213626,1.5451837,307.27902708,3.41776017,18.257161,0.2030682,2212.07276321,24.60413344,3747.76089498,41.68507053,0.0,0.0,1364.7657666,15.17982572,1201.59729263,13.36495825
2024-06-28,2024-06-28,164.39476792,1.60994516,355.8462346,3.48486104,19.21812636,0.18820629,3254.86041852,31.87538653,5089.66513297,49.84393262,0.0,0.0,1327.21829867,12.99766836,0.0,0.0
2024-06-29,2024-06-29,121.99167886,2.50610972,255.08220766,5.24022627,14.81439577,0.30433634,123.56816455,2.53849592,3089.49986034,63.4684735,0.0,0.0,1262.8145557,25.94235824,0.0,0.0
2024-06-30,2024-06-30,104.62831599,2.40668605,212.41380368,4.88599413,11.44048407,0.26315681,294.20130385,6.76729016,2359.44194791,54.27245924,0.0,0.0,1365.26994053,31.40427221,0.00614771,0.00014141
2024-07-01,2024-07-01,157.30284293,1.56458307,364.4096617,3.62453199,17.18337032,0.17091115,1632.09665373,16.23334163,4481.46154409,44.57401227,0.0,0.0,1601.5242984,15.92925947,1799.9999814,17.90336042
2024-07-02,2024-07-02,181.89254111,2.12517606,365.63871136,4.27200936,19.88753702,0.23235982,3101.34599863,36.23516524,3264.98859242,38.14711458,0.0,0.0,1625.18647293,18.98817495,0.0,0.0
2024-07-03,2024-07-03,159.90891624,2.1268175,340.99665277,4.53531714,17.68434128,0.23520494,1080.47394642,14.37049887,3418.43784007,45.46584143,0.0,0.0,1478.19308588,19.66023534,1022.99998449,13.60608478
2024-07-04,2024-07-04,168.62228323,1.3232837,480.37240613,3.76978037,18.29793992,0.14359529,2099.03496084,16.47242991,4596.71425956,36.07326933,0.0,0.0,1879.67417634,14.75096971,3499.99996652,27.46667169
2024-07-05,2024-07-05,192.28648671,1.33518635,581.96600549,4.04101754,20.16112547,0.13999351,4638.566997,32.20897855,5126.81674054,35.59925523,0.0,0.0,2638.53456721,18.32128399,1203.13998326,8.35428483
2024-07-06,2024-07-06,128.17579846,2.08266511,287.15949699,4.66591253,15.7806607,0.25641214,1319.43786492,21.43889279,3272.38233304,53.17132082,0.0,0.0,1131.40108702,18.38357626,0.07510457,0.00122034
2024-07-07,2024-07-07,95.03795341,1.96625633,232.0062193,4.80001601,12.57408252,0.26014733,441.36108907,9.13139441,3133.685111,64.83334263,0.0,0.0,918.78232356,19.00884329,0.0,0.0
2024-07-08,2024-07-08,157.30381993,1.52880827,373.43038512,3.62930451,15.83585383,0.15390589,3131.61741248,30.43564115,5092.92141799,49.49721126,0.0,0.0,1518.20092826,14.75512892,0.0,0.0
2024-07-09,2024-07-09,153.66375082,1.80020975,337.627131,3.95538734,16.65610662,0.19513051,1909.9711542,22.37579574,4919.81026656,57.63682313,0.0,0.0,1198.15195206,14.03665353,0.0,0.0
2024-07-10,2024-07-10,146.80770072,2.19152545,338.44838639,5.05231163,16.10617334,0.24043077,1545.99942581,23.07846983,3478.07309232,51.92020358,0.0,0.0,1173.44706807,17.51705874,0.0,0.0
2024-07-11,2024-07-11,165.19789911,1.93330615,352.72539614,4.12793492,19.18613972,0.22453483,2198.1497501,25.72488175,4363.35088688,51.06416686,0.0,0.0,1446.22901087,16.9251755,0.0,0.0
2024-07-12,2024-07-12,153.31133739,2.59725333,328.72508717,5.56894448,16.5612238,0.28056434,1616.39900451,27.38347839,2575.68195898,43.63472822,0.0,0.0,1212.14701724,20.53502975,8.757e-05,1.48e-06
2024-07-13,2024-07-13,129.60890155,2.52418455,272.88982095,5.31463704,14.63949875,0.28511002,1120.68184436,21.82572155,2486.22325656,48.42017989,0.0,0.0,1110.64073324,21.63016694,0.0,0.0
2024-07-14,2024-07-14,108.86630771,2.22534528,255.92686207,5.23142234,12.53457602,0.25622031,117.46280347,2.40106697,3044.60847929,62.23509593,0.0,0.0,1352.70957018,27.65084918,0.0,0.0
2024-07-15,2024-07-15,149.34871029,1.7556293,354.63607619,4.1688307,16.81297413,0.19764048,2249.31451814,26.44122253,4251.8579995,49.98159334,0.0,0.0,1484.85102157,17.45477388,0.02635174,0.00030977
2024-07-16,2024-07-16,180.96117524,2.15817197,462.72561552,5.51853982,17.916871,0.21367947,1270.50760221,15.15227721,4612.56053092,55.01013587,0.0,0.0,1840.2546927,21.94717229,0.00195882,2.336e-05
2024-07-17,2024-07-17,186.25394899,2.01791292,446.8554747,4.84132251,15.64330311,0.16948271,2182.8488622,23.64942568,4768.60798496,51.66406255,0.0,0.0,1629.81948169,17.65779362,0.0,0.0
2024-07-18,2024-07-18,153.64929755,2.07377248,337.76292216,4.55871562,16.08966394,0.21715883,1925.95872379,25.99426268,3578.00990039,48.29165239,0.0,0.0,1397.69799886,18.86443799,0.0,0.0
2024-07-19,2024-07-19,162.26696124,1.84693538,372.94702586,4.24491253,19.86955411,0.22615684,1233.62322038,14.04119702,5207.55858891,59.27284356,0.0,0.0,1789.47576755,20.36795466,0.0,0.0
2024-07-20,2024-07-20,120.63585697,2.45718288,295.41547044,6.017198,14.22854072,0.28981538,162.06793818,3.30109615,3199.36690525,65.1666079,0.0,0.0,1117.80414869,22.7680997,0.0,0.0
2024-07-21,2024-07-21,97.95171985,2.42411755,221.29836146,5.47671079,11.43772827,0.28306188,154.42057944,3.82161372,2358.61111935,58.37110989,0.0,0.0,1196.9970788,29.62338617,0.0,0.0
2024-07-22,2024-07-22,135.44242444,1.76715876,337.4126379,4.40232594,14.79700369,0.19306104,1716.18332105,22.39156896,3767.40846224,49.15453106,0.0,0.0,1693.17361282,22.09135425,0.0,0.0
2024-07-23,2024-07-23,146.08283085,1.35036579,330.84986534,3.05832203,16.62993043,0.15372436,4237.46432223,39.17042699,4507.08814174,41.66278547,0.0,0.0,1579.90233974,14.60435877,0.00179469,1.659e-05
2024-07-24,2024-07-24,154.42460725,2.18091842,332.05238148,4.68953212,16.62654648,0.23481453,1563.29174549,22.07816376,3545.38924184,50.07106608,0.0,0.0,1468.92804529,20.74547763,0.00194355,2.745e-05
2024-07-25,2024-07-25,154.16908771,1.03226215,385.71506803,2.58261284,17.61273297,0.11792868,8183.89268312,54.79647566,4222.78195666,28.27426723,0.0,0.0,1970.89742757,13.19643806,0.00229642,1.538e-05
2024-07-26,2024-07-26,155.22712072,1.99638776,385.6051253,4.95929673,18.05318767,0.23218341,1902.50407447,24.46824905,3301.29254024,42.4581735,0.0,0.0,2012.71728793,25.88570954,0.0,0.0
2024-07-27,2024-07-27,130.48830125,2.31453026,364.45218808,6.46445398,15.47921817,0.27456192,1104.05856547,19.58318821,2259.17755318,40.07205831,0.0,0.0,1764.13181986,31.29120731,0.0,0.0
2024-07-28,2024-07-28,92.73619824,2.03166577,228.75072224,5.01147364,11.55158227,0.25307221,638.20230824,13.98174403,2227.94021409,48.80974165,0.0,0.0,1365.35904178,29.9123027,0.0,0.0
2024-07-29,2024-07-29,149.69590607,1.40013177,500.00434075,4.67662731,16.58786469,0.15514918,2973.69984683,27.81353035,4885.20253084,45.69214643,0.0,0.0,2166.32816181,20.26204297,0.03977308,0.000372
2024-07-30,2024-07-30,137.85912682,1.61524675,325.99262783,3.81954062,16.27982101,0.19074492,2070.43319925,24.25853538,4268.94375768,50.017708,0.0,0.0,1715.35627588,20.09822433,0.0,0.0
2024-07-31,2024-07-31,149.31502178,2.45296247,320.45315287,5.26443722,16.63755099,0.27332339,1801.67444387,29.59809232,2473.86962779,40.64098366,0.0,0.0,1325.18049508,21.77020092,0.0,0.0
2024-08-01,2024-08-01,167.34897911,1.66438274,457.32023624,4.54831522,20.59147856,0.20479421,1975.50187315,19.64751288,5587.21741712,55.56812051,0.0,0.0,1846.737299,18.36687444,0.0,0.0
2024-08-02,2024-08-02,172.91309841,1.62317343,376.79816283,3.53708753,20.97237227,0.19687229,2608.47631798,24.48634302,5476.74834262,51.41144568,0.0,0.0,1971.12014818,18.50333996,25.75182826,0.2417381
2024-08-03,2024-08-03,151.68590341,2.13830838,378.4113688,5.33444561,19.51966778,0.27516775,1144.33288488,16.13160184,3598.61252834,50.72945578,0.0,0.0,1701.17140228,23.98132579,100.0,1.40969486
2024-08-04,2024-08-04,116.35049131,1.53477978,387.0249292,5.10524732,15.30235856,0.20185347,1291.17545256,17.03190033,3918.50886719,51.68906545,0.0,0.0,1852.56209244,24.43715365,0.0,0.0
2024-08-05,2024-08-05,252.05213642,0.96190293,1797.6895573,6.86049668,24.60960826,0.09391729,7280.32949544,27.78381623,11890.87650222,45.37898014,0.0,0.0,4909.92265688,18.73766687,48.01,0.18321987
2024-08-06,2024-08-06,161.49564218,1.50921237,437.15417767,4.08530213,19.00435039,0.17759984,3380.88160345,31.5950837,4728.97291116,44.19329407,0.0,0.0,1972.24914128,18.43110289,0.89938985,0.008405
2024-08-07,2024-08-07,153.7980845,1.22722363,346.37621106,2.76389054,18.31672419,0.14615733,5921.31234656,47.24879674,4304.70337806,34.34915151,0.0,0.0,1787.69038081,14.26478025,0.0,0.0
2024-08-08,2024-08-08,161.63953789,1.36138596,413.69987936,3.48432824,18.09669177,0.15241681,3970.64029869,33.4421517,5182.26577596,43.64689451,0.0,0.0,2126.81817439,17.91282279,0.0,0.0
2024-08-09,2024-08-09,156.54356599,1.78091612,414.78994791,4.71885318,19.28343202,0.21937775,1735.02719772,19.73851743,3727.73321561,42.40851506,0.0,0.0,1632.15227884,18.56816207,1104.5287037,12.56565839
2024-08-10,2024-08-10,127.36884028,3.13472339,244.78874327,6.02458966,16.42576997,0.40426093,785.9560312,19.34346538,1828.01167366,44.98989654,0.0,0.0,1060.60937193,26.10306411,0.0,0.0
2024-08-11,2024-08-11,89.68386269,2.3410701,207.2724654,5.41055388,12.056192,0.3147098,1153.34059009,30.10632114,1350.20321171,35.2451408,0.0,0.0,1018.33548623,26.58220428,0.0,0.0
2024-08-12,2024-08-12,131.93805005,1.34701943,304.37717913,3.10753398,13.60040504,0.13885312,3253.87633014,33.22039874,4405.32079141,44.97605269,0.0,0.0,1685.70143472,17.21014204,0.0,0.0
2024-08-13,2024-08-13,138.91156924,2.16075615,342.21347116,5.32309775,15.29581129,0.23792488,1117.14137931,17.3770271,3214.84108002,50.00654493,0.0,0.0,1600.43732325,24.8946492,0.0,0.0
2024-08-14,2024-08-14,153.80455523,1.88689524,373.39774218,4.58089439,16.68030213,0.20463622,1796.28205829,22.03703309,4346.09987095,53.3185455,0.0,0.0,1464.93282668,17.97199556,0.0,0.0
2024-08-15,2024-08-15,139.65095447,1.67476994,339.36511325,4.06985039,16.98828536,0.20373273,3129.65560928,37.53252645,3123.14637406,37.45446418,0.0,0.0,1589.70935888,19.06465631,0.0,0.0
2024-08-16,2024-08-16,171.44738596,1.77166055,378.01895652,3.9062787,19.6074428,0.20261454,1845.29078906,19.0684091,4497.51157757,46.47527164,0.0,0.0,1613.66991623,16.67494267,1151.66811156,11.9008228
2024-08-17,2024-08-17,116.84603675,3.10006224,235.10437606,6.23759452,14.21845109,0.37723216,423.29684814,11.23056128,1887.15299972,50.06837989,0.0,0.0,1092.53260433,28.9861699,0.0,0.0
2024-08-18,2024-08-18,95.53161668,2.48508709,207.28828102,5.39224028,11.74497217,0.30552481,332.2364541,8.64254738,2036.66578497,52.98028053,0.0,0.0,1160.72881601,30.19431992,0.0,0.0
2024-08-19,2024-08-19,123.61083578,1.79728121,294.50101671,4.28199632,14.01619453,0.20379316,1556.7783467,22.63530097,3216.55126684,46.76812609,0.0,0.0,1672.19927301,24.31350225,0.0,0.0
2024-08-20,2024-08-20,155.68449679,1.83070686,356.59826598,4.19326848,16.50498992,0.19408354,1859.2663444,21.86326661,4101.44725685,48.22925727,0.0,0.0,2014.56337564,23.68941723,0.0,0.0
2024-08-21,2024-08-21,159.62946717,2.18125365,347.52875155,4.74879964,16.09025581,0.21986498,1205.04055769,16.46625248,3654.24630236,49.93337514,0.0,0.0,1935.70880944,26.45045412,0.0,0.0
2024-08-22,2024-08-22,143.18178959,1.86952761,387.97736977,5.06582859,16.28743626,0.21266539,1601.73409637,20.91387544,3560.50786043,46.48962526,0.0,0.0,1949.02635614,25.44847771,0.0,0.0
2024-08-23,2024-08-23,170.99044676,1.7755548,426.02577672,4.42382676,18.88982725,0.19615086,1246.89249947,12.94765883,5200.45500874,54.00122082,0.0,0.0,2566.98636141,26.65543632,0.0146,0.00015161
2024-08-24,2024-08-24,136.35282018,2.06695555,371.95024139,5.63834774,14.64477561,0.22199834,936.78234736,14.20056782,3079.32168694,46.67905686,0.0,0.0,2057.74312408,31.19307369,0.0,0.0
2024-08-25,2024-08-25,97.98550174,2.45407141,240.56261154,6.02495079,12.96536538,0.32472082,622.72811833,15.59638152,1669.28697903,41.80771002,0.0,0.0,1349.24447508,33.79216544,0.0,0.0
2024-08-26,2024-08-26,131.22764115,1.64835967,316.30263808,3.97309977,14.7382924,0.18512873,1857.25117449,23.32906315,3976.31889511,49.94682243,0.0,0.0,1665.26619355,20.91752625,0.0,0.0
2024-08-27,2024-08-27,145.5976713,1.72038821,358.81624319,4.23978782,16.91068346,0.19981735,1821.97744461,21.52856209,4568.79944639,53.98512635,0.0,0.0,1550.9539534,18.32613712,0.01532455,0.00018108
2024-08-28,2024-08-28,144.51172256,1.23108582,351.72516173,2.99632342,17.98940011,0.15325051,2026.13811494,17.26053676,6828.5009431,58.17154847,0.0,0.0,2369.6926352,20.18725502,0.0,0.0
2024-08-29,2024-08-29,150.2086748,1.73460683,349.62930058,4.03751231,19.93723139,0.23023476,1384.55084297,15.98876601,4947.20833471,57.13026492,0.0,0.0,1807.98844781,20.87861517,0.0,0.0
2024-08-30,2024-08-30,169.85105971,1.8024307,344.95533994,3.66060769,27.95686141,0.29667348,1515.67179612,16.08405259,5432.93733772,57.65341156,0.0,0.0,1932.07227349,20.50282398,0.0,0.0
2024-08-31,2024-08-31,135.08704475,2.21056191,270.13878888,4.42054615,19.18134951,0.31388325,1250.20878208,20.45839342,2037.24128937,33.33737883,0.0,0.0,1299.0390891,21.25745166,1100.08586507,18.00178478
2024-09-01,2024-09-01,123.79189044,3.14453829,253.2399067,6.43275243,13.79630565,0.35045116,303.70124383,7.71456181,2107.58481277,53.53647256,0.0,0.0,1134.61292023,28.82122375,0.0,0.0
2024-09-02,2024-09-02,128.19750467,1.56764896,293.10358273,3.58418463,14.71649812,0.17995906,889.9835732,10.88306535,2985.91285366,36.51290395,0.0,0.0,1230.16802255,15.04297314,2635.61004171,32.2292649
2024-09-03,2024-09-03,144.68338565,1.85786047,304.37618647,3.90845489,15.30084879,0.1964762,1055.10793088,13.54850324,3622.04858843,46.51025321,0.0,0.0,1374.67290018,17.6519953,1271.44479543,16.32645668
2024-09-04,2024-09-04,156.09217803,2.23591067,352.39489693,5.04780907,16.01454725,0.22939713,368.13743892,5.27330991,4274.76044453,61.23293704,0.0,0.0,1810.82014488,25.93872507,2.92587477,0.0419111
2024-09-05,2024-09-05,146.58597329,1.80061114,336.12432361,4.12883436,15.45104699,0.18979529,2336.5968623,28.70194368,3852.89422991,47.3276135,0.0,0.0,1453.24870965,17.85120202,0.0,0.0
2024-09-06,2024-09-06,156.69744708,1.26114187,396.75911445,3.19322069,17.97613304,0.1446766,2744.98146539,22.09232576,6197.35669707,49.8779408,0.0,0.0,1911.27336807,15.38242586,1000.0009907,8.04826842
2024-09-07,2024-09-07,131.94241233,2.73833957,278.85128106,5.78729373,14.91137771,0.30947149,848.97917888,17.61975725,2390.2770457,49.60793192,0.0,0.0,1153.37511345,23.93720603,0.0,0.0
2024-09-08,2024-09-08,91.42680526,4.03320645,176.40181857,7.78179824,10.78283728,0.4756746,0.18235833,0.00804456,1314.02751542,57.96707254,0.0,0.0,674.03027235,29.73420361,0.0,0.0
2024-09-09,2024-09-09,128.71848079,1.65606751,312.70897302,4.02325421,14.96963532,0.19259648,2304.58223058,29.65031691,3473.15181414,44.68491105,0.0,0.0,1538.36714053,19.79233921,0.04,0.00051463
2024-09-10,2024-09-10,152.46611797,2.4491478,356.49124382,5.72651653,14.8734345,0.23892023,2.10122697,0.03375317,3841.59126822,61.7096108,0.0,0.0,1857.24796058,29.83400388,0.50098462,0.00804759
2024-09-11,2024-09-11,149.11486835,1.86748326,345.73273806,4.32988412,14.71330896,0.18426639,1344.22387723,16.83477723,4630.17579177,57.98734816,0.0,0.0,1500.54254541,18.79247936,0.30034702,0.00376148
2024-09-12,2024-09-12,148.33536266,2.00438077,354.89110169,4.79546406,17.27291572,0.23340018,1467.20469681,19.82559539,3614.80683375,48.84505745,0.0,0.0,1797.99623571,24.29541424,0.05090954,0.00068791
2024-09-13,2024-09-13,151.44876999,1.42966218,354.95311056,3.35072406,15.81664566,0.14930765,787.13062244,7.43043922,4283.58137799,40.43660629,0.0,0.0,1876.41868828,17.71321636,3123.97641415,29.49004424
2024-09-14,2024-09-14,124.13040321,2.43650645,306.07229656,6.0077717,13.15120504,0.25813979,300.39690428,5.89637168,2945.39922959,57.81407317,0.0,0.0,1405.45594274,27.58713722,0.0,0.0
2024-09-15,2024-09-15,97.99540833,2.10409879,251.30083903,5.39578131,11.49704121,0.24685759,1239.60544825,26.61606676,2115.5419742,45.42365193,0.0,0.0,941.41704062,20.21354362,0.0,0.0
2024-09-16,2024-09-16,131.53855758,1.46109418,319.92396938,3.5536276,13.4586454,0.14949494,2164.90788407,24.04720226,4800.12007399,53.31841561,0.0,0.0,1572.79414199,17.47016542,0.0,0.0
2024-09-17,2024-09-17,155.163529,2.12938398,363.79866881,4.99258468,15.95086253,0.21890138,1267.20529264,17.3904697,3668.83908212,50.34924908,0.0,0.0,1815.82270454,24.91941118,0.0,0.0
2024-09-18,2024-09-18,140.64090159,1.88046616,360.07671019,4.81447475,14.11335402,0.18870531,1265.40148128,16.91929331,2961.05865418,39.59140291,0.0,0.0,1390.39320718,18.59051917,1347.3602237,18.0151384
2024-09-19,2024-09-19,164.4898942,1.41403508,476.75030637,4.09837737,16.50362763,0.14187321,3682.49129664,31.65648515,5047.86149388,43.39387104,0.0,0.0,2244.56341569,19.29535815,0.0,0.0
2024-09-20,2024-09-20,163.04564052,1.66133382,400.62935452,4.08216433,19.08051702,0.19441862,2201.63547082,22.43329821,5080.50006797,51.76714065,0.0,0.0,1949.24974193,19.86164437,0.0,0.0
2024-09-21,2024-09-21,110.2885243,2.37491123,252.06526964,5.42787787,13.14635612,0.28308864,269.19313657,5.79670286,2680.00686878,57.71025098,0.0,0.0,1319.20075186,28.40716842,0.0,0.0
2024-09-22,2024-09-22,87.31944899,2.43423868,210.93869257,5.88042105,9.96576411,0.27781953,115.61506463,3.22304671,1927.12543955,53.7232352,0.0,0.0,1236.17145869,34.46123883,0.0,0.0
2024-09-23,2024-09-23,133.26033963,1.78233975,333.82551524,4.46487294,13.33402906,0.17834091,1652.18306934,22.09773413,3554.15443687,47.53635433,0.0,0.0,1789.95067261,23.94035794,0.0,0.0
2024-09-24,2024-09-24,139.60850125,2.1609604,343.59617832,5.31842781,13.81972834,0.21391166,1363.18148507,21.10029966,3168.27101568,49.04076866,0.0,0.0,1432.00709755,22.1656318,0.0,0.0
2024-09-25,2024-09-25,138.34611803,1.51151929,357.6421409,3.90746774,15.82407347,0.17288806,2724.03373754,29.76180024,4452.48990305,48.64628263,0.0,0.0,1464.44952778,16.00004204,0.0,0.0
2024-09-26,2024-09-26,144.49332999,1.86903361,401.2171107,5.18977772,15.35290305,0.19859112,1668.49711333,21.5821532,3536.28556552,45.74215695,0.0,0.0,1965.06524435,25.4182874,0.0,0.0
2024-09-27,2024-09-27,158.83734855,1.89137427,416.72515751,4.96220347,17.28456063,0.20581792,2090.04068908,24.88740353,3914.2742579,46.60967775,0.0,0.0,1800.82408491,21.44352305,0.0,0.0
2024-09-28,2024-09-28,108.8147404,3.55224966,247.24766338,8.07138283,12.5138065,0.40851235,0.39220027,0.01280335,1622.61532499,52.9701648,0.0,0.0,1071.67901103,34.98488702,0.0,0.0
2024-09-29,2024-09-29,91.67835787,3.33308621,223.63448953,8.13052339,9.69687397,0.35254249,366.13123361,13.31117828,1309.03927244,47.59182919,0.0,0.0,750.37442602,27.28084043,0.0,0.0
2024-09-30,2024-09-30,130.84579043,1.19984756,364.57882061,3.34316455,14.3152117,0.13126958,3251.69830952,29.81786624,4994.5875156,45.80004916,0.0,0.0,2023.2255619,18.55284944,125.95,1.15495347
2024-10-01,2024-10-01,184.86423381,1.19517433,422.79941899,2.73346012,18.11302788,0.11710338,5629.52821151,36.39572379,7270.93196626,47.0076393,0.0,0.0,1941.31708633,12.55089908,0.0,0.0
2024-10-02,2024-10-02,141.41132264,1.50876851,354.44596542,3.78171211,15.93863056,0.17005501,1737.95058721,18.54282293,5330.94288758,56.87775633,0.0,0.0,1791.94277682,19.11888511,0.0,0.0
2024-10-03,2024-10-03,140.22811523,1.70166945,378.66058464,4.59504964,16.63221694,0.2018321,1283.6745924,15.57740285,4530.8734146,54.98219009,0.0,0.0,1890.53847686,22.94170161,0.01271153,0.00015425
2024-10-04,2024-10-04,140.33158068,2.45631663,325.1738575,5.69173346,16.28553993,0.28505659,731.32713084,12.80090329,3269.99954474,57.23696847,0.0,0.0,1229.97238575,21.52902155,0.0,0.0
2024-10-05,2024-10-05,105.16635252,5.06420759,200.36277972,9.64832082,12.13266792,0.58423961,0.13389472,0.0064476,986.77091434,47.51722038,0.0,0.0,772.09298155,37.179564,0.0,0.0
2024-10-06,2024-10-06,76.13867545,2.16508769,185.11089622,5.26383366,9.78616651,0.2782805,100.13065638,2.84732628,1994.73792771,56.72258552,0.0,0.0,1150.66664043,32.72048223,0.0845446,0.00240412
2024-10-07,2024-10-07,127.42846953,1.42010508,350.75278437,3.90890523,13.99025378,0.15591202,2994.16561772,33.36797356,3551.48208933,39.57889295,0.0,0.0,1935.3526581,21.56821117,0.0,0.0
2024-10-08,2024-10-08,141.15640987,1.52080151,347.90086032,3.74824038,15.46930241,0.16666433,2459.61370399,26.49957056,4533.18045025,48.83991946,0.0,0.0,1784.39083312,19.22480376,0.0,0.0
2024-10-09,2024-10-09,128.93871062,1.19259906,311.54287809,2.88156864,15.03591494,0.13907242,2104.49197211,19.46517957,6792.56106419,62.8267642,0.0,0.0,1459.00180694,13.49481611,0.0,0.0
2024-10-10,2024-10-10,135.46720764,1.58084127,311.81231897,3.63870926,14.55113882,0.16980523,1720.85130117,20.08155927,4946.05891388,57.71827882,0.0,0.0,1440.57028902,16.81080615,0.0,0.0
2024-10-11,2024-10-11,132.68275308,1.98661292,269.27775551,4.03180259,14.42343133,0.21595704,2671.77964377,40.0036314,2576.10225694,38.57108702,0.0,0.0,1014.57692987,15.19090904,0.0,0.0
2024-10-12,2024-10-12,108.07628652,3.01128467,205.44944247,5.72435245,12.04264186,0.33553913,0.38420807,0.01070503,2282.19343385,63.58780741,0.0,0.0,980.89648922,27.33031132,0.0,0.0
2024-10-13,2024-10-13,96.12924373,2.87086567,250.06459245,7.46809012,11.46108247,0.34228115,335.72099044,10.02618798,1691.08768666,50.50373231,0.0,0.0,963.97741918,28.78884277,0.0,0.0
2024-10-14,2024-10-14,141.30122513,1.19455672,489.06432282,4.13453651,13.16661361,0.11131019,1241.84379336,10.49851373,5949.26366088,50.29491355,0.0,0.0,2861.02719808,24.1870463,1133.09128588,9.57912298
2024-10-15,2024-10-15,152.80042654,1.42251665,502.88698574,4.68169578,14.95001082,0.13917919,2541.09198479,23.65664642,4951.61608697,46.09775313,0.0,0.0,2578.21076516,24.00220883,0.0,0.0
2024-10-16,2024-10-16,144.370614,1.2944243,413.85608281,3.71062612,12.95513039,0.11615546,2259.62369613,20.25974502,4603.71460438,41.27682154,0.0,0.0,2281.74807071,20.45811176,1436.99998698,12.88411579
2024-10-17,2024-10-17,168.3357101,1.69949895,367.9167816,3.71444766,16.13237412,0.16287069,2569.59507694,25.94235133,5084.81214069,51.33570818,0.0,0.0,1698.22787383,17.14512319,0.0,0.0
2024-10-18,2024-10-18,138.03663231,1.38166851,379.15412145,3.79511801,13.52988282,0.13542646,1813.65384887,18.15364779,5632.73958165,56.38053289,0.0,0.0,2013.46121353,20.15360634,0.0,0.0
2024-10-19,2024-10-19,131.1278503,2.90376412,304.47375725,6.74242711,14.93656755,0.33076321,500.8033637,11.09005323,2249.15463076,49.80646376,0.0,0.0,1315.29246675,29.12652856,0.0,0.0
2024-10-20,2024-10-20,91.03911784,2.72358696,243.21433522,7.27616223,9.77953426,0.29257107,214.37986132,6.41353089,1742.2786489,52.12316986,0.0,0.0,1041.92686874,31.17097899,0.0,0.0
2024-10-21,2024-10-21,135.80312439,1.22317438,351.59254412,3.16678275,12.15030021,0.10943736,2626.9069472,23.6604665,5966.63479136,53.74128793,0.0,0.0,2009.42773522,18.09885107,0.0,0.0
2024-10-22,2024-10-22,125.84346329,1.41676808,312.80818433,3.52165015,13.38809049,0.1507255,2256.97306342,25.40940401,4608.3932387,51.8821104,0.0,0.0,1565.02607913,17.61934184,0.0,0.0
2024-10-23,2024-10-23,135.31002334,1.47618625,324.80219031,3.54348122,14.0917494,0.15373618,1705.80588909,18.60976101,5399.43191716,58.90596239,0.0,0.0,1584.32005271,17.28439193,2.42730054,0.02648102
2024-10-24,2024-10-24,102.05525192,2.11169629,236.05124848,4.88430076,12.11777681,0.25073736,1270.45081672,26.28778257,1954.84102325,40.44897693,0.0,0.0,1257.34041392,26.01650609,0.0,0.0
2024-10-25,2024-10-25,161.81773647,1.59135194,390.92491627,3.84444336,16.37989289,0.16108354,1305.66562036,12.84020873,5995.21047006,58.95824521,0.0,0.0,2298.57142309,22.60466722,0.0,0.0
2024-10-26,2024-10-26,102.65077121,2.03797993,246.17328393,4.88740812,12.67102315,0.25156451,328.10458908,6.51403356,3008.86789165,59.7366421,0.0,0.0,1338.42066536,26.57237178,0.0,0.0
2024-10-27,2024-10-27,80.9989226,1.63426448,184.55607754,3.72367228,9.41887221,0.19003868,0.11493092,0.00231889,2083.19468634,42.03131325,0.0,0.0,974.00869117,19.65196276,1623.99998664,32.76642966
2024-10-28,2024-10-28,138.90495873,1.37479757,401.09442637,3.96979092,12.55993798,0.1243107,1874.55176546,18.55318373,5857.42257189,57.97323882,0.0,0.0,1819.13260232,18.00467825,0.0,0.0
2024-10-29,2024-10-29,216.72899403,1.28026978,845.87482482,4.99678403,18.10180888,0.1069317,1940.78185404,11.4646606,8660.19710025,51.15784668,0.0,0.0,3986.70014791,23.5503872,1259.9999907,7.44312001
2024-10-30,2024-10-30,178.18185628,1.59343341,540.37075263,4.83239332,14.24383177,0.12737884,578.13526914,5.17011144,7603.39512901,67.99516007,0.0,0.0,2267.93248837,20.28152292,0.0,0.0
2024-10-31,2024-10-31,164.07860869,1.30879109,414.27896599,3.30454179,14.4888754,0.11557211,4309.77267465,34.37737632,5704.38437031,45.50165008,0.0,0.0,1929.65036306,15.39206861,0.0,0.0
2024-11-01,2024-11-01,158.83900881,1.14323425,352.60863547,2.53787953,16.75370728,0.1205838,5049.91635416,36.34647047,5112.80939234,36.79913934,0.0,0.0,1747.90163536,12.58041732,1454.99999037,10.47227528
2024-11-02,2024-11-02,107.0441076,3.05771993,232.80702695,6.65014359,11.69543914,0.33408076,434.60828487,12.41460594,1877.78486604,53.63901234,0.0,0.0,836.84223252,23.90443743,0.0,0.0
2024-11-03,2024-11-03,93.3482782,1.38383716,284.21225219,4.21329116,10.81084526,0.16026487,1577.76244176,23.38946508,3393.13915266,50.30143172,0.0,0.0,1386.33850968,20.55171001,0.0,0.0
2024-11-04,2024-11-04,118.02397564,1.15693021,315.13291744,3.08909092,13.71045182,0.13439673,3820.29732912,37.44847055,4213.70922502,41.30489128,0.0,0.0,1720.60368547,16.86622032,0.0,0.0
2024-11-05,2024-11-05,148.18572749,1.63836597,346.19957392,3.82763988,14.19241355,0.15691368,2110.29671449,23.3317903,4597.92077001,50.83537422,0.0,0.0,1827.93170611,20.20991596,0.0,0.0
2024-11-06,2024-11-06,259.30789509,1.30948973,1031.64162638,5.20972998,17.57301508,0.0887427,4049.12548403,20.4478473,9469.48325613,47.82033759,0.0,0.0,4975.0778517,25.12385269,0.0,0.0
2024-11-07,2024-11-07,197.47241926,1.29423383,660.33460122,4.3278316,14.83049974,0.09719906,3490.30051412,22.87542231,7494.90062882,49.12156313,0.0,0.0,3400.02001795,22.28372413,0.00395792,2.594e-05
2024-11-08,2024-11-08,160.64916347,1.4383822,509.8868023,4.56530295,13.96139061,0.12500417,1647.12485632,14.74763404,6392.24927234,57.2333983,0.0,0.0,2444.86820535,21.89027834,0.0,0.0
2024-11-09,2024-11-09,114.53264055,2.02740118,342.41539667,6.06127105,10.08111706,0.17845104,816.74033213,14.4575407,2703.92489919,47.86356537,0.0,0.0,1661.13296563,29.404569,0.40683872,0.00720166
2024-11-10,2024-11-10,219.48357739,1.62430627,826.21585869,6.11447844,14.54375225,0.10763224,2775.55330759,20.54071062,6351.44157165,47.00436592,0.0,0.0,3325.21160539,24.60850207,0.0006,4.44e-06
2024-11-11,2024-11-11,318.311191,1.86018521,1229.81031637,7.18691338,22.08881921,0.1290853,3011.01341792,17.5961222,7703.8071459,45.02043436,0.0,0.0,4826.77012991,28.20725956,0.0,0.0
2024-11-12,2024-11-12,371.19838839,1.31019877,1682.40226514,5.9382838,24.26014311,0.08562971,8072.37796612,28.4926336,9997.24503599,35.28673224,0.0,0.0,5883.97226718,20.76833699,2299.9999814,8.11818488
2024-11-13,2024-11-13,299.14257496,1.55873875,1224.1129849,6.37847135,18.12282291,0.09443238,3975.4330549,20.71474296,8404.37768275,43.79259341,0.0,0.0,4269.94863525,22.24937188,1000.18440319,5.21164928
2024-11-14,2024-11-14,240.85786116,1.29986882,908.09777425,4.90084889,16.52362668,0.0891752,5528.18150187,29.83465319,8514.05084701,45.94888106,0.0,0.0,3321.68595284,17.92657285,0.0,0.0
2024-11-15,2024-11-15,203.3325843,1.35998749,750.89814483,5.02237301,16.18114167,0.10822737,2865.97865533,19.16906299,6943.96155467,46.44460146,0.0,0.0,3170.7108051,21.20726023,999.99996391,6.68848746
2024-11-16,2024-11-16,161.32271758,1.60021377,515.16329389,5.11007632,12.57621476,0.12474766,2525.54734011,25.05174536,4117.65045035,40.84434646,0.0,0.0,2648.84861417,26.27481177,100.21426352,0.99405866
2024-11-17,2024-11-17,144.30559696,2.29926112,446.29012869,7.11086445,10.72375884,0.17086463,384.6364093,6.12851863,3473.75896741,55.34836547,0.0,0.0,1816.4577735,28.94212571,0.0,0.0
2024-11-18,2024-11-18,164.64510452,1.16929171,562.55025514,3.99517102,12.62484173,0.08966026,3773.75458174,26.80079656,6868.54061027,48.77963196,0.0,0.0,2698.63990279,19.16544849,0.0,0.0
2024-11-19,2024-11-19,169.2303185,1.37623731,542.65548195,4.41305511,14.58766957,0.11863179,2693.45366381,21.90406224,5673.63720852,46.13990737,0.0,0.0,3203.02993367,26.04810618,0.0,0.0
2024-11-20,2024-11-20,178.50358586,1.65355831,668.60892006,6.19362256,14.20781101,0.13161329,1383.15959543,12.81282408,5499.54767888,50.94476237,0.0,0.0,3051.09132453,28.2636194,0.0,0.0
2024-11-21,2024-11-21,325.59186735,1.88895912,1357.83276414,7.87762486,23.39511227,0.13572947,1164.79928707,6.75771867,9124.46640209,52.93665409,0.0,0.0,5240.48776232,30.40329984,0.00240562,1.396e-05
2024-11-22,2024-11-22,237.12001468,1.90733962,888.42376108,7.14627926,16.7360372,0.13462089,2297.24625017,18.47852787,4997.79933467,40.20116445,0.0,0.0,3994.60464729,32.13169389,0.04649866,0.00037402
2024-11-23,2024-11-23,214.77345394,1.59763645,754.77223875,5.61452834,19.27837565,0.14340616,2968.07603776,22.07864329,5826.79811507,43.34383468,0.0,0.0,3659.50115895,27.22195108,0.0,0.0
2024-11-24,2024-11-24,148.28905233,1.9456781,497.7927904,6.53146348,15.75286914,0.206691,1228.85782805,16.12365663,3316.07448885,43.50970893,0.0,0.0,2414.69165322,31.68280186,0.0,0.0
2024-11-25,2024-11-25,185.23913877,1.28848052,553.99969583,3.8534935,15.18327459,0.10561134,4403.7306595,30.63132995,6420.14298847,44.65702683,0.0,0.0,2798.26140406,19.46405786,0.0,0.0
2024-11-26,2024-11-26,168.48329337,0.91820585,553.55613767,3.01678862,14.39577456,0.07845457,4822.34316316,26.2809659,9197.89695153,50.12700422,0.0,0.0,3592.51010171,19.57858084,0.0,0.0
2024-11-27,2024-11-27,145.87681092,1.34282982,453.79038312,4.17724555,12.96458376,0.119342,1324.20772526,12.18963873,6632.21302094,61.05105656,0.0,0.0,2294.33526017,21.11988733,0.0,0.0
2024-11-28,2024-11-28,137.00586576,2.02579292,366.94297536,5.42568361,12.48586026,0.18461813,1730.40975259,25.58614406,2580.83519551,38.16068478,0.0,0.0,1935.3939447,28.61707651,0.0,0.0
2024-11-29,2024-11-29,136.16285557,1.7372937,412.00485583,5.25674523,14.34726457,0.18305589,2189.32459155,27.93346109,3174.97816143,40.50935584,0.0,0.0,1910.82396035,24.38008825,0.0,0.0
2024-11-30,2024-11-30,129.69791,1.93717486,380.63509363,5.68518595,12.65857117,0.18906909,2751.28928528,41.09340271,1991.29729616,29.74212205,0.0,0.0,1429.6310595,21.35304534,0.0,0.0
2024-12-01,2024-12-01,107.9343867,2.22965554,300.80896618,6.21396385,11.15730022,0.23048203,1579.41930746,32.62686814,1591.53871571,32.87722492,0.0,0.0,1249.99610915,25.82180554,0.0,0.0
2024-12-02,2024-12-02,172.85535797,1.50350888,508.08166697,4.41933249,14.8955445,0.12956256,3545.35343003,30.83775036,4763.68235207,41.43486681,0.0,0.0,2491.59743815,21.67210161,0.33079483,0.00287728
2024-12-03,2024-12-03,169.97367559,1.13369687,606.48127857,4.04513184,16.25124546,0.10839317,3629.63360415,24.2090679,7147.6880504,47.67392089,0.0,0.0,3422.63986563,22.82845321,0.20032306,0.00133612
2024-12-04,2024-12-04,193.91090063,1.81444268,696.14426002,6.51388783,16.64011013,0.15570309,1797.97763907,16.82384722,4309.1055992,40.32070959,0.0,0.0,3673.00176373,34.3686257,0.29751651,0.00278389
2024-12-05,2024-12-05,295.01558668,1.76432746,1211.40282098,7.24474012,27.86688545,0.16665666,2458.82795276,14.70491006,7467.12778179,44.65682208,0.0,0.0,5260.89458888,31.46254363,0.0,0.0
2024-12-06,2024-12-06,192.61559603,1.48927246,656.79045371,5.07819698,16.21420164,0.12536557,3977.25758168,30.75150881,4357.53367571,33.69174173,0.0,0.0,2733.12489892,21.13207724,999.99997954,7.73183721
2024-12-07,2024-12-07,131.21531475,1.65194006,403.88783415,5.08476083,13.19048298,0.16606207,2593.66774078,32.653076,1948.96244972,24.53653488,0.0,0.0,1852.18005722,23.31808937,999.9999814,12.58953677
2024-12-08,2024-12-08,127.39349336,2.49545547,411.77390973,8.06605917,12.71605858,0.24908931,651.0317443,12.75277633,2015.07454563,39.47241467,0.0,0.0,1887.02995054,36.96420505,0.0,0.0
2024-12-09,2024-12-09,166.50508467,1.50072128,523.687501,4.72002989,13.40467849,0.12081725,3828.41485745,34.50575492,3926.2823186,35.38784078,0.0,0.0,2636.70916492,23.76483313,0.00030573,2.76e-06
2024-12-10,2024-12-10,161.58940705,1.48273699,517.91321807,4.75234793,14.77124668,0.13554028,1417.46842673,13.00662525,6033.56918448,55.36375401,0.0,0.0,2752.73777715,25.25899555,0.0,0.0
2024-12-11,2024-12-11,134.27110729,1.24326539,430.04799313,3.98197198,13.94297304,0.1291031,786.11569945,7.27893338,4946.76676586,45.80392651,0.0,0.0,2638.63950617,24.43213027,1850.09086266,17.13066937
2024-12-12,2024-12-12,155.62351476,1.84148358,480.92087639,5.69070745,17.56295153,0.20782134,991.26096999,11.72953071,3745.09715748,44.31550667,0.0,0.0,3060.520289,36.21495026,0.0,0.0
2024-12-13,2024-12-13,144.44307932,2.47999379,393.12475501,6.74969653,17.82290721,0.30600773,101.56194346,1.74375256,3230.96466562,55.4735633,0.0,0.0,1936.41495033,33.2469861,0.0,0.0
2024-12-14,2024-12-14,113.83832722,2.35551341,323.9187696,6.70244394,15.4896747,0.32050837,612.21755317,12.66784828,2169.90910456,44.89920155,0.0,0.0,1597.47221037,33.05448445,0.0,0.0
2024-12-15,2024-12-15,104.13348989,1.84105863,341.03311101,6.0293951,11.90413576,0.21046267,722.88027772,12.78037429,2818.11397831,49.8236742,0.0,0.0,1658.10955345,29.3150351,0.0,0.0
2024-12-16,2024-12-16,190.22885347,1.64860597,662.94925327,5.74540653,18.7442403,0.16244574,2073.00440432,17.96555766,4403.29099214,38.1608346,0.0,0.0,3165.5514077,27.43404511,1025.00099898,8.8831044
2024-12-17,2024-12-17,165.97276421,1.98954667,508.63020688,6.09704575,17.6726062,0.21184485,980.64423066,11.75516644,3981.47809699,47.72672518,0.0,0.0,2687.82876288,32.21950783,0.01362121,0.00016328
2024-12-18,2024-12-18,142.74485702,1.46341439,414.72446575,4.25173813,17.52123523,0.17962698,1498.96255654,15.36730234,5473.44503168,56.11353283,0.0,0.0,2206.83537959,22.62438534,0.0,0.0
2024-12-19,2024-12-19,160.21646251,1.13157494,503.64169822,3.55711463,16.83526213,0.11890389,2590.18511587,18.29392882,6290.21009902,44.42642154,0.0,0.0,2572.45628423,18.16871384,2025.16937584,14.30334233
2024-12-20,2024-12-20,157.46943927,1.19916552,552.23500351,4.2053949,14.13015067,0.1076043,1277.08937451,9.72532546,6827.49363771,51.99291376,0.0,0.0,3303.16676106,25.15436464,1000.00058206,7.61523141
2024-12-21,2024-12-21,110.28867795,2.46852453,318.50941254,7.12900283,11.22258237,0.25118825,497.70013294,11.13971994,2045.94147568,45.79306605,0.0,0.0,1484.13525238,33.2184984,0.0,0.0
2024-12-22,2024-12-22,85.03968688,2.11106255,236.52442834,5.87158633,7.61980064,0.18915728,117.14344789,2.90802042,2316.10674203,57.49605135,0.0,0.0,1265.85425083,31.42412208,0.0,0.0
2024-12-23,2024-12-23,115.44299505,1.33151046,380.54693232,4.38919849,9.38878873,0.10828955,1018.50488923,11.74735556,5307.43081093,61.21549098,0.0,0.0,1838.76357537,21.20815496,0.0,0.0
2024-12-24,2024-12-24,123.18589414,1.79565952,302.80430058,4.41392604,10.65077363,0.15525449,1291.36476139,18.82400131,3343.03376579,48.73082637,0.0,0.0,1789.13422085,26.07990083,0.02959772,0.00043144
2024-12-25,2024-12-25,81.6783375,1.96677782,218.07710178,5.25119904,7.84004338,0.18878474,505.13842685,12.1635073,1939.55686447,46.70366148,0.0,0.0,1400.61031136,33.72606962,0.0,0.0
2024-12-26,2024-12-26,86.95330373,1.69358217,215.93984508,4.20584216,8.7098225,0.16964048,1139.53112686,22.19455169,2468.95275534,48.08758467,0.0,0.0,1214.19629335,23.64879884,0.0,0.0
2024-12-27,2024-12-27,109.00605265,1.28706145,304.37828505,3.59386975,9.94472958,0.11741988,2656.81129547,31.36962858,3675.82256447,43.40134686,0.0,0.0,1713.41136076,20.23067204,0.00012093,1.43e-06
2024-12-28,2024-12-28,85.48439442,2.65032624,215.08870424,6.66852987,8.13972435,0.25236097,120.29345673,3.72953341,1564.90292644,48.51766599,0.0,0.0,1231.51991198,38.1815835,0.0,0.0
2024-12-29,2024-12-29,78.52828699,2.41077212,197.28821886,6.05663201,6.99661731,0.21479203,104.88268708,3.21983666,1535.6641987,47.14398558,0.0,0.0,1333.02129535,40.92296791,1.01023752,0.0310137
